<?xml version="1.0" encoding="UTF-8"?>
<gpx xmlns="http://www.topografix.com/GPX/1/0" xmlns:xsi="http://www.w3.org/2001/XMLSchema-instance" creator="GPS Wizard - https://github.com/Logiqx/gps-wizard" version="1.0" xsi:schemaLocation="http://www.topografix.com/GPX/1/0 http://www.topografix.com/GPX/1/0/gpx.xsd">
  <trk>
    <trkseg>
      <trkpt lat="50.7102720" lon="-2.7603242">
        <ele>5.0</ele>
        <time>2025-10-01T14:19:18.000Z</time>
        <speed>0.000</speed>
      </trkpt>
      <trkpt lat="50.7102309" lon="-2.7602745">
        <ele>5.4</ele>
        <time>2025-10-01T14:19:23.000Z</time>
        <speed>0.933</speed>
      </trkpt>
      <trkpt lat="50.7101889" lon="-2.7602382">
        <ele>4.8</ele>
        <time>2025-10-01T14:19:28.000Z</time>
        <speed>0.765</speed>
      </trkpt>
      <trkpt lat="50.7101374" lon="-2.7602087">
        <ele>4.8</ele>
        <time>2025-10-01T14:19:33.000Z</time>
        <speed>1.241</speed>
      </trkpt>
      <trkpt lat="50.7100860" lon="-2.7601793">
        <ele>5.4</ele>
        <time>2025-10-01T14:19:38.000Z</time>
        <speed>1.176</speed>
      </trkpt>
      <trkpt lat="50.7100379" lon="-2.7601698">
        <ele>5.2</ele>
        <time>2025-10-01T14:19:43.000Z</time>
        <speed>1.176</speed>
      </trkpt>
      <trkpt lat="50.7099912" lon="-2.7601508">
        <ele>5.0</ele>
        <time>2025-10-01T14:19:48.000Z</time>
        <speed>1.082</speed>
      </trkpt>
      <trkpt lat="50.7099367" lon="-2.7601290">
        <ele>5.4</ele>
        <time>2025-10-01T14:19:53.000Z</time>
        <speed>1.222</speed>
      </trkpt>
      <trkpt lat="50.7098883" lon="-2.7601320">
        <ele>4.8</ele>
        <time>2025-10-01T14:19:58.000Z</time>
        <speed>1.194</speed>
      </trkpt>
      <trkpt lat="50.7098342" lon="-2.7601387">
        <ele>5.2</ele>
        <time>2025-10-01T14:20:03.000Z</time>
        <speed>1.213</speed>
      </trkpt>
      <trkpt lat="50.7098001" lon="-2.7601246">
        <ele>5.6</ele>
        <time>2025-10-01T14:20:08.000Z</time>
        <speed>1.120</speed>
      </trkpt>
      <trkpt lat="50.7097675" lon="-2.7601163">
        <ele>5.6</ele>
        <time>2025-10-01T14:20:13.000Z</time>
        <speed>0.886</speed>
      </trkpt>
      <trkpt lat="50.7097482" lon="-2.7601341">
        <ele>5.8</ele>
        <time>2025-10-01T14:20:18.000Z</time>
        <speed>0.802</speed>
      </trkpt>
      <trkpt lat="50.7097255" lon="-2.7601676">
        <ele>6.0</ele>
        <time>2025-10-01T14:20:23.000Z</time>
        <speed>0.812</speed>
      </trkpt>
      <trkpt lat="50.7097226" lon="-2.7601746">
        <ele>6.0</ele>
        <time>2025-10-01T14:20:28.000Z</time>
        <speed>0.467</speed>
      </trkpt>
      <trkpt lat="50.7097226" lon="-2.7601746">
        <ele>6.2</ele>
        <time>2025-10-01T14:20:33.000Z</time>
        <speed>0.000</speed>
      </trkpt>
      <trkpt lat="50.7097226" lon="-2.7601746">
        <ele>6.2</ele>
        <time>2025-10-01T14:20:38.000Z</time>
        <speed>0.000</speed>
      </trkpt>
      <trkpt lat="50.7097226" lon="-2.7601746">
        <ele>6.6</ele>
        <time>2025-10-01T14:20:43.000Z</time>
        <speed>0.000</speed>
      </trkpt>
      <trkpt lat="50.7097226" lon="-2.7601746">
        <ele>6.2</ele>
        <time>2025-10-01T14:20:48.000Z</time>
        <speed>0.000</speed>
      </trkpt>
      <trkpt lat="50.7097226" lon="-2.7601746">
        <ele>5.8</ele>
        <time>2025-10-01T14:20:53.000Z</time>
        <speed>0.000</speed>
      </trkpt>
      <trkpt lat="50.7097226" lon="-2.7601746">
        <ele>5.8</ele>
        <time>2025-10-01T14:20:58.000Z</time>
        <speed>0.000</speed>
      </trkpt>
      <trkpt lat="50.7097226" lon="-2.7601746">
        <ele>6.0</ele>
        <time>2025-10-01T14:21:03.000Z</time>
        <speed>0.000</speed>
      </trkpt>
      <trkpt lat="50.7097226" lon="-2.7601746">
        <ele>5.6</ele>
        <time>2025-10-01T14:21:08.000Z</time>
        <speed>0.000</speed>
      </trkpt>
      <trkpt lat="50.7097226" lon="-2.7601746">
        <ele>5.4</ele>
        <time>2025-10-01T14:21:13.000Z</time>
        <speed>0.000</speed>
      </trkpt>
      <trkpt lat="50.7097061" lon="-2.7601507">
        <ele>6.2</ele>
        <time>2025-10-01T14:21:18.000Z</time>
        <speed>0.000</speed>
      </trkpt>
      <trkpt lat="50.7097038" lon="-2.7601480">
        <ele>6.2</ele>
        <time>2025-10-01T14:21:23.000Z</time>
        <speed>0.000</speed>
      </trkpt>
      <trkpt lat="50.7097037" lon="-2.7601480">
        <ele>6.4</ele>
        <time>2025-10-01T14:21:28.000Z</time>
        <speed>0.000</speed>
      </trkpt>
      <trkpt lat="50.7097018" lon="-2.7601503">
        <ele>6.2</ele>
        <time>2025-10-01T14:21:33.000Z</time>
        <speed>0.000</speed>
      </trkpt>
      <trkpt lat="50.7097122" lon="-2.7601041">
        <ele>6.0</ele>
        <time>2025-10-01T14:21:38.000Z</time>
        <speed>0.000</speed>
      </trkpt>
      <trkpt lat="50.7097327" lon="-2.7600688">
        <ele>6.4</ele>
        <time>2025-10-01T14:21:43.000Z</time>
        <speed>1.129</speed>
      </trkpt>
      <trkpt lat="50.7097314" lon="-2.7600655">
        <ele>6.4</ele>
        <time>2025-10-01T14:21:48.000Z</time>
        <speed>0.000</speed>
      </trkpt>
      <trkpt lat="50.7097314" lon="-2.7600655">
        <ele>6.2</ele>
        <time>2025-10-01T14:21:53.000Z</time>
        <speed>0.000</speed>
      </trkpt>
      <trkpt lat="50.7097351" lon="-2.7600513">
        <ele>6.4</ele>
        <time>2025-10-01T14:21:58.000Z</time>
        <speed>0.000</speed>
      </trkpt>
      <trkpt lat="50.7097549" lon="-2.7599938">
        <ele>6.6</ele>
        <time>2025-10-01T14:22:03.000Z</time>
        <speed>0.840</speed>
      </trkpt>
      <trkpt lat="50.7097626" lon="-2.7599279">
        <ele>6.6</ele>
        <time>2025-10-01T14:22:08.000Z</time>
        <speed>1.045</speed>
      </trkpt>
      <trkpt lat="50.7097653" lon="-2.7598642">
        <ele>7.0</ele>
        <time>2025-10-01T14:22:13.000Z</time>
        <speed>0.942</speed>
      </trkpt>
      <trkpt lat="50.7097837" lon="-2.7598031">
        <ele>7.0</ele>
        <time>2025-10-01T14:22:18.000Z</time>
        <speed>0.933</speed>
      </trkpt>
      <trkpt lat="50.7098142" lon="-2.7597306">
        <ele>6.6</ele>
        <time>2025-10-01T14:22:23.000Z</time>
        <speed>1.036</speed>
      </trkpt>
      <trkpt lat="50.7098455" lon="-2.7596731">
        <ele>6.2</ele>
        <time>2025-10-01T14:22:28.000Z</time>
        <speed>1.157</speed>
      </trkpt>
      <trkpt lat="50.7098807" lon="-2.7596098">
        <ele>6.0</ele>
        <time>2025-10-01T14:22:33.000Z</time>
        <speed>1.101</speed>
      </trkpt>
      <trkpt lat="50.7099128" lon="-2.7595373">
        <ele>5.8</ele>
        <time>2025-10-01T14:22:38.000Z</time>
        <speed>1.148</speed>
      </trkpt>
      <trkpt lat="50.7099482" lon="-2.7594777">
        <ele>5.2</ele>
        <time>2025-10-01T14:22:43.000Z</time>
        <speed>1.176</speed>
      </trkpt>
      <trkpt lat="50.7099825" lon="-2.7594007">
        <ele>5.2</ele>
        <time>2025-10-01T14:22:48.000Z</time>
        <speed>1.232</speed>
      </trkpt>
      <trkpt lat="50.7100135" lon="-2.7593395">
        <ele>4.6</ele>
        <time>2025-10-01T14:22:53.000Z</time>
        <speed>1.241</speed>
      </trkpt>
      <trkpt lat="50.7100442" lon="-2.7592639">
        <ele>4.4</ele>
        <time>2025-10-01T14:22:58.000Z</time>
        <speed>1.232</speed>
      </trkpt>
      <trkpt lat="50.7100762" lon="-2.7592066">
        <ele>4.6</ele>
        <time>2025-10-01T14:23:03.000Z</time>
        <speed>1.213</speed>
      </trkpt>
      <trkpt lat="50.7101095" lon="-2.7591569">
        <ele>4.4</ele>
        <time>2025-10-01T14:23:08.000Z</time>
        <speed>1.157</speed>
      </trkpt>
      <trkpt lat="50.7101441" lon="-2.7590882">
        <ele>4.4</ele>
        <time>2025-10-01T14:23:13.000Z</time>
        <speed>1.222</speed>
      </trkpt>
      <trkpt lat="50.7101783" lon="-2.7590232">
        <ele>4.4</ele>
        <time>2025-10-01T14:23:18.000Z</time>
        <speed>1.185</speed>
      </trkpt>
      <trkpt lat="50.7101951" lon="-2.7589517">
        <ele>4.8</ele>
        <time>2025-10-01T14:23:23.000Z</time>
        <speed>1.185</speed>
      </trkpt>
      <trkpt lat="50.7102120" lon="-2.7588705">
        <ele>4.8</ele>
        <time>2025-10-01T14:23:28.000Z</time>
        <speed>1.185</speed>
      </trkpt>
      <trkpt lat="50.7102318" lon="-2.7587874">
        <ele>5.0</ele>
        <time>2025-10-01T14:23:33.000Z</time>
        <speed>1.194</speed>
      </trkpt>
      <trkpt lat="50.7102508" lon="-2.7587042">
        <ele>5.2</ele>
        <time>2025-10-01T14:23:38.000Z</time>
        <speed>1.204</speed>
      </trkpt>
      <trkpt lat="50.7102740" lon="-2.7586283">
        <ele>5.6</ele>
        <time>2025-10-01T14:23:43.000Z</time>
        <speed>1.213</speed>
      </trkpt>
      <trkpt lat="50.7102940" lon="-2.7585404">
        <ele>5.8</ele>
        <time>2025-10-01T14:23:48.000Z</time>
        <speed>1.222</speed>
      </trkpt>
      <trkpt lat="50.7103155" lon="-2.7584526">
        <ele>6.0</ele>
        <time>2025-10-01T14:23:53.000Z</time>
        <speed>1.232</speed>
      </trkpt>
      <trkpt lat="50.7103307" lon="-2.7583756">
        <ele>6.2</ele>
        <time>2025-10-01T14:23:58.000Z</time>
        <speed>1.222</speed>
      </trkpt>
      <trkpt lat="50.7103616" lon="-2.7582903">
        <ele>6.4</ele>
        <time>2025-10-01T14:24:03.000Z</time>
        <speed>1.241</speed>
      </trkpt>
      <trkpt lat="50.7103787" lon="-2.7582476">
        <ele>6.6</ele>
        <time>2025-10-01T14:24:08.000Z</time>
        <speed>1.185</speed>
      </trkpt>
      <trkpt lat="50.7103511" lon="-2.7582818">
        <ele>6.6</ele>
        <time>2025-10-01T14:24:13.000Z</time>
        <speed>1.073</speed>
      </trkpt>
      <trkpt lat="50.7103501" lon="-2.7582866">
        <ele>6.4</ele>
        <time>2025-10-01T14:24:18.000Z</time>
        <speed>0.000</speed>
      </trkpt>
      <trkpt lat="50.7103516" lon="-2.7582853">
        <ele>6.4</ele>
        <time>2025-10-01T14:24:23.000Z</time>
        <speed>0.000</speed>
      </trkpt>
      <trkpt lat="50.7103776" lon="-2.7582222">
        <ele>6.6</ele>
        <time>2025-10-01T14:24:28.000Z</time>
        <speed>0.000</speed>
      </trkpt>
      <trkpt lat="50.7104025" lon="-2.7581374">
        <ele>6.8</ele>
        <time>2025-10-01T14:24:33.000Z</time>
        <speed>1.204</speed>
      </trkpt>
      <trkpt lat="50.7104250" lon="-2.7580566">
        <ele>6.8</ele>
        <time>2025-10-01T14:24:38.000Z</time>
        <speed>1.288</speed>
      </trkpt>
      <trkpt lat="50.7104377" lon="-2.7579848">
        <ele>7.2</ele>
        <time>2025-10-01T14:24:43.000Z</time>
        <speed>1.082</speed>
      </trkpt>
      <trkpt lat="50.7104597" lon="-2.7578943">
        <ele>7.2</ele>
        <time>2025-10-01T14:24:48.000Z</time>
        <speed>1.176</speed>
      </trkpt>
      <trkpt lat="50.7104735" lon="-2.7578078">
        <ele>7.2</ele>
        <time>2025-10-01T14:24:53.000Z</time>
        <speed>1.176</speed>
      </trkpt>
      <trkpt lat="50.7104942" lon="-2.7577184">
        <ele>7.4</ele>
        <time>2025-10-01T14:24:58.000Z</time>
        <speed>1.250</speed>
      </trkpt>
      <trkpt lat="50.7105092" lon="-2.7576342">
        <ele>7.4</ele>
        <time>2025-10-01T14:25:03.000Z</time>
        <speed>1.232</speed>
      </trkpt>
      <trkpt lat="50.7105237" lon="-2.7575461">
        <ele>7.4</ele>
        <time>2025-10-01T14:25:08.000Z</time>
        <speed>1.241</speed>
      </trkpt>
      <trkpt lat="50.7105406" lon="-2.7574604">
        <ele>7.4</ele>
        <time>2025-10-01T14:25:13.000Z</time>
        <speed>1.260</speed>
      </trkpt>
      <trkpt lat="50.7105475" lon="-2.7573590">
        <ele>7.6</ele>
        <time>2025-10-01T14:25:18.000Z</time>
        <speed>1.297</speed>
      </trkpt>
      <trkpt lat="50.7105577" lon="-2.7572743">
        <ele>7.8</ele>
        <time>2025-10-01T14:25:23.000Z</time>
        <speed>1.297</speed>
      </trkpt>
      <trkpt lat="50.7105765" lon="-2.7571905">
        <ele>7.8</ele>
        <time>2025-10-01T14:25:28.000Z</time>
        <speed>1.288</speed>
      </trkpt>
      <trkpt lat="50.7105947" lon="-2.7571205">
        <ele>7.8</ele>
        <time>2025-10-01T14:25:33.000Z</time>
        <speed>1.260</speed>
      </trkpt>
      <trkpt lat="50.7105936" lon="-2.7570461">
        <ele>7.8</ele>
        <time>2025-10-01T14:25:38.000Z</time>
        <speed>1.176</speed>
      </trkpt>
      <trkpt lat="50.7105843" lon="-2.7569975">
        <ele>8.4</ele>
        <time>2025-10-01T14:25:43.000Z</time>
        <speed>0.952</speed>
      </trkpt>
      <trkpt lat="50.7105518" lon="-2.7569401">
        <ele>9.0</ele>
        <time>2025-10-01T14:25:48.000Z</time>
        <speed>1.008</speed>
      </trkpt>
      <trkpt lat="50.7105232" lon="-2.7569070">
        <ele>9.0</ele>
        <time>2025-10-01T14:25:53.000Z</time>
        <speed>0.924</speed>
      </trkpt>
      <trkpt lat="50.7104843" lon="-2.7568720">
        <ele>9.6</ele>
        <time>2025-10-01T14:25:58.000Z</time>
        <speed>0.933</speed>
      </trkpt>
      <trkpt lat="50.7104409" lon="-2.7568460">
        <ele>10.6</ele>
        <time>2025-10-01T14:26:03.000Z</time>
        <speed>0.942</speed>
      </trkpt>
      <trkpt lat="50.7104014" lon="-2.7568220">
        <ele>11.4</ele>
        <time>2025-10-01T14:26:08.000Z</time>
        <speed>0.942</speed>
      </trkpt>
      <trkpt lat="50.7103746" lon="-2.7567590">
        <ele>12.0</ele>
        <time>2025-10-01T14:26:13.000Z</time>
        <speed>0.961</speed>
      </trkpt>
      <trkpt lat="50.7103549" lon="-2.7567255">
        <ele>12.8</ele>
        <time>2025-10-01T14:26:18.000Z</time>
        <speed>0.905</speed>
      </trkpt>
      <trkpt lat="50.7103446" lon="-2.7567199">
        <ele>13.6</ele>
        <time>2025-10-01T14:26:23.000Z</time>
        <speed>0.886</speed>
      </trkpt>
      <trkpt lat="50.7103494" lon="-2.7566953">
        <ele>13.2</ele>
        <time>2025-10-01T14:26:28.000Z</time>
        <speed>0.746</speed>
      </trkpt>
      <trkpt lat="50.7103494" lon="-2.7566951">
        <ele>13.2</ele>
        <time>2025-10-01T14:26:33.000Z</time>
        <speed>0.000</speed>
      </trkpt>
      <trkpt lat="50.7103289" lon="-2.7566650">
        <ele>13.8</ele>
        <time>2025-10-01T14:26:38.000Z</time>
        <speed>0.868</speed>
      </trkpt>
      <trkpt lat="50.7102976" lon="-2.7566145">
        <ele>14.0</ele>
        <time>2025-10-01T14:26:43.000Z</time>
        <speed>1.045</speed>
      </trkpt>
      <trkpt lat="50.7102754" lon="-2.7565935">
        <ele>14.4</ele>
        <time>2025-10-01T14:26:48.000Z</time>
        <speed>0.672</speed>
      </trkpt>
      <trkpt lat="50.7102465" lon="-2.7565495">
        <ele>15.0</ele>
        <time>2025-10-01T14:26:53.000Z</time>
        <speed>0.830</speed>
      </trkpt>
      <trkpt lat="50.7102186" lon="-2.7565029">
        <ele>15.6</ele>
        <time>2025-10-01T14:26:58.000Z</time>
        <speed>0.886</speed>
      </trkpt>
      <trkpt lat="50.7101891" lon="-2.7564515">
        <ele>16.4</ele>
        <time>2025-10-01T14:27:03.000Z</time>
        <speed>0.924</speed>
      </trkpt>
      <trkpt lat="50.7101703" lon="-2.7564102">
        <ele>17.0</ele>
        <time>2025-10-01T14:27:08.000Z</time>
        <speed>0.858</speed>
      </trkpt>
      <trkpt lat="50.7101401" lon="-2.7563670">
        <ele>17.8</ele>
        <time>2025-10-01T14:27:13.000Z</time>
        <speed>0.877</speed>
      </trkpt>
      <trkpt lat="50.7101116" lon="-2.7563274">
        <ele>18.6</ele>
        <time>2025-10-01T14:27:18.000Z</time>
        <speed>0.877</speed>
      </trkpt>
      <trkpt lat="50.7100851" lon="-2.7562791">
        <ele>19.2</ele>
        <time>2025-10-01T14:27:23.000Z</time>
        <speed>0.886</speed>
      </trkpt>
      <trkpt lat="50.7100600" lon="-2.7562373">
        <ele>20.0</ele>
        <time>2025-10-01T14:27:28.000Z</time>
        <speed>0.877</speed>
      </trkpt>
      <trkpt lat="50.7100319" lon="-2.7561886">
        <ele>20.6</ele>
        <time>2025-10-01T14:27:33.000Z</time>
        <speed>0.868</speed>
      </trkpt>
      <trkpt lat="50.7100036" lon="-2.7561465">
        <ele>21.6</ele>
        <time>2025-10-01T14:27:38.000Z</time>
        <speed>0.896</speed>
      </trkpt>
      <trkpt lat="50.7099879" lon="-2.7561181">
        <ele>22.0</ele>
        <time>2025-10-01T14:27:43.000Z</time>
        <speed>0.690</speed>
      </trkpt>
      <trkpt lat="50.7099586" lon="-2.7560827">
        <ele>22.6</ele>
        <time>2025-10-01T14:27:48.000Z</time>
        <speed>0.000</speed>
      </trkpt>
      <trkpt lat="50.7099379" lon="-2.7560383">
        <ele>23.0</ele>
        <time>2025-10-01T14:27:53.000Z</time>
        <speed>0.000</speed>
      </trkpt>
      <trkpt lat="50.7099128" lon="-2.7560148">
        <ele>23.6</ele>
        <time>2025-10-01T14:27:58.000Z</time>
        <speed>0.467</speed>
      </trkpt>
      <trkpt lat="50.7098849" lon="-2.7559646">
        <ele>24.2</ele>
        <time>2025-10-01T14:28:03.000Z</time>
        <speed>1.045</speed>
      </trkpt>
      <trkpt lat="50.7098498" lon="-2.7559220">
        <ele>25.0</ele>
        <time>2025-10-01T14:28:08.000Z</time>
        <speed>1.148</speed>
      </trkpt>
      <trkpt lat="50.7098278" lon="-2.7558744">
        <ele>25.6</ele>
        <time>2025-10-01T14:28:13.000Z</time>
        <speed>0.924</speed>
      </trkpt>
      <trkpt lat="50.7098029" lon="-2.7558268">
        <ele>26.4</ele>
        <time>2025-10-01T14:28:18.000Z</time>
        <speed>0.905</speed>
      </trkpt>
      <trkpt lat="50.7097776" lon="-2.7557853">
        <ele>27.2</ele>
        <time>2025-10-01T14:28:23.000Z</time>
        <speed>0.840</speed>
      </trkpt>
      <trkpt lat="50.7097562" lon="-2.7557361">
        <ele>27.8</ele>
        <time>2025-10-01T14:28:28.000Z</time>
        <speed>0.821</speed>
      </trkpt>
      <trkpt lat="50.7097395" lon="-2.7556964">
        <ele>28.8</ele>
        <time>2025-10-01T14:28:33.000Z</time>
        <speed>0.756</speed>
      </trkpt>
      <trkpt lat="50.7097196" lon="-2.7556621">
        <ele>29.6</ele>
        <time>2025-10-01T14:28:38.000Z</time>
        <speed>0.756</speed>
      </trkpt>
      <trkpt lat="50.7096997" lon="-2.7556305">
        <ele>30.2</ele>
        <time>2025-10-01T14:28:43.000Z</time>
        <speed>0.560</speed>
      </trkpt>
      <trkpt lat="50.7096788" lon="-2.7555893">
        <ele>31.4</ele>
        <time>2025-10-01T14:28:48.000Z</time>
        <speed>0.709</speed>
      </trkpt>
      <trkpt lat="50.7096621" lon="-2.7555418">
        <ele>32.2</ele>
        <time>2025-10-01T14:28:53.000Z</time>
        <speed>0.709</speed>
      </trkpt>
      <trkpt lat="50.7096500" lon="-2.7554948">
        <ele>33.0</ele>
        <time>2025-10-01T14:28:58.000Z</time>
        <speed>0.700</speed>
      </trkpt>
      <trkpt lat="50.7096311" lon="-2.7554487">
        <ele>33.8</ele>
        <time>2025-10-01T14:29:03.000Z</time>
        <speed>0.756</speed>
      </trkpt>
      <trkpt lat="50.7096213" lon="-2.7553925">
        <ele>34.4</ele>
        <time>2025-10-01T14:29:08.000Z</time>
        <speed>0.756</speed>
      </trkpt>
      <trkpt lat="50.7096002" lon="-2.7553371">
        <ele>35.2</ele>
        <time>2025-10-01T14:29:13.000Z</time>
        <speed>0.784</speed>
      </trkpt>
      <trkpt lat="50.7095746" lon="-2.7552914">
        <ele>36.0</ele>
        <time>2025-10-01T14:29:18.000Z</time>
        <speed>0.840</speed>
      </trkpt>
      <trkpt lat="50.7095495" lon="-2.7552456">
        <ele>36.6</ele>
        <time>2025-10-01T14:29:23.000Z</time>
        <speed>0.858</speed>
      </trkpt>
      <trkpt lat="50.7095212" lon="-2.7552006">
        <ele>37.2</ele>
        <time>2025-10-01T14:29:28.000Z</time>
        <speed>0.886</speed>
      </trkpt>
      <trkpt lat="50.7094939" lon="-2.7551555">
        <ele>37.8</ele>
        <time>2025-10-01T14:29:33.000Z</time>
        <speed>0.858</speed>
      </trkpt>
      <trkpt lat="50.7094622" lon="-2.7551018">
        <ele>38.4</ele>
        <time>2025-10-01T14:29:38.000Z</time>
        <speed>1.036</speed>
      </trkpt>
      <trkpt lat="50.7094318" lon="-2.7550606">
        <ele>39.0</ele>
        <time>2025-10-01T14:29:43.000Z</time>
        <speed>0.924</speed>
      </trkpt>
      <trkpt lat="50.7093983" lon="-2.7550137">
        <ele>39.8</ele>
        <time>2025-10-01T14:29:48.000Z</time>
        <speed>0.840</speed>
      </trkpt>
      <trkpt lat="50.7093707" lon="-2.7549700">
        <ele>39.8</ele>
        <time>2025-10-01T14:29:53.000Z</time>
        <speed>0.849</speed>
      </trkpt>
      <trkpt lat="50.7093537" lon="-2.7549499">
        <ele>40.2</ele>
        <time>2025-10-01T14:29:58.000Z</time>
        <speed>0.709</speed>
      </trkpt>
      <trkpt lat="50.7093537" lon="-2.7549497">
        <ele>40.0</ele>
        <time>2025-10-01T14:30:03.000Z</time>
        <speed>0.000</speed>
      </trkpt>
      <trkpt lat="50.7093421" lon="-2.7548912">
        <ele>40.0</ele>
        <time>2025-10-01T14:30:08.000Z</time>
        <speed>0.551</speed>
      </trkpt>
      <trkpt lat="50.7093423" lon="-2.7548059">
        <ele>39.8</ele>
        <time>2025-10-01T14:30:13.000Z</time>
        <speed>1.297</speed>
      </trkpt>
      <trkpt lat="50.7093469" lon="-2.7547246">
        <ele>39.4</ele>
        <time>2025-10-01T14:30:18.000Z</time>
        <speed>1.017</speed>
      </trkpt>
      <trkpt lat="50.7093444" lon="-2.7546425">
        <ele>39.2</ele>
        <time>2025-10-01T14:30:23.000Z</time>
        <speed>1.054</speed>
      </trkpt>
      <trkpt lat="50.7093478" lon="-2.7545395">
        <ele>39.2</ele>
        <time>2025-10-01T14:30:28.000Z</time>
        <speed>1.166</speed>
      </trkpt>
      <trkpt lat="50.7093507" lon="-2.7544737">
        <ele>39.0</ele>
        <time>2025-10-01T14:30:33.000Z</time>
        <speed>1.129</speed>
      </trkpt>
      <trkpt lat="50.7093461" lon="-2.7543883">
        <ele>38.8</ele>
        <time>2025-10-01T14:30:38.000Z</time>
        <speed>1.101</speed>
      </trkpt>
      <trkpt lat="50.7093546" lon="-2.7543241">
        <ele>38.4</ele>
        <time>2025-10-01T14:30:43.000Z</time>
        <speed>1.045</speed>
      </trkpt>
      <trkpt lat="50.7093572" lon="-2.7542552">
        <ele>38.0</ele>
        <time>2025-10-01T14:30:48.000Z</time>
        <speed>1.026</speed>
      </trkpt>
      <trkpt lat="50.7093556" lon="-2.7541904">
        <ele>37.0</ele>
        <time>2025-10-01T14:30:53.000Z</time>
        <speed>0.980</speed>
      </trkpt>
      <trkpt lat="50.7093589" lon="-2.7541213">
        <ele>36.2</ele>
        <time>2025-10-01T14:30:58.000Z</time>
        <speed>0.980</speed>
      </trkpt>
      <trkpt lat="50.7093554" lon="-2.7540554">
        <ele>35.4</ele>
        <time>2025-10-01T14:31:03.000Z</time>
        <speed>0.970</speed>
      </trkpt>
      <trkpt lat="50.7093623" lon="-2.7539825">
        <ele>34.2</ele>
        <time>2025-10-01T14:31:08.000Z</time>
        <speed>0.961</speed>
      </trkpt>
      <trkpt lat="50.7093621" lon="-2.7539068">
        <ele>33.0</ele>
        <time>2025-10-01T14:31:13.000Z</time>
        <speed>0.998</speed>
      </trkpt>
      <trkpt lat="50.7093619" lon="-2.7538462">
        <ele>31.8</ele>
        <time>2025-10-01T14:31:18.000Z</time>
        <speed>0.961</speed>
      </trkpt>
      <trkpt lat="50.7093696" lon="-2.7537683">
        <ele>30.8</ele>
        <time>2025-10-01T14:31:23.000Z</time>
        <speed>0.980</speed>
      </trkpt>
      <trkpt lat="50.7093699" lon="-2.7536796">
        <ele>29.8</ele>
        <time>2025-10-01T14:31:28.000Z</time>
        <speed>1.017</speed>
      </trkpt>
      <trkpt lat="50.7093743" lon="-2.7535840">
        <ele>29.0</ele>
        <time>2025-10-01T14:31:33.000Z</time>
        <speed>1.092</speed>
      </trkpt>
      <trkpt lat="50.7093751" lon="-2.7534906">
        <ele>28.6</ele>
        <time>2025-10-01T14:31:38.000Z</time>
        <speed>1.138</speed>
      </trkpt>
      <trkpt lat="50.7093799" lon="-2.7534088">
        <ele>28.2</ele>
        <time>2025-10-01T14:31:43.000Z</time>
        <speed>1.166</speed>
      </trkpt>
      <trkpt lat="50.7093724" lon="-2.7533109">
        <ele>27.6</ele>
        <time>2025-10-01T14:31:48.000Z</time>
        <speed>1.194</speed>
      </trkpt>
      <trkpt lat="50.7093713" lon="-2.7532385">
        <ele>27.6</ele>
        <time>2025-10-01T14:31:53.000Z</time>
        <speed>1.176</speed>
      </trkpt>
      <trkpt lat="50.7093763" lon="-2.7531555">
        <ele>27.6</ele>
        <time>2025-10-01T14:31:58.000Z</time>
        <speed>1.176</speed>
      </trkpt>
      <trkpt lat="50.7093795" lon="-2.7531064">
        <ele>27.6</ele>
        <time>2025-10-01T14:32:03.000Z</time>
        <speed>1.110</speed>
      </trkpt>
      <trkpt lat="50.7093760" lon="-2.7530898">
        <ele>27.8</ele>
        <time>2025-10-01T14:32:08.000Z</time>
        <speed>0.000</speed>
      </trkpt>
      <trkpt lat="50.7093944" lon="-2.7530235">
        <ele>27.6</ele>
        <time>2025-10-01T14:32:13.000Z</time>
        <speed>1.400</speed>
      </trkpt>
      <trkpt lat="50.7094138" lon="-2.7529367">
        <ele>27.4</ele>
        <time>2025-10-01T14:32:18.000Z</time>
        <speed>1.250</speed>
      </trkpt>
      <trkpt lat="50.7094333" lon="-2.7528581">
        <ele>27.6</ele>
        <time>2025-10-01T14:32:23.000Z</time>
        <speed>1.232</speed>
      </trkpt>
      <trkpt lat="50.7094535" lon="-2.7527853">
        <ele>27.8</ele>
        <time>2025-10-01T14:32:28.000Z</time>
        <speed>1.148</speed>
      </trkpt>
      <trkpt lat="50.7094713" lon="-2.7527094">
        <ele>27.8</ele>
        <time>2025-10-01T14:32:33.000Z</time>
        <speed>1.129</speed>
      </trkpt>
      <trkpt lat="50.7094841" lon="-2.7526409">
        <ele>28.8</ele>
        <time>2025-10-01T14:32:38.000Z</time>
        <speed>1.101</speed>
      </trkpt>
      <trkpt lat="50.7094937" lon="-2.7525918">
        <ele>29.8</ele>
        <time>2025-10-01T14:32:43.000Z</time>
        <speed>0.942</speed>
      </trkpt>
      <trkpt lat="50.7095062" lon="-2.7525459">
        <ele>31.0</ele>
        <time>2025-10-01T14:32:48.000Z</time>
        <speed>0.784</speed>
      </trkpt>
      <trkpt lat="50.7095122" lon="-2.7525018">
        <ele>32.6</ele>
        <time>2025-10-01T14:32:53.000Z</time>
        <speed>0.756</speed>
      </trkpt>
      <trkpt lat="50.7095192" lon="-2.7524440">
        <ele>33.6</ele>
        <time>2025-10-01T14:32:58.000Z</time>
        <speed>0.728</speed>
      </trkpt>
      <trkpt lat="50.7095218" lon="-2.7523715">
        <ele>34.4</ele>
        <time>2025-10-01T14:33:03.000Z</time>
        <speed>0.858</speed>
      </trkpt>
      <trkpt lat="50.7095493" lon="-2.7523146">
        <ele>34.8</ele>
        <time>2025-10-01T14:33:08.000Z</time>
        <speed>0.924</speed>
      </trkpt>
      <trkpt lat="50.7095688" lon="-2.7522401">
        <ele>34.8</ele>
        <time>2025-10-01T14:33:13.000Z</time>
        <speed>0.961</speed>
      </trkpt>
      <trkpt lat="50.7095731" lon="-2.7521597">
        <ele>35.0</ele>
        <time>2025-10-01T14:33:18.000Z</time>
        <speed>1.073</speed>
      </trkpt>
      <trkpt lat="50.7095695" lon="-2.7520764">
        <ele>35.2</ele>
        <time>2025-10-01T14:33:23.000Z</time>
        <speed>1.110</speed>
      </trkpt>
      <trkpt lat="50.7095614" lon="-2.7519915">
        <ele>35.4</ele>
        <time>2025-10-01T14:33:28.000Z</time>
        <speed>1.138</speed>
      </trkpt>
      <trkpt lat="50.7095509" lon="-2.7519124">
        <ele>35.6</ele>
        <time>2025-10-01T14:33:33.000Z</time>
        <speed>1.148</speed>
      </trkpt>
      <trkpt lat="50.7095389" lon="-2.7518241">
        <ele>35.0</ele>
        <time>2025-10-01T14:33:38.000Z</time>
        <speed>1.157</speed>
      </trkpt>
      <trkpt lat="50.7095286" lon="-2.7517358">
        <ele>35.0</ele>
        <time>2025-10-01T14:33:43.000Z</time>
        <speed>1.213</speed>
      </trkpt>
      <trkpt lat="50.7095151" lon="-2.7516473">
        <ele>34.8</ele>
        <time>2025-10-01T14:33:48.000Z</time>
        <speed>1.241</speed>
      </trkpt>
      <trkpt lat="50.7094990" lon="-2.7515615">
        <ele>34.4</ele>
        <time>2025-10-01T14:33:53.000Z</time>
        <speed>1.250</speed>
      </trkpt>
      <trkpt lat="50.7094788" lon="-2.7514707">
        <ele>34.2</ele>
        <time>2025-10-01T14:33:58.000Z</time>
        <speed>1.250</speed>
      </trkpt>
      <trkpt lat="50.7094721" lon="-2.7513906">
        <ele>34.2</ele>
        <time>2025-10-01T14:34:03.000Z</time>
        <speed>1.250</speed>
      </trkpt>
      <trkpt lat="50.7094903" lon="-2.7513228">
        <ele>34.6</ele>
        <time>2025-10-01T14:34:08.000Z</time>
        <speed>1.232</speed>
      </trkpt>
      <trkpt lat="50.7095007" lon="-2.7513083">
        <ele>34.6</ele>
        <time>2025-10-01T14:34:13.000Z</time>
        <speed>0.830</speed>
      </trkpt>
      <trkpt lat="50.7094830" lon="-2.7513723">
        <ele>34.2</ele>
        <time>2025-10-01T14:34:18.000Z</time>
        <speed>1.026</speed>
      </trkpt>
      <trkpt lat="50.7094799" lon="-2.7514374">
        <ele>34.2</ele>
        <time>2025-10-01T14:34:23.000Z</time>
        <speed>1.045</speed>
      </trkpt>
      <trkpt lat="50.7094763" lon="-2.7514244">
        <ele>34.0</ele>
        <time>2025-10-01T14:34:28.000Z</time>
        <speed>0.000</speed>
      </trkpt>
      <trkpt lat="50.7094755" lon="-2.7513755">
        <ele>34.2</ele>
        <time>2025-10-01T14:34:33.000Z</time>
        <speed>0.532</speed>
      </trkpt>
      <trkpt lat="50.7094918" lon="-2.7513035">
        <ele>34.4</ele>
        <time>2025-10-01T14:34:38.000Z</time>
        <speed>1.204</speed>
      </trkpt>
      <trkpt lat="50.7095033" lon="-2.7512122">
        <ele>34.4</ele>
        <time>2025-10-01T14:34:43.000Z</time>
        <speed>1.325</speed>
      </trkpt>
      <trkpt lat="50.7095074" lon="-2.7511200">
        <ele>34.2</ele>
        <time>2025-10-01T14:34:48.000Z</time>
        <speed>1.353</speed>
      </trkpt>
      <trkpt lat="50.7094961" lon="-2.7510345">
        <ele>34.2</ele>
        <time>2025-10-01T14:34:53.000Z</time>
        <speed>1.278</speed>
      </trkpt>
      <trkpt lat="50.7094663" lon="-2.7509616">
        <ele>34.4</ele>
        <time>2025-10-01T14:34:58.000Z</time>
        <speed>1.250</speed>
      </trkpt>
      <trkpt lat="50.7094336" lon="-2.7509025">
        <ele>34.4</ele>
        <time>2025-10-01T14:35:03.000Z</time>
        <speed>1.176</speed>
      </trkpt>
      <trkpt lat="50.7093874" lon="-2.7508621">
        <ele>34.8</ele>
        <time>2025-10-01T14:35:08.000Z</time>
        <speed>1.176</speed>
      </trkpt>
      <trkpt lat="50.7093408" lon="-2.7508250">
        <ele>35.0</ele>
        <time>2025-10-01T14:35:13.000Z</time>
        <speed>1.166</speed>
      </trkpt>
      <trkpt lat="50.7092895" lon="-2.7508050">
        <ele>35.8</ele>
        <time>2025-10-01T14:35:18.000Z</time>
        <speed>1.185</speed>
      </trkpt>
      <trkpt lat="50.7092375" lon="-2.7508112">
        <ele>36.2</ele>
        <time>2025-10-01T14:35:23.000Z</time>
        <speed>1.166</speed>
      </trkpt>
      <trkpt lat="50.7091811" lon="-2.7508365">
        <ele>36.6</ele>
        <time>2025-10-01T14:35:28.000Z</time>
        <speed>1.204</speed>
      </trkpt>
      <trkpt lat="50.7091296" lon="-2.7508500">
        <ele>36.8</ele>
        <time>2025-10-01T14:35:33.000Z</time>
        <speed>1.204</speed>
      </trkpt>
      <trkpt lat="50.7090851" lon="-2.7509010">
        <ele>37.2</ele>
        <time>2025-10-01T14:35:38.000Z</time>
        <speed>1.194</speed>
      </trkpt>
      <trkpt lat="50.7090453" lon="-2.7509516">
        <ele>37.6</ele>
        <time>2025-10-01T14:35:43.000Z</time>
        <speed>1.204</speed>
      </trkpt>
      <trkpt lat="50.7089940" lon="-2.7509700">
        <ele>37.8</ele>
        <time>2025-10-01T14:35:48.000Z</time>
        <speed>1.157</speed>
      </trkpt>
      <trkpt lat="50.7089673" lon="-2.7509889">
        <ele>37.8</ele>
        <time>2025-10-01T14:35:53.000Z</time>
        <speed>0.952</speed>
      </trkpt>
      <trkpt lat="50.7089645" lon="-2.7509789">
        <ele>37.8</ele>
        <time>2025-10-01T14:35:58.000Z</time>
        <speed>0.000</speed>
      </trkpt>
      <trkpt lat="50.7089648" lon="-2.7509789">
        <ele>38.0</ele>
        <time>2025-10-01T14:36:03.000Z</time>
        <speed>0.000</speed>
      </trkpt>
      <trkpt lat="50.7089616" lon="-2.7509954">
        <ele>37.4</ele>
        <time>2025-10-01T14:36:08.000Z</time>
        <speed>0.000</speed>
      </trkpt>
      <trkpt lat="50.7089648" lon="-2.7509789">
        <ele>37.6</ele>
        <time>2025-10-01T14:36:13.000Z</time>
        <speed>0.000</speed>
      </trkpt>
      <trkpt lat="50.7089587" lon="-2.7509985">
        <ele>37.6</ele>
        <time>2025-10-01T14:36:18.000Z</time>
        <speed>0.000</speed>
      </trkpt>
      <trkpt lat="50.7089573" lon="-2.7510021">
        <ele>37.4</ele>
        <time>2025-10-01T14:36:23.000Z</time>
        <speed>0.000</speed>
      </trkpt>
      <trkpt lat="50.7089639" lon="-2.7509767">
        <ele>37.8</ele>
        <time>2025-10-01T14:36:28.000Z</time>
        <speed>0.000</speed>
      </trkpt>
      <trkpt lat="50.7089470" lon="-2.7509293">
        <ele>37.8</ele>
        <time>2025-10-01T14:36:33.000Z</time>
        <speed>0.812</speed>
      </trkpt>
      <trkpt lat="50.7089093" lon="-2.7508612">
        <ele>37.8</ele>
        <time>2025-10-01T14:36:38.000Z</time>
        <speed>1.269</speed>
      </trkpt>
      <trkpt lat="50.7088671" lon="-2.7508024">
        <ele>37.8</ele>
        <time>2025-10-01T14:36:43.000Z</time>
        <speed>1.241</speed>
      </trkpt>
      <trkpt lat="50.7088316" lon="-2.7507412">
        <ele>37.8</ele>
        <time>2025-10-01T14:36:48.000Z</time>
        <speed>1.222</speed>
      </trkpt>
      <trkpt lat="50.7087941" lon="-2.7506752">
        <ele>37.2</ele>
        <time>2025-10-01T14:36:53.000Z</time>
        <speed>1.222</speed>
      </trkpt>
      <trkpt lat="50.7087599" lon="-2.7506157">
        <ele>38.0</ele>
        <time>2025-10-01T14:36:58.000Z</time>
        <speed>1.269</speed>
      </trkpt>
      <trkpt lat="50.7087285" lon="-2.7505689">
        <ele>38.4</ele>
        <time>2025-10-01T14:37:03.000Z</time>
        <speed>1.045</speed>
      </trkpt>
      <trkpt lat="50.7086979" lon="-2.7504892">
        <ele>38.2</ele>
        <time>2025-10-01T14:37:08.000Z</time>
        <speed>1.138</speed>
      </trkpt>
      <trkpt lat="50.7086883" lon="-2.7504310">
        <ele>37.6</ele>
        <time>2025-10-01T14:37:13.000Z</time>
        <speed>1.120</speed>
      </trkpt>
      <trkpt lat="50.7086858" lon="-2.7504295">
        <ele>37.6</ele>
        <time>2025-10-01T14:37:18.000Z</time>
        <speed>0.000</speed>
      </trkpt>
      <trkpt lat="50.7086904" lon="-2.7503535">
        <ele>37.4</ele>
        <time>2025-10-01T14:37:23.000Z</time>
        <speed>1.008</speed>
      </trkpt>
      <trkpt lat="50.7086953" lon="-2.7502598">
        <ele>37.2</ele>
        <time>2025-10-01T14:37:28.000Z</time>
        <speed>1.418</speed>
      </trkpt>
      <trkpt lat="50.7086840" lon="-2.7501676">
        <ele>37.2</ele>
        <time>2025-10-01T14:37:33.000Z</time>
        <speed>1.400</speed>
      </trkpt>
      <trkpt lat="50.7086677" lon="-2.7500652">
        <ele>37.0</ele>
        <time>2025-10-01T14:37:38.000Z</time>
        <speed>1.409</speed>
      </trkpt>
      <trkpt lat="50.7086573" lon="-2.7499836">
        <ele>36.6</ele>
        <time>2025-10-01T14:37:43.000Z</time>
        <speed>1.400</speed>
      </trkpt>
      <trkpt lat="50.7086459" lon="-2.7498773">
        <ele>36.6</ele>
        <time>2025-10-01T14:37:48.000Z</time>
        <speed>1.465</speed>
      </trkpt>
      <trkpt lat="50.7086331" lon="-2.7497921">
        <ele>36.6</ele>
        <time>2025-10-01T14:37:53.000Z</time>
        <speed>1.288</speed>
      </trkpt>
      <trkpt lat="50.7086270" lon="-2.7497124">
        <ele>36.4</ele>
        <time>2025-10-01T14:37:58.000Z</time>
        <speed>1.278</speed>
      </trkpt>
      <trkpt lat="50.7086210" lon="-2.7496263">
        <ele>36.4</ele>
        <time>2025-10-01T14:38:03.000Z</time>
        <speed>1.241</speed>
      </trkpt>
      <trkpt lat="50.7086146" lon="-2.7495468">
        <ele>36.4</ele>
        <time>2025-10-01T14:38:08.000Z</time>
        <speed>1.194</speed>
      </trkpt>
      <trkpt lat="50.7086021" lon="-2.7494626">
        <ele>36.4</ele>
        <time>2025-10-01T14:38:13.000Z</time>
        <speed>1.213</speed>
      </trkpt>
      <trkpt lat="50.7085804" lon="-2.7493866">
        <ele>36.4</ele>
        <time>2025-10-01T14:38:18.000Z</time>
        <speed>1.213</speed>
      </trkpt>
      <trkpt lat="50.7085662" lon="-2.7493062">
        <ele>36.2</ele>
        <time>2025-10-01T14:38:23.000Z</time>
        <speed>1.194</speed>
      </trkpt>
      <trkpt lat="50.7085661" lon="-2.7492214">
        <ele>36.2</ele>
        <time>2025-10-01T14:38:28.000Z</time>
        <speed>1.194</speed>
      </trkpt>
      <trkpt lat="50.7085708" lon="-2.7491405">
        <ele>36.2</ele>
        <time>2025-10-01T14:38:33.000Z</time>
        <speed>1.194</speed>
      </trkpt>
      <trkpt lat="50.7085677" lon="-2.7490545">
        <ele>36.2</ele>
        <time>2025-10-01T14:38:38.000Z</time>
        <speed>1.185</speed>
      </trkpt>
      <trkpt lat="50.7085650" lon="-2.7489597">
        <ele>36.0</ele>
        <time>2025-10-01T14:38:43.000Z</time>
        <speed>1.213</speed>
      </trkpt>
      <trkpt lat="50.7085693" lon="-2.7488702">
        <ele>36.0</ele>
        <time>2025-10-01T14:38:48.000Z</time>
        <speed>1.222</speed>
      </trkpt>
      <trkpt lat="50.7085770" lon="-2.7487605">
        <ele>36.0</ele>
        <time>2025-10-01T14:38:53.000Z</time>
        <speed>1.250</speed>
      </trkpt>
      <trkpt lat="50.7085870" lon="-2.7486768">
        <ele>35.8</ele>
        <time>2025-10-01T14:38:58.000Z</time>
        <speed>1.278</speed>
      </trkpt>
      <trkpt lat="50.7085878" lon="-2.7485863">
        <ele>35.8</ele>
        <time>2025-10-01T14:39:03.000Z</time>
        <speed>1.288</speed>
      </trkpt>
      <trkpt lat="50.7085825" lon="-2.7485032">
        <ele>36.0</ele>
        <time>2025-10-01T14:39:08.000Z</time>
        <speed>1.278</speed>
      </trkpt>
      <trkpt lat="50.7085670" lon="-2.7484015">
        <ele>35.8</ele>
        <time>2025-10-01T14:39:13.000Z</time>
        <speed>1.278</speed>
      </trkpt>
      <trkpt lat="50.7085569" lon="-2.7483263">
        <ele>35.8</ele>
        <time>2025-10-01T14:39:18.000Z</time>
        <speed>1.278</speed>
      </trkpt>
      <trkpt lat="50.7085346" lon="-2.7482294">
        <ele>36.0</ele>
        <time>2025-10-01T14:39:23.000Z</time>
        <speed>1.297</speed>
      </trkpt>
      <trkpt lat="50.7085123" lon="-2.7481560">
        <ele>36.2</ele>
        <time>2025-10-01T14:39:28.000Z</time>
        <speed>1.316</speed>
      </trkpt>
      <trkpt lat="50.7084948" lon="-2.7480548">
        <ele>36.4</ele>
        <time>2025-10-01T14:39:33.000Z</time>
        <speed>1.334</speed>
      </trkpt>
      <trkpt lat="50.7084638" lon="-2.7479735">
        <ele>36.4</ele>
        <time>2025-10-01T14:39:38.000Z</time>
        <speed>1.334</speed>
      </trkpt>
      <trkpt lat="50.7084354" lon="-2.7478887">
        <ele>36.4</ele>
        <time>2025-10-01T14:39:43.000Z</time>
        <speed>1.344</speed>
      </trkpt>
      <trkpt lat="50.7084246" lon="-2.7477967">
        <ele>36.4</ele>
        <time>2025-10-01T14:39:48.000Z</time>
        <speed>1.334</speed>
      </trkpt>
      <trkpt lat="50.7083988" lon="-2.7477069">
        <ele>36.4</ele>
        <time>2025-10-01T14:39:53.000Z</time>
        <speed>1.353</speed>
      </trkpt>
      <trkpt lat="50.7083714" lon="-2.7476219">
        <ele>36.4</ele>
        <time>2025-10-01T14:39:58.000Z</time>
        <speed>1.362</speed>
      </trkpt>
      <trkpt lat="50.7083512" lon="-2.7475405">
        <ele>36.4</ele>
        <time>2025-10-01T14:40:03.000Z</time>
        <speed>1.344</speed>
      </trkpt>
      <trkpt lat="50.7083289" lon="-2.7474533">
        <ele>36.0</ele>
        <time>2025-10-01T14:40:08.000Z</time>
        <speed>1.344</speed>
      </trkpt>
      <trkpt lat="50.7083061" lon="-2.7473715">
        <ele>35.8</ele>
        <time>2025-10-01T14:40:13.000Z</time>
        <speed>1.334</speed>
      </trkpt>
      <trkpt lat="50.7082753" lon="-2.7472756">
        <ele>35.8</ele>
        <time>2025-10-01T14:40:18.000Z</time>
        <speed>1.353</speed>
      </trkpt>
      <trkpt lat="50.7082600" lon="-2.7471813">
        <ele>35.6</ele>
        <time>2025-10-01T14:40:23.000Z</time>
        <speed>1.353</speed>
      </trkpt>
      <trkpt lat="50.7082418" lon="-2.7470957">
        <ele>35.4</ele>
        <time>2025-10-01T14:40:28.000Z</time>
        <speed>1.362</speed>
      </trkpt>
      <trkpt lat="50.7082151" lon="-2.7470062">
        <ele>35.4</ele>
        <time>2025-10-01T14:40:33.000Z</time>
        <speed>1.372</speed>
      </trkpt>
      <trkpt lat="50.7081957" lon="-2.7469139">
        <ele>35.2</ele>
        <time>2025-10-01T14:40:38.000Z</time>
        <speed>1.362</speed>
      </trkpt>
      <trkpt lat="50.7081775" lon="-2.7468238">
        <ele>35.2</ele>
        <time>2025-10-01T14:40:43.000Z</time>
        <speed>1.372</speed>
      </trkpt>
      <trkpt lat="50.7081683" lon="-2.7467358">
        <ele>35.0</ele>
        <time>2025-10-01T14:40:48.000Z</time>
        <speed>1.362</speed>
      </trkpt>
      <trkpt lat="50.7081354" lon="-2.7466576">
        <ele>34.6</ele>
        <time>2025-10-01T14:40:53.000Z</time>
        <speed>1.362</speed>
      </trkpt>
      <trkpt lat="50.7081093" lon="-2.7465716">
        <ele>34.6</ele>
        <time>2025-10-01T14:40:58.000Z</time>
        <speed>1.362</speed>
      </trkpt>
      <trkpt lat="50.7080917" lon="-2.7464765">
        <ele>34.8</ele>
        <time>2025-10-01T14:41:03.000Z</time>
        <speed>1.372</speed>
      </trkpt>
      <trkpt lat="50.7080580" lon="-2.7463966">
        <ele>34.6</ele>
        <time>2025-10-01T14:41:08.000Z</time>
        <speed>1.372</speed>
      </trkpt>
      <trkpt lat="50.7080373" lon="-2.7462893">
        <ele>34.4</ele>
        <time>2025-10-01T14:41:13.000Z</time>
        <speed>1.372</speed>
      </trkpt>
      <trkpt lat="50.7080132" lon="-2.7462061">
        <ele>34.6</ele>
        <time>2025-10-01T14:41:18.000Z</time>
        <speed>1.381</speed>
      </trkpt>
      <trkpt lat="50.7079958" lon="-2.7461155">
        <ele>34.4</ele>
        <time>2025-10-01T14:41:23.000Z</time>
        <speed>1.381</speed>
      </trkpt>
      <trkpt lat="50.7079712" lon="-2.7460289">
        <ele>34.2</ele>
        <time>2025-10-01T14:41:28.000Z</time>
        <speed>1.381</speed>
      </trkpt>
      <trkpt lat="50.7079418" lon="-2.7459358">
        <ele>34.0</ele>
        <time>2025-10-01T14:41:33.000Z</time>
        <speed>1.390</speed>
      </trkpt>
      <trkpt lat="50.7079233" lon="-2.7458487">
        <ele>34.0</ele>
        <time>2025-10-01T14:41:38.000Z</time>
        <speed>1.390</speed>
      </trkpt>
      <trkpt lat="50.7078929" lon="-2.7457670">
        <ele>33.8</ele>
        <time>2025-10-01T14:41:43.000Z</time>
        <speed>1.390</speed>
      </trkpt>
      <trkpt lat="50.7078665" lon="-2.7456749">
        <ele>33.8</ele>
        <time>2025-10-01T14:41:48.000Z</time>
        <speed>1.390</speed>
      </trkpt>
      <trkpt lat="50.7078323" lon="-2.7455881">
        <ele>33.8</ele>
        <time>2025-10-01T14:41:53.000Z</time>
        <speed>1.390</speed>
      </trkpt>
      <trkpt lat="50.7078072" lon="-2.7454999">
        <ele>33.6</ele>
        <time>2025-10-01T14:41:58.000Z</time>
        <speed>1.418</speed>
      </trkpt>
      <trkpt lat="50.7077871" lon="-2.7454080">
        <ele>33.8</ele>
        <time>2025-10-01T14:42:03.000Z</time>
        <speed>1.390</speed>
      </trkpt>
      <trkpt lat="50.7077648" lon="-2.7453192">
        <ele>33.8</ele>
        <time>2025-10-01T14:42:08.000Z</time>
        <speed>1.409</speed>
      </trkpt>
      <trkpt lat="50.7077380" lon="-2.7452315">
        <ele>33.6</ele>
        <time>2025-10-01T14:42:13.000Z</time>
        <speed>1.390</speed>
      </trkpt>
      <trkpt lat="50.7077111" lon="-2.7451436">
        <ele>33.6</ele>
        <time>2025-10-01T14:42:18.000Z</time>
        <speed>1.400</speed>
      </trkpt>
      <trkpt lat="50.7076852" lon="-2.7450537">
        <ele>33.6</ele>
        <time>2025-10-01T14:42:23.000Z</time>
        <speed>1.400</speed>
      </trkpt>
      <trkpt lat="50.7076605" lon="-2.7449753">
        <ele>33.6</ele>
        <time>2025-10-01T14:42:28.000Z</time>
        <speed>1.372</speed>
      </trkpt>
      <trkpt lat="50.7076378" lon="-2.7448858">
        <ele>33.6</ele>
        <time>2025-10-01T14:42:33.000Z</time>
        <speed>1.372</speed>
      </trkpt>
      <trkpt lat="50.7076190" lon="-2.7447929">
        <ele>33.6</ele>
        <time>2025-10-01T14:42:38.000Z</time>
        <speed>1.372</speed>
      </trkpt>
      <trkpt lat="50.7075900" lon="-2.7447043">
        <ele>33.6</ele>
        <time>2025-10-01T14:42:43.000Z</time>
        <speed>1.381</speed>
      </trkpt>
      <trkpt lat="50.7075772" lon="-2.7446106">
        <ele>33.6</ele>
        <time>2025-10-01T14:42:48.000Z</time>
        <speed>1.372</speed>
      </trkpt>
      <trkpt lat="50.7075474" lon="-2.7445156">
        <ele>33.4</ele>
        <time>2025-10-01T14:42:53.000Z</time>
        <speed>1.409</speed>
      </trkpt>
      <trkpt lat="50.7075182" lon="-2.7444251">
        <ele>33.6</ele>
        <time>2025-10-01T14:42:58.000Z</time>
        <speed>1.400</speed>
      </trkpt>
      <trkpt lat="50.7074990" lon="-2.7443328">
        <ele>33.4</ele>
        <time>2025-10-01T14:43:03.000Z</time>
        <speed>1.390</speed>
      </trkpt>
      <trkpt lat="50.7074756" lon="-2.7442347">
        <ele>33.2</ele>
        <time>2025-10-01T14:43:08.000Z</time>
        <speed>1.409</speed>
      </trkpt>
      <trkpt lat="50.7074533" lon="-2.7441463">
        <ele>33.2</ele>
        <time>2025-10-01T14:43:13.000Z</time>
        <speed>1.409</speed>
      </trkpt>
      <trkpt lat="50.7074270" lon="-2.7440577">
        <ele>33.2</ele>
        <time>2025-10-01T14:43:18.000Z</time>
        <speed>1.418</speed>
      </trkpt>
      <trkpt lat="50.7074050" lon="-2.7439736">
        <ele>33.0</ele>
        <time>2025-10-01T14:43:23.000Z</time>
        <speed>1.409</speed>
      </trkpt>
      <trkpt lat="50.7073758" lon="-2.7438840">
        <ele>33.0</ele>
        <time>2025-10-01T14:43:28.000Z</time>
        <speed>1.409</speed>
      </trkpt>
      <trkpt lat="50.7073510" lon="-2.7438002">
        <ele>33.2</ele>
        <time>2025-10-01T14:43:33.000Z</time>
        <speed>1.400</speed>
      </trkpt>
      <trkpt lat="50.7073273" lon="-2.7437093">
        <ele>33.2</ele>
        <time>2025-10-01T14:43:38.000Z</time>
        <speed>1.409</speed>
      </trkpt>
      <trkpt lat="50.7073008" lon="-2.7436153">
        <ele>33.0</ele>
        <time>2025-10-01T14:43:43.000Z</time>
        <speed>1.400</speed>
      </trkpt>
      <trkpt lat="50.7072795" lon="-2.7435198">
        <ele>33.2</ele>
        <time>2025-10-01T14:43:48.000Z</time>
        <speed>1.409</speed>
      </trkpt>
      <trkpt lat="50.7072521" lon="-2.7434278">
        <ele>32.8</ele>
        <time>2025-10-01T14:43:53.000Z</time>
        <speed>1.418</speed>
      </trkpt>
      <trkpt lat="50.7072353" lon="-2.7433390">
        <ele>32.8</ele>
        <time>2025-10-01T14:43:58.000Z</time>
        <speed>1.400</speed>
      </trkpt>
      <trkpt lat="50.7072061" lon="-2.7432495">
        <ele>32.4</ele>
        <time>2025-10-01T14:44:03.000Z</time>
        <speed>1.409</speed>
      </trkpt>
      <trkpt lat="50.7071855" lon="-2.7431602">
        <ele>32.4</ele>
        <time>2025-10-01T14:44:08.000Z</time>
        <speed>1.400</speed>
      </trkpt>
      <trkpt lat="50.7071672" lon="-2.7430864">
        <ele>32.2</ele>
        <time>2025-10-01T14:44:13.000Z</time>
        <speed>1.372</speed>
      </trkpt>
      <trkpt lat="50.7071415" lon="-2.7430061">
        <ele>32.4</ele>
        <time>2025-10-01T14:44:18.000Z</time>
        <speed>1.316</speed>
      </trkpt>
      <trkpt lat="50.7071260" lon="-2.7429741">
        <ele>32.4</ele>
        <time>2025-10-01T14:44:23.000Z</time>
        <speed>1.306</speed>
      </trkpt>
      <trkpt lat="50.7071123" lon="-2.7429287">
        <ele>32.4</ele>
        <time>2025-10-01T14:44:28.000Z</time>
        <speed>0.784</speed>
      </trkpt>
      <trkpt lat="50.7070982" lon="-2.7428366">
        <ele>32.4</ele>
        <time>2025-10-01T14:44:33.000Z</time>
        <speed>1.372</speed>
      </trkpt>
      <trkpt lat="50.7070705" lon="-2.7427551">
        <ele>32.2</ele>
        <time>2025-10-01T14:44:38.000Z</time>
        <speed>1.278</speed>
      </trkpt>
      <trkpt lat="50.7070503" lon="-2.7426726">
        <ele>32.2</ele>
        <time>2025-10-01T14:44:43.000Z</time>
        <speed>1.260</speed>
      </trkpt>
      <trkpt lat="50.7070209" lon="-2.7425850">
        <ele>32.0</ele>
        <time>2025-10-01T14:44:48.000Z</time>
        <speed>1.269</speed>
      </trkpt>
      <trkpt lat="50.7069978" lon="-2.7425021">
        <ele>32.0</ele>
        <time>2025-10-01T14:44:53.000Z</time>
        <speed>1.297</speed>
      </trkpt>
      <trkpt lat="50.7069732" lon="-2.7424209">
        <ele>31.6</ele>
        <time>2025-10-01T14:44:58.000Z</time>
        <speed>1.288</speed>
      </trkpt>
      <trkpt lat="50.7069403" lon="-2.7423432">
        <ele>31.6</ele>
        <time>2025-10-01T14:45:03.000Z</time>
        <speed>1.297</speed>
      </trkpt>
      <trkpt lat="50.7069217" lon="-2.7422560">
        <ele>31.4</ele>
        <time>2025-10-01T14:45:08.000Z</time>
        <speed>1.297</speed>
      </trkpt>
      <trkpt lat="50.7068962" lon="-2.7421685">
        <ele>31.2</ele>
        <time>2025-10-01T14:45:13.000Z</time>
        <speed>1.306</speed>
      </trkpt>
      <trkpt lat="50.7068722" lon="-2.7420844">
        <ele>30.8</ele>
        <time>2025-10-01T14:45:18.000Z</time>
        <speed>1.316</speed>
      </trkpt>
      <trkpt lat="50.7068528" lon="-2.7420018">
        <ele>30.6</ele>
        <time>2025-10-01T14:45:23.000Z</time>
        <speed>1.316</speed>
      </trkpt>
      <trkpt lat="50.7068325" lon="-2.7419120">
        <ele>30.4</ele>
        <time>2025-10-01T14:45:28.000Z</time>
        <speed>1.316</speed>
      </trkpt>
      <trkpt lat="50.7068155" lon="-2.7418247">
        <ele>29.6</ele>
        <time>2025-10-01T14:45:33.000Z</time>
        <speed>1.316</speed>
      </trkpt>
      <trkpt lat="50.7067725" lon="-2.7417320">
        <ele>29.0</ele>
        <time>2025-10-01T14:45:38.000Z</time>
        <speed>1.372</speed>
      </trkpt>
      <trkpt lat="50.7067262" lon="-2.7416567">
        <ele>28.8</ele>
        <time>2025-10-01T14:45:43.000Z</time>
        <speed>1.381</speed>
      </trkpt>
      <trkpt lat="50.7066903" lon="-2.7415761">
        <ele>28.6</ele>
        <time>2025-10-01T14:45:48.000Z</time>
        <speed>1.400</speed>
      </trkpt>
      <trkpt lat="50.7066690" lon="-2.7414946">
        <ele>28.4</ele>
        <time>2025-10-01T14:45:53.000Z</time>
        <speed>1.381</speed>
      </trkpt>
      <trkpt lat="50.7066267" lon="-2.7414027">
        <ele>28.2</ele>
        <time>2025-10-01T14:45:58.000Z</time>
        <speed>1.400</speed>
      </trkpt>
      <trkpt lat="50.7066024" lon="-2.7413232">
        <ele>27.6</ele>
        <time>2025-10-01T14:46:03.000Z</time>
        <speed>1.400</speed>
      </trkpt>
      <trkpt lat="50.7065778" lon="-2.7412334">
        <ele>27.6</ele>
        <time>2025-10-01T14:46:08.000Z</time>
        <speed>1.400</speed>
      </trkpt>
      <trkpt lat="50.7065476" lon="-2.7411350">
        <ele>26.8</ele>
        <time>2025-10-01T14:46:13.000Z</time>
        <speed>1.428</speed>
      </trkpt>
      <trkpt lat="50.7065368" lon="-2.7410603">
        <ele>26.4</ele>
        <time>2025-10-01T14:46:18.000Z</time>
        <speed>1.390</speed>
      </trkpt>
      <trkpt lat="50.7065391" lon="-2.7409672">
        <ele>25.8</ele>
        <time>2025-10-01T14:46:23.000Z</time>
        <speed>1.362</speed>
      </trkpt>
      <trkpt lat="50.7065492" lon="-2.7408880">
        <ele>25.2</ele>
        <time>2025-10-01T14:46:28.000Z</time>
        <speed>1.344</speed>
      </trkpt>
      <trkpt lat="50.7065695" lon="-2.7408240">
        <ele>24.8</ele>
        <time>2025-10-01T14:46:33.000Z</time>
        <speed>1.288</speed>
      </trkpt>
      <trkpt lat="50.7065771" lon="-2.7408058">
        <ele>24.6</ele>
        <time>2025-10-01T14:46:38.000Z</time>
        <speed>0.000</speed>
      </trkpt>
      <trkpt lat="50.7066120" lon="-2.7408025">
        <ele>24.2</ele>
        <time>2025-10-01T14:46:43.000Z</time>
        <speed>1.222</speed>
      </trkpt>
      <trkpt lat="50.7066599" lon="-2.7407756">
        <ele>24.0</ele>
        <time>2025-10-01T14:46:48.000Z</time>
        <speed>0.970</speed>
      </trkpt>
      <trkpt lat="50.7067167" lon="-2.7407295">
        <ele>23.8</ele>
        <time>2025-10-01T14:46:53.000Z</time>
        <speed>1.213</speed>
      </trkpt>
      <trkpt lat="50.7067535" lon="-2.7406585">
        <ele>23.6</ele>
        <time>2025-10-01T14:46:58.000Z</time>
        <speed>1.334</speed>
      </trkpt>
      <trkpt lat="50.7067280" lon="-2.7405954">
        <ele>23.0</ele>
        <time>2025-10-01T14:47:03.000Z</time>
        <speed>1.241</speed>
      </trkpt>
      <trkpt lat="50.7066832" lon="-2.7405240">
        <ele>22.2</ele>
        <time>2025-10-01T14:47:08.000Z</time>
        <speed>1.260</speed>
      </trkpt>
      <trkpt lat="50.7066478" lon="-2.7404554">
        <ele>21.6</ele>
        <time>2025-10-01T14:47:13.000Z</time>
        <speed>1.250</speed>
      </trkpt>
      <trkpt lat="50.7066189" lon="-2.7403866">
        <ele>21.2</ele>
        <time>2025-10-01T14:47:18.000Z</time>
        <speed>1.260</speed>
      </trkpt>
      <trkpt lat="50.7065858" lon="-2.7403047">
        <ele>20.6</ele>
        <time>2025-10-01T14:47:23.000Z</time>
        <speed>1.250</speed>
      </trkpt>
      <trkpt lat="50.7065717" lon="-2.7402239">
        <ele>20.4</ele>
        <time>2025-10-01T14:47:28.000Z</time>
        <speed>1.250</speed>
      </trkpt>
      <trkpt lat="50.7065459" lon="-2.7401423">
        <ele>19.6</ele>
        <time>2025-10-01T14:47:33.000Z</time>
        <speed>1.260</speed>
      </trkpt>
      <trkpt lat="50.7065156" lon="-2.7400551">
        <ele>19.2</ele>
        <time>2025-10-01T14:47:38.000Z</time>
        <speed>1.269</speed>
      </trkpt>
      <trkpt lat="50.7064843" lon="-2.7399834">
        <ele>18.8</ele>
        <time>2025-10-01T14:47:43.000Z</time>
        <speed>1.260</speed>
      </trkpt>
      <trkpt lat="50.7064481" lon="-2.7399118">
        <ele>18.6</ele>
        <time>2025-10-01T14:47:48.000Z</time>
        <speed>1.269</speed>
      </trkpt>
      <trkpt lat="50.7064169" lon="-2.7398359">
        <ele>18.0</ele>
        <time>2025-10-01T14:47:53.000Z</time>
        <speed>1.269</speed>
      </trkpt>
      <trkpt lat="50.7063820" lon="-2.7397712">
        <ele>17.4</ele>
        <time>2025-10-01T14:47:58.000Z</time>
        <speed>1.269</speed>
      </trkpt>
      <trkpt lat="50.7063355" lon="-2.7397063">
        <ele>16.8</ele>
        <time>2025-10-01T14:48:03.000Z</time>
        <speed>1.269</speed>
      </trkpt>
      <trkpt lat="50.7062952" lon="-2.7396530">
        <ele>16.2</ele>
        <time>2025-10-01T14:48:08.000Z</time>
        <speed>1.269</speed>
      </trkpt>
      <trkpt lat="50.7062323" lon="-2.7395998">
        <ele>15.8</ele>
        <time>2025-10-01T14:48:13.000Z</time>
        <speed>1.288</speed>
      </trkpt>
      <trkpt lat="50.7061779" lon="-2.7395739">
        <ele>15.0</ele>
        <time>2025-10-01T14:48:18.000Z</time>
        <speed>1.288</speed>
      </trkpt>
      <trkpt lat="50.7061245" lon="-2.7395611">
        <ele>13.8</ele>
        <time>2025-10-01T14:48:23.000Z</time>
        <speed>1.297</speed>
      </trkpt>
      <trkpt lat="50.7060600" lon="-2.7395343">
        <ele>12.6</ele>
        <time>2025-10-01T14:48:28.000Z</time>
        <speed>1.306</speed>
      </trkpt>
      <trkpt lat="50.7060149" lon="-2.7394930">
        <ele>12.0</ele>
        <time>2025-10-01T14:48:33.000Z</time>
        <speed>1.297</speed>
      </trkpt>
      <trkpt lat="50.7059737" lon="-2.7394596">
        <ele>11.2</ele>
        <time>2025-10-01T14:48:38.000Z</time>
        <speed>1.278</speed>
      </trkpt>
      <trkpt lat="50.7059213" lon="-2.7394054">
        <ele>10.6</ele>
        <time>2025-10-01T14:48:43.000Z</time>
        <speed>1.288</speed>
      </trkpt>
      <trkpt lat="50.7058750" lon="-2.7393547">
        <ele>9.6</ele>
        <time>2025-10-01T14:48:48.000Z</time>
        <speed>1.278</speed>
      </trkpt>
      <trkpt lat="50.7058414" lon="-2.7392978">
        <ele>9.0</ele>
        <time>2025-10-01T14:48:53.000Z</time>
        <speed>1.269</speed>
      </trkpt>
      <trkpt lat="50.7058109" lon="-2.7392256">
        <ele>8.0</ele>
        <time>2025-10-01T14:48:58.000Z</time>
        <speed>1.269</speed>
      </trkpt>
      <trkpt lat="50.7057784" lon="-2.7391383">
        <ele>7.4</ele>
        <time>2025-10-01T14:49:03.000Z</time>
        <speed>1.278</speed>
      </trkpt>
      <trkpt lat="50.7057512" lon="-2.7390738">
        <ele>6.8</ele>
        <time>2025-10-01T14:49:08.000Z</time>
        <speed>1.269</speed>
      </trkpt>
      <trkpt lat="50.7057129" lon="-2.7390161">
        <ele>6.0</ele>
        <time>2025-10-01T14:49:13.000Z</time>
        <speed>1.250</speed>
      </trkpt>
      <trkpt lat="50.7056655" lon="-2.7389632">
        <ele>5.8</ele>
        <time>2025-10-01T14:49:18.000Z</time>
        <speed>1.260</speed>
      </trkpt>
      <trkpt lat="50.7056176" lon="-2.7389329">
        <ele>5.6</ele>
        <time>2025-10-01T14:49:23.000Z</time>
        <speed>1.241</speed>
      </trkpt>
      <trkpt lat="50.7055679" lon="-2.7389356">
        <ele>5.4</ele>
        <time>2025-10-01T14:49:28.000Z</time>
        <speed>1.129</speed>
      </trkpt>
      <trkpt lat="50.7055186" lon="-2.7389668">
        <ele>5.2</ele>
        <time>2025-10-01T14:49:33.000Z</time>
        <speed>1.138</speed>
      </trkpt>
      <trkpt lat="50.7054683" lon="-2.7389926">
        <ele>5.6</ele>
        <time>2025-10-01T14:49:38.000Z</time>
        <speed>1.138</speed>
      </trkpt>
      <trkpt lat="50.7054186" lon="-2.7390178">
        <ele>5.2</ele>
        <time>2025-10-01T14:49:43.000Z</time>
        <speed>1.157</speed>
      </trkpt>
      <trkpt lat="50.7053723" lon="-2.7389908">
        <ele>4.8</ele>
        <time>2025-10-01T14:49:48.000Z</time>
        <speed>1.148</speed>
      </trkpt>
      <trkpt lat="50.7053209" lon="-2.7389703">
        <ele>5.0</ele>
        <time>2025-10-01T14:49:53.000Z</time>
        <speed>1.148</speed>
      </trkpt>
      <trkpt lat="50.7052652" lon="-2.7389533">
        <ele>5.2</ele>
        <time>2025-10-01T14:49:58.000Z</time>
        <speed>1.166</speed>
      </trkpt>
      <trkpt lat="50.7052144" lon="-2.7389397">
        <ele>5.2</ele>
        <time>2025-10-01T14:50:03.000Z</time>
        <speed>1.157</speed>
      </trkpt>
      <trkpt lat="50.7051576" lon="-2.7389195">
        <ele>5.0</ele>
        <time>2025-10-01T14:50:08.000Z</time>
        <speed>1.157</speed>
      </trkpt>
      <trkpt lat="50.7051048" lon="-2.7389074">
        <ele>4.8</ele>
        <time>2025-10-01T14:50:13.000Z</time>
        <speed>1.176</speed>
      </trkpt>
      <trkpt lat="50.7050565" lon="-2.7388906">
        <ele>5.0</ele>
        <time>2025-10-01T14:50:18.000Z</time>
        <speed>1.176</speed>
      </trkpt>
      <trkpt lat="50.7050014" lon="-2.7388765">
        <ele>5.0</ele>
        <time>2025-10-01T14:50:23.000Z</time>
        <speed>1.185</speed>
      </trkpt>
      <trkpt lat="50.7049541" lon="-2.7388879">
        <ele>4.8</ele>
        <time>2025-10-01T14:50:28.000Z</time>
        <speed>1.157</speed>
      </trkpt>
      <trkpt lat="50.7049294" lon="-2.7388950">
        <ele>4.8</ele>
        <time>2025-10-01T14:50:33.000Z</time>
        <speed>1.110</speed>
      </trkpt>
      <trkpt lat="50.7049216" lon="-2.7388823">
        <ele>4.6</ele>
        <time>2025-10-01T14:50:38.000Z</time>
        <speed>0.000</speed>
      </trkpt>
      <trkpt lat="50.7048996" lon="-2.7387995">
        <ele>4.6</ele>
        <time>2025-10-01T14:50:43.000Z</time>
        <speed>1.129</speed>
      </trkpt>
      <trkpt lat="50.7048807" lon="-2.7387460">
        <ele>4.4</ele>
        <time>2025-10-01T14:50:48.000Z</time>
        <speed>0.802</speed>
      </trkpt>
      <trkpt lat="50.7048491" lon="-2.7386728">
        <ele>5.0</ele>
        <time>2025-10-01T14:50:53.000Z</time>
        <speed>1.064</speed>
      </trkpt>
      <trkpt lat="50.7048225" lon="-2.7385973">
        <ele>5.0</ele>
        <time>2025-10-01T14:50:58.000Z</time>
        <speed>1.148</speed>
      </trkpt>
      <trkpt lat="50.7047861" lon="-2.7385551">
        <ele>5.4</ele>
        <time>2025-10-01T14:51:03.000Z</time>
        <speed>1.101</speed>
      </trkpt>
      <trkpt lat="50.7047287" lon="-2.7385290">
        <ele>5.8</ele>
        <time>2025-10-01T14:51:08.000Z</time>
        <speed>1.166</speed>
      </trkpt>
      <trkpt lat="50.7046913" lon="-2.7385258">
        <ele>6.6</ele>
        <time>2025-10-01T14:51:13.000Z</time>
        <speed>1.101</speed>
      </trkpt>
      <trkpt lat="50.7046585" lon="-2.7385304">
        <ele>7.0</ele>
        <time>2025-10-01T14:51:18.000Z</time>
        <speed>0.942</speed>
      </trkpt>
      <trkpt lat="50.7046451" lon="-2.7385361">
        <ele>7.0</ele>
        <time>2025-10-01T14:51:23.000Z</time>
        <speed>0.000</speed>
      </trkpt>
      <trkpt lat="50.7046451" lon="-2.7385361">
        <ele>6.8</ele>
        <time>2025-10-01T14:51:28.000Z</time>
        <speed>0.000</speed>
      </trkpt>
      <trkpt lat="50.7046088" lon="-2.7385795">
        <ele>7.0</ele>
        <time>2025-10-01T14:51:33.000Z</time>
        <speed>0.000</speed>
      </trkpt>
      <trkpt lat="50.7045671" lon="-2.7386425">
        <ele>7.0</ele>
        <time>2025-10-01T14:51:38.000Z</time>
        <speed>1.204</speed>
      </trkpt>
      <trkpt lat="50.7045176" lon="-2.7386947">
        <ele>7.0</ele>
        <time>2025-10-01T14:51:43.000Z</time>
        <speed>1.241</speed>
      </trkpt>
      <trkpt lat="50.7044873" lon="-2.7387702">
        <ele>7.0</ele>
        <time>2025-10-01T14:51:48.000Z</time>
        <speed>1.344</speed>
      </trkpt>
      <trkpt lat="50.7044503" lon="-2.7388253">
        <ele>6.8</ele>
        <time>2025-10-01T14:51:53.000Z</time>
        <speed>1.213</speed>
      </trkpt>
      <trkpt lat="50.7044151" lon="-2.7388923">
        <ele>7.0</ele>
        <time>2025-10-01T14:51:58.000Z</time>
        <speed>1.204</speed>
      </trkpt>
      <trkpt lat="50.7043835" lon="-2.7389518">
        <ele>6.6</ele>
        <time>2025-10-01T14:52:03.000Z</time>
        <speed>1.138</speed>
      </trkpt>
      <trkpt lat="50.7043511" lon="-2.7390241">
        <ele>6.8</ele>
        <time>2025-10-01T14:52:08.000Z</time>
        <speed>1.157</speed>
      </trkpt>
      <trkpt lat="50.7043327" lon="-2.7390549">
        <ele>6.4</ele>
        <time>2025-10-01T14:52:13.000Z</time>
        <speed>1.129</speed>
      </trkpt>
      <trkpt lat="50.7043345" lon="-2.7390554">
        <ele>6.4</ele>
        <time>2025-10-01T14:52:18.000Z</time>
        <speed>0.000</speed>
      </trkpt>
      <trkpt lat="50.7043345" lon="-2.7390554">
        <ele>6.6</ele>
        <time>2025-10-01T14:52:23.000Z</time>
        <speed>0.000</speed>
      </trkpt>
      <trkpt lat="50.7043278" lon="-2.7390747">
        <ele>6.2</ele>
        <time>2025-10-01T14:52:28.000Z</time>
        <speed>0.000</speed>
      </trkpt>
      <trkpt lat="50.7042958" lon="-2.7391457">
        <ele>6.4</ele>
        <time>2025-10-01T14:52:33.000Z</time>
        <speed>1.241</speed>
      </trkpt>
      <trkpt lat="50.7042638" lon="-2.7392209">
        <ele>6.6</ele>
        <time>2025-10-01T14:52:38.000Z</time>
        <speed>1.325</speed>
      </trkpt>
      <trkpt lat="50.7042398" lon="-2.7393006">
        <ele>6.4</ele>
        <time>2025-10-01T14:52:43.000Z</time>
        <speed>1.176</speed>
      </trkpt>
      <trkpt lat="50.7042121" lon="-2.7393671">
        <ele>6.4</ele>
        <time>2025-10-01T14:52:48.000Z</time>
        <speed>1.166</speed>
      </trkpt>
      <trkpt lat="50.7041854" lon="-2.7394494">
        <ele>6.2</ele>
        <time>2025-10-01T14:52:53.000Z</time>
        <speed>1.213</speed>
      </trkpt>
      <trkpt lat="50.7041586" lon="-2.7395376">
        <ele>6.2</ele>
        <time>2025-10-01T14:52:58.000Z</time>
        <speed>1.250</speed>
      </trkpt>
      <trkpt lat="50.7041346" lon="-2.7396253">
        <ele>6.2</ele>
        <time>2025-10-01T14:53:03.000Z</time>
        <speed>1.260</speed>
      </trkpt>
      <trkpt lat="50.7041132" lon="-2.7397001">
        <ele>6.0</ele>
        <time>2025-10-01T14:53:08.000Z</time>
        <speed>1.260</speed>
      </trkpt>
      <trkpt lat="50.7040913" lon="-2.7397831">
        <ele>6.2</ele>
        <time>2025-10-01T14:53:13.000Z</time>
        <speed>1.260</speed>
      </trkpt>
      <trkpt lat="50.7040732" lon="-2.7398703">
        <ele>6.0</ele>
        <time>2025-10-01T14:53:18.000Z</time>
        <speed>1.260</speed>
      </trkpt>
      <trkpt lat="50.7040577" lon="-2.7399561">
        <ele>6.0</ele>
        <time>2025-10-01T14:53:23.000Z</time>
        <speed>1.241</speed>
      </trkpt>
      <trkpt lat="50.7040416" lon="-2.7400417">
        <ele>6.0</ele>
        <time>2025-10-01T14:53:28.000Z</time>
        <speed>1.250</speed>
      </trkpt>
      <trkpt lat="50.7040258" lon="-2.7401232">
        <ele>6.0</ele>
        <time>2025-10-01T14:53:33.000Z</time>
        <speed>1.250</speed>
      </trkpt>
      <trkpt lat="50.7040121" lon="-2.7402104">
        <ele>6.0</ele>
        <time>2025-10-01T14:53:38.000Z</time>
        <speed>1.250</speed>
      </trkpt>
      <trkpt lat="50.7040001" lon="-2.7403011">
        <ele>6.0</ele>
        <time>2025-10-01T14:53:43.000Z</time>
        <speed>1.250</speed>
      </trkpt>
      <trkpt lat="50.7039871" lon="-2.7403816">
        <ele>5.8</ele>
        <time>2025-10-01T14:53:48.000Z</time>
        <speed>1.241</speed>
      </trkpt>
      <trkpt lat="50.7039771" lon="-2.7404546">
        <ele>5.8</ele>
        <time>2025-10-01T14:53:53.000Z</time>
        <speed>1.213</speed>
      </trkpt>
      <trkpt lat="50.7039601" lon="-2.7405370">
        <ele>5.8</ele>
        <time>2025-10-01T14:53:58.000Z</time>
        <speed>1.204</speed>
      </trkpt>
      <trkpt lat="50.7039424" lon="-2.7406233">
        <ele>5.8</ele>
        <time>2025-10-01T14:54:03.000Z</time>
        <speed>1.250</speed>
      </trkpt>
      <trkpt lat="50.7039159" lon="-2.7406978">
        <ele>6.0</ele>
        <time>2025-10-01T14:54:08.000Z</time>
        <speed>1.250</speed>
      </trkpt>
      <trkpt lat="50.7038975" lon="-2.7407786">
        <ele>5.8</ele>
        <time>2025-10-01T14:54:13.000Z</time>
        <speed>1.232</speed>
      </trkpt>
      <trkpt lat="50.7038787" lon="-2.7408486">
        <ele>6.2</ele>
        <time>2025-10-01T14:54:18.000Z</time>
        <speed>1.222</speed>
      </trkpt>
      <trkpt lat="50.7038707" lon="-2.7408834">
        <ele>6.4</ele>
        <time>2025-10-01T14:54:23.000Z</time>
        <speed>0.830</speed>
      </trkpt>
      <trkpt lat="50.7038622" lon="-2.7408966">
        <ele>6.4</ele>
        <time>2025-10-01T14:54:28.000Z</time>
        <speed>0.000</speed>
      </trkpt>
      <trkpt lat="50.7038232" lon="-2.7408559">
        <ele>6.4</ele>
        <time>2025-10-01T14:54:33.000Z</time>
        <speed>0.457</speed>
      </trkpt>
      <trkpt lat="50.7038278" lon="-2.7408507">
        <ele>6.2</ele>
        <time>2025-10-01T14:54:38.000Z</time>
        <speed>0.000</speed>
      </trkpt>
      <trkpt lat="50.7038278" lon="-2.7408507">
        <ele>6.2</ele>
        <time>2025-10-01T14:54:43.000Z</time>
        <speed>0.000</speed>
      </trkpt>
      <trkpt lat="50.7038212" lon="-2.7408583">
        <ele>6.2</ele>
        <time>2025-10-01T14:54:48.000Z</time>
        <speed>0.000</speed>
      </trkpt>
      <trkpt lat="50.7037953" lon="-2.7408809">
        <ele>6.4</ele>
        <time>2025-10-01T14:54:53.000Z</time>
        <speed>0.000</speed>
      </trkpt>
      <trkpt lat="50.7037663" lon="-2.7408967">
        <ele>6.4</ele>
        <time>2025-10-01T14:54:58.000Z</time>
        <speed>0.690</speed>
      </trkpt>
      <trkpt lat="50.7037347" lon="-2.7409552">
        <ele>6.2</ele>
        <time>2025-10-01T14:55:03.000Z</time>
        <speed>1.045</speed>
      </trkpt>
      <trkpt lat="50.7037056" lon="-2.7409672">
        <ele>6.4</ele>
        <time>2025-10-01T14:55:08.000Z</time>
        <speed>0.868</speed>
      </trkpt>
      <trkpt lat="50.7036678" lon="-2.7409860">
        <ele>7.0</ele>
        <time>2025-10-01T14:55:13.000Z</time>
        <speed>0.821</speed>
      </trkpt>
      <trkpt lat="50.7036354" lon="-2.7410202">
        <ele>7.0</ele>
        <time>2025-10-01T14:55:18.000Z</time>
        <speed>0.830</speed>
      </trkpt>
      <trkpt lat="50.7036015" lon="-2.7410498">
        <ele>7.4</ele>
        <time>2025-10-01T14:55:23.000Z</time>
        <speed>0.905</speed>
      </trkpt>
      <trkpt lat="50.7035751" lon="-2.7410731">
        <ele>7.4</ele>
        <time>2025-10-01T14:55:28.000Z</time>
        <speed>0.756</speed>
      </trkpt>
      <trkpt lat="50.7035520" lon="-2.7410944">
        <ele>8.0</ele>
        <time>2025-10-01T14:55:33.000Z</time>
        <speed>0.662</speed>
      </trkpt>
      <trkpt lat="50.7035218" lon="-2.7411155">
        <ele>8.4</ele>
        <time>2025-10-01T14:55:38.000Z</time>
        <speed>0.681</speed>
      </trkpt>
      <trkpt lat="50.7035163" lon="-2.7411320">
        <ele>7.8</ele>
        <time>2025-10-01T14:55:43.000Z</time>
        <speed>0.560</speed>
      </trkpt>
      <trkpt lat="50.7035173" lon="-2.7411294">
        <ele>8.0</ele>
        <time>2025-10-01T14:55:48.000Z</time>
        <speed>0.000</speed>
      </trkpt>
      <trkpt lat="50.7035173" lon="-2.7411294">
        <ele>7.2</ele>
        <time>2025-10-01T14:55:53.000Z</time>
        <speed>0.000</speed>
      </trkpt>
      <trkpt lat="50.7035173" lon="-2.7411294">
        <ele>8.6</ele>
        <time>2025-10-01T14:55:58.000Z</time>
        <speed>0.000</speed>
      </trkpt>
      <trkpt lat="50.7035173" lon="-2.7411294">
        <ele>8.4</ele>
        <time>2025-10-01T14:56:03.000Z</time>
        <speed>0.000</speed>
      </trkpt>
      <trkpt lat="50.7035173" lon="-2.7411294">
        <ele>7.6</ele>
        <time>2025-10-01T14:56:08.000Z</time>
        <speed>0.000</speed>
      </trkpt>
      <trkpt lat="50.7035173" lon="-2.7411294">
        <ele>7.0</ele>
        <time>2025-10-01T14:56:13.000Z</time>
        <speed>0.000</speed>
      </trkpt>
      <trkpt lat="50.7035173" lon="-2.7411294">
        <ele>7.2</ele>
        <time>2025-10-01T14:56:18.000Z</time>
        <speed>0.000</speed>
      </trkpt>
      <trkpt lat="50.7035173" lon="-2.7411294">
        <ele>8.4</ele>
        <time>2025-10-01T14:56:23.000Z</time>
        <speed>0.000</speed>
      </trkpt>
      <trkpt lat="50.7035173" lon="-2.7411294">
        <ele>7.8</ele>
        <time>2025-10-01T14:56:28.000Z</time>
        <speed>0.000</speed>
      </trkpt>
      <trkpt lat="50.7035110" lon="-2.7411308">
        <ele>8.0</ele>
        <time>2025-10-01T14:56:33.000Z</time>
        <speed>0.000</speed>
      </trkpt>
      <trkpt lat="50.7034992" lon="-2.7411435">
        <ele>7.8</ele>
        <time>2025-10-01T14:56:38.000Z</time>
        <speed>0.000</speed>
      </trkpt>
      <trkpt lat="50.7034943" lon="-2.7411314">
        <ele>8.2</ele>
        <time>2025-10-01T14:56:43.000Z</time>
        <speed>0.000</speed>
      </trkpt>
      <trkpt lat="50.7035024" lon="-2.7410786">
        <ele>8.2</ele>
        <time>2025-10-01T14:56:48.000Z</time>
        <speed>0.569</speed>
      </trkpt>
      <trkpt lat="50.7035159" lon="-2.7410219">
        <ele>7.8</ele>
        <time>2025-10-01T14:56:53.000Z</time>
        <speed>0.579</speed>
      </trkpt>
      <trkpt lat="50.7035255" lon="-2.7410039">
        <ele>7.6</ele>
        <time>2025-10-01T14:56:58.000Z</time>
        <speed>0.429</speed>
      </trkpt>
      <trkpt lat="50.7035267" lon="-2.7410015">
        <ele>6.8</ele>
        <time>2025-10-01T14:57:03.000Z</time>
        <speed>0.000</speed>
      </trkpt>
      <trkpt lat="50.7035267" lon="-2.7410015">
        <ele>7.0</ele>
        <time>2025-10-01T14:57:08.000Z</time>
        <speed>0.000</speed>
      </trkpt>
      <trkpt lat="50.7035267" lon="-2.7410015">
        <ele>6.8</ele>
        <time>2025-10-01T14:57:13.000Z</time>
        <speed>0.000</speed>
      </trkpt>
      <trkpt lat="50.7035267" lon="-2.7410015">
        <ele>6.8</ele>
        <time>2025-10-01T14:57:18.000Z</time>
        <speed>0.000</speed>
      </trkpt>
      <trkpt lat="50.7035126" lon="-2.7410319">
        <ele>8.0</ele>
        <time>2025-10-01T14:57:23.000Z</time>
        <speed>0.000</speed>
      </trkpt>
      <trkpt lat="50.7034777" lon="-2.7410410">
        <ele>8.4</ele>
        <time>2025-10-01T14:57:28.000Z</time>
        <speed>0.774</speed>
      </trkpt>
      <trkpt lat="50.7034639" lon="-2.7410512">
        <ele>8.0</ele>
        <time>2025-10-01T14:57:33.000Z</time>
        <speed>0.569</speed>
      </trkpt>
      <trkpt lat="50.7034704" lon="-2.7410475">
        <ele>7.2</ele>
        <time>2025-10-01T14:57:38.000Z</time>
        <speed>0.000</speed>
      </trkpt>
      <trkpt lat="50.7034704" lon="-2.7410475">
        <ele>7.2</ele>
        <time>2025-10-01T14:57:43.000Z</time>
        <speed>0.000</speed>
      </trkpt>
      <trkpt lat="50.7034704" lon="-2.7410475">
        <ele>7.2</ele>
        <time>2025-10-01T14:57:48.000Z</time>
        <speed>0.000</speed>
      </trkpt>
      <trkpt lat="50.7034704" lon="-2.7410475">
        <ele>7.2</ele>
        <time>2025-10-01T14:57:53.000Z</time>
        <speed>0.000</speed>
      </trkpt>
      <trkpt lat="50.7034704" lon="-2.7410475">
        <ele>6.8</ele>
        <time>2025-10-01T14:57:58.000Z</time>
        <speed>0.000</speed>
      </trkpt>
      <trkpt lat="50.7034704" lon="-2.7410475">
        <ele>6.8</ele>
        <time>2025-10-01T14:58:03.000Z</time>
        <speed>0.000</speed>
      </trkpt>
      <trkpt lat="50.7034704" lon="-2.7410475">
        <ele>6.6</ele>
        <time>2025-10-01T14:58:08.000Z</time>
        <speed>0.000</speed>
      </trkpt>
      <trkpt lat="50.7034704" lon="-2.7410475">
        <ele>6.8</ele>
        <time>2025-10-01T14:58:13.000Z</time>
        <speed>0.000</speed>
      </trkpt>
      <trkpt lat="50.7034704" lon="-2.7410475">
        <ele>6.8</ele>
        <time>2025-10-01T14:58:18.000Z</time>
        <speed>0.000</speed>
      </trkpt>
      <trkpt lat="50.7034704" lon="-2.7410475">
        <ele>6.6</ele>
        <time>2025-10-01T14:58:23.000Z</time>
        <speed>0.000</speed>
      </trkpt>
      <trkpt lat="50.7034704" lon="-2.7410475">
        <ele>7.0</ele>
        <time>2025-10-01T14:58:28.000Z</time>
        <speed>0.000</speed>
      </trkpt>
      <trkpt lat="50.7034704" lon="-2.7410475">
        <ele>7.0</ele>
        <time>2025-10-01T14:58:33.000Z</time>
        <speed>0.000</speed>
      </trkpt>
      <trkpt lat="50.7034704" lon="-2.7410475">
        <ele>7.0</ele>
        <time>2025-10-01T14:58:38.000Z</time>
        <speed>0.000</speed>
      </trkpt>
      <trkpt lat="50.7034704" lon="-2.7410475">
        <ele>6.8</ele>
        <time>2025-10-01T14:58:43.000Z</time>
        <speed>0.000</speed>
      </trkpt>
      <trkpt lat="50.7034704" lon="-2.7410475">
        <ele>6.6</ele>
        <time>2025-10-01T14:58:48.000Z</time>
        <speed>0.000</speed>
      </trkpt>
      <trkpt lat="50.7034704" lon="-2.7410475">
        <ele>6.6</ele>
        <time>2025-10-01T14:58:53.000Z</time>
        <speed>0.000</speed>
      </trkpt>
      <trkpt lat="50.7034704" lon="-2.7410475">
        <ele>6.6</ele>
        <time>2025-10-01T14:58:58.000Z</time>
        <speed>0.000</speed>
      </trkpt>
      <trkpt lat="50.7034704" lon="-2.7410475">
        <ele>6.6</ele>
        <time>2025-10-01T14:59:03.000Z</time>
        <speed>0.000</speed>
      </trkpt>
      <trkpt lat="50.7034704" lon="-2.7410475">
        <ele>6.6</ele>
        <time>2025-10-01T14:59:08.000Z</time>
        <speed>0.000</speed>
      </trkpt>
      <trkpt lat="50.7034704" lon="-2.7410475">
        <ele>6.6</ele>
        <time>2025-10-01T14:59:13.000Z</time>
        <speed>0.000</speed>
      </trkpt>
      <trkpt lat="50.7034704" lon="-2.7410475">
        <ele>6.8</ele>
        <time>2025-10-01T14:59:18.000Z</time>
        <speed>0.000</speed>
      </trkpt>
      <trkpt lat="50.7034704" lon="-2.7410475">
        <ele>6.8</ele>
        <time>2025-10-01T14:59:23.000Z</time>
        <speed>0.000</speed>
      </trkpt>
      <trkpt lat="50.7034704" lon="-2.7410475">
        <ele>6.6</ele>
        <time>2025-10-01T14:59:28.000Z</time>
        <speed>0.000</speed>
      </trkpt>
      <trkpt lat="50.7034704" lon="-2.7410475">
        <ele>6.6</ele>
        <time>2025-10-01T14:59:33.000Z</time>
        <speed>0.000</speed>
      </trkpt>
      <trkpt lat="50.7034704" lon="-2.7410475">
        <ele>6.6</ele>
        <time>2025-10-01T14:59:38.000Z</time>
        <speed>0.000</speed>
      </trkpt>
      <trkpt lat="50.7034704" lon="-2.7410475">
        <ele>6.6</ele>
        <time>2025-10-01T14:59:43.000Z</time>
        <speed>0.000</speed>
      </trkpt>
      <trkpt lat="50.7034704" lon="-2.7410475">
        <ele>6.6</ele>
        <time>2025-10-01T14:59:48.000Z</time>
        <speed>0.000</speed>
      </trkpt>
      <trkpt lat="50.7034704" lon="-2.7410475">
        <ele>6.6</ele>
        <time>2025-10-01T14:59:53.000Z</time>
        <speed>0.000</speed>
      </trkpt>
      <trkpt lat="50.7034704" lon="-2.7410475">
        <ele>6.6</ele>
        <time>2025-10-01T14:59:58.000Z</time>
        <speed>0.000</speed>
      </trkpt>
      <trkpt lat="50.7034704" lon="-2.7410475">
        <ele>6.8</ele>
        <time>2025-10-01T15:00:03.000Z</time>
        <speed>0.000</speed>
      </trkpt>
      <trkpt lat="50.7034704" lon="-2.7410475">
        <ele>6.8</ele>
        <time>2025-10-01T15:00:08.000Z</time>
        <speed>0.000</speed>
      </trkpt>
      <trkpt lat="50.7034704" lon="-2.7410475">
        <ele>6.8</ele>
        <time>2025-10-01T15:00:13.000Z</time>
        <speed>0.000</speed>
      </trkpt>
      <trkpt lat="50.7034704" lon="-2.7410475">
        <ele>6.8</ele>
        <time>2025-10-01T15:00:18.000Z</time>
        <speed>0.000</speed>
      </trkpt>
      <trkpt lat="50.7034704" lon="-2.7410475">
        <ele>6.8</ele>
        <time>2025-10-01T15:00:23.000Z</time>
        <speed>0.000</speed>
      </trkpt>
      <trkpt lat="50.7034704" lon="-2.7410475">
        <ele>6.8</ele>
        <time>2025-10-01T15:00:28.000Z</time>
        <speed>0.000</speed>
      </trkpt>
      <trkpt lat="50.7034704" lon="-2.7410475">
        <ele>6.8</ele>
        <time>2025-10-01T15:00:33.000Z</time>
        <speed>0.000</speed>
      </trkpt>
      <trkpt lat="50.7034704" lon="-2.7410475">
        <ele>6.8</ele>
        <time>2025-10-01T15:00:38.000Z</time>
        <speed>0.000</speed>
      </trkpt>
      <trkpt lat="50.7034704" lon="-2.7410475">
        <ele>6.8</ele>
        <time>2025-10-01T15:00:43.000Z</time>
        <speed>0.000</speed>
      </trkpt>
      <trkpt lat="50.7034704" lon="-2.7410475">
        <ele>6.8</ele>
        <time>2025-10-01T15:00:48.000Z</time>
        <speed>0.000</speed>
      </trkpt>
      <trkpt lat="50.7034704" lon="-2.7410475">
        <ele>7.0</ele>
        <time>2025-10-01T15:00:53.000Z</time>
        <speed>0.000</speed>
      </trkpt>
      <trkpt lat="50.7034704" lon="-2.7410475">
        <ele>6.8</ele>
        <time>2025-10-01T15:00:58.000Z</time>
        <speed>0.000</speed>
      </trkpt>
      <trkpt lat="50.7034704" lon="-2.7410475">
        <ele>6.8</ele>
        <time>2025-10-01T15:01:03.000Z</time>
        <speed>0.000</speed>
      </trkpt>
      <trkpt lat="50.7034704" lon="-2.7410475">
        <ele>7.0</ele>
        <time>2025-10-01T15:01:08.000Z</time>
        <speed>0.000</speed>
      </trkpt>
      <trkpt lat="50.7034704" lon="-2.7410475">
        <ele>7.0</ele>
        <time>2025-10-01T15:01:13.000Z</time>
        <speed>0.000</speed>
      </trkpt>
      <trkpt lat="50.7034704" lon="-2.7410475">
        <ele>7.0</ele>
        <time>2025-10-01T15:01:18.000Z</time>
        <speed>0.000</speed>
      </trkpt>
      <trkpt lat="50.7034704" lon="-2.7410475">
        <ele>7.0</ele>
        <time>2025-10-01T15:01:23.000Z</time>
        <speed>0.000</speed>
      </trkpt>
      <trkpt lat="50.7034704" lon="-2.7410475">
        <ele>7.0</ele>
        <time>2025-10-01T15:01:28.000Z</time>
        <speed>0.000</speed>
      </trkpt>
      <trkpt lat="50.7034704" lon="-2.7410475">
        <ele>6.8</ele>
        <time>2025-10-01T15:01:33.000Z</time>
        <speed>0.000</speed>
      </trkpt>
      <trkpt lat="50.7034649" lon="-2.7410353">
        <ele>7.6</ele>
        <time>2025-10-01T15:01:38.000Z</time>
        <speed>0.653</speed>
      </trkpt>
      <trkpt lat="50.7034902" lon="-2.7410076">
        <ele>7.4</ele>
        <time>2025-10-01T15:01:43.000Z</time>
        <speed>1.017</speed>
      </trkpt>
      <trkpt lat="50.7035176" lon="-2.7409814">
        <ele>7.4</ele>
        <time>2025-10-01T15:01:48.000Z</time>
        <speed>0.961</speed>
      </trkpt>
      <trkpt lat="50.7035583" lon="-2.7409685">
        <ele>7.2</ele>
        <time>2025-10-01T15:01:53.000Z</time>
        <speed>0.886</speed>
      </trkpt>
      <trkpt lat="50.7035884" lon="-2.7409558">
        <ele>6.6</ele>
        <time>2025-10-01T15:01:58.000Z</time>
        <speed>0.858</speed>
      </trkpt>
      <trkpt lat="50.7036237" lon="-2.7409621">
        <ele>6.6</ele>
        <time>2025-10-01T15:02:03.000Z</time>
        <speed>0.821</speed>
      </trkpt>
      <trkpt lat="50.7036675" lon="-2.7409559">
        <ele>6.4</ele>
        <time>2025-10-01T15:02:08.000Z</time>
        <speed>0.849</speed>
      </trkpt>
      <trkpt lat="50.7036965" lon="-2.7409639">
        <ele>6.0</ele>
        <time>2025-10-01T15:02:13.000Z</time>
        <speed>0.858</speed>
      </trkpt>
      <trkpt lat="50.7037271" lon="-2.7409374">
        <ele>5.8</ele>
        <time>2025-10-01T15:02:18.000Z</time>
        <speed>0.830</speed>
      </trkpt>
      <trkpt lat="50.7037647" lon="-2.7409202">
        <ele>6.0</ele>
        <time>2025-10-01T15:02:23.000Z</time>
        <speed>0.793</speed>
      </trkpt>
      <trkpt lat="50.7038041" lon="-2.7409030">
        <ele>5.6</ele>
        <time>2025-10-01T15:02:28.000Z</time>
        <speed>0.868</speed>
      </trkpt>
      <trkpt lat="50.7038436" lon="-2.7408885">
        <ele>5.8</ele>
        <time>2025-10-01T15:02:33.000Z</time>
        <speed>0.914</speed>
      </trkpt>
      <trkpt lat="50.7038853" lon="-2.7408807">
        <ele>5.8</ele>
        <time>2025-10-01T15:02:38.000Z</time>
        <speed>0.924</speed>
      </trkpt>
      <trkpt lat="50.7038953" lon="-2.7408591">
        <ele>5.8</ele>
        <time>2025-10-01T15:02:43.000Z</time>
        <speed>0.616</speed>
      </trkpt>
      <trkpt lat="50.7039058" lon="-2.7407868">
        <ele>5.8</ele>
        <time>2025-10-01T15:02:48.000Z</time>
        <speed>1.054</speed>
      </trkpt>
      <trkpt lat="50.7039215" lon="-2.7407138">
        <ele>5.6</ele>
        <time>2025-10-01T15:02:53.000Z</time>
        <speed>1.082</speed>
      </trkpt>
      <trkpt lat="50.7039293" lon="-2.7406741">
        <ele>6.0</ele>
        <time>2025-10-01T15:02:58.000Z</time>
        <speed>0.849</speed>
      </trkpt>
      <trkpt lat="50.7039302" lon="-2.7406768">
        <ele>5.8</ele>
        <time>2025-10-01T15:03:03.000Z</time>
        <speed>0.000</speed>
      </trkpt>
      <trkpt lat="50.7039302" lon="-2.7406768">
        <ele>5.8</ele>
        <time>2025-10-01T15:03:08.000Z</time>
        <speed>0.000</speed>
      </trkpt>
      <trkpt lat="50.7039422" lon="-2.7406133">
        <ele>5.8</ele>
        <time>2025-10-01T15:03:13.000Z</time>
        <speed>1.092</speed>
      </trkpt>
      <trkpt lat="50.7039548" lon="-2.7405329">
        <ele>5.8</ele>
        <time>2025-10-01T15:03:18.000Z</time>
        <speed>1.241</speed>
      </trkpt>
      <trkpt lat="50.7039707" lon="-2.7404543">
        <ele>5.8</ele>
        <time>2025-10-01T15:03:23.000Z</time>
        <speed>1.101</speed>
      </trkpt>
      <trkpt lat="50.7039833" lon="-2.7403695">
        <ele>5.8</ele>
        <time>2025-10-01T15:03:28.000Z</time>
        <speed>1.213</speed>
      </trkpt>
      <trkpt lat="50.7039947" lon="-2.7403015">
        <ele>5.8</ele>
        <time>2025-10-01T15:03:33.000Z</time>
        <speed>1.138</speed>
      </trkpt>
      <trkpt lat="50.7040051" lon="-2.7402208">
        <ele>6.0</ele>
        <time>2025-10-01T15:03:38.000Z</time>
        <speed>1.157</speed>
      </trkpt>
      <trkpt lat="50.7040066" lon="-2.7401941">
        <ele>6.2</ele>
        <time>2025-10-01T15:03:43.000Z</time>
        <speed>0.942</speed>
      </trkpt>
      <trkpt lat="50.7040247" lon="-2.7401255">
        <ele>6.0</ele>
        <time>2025-10-01T15:03:48.000Z</time>
        <speed>1.138</speed>
      </trkpt>
      <trkpt lat="50.7040394" lon="-2.7400458">
        <ele>6.0</ele>
        <time>2025-10-01T15:03:53.000Z</time>
        <speed>1.166</speed>
      </trkpt>
      <trkpt lat="50.7040558" lon="-2.7399582">
        <ele>6.0</ele>
        <time>2025-10-01T15:03:58.000Z</time>
        <speed>1.222</speed>
      </trkpt>
      <trkpt lat="50.7040830" lon="-2.7399010">
        <ele>6.0</ele>
        <time>2025-10-01T15:04:03.000Z</time>
        <speed>1.194</speed>
      </trkpt>
      <trkpt lat="50.7040868" lon="-2.7398483">
        <ele>6.0</ele>
        <time>2025-10-01T15:04:08.000Z</time>
        <speed>0.000</speed>
      </trkpt>
      <trkpt lat="50.7041007" lon="-2.7397796">
        <ele>6.0</ele>
        <time>2025-10-01T15:04:13.000Z</time>
        <speed>0.980</speed>
      </trkpt>
      <trkpt lat="50.7041166" lon="-2.7397010">
        <ele>6.0</ele>
        <time>2025-10-01T15:04:18.000Z</time>
        <speed>1.129</speed>
      </trkpt>
      <trkpt lat="50.7041362" lon="-2.7396206">
        <ele>6.0</ele>
        <time>2025-10-01T15:04:23.000Z</time>
        <speed>1.176</speed>
      </trkpt>
      <trkpt lat="50.7041614" lon="-2.7395368">
        <ele>6.0</ele>
        <time>2025-10-01T15:04:28.000Z</time>
        <speed>1.232</speed>
      </trkpt>
      <trkpt lat="50.7041898" lon="-2.7394610">
        <ele>6.0</ele>
        <time>2025-10-01T15:04:33.000Z</time>
        <speed>1.232</speed>
      </trkpt>
      <trkpt lat="50.7042118" lon="-2.7393904">
        <ele>6.0</ele>
        <time>2025-10-01T15:04:38.000Z</time>
        <speed>1.213</speed>
      </trkpt>
      <trkpt lat="50.7042368" lon="-2.7393145">
        <ele>6.0</ele>
        <time>2025-10-01T15:04:43.000Z</time>
        <speed>1.204</speed>
      </trkpt>
      <trkpt lat="50.7042579" lon="-2.7392436">
        <ele>6.2</ele>
        <time>2025-10-01T15:04:48.000Z</time>
        <speed>1.204</speed>
      </trkpt>
      <trkpt lat="50.7042895" lon="-2.7391689">
        <ele>6.0</ele>
        <time>2025-10-01T15:04:53.000Z</time>
        <speed>1.204</speed>
      </trkpt>
      <trkpt lat="50.7043110" lon="-2.7390998">
        <ele>6.0</ele>
        <time>2025-10-01T15:04:58.000Z</time>
        <speed>1.176</speed>
      </trkpt>
      <trkpt lat="50.7043403" lon="-2.7390333">
        <ele>6.2</ele>
        <time>2025-10-01T15:05:03.000Z</time>
        <speed>1.157</speed>
      </trkpt>
      <trkpt lat="50.7043755" lon="-2.7389656">
        <ele>6.2</ele>
        <time>2025-10-01T15:05:08.000Z</time>
        <speed>1.166</speed>
      </trkpt>
      <trkpt lat="50.7044081" lon="-2.7389004">
        <ele>6.2</ele>
        <time>2025-10-01T15:05:13.000Z</time>
        <speed>1.185</speed>
      </trkpt>
      <trkpt lat="50.7044404" lon="-2.7388388">
        <ele>6.2</ele>
        <time>2025-10-01T15:05:18.000Z</time>
        <speed>1.176</speed>
      </trkpt>
      <trkpt lat="50.7044765" lon="-2.7387739">
        <ele>6.0</ele>
        <time>2025-10-01T15:05:23.000Z</time>
        <speed>1.166</speed>
      </trkpt>
      <trkpt lat="50.7045118" lon="-2.7387132">
        <ele>6.2</ele>
        <time>2025-10-01T15:05:28.000Z</time>
        <speed>1.166</speed>
      </trkpt>
      <trkpt lat="50.7045490" lon="-2.7386549">
        <ele>6.2</ele>
        <time>2025-10-01T15:05:33.000Z</time>
        <speed>1.185</speed>
      </trkpt>
      <trkpt lat="50.7045925" lon="-2.7385787">
        <ele>6.2</ele>
        <time>2025-10-01T15:05:38.000Z</time>
        <speed>1.213</speed>
      </trkpt>
      <trkpt lat="50.7046352" lon="-2.7385367">
        <ele>6.0</ele>
        <time>2025-10-01T15:05:43.000Z</time>
        <speed>1.213</speed>
      </trkpt>
      <trkpt lat="50.7046956" lon="-2.7385222">
        <ele>5.8</ele>
        <time>2025-10-01T15:05:48.000Z</time>
        <speed>1.213</speed>
      </trkpt>
      <trkpt lat="50.7047476" lon="-2.7385434">
        <ele>5.2</ele>
        <time>2025-10-01T15:05:53.000Z</time>
        <speed>1.213</speed>
      </trkpt>
      <trkpt lat="50.7048054" lon="-2.7385809">
        <ele>4.4</ele>
        <time>2025-10-01T15:05:58.000Z</time>
        <speed>1.232</speed>
      </trkpt>
      <trkpt lat="50.7048564" lon="-2.7386319">
        <ele>4.0</ele>
        <time>2025-10-01T15:06:03.000Z</time>
        <speed>1.297</speed>
      </trkpt>
      <trkpt lat="50.7048996" lon="-2.7386865">
        <ele>3.8</ele>
        <time>2025-10-01T15:06:08.000Z</time>
        <speed>1.306</speed>
      </trkpt>
      <trkpt lat="50.7049527" lon="-2.7387550">
        <ele>3.6</ele>
        <time>2025-10-01T15:06:13.000Z</time>
        <speed>1.344</speed>
      </trkpt>
      <trkpt lat="50.7049971" lon="-2.7387932">
        <ele>3.8</ele>
        <time>2025-10-01T15:06:18.000Z</time>
        <speed>1.306</speed>
      </trkpt>
      <trkpt lat="50.7050419" lon="-2.7388413">
        <ele>3.8</ele>
        <time>2025-10-01T15:06:23.000Z</time>
        <speed>1.288</speed>
      </trkpt>
      <trkpt lat="50.7050972" lon="-2.7388675">
        <ele>4.0</ele>
        <time>2025-10-01T15:06:28.000Z</time>
        <speed>1.288</speed>
      </trkpt>
      <trkpt lat="50.7051251" lon="-2.7389268">
        <ele>4.0</ele>
        <time>2025-10-01T15:06:33.000Z</time>
        <speed>1.260</speed>
      </trkpt>
      <trkpt lat="50.7051388" lon="-2.7389737">
        <ele>4.2</ele>
        <time>2025-10-01T15:06:38.000Z</time>
        <speed>1.148</speed>
      </trkpt>
      <trkpt lat="50.7051471" lon="-2.7389630">
        <ele>4.0</ele>
        <time>2025-10-01T15:06:43.000Z</time>
        <speed>0.000</speed>
      </trkpt>
      <trkpt lat="50.7051471" lon="-2.7389630">
        <ele>4.0</ele>
        <time>2025-10-01T15:06:48.000Z</time>
        <speed>0.000</speed>
      </trkpt>
      <trkpt lat="50.7051471" lon="-2.7389630">
        <ele>4.0</ele>
        <time>2025-10-01T15:06:53.000Z</time>
        <speed>0.000</speed>
      </trkpt>
      <trkpt lat="50.7051471" lon="-2.7389630">
        <ele>4.0</ele>
        <time>2025-10-01T15:06:58.000Z</time>
        <speed>0.000</speed>
      </trkpt>
      <trkpt lat="50.7051505" lon="-2.7389734">
        <ele>4.0</ele>
        <time>2025-10-01T15:07:03.000Z</time>
        <speed>0.000</speed>
      </trkpt>
      <trkpt lat="50.7051471" lon="-2.7389630">
        <ele>4.0</ele>
        <time>2025-10-01T15:07:08.000Z</time>
        <speed>0.000</speed>
      </trkpt>
      <trkpt lat="50.7051669" lon="-2.7389759">
        <ele>4.2</ele>
        <time>2025-10-01T15:07:13.000Z</time>
        <speed>0.000</speed>
      </trkpt>
      <trkpt lat="50.7052133" lon="-2.7389914">
        <ele>4.2</ele>
        <time>2025-10-01T15:07:18.000Z</time>
        <speed>1.073</speed>
      </trkpt>
      <trkpt lat="50.7052607" lon="-2.7390178">
        <ele>4.2</ele>
        <time>2025-10-01T15:07:23.000Z</time>
        <speed>1.054</speed>
      </trkpt>
      <trkpt lat="50.7052737" lon="-2.7390366">
        <ele>4.4</ele>
        <time>2025-10-01T15:07:28.000Z</time>
        <speed>0.774</speed>
      </trkpt>
      <trkpt lat="50.7052986" lon="-2.7390661">
        <ele>4.2</ele>
        <time>2025-10-01T15:07:33.000Z</time>
        <speed>0.728</speed>
      </trkpt>
      <trkpt lat="50.7052977" lon="-2.7390609">
        <ele>4.2</ele>
        <time>2025-10-01T15:07:38.000Z</time>
        <speed>0.000</speed>
      </trkpt>
      <trkpt lat="50.7053451" lon="-2.7390635">
        <ele>4.2</ele>
        <time>2025-10-01T15:07:43.000Z</time>
        <speed>0.812</speed>
      </trkpt>
      <trkpt lat="50.7054047" lon="-2.7390821">
        <ele>4.4</ele>
        <time>2025-10-01T15:07:48.000Z</time>
        <speed>1.334</speed>
      </trkpt>
      <trkpt lat="50.7054398" lon="-2.7390822">
        <ele>4.4</ele>
        <time>2025-10-01T15:07:53.000Z</time>
        <speed>1.185</speed>
      </trkpt>
      <trkpt lat="50.7054872" lon="-2.7390718">
        <ele>4.4</ele>
        <time>2025-10-01T15:07:58.000Z</time>
        <speed>1.120</speed>
      </trkpt>
      <trkpt lat="50.7055295" lon="-2.7390483">
        <ele>5.0</ele>
        <time>2025-10-01T15:08:03.000Z</time>
        <speed>1.054</speed>
      </trkpt>
      <trkpt lat="50.7055888" lon="-2.7390060">
        <ele>5.0</ele>
        <time>2025-10-01T15:08:08.000Z</time>
        <speed>1.222</speed>
      </trkpt>
      <trkpt lat="50.7056343" lon="-2.7389972">
        <ele>5.2</ele>
        <time>2025-10-01T15:08:13.000Z</time>
        <speed>1.176</speed>
      </trkpt>
      <trkpt lat="50.7056802" lon="-2.7390200">
        <ele>5.6</ele>
        <time>2025-10-01T15:08:18.000Z</time>
        <speed>1.129</speed>
      </trkpt>
      <trkpt lat="50.7057112" lon="-2.7390915">
        <ele>6.0</ele>
        <time>2025-10-01T15:08:23.000Z</time>
        <speed>1.138</speed>
      </trkpt>
      <trkpt lat="50.7057424" lon="-2.7391704">
        <ele>6.4</ele>
        <time>2025-10-01T15:08:28.000Z</time>
        <speed>1.250</speed>
      </trkpt>
      <trkpt lat="50.7057694" lon="-2.7392402">
        <ele>7.0</ele>
        <time>2025-10-01T15:08:33.000Z</time>
        <speed>1.232</speed>
      </trkpt>
      <trkpt lat="50.7057984" lon="-2.7393100">
        <ele>7.8</ele>
        <time>2025-10-01T15:08:38.000Z</time>
        <speed>1.204</speed>
      </trkpt>
      <trkpt lat="50.7058262" lon="-2.7393570">
        <ele>8.2</ele>
        <time>2025-10-01T15:08:43.000Z</time>
        <speed>1.138</speed>
      </trkpt>
      <trkpt lat="50.7058578" lon="-2.7393961">
        <ele>8.6</ele>
        <time>2025-10-01T15:08:48.000Z</time>
        <speed>1.017</speed>
      </trkpt>
      <trkpt lat="50.7058991" lon="-2.7394386">
        <ele>9.4</ele>
        <time>2025-10-01T15:08:53.000Z</time>
        <speed>1.036</speed>
      </trkpt>
      <trkpt lat="50.7059333" lon="-2.7394673">
        <ele>10.0</ele>
        <time>2025-10-01T15:08:58.000Z</time>
        <speed>0.970</speed>
      </trkpt>
      <trkpt lat="50.7059792" lon="-2.7394999">
        <ele>10.8</ele>
        <time>2025-10-01T15:09:03.000Z</time>
        <speed>0.980</speed>
      </trkpt>
      <trkpt lat="50.7060135" lon="-2.7395318">
        <ele>11.6</ele>
        <time>2025-10-01T15:09:08.000Z</time>
        <speed>0.989</speed>
      </trkpt>
      <trkpt lat="50.7060199" lon="-2.7395374">
        <ele>12.0</ele>
        <time>2025-10-01T15:09:13.000Z</time>
        <speed>0.644</speed>
      </trkpt>
      <trkpt lat="50.7060523" lon="-2.7395582">
        <ele>12.4</ele>
        <time>2025-10-01T15:09:18.000Z</time>
        <speed>0.000</speed>
      </trkpt>
      <trkpt lat="50.7060934" lon="-2.7395735">
        <ele>13.2</ele>
        <time>2025-10-01T15:09:23.000Z</time>
        <speed>0.933</speed>
      </trkpt>
      <trkpt lat="50.7061394" lon="-2.7395867">
        <ele>13.8</ele>
        <time>2025-10-01T15:09:28.000Z</time>
        <speed>1.157</speed>
      </trkpt>
      <trkpt lat="50.7061836" lon="-2.7396043">
        <ele>14.6</ele>
        <time>2025-10-01T15:09:33.000Z</time>
        <speed>0.980</speed>
      </trkpt>
      <trkpt lat="50.7062273" lon="-2.7396318">
        <ele>15.4</ele>
        <time>2025-10-01T15:09:38.000Z</time>
        <speed>1.026</speed>
      </trkpt>
      <trkpt lat="50.7062641" lon="-2.7396611">
        <ele>16.0</ele>
        <time>2025-10-01T15:09:43.000Z</time>
        <speed>0.989</speed>
      </trkpt>
      <trkpt lat="50.7063060" lon="-2.7397152">
        <ele>16.6</ele>
        <time>2025-10-01T15:09:48.000Z</time>
        <speed>1.157</speed>
      </trkpt>
      <trkpt lat="50.7063331" lon="-2.7397583">
        <ele>17.2</ele>
        <time>2025-10-01T15:09:53.000Z</time>
        <speed>1.073</speed>
      </trkpt>
      <trkpt lat="50.7063746" lon="-2.7398136">
        <ele>17.6</ele>
        <time>2025-10-01T15:09:58.000Z</time>
        <speed>1.064</speed>
      </trkpt>
      <trkpt lat="50.7064102" lon="-2.7398812">
        <ele>18.2</ele>
        <time>2025-10-01T15:10:03.000Z</time>
        <speed>1.110</speed>
      </trkpt>
      <trkpt lat="50.7064423" lon="-2.7399411">
        <ele>18.6</ele>
        <time>2025-10-01T15:10:08.000Z</time>
        <speed>1.138</speed>
      </trkpt>
      <trkpt lat="50.7064718" lon="-2.7400023">
        <ele>19.2</ele>
        <time>2025-10-01T15:10:13.000Z</time>
        <speed>1.120</speed>
      </trkpt>
      <trkpt lat="50.7064901" lon="-2.7400780">
        <ele>19.6</ele>
        <time>2025-10-01T15:10:18.000Z</time>
        <speed>1.148</speed>
      </trkpt>
      <trkpt lat="50.7065088" lon="-2.7401341">
        <ele>20.0</ele>
        <time>2025-10-01T15:10:23.000Z</time>
        <speed>1.092</speed>
      </trkpt>
      <trkpt lat="50.7065303" lon="-2.7401861">
        <ele>20.4</ele>
        <time>2025-10-01T15:10:28.000Z</time>
        <speed>1.008</speed>
      </trkpt>
      <trkpt lat="50.7065521" lon="-2.7402588">
        <ele>20.8</ele>
        <time>2025-10-01T15:10:33.000Z</time>
        <speed>1.036</speed>
      </trkpt>
      <trkpt lat="50.7065770" lon="-2.7403289">
        <ele>21.4</ele>
        <time>2025-10-01T15:10:38.000Z</time>
        <speed>1.045</speed>
      </trkpt>
      <trkpt lat="50.7066075" lon="-2.7403988">
        <ele>21.8</ele>
        <time>2025-10-01T15:10:43.000Z</time>
        <speed>1.082</speed>
      </trkpt>
      <trkpt lat="50.7066294" lon="-2.7404660">
        <ele>22.0</ele>
        <time>2025-10-01T15:10:48.000Z</time>
        <speed>1.064</speed>
      </trkpt>
      <trkpt lat="50.7066561" lon="-2.7405340">
        <ele>22.6</ele>
        <time>2025-10-01T15:10:53.000Z</time>
        <speed>1.073</speed>
      </trkpt>
      <trkpt lat="50.7066924" lon="-2.7406041">
        <ele>23.2</ele>
        <time>2025-10-01T15:10:58.000Z</time>
        <speed>1.092</speed>
      </trkpt>
      <trkpt lat="50.7067307" lon="-2.7406446">
        <ele>23.8</ele>
        <time>2025-10-01T15:11:03.000Z</time>
        <speed>1.092</speed>
      </trkpt>
      <trkpt lat="50.7067328" lon="-2.7407125">
        <ele>24.2</ele>
        <time>2025-10-01T15:11:08.000Z</time>
        <speed>1.082</speed>
      </trkpt>
      <trkpt lat="50.7066832" lon="-2.7407631">
        <ele>24.8</ele>
        <time>2025-10-01T15:11:13.000Z</time>
        <speed>1.110</speed>
      </trkpt>
      <trkpt lat="50.7066340" lon="-2.7407945">
        <ele>25.0</ele>
        <time>2025-10-01T15:11:18.000Z</time>
        <speed>1.157</speed>
      </trkpt>
      <trkpt lat="50.7065927" lon="-2.7408097">
        <ele>25.2</ele>
        <time>2025-10-01T15:11:23.000Z</time>
        <speed>1.073</speed>
      </trkpt>
      <trkpt lat="50.7065599" lon="-2.7408253">
        <ele>25.6</ele>
        <time>2025-10-01T15:11:28.000Z</time>
        <speed>0.998</speed>
      </trkpt>
      <trkpt lat="50.7065380" lon="-2.7408968">
        <ele>26.0</ele>
        <time>2025-10-01T15:11:33.000Z</time>
        <speed>0.989</speed>
      </trkpt>
      <trkpt lat="50.7065285" lon="-2.7409760">
        <ele>26.4</ele>
        <time>2025-10-01T15:11:38.000Z</time>
        <speed>1.082</speed>
      </trkpt>
      <trkpt lat="50.7065435" lon="-2.7410604">
        <ele>27.0</ele>
        <time>2025-10-01T15:11:43.000Z</time>
        <speed>1.064</speed>
      </trkpt>
      <trkpt lat="50.7065609" lon="-2.7411250">
        <ele>27.6</ele>
        <time>2025-10-01T15:11:48.000Z</time>
        <speed>1.045</speed>
      </trkpt>
      <trkpt lat="50.7065785" lon="-2.7412047">
        <ele>28.0</ele>
        <time>2025-10-01T15:11:53.000Z</time>
        <speed>1.064</speed>
      </trkpt>
      <trkpt lat="50.7065996" lon="-2.7412879">
        <ele>28.6</ele>
        <time>2025-10-01T15:11:58.000Z</time>
        <speed>1.092</speed>
      </trkpt>
      <trkpt lat="50.7066200" lon="-2.7413619">
        <ele>28.8</ele>
        <time>2025-10-01T15:12:03.000Z</time>
        <speed>1.120</speed>
      </trkpt>
      <trkpt lat="50.7066517" lon="-2.7414438">
        <ele>29.0</ele>
        <time>2025-10-01T15:12:08.000Z</time>
        <speed>1.157</speed>
      </trkpt>
      <trkpt lat="50.7066752" lon="-2.7415189">
        <ele>29.4</ele>
        <time>2025-10-01T15:12:13.000Z</time>
        <speed>1.176</speed>
      </trkpt>
      <trkpt lat="50.7067034" lon="-2.7415910">
        <ele>29.6</ele>
        <time>2025-10-01T15:12:18.000Z</time>
        <speed>1.204</speed>
      </trkpt>
      <trkpt lat="50.7067386" lon="-2.7416521">
        <ele>29.8</ele>
        <time>2025-10-01T15:12:23.000Z</time>
        <speed>1.176</speed>
      </trkpt>
      <trkpt lat="50.7067749" lon="-2.7417306">
        <ele>29.8</ele>
        <time>2025-10-01T15:12:28.000Z</time>
        <speed>1.213</speed>
      </trkpt>
      <trkpt lat="50.7068112" lon="-2.7418234">
        <ele>30.0</ele>
        <time>2025-10-01T15:12:33.000Z</time>
        <speed>1.297</speed>
      </trkpt>
      <trkpt lat="50.7068334" lon="-2.7418845">
        <ele>30.4</ele>
        <time>2025-10-01T15:12:38.000Z</time>
        <speed>1.250</speed>
      </trkpt>
      <trkpt lat="50.7068447" lon="-2.7419628">
        <ele>31.2</ele>
        <time>2025-10-01T15:12:43.000Z</time>
        <speed>1.222</speed>
      </trkpt>
      <trkpt lat="50.7068575" lon="-2.7420494">
        <ele>31.4</ele>
        <time>2025-10-01T15:12:48.000Z</time>
        <speed>1.232</speed>
      </trkpt>
      <trkpt lat="50.7068819" lon="-2.7421300">
        <ele>31.6</ele>
        <time>2025-10-01T15:12:53.000Z</time>
        <speed>1.241</speed>
      </trkpt>
      <trkpt lat="50.7069178" lon="-2.7422250">
        <ele>31.8</ele>
        <time>2025-10-01T15:12:58.000Z</time>
        <speed>1.306</speed>
      </trkpt>
      <trkpt lat="50.7069439" lon="-2.7423060">
        <ele>32.2</ele>
        <time>2025-10-01T15:13:03.000Z</time>
        <speed>1.353</speed>
      </trkpt>
      <trkpt lat="50.7069708" lon="-2.7423870">
        <ele>32.0</ele>
        <time>2025-10-01T15:13:08.000Z</time>
        <speed>1.334</speed>
      </trkpt>
      <trkpt lat="50.7069838" lon="-2.7424686">
        <ele>32.2</ele>
        <time>2025-10-01T15:13:13.000Z</time>
        <speed>1.325</speed>
      </trkpt>
      <trkpt lat="50.7070135" lon="-2.7425576">
        <ele>32.4</ele>
        <time>2025-10-01T15:13:18.000Z</time>
        <speed>1.334</speed>
      </trkpt>
      <trkpt lat="50.7070487" lon="-2.7426481">
        <ele>32.2</ele>
        <time>2025-10-01T15:13:23.000Z</time>
        <speed>1.400</speed>
      </trkpt>
      <trkpt lat="50.7070773" lon="-2.7427263">
        <ele>32.6</ele>
        <time>2025-10-01T15:13:28.000Z</time>
        <speed>1.362</speed>
      </trkpt>
      <trkpt lat="50.7070930" lon="-2.7428010">
        <ele>32.6</ele>
        <time>2025-10-01T15:13:33.000Z</time>
        <speed>1.269</speed>
      </trkpt>
      <trkpt lat="50.7071162" lon="-2.7428994">
        <ele>32.8</ele>
        <time>2025-10-01T15:13:38.000Z</time>
        <speed>1.316</speed>
      </trkpt>
      <trkpt lat="50.7071341" lon="-2.7429808">
        <ele>32.8</ele>
        <time>2025-10-01T15:13:43.000Z</time>
        <speed>1.306</speed>
      </trkpt>
      <trkpt lat="50.7071555" lon="-2.7430660">
        <ele>32.8</ele>
        <time>2025-10-01T15:13:48.000Z</time>
        <speed>1.306</speed>
      </trkpt>
      <trkpt lat="50.7071774" lon="-2.7431585">
        <ele>32.6</ele>
        <time>2025-10-01T15:13:53.000Z</time>
        <speed>1.316</speed>
      </trkpt>
      <trkpt lat="50.7072052" lon="-2.7432394">
        <ele>32.6</ele>
        <time>2025-10-01T15:13:58.000Z</time>
        <speed>1.316</speed>
      </trkpt>
      <trkpt lat="50.7072355" lon="-2.7433331">
        <ele>32.8</ele>
        <time>2025-10-01T15:14:03.000Z</time>
        <speed>1.316</speed>
      </trkpt>
      <trkpt lat="50.7072635" lon="-2.7434190">
        <ele>33.0</ele>
        <time>2025-10-01T15:14:08.000Z</time>
        <speed>1.344</speed>
      </trkpt>
      <trkpt lat="50.7072863" lon="-2.7434826">
        <ele>33.0</ele>
        <time>2025-10-01T15:14:13.000Z</time>
        <speed>1.288</speed>
      </trkpt>
      <trkpt lat="50.7073085" lon="-2.7435711">
        <ele>33.0</ele>
        <time>2025-10-01T15:14:18.000Z</time>
        <speed>1.288</speed>
      </trkpt>
      <trkpt lat="50.7073324" lon="-2.7436589">
        <ele>33.2</ele>
        <time>2025-10-01T15:14:23.000Z</time>
        <speed>1.288</speed>
      </trkpt>
      <trkpt lat="50.7073496" lon="-2.7437383">
        <ele>33.4</ele>
        <time>2025-10-01T15:14:28.000Z</time>
        <speed>1.297</speed>
      </trkpt>
      <trkpt lat="50.7073648" lon="-2.7438199">
        <ele>33.4</ele>
        <time>2025-10-01T15:14:33.000Z</time>
        <speed>1.288</speed>
      </trkpt>
      <trkpt lat="50.7073903" lon="-2.7439150">
        <ele>33.4</ele>
        <time>2025-10-01T15:14:38.000Z</time>
        <speed>1.297</speed>
      </trkpt>
      <trkpt lat="50.7074162" lon="-2.7439963">
        <ele>33.6</ele>
        <time>2025-10-01T15:14:43.000Z</time>
        <speed>1.297</speed>
      </trkpt>
      <trkpt lat="50.7074384" lon="-2.7440825">
        <ele>33.6</ele>
        <time>2025-10-01T15:14:48.000Z</time>
        <speed>1.316</speed>
      </trkpt>
      <trkpt lat="50.7074650" lon="-2.7441810">
        <ele>33.8</ele>
        <time>2025-10-01T15:14:53.000Z</time>
        <speed>1.325</speed>
      </trkpt>
      <trkpt lat="50.7074896" lon="-2.7442700">
        <ele>33.8</ele>
        <time>2025-10-01T15:14:58.000Z</time>
        <speed>1.334</speed>
      </trkpt>
      <trkpt lat="50.7075161" lon="-2.7443642">
        <ele>33.8</ele>
        <time>2025-10-01T15:15:03.000Z</time>
        <speed>1.353</speed>
      </trkpt>
      <trkpt lat="50.7075422" lon="-2.7444557">
        <ele>33.8</ele>
        <time>2025-10-01T15:15:08.000Z</time>
        <speed>1.372</speed>
      </trkpt>
      <trkpt lat="50.7075571" lon="-2.7445410">
        <ele>33.8</ele>
        <time>2025-10-01T15:15:13.000Z</time>
        <speed>1.353</speed>
      </trkpt>
      <trkpt lat="50.7075783" lon="-2.7446285">
        <ele>34.0</ele>
        <time>2025-10-01T15:15:18.000Z</time>
        <speed>1.362</speed>
      </trkpt>
      <trkpt lat="50.7076023" lon="-2.7447078">
        <ele>33.8</ele>
        <time>2025-10-01T15:15:23.000Z</time>
        <speed>1.353</speed>
      </trkpt>
      <trkpt lat="50.7076312" lon="-2.7448077">
        <ele>33.8</ele>
        <time>2025-10-01T15:15:28.000Z</time>
        <speed>1.362</speed>
      </trkpt>
      <trkpt lat="50.7076481" lon="-2.7448909">
        <ele>34.0</ele>
        <time>2025-10-01T15:15:33.000Z</time>
        <speed>1.344</speed>
      </trkpt>
      <trkpt lat="50.7076746" lon="-2.7449725">
        <ele>34.2</ele>
        <time>2025-10-01T15:15:38.000Z</time>
        <speed>1.344</speed>
      </trkpt>
      <trkpt lat="50.7076934" lon="-2.7450564">
        <ele>34.0</ele>
        <time>2025-10-01T15:15:43.000Z</time>
        <speed>1.344</speed>
      </trkpt>
      <trkpt lat="50.7077154" lon="-2.7451511">
        <ele>34.2</ele>
        <time>2025-10-01T15:15:48.000Z</time>
        <speed>1.344</speed>
      </trkpt>
      <trkpt lat="50.7077420" lon="-2.7452379">
        <ele>34.2</ele>
        <time>2025-10-01T15:15:53.000Z</time>
        <speed>1.344</speed>
      </trkpt>
      <trkpt lat="50.7077668" lon="-2.7453284">
        <ele>34.2</ele>
        <time>2025-10-01T15:15:58.000Z</time>
        <speed>1.362</speed>
      </trkpt>
      <trkpt lat="50.7077933" lon="-2.7454130">
        <ele>34.4</ele>
        <time>2025-10-01T15:16:03.000Z</time>
        <speed>1.362</speed>
      </trkpt>
      <trkpt lat="50.7078229" lon="-2.7455049">
        <ele>34.2</ele>
        <time>2025-10-01T15:16:08.000Z</time>
        <speed>1.362</speed>
      </trkpt>
      <trkpt lat="50.7078392" lon="-2.7455947">
        <ele>34.2</ele>
        <time>2025-10-01T15:16:13.000Z</time>
        <speed>1.372</speed>
      </trkpt>
      <trkpt lat="50.7078682" lon="-2.7456853">
        <ele>34.2</ele>
        <time>2025-10-01T15:16:18.000Z</time>
        <speed>1.372</speed>
      </trkpt>
      <trkpt lat="50.7078960" lon="-2.7457673">
        <ele>34.4</ele>
        <time>2025-10-01T15:16:23.000Z</time>
        <speed>1.372</speed>
      </trkpt>
      <trkpt lat="50.7079233" lon="-2.7458610">
        <ele>34.6</ele>
        <time>2025-10-01T15:16:28.000Z</time>
        <speed>1.372</speed>
      </trkpt>
      <trkpt lat="50.7079475" lon="-2.7459340">
        <ele>34.4</ele>
        <time>2025-10-01T15:16:33.000Z</time>
        <speed>1.372</speed>
      </trkpt>
      <trkpt lat="50.7079785" lon="-2.7460150">
        <ele>34.8</ele>
        <time>2025-10-01T15:16:38.000Z</time>
        <speed>1.362</speed>
      </trkpt>
      <trkpt lat="50.7079994" lon="-2.7461078">
        <ele>35.0</ele>
        <time>2025-10-01T15:16:43.000Z</time>
        <speed>1.334</speed>
      </trkpt>
      <trkpt lat="50.7080197" lon="-2.7462051">
        <ele>34.6</ele>
        <time>2025-10-01T15:16:48.000Z</time>
        <speed>1.353</speed>
      </trkpt>
      <trkpt lat="50.7080428" lon="-2.7462870">
        <ele>34.6</ele>
        <time>2025-10-01T15:16:53.000Z</time>
        <speed>1.372</speed>
      </trkpt>
      <trkpt lat="50.7080714" lon="-2.7463752">
        <ele>34.8</ele>
        <time>2025-10-01T15:16:58.000Z</time>
        <speed>1.362</speed>
      </trkpt>
      <trkpt lat="50.7080914" lon="-2.7464592">
        <ele>34.8</ele>
        <time>2025-10-01T15:17:03.000Z</time>
        <speed>1.344</speed>
      </trkpt>
      <trkpt lat="50.7081198" lon="-2.7465571">
        <ele>34.8</ele>
        <time>2025-10-01T15:17:08.000Z</time>
        <speed>1.353</speed>
      </trkpt>
      <trkpt lat="50.7081373" lon="-2.7466474">
        <ele>34.8</ele>
        <time>2025-10-01T15:17:13.000Z</time>
        <speed>1.381</speed>
      </trkpt>
      <trkpt lat="50.7081590" lon="-2.7467246">
        <ele>35.0</ele>
        <time>2025-10-01T15:17:18.000Z</time>
        <speed>1.353</speed>
      </trkpt>
      <trkpt lat="50.7081843" lon="-2.7468104">
        <ele>35.2</ele>
        <time>2025-10-01T15:17:23.000Z</time>
        <speed>1.344</speed>
      </trkpt>
      <trkpt lat="50.7082072" lon="-2.7469109">
        <ele>35.4</ele>
        <time>2025-10-01T15:17:28.000Z</time>
        <speed>1.353</speed>
      </trkpt>
      <trkpt lat="50.7082223" lon="-2.7469883">
        <ele>35.4</ele>
        <time>2025-10-01T15:17:33.000Z</time>
        <speed>1.316</speed>
      </trkpt>
      <trkpt lat="50.7082444" lon="-2.7470786">
        <ele>35.6</ele>
        <time>2025-10-01T15:17:38.000Z</time>
        <speed>1.325</speed>
      </trkpt>
      <trkpt lat="50.7082709" lon="-2.7471677">
        <ele>35.6</ele>
        <time>2025-10-01T15:17:43.000Z</time>
        <speed>1.334</speed>
      </trkpt>
      <trkpt lat="50.7082878" lon="-2.7472510">
        <ele>35.8</ele>
        <time>2025-10-01T15:17:48.000Z</time>
        <speed>1.306</speed>
      </trkpt>
      <trkpt lat="50.7083052" lon="-2.7473336">
        <ele>35.8</ele>
        <time>2025-10-01T15:17:53.000Z</time>
        <speed>1.278</speed>
      </trkpt>
      <trkpt lat="50.7083303" lon="-2.7474232">
        <ele>36.0</ele>
        <time>2025-10-01T15:17:58.000Z</time>
        <speed>1.288</speed>
      </trkpt>
      <trkpt lat="50.7083512" lon="-2.7475036">
        <ele>36.6</ele>
        <time>2025-10-01T15:18:03.000Z</time>
        <speed>1.278</speed>
      </trkpt>
      <trkpt lat="50.7083759" lon="-2.7475987">
        <ele>36.6</ele>
        <time>2025-10-01T15:18:08.000Z</time>
        <speed>1.297</speed>
      </trkpt>
      <trkpt lat="50.7083983" lon="-2.7476862">
        <ele>36.6</ele>
        <time>2025-10-01T15:18:13.000Z</time>
        <speed>1.334</speed>
      </trkpt>
      <trkpt lat="50.7084281" lon="-2.7477810">
        <ele>36.4</ele>
        <time>2025-10-01T15:18:18.000Z</time>
        <speed>1.381</speed>
      </trkpt>
      <trkpt lat="50.7084431" lon="-2.7478623">
        <ele>36.6</ele>
        <time>2025-10-01T15:18:23.000Z</time>
        <speed>1.344</speed>
      </trkpt>
      <trkpt lat="50.7084653" lon="-2.7479507">
        <ele>36.6</ele>
        <time>2025-10-01T15:18:28.000Z</time>
        <speed>1.334</speed>
      </trkpt>
      <trkpt lat="50.7084933" lon="-2.7480479">
        <ele>36.6</ele>
        <time>2025-10-01T15:18:33.000Z</time>
        <speed>1.362</speed>
      </trkpt>
      <trkpt lat="50.7085118" lon="-2.7481244">
        <ele>36.6</ele>
        <time>2025-10-01T15:18:38.000Z</time>
        <speed>1.353</speed>
      </trkpt>
      <trkpt lat="50.7085428" lon="-2.7482127">
        <ele>36.4</ele>
        <time>2025-10-01T15:18:43.000Z</time>
        <speed>1.353</speed>
      </trkpt>
      <trkpt lat="50.7085708" lon="-2.7483043">
        <ele>36.2</ele>
        <time>2025-10-01T15:18:48.000Z</time>
        <speed>1.325</speed>
      </trkpt>
      <trkpt lat="50.7085961" lon="-2.7483899">
        <ele>36.0</ele>
        <time>2025-10-01T15:18:53.000Z</time>
        <speed>1.372</speed>
      </trkpt>
      <trkpt lat="50.7086230" lon="-2.7484758">
        <ele>36.0</ele>
        <time>2025-10-01T15:18:58.000Z</time>
        <speed>1.344</speed>
      </trkpt>
      <trkpt lat="50.7086019" lon="-2.7485752">
        <ele>36.0</ele>
        <time>2025-10-01T15:19:03.000Z</time>
        <speed>1.390</speed>
      </trkpt>
      <trkpt lat="50.7085937" lon="-2.7486621">
        <ele>35.8</ele>
        <time>2025-10-01T15:19:08.000Z</time>
        <speed>1.381</speed>
      </trkpt>
      <trkpt lat="50.7085852" lon="-2.7487534">
        <ele>36.2</ele>
        <time>2025-10-01T15:19:13.000Z</time>
        <speed>1.362</speed>
      </trkpt>
      <trkpt lat="50.7085724" lon="-2.7488383">
        <ele>36.2</ele>
        <time>2025-10-01T15:19:18.000Z</time>
        <speed>1.344</speed>
      </trkpt>
      <trkpt lat="50.7085672" lon="-2.7489384">
        <ele>36.2</ele>
        <time>2025-10-01T15:19:23.000Z</time>
        <speed>1.344</speed>
      </trkpt>
      <trkpt lat="50.7085705" lon="-2.7490380">
        <ele>36.4</ele>
        <time>2025-10-01T15:19:28.000Z</time>
        <speed>1.334</speed>
      </trkpt>
      <trkpt lat="50.7085757" lon="-2.7491276">
        <ele>36.4</ele>
        <time>2025-10-01T15:19:33.000Z</time>
        <speed>1.334</speed>
      </trkpt>
      <trkpt lat="50.7085778" lon="-2.7492115">
        <ele>36.6</ele>
        <time>2025-10-01T15:19:38.000Z</time>
        <speed>1.316</speed>
      </trkpt>
      <trkpt lat="50.7085760" lon="-2.7493060">
        <ele>36.4</ele>
        <time>2025-10-01T15:19:43.000Z</time>
        <speed>1.288</speed>
      </trkpt>
      <trkpt lat="50.7085920" lon="-2.7493905">
        <ele>37.0</ele>
        <time>2025-10-01T15:19:48.000Z</time>
        <speed>1.278</speed>
      </trkpt>
      <trkpt lat="50.7086113" lon="-2.7494692">
        <ele>36.8</ele>
        <time>2025-10-01T15:19:53.000Z</time>
        <speed>1.269</speed>
      </trkpt>
      <trkpt lat="50.7086283" lon="-2.7495626">
        <ele>37.0</ele>
        <time>2025-10-01T15:19:58.000Z</time>
        <speed>1.260</speed>
      </trkpt>
      <trkpt lat="50.7086358" lon="-2.7496633">
        <ele>37.0</ele>
        <time>2025-10-01T15:20:03.000Z</time>
        <speed>1.288</speed>
      </trkpt>
      <trkpt lat="50.7086388" lon="-2.7497611">
        <ele>37.0</ele>
        <time>2025-10-01T15:20:08.000Z</time>
        <speed>1.316</speed>
      </trkpt>
      <trkpt lat="50.7086536" lon="-2.7498541">
        <ele>37.2</ele>
        <time>2025-10-01T15:20:13.000Z</time>
        <speed>1.325</speed>
      </trkpt>
      <trkpt lat="50.7086657" lon="-2.7499458">
        <ele>37.2</ele>
        <time>2025-10-01T15:20:18.000Z</time>
        <speed>1.316</speed>
      </trkpt>
      <trkpt lat="50.7086824" lon="-2.7500403">
        <ele>37.4</ele>
        <time>2025-10-01T15:20:23.000Z</time>
        <speed>1.325</speed>
      </trkpt>
      <trkpt lat="50.7086972" lon="-2.7501390">
        <ele>37.6</ele>
        <time>2025-10-01T15:20:28.000Z</time>
        <speed>1.325</speed>
      </trkpt>
      <trkpt lat="50.7087066" lon="-2.7502236">
        <ele>37.8</ele>
        <time>2025-10-01T15:20:33.000Z</time>
        <speed>1.288</speed>
      </trkpt>
      <trkpt lat="50.7087089" lon="-2.7503330">
        <ele>37.8</ele>
        <time>2025-10-01T15:20:38.000Z</time>
        <speed>1.325</speed>
      </trkpt>
      <trkpt lat="50.7086978" lon="-2.7504121">
        <ele>38.0</ele>
        <time>2025-10-01T15:20:43.000Z</time>
        <speed>1.306</speed>
      </trkpt>
      <trkpt lat="50.7087064" lon="-2.7504901">
        <ele>38.4</ele>
        <time>2025-10-01T15:20:48.000Z</time>
        <speed>1.297</speed>
      </trkpt>
      <trkpt lat="50.7087533" lon="-2.7505602">
        <ele>38.8</ele>
        <time>2025-10-01T15:20:53.000Z</time>
        <speed>1.288</speed>
      </trkpt>
      <trkpt lat="50.7087889" lon="-2.7506152">
        <ele>38.8</ele>
        <time>2025-10-01T15:20:58.000Z</time>
        <speed>1.269</speed>
      </trkpt>
      <trkpt lat="50.7088243" lon="-2.7506872">
        <ele>38.4</ele>
        <time>2025-10-01T15:21:03.000Z</time>
        <speed>1.297</speed>
      </trkpt>
      <trkpt lat="50.7088792" lon="-2.7507566">
        <ele>38.4</ele>
        <time>2025-10-01T15:21:08.000Z</time>
        <speed>1.372</speed>
      </trkpt>
      <trkpt lat="50.7089153" lon="-2.7508244">
        <ele>38.4</ele>
        <time>2025-10-01T15:21:13.000Z</time>
        <speed>1.334</speed>
      </trkpt>
      <trkpt lat="50.7089583" lon="-2.7508895">
        <ele>38.2</ele>
        <time>2025-10-01T15:21:18.000Z</time>
        <speed>1.344</speed>
      </trkpt>
      <trkpt lat="50.7090002" lon="-2.7509390">
        <ele>38.4</ele>
        <time>2025-10-01T15:21:23.000Z</time>
        <speed>1.325</speed>
      </trkpt>
      <trkpt lat="50.7090458" lon="-2.7509094">
        <ele>38.2</ele>
        <time>2025-10-01T15:21:28.000Z</time>
        <speed>1.288</speed>
      </trkpt>
      <trkpt lat="50.7090885" lon="-2.7508452">
        <ele>37.8</ele>
        <time>2025-10-01T15:21:33.000Z</time>
        <speed>1.288</speed>
      </trkpt>
      <trkpt lat="50.7091310" lon="-2.7508078">
        <ele>37.4</ele>
        <time>2025-10-01T15:21:38.000Z</time>
        <speed>1.297</speed>
      </trkpt>
      <trkpt lat="50.7091971" lon="-2.7507913">
        <ele>37.0</ele>
        <time>2025-10-01T15:21:43.000Z</time>
        <speed>1.297</speed>
      </trkpt>
      <trkpt lat="50.7092442" lon="-2.7507818">
        <ele>36.8</ele>
        <time>2025-10-01T15:21:48.000Z</time>
        <speed>1.306</speed>
      </trkpt>
      <trkpt lat="50.7093105" lon="-2.7507753">
        <ele>36.2</ele>
        <time>2025-10-01T15:21:53.000Z</time>
        <speed>1.297</speed>
      </trkpt>
      <trkpt lat="50.7093758" lon="-2.7508122">
        <ele>35.6</ele>
        <time>2025-10-01T15:21:58.000Z</time>
        <speed>1.316</speed>
      </trkpt>
      <trkpt lat="50.7094286" lon="-2.7508570">
        <ele>35.0</ele>
        <time>2025-10-01T15:22:03.000Z</time>
        <speed>1.334</speed>
      </trkpt>
      <trkpt lat="50.7094698" lon="-2.7509395">
        <ele>34.8</ele>
        <time>2025-10-01T15:22:08.000Z</time>
        <speed>1.344</speed>
      </trkpt>
      <trkpt lat="50.7095017" lon="-2.7510182">
        <ele>34.6</ele>
        <time>2025-10-01T15:22:13.000Z</time>
        <speed>1.353</speed>
      </trkpt>
      <trkpt lat="50.7095203" lon="-2.7511178">
        <ele>34.6</ele>
        <time>2025-10-01T15:22:18.000Z</time>
        <speed>1.353</speed>
      </trkpt>
      <trkpt lat="50.7095139" lon="-2.7512124">
        <ele>34.4</ele>
        <time>2025-10-01T15:22:23.000Z</time>
        <speed>1.353</speed>
      </trkpt>
      <trkpt lat="50.7094936" lon="-2.7513020">
        <ele>34.6</ele>
        <time>2025-10-01T15:22:28.000Z</time>
        <speed>1.344</speed>
      </trkpt>
      <trkpt lat="50.7094774" lon="-2.7513873">
        <ele>34.4</ele>
        <time>2025-10-01T15:22:33.000Z</time>
        <speed>1.353</speed>
      </trkpt>
      <trkpt lat="50.7094902" lon="-2.7514746">
        <ele>34.2</ele>
        <time>2025-10-01T15:22:38.000Z</time>
        <speed>1.334</speed>
      </trkpt>
      <trkpt lat="50.7095074" lon="-2.7515569">
        <ele>34.4</ele>
        <time>2025-10-01T15:22:43.000Z</time>
        <speed>1.278</speed>
      </trkpt>
      <trkpt lat="50.7095224" lon="-2.7516496">
        <ele>34.6</ele>
        <time>2025-10-01T15:22:48.000Z</time>
        <speed>1.250</speed>
      </trkpt>
      <trkpt lat="50.7095411" lon="-2.7517334">
        <ele>34.8</ele>
        <time>2025-10-01T15:22:53.000Z</time>
        <speed>1.278</speed>
      </trkpt>
      <trkpt lat="50.7095538" lon="-2.7518332">
        <ele>35.0</ele>
        <time>2025-10-01T15:22:58.000Z</time>
        <speed>1.288</speed>
      </trkpt>
      <trkpt lat="50.7095635" lon="-2.7519216">
        <ele>35.8</ele>
        <time>2025-10-01T15:23:03.000Z</time>
        <speed>1.306</speed>
      </trkpt>
      <trkpt lat="50.7095662" lon="-2.7519991">
        <ele>36.0</ele>
        <time>2025-10-01T15:23:08.000Z</time>
        <speed>1.306</speed>
      </trkpt>
      <trkpt lat="50.7095799" lon="-2.7520811">
        <ele>35.6</ele>
        <time>2025-10-01T15:23:13.000Z</time>
        <speed>1.269</speed>
      </trkpt>
      <trkpt lat="50.7095886" lon="-2.7521885">
        <ele>35.2</ele>
        <time>2025-10-01T15:23:18.000Z</time>
        <speed>1.306</speed>
      </trkpt>
      <trkpt lat="50.7095726" lon="-2.7522979">
        <ele>35.0</ele>
        <time>2025-10-01T15:23:23.000Z</time>
        <speed>1.418</speed>
      </trkpt>
      <trkpt lat="50.7095398" lon="-2.7523545">
        <ele>35.2</ele>
        <time>2025-10-01T15:23:28.000Z</time>
        <speed>1.409</speed>
      </trkpt>
      <trkpt lat="50.7095286" lon="-2.7524173">
        <ele>34.6</ele>
        <time>2025-10-01T15:23:33.000Z</time>
        <speed>1.222</speed>
      </trkpt>
      <trkpt lat="50.7095288" lon="-2.7524718">
        <ele>33.8</ele>
        <time>2025-10-01T15:23:38.000Z</time>
        <speed>1.092</speed>
      </trkpt>
      <trkpt lat="50.7095244" lon="-2.7525275">
        <ele>32.6</ele>
        <time>2025-10-01T15:23:43.000Z</time>
        <speed>0.896</speed>
      </trkpt>
      <trkpt lat="50.7095102" lon="-2.7525712">
        <ele>31.2</ele>
        <time>2025-10-01T15:23:48.000Z</time>
        <speed>0.849</speed>
      </trkpt>
      <trkpt lat="50.7094996" lon="-2.7526150">
        <ele>30.2</ele>
        <time>2025-10-01T15:23:53.000Z</time>
        <speed>0.756</speed>
      </trkpt>
      <trkpt lat="50.7094907" lon="-2.7526758">
        <ele>29.0</ele>
        <time>2025-10-01T15:23:58.000Z</time>
        <speed>0.821</speed>
      </trkpt>
      <trkpt lat="50.7094708" lon="-2.7527670">
        <ele>28.2</ele>
        <time>2025-10-01T15:24:03.000Z</time>
        <speed>0.933</speed>
      </trkpt>
      <trkpt lat="50.7094520" lon="-2.7528255">
        <ele>27.8</ele>
        <time>2025-10-01T15:24:08.000Z</time>
        <speed>0.998</speed>
      </trkpt>
      <trkpt lat="50.7094293" lon="-2.7528870">
        <ele>28.0</ele>
        <time>2025-10-01T15:24:13.000Z</time>
        <speed>0.961</speed>
      </trkpt>
      <trkpt lat="50.7094125" lon="-2.7529790">
        <ele>28.0</ele>
        <time>2025-10-01T15:24:18.000Z</time>
        <speed>1.092</speed>
      </trkpt>
      <trkpt lat="50.7093860" lon="-2.7530494">
        <ele>27.8</ele>
        <time>2025-10-01T15:24:23.000Z</time>
        <speed>1.166</speed>
      </trkpt>
      <trkpt lat="50.7093690" lon="-2.7530776">
        <ele>28.2</ele>
        <time>2025-10-01T15:24:28.000Z</time>
        <speed>0.952</speed>
      </trkpt>
      <trkpt lat="50.7093649" lon="-2.7530835">
        <ele>28.4</ele>
        <time>2025-10-01T15:24:33.000Z</time>
        <speed>0.000</speed>
      </trkpt>
      <trkpt lat="50.7093711" lon="-2.7531803">
        <ele>28.2</ele>
        <time>2025-10-01T15:24:38.000Z</time>
        <speed>1.726</speed>
      </trkpt>
      <trkpt lat="50.7093677" lon="-2.7532658">
        <ele>28.4</ele>
        <time>2025-10-01T15:24:43.000Z</time>
        <speed>0.588</speed>
      </trkpt>
      <trkpt lat="50.7093729" lon="-2.7533535">
        <ele>28.4</ele>
        <time>2025-10-01T15:24:48.000Z</time>
        <speed>1.148</speed>
      </trkpt>
      <trkpt lat="50.7093783" lon="-2.7534228">
        <ele>28.6</ele>
        <time>2025-10-01T15:24:53.000Z</time>
        <speed>1.101</speed>
      </trkpt>
      <trkpt lat="50.7093820" lon="-2.7535034">
        <ele>29.0</ele>
        <time>2025-10-01T15:24:58.000Z</time>
        <speed>1.092</speed>
      </trkpt>
      <trkpt lat="50.7093805" lon="-2.7535902">
        <ele>29.6</ele>
        <time>2025-10-01T15:25:03.000Z</time>
        <speed>1.194</speed>
      </trkpt>
      <trkpt lat="50.7093753" lon="-2.7536711">
        <ele>30.2</ele>
        <time>2025-10-01T15:25:08.000Z</time>
        <speed>1.129</speed>
      </trkpt>
      <trkpt lat="50.7093758" lon="-2.7537443">
        <ele>30.8</ele>
        <time>2025-10-01T15:25:13.000Z</time>
        <speed>1.073</speed>
      </trkpt>
      <trkpt lat="50.7093763" lon="-2.7538097">
        <ele>31.8</ele>
        <time>2025-10-01T15:25:18.000Z</time>
        <speed>1.054</speed>
      </trkpt>
      <trkpt lat="50.7093815" lon="-2.7538776">
        <ele>32.6</ele>
        <time>2025-10-01T15:25:23.000Z</time>
        <speed>1.008</speed>
      </trkpt>
      <trkpt lat="50.7093784" lon="-2.7539299">
        <ele>33.6</ele>
        <time>2025-10-01T15:25:28.000Z</time>
        <speed>0.980</speed>
      </trkpt>
      <trkpt lat="50.7093722" lon="-2.7539926">
        <ele>34.4</ele>
        <time>2025-10-01T15:25:33.000Z</time>
        <speed>0.942</speed>
      </trkpt>
      <trkpt lat="50.7093693" lon="-2.7540438">
        <ele>35.2</ele>
        <time>2025-10-01T15:25:38.000Z</time>
        <speed>0.886</speed>
      </trkpt>
      <trkpt lat="50.7093680" lon="-2.7541060">
        <ele>36.0</ele>
        <time>2025-10-01T15:25:43.000Z</time>
        <speed>0.905</speed>
      </trkpt>
      <trkpt lat="50.7093638" lon="-2.7541532">
        <ele>36.8</ele>
        <time>2025-10-01T15:25:48.000Z</time>
        <speed>0.858</speed>
      </trkpt>
      <trkpt lat="50.7093650" lon="-2.7542158">
        <ele>37.4</ele>
        <time>2025-10-01T15:25:53.000Z</time>
        <speed>0.830</speed>
      </trkpt>
      <trkpt lat="50.7093649" lon="-2.7542790">
        <ele>38.4</ele>
        <time>2025-10-01T15:25:58.000Z</time>
        <speed>0.886</speed>
      </trkpt>
      <trkpt lat="50.7093637" lon="-2.7543500">
        <ele>38.8</ele>
        <time>2025-10-01T15:26:03.000Z</time>
        <speed>0.924</speed>
      </trkpt>
      <trkpt lat="50.7093546" lon="-2.7544626">
        <ele>39.0</ele>
        <time>2025-10-01T15:26:08.000Z</time>
        <speed>1.008</speed>
      </trkpt>
      <trkpt lat="50.7093561" lon="-2.7545293">
        <ele>39.4</ele>
        <time>2025-10-01T15:26:13.000Z</time>
        <speed>0.914</speed>
      </trkpt>
      <trkpt lat="50.7093562" lon="-2.7546058">
        <ele>39.6</ele>
        <time>2025-10-01T15:26:18.000Z</time>
        <speed>1.036</speed>
      </trkpt>
      <trkpt lat="50.7093566" lon="-2.7546893">
        <ele>39.6</ele>
        <time>2025-10-01T15:26:23.000Z</time>
        <speed>1.101</speed>
      </trkpt>
      <trkpt lat="50.7093536" lon="-2.7547772">
        <ele>39.8</ele>
        <time>2025-10-01T15:26:28.000Z</time>
        <speed>1.138</speed>
      </trkpt>
      <trkpt lat="50.7093549" lon="-2.7548587">
        <ele>40.2</ele>
        <time>2025-10-01T15:26:33.000Z</time>
        <speed>1.129</speed>
      </trkpt>
      <trkpt lat="50.7093666" lon="-2.7549293">
        <ele>40.4</ele>
        <time>2025-10-01T15:26:38.000Z</time>
        <speed>1.073</speed>
      </trkpt>
      <trkpt lat="50.7093996" lon="-2.7549842">
        <ele>40.4</ele>
        <time>2025-10-01T15:26:43.000Z</time>
        <speed>1.064</speed>
      </trkpt>
      <trkpt lat="50.7094305" lon="-2.7550508">
        <ele>40.0</ele>
        <time>2025-10-01T15:26:48.000Z</time>
        <speed>1.073</speed>
      </trkpt>
      <trkpt lat="50.7094618" lon="-2.7551099">
        <ele>39.2</ele>
        <time>2025-10-01T15:26:53.000Z</time>
        <speed>1.092</speed>
      </trkpt>
      <trkpt lat="50.7094963" lon="-2.7551673">
        <ele>38.4</ele>
        <time>2025-10-01T15:26:58.000Z</time>
        <speed>1.101</speed>
      </trkpt>
      <trkpt lat="50.7095358" lon="-2.7552115">
        <ele>37.4</ele>
        <time>2025-10-01T15:27:03.000Z</time>
        <speed>1.082</speed>
      </trkpt>
      <trkpt lat="50.7095728" lon="-2.7552736">
        <ele>37.0</ele>
        <time>2025-10-01T15:27:08.000Z</time>
        <speed>1.092</speed>
      </trkpt>
      <trkpt lat="50.7096042" lon="-2.7553303">
        <ele>36.2</ele>
        <time>2025-10-01T15:27:13.000Z</time>
        <speed>1.101</speed>
      </trkpt>
      <trkpt lat="50.7096237" lon="-2.7554259">
        <ele>35.2</ele>
        <time>2025-10-01T15:27:18.000Z</time>
        <speed>1.110</speed>
      </trkpt>
      <trkpt lat="50.7096464" lon="-2.7554578">
        <ele>34.2</ele>
        <time>2025-10-01T15:27:23.000Z</time>
        <speed>1.082</speed>
      </trkpt>
      <trkpt lat="50.7096693" lon="-2.7555228">
        <ele>33.2</ele>
        <time>2025-10-01T15:27:28.000Z</time>
        <speed>1.064</speed>
      </trkpt>
      <trkpt lat="50.7096936" lon="-2.7555886">
        <ele>31.8</ele>
        <time>2025-10-01T15:27:33.000Z</time>
        <speed>1.110</speed>
      </trkpt>
      <trkpt lat="50.7097143" lon="-2.7556395">
        <ele>30.4</ele>
        <time>2025-10-01T15:27:38.000Z</time>
        <speed>0.998</speed>
      </trkpt>
      <trkpt lat="50.7097485" lon="-2.7556958">
        <ele>29.2</ele>
        <time>2025-10-01T15:27:43.000Z</time>
        <speed>1.036</speed>
      </trkpt>
      <trkpt lat="50.7097778" lon="-2.7557553">
        <ele>27.8</ele>
        <time>2025-10-01T15:27:48.000Z</time>
        <speed>1.017</speed>
      </trkpt>
      <trkpt lat="50.7098041" lon="-2.7558342">
        <ele>26.8</ele>
        <time>2025-10-01T15:27:53.000Z</time>
        <speed>1.054</speed>
      </trkpt>
      <trkpt lat="50.7098417" lon="-2.7558982">
        <ele>26.2</ele>
        <time>2025-10-01T15:27:58.000Z</time>
        <speed>1.138</speed>
      </trkpt>
      <trkpt lat="50.7098785" lon="-2.7559649">
        <ele>25.2</ele>
        <time>2025-10-01T15:28:03.000Z</time>
        <speed>1.138</speed>
      </trkpt>
      <trkpt lat="50.7099113" lon="-2.7560315">
        <ele>24.2</ele>
        <time>2025-10-01T15:28:08.000Z</time>
        <speed>1.166</speed>
      </trkpt>
      <trkpt lat="50.7099520" lon="-2.7560824">
        <ele>23.4</ele>
        <time>2025-10-01T15:28:13.000Z</time>
        <speed>1.157</speed>
      </trkpt>
      <trkpt lat="50.7099817" lon="-2.7561316">
        <ele>22.2</ele>
        <time>2025-10-01T15:28:18.000Z</time>
        <speed>1.148</speed>
      </trkpt>
      <trkpt lat="50.7100162" lon="-2.7561907">
        <ele>21.4</ele>
        <time>2025-10-01T15:28:23.000Z</time>
        <speed>1.138</speed>
      </trkpt>
      <trkpt lat="50.7100571" lon="-2.7562438">
        <ele>20.2</ele>
        <time>2025-10-01T15:28:28.000Z</time>
        <speed>1.148</speed>
      </trkpt>
      <trkpt lat="50.7100931" lon="-2.7562911">
        <ele>19.2</ele>
        <time>2025-10-01T15:28:33.000Z</time>
        <speed>1.120</speed>
      </trkpt>
      <trkpt lat="50.7101307" lon="-2.7563453">
        <ele>18.0</ele>
        <time>2025-10-01T15:28:38.000Z</time>
        <speed>1.129</speed>
      </trkpt>
      <trkpt lat="50.7101704" lon="-2.7564169">
        <ele>17.2</ele>
        <time>2025-10-01T15:28:43.000Z</time>
        <speed>1.138</speed>
      </trkpt>
      <trkpt lat="50.7102045" lon="-2.7564920">
        <ele>16.0</ele>
        <time>2025-10-01T15:28:48.000Z</time>
        <speed>1.176</speed>
      </trkpt>
      <trkpt lat="50.7102405" lon="-2.7565408">
        <ele>15.2</ele>
        <time>2025-10-01T15:28:53.000Z</time>
        <speed>1.176</speed>
      </trkpt>
      <trkpt lat="50.7102825" lon="-2.7566015">
        <ele>14.0</ele>
        <time>2025-10-01T15:28:58.000Z</time>
        <speed>1.185</speed>
      </trkpt>
      <trkpt lat="50.7103261" lon="-2.7566372">
        <ele>13.4</ele>
        <time>2025-10-01T15:29:03.000Z</time>
        <speed>1.194</speed>
      </trkpt>
      <trkpt lat="50.7103471" lon="-2.7566577">
        <ele>12.8</ele>
        <time>2025-10-01T15:29:08.000Z</time>
        <speed>1.120</speed>
      </trkpt>
      <trkpt lat="50.7103458" lon="-2.7566988">
        <ele>12.2</ele>
        <time>2025-10-01T15:29:13.000Z</time>
        <speed>0.560</speed>
      </trkpt>
      <trkpt lat="50.7103413" lon="-2.7567132">
        <ele>12.4</ele>
        <time>2025-10-01T15:29:18.000Z</time>
        <speed>0.000</speed>
      </trkpt>
      <trkpt lat="50.7103457" lon="-2.7566991">
        <ele>12.6</ele>
        <time>2025-10-01T15:29:23.000Z</time>
        <speed>0.000</speed>
      </trkpt>
      <trkpt lat="50.7103457" lon="-2.7566991">
        <ele>12.8</ele>
        <time>2025-10-01T15:29:28.000Z</time>
        <speed>0.000</speed>
      </trkpt>
      <trkpt lat="50.7103457" lon="-2.7566991">
        <ele>12.8</ele>
        <time>2025-10-01T15:29:33.000Z</time>
        <speed>0.000</speed>
      </trkpt>
      <trkpt lat="50.7103507" lon="-2.7566988">
        <ele>12.2</ele>
        <time>2025-10-01T15:29:38.000Z</time>
        <speed>0.000</speed>
      </trkpt>
      <trkpt lat="50.7103786" lon="-2.7567355">
        <ele>11.2</ele>
        <time>2025-10-01T15:29:43.000Z</time>
        <speed>0.728</speed>
      </trkpt>
      <trkpt lat="50.7103937" lon="-2.7567889">
        <ele>10.6</ele>
        <time>2025-10-01T15:29:48.000Z</time>
        <speed>0.849</speed>
      </trkpt>
      <trkpt lat="50.7104250" lon="-2.7568160">
        <ele>10.0</ele>
        <time>2025-10-01T15:29:53.000Z</time>
        <speed>0.868</speed>
      </trkpt>
      <trkpt lat="50.7104657" lon="-2.7568376">
        <ele>9.2</ele>
        <time>2025-10-01T15:29:58.000Z</time>
        <speed>0.914</speed>
      </trkpt>
      <trkpt lat="50.7105182" lon="-2.7568842">
        <ele>8.4</ele>
        <time>2025-10-01T15:30:03.000Z</time>
        <speed>0.970</speed>
      </trkpt>
      <trkpt lat="50.7105388" lon="-2.7569311">
        <ele>8.0</ele>
        <time>2025-10-01T15:30:08.000Z</time>
        <speed>0.914</speed>
      </trkpt>
      <trkpt lat="50.7105702" lon="-2.7569843">
        <ele>7.2</ele>
        <time>2025-10-01T15:30:13.000Z</time>
        <speed>1.017</speed>
      </trkpt>
      <trkpt lat="50.7105956" lon="-2.7570700">
        <ele>6.8</ele>
        <time>2025-10-01T15:30:18.000Z</time>
        <speed>1.138</speed>
      </trkpt>
      <trkpt lat="50.7105916" lon="-2.7571616">
        <ele>6.6</ele>
        <time>2025-10-01T15:30:23.000Z</time>
        <speed>1.241</speed>
      </trkpt>
      <trkpt lat="50.7105786" lon="-2.7572432">
        <ele>6.4</ele>
        <time>2025-10-01T15:30:28.000Z</time>
        <speed>1.250</speed>
      </trkpt>
      <trkpt lat="50.7105620" lon="-2.7573322">
        <ele>6.4</ele>
        <time>2025-10-01T15:30:33.000Z</time>
        <speed>1.260</speed>
      </trkpt>
      <trkpt lat="50.7105447" lon="-2.7574170">
        <ele>6.2</ele>
        <time>2025-10-01T15:30:38.000Z</time>
        <speed>1.260</speed>
      </trkpt>
      <trkpt lat="50.7105319" lon="-2.7575021">
        <ele>6.2</ele>
        <time>2025-10-01T15:30:43.000Z</time>
        <speed>1.260</speed>
      </trkpt>
      <trkpt lat="50.7105224" lon="-2.7575922">
        <ele>6.2</ele>
        <time>2025-10-01T15:30:48.000Z</time>
        <speed>1.269</speed>
      </trkpt>
      <trkpt lat="50.7105042" lon="-2.7576861">
        <ele>6.0</ele>
        <time>2025-10-01T15:30:53.000Z</time>
        <speed>1.288</speed>
      </trkpt>
      <trkpt lat="50.7104851" lon="-2.7577654">
        <ele>6.0</ele>
        <time>2025-10-01T15:30:58.000Z</time>
        <speed>1.278</speed>
      </trkpt>
      <trkpt lat="50.7104664" lon="-2.7578569">
        <ele>6.0</ele>
        <time>2025-10-01T15:31:03.000Z</time>
        <speed>1.306</speed>
      </trkpt>
      <trkpt lat="50.7104441" lon="-2.7579439">
        <ele>6.0</ele>
        <time>2025-10-01T15:31:08.000Z</time>
        <speed>1.306</speed>
      </trkpt>
      <trkpt lat="50.7104334" lon="-2.7580246">
        <ele>6.0</ele>
        <time>2025-10-01T15:31:13.000Z</time>
        <speed>1.278</speed>
      </trkpt>
      <trkpt lat="50.7104059" lon="-2.7581128">
        <ele>5.8</ele>
        <time>2025-10-01T15:31:18.000Z</time>
        <speed>1.297</speed>
      </trkpt>
      <trkpt lat="50.7103857" lon="-2.7582120">
        <ele>5.6</ele>
        <time>2025-10-01T15:31:23.000Z</time>
        <speed>1.390</speed>
      </trkpt>
      <trkpt lat="50.7103586" lon="-2.7582874">
        <ele>5.4</ele>
        <time>2025-10-01T15:31:28.000Z</time>
        <speed>1.344</speed>
      </trkpt>
      <trkpt lat="50.7103351" lon="-2.7583912">
        <ele>5.2</ele>
        <time>2025-10-01T15:31:33.000Z</time>
        <speed>1.381</speed>
      </trkpt>
      <trkpt lat="50.7103064" lon="-2.7584775">
        <ele>5.2</ele>
        <time>2025-10-01T15:31:38.000Z</time>
        <speed>1.409</speed>
      </trkpt>
      <trkpt lat="50.7102922" lon="-2.7585851">
        <ele>4.8</ele>
        <time>2025-10-01T15:31:43.000Z</time>
        <speed>1.446</speed>
      </trkpt>
      <trkpt lat="50.7102745" lon="-2.7586589">
        <ele>4.4</ele>
        <time>2025-10-01T15:31:48.000Z</time>
        <speed>1.409</speed>
      </trkpt>
      <trkpt lat="50.7102399" lon="-2.7587638">
        <ele>4.4</ele>
        <time>2025-10-01T15:31:53.000Z</time>
        <speed>1.446</speed>
      </trkpt>
      <trkpt lat="50.7102135" lon="-2.7588537">
        <ele>3.8</ele>
        <time>2025-10-01T15:31:58.000Z</time>
        <speed>1.437</speed>
      </trkpt>
      <trkpt lat="50.7101963" lon="-2.7589419">
        <ele>4.8</ele>
        <time>2025-10-01T15:32:03.000Z</time>
        <speed>1.418</speed>
      </trkpt>
      <trkpt lat="50.7101812" lon="-2.7590312">
        <ele>3.8</ele>
        <time>2025-10-01T15:32:08.000Z</time>
        <speed>1.418</speed>
      </trkpt>
      <trkpt lat="50.7101635" lon="-2.7591275">
        <ele>3.6</ele>
        <time>2025-10-01T15:32:13.000Z</time>
        <speed>1.390</speed>
      </trkpt>
      <trkpt lat="50.7101769" lon="-2.7591823">
        <ele>3.6</ele>
        <time>2025-10-01T15:32:18.000Z</time>
        <speed>1.334</speed>
      </trkpt>
      <trkpt lat="50.7101948" lon="-2.7592795">
        <ele>3.4</ele>
        <time>2025-10-01T15:32:23.000Z</time>
        <speed>1.316</speed>
      </trkpt>
      <trkpt lat="50.7102212" lon="-2.7593622">
        <ele>3.0</ele>
        <time>2025-10-01T15:32:28.000Z</time>
        <speed>1.353</speed>
      </trkpt>
      <trkpt lat="50.7102556" lon="-2.7594543">
        <ele>2.8</ele>
        <time>2025-10-01T15:32:33.000Z</time>
        <speed>1.390</speed>
      </trkpt>
      <trkpt lat="50.7102888" lon="-2.7595256">
        <ele>3.0</ele>
        <time>2025-10-01T15:32:38.000Z</time>
        <speed>1.372</speed>
      </trkpt>
      <trkpt lat="50.7103284" lon="-2.7595989">
        <ele>2.8</ele>
        <time>2025-10-01T15:32:43.000Z</time>
        <speed>1.362</speed>
      </trkpt>
      <trkpt lat="50.7103605" lon="-2.7596793">
        <ele>2.6</ele>
        <time>2025-10-01T15:32:48.000Z</time>
        <speed>1.362</speed>
      </trkpt>
      <trkpt lat="50.7103971" lon="-2.7597644">
        <ele>2.8</ele>
        <time>2025-10-01T15:32:53.000Z</time>
        <speed>1.344</speed>
      </trkpt>
      <trkpt lat="50.7104306" lon="-2.7598466">
        <ele>3.0</ele>
        <time>2025-10-01T15:32:58.000Z</time>
        <speed>1.381</speed>
      </trkpt>
      <trkpt lat="50.7104755" lon="-2.7599295">
        <ele>3.0</ele>
        <time>2025-10-01T15:33:03.000Z</time>
        <speed>1.400</speed>
      </trkpt>
      <trkpt lat="50.7105150" lon="-2.7599971">
        <ele>3.2</ele>
        <time>2025-10-01T15:33:08.000Z</time>
        <speed>1.428</speed>
      </trkpt>
      <trkpt lat="50.7105457" lon="-2.7600862">
        <ele>3.2</ele>
        <time>2025-10-01T15:33:13.000Z</time>
        <speed>1.428</speed>
      </trkpt>
      <trkpt lat="50.7105737" lon="-2.7601723">
        <ele>3.2</ele>
        <time>2025-10-01T15:33:18.000Z</time>
        <speed>1.418</speed>
      </trkpt>
      <trkpt lat="50.7106076" lon="-2.7602545">
        <ele>3.4</ele>
        <time>2025-10-01T15:33:23.000Z</time>
        <speed>1.418</speed>
      </trkpt>
      <trkpt lat="50.7106508" lon="-2.7603278">
        <ele>3.4</ele>
        <time>2025-10-01T15:33:28.000Z</time>
        <speed>1.418</speed>
      </trkpt>
      <trkpt lat="50.7106748" lon="-2.7603973">
        <ele>3.4</ele>
        <time>2025-10-01T15:33:33.000Z</time>
        <speed>1.409</speed>
      </trkpt>
      <trkpt lat="50.7107131" lon="-2.7604879">
        <ele>3.4</ele>
        <time>2025-10-01T15:33:38.000Z</time>
        <speed>1.409</speed>
      </trkpt>
      <trkpt lat="50.7107496" lon="-2.7605462">
        <ele>3.4</ele>
        <time>2025-10-01T15:33:43.000Z</time>
        <speed>1.400</speed>
      </trkpt>
      <trkpt lat="50.7107753" lon="-2.7606372">
        <ele>3.6</ele>
        <time>2025-10-01T15:33:48.000Z</time>
        <speed>1.390</speed>
      </trkpt>
      <trkpt lat="50.7108001" lon="-2.7607272">
        <ele>3.6</ele>
        <time>2025-10-01T15:33:53.000Z</time>
        <speed>1.390</speed>
      </trkpt>
      <trkpt lat="50.7108219" lon="-2.7608272">
        <ele>3.6</ele>
        <time>2025-10-01T15:33:58.000Z</time>
        <speed>1.400</speed>
      </trkpt>
      <trkpt lat="50.7108133" lon="-2.7608311">
        <ele>3.6</ele>
        <time>2025-10-01T15:34:03.000Z</time>
        <speed>0.914</speed>
      </trkpt>
      <trkpt lat="50.7108362" lon="-2.7609189">
        <ele>3.6</ele>
        <time>2025-10-01T15:34:08.000Z</time>
        <speed>1.166</speed>
      </trkpt>
      <trkpt lat="50.7108597" lon="-2.7610127">
        <ele>3.6</ele>
        <time>2025-10-01T15:34:13.000Z</time>
        <speed>1.400</speed>
      </trkpt>
      <trkpt lat="50.7108727" lon="-2.7610878">
        <ele>3.8</ele>
        <time>2025-10-01T15:34:18.000Z</time>
        <speed>1.269</speed>
      </trkpt>
      <trkpt lat="50.7108888" lon="-2.7611640">
        <ele>3.8</ele>
        <time>2025-10-01T15:34:23.000Z</time>
        <speed>1.194</speed>
      </trkpt>
      <trkpt lat="50.7109045" lon="-2.7612200">
        <ele>4.0</ele>
        <time>2025-10-01T15:34:28.000Z</time>
        <speed>1.110</speed>
      </trkpt>
      <trkpt lat="50.7108977" lon="-2.7612686">
        <ele>3.8</ele>
        <time>2025-10-01T15:34:33.000Z</time>
        <speed>0.942</speed>
      </trkpt>
      <trkpt lat="50.7109158" lon="-2.7613412">
        <ele>3.8</ele>
        <time>2025-10-01T15:34:38.000Z</time>
        <speed>0.970</speed>
      </trkpt>
      <trkpt lat="50.7109585" lon="-2.7613789">
        <ele>3.8</ele>
        <time>2025-10-01T15:34:43.000Z</time>
        <speed>1.036</speed>
      </trkpt>
      <trkpt lat="50.7109987" lon="-2.7614166">
        <ele>3.8</ele>
        <time>2025-10-01T15:34:48.000Z</time>
        <speed>0.998</speed>
      </trkpt>
      <trkpt lat="50.7110372" lon="-2.7614703">
        <ele>3.4</ele>
        <time>2025-10-01T15:34:53.000Z</time>
        <speed>1.036</speed>
      </trkpt>
      <trkpt lat="50.7110609" lon="-2.7615290">
        <ele>3.4</ele>
        <time>2025-10-01T15:34:58.000Z</time>
        <speed>1.026</speed>
      </trkpt>
      <trkpt lat="50.7110724" lon="-2.7615939">
        <ele>3.4</ele>
        <time>2025-10-01T15:35:03.000Z</time>
        <speed>0.952</speed>
      </trkpt>
      <trkpt lat="50.7110713" lon="-2.7615949">
        <ele>3.4</ele>
        <time>2025-10-01T15:35:08.000Z</time>
        <speed>0.914</speed>
      </trkpt>
      <trkpt lat="50.7110777" lon="-2.7616011">
        <ele>3.4</ele>
        <time>2025-10-01T15:35:13.000Z</time>
        <speed>0.737</speed>
      </trkpt>
      <trkpt lat="50.7110754" lon="-2.7616089">
        <ele>3.4</ele>
        <time>2025-10-01T15:35:18.000Z</time>
        <speed>0.000</speed>
      </trkpt>
      <trkpt lat="50.7110864" lon="-2.7616120">
        <ele>3.4</ele>
        <time>2025-10-01T15:35:23.000Z</time>
        <speed>0.000</speed>
      </trkpt>
      <trkpt lat="50.7110864" lon="-2.7616120">
        <ele>3.4</ele>
        <time>2025-10-01T15:35:28.000Z</time>
        <speed>0.000</speed>
      </trkpt>
      <trkpt lat="50.7110857" lon="-2.7616122">
        <ele>3.4</ele>
        <time>2025-10-01T15:35:33.000Z</time>
        <speed>0.000</speed>
      </trkpt>
      <trkpt lat="50.7110386" lon="-2.7615384">
        <ele>3.2</ele>
        <time>2025-10-01T15:35:38.000Z</time>
        <speed>1.334</speed>
      </trkpt>
      <trkpt lat="50.7110241" lon="-2.7614681">
        <ele>3.2</ele>
        <time>2025-10-01T15:35:43.000Z</time>
        <speed>1.176</speed>
      </trkpt>
      <trkpt lat="50.7109987" lon="-2.7614342">
        <ele>3.6</ele>
        <time>2025-10-01T15:35:48.000Z</time>
        <speed>0.849</speed>
      </trkpt>
      <trkpt lat="50.7109561" lon="-2.7614087">
        <ele>3.8</ele>
        <time>2025-10-01T15:35:53.000Z</time>
        <speed>0.896</speed>
      </trkpt>
      <trkpt lat="50.7109150" lon="-2.7613551">
        <ele>4.2</ele>
        <time>2025-10-01T15:35:58.000Z</time>
        <speed>0.933</speed>
      </trkpt>
      <trkpt lat="50.7108905" lon="-2.7612802">
        <ele>4.4</ele>
        <time>2025-10-01T15:36:03.000Z</time>
        <speed>1.008</speed>
      </trkpt>
      <trkpt lat="50.7108612" lon="-2.7612173">
        <ele>4.2</ele>
        <time>2025-10-01T15:36:08.000Z</time>
        <speed>1.092</speed>
      </trkpt>
      <trkpt lat="50.7108468" lon="-2.7611792">
        <ele>3.8</ele>
        <time>2025-10-01T15:36:13.000Z</time>
        <speed>1.008</speed>
      </trkpt>
      <trkpt lat="50.7108374" lon="-2.7611407">
        <ele>4.2</ele>
        <time>2025-10-01T15:36:18.000Z</time>
        <speed>0.952</speed>
      </trkpt>
      <trkpt lat="50.7108486" lon="-2.7611203">
        <ele>4.2</ele>
        <time>2025-10-01T15:36:23.000Z</time>
        <speed>0.840</speed>
      </trkpt>
      <trkpt lat="50.7108595" lon="-2.7611129">
        <ele>4.2</ele>
        <time>2025-10-01T15:36:28.000Z</time>
        <speed>0.000</speed>
      </trkpt>
      <trkpt lat="50.7108619" lon="-2.7611093">
        <ele>4.2</ele>
        <time>2025-10-01T15:36:33.000Z</time>
        <speed>0.000</speed>
      </trkpt>
      <trkpt lat="50.7108601" lon="-2.7611130">
        <ele>4.2</ele>
        <time>2025-10-01T15:36:38.000Z</time>
        <speed>0.000</speed>
      </trkpt>
      <trkpt lat="50.7108609" lon="-2.7611319">
        <ele>4.0</ele>
        <time>2025-10-01T15:36:43.000Z</time>
        <speed>0.000</speed>
      </trkpt>
      <trkpt lat="50.7108576" lon="-2.7611244">
        <ele>4.0</ele>
        <time>2025-10-01T15:36:48.000Z</time>
        <speed>0.000</speed>
      </trkpt>
      <trkpt lat="50.7108561" lon="-2.7611179">
        <ele>4.0</ele>
        <time>2025-10-01T15:36:53.000Z</time>
        <speed>0.000</speed>
      </trkpt>
      <trkpt lat="50.7108459" lon="-2.7611138">
        <ele>4.0</ele>
        <time>2025-10-01T15:36:58.000Z</time>
        <speed>0.000</speed>
      </trkpt>
      <trkpt lat="50.7108469" lon="-2.7611091">
        <ele>4.0</ele>
        <time>2025-10-01T15:37:03.000Z</time>
        <speed>0.000</speed>
      </trkpt>
      <trkpt lat="50.7108500" lon="-2.7611095">
        <ele>4.0</ele>
        <time>2025-10-01T15:37:08.000Z</time>
        <speed>0.000</speed>
      </trkpt>
      <trkpt lat="50.7108557" lon="-2.7611198">
        <ele>4.2</ele>
        <time>2025-10-01T15:37:13.000Z</time>
        <speed>0.000</speed>
      </trkpt>
      <trkpt lat="50.7108480" lon="-2.7611308">
        <ele>4.2</ele>
        <time>2025-10-01T15:37:18.000Z</time>
        <speed>0.000</speed>
      </trkpt>
      <trkpt lat="50.7108584" lon="-2.7611540">
        <ele>4.2</ele>
        <time>2025-10-01T15:37:23.000Z</time>
        <speed>0.000</speed>
      </trkpt>
      <trkpt lat="50.7108696" lon="-2.7611637">
        <ele>4.2</ele>
        <time>2025-10-01T15:37:28.000Z</time>
        <speed>0.000</speed>
      </trkpt>
      <trkpt lat="50.7108878" lon="-2.7611866">
        <ele>4.0</ele>
        <time>2025-10-01T15:37:33.000Z</time>
        <speed>0.000</speed>
      </trkpt>
      <trkpt lat="50.7108977" lon="-2.7611925">
        <ele>4.0</ele>
        <time>2025-10-01T15:37:38.000Z</time>
        <speed>0.000</speed>
      </trkpt>
      <trkpt lat="50.7108821" lon="-2.7611836">
        <ele>4.0</ele>
        <time>2025-10-01T15:37:43.000Z</time>
        <speed>0.000</speed>
      </trkpt>
      <trkpt lat="50.7108704" lon="-2.7611522">
        <ele>4.0</ele>
        <time>2025-10-01T15:37:48.000Z</time>
        <speed>0.000</speed>
      </trkpt>
      <trkpt lat="50.7108597" lon="-2.7611431">
        <ele>4.0</ele>
        <time>2025-10-01T15:37:53.000Z</time>
        <speed>0.000</speed>
      </trkpt>
      <trkpt lat="50.7108593" lon="-2.7611475">
        <ele>3.6</ele>
        <time>2025-10-01T15:37:58.000Z</time>
        <speed>0.000</speed>
      </trkpt>
      <trkpt lat="50.7108652" lon="-2.7611228">
        <ele>3.6</ele>
        <time>2025-10-01T15:38:03.000Z</time>
        <speed>0.000</speed>
      </trkpt>
      <trkpt lat="50.7108584" lon="-2.7611040">
        <ele>3.6</ele>
        <time>2025-10-01T15:38:08.000Z</time>
        <speed>0.000</speed>
      </trkpt>
      <trkpt lat="50.7108428" lon="-2.7611063">
        <ele>3.6</ele>
        <time>2025-10-01T15:38:13.000Z</time>
        <speed>0.000</speed>
      </trkpt>
      <trkpt lat="50.7108179" lon="-2.7610974">
        <ele>3.8</ele>
        <time>2025-10-01T15:38:18.000Z</time>
        <speed>0.000</speed>
      </trkpt>
      <trkpt lat="50.7108078" lon="-2.7611002">
        <ele>3.8</ele>
        <time>2025-10-01T15:38:23.000Z</time>
        <speed>0.000</speed>
      </trkpt>
      <trkpt lat="50.7108102" lon="-2.7610887">
        <ele>3.6</ele>
        <time>2025-10-01T15:38:28.000Z</time>
        <speed>0.000</speed>
      </trkpt>
      <trkpt lat="50.7108155" lon="-2.7610952">
        <ele>3.8</ele>
        <time>2025-10-01T15:38:33.000Z</time>
        <speed>0.000</speed>
      </trkpt>
      <trkpt lat="50.7108268" lon="-2.7611049">
        <ele>3.8</ele>
        <time>2025-10-01T15:38:38.000Z</time>
        <speed>0.000</speed>
      </trkpt>
      <trkpt lat="50.7108309" lon="-2.7611120">
        <ele>4.0</ele>
        <time>2025-10-01T15:38:43.000Z</time>
        <speed>0.000</speed>
      </trkpt>
      <trkpt lat="50.7108358" lon="-2.7611209">
        <ele>4.2</ele>
        <time>2025-10-01T15:38:48.000Z</time>
        <speed>0.000</speed>
      </trkpt>
      <trkpt lat="50.7108350" lon="-2.7611102">
        <ele>4.2</ele>
        <time>2025-10-01T15:38:53.000Z</time>
        <speed>0.000</speed>
      </trkpt>
      <trkpt lat="50.7108356" lon="-2.7610885">
        <ele>4.0</ele>
        <time>2025-10-01T15:38:58.000Z</time>
        <speed>0.000</speed>
      </trkpt>
      <trkpt lat="50.7108340" lon="-2.7610634">
        <ele>4.0</ele>
        <time>2025-10-01T15:39:03.000Z</time>
        <speed>0.000</speed>
      </trkpt>
      <trkpt lat="50.7108346" lon="-2.7610422">
        <ele>3.8</ele>
        <time>2025-10-01T15:39:08.000Z</time>
        <speed>0.000</speed>
      </trkpt>
      <trkpt lat="50.7108271" lon="-2.7610473">
        <ele>3.8</ele>
        <time>2025-10-01T15:39:13.000Z</time>
        <speed>0.000</speed>
      </trkpt>
      <trkpt lat="50.7108164" lon="-2.7610386">
        <ele>3.8</ele>
        <time>2025-10-01T15:39:18.000Z</time>
        <speed>0.000</speed>
      </trkpt>
      <trkpt lat="50.7108166" lon="-2.7610546">
        <ele>3.8</ele>
        <time>2025-10-01T15:39:23.000Z</time>
        <speed>0.000</speed>
      </trkpt>
      <trkpt lat="50.7108386" lon="-2.7610688">
        <ele>4.0</ele>
        <time>2025-10-01T15:39:28.000Z</time>
        <speed>0.000</speed>
      </trkpt>
      <trkpt lat="50.7108504" lon="-2.7611054">
        <ele>3.8</ele>
        <time>2025-10-01T15:39:33.000Z</time>
        <speed>0.000</speed>
      </trkpt>
      <trkpt lat="50.7108466" lon="-2.7611469">
        <ele>4.0</ele>
        <time>2025-10-01T15:39:38.000Z</time>
        <speed>0.289</speed>
      </trkpt>
      <trkpt lat="50.7108047" lon="-2.7612018">
        <ele>4.0</ele>
        <time>2025-10-01T15:39:43.000Z</time>
        <speed>0.868</speed>
      </trkpt>
      <trkpt lat="50.7107936" lon="-2.7612360">
        <ele>4.0</ele>
        <time>2025-10-01T15:39:48.000Z</time>
        <speed>0.998</speed>
      </trkpt>
      <trkpt lat="50.7108215" lon="-2.7612036">
        <ele>4.0</ele>
        <time>2025-10-01T15:39:53.000Z</time>
        <speed>0.000</speed>
      </trkpt>
      <trkpt lat="50.7108013" lon="-2.7612139">
        <ele>3.8</ele>
        <time>2025-10-01T15:39:58.000Z</time>
        <speed>0.000</speed>
      </trkpt>
      <trkpt lat="50.7108110" lon="-2.7612151">
        <ele>4.2</ele>
        <time>2025-10-01T15:40:03.000Z</time>
        <speed>1.241</speed>
      </trkpt>
      <trkpt lat="50.7108325" lon="-2.7611837">
        <ele>4.4</ele>
        <time>2025-10-01T15:40:08.000Z</time>
        <speed>0.000</speed>
      </trkpt>
      <trkpt lat="50.7108316" lon="-2.7611328">
        <ele>4.4</ele>
        <time>2025-10-01T15:40:13.000Z</time>
        <speed>0.849</speed>
      </trkpt>
      <trkpt lat="50.7108216" lon="-2.7610825">
        <ele>4.2</ele>
        <time>2025-10-01T15:40:18.000Z</time>
        <speed>0.942</speed>
      </trkpt>
      <trkpt lat="50.7108366" lon="-2.7610823">
        <ele>4.2</ele>
        <time>2025-10-01T15:40:23.000Z</time>
        <speed>0.896</speed>
      </trkpt>
      <trkpt lat="50.7108452" lon="-2.7611438">
        <ele>4.2</ele>
        <time>2025-10-01T15:40:28.000Z</time>
        <speed>0.980</speed>
      </trkpt>
      <trkpt lat="50.7107998" lon="-2.7612084">
        <ele>4.4</ele>
        <time>2025-10-01T15:40:33.000Z</time>
        <speed>1.129</speed>
      </trkpt>
      <trkpt lat="50.7107533" lon="-2.7612891">
        <ele>4.4</ele>
        <time>2025-10-01T15:40:38.000Z</time>
        <speed>1.297</speed>
      </trkpt>
      <trkpt lat="50.7107339" lon="-2.7613162">
        <ele>4.6</ele>
        <time>2025-10-01T15:40:43.000Z</time>
        <speed>1.120</speed>
      </trkpt>
      <trkpt lat="50.7107330" lon="-2.7613235">
        <ele>4.4</ele>
        <time>2025-10-01T15:40:48.000Z</time>
        <speed>0.000</speed>
      </trkpt>
      <trkpt lat="50.7107329" lon="-2.7613246">
        <ele>4.6</ele>
        <time>2025-10-01T15:40:53.000Z</time>
        <speed>0.000</speed>
      </trkpt>
      <trkpt lat="50.7107329" lon="-2.7613246">
        <ele>4.6</ele>
        <time>2025-10-01T15:40:58.000Z</time>
        <speed>0.000</speed>
      </trkpt>
      <trkpt lat="50.7107329" lon="-2.7613246">
        <ele>4.4</ele>
        <time>2025-10-01T15:41:03.000Z</time>
        <speed>0.000</speed>
      </trkpt>
      <trkpt lat="50.7107321" lon="-2.7613272">
        <ele>4.6</ele>
        <time>2025-10-01T15:41:08.000Z</time>
        <speed>0.000</speed>
      </trkpt>
      <trkpt lat="50.7106940" lon="-2.7613612">
        <ele>5.0</ele>
        <time>2025-10-01T15:41:13.000Z</time>
        <speed>0.952</speed>
      </trkpt>
      <trkpt lat="50.7106618" lon="-2.7613879">
        <ele>5.4</ele>
        <time>2025-10-01T15:41:18.000Z</time>
        <speed>0.924</speed>
      </trkpt>
      <trkpt lat="50.7106233" lon="-2.7614207">
        <ele>5.6</ele>
        <time>2025-10-01T15:41:23.000Z</time>
        <speed>0.933</speed>
      </trkpt>
      <trkpt lat="50.7105816" lon="-2.7614714">
        <ele>6.0</ele>
        <time>2025-10-01T15:41:28.000Z</time>
        <speed>1.092</speed>
      </trkpt>
      <trkpt lat="50.7105411" lon="-2.7615325">
        <ele>6.0</ele>
        <time>2025-10-01T15:41:33.000Z</time>
        <speed>1.138</speed>
      </trkpt>
      <trkpt lat="50.7104890" lon="-2.7615845">
        <ele>6.0</ele>
        <time>2025-10-01T15:41:38.000Z</time>
        <speed>1.260</speed>
      </trkpt>
      <trkpt lat="50.7104336" lon="-2.7616074">
        <ele>6.2</ele>
        <time>2025-10-01T15:41:43.000Z</time>
        <speed>1.353</speed>
      </trkpt>
      <trkpt lat="50.7103874" lon="-2.7616371">
        <ele>6.2</ele>
        <time>2025-10-01T15:41:48.000Z</time>
        <speed>1.325</speed>
      </trkpt>
      <trkpt lat="50.7103291" lon="-2.7616695">
        <ele>6.6</ele>
        <time>2025-10-01T15:41:53.000Z</time>
        <speed>1.325</speed>
      </trkpt>
      <trkpt lat="50.7102689" lon="-2.7616715">
        <ele>6.6</ele>
        <time>2025-10-01T15:41:58.000Z</time>
        <speed>1.353</speed>
      </trkpt>
      <trkpt lat="50.7102124" lon="-2.7617174">
        <ele>6.8</ele>
        <time>2025-10-01T15:42:03.000Z</time>
        <speed>1.372</speed>
      </trkpt>
      <trkpt lat="50.7101471" lon="-2.7617594">
        <ele>6.8</ele>
        <time>2025-10-01T15:42:08.000Z</time>
        <speed>1.390</speed>
      </trkpt>
      <trkpt lat="50.7100962" lon="-2.7617768">
        <ele>6.8</ele>
        <time>2025-10-01T15:42:13.000Z</time>
        <speed>1.400</speed>
      </trkpt>
      <trkpt lat="50.7100471" lon="-2.7617755">
        <ele>7.0</ele>
        <time>2025-10-01T15:42:18.000Z</time>
        <speed>1.353</speed>
      </trkpt>
      <trkpt lat="50.7100005" lon="-2.7617746">
        <ele>7.2</ele>
        <time>2025-10-01T15:42:23.000Z</time>
        <speed>1.297</speed>
      </trkpt>
      <trkpt lat="50.7099652" lon="-2.7617725">
        <ele>7.4</ele>
        <time>2025-10-01T15:42:28.000Z</time>
        <speed>1.250</speed>
      </trkpt>
      <trkpt lat="50.7099162" lon="-2.7617749">
        <ele>7.8</ele>
        <time>2025-10-01T15:42:33.000Z</time>
        <speed>1.194</speed>
      </trkpt>
      <trkpt lat="50.7098785" lon="-2.7617781">
        <ele>8.0</ele>
        <time>2025-10-01T15:42:38.000Z</time>
        <speed>1.045</speed>
      </trkpt>
      <trkpt lat="50.7098354" lon="-2.7617943">
        <ele>8.4</ele>
        <time>2025-10-01T15:42:43.000Z</time>
        <speed>1.008</speed>
      </trkpt>
      <trkpt lat="50.7097996" lon="-2.7618202">
        <ele>9.0</ele>
        <time>2025-10-01T15:42:48.000Z</time>
        <speed>0.998</speed>
      </trkpt>
      <trkpt lat="50.7097705" lon="-2.7618355">
        <ele>9.4</ele>
        <time>2025-10-01T15:42:53.000Z</time>
        <speed>0.924</speed>
      </trkpt>
      <trkpt lat="50.7097364" lon="-2.7618625">
        <ele>9.0</ele>
        <time>2025-10-01T15:42:58.000Z</time>
        <speed>0.886</speed>
      </trkpt>
      <trkpt lat="50.7097189" lon="-2.7618857">
        <ele>9.0</ele>
        <time>2025-10-01T15:43:03.000Z</time>
        <speed>0.765</speed>
      </trkpt>
      <trkpt lat="50.7097223" lon="-2.7618839">
        <ele>7.8</ele>
        <time>2025-10-01T15:43:08.000Z</time>
        <speed>0.000</speed>
      </trkpt>
      <trkpt lat="50.7097223" lon="-2.7618839">
        <ele>7.6</ele>
        <time>2025-10-01T15:43:13.000Z</time>
        <speed>0.000</speed>
      </trkpt>
      <trkpt lat="50.7097223" lon="-2.7618839">
        <ele>8.0</ele>
        <time>2025-10-01T15:43:18.000Z</time>
        <speed>0.000</speed>
      </trkpt>
      <trkpt lat="50.7097223" lon="-2.7618839">
        <ele>7.6</ele>
        <time>2025-10-01T15:43:23.000Z</time>
        <speed>0.000</speed>
      </trkpt>
      <trkpt lat="50.7097223" lon="-2.7618839">
        <ele>7.4</ele>
        <time>2025-10-01T15:43:28.000Z</time>
        <speed>0.000</speed>
      </trkpt>
      <trkpt lat="50.7097223" lon="-2.7618839">
        <ele>7.4</ele>
        <time>2025-10-01T15:43:33.000Z</time>
        <speed>0.000</speed>
      </trkpt>
      <trkpt lat="50.7097223" lon="-2.7618839">
        <ele>7.8</ele>
        <time>2025-10-01T15:43:38.000Z</time>
        <speed>0.000</speed>
      </trkpt>
      <trkpt lat="50.7097275" lon="-2.7618703">
        <ele>8.8</ele>
        <time>2025-10-01T15:43:43.000Z</time>
        <speed>0.000</speed>
      </trkpt>
      <trkpt lat="50.7097710" lon="-2.7618654">
        <ele>9.2</ele>
        <time>2025-10-01T15:43:48.000Z</time>
        <speed>1.101</speed>
      </trkpt>
      <trkpt lat="50.7098069" lon="-2.7618244">
        <ele>8.6</ele>
        <time>2025-10-01T15:43:53.000Z</time>
        <speed>1.008</speed>
      </trkpt>
      <trkpt lat="50.7098635" lon="-2.7617983">
        <ele>7.8</ele>
        <time>2025-10-01T15:43:58.000Z</time>
        <speed>1.222</speed>
      </trkpt>
      <trkpt lat="50.7099027" lon="-2.7617754">
        <ele>7.4</ele>
        <time>2025-10-01T15:44:03.000Z</time>
        <speed>1.138</speed>
      </trkpt>
      <trkpt lat="50.7099037" lon="-2.7617801">
        <ele>7.2</ele>
        <time>2025-10-01T15:44:08.000Z</time>
        <speed>0.000</speed>
      </trkpt>
      <trkpt lat="50.7099384" lon="-2.7617855">
        <ele>7.0</ele>
        <time>2025-10-01T15:44:13.000Z</time>
        <speed>0.989</speed>
      </trkpt>
      <trkpt lat="50.7099854" lon="-2.7617827">
        <ele>6.8</ele>
        <time>2025-10-01T15:44:18.000Z</time>
        <speed>1.017</speed>
      </trkpt>
      <trkpt lat="50.7100431" lon="-2.7617654">
        <ele>6.6</ele>
        <time>2025-10-01T15:44:23.000Z</time>
        <speed>1.260</speed>
      </trkpt>
      <trkpt lat="50.7101042" lon="-2.7617488">
        <ele>6.4</ele>
        <time>2025-10-01T15:44:28.000Z</time>
        <speed>1.260</speed>
      </trkpt>
      <trkpt lat="50.7101386" lon="-2.7617529">
        <ele>6.6</ele>
        <time>2025-10-01T15:44:33.000Z</time>
        <speed>1.269</speed>
      </trkpt>
      <trkpt lat="50.7101875" lon="-2.7617273">
        <ele>6.6</ele>
        <time>2025-10-01T15:44:38.000Z</time>
        <speed>1.138</speed>
      </trkpt>
      <trkpt lat="50.7102440" lon="-2.7616886">
        <ele>6.4</ele>
        <time>2025-10-01T15:44:43.000Z</time>
        <speed>1.344</speed>
      </trkpt>
      <trkpt lat="50.7103017" lon="-2.7616653">
        <ele>6.2</ele>
        <time>2025-10-01T15:44:48.000Z</time>
        <speed>1.269</speed>
      </trkpt>
      <trkpt lat="50.7103553" lon="-2.7616326">
        <ele>6.2</ele>
        <time>2025-10-01T15:44:53.000Z</time>
        <speed>1.297</speed>
      </trkpt>
      <trkpt lat="50.7104073" lon="-2.7616036">
        <ele>6.2</ele>
        <time>2025-10-01T15:44:58.000Z</time>
        <speed>1.288</speed>
      </trkpt>
      <trkpt lat="50.7104628" lon="-2.7615806">
        <ele>6.2</ele>
        <time>2025-10-01T15:45:03.000Z</time>
        <speed>1.306</speed>
      </trkpt>
      <trkpt lat="50.7105133" lon="-2.7615410">
        <ele>6.0</ele>
        <time>2025-10-01T15:45:08.000Z</time>
        <speed>1.288</speed>
      </trkpt>
      <trkpt lat="50.7105563" lon="-2.7614811">
        <ele>5.8</ele>
        <time>2025-10-01T15:45:13.000Z</time>
        <speed>1.288</speed>
      </trkpt>
      <trkpt lat="50.7106024" lon="-2.7614368">
        <ele>5.8</ele>
        <time>2025-10-01T15:45:18.000Z</time>
        <speed>1.288</speed>
      </trkpt>
      <trkpt lat="50.7106466" lon="-2.7613904">
        <ele>5.6</ele>
        <time>2025-10-01T15:45:23.000Z</time>
        <speed>1.250</speed>
      </trkpt>
      <trkpt lat="50.7106868" lon="-2.7613437">
        <ele>5.2</ele>
        <time>2025-10-01T15:45:28.000Z</time>
        <speed>1.222</speed>
      </trkpt>
      <trkpt lat="50.7107370" lon="-2.7612947">
        <ele>4.8</ele>
        <time>2025-10-01T15:45:33.000Z</time>
        <speed>1.213</speed>
      </trkpt>
      <trkpt lat="50.7107760" lon="-2.7613268">
        <ele>4.8</ele>
        <time>2025-10-01T15:45:38.000Z</time>
        <speed>1.232</speed>
      </trkpt>
      <trkpt lat="50.7107624" lon="-2.7613517">
        <ele>4.6</ele>
        <time>2025-10-01T15:45:43.000Z</time>
        <speed>1.026</speed>
      </trkpt>
      <trkpt lat="50.7108061" lon="-2.7613527">
        <ele>4.8</ele>
        <time>2025-10-01T15:45:48.000Z</time>
        <speed>0.700</speed>
      </trkpt>
      <trkpt lat="50.7108655" lon="-2.7613661">
        <ele>4.6</ele>
        <time>2025-10-01T15:45:53.000Z</time>
        <speed>1.241</speed>
      </trkpt>
      <trkpt lat="50.7109241" lon="-2.7613843">
        <ele>4.6</ele>
        <time>2025-10-01T15:45:58.000Z</time>
        <speed>1.362</speed>
      </trkpt>
      <trkpt lat="50.7109775" lon="-2.7614012">
        <ele>4.4</ele>
        <time>2025-10-01T15:46:03.000Z</time>
        <speed>1.157</speed>
      </trkpt>
      <trkpt lat="50.7110326" lon="-2.7614357">
        <ele>4.0</ele>
        <time>2025-10-01T15:46:08.000Z</time>
        <speed>1.288</speed>
      </trkpt>
      <trkpt lat="50.7110785" lon="-2.7614653">
        <ele>4.0</ele>
        <time>2025-10-01T15:46:13.000Z</time>
        <speed>1.250</speed>
      </trkpt>
      <trkpt lat="50.7111050" lon="-2.7614347">
        <ele>4.0</ele>
        <time>2025-10-01T15:46:18.000Z</time>
        <speed>0.914</speed>
      </trkpt>
      <trkpt lat="50.7111054" lon="-2.7614234">
        <ele>3.8</ele>
        <time>2025-10-01T15:46:23.000Z</time>
        <speed>0.000</speed>
      </trkpt>
      <trkpt lat="50.7111062" lon="-2.7614277">
        <ele>3.8</ele>
        <time>2025-10-01T15:46:28.000Z</time>
        <speed>0.000</speed>
      </trkpt>
      <trkpt lat="50.7111062" lon="-2.7614277">
        <ele>3.8</ele>
        <time>2025-10-01T15:46:33.000Z</time>
        <speed>0.000</speed>
      </trkpt>
      <trkpt lat="50.7111062" lon="-2.7614277">
        <ele>4.0</ele>
        <time>2025-10-01T15:46:38.000Z</time>
        <speed>0.000</speed>
      </trkpt>
      <trkpt lat="50.7111062" lon="-2.7614277">
        <ele>3.8</ele>
        <time>2025-10-01T15:46:43.000Z</time>
        <speed>0.000</speed>
      </trkpt>
      <trkpt lat="50.7111076" lon="-2.7614434">
        <ele>3.8</ele>
        <time>2025-10-01T15:46:48.000Z</time>
        <speed>0.000</speed>
      </trkpt>
      <trkpt lat="50.7111062" lon="-2.7614277">
        <ele>3.6</ele>
        <time>2025-10-01T15:46:53.000Z</time>
        <speed>0.000</speed>
      </trkpt>
      <trkpt lat="50.7111062" lon="-2.7614277">
        <ele>3.4</ele>
        <time>2025-10-01T15:46:58.000Z</time>
        <speed>0.000</speed>
      </trkpt>
      <trkpt lat="50.7111062" lon="-2.7614277">
        <ele>3.4</ele>
        <time>2025-10-01T15:47:03.000Z</time>
        <speed>0.000</speed>
      </trkpt>
      <trkpt lat="50.7111062" lon="-2.7614277">
        <ele>3.2</ele>
        <time>2025-10-01T15:47:08.000Z</time>
        <speed>0.000</speed>
      </trkpt>
      <trkpt lat="50.7111142" lon="-2.7614336">
        <ele>3.6</ele>
        <time>2025-10-01T15:47:13.000Z</time>
        <speed>0.000</speed>
      </trkpt>
      <trkpt lat="50.7111062" lon="-2.7614277">
        <ele>3.4</ele>
        <time>2025-10-01T15:47:18.000Z</time>
        <speed>0.000</speed>
      </trkpt>
      <trkpt lat="50.7111062" lon="-2.7614277">
        <ele>3.4</ele>
        <time>2025-10-01T15:47:23.000Z</time>
        <speed>0.000</speed>
      </trkpt>
      <trkpt lat="50.7111062" lon="-2.7614277">
        <ele>3.2</ele>
        <time>2025-10-01T15:47:28.000Z</time>
        <speed>0.000</speed>
      </trkpt>
      <trkpt lat="50.7111206" lon="-2.7614240">
        <ele>3.2</ele>
        <time>2025-10-01T15:47:33.000Z</time>
        <speed>0.000</speed>
      </trkpt>
      <trkpt lat="50.7111206" lon="-2.7614240">
        <ele>3.0</ele>
        <time>2025-10-01T15:47:38.000Z</time>
        <speed>0.000</speed>
      </trkpt>
      <trkpt lat="50.7111206" lon="-2.7614240">
        <ele>2.8</ele>
        <time>2025-10-01T15:47:43.000Z</time>
        <speed>0.000</speed>
      </trkpt>
      <trkpt lat="50.7111206" lon="-2.7614240">
        <ele>3.0</ele>
        <time>2025-10-01T15:47:48.000Z</time>
        <speed>0.000</speed>
      </trkpt>
      <trkpt lat="50.7111206" lon="-2.7614240">
        <ele>2.8</ele>
        <time>2025-10-01T15:47:53.000Z</time>
        <speed>0.000</speed>
      </trkpt>
      <trkpt lat="50.7111206" lon="-2.7614240">
        <ele>2.8</ele>
        <time>2025-10-01T15:47:58.000Z</time>
        <speed>0.000</speed>
      </trkpt>
      <trkpt lat="50.7111206" lon="-2.7614240">
        <ele>2.8</ele>
        <time>2025-10-01T15:48:03.000Z</time>
        <speed>0.000</speed>
      </trkpt>
      <trkpt lat="50.7111206" lon="-2.7614240">
        <ele>2.8</ele>
        <time>2025-10-01T15:48:08.000Z</time>
        <speed>0.000</speed>
      </trkpt>
      <trkpt lat="50.7111206" lon="-2.7614240">
        <ele>2.8</ele>
        <time>2025-10-01T15:48:13.000Z</time>
        <speed>0.000</speed>
      </trkpt>
      <trkpt lat="50.7111206" lon="-2.7614240">
        <ele>2.6</ele>
        <time>2025-10-01T15:48:18.000Z</time>
        <speed>0.000</speed>
      </trkpt>
      <trkpt lat="50.7111206" lon="-2.7614240">
        <ele>2.8</ele>
        <time>2025-10-01T15:48:23.000Z</time>
        <speed>0.000</speed>
      </trkpt>
      <trkpt lat="50.7111206" lon="-2.7614240">
        <ele>2.8</ele>
        <time>2025-10-01T15:48:28.000Z</time>
        <speed>0.000</speed>
      </trkpt>
      <trkpt lat="50.7111206" lon="-2.7614240">
        <ele>2.8</ele>
        <time>2025-10-01T15:48:33.000Z</time>
        <speed>0.000</speed>
      </trkpt>
      <trkpt lat="50.7111206" lon="-2.7614240">
        <ele>2.8</ele>
        <time>2025-10-01T15:48:38.000Z</time>
        <speed>0.000</speed>
      </trkpt>
      <trkpt lat="50.7111155" lon="-2.7614375">
        <ele>3.0</ele>
        <time>2025-10-01T15:48:43.000Z</time>
        <speed>0.000</speed>
      </trkpt>
      <trkpt lat="50.7111206" lon="-2.7614240">
        <ele>2.8</ele>
        <time>2025-10-01T15:48:48.000Z</time>
        <speed>0.000</speed>
      </trkpt>
      <trkpt lat="50.7111206" lon="-2.7614240">
        <ele>2.8</ele>
        <time>2025-10-01T15:48:53.000Z</time>
        <speed>0.000</speed>
      </trkpt>
      <trkpt lat="50.7111206" lon="-2.7614240">
        <ele>2.8</ele>
        <time>2025-10-01T15:48:58.000Z</time>
        <speed>0.000</speed>
      </trkpt>
      <trkpt lat="50.7111206" lon="-2.7614240">
        <ele>2.8</ele>
        <time>2025-10-01T15:49:03.000Z</time>
        <speed>0.000</speed>
      </trkpt>
      <trkpt lat="50.7111206" lon="-2.7614240">
        <ele>2.8</ele>
        <time>2025-10-01T15:49:08.000Z</time>
        <speed>0.000</speed>
      </trkpt>
      <trkpt lat="50.7111206" lon="-2.7614240">
        <ele>2.6</ele>
        <time>2025-10-01T15:49:13.000Z</time>
        <speed>0.000</speed>
      </trkpt>
      <trkpt lat="50.7111206" lon="-2.7614240">
        <ele>2.8</ele>
        <time>2025-10-01T15:49:18.000Z</time>
        <speed>0.000</speed>
      </trkpt>
      <trkpt lat="50.7111206" lon="-2.7614240">
        <ele>2.8</ele>
        <time>2025-10-01T15:49:23.000Z</time>
        <speed>0.000</speed>
      </trkpt>
      <trkpt lat="50.7111206" lon="-2.7614240">
        <ele>2.8</ele>
        <time>2025-10-01T15:49:28.000Z</time>
        <speed>0.000</speed>
      </trkpt>
      <trkpt lat="50.7111206" lon="-2.7614240">
        <ele>2.8</ele>
        <time>2025-10-01T15:49:33.000Z</time>
        <speed>0.000</speed>
      </trkpt>
      <trkpt lat="50.7111206" lon="-2.7614240">
        <ele>2.6</ele>
        <time>2025-10-01T15:49:38.000Z</time>
        <speed>0.000</speed>
      </trkpt>
      <trkpt lat="50.7111206" lon="-2.7614240">
        <ele>2.6</ele>
        <time>2025-10-01T15:49:43.000Z</time>
        <speed>0.000</speed>
      </trkpt>
      <trkpt lat="50.7111206" lon="-2.7614240">
        <ele>2.6</ele>
        <time>2025-10-01T15:49:48.000Z</time>
        <speed>0.000</speed>
      </trkpt>
      <trkpt lat="50.7111206" lon="-2.7614240">
        <ele>2.6</ele>
        <time>2025-10-01T15:49:53.000Z</time>
        <speed>0.000</speed>
      </trkpt>
      <trkpt lat="50.7111206" lon="-2.7614240">
        <ele>2.6</ele>
        <time>2025-10-01T15:49:58.000Z</time>
        <speed>0.000</speed>
      </trkpt>
      <trkpt lat="50.7111131" lon="-2.7614230">
        <ele>2.6</ele>
        <time>2025-10-01T15:50:03.000Z</time>
        <speed>0.000</speed>
      </trkpt>
      <trkpt lat="50.7111060" lon="-2.7614332">
        <ele>2.8</ele>
        <time>2025-10-01T15:50:08.000Z</time>
        <speed>0.000</speed>
      </trkpt>
      <trkpt lat="50.7111074" lon="-2.7614366">
        <ele>2.8</ele>
        <time>2025-10-01T15:50:13.000Z</time>
        <speed>0.000</speed>
      </trkpt>
      <trkpt lat="50.7111074" lon="-2.7614366">
        <ele>2.8</ele>
        <time>2025-10-01T15:50:18.000Z</time>
        <speed>0.000</speed>
      </trkpt>
      <trkpt lat="50.7111049" lon="-2.7614295">
        <ele>2.8</ele>
        <time>2025-10-01T15:50:23.000Z</time>
        <speed>0.000</speed>
      </trkpt>
      <trkpt lat="50.7111043" lon="-2.7614482">
        <ele>3.0</ele>
        <time>2025-10-01T15:50:28.000Z</time>
        <speed>0.000</speed>
      </trkpt>
      <trkpt lat="50.7111074" lon="-2.7614366">
        <ele>2.8</ele>
        <time>2025-10-01T15:50:33.000Z</time>
        <speed>0.000</speed>
      </trkpt>
      <trkpt lat="50.7111074" lon="-2.7614366">
        <ele>2.8</ele>
        <time>2025-10-01T15:50:38.000Z</time>
        <speed>0.000</speed>
      </trkpt>
      <trkpt lat="50.7111074" lon="-2.7614366">
        <ele>2.8</ele>
        <time>2025-10-01T15:50:43.000Z</time>
        <speed>0.000</speed>
      </trkpt>
      <trkpt lat="50.7111074" lon="-2.7614366">
        <ele>3.2</ele>
        <time>2025-10-01T15:50:48.000Z</time>
        <speed>0.000</speed>
      </trkpt>
      <trkpt lat="50.7111074" lon="-2.7614366">
        <ele>2.8</ele>
        <time>2025-10-01T15:50:53.000Z</time>
        <speed>0.000</speed>
      </trkpt>
      <trkpt lat="50.7111074" lon="-2.7614366">
        <ele>2.6</ele>
        <time>2025-10-01T15:50:58.000Z</time>
        <speed>0.000</speed>
      </trkpt>
      <trkpt lat="50.7111074" lon="-2.7614366">
        <ele>2.6</ele>
        <time>2025-10-01T15:51:03.000Z</time>
        <speed>0.000</speed>
      </trkpt>
      <trkpt lat="50.7111074" lon="-2.7614366">
        <ele>2.6</ele>
        <time>2025-10-01T15:51:08.000Z</time>
        <speed>0.000</speed>
      </trkpt>
      <trkpt lat="50.7111074" lon="-2.7614366">
        <ele>2.6</ele>
        <time>2025-10-01T15:51:13.000Z</time>
        <speed>0.000</speed>
      </trkpt>
      <trkpt lat="50.7111074" lon="-2.7614366">
        <ele>2.6</ele>
        <time>2025-10-01T15:51:18.000Z</time>
        <speed>0.000</speed>
      </trkpt>
      <trkpt lat="50.7111074" lon="-2.7614366">
        <ele>2.6</ele>
        <time>2025-10-01T15:51:23.000Z</time>
        <speed>0.000</speed>
      </trkpt>
      <trkpt lat="50.7111074" lon="-2.7614366">
        <ele>2.6</ele>
        <time>2025-10-01T15:51:28.000Z</time>
        <speed>0.000</speed>
      </trkpt>
      <trkpt lat="50.7111074" lon="-2.7614366">
        <ele>2.8</ele>
        <time>2025-10-01T15:51:33.000Z</time>
        <speed>0.000</speed>
      </trkpt>
      <trkpt lat="50.7111074" lon="-2.7614366">
        <ele>2.8</ele>
        <time>2025-10-01T15:51:38.000Z</time>
        <speed>0.000</speed>
      </trkpt>
      <trkpt lat="50.7111074" lon="-2.7614366">
        <ele>2.8</ele>
        <time>2025-10-01T15:51:43.000Z</time>
        <speed>0.000</speed>
      </trkpt>
      <trkpt lat="50.7111074" lon="-2.7614366">
        <ele>2.8</ele>
        <time>2025-10-01T15:51:48.000Z</time>
        <speed>0.000</speed>
      </trkpt>
      <trkpt lat="50.7111074" lon="-2.7614366">
        <ele>2.6</ele>
        <time>2025-10-01T15:51:53.000Z</time>
        <speed>0.000</speed>
      </trkpt>
      <trkpt lat="50.7111074" lon="-2.7614366">
        <ele>2.8</ele>
        <time>2025-10-01T15:51:58.000Z</time>
        <speed>0.000</speed>
      </trkpt>
      <trkpt lat="50.7111074" lon="-2.7614366">
        <ele>2.6</ele>
        <time>2025-10-01T15:52:03.000Z</time>
        <speed>0.000</speed>
      </trkpt>
      <trkpt lat="50.7111074" lon="-2.7614366">
        <ele>2.8</ele>
        <time>2025-10-01T15:52:08.000Z</time>
        <speed>0.000</speed>
      </trkpt>
      <trkpt lat="50.7111074" lon="-2.7614366">
        <ele>2.6</ele>
        <time>2025-10-01T15:52:13.000Z</time>
        <speed>0.000</speed>
      </trkpt>
      <trkpt lat="50.7111074" lon="-2.7614366">
        <ele>2.6</ele>
        <time>2025-10-01T15:52:18.000Z</time>
        <speed>0.000</speed>
      </trkpt>
      <trkpt lat="50.7111074" lon="-2.7614366">
        <ele>2.6</ele>
        <time>2025-10-01T15:52:23.000Z</time>
        <speed>0.000</speed>
      </trkpt>
      <trkpt lat="50.7111074" lon="-2.7614366">
        <ele>2.6</ele>
        <time>2025-10-01T15:52:28.000Z</time>
        <speed>0.000</speed>
      </trkpt>
      <trkpt lat="50.7111074" lon="-2.7614366">
        <ele>2.8</ele>
        <time>2025-10-01T15:52:33.000Z</time>
        <speed>0.000</speed>
      </trkpt>
      <trkpt lat="50.7111074" lon="-2.7614366">
        <ele>2.8</ele>
        <time>2025-10-01T15:52:38.000Z</time>
        <speed>0.000</speed>
      </trkpt>
      <trkpt lat="50.7111074" lon="-2.7614366">
        <ele>2.8</ele>
        <time>2025-10-01T15:52:43.000Z</time>
        <speed>0.000</speed>
      </trkpt>
      <trkpt lat="50.7111074" lon="-2.7614366">
        <ele>2.8</ele>
        <time>2025-10-01T15:52:48.000Z</time>
        <speed>0.000</speed>
      </trkpt>
      <trkpt lat="50.7111074" lon="-2.7614366">
        <ele>2.8</ele>
        <time>2025-10-01T15:52:53.000Z</time>
        <speed>0.000</speed>
      </trkpt>
      <trkpt lat="50.7111074" lon="-2.7614366">
        <ele>2.8</ele>
        <time>2025-10-01T15:52:58.000Z</time>
        <speed>0.000</speed>
      </trkpt>
      <trkpt lat="50.7111074" lon="-2.7614366">
        <ele>3.0</ele>
        <time>2025-10-01T15:53:03.000Z</time>
        <speed>0.000</speed>
      </trkpt>
      <trkpt lat="50.7111074" lon="-2.7614366">
        <ele>2.8</ele>
        <time>2025-10-01T15:53:08.000Z</time>
        <speed>0.000</speed>
      </trkpt>
      <trkpt lat="50.7111074" lon="-2.7614366">
        <ele>3.0</ele>
        <time>2025-10-01T15:53:13.000Z</time>
        <speed>0.000</speed>
      </trkpt>
      <trkpt lat="50.7111074" lon="-2.7614366">
        <ele>3.0</ele>
        <time>2025-10-01T15:53:18.000Z</time>
        <speed>0.000</speed>
      </trkpt>
      <trkpt lat="50.7111074" lon="-2.7614366">
        <ele>3.0</ele>
        <time>2025-10-01T15:53:23.000Z</time>
        <speed>0.000</speed>
      </trkpt>
      <trkpt lat="50.7111074" lon="-2.7614366">
        <ele>2.8</ele>
        <time>2025-10-01T15:53:28.000Z</time>
        <speed>0.000</speed>
      </trkpt>
      <trkpt lat="50.7111074" lon="-2.7614366">
        <ele>3.0</ele>
        <time>2025-10-01T15:53:33.000Z</time>
        <speed>0.000</speed>
      </trkpt>
      <trkpt lat="50.7111074" lon="-2.7614366">
        <ele>3.0</ele>
        <time>2025-10-01T15:53:38.000Z</time>
        <speed>0.000</speed>
      </trkpt>
      <trkpt lat="50.7111074" lon="-2.7614366">
        <ele>3.0</ele>
        <time>2025-10-01T15:53:43.000Z</time>
        <speed>0.000</speed>
      </trkpt>
      <trkpt lat="50.7111074" lon="-2.7614366">
        <ele>3.0</ele>
        <time>2025-10-01T15:53:48.000Z</time>
        <speed>0.000</speed>
      </trkpt>
      <trkpt lat="50.7111074" lon="-2.7614366">
        <ele>3.2</ele>
        <time>2025-10-01T15:53:53.000Z</time>
        <speed>0.000</speed>
      </trkpt>
      <trkpt lat="50.7111074" lon="-2.7614366">
        <ele>3.4</ele>
        <time>2025-10-01T15:53:58.000Z</time>
        <speed>0.000</speed>
      </trkpt>
      <trkpt lat="50.7111074" lon="-2.7614366">
        <ele>3.4</ele>
        <time>2025-10-01T15:54:03.000Z</time>
        <speed>0.000</speed>
      </trkpt>
      <trkpt lat="50.7111074" lon="-2.7614366">
        <ele>3.4</ele>
        <time>2025-10-01T15:54:08.000Z</time>
        <speed>0.000</speed>
      </trkpt>
      <trkpt lat="50.7111074" lon="-2.7614366">
        <ele>3.4</ele>
        <time>2025-10-01T15:54:13.000Z</time>
        <speed>0.000</speed>
      </trkpt>
      <trkpt lat="50.7111074" lon="-2.7614366">
        <ele>3.4</ele>
        <time>2025-10-01T15:54:18.000Z</time>
        <speed>0.000</speed>
      </trkpt>
      <trkpt lat="50.7111074" lon="-2.7614366">
        <ele>3.4</ele>
        <time>2025-10-01T15:54:23.000Z</time>
        <speed>0.000</speed>
      </trkpt>
      <trkpt lat="50.7111074" lon="-2.7614366">
        <ele>3.6</ele>
        <time>2025-10-01T15:54:28.000Z</time>
        <speed>0.000</speed>
      </trkpt>
      <trkpt lat="50.7111074" lon="-2.7614366">
        <ele>3.6</ele>
        <time>2025-10-01T15:54:33.000Z</time>
        <speed>0.000</speed>
      </trkpt>
      <trkpt lat="50.7111074" lon="-2.7614366">
        <ele>3.6</ele>
        <time>2025-10-01T15:54:38.000Z</time>
        <speed>0.000</speed>
      </trkpt>
      <trkpt lat="50.7111074" lon="-2.7614366">
        <ele>3.6</ele>
        <time>2025-10-01T15:54:43.000Z</time>
        <speed>0.000</speed>
      </trkpt>
      <trkpt lat="50.7111074" lon="-2.7614366">
        <ele>4.0</ele>
        <time>2025-10-01T15:54:48.000Z</time>
        <speed>0.000</speed>
      </trkpt>
      <trkpt lat="50.7111074" lon="-2.7614366">
        <ele>4.2</ele>
        <time>2025-10-01T15:54:53.000Z</time>
        <speed>0.000</speed>
      </trkpt>
      <trkpt lat="50.7111074" lon="-2.7614366">
        <ele>3.8</ele>
        <time>2025-10-01T15:54:58.000Z</time>
        <speed>0.000</speed>
      </trkpt>
      <trkpt lat="50.7111074" lon="-2.7614366">
        <ele>3.8</ele>
        <time>2025-10-01T15:55:03.000Z</time>
        <speed>0.000</speed>
      </trkpt>
      <trkpt lat="50.7111074" lon="-2.7614366">
        <ele>3.8</ele>
        <time>2025-10-01T15:55:08.000Z</time>
        <speed>0.000</speed>
      </trkpt>
      <trkpt lat="50.7111074" lon="-2.7614366">
        <ele>4.0</ele>
        <time>2025-10-01T15:55:13.000Z</time>
        <speed>0.000</speed>
      </trkpt>
      <trkpt lat="50.7111074" lon="-2.7614366">
        <ele>4.0</ele>
        <time>2025-10-01T15:55:18.000Z</time>
        <speed>0.000</speed>
      </trkpt>
      <trkpt lat="50.7111074" lon="-2.7614366">
        <ele>4.0</ele>
        <time>2025-10-01T15:55:23.000Z</time>
        <speed>0.000</speed>
      </trkpt>
      <trkpt lat="50.7111074" lon="-2.7614366">
        <ele>4.0</ele>
        <time>2025-10-01T15:55:28.000Z</time>
        <speed>0.000</speed>
      </trkpt>
      <trkpt lat="50.7111074" lon="-2.7614366">
        <ele>4.0</ele>
        <time>2025-10-01T15:55:33.000Z</time>
        <speed>0.000</speed>
      </trkpt>
      <trkpt lat="50.7111074" lon="-2.7614366">
        <ele>4.0</ele>
        <time>2025-10-01T15:55:38.000Z</time>
        <speed>0.000</speed>
      </trkpt>
      <trkpt lat="50.7111074" lon="-2.7614366">
        <ele>4.2</ele>
        <time>2025-10-01T15:55:43.000Z</time>
        <speed>0.000</speed>
      </trkpt>
      <trkpt lat="50.7111074" lon="-2.7614366">
        <ele>4.2</ele>
        <time>2025-10-01T15:55:48.000Z</time>
        <speed>0.000</speed>
      </trkpt>
      <trkpt lat="50.7111074" lon="-2.7614366">
        <ele>4.0</ele>
        <time>2025-10-01T15:55:53.000Z</time>
        <speed>0.000</speed>
      </trkpt>
      <trkpt lat="50.7111074" lon="-2.7614366">
        <ele>4.2</ele>
        <time>2025-10-01T15:55:58.000Z</time>
        <speed>0.000</speed>
      </trkpt>
      <trkpt lat="50.7111074" lon="-2.7614366">
        <ele>4.2</ele>
        <time>2025-10-01T15:56:03.000Z</time>
        <speed>0.000</speed>
      </trkpt>
      <trkpt lat="50.7111074" lon="-2.7614366">
        <ele>4.2</ele>
        <time>2025-10-01T15:56:08.000Z</time>
        <speed>0.000</speed>
      </trkpt>
      <trkpt lat="50.7111074" lon="-2.7614366">
        <ele>4.2</ele>
        <time>2025-10-01T15:56:13.000Z</time>
        <speed>0.000</speed>
      </trkpt>
      <trkpt lat="50.7111074" lon="-2.7614366">
        <ele>4.4</ele>
        <time>2025-10-01T15:56:18.000Z</time>
        <speed>0.000</speed>
      </trkpt>
      <trkpt lat="50.7111074" lon="-2.7614366">
        <ele>4.4</ele>
        <time>2025-10-01T15:56:23.000Z</time>
        <speed>0.000</speed>
      </trkpt>
      <trkpt lat="50.7111074" lon="-2.7614366">
        <ele>4.2</ele>
        <time>2025-10-01T15:56:28.000Z</time>
        <speed>0.000</speed>
      </trkpt>
      <trkpt lat="50.7111074" lon="-2.7614366">
        <ele>4.4</ele>
        <time>2025-10-01T15:56:33.000Z</time>
        <speed>0.000</speed>
      </trkpt>
      <trkpt lat="50.7111074" lon="-2.7614366">
        <ele>4.4</ele>
        <time>2025-10-01T15:56:38.000Z</time>
        <speed>0.000</speed>
      </trkpt>
      <trkpt lat="50.7111074" lon="-2.7614366">
        <ele>4.4</ele>
        <time>2025-10-01T15:56:43.000Z</time>
        <speed>0.000</speed>
      </trkpt>
      <trkpt lat="50.7111074" lon="-2.7614366">
        <ele>4.4</ele>
        <time>2025-10-01T15:56:48.000Z</time>
        <speed>0.000</speed>
      </trkpt>
      <trkpt lat="50.7111074" lon="-2.7614366">
        <ele>4.4</ele>
        <time>2025-10-01T15:56:53.000Z</time>
        <speed>0.000</speed>
      </trkpt>
      <trkpt lat="50.7111074" lon="-2.7614366">
        <ele>4.4</ele>
        <time>2025-10-01T15:56:58.000Z</time>
        <speed>0.000</speed>
      </trkpt>
      <trkpt lat="50.7111074" lon="-2.7614366">
        <ele>4.4</ele>
        <time>2025-10-01T15:57:03.000Z</time>
        <speed>0.000</speed>
      </trkpt>
      <trkpt lat="50.7111074" lon="-2.7614366">
        <ele>4.4</ele>
        <time>2025-10-01T15:57:08.000Z</time>
        <speed>0.000</speed>
      </trkpt>
      <trkpt lat="50.7111074" lon="-2.7614366">
        <ele>4.2</ele>
        <time>2025-10-01T15:57:13.000Z</time>
        <speed>0.000</speed>
      </trkpt>
      <trkpt lat="50.7111074" lon="-2.7614366">
        <ele>4.4</ele>
        <time>2025-10-01T15:57:18.000Z</time>
        <speed>0.000</speed>
      </trkpt>
      <trkpt lat="50.7111074" lon="-2.7614366">
        <ele>4.6</ele>
        <time>2025-10-01T15:57:23.000Z</time>
        <speed>0.000</speed>
      </trkpt>
      <trkpt lat="50.7111074" lon="-2.7614366">
        <ele>4.6</ele>
        <time>2025-10-01T15:57:28.000Z</time>
        <speed>0.000</speed>
      </trkpt>
      <trkpt lat="50.7111074" lon="-2.7614366">
        <ele>4.6</ele>
        <time>2025-10-01T15:57:33.000Z</time>
        <speed>0.000</speed>
      </trkpt>
      <trkpt lat="50.7111074" lon="-2.7614366">
        <ele>4.6</ele>
        <time>2025-10-01T15:57:38.000Z</time>
        <speed>0.000</speed>
      </trkpt>
      <trkpt lat="50.7111074" lon="-2.7614366">
        <ele>4.6</ele>
        <time>2025-10-01T15:57:43.000Z</time>
        <speed>0.000</speed>
      </trkpt>
      <trkpt lat="50.7111074" lon="-2.7614366">
        <ele>4.6</ele>
        <time>2025-10-01T15:57:48.000Z</time>
        <speed>0.000</speed>
      </trkpt>
      <trkpt lat="50.7111074" lon="-2.7614366">
        <ele>4.6</ele>
        <time>2025-10-01T15:57:53.000Z</time>
        <speed>0.000</speed>
      </trkpt>
      <trkpt lat="50.7111074" lon="-2.7614366">
        <ele>4.6</ele>
        <time>2025-10-01T15:57:58.000Z</time>
        <speed>0.000</speed>
      </trkpt>
      <trkpt lat="50.7111074" lon="-2.7614366">
        <ele>4.8</ele>
        <time>2025-10-01T15:58:03.000Z</time>
        <speed>0.000</speed>
      </trkpt>
      <trkpt lat="50.7111074" lon="-2.7614366">
        <ele>4.8</ele>
        <time>2025-10-01T15:58:08.000Z</time>
        <speed>0.000</speed>
      </trkpt>
      <trkpt lat="50.7111074" lon="-2.7614366">
        <ele>4.8</ele>
        <time>2025-10-01T15:58:13.000Z</time>
        <speed>0.000</speed>
      </trkpt>
      <trkpt lat="50.7111074" lon="-2.7614366">
        <ele>5.0</ele>
        <time>2025-10-01T15:58:18.000Z</time>
        <speed>0.000</speed>
      </trkpt>
      <trkpt lat="50.7111074" lon="-2.7614366">
        <ele>4.8</ele>
        <time>2025-10-01T15:58:23.000Z</time>
        <speed>0.000</speed>
      </trkpt>
      <trkpt lat="50.7111074" lon="-2.7614366">
        <ele>4.8</ele>
        <time>2025-10-01T15:58:28.000Z</time>
        <speed>0.000</speed>
      </trkpt>
      <trkpt lat="50.7111074" lon="-2.7614366">
        <ele>4.8</ele>
        <time>2025-10-01T15:58:33.000Z</time>
        <speed>0.000</speed>
      </trkpt>
      <trkpt lat="50.7111074" lon="-2.7614366">
        <ele>4.8</ele>
        <time>2025-10-01T15:58:38.000Z</time>
        <speed>0.000</speed>
      </trkpt>
      <trkpt lat="50.7111074" lon="-2.7614366">
        <ele>4.8</ele>
        <time>2025-10-01T15:58:43.000Z</time>
        <speed>0.000</speed>
      </trkpt>
      <trkpt lat="50.7111074" lon="-2.7614366">
        <ele>4.8</ele>
        <time>2025-10-01T15:58:48.000Z</time>
        <speed>0.000</speed>
      </trkpt>
      <trkpt lat="50.7111074" lon="-2.7614366">
        <ele>4.8</ele>
        <time>2025-10-01T15:58:53.000Z</time>
        <speed>0.000</speed>
      </trkpt>
      <trkpt lat="50.7111037" lon="-2.7614447">
        <ele>5.2</ele>
        <time>2025-10-01T15:58:58.000Z</time>
        <speed>0.000</speed>
      </trkpt>
      <trkpt lat="50.7111168" lon="-2.7614393">
        <ele>5.4</ele>
        <time>2025-10-01T15:59:03.000Z</time>
        <speed>0.000</speed>
      </trkpt>
      <trkpt lat="50.7111619" lon="-2.7614653">
        <ele>5.6</ele>
        <time>2025-10-01T15:59:08.000Z</time>
        <speed>1.073</speed>
      </trkpt>
      <trkpt lat="50.7112066" lon="-2.7614909">
        <ele>5.4</ele>
        <time>2025-10-01T15:59:13.000Z</time>
        <speed>0.728</speed>
      </trkpt>
      <trkpt lat="50.7112504" lon="-2.7615104">
        <ele>5.4</ele>
        <time>2025-10-01T15:59:18.000Z</time>
        <speed>0.905</speed>
      </trkpt>
      <trkpt lat="50.7112773" lon="-2.7615480">
        <ele>5.4</ele>
        <time>2025-10-01T15:59:23.000Z</time>
        <speed>0.924</speed>
      </trkpt>
      <trkpt lat="50.7112854" lon="-2.7615744">
        <ele>5.6</ele>
        <time>2025-10-01T15:59:28.000Z</time>
        <speed>0.821</speed>
      </trkpt>
      <trkpt lat="50.7113198" lon="-2.7616459">
        <ele>5.6</ele>
        <time>2025-10-01T15:59:33.000Z</time>
        <speed>0.970</speed>
      </trkpt>
      <trkpt lat="50.7113372" lon="-2.7617348">
        <ele>5.6</ele>
        <time>2025-10-01T15:59:38.000Z</time>
        <speed>1.456</speed>
      </trkpt>
      <trkpt lat="50.7113485" lon="-2.7618135">
        <ele>5.6</ele>
        <time>2025-10-01T15:59:43.000Z</time>
        <speed>1.316</speed>
      </trkpt>
      <trkpt lat="50.7113455" lon="-2.7618838">
        <ele>5.8</ele>
        <time>2025-10-01T15:59:48.000Z</time>
        <speed>1.138</speed>
      </trkpt>
      <trkpt lat="50.7113576" lon="-2.7619682">
        <ele>5.6</ele>
        <time>2025-10-01T15:59:53.000Z</time>
        <speed>1.176</speed>
      </trkpt>
      <trkpt lat="50.7113651" lon="-2.7620520">
        <ele>5.6</ele>
        <time>2025-10-01T15:59:58.000Z</time>
        <speed>1.157</speed>
      </trkpt>
      <trkpt lat="50.7113784" lon="-2.7620772">
        <ele>5.6</ele>
        <time>2025-10-01T16:00:03.000Z</time>
        <speed>1.036</speed>
      </trkpt>
      <trkpt lat="50.7113972" lon="-2.7621471">
        <ele>5.4</ele>
        <time>2025-10-01T16:00:08.000Z</time>
        <speed>1.232</speed>
      </trkpt>
      <trkpt lat="50.7114159" lon="-2.7622203">
        <ele>5.4</ele>
        <time>2025-10-01T16:00:13.000Z</time>
        <speed>1.157</speed>
      </trkpt>
      <trkpt lat="50.7114340" lon="-2.7622562">
        <ele>5.4</ele>
        <time>2025-10-01T16:00:18.000Z</time>
        <speed>0.942</speed>
      </trkpt>
      <trkpt lat="50.7114345" lon="-2.7622561">
        <ele>5.6</ele>
        <time>2025-10-01T16:00:23.000Z</time>
        <speed>0.000</speed>
      </trkpt>
      <trkpt lat="50.7114473" lon="-2.7622590">
        <ele>5.4</ele>
        <time>2025-10-01T16:00:28.000Z</time>
        <speed>0.000</speed>
      </trkpt>
      <trkpt lat="50.7114921" lon="-2.7623115">
        <ele>5.4</ele>
        <time>2025-10-01T16:00:33.000Z</time>
        <speed>1.372</speed>
      </trkpt>
      <trkpt lat="50.7115080" lon="-2.7623958">
        <ele>5.4</ele>
        <time>2025-10-01T16:00:38.000Z</time>
        <speed>1.306</speed>
      </trkpt>
      <trkpt lat="50.7115144" lon="-2.7624706">
        <ele>5.2</ele>
        <time>2025-10-01T16:00:43.000Z</time>
        <speed>1.166</speed>
      </trkpt>
      <trkpt lat="50.7115374" lon="-2.7625017">
        <ele>5.0</ele>
        <time>2025-10-01T16:00:48.000Z</time>
        <speed>1.017</speed>
      </trkpt>
      <trkpt lat="50.7115500" lon="-2.7624926">
        <ele>5.4</ele>
        <time>2025-10-01T16:00:53.000Z</time>
        <speed>0.746</speed>
      </trkpt>
      <trkpt lat="50.7115500" lon="-2.7624926">
        <ele>5.4</ele>
        <time>2025-10-01T16:00:58.000Z</time>
        <speed>0.000</speed>
      </trkpt>
      <trkpt lat="50.7115500" lon="-2.7624926">
        <ele>5.2</ele>
        <time>2025-10-01T16:01:03.000Z</time>
        <speed>0.000</speed>
      </trkpt>
      <trkpt lat="50.7115500" lon="-2.7624926">
        <ele>5.2</ele>
        <time>2025-10-01T16:01:08.000Z</time>
        <speed>0.000</speed>
      </trkpt>
      <trkpt lat="50.7115500" lon="-2.7624926">
        <ele>5.2</ele>
        <time>2025-10-01T16:01:13.000Z</time>
        <speed>0.000</speed>
      </trkpt>
      <trkpt lat="50.7115500" lon="-2.7624926">
        <ele>5.2</ele>
        <time>2025-10-01T16:01:18.000Z</time>
        <speed>0.000</speed>
      </trkpt>
      <trkpt lat="50.7115500" lon="-2.7624926">
        <ele>5.2</ele>
        <time>2025-10-01T16:01:23.000Z</time>
        <speed>0.000</speed>
      </trkpt>
      <trkpt lat="50.7115500" lon="-2.7624926">
        <ele>5.2</ele>
        <time>2025-10-01T16:01:28.000Z</time>
        <speed>0.000</speed>
      </trkpt>
      <trkpt lat="50.7115463" lon="-2.7625030">
        <ele>5.2</ele>
        <time>2025-10-01T16:01:33.000Z</time>
        <speed>0.000</speed>
      </trkpt>
      <trkpt lat="50.7115341" lon="-2.7625610">
        <ele>5.0</ele>
        <time>2025-10-01T16:01:38.000Z</time>
        <speed>1.101</speed>
      </trkpt>
      <trkpt lat="50.7115366" lon="-2.7626374">
        <ele>4.8</ele>
        <time>2025-10-01T16:01:43.000Z</time>
        <speed>1.045</speed>
      </trkpt>
      <trkpt lat="50.7115382" lon="-2.7627178">
        <ele>5.0</ele>
        <time>2025-10-01T16:01:48.000Z</time>
        <speed>1.026</speed>
      </trkpt>
      <trkpt lat="50.7115491" lon="-2.7627625">
        <ele>5.6</ele>
        <time>2025-10-01T16:01:53.000Z</time>
        <speed>1.110</speed>
      </trkpt>
      <trkpt lat="50.7115406" lon="-2.7628188">
        <ele>5.6</ele>
        <time>2025-10-01T16:01:58.000Z</time>
        <speed>1.045</speed>
      </trkpt>
      <trkpt lat="50.7115408" lon="-2.7628174">
        <ele>5.4</ele>
        <time>2025-10-01T16:02:03.000Z</time>
        <speed>0.000</speed>
      </trkpt>
      <trkpt lat="50.7115408" lon="-2.7628174">
        <ele>5.4</ele>
        <time>2025-10-01T16:02:08.000Z</time>
        <speed>0.000</speed>
      </trkpt>
      <trkpt lat="50.7115408" lon="-2.7628174">
        <ele>5.2</ele>
        <time>2025-10-01T16:02:13.000Z</time>
        <speed>0.000</speed>
      </trkpt>
      <trkpt lat="50.7115450" lon="-2.7627661">
        <ele>5.2</ele>
        <time>2025-10-01T16:02:18.000Z</time>
        <speed>0.000</speed>
      </trkpt>
      <trkpt lat="50.7115425" lon="-2.7627672">
        <ele>5.4</ele>
        <time>2025-10-01T16:02:23.000Z</time>
        <speed>0.000</speed>
      </trkpt>
      <trkpt lat="50.7115293" lon="-2.7627569">
        <ele>5.4</ele>
        <time>2025-10-01T16:02:28.000Z</time>
        <speed>0.000</speed>
      </trkpt>
      <trkpt lat="50.7115210" lon="-2.7627192">
        <ele>5.2</ele>
        <time>2025-10-01T16:02:33.000Z</time>
        <speed>0.000</speed>
      </trkpt>
      <trkpt lat="50.7115214" lon="-2.7626450">
        <ele>4.8</ele>
        <time>2025-10-01T16:02:38.000Z</time>
        <speed>1.045</speed>
      </trkpt>
      <trkpt lat="50.7115127" lon="-2.7625491">
        <ele>5.0</ele>
        <time>2025-10-01T16:02:43.000Z</time>
        <speed>1.250</speed>
      </trkpt>
      <trkpt lat="50.7115079" lon="-2.7624735">
        <ele>5.0</ele>
        <time>2025-10-01T16:02:48.000Z</time>
        <speed>1.241</speed>
      </trkpt>
      <trkpt lat="50.7115064" lon="-2.7623886">
        <ele>4.8</ele>
        <time>2025-10-01T16:02:53.000Z</time>
        <speed>1.194</speed>
      </trkpt>
      <trkpt lat="50.7115160" lon="-2.7623054">
        <ele>5.0</ele>
        <time>2025-10-01T16:02:58.000Z</time>
        <speed>1.260</speed>
      </trkpt>
      <trkpt lat="50.7115259" lon="-2.7622090">
        <ele>5.0</ele>
        <time>2025-10-01T16:03:03.000Z</time>
        <speed>1.222</speed>
      </trkpt>
      <trkpt lat="50.7115225" lon="-2.7621166">
        <ele>5.2</ele>
        <time>2025-10-01T16:03:08.000Z</time>
        <speed>1.297</speed>
      </trkpt>
      <trkpt lat="50.7115069" lon="-2.7620396">
        <ele>5.4</ele>
        <time>2025-10-01T16:03:13.000Z</time>
        <speed>1.260</speed>
      </trkpt>
      <trkpt lat="50.7114960" lon="-2.7619627">
        <ele>5.6</ele>
        <time>2025-10-01T16:03:18.000Z</time>
        <speed>1.222</speed>
      </trkpt>
      <trkpt lat="50.7114749" lon="-2.7618741">
        <ele>5.6</ele>
        <time>2025-10-01T16:03:23.000Z</time>
        <speed>1.241</speed>
      </trkpt>
      <trkpt lat="50.7114531" lon="-2.7617942">
        <ele>5.4</ele>
        <time>2025-10-01T16:03:28.000Z</time>
        <speed>1.250</speed>
      </trkpt>
      <trkpt lat="50.7114318" lon="-2.7617047">
        <ele>5.4</ele>
        <time>2025-10-01T16:03:33.000Z</time>
        <speed>1.260</speed>
      </trkpt>
      <trkpt lat="50.7114182" lon="-2.7616284">
        <ele>5.4</ele>
        <time>2025-10-01T16:03:38.000Z</time>
        <speed>1.260</speed>
      </trkpt>
      <trkpt lat="50.7114127" lon="-2.7615415">
        <ele>5.4</ele>
        <time>2025-10-01T16:03:43.000Z</time>
        <speed>1.250</speed>
      </trkpt>
      <trkpt lat="50.7113878" lon="-2.7614676">
        <ele>5.4</ele>
        <time>2025-10-01T16:03:48.000Z</time>
        <speed>1.260</speed>
      </trkpt>
      <trkpt lat="50.7113398" lon="-2.7614375">
        <ele>5.4</ele>
        <time>2025-10-01T16:03:53.000Z</time>
        <speed>1.250</speed>
      </trkpt>
      <trkpt lat="50.7112924" lon="-2.7614109">
        <ele>5.4</ele>
        <time>2025-10-01T16:03:58.000Z</time>
        <speed>1.241</speed>
      </trkpt>
      <trkpt lat="50.7112362" lon="-2.7613627">
        <ele>5.6</ele>
        <time>2025-10-01T16:04:03.000Z</time>
        <speed>1.232</speed>
      </trkpt>
      <trkpt lat="50.7111881" lon="-2.7613133">
        <ele>5.6</ele>
        <time>2025-10-01T16:04:08.000Z</time>
        <speed>1.260</speed>
      </trkpt>
      <trkpt lat="50.7111395" lon="-2.7612785">
        <ele>5.8</ele>
        <time>2025-10-01T16:04:13.000Z</time>
        <speed>1.260</speed>
      </trkpt>
      <trkpt lat="50.7110798" lon="-2.7612471">
        <ele>5.8</ele>
        <time>2025-10-01T16:04:18.000Z</time>
        <speed>1.260</speed>
      </trkpt>
      <trkpt lat="50.7110384" lon="-2.7611878">
        <ele>5.8</ele>
        <time>2025-10-01T16:04:23.000Z</time>
        <speed>1.250</speed>
      </trkpt>
      <trkpt lat="50.7110003" lon="-2.7611102">
        <ele>5.6</ele>
        <time>2025-10-01T16:04:28.000Z</time>
        <speed>1.278</speed>
      </trkpt>
      <trkpt lat="50.7109733" lon="-2.7610197">
        <ele>5.6</ele>
        <time>2025-10-01T16:04:33.000Z</time>
        <speed>1.288</speed>
      </trkpt>
      <trkpt lat="50.7109579" lon="-2.7609360">
        <ele>5.6</ele>
        <time>2025-10-01T16:04:38.000Z</time>
        <speed>1.288</speed>
      </trkpt>
      <trkpt lat="50.7109316" lon="-2.7608477">
        <ele>5.6</ele>
        <time>2025-10-01T16:04:43.000Z</time>
        <speed>1.297</speed>
      </trkpt>
      <trkpt lat="50.7109069" lon="-2.7607699">
        <ele>5.4</ele>
        <time>2025-10-01T16:04:48.000Z</time>
        <speed>1.297</speed>
      </trkpt>
      <trkpt lat="50.7108955" lon="-2.7606826">
        <ele>5.6</ele>
        <time>2025-10-01T16:04:53.000Z</time>
        <speed>1.241</speed>
      </trkpt>
      <trkpt lat="50.7108922" lon="-2.7605964">
        <ele>5.8</ele>
        <time>2025-10-01T16:04:58.000Z</time>
        <speed>1.260</speed>
      </trkpt>
      <trkpt lat="50.7108595" lon="-2.7605460">
        <ele>5.6</ele>
        <time>2025-10-01T16:05:03.000Z</time>
        <speed>1.185</speed>
      </trkpt>
      <trkpt lat="50.7108153" lon="-2.7605072">
        <ele>5.8</ele>
        <time>2025-10-01T16:05:08.000Z</time>
        <speed>1.129</speed>
      </trkpt>
      <trkpt lat="50.7107972" lon="-2.7604703">
        <ele>5.8</ele>
        <time>2025-10-01T16:05:13.000Z</time>
        <speed>0.812</speed>
      </trkpt>
      <trkpt lat="50.7107508" lon="-2.7604942">
        <ele>5.6</ele>
        <time>2025-10-01T16:05:18.000Z</time>
        <speed>0.793</speed>
      </trkpt>
      <trkpt lat="50.7106959" lon="-2.7605479">
        <ele>6.2</ele>
        <time>2025-10-01T16:05:23.000Z</time>
        <speed>0.924</speed>
      </trkpt>
      <trkpt lat="50.7106449" lon="-2.7606019">
        <ele>6.2</ele>
        <time>2025-10-01T16:05:28.000Z</time>
        <speed>1.278</speed>
      </trkpt>
      <trkpt lat="50.7105903" lon="-2.7605853">
        <ele>6.4</ele>
        <time>2025-10-01T16:05:33.000Z</time>
        <speed>1.306</speed>
      </trkpt>
      <trkpt lat="50.7105365" lon="-2.7605743">
        <ele>6.6</ele>
        <time>2025-10-01T16:05:38.000Z</time>
        <speed>1.241</speed>
      </trkpt>
      <trkpt lat="50.7104747" lon="-2.7605821">
        <ele>6.8</ele>
        <time>2025-10-01T16:05:43.000Z</time>
        <speed>1.213</speed>
      </trkpt>
      <trkpt lat="50.7104136" lon="-2.7605768">
        <ele>6.4</ele>
        <time>2025-10-01T16:05:48.000Z</time>
        <speed>1.381</speed>
      </trkpt>
      <trkpt lat="50.7103861" lon="-2.7605704">
        <ele>6.6</ele>
        <time>2025-10-01T16:05:53.000Z</time>
        <speed>1.045</speed>
      </trkpt>
      <trkpt lat="50.7103358" lon="-2.7605985">
        <ele>6.8</ele>
        <time>2025-10-01T16:05:58.000Z</time>
        <speed>1.045</speed>
      </trkpt>
      <trkpt lat="50.7103300" lon="-2.7605597">
        <ele>7.2</ele>
        <time>2025-10-01T16:06:03.000Z</time>
        <speed>1.008</speed>
      </trkpt>
      <trkpt lat="50.7103353" lon="-2.7605755">
        <ele>7.0</ele>
        <time>2025-10-01T16:06:08.000Z</time>
        <speed>0.784</speed>
      </trkpt>
    </trkseg>
  </trk>
</gpx>
