<?xml version="1.0" encoding="UTF-8"?>
<gpx xmlns="http://www.topografix.com/GPX/1/0" xmlns:xsi="http://www.w3.org/2001/XMLSchema-instance" creator="GPS Wizard - https://github.com/Logiqx/gps-wizard" version="1.0" xsi:schemaLocation="http://www.topografix.com/GPX/1/0 http://www.topografix.com/GPX/1/0/gpx.xsd">
  <trk>
    <trkseg>
      <trkpt lat="50.7225583" lon="-2.8225698">
        <ele>0.4</ele>
        <time>2025-10-01T12:53:57.000Z</time>
        <speed>2.734</speed>
      </trkpt>
      <trkpt lat="50.7225103" lon="-2.8224587">
        <ele>0.6</ele>
        <time>2025-10-01T12:54:02.000Z</time>
        <speed>2.183</speed>
      </trkpt>
      <trkpt lat="50.7224682" lon="-2.8224677">
        <ele>0.6</ele>
        <time>2025-10-01T12:54:07.000Z</time>
        <speed>1.316</speed>
      </trkpt>
      <trkpt lat="50.7224105" lon="-2.8224911">
        <ele>0.8</ele>
        <time>2025-10-01T12:54:12.000Z</time>
        <speed>1.176</speed>
      </trkpt>
      <trkpt lat="50.7223696" lon="-2.8225042">
        <ele>0.8</ele>
        <time>2025-10-01T12:54:17.000Z</time>
        <speed>0.924</speed>
      </trkpt>
      <trkpt lat="50.7223608" lon="-2.8225126">
        <ele>0.4</ele>
        <time>2025-10-01T12:54:22.000Z</time>
        <speed>0.774</speed>
      </trkpt>
      <trkpt lat="50.7223608" lon="-2.8225126">
        <ele>0.6</ele>
        <time>2025-10-01T12:54:27.000Z</time>
        <speed>0.000</speed>
      </trkpt>
      <trkpt lat="50.7223633" lon="-2.8225015">
        <ele>0.4</ele>
        <time>2025-10-01T12:54:32.000Z</time>
        <speed>0.000</speed>
      </trkpt>
      <trkpt lat="50.7223608" lon="-2.8225126">
        <ele>0.6</ele>
        <time>2025-10-01T12:54:37.000Z</time>
        <speed>0.000</speed>
      </trkpt>
      <trkpt lat="50.7223608" lon="-2.8225126">
        <ele>0.6</ele>
        <time>2025-10-01T12:54:42.000Z</time>
        <speed>0.000</speed>
      </trkpt>
      <trkpt lat="50.7223608" lon="-2.8225126">
        <ele>0.6</ele>
        <time>2025-10-01T12:54:47.000Z</time>
        <speed>0.000</speed>
      </trkpt>
      <trkpt lat="50.7223608" lon="-2.8225126">
        <ele>0.6</ele>
        <time>2025-10-01T12:54:52.000Z</time>
        <speed>0.000</speed>
      </trkpt>
      <trkpt lat="50.7223608" lon="-2.8225126">
        <ele>0.4</ele>
        <time>2025-10-01T12:54:57.000Z</time>
        <speed>0.000</speed>
      </trkpt>
      <trkpt lat="50.7223608" lon="-2.8225126">
        <ele>0.4</ele>
        <time>2025-10-01T12:55:02.000Z</time>
        <speed>0.000</speed>
      </trkpt>
      <trkpt lat="50.7223651" lon="-2.8225038">
        <ele>0.4</ele>
        <time>2025-10-01T12:55:07.000Z</time>
        <speed>0.000</speed>
      </trkpt>
      <trkpt lat="50.7223739" lon="-2.8224836">
        <ele>0.6</ele>
        <time>2025-10-01T12:55:12.000Z</time>
        <speed>0.000</speed>
      </trkpt>
      <trkpt lat="50.7223747" lon="-2.8224989">
        <ele>0.8</ele>
        <time>2025-10-01T12:55:17.000Z</time>
        <speed>0.000</speed>
      </trkpt>
      <trkpt lat="50.7223747" lon="-2.8224989">
        <ele>0.8</ele>
        <time>2025-10-01T12:55:22.000Z</time>
        <speed>0.000</speed>
      </trkpt>
      <trkpt lat="50.7223747" lon="-2.8224989">
        <ele>0.6</ele>
        <time>2025-10-01T12:55:27.000Z</time>
        <speed>0.000</speed>
      </trkpt>
      <trkpt lat="50.7223747" lon="-2.8224989">
        <ele>0.6</ele>
        <time>2025-10-01T12:55:32.000Z</time>
        <speed>0.000</speed>
      </trkpt>
      <trkpt lat="50.7223747" lon="-2.8224989">
        <ele>0.6</ele>
        <time>2025-10-01T12:55:37.000Z</time>
        <speed>0.000</speed>
      </trkpt>
      <trkpt lat="50.7223747" lon="-2.8224989">
        <ele>0.2</ele>
        <time>2025-10-01T12:55:42.000Z</time>
        <speed>0.000</speed>
      </trkpt>
      <trkpt lat="50.7223747" lon="-2.8224989">
        <ele>0.4</ele>
        <time>2025-10-01T12:55:47.000Z</time>
        <speed>0.000</speed>
      </trkpt>
      <trkpt lat="50.7223747" lon="-2.8224989">
        <ele>0.4</ele>
        <time>2025-10-01T12:55:52.000Z</time>
        <speed>0.000</speed>
      </trkpt>
      <trkpt lat="50.7223673" lon="-2.8224651">
        <ele>0.4</ele>
        <time>2025-10-01T12:55:57.000Z</time>
        <speed>0.000</speed>
      </trkpt>
      <trkpt lat="50.7223658" lon="-2.8224656">
        <ele>0.4</ele>
        <time>2025-10-01T12:56:02.000Z</time>
        <speed>0.000</speed>
      </trkpt>
      <trkpt lat="50.7223488" lon="-2.8224893">
        <ele>0.4</ele>
        <time>2025-10-01T12:56:07.000Z</time>
        <speed>0.000</speed>
      </trkpt>
      <trkpt lat="50.7223128" lon="-2.8224899">
        <ele>0.4</ele>
        <time>2025-10-01T12:56:12.000Z</time>
        <speed>0.000</speed>
      </trkpt>
      <trkpt lat="50.7222820" lon="-2.8225085">
        <ele>0.4</ele>
        <time>2025-10-01T12:56:17.000Z</time>
        <speed>0.000</speed>
      </trkpt>
      <trkpt lat="50.7222739" lon="-2.8224944">
        <ele>0.6</ele>
        <time>2025-10-01T12:56:22.000Z</time>
        <speed>0.000</speed>
      </trkpt>
      <trkpt lat="50.7222633" lon="-2.8224851">
        <ele>1.0</ele>
        <time>2025-10-01T12:56:27.000Z</time>
        <speed>0.000</speed>
      </trkpt>
      <trkpt lat="50.7222285" lon="-2.8224557">
        <ele>1.2</ele>
        <time>2025-10-01T12:56:32.000Z</time>
        <speed>0.728</speed>
      </trkpt>
      <trkpt lat="50.7221939" lon="-2.8224114">
        <ele>1.4</ele>
        <time>2025-10-01T12:56:37.000Z</time>
        <speed>1.129</speed>
      </trkpt>
      <trkpt lat="50.7221577" lon="-2.8223783">
        <ele>1.8</ele>
        <time>2025-10-01T12:56:42.000Z</time>
        <speed>1.036</speed>
      </trkpt>
      <trkpt lat="50.7221176" lon="-2.8223472">
        <ele>2.2</ele>
        <time>2025-10-01T12:56:47.000Z</time>
        <speed>1.073</speed>
      </trkpt>
      <trkpt lat="50.7220878" lon="-2.8222983">
        <ele>2.6</ele>
        <time>2025-10-01T12:56:52.000Z</time>
        <speed>1.017</speed>
      </trkpt>
      <trkpt lat="50.7220569" lon="-2.8222725">
        <ele>3.2</ele>
        <time>2025-10-01T12:56:57.000Z</time>
        <speed>1.036</speed>
      </trkpt>
      <trkpt lat="50.7220536" lon="-2.8222787">
        <ele>3.4</ele>
        <time>2025-10-01T12:57:02.000Z</time>
        <speed>0.000</speed>
      </trkpt>
      <trkpt lat="50.7220291" lon="-2.8222514">
        <ele>4.0</ele>
        <time>2025-10-01T12:57:07.000Z</time>
        <speed>0.000</speed>
      </trkpt>
      <trkpt lat="50.7219749" lon="-2.8221990">
        <ele>5.2</ele>
        <time>2025-10-01T12:57:12.000Z</time>
        <speed>1.474</speed>
      </trkpt>
      <trkpt lat="50.7219520" lon="-2.8221560">
        <ele>5.8</ele>
        <time>2025-10-01T12:57:17.000Z</time>
        <speed>0.924</speed>
      </trkpt>
      <trkpt lat="50.7219496" lon="-2.8221091">
        <ele>6.2</ele>
        <time>2025-10-01T12:57:22.000Z</time>
        <speed>0.896</speed>
      </trkpt>
      <trkpt lat="50.7219395" lon="-2.8220424">
        <ele>6.8</ele>
        <time>2025-10-01T12:57:27.000Z</time>
        <speed>1.054</speed>
      </trkpt>
      <trkpt lat="50.7219255" lon="-2.8219899">
        <ele>7.6</ele>
        <time>2025-10-01T12:57:32.000Z</time>
        <speed>0.998</speed>
      </trkpt>
      <trkpt lat="50.7219110" lon="-2.8219265">
        <ele>8.0</ele>
        <time>2025-10-01T12:57:37.000Z</time>
        <speed>0.942</speed>
      </trkpt>
      <trkpt lat="50.7218998" lon="-2.8218811">
        <ele>9.2</ele>
        <time>2025-10-01T12:57:42.000Z</time>
        <speed>0.784</speed>
      </trkpt>
      <trkpt lat="50.7219002" lon="-2.8218409">
        <ele>9.8</ele>
        <time>2025-10-01T12:57:47.000Z</time>
        <speed>0.765</speed>
      </trkpt>
      <trkpt lat="50.7218974" lon="-2.8217897">
        <ele>10.4</ele>
        <time>2025-10-01T12:57:52.000Z</time>
        <speed>0.765</speed>
      </trkpt>
      <trkpt lat="50.7218917" lon="-2.8217592">
        <ele>11.2</ele>
        <time>2025-10-01T12:57:57.000Z</time>
        <speed>0.690</speed>
      </trkpt>
      <trkpt lat="50.7218881" lon="-2.8217527">
        <ele>11.2</ele>
        <time>2025-10-01T12:58:02.000Z</time>
        <speed>0.606</speed>
      </trkpt>
      <trkpt lat="50.7218905" lon="-2.8216963">
        <ele>11.2</ele>
        <time>2025-10-01T12:58:07.000Z</time>
        <speed>0.560</speed>
      </trkpt>
      <trkpt lat="50.7218914" lon="-2.8216502">
        <ele>11.8</ele>
        <time>2025-10-01T12:58:12.000Z</time>
        <speed>0.653</speed>
      </trkpt>
      <trkpt lat="50.7218872" lon="-2.8215924">
        <ele>12.6</ele>
        <time>2025-10-01T12:58:17.000Z</time>
        <speed>0.718</speed>
      </trkpt>
      <trkpt lat="50.7218843" lon="-2.8215578">
        <ele>13.2</ele>
        <time>2025-10-01T12:58:22.000Z</time>
        <speed>0.756</speed>
      </trkpt>
      <trkpt lat="50.7218784" lon="-2.8215520">
        <ele>13.2</ele>
        <time>2025-10-01T12:58:27.000Z</time>
        <speed>0.709</speed>
      </trkpt>
      <trkpt lat="50.7218777" lon="-2.8215512">
        <ele>13.0</ele>
        <time>2025-10-01T12:58:32.000Z</time>
        <speed>0.000</speed>
      </trkpt>
      <trkpt lat="50.7218769" lon="-2.8215497">
        <ele>13.2</ele>
        <time>2025-10-01T12:58:37.000Z</time>
        <speed>0.000</speed>
      </trkpt>
      <trkpt lat="50.7218649" lon="-2.8214852">
        <ele>13.6</ele>
        <time>2025-10-01T12:58:42.000Z</time>
        <speed>0.000</speed>
      </trkpt>
      <trkpt lat="50.7218700" lon="-2.8214360">
        <ele>14.2</ele>
        <time>2025-10-01T12:58:47.000Z</time>
        <speed>0.000</speed>
      </trkpt>
      <trkpt lat="50.7218512" lon="-2.8213740">
        <ele>14.8</ele>
        <time>2025-10-01T12:58:52.000Z</time>
        <speed>0.000</speed>
      </trkpt>
      <trkpt lat="50.7218414" lon="-2.8213168">
        <ele>15.8</ele>
        <time>2025-10-01T12:58:57.000Z</time>
        <speed>0.000</speed>
      </trkpt>
      <trkpt lat="50.7218376" lon="-2.8212471">
        <ele>16.4</ele>
        <time>2025-10-01T12:59:02.000Z</time>
        <speed>1.092</speed>
      </trkpt>
      <trkpt lat="50.7218288" lon="-2.8211771">
        <ele>17.0</ele>
        <time>2025-10-01T12:59:07.000Z</time>
        <speed>0.970</speed>
      </trkpt>
      <trkpt lat="50.7218163" lon="-2.8211008">
        <ele>17.2</ele>
        <time>2025-10-01T12:59:12.000Z</time>
        <speed>1.045</speed>
      </trkpt>
      <trkpt lat="50.7218025" lon="-2.8210344">
        <ele>18.2</ele>
        <time>2025-10-01T12:59:17.000Z</time>
        <speed>1.017</speed>
      </trkpt>
      <trkpt lat="50.7217858" lon="-2.8209383">
        <ele>18.6</ele>
        <time>2025-10-01T12:59:22.000Z</time>
        <speed>1.166</speed>
      </trkpt>
      <trkpt lat="50.7217860" lon="-2.8208774">
        <ele>18.8</ele>
        <time>2025-10-01T12:59:27.000Z</time>
        <speed>1.148</speed>
      </trkpt>
      <trkpt lat="50.7217811" lon="-2.8208016">
        <ele>19.2</ele>
        <time>2025-10-01T12:59:32.000Z</time>
        <speed>1.082</speed>
      </trkpt>
      <trkpt lat="50.7217770" lon="-2.8207279">
        <ele>19.6</ele>
        <time>2025-10-01T12:59:37.000Z</time>
        <speed>1.064</speed>
      </trkpt>
      <trkpt lat="50.7217687" lon="-2.8206579">
        <ele>20.0</ele>
        <time>2025-10-01T12:59:42.000Z</time>
        <speed>1.036</speed>
      </trkpt>
      <trkpt lat="50.7217640" lon="-2.8205771">
        <ele>20.6</ele>
        <time>2025-10-01T12:59:47.000Z</time>
        <speed>1.026</speed>
      </trkpt>
      <trkpt lat="50.7217540" lon="-2.8205003">
        <ele>21.0</ele>
        <time>2025-10-01T12:59:52.000Z</time>
        <speed>1.064</speed>
      </trkpt>
      <trkpt lat="50.7217488" lon="-2.8204257">
        <ele>21.4</ele>
        <time>2025-10-01T12:59:57.000Z</time>
        <speed>1.064</speed>
      </trkpt>
      <trkpt lat="50.7217354" lon="-2.8203522">
        <ele>22.0</ele>
        <time>2025-10-01T13:00:02.000Z</time>
        <speed>1.073</speed>
      </trkpt>
      <trkpt lat="50.7217139" lon="-2.8202689">
        <ele>22.4</ele>
        <time>2025-10-01T13:00:07.000Z</time>
        <speed>1.101</speed>
      </trkpt>
      <trkpt lat="50.7217088" lon="-2.8202045">
        <ele>23.0</ele>
        <time>2025-10-01T13:00:12.000Z</time>
        <speed>1.120</speed>
      </trkpt>
      <trkpt lat="50.7216972" lon="-2.8201367">
        <ele>23.2</ele>
        <time>2025-10-01T13:00:17.000Z</time>
        <speed>1.082</speed>
      </trkpt>
      <trkpt lat="50.7216789" lon="-2.8200670">
        <ele>23.8</ele>
        <time>2025-10-01T13:00:22.000Z</time>
        <speed>1.008</speed>
      </trkpt>
      <trkpt lat="50.7216629" lon="-2.8199968">
        <ele>24.2</ele>
        <time>2025-10-01T13:00:27.000Z</time>
        <speed>1.101</speed>
      </trkpt>
      <trkpt lat="50.7216508" lon="-2.8199244">
        <ele>24.4</ele>
        <time>2025-10-01T13:00:32.000Z</time>
        <speed>1.054</speed>
      </trkpt>
      <trkpt lat="50.7216366" lon="-2.8198490">
        <ele>24.6</ele>
        <time>2025-10-01T13:00:37.000Z</time>
        <speed>1.073</speed>
      </trkpt>
      <trkpt lat="50.7216153" lon="-2.8197730">
        <ele>25.0</ele>
        <time>2025-10-01T13:00:42.000Z</time>
        <speed>1.073</speed>
      </trkpt>
      <trkpt lat="50.7215977" lon="-2.8197045">
        <ele>25.4</ele>
        <time>2025-10-01T13:00:47.000Z</time>
        <speed>1.092</speed>
      </trkpt>
      <trkpt lat="50.7215778" lon="-2.8196558">
        <ele>25.8</ele>
        <time>2025-10-01T13:00:52.000Z</time>
        <speed>1.036</speed>
      </trkpt>
      <trkpt lat="50.7215605" lon="-2.8195891">
        <ele>26.0</ele>
        <time>2025-10-01T13:00:57.000Z</time>
        <speed>0.933</speed>
      </trkpt>
      <trkpt lat="50.7215459" lon="-2.8195289">
        <ele>26.4</ele>
        <time>2025-10-01T13:01:02.000Z</time>
        <speed>0.942</speed>
      </trkpt>
      <trkpt lat="50.7215323" lon="-2.8194635">
        <ele>27.0</ele>
        <time>2025-10-01T13:01:07.000Z</time>
        <speed>0.952</speed>
      </trkpt>
      <trkpt lat="50.7215163" lon="-2.8194016">
        <ele>27.4</ele>
        <time>2025-10-01T13:01:12.000Z</time>
        <speed>0.942</speed>
      </trkpt>
      <trkpt lat="50.7215010" lon="-2.8193349">
        <ele>28.0</ele>
        <time>2025-10-01T13:01:17.000Z</time>
        <speed>0.933</speed>
      </trkpt>
      <trkpt lat="50.7214919" lon="-2.8192798">
        <ele>28.6</ele>
        <time>2025-10-01T13:01:22.000Z</time>
        <speed>0.952</speed>
      </trkpt>
      <trkpt lat="50.7214813" lon="-2.8192021">
        <ele>29.2</ele>
        <time>2025-10-01T13:01:27.000Z</time>
        <speed>0.998</speed>
      </trkpt>
      <trkpt lat="50.7214684" lon="-2.8191360">
        <ele>29.6</ele>
        <time>2025-10-01T13:01:32.000Z</time>
        <speed>0.970</speed>
      </trkpt>
      <trkpt lat="50.7214511" lon="-2.8190759">
        <ele>30.2</ele>
        <time>2025-10-01T13:01:37.000Z</time>
        <speed>0.896</speed>
      </trkpt>
      <trkpt lat="50.7214397" lon="-2.8190106">
        <ele>30.6</ele>
        <time>2025-10-01T13:01:42.000Z</time>
        <speed>0.924</speed>
      </trkpt>
      <trkpt lat="50.7214185" lon="-2.8189346">
        <ele>31.0</ele>
        <time>2025-10-01T13:01:47.000Z</time>
        <speed>0.952</speed>
      </trkpt>
      <trkpt lat="50.7214152" lon="-2.8188749">
        <ele>32.0</ele>
        <time>2025-10-01T13:01:52.000Z</time>
        <speed>0.980</speed>
      </trkpt>
      <trkpt lat="50.7214178" lon="-2.8188114">
        <ele>32.4</ele>
        <time>2025-10-01T13:01:57.000Z</time>
        <speed>0.942</speed>
      </trkpt>
      <trkpt lat="50.7214122" lon="-2.8187249">
        <ele>32.8</ele>
        <time>2025-10-01T13:02:02.000Z</time>
        <speed>0.980</speed>
      </trkpt>
      <trkpt lat="50.7214159" lon="-2.8186706">
        <ele>33.4</ele>
        <time>2025-10-01T13:02:07.000Z</time>
        <speed>0.793</speed>
      </trkpt>
      <trkpt lat="50.7214114" lon="-2.8186069">
        <ele>34.0</ele>
        <time>2025-10-01T13:02:12.000Z</time>
        <speed>0.942</speed>
      </trkpt>
      <trkpt lat="50.7214044" lon="-2.8185338">
        <ele>34.8</ele>
        <time>2025-10-01T13:02:17.000Z</time>
        <speed>0.924</speed>
      </trkpt>
      <trkpt lat="50.7214008" lon="-2.8184707">
        <ele>35.4</ele>
        <time>2025-10-01T13:02:22.000Z</time>
        <speed>0.961</speed>
      </trkpt>
      <trkpt lat="50.7213989" lon="-2.8184011">
        <ele>36.2</ele>
        <time>2025-10-01T13:02:27.000Z</time>
        <speed>0.970</speed>
      </trkpt>
      <trkpt lat="50.7214016" lon="-2.8183374">
        <ele>36.8</ele>
        <time>2025-10-01T13:02:32.000Z</time>
        <speed>0.924</speed>
      </trkpt>
      <trkpt lat="50.7214015" lon="-2.8182709">
        <ele>37.4</ele>
        <time>2025-10-01T13:02:37.000Z</time>
        <speed>0.877</speed>
      </trkpt>
      <trkpt lat="50.7214035" lon="-2.8182026">
        <ele>38.2</ele>
        <time>2025-10-01T13:02:42.000Z</time>
        <speed>0.980</speed>
      </trkpt>
      <trkpt lat="50.7214052" lon="-2.8181401">
        <ele>39.0</ele>
        <time>2025-10-01T13:02:47.000Z</time>
        <speed>0.970</speed>
      </trkpt>
      <trkpt lat="50.7214003" lon="-2.8180708">
        <ele>39.6</ele>
        <time>2025-10-01T13:02:52.000Z</time>
        <speed>0.952</speed>
      </trkpt>
      <trkpt lat="50.7214094" lon="-2.8180051">
        <ele>40.6</ele>
        <time>2025-10-01T13:02:57.000Z</time>
        <speed>0.952</speed>
      </trkpt>
      <trkpt lat="50.7214097" lon="-2.8179573">
        <ele>41.2</ele>
        <time>2025-10-01T13:03:02.000Z</time>
        <speed>0.868</speed>
      </trkpt>
      <trkpt lat="50.7214078" lon="-2.8178931">
        <ele>42.0</ele>
        <time>2025-10-01T13:03:07.000Z</time>
        <speed>0.821</speed>
      </trkpt>
      <trkpt lat="50.7214149" lon="-2.8178254">
        <ele>42.8</ele>
        <time>2025-10-01T13:03:12.000Z</time>
        <speed>0.877</speed>
      </trkpt>
      <trkpt lat="50.7214207" lon="-2.8177728">
        <ele>43.6</ele>
        <time>2025-10-01T13:03:17.000Z</time>
        <speed>0.924</speed>
      </trkpt>
      <trkpt lat="50.7214257" lon="-2.8177078">
        <ele>44.2</ele>
        <time>2025-10-01T13:03:22.000Z</time>
        <speed>0.858</speed>
      </trkpt>
      <trkpt lat="50.7214332" lon="-2.8176490">
        <ele>45.0</ele>
        <time>2025-10-01T13:03:27.000Z</time>
        <speed>0.886</speed>
      </trkpt>
      <trkpt lat="50.7214478" lon="-2.8175840">
        <ele>45.8</ele>
        <time>2025-10-01T13:03:32.000Z</time>
        <speed>0.877</speed>
      </trkpt>
      <trkpt lat="50.7214519" lon="-2.8175246">
        <ele>46.8</ele>
        <time>2025-10-01T13:03:37.000Z</time>
        <speed>0.877</speed>
      </trkpt>
      <trkpt lat="50.7214500" lon="-2.8175267">
        <ele>47.0</ele>
        <time>2025-10-01T13:03:42.000Z</time>
        <speed>0.000</speed>
      </trkpt>
      <trkpt lat="50.7214500" lon="-2.8175267">
        <ele>46.6</ele>
        <time>2025-10-01T13:03:47.000Z</time>
        <speed>0.000</speed>
      </trkpt>
      <trkpt lat="50.7214500" lon="-2.8175267">
        <ele>47.0</ele>
        <time>2025-10-01T13:03:52.000Z</time>
        <speed>0.000</speed>
      </trkpt>
      <trkpt lat="50.7214500" lon="-2.8175267">
        <ele>46.6</ele>
        <time>2025-10-01T13:03:57.000Z</time>
        <speed>0.000</speed>
      </trkpt>
      <trkpt lat="50.7214518" lon="-2.8175172">
        <ele>46.6</ele>
        <time>2025-10-01T13:04:02.000Z</time>
        <speed>0.000</speed>
      </trkpt>
      <trkpt lat="50.7214500" lon="-2.8175267">
        <ele>46.6</ele>
        <time>2025-10-01T13:04:07.000Z</time>
        <speed>0.000</speed>
      </trkpt>
      <trkpt lat="50.7214500" lon="-2.8175267">
        <ele>46.6</ele>
        <time>2025-10-01T13:04:12.000Z</time>
        <speed>0.000</speed>
      </trkpt>
      <trkpt lat="50.7214500" lon="-2.8175267">
        <ele>46.4</ele>
        <time>2025-10-01T13:04:17.000Z</time>
        <speed>0.000</speed>
      </trkpt>
      <trkpt lat="50.7214500" lon="-2.8175267">
        <ele>46.4</ele>
        <time>2025-10-01T13:04:22.000Z</time>
        <speed>0.000</speed>
      </trkpt>
      <trkpt lat="50.7214585" lon="-2.8175203">
        <ele>46.4</ele>
        <time>2025-10-01T13:04:27.000Z</time>
        <speed>0.000</speed>
      </trkpt>
      <trkpt lat="50.7214500" lon="-2.8175267">
        <ele>46.4</ele>
        <time>2025-10-01T13:04:32.000Z</time>
        <speed>0.000</speed>
      </trkpt>
      <trkpt lat="50.7214500" lon="-2.8175267">
        <ele>46.4</ele>
        <time>2025-10-01T13:04:37.000Z</time>
        <speed>0.000</speed>
      </trkpt>
      <trkpt lat="50.7214500" lon="-2.8175267">
        <ele>46.2</ele>
        <time>2025-10-01T13:04:42.000Z</time>
        <speed>0.000</speed>
      </trkpt>
      <trkpt lat="50.7214500" lon="-2.8175267">
        <ele>46.4</ele>
        <time>2025-10-01T13:04:47.000Z</time>
        <speed>0.000</speed>
      </trkpt>
      <trkpt lat="50.7214500" lon="-2.8175267">
        <ele>46.2</ele>
        <time>2025-10-01T13:04:52.000Z</time>
        <speed>0.000</speed>
      </trkpt>
      <trkpt lat="50.7214500" lon="-2.8175267">
        <ele>46.2</ele>
        <time>2025-10-01T13:04:57.000Z</time>
        <speed>0.000</speed>
      </trkpt>
      <trkpt lat="50.7214578" lon="-2.8175158">
        <ele>46.2</ele>
        <time>2025-10-01T13:05:02.000Z</time>
        <speed>0.000</speed>
      </trkpt>
      <trkpt lat="50.7214522" lon="-2.8174833">
        <ele>47.2</ele>
        <time>2025-10-01T13:05:07.000Z</time>
        <speed>0.000</speed>
      </trkpt>
      <trkpt lat="50.7214063" lon="-2.8174896">
        <ele>48.2</ele>
        <time>2025-10-01T13:05:12.000Z</time>
        <speed>1.073</speed>
      </trkpt>
      <trkpt lat="50.7213941" lon="-2.8174773">
        <ele>47.4</ele>
        <time>2025-10-01T13:05:17.000Z</time>
        <speed>1.026</speed>
      </trkpt>
      <trkpt lat="50.7214386" lon="-2.8174453">
        <ele>47.6</ele>
        <time>2025-10-01T13:05:22.000Z</time>
        <speed>0.942</speed>
      </trkpt>
      <trkpt lat="50.7214687" lon="-2.8173894">
        <ele>48.2</ele>
        <time>2025-10-01T13:05:27.000Z</time>
        <speed>0.961</speed>
      </trkpt>
      <trkpt lat="50.7214809" lon="-2.8173396">
        <ele>49.2</ele>
        <time>2025-10-01T13:05:32.000Z</time>
        <speed>0.942</speed>
      </trkpt>
      <trkpt lat="50.7214708" lon="-2.8172829">
        <ele>49.6</ele>
        <time>2025-10-01T13:05:37.000Z</time>
        <speed>0.942</speed>
      </trkpt>
      <trkpt lat="50.7214595" lon="-2.8172343">
        <ele>50.6</ele>
        <time>2025-10-01T13:05:42.000Z</time>
        <speed>0.858</speed>
      </trkpt>
      <trkpt lat="50.7214426" lon="-2.8171919">
        <ele>51.4</ele>
        <time>2025-10-01T13:05:47.000Z</time>
        <speed>0.672</speed>
      </trkpt>
      <trkpt lat="50.7214113" lon="-2.8171586">
        <ele>52.4</ele>
        <time>2025-10-01T13:05:52.000Z</time>
        <speed>0.373</speed>
      </trkpt>
      <trkpt lat="50.7213893" lon="-2.8171137">
        <ele>53.2</ele>
        <time>2025-10-01T13:05:57.000Z</time>
        <speed>0.784</speed>
      </trkpt>
      <trkpt lat="50.7213786" lon="-2.8170768">
        <ele>54.4</ele>
        <time>2025-10-01T13:06:02.000Z</time>
        <speed>0.560</speed>
      </trkpt>
      <trkpt lat="50.7213680" lon="-2.8170356">
        <ele>55.6</ele>
        <time>2025-10-01T13:06:07.000Z</time>
        <speed>0.644</speed>
      </trkpt>
      <trkpt lat="50.7213480" lon="-2.8169910">
        <ele>56.4</ele>
        <time>2025-10-01T13:06:12.000Z</time>
        <speed>0.625</speed>
      </trkpt>
      <trkpt lat="50.7213371" lon="-2.8169548">
        <ele>57.4</ele>
        <time>2025-10-01T13:06:17.000Z</time>
        <speed>0.709</speed>
      </trkpt>
      <trkpt lat="50.7213228" lon="-2.8169047">
        <ele>58.2</ele>
        <time>2025-10-01T13:06:22.000Z</time>
        <speed>0.896</speed>
      </trkpt>
      <trkpt lat="50.7213196" lon="-2.8168495">
        <ele>59.0</ele>
        <time>2025-10-01T13:06:27.000Z</time>
        <speed>0.849</speed>
      </trkpt>
      <trkpt lat="50.7213171" lon="-2.8168065">
        <ele>59.8</ele>
        <time>2025-10-01T13:06:32.000Z</time>
        <speed>0.672</speed>
      </trkpt>
      <trkpt lat="50.7213029" lon="-2.8167809">
        <ele>61.0</ele>
        <time>2025-10-01T13:06:37.000Z</time>
        <speed>0.672</speed>
      </trkpt>
      <trkpt lat="50.7212828" lon="-2.8167837">
        <ele>61.6</ele>
        <time>2025-10-01T13:06:42.000Z</time>
        <speed>0.299</speed>
      </trkpt>
      <trkpt lat="50.7212325" lon="-2.8167770">
        <ele>62.2</ele>
        <time>2025-10-01T13:06:47.000Z</time>
        <speed>0.896</speed>
      </trkpt>
      <trkpt lat="50.7212135" lon="-2.8167511">
        <ele>63.2</ele>
        <time>2025-10-01T13:06:52.000Z</time>
        <speed>0.849</speed>
      </trkpt>
      <trkpt lat="50.7211976" lon="-2.8167123">
        <ele>63.8</ele>
        <time>2025-10-01T13:06:57.000Z</time>
        <speed>0.709</speed>
      </trkpt>
      <trkpt lat="50.7211884" lon="-2.8166713">
        <ele>64.8</ele>
        <time>2025-10-01T13:07:02.000Z</time>
        <speed>0.700</speed>
      </trkpt>
      <trkpt lat="50.7211829" lon="-2.8166196">
        <ele>65.8</ele>
        <time>2025-10-01T13:07:07.000Z</time>
        <speed>0.709</speed>
      </trkpt>
      <trkpt lat="50.7211653" lon="-2.8165599">
        <ele>66.6</ele>
        <time>2025-10-01T13:07:12.000Z</time>
        <speed>0.793</speed>
      </trkpt>
      <trkpt lat="50.7211595" lon="-2.8165112">
        <ele>67.2</ele>
        <time>2025-10-01T13:07:17.000Z</time>
        <speed>0.774</speed>
      </trkpt>
      <trkpt lat="50.7211507" lon="-2.8164584">
        <ele>68.0</ele>
        <time>2025-10-01T13:07:22.000Z</time>
        <speed>0.728</speed>
      </trkpt>
      <trkpt lat="50.7211418" lon="-2.8163957">
        <ele>68.8</ele>
        <time>2025-10-01T13:07:27.000Z</time>
        <speed>0.840</speed>
      </trkpt>
      <trkpt lat="50.7211345" lon="-2.8163394">
        <ele>69.2</ele>
        <time>2025-10-01T13:07:32.000Z</time>
        <speed>0.812</speed>
      </trkpt>
      <trkpt lat="50.7211314" lon="-2.8162646">
        <ele>69.8</ele>
        <time>2025-10-01T13:07:37.000Z</time>
        <speed>0.756</speed>
      </trkpt>
      <trkpt lat="50.7211310" lon="-2.8162065">
        <ele>70.6</ele>
        <time>2025-10-01T13:07:42.000Z</time>
        <speed>0.000</speed>
      </trkpt>
      <trkpt lat="50.7211351" lon="-2.8161408">
        <ele>71.2</ele>
        <time>2025-10-01T13:07:47.000Z</time>
        <speed>0.690</speed>
      </trkpt>
      <trkpt lat="50.7211397" lon="-2.8160699">
        <ele>71.8</ele>
        <time>2025-10-01T13:07:52.000Z</time>
        <speed>1.054</speed>
      </trkpt>
      <trkpt lat="50.7211387" lon="-2.8159963">
        <ele>72.4</ele>
        <time>2025-10-01T13:07:57.000Z</time>
        <speed>1.045</speed>
      </trkpt>
      <trkpt lat="50.7211313" lon="-2.8159249">
        <ele>73.0</ele>
        <time>2025-10-01T13:08:02.000Z</time>
        <speed>0.998</speed>
      </trkpt>
      <trkpt lat="50.7211209" lon="-2.8158707">
        <ele>73.6</ele>
        <time>2025-10-01T13:08:07.000Z</time>
        <speed>0.952</speed>
      </trkpt>
      <trkpt lat="50.7211038" lon="-2.8158023">
        <ele>74.2</ele>
        <time>2025-10-01T13:08:12.000Z</time>
        <speed>0.970</speed>
      </trkpt>
      <trkpt lat="50.7210851" lon="-2.8157256">
        <ele>75.2</ele>
        <time>2025-10-01T13:08:17.000Z</time>
        <speed>1.008</speed>
      </trkpt>
      <trkpt lat="50.7210795" lon="-2.8156772">
        <ele>76.0</ele>
        <time>2025-10-01T13:08:22.000Z</time>
        <speed>1.045</speed>
      </trkpt>
      <trkpt lat="50.7210617" lon="-2.8156102">
        <ele>76.4</ele>
        <time>2025-10-01T13:08:27.000Z</time>
        <speed>0.942</speed>
      </trkpt>
      <trkpt lat="50.7210471" lon="-2.8155541">
        <ele>77.2</ele>
        <time>2025-10-01T13:08:32.000Z</time>
        <speed>0.933</speed>
      </trkpt>
      <trkpt lat="50.7210389" lon="-2.8154754">
        <ele>78.0</ele>
        <time>2025-10-01T13:08:37.000Z</time>
        <speed>0.961</speed>
      </trkpt>
      <trkpt lat="50.7210257" lon="-2.8154167">
        <ele>78.6</ele>
        <time>2025-10-01T13:08:42.000Z</time>
        <speed>0.980</speed>
      </trkpt>
      <trkpt lat="50.7210163" lon="-2.8153581">
        <ele>79.4</ele>
        <time>2025-10-01T13:08:47.000Z</time>
        <speed>0.933</speed>
      </trkpt>
      <trkpt lat="50.7209990" lon="-2.8152856">
        <ele>80.0</ele>
        <time>2025-10-01T13:08:52.000Z</time>
        <speed>0.961</speed>
      </trkpt>
      <trkpt lat="50.7209831" lon="-2.8152108">
        <ele>80.6</ele>
        <time>2025-10-01T13:08:57.000Z</time>
        <speed>0.980</speed>
      </trkpt>
      <trkpt lat="50.7209724" lon="-2.8151352">
        <ele>81.0</ele>
        <time>2025-10-01T13:09:02.000Z</time>
        <speed>1.026</speed>
      </trkpt>
      <trkpt lat="50.7209682" lon="-2.8150551">
        <ele>81.4</ele>
        <time>2025-10-01T13:09:07.000Z</time>
        <speed>1.073</speed>
      </trkpt>
      <trkpt lat="50.7209595" lon="-2.8149841">
        <ele>81.8</ele>
        <time>2025-10-01T13:09:12.000Z</time>
        <speed>1.073</speed>
      </trkpt>
      <trkpt lat="50.7209490" lon="-2.8149093">
        <ele>82.0</ele>
        <time>2025-10-01T13:09:17.000Z</time>
        <speed>1.082</speed>
      </trkpt>
      <trkpt lat="50.7209332" lon="-2.8148339">
        <ele>82.0</ele>
        <time>2025-10-01T13:09:22.000Z</time>
        <speed>1.082</speed>
      </trkpt>
      <trkpt lat="50.7209056" lon="-2.8147526">
        <ele>82.2</ele>
        <time>2025-10-01T13:09:27.000Z</time>
        <speed>1.129</speed>
      </trkpt>
      <trkpt lat="50.7208933" lon="-2.8146900">
        <ele>82.6</ele>
        <time>2025-10-01T13:09:32.000Z</time>
        <speed>1.138</speed>
      </trkpt>
      <trkpt lat="50.7208751" lon="-2.8146148">
        <ele>82.6</ele>
        <time>2025-10-01T13:09:37.000Z</time>
        <speed>1.138</speed>
      </trkpt>
      <trkpt lat="50.7208541" lon="-2.8145477">
        <ele>82.6</ele>
        <time>2025-10-01T13:09:42.000Z</time>
        <speed>1.110</speed>
      </trkpt>
      <trkpt lat="50.7208327" lon="-2.8144830">
        <ele>82.6</ele>
        <time>2025-10-01T13:09:47.000Z</time>
        <speed>1.082</speed>
      </trkpt>
      <trkpt lat="50.7208036" lon="-2.8144247">
        <ele>82.8</ele>
        <time>2025-10-01T13:09:52.000Z</time>
        <speed>1.101</speed>
      </trkpt>
      <trkpt lat="50.7207736" lon="-2.8143605">
        <ele>83.0</ele>
        <time>2025-10-01T13:09:57.000Z</time>
        <speed>1.082</speed>
      </trkpt>
      <trkpt lat="50.7207404" lon="-2.8143058">
        <ele>83.2</ele>
        <time>2025-10-01T13:10:02.000Z</time>
        <speed>1.082</speed>
      </trkpt>
      <trkpt lat="50.7207057" lon="-2.8142542">
        <ele>83.4</ele>
        <time>2025-10-01T13:10:07.000Z</time>
        <speed>1.064</speed>
      </trkpt>
      <trkpt lat="50.7206676" lon="-2.8142171">
        <ele>83.8</ele>
        <time>2025-10-01T13:10:12.000Z</time>
        <speed>1.064</speed>
      </trkpt>
      <trkpt lat="50.7206296" lon="-2.8141649">
        <ele>83.8</ele>
        <time>2025-10-01T13:10:17.000Z</time>
        <speed>1.054</speed>
      </trkpt>
      <trkpt lat="50.7205999" lon="-2.8141066">
        <ele>84.2</ele>
        <time>2025-10-01T13:10:22.000Z</time>
        <speed>1.008</speed>
      </trkpt>
      <trkpt lat="50.7205666" lon="-2.8140304">
        <ele>84.4</ele>
        <time>2025-10-01T13:10:27.000Z</time>
        <speed>1.082</speed>
      </trkpt>
      <trkpt lat="50.7205383" lon="-2.8139386">
        <ele>84.6</ele>
        <time>2025-10-01T13:10:32.000Z</time>
        <speed>1.241</speed>
      </trkpt>
      <trkpt lat="50.7205109" lon="-2.8138632">
        <ele>84.4</ele>
        <time>2025-10-01T13:10:37.000Z</time>
        <speed>1.297</speed>
      </trkpt>
      <trkpt lat="50.7204845" lon="-2.8137954">
        <ele>84.4</ele>
        <time>2025-10-01T13:10:42.000Z</time>
        <speed>1.269</speed>
      </trkpt>
      <trkpt lat="50.7204514" lon="-2.8137399">
        <ele>84.0</ele>
        <time>2025-10-01T13:10:47.000Z</time>
        <speed>1.213</speed>
      </trkpt>
      <trkpt lat="50.7204007" lon="-2.8136548">
        <ele>84.2</ele>
        <time>2025-10-01T13:10:52.000Z</time>
        <speed>1.222</speed>
      </trkpt>
      <trkpt lat="50.7203729" lon="-2.8136015">
        <ele>83.6</ele>
        <time>2025-10-01T13:10:57.000Z</time>
        <speed>1.222</speed>
      </trkpt>
      <trkpt lat="50.7203421" lon="-2.8135252">
        <ele>84.0</ele>
        <time>2025-10-01T13:11:02.000Z</time>
        <speed>1.232</speed>
      </trkpt>
      <trkpt lat="50.7203097" lon="-2.8134502">
        <ele>83.8</ele>
        <time>2025-10-01T13:11:07.000Z</time>
        <speed>1.250</speed>
      </trkpt>
      <trkpt lat="50.7202690" lon="-2.8133675">
        <ele>83.6</ele>
        <time>2025-10-01T13:11:12.000Z</time>
        <speed>1.269</speed>
      </trkpt>
      <trkpt lat="50.7202281" lon="-2.8133009">
        <ele>83.2</ele>
        <time>2025-10-01T13:11:17.000Z</time>
        <speed>1.325</speed>
      </trkpt>
      <trkpt lat="50.7202008" lon="-2.8132332">
        <ele>82.8</ele>
        <time>2025-10-01T13:11:22.000Z</time>
        <speed>1.288</speed>
      </trkpt>
      <trkpt lat="50.7201818" lon="-2.8131504">
        <ele>82.2</ele>
        <time>2025-10-01T13:11:27.000Z</time>
        <speed>1.297</speed>
      </trkpt>
      <trkpt lat="50.7201645" lon="-2.8130722">
        <ele>81.6</ele>
        <time>2025-10-01T13:11:32.000Z</time>
        <speed>1.316</speed>
      </trkpt>
      <trkpt lat="50.7201433" lon="-2.8130027">
        <ele>81.0</ele>
        <time>2025-10-01T13:11:37.000Z</time>
        <speed>1.297</speed>
      </trkpt>
      <trkpt lat="50.7201189" lon="-2.8129342">
        <ele>80.4</ele>
        <time>2025-10-01T13:11:42.000Z</time>
        <speed>1.250</speed>
      </trkpt>
      <trkpt lat="50.7201011" lon="-2.8128588">
        <ele>79.4</ele>
        <time>2025-10-01T13:11:47.000Z</time>
        <speed>1.232</speed>
      </trkpt>
      <trkpt lat="50.7200751" lon="-2.8127826">
        <ele>78.6</ele>
        <time>2025-10-01T13:11:52.000Z</time>
        <speed>1.250</speed>
      </trkpt>
      <trkpt lat="50.7200530" lon="-2.8127170">
        <ele>78.0</ele>
        <time>2025-10-01T13:11:57.000Z</time>
        <speed>1.204</speed>
      </trkpt>
      <trkpt lat="50.7200219" lon="-2.8126406">
        <ele>77.6</ele>
        <time>2025-10-01T13:12:02.000Z</time>
        <speed>1.232</speed>
      </trkpt>
      <trkpt lat="50.7199879" lon="-2.8125664">
        <ele>77.0</ele>
        <time>2025-10-01T13:12:07.000Z</time>
        <speed>1.241</speed>
      </trkpt>
      <trkpt lat="50.7199676" lon="-2.8124862">
        <ele>76.4</ele>
        <time>2025-10-01T13:12:12.000Z</time>
        <speed>1.250</speed>
      </trkpt>
      <trkpt lat="50.7199510" lon="-2.8124111">
        <ele>76.4</ele>
        <time>2025-10-01T13:12:17.000Z</time>
        <speed>1.250</speed>
      </trkpt>
      <trkpt lat="50.7199354" lon="-2.8123368">
        <ele>75.4</ele>
        <time>2025-10-01T13:12:22.000Z</time>
        <speed>1.222</speed>
      </trkpt>
      <trkpt lat="50.7199305" lon="-2.8122491">
        <ele>74.6</ele>
        <time>2025-10-01T13:12:27.000Z</time>
        <speed>1.213</speed>
      </trkpt>
      <trkpt lat="50.7199368" lon="-2.8121727">
        <ele>74.2</ele>
        <time>2025-10-01T13:12:32.000Z</time>
        <speed>1.185</speed>
      </trkpt>
      <trkpt lat="50.7199279" lon="-2.8120957">
        <ele>73.0</ele>
        <time>2025-10-01T13:12:37.000Z</time>
        <speed>1.194</speed>
      </trkpt>
      <trkpt lat="50.7199029" lon="-2.8120510">
        <ele>73.0</ele>
        <time>2025-10-01T13:12:42.000Z</time>
        <speed>1.101</speed>
      </trkpt>
      <trkpt lat="50.7198981" lon="-2.8120185">
        <ele>72.4</ele>
        <time>2025-10-01T13:12:47.000Z</time>
        <speed>0.980</speed>
      </trkpt>
      <trkpt lat="50.7198800" lon="-2.8119864">
        <ele>72.4</ele>
        <time>2025-10-01T13:12:52.000Z</time>
        <speed>0.840</speed>
      </trkpt>
      <trkpt lat="50.7198836" lon="-2.8119861">
        <ele>72.2</ele>
        <time>2025-10-01T13:12:57.000Z</time>
        <speed>0.000</speed>
      </trkpt>
      <trkpt lat="50.7198881" lon="-2.8119030">
        <ele>72.6</ele>
        <time>2025-10-01T13:13:02.000Z</time>
        <speed>1.101</speed>
      </trkpt>
      <trkpt lat="50.7198926" lon="-2.8118094">
        <ele>72.8</ele>
        <time>2025-10-01T13:13:07.000Z</time>
        <speed>1.381</speed>
      </trkpt>
      <trkpt lat="50.7198961" lon="-2.8117249">
        <ele>73.2</ele>
        <time>2025-10-01T13:13:12.000Z</time>
        <speed>1.166</speed>
      </trkpt>
      <trkpt lat="50.7198997" lon="-2.8116892">
        <ele>73.4</ele>
        <time>2025-10-01T13:13:17.000Z</time>
        <speed>1.148</speed>
      </trkpt>
      <trkpt lat="50.7198983" lon="-2.8116398">
        <ele>73.6</ele>
        <time>2025-10-01T13:13:22.000Z</time>
        <speed>1.036</speed>
      </trkpt>
      <trkpt lat="50.7198981" lon="-2.8115639">
        <ele>74.0</ele>
        <time>2025-10-01T13:13:27.000Z</time>
        <speed>1.008</speed>
      </trkpt>
      <trkpt lat="50.7198987" lon="-2.8114850">
        <ele>74.8</ele>
        <time>2025-10-01T13:13:32.000Z</time>
        <speed>1.120</speed>
      </trkpt>
      <trkpt lat="50.7199056" lon="-2.8114279">
        <ele>75.6</ele>
        <time>2025-10-01T13:13:37.000Z</time>
        <speed>0.970</speed>
      </trkpt>
      <trkpt lat="50.7199099" lon="-2.8113595">
        <ele>76.2</ele>
        <time>2025-10-01T13:13:42.000Z</time>
        <speed>0.849</speed>
      </trkpt>
      <trkpt lat="50.7199125" lon="-2.8112991">
        <ele>77.0</ele>
        <time>2025-10-01T13:13:47.000Z</time>
        <speed>0.896</speed>
      </trkpt>
      <trkpt lat="50.7199161" lon="-2.8112289">
        <ele>77.6</ele>
        <time>2025-10-01T13:13:52.000Z</time>
        <speed>0.886</speed>
      </trkpt>
      <trkpt lat="50.7199163" lon="-2.8111618">
        <ele>78.4</ele>
        <time>2025-10-01T13:13:57.000Z</time>
        <speed>0.924</speed>
      </trkpt>
      <trkpt lat="50.7199142" lon="-2.8111028">
        <ele>79.0</ele>
        <time>2025-10-01T13:14:02.000Z</time>
        <speed>0.868</speed>
      </trkpt>
      <trkpt lat="50.7199211" lon="-2.8110678">
        <ele>79.6</ele>
        <time>2025-10-01T13:14:07.000Z</time>
        <speed>0.830</speed>
      </trkpt>
      <trkpt lat="50.7199514" lon="-2.8110431">
        <ele>80.0</ele>
        <time>2025-10-01T13:14:12.000Z</time>
        <speed>0.000</speed>
      </trkpt>
      <trkpt lat="50.7199585" lon="-2.8110384">
        <ele>79.6</ele>
        <time>2025-10-01T13:14:17.000Z</time>
        <speed>0.000</speed>
      </trkpt>
      <trkpt lat="50.7199585" lon="-2.8110384">
        <ele>79.6</ele>
        <time>2025-10-01T13:14:22.000Z</time>
        <speed>0.000</speed>
      </trkpt>
      <trkpt lat="50.7199585" lon="-2.8110384">
        <ele>79.8</ele>
        <time>2025-10-01T13:14:27.000Z</time>
        <speed>0.000</speed>
      </trkpt>
      <trkpt lat="50.7199585" lon="-2.8110384">
        <ele>79.6</ele>
        <time>2025-10-01T13:14:32.000Z</time>
        <speed>0.000</speed>
      </trkpt>
      <trkpt lat="50.7199585" lon="-2.8110384">
        <ele>79.8</ele>
        <time>2025-10-01T13:14:37.000Z</time>
        <speed>0.000</speed>
      </trkpt>
      <trkpt lat="50.7199585" lon="-2.8110384">
        <ele>79.6</ele>
        <time>2025-10-01T13:14:42.000Z</time>
        <speed>0.000</speed>
      </trkpt>
      <trkpt lat="50.7199585" lon="-2.8110384">
        <ele>79.6</ele>
        <time>2025-10-01T13:14:47.000Z</time>
        <speed>0.000</speed>
      </trkpt>
      <trkpt lat="50.7199585" lon="-2.8110384">
        <ele>79.6</ele>
        <time>2025-10-01T13:14:52.000Z</time>
        <speed>0.000</speed>
      </trkpt>
      <trkpt lat="50.7199585" lon="-2.8110384">
        <ele>79.6</ele>
        <time>2025-10-01T13:14:57.000Z</time>
        <speed>0.000</speed>
      </trkpt>
      <trkpt lat="50.7199585" lon="-2.8110384">
        <ele>79.6</ele>
        <time>2025-10-01T13:15:02.000Z</time>
        <speed>0.000</speed>
      </trkpt>
      <trkpt lat="50.7199585" lon="-2.8110384">
        <ele>79.8</ele>
        <time>2025-10-01T13:15:07.000Z</time>
        <speed>0.000</speed>
      </trkpt>
      <trkpt lat="50.7199585" lon="-2.8110384">
        <ele>80.0</ele>
        <time>2025-10-01T13:15:12.000Z</time>
        <speed>0.000</speed>
      </trkpt>
      <trkpt lat="50.7199585" lon="-2.8110384">
        <ele>79.8</ele>
        <time>2025-10-01T13:15:17.000Z</time>
        <speed>0.000</speed>
      </trkpt>
      <trkpt lat="50.7199585" lon="-2.8110384">
        <ele>80.0</ele>
        <time>2025-10-01T13:15:22.000Z</time>
        <speed>0.000</speed>
      </trkpt>
      <trkpt lat="50.7199585" lon="-2.8110384">
        <ele>79.8</ele>
        <time>2025-10-01T13:15:27.000Z</time>
        <speed>0.000</speed>
      </trkpt>
      <trkpt lat="50.7199585" lon="-2.8110384">
        <ele>79.8</ele>
        <time>2025-10-01T13:15:32.000Z</time>
        <speed>0.000</speed>
      </trkpt>
      <trkpt lat="50.7199585" lon="-2.8110384">
        <ele>79.8</ele>
        <time>2025-10-01T13:15:37.000Z</time>
        <speed>0.000</speed>
      </trkpt>
      <trkpt lat="50.7199585" lon="-2.8110384">
        <ele>79.8</ele>
        <time>2025-10-01T13:15:42.000Z</time>
        <speed>0.000</speed>
      </trkpt>
      <trkpt lat="50.7199585" lon="-2.8110384">
        <ele>79.8</ele>
        <time>2025-10-01T13:15:47.000Z</time>
        <speed>0.000</speed>
      </trkpt>
      <trkpt lat="50.7199551" lon="-2.8110450">
        <ele>79.8</ele>
        <time>2025-10-01T13:15:52.000Z</time>
        <speed>0.000</speed>
      </trkpt>
      <trkpt lat="50.7199280" lon="-2.8110162">
        <ele>80.2</ele>
        <time>2025-10-01T13:15:57.000Z</time>
        <speed>1.026</speed>
      </trkpt>
      <trkpt lat="50.7199119" lon="-2.8109846">
        <ele>80.6</ele>
        <time>2025-10-01T13:16:02.000Z</time>
        <speed>0.737</speed>
      </trkpt>
      <trkpt lat="50.7199098" lon="-2.8109838">
        <ele>81.0</ele>
        <time>2025-10-01T13:16:07.000Z</time>
        <speed>0.000</speed>
      </trkpt>
      <trkpt lat="50.7199092" lon="-2.8109822">
        <ele>81.0</ele>
        <time>2025-10-01T13:16:12.000Z</time>
        <speed>0.000</speed>
      </trkpt>
      <trkpt lat="50.7199005" lon="-2.8109083">
        <ele>81.6</ele>
        <time>2025-10-01T13:16:17.000Z</time>
        <speed>1.222</speed>
      </trkpt>
      <trkpt lat="50.7199177" lon="-2.8108648">
        <ele>81.4</ele>
        <time>2025-10-01T13:16:22.000Z</time>
        <speed>0.980</speed>
      </trkpt>
      <trkpt lat="50.7199084" lon="-2.8108319">
        <ele>82.4</ele>
        <time>2025-10-01T13:16:27.000Z</time>
        <speed>0.000</speed>
      </trkpt>
      <trkpt lat="50.7199142" lon="-2.8107805">
        <ele>83.8</ele>
        <time>2025-10-01T13:16:32.000Z</time>
        <speed>0.000</speed>
      </trkpt>
      <trkpt lat="50.7199202" lon="-2.8107289">
        <ele>84.2</ele>
        <time>2025-10-01T13:16:37.000Z</time>
        <speed>0.849</speed>
      </trkpt>
      <trkpt lat="50.7199175" lon="-2.8106942">
        <ele>85.4</ele>
        <time>2025-10-01T13:16:42.000Z</time>
        <speed>0.784</speed>
      </trkpt>
      <trkpt lat="50.7199264" lon="-2.8106575">
        <ele>86.2</ele>
        <time>2025-10-01T13:16:47.000Z</time>
        <speed>0.653</speed>
      </trkpt>
      <trkpt lat="50.7199299" lon="-2.8106259">
        <ele>87.4</ele>
        <time>2025-10-01T13:16:52.000Z</time>
        <speed>0.560</speed>
      </trkpt>
      <trkpt lat="50.7199257" lon="-2.8105820">
        <ele>88.6</ele>
        <time>2025-10-01T13:16:57.000Z</time>
        <speed>0.718</speed>
      </trkpt>
      <trkpt lat="50.7199396" lon="-2.8105466">
        <ele>89.6</ele>
        <time>2025-10-01T13:17:02.000Z</time>
        <speed>0.560</speed>
      </trkpt>
      <trkpt lat="50.7199479" lon="-2.8105079">
        <ele>90.6</ele>
        <time>2025-10-01T13:17:07.000Z</time>
        <speed>0.718</speed>
      </trkpt>
      <trkpt lat="50.7199552" lon="-2.8104727">
        <ele>91.4</ele>
        <time>2025-10-01T13:17:12.000Z</time>
        <speed>0.690</speed>
      </trkpt>
      <trkpt lat="50.7199578" lon="-2.8104386">
        <ele>92.2</ele>
        <time>2025-10-01T13:17:17.000Z</time>
        <speed>0.597</speed>
      </trkpt>
      <trkpt lat="50.7199712" lon="-2.8103954">
        <ele>93.4</ele>
        <time>2025-10-01T13:17:22.000Z</time>
        <speed>0.672</speed>
      </trkpt>
      <trkpt lat="50.7199749" lon="-2.8103598">
        <ele>94.2</ele>
        <time>2025-10-01T13:17:27.000Z</time>
        <speed>0.523</speed>
      </trkpt>
      <trkpt lat="50.7199795" lon="-2.8103233">
        <ele>95.0</ele>
        <time>2025-10-01T13:17:32.000Z</time>
        <speed>0.579</speed>
      </trkpt>
      <trkpt lat="50.7199846" lon="-2.8102868">
        <ele>95.8</ele>
        <time>2025-10-01T13:17:37.000Z</time>
        <speed>0.606</speed>
      </trkpt>
      <trkpt lat="50.7199855" lon="-2.8102538">
        <ele>96.6</ele>
        <time>2025-10-01T13:17:42.000Z</time>
        <speed>0.560</speed>
      </trkpt>
      <trkpt lat="50.7199971" lon="-2.8102153">
        <ele>97.4</ele>
        <time>2025-10-01T13:17:47.000Z</time>
        <speed>0.606</speed>
      </trkpt>
      <trkpt lat="50.7199970" lon="-2.8101582">
        <ele>98.4</ele>
        <time>2025-10-01T13:17:52.000Z</time>
        <speed>0.597</speed>
      </trkpt>
      <trkpt lat="50.7200026" lon="-2.8101406">
        <ele>99.2</ele>
        <time>2025-10-01T13:17:57.000Z</time>
        <speed>0.681</speed>
      </trkpt>
      <trkpt lat="50.7200030" lon="-2.8100925">
        <ele>99.8</ele>
        <time>2025-10-01T13:18:02.000Z</time>
        <speed>0.579</speed>
      </trkpt>
      <trkpt lat="50.7200213" lon="-2.8100719">
        <ele>100.4</ele>
        <time>2025-10-01T13:18:07.000Z</time>
        <speed>0.597</speed>
      </trkpt>
      <trkpt lat="50.7200493" lon="-2.8100826">
        <ele>100.0</ele>
        <time>2025-10-01T13:18:12.000Z</time>
        <speed>0.662</speed>
      </trkpt>
      <trkpt lat="50.7200541" lon="-2.8100739">
        <ele>99.4</ele>
        <time>2025-10-01T13:18:17.000Z</time>
        <speed>0.634</speed>
      </trkpt>
      <trkpt lat="50.7200541" lon="-2.8100739">
        <ele>99.8</ele>
        <time>2025-10-01T13:18:22.000Z</time>
        <speed>0.000</speed>
      </trkpt>
      <trkpt lat="50.7200541" lon="-2.8100739">
        <ele>99.4</ele>
        <time>2025-10-01T13:18:27.000Z</time>
        <speed>0.000</speed>
      </trkpt>
      <trkpt lat="50.7200541" lon="-2.8100739">
        <ele>99.4</ele>
        <time>2025-10-01T13:18:32.000Z</time>
        <speed>0.000</speed>
      </trkpt>
      <trkpt lat="50.7200541" lon="-2.8100739">
        <ele>99.2</ele>
        <time>2025-10-01T13:18:37.000Z</time>
        <speed>0.000</speed>
      </trkpt>
      <trkpt lat="50.7200541" lon="-2.8100739">
        <ele>99.2</ele>
        <time>2025-10-01T13:18:42.000Z</time>
        <speed>0.000</speed>
      </trkpt>
      <trkpt lat="50.7200541" lon="-2.8100739">
        <ele>99.0</ele>
        <time>2025-10-01T13:18:47.000Z</time>
        <speed>0.000</speed>
      </trkpt>
      <trkpt lat="50.7200541" lon="-2.8100739">
        <ele>99.2</ele>
        <time>2025-10-01T13:18:52.000Z</time>
        <speed>0.000</speed>
      </trkpt>
      <trkpt lat="50.7200541" lon="-2.8100739">
        <ele>99.2</ele>
        <time>2025-10-01T13:18:57.000Z</time>
        <speed>0.000</speed>
      </trkpt>
      <trkpt lat="50.7200541" lon="-2.8100739">
        <ele>99.4</ele>
        <time>2025-10-01T13:19:02.000Z</time>
        <speed>0.000</speed>
      </trkpt>
      <trkpt lat="50.7200541" lon="-2.8100739">
        <ele>99.4</ele>
        <time>2025-10-01T13:19:07.000Z</time>
        <speed>0.000</speed>
      </trkpt>
      <trkpt lat="50.7200541" lon="-2.8100739">
        <ele>99.4</ele>
        <time>2025-10-01T13:19:12.000Z</time>
        <speed>0.000</speed>
      </trkpt>
      <trkpt lat="50.7200541" lon="-2.8100739">
        <ele>99.8</ele>
        <time>2025-10-01T13:19:17.000Z</time>
        <speed>0.000</speed>
      </trkpt>
      <trkpt lat="50.7200508" lon="-2.8100741">
        <ele>99.4</ele>
        <time>2025-10-01T13:19:22.000Z</time>
        <speed>0.000</speed>
      </trkpt>
      <trkpt lat="50.7200541" lon="-2.8100739">
        <ele>99.4</ele>
        <time>2025-10-01T13:19:27.000Z</time>
        <speed>0.000</speed>
      </trkpt>
      <trkpt lat="50.7200541" lon="-2.8100739">
        <ele>99.4</ele>
        <time>2025-10-01T13:19:32.000Z</time>
        <speed>0.000</speed>
      </trkpt>
      <trkpt lat="50.7200318" lon="-2.8100938">
        <ele>100.0</ele>
        <time>2025-10-01T13:19:37.000Z</time>
        <speed>0.000</speed>
      </trkpt>
      <trkpt lat="50.7200061" lon="-2.8100506">
        <ele>100.8</ele>
        <time>2025-10-01T13:19:42.000Z</time>
        <speed>1.036</speed>
      </trkpt>
      <trkpt lat="50.7200139" lon="-2.8099968">
        <ele>101.8</ele>
        <time>2025-10-01T13:19:47.000Z</time>
        <speed>0.765</speed>
      </trkpt>
      <trkpt lat="50.7200206" lon="-2.8099413">
        <ele>102.6</ele>
        <time>2025-10-01T13:19:52.000Z</time>
        <speed>0.746</speed>
      </trkpt>
      <trkpt lat="50.7200245" lon="-2.8099074">
        <ele>103.8</ele>
        <time>2025-10-01T13:19:57.000Z</time>
        <speed>0.579</speed>
      </trkpt>
      <trkpt lat="50.7200380" lon="-2.8098739">
        <ele>104.4</ele>
        <time>2025-10-01T13:20:02.000Z</time>
        <speed>0.616</speed>
      </trkpt>
      <trkpt lat="50.7200382" lon="-2.8098309">
        <ele>105.4</ele>
        <time>2025-10-01T13:20:07.000Z</time>
        <speed>0.579</speed>
      </trkpt>
      <trkpt lat="50.7200432" lon="-2.8097936">
        <ele>106.4</ele>
        <time>2025-10-01T13:20:12.000Z</time>
        <speed>0.681</speed>
      </trkpt>
      <trkpt lat="50.7200498" lon="-2.8097478">
        <ele>107.2</ele>
        <time>2025-10-01T13:20:17.000Z</time>
        <speed>0.653</speed>
      </trkpt>
      <trkpt lat="50.7200541" lon="-2.8097063">
        <ele>108.4</ele>
        <time>2025-10-01T13:20:22.000Z</time>
        <speed>0.672</speed>
      </trkpt>
      <trkpt lat="50.7200617" lon="-2.8096631">
        <ele>109.2</ele>
        <time>2025-10-01T13:20:27.000Z</time>
        <speed>0.690</speed>
      </trkpt>
      <trkpt lat="50.7200714" lon="-2.8096179">
        <ele>110.0</ele>
        <time>2025-10-01T13:20:32.000Z</time>
        <speed>0.728</speed>
      </trkpt>
      <trkpt lat="50.7200851" lon="-2.8095704">
        <ele>110.6</ele>
        <time>2025-10-01T13:20:37.000Z</time>
        <speed>0.700</speed>
      </trkpt>
      <trkpt lat="50.7200954" lon="-2.8095413">
        <ele>111.6</ele>
        <time>2025-10-01T13:20:42.000Z</time>
        <speed>0.728</speed>
      </trkpt>
      <trkpt lat="50.7200984" lon="-2.8094948">
        <ele>112.4</ele>
        <time>2025-10-01T13:20:47.000Z</time>
        <speed>0.756</speed>
      </trkpt>
      <trkpt lat="50.7201096" lon="-2.8094467">
        <ele>113.4</ele>
        <time>2025-10-01T13:20:52.000Z</time>
        <speed>0.765</speed>
      </trkpt>
      <trkpt lat="50.7201261" lon="-2.8094001">
        <ele>114.4</ele>
        <time>2025-10-01T13:20:57.000Z</time>
        <speed>0.812</speed>
      </trkpt>
      <trkpt lat="50.7201427" lon="-2.8093478">
        <ele>115.0</ele>
        <time>2025-10-01T13:21:02.000Z</time>
        <speed>0.793</speed>
      </trkpt>
      <trkpt lat="50.7201620" lon="-2.8092893">
        <ele>115.8</ele>
        <time>2025-10-01T13:21:07.000Z</time>
        <speed>0.812</speed>
      </trkpt>
      <trkpt lat="50.7201685" lon="-2.8092446">
        <ele>116.6</ele>
        <time>2025-10-01T13:21:12.000Z</time>
        <speed>0.821</speed>
      </trkpt>
      <trkpt lat="50.7201714" lon="-2.8092098">
        <ele>117.4</ele>
        <time>2025-10-01T13:21:17.000Z</time>
        <speed>0.616</speed>
      </trkpt>
      <trkpt lat="50.7201753" lon="-2.8091616">
        <ele>117.8</ele>
        <time>2025-10-01T13:21:22.000Z</time>
        <speed>0.709</speed>
      </trkpt>
      <trkpt lat="50.7201793" lon="-2.8090964">
        <ele>118.4</ele>
        <time>2025-10-01T13:21:27.000Z</time>
        <speed>0.765</speed>
      </trkpt>
      <trkpt lat="50.7201862" lon="-2.8090260">
        <ele>118.4</ele>
        <time>2025-10-01T13:21:32.000Z</time>
        <speed>1.008</speed>
      </trkpt>
      <trkpt lat="50.7201861" lon="-2.8089563">
        <ele>118.4</ele>
        <time>2025-10-01T13:21:37.000Z</time>
        <speed>0.933</speed>
      </trkpt>
      <trkpt lat="50.7201888" lon="-2.8089011">
        <ele>118.6</ele>
        <time>2025-10-01T13:21:42.000Z</time>
        <speed>0.858</speed>
      </trkpt>
      <trkpt lat="50.7201872" lon="-2.8088701">
        <ele>118.6</ele>
        <time>2025-10-01T13:21:47.000Z</time>
        <speed>0.737</speed>
      </trkpt>
      <trkpt lat="50.7201893" lon="-2.8088639">
        <ele>118.8</ele>
        <time>2025-10-01T13:21:52.000Z</time>
        <speed>0.000</speed>
      </trkpt>
      <trkpt lat="50.7201906" lon="-2.8088180">
        <ele>118.6</ele>
        <time>2025-10-01T13:21:57.000Z</time>
        <speed>0.000</speed>
      </trkpt>
      <trkpt lat="50.7201991" lon="-2.8087849">
        <ele>118.2</ele>
        <time>2025-10-01T13:22:02.000Z</time>
        <speed>0.000</speed>
      </trkpt>
      <trkpt lat="50.7202050" lon="-2.8087569">
        <ele>118.0</ele>
        <time>2025-10-01T13:22:07.000Z</time>
        <speed>0.000</speed>
      </trkpt>
      <trkpt lat="50.7202065" lon="-2.8087359">
        <ele>118.2</ele>
        <time>2025-10-01T13:22:12.000Z</time>
        <speed>0.000</speed>
      </trkpt>
      <trkpt lat="50.7202065" lon="-2.8087359">
        <ele>118.4</ele>
        <time>2025-10-01T13:22:17.000Z</time>
        <speed>0.000</speed>
      </trkpt>
      <trkpt lat="50.7202065" lon="-2.8087359">
        <ele>118.0</ele>
        <time>2025-10-01T13:22:22.000Z</time>
        <speed>0.000</speed>
      </trkpt>
      <trkpt lat="50.7202065" lon="-2.8087359">
        <ele>118.2</ele>
        <time>2025-10-01T13:22:27.000Z</time>
        <speed>0.000</speed>
      </trkpt>
      <trkpt lat="50.7202074" lon="-2.8087316">
        <ele>118.4</ele>
        <time>2025-10-01T13:22:32.000Z</time>
        <speed>0.000</speed>
      </trkpt>
      <trkpt lat="50.7202164" lon="-2.8086659">
        <ele>118.2</ele>
        <time>2025-10-01T13:22:37.000Z</time>
        <speed>0.000</speed>
      </trkpt>
      <trkpt lat="50.7202246" lon="-2.8085976">
        <ele>118.0</ele>
        <time>2025-10-01T13:22:42.000Z</time>
        <speed>0.737</speed>
      </trkpt>
      <trkpt lat="50.7202348" lon="-2.8085401">
        <ele>117.6</ele>
        <time>2025-10-01T13:22:47.000Z</time>
        <speed>1.222</speed>
      </trkpt>
      <trkpt lat="50.7202397" lon="-2.8084639">
        <ele>117.4</ele>
        <time>2025-10-01T13:22:52.000Z</time>
        <speed>1.036</speed>
      </trkpt>
      <trkpt lat="50.7202563" lon="-2.8084074">
        <ele>117.2</ele>
        <time>2025-10-01T13:22:57.000Z</time>
        <speed>0.998</speed>
      </trkpt>
      <trkpt lat="50.7202706" lon="-2.8083573">
        <ele>116.6</ele>
        <time>2025-10-01T13:23:02.000Z</time>
        <speed>0.942</speed>
      </trkpt>
      <trkpt lat="50.7202803" lon="-2.8083097">
        <ele>116.4</ele>
        <time>2025-10-01T13:23:07.000Z</time>
        <speed>0.756</speed>
      </trkpt>
      <trkpt lat="50.7202978" lon="-2.8082642">
        <ele>116.0</ele>
        <time>2025-10-01T13:23:12.000Z</time>
        <speed>0.746</speed>
      </trkpt>
      <trkpt lat="50.7202872" lon="-2.8082660">
        <ele>115.8</ele>
        <time>2025-10-01T13:23:17.000Z</time>
        <speed>0.709</speed>
      </trkpt>
      <trkpt lat="50.7202887" lon="-2.8082588">
        <ele>115.4</ele>
        <time>2025-10-01T13:23:22.000Z</time>
        <speed>0.000</speed>
      </trkpt>
      <trkpt lat="50.7202887" lon="-2.8082588">
        <ele>115.6</ele>
        <time>2025-10-01T13:23:27.000Z</time>
        <speed>0.000</speed>
      </trkpt>
      <trkpt lat="50.7202887" lon="-2.8082588">
        <ele>115.6</ele>
        <time>2025-10-01T13:23:32.000Z</time>
        <speed>0.000</speed>
      </trkpt>
      <trkpt lat="50.7202887" lon="-2.8082588">
        <ele>116.0</ele>
        <time>2025-10-01T13:23:37.000Z</time>
        <speed>0.000</speed>
      </trkpt>
      <trkpt lat="50.7202887" lon="-2.8082588">
        <ele>115.6</ele>
        <time>2025-10-01T13:23:42.000Z</time>
        <speed>0.000</speed>
      </trkpt>
      <trkpt lat="50.7202887" lon="-2.8082588">
        <ele>115.4</ele>
        <time>2025-10-01T13:23:47.000Z</time>
        <speed>0.000</speed>
      </trkpt>
      <trkpt lat="50.7202887" lon="-2.8082588">
        <ele>115.2</ele>
        <time>2025-10-01T13:23:52.000Z</time>
        <speed>0.000</speed>
      </trkpt>
      <trkpt lat="50.7202887" lon="-2.8082588">
        <ele>115.4</ele>
        <time>2025-10-01T13:23:57.000Z</time>
        <speed>0.000</speed>
      </trkpt>
      <trkpt lat="50.7202887" lon="-2.8082588">
        <ele>115.2</ele>
        <time>2025-10-01T13:24:02.000Z</time>
        <speed>0.000</speed>
      </trkpt>
      <trkpt lat="50.7202887" lon="-2.8082588">
        <ele>114.8</ele>
        <time>2025-10-01T13:24:07.000Z</time>
        <speed>0.000</speed>
      </trkpt>
      <trkpt lat="50.7202887" lon="-2.8082588">
        <ele>114.6</ele>
        <time>2025-10-01T13:24:12.000Z</time>
        <speed>0.000</speed>
      </trkpt>
      <trkpt lat="50.7202887" lon="-2.8082588">
        <ele>114.6</ele>
        <time>2025-10-01T13:24:17.000Z</time>
        <speed>0.000</speed>
      </trkpt>
      <trkpt lat="50.7202887" lon="-2.8082588">
        <ele>114.4</ele>
        <time>2025-10-01T13:24:22.000Z</time>
        <speed>0.000</speed>
      </trkpt>
      <trkpt lat="50.7202887" lon="-2.8082588">
        <ele>114.4</ele>
        <time>2025-10-01T13:24:27.000Z</time>
        <speed>0.000</speed>
      </trkpt>
      <trkpt lat="50.7202887" lon="-2.8082588">
        <ele>114.6</ele>
        <time>2025-10-01T13:24:32.000Z</time>
        <speed>0.000</speed>
      </trkpt>
      <trkpt lat="50.7202887" lon="-2.8082588">
        <ele>114.8</ele>
        <time>2025-10-01T13:24:37.000Z</time>
        <speed>0.000</speed>
      </trkpt>
      <trkpt lat="50.7202909" lon="-2.8082346">
        <ele>114.6</ele>
        <time>2025-10-01T13:24:42.000Z</time>
        <speed>0.000</speed>
      </trkpt>
      <trkpt lat="50.7203050" lon="-2.8081767">
        <ele>114.4</ele>
        <time>2025-10-01T13:24:47.000Z</time>
        <speed>0.812</speed>
      </trkpt>
      <trkpt lat="50.7203237" lon="-2.8081261">
        <ele>114.2</ele>
        <time>2025-10-01T13:24:52.000Z</time>
        <speed>1.082</speed>
      </trkpt>
      <trkpt lat="50.7203486" lon="-2.8080646">
        <ele>113.4</ele>
        <time>2025-10-01T13:24:57.000Z</time>
        <speed>0.998</speed>
      </trkpt>
      <trkpt lat="50.7203630" lon="-2.8080029">
        <ele>113.0</ele>
        <time>2025-10-01T13:25:02.000Z</time>
        <speed>1.017</speed>
      </trkpt>
      <trkpt lat="50.7203794" lon="-2.8079329">
        <ele>112.6</ele>
        <time>2025-10-01T13:25:07.000Z</time>
        <speed>1.017</speed>
      </trkpt>
      <trkpt lat="50.7203939" lon="-2.8078662">
        <ele>112.8</ele>
        <time>2025-10-01T13:25:12.000Z</time>
        <speed>1.036</speed>
      </trkpt>
      <trkpt lat="50.7204120" lon="-2.8077896">
        <ele>112.6</ele>
        <time>2025-10-01T13:25:17.000Z</time>
        <speed>1.045</speed>
      </trkpt>
      <trkpt lat="50.7204301" lon="-2.8077205">
        <ele>112.0</ele>
        <time>2025-10-01T13:25:22.000Z</time>
        <speed>1.064</speed>
      </trkpt>
      <trkpt lat="50.7204529" lon="-2.8076469">
        <ele>112.0</ele>
        <time>2025-10-01T13:25:27.000Z</time>
        <speed>1.054</speed>
      </trkpt>
      <trkpt lat="50.7204778" lon="-2.8075679">
        <ele>111.8</ele>
        <time>2025-10-01T13:25:32.000Z</time>
        <speed>1.064</speed>
      </trkpt>
      <trkpt lat="50.7204971" lon="-2.8074921">
        <ele>111.4</ele>
        <time>2025-10-01T13:25:37.000Z</time>
        <speed>1.138</speed>
      </trkpt>
      <trkpt lat="50.7205130" lon="-2.8074167">
        <ele>111.6</ele>
        <time>2025-10-01T13:25:42.000Z</time>
        <speed>1.166</speed>
      </trkpt>
      <trkpt lat="50.7205337" lon="-2.8073218">
        <ele>111.4</ele>
        <time>2025-10-01T13:25:47.000Z</time>
        <speed>1.194</speed>
      </trkpt>
      <trkpt lat="50.7205493" lon="-2.8072498">
        <ele>111.6</ele>
        <time>2025-10-01T13:25:52.000Z</time>
        <speed>1.204</speed>
      </trkpt>
      <trkpt lat="50.7205756" lon="-2.8071950">
        <ele>111.2</ele>
        <time>2025-10-01T13:25:57.000Z</time>
        <speed>1.148</speed>
      </trkpt>
      <trkpt lat="50.7206158" lon="-2.8071435">
        <ele>110.6</ele>
        <time>2025-10-01T13:26:02.000Z</time>
        <speed>1.110</speed>
      </trkpt>
      <trkpt lat="50.7206497" lon="-2.8070934">
        <ele>110.4</ele>
        <time>2025-10-01T13:26:07.000Z</time>
        <speed>1.138</speed>
      </trkpt>
      <trkpt lat="50.7206780" lon="-2.8071603">
        <ele>109.2</ele>
        <time>2025-10-01T13:26:12.000Z</time>
        <speed>1.138</speed>
      </trkpt>
      <trkpt lat="50.7206706" lon="-2.8072399">
        <ele>108.4</ele>
        <time>2025-10-01T13:26:17.000Z</time>
        <speed>1.213</speed>
      </trkpt>
      <trkpt lat="50.7206684" lon="-2.8073186">
        <ele>107.8</ele>
        <time>2025-10-01T13:26:22.000Z</time>
        <speed>1.138</speed>
      </trkpt>
      <trkpt lat="50.7206604" lon="-2.8073777">
        <ele>106.8</ele>
        <time>2025-10-01T13:26:27.000Z</time>
        <speed>1.026</speed>
      </trkpt>
      <trkpt lat="50.7206605" lon="-2.8073714">
        <ele>106.6</ele>
        <time>2025-10-01T13:26:32.000Z</time>
        <speed>0.933</speed>
      </trkpt>
      <trkpt lat="50.7206660" lon="-2.8074186">
        <ele>106.2</ele>
        <time>2025-10-01T13:26:37.000Z</time>
        <speed>0.000</speed>
      </trkpt>
      <trkpt lat="50.7206699" lon="-2.8074967">
        <ele>105.4</ele>
        <time>2025-10-01T13:26:42.000Z</time>
        <speed>1.017</speed>
      </trkpt>
      <trkpt lat="50.7206782" lon="-2.8075745">
        <ele>104.4</ele>
        <time>2025-10-01T13:26:47.000Z</time>
        <speed>1.054</speed>
      </trkpt>
      <trkpt lat="50.7206791" lon="-2.8076605">
        <ele>103.8</ele>
        <time>2025-10-01T13:26:52.000Z</time>
        <speed>1.204</speed>
      </trkpt>
      <trkpt lat="50.7206815" lon="-2.8077249">
        <ele>102.8</ele>
        <time>2025-10-01T13:26:57.000Z</time>
        <speed>1.138</speed>
      </trkpt>
      <trkpt lat="50.7206884" lon="-2.8078046">
        <ele>102.2</ele>
        <time>2025-10-01T13:27:02.000Z</time>
        <speed>1.054</speed>
      </trkpt>
      <trkpt lat="50.7207003" lon="-2.8078843">
        <ele>101.4</ele>
        <time>2025-10-01T13:27:07.000Z</time>
        <speed>1.064</speed>
      </trkpt>
      <trkpt lat="50.7207090" lon="-2.8079687">
        <ele>100.8</ele>
        <time>2025-10-01T13:27:12.000Z</time>
        <speed>1.110</speed>
      </trkpt>
      <trkpt lat="50.7207090" lon="-2.8080338">
        <ele>99.8</ele>
        <time>2025-10-01T13:27:17.000Z</time>
        <speed>1.110</speed>
      </trkpt>
      <trkpt lat="50.7207103" lon="-2.8080251">
        <ele>99.4</ele>
        <time>2025-10-01T13:27:22.000Z</time>
        <speed>0.299</speed>
      </trkpt>
      <trkpt lat="50.7207264" lon="-2.8081219">
        <ele>99.4</ele>
        <time>2025-10-01T13:27:27.000Z</time>
        <speed>1.306</speed>
      </trkpt>
      <trkpt lat="50.7207347" lon="-2.8081982">
        <ele>98.8</ele>
        <time>2025-10-01T13:27:32.000Z</time>
        <speed>1.148</speed>
      </trkpt>
      <trkpt lat="50.7207317" lon="-2.8082837">
        <ele>98.2</ele>
        <time>2025-10-01T13:27:37.000Z</time>
        <speed>1.148</speed>
      </trkpt>
      <trkpt lat="50.7207367" lon="-2.8083669">
        <ele>97.8</ele>
        <time>2025-10-01T13:27:42.000Z</time>
        <speed>0.998</speed>
      </trkpt>
      <trkpt lat="50.7207366" lon="-2.8084595">
        <ele>97.6</ele>
        <time>2025-10-01T13:27:47.000Z</time>
        <speed>1.353</speed>
      </trkpt>
      <trkpt lat="50.7207378" lon="-2.8085490">
        <ele>98.2</ele>
        <time>2025-10-01T13:27:52.000Z</time>
        <speed>1.213</speed>
      </trkpt>
      <trkpt lat="50.7207371" lon="-2.8086343">
        <ele>98.4</ele>
        <time>2025-10-01T13:27:57.000Z</time>
        <speed>1.176</speed>
      </trkpt>
      <trkpt lat="50.7207389" lon="-2.8087255">
        <ele>98.4</ele>
        <time>2025-10-01T13:28:02.000Z</time>
        <speed>1.204</speed>
      </trkpt>
      <trkpt lat="50.7207411" lon="-2.8088037">
        <ele>98.2</ele>
        <time>2025-10-01T13:28:07.000Z</time>
        <speed>1.204</speed>
      </trkpt>
      <trkpt lat="50.7207434" lon="-2.8088687">
        <ele>97.6</ele>
        <time>2025-10-01T13:28:12.000Z</time>
        <speed>1.213</speed>
      </trkpt>
      <trkpt lat="50.7207487" lon="-2.8089179">
        <ele>97.2</ele>
        <time>2025-10-01T13:28:17.000Z</time>
        <speed>1.036</speed>
      </trkpt>
      <trkpt lat="50.7207545" lon="-2.8089960">
        <ele>97.0</ele>
        <time>2025-10-01T13:28:22.000Z</time>
        <speed>1.120</speed>
      </trkpt>
      <trkpt lat="50.7207522" lon="-2.8090166">
        <ele>96.4</ele>
        <time>2025-10-01T13:28:27.000Z</time>
        <speed>0.644</speed>
      </trkpt>
      <trkpt lat="50.7207522" lon="-2.8090166">
        <ele>96.8</ele>
        <time>2025-10-01T13:28:32.000Z</time>
        <speed>0.000</speed>
      </trkpt>
      <trkpt lat="50.7207577" lon="-2.8090624">
        <ele>96.6</ele>
        <time>2025-10-01T13:28:37.000Z</time>
        <speed>0.000</speed>
      </trkpt>
      <trkpt lat="50.7207542" lon="-2.8091474">
        <ele>96.6</ele>
        <time>2025-10-01T13:28:42.000Z</time>
        <speed>1.092</speed>
      </trkpt>
      <trkpt lat="50.7207506" lon="-2.8092186">
        <ele>97.0</ele>
        <time>2025-10-01T13:28:47.000Z</time>
        <speed>0.933</speed>
      </trkpt>
      <trkpt lat="50.7207538" lon="-2.8093096">
        <ele>96.8</ele>
        <time>2025-10-01T13:28:52.000Z</time>
        <speed>0.970</speed>
      </trkpt>
      <trkpt lat="50.7207411" lon="-2.8094028">
        <ele>97.0</ele>
        <time>2025-10-01T13:28:57.000Z</time>
        <speed>1.138</speed>
      </trkpt>
      <trkpt lat="50.7207247" lon="-2.8094892">
        <ele>96.6</ele>
        <time>2025-10-01T13:29:02.000Z</time>
        <speed>1.306</speed>
      </trkpt>
      <trkpt lat="50.7207071" lon="-2.8095478">
        <ele>96.4</ele>
        <time>2025-10-01T13:29:07.000Z</time>
        <speed>1.185</speed>
      </trkpt>
      <trkpt lat="50.7206841" lon="-2.8096092">
        <ele>96.0</ele>
        <time>2025-10-01T13:29:12.000Z</time>
        <speed>1.017</speed>
      </trkpt>
      <trkpt lat="50.7206591" lon="-2.8096943">
        <ele>95.2</ele>
        <time>2025-10-01T13:29:17.000Z</time>
        <speed>1.026</speed>
      </trkpt>
      <trkpt lat="50.7206386" lon="-2.8097497">
        <ele>94.8</ele>
        <time>2025-10-01T13:29:22.000Z</time>
        <speed>1.110</speed>
      </trkpt>
      <trkpt lat="50.7206099" lon="-2.8098218">
        <ele>94.6</ele>
        <time>2025-10-01T13:29:27.000Z</time>
        <speed>1.092</speed>
      </trkpt>
      <trkpt lat="50.7205814" lon="-2.8099007">
        <ele>93.8</ele>
        <time>2025-10-01T13:29:32.000Z</time>
        <speed>1.101</speed>
      </trkpt>
      <trkpt lat="50.7205481" lon="-2.8099798">
        <ele>93.0</ele>
        <time>2025-10-01T13:29:37.000Z</time>
        <speed>1.129</speed>
      </trkpt>
      <trkpt lat="50.7205249" lon="-2.8100452">
        <ele>92.2</ele>
        <time>2025-10-01T13:29:42.000Z</time>
        <speed>1.138</speed>
      </trkpt>
      <trkpt lat="50.7204893" lon="-2.8101065">
        <ele>91.8</ele>
        <time>2025-10-01T13:29:47.000Z</time>
        <speed>1.138</speed>
      </trkpt>
      <trkpt lat="50.7204638" lon="-2.8101678">
        <ele>90.6</ele>
        <time>2025-10-01T13:29:52.000Z</time>
        <speed>1.148</speed>
      </trkpt>
      <trkpt lat="50.7204275" lon="-2.8102417">
        <ele>90.2</ele>
        <time>2025-10-01T13:29:57.000Z</time>
        <speed>1.157</speed>
      </trkpt>
      <trkpt lat="50.7203886" lon="-2.8102918">
        <ele>89.8</ele>
        <time>2025-10-01T13:30:02.000Z</time>
        <speed>1.157</speed>
      </trkpt>
      <trkpt lat="50.7203543" lon="-2.8103634">
        <ele>89.2</ele>
        <time>2025-10-01T13:30:07.000Z</time>
        <speed>1.176</speed>
      </trkpt>
      <trkpt lat="50.7203265" lon="-2.8104248">
        <ele>88.8</ele>
        <time>2025-10-01T13:30:12.000Z</time>
        <speed>1.176</speed>
      </trkpt>
      <trkpt lat="50.7203010" lon="-2.8104745">
        <ele>88.0</ele>
        <time>2025-10-01T13:30:17.000Z</time>
        <speed>1.120</speed>
      </trkpt>
      <trkpt lat="50.7202631" lon="-2.8105225">
        <ele>87.4</ele>
        <time>2025-10-01T13:30:22.000Z</time>
        <speed>1.101</speed>
      </trkpt>
      <trkpt lat="50.7202299" lon="-2.8105790">
        <ele>86.6</ele>
        <time>2025-10-01T13:30:27.000Z</time>
        <speed>1.092</speed>
      </trkpt>
      <trkpt lat="50.7201983" lon="-2.8106280">
        <ele>85.8</ele>
        <time>2025-10-01T13:30:32.000Z</time>
        <speed>1.064</speed>
      </trkpt>
      <trkpt lat="50.7201553" lon="-2.8106707">
        <ele>85.2</ele>
        <time>2025-10-01T13:30:37.000Z</time>
        <speed>1.008</speed>
      </trkpt>
      <trkpt lat="50.7201142" lon="-2.8107165">
        <ele>84.0</ele>
        <time>2025-10-01T13:30:42.000Z</time>
        <speed>1.082</speed>
      </trkpt>
      <trkpt lat="50.7200717" lon="-2.8107670">
        <ele>83.2</ele>
        <time>2025-10-01T13:30:47.000Z</time>
        <speed>1.073</speed>
      </trkpt>
      <trkpt lat="50.7200426" lon="-2.8108269">
        <ele>82.2</ele>
        <time>2025-10-01T13:30:52.000Z</time>
        <speed>1.092</speed>
      </trkpt>
      <trkpt lat="50.7200052" lon="-2.8108717">
        <ele>81.0</ele>
        <time>2025-10-01T13:30:57.000Z</time>
        <speed>1.110</speed>
      </trkpt>
      <trkpt lat="50.7199634" lon="-2.8109135">
        <ele>80.4</ele>
        <time>2025-10-01T13:31:02.000Z</time>
        <speed>1.092</speed>
      </trkpt>
      <trkpt lat="50.7199365" lon="-2.8109654">
        <ele>79.0</ele>
        <time>2025-10-01T13:31:07.000Z</time>
        <speed>1.036</speed>
      </trkpt>
      <trkpt lat="50.7199176" lon="-2.8110665">
        <ele>78.8</ele>
        <time>2025-10-01T13:31:12.000Z</time>
        <speed>1.073</speed>
      </trkpt>
      <trkpt lat="50.7199152" lon="-2.8111444">
        <ele>78.2</ele>
        <time>2025-10-01T13:31:17.000Z</time>
        <speed>1.185</speed>
      </trkpt>
      <trkpt lat="50.7199225" lon="-2.8112220">
        <ele>77.8</ele>
        <time>2025-10-01T13:31:22.000Z</time>
        <speed>1.166</speed>
      </trkpt>
      <trkpt lat="50.7199224" lon="-2.8112876">
        <ele>76.8</ele>
        <time>2025-10-01T13:31:27.000Z</time>
        <speed>1.092</speed>
      </trkpt>
      <trkpt lat="50.7199197" lon="-2.8113503">
        <ele>75.4</ele>
        <time>2025-10-01T13:31:32.000Z</time>
        <speed>0.998</speed>
      </trkpt>
      <trkpt lat="50.7199166" lon="-2.8114375">
        <ele>74.8</ele>
        <time>2025-10-01T13:31:37.000Z</time>
        <speed>1.036</speed>
      </trkpt>
      <trkpt lat="50.7199160" lon="-2.8115081">
        <ele>73.8</ele>
        <time>2025-10-01T13:31:42.000Z</time>
        <speed>1.036</speed>
      </trkpt>
      <trkpt lat="50.7199112" lon="-2.8115797">
        <ele>73.0</ele>
        <time>2025-10-01T13:31:47.000Z</time>
        <speed>1.045</speed>
      </trkpt>
      <trkpt lat="50.7199058" lon="-2.8116742">
        <ele>72.4</ele>
        <time>2025-10-01T13:31:52.000Z</time>
        <speed>1.073</speed>
      </trkpt>
      <trkpt lat="50.7199012" lon="-2.8117553">
        <ele>72.0</ele>
        <time>2025-10-01T13:31:57.000Z</time>
        <speed>1.138</speed>
      </trkpt>
      <trkpt lat="50.7199010" lon="-2.8118497">
        <ele>71.2</ele>
        <time>2025-10-01T13:32:02.000Z</time>
        <speed>1.232</speed>
      </trkpt>
      <trkpt lat="50.7198953" lon="-2.8119267">
        <ele>71.0</ele>
        <time>2025-10-01T13:32:07.000Z</time>
        <speed>1.185</speed>
      </trkpt>
      <trkpt lat="50.7198930" lon="-2.8119981">
        <ele>70.8</ele>
        <time>2025-10-01T13:32:12.000Z</time>
        <speed>1.222</speed>
      </trkpt>
      <trkpt lat="50.7198961" lon="-2.8120071">
        <ele>71.4</ele>
        <time>2025-10-01T13:32:17.000Z</time>
        <speed>1.120</speed>
      </trkpt>
      <trkpt lat="50.7199026" lon="-2.8120403">
        <ele>71.8</ele>
        <time>2025-10-01T13:32:22.000Z</time>
        <speed>0.998</speed>
      </trkpt>
      <trkpt lat="50.7199330" lon="-2.8121242">
        <ele>71.8</ele>
        <time>2025-10-01T13:32:27.000Z</time>
        <speed>1.353</speed>
      </trkpt>
      <trkpt lat="50.7199366" lon="-2.8122045">
        <ele>72.2</ele>
        <time>2025-10-01T13:32:32.000Z</time>
        <speed>1.101</speed>
      </trkpt>
      <trkpt lat="50.7199362" lon="-2.8122696">
        <ele>73.4</ele>
        <time>2025-10-01T13:32:37.000Z</time>
        <speed>0.933</speed>
      </trkpt>
      <trkpt lat="50.7199487" lon="-2.8123526">
        <ele>75.2</ele>
        <time>2025-10-01T13:32:42.000Z</time>
        <speed>1.204</speed>
      </trkpt>
      <trkpt lat="50.7199673" lon="-2.8124354">
        <ele>76.0</ele>
        <time>2025-10-01T13:32:47.000Z</time>
        <speed>1.185</speed>
      </trkpt>
      <trkpt lat="50.7199937" lon="-2.8124969">
        <ele>76.6</ele>
        <time>2025-10-01T13:32:52.000Z</time>
        <speed>1.176</speed>
      </trkpt>
      <trkpt lat="50.7200110" lon="-2.8125695">
        <ele>76.6</ele>
        <time>2025-10-01T13:32:57.000Z</time>
        <speed>1.120</speed>
      </trkpt>
      <trkpt lat="50.7200320" lon="-2.8126395">
        <ele>77.8</ele>
        <time>2025-10-01T13:33:02.000Z</time>
        <speed>1.073</speed>
      </trkpt>
      <trkpt lat="50.7200490" lon="-2.8127038">
        <ele>78.2</ele>
        <time>2025-10-01T13:33:07.000Z</time>
        <speed>1.064</speed>
      </trkpt>
      <trkpt lat="50.7200754" lon="-2.8127613">
        <ele>78.4</ele>
        <time>2025-10-01T13:33:12.000Z</time>
        <speed>0.989</speed>
      </trkpt>
      <trkpt lat="50.7201003" lon="-2.8128287">
        <ele>79.0</ele>
        <time>2025-10-01T13:33:17.000Z</time>
        <speed>1.017</speed>
      </trkpt>
      <trkpt lat="50.7201220" lon="-2.8128951">
        <ele>79.4</ele>
        <time>2025-10-01T13:33:22.000Z</time>
        <speed>1.017</speed>
      </trkpt>
      <trkpt lat="50.7201459" lon="-2.8129606">
        <ele>80.0</ele>
        <time>2025-10-01T13:33:27.000Z</time>
        <speed>1.017</speed>
      </trkpt>
      <trkpt lat="50.7201679" lon="-2.8130277">
        <ele>80.8</ele>
        <time>2025-10-01T13:33:32.000Z</time>
        <speed>0.980</speed>
      </trkpt>
      <trkpt lat="50.7201867" lon="-2.8130986">
        <ele>81.4</ele>
        <time>2025-10-01T13:33:37.000Z</time>
        <speed>1.082</speed>
      </trkpt>
      <trkpt lat="50.7202075" lon="-2.8131667">
        <ele>82.0</ele>
        <time>2025-10-01T13:33:42.000Z</time>
        <speed>1.082</speed>
      </trkpt>
      <trkpt lat="50.7202336" lon="-2.8132374">
        <ele>82.6</ele>
        <time>2025-10-01T13:33:47.000Z</time>
        <speed>1.064</speed>
      </trkpt>
      <trkpt lat="50.7202597" lon="-2.8133019">
        <ele>83.0</ele>
        <time>2025-10-01T13:33:52.000Z</time>
        <speed>1.073</speed>
      </trkpt>
      <trkpt lat="50.7202879" lon="-2.8133690">
        <ele>83.2</ele>
        <time>2025-10-01T13:33:57.000Z</time>
        <speed>1.082</speed>
      </trkpt>
      <trkpt lat="50.7203210" lon="-2.8134383">
        <ele>83.6</ele>
        <time>2025-10-01T13:34:02.000Z</time>
        <speed>1.110</speed>
      </trkpt>
      <trkpt lat="50.7203501" lon="-2.8135085">
        <ele>83.8</ele>
        <time>2025-10-01T13:34:07.000Z</time>
        <speed>1.138</speed>
      </trkpt>
      <trkpt lat="50.7203896" lon="-2.8135860">
        <ele>84.0</ele>
        <time>2025-10-01T13:34:12.000Z</time>
        <speed>1.148</speed>
      </trkpt>
      <trkpt lat="50.7204200" lon="-2.8136430">
        <ele>84.0</ele>
        <time>2025-10-01T13:34:17.000Z</time>
        <speed>1.138</speed>
      </trkpt>
      <trkpt lat="50.7204555" lon="-2.8137187">
        <ele>84.0</ele>
        <time>2025-10-01T13:34:22.000Z</time>
        <speed>1.176</speed>
      </trkpt>
      <trkpt lat="50.7204869" lon="-2.8137902">
        <ele>84.0</ele>
        <time>2025-10-01T13:34:27.000Z</time>
        <speed>1.185</speed>
      </trkpt>
      <trkpt lat="50.7205187" lon="-2.8138558">
        <ele>84.0</ele>
        <time>2025-10-01T13:34:32.000Z</time>
        <speed>1.232</speed>
      </trkpt>
      <trkpt lat="50.7205549" lon="-2.8139342">
        <ele>84.2</ele>
        <time>2025-10-01T13:34:37.000Z</time>
        <speed>1.222</speed>
      </trkpt>
      <trkpt lat="50.7205832" lon="-2.8140072">
        <ele>84.2</ele>
        <time>2025-10-01T13:34:42.000Z</time>
        <speed>1.232</speed>
      </trkpt>
      <trkpt lat="50.7206063" lon="-2.8140667">
        <ele>84.4</ele>
        <time>2025-10-01T13:34:47.000Z</time>
        <speed>1.166</speed>
      </trkpt>
      <trkpt lat="50.7206281" lon="-2.8141173">
        <ele>84.6</ele>
        <time>2025-10-01T13:34:52.000Z</time>
        <speed>1.129</speed>
      </trkpt>
      <trkpt lat="50.7206573" lon="-2.8141704">
        <ele>84.2</ele>
        <time>2025-10-01T13:34:57.000Z</time>
        <speed>1.036</speed>
      </trkpt>
      <trkpt lat="50.7206946" lon="-2.8142260">
        <ele>84.0</ele>
        <time>2025-10-01T13:35:02.000Z</time>
        <speed>0.998</speed>
      </trkpt>
      <trkpt lat="50.7207360" lon="-2.8142863">
        <ele>83.6</ele>
        <time>2025-10-01T13:35:07.000Z</time>
        <speed>1.054</speed>
      </trkpt>
      <trkpt lat="50.7207672" lon="-2.8143544">
        <ele>83.4</ele>
        <time>2025-10-01T13:35:12.000Z</time>
        <speed>1.129</speed>
      </trkpt>
      <trkpt lat="50.7208015" lon="-2.8144297">
        <ele>83.2</ele>
        <time>2025-10-01T13:35:17.000Z</time>
        <speed>1.157</speed>
      </trkpt>
      <trkpt lat="50.7208374" lon="-2.8145086">
        <ele>83.0</ele>
        <time>2025-10-01T13:35:22.000Z</time>
        <speed>1.194</speed>
      </trkpt>
      <trkpt lat="50.7208670" lon="-2.8145763">
        <ele>83.0</ele>
        <time>2025-10-01T13:35:27.000Z</time>
        <speed>1.213</speed>
      </trkpt>
      <trkpt lat="50.7208939" lon="-2.8146557">
        <ele>82.8</ele>
        <time>2025-10-01T13:35:32.000Z</time>
        <speed>1.241</speed>
      </trkpt>
      <trkpt lat="50.7209265" lon="-2.8147406">
        <ele>82.6</ele>
        <time>2025-10-01T13:35:37.000Z</time>
        <speed>1.278</speed>
      </trkpt>
      <trkpt lat="50.7209424" lon="-2.8148198">
        <ele>82.4</ele>
        <time>2025-10-01T13:35:42.000Z</time>
        <speed>1.278</speed>
      </trkpt>
      <trkpt lat="50.7209524" lon="-2.8149078">
        <ele>82.2</ele>
        <time>2025-10-01T13:35:47.000Z</time>
        <speed>1.269</speed>
      </trkpt>
      <trkpt lat="50.7209662" lon="-2.8149919">
        <ele>82.0</ele>
        <time>2025-10-01T13:35:52.000Z</time>
        <speed>1.269</speed>
      </trkpt>
      <trkpt lat="50.7209680" lon="-2.8150659">
        <ele>81.6</ele>
        <time>2025-10-01T13:35:57.000Z</time>
        <speed>1.241</speed>
      </trkpt>
      <trkpt lat="50.7209720" lon="-2.8151469">
        <ele>81.4</ele>
        <time>2025-10-01T13:36:02.000Z</time>
        <speed>1.157</speed>
      </trkpt>
      <trkpt lat="50.7209806" lon="-2.8152280">
        <ele>81.0</ele>
        <time>2025-10-01T13:36:07.000Z</time>
        <speed>1.148</speed>
      </trkpt>
      <trkpt lat="50.7209927" lon="-2.8152944">
        <ele>80.4</ele>
        <time>2025-10-01T13:36:12.000Z</time>
        <speed>1.157</speed>
      </trkpt>
      <trkpt lat="50.7210104" lon="-2.8153654">
        <ele>79.6</ele>
        <time>2025-10-01T13:36:17.000Z</time>
        <speed>1.120</speed>
      </trkpt>
      <trkpt lat="50.7210352" lon="-2.8154356">
        <ele>78.8</ele>
        <time>2025-10-01T13:36:22.000Z</time>
        <speed>1.129</speed>
      </trkpt>
      <trkpt lat="50.7210416" lon="-2.8154995">
        <ele>77.8</ele>
        <time>2025-10-01T13:36:27.000Z</time>
        <speed>1.120</speed>
      </trkpt>
      <trkpt lat="50.7210432" lon="-2.8155761">
        <ele>77.2</ele>
        <time>2025-10-01T13:36:32.000Z</time>
        <speed>1.110</speed>
      </trkpt>
      <trkpt lat="50.7210433" lon="-2.8156524">
        <ele>76.6</ele>
        <time>2025-10-01T13:36:37.000Z</time>
        <speed>1.082</speed>
      </trkpt>
      <trkpt lat="50.7210791" lon="-2.8156637">
        <ele>75.6</ele>
        <time>2025-10-01T13:36:42.000Z</time>
        <speed>1.045</speed>
      </trkpt>
      <trkpt lat="50.7211096" lon="-2.8157099">
        <ele>74.8</ele>
        <time>2025-10-01T13:36:47.000Z</time>
        <speed>1.036</speed>
      </trkpt>
      <trkpt lat="50.7211127" lon="-2.8157619">
        <ele>74.0</ele>
        <time>2025-10-01T13:36:52.000Z</time>
        <speed>0.989</speed>
      </trkpt>
      <trkpt lat="50.7211249" lon="-2.8158355">
        <ele>73.0</ele>
        <time>2025-10-01T13:36:57.000Z</time>
        <speed>0.998</speed>
      </trkpt>
      <trkpt lat="50.7211344" lon="-2.8159116">
        <ele>72.2</ele>
        <time>2025-10-01T13:37:02.000Z</time>
        <speed>1.026</speed>
      </trkpt>
      <trkpt lat="50.7211403" lon="-2.8159853">
        <ele>71.4</ele>
        <time>2025-10-01T13:37:07.000Z</time>
        <speed>1.036</speed>
      </trkpt>
      <trkpt lat="50.7211398" lon="-2.8160625">
        <ele>70.6</ele>
        <time>2025-10-01T13:37:12.000Z</time>
        <speed>1.036</speed>
      </trkpt>
      <trkpt lat="50.7211302" lon="-2.8161378">
        <ele>70.0</ele>
        <time>2025-10-01T13:37:17.000Z</time>
        <speed>1.064</speed>
      </trkpt>
      <trkpt lat="50.7211266" lon="-2.8162073">
        <ele>69.4</ele>
        <time>2025-10-01T13:37:22.000Z</time>
        <speed>1.045</speed>
      </trkpt>
      <trkpt lat="50.7211294" lon="-2.8162764">
        <ele>68.6</ele>
        <time>2025-10-01T13:37:27.000Z</time>
        <speed>1.026</speed>
      </trkpt>
      <trkpt lat="50.7211311" lon="-2.8163466">
        <ele>67.8</ele>
        <time>2025-10-01T13:37:32.000Z</time>
        <speed>1.017</speed>
      </trkpt>
      <trkpt lat="50.7211359" lon="-2.8164089">
        <ele>66.8</ele>
        <time>2025-10-01T13:37:37.000Z</time>
        <speed>1.008</speed>
      </trkpt>
      <trkpt lat="50.7211427" lon="-2.8164659">
        <ele>65.8</ele>
        <time>2025-10-01T13:37:42.000Z</time>
        <speed>0.924</speed>
      </trkpt>
      <trkpt lat="50.7211539" lon="-2.8165316">
        <ele>64.8</ele>
        <time>2025-10-01T13:37:47.000Z</time>
        <speed>0.914</speed>
      </trkpt>
      <trkpt lat="50.7211693" lon="-2.8165901">
        <ele>63.8</ele>
        <time>2025-10-01T13:37:52.000Z</time>
        <speed>0.924</speed>
      </trkpt>
      <trkpt lat="50.7211874" lon="-2.8166513">
        <ele>62.8</ele>
        <time>2025-10-01T13:37:57.000Z</time>
        <speed>0.914</speed>
      </trkpt>
      <trkpt lat="50.7212024" lon="-2.8166932">
        <ele>61.6</ele>
        <time>2025-10-01T13:38:02.000Z</time>
        <speed>0.849</speed>
      </trkpt>
      <trkpt lat="50.7212239" lon="-2.8167275">
        <ele>60.4</ele>
        <time>2025-10-01T13:38:07.000Z</time>
        <speed>0.802</speed>
      </trkpt>
      <trkpt lat="50.7212683" lon="-2.8167481">
        <ele>59.2</ele>
        <time>2025-10-01T13:38:12.000Z</time>
        <speed>0.886</speed>
      </trkpt>
      <trkpt lat="50.7213076" lon="-2.8167653">
        <ele>58.2</ele>
        <time>2025-10-01T13:38:17.000Z</time>
        <speed>0.896</speed>
      </trkpt>
      <trkpt lat="50.7213183" lon="-2.8167795">
        <ele>57.8</ele>
        <time>2025-10-01T13:38:22.000Z</time>
        <speed>0.765</speed>
      </trkpt>
      <trkpt lat="50.7213212" lon="-2.8168188">
        <ele>56.8</ele>
        <time>2025-10-01T13:38:27.000Z</time>
        <speed>0.000</speed>
      </trkpt>
      <trkpt lat="50.7213160" lon="-2.8168681">
        <ele>56.0</ele>
        <time>2025-10-01T13:38:32.000Z</time>
        <speed>0.718</speed>
      </trkpt>
      <trkpt lat="50.7213257" lon="-2.8169181">
        <ele>55.4</ele>
        <time>2025-10-01T13:38:37.000Z</time>
        <speed>0.718</speed>
      </trkpt>
      <trkpt lat="50.7213405" lon="-2.8169644">
        <ele>54.4</ele>
        <time>2025-10-01T13:38:42.000Z</time>
        <speed>0.681</speed>
      </trkpt>
      <trkpt lat="50.7213563" lon="-2.8170021">
        <ele>53.6</ele>
        <time>2025-10-01T13:38:47.000Z</time>
        <speed>0.672</speed>
      </trkpt>
      <trkpt lat="50.7213630" lon="-2.8170529">
        <ele>52.8</ele>
        <time>2025-10-01T13:38:52.000Z</time>
        <speed>0.690</speed>
      </trkpt>
      <trkpt lat="50.7213710" lon="-2.8170637">
        <ele>52.0</ele>
        <time>2025-10-01T13:38:57.000Z</time>
        <speed>0.560</speed>
      </trkpt>
      <trkpt lat="50.7214027" lon="-2.8170775">
        <ele>50.8</ele>
        <time>2025-10-01T13:39:02.000Z</time>
        <speed>0.476</speed>
      </trkpt>
      <trkpt lat="50.7214311" lon="-2.8171281">
        <ele>49.6</ele>
        <time>2025-10-01T13:39:07.000Z</time>
        <speed>0.914</speed>
      </trkpt>
      <trkpt lat="50.7214482" lon="-2.8171750">
        <ele>48.6</ele>
        <time>2025-10-01T13:39:12.000Z</time>
        <speed>0.896</speed>
      </trkpt>
      <trkpt lat="50.7214643" lon="-2.8172318">
        <ele>47.6</ele>
        <time>2025-10-01T13:39:17.000Z</time>
        <speed>0.849</speed>
      </trkpt>
      <trkpt lat="50.7214717" lon="-2.8172975">
        <ele>46.6</ele>
        <time>2025-10-01T13:39:22.000Z</time>
        <speed>0.858</speed>
      </trkpt>
      <trkpt lat="50.7214743" lon="-2.8173613">
        <ele>45.8</ele>
        <time>2025-10-01T13:39:27.000Z</time>
        <speed>0.849</speed>
      </trkpt>
      <trkpt lat="50.7214781" lon="-2.8174087">
        <ele>45.2</ele>
        <time>2025-10-01T13:39:32.000Z</time>
        <speed>0.849</speed>
      </trkpt>
      <trkpt lat="50.7214899" lon="-2.8174651">
        <ele>43.8</ele>
        <time>2025-10-01T13:39:37.000Z</time>
        <speed>0.812</speed>
      </trkpt>
      <trkpt lat="50.7215038" lon="-2.8175223">
        <ele>43.0</ele>
        <time>2025-10-01T13:39:42.000Z</time>
        <speed>0.812</speed>
      </trkpt>
      <trkpt lat="50.7215164" lon="-2.8175810">
        <ele>42.0</ele>
        <time>2025-10-01T13:39:47.000Z</time>
        <speed>0.821</speed>
      </trkpt>
      <trkpt lat="50.7215273" lon="-2.8176490">
        <ele>41.0</ele>
        <time>2025-10-01T13:39:52.000Z</time>
        <speed>0.868</speed>
      </trkpt>
      <trkpt lat="50.7215369" lon="-2.8177106">
        <ele>40.2</ele>
        <time>2025-10-01T13:39:57.000Z</time>
        <speed>0.896</speed>
      </trkpt>
      <trkpt lat="50.7215445" lon="-2.8177808">
        <ele>39.2</ele>
        <time>2025-10-01T13:40:02.000Z</time>
        <speed>0.905</speed>
      </trkpt>
      <trkpt lat="50.7215553" lon="-2.8178415">
        <ele>38.2</ele>
        <time>2025-10-01T13:40:07.000Z</time>
        <speed>0.886</speed>
      </trkpt>
      <trkpt lat="50.7215652" lon="-2.8179083">
        <ele>37.2</ele>
        <time>2025-10-01T13:40:12.000Z</time>
        <speed>0.896</speed>
      </trkpt>
      <trkpt lat="50.7215748" lon="-2.8179694">
        <ele>36.2</ele>
        <time>2025-10-01T13:40:17.000Z</time>
        <speed>0.886</speed>
      </trkpt>
      <trkpt lat="50.7215847" lon="-2.8180480">
        <ele>35.4</ele>
        <time>2025-10-01T13:40:22.000Z</time>
        <speed>0.886</speed>
      </trkpt>
      <trkpt lat="50.7215896" lon="-2.8181147">
        <ele>34.2</ele>
        <time>2025-10-01T13:40:27.000Z</time>
        <speed>0.914</speed>
      </trkpt>
      <trkpt lat="50.7216044" lon="-2.8181940">
        <ele>33.2</ele>
        <time>2025-10-01T13:40:32.000Z</time>
        <speed>0.914</speed>
      </trkpt>
      <trkpt lat="50.7216090" lon="-2.8182354">
        <ele>32.2</ele>
        <time>2025-10-01T13:40:37.000Z</time>
        <speed>0.634</speed>
      </trkpt>
      <trkpt lat="50.7216154" lon="-2.8183155">
        <ele>31.2</ele>
        <time>2025-10-01T13:40:42.000Z</time>
        <speed>1.269</speed>
      </trkpt>
      <trkpt lat="50.7216304" lon="-2.8183792">
        <ele>30.4</ele>
        <time>2025-10-01T13:40:47.000Z</time>
        <speed>0.877</speed>
      </trkpt>
      <trkpt lat="50.7216347" lon="-2.8184403">
        <ele>29.8</ele>
        <time>2025-10-01T13:40:52.000Z</time>
        <speed>0.896</speed>
      </trkpt>
      <trkpt lat="50.7216445" lon="-2.8185211">
        <ele>28.8</ele>
        <time>2025-10-01T13:40:57.000Z</time>
        <speed>0.877</speed>
      </trkpt>
      <trkpt lat="50.7216507" lon="-2.8185660">
        <ele>27.8</ele>
        <time>2025-10-01T13:41:02.000Z</time>
        <speed>0.896</speed>
      </trkpt>
      <trkpt lat="50.7216569" lon="-2.8186397">
        <ele>27.0</ele>
        <time>2025-10-01T13:41:07.000Z</time>
        <speed>0.924</speed>
      </trkpt>
      <trkpt lat="50.7216677" lon="-2.8187063">
        <ele>26.0</ele>
        <time>2025-10-01T13:41:12.000Z</time>
        <speed>0.970</speed>
      </trkpt>
      <trkpt lat="50.7216767" lon="-2.8187908">
        <ele>25.2</ele>
        <time>2025-10-01T13:41:17.000Z</time>
        <speed>0.970</speed>
      </trkpt>
      <trkpt lat="50.7216818" lon="-2.8188577">
        <ele>24.8</ele>
        <time>2025-10-01T13:41:22.000Z</time>
        <speed>0.998</speed>
      </trkpt>
      <trkpt lat="50.7216943" lon="-2.8189278">
        <ele>24.4</ele>
        <time>2025-10-01T13:41:27.000Z</time>
        <speed>0.998</speed>
      </trkpt>
      <trkpt lat="50.7217032" lon="-2.8189986">
        <ele>23.0</ele>
        <time>2025-10-01T13:41:32.000Z</time>
        <speed>1.008</speed>
      </trkpt>
      <trkpt lat="50.7217200" lon="-2.8190754">
        <ele>22.2</ele>
        <time>2025-10-01T13:41:37.000Z</time>
        <speed>1.036</speed>
      </trkpt>
      <trkpt lat="50.7217360" lon="-2.8191479">
        <ele>21.8</ele>
        <time>2025-10-01T13:41:42.000Z</time>
        <speed>1.036</speed>
      </trkpt>
      <trkpt lat="50.7217489" lon="-2.8192224">
        <ele>21.2</ele>
        <time>2025-10-01T13:41:47.000Z</time>
        <speed>1.054</speed>
      </trkpt>
      <trkpt lat="50.7217613" lon="-2.8193049">
        <ele>21.0</ele>
        <time>2025-10-01T13:41:52.000Z</time>
        <speed>1.073</speed>
      </trkpt>
      <trkpt lat="50.7217729" lon="-2.8193910">
        <ele>20.2</ele>
        <time>2025-10-01T13:41:57.000Z</time>
        <speed>1.082</speed>
      </trkpt>
      <trkpt lat="50.7217900" lon="-2.8194726">
        <ele>19.6</ele>
        <time>2025-10-01T13:42:02.000Z</time>
        <speed>1.101</speed>
      </trkpt>
      <trkpt lat="50.7218090" lon="-2.8195550">
        <ele>18.6</ele>
        <time>2025-10-01T13:42:07.000Z</time>
        <speed>1.129</speed>
      </trkpt>
      <trkpt lat="50.7218214" lon="-2.8196417">
        <ele>18.6</ele>
        <time>2025-10-01T13:42:12.000Z</time>
        <speed>1.138</speed>
      </trkpt>
      <trkpt lat="50.7218312" lon="-2.8197193">
        <ele>18.6</ele>
        <time>2025-10-01T13:42:17.000Z</time>
        <speed>1.166</speed>
      </trkpt>
      <trkpt lat="50.7218386" lon="-2.8198137">
        <ele>18.0</ele>
        <time>2025-10-01T13:42:22.000Z</time>
        <speed>1.260</speed>
      </trkpt>
      <trkpt lat="50.7218567" lon="-2.8198915">
        <ele>17.0</ele>
        <time>2025-10-01T13:42:27.000Z</time>
        <speed>1.260</speed>
      </trkpt>
      <trkpt lat="50.7218743" lon="-2.8199762">
        <ele>15.8</ele>
        <time>2025-10-01T13:42:32.000Z</time>
        <speed>1.250</speed>
      </trkpt>
      <trkpt lat="50.7218878" lon="-2.8200523">
        <ele>15.6</ele>
        <time>2025-10-01T13:42:37.000Z</time>
        <speed>1.250</speed>
      </trkpt>
      <trkpt lat="50.7219079" lon="-2.8201393">
        <ele>14.4</ele>
        <time>2025-10-01T13:42:42.000Z</time>
        <speed>1.232</speed>
      </trkpt>
      <trkpt lat="50.7219308" lon="-2.8202143">
        <ele>14.6</ele>
        <time>2025-10-01T13:42:47.000Z</time>
        <speed>1.241</speed>
      </trkpt>
      <trkpt lat="50.7219546" lon="-2.8202909">
        <ele>13.8</ele>
        <time>2025-10-01T13:42:52.000Z</time>
        <speed>1.232</speed>
      </trkpt>
      <trkpt lat="50.7219736" lon="-2.8203677">
        <ele>13.2</ele>
        <time>2025-10-01T13:42:57.000Z</time>
        <speed>1.222</speed>
      </trkpt>
      <trkpt lat="50.7219970" lon="-2.8204407">
        <ele>12.4</ele>
        <time>2025-10-01T13:43:02.000Z</time>
        <speed>1.222</speed>
      </trkpt>
      <trkpt lat="50.7220320" lon="-2.8205175">
        <ele>11.8</ele>
        <time>2025-10-01T13:43:07.000Z</time>
        <speed>1.222</speed>
      </trkpt>
      <trkpt lat="50.7220506" lon="-2.8205896">
        <ele>11.2</ele>
        <time>2025-10-01T13:43:12.000Z</time>
        <speed>1.232</speed>
      </trkpt>
      <trkpt lat="50.7220798" lon="-2.8206586">
        <ele>10.6</ele>
        <time>2025-10-01T13:43:17.000Z</time>
        <speed>1.222</speed>
      </trkpt>
      <trkpt lat="50.7221088" lon="-2.8207189">
        <ele>9.6</ele>
        <time>2025-10-01T13:43:22.000Z</time>
        <speed>1.213</speed>
      </trkpt>
      <trkpt lat="50.7221426" lon="-2.8207952">
        <ele>8.8</ele>
        <time>2025-10-01T13:43:27.000Z</time>
        <speed>1.213</speed>
      </trkpt>
      <trkpt lat="50.7221611" lon="-2.8208672">
        <ele>8.6</ele>
        <time>2025-10-01T13:43:32.000Z</time>
        <speed>1.204</speed>
      </trkpt>
      <trkpt lat="50.7221771" lon="-2.8209425">
        <ele>8.0</ele>
        <time>2025-10-01T13:43:37.000Z</time>
        <speed>1.194</speed>
      </trkpt>
      <trkpt lat="50.7222055" lon="-2.8210010">
        <ele>7.0</ele>
        <time>2025-10-01T13:43:42.000Z</time>
        <speed>1.185</speed>
      </trkpt>
      <trkpt lat="50.7222347" lon="-2.8210675">
        <ele>6.2</ele>
        <time>2025-10-01T13:43:47.000Z</time>
        <speed>1.166</speed>
      </trkpt>
      <trkpt lat="50.7222741" lon="-2.8211335">
        <ele>5.4</ele>
        <time>2025-10-01T13:43:52.000Z</time>
        <speed>1.185</speed>
      </trkpt>
      <trkpt lat="50.7222998" lon="-2.8211852">
        <ele>4.0</ele>
        <time>2025-10-01T13:43:57.000Z</time>
        <speed>1.166</speed>
      </trkpt>
      <trkpt lat="50.7223261" lon="-2.8212437">
        <ele>3.4</ele>
        <time>2025-10-01T13:44:02.000Z</time>
        <speed>1.138</speed>
      </trkpt>
      <trkpt lat="50.7223602" lon="-2.8213076">
        <ele>2.4</ele>
        <time>2025-10-01T13:44:07.000Z</time>
        <speed>1.073</speed>
      </trkpt>
      <trkpt lat="50.7223800" lon="-2.8213542">
        <ele>2.2</ele>
        <time>2025-10-01T13:44:12.000Z</time>
        <speed>1.045</speed>
      </trkpt>
      <trkpt lat="50.7223863" lon="-2.8213775">
        <ele>1.0</ele>
        <time>2025-10-01T13:44:17.000Z</time>
        <speed>0.000</speed>
      </trkpt>
      <trkpt lat="50.7223853" lon="-2.8213760">
        <ele>1.6</ele>
        <time>2025-10-01T13:44:22.000Z</time>
        <speed>0.000</speed>
      </trkpt>
      <trkpt lat="50.7223765" lon="-2.8214396">
        <ele>2.0</ele>
        <time>2025-10-01T13:44:27.000Z</time>
        <speed>0.000</speed>
      </trkpt>
      <trkpt lat="50.7223904" lon="-2.8215146">
        <ele>0.4</ele>
        <time>2025-10-01T13:44:32.000Z</time>
        <speed>1.138</speed>
      </trkpt>
      <trkpt lat="50.7224280" lon="-2.8215903">
        <ele>0.0</ele>
        <time>2025-10-01T13:44:37.000Z</time>
        <speed>1.232</speed>
      </trkpt>
      <trkpt lat="50.7224598" lon="-2.8216699">
        <ele>-0.4</ele>
        <time>2025-10-01T13:44:42.000Z</time>
        <speed>1.278</speed>
      </trkpt>
      <trkpt lat="50.7224896" lon="-2.8217375">
        <ele>-0.6</ele>
        <time>2025-10-01T13:44:47.000Z</time>
        <speed>1.316</speed>
      </trkpt>
      <trkpt lat="50.7225191" lon="-2.8218115">
        <ele>-1.0</ele>
        <time>2025-10-01T13:44:52.000Z</time>
        <speed>1.250</speed>
      </trkpt>
      <trkpt lat="50.7225397" lon="-2.8218975">
        <ele>-1.6</ele>
        <time>2025-10-01T13:44:57.000Z</time>
        <speed>1.166</speed>
      </trkpt>
      <trkpt lat="50.7225671" lon="-2.8219685">
        <ele>-1.8</ele>
        <time>2025-10-01T13:45:02.000Z</time>
        <speed>1.204</speed>
      </trkpt>
      <trkpt lat="50.7225901" lon="-2.8220514">
        <ele>-2.0</ele>
        <time>2025-10-01T13:45:07.000Z</time>
        <speed>1.213</speed>
      </trkpt>
      <trkpt lat="50.7225955" lon="-2.8221398">
        <ele>-2.0</ele>
        <time>2025-10-01T13:45:12.000Z</time>
        <speed>1.232</speed>
      </trkpt>
      <trkpt lat="50.7225964" lon="-2.8222348">
        <ele>-2.2</ele>
        <time>2025-10-01T13:45:17.000Z</time>
        <speed>1.232</speed>
      </trkpt>
      <trkpt lat="50.7225919" lon="-2.8223191">
        <ele>-2.2</ele>
        <time>2025-10-01T13:45:22.000Z</time>
        <speed>1.250</speed>
      </trkpt>
      <trkpt lat="50.7225926" lon="-2.8224083">
        <ele>-2.2</ele>
        <time>2025-10-01T13:45:27.000Z</time>
        <speed>1.241</speed>
      </trkpt>
      <trkpt lat="50.7226093" lon="-2.8224906">
        <ele>-2.2</ele>
        <time>2025-10-01T13:45:32.000Z</time>
        <speed>1.232</speed>
      </trkpt>
      <trkpt lat="50.7226188" lon="-2.8225206">
        <ele>-2.0</ele>
        <time>2025-10-01T13:45:37.000Z</time>
        <speed>1.166</speed>
      </trkpt>
      <trkpt lat="50.7226229" lon="-2.8225229">
        <ele>-1.8</ele>
        <time>2025-10-01T13:45:42.000Z</time>
        <speed>0.933</speed>
      </trkpt>
      <trkpt lat="50.7226119" lon="-2.8225351">
        <ele>-1.6</ele>
        <time>2025-10-01T13:45:47.000Z</time>
        <speed>0.000</speed>
      </trkpt>
      <trkpt lat="50.7226097" lon="-2.8225386">
        <ele>-1.6</ele>
        <time>2025-10-01T13:45:52.000Z</time>
        <speed>0.000</speed>
      </trkpt>
      <trkpt lat="50.7226167" lon="-2.8225473">
        <ele>-1.6</ele>
        <time>2025-10-01T13:45:57.000Z</time>
        <speed>0.000</speed>
      </trkpt>
      <trkpt lat="50.7226192" lon="-2.8225476">
        <ele>-1.6</ele>
        <time>2025-10-01T13:46:02.000Z</time>
        <speed>0.000</speed>
      </trkpt>
      <trkpt lat="50.7226194" lon="-2.8225450">
        <ele>-1.6</ele>
        <time>2025-10-01T13:46:07.000Z</time>
        <speed>0.000</speed>
      </trkpt>
      <trkpt lat="50.7226217" lon="-2.8225352">
        <ele>-1.6</ele>
        <time>2025-10-01T13:46:12.000Z</time>
        <speed>0.000</speed>
      </trkpt>
      <trkpt lat="50.7225766" lon="-2.8225109">
        <ele>-1.2</ele>
        <time>2025-10-01T13:46:17.000Z</time>
        <speed>0.000</speed>
      </trkpt>
      <trkpt lat="50.7225565" lon="-2.8225668">
        <ele>-1.0</ele>
        <time>2025-10-01T13:46:22.000Z</time>
        <speed>1.064</speed>
      </trkpt>
      <trkpt lat="50.7225747" lon="-2.8226204">
        <ele>-1.6</ele>
        <time>2025-10-01T13:46:27.000Z</time>
        <speed>0.980</speed>
      </trkpt>
      <trkpt lat="50.7225824" lon="-2.8226735">
        <ele>-1.2</ele>
        <time>2025-10-01T13:46:32.000Z</time>
        <speed>0.569</speed>
      </trkpt>
      <trkpt lat="50.7225973" lon="-2.8227482">
        <ele>-1.0</ele>
        <time>2025-10-01T13:46:37.000Z</time>
        <speed>0.942</speed>
      </trkpt>
      <trkpt lat="50.7226144" lon="-2.8228234">
        <ele>-0.4</ele>
        <time>2025-10-01T13:46:42.000Z</time>
        <speed>1.110</speed>
      </trkpt>
      <trkpt lat="50.7226192" lon="-2.8228768">
        <ele>0.4</ele>
        <time>2025-10-01T13:46:47.000Z</time>
        <speed>1.045</speed>
      </trkpt>
      <trkpt lat="50.7225873" lon="-2.8229252">
        <ele>1.8</ele>
        <time>2025-10-01T13:46:52.000Z</time>
        <speed>1.026</speed>
      </trkpt>
      <trkpt lat="50.7225331" lon="-2.8229730">
        <ele>1.6</ele>
        <time>2025-10-01T13:46:57.000Z</time>
        <speed>1.120</speed>
      </trkpt>
      <trkpt lat="50.7224771" lon="-2.8230241">
        <ele>1.8</ele>
        <time>2025-10-01T13:47:02.000Z</time>
        <speed>1.484</speed>
      </trkpt>
      <trkpt lat="50.7224359" lon="-2.8230841">
        <ele>1.8</ele>
        <time>2025-10-01T13:47:07.000Z</time>
        <speed>1.297</speed>
      </trkpt>
      <trkpt lat="50.7223872" lon="-2.8231396">
        <ele>2.0</ele>
        <time>2025-10-01T13:47:12.000Z</time>
        <speed>1.334</speed>
      </trkpt>
      <trkpt lat="50.7223322" lon="-2.8231867">
        <ele>1.8</ele>
        <time>2025-10-01T13:47:17.000Z</time>
        <speed>1.325</speed>
      </trkpt>
      <trkpt lat="50.7222916" lon="-2.8232490">
        <ele>2.2</ele>
        <time>2025-10-01T13:47:22.000Z</time>
        <speed>1.344</speed>
      </trkpt>
      <trkpt lat="50.7222608" lon="-2.8232987">
        <ele>2.4</ele>
        <time>2025-10-01T13:47:27.000Z</time>
        <speed>1.288</speed>
      </trkpt>
      <trkpt lat="50.7222329" lon="-2.8233997">
        <ele>2.2</ele>
        <time>2025-10-01T13:47:32.000Z</time>
        <speed>1.278</speed>
      </trkpt>
      <trkpt lat="50.7222292" lon="-2.8234794">
        <ele>3.0</ele>
        <time>2025-10-01T13:47:37.000Z</time>
        <speed>1.316</speed>
      </trkpt>
      <trkpt lat="50.7222340" lon="-2.8235293">
        <ele>2.8</ele>
        <time>2025-10-01T13:47:42.000Z</time>
        <speed>1.232</speed>
      </trkpt>
      <trkpt lat="50.7222468" lon="-2.8235450">
        <ele>3.0</ele>
        <time>2025-10-01T13:47:47.000Z</time>
        <speed>0.942</speed>
      </trkpt>
      <trkpt lat="50.7222557" lon="-2.8235582">
        <ele>3.0</ele>
        <time>2025-10-01T13:47:52.000Z</time>
        <speed>0.000</speed>
      </trkpt>
      <trkpt lat="50.7222645" lon="-2.8235669">
        <ele>3.0</ele>
        <time>2025-10-01T13:47:57.000Z</time>
        <speed>0.000</speed>
      </trkpt>
      <trkpt lat="50.7222659" lon="-2.8235571">
        <ele>3.0</ele>
        <time>2025-10-01T13:48:02.000Z</time>
        <speed>0.000</speed>
      </trkpt>
      <trkpt lat="50.7222656" lon="-2.8235537">
        <ele>3.2</ele>
        <time>2025-10-01T13:48:07.000Z</time>
        <speed>0.000</speed>
      </trkpt>
      <trkpt lat="50.7222666" lon="-2.8235479">
        <ele>3.2</ele>
        <time>2025-10-01T13:48:12.000Z</time>
        <speed>0.000</speed>
      </trkpt>
      <trkpt lat="50.7222642" lon="-2.8235413">
        <ele>3.2</ele>
        <time>2025-10-01T13:48:17.000Z</time>
        <speed>0.000</speed>
      </trkpt>
      <trkpt lat="50.7222542" lon="-2.8235404">
        <ele>3.2</ele>
        <time>2025-10-01T13:48:22.000Z</time>
        <speed>0.000</speed>
      </trkpt>
      <trkpt lat="50.7222395" lon="-2.8235249">
        <ele>3.0</ele>
        <time>2025-10-01T13:48:27.000Z</time>
        <speed>0.000</speed>
      </trkpt>
      <trkpt lat="50.7222341" lon="-2.8235027">
        <ele>3.0</ele>
        <time>2025-10-01T13:48:32.000Z</time>
        <speed>0.000</speed>
      </trkpt>
      <trkpt lat="50.7222274" lon="-2.8235050">
        <ele>3.6</ele>
        <time>2025-10-01T13:48:37.000Z</time>
        <speed>0.000</speed>
      </trkpt>
      <trkpt lat="50.7222251" lon="-2.8235152">
        <ele>3.0</ele>
        <time>2025-10-01T13:48:42.000Z</time>
        <speed>0.000</speed>
      </trkpt>
      <trkpt lat="50.7222251" lon="-2.8235152">
        <ele>3.2</ele>
        <time>2025-10-01T13:48:47.000Z</time>
        <speed>0.000</speed>
      </trkpt>
      <trkpt lat="50.7222251" lon="-2.8235152">
        <ele>3.4</ele>
        <time>2025-10-01T13:48:52.000Z</time>
        <speed>0.000</speed>
      </trkpt>
      <trkpt lat="50.7222297" lon="-2.8235043">
        <ele>3.4</ele>
        <time>2025-10-01T13:48:57.000Z</time>
        <speed>0.000</speed>
      </trkpt>
      <trkpt lat="50.7222364" lon="-2.8235218">
        <ele>3.6</ele>
        <time>2025-10-01T13:49:02.000Z</time>
        <speed>0.000</speed>
      </trkpt>
      <trkpt lat="50.7222414" lon="-2.8235215">
        <ele>3.4</ele>
        <time>2025-10-01T13:49:07.000Z</time>
        <speed>0.000</speed>
      </trkpt>
      <trkpt lat="50.7222411" lon="-2.8235201">
        <ele>3.4</ele>
        <time>2025-10-01T13:49:12.000Z</time>
        <speed>0.000</speed>
      </trkpt>
      <trkpt lat="50.7222411" lon="-2.8235201">
        <ele>3.4</ele>
        <time>2025-10-01T13:49:17.000Z</time>
        <speed>0.000</speed>
      </trkpt>
      <trkpt lat="50.7222411" lon="-2.8235201">
        <ele>3.4</ele>
        <time>2025-10-01T13:49:22.000Z</time>
        <speed>0.000</speed>
      </trkpt>
      <trkpt lat="50.7222411" lon="-2.8235201">
        <ele>3.6</ele>
        <time>2025-10-01T13:49:27.000Z</time>
        <speed>0.000</speed>
      </trkpt>
      <trkpt lat="50.7222411" lon="-2.8235201">
        <ele>3.6</ele>
        <time>2025-10-01T13:49:32.000Z</time>
        <speed>0.000</speed>
      </trkpt>
      <trkpt lat="50.7222411" lon="-2.8235201">
        <ele>3.6</ele>
        <time>2025-10-01T13:49:37.000Z</time>
        <speed>0.000</speed>
      </trkpt>
      <trkpt lat="50.7222411" lon="-2.8235201">
        <ele>3.6</ele>
        <time>2025-10-01T13:49:42.000Z</time>
        <speed>0.000</speed>
      </trkpt>
      <trkpt lat="50.7222411" lon="-2.8235201">
        <ele>3.6</ele>
        <time>2025-10-01T13:49:47.000Z</time>
        <speed>0.000</speed>
      </trkpt>
      <trkpt lat="50.7222320" lon="-2.8235183">
        <ele>3.6</ele>
        <time>2025-10-01T13:49:52.000Z</time>
        <speed>0.000</speed>
      </trkpt>
      <trkpt lat="50.7222235" lon="-2.8235235">
        <ele>3.6</ele>
        <time>2025-10-01T13:49:57.000Z</time>
        <speed>0.000</speed>
      </trkpt>
      <trkpt lat="50.7222148" lon="-2.8235137">
        <ele>3.8</ele>
        <time>2025-10-01T13:50:02.000Z</time>
        <speed>0.000</speed>
      </trkpt>
      <trkpt lat="50.7222128" lon="-2.8235188">
        <ele>4.0</ele>
        <time>2025-10-01T13:50:07.000Z</time>
        <speed>0.000</speed>
      </trkpt>
      <trkpt lat="50.7222174" lon="-2.8235287">
        <ele>4.0</ele>
        <time>2025-10-01T13:50:12.000Z</time>
        <speed>0.000</speed>
      </trkpt>
      <trkpt lat="50.7222134" lon="-2.8234750">
        <ele>3.8</ele>
        <time>2025-10-01T13:50:17.000Z</time>
        <speed>0.000</speed>
      </trkpt>
      <trkpt lat="50.7221525" lon="-2.8234349">
        <ele>3.8</ele>
        <time>2025-10-01T13:50:22.000Z</time>
        <speed>1.614</speed>
      </trkpt>
      <trkpt lat="50.7221536" lon="-2.8234679">
        <ele>3.0</ele>
        <time>2025-10-01T13:50:27.000Z</time>
        <speed>0.914</speed>
      </trkpt>
      <trkpt lat="50.7221536" lon="-2.8234609">
        <ele>3.0</ele>
        <time>2025-10-01T13:50:32.000Z</time>
        <speed>0.000</speed>
      </trkpt>
      <trkpt lat="50.7221594" lon="-2.8234636">
        <ele>3.2</ele>
        <time>2025-10-01T13:50:37.000Z</time>
        <speed>0.000</speed>
      </trkpt>
      <trkpt lat="50.7221660" lon="-2.8234769">
        <ele>3.4</ele>
        <time>2025-10-01T13:50:42.000Z</time>
        <speed>0.000</speed>
      </trkpt>
      <trkpt lat="50.7221666" lon="-2.8234823">
        <ele>3.6</ele>
        <time>2025-10-01T13:50:47.000Z</time>
        <speed>0.000</speed>
      </trkpt>
      <trkpt lat="50.7221659" lon="-2.8234760">
        <ele>3.6</ele>
        <time>2025-10-01T13:50:52.000Z</time>
        <speed>0.000</speed>
      </trkpt>
      <trkpt lat="50.7221691" lon="-2.8234755">
        <ele>3.8</ele>
        <time>2025-10-01T13:50:57.000Z</time>
        <speed>0.000</speed>
      </trkpt>
      <trkpt lat="50.7221649" lon="-2.8234696">
        <ele>4.0</ele>
        <time>2025-10-01T13:51:02.000Z</time>
        <speed>0.000</speed>
      </trkpt>
      <trkpt lat="50.7221566" lon="-2.8234692">
        <ele>4.4</ele>
        <time>2025-10-01T13:51:07.000Z</time>
        <speed>0.000</speed>
      </trkpt>
      <trkpt lat="50.7221399" lon="-2.8234406">
        <ele>4.4</ele>
        <time>2025-10-01T13:51:12.000Z</time>
        <speed>0.000</speed>
      </trkpt>
      <trkpt lat="50.7221370" lon="-2.8234333">
        <ele>4.8</ele>
        <time>2025-10-01T13:51:17.000Z</time>
        <speed>0.000</speed>
      </trkpt>
      <trkpt lat="50.7221370" lon="-2.8234333">
        <ele>4.8</ele>
        <time>2025-10-01T13:51:22.000Z</time>
        <speed>0.000</speed>
      </trkpt>
      <trkpt lat="50.7221370" lon="-2.8234333">
        <ele>4.2</ele>
        <time>2025-10-01T13:51:27.000Z</time>
        <speed>0.000</speed>
      </trkpt>
      <trkpt lat="50.7221370" lon="-2.8234333">
        <ele>4.0</ele>
        <time>2025-10-01T13:51:32.000Z</time>
        <speed>0.000</speed>
      </trkpt>
      <trkpt lat="50.7221370" lon="-2.8234333">
        <ele>4.0</ele>
        <time>2025-10-01T13:51:37.000Z</time>
        <speed>0.000</speed>
      </trkpt>
      <trkpt lat="50.7221370" lon="-2.8234333">
        <ele>4.2</ele>
        <time>2025-10-01T13:51:42.000Z</time>
        <speed>0.000</speed>
      </trkpt>
      <trkpt lat="50.7221370" lon="-2.8234333">
        <ele>4.4</ele>
        <time>2025-10-01T13:51:47.000Z</time>
        <speed>0.000</speed>
      </trkpt>
      <trkpt lat="50.7221370" lon="-2.8234333">
        <ele>4.4</ele>
        <time>2025-10-01T13:51:52.000Z</time>
        <speed>0.000</speed>
      </trkpt>
      <trkpt lat="50.7221370" lon="-2.8234333">
        <ele>4.4</ele>
        <time>2025-10-01T13:51:57.000Z</time>
        <speed>0.000</speed>
      </trkpt>
      <trkpt lat="50.7221370" lon="-2.8234333">
        <ele>4.4</ele>
        <time>2025-10-01T13:52:02.000Z</time>
        <speed>0.000</speed>
      </trkpt>
      <trkpt lat="50.7221547" lon="-2.8234576">
        <ele>4.0</ele>
        <time>2025-10-01T13:52:07.000Z</time>
        <speed>0.774</speed>
      </trkpt>
      <trkpt lat="50.7221547" lon="-2.8234576">
        <ele>3.8</ele>
        <time>2025-10-01T13:52:12.000Z</time>
        <speed>0.000</speed>
      </trkpt>
      <trkpt lat="50.7221578" lon="-2.8234511">
        <ele>4.2</ele>
        <time>2025-10-01T13:52:17.000Z</time>
        <speed>0.000</speed>
      </trkpt>
      <trkpt lat="50.7221615" lon="-2.8234045">
        <ele>4.2</ele>
        <time>2025-10-01T13:52:22.000Z</time>
        <speed>0.000</speed>
      </trkpt>
      <trkpt lat="50.7222004" lon="-2.8233205">
        <ele>4.0</ele>
        <time>2025-10-01T13:52:27.000Z</time>
        <speed>1.446</speed>
      </trkpt>
      <trkpt lat="50.7222494" lon="-2.8232687">
        <ele>4.2</ele>
        <time>2025-10-01T13:52:32.000Z</time>
        <speed>1.549</speed>
      </trkpt>
      <trkpt lat="50.7222990" lon="-2.8232234">
        <ele>4.4</ele>
        <time>2025-10-01T13:52:37.000Z</time>
        <speed>1.418</speed>
      </trkpt>
      <trkpt lat="50.7223423" lon="-2.8231707">
        <ele>4.4</ele>
        <time>2025-10-01T13:52:42.000Z</time>
        <speed>1.362</speed>
      </trkpt>
      <trkpt lat="50.7223816" lon="-2.8231184">
        <ele>4.0</ele>
        <time>2025-10-01T13:52:47.000Z</time>
        <speed>1.250</speed>
      </trkpt>
      <trkpt lat="50.7224001" lon="-2.8230829">
        <ele>3.6</ele>
        <time>2025-10-01T13:52:52.000Z</time>
        <speed>1.110</speed>
      </trkpt>
      <trkpt lat="50.7224500" lon="-2.8230412">
        <ele>3.8</ele>
        <time>2025-10-01T13:52:57.000Z</time>
        <speed>1.110</speed>
      </trkpt>
      <trkpt lat="50.7225035" lon="-2.8229903">
        <ele>3.8</ele>
        <time>2025-10-01T13:53:02.000Z</time>
        <speed>1.110</speed>
      </trkpt>
      <trkpt lat="50.7225512" lon="-2.8229553">
        <ele>3.6</ele>
        <time>2025-10-01T13:53:07.000Z</time>
        <speed>1.148</speed>
      </trkpt>
      <trkpt lat="50.7226063" lon="-2.8229016">
        <ele>3.6</ele>
        <time>2025-10-01T13:53:12.000Z</time>
        <speed>1.213</speed>
      </trkpt>
      <trkpt lat="50.7226240" lon="-2.8228599">
        <ele>3.4</ele>
        <time>2025-10-01T13:53:17.000Z</time>
        <speed>1.194</speed>
      </trkpt>
      <trkpt lat="50.7226029" lon="-2.8227826">
        <ele>2.4</ele>
        <time>2025-10-01T13:53:22.000Z</time>
        <speed>1.148</speed>
      </trkpt>
      <trkpt lat="50.7225847" lon="-2.8227019">
        <ele>2.2</ele>
        <time>2025-10-01T13:53:27.000Z</time>
        <speed>1.176</speed>
      </trkpt>
      <trkpt lat="50.7225800" lon="-2.8226190">
        <ele>2.0</ele>
        <time>2025-10-01T13:53:32.000Z</time>
        <speed>1.250</speed>
      </trkpt>
      <trkpt lat="50.7225874" lon="-2.8225750">
        <ele>1.6</ele>
        <time>2025-10-01T13:53:37.000Z</time>
        <speed>1.166</speed>
      </trkpt>
    </trkseg>
  </trk>
</gpx>
