<?xml version="1.0" encoding="UTF-8"?>
<gpx xmlns="http://www.topografix.com/GPX/1/0" xmlns:xsi="http://www.w3.org/2001/XMLSchema-instance" creator="GPS Wizard - https://github.com/Logiqx/gps-wizard" version="1.0" xsi:schemaLocation="http://www.topografix.com/GPX/1/0 http://www.topografix.com/GPX/1/0/gpx.xsd">
  <trk>
    <trkseg>
      <trkpt lat="50.6351098" lon="-2.3757401">
        <ele>19.8</ele>
        <time>2025-12-12T10:51:34.000Z</time>
        <speed>0.000</speed>
      </trkpt>
      <trkpt lat="50.6351267" lon="-2.3757443">
        <ele>19.6</ele>
        <time>2025-12-12T10:51:40.000Z</time>
        <speed>0.000</speed>
      </trkpt>
      <trkpt lat="50.6351305" lon="-2.3757397">
        <ele>19.2</ele>
        <time>2025-12-12T10:51:45.000Z</time>
        <speed>0.000</speed>
      </trkpt>
      <trkpt lat="50.6351222" lon="-2.3757099">
        <ele>18.8</ele>
        <time>2025-12-12T10:51:50.000Z</time>
        <speed>0.000</speed>
      </trkpt>
      <trkpt lat="50.6350775" lon="-2.3756678">
        <ele>18.4</ele>
        <time>2025-12-12T10:51:55.000Z</time>
        <speed>1.409</speed>
      </trkpt>
      <trkpt lat="50.6350335" lon="-2.3756576">
        <ele>18.2</ele>
        <time>2025-12-12T10:52:00.000Z</time>
        <speed>0.933</speed>
      </trkpt>
      <trkpt lat="50.6349780" lon="-2.3756704">
        <ele>18.0</ele>
        <time>2025-12-12T10:52:05.000Z</time>
        <speed>1.381</speed>
      </trkpt>
      <trkpt lat="50.6349434" lon="-2.3756683">
        <ele>18.0</ele>
        <time>2025-12-12T10:52:10.000Z</time>
        <speed>1.064</speed>
      </trkpt>
      <trkpt lat="50.6349018" lon="-2.3756551">
        <ele>17.0</ele>
        <time>2025-12-12T10:52:15.000Z</time>
        <speed>1.008</speed>
      </trkpt>
      <trkpt lat="50.6348886" lon="-2.3756534">
        <ele>17.2</ele>
        <time>2025-12-12T10:52:20.000Z</time>
        <speed>0.000</speed>
      </trkpt>
      <trkpt lat="50.6348868" lon="-2.3756384">
        <ele>17.2</ele>
        <time>2025-12-12T10:52:25.000Z</time>
        <speed>0.000</speed>
      </trkpt>
      <trkpt lat="50.6348860" lon="-2.3755961">
        <ele>16.2</ele>
        <time>2025-12-12T10:52:30.000Z</time>
        <speed>0.000</speed>
      </trkpt>
      <trkpt lat="50.6348830" lon="-2.3755401">
        <ele>15.2</ele>
        <time>2025-12-12T10:52:35.000Z</time>
        <speed>0.858</speed>
      </trkpt>
      <trkpt lat="50.6348725" lon="-2.3754757">
        <ele>14.6</ele>
        <time>2025-12-12T10:52:40.000Z</time>
        <speed>0.998</speed>
      </trkpt>
      <trkpt lat="50.6348639" lon="-2.3754248">
        <ele>13.4</ele>
        <time>2025-12-12T10:52:45.000Z</time>
        <speed>0.877</speed>
      </trkpt>
      <trkpt lat="50.6348555" lon="-2.3753741">
        <ele>12.6</ele>
        <time>2025-12-12T10:52:50.000Z</time>
        <speed>0.840</speed>
      </trkpt>
      <trkpt lat="50.6348486" lon="-2.3753063">
        <ele>11.4</ele>
        <time>2025-12-12T10:52:55.000Z</time>
        <speed>0.989</speed>
      </trkpt>
      <trkpt lat="50.6348444" lon="-2.3752719">
        <ele>11.0</ele>
        <time>2025-12-12T10:53:00.000Z</time>
        <speed>0.858</speed>
      </trkpt>
      <trkpt lat="50.6348729" lon="-2.3752438">
        <ele>10.8</ele>
        <time>2025-12-12T10:53:05.000Z</time>
        <speed>0.868</speed>
      </trkpt>
      <trkpt lat="50.6349273" lon="-2.3752152">
        <ele>11.4</ele>
        <time>2025-12-12T10:53:10.000Z</time>
        <speed>1.138</speed>
      </trkpt>
      <trkpt lat="50.6349503" lon="-2.3751429">
        <ele>11.8</ele>
        <time>2025-12-12T10:53:15.000Z</time>
        <speed>1.148</speed>
      </trkpt>
      <trkpt lat="50.6349640" lon="-2.3750678">
        <ele>12.6</ele>
        <time>2025-12-12T10:53:20.000Z</time>
        <speed>1.185</speed>
      </trkpt>
      <trkpt lat="50.6349786" lon="-2.3749838">
        <ele>13.2</ele>
        <time>2025-12-12T10:53:25.000Z</time>
        <speed>1.166</speed>
      </trkpt>
      <trkpt lat="50.6350014" lon="-2.3749273">
        <ele>14.4</ele>
        <time>2025-12-12T10:53:30.000Z</time>
        <speed>1.157</speed>
      </trkpt>
      <trkpt lat="50.6349878" lon="-2.3748511">
        <ele>15.6</ele>
        <time>2025-12-12T10:53:35.000Z</time>
        <speed>1.148</speed>
      </trkpt>
      <trkpt lat="50.6349770" lon="-2.3747802">
        <ele>16.2</ele>
        <time>2025-12-12T10:53:40.000Z</time>
        <speed>1.129</speed>
      </trkpt>
      <trkpt lat="50.6349595" lon="-2.3746906">
        <ele>16.4</ele>
        <time>2025-12-12T10:53:45.000Z</time>
        <speed>1.148</speed>
      </trkpt>
      <trkpt lat="50.6349523" lon="-2.3746052">
        <ele>17.2</ele>
        <time>2025-12-12T10:53:50.000Z</time>
        <speed>1.176</speed>
      </trkpt>
      <trkpt lat="50.6349378" lon="-2.3745365">
        <ele>18.0</ele>
        <time>2025-12-12T10:53:55.000Z</time>
        <speed>1.157</speed>
      </trkpt>
      <trkpt lat="50.6349277" lon="-2.3745065">
        <ele>18.6</ele>
        <time>2025-12-12T10:54:00.000Z</time>
        <speed>1.064</speed>
      </trkpt>
      <trkpt lat="50.6349344" lon="-2.3745281">
        <ele>18.8</ele>
        <time>2025-12-12T10:54:05.000Z</time>
        <speed>0.000</speed>
      </trkpt>
      <trkpt lat="50.6349342" lon="-2.3745281">
        <ele>18.8</ele>
        <time>2025-12-12T10:54:10.000Z</time>
        <speed>0.000</speed>
      </trkpt>
      <trkpt lat="50.6349342" lon="-2.3745281">
        <ele>18.4</ele>
        <time>2025-12-12T10:54:15.000Z</time>
        <speed>0.000</speed>
      </trkpt>
      <trkpt lat="50.6349342" lon="-2.3745281">
        <ele>18.0</ele>
        <time>2025-12-12T10:54:20.000Z</time>
        <speed>0.000</speed>
      </trkpt>
      <trkpt lat="50.6349216" lon="-2.3745067">
        <ele>18.0</ele>
        <time>2025-12-12T10:54:25.000Z</time>
        <speed>0.000</speed>
      </trkpt>
      <trkpt lat="50.6348901" lon="-2.3744692">
        <ele>19.0</ele>
        <time>2025-12-12T10:54:30.000Z</time>
        <speed>0.000</speed>
      </trkpt>
      <trkpt lat="50.6348838" lon="-2.3744497">
        <ele>19.0</ele>
        <time>2025-12-12T10:54:35.000Z</time>
        <speed>0.000</speed>
      </trkpt>
      <trkpt lat="50.6348713" lon="-2.3743829">
        <ele>19.2</ele>
        <time>2025-12-12T10:54:40.000Z</time>
        <speed>1.036</speed>
      </trkpt>
      <trkpt lat="50.6348579" lon="-2.3743317">
        <ele>19.4</ele>
        <time>2025-12-12T10:54:45.000Z</time>
        <speed>0.756</speed>
      </trkpt>
      <trkpt lat="50.6348424" lon="-2.3742668">
        <ele>19.6</ele>
        <time>2025-12-12T10:54:50.000Z</time>
        <speed>1.008</speed>
      </trkpt>
      <trkpt lat="50.6348073" lon="-2.3742058">
        <ele>20.4</ele>
        <time>2025-12-12T10:54:55.000Z</time>
        <speed>1.045</speed>
      </trkpt>
      <trkpt lat="50.6347818" lon="-2.3741478">
        <ele>21.2</ele>
        <time>2025-12-12T10:55:00.000Z</time>
        <speed>1.026</speed>
      </trkpt>
      <trkpt lat="50.6347616" lon="-2.3740995">
        <ele>22.0</ele>
        <time>2025-12-12T10:55:05.000Z</time>
        <speed>0.877</speed>
      </trkpt>
      <trkpt lat="50.6347427" lon="-2.3740537">
        <ele>22.6</ele>
        <time>2025-12-12T10:55:10.000Z</time>
        <speed>0.980</speed>
      </trkpt>
      <trkpt lat="50.6347157" lon="-2.3739997">
        <ele>23.0</ele>
        <time>2025-12-12T10:55:15.000Z</time>
        <speed>0.942</speed>
      </trkpt>
      <trkpt lat="50.6346910" lon="-2.3739375">
        <ele>24.0</ele>
        <time>2025-12-12T10:55:20.000Z</time>
        <speed>1.036</speed>
      </trkpt>
      <trkpt lat="50.6346672" lon="-2.3738907">
        <ele>25.0</ele>
        <time>2025-12-12T10:55:25.000Z</time>
        <speed>0.989</speed>
      </trkpt>
      <trkpt lat="50.6346578" lon="-2.3738687">
        <ele>25.6</ele>
        <time>2025-12-12T10:55:30.000Z</time>
        <speed>0.718</speed>
      </trkpt>
      <trkpt lat="50.6346578" lon="-2.3738687">
        <ele>25.6</ele>
        <time>2025-12-12T10:55:35.000Z</time>
        <speed>0.000</speed>
      </trkpt>
      <trkpt lat="50.6346579" lon="-2.3738691">
        <ele>25.8</ele>
        <time>2025-12-12T10:55:40.000Z</time>
        <speed>0.000</speed>
      </trkpt>
      <trkpt lat="50.6346612" lon="-2.3738727">
        <ele>25.4</ele>
        <time>2025-12-12T10:55:45.000Z</time>
        <speed>0.000</speed>
      </trkpt>
      <trkpt lat="50.6346578" lon="-2.3738687">
        <ele>25.6</ele>
        <time>2025-12-12T10:55:50.000Z</time>
        <speed>0.000</speed>
      </trkpt>
      <trkpt lat="50.6346523" lon="-2.3738861">
        <ele>25.8</ele>
        <time>2025-12-12T10:55:55.000Z</time>
        <speed>0.000</speed>
      </trkpt>
      <trkpt lat="50.6346508" lon="-2.3738727">
        <ele>25.8</ele>
        <time>2025-12-12T10:56:00.000Z</time>
        <speed>0.000</speed>
      </trkpt>
      <trkpt lat="50.6346615" lon="-2.3738709">
        <ele>26.6</ele>
        <time>2025-12-12T10:56:05.000Z</time>
        <speed>0.000</speed>
      </trkpt>
      <trkpt lat="50.6346475" lon="-2.3738572">
        <ele>26.4</ele>
        <time>2025-12-12T10:56:10.000Z</time>
        <speed>0.000</speed>
      </trkpt>
      <trkpt lat="50.6346207" lon="-2.3737988">
        <ele>27.6</ele>
        <time>2025-12-12T10:56:15.000Z</time>
        <speed>0.000</speed>
      </trkpt>
      <trkpt lat="50.6346166" lon="-2.3737856">
        <ele>28.2</ele>
        <time>2025-12-12T10:56:20.000Z</time>
        <speed>0.000</speed>
      </trkpt>
      <trkpt lat="50.6345999" lon="-2.3737415">
        <ele>28.2</ele>
        <time>2025-12-12T10:56:25.000Z</time>
        <speed>0.737</speed>
      </trkpt>
      <trkpt lat="50.6345801" lon="-2.3736952">
        <ele>28.6</ele>
        <time>2025-12-12T10:56:30.000Z</time>
        <speed>0.000</speed>
      </trkpt>
      <trkpt lat="50.6345654" lon="-2.3736432">
        <ele>28.8</ele>
        <time>2025-12-12T10:56:35.000Z</time>
        <speed>0.840</speed>
      </trkpt>
      <trkpt lat="50.6345389" lon="-2.3736017">
        <ele>29.6</ele>
        <time>2025-12-12T10:56:40.000Z</time>
        <speed>0.896</speed>
      </trkpt>
      <trkpt lat="50.6345068" lon="-2.3735498">
        <ele>30.0</ele>
        <time>2025-12-12T10:56:45.000Z</time>
        <speed>0.970</speed>
      </trkpt>
      <trkpt lat="50.6344793" lon="-2.3734927">
        <ele>30.2</ele>
        <time>2025-12-12T10:56:50.000Z</time>
        <speed>1.017</speed>
      </trkpt>
      <trkpt lat="50.6344540" lon="-2.3734462">
        <ele>30.4</ele>
        <time>2025-12-12T10:56:55.000Z</time>
        <speed>0.998</speed>
      </trkpt>
      <trkpt lat="50.6344393" lon="-2.3733946">
        <ele>30.6</ele>
        <time>2025-12-12T10:57:00.000Z</time>
        <speed>1.008</speed>
      </trkpt>
      <trkpt lat="50.6344146" lon="-2.3733392">
        <ele>31.2</ele>
        <time>2025-12-12T10:57:05.000Z</time>
        <speed>0.980</speed>
      </trkpt>
      <trkpt lat="50.6343892" lon="-2.3732988">
        <ele>31.6</ele>
        <time>2025-12-12T10:57:10.000Z</time>
        <speed>0.961</speed>
      </trkpt>
      <trkpt lat="50.6343721" lon="-2.3732377">
        <ele>32.2</ele>
        <time>2025-12-12T10:57:15.000Z</time>
        <speed>0.952</speed>
      </trkpt>
      <trkpt lat="50.6343544" lon="-2.3731854">
        <ele>32.8</ele>
        <time>2025-12-12T10:57:20.000Z</time>
        <speed>0.933</speed>
      </trkpt>
      <trkpt lat="50.6343307" lon="-2.3731932">
        <ele>33.2</ele>
        <time>2025-12-12T10:57:25.000Z</time>
        <speed>0.886</speed>
      </trkpt>
      <trkpt lat="50.6343299" lon="-2.3731941">
        <ele>33.0</ele>
        <time>2025-12-12T10:57:30.000Z</time>
        <speed>0.000</speed>
      </trkpt>
      <trkpt lat="50.6343299" lon="-2.3731941">
        <ele>32.6</ele>
        <time>2025-12-12T10:57:35.000Z</time>
        <speed>0.000</speed>
      </trkpt>
      <trkpt lat="50.6343299" lon="-2.3731941">
        <ele>32.4</ele>
        <time>2025-12-12T10:57:40.000Z</time>
        <speed>0.000</speed>
      </trkpt>
      <trkpt lat="50.6343299" lon="-2.3731941">
        <ele>31.8</ele>
        <time>2025-12-12T10:57:45.000Z</time>
        <speed>0.000</speed>
      </trkpt>
      <trkpt lat="50.6343386" lon="-2.3731827">
        <ele>31.6</ele>
        <time>2025-12-12T10:57:50.000Z</time>
        <speed>0.000</speed>
      </trkpt>
      <trkpt lat="50.6343405" lon="-2.3731273">
        <ele>31.2</ele>
        <time>2025-12-12T10:57:55.000Z</time>
        <speed>0.700</speed>
      </trkpt>
      <trkpt lat="50.6343250" lon="-2.3730640">
        <ele>31.2</ele>
        <time>2025-12-12T10:58:00.000Z</time>
        <speed>0.998</speed>
      </trkpt>
      <trkpt lat="50.6343156" lon="-2.3729848">
        <ele>31.4</ele>
        <time>2025-12-12T10:58:05.000Z</time>
        <speed>1.092</speed>
      </trkpt>
      <trkpt lat="50.6342992" lon="-2.3729131">
        <ele>31.2</ele>
        <time>2025-12-12T10:58:10.000Z</time>
        <speed>1.120</speed>
      </trkpt>
      <trkpt lat="50.6342776" lon="-2.3728462">
        <ele>32.0</ele>
        <time>2025-12-12T10:58:15.000Z</time>
        <speed>1.138</speed>
      </trkpt>
      <trkpt lat="50.6342573" lon="-2.3727829">
        <ele>32.2</ele>
        <time>2025-12-12T10:58:20.000Z</time>
        <speed>1.194</speed>
      </trkpt>
      <trkpt lat="50.6342354" lon="-2.3727468">
        <ele>32.6</ele>
        <time>2025-12-12T10:58:25.000Z</time>
        <speed>0.858</speed>
      </trkpt>
      <trkpt lat="50.6342160" lon="-2.3727007">
        <ele>33.0</ele>
        <time>2025-12-12T10:58:30.000Z</time>
        <speed>0.830</speed>
      </trkpt>
      <trkpt lat="50.6341891" lon="-2.3726329">
        <ele>33.6</ele>
        <time>2025-12-12T10:58:35.000Z</time>
        <speed>0.877</speed>
      </trkpt>
      <trkpt lat="50.6341680" lon="-2.3725915">
        <ele>34.2</ele>
        <time>2025-12-12T10:58:40.000Z</time>
        <speed>0.812</speed>
      </trkpt>
      <trkpt lat="50.6341438" lon="-2.3725454">
        <ele>35.0</ele>
        <time>2025-12-12T10:58:45.000Z</time>
        <speed>0.942</speed>
      </trkpt>
      <trkpt lat="50.6341288" lon="-2.3724970">
        <ele>35.8</ele>
        <time>2025-12-12T10:58:50.000Z</time>
        <speed>0.784</speed>
      </trkpt>
      <trkpt lat="50.6341085" lon="-2.3724511">
        <ele>36.0</ele>
        <time>2025-12-12T10:58:55.000Z</time>
        <speed>0.802</speed>
      </trkpt>
      <trkpt lat="50.6340801" lon="-2.3724018">
        <ele>36.4</ele>
        <time>2025-12-12T10:59:00.000Z</time>
        <speed>0.858</speed>
      </trkpt>
      <trkpt lat="50.6340636" lon="-2.3723468">
        <ele>36.8</ele>
        <time>2025-12-12T10:59:05.000Z</time>
        <speed>0.896</speed>
      </trkpt>
      <trkpt lat="50.6340520" lon="-2.3722981">
        <ele>37.8</ele>
        <time>2025-12-12T10:59:10.000Z</time>
        <speed>0.858</speed>
      </trkpt>
      <trkpt lat="50.6340344" lon="-2.3722383">
        <ele>38.2</ele>
        <time>2025-12-12T10:59:15.000Z</time>
        <speed>0.877</speed>
      </trkpt>
      <trkpt lat="50.6340250" lon="-2.3721793">
        <ele>38.6</ele>
        <time>2025-12-12T10:59:20.000Z</time>
        <speed>0.886</speed>
      </trkpt>
      <trkpt lat="50.6340038" lon="-2.3721158">
        <ele>39.0</ele>
        <time>2025-12-12T10:59:25.000Z</time>
        <speed>0.942</speed>
      </trkpt>
      <trkpt lat="50.6339844" lon="-2.3720537">
        <ele>39.2</ele>
        <time>2025-12-12T10:59:30.000Z</time>
        <speed>0.942</speed>
      </trkpt>
      <trkpt lat="50.6339684" lon="-2.3719806">
        <ele>39.8</ele>
        <time>2025-12-12T10:59:35.000Z</time>
        <speed>1.064</speed>
      </trkpt>
      <trkpt lat="50.6339452" lon="-2.3719113">
        <ele>40.8</ele>
        <time>2025-12-12T10:59:40.000Z</time>
        <speed>1.073</speed>
      </trkpt>
      <trkpt lat="50.6339285" lon="-2.3718528">
        <ele>41.4</ele>
        <time>2025-12-12T10:59:45.000Z</time>
        <speed>1.064</speed>
      </trkpt>
      <trkpt lat="50.6338987" lon="-2.3718141">
        <ele>42.0</ele>
        <time>2025-12-12T10:59:50.000Z</time>
        <speed>1.054</speed>
      </trkpt>
      <trkpt lat="50.6338725" lon="-2.3717692">
        <ele>43.0</ele>
        <time>2025-12-12T10:59:55.000Z</time>
        <speed>1.008</speed>
      </trkpt>
      <trkpt lat="50.6338508" lon="-2.3717291">
        <ele>43.8</ele>
        <time>2025-12-12T11:00:00.000Z</time>
        <speed>0.952</speed>
      </trkpt>
      <trkpt lat="50.6338358" lon="-2.3716968">
        <ele>45.0</ele>
        <time>2025-12-12T11:00:05.000Z</time>
        <speed>0.989</speed>
      </trkpt>
      <trkpt lat="50.6338078" lon="-2.3716708">
        <ele>46.2</ele>
        <time>2025-12-12T11:00:10.000Z</time>
        <speed>1.045</speed>
      </trkpt>
      <trkpt lat="50.6337767" lon="-2.3716392">
        <ele>47.4</ele>
        <time>2025-12-12T11:00:15.000Z</time>
        <speed>1.017</speed>
      </trkpt>
      <trkpt lat="50.6337748" lon="-2.3716349">
        <ele>47.8</ele>
        <time>2025-12-12T11:00:20.000Z</time>
        <speed>0.000</speed>
      </trkpt>
      <trkpt lat="50.6337584" lon="-2.3715755">
        <ele>47.8</ele>
        <time>2025-12-12T11:00:25.000Z</time>
        <speed>1.250</speed>
      </trkpt>
      <trkpt lat="50.6337280" lon="-2.3715078">
        <ele>48.2</ele>
        <time>2025-12-12T11:00:30.000Z</time>
        <speed>1.148</speed>
      </trkpt>
      <trkpt lat="50.6336969" lon="-2.3714481">
        <ele>48.6</ele>
        <time>2025-12-12T11:00:35.000Z</time>
        <speed>1.026</speed>
      </trkpt>
      <trkpt lat="50.6336689" lon="-2.3713888">
        <ele>49.0</ele>
        <time>2025-12-12T11:00:40.000Z</time>
        <speed>1.017</speed>
      </trkpt>
      <trkpt lat="50.6336437" lon="-2.3713228">
        <ele>49.2</ele>
        <time>2025-12-12T11:00:45.000Z</time>
        <speed>1.026</speed>
      </trkpt>
      <trkpt lat="50.6336241" lon="-2.3712527">
        <ele>49.2</ele>
        <time>2025-12-12T11:00:50.000Z</time>
        <speed>1.036</speed>
      </trkpt>
      <trkpt lat="50.6335998" lon="-2.3711904">
        <ele>49.4</ele>
        <time>2025-12-12T11:00:55.000Z</time>
        <speed>1.036</speed>
      </trkpt>
      <trkpt lat="50.6335872" lon="-2.3711196">
        <ele>49.6</ele>
        <time>2025-12-12T11:01:00.000Z</time>
        <speed>1.054</speed>
      </trkpt>
      <trkpt lat="50.6335629" lon="-2.3710551">
        <ele>49.6</ele>
        <time>2025-12-12T11:01:05.000Z</time>
        <speed>1.073</speed>
      </trkpt>
      <trkpt lat="50.6335264" lon="-2.3710382">
        <ele>49.6</ele>
        <time>2025-12-12T11:01:10.000Z</time>
        <speed>1.045</speed>
      </trkpt>
      <trkpt lat="50.6334739" lon="-2.3710176">
        <ele>49.2</ele>
        <time>2025-12-12T11:01:15.000Z</time>
        <speed>1.036</speed>
      </trkpt>
      <trkpt lat="50.6334177" lon="-2.3710018">
        <ele>48.4</ele>
        <time>2025-12-12T11:01:20.000Z</time>
        <speed>1.157</speed>
      </trkpt>
      <trkpt lat="50.6333665" lon="-2.3709811">
        <ele>48.2</ele>
        <time>2025-12-12T11:01:25.000Z</time>
        <speed>1.166</speed>
      </trkpt>
      <trkpt lat="50.6333265" lon="-2.3709526">
        <ele>47.4</ele>
        <time>2025-12-12T11:01:30.000Z</time>
        <speed>1.120</speed>
      </trkpt>
      <trkpt lat="50.6333368" lon="-2.3709751">
        <ele>47.0</ele>
        <time>2025-12-12T11:01:35.000Z</time>
        <speed>1.026</speed>
      </trkpt>
      <trkpt lat="50.6333359" lon="-2.3709772">
        <ele>47.2</ele>
        <time>2025-12-12T11:01:40.000Z</time>
        <speed>0.000</speed>
      </trkpt>
      <trkpt lat="50.6333359" lon="-2.3709772">
        <ele>47.0</ele>
        <time>2025-12-12T11:01:45.000Z</time>
        <speed>0.000</speed>
      </trkpt>
      <trkpt lat="50.6333072" lon="-2.3709453">
        <ele>46.6</ele>
        <time>2025-12-12T11:01:50.000Z</time>
        <speed>0.961</speed>
      </trkpt>
      <trkpt lat="50.6332680" lon="-2.3709007">
        <ele>46.0</ele>
        <time>2025-12-12T11:01:55.000Z</time>
        <speed>1.092</speed>
      </trkpt>
      <trkpt lat="50.6332242" lon="-2.3708542">
        <ele>45.2</ele>
        <time>2025-12-12T11:02:00.000Z</time>
        <speed>1.176</speed>
      </trkpt>
      <trkpt lat="50.6331787" lon="-2.3708118">
        <ele>44.6</ele>
        <time>2025-12-12T11:02:05.000Z</time>
        <speed>1.176</speed>
      </trkpt>
      <trkpt lat="50.6331371" lon="-2.3707788">
        <ele>44.4</ele>
        <time>2025-12-12T11:02:10.000Z</time>
        <speed>1.129</speed>
      </trkpt>
      <trkpt lat="50.6330964" lon="-2.3707318">
        <ele>43.4</ele>
        <time>2025-12-12T11:02:15.000Z</time>
        <speed>1.120</speed>
      </trkpt>
      <trkpt lat="50.6330517" lon="-2.3706909">
        <ele>42.4</ele>
        <time>2025-12-12T11:02:20.000Z</time>
        <speed>1.166</speed>
      </trkpt>
      <trkpt lat="50.6330242" lon="-2.3706478">
        <ele>41.8</ele>
        <time>2025-12-12T11:02:25.000Z</time>
        <speed>0.998</speed>
      </trkpt>
      <trkpt lat="50.6329908" lon="-2.3705939">
        <ele>41.0</ele>
        <time>2025-12-12T11:02:30.000Z</time>
        <speed>0.970</speed>
      </trkpt>
      <trkpt lat="50.6329592" lon="-2.3705528">
        <ele>40.0</ele>
        <time>2025-12-12T11:02:35.000Z</time>
        <speed>0.989</speed>
      </trkpt>
      <trkpt lat="50.6329235" lon="-2.3705138">
        <ele>39.4</ele>
        <time>2025-12-12T11:02:40.000Z</time>
        <speed>0.970</speed>
      </trkpt>
      <trkpt lat="50.6328957" lon="-2.3704766">
        <ele>39.0</ele>
        <time>2025-12-12T11:02:45.000Z</time>
        <speed>0.914</speed>
      </trkpt>
      <trkpt lat="50.6328651" lon="-2.3704195">
        <ele>38.6</ele>
        <time>2025-12-12T11:02:50.000Z</time>
        <speed>0.952</speed>
      </trkpt>
      <trkpt lat="50.6328352" lon="-2.3703697">
        <ele>37.8</ele>
        <time>2025-12-12T11:02:55.000Z</time>
        <speed>0.952</speed>
      </trkpt>
      <trkpt lat="50.6327958" lon="-2.3703164">
        <ele>37.2</ele>
        <time>2025-12-12T11:03:00.000Z</time>
        <speed>0.998</speed>
      </trkpt>
      <trkpt lat="50.6327573" lon="-2.3702747">
        <ele>36.6</ele>
        <time>2025-12-12T11:03:05.000Z</time>
        <speed>1.017</speed>
      </trkpt>
      <trkpt lat="50.6327134" lon="-2.3702301">
        <ele>36.0</ele>
        <time>2025-12-12T11:03:10.000Z</time>
        <speed>1.036</speed>
      </trkpt>
      <trkpt lat="50.6326872" lon="-2.3701866">
        <ele>35.4</ele>
        <time>2025-12-12T11:03:15.000Z</time>
        <speed>0.980</speed>
      </trkpt>
      <trkpt lat="50.6326657" lon="-2.3701260">
        <ele>34.6</ele>
        <time>2025-12-12T11:03:20.000Z</time>
        <speed>0.980</speed>
      </trkpt>
      <trkpt lat="50.6326544" lon="-2.3700674">
        <ele>34.0</ele>
        <time>2025-12-12T11:03:25.000Z</time>
        <speed>0.914</speed>
      </trkpt>
      <trkpt lat="50.6326518" lon="-2.3699937">
        <ele>33.4</ele>
        <time>2025-12-12T11:03:30.000Z</time>
        <speed>0.970</speed>
      </trkpt>
      <trkpt lat="50.6326514" lon="-2.3699220">
        <ele>33.0</ele>
        <time>2025-12-12T11:03:35.000Z</time>
        <speed>0.980</speed>
      </trkpt>
      <trkpt lat="50.6326397" lon="-2.3698573">
        <ele>32.6</ele>
        <time>2025-12-12T11:03:40.000Z</time>
        <speed>0.961</speed>
      </trkpt>
      <trkpt lat="50.6326280" lon="-2.3698037">
        <ele>32.2</ele>
        <time>2025-12-12T11:03:45.000Z</time>
        <speed>0.914</speed>
      </trkpt>
      <trkpt lat="50.6326082" lon="-2.3697377">
        <ele>32.0</ele>
        <time>2025-12-12T11:03:50.000Z</time>
        <speed>0.924</speed>
      </trkpt>
      <trkpt lat="50.6325947" lon="-2.3696756">
        <ele>31.8</ele>
        <time>2025-12-12T11:03:55.000Z</time>
        <speed>0.952</speed>
      </trkpt>
      <trkpt lat="50.6325800" lon="-2.3695998">
        <ele>31.8</ele>
        <time>2025-12-12T11:04:00.000Z</time>
        <speed>0.980</speed>
      </trkpt>
      <trkpt lat="50.6325641" lon="-2.3695184">
        <ele>32.2</ele>
        <time>2025-12-12T11:04:05.000Z</time>
        <speed>1.092</speed>
      </trkpt>
      <trkpt lat="50.6325477" lon="-2.3694380">
        <ele>32.8</ele>
        <time>2025-12-12T11:04:10.000Z</time>
        <speed>1.148</speed>
      </trkpt>
      <trkpt lat="50.6325280" lon="-2.3693703">
        <ele>33.2</ele>
        <time>2025-12-12T11:04:15.000Z</time>
        <speed>1.120</speed>
      </trkpt>
      <trkpt lat="50.6325104" lon="-2.3692983">
        <ele>33.8</ele>
        <time>2025-12-12T11:04:20.000Z</time>
        <speed>1.092</speed>
      </trkpt>
      <trkpt lat="50.6324988" lon="-2.3692379">
        <ele>34.2</ele>
        <time>2025-12-12T11:04:25.000Z</time>
        <speed>1.036</speed>
      </trkpt>
      <trkpt lat="50.6324830" lon="-2.3691734">
        <ele>35.0</ele>
        <time>2025-12-12T11:04:30.000Z</time>
        <speed>0.989</speed>
      </trkpt>
      <trkpt lat="50.6324637" lon="-2.3691052">
        <ele>35.0</ele>
        <time>2025-12-12T11:04:35.000Z</time>
        <speed>0.989</speed>
      </trkpt>
      <trkpt lat="50.6324503" lon="-2.3690403">
        <ele>35.4</ele>
        <time>2025-12-12T11:04:40.000Z</time>
        <speed>0.998</speed>
      </trkpt>
      <trkpt lat="50.6324370" lon="-2.3689677">
        <ele>35.4</ele>
        <time>2025-12-12T11:04:45.000Z</time>
        <speed>1.017</speed>
      </trkpt>
      <trkpt lat="50.6324250" lon="-2.3688994">
        <ele>35.6</ele>
        <time>2025-12-12T11:04:50.000Z</time>
        <speed>0.998</speed>
      </trkpt>
      <trkpt lat="50.6324073" lon="-2.3688214">
        <ele>35.6</ele>
        <time>2025-12-12T11:04:55.000Z</time>
        <speed>1.008</speed>
      </trkpt>
      <trkpt lat="50.6323976" lon="-2.3687491">
        <ele>35.4</ele>
        <time>2025-12-12T11:05:00.000Z</time>
        <speed>1.036</speed>
      </trkpt>
      <trkpt lat="50.6323912" lon="-2.3686709">
        <ele>35.4</ele>
        <time>2025-12-12T11:05:05.000Z</time>
        <speed>1.073</speed>
      </trkpt>
      <trkpt lat="50.6323807" lon="-2.3686025">
        <ele>35.4</ele>
        <time>2025-12-12T11:05:10.000Z</time>
        <speed>1.045</speed>
      </trkpt>
      <trkpt lat="50.6323700" lon="-2.3685189">
        <ele>35.2</ele>
        <time>2025-12-12T11:05:15.000Z</time>
        <speed>1.082</speed>
      </trkpt>
      <trkpt lat="50.6323443" lon="-2.3684605">
        <ele>34.8</ele>
        <time>2025-12-12T11:05:20.000Z</time>
        <speed>1.073</speed>
      </trkpt>
      <trkpt lat="50.6323365" lon="-2.3683797">
        <ele>35.0</ele>
        <time>2025-12-12T11:05:25.000Z</time>
        <speed>1.092</speed>
      </trkpt>
      <trkpt lat="50.6323250" lon="-2.3682991">
        <ele>34.6</ele>
        <time>2025-12-12T11:05:30.000Z</time>
        <speed>1.101</speed>
      </trkpt>
      <trkpt lat="50.6323062" lon="-2.3682176">
        <ele>34.6</ele>
        <time>2025-12-12T11:05:35.000Z</time>
        <speed>1.129</speed>
      </trkpt>
      <trkpt lat="50.6322885" lon="-2.3681463">
        <ele>34.4</ele>
        <time>2025-12-12T11:05:40.000Z</time>
        <speed>1.138</speed>
      </trkpt>
      <trkpt lat="50.6322753" lon="-2.3680558">
        <ele>34.2</ele>
        <time>2025-12-12T11:05:45.000Z</time>
        <speed>1.157</speed>
      </trkpt>
      <trkpt lat="50.6322674" lon="-2.3679703">
        <ele>33.8</ele>
        <time>2025-12-12T11:05:50.000Z</time>
        <speed>1.176</speed>
      </trkpt>
      <trkpt lat="50.6322536" lon="-2.3678824">
        <ele>34.0</ele>
        <time>2025-12-12T11:05:55.000Z</time>
        <speed>1.204</speed>
      </trkpt>
      <trkpt lat="50.6322387" lon="-2.3678009">
        <ele>33.8</ele>
        <time>2025-12-12T11:06:00.000Z</time>
        <speed>1.222</speed>
      </trkpt>
      <trkpt lat="50.6322237" lon="-2.3677309">
        <ele>33.4</ele>
        <time>2025-12-12T11:06:05.000Z</time>
        <speed>1.176</speed>
      </trkpt>
      <trkpt lat="50.6322083" lon="-2.3676533">
        <ele>33.2</ele>
        <time>2025-12-12T11:06:10.000Z</time>
        <speed>1.148</speed>
      </trkpt>
      <trkpt lat="50.6321892" lon="-2.3675738">
        <ele>32.8</ele>
        <time>2025-12-12T11:06:15.000Z</time>
        <speed>1.138</speed>
      </trkpt>
      <trkpt lat="50.6321683" lon="-2.3674901">
        <ele>32.8</ele>
        <time>2025-12-12T11:06:20.000Z</time>
        <speed>1.157</speed>
      </trkpt>
      <trkpt lat="50.6321523" lon="-2.3674149">
        <ele>32.4</ele>
        <time>2025-12-12T11:06:25.000Z</time>
        <speed>1.166</speed>
      </trkpt>
      <trkpt lat="50.6321362" lon="-2.3673348">
        <ele>32.0</ele>
        <time>2025-12-12T11:06:30.000Z</time>
        <speed>1.157</speed>
      </trkpt>
      <trkpt lat="50.6321277" lon="-2.3672614">
        <ele>31.8</ele>
        <time>2025-12-12T11:06:35.000Z</time>
        <speed>1.157</speed>
      </trkpt>
      <trkpt lat="50.6321068" lon="-2.3671770">
        <ele>31.6</ele>
        <time>2025-12-12T11:06:40.000Z</time>
        <speed>1.176</speed>
      </trkpt>
      <trkpt lat="50.6320761" lon="-2.3671234">
        <ele>31.4</ele>
        <time>2025-12-12T11:06:45.000Z</time>
        <speed>1.166</speed>
      </trkpt>
      <trkpt lat="50.6320402" lon="-2.3670704">
        <ele>30.8</ele>
        <time>2025-12-12T11:06:50.000Z</time>
        <speed>1.157</speed>
      </trkpt>
      <trkpt lat="50.6320198" lon="-2.3670122">
        <ele>30.0</ele>
        <time>2025-12-12T11:06:55.000Z</time>
        <speed>1.092</speed>
      </trkpt>
      <trkpt lat="50.6319991" lon="-2.3669461">
        <ele>30.0</ele>
        <time>2025-12-12T11:07:00.000Z</time>
        <speed>1.082</speed>
      </trkpt>
      <trkpt lat="50.6319781" lon="-2.3668645">
        <ele>29.2</ele>
        <time>2025-12-12T11:07:05.000Z</time>
        <speed>1.092</speed>
      </trkpt>
      <trkpt lat="50.6319633" lon="-2.3667981">
        <ele>28.6</ele>
        <time>2025-12-12T11:07:10.000Z</time>
        <speed>1.064</speed>
      </trkpt>
      <trkpt lat="50.6319418" lon="-2.3667297">
        <ele>28.0</ele>
        <time>2025-12-12T11:07:15.000Z</time>
        <speed>1.073</speed>
      </trkpt>
      <trkpt lat="50.6319253" lon="-2.3667076">
        <ele>27.4</ele>
        <time>2025-12-12T11:07:20.000Z</time>
        <speed>1.017</speed>
      </trkpt>
      <trkpt lat="50.6319249" lon="-2.3667057">
        <ele>27.2</ele>
        <time>2025-12-12T11:07:25.000Z</time>
        <speed>0.000</speed>
      </trkpt>
      <trkpt lat="50.6319249" lon="-2.3667057">
        <ele>26.8</ele>
        <time>2025-12-12T11:07:30.000Z</time>
        <speed>0.000</speed>
      </trkpt>
      <trkpt lat="50.6319249" lon="-2.3667057">
        <ele>27.0</ele>
        <time>2025-12-12T11:07:35.000Z</time>
        <speed>0.000</speed>
      </trkpt>
      <trkpt lat="50.6319249" lon="-2.3667057">
        <ele>27.0</ele>
        <time>2025-12-12T11:07:40.000Z</time>
        <speed>0.000</speed>
      </trkpt>
      <trkpt lat="50.6319267" lon="-2.3667023">
        <ele>27.0</ele>
        <time>2025-12-12T11:07:45.000Z</time>
        <speed>0.000</speed>
      </trkpt>
      <trkpt lat="50.6319147" lon="-2.3666338">
        <ele>26.2</ele>
        <time>2025-12-12T11:07:50.000Z</time>
        <speed>0.952</speed>
      </trkpt>
      <trkpt lat="50.6318965" lon="-2.3665721">
        <ele>25.6</ele>
        <time>2025-12-12T11:07:55.000Z</time>
        <speed>0.980</speed>
      </trkpt>
      <trkpt lat="50.6318768" lon="-2.3665168">
        <ele>25.0</ele>
        <time>2025-12-12T11:08:00.000Z</time>
        <speed>0.905</speed>
      </trkpt>
      <trkpt lat="50.6318530" lon="-2.3664411">
        <ele>24.8</ele>
        <time>2025-12-12T11:08:05.000Z</time>
        <speed>1.082</speed>
      </trkpt>
      <trkpt lat="50.6318363" lon="-2.3663759">
        <ele>24.4</ele>
        <time>2025-12-12T11:08:10.000Z</time>
        <speed>1.064</speed>
      </trkpt>
      <trkpt lat="50.6318248" lon="-2.3663136">
        <ele>24.2</ele>
        <time>2025-12-12T11:08:15.000Z</time>
        <speed>1.054</speed>
      </trkpt>
      <trkpt lat="50.6318183" lon="-2.3662579">
        <ele>23.6</ele>
        <time>2025-12-12T11:08:20.000Z</time>
        <speed>0.858</speed>
      </trkpt>
      <trkpt lat="50.6318055" lon="-2.3661978">
        <ele>23.2</ele>
        <time>2025-12-12T11:08:25.000Z</time>
        <speed>0.952</speed>
      </trkpt>
      <trkpt lat="50.6318007" lon="-2.3661680">
        <ele>23.0</ele>
        <time>2025-12-12T11:08:30.000Z</time>
        <speed>0.765</speed>
      </trkpt>
      <trkpt lat="50.6317938" lon="-2.3661368">
        <ele>22.8</ele>
        <time>2025-12-12T11:08:35.000Z</time>
        <speed>0.569</speed>
      </trkpt>
      <trkpt lat="50.6317867" lon="-2.3661201">
        <ele>22.8</ele>
        <time>2025-12-12T11:08:40.000Z</time>
        <speed>0.000</speed>
      </trkpt>
      <trkpt lat="50.6317785" lon="-2.3660834">
        <ele>22.6</ele>
        <time>2025-12-12T11:08:45.000Z</time>
        <speed>0.000</speed>
      </trkpt>
      <trkpt lat="50.6317458" lon="-2.3660227">
        <ele>22.0</ele>
        <time>2025-12-12T11:08:50.000Z</time>
        <speed>1.054</speed>
      </trkpt>
      <trkpt lat="50.6317263" lon="-2.3659627">
        <ele>21.6</ele>
        <time>2025-12-12T11:08:55.000Z</time>
        <speed>0.924</speed>
      </trkpt>
      <trkpt lat="50.6317103" lon="-2.3659278">
        <ele>21.4</ele>
        <time>2025-12-12T11:09:00.000Z</time>
        <speed>0.644</speed>
      </trkpt>
      <trkpt lat="50.6316833" lon="-2.3658780">
        <ele>20.8</ele>
        <time>2025-12-12T11:09:05.000Z</time>
        <speed>0.746</speed>
      </trkpt>
      <trkpt lat="50.6316588" lon="-2.3658155">
        <ele>20.6</ele>
        <time>2025-12-12T11:09:10.000Z</time>
        <speed>0.868</speed>
      </trkpt>
      <trkpt lat="50.6316263" lon="-2.3657679">
        <ele>19.6</ele>
        <time>2025-12-12T11:09:15.000Z</time>
        <speed>0.989</speed>
      </trkpt>
      <trkpt lat="50.6315908" lon="-2.3657276">
        <ele>19.0</ele>
        <time>2025-12-12T11:09:20.000Z</time>
        <speed>0.989</speed>
      </trkpt>
      <trkpt lat="50.6315504" lon="-2.3656913">
        <ele>18.4</ele>
        <time>2025-12-12T11:09:25.000Z</time>
        <speed>0.980</speed>
      </trkpt>
      <trkpt lat="50.6315035" lon="-2.3656529">
        <ele>17.6</ele>
        <time>2025-12-12T11:09:30.000Z</time>
        <speed>1.017</speed>
      </trkpt>
      <trkpt lat="50.6314648" lon="-2.3655835">
        <ele>17.2</ele>
        <time>2025-12-12T11:09:35.000Z</time>
        <speed>1.073</speed>
      </trkpt>
      <trkpt lat="50.6314496" lon="-2.3654986">
        <ele>17.2</ele>
        <time>2025-12-12T11:09:40.000Z</time>
        <speed>1.129</speed>
      </trkpt>
      <trkpt lat="50.6314473" lon="-2.3654388">
        <ele>16.6</ele>
        <time>2025-12-12T11:09:45.000Z</time>
        <speed>1.054</speed>
      </trkpt>
      <trkpt lat="50.6314512" lon="-2.3653689">
        <ele>16.4</ele>
        <time>2025-12-12T11:09:50.000Z</time>
        <speed>0.980</speed>
      </trkpt>
      <trkpt lat="50.6314581" lon="-2.3652863">
        <ele>16.0</ele>
        <time>2025-12-12T11:09:55.000Z</time>
        <speed>1.064</speed>
      </trkpt>
      <trkpt lat="50.6314569" lon="-2.3652067">
        <ele>15.4</ele>
        <time>2025-12-12T11:10:00.000Z</time>
        <speed>1.082</speed>
      </trkpt>
      <trkpt lat="50.6314531" lon="-2.3651236">
        <ele>15.2</ele>
        <time>2025-12-12T11:10:05.000Z</time>
        <speed>1.092</speed>
      </trkpt>
      <trkpt lat="50.6314562" lon="-2.3650490">
        <ele>14.8</ele>
        <time>2025-12-12T11:10:10.000Z</time>
        <speed>1.101</speed>
      </trkpt>
      <trkpt lat="50.6314593" lon="-2.3649766">
        <ele>14.6</ele>
        <time>2025-12-12T11:10:15.000Z</time>
        <speed>1.101</speed>
      </trkpt>
      <trkpt lat="50.6314541" lon="-2.3649096">
        <ele>14.2</ele>
        <time>2025-12-12T11:10:20.000Z</time>
        <speed>1.008</speed>
      </trkpt>
      <trkpt lat="50.6314576" lon="-2.3648425">
        <ele>14.2</ele>
        <time>2025-12-12T11:10:25.000Z</time>
        <speed>0.970</speed>
      </trkpt>
      <trkpt lat="50.6314615" lon="-2.3647640">
        <ele>13.8</ele>
        <time>2025-12-12T11:10:30.000Z</time>
        <speed>1.017</speed>
      </trkpt>
      <trkpt lat="50.6314689" lon="-2.3647023">
        <ele>13.4</ele>
        <time>2025-12-12T11:10:35.000Z</time>
        <speed>0.970</speed>
      </trkpt>
      <trkpt lat="50.6314739" lon="-2.3646194">
        <ele>13.2</ele>
        <time>2025-12-12T11:10:40.000Z</time>
        <speed>1.008</speed>
      </trkpt>
      <trkpt lat="50.6314896" lon="-2.3645322">
        <ele>13.2</ele>
        <time>2025-12-12T11:10:45.000Z</time>
        <speed>1.054</speed>
      </trkpt>
      <trkpt lat="50.6315039" lon="-2.3644489">
        <ele>13.0</ele>
        <time>2025-12-12T11:10:50.000Z</time>
        <speed>1.157</speed>
      </trkpt>
      <trkpt lat="50.6315199" lon="-2.3643625">
        <ele>12.8</ele>
        <time>2025-12-12T11:10:55.000Z</time>
        <speed>1.204</speed>
      </trkpt>
      <trkpt lat="50.6315346" lon="-2.3642827">
        <ele>12.4</ele>
        <time>2025-12-12T11:11:00.000Z</time>
        <speed>1.204</speed>
      </trkpt>
      <trkpt lat="50.6315488" lon="-2.3642222">
        <ele>12.4</ele>
        <time>2025-12-12T11:11:05.000Z</time>
        <speed>1.120</speed>
      </trkpt>
      <trkpt lat="50.6315598" lon="-2.3641663">
        <ele>12.4</ele>
        <time>2025-12-12T11:11:10.000Z</time>
        <speed>0.970</speed>
      </trkpt>
      <trkpt lat="50.6315927" lon="-2.3641088">
        <ele>12.8</ele>
        <time>2025-12-12T11:11:15.000Z</time>
        <speed>0.980</speed>
      </trkpt>
      <trkpt lat="50.6316142" lon="-2.3640198">
        <ele>13.0</ele>
        <time>2025-12-12T11:11:20.000Z</time>
        <speed>1.064</speed>
      </trkpt>
      <trkpt lat="50.6316287" lon="-2.3639340">
        <ele>13.2</ele>
        <time>2025-12-12T11:11:25.000Z</time>
        <speed>1.129</speed>
      </trkpt>
      <trkpt lat="50.6316509" lon="-2.3638569">
        <ele>12.8</ele>
        <time>2025-12-12T11:11:30.000Z</time>
        <speed>1.176</speed>
      </trkpt>
      <trkpt lat="50.6316569" lon="-2.3637833">
        <ele>12.2</ele>
        <time>2025-12-12T11:11:35.000Z</time>
        <speed>1.166</speed>
      </trkpt>
      <trkpt lat="50.6316517" lon="-2.3636877">
        <ele>12.0</ele>
        <time>2025-12-12T11:11:40.000Z</time>
        <speed>1.176</speed>
      </trkpt>
      <trkpt lat="50.6316607" lon="-2.3636008">
        <ele>11.8</ele>
        <time>2025-12-12T11:11:45.000Z</time>
        <speed>1.194</speed>
      </trkpt>
      <trkpt lat="50.6316605" lon="-2.3635109">
        <ele>11.6</ele>
        <time>2025-12-12T11:11:50.000Z</time>
        <speed>1.204</speed>
      </trkpt>
      <trkpt lat="50.6316722" lon="-2.3634275">
        <ele>11.4</ele>
        <time>2025-12-12T11:11:55.000Z</time>
        <speed>1.222</speed>
      </trkpt>
      <trkpt lat="50.6317050" lon="-2.3633583">
        <ele>11.8</ele>
        <time>2025-12-12T11:12:00.000Z</time>
        <speed>1.222</speed>
      </trkpt>
      <trkpt lat="50.6317262" lon="-2.3632732">
        <ele>11.8</ele>
        <time>2025-12-12T11:12:05.000Z</time>
        <speed>1.250</speed>
      </trkpt>
      <trkpt lat="50.6317328" lon="-2.3631732">
        <ele>11.6</ele>
        <time>2025-12-12T11:12:10.000Z</time>
        <speed>1.260</speed>
      </trkpt>
      <trkpt lat="50.6317385" lon="-2.3630854">
        <ele>11.2</ele>
        <time>2025-12-12T11:12:15.000Z</time>
        <speed>1.278</speed>
      </trkpt>
      <trkpt lat="50.6317437" lon="-2.3629984">
        <ele>10.4</ele>
        <time>2025-12-12T11:12:20.000Z</time>
        <speed>1.278</speed>
      </trkpt>
      <trkpt lat="50.6317349" lon="-2.3629210">
        <ele>10.2</ele>
        <time>2025-12-12T11:12:25.000Z</time>
        <speed>1.260</speed>
      </trkpt>
      <trkpt lat="50.6317141" lon="-2.3628751">
        <ele>9.6</ele>
        <time>2025-12-12T11:12:30.000Z</time>
        <speed>1.213</speed>
      </trkpt>
      <trkpt lat="50.6317113" lon="-2.3627830">
        <ele>8.6</ele>
        <time>2025-12-12T11:12:35.000Z</time>
        <speed>1.222</speed>
      </trkpt>
      <trkpt lat="50.6317249" lon="-2.3627000">
        <ele>8.8</ele>
        <time>2025-12-12T11:12:40.000Z</time>
        <speed>1.250</speed>
      </trkpt>
      <trkpt lat="50.6317318" lon="-2.3626008">
        <ele>9.2</ele>
        <time>2025-12-12T11:12:45.000Z</time>
        <speed>1.278</speed>
      </trkpt>
      <trkpt lat="50.6317396" lon="-2.3625111">
        <ele>8.6</ele>
        <time>2025-12-12T11:12:50.000Z</time>
        <speed>1.306</speed>
      </trkpt>
      <trkpt lat="50.6317515" lon="-2.3624234">
        <ele>8.2</ele>
        <time>2025-12-12T11:12:55.000Z</time>
        <speed>1.288</speed>
      </trkpt>
      <trkpt lat="50.6317585" lon="-2.3623397">
        <ele>8.0</ele>
        <time>2025-12-12T11:13:00.000Z</time>
        <speed>1.260</speed>
      </trkpt>
      <trkpt lat="50.6317542" lon="-2.3622864">
        <ele>7.6</ele>
        <time>2025-12-12T11:13:05.000Z</time>
        <speed>1.166</speed>
      </trkpt>
      <trkpt lat="50.6317546" lon="-2.3622135">
        <ele>6.6</ele>
        <time>2025-12-12T11:13:10.000Z</time>
        <speed>1.110</speed>
      </trkpt>
      <trkpt lat="50.6317692" lon="-2.3621325">
        <ele>6.4</ele>
        <time>2025-12-12T11:13:15.000Z</time>
        <speed>1.120</speed>
      </trkpt>
      <trkpt lat="50.6317677" lon="-2.3620483">
        <ele>7.0</ele>
        <time>2025-12-12T11:13:20.000Z</time>
        <speed>1.166</speed>
      </trkpt>
      <trkpt lat="50.6317758" lon="-2.3619564">
        <ele>7.2</ele>
        <time>2025-12-12T11:13:25.000Z</time>
        <speed>1.232</speed>
      </trkpt>
      <trkpt lat="50.6317774" lon="-2.3618713">
        <ele>7.6</ele>
        <time>2025-12-12T11:13:30.000Z</time>
        <speed>1.213</speed>
      </trkpt>
      <trkpt lat="50.6317766" lon="-2.3617748">
        <ele>7.4</ele>
        <time>2025-12-12T11:13:35.000Z</time>
        <speed>1.241</speed>
      </trkpt>
      <trkpt lat="50.6317748" lon="-2.3616869">
        <ele>7.4</ele>
        <time>2025-12-12T11:13:40.000Z</time>
        <speed>1.269</speed>
      </trkpt>
      <trkpt lat="50.6317724" lon="-2.3616011">
        <ele>7.6</ele>
        <time>2025-12-12T11:13:45.000Z</time>
        <speed>1.260</speed>
      </trkpt>
      <trkpt lat="50.6317744" lon="-2.3615172">
        <ele>7.8</ele>
        <time>2025-12-12T11:13:50.000Z</time>
        <speed>1.250</speed>
      </trkpt>
      <trkpt lat="50.6317862" lon="-2.3614083">
        <ele>7.6</ele>
        <time>2025-12-12T11:13:55.000Z</time>
        <speed>1.269</speed>
      </trkpt>
      <trkpt lat="50.6317981" lon="-2.3613176">
        <ele>7.6</ele>
        <time>2025-12-12T11:14:00.000Z</time>
        <speed>1.288</speed>
      </trkpt>
      <trkpt lat="50.6318034" lon="-2.3612310">
        <ele>7.6</ele>
        <time>2025-12-12T11:14:05.000Z</time>
        <speed>1.288</speed>
      </trkpt>
      <trkpt lat="50.6318105" lon="-2.3611356">
        <ele>7.6</ele>
        <time>2025-12-12T11:14:10.000Z</time>
        <speed>1.297</speed>
      </trkpt>
      <trkpt lat="50.6318202" lon="-2.3610433">
        <ele>7.6</ele>
        <time>2025-12-12T11:14:15.000Z</time>
        <speed>1.297</speed>
      </trkpt>
      <trkpt lat="50.6318389" lon="-2.3609628">
        <ele>7.6</ele>
        <time>2025-12-12T11:14:20.000Z</time>
        <speed>1.297</speed>
      </trkpt>
      <trkpt lat="50.6318563" lon="-2.3608841">
        <ele>7.6</ele>
        <time>2025-12-12T11:14:25.000Z</time>
        <speed>1.288</speed>
      </trkpt>
      <trkpt lat="50.6318655" lon="-2.3607843">
        <ele>7.6</ele>
        <time>2025-12-12T11:14:30.000Z</time>
        <speed>1.288</speed>
      </trkpt>
      <trkpt lat="50.6318625" lon="-2.3606956">
        <ele>7.8</ele>
        <time>2025-12-12T11:14:35.000Z</time>
        <speed>1.288</speed>
      </trkpt>
      <trkpt lat="50.6318663" lon="-2.3606210">
        <ele>7.8</ele>
        <time>2025-12-12T11:14:40.000Z</time>
        <speed>1.278</speed>
      </trkpt>
      <trkpt lat="50.6318888" lon="-2.3605526">
        <ele>7.6</ele>
        <time>2025-12-12T11:14:45.000Z</time>
        <speed>1.269</speed>
      </trkpt>
      <trkpt lat="50.6319084" lon="-2.3605127">
        <ele>7.2</ele>
        <time>2025-12-12T11:14:50.000Z</time>
        <speed>1.222</speed>
      </trkpt>
      <trkpt lat="50.6319343" lon="-2.3604737">
        <ele>6.4</ele>
        <time>2025-12-12T11:14:55.000Z</time>
        <speed>1.110</speed>
      </trkpt>
      <trkpt lat="50.6319418" lon="-2.3604480">
        <ele>5.6</ele>
        <time>2025-12-12T11:15:00.000Z</time>
        <speed>0.000</speed>
      </trkpt>
      <trkpt lat="50.6319504" lon="-2.3604136">
        <ele>5.0</ele>
        <time>2025-12-12T11:15:05.000Z</time>
        <speed>0.000</speed>
      </trkpt>
      <trkpt lat="50.6319752" lon="-2.3603956">
        <ele>4.0</ele>
        <time>2025-12-12T11:15:10.000Z</time>
        <speed>0.000</speed>
      </trkpt>
      <trkpt lat="50.6319830" lon="-2.3603583">
        <ele>3.2</ele>
        <time>2025-12-12T11:15:15.000Z</time>
        <speed>0.000</speed>
      </trkpt>
      <trkpt lat="50.6319870" lon="-2.3603025">
        <ele>2.4</ele>
        <time>2025-12-12T11:15:20.000Z</time>
        <speed>0.000</speed>
      </trkpt>
      <trkpt lat="50.6319918" lon="-2.3602734">
        <ele>1.8</ele>
        <time>2025-12-12T11:15:25.000Z</time>
        <speed>0.000</speed>
      </trkpt>
      <trkpt lat="50.6319659" lon="-2.3602326">
        <ele>1.8</ele>
        <time>2025-12-12T11:15:30.000Z</time>
        <speed>0.000</speed>
      </trkpt>
      <trkpt lat="50.6319229" lon="-2.3602029">
        <ele>1.4</ele>
        <time>2025-12-12T11:15:35.000Z</time>
        <speed>1.110</speed>
      </trkpt>
      <trkpt lat="50.6318892" lon="-2.3601629">
        <ele>1.4</ele>
        <time>2025-12-12T11:15:40.000Z</time>
        <speed>1.045</speed>
      </trkpt>
      <trkpt lat="50.6318612" lon="-2.3601253">
        <ele>1.4</ele>
        <time>2025-12-12T11:15:45.000Z</time>
        <speed>0.905</speed>
      </trkpt>
      <trkpt lat="50.6318090" lon="-2.3601191">
        <ele>0.8</ele>
        <time>2025-12-12T11:15:50.000Z</time>
        <speed>1.064</speed>
      </trkpt>
      <trkpt lat="50.6317745" lon="-2.3601014">
        <ele>0.4</ele>
        <time>2025-12-12T11:15:55.000Z</time>
        <speed>1.008</speed>
      </trkpt>
      <trkpt lat="50.6317510" lon="-2.3600669">
        <ele>0.4</ele>
        <time>2025-12-12T11:16:00.000Z</time>
        <speed>0.784</speed>
      </trkpt>
      <trkpt lat="50.6317302" lon="-2.3600602">
        <ele>0.0</ele>
        <time>2025-12-12T11:16:05.000Z</time>
        <speed>0.532</speed>
      </trkpt>
      <trkpt lat="50.6317125" lon="-2.3600398">
        <ele>-0.8</ele>
        <time>2025-12-12T11:16:10.000Z</time>
        <speed>0.495</speed>
      </trkpt>
      <trkpt lat="50.6316799" lon="-2.3600038">
        <ele>-1.0</ele>
        <time>2025-12-12T11:16:15.000Z</time>
        <speed>0.690</speed>
      </trkpt>
      <trkpt lat="50.6316700" lon="-2.3600132">
        <ele>-0.8</ele>
        <time>2025-12-12T11:16:20.000Z</time>
        <speed>0.000</speed>
      </trkpt>
      <trkpt lat="50.6316432" lon="-2.3600048">
        <ele>-1.0</ele>
        <time>2025-12-12T11:16:25.000Z</time>
        <speed>0.746</speed>
      </trkpt>
      <trkpt lat="50.6316332" lon="-2.3600082">
        <ele>-1.4</ele>
        <time>2025-12-12T11:16:30.000Z</time>
        <speed>0.000</speed>
      </trkpt>
      <trkpt lat="50.6316332" lon="-2.3600082">
        <ele>-1.4</ele>
        <time>2025-12-12T11:16:35.000Z</time>
        <speed>0.000</speed>
      </trkpt>
      <trkpt lat="50.6316332" lon="-2.3600082">
        <ele>-1.6</ele>
        <time>2025-12-12T11:16:40.000Z</time>
        <speed>0.000</speed>
      </trkpt>
      <trkpt lat="50.6316332" lon="-2.3600082">
        <ele>-1.8</ele>
        <time>2025-12-12T11:16:45.000Z</time>
        <speed>0.000</speed>
      </trkpt>
      <trkpt lat="50.6316332" lon="-2.3600082">
        <ele>-1.8</ele>
        <time>2025-12-12T11:16:50.000Z</time>
        <speed>0.000</speed>
      </trkpt>
      <trkpt lat="50.6316332" lon="-2.3600082">
        <ele>-1.6</ele>
        <time>2025-12-12T11:16:55.000Z</time>
        <speed>0.000</speed>
      </trkpt>
      <trkpt lat="50.6316332" lon="-2.3600082">
        <ele>-1.6</ele>
        <time>2025-12-12T11:17:00.000Z</time>
        <speed>0.000</speed>
      </trkpt>
      <trkpt lat="50.6316332" lon="-2.3600082">
        <ele>-1.8</ele>
        <time>2025-12-12T11:17:05.000Z</time>
        <speed>0.000</speed>
      </trkpt>
      <trkpt lat="50.6316332" lon="-2.3600082">
        <ele>-2.0</ele>
        <time>2025-12-12T11:17:10.000Z</time>
        <speed>0.000</speed>
      </trkpt>
      <trkpt lat="50.6316332" lon="-2.3600082">
        <ele>-2.0</ele>
        <time>2025-12-12T11:17:15.000Z</time>
        <speed>0.000</speed>
      </trkpt>
      <trkpt lat="50.6316332" lon="-2.3600082">
        <ele>-2.2</ele>
        <time>2025-12-12T11:17:20.000Z</time>
        <speed>0.000</speed>
      </trkpt>
      <trkpt lat="50.6316332" lon="-2.3600082">
        <ele>-2.4</ele>
        <time>2025-12-12T11:17:25.000Z</time>
        <speed>0.000</speed>
      </trkpt>
      <trkpt lat="50.6316332" lon="-2.3600082">
        <ele>-2.4</ele>
        <time>2025-12-12T11:17:30.000Z</time>
        <speed>0.000</speed>
      </trkpt>
      <trkpt lat="50.6316332" lon="-2.3600082">
        <ele>-2.2</ele>
        <time>2025-12-12T11:17:35.000Z</time>
        <speed>0.000</speed>
      </trkpt>
      <trkpt lat="50.6316332" lon="-2.3600082">
        <ele>-2.4</ele>
        <time>2025-12-12T11:17:40.000Z</time>
        <speed>0.000</speed>
      </trkpt>
      <trkpt lat="50.6316332" lon="-2.3600082">
        <ele>-2.2</ele>
        <time>2025-12-12T11:17:45.000Z</time>
        <speed>0.000</speed>
      </trkpt>
      <trkpt lat="50.6316332" lon="-2.3600082">
        <ele>-2.0</ele>
        <time>2025-12-12T11:17:50.000Z</time>
        <speed>0.000</speed>
      </trkpt>
      <trkpt lat="50.6316332" lon="-2.3600082">
        <ele>-2.2</ele>
        <time>2025-12-12T11:17:55.000Z</time>
        <speed>0.000</speed>
      </trkpt>
      <trkpt lat="50.6316332" lon="-2.3600082">
        <ele>-2.2</ele>
        <time>2025-12-12T11:18:00.000Z</time>
        <speed>0.000</speed>
      </trkpt>
      <trkpt lat="50.6316332" lon="-2.3600082">
        <ele>-2.0</ele>
        <time>2025-12-12T11:18:05.000Z</time>
        <speed>0.000</speed>
      </trkpt>
      <trkpt lat="50.6316332" lon="-2.3600082">
        <ele>-2.0</ele>
        <time>2025-12-12T11:18:10.000Z</time>
        <speed>0.000</speed>
      </trkpt>
      <trkpt lat="50.6316332" lon="-2.3600082">
        <ele>-1.4</ele>
        <time>2025-12-12T11:18:15.000Z</time>
        <speed>0.000</speed>
      </trkpt>
      <trkpt lat="50.6316332" lon="-2.3600082">
        <ele>-1.4</ele>
        <time>2025-12-12T11:18:20.000Z</time>
        <speed>0.000</speed>
      </trkpt>
      <trkpt lat="50.6316332" lon="-2.3600082">
        <ele>-1.4</ele>
        <time>2025-12-12T11:18:25.000Z</time>
        <speed>0.000</speed>
      </trkpt>
      <trkpt lat="50.6316332" lon="-2.3600082">
        <ele>-1.0</ele>
        <time>2025-12-12T11:18:30.000Z</time>
        <speed>0.000</speed>
      </trkpt>
      <trkpt lat="50.6316332" lon="-2.3600082">
        <ele>-0.8</ele>
        <time>2025-12-12T11:18:35.000Z</time>
        <speed>0.000</speed>
      </trkpt>
      <trkpt lat="50.6316332" lon="-2.3600082">
        <ele>-0.6</ele>
        <time>2025-12-12T11:18:40.000Z</time>
        <speed>0.000</speed>
      </trkpt>
      <trkpt lat="50.6316332" lon="-2.3600082">
        <ele>-0.4</ele>
        <time>2025-12-12T11:18:45.000Z</time>
        <speed>0.000</speed>
      </trkpt>
      <trkpt lat="50.6316332" lon="-2.3600082">
        <ele>-0.2</ele>
        <time>2025-12-12T11:18:50.000Z</time>
        <speed>0.000</speed>
      </trkpt>
      <trkpt lat="50.6316332" lon="-2.3600082">
        <ele>0.0</ele>
        <time>2025-12-12T11:18:55.000Z</time>
        <speed>0.000</speed>
      </trkpt>
      <trkpt lat="50.6316332" lon="-2.3600082">
        <ele>0.4</ele>
        <time>2025-12-12T11:19:00.000Z</time>
        <speed>0.000</speed>
      </trkpt>
      <trkpt lat="50.6316332" lon="-2.3600082">
        <ele>0.4</ele>
        <time>2025-12-12T11:19:05.000Z</time>
        <speed>0.000</speed>
      </trkpt>
      <trkpt lat="50.6316332" lon="-2.3600082">
        <ele>0.6</ele>
        <time>2025-12-12T11:19:10.000Z</time>
        <speed>0.000</speed>
      </trkpt>
      <trkpt lat="50.6316332" lon="-2.3600082">
        <ele>0.8</ele>
        <time>2025-12-12T11:19:15.000Z</time>
        <speed>0.000</speed>
      </trkpt>
      <trkpt lat="50.6316367" lon="-2.3600180">
        <ele>0.4</ele>
        <time>2025-12-12T11:19:20.000Z</time>
        <speed>0.308</speed>
      </trkpt>
      <trkpt lat="50.6316629" lon="-2.3600258">
        <ele>0.4</ele>
        <time>2025-12-12T11:19:25.000Z</time>
        <speed>0.000</speed>
      </trkpt>
      <trkpt lat="50.6316988" lon="-2.3600592">
        <ele>0.8</ele>
        <time>2025-12-12T11:19:30.000Z</time>
        <speed>0.000</speed>
      </trkpt>
      <trkpt lat="50.6317277" lon="-2.3600693">
        <ele>1.0</ele>
        <time>2025-12-12T11:19:35.000Z</time>
        <speed>0.000</speed>
      </trkpt>
      <trkpt lat="50.6317587" lon="-2.3600942">
        <ele>2.0</ele>
        <time>2025-12-12T11:19:40.000Z</time>
        <speed>0.000</speed>
      </trkpt>
      <trkpt lat="50.6317998" lon="-2.3601440">
        <ele>2.6</ele>
        <time>2025-12-12T11:19:45.000Z</time>
        <speed>0.709</speed>
      </trkpt>
      <trkpt lat="50.6318385" lon="-2.3601682">
        <ele>3.0</ele>
        <time>2025-12-12T11:19:50.000Z</time>
        <speed>0.998</speed>
      </trkpt>
      <trkpt lat="50.6318627" lon="-2.3601987">
        <ele>3.4</ele>
        <time>2025-12-12T11:19:55.000Z</time>
        <speed>0.933</speed>
      </trkpt>
      <trkpt lat="50.6318993" lon="-2.3602361">
        <ele>3.6</ele>
        <time>2025-12-12T11:20:00.000Z</time>
        <speed>0.952</speed>
      </trkpt>
      <trkpt lat="50.6319367" lon="-2.3602617">
        <ele>3.8</ele>
        <time>2025-12-12T11:20:05.000Z</time>
        <speed>1.026</speed>
      </trkpt>
      <trkpt lat="50.6319820" lon="-2.3602893">
        <ele>4.2</ele>
        <time>2025-12-12T11:20:10.000Z</time>
        <speed>1.204</speed>
      </trkpt>
      <trkpt lat="50.6320164" lon="-2.3602518">
        <ele>4.4</ele>
        <time>2025-12-12T11:20:15.000Z</time>
        <speed>1.092</speed>
      </trkpt>
      <trkpt lat="50.6320162" lon="-2.3601998">
        <ele>4.4</ele>
        <time>2025-12-12T11:20:20.000Z</time>
        <speed>1.036</speed>
      </trkpt>
      <trkpt lat="50.6320297" lon="-2.3601779">
        <ele>5.8</ele>
        <time>2025-12-12T11:20:25.000Z</time>
        <speed>1.120</speed>
      </trkpt>
      <trkpt lat="50.6320389" lon="-2.3601438">
        <ele>7.0</ele>
        <time>2025-12-12T11:20:30.000Z</time>
        <speed>1.129</speed>
      </trkpt>
      <trkpt lat="50.6320143" lon="-2.3601004">
        <ele>7.6</ele>
        <time>2025-12-12T11:20:35.000Z</time>
        <speed>1.157</speed>
      </trkpt>
      <trkpt lat="50.6319982" lon="-2.3600507">
        <ele>8.2</ele>
        <time>2025-12-12T11:20:40.000Z</time>
        <speed>1.008</speed>
      </trkpt>
      <trkpt lat="50.6319887" lon="-2.3599787">
        <ele>9.0</ele>
        <time>2025-12-12T11:20:45.000Z</time>
        <speed>1.045</speed>
      </trkpt>
      <trkpt lat="50.6319939" lon="-2.3599267">
        <ele>9.8</ele>
        <time>2025-12-12T11:20:50.000Z</time>
        <speed>0.830</speed>
      </trkpt>
      <trkpt lat="50.6320023" lon="-2.3598409">
        <ele>10.2</ele>
        <time>2025-12-12T11:20:55.000Z</time>
        <speed>1.194</speed>
      </trkpt>
      <trkpt lat="50.6319861" lon="-2.3597506">
        <ele>9.8</ele>
        <time>2025-12-12T11:21:00.000Z</time>
        <speed>1.138</speed>
      </trkpt>
      <trkpt lat="50.6319784" lon="-2.3596808">
        <ele>9.6</ele>
        <time>2025-12-12T11:21:05.000Z</time>
        <speed>1.129</speed>
      </trkpt>
      <trkpt lat="50.6319914" lon="-2.3595985">
        <ele>9.6</ele>
        <time>2025-12-12T11:21:10.000Z</time>
        <speed>1.120</speed>
      </trkpt>
      <trkpt lat="50.6319928" lon="-2.3595182">
        <ele>9.8</ele>
        <time>2025-12-12T11:21:15.000Z</time>
        <speed>1.129</speed>
      </trkpt>
      <trkpt lat="50.6319941" lon="-2.3594368">
        <ele>9.6</ele>
        <time>2025-12-12T11:21:20.000Z</time>
        <speed>1.129</speed>
      </trkpt>
      <trkpt lat="50.6319891" lon="-2.3593601">
        <ele>9.4</ele>
        <time>2025-12-12T11:21:25.000Z</time>
        <speed>1.129</speed>
      </trkpt>
      <trkpt lat="50.6320000" lon="-2.3592587">
        <ele>10.4</ele>
        <time>2025-12-12T11:21:30.000Z</time>
        <speed>1.148</speed>
      </trkpt>
      <trkpt lat="50.6320186" lon="-2.3591776">
        <ele>11.0</ele>
        <time>2025-12-12T11:21:35.000Z</time>
        <speed>1.176</speed>
      </trkpt>
      <trkpt lat="50.6320335" lon="-2.3590884">
        <ele>11.6</ele>
        <time>2025-12-12T11:21:40.000Z</time>
        <speed>1.213</speed>
      </trkpt>
      <trkpt lat="50.6320357" lon="-2.3589929">
        <ele>11.8</ele>
        <time>2025-12-12T11:21:45.000Z</time>
        <speed>1.222</speed>
      </trkpt>
      <trkpt lat="50.6320408" lon="-2.3588969">
        <ele>11.6</ele>
        <time>2025-12-12T11:21:50.000Z</time>
        <speed>1.241</speed>
      </trkpt>
      <trkpt lat="50.6320482" lon="-2.3588375">
        <ele>11.4</ele>
        <time>2025-12-12T11:21:55.000Z</time>
        <speed>1.185</speed>
      </trkpt>
      <trkpt lat="50.6320488" lon="-2.3588370">
        <ele>11.2</ele>
        <time>2025-12-12T11:22:00.000Z</time>
        <speed>0.000</speed>
      </trkpt>
      <trkpt lat="50.6320488" lon="-2.3588370">
        <ele>11.0</ele>
        <time>2025-12-12T11:22:05.000Z</time>
        <speed>0.000</speed>
      </trkpt>
      <trkpt lat="50.6320488" lon="-2.3588370">
        <ele>10.6</ele>
        <time>2025-12-12T11:22:10.000Z</time>
        <speed>0.000</speed>
      </trkpt>
      <trkpt lat="50.6320488" lon="-2.3588370">
        <ele>10.4</ele>
        <time>2025-12-12T11:22:15.000Z</time>
        <speed>0.000</speed>
      </trkpt>
      <trkpt lat="50.6320488" lon="-2.3588370">
        <ele>10.0</ele>
        <time>2025-12-12T11:22:20.000Z</time>
        <speed>0.000</speed>
      </trkpt>
      <trkpt lat="50.6320488" lon="-2.3588370">
        <ele>9.8</ele>
        <time>2025-12-12T11:22:25.000Z</time>
        <speed>0.000</speed>
      </trkpt>
      <trkpt lat="50.6320488" lon="-2.3588370">
        <ele>9.6</ele>
        <time>2025-12-12T11:22:30.000Z</time>
        <speed>0.000</speed>
      </trkpt>
      <trkpt lat="50.6320488" lon="-2.3588370">
        <ele>9.4</ele>
        <time>2025-12-12T11:22:35.000Z</time>
        <speed>0.000</speed>
      </trkpt>
      <trkpt lat="50.6320488" lon="-2.3588370">
        <ele>9.4</ele>
        <time>2025-12-12T11:22:40.000Z</time>
        <speed>0.000</speed>
      </trkpt>
      <trkpt lat="50.6320490" lon="-2.3588375">
        <ele>9.4</ele>
        <time>2025-12-12T11:22:45.000Z</time>
        <speed>0.000</speed>
      </trkpt>
      <trkpt lat="50.6320488" lon="-2.3588370">
        <ele>9.4</ele>
        <time>2025-12-12T11:22:50.000Z</time>
        <speed>0.000</speed>
      </trkpt>
      <trkpt lat="50.6320481" lon="-2.3588344">
        <ele>9.6</ele>
        <time>2025-12-12T11:22:55.000Z</time>
        <speed>0.000</speed>
      </trkpt>
      <trkpt lat="50.6320488" lon="-2.3588287">
        <ele>9.4</ele>
        <time>2025-12-12T11:23:00.000Z</time>
        <speed>0.000</speed>
      </trkpt>
      <trkpt lat="50.6320590" lon="-2.3587420">
        <ele>9.2</ele>
        <time>2025-12-12T11:23:05.000Z</time>
        <speed>1.148</speed>
      </trkpt>
      <trkpt lat="50.6320693" lon="-2.3586537">
        <ele>9.2</ele>
        <time>2025-12-12T11:23:10.000Z</time>
        <speed>1.204</speed>
      </trkpt>
      <trkpt lat="50.6320794" lon="-2.3585660">
        <ele>9.4</ele>
        <time>2025-12-12T11:23:15.000Z</time>
        <speed>1.250</speed>
      </trkpt>
      <trkpt lat="50.6320893" lon="-2.3584815">
        <ele>9.8</ele>
        <time>2025-12-12T11:23:20.000Z</time>
        <speed>1.232</speed>
      </trkpt>
      <trkpt lat="50.6320989" lon="-2.3583898">
        <ele>10.2</ele>
        <time>2025-12-12T11:23:25.000Z</time>
        <speed>1.250</speed>
      </trkpt>
      <trkpt lat="50.6320931" lon="-2.3583005">
        <ele>10.4</ele>
        <time>2025-12-12T11:23:30.000Z</time>
        <speed>1.278</speed>
      </trkpt>
      <trkpt lat="50.6320903" lon="-2.3582076">
        <ele>10.4</ele>
        <time>2025-12-12T11:23:35.000Z</time>
        <speed>1.316</speed>
      </trkpt>
      <trkpt lat="50.6320830" lon="-2.3581192">
        <ele>10.2</ele>
        <time>2025-12-12T11:23:40.000Z</time>
        <speed>1.278</speed>
      </trkpt>
      <trkpt lat="50.6320726" lon="-2.3580322">
        <ele>10.0</ele>
        <time>2025-12-12T11:23:45.000Z</time>
        <speed>1.278</speed>
      </trkpt>
      <trkpt lat="50.6320657" lon="-2.3579387">
        <ele>10.2</ele>
        <time>2025-12-12T11:23:50.000Z</time>
        <speed>1.278</speed>
      </trkpt>
      <trkpt lat="50.6320556" lon="-2.3578434">
        <ele>10.0</ele>
        <time>2025-12-12T11:23:55.000Z</time>
        <speed>1.288</speed>
      </trkpt>
      <trkpt lat="50.6320338" lon="-2.3577621">
        <ele>10.0</ele>
        <time>2025-12-12T11:24:00.000Z</time>
        <speed>1.288</speed>
      </trkpt>
      <trkpt lat="50.6320074" lon="-2.3576716">
        <ele>9.8</ele>
        <time>2025-12-12T11:24:05.000Z</time>
        <speed>1.306</speed>
      </trkpt>
      <trkpt lat="50.6319812" lon="-2.3575878">
        <ele>9.8</ele>
        <time>2025-12-12T11:24:10.000Z</time>
        <speed>1.316</speed>
      </trkpt>
      <trkpt lat="50.6319641" lon="-2.3574963">
        <ele>9.8</ele>
        <time>2025-12-12T11:24:15.000Z</time>
        <speed>1.325</speed>
      </trkpt>
      <trkpt lat="50.6319478" lon="-2.3574154">
        <ele>9.8</ele>
        <time>2025-12-12T11:24:20.000Z</time>
        <speed>1.306</speed>
      </trkpt>
      <trkpt lat="50.6319240" lon="-2.3573285">
        <ele>9.6</ele>
        <time>2025-12-12T11:24:25.000Z</time>
        <speed>1.316</speed>
      </trkpt>
      <trkpt lat="50.6319062" lon="-2.3572373">
        <ele>9.6</ele>
        <time>2025-12-12T11:24:30.000Z</time>
        <speed>1.316</speed>
      </trkpt>
      <trkpt lat="50.6318918" lon="-2.3571446">
        <ele>9.4</ele>
        <time>2025-12-12T11:24:35.000Z</time>
        <speed>1.316</speed>
      </trkpt>
      <trkpt lat="50.6319046" lon="-2.3570779">
        <ele>9.6</ele>
        <time>2025-12-12T11:24:40.000Z</time>
        <speed>1.288</speed>
      </trkpt>
      <trkpt lat="50.6319313" lon="-2.3570200">
        <ele>9.8</ele>
        <time>2025-12-12T11:24:45.000Z</time>
        <speed>1.260</speed>
      </trkpt>
      <trkpt lat="50.6319471" lon="-2.3569326">
        <ele>10.0</ele>
        <time>2025-12-12T11:24:50.000Z</time>
        <speed>1.250</speed>
      </trkpt>
      <trkpt lat="50.6319079" lon="-2.3568797">
        <ele>9.8</ele>
        <time>2025-12-12T11:24:55.000Z</time>
        <speed>1.222</speed>
      </trkpt>
      <trkpt lat="50.6318770" lon="-2.3567960">
        <ele>9.6</ele>
        <time>2025-12-12T11:25:00.000Z</time>
        <speed>1.260</speed>
      </trkpt>
      <trkpt lat="50.6318903" lon="-2.3567183">
        <ele>9.8</ele>
        <time>2025-12-12T11:25:05.000Z</time>
        <speed>1.297</speed>
      </trkpt>
      <trkpt lat="50.6318850" lon="-2.3566308">
        <ele>10.4</ele>
        <time>2025-12-12T11:25:10.000Z</time>
        <speed>1.288</speed>
      </trkpt>
      <trkpt lat="50.6318636" lon="-2.3565545">
        <ele>10.0</ele>
        <time>2025-12-12T11:25:15.000Z</time>
        <speed>1.213</speed>
      </trkpt>
      <trkpt lat="50.6318274" lon="-2.3564764">
        <ele>9.8</ele>
        <time>2025-12-12T11:25:20.000Z</time>
        <speed>1.222</speed>
      </trkpt>
      <trkpt lat="50.6317978" lon="-2.3563937">
        <ele>9.8</ele>
        <time>2025-12-12T11:25:25.000Z</time>
        <speed>1.269</speed>
      </trkpt>
      <trkpt lat="50.6317657" lon="-2.3563119">
        <ele>9.2</ele>
        <time>2025-12-12T11:25:30.000Z</time>
        <speed>1.288</speed>
      </trkpt>
      <trkpt lat="50.6317391" lon="-2.3562324">
        <ele>9.0</ele>
        <time>2025-12-12T11:25:35.000Z</time>
        <speed>1.297</speed>
      </trkpt>
      <trkpt lat="50.6317121" lon="-2.3561445">
        <ele>9.0</ele>
        <time>2025-12-12T11:25:40.000Z</time>
        <speed>1.306</speed>
      </trkpt>
      <trkpt lat="50.6316875" lon="-2.3560745">
        <ele>8.6</ele>
        <time>2025-12-12T11:25:45.000Z</time>
        <speed>1.297</speed>
      </trkpt>
      <trkpt lat="50.6316512" lon="-2.3559915">
        <ele>8.6</ele>
        <time>2025-12-12T11:25:50.000Z</time>
        <speed>1.297</speed>
      </trkpt>
      <trkpt lat="50.6316271" lon="-2.3559092">
        <ele>8.4</ele>
        <time>2025-12-12T11:25:55.000Z</time>
        <speed>1.297</speed>
      </trkpt>
      <trkpt lat="50.6316005" lon="-2.3558321">
        <ele>8.2</ele>
        <time>2025-12-12T11:26:00.000Z</time>
        <speed>1.306</speed>
      </trkpt>
      <trkpt lat="50.6315779" lon="-2.3557451">
        <ele>8.0</ele>
        <time>2025-12-12T11:26:05.000Z</time>
        <speed>1.316</speed>
      </trkpt>
      <trkpt lat="50.6315517" lon="-2.3556681">
        <ele>8.0</ele>
        <time>2025-12-12T11:26:10.000Z</time>
        <speed>1.297</speed>
      </trkpt>
      <trkpt lat="50.6315211" lon="-2.3555820">
        <ele>7.8</ele>
        <time>2025-12-12T11:26:15.000Z</time>
        <speed>1.306</speed>
      </trkpt>
      <trkpt lat="50.6314925" lon="-2.3555019">
        <ele>7.6</ele>
        <time>2025-12-12T11:26:20.000Z</time>
        <speed>1.306</speed>
      </trkpt>
      <trkpt lat="50.6314759" lon="-2.3554219">
        <ele>7.4</ele>
        <time>2025-12-12T11:26:25.000Z</time>
        <speed>1.306</speed>
      </trkpt>
      <trkpt lat="50.6314505" lon="-2.3553354">
        <ele>7.2</ele>
        <time>2025-12-12T11:26:30.000Z</time>
        <speed>1.306</speed>
      </trkpt>
      <trkpt lat="50.6314320" lon="-2.3552459">
        <ele>7.4</ele>
        <time>2025-12-12T11:26:35.000Z</time>
        <speed>1.306</speed>
      </trkpt>
      <trkpt lat="50.6314235" lon="-2.3551530">
        <ele>7.2</ele>
        <time>2025-12-12T11:26:40.000Z</time>
        <speed>1.297</speed>
      </trkpt>
      <trkpt lat="50.6314143" lon="-2.3550695">
        <ele>7.0</ele>
        <time>2025-12-12T11:26:45.000Z</time>
        <speed>1.297</speed>
      </trkpt>
      <trkpt lat="50.6314047" lon="-2.3549809">
        <ele>6.8</ele>
        <time>2025-12-12T11:26:50.000Z</time>
        <speed>1.288</speed>
      </trkpt>
      <trkpt lat="50.6313936" lon="-2.3548919">
        <ele>6.8</ele>
        <time>2025-12-12T11:26:55.000Z</time>
        <speed>1.288</speed>
      </trkpt>
      <trkpt lat="50.6313817" lon="-2.3547999">
        <ele>6.8</ele>
        <time>2025-12-12T11:27:00.000Z</time>
        <speed>1.278</speed>
      </trkpt>
      <trkpt lat="50.6313746" lon="-2.3547101">
        <ele>6.6</ele>
        <time>2025-12-12T11:27:05.000Z</time>
        <speed>1.278</speed>
      </trkpt>
      <trkpt lat="50.6313658" lon="-2.3546071">
        <ele>6.6</ele>
        <time>2025-12-12T11:27:10.000Z</time>
        <speed>1.297</speed>
      </trkpt>
      <trkpt lat="50.6313585" lon="-2.3545205">
        <ele>6.6</ele>
        <time>2025-12-12T11:27:15.000Z</time>
        <speed>1.288</speed>
      </trkpt>
      <trkpt lat="50.6313548" lon="-2.3544310">
        <ele>6.4</ele>
        <time>2025-12-12T11:27:20.000Z</time>
        <speed>1.288</speed>
      </trkpt>
      <trkpt lat="50.6313530" lon="-2.3543350">
        <ele>6.4</ele>
        <time>2025-12-12T11:27:25.000Z</time>
        <speed>1.288</speed>
      </trkpt>
      <trkpt lat="50.6313490" lon="-2.3542506">
        <ele>6.4</ele>
        <time>2025-12-12T11:27:30.000Z</time>
        <speed>1.288</speed>
      </trkpt>
      <trkpt lat="50.6313507" lon="-2.3541609">
        <ele>6.6</ele>
        <time>2025-12-12T11:27:35.000Z</time>
        <speed>1.278</speed>
      </trkpt>
      <trkpt lat="50.6313530" lon="-2.3540674">
        <ele>6.2</ele>
        <time>2025-12-12T11:27:40.000Z</time>
        <speed>1.278</speed>
      </trkpt>
      <trkpt lat="50.6313496" lon="-2.3540003">
        <ele>6.2</ele>
        <time>2025-12-12T11:27:45.000Z</time>
        <speed>1.269</speed>
      </trkpt>
      <trkpt lat="50.6312939" lon="-2.3539700">
        <ele>6.0</ele>
        <time>2025-12-12T11:27:50.000Z</time>
        <speed>1.250</speed>
      </trkpt>
      <trkpt lat="50.6312601" lon="-2.3539249">
        <ele>5.4</ele>
        <time>2025-12-12T11:27:55.000Z</time>
        <speed>1.222</speed>
      </trkpt>
      <trkpt lat="50.6312456" lon="-2.3538786">
        <ele>5.2</ele>
        <time>2025-12-12T11:28:00.000Z</time>
        <speed>1.120</speed>
      </trkpt>
      <trkpt lat="50.6312342" lon="-2.3538273">
        <ele>4.4</ele>
        <time>2025-12-12T11:28:05.000Z</time>
        <speed>0.933</speed>
      </trkpt>
      <trkpt lat="50.6312239" lon="-2.3537822">
        <ele>4.0</ele>
        <time>2025-12-12T11:28:10.000Z</time>
        <speed>0.886</speed>
      </trkpt>
      <trkpt lat="50.6312223" lon="-2.3537517">
        <ele>3.6</ele>
        <time>2025-12-12T11:28:15.000Z</time>
        <speed>0.774</speed>
      </trkpt>
      <trkpt lat="50.6312264" lon="-2.3537442">
        <ele>3.4</ele>
        <time>2025-12-12T11:28:20.000Z</time>
        <speed>0.000</speed>
      </trkpt>
      <trkpt lat="50.6312296" lon="-2.3537386">
        <ele>3.6</ele>
        <time>2025-12-12T11:28:25.000Z</time>
        <speed>0.000</speed>
      </trkpt>
      <trkpt lat="50.6312295" lon="-2.3537387">
        <ele>3.2</ele>
        <time>2025-12-12T11:28:30.000Z</time>
        <speed>0.000</speed>
      </trkpt>
      <trkpt lat="50.6312288" lon="-2.3537387">
        <ele>2.8</ele>
        <time>2025-12-12T11:28:35.000Z</time>
        <speed>0.000</speed>
      </trkpt>
      <trkpt lat="50.6312194" lon="-2.3537110">
        <ele>2.4</ele>
        <time>2025-12-12T11:28:40.000Z</time>
        <speed>0.000</speed>
      </trkpt>
      <trkpt lat="50.6312209" lon="-2.3537121">
        <ele>2.2</ele>
        <time>2025-12-12T11:28:45.000Z</time>
        <speed>0.000</speed>
      </trkpt>
      <trkpt lat="50.6312200" lon="-2.3536830">
        <ele>1.8</ele>
        <time>2025-12-12T11:28:50.000Z</time>
        <speed>0.000</speed>
      </trkpt>
      <trkpt lat="50.6312148" lon="-2.3536275">
        <ele>1.2</ele>
        <time>2025-12-12T11:28:55.000Z</time>
        <speed>0.690</speed>
      </trkpt>
      <trkpt lat="50.6312086" lon="-2.3535830">
        <ele>0.8</ele>
        <time>2025-12-12T11:29:00.000Z</time>
        <speed>0.252</speed>
      </trkpt>
      <trkpt lat="50.6312055" lon="-2.3535597">
        <ele>0.6</ele>
        <time>2025-12-12T11:29:05.000Z</time>
        <speed>0.000</speed>
      </trkpt>
      <trkpt lat="50.6312015" lon="-2.3535292">
        <ele>0.2</ele>
        <time>2025-12-12T11:29:10.000Z</time>
        <speed>0.000</speed>
      </trkpt>
      <trkpt lat="50.6311998" lon="-2.3534915">
        <ele>0.0</ele>
        <time>2025-12-12T11:29:15.000Z</time>
        <speed>0.000</speed>
      </trkpt>
      <trkpt lat="50.6312005" lon="-2.3534688">
        <ele>0.0</ele>
        <time>2025-12-12T11:29:20.000Z</time>
        <speed>0.000</speed>
      </trkpt>
      <trkpt lat="50.6311974" lon="-2.3534209">
        <ele>-0.8</ele>
        <time>2025-12-12T11:29:25.000Z</time>
        <speed>0.000</speed>
      </trkpt>
      <trkpt lat="50.6311993" lon="-2.3533833">
        <ele>-1.2</ele>
        <time>2025-12-12T11:29:30.000Z</time>
        <speed>0.672</speed>
      </trkpt>
      <trkpt lat="50.6311998" lon="-2.3533544">
        <ele>-1.0</ele>
        <time>2025-12-12T11:29:35.000Z</time>
        <speed>0.541</speed>
      </trkpt>
      <trkpt lat="50.6311999" lon="-2.3533527">
        <ele>-1.2</ele>
        <time>2025-12-12T11:29:40.000Z</time>
        <speed>0.000</speed>
      </trkpt>
      <trkpt lat="50.6312079" lon="-2.3533060">
        <ele>-0.6</ele>
        <time>2025-12-12T11:29:45.000Z</time>
        <speed>0.000</speed>
      </trkpt>
      <trkpt lat="50.6312111" lon="-2.3532505">
        <ele>-0.6</ele>
        <time>2025-12-12T11:29:50.000Z</time>
        <speed>0.952</speed>
      </trkpt>
      <trkpt lat="50.6312219" lon="-2.3531993">
        <ele>-0.8</ele>
        <time>2025-12-12T11:29:55.000Z</time>
        <speed>0.756</speed>
      </trkpt>
      <trkpt lat="50.6312316" lon="-2.3531508">
        <ele>-0.6</ele>
        <time>2025-12-12T11:30:00.000Z</time>
        <speed>0.784</speed>
      </trkpt>
      <trkpt lat="50.6312447" lon="-2.3531001">
        <ele>-0.6</ele>
        <time>2025-12-12T11:30:05.000Z</time>
        <speed>0.793</speed>
      </trkpt>
      <trkpt lat="50.6312575" lon="-2.3530536">
        <ele>-0.4</ele>
        <time>2025-12-12T11:30:10.000Z</time>
        <speed>0.774</speed>
      </trkpt>
      <trkpt lat="50.6312702" lon="-2.3530062">
        <ele>0.4</ele>
        <time>2025-12-12T11:30:15.000Z</time>
        <speed>0.849</speed>
      </trkpt>
      <trkpt lat="50.6312812" lon="-2.3529557">
        <ele>0.4</ele>
        <time>2025-12-12T11:30:20.000Z</time>
        <speed>0.774</speed>
      </trkpt>
      <trkpt lat="50.6312947" lon="-2.3529097">
        <ele>0.4</ele>
        <time>2025-12-12T11:30:25.000Z</time>
        <speed>0.812</speed>
      </trkpt>
      <trkpt lat="50.6313086" lon="-2.3528384">
        <ele>0.2</ele>
        <time>2025-12-12T11:30:30.000Z</time>
        <speed>0.858</speed>
      </trkpt>
      <trkpt lat="50.6313226" lon="-2.3527807">
        <ele>0.6</ele>
        <time>2025-12-12T11:30:35.000Z</time>
        <speed>0.942</speed>
      </trkpt>
      <trkpt lat="50.6313327" lon="-2.3527016">
        <ele>0.6</ele>
        <time>2025-12-12T11:30:40.000Z</time>
        <speed>1.017</speed>
      </trkpt>
      <trkpt lat="50.6313422" lon="-2.3526324">
        <ele>0.6</ele>
        <time>2025-12-12T11:30:45.000Z</time>
        <speed>1.054</speed>
      </trkpt>
      <trkpt lat="50.6313454" lon="-2.3525621">
        <ele>0.6</ele>
        <time>2025-12-12T11:30:50.000Z</time>
        <speed>1.045</speed>
      </trkpt>
      <trkpt lat="50.6313511" lon="-2.3524965">
        <ele>0.6</ele>
        <time>2025-12-12T11:30:55.000Z</time>
        <speed>1.026</speed>
      </trkpt>
      <trkpt lat="50.6313610" lon="-2.3524464">
        <ele>0.6</ele>
        <time>2025-12-12T11:31:00.000Z</time>
        <speed>0.952</speed>
      </trkpt>
      <trkpt lat="50.6313588" lon="-2.3523794">
        <ele>0.6</ele>
        <time>2025-12-12T11:31:05.000Z</time>
        <speed>0.924</speed>
      </trkpt>
      <trkpt lat="50.6313598" lon="-2.3523175">
        <ele>0.8</ele>
        <time>2025-12-12T11:31:10.000Z</time>
        <speed>0.914</speed>
      </trkpt>
      <trkpt lat="50.6313653" lon="-2.3522443">
        <ele>0.8</ele>
        <time>2025-12-12T11:31:15.000Z</time>
        <speed>0.980</speed>
      </trkpt>
      <trkpt lat="50.6313630" lon="-2.3521735">
        <ele>0.8</ele>
        <time>2025-12-12T11:31:20.000Z</time>
        <speed>0.998</speed>
      </trkpt>
      <trkpt lat="50.6313623" lon="-2.3521109">
        <ele>0.6</ele>
        <time>2025-12-12T11:31:25.000Z</time>
        <speed>0.989</speed>
      </trkpt>
      <trkpt lat="50.6313620" lon="-2.3520308">
        <ele>0.6</ele>
        <time>2025-12-12T11:31:30.000Z</time>
        <speed>1.054</speed>
      </trkpt>
      <trkpt lat="50.6313697" lon="-2.3519636">
        <ele>0.6</ele>
        <time>2025-12-12T11:31:35.000Z</time>
        <speed>1.026</speed>
      </trkpt>
      <trkpt lat="50.6313751" lon="-2.3518904">
        <ele>0.8</ele>
        <time>2025-12-12T11:31:40.000Z</time>
        <speed>1.073</speed>
      </trkpt>
      <trkpt lat="50.6313650" lon="-2.3518108">
        <ele>0.6</ele>
        <time>2025-12-12T11:31:45.000Z</time>
        <speed>1.092</speed>
      </trkpt>
      <trkpt lat="50.6313569" lon="-2.3517300">
        <ele>1.0</ele>
        <time>2025-12-12T11:31:50.000Z</time>
        <speed>1.120</speed>
      </trkpt>
      <trkpt lat="50.6313547" lon="-2.3516614">
        <ele>0.8</ele>
        <time>2025-12-12T11:31:55.000Z</time>
        <speed>1.101</speed>
      </trkpt>
      <trkpt lat="50.6313444" lon="-2.3515832">
        <ele>0.6</ele>
        <time>2025-12-12T11:32:00.000Z</time>
        <speed>1.110</speed>
      </trkpt>
      <trkpt lat="50.6313381" lon="-2.3515059">
        <ele>0.6</ele>
        <time>2025-12-12T11:32:05.000Z</time>
        <speed>1.110</speed>
      </trkpt>
      <trkpt lat="50.6313298" lon="-2.3514372">
        <ele>0.6</ele>
        <time>2025-12-12T11:32:10.000Z</time>
        <speed>1.092</speed>
      </trkpt>
      <trkpt lat="50.6313215" lon="-2.3513605">
        <ele>0.6</ele>
        <time>2025-12-12T11:32:15.000Z</time>
        <speed>1.092</speed>
      </trkpt>
      <trkpt lat="50.6313195" lon="-2.3512835">
        <ele>0.6</ele>
        <time>2025-12-12T11:32:20.000Z</time>
        <speed>1.092</speed>
      </trkpt>
      <trkpt lat="50.6313207" lon="-2.3512315">
        <ele>0.4</ele>
        <time>2025-12-12T11:32:25.000Z</time>
        <speed>1.017</speed>
      </trkpt>
      <trkpt lat="50.6312892" lon="-2.3511575">
        <ele>-0.4</ele>
        <time>2025-12-12T11:32:30.000Z</time>
        <speed>1.017</speed>
      </trkpt>
      <trkpt lat="50.6312726" lon="-2.3511063">
        <ele>-0.6</ele>
        <time>2025-12-12T11:32:35.000Z</time>
        <speed>0.989</speed>
      </trkpt>
      <trkpt lat="50.6312518" lon="-2.3510326">
        <ele>-0.8</ele>
        <time>2025-12-12T11:32:40.000Z</time>
        <speed>1.008</speed>
      </trkpt>
      <trkpt lat="50.6312345" lon="-2.3509596">
        <ele>-0.8</ele>
        <time>2025-12-12T11:32:45.000Z</time>
        <speed>1.008</speed>
      </trkpt>
      <trkpt lat="50.6312250" lon="-2.3508789">
        <ele>-0.8</ele>
        <time>2025-12-12T11:32:50.000Z</time>
        <speed>1.054</speed>
      </trkpt>
      <trkpt lat="50.6312162" lon="-2.3508073">
        <ele>-0.8</ele>
        <time>2025-12-12T11:32:55.000Z</time>
        <speed>1.064</speed>
      </trkpt>
      <trkpt lat="50.6312053" lon="-2.3507320">
        <ele>-0.4</ele>
        <time>2025-12-12T11:33:00.000Z</time>
        <speed>1.110</speed>
      </trkpt>
      <trkpt lat="50.6311933" lon="-2.3506549">
        <ele>-0.8</ele>
        <time>2025-12-12T11:33:05.000Z</time>
        <speed>1.110</speed>
      </trkpt>
      <trkpt lat="50.6311762" lon="-2.3505870">
        <ele>-1.2</ele>
        <time>2025-12-12T11:33:10.000Z</time>
        <speed>1.092</speed>
      </trkpt>
      <trkpt lat="50.6311643" lon="-2.3505120">
        <ele>-1.0</ele>
        <time>2025-12-12T11:33:15.000Z</time>
        <speed>1.082</speed>
      </trkpt>
      <trkpt lat="50.6311496" lon="-2.3504289">
        <ele>-0.8</ele>
        <time>2025-12-12T11:33:20.000Z</time>
        <speed>1.157</speed>
      </trkpt>
      <trkpt lat="50.6311498" lon="-2.3503696">
        <ele>0.0</ele>
        <time>2025-12-12T11:33:25.000Z</time>
        <speed>1.138</speed>
      </trkpt>
      <trkpt lat="50.6311556" lon="-2.3503116">
        <ele>0.6</ele>
        <time>2025-12-12T11:33:30.000Z</time>
        <speed>0.970</speed>
      </trkpt>
      <trkpt lat="50.6311385" lon="-2.3502494">
        <ele>1.0</ele>
        <time>2025-12-12T11:33:35.000Z</time>
        <speed>0.961</speed>
      </trkpt>
      <trkpt lat="50.6311261" lon="-2.3501747">
        <ele>1.4</ele>
        <time>2025-12-12T11:33:40.000Z</time>
        <speed>1.064</speed>
      </trkpt>
      <trkpt lat="50.6311154" lon="-2.3501095">
        <ele>1.2</ele>
        <time>2025-12-12T11:33:45.000Z</time>
        <speed>1.045</speed>
      </trkpt>
      <trkpt lat="50.6311051" lon="-2.3500349">
        <ele>1.6</ele>
        <time>2025-12-12T11:33:50.000Z</time>
        <speed>1.110</speed>
      </trkpt>
      <trkpt lat="50.6311074" lon="-2.3499598">
        <ele>0.4</ele>
        <time>2025-12-12T11:33:55.000Z</time>
        <speed>1.064</speed>
      </trkpt>
      <trkpt lat="50.6311160" lon="-2.3498956">
        <ele>0.6</ele>
        <time>2025-12-12T11:34:00.000Z</time>
        <speed>1.054</speed>
      </trkpt>
      <trkpt lat="50.6311289" lon="-2.3498360">
        <ele>0.6</ele>
        <time>2025-12-12T11:34:05.000Z</time>
        <speed>0.980</speed>
      </trkpt>
      <trkpt lat="50.6311451" lon="-2.3497869">
        <ele>0.8</ele>
        <time>2025-12-12T11:34:10.000Z</time>
        <speed>0.914</speed>
      </trkpt>
      <trkpt lat="50.6311457" lon="-2.3497554">
        <ele>1.2</ele>
        <time>2025-12-12T11:34:15.000Z</time>
        <speed>0.681</speed>
      </trkpt>
      <trkpt lat="50.6311462" lon="-2.3497580">
        <ele>1.2</ele>
        <time>2025-12-12T11:34:20.000Z</time>
        <speed>0.000</speed>
      </trkpt>
      <trkpt lat="50.6311462" lon="-2.3497580">
        <ele>1.2</ele>
        <time>2025-12-12T11:34:25.000Z</time>
        <speed>0.000</speed>
      </trkpt>
      <trkpt lat="50.6311376" lon="-2.3497772">
        <ele>1.0</ele>
        <time>2025-12-12T11:34:30.000Z</time>
        <speed>0.000</speed>
      </trkpt>
      <trkpt lat="50.6311387" lon="-2.3497878">
        <ele>0.6</ele>
        <time>2025-12-12T11:34:35.000Z</time>
        <speed>0.000</speed>
      </trkpt>
      <trkpt lat="50.6311448" lon="-2.3497998">
        <ele>0.0</ele>
        <time>2025-12-12T11:34:40.000Z</time>
        <speed>0.000</speed>
      </trkpt>
      <trkpt lat="50.6311448" lon="-2.3497998">
        <ele>-0.2</ele>
        <time>2025-12-12T11:34:45.000Z</time>
        <speed>0.000</speed>
      </trkpt>
      <trkpt lat="50.6311448" lon="-2.3497998">
        <ele>-0.4</ele>
        <time>2025-12-12T11:34:50.000Z</time>
        <speed>0.000</speed>
      </trkpt>
      <trkpt lat="50.6311448" lon="-2.3497998">
        <ele>-0.6</ele>
        <time>2025-12-12T11:34:55.000Z</time>
        <speed>0.000</speed>
      </trkpt>
      <trkpt lat="50.6311448" lon="-2.3497998">
        <ele>-0.8</ele>
        <time>2025-12-12T11:35:00.000Z</time>
        <speed>0.000</speed>
      </trkpt>
      <trkpt lat="50.6311448" lon="-2.3497998">
        <ele>-0.6</ele>
        <time>2025-12-12T11:35:05.000Z</time>
        <speed>0.000</speed>
      </trkpt>
      <trkpt lat="50.6311448" lon="-2.3497998">
        <ele>-0.8</ele>
        <time>2025-12-12T11:35:10.000Z</time>
        <speed>0.000</speed>
      </trkpt>
      <trkpt lat="50.6311448" lon="-2.3497998">
        <ele>-0.8</ele>
        <time>2025-12-12T11:35:15.000Z</time>
        <speed>0.000</speed>
      </trkpt>
      <trkpt lat="50.6311448" lon="-2.3497998">
        <ele>-0.4</ele>
        <time>2025-12-12T11:35:20.000Z</time>
        <speed>0.000</speed>
      </trkpt>
      <trkpt lat="50.6311448" lon="-2.3497998">
        <ele>-1.2</ele>
        <time>2025-12-12T11:35:25.000Z</time>
        <speed>0.000</speed>
      </trkpt>
      <trkpt lat="50.6311448" lon="-2.3497998">
        <ele>-1.0</ele>
        <time>2025-12-12T11:35:30.000Z</time>
        <speed>0.000</speed>
      </trkpt>
      <trkpt lat="50.6311448" lon="-2.3497998">
        <ele>-1.0</ele>
        <time>2025-12-12T11:35:35.000Z</time>
        <speed>0.000</speed>
      </trkpt>
      <trkpt lat="50.6311448" lon="-2.3497998">
        <ele>-1.0</ele>
        <time>2025-12-12T11:35:40.000Z</time>
        <speed>0.000</speed>
      </trkpt>
      <trkpt lat="50.6311448" lon="-2.3497998">
        <ele>-0.8</ele>
        <time>2025-12-12T11:35:45.000Z</time>
        <speed>0.000</speed>
      </trkpt>
      <trkpt lat="50.6311448" lon="-2.3497998">
        <ele>-0.8</ele>
        <time>2025-12-12T11:35:50.000Z</time>
        <speed>0.000</speed>
      </trkpt>
      <trkpt lat="50.6311448" lon="-2.3497998">
        <ele>-0.8</ele>
        <time>2025-12-12T11:35:55.000Z</time>
        <speed>0.000</speed>
      </trkpt>
      <trkpt lat="50.6311448" lon="-2.3497998">
        <ele>-0.6</ele>
        <time>2025-12-12T11:36:00.000Z</time>
        <speed>0.000</speed>
      </trkpt>
      <trkpt lat="50.6311448" lon="-2.3497998">
        <ele>-0.8</ele>
        <time>2025-12-12T11:36:05.000Z</time>
        <speed>0.000</speed>
      </trkpt>
      <trkpt lat="50.6311448" lon="-2.3497998">
        <ele>-0.2</ele>
        <time>2025-12-12T11:36:10.000Z</time>
        <speed>0.000</speed>
      </trkpt>
      <trkpt lat="50.6311448" lon="-2.3497998">
        <ele>-0.4</ele>
        <time>2025-12-12T11:36:15.000Z</time>
        <speed>0.000</speed>
      </trkpt>
      <trkpt lat="50.6311448" lon="-2.3497998">
        <ele>-0.2</ele>
        <time>2025-12-12T11:36:20.000Z</time>
        <speed>0.000</speed>
      </trkpt>
      <trkpt lat="50.6311448" lon="-2.3497998">
        <ele>0.4</ele>
        <time>2025-12-12T11:36:25.000Z</time>
        <speed>0.000</speed>
      </trkpt>
      <trkpt lat="50.6311448" lon="-2.3497998">
        <ele>0.4</ele>
        <time>2025-12-12T11:36:30.000Z</time>
        <speed>0.000</speed>
      </trkpt>
      <trkpt lat="50.6311448" lon="-2.3497998">
        <ele>0.4</ele>
        <time>2025-12-12T11:36:35.000Z</time>
        <speed>0.000</speed>
      </trkpt>
      <trkpt lat="50.6311448" lon="-2.3497998">
        <ele>0.2</ele>
        <time>2025-12-12T11:36:40.000Z</time>
        <speed>0.000</speed>
      </trkpt>
      <trkpt lat="50.6311448" lon="-2.3497998">
        <ele>0.6</ele>
        <time>2025-12-12T11:36:45.000Z</time>
        <speed>0.000</speed>
      </trkpt>
      <trkpt lat="50.6311448" lon="-2.3497998">
        <ele>0.6</ele>
        <time>2025-12-12T11:36:50.000Z</time>
        <speed>0.000</speed>
      </trkpt>
      <trkpt lat="50.6311448" lon="-2.3497998">
        <ele>0.4</ele>
        <time>2025-12-12T11:36:55.000Z</time>
        <speed>0.000</speed>
      </trkpt>
      <trkpt lat="50.6311448" lon="-2.3497998">
        <ele>0.2</ele>
        <time>2025-12-12T11:37:00.000Z</time>
        <speed>0.000</speed>
      </trkpt>
      <trkpt lat="50.6311448" lon="-2.3497998">
        <ele>0.0</ele>
        <time>2025-12-12T11:37:05.000Z</time>
        <speed>0.000</speed>
      </trkpt>
      <trkpt lat="50.6311448" lon="-2.3497998">
        <ele>-0.2</ele>
        <time>2025-12-12T11:37:10.000Z</time>
        <speed>0.000</speed>
      </trkpt>
      <trkpt lat="50.6311448" lon="-2.3497998">
        <ele>-0.6</ele>
        <time>2025-12-12T11:37:15.000Z</time>
        <speed>0.000</speed>
      </trkpt>
      <trkpt lat="50.6311448" lon="-2.3497998">
        <ele>-0.8</ele>
        <time>2025-12-12T11:37:20.000Z</time>
        <speed>0.000</speed>
      </trkpt>
      <trkpt lat="50.6311448" lon="-2.3497998">
        <ele>-0.6</ele>
        <time>2025-12-12T11:37:25.000Z</time>
        <speed>0.000</speed>
      </trkpt>
      <trkpt lat="50.6311448" lon="-2.3497998">
        <ele>-0.6</ele>
        <time>2025-12-12T11:37:30.000Z</time>
        <speed>0.000</speed>
      </trkpt>
      <trkpt lat="50.6311448" lon="-2.3497998">
        <ele>-0.6</ele>
        <time>2025-12-12T11:37:35.000Z</time>
        <speed>0.000</speed>
      </trkpt>
      <trkpt lat="50.6311448" lon="-2.3497998">
        <ele>-0.6</ele>
        <time>2025-12-12T11:37:40.000Z</time>
        <speed>0.000</speed>
      </trkpt>
      <trkpt lat="50.6311448" lon="-2.3497998">
        <ele>-0.2</ele>
        <time>2025-12-12T11:37:45.000Z</time>
        <speed>0.000</speed>
      </trkpt>
      <trkpt lat="50.6311448" lon="-2.3497998">
        <ele>-0.2</ele>
        <time>2025-12-12T11:37:50.000Z</time>
        <speed>0.000</speed>
      </trkpt>
      <trkpt lat="50.6311448" lon="-2.3497998">
        <ele>-0.2</ele>
        <time>2025-12-12T11:37:55.000Z</time>
        <speed>0.000</speed>
      </trkpt>
      <trkpt lat="50.6311448" lon="-2.3497998">
        <ele>-0.4</ele>
        <time>2025-12-12T11:38:00.000Z</time>
        <speed>0.000</speed>
      </trkpt>
      <trkpt lat="50.6311448" lon="-2.3497998">
        <ele>-0.6</ele>
        <time>2025-12-12T11:38:05.000Z</time>
        <speed>0.000</speed>
      </trkpt>
      <trkpt lat="50.6311448" lon="-2.3497998">
        <ele>-0.4</ele>
        <time>2025-12-12T11:38:10.000Z</time>
        <speed>0.000</speed>
      </trkpt>
      <trkpt lat="50.6311448" lon="-2.3497998">
        <ele>-0.6</ele>
        <time>2025-12-12T11:38:15.000Z</time>
        <speed>0.000</speed>
      </trkpt>
      <trkpt lat="50.6311448" lon="-2.3497998">
        <ele>-0.6</ele>
        <time>2025-12-12T11:38:20.000Z</time>
        <speed>0.000</speed>
      </trkpt>
      <trkpt lat="50.6311448" lon="-2.3497998">
        <ele>-0.6</ele>
        <time>2025-12-12T11:38:25.000Z</time>
        <speed>0.000</speed>
      </trkpt>
      <trkpt lat="50.6311448" lon="-2.3497998">
        <ele>-0.6</ele>
        <time>2025-12-12T11:38:30.000Z</time>
        <speed>0.000</speed>
      </trkpt>
      <trkpt lat="50.6311448" lon="-2.3497998">
        <ele>-0.6</ele>
        <time>2025-12-12T11:38:35.000Z</time>
        <speed>0.000</speed>
      </trkpt>
      <trkpt lat="50.6311448" lon="-2.3497998">
        <ele>-0.8</ele>
        <time>2025-12-12T11:38:40.000Z</time>
        <speed>0.000</speed>
      </trkpt>
      <trkpt lat="50.6311448" lon="-2.3497998">
        <ele>-0.6</ele>
        <time>2025-12-12T11:38:45.000Z</time>
        <speed>0.000</speed>
      </trkpt>
      <trkpt lat="50.6311448" lon="-2.3497998">
        <ele>0.0</ele>
        <time>2025-12-12T11:38:50.000Z</time>
        <speed>0.000</speed>
      </trkpt>
      <trkpt lat="50.6311448" lon="-2.3497998">
        <ele>-0.2</ele>
        <time>2025-12-12T11:38:55.000Z</time>
        <speed>0.000</speed>
      </trkpt>
      <trkpt lat="50.6311448" lon="-2.3497998">
        <ele>-0.2</ele>
        <time>2025-12-12T11:39:00.000Z</time>
        <speed>0.000</speed>
      </trkpt>
      <trkpt lat="50.6311448" lon="-2.3497998">
        <ele>0.0</ele>
        <time>2025-12-12T11:39:05.000Z</time>
        <speed>0.000</speed>
      </trkpt>
      <trkpt lat="50.6311448" lon="-2.3497998">
        <ele>0.0</ele>
        <time>2025-12-12T11:39:10.000Z</time>
        <speed>0.000</speed>
      </trkpt>
      <trkpt lat="50.6311448" lon="-2.3497998">
        <ele>0.0</ele>
        <time>2025-12-12T11:39:15.000Z</time>
        <speed>0.000</speed>
      </trkpt>
      <trkpt lat="50.6311448" lon="-2.3497998">
        <ele>0.0</ele>
        <time>2025-12-12T11:39:20.000Z</time>
        <speed>0.000</speed>
      </trkpt>
      <trkpt lat="50.6311448" lon="-2.3497998">
        <ele>-0.2</ele>
        <time>2025-12-12T11:39:25.000Z</time>
        <speed>0.000</speed>
      </trkpt>
      <trkpt lat="50.6311448" lon="-2.3497998">
        <ele>-0.4</ele>
        <time>2025-12-12T11:39:30.000Z</time>
        <speed>0.000</speed>
      </trkpt>
      <trkpt lat="50.6311448" lon="-2.3497998">
        <ele>-0.2</ele>
        <time>2025-12-12T11:39:35.000Z</time>
        <speed>0.000</speed>
      </trkpt>
      <trkpt lat="50.6311448" lon="-2.3497998">
        <ele>0.0</ele>
        <time>2025-12-12T11:39:40.000Z</time>
        <speed>0.000</speed>
      </trkpt>
      <trkpt lat="50.6311448" lon="-2.3497998">
        <ele>0.0</ele>
        <time>2025-12-12T11:39:45.000Z</time>
        <speed>0.000</speed>
      </trkpt>
      <trkpt lat="50.6311448" lon="-2.3497998">
        <ele>0.0</ele>
        <time>2025-12-12T11:39:50.000Z</time>
        <speed>0.000</speed>
      </trkpt>
      <trkpt lat="50.6311448" lon="-2.3497998">
        <ele>0.0</ele>
        <time>2025-12-12T11:39:55.000Z</time>
        <speed>0.000</speed>
      </trkpt>
      <trkpt lat="50.6311448" lon="-2.3497998">
        <ele>0.2</ele>
        <time>2025-12-12T11:40:00.000Z</time>
        <speed>0.000</speed>
      </trkpt>
      <trkpt lat="50.6311448" lon="-2.3497998">
        <ele>-0.2</ele>
        <time>2025-12-12T11:40:05.000Z</time>
        <speed>0.000</speed>
      </trkpt>
      <trkpt lat="50.6311448" lon="-2.3497998">
        <ele>-0.2</ele>
        <time>2025-12-12T11:40:10.000Z</time>
        <speed>0.000</speed>
      </trkpt>
      <trkpt lat="50.6311448" lon="-2.3497998">
        <ele>-0.2</ele>
        <time>2025-12-12T11:40:15.000Z</time>
        <speed>0.000</speed>
      </trkpt>
      <trkpt lat="50.6311448" lon="-2.3497998">
        <ele>0.0</ele>
        <time>2025-12-12T11:40:20.000Z</time>
        <speed>0.000</speed>
      </trkpt>
      <trkpt lat="50.6311448" lon="-2.3497998">
        <ele>0.0</ele>
        <time>2025-12-12T11:40:25.000Z</time>
        <speed>0.000</speed>
      </trkpt>
      <trkpt lat="50.6311448" lon="-2.3497998">
        <ele>0.0</ele>
        <time>2025-12-12T11:40:30.000Z</time>
        <speed>0.000</speed>
      </trkpt>
      <trkpt lat="50.6311448" lon="-2.3497998">
        <ele>-0.4</ele>
        <time>2025-12-12T11:40:35.000Z</time>
        <speed>0.000</speed>
      </trkpt>
      <trkpt lat="50.6311448" lon="-2.3497998">
        <ele>-0.2</ele>
        <time>2025-12-12T11:40:40.000Z</time>
        <speed>0.000</speed>
      </trkpt>
      <trkpt lat="50.6311516" lon="-2.3498129">
        <ele>0.8</ele>
        <time>2025-12-12T11:40:45.000Z</time>
        <speed>0.000</speed>
      </trkpt>
      <trkpt lat="50.6311448" lon="-2.3497998">
        <ele>1.0</ele>
        <time>2025-12-12T11:40:50.000Z</time>
        <speed>0.000</speed>
      </trkpt>
      <trkpt lat="50.6311448" lon="-2.3497998">
        <ele>1.2</ele>
        <time>2025-12-12T11:40:55.000Z</time>
        <speed>0.000</speed>
      </trkpt>
      <trkpt lat="50.6311448" lon="-2.3497998">
        <ele>1.4</ele>
        <time>2025-12-12T11:41:00.000Z</time>
        <speed>0.000</speed>
      </trkpt>
      <trkpt lat="50.6311448" lon="-2.3497998">
        <ele>1.4</ele>
        <time>2025-12-12T11:41:05.000Z</time>
        <speed>0.000</speed>
      </trkpt>
      <trkpt lat="50.6311448" lon="-2.3497998">
        <ele>1.0</ele>
        <time>2025-12-12T11:41:10.000Z</time>
        <speed>0.000</speed>
      </trkpt>
      <trkpt lat="50.6311448" lon="-2.3497998">
        <ele>0.6</ele>
        <time>2025-12-12T11:41:15.000Z</time>
        <speed>0.000</speed>
      </trkpt>
      <trkpt lat="50.6311448" lon="-2.3497998">
        <ele>-0.4</ele>
        <time>2025-12-12T11:41:20.000Z</time>
        <speed>0.000</speed>
      </trkpt>
      <trkpt lat="50.6311448" lon="-2.3497998">
        <ele>-0.8</ele>
        <time>2025-12-12T11:41:25.000Z</time>
        <speed>0.000</speed>
      </trkpt>
      <trkpt lat="50.6311448" lon="-2.3497998">
        <ele>-1.6</ele>
        <time>2025-12-12T11:41:30.000Z</time>
        <speed>0.000</speed>
      </trkpt>
      <trkpt lat="50.6311448" lon="-2.3497998">
        <ele>-2.0</ele>
        <time>2025-12-12T11:41:35.000Z</time>
        <speed>0.000</speed>
      </trkpt>
      <trkpt lat="50.6311448" lon="-2.3497998">
        <ele>-2.6</ele>
        <time>2025-12-12T11:41:40.000Z</time>
        <speed>0.000</speed>
      </trkpt>
      <trkpt lat="50.6311448" lon="-2.3497998">
        <ele>-3.4</ele>
        <time>2025-12-12T11:41:45.000Z</time>
        <speed>0.000</speed>
      </trkpt>
      <trkpt lat="50.6311448" lon="-2.3497998">
        <ele>-3.8</ele>
        <time>2025-12-12T11:41:50.000Z</time>
        <speed>0.000</speed>
      </trkpt>
      <trkpt lat="50.6311448" lon="-2.3497998">
        <ele>-4.4</ele>
        <time>2025-12-12T11:41:55.000Z</time>
        <speed>0.000</speed>
      </trkpt>
      <trkpt lat="50.6311448" lon="-2.3497998">
        <ele>-4.6</ele>
        <time>2025-12-12T11:42:00.000Z</time>
        <speed>0.000</speed>
      </trkpt>
      <trkpt lat="50.6311448" lon="-2.3497998">
        <ele>-5.0</ele>
        <time>2025-12-12T11:42:05.000Z</time>
        <speed>0.000</speed>
      </trkpt>
      <trkpt lat="50.6311448" lon="-2.3497998">
        <ele>-5.2</ele>
        <time>2025-12-12T11:42:10.000Z</time>
        <speed>0.000</speed>
      </trkpt>
      <trkpt lat="50.6311478" lon="-2.3498122">
        <ele>-5.4</ele>
        <time>2025-12-12T11:42:15.000Z</time>
        <speed>0.000</speed>
      </trkpt>
      <trkpt lat="50.6311448" lon="-2.3497998">
        <ele>-5.2</ele>
        <time>2025-12-12T11:42:20.000Z</time>
        <speed>0.000</speed>
      </trkpt>
      <trkpt lat="50.6311354" lon="-2.3497970">
        <ele>-4.6</ele>
        <time>2025-12-12T11:42:25.000Z</time>
        <speed>0.000</speed>
      </trkpt>
      <trkpt lat="50.6311454" lon="-2.3497961">
        <ele>-4.0</ele>
        <time>2025-12-12T11:42:30.000Z</time>
        <speed>0.000</speed>
      </trkpt>
      <trkpt lat="50.6311489" lon="-2.3497595">
        <ele>-3.0</ele>
        <time>2025-12-12T11:42:35.000Z</time>
        <speed>0.000</speed>
      </trkpt>
      <trkpt lat="50.6311505" lon="-2.3497563">
        <ele>-1.8</ele>
        <time>2025-12-12T11:42:40.000Z</time>
        <speed>0.000</speed>
      </trkpt>
      <trkpt lat="50.6311505" lon="-2.3497563">
        <ele>-2.0</ele>
        <time>2025-12-12T11:42:45.000Z</time>
        <speed>0.000</speed>
      </trkpt>
      <trkpt lat="50.6311505" lon="-2.3497563">
        <ele>-0.8</ele>
        <time>2025-12-12T11:42:50.000Z</time>
        <speed>0.000</speed>
      </trkpt>
      <trkpt lat="50.6311505" lon="-2.3497563">
        <ele>0.0</ele>
        <time>2025-12-12T11:42:55.000Z</time>
        <speed>0.000</speed>
      </trkpt>
      <trkpt lat="50.6311505" lon="-2.3497563">
        <ele>0.4</ele>
        <time>2025-12-12T11:43:00.000Z</time>
        <speed>0.000</speed>
      </trkpt>
      <trkpt lat="50.6311505" lon="-2.3497563">
        <ele>1.2</ele>
        <time>2025-12-12T11:43:05.000Z</time>
        <speed>0.000</speed>
      </trkpt>
      <trkpt lat="50.6311505" lon="-2.3497563">
        <ele>1.8</ele>
        <time>2025-12-12T11:43:10.000Z</time>
        <speed>0.000</speed>
      </trkpt>
      <trkpt lat="50.6311505" lon="-2.3497563">
        <ele>2.4</ele>
        <time>2025-12-12T11:43:15.000Z</time>
        <speed>0.000</speed>
      </trkpt>
      <trkpt lat="50.6311505" lon="-2.3497563">
        <ele>2.8</ele>
        <time>2025-12-12T11:43:20.000Z</time>
        <speed>0.000</speed>
      </trkpt>
      <trkpt lat="50.6311505" lon="-2.3497563">
        <ele>3.2</ele>
        <time>2025-12-12T11:43:25.000Z</time>
        <speed>0.000</speed>
      </trkpt>
      <trkpt lat="50.6311505" lon="-2.3497563">
        <ele>3.4</ele>
        <time>2025-12-12T11:43:30.000Z</time>
        <speed>0.000</speed>
      </trkpt>
      <trkpt lat="50.6311505" lon="-2.3497563">
        <ele>3.4</ele>
        <time>2025-12-12T11:43:35.000Z</time>
        <speed>0.000</speed>
      </trkpt>
      <trkpt lat="50.6311505" lon="-2.3497563">
        <ele>3.4</ele>
        <time>2025-12-12T11:43:40.000Z</time>
        <speed>0.000</speed>
      </trkpt>
      <trkpt lat="50.6311505" lon="-2.3497563">
        <ele>3.6</ele>
        <time>2025-12-12T11:43:45.000Z</time>
        <speed>0.000</speed>
      </trkpt>
      <trkpt lat="50.6311505" lon="-2.3497563">
        <ele>3.8</ele>
        <time>2025-12-12T11:43:50.000Z</time>
        <speed>0.000</speed>
      </trkpt>
      <trkpt lat="50.6311505" lon="-2.3497563">
        <ele>4.0</ele>
        <time>2025-12-12T11:43:55.000Z</time>
        <speed>0.000</speed>
      </trkpt>
      <trkpt lat="50.6311505" lon="-2.3497563">
        <ele>4.0</ele>
        <time>2025-12-12T11:44:00.000Z</time>
        <speed>0.000</speed>
      </trkpt>
      <trkpt lat="50.6311505" lon="-2.3497563">
        <ele>4.0</ele>
        <time>2025-12-12T11:44:05.000Z</time>
        <speed>0.000</speed>
      </trkpt>
      <trkpt lat="50.6311505" lon="-2.3497563">
        <ele>4.2</ele>
        <time>2025-12-12T11:44:10.000Z</time>
        <speed>0.000</speed>
      </trkpt>
      <trkpt lat="50.6311505" lon="-2.3497563">
        <ele>4.0</ele>
        <time>2025-12-12T11:44:15.000Z</time>
        <speed>0.000</speed>
      </trkpt>
      <trkpt lat="50.6311505" lon="-2.3497563">
        <ele>3.8</ele>
        <time>2025-12-12T11:44:20.000Z</time>
        <speed>0.000</speed>
      </trkpt>
      <trkpt lat="50.6311505" lon="-2.3497563">
        <ele>3.8</ele>
        <time>2025-12-12T11:44:25.000Z</time>
        <speed>0.000</speed>
      </trkpt>
      <trkpt lat="50.6311505" lon="-2.3497563">
        <ele>4.0</ele>
        <time>2025-12-12T11:44:30.000Z</time>
        <speed>0.000</speed>
      </trkpt>
      <trkpt lat="50.6311635" lon="-2.3497427">
        <ele>3.8</ele>
        <time>2025-12-12T11:44:35.000Z</time>
        <speed>0.000</speed>
      </trkpt>
      <trkpt lat="50.6311638" lon="-2.3497411">
        <ele>3.8</ele>
        <time>2025-12-12T11:44:40.000Z</time>
        <speed>0.000</speed>
      </trkpt>
      <trkpt lat="50.6311638" lon="-2.3497411">
        <ele>3.8</ele>
        <time>2025-12-12T11:44:45.000Z</time>
        <speed>0.000</speed>
      </trkpt>
      <trkpt lat="50.6311638" lon="-2.3497411">
        <ele>3.8</ele>
        <time>2025-12-12T11:44:50.000Z</time>
        <speed>0.000</speed>
      </trkpt>
      <trkpt lat="50.6311638" lon="-2.3497411">
        <ele>3.8</ele>
        <time>2025-12-12T11:44:55.000Z</time>
        <speed>0.000</speed>
      </trkpt>
      <trkpt lat="50.6311638" lon="-2.3497411">
        <ele>4.0</ele>
        <time>2025-12-12T11:45:00.000Z</time>
        <speed>0.000</speed>
      </trkpt>
      <trkpt lat="50.6311638" lon="-2.3497411">
        <ele>3.8</ele>
        <time>2025-12-12T11:45:05.000Z</time>
        <speed>0.000</speed>
      </trkpt>
      <trkpt lat="50.6311638" lon="-2.3497411">
        <ele>3.8</ele>
        <time>2025-12-12T11:45:10.000Z</time>
        <speed>0.000</speed>
      </trkpt>
      <trkpt lat="50.6311638" lon="-2.3497411">
        <ele>3.8</ele>
        <time>2025-12-12T11:45:15.000Z</time>
        <speed>0.000</speed>
      </trkpt>
      <trkpt lat="50.6311638" lon="-2.3497411">
        <ele>4.0</ele>
        <time>2025-12-12T11:45:20.000Z</time>
        <speed>0.000</speed>
      </trkpt>
      <trkpt lat="50.6311638" lon="-2.3497411">
        <ele>4.2</ele>
        <time>2025-12-12T11:45:25.000Z</time>
        <speed>0.000</speed>
      </trkpt>
      <trkpt lat="50.6311638" lon="-2.3497411">
        <ele>4.2</ele>
        <time>2025-12-12T11:45:30.000Z</time>
        <speed>0.000</speed>
      </trkpt>
      <trkpt lat="50.6311638" lon="-2.3497411">
        <ele>4.4</ele>
        <time>2025-12-12T11:45:35.000Z</time>
        <speed>0.000</speed>
      </trkpt>
      <trkpt lat="50.6311638" lon="-2.3497411">
        <ele>4.4</ele>
        <time>2025-12-12T11:45:40.000Z</time>
        <speed>0.000</speed>
      </trkpt>
      <trkpt lat="50.6311638" lon="-2.3497411">
        <ele>4.0</ele>
        <time>2025-12-12T11:45:45.000Z</time>
        <speed>0.000</speed>
      </trkpt>
      <trkpt lat="50.6311638" lon="-2.3497411">
        <ele>3.8</ele>
        <time>2025-12-12T11:45:50.000Z</time>
        <speed>0.000</speed>
      </trkpt>
      <trkpt lat="50.6311638" lon="-2.3497411">
        <ele>3.4</ele>
        <time>2025-12-12T11:45:55.000Z</time>
        <speed>0.000</speed>
      </trkpt>
      <trkpt lat="50.6311638" lon="-2.3497411">
        <ele>2.8</ele>
        <time>2025-12-12T11:46:00.000Z</time>
        <speed>0.000</speed>
      </trkpt>
      <trkpt lat="50.6311638" lon="-2.3497411">
        <ele>2.4</ele>
        <time>2025-12-12T11:46:05.000Z</time>
        <speed>0.000</speed>
      </trkpt>
      <trkpt lat="50.6311638" lon="-2.3497411">
        <ele>1.8</ele>
        <time>2025-12-12T11:46:10.000Z</time>
        <speed>0.000</speed>
      </trkpt>
      <trkpt lat="50.6311638" lon="-2.3497411">
        <ele>1.4</ele>
        <time>2025-12-12T11:46:15.000Z</time>
        <speed>0.000</speed>
      </trkpt>
      <trkpt lat="50.6311638" lon="-2.3497411">
        <ele>1.0</ele>
        <time>2025-12-12T11:46:20.000Z</time>
        <speed>0.000</speed>
      </trkpt>
      <trkpt lat="50.6311638" lon="-2.3497411">
        <ele>0.4</ele>
        <time>2025-12-12T11:46:25.000Z</time>
        <speed>0.000</speed>
      </trkpt>
      <trkpt lat="50.6311638" lon="-2.3497411">
        <ele>0.0</ele>
        <time>2025-12-12T11:46:30.000Z</time>
        <speed>0.000</speed>
      </trkpt>
      <trkpt lat="50.6311638" lon="-2.3497411">
        <ele>-0.6</ele>
        <time>2025-12-12T11:46:35.000Z</time>
        <speed>0.000</speed>
      </trkpt>
      <trkpt lat="50.6311638" lon="-2.3497411">
        <ele>-1.0</ele>
        <time>2025-12-12T11:46:40.000Z</time>
        <speed>0.000</speed>
      </trkpt>
      <trkpt lat="50.6311638" lon="-2.3497411">
        <ele>-1.2</ele>
        <time>2025-12-12T11:46:45.000Z</time>
        <speed>0.000</speed>
      </trkpt>
      <trkpt lat="50.6311638" lon="-2.3497411">
        <ele>-1.4</ele>
        <time>2025-12-12T11:46:50.000Z</time>
        <speed>0.000</speed>
      </trkpt>
      <trkpt lat="50.6311638" lon="-2.3497411">
        <ele>-1.2</ele>
        <time>2025-12-12T11:46:55.000Z</time>
        <speed>0.000</speed>
      </trkpt>
      <trkpt lat="50.6311638" lon="-2.3497411">
        <ele>-1.4</ele>
        <time>2025-12-12T11:47:00.000Z</time>
        <speed>0.000</speed>
      </trkpt>
      <trkpt lat="50.6311638" lon="-2.3497411">
        <ele>-1.4</ele>
        <time>2025-12-12T11:47:05.000Z</time>
        <speed>0.000</speed>
      </trkpt>
      <trkpt lat="50.6311638" lon="-2.3497411">
        <ele>-1.2</ele>
        <time>2025-12-12T11:47:10.000Z</time>
        <speed>0.000</speed>
      </trkpt>
      <trkpt lat="50.6311638" lon="-2.3497411">
        <ele>-1.4</ele>
        <time>2025-12-12T11:47:15.000Z</time>
        <speed>0.000</speed>
      </trkpt>
      <trkpt lat="50.6311638" lon="-2.3497411">
        <ele>-1.4</ele>
        <time>2025-12-12T11:47:20.000Z</time>
        <speed>0.000</speed>
      </trkpt>
      <trkpt lat="50.6311638" lon="-2.3497411">
        <ele>-1.2</ele>
        <time>2025-12-12T11:47:25.000Z</time>
        <speed>0.000</speed>
      </trkpt>
      <trkpt lat="50.6311638" lon="-2.3497411">
        <ele>-0.8</ele>
        <time>2025-12-12T11:47:30.000Z</time>
        <speed>0.000</speed>
      </trkpt>
      <trkpt lat="50.6311638" lon="-2.3497411">
        <ele>-0.2</ele>
        <time>2025-12-12T11:47:35.000Z</time>
        <speed>0.000</speed>
      </trkpt>
      <trkpt lat="50.6311638" lon="-2.3497411">
        <ele>0.2</ele>
        <time>2025-12-12T11:47:40.000Z</time>
        <speed>0.000</speed>
      </trkpt>
      <trkpt lat="50.6311638" lon="-2.3497411">
        <ele>0.4</ele>
        <time>2025-12-12T11:47:45.000Z</time>
        <speed>0.000</speed>
      </trkpt>
      <trkpt lat="50.6311638" lon="-2.3497411">
        <ele>0.6</ele>
        <time>2025-12-12T11:47:50.000Z</time>
        <speed>0.000</speed>
      </trkpt>
      <trkpt lat="50.6311638" lon="-2.3497411">
        <ele>0.6</ele>
        <time>2025-12-12T11:47:55.000Z</time>
        <speed>0.000</speed>
      </trkpt>
      <trkpt lat="50.6311638" lon="-2.3497411">
        <ele>0.4</ele>
        <time>2025-12-12T11:48:00.000Z</time>
        <speed>0.000</speed>
      </trkpt>
      <trkpt lat="50.6311638" lon="-2.3497411">
        <ele>0.8</ele>
        <time>2025-12-12T11:48:05.000Z</time>
        <speed>0.000</speed>
      </trkpt>
      <trkpt lat="50.6311577" lon="-2.3497749">
        <ele>1.0</ele>
        <time>2025-12-12T11:48:10.000Z</time>
        <speed>0.000</speed>
      </trkpt>
      <trkpt lat="50.6311508" lon="-2.3497915">
        <ele>1.4</ele>
        <time>2025-12-12T11:48:15.000Z</time>
        <speed>0.000</speed>
      </trkpt>
      <trkpt lat="50.6311475" lon="-2.3498237">
        <ele>1.4</ele>
        <time>2025-12-12T11:48:20.000Z</time>
        <speed>0.000</speed>
      </trkpt>
      <trkpt lat="50.6311453" lon="-2.3498703">
        <ele>2.0</ele>
        <time>2025-12-12T11:48:25.000Z</time>
        <speed>0.830</speed>
      </trkpt>
      <trkpt lat="50.6311462" lon="-2.3498813">
        <ele>2.8</ele>
        <time>2025-12-12T11:48:30.000Z</time>
        <speed>0.000</speed>
      </trkpt>
      <trkpt lat="50.6311742" lon="-2.3498738">
        <ele>4.0</ele>
        <time>2025-12-12T11:48:35.000Z</time>
        <speed>0.000</speed>
      </trkpt>
      <trkpt lat="50.6312097" lon="-2.3498629">
        <ele>5.6</ele>
        <time>2025-12-12T11:48:40.000Z</time>
        <speed>0.830</speed>
      </trkpt>
      <trkpt lat="50.6312446" lon="-2.3498515">
        <ele>6.8</ele>
        <time>2025-12-12T11:48:45.000Z</time>
        <speed>0.905</speed>
      </trkpt>
      <trkpt lat="50.6312674" lon="-2.3498475">
        <ele>8.0</ele>
        <time>2025-12-12T11:48:50.000Z</time>
        <speed>0.662</speed>
      </trkpt>
      <trkpt lat="50.6312993" lon="-2.3498210">
        <ele>8.8</ele>
        <time>2025-12-12T11:48:55.000Z</time>
        <speed>0.821</speed>
      </trkpt>
      <trkpt lat="50.6313293" lon="-2.3497762">
        <ele>9.0</ele>
        <time>2025-12-12T11:49:00.000Z</time>
        <speed>0.970</speed>
      </trkpt>
      <trkpt lat="50.6313446" lon="-2.3497266">
        <ele>9.2</ele>
        <time>2025-12-12T11:49:05.000Z</time>
        <speed>0.914</speed>
      </trkpt>
      <trkpt lat="50.6313525" lon="-2.3496970">
        <ele>9.0</ele>
        <time>2025-12-12T11:49:10.000Z</time>
        <speed>0.672</speed>
      </trkpt>
      <trkpt lat="50.6313889" lon="-2.3496498">
        <ele>9.0</ele>
        <time>2025-12-12T11:49:15.000Z</time>
        <speed>1.138</speed>
      </trkpt>
      <trkpt lat="50.6314350" lon="-2.3496443">
        <ele>9.2</ele>
        <time>2025-12-12T11:49:20.000Z</time>
        <speed>1.204</speed>
      </trkpt>
      <trkpt lat="50.6314785" lon="-2.3496286">
        <ele>9.2</ele>
        <time>2025-12-12T11:49:25.000Z</time>
        <speed>1.017</speed>
      </trkpt>
      <trkpt lat="50.6315215" lon="-2.3496310">
        <ele>9.4</ele>
        <time>2025-12-12T11:49:30.000Z</time>
        <speed>0.998</speed>
      </trkpt>
      <trkpt lat="50.6315711" lon="-2.3496402">
        <ele>9.2</ele>
        <time>2025-12-12T11:49:35.000Z</time>
        <speed>1.054</speed>
      </trkpt>
      <trkpt lat="50.6316105" lon="-2.3496528">
        <ele>9.4</ele>
        <time>2025-12-12T11:49:40.000Z</time>
        <speed>1.036</speed>
      </trkpt>
      <trkpt lat="50.6316543" lon="-2.3496594">
        <ele>9.2</ele>
        <time>2025-12-12T11:49:45.000Z</time>
        <speed>1.026</speed>
      </trkpt>
      <trkpt lat="50.6316935" lon="-2.3496583">
        <ele>9.4</ele>
        <time>2025-12-12T11:49:50.000Z</time>
        <speed>0.989</speed>
      </trkpt>
      <trkpt lat="50.6317385" lon="-2.3496485">
        <ele>9.4</ele>
        <time>2025-12-12T11:49:55.000Z</time>
        <speed>0.980</speed>
      </trkpt>
      <trkpt lat="50.6317860" lon="-2.3496425">
        <ele>9.6</ele>
        <time>2025-12-12T11:50:00.000Z</time>
        <speed>1.017</speed>
      </trkpt>
      <trkpt lat="50.6318411" lon="-2.3496299">
        <ele>10.0</ele>
        <time>2025-12-12T11:50:05.000Z</time>
        <speed>1.129</speed>
      </trkpt>
      <trkpt lat="50.6318955" lon="-2.3496112">
        <ele>10.4</ele>
        <time>2025-12-12T11:50:10.000Z</time>
        <speed>1.204</speed>
      </trkpt>
      <trkpt lat="50.6319430" lon="-2.3495974">
        <ele>10.6</ele>
        <time>2025-12-12T11:50:15.000Z</time>
        <speed>1.157</speed>
      </trkpt>
      <trkpt lat="50.6319777" lon="-2.3496184">
        <ele>10.6</ele>
        <time>2025-12-12T11:50:20.000Z</time>
        <speed>1.092</speed>
      </trkpt>
      <trkpt lat="50.6320123" lon="-2.3496281">
        <ele>10.8</ele>
        <time>2025-12-12T11:50:25.000Z</time>
        <speed>0.868</speed>
      </trkpt>
      <trkpt lat="50.6320540" lon="-2.3496348">
        <ele>10.8</ele>
        <time>2025-12-12T11:50:30.000Z</time>
        <speed>0.905</speed>
      </trkpt>
      <trkpt lat="50.6320839" lon="-2.3496691">
        <ele>11.0</ele>
        <time>2025-12-12T11:50:35.000Z</time>
        <speed>0.924</speed>
      </trkpt>
      <trkpt lat="50.6321187" lon="-2.3497171">
        <ele>11.0</ele>
        <time>2025-12-12T11:50:40.000Z</time>
        <speed>0.998</speed>
      </trkpt>
      <trkpt lat="50.6321182" lon="-2.3497722">
        <ele>11.0</ele>
        <time>2025-12-12T11:50:45.000Z</time>
        <speed>1.045</speed>
      </trkpt>
      <trkpt lat="50.6321104" lon="-2.3498541">
        <ele>11.0</ele>
        <time>2025-12-12T11:50:50.000Z</time>
        <speed>1.082</speed>
      </trkpt>
      <trkpt lat="50.6320959" lon="-2.3499442">
        <ele>11.0</ele>
        <time>2025-12-12T11:50:55.000Z</time>
        <speed>1.204</speed>
      </trkpt>
      <trkpt lat="50.6320953" lon="-2.3500317">
        <ele>10.6</ele>
        <time>2025-12-12T11:51:00.000Z</time>
        <speed>1.213</speed>
      </trkpt>
      <trkpt lat="50.6320983" lon="-2.3501256">
        <ele>10.4</ele>
        <time>2025-12-12T11:51:05.000Z</time>
        <speed>1.241</speed>
      </trkpt>
      <trkpt lat="50.6320917" lon="-2.3502218">
        <ele>10.4</ele>
        <time>2025-12-12T11:51:10.000Z</time>
        <speed>1.260</speed>
      </trkpt>
      <trkpt lat="50.6320883" lon="-2.3503094">
        <ele>10.4</ele>
        <time>2025-12-12T11:51:15.000Z</time>
        <speed>1.288</speed>
      </trkpt>
      <trkpt lat="50.6320773" lon="-2.3503906">
        <ele>10.4</ele>
        <time>2025-12-12T11:51:20.000Z</time>
        <speed>1.250</speed>
      </trkpt>
      <trkpt lat="50.6320772" lon="-2.3504723">
        <ele>10.4</ele>
        <time>2025-12-12T11:51:25.000Z</time>
        <speed>1.260</speed>
      </trkpt>
      <trkpt lat="50.6320774" lon="-2.3505666">
        <ele>10.2</ele>
        <time>2025-12-12T11:51:30.000Z</time>
        <speed>1.260</speed>
      </trkpt>
      <trkpt lat="50.6320690" lon="-2.3506689">
        <ele>10.4</ele>
        <time>2025-12-12T11:51:35.000Z</time>
        <speed>1.334</speed>
      </trkpt>
      <trkpt lat="50.6320721" lon="-2.3507550">
        <ele>10.4</ele>
        <time>2025-12-12T11:51:40.000Z</time>
        <speed>1.334</speed>
      </trkpt>
      <trkpt lat="50.6320716" lon="-2.3508356">
        <ele>10.4</ele>
        <time>2025-12-12T11:51:45.000Z</time>
        <speed>1.306</speed>
      </trkpt>
      <trkpt lat="50.6320703" lon="-2.3509311">
        <ele>10.6</ele>
        <time>2025-12-12T11:51:50.000Z</time>
        <speed>1.288</speed>
      </trkpt>
      <trkpt lat="50.6320743" lon="-2.3510278">
        <ele>10.6</ele>
        <time>2025-12-12T11:51:55.000Z</time>
        <speed>1.306</speed>
      </trkpt>
      <trkpt lat="50.6320708" lon="-2.3511054">
        <ele>10.6</ele>
        <time>2025-12-12T11:52:00.000Z</time>
        <speed>1.288</speed>
      </trkpt>
      <trkpt lat="50.6320753" lon="-2.3511958">
        <ele>10.8</ele>
        <time>2025-12-12T11:52:05.000Z</time>
        <speed>1.278</speed>
      </trkpt>
      <trkpt lat="50.6320766" lon="-2.3512979">
        <ele>10.8</ele>
        <time>2025-12-12T11:52:10.000Z</time>
        <speed>1.306</speed>
      </trkpt>
      <trkpt lat="50.6320846" lon="-2.3513836">
        <ele>10.6</ele>
        <time>2025-12-12T11:52:15.000Z</time>
        <speed>1.306</speed>
      </trkpt>
      <trkpt lat="50.6320885" lon="-2.3514741">
        <ele>10.8</ele>
        <time>2025-12-12T11:52:20.000Z</time>
        <speed>1.297</speed>
      </trkpt>
      <trkpt lat="50.6320913" lon="-2.3515636">
        <ele>11.0</ele>
        <time>2025-12-12T11:52:25.000Z</time>
        <speed>1.297</speed>
      </trkpt>
      <trkpt lat="50.6320980" lon="-2.3516568">
        <ele>11.0</ele>
        <time>2025-12-12T11:52:30.000Z</time>
        <speed>1.297</speed>
      </trkpt>
      <trkpt lat="50.6321029" lon="-2.3517353">
        <ele>11.0</ele>
        <time>2025-12-12T11:52:35.000Z</time>
        <speed>1.297</speed>
      </trkpt>
      <trkpt lat="50.6321051" lon="-2.3518256">
        <ele>11.0</ele>
        <time>2025-12-12T11:52:40.000Z</time>
        <speed>1.288</speed>
      </trkpt>
      <trkpt lat="50.6321142" lon="-2.3519160">
        <ele>11.0</ele>
        <time>2025-12-12T11:52:45.000Z</time>
        <speed>1.288</speed>
      </trkpt>
      <trkpt lat="50.6321212" lon="-2.3520023">
        <ele>10.8</ele>
        <time>2025-12-12T11:52:50.000Z</time>
        <speed>1.288</speed>
      </trkpt>
      <trkpt lat="50.6321247" lon="-2.3521036">
        <ele>11.2</ele>
        <time>2025-12-12T11:52:55.000Z</time>
        <speed>1.297</speed>
      </trkpt>
      <trkpt lat="50.6321270" lon="-2.3522018">
        <ele>11.0</ele>
        <time>2025-12-12T11:53:00.000Z</time>
        <speed>1.306</speed>
      </trkpt>
      <trkpt lat="50.6321364" lon="-2.3522903">
        <ele>11.0</ele>
        <time>2025-12-12T11:53:05.000Z</time>
        <speed>1.306</speed>
      </trkpt>
      <trkpt lat="50.6321452" lon="-2.3523794">
        <ele>10.8</ele>
        <time>2025-12-12T11:53:10.000Z</time>
        <speed>1.306</speed>
      </trkpt>
      <trkpt lat="50.6321503" lon="-2.3524784">
        <ele>11.0</ele>
        <time>2025-12-12T11:53:15.000Z</time>
        <speed>1.306</speed>
      </trkpt>
      <trkpt lat="50.6321638" lon="-2.3525637">
        <ele>10.8</ele>
        <time>2025-12-12T11:53:20.000Z</time>
        <speed>1.306</speed>
      </trkpt>
      <trkpt lat="50.6321845" lon="-2.3526462">
        <ele>11.2</ele>
        <time>2025-12-12T11:53:25.000Z</time>
        <speed>1.316</speed>
      </trkpt>
      <trkpt lat="50.6321988" lon="-2.3527312">
        <ele>11.4</ele>
        <time>2025-12-12T11:53:30.000Z</time>
        <speed>1.297</speed>
      </trkpt>
      <trkpt lat="50.6322141" lon="-2.3528355">
        <ele>11.4</ele>
        <time>2025-12-12T11:53:35.000Z</time>
        <speed>1.316</speed>
      </trkpt>
      <trkpt lat="50.6322291" lon="-2.3529317">
        <ele>11.8</ele>
        <time>2025-12-12T11:53:40.000Z</time>
        <speed>1.334</speed>
      </trkpt>
      <trkpt lat="50.6322348" lon="-2.3530211">
        <ele>11.6</ele>
        <time>2025-12-12T11:53:45.000Z</time>
        <speed>1.344</speed>
      </trkpt>
      <trkpt lat="50.6322471" lon="-2.3531057">
        <ele>11.8</ele>
        <time>2025-12-12T11:53:50.000Z</time>
        <speed>1.344</speed>
      </trkpt>
      <trkpt lat="50.6322506" lon="-2.3531839">
        <ele>12.0</ele>
        <time>2025-12-12T11:53:55.000Z</time>
        <speed>1.306</speed>
      </trkpt>
      <trkpt lat="50.6322860" lon="-2.3531761">
        <ele>12.0</ele>
        <time>2025-12-12T11:54:00.000Z</time>
        <speed>1.250</speed>
      </trkpt>
      <trkpt lat="50.6322969" lon="-2.3531299">
        <ele>12.2</ele>
        <time>2025-12-12T11:54:05.000Z</time>
        <speed>1.194</speed>
      </trkpt>
      <trkpt lat="50.6323181" lon="-2.3531144">
        <ele>12.4</ele>
        <time>2025-12-12T11:54:10.000Z</time>
        <speed>0.942</speed>
      </trkpt>
      <trkpt lat="50.6323364" lon="-2.3531058">
        <ele>12.6</ele>
        <time>2025-12-12T11:54:15.000Z</time>
        <speed>0.000</speed>
      </trkpt>
      <trkpt lat="50.6323316" lon="-2.3531058">
        <ele>12.6</ele>
        <time>2025-12-12T11:54:20.000Z</time>
        <speed>0.000</speed>
      </trkpt>
      <trkpt lat="50.6323312" lon="-2.3531034">
        <ele>12.4</ele>
        <time>2025-12-12T11:54:25.000Z</time>
        <speed>0.000</speed>
      </trkpt>
      <trkpt lat="50.6323291" lon="-2.3531011">
        <ele>12.4</ele>
        <time>2025-12-12T11:54:30.000Z</time>
        <speed>0.000</speed>
      </trkpt>
      <trkpt lat="50.6323256" lon="-2.3530963">
        <ele>12.4</ele>
        <time>2025-12-12T11:54:35.000Z</time>
        <speed>0.000</speed>
      </trkpt>
      <trkpt lat="50.6323211" lon="-2.3531080">
        <ele>12.2</ele>
        <time>2025-12-12T11:54:40.000Z</time>
        <speed>0.000</speed>
      </trkpt>
      <trkpt lat="50.6323156" lon="-2.3531272">
        <ele>12.2</ele>
        <time>2025-12-12T11:54:45.000Z</time>
        <speed>0.000</speed>
      </trkpt>
      <trkpt lat="50.6323069" lon="-2.3531488">
        <ele>11.8</ele>
        <time>2025-12-12T11:54:50.000Z</time>
        <speed>0.000</speed>
      </trkpt>
      <trkpt lat="50.6322972" lon="-2.3531823">
        <ele>12.0</ele>
        <time>2025-12-12T11:54:55.000Z</time>
        <speed>0.000</speed>
      </trkpt>
      <trkpt lat="50.6322955" lon="-2.3531866">
        <ele>12.2</ele>
        <time>2025-12-12T11:55:00.000Z</time>
        <speed>0.000</speed>
      </trkpt>
      <trkpt lat="50.6322964" lon="-2.3532098">
        <ele>12.4</ele>
        <time>2025-12-12T11:55:05.000Z</time>
        <speed>0.000</speed>
      </trkpt>
      <trkpt lat="50.6322923" lon="-2.3532244">
        <ele>12.6</ele>
        <time>2025-12-12T11:55:10.000Z</time>
        <speed>0.000</speed>
      </trkpt>
      <trkpt lat="50.6322923" lon="-2.3532244">
        <ele>12.4</ele>
        <time>2025-12-12T11:55:15.000Z</time>
        <speed>0.000</speed>
      </trkpt>
      <trkpt lat="50.6322923" lon="-2.3532244">
        <ele>12.2</ele>
        <time>2025-12-12T11:55:20.000Z</time>
        <speed>0.000</speed>
      </trkpt>
      <trkpt lat="50.6322923" lon="-2.3532244">
        <ele>12.4</ele>
        <time>2025-12-12T11:55:25.000Z</time>
        <speed>0.000</speed>
      </trkpt>
      <trkpt lat="50.6322923" lon="-2.3532244">
        <ele>12.4</ele>
        <time>2025-12-12T11:55:30.000Z</time>
        <speed>0.000</speed>
      </trkpt>
      <trkpt lat="50.6322923" lon="-2.3532244">
        <ele>12.0</ele>
        <time>2025-12-12T11:55:35.000Z</time>
        <speed>0.000</speed>
      </trkpt>
      <trkpt lat="50.6322923" lon="-2.3532244">
        <ele>11.8</ele>
        <time>2025-12-12T11:55:40.000Z</time>
        <speed>0.000</speed>
      </trkpt>
      <trkpt lat="50.6322923" lon="-2.3532244">
        <ele>12.2</ele>
        <time>2025-12-12T11:55:45.000Z</time>
        <speed>0.000</speed>
      </trkpt>
      <trkpt lat="50.6322923" lon="-2.3532244">
        <ele>12.4</ele>
        <time>2025-12-12T11:55:50.000Z</time>
        <speed>0.000</speed>
      </trkpt>
      <trkpt lat="50.6322923" lon="-2.3532244">
        <ele>13.0</ele>
        <time>2025-12-12T11:55:55.000Z</time>
        <speed>0.000</speed>
      </trkpt>
      <trkpt lat="50.6322923" lon="-2.3532244">
        <ele>13.0</ele>
        <time>2025-12-12T11:56:00.000Z</time>
        <speed>0.000</speed>
      </trkpt>
      <trkpt lat="50.6322923" lon="-2.3532244">
        <ele>13.0</ele>
        <time>2025-12-12T11:56:05.000Z</time>
        <speed>0.000</speed>
      </trkpt>
      <trkpt lat="50.6322923" lon="-2.3532244">
        <ele>13.0</ele>
        <time>2025-12-12T11:56:10.000Z</time>
        <speed>0.000</speed>
      </trkpt>
      <trkpt lat="50.6322889" lon="-2.3532544">
        <ele>13.0</ele>
        <time>2025-12-12T11:56:15.000Z</time>
        <speed>1.073</speed>
      </trkpt>
      <trkpt lat="50.6322969" lon="-2.3532796">
        <ele>12.8</ele>
        <time>2025-12-12T11:56:20.000Z</time>
        <speed>0.000</speed>
      </trkpt>
      <trkpt lat="50.6322659" lon="-2.3532837">
        <ele>12.8</ele>
        <time>2025-12-12T11:56:25.000Z</time>
        <speed>0.924</speed>
      </trkpt>
      <trkpt lat="50.6322034" lon="-2.3533082">
        <ele>12.6</ele>
        <time>2025-12-12T11:56:30.000Z</time>
        <speed>1.306</speed>
      </trkpt>
      <trkpt lat="50.6322317" lon="-2.3532977">
        <ele>12.4</ele>
        <time>2025-12-12T11:56:35.000Z</time>
        <speed>0.000</speed>
      </trkpt>
      <trkpt lat="50.6322850" lon="-2.3532661">
        <ele>12.8</ele>
        <time>2025-12-12T11:56:40.000Z</time>
        <speed>1.390</speed>
      </trkpt>
      <trkpt lat="50.6323399" lon="-2.3532441">
        <ele>12.6</ele>
        <time>2025-12-12T11:56:45.000Z</time>
        <speed>1.390</speed>
      </trkpt>
      <trkpt lat="50.6323845" lon="-2.3532138">
        <ele>12.8</ele>
        <time>2025-12-12T11:56:50.000Z</time>
        <speed>1.185</speed>
      </trkpt>
      <trkpt lat="50.6324252" lon="-2.3531612">
        <ele>12.8</ele>
        <time>2025-12-12T11:56:55.000Z</time>
        <speed>1.138</speed>
      </trkpt>
      <trkpt lat="50.6324534" lon="-2.3531178">
        <ele>12.8</ele>
        <time>2025-12-12T11:57:00.000Z</time>
        <speed>1.138</speed>
      </trkpt>
      <trkpt lat="50.6324417" lon="-2.3530358">
        <ele>12.6</ele>
        <time>2025-12-12T11:57:05.000Z</time>
        <speed>1.148</speed>
      </trkpt>
      <trkpt lat="50.6324265" lon="-2.3529528">
        <ele>12.6</ele>
        <time>2025-12-12T11:57:10.000Z</time>
        <speed>1.185</speed>
      </trkpt>
      <trkpt lat="50.6324153" lon="-2.3528835">
        <ele>12.6</ele>
        <time>2025-12-12T11:57:15.000Z</time>
        <speed>1.185</speed>
      </trkpt>
      <trkpt lat="50.6324114" lon="-2.3528823">
        <ele>12.6</ele>
        <time>2025-12-12T11:57:20.000Z</time>
        <speed>0.000</speed>
      </trkpt>
      <trkpt lat="50.6323668" lon="-2.3529397">
        <ele>12.4</ele>
        <time>2025-12-12T11:57:25.000Z</time>
        <speed>1.381</speed>
      </trkpt>
      <trkpt lat="50.6323543" lon="-2.3529649">
        <ele>12.2</ele>
        <time>2025-12-12T11:57:30.000Z</time>
        <speed>1.045</speed>
      </trkpt>
      <trkpt lat="50.6323809" lon="-2.3529441">
        <ele>12.2</ele>
        <time>2025-12-12T11:57:35.000Z</time>
        <speed>0.924</speed>
      </trkpt>
      <trkpt lat="50.6324053" lon="-2.3529269">
        <ele>12.6</ele>
        <time>2025-12-12T11:57:40.000Z</time>
        <speed>0.924</speed>
      </trkpt>
      <trkpt lat="50.6324078" lon="-2.3529398">
        <ele>12.8</ele>
        <time>2025-12-12T11:57:45.000Z</time>
        <speed>0.000</speed>
      </trkpt>
      <trkpt lat="50.6324020" lon="-2.3529459">
        <ele>13.2</ele>
        <time>2025-12-12T11:57:50.000Z</time>
        <speed>0.000</speed>
      </trkpt>
      <trkpt lat="50.6324083" lon="-2.3529848">
        <ele>13.6</ele>
        <time>2025-12-12T11:57:55.000Z</time>
        <speed>0.000</speed>
      </trkpt>
      <trkpt lat="50.6324057" lon="-2.3529908">
        <ele>13.8</ele>
        <time>2025-12-12T11:58:00.000Z</time>
        <speed>0.000</speed>
      </trkpt>
      <trkpt lat="50.6324093" lon="-2.3529971">
        <ele>13.8</ele>
        <time>2025-12-12T11:58:05.000Z</time>
        <speed>0.000</speed>
      </trkpt>
      <trkpt lat="50.6324203" lon="-2.3529938">
        <ele>13.8</ele>
        <time>2025-12-12T11:58:10.000Z</time>
        <speed>0.000</speed>
      </trkpt>
      <trkpt lat="50.6324231" lon="-2.3529964">
        <ele>13.6</ele>
        <time>2025-12-12T11:58:15.000Z</time>
        <speed>0.000</speed>
      </trkpt>
      <trkpt lat="50.6324263" lon="-2.3529850">
        <ele>13.2</ele>
        <time>2025-12-12T11:58:20.000Z</time>
        <speed>0.000</speed>
      </trkpt>
      <trkpt lat="50.6324298" lon="-2.3529897">
        <ele>13.2</ele>
        <time>2025-12-12T11:58:25.000Z</time>
        <speed>0.000</speed>
      </trkpt>
      <trkpt lat="50.6324336" lon="-2.3529826">
        <ele>12.8</ele>
        <time>2025-12-12T11:58:30.000Z</time>
        <speed>0.000</speed>
      </trkpt>
      <trkpt lat="50.6324377" lon="-2.3529798">
        <ele>12.6</ele>
        <time>2025-12-12T11:58:35.000Z</time>
        <speed>0.000</speed>
      </trkpt>
      <trkpt lat="50.6324197" lon="-2.3529296">
        <ele>12.6</ele>
        <time>2025-12-12T11:58:40.000Z</time>
        <speed>0.000</speed>
      </trkpt>
      <trkpt lat="50.6323676" lon="-2.3529565">
        <ele>12.2</ele>
        <time>2025-12-12T11:58:45.000Z</time>
        <speed>1.250</speed>
      </trkpt>
      <trkpt lat="50.6323282" lon="-2.3529488">
        <ele>12.2</ele>
        <time>2025-12-12T11:58:50.000Z</time>
        <speed>1.110</speed>
      </trkpt>
      <trkpt lat="50.6323040" lon="-2.3528761">
        <ele>12.2</ele>
        <time>2025-12-12T11:58:55.000Z</time>
        <speed>1.260</speed>
      </trkpt>
      <trkpt lat="50.6322824" lon="-2.3528813">
        <ele>12.2</ele>
        <time>2025-12-12T11:59:00.000Z</time>
        <speed>1.064</speed>
      </trkpt>
      <trkpt lat="50.6322844" lon="-2.3528870">
        <ele>12.4</ele>
        <time>2025-12-12T11:59:05.000Z</time>
        <speed>0.000</speed>
      </trkpt>
      <trkpt lat="50.6323089" lon="-2.3529374">
        <ele>12.4</ele>
        <time>2025-12-12T11:59:10.000Z</time>
        <speed>0.523</speed>
      </trkpt>
      <trkpt lat="50.6323229" lon="-2.3529557">
        <ele>12.6</ele>
        <time>2025-12-12T11:59:15.000Z</time>
        <speed>0.000</speed>
      </trkpt>
      <trkpt lat="50.6323228" lon="-2.3529418">
        <ele>12.0</ele>
        <time>2025-12-12T11:59:20.000Z</time>
        <speed>0.000</speed>
      </trkpt>
      <trkpt lat="50.6323221" lon="-2.3529409">
        <ele>11.8</ele>
        <time>2025-12-12T11:59:25.000Z</time>
        <speed>0.000</speed>
      </trkpt>
      <trkpt lat="50.6323179" lon="-2.3529396">
        <ele>11.8</ele>
        <time>2025-12-12T11:59:30.000Z</time>
        <speed>0.000</speed>
      </trkpt>
      <trkpt lat="50.6323202" lon="-2.3529439">
        <ele>11.2</ele>
        <time>2025-12-12T11:59:35.000Z</time>
        <speed>0.000</speed>
      </trkpt>
      <trkpt lat="50.6323298" lon="-2.3529534">
        <ele>11.2</ele>
        <time>2025-12-12T11:59:40.000Z</time>
        <speed>0.000</speed>
      </trkpt>
      <trkpt lat="50.6323372" lon="-2.3529570">
        <ele>11.0</ele>
        <time>2025-12-12T11:59:45.000Z</time>
        <speed>0.000</speed>
      </trkpt>
      <trkpt lat="50.6323410" lon="-2.3529636">
        <ele>11.2</ele>
        <time>2025-12-12T11:59:50.000Z</time>
        <speed>0.000</speed>
      </trkpt>
      <trkpt lat="50.6323453" lon="-2.3529627">
        <ele>11.4</ele>
        <time>2025-12-12T11:59:55.000Z</time>
        <speed>0.000</speed>
      </trkpt>
      <trkpt lat="50.6323455" lon="-2.3529606">
        <ele>11.6</ele>
        <time>2025-12-12T12:00:00.000Z</time>
        <speed>0.000</speed>
      </trkpt>
      <trkpt lat="50.6323455" lon="-2.3529606">
        <ele>12.0</ele>
        <time>2025-12-12T12:00:05.000Z</time>
        <speed>0.000</speed>
      </trkpt>
      <trkpt lat="50.6323455" lon="-2.3529606">
        <ele>12.2</ele>
        <time>2025-12-12T12:00:10.000Z</time>
        <speed>0.000</speed>
      </trkpt>
      <trkpt lat="50.6323455" lon="-2.3529606">
        <ele>12.2</ele>
        <time>2025-12-12T12:00:15.000Z</time>
        <speed>0.000</speed>
      </trkpt>
      <trkpt lat="50.6323455" lon="-2.3529606">
        <ele>12.4</ele>
        <time>2025-12-12T12:00:20.000Z</time>
        <speed>0.000</speed>
      </trkpt>
      <trkpt lat="50.6323455" lon="-2.3529606">
        <ele>12.6</ele>
        <time>2025-12-12T12:00:25.000Z</time>
        <speed>0.000</speed>
      </trkpt>
      <trkpt lat="50.6323455" lon="-2.3529606">
        <ele>13.0</ele>
        <time>2025-12-12T12:00:30.000Z</time>
        <speed>0.000</speed>
      </trkpt>
      <trkpt lat="50.6323455" lon="-2.3529606">
        <ele>13.0</ele>
        <time>2025-12-12T12:00:35.000Z</time>
        <speed>0.000</speed>
      </trkpt>
      <trkpt lat="50.6323455" lon="-2.3529606">
        <ele>13.0</ele>
        <time>2025-12-12T12:00:40.000Z</time>
        <speed>0.000</speed>
      </trkpt>
      <trkpt lat="50.6323455" lon="-2.3529606">
        <ele>13.4</ele>
        <time>2025-12-12T12:00:45.000Z</time>
        <speed>0.000</speed>
      </trkpt>
      <trkpt lat="50.6323455" lon="-2.3529606">
        <ele>13.4</ele>
        <time>2025-12-12T12:00:50.000Z</time>
        <speed>0.000</speed>
      </trkpt>
      <trkpt lat="50.6323455" lon="-2.3529606">
        <ele>13.6</ele>
        <time>2025-12-12T12:00:55.000Z</time>
        <speed>0.000</speed>
      </trkpt>
      <trkpt lat="50.6323455" lon="-2.3529606">
        <ele>13.2</ele>
        <time>2025-12-12T12:01:00.000Z</time>
        <speed>0.000</speed>
      </trkpt>
      <trkpt lat="50.6323455" lon="-2.3529606">
        <ele>13.2</ele>
        <time>2025-12-12T12:01:05.000Z</time>
        <speed>0.000</speed>
      </trkpt>
      <trkpt lat="50.6323455" lon="-2.3529606">
        <ele>13.0</ele>
        <time>2025-12-12T12:01:10.000Z</time>
        <speed>0.000</speed>
      </trkpt>
      <trkpt lat="50.6323455" lon="-2.3529606">
        <ele>12.8</ele>
        <time>2025-12-12T12:01:15.000Z</time>
        <speed>0.000</speed>
      </trkpt>
      <trkpt lat="50.6323455" lon="-2.3529606">
        <ele>12.8</ele>
        <time>2025-12-12T12:01:20.000Z</time>
        <speed>0.000</speed>
      </trkpt>
      <trkpt lat="50.6323455" lon="-2.3529606">
        <ele>13.0</ele>
        <time>2025-12-12T12:01:25.000Z</time>
        <speed>0.000</speed>
      </trkpt>
      <trkpt lat="50.6323455" lon="-2.3529606">
        <ele>12.8</ele>
        <time>2025-12-12T12:01:30.000Z</time>
        <speed>0.000</speed>
      </trkpt>
      <trkpt lat="50.6323455" lon="-2.3529606">
        <ele>12.8</ele>
        <time>2025-12-12T12:01:35.000Z</time>
        <speed>0.000</speed>
      </trkpt>
      <trkpt lat="50.6323449" lon="-2.3529572">
        <ele>12.6</ele>
        <time>2025-12-12T12:01:40.000Z</time>
        <speed>0.000</speed>
      </trkpt>
      <trkpt lat="50.6323455" lon="-2.3529606">
        <ele>12.6</ele>
        <time>2025-12-12T12:01:45.000Z</time>
        <speed>0.000</speed>
      </trkpt>
      <trkpt lat="50.6323455" lon="-2.3529606">
        <ele>12.2</ele>
        <time>2025-12-12T12:01:50.000Z</time>
        <speed>0.000</speed>
      </trkpt>
      <trkpt lat="50.6323348" lon="-2.3529440">
        <ele>12.2</ele>
        <time>2025-12-12T12:01:55.000Z</time>
        <speed>0.000</speed>
      </trkpt>
      <trkpt lat="50.6323367" lon="-2.3529456">
        <ele>11.8</ele>
        <time>2025-12-12T12:02:00.000Z</time>
        <speed>0.000</speed>
      </trkpt>
      <trkpt lat="50.6323455" lon="-2.3529606">
        <ele>11.8</ele>
        <time>2025-12-12T12:02:05.000Z</time>
        <speed>0.000</speed>
      </trkpt>
      <trkpt lat="50.6323455" lon="-2.3529606">
        <ele>11.6</ele>
        <time>2025-12-12T12:02:10.000Z</time>
        <speed>0.000</speed>
      </trkpt>
      <trkpt lat="50.6323455" lon="-2.3529606">
        <ele>11.4</ele>
        <time>2025-12-12T12:02:15.000Z</time>
        <speed>0.000</speed>
      </trkpt>
      <trkpt lat="50.6323455" lon="-2.3529606">
        <ele>11.4</ele>
        <time>2025-12-12T12:02:20.000Z</time>
        <speed>0.000</speed>
      </trkpt>
      <trkpt lat="50.6323455" lon="-2.3529606">
        <ele>11.6</ele>
        <time>2025-12-12T12:02:25.000Z</time>
        <speed>0.000</speed>
      </trkpt>
      <trkpt lat="50.6323455" lon="-2.3529606">
        <ele>11.8</ele>
        <time>2025-12-12T12:02:30.000Z</time>
        <speed>0.000</speed>
      </trkpt>
      <trkpt lat="50.6323455" lon="-2.3529606">
        <ele>12.0</ele>
        <time>2025-12-12T12:02:35.000Z</time>
        <speed>0.000</speed>
      </trkpt>
      <trkpt lat="50.6323366" lon="-2.3529555">
        <ele>11.8</ele>
        <time>2025-12-12T12:02:40.000Z</time>
        <speed>0.000</speed>
      </trkpt>
      <trkpt lat="50.6323307" lon="-2.3529420">
        <ele>11.6</ele>
        <time>2025-12-12T12:02:45.000Z</time>
        <speed>0.000</speed>
      </trkpt>
      <trkpt lat="50.6323313" lon="-2.3529438">
        <ele>11.2</ele>
        <time>2025-12-12T12:02:50.000Z</time>
        <speed>0.000</speed>
      </trkpt>
      <trkpt lat="50.6323316" lon="-2.3529466">
        <ele>10.8</ele>
        <time>2025-12-12T12:02:55.000Z</time>
        <speed>0.000</speed>
      </trkpt>
      <trkpt lat="50.6323415" lon="-2.3529577">
        <ele>10.4</ele>
        <time>2025-12-12T12:03:00.000Z</time>
        <speed>0.000</speed>
      </trkpt>
      <trkpt lat="50.6323419" lon="-2.3529597">
        <ele>10.2</ele>
        <time>2025-12-12T12:03:05.000Z</time>
        <speed>0.000</speed>
      </trkpt>
      <trkpt lat="50.6323389" lon="-2.3529628">
        <ele>9.8</ele>
        <time>2025-12-12T12:03:10.000Z</time>
        <speed>0.000</speed>
      </trkpt>
      <trkpt lat="50.6323394" lon="-2.3529574">
        <ele>9.8</ele>
        <time>2025-12-12T12:03:15.000Z</time>
        <speed>0.000</speed>
      </trkpt>
      <trkpt lat="50.6323361" lon="-2.3529468">
        <ele>9.8</ele>
        <time>2025-12-12T12:03:20.000Z</time>
        <speed>0.000</speed>
      </trkpt>
      <trkpt lat="50.6323313" lon="-2.3529438">
        <ele>9.8</ele>
        <time>2025-12-12T12:03:25.000Z</time>
        <speed>0.000</speed>
      </trkpt>
      <trkpt lat="50.6323313" lon="-2.3529438">
        <ele>10.0</ele>
        <time>2025-12-12T12:03:30.000Z</time>
        <speed>0.000</speed>
      </trkpt>
      <trkpt lat="50.6323313" lon="-2.3529438">
        <ele>10.2</ele>
        <time>2025-12-12T12:03:35.000Z</time>
        <speed>0.000</speed>
      </trkpt>
      <trkpt lat="50.6323378" lon="-2.3529454">
        <ele>10.0</ele>
        <time>2025-12-12T12:03:40.000Z</time>
        <speed>0.000</speed>
      </trkpt>
      <trkpt lat="50.6323313" lon="-2.3529438">
        <ele>10.0</ele>
        <time>2025-12-12T12:03:45.000Z</time>
        <speed>0.000</speed>
      </trkpt>
      <trkpt lat="50.6323313" lon="-2.3529438">
        <ele>10.0</ele>
        <time>2025-12-12T12:03:50.000Z</time>
        <speed>0.000</speed>
      </trkpt>
      <trkpt lat="50.6323313" lon="-2.3529438">
        <ele>9.6</ele>
        <time>2025-12-12T12:03:55.000Z</time>
        <speed>0.000</speed>
      </trkpt>
      <trkpt lat="50.6323313" lon="-2.3529438">
        <ele>9.4</ele>
        <time>2025-12-12T12:04:00.000Z</time>
        <speed>0.000</speed>
      </trkpt>
      <trkpt lat="50.6323313" lon="-2.3529438">
        <ele>9.0</ele>
        <time>2025-12-12T12:04:05.000Z</time>
        <speed>0.000</speed>
      </trkpt>
      <trkpt lat="50.6323313" lon="-2.3529438">
        <ele>8.8</ele>
        <time>2025-12-12T12:04:10.000Z</time>
        <speed>0.000</speed>
      </trkpt>
      <trkpt lat="50.6323313" lon="-2.3529438">
        <ele>8.6</ele>
        <time>2025-12-12T12:04:15.000Z</time>
        <speed>0.000</speed>
      </trkpt>
      <trkpt lat="50.6323313" lon="-2.3529438">
        <ele>8.0</ele>
        <time>2025-12-12T12:04:20.000Z</time>
        <speed>0.000</speed>
      </trkpt>
      <trkpt lat="50.6323313" lon="-2.3529438">
        <ele>7.4</ele>
        <time>2025-12-12T12:04:25.000Z</time>
        <speed>0.000</speed>
      </trkpt>
      <trkpt lat="50.6323313" lon="-2.3529438">
        <ele>6.8</ele>
        <time>2025-12-12T12:04:30.000Z</time>
        <speed>0.000</speed>
      </trkpt>
      <trkpt lat="50.6323313" lon="-2.3529438">
        <ele>6.4</ele>
        <time>2025-12-12T12:04:35.000Z</time>
        <speed>0.000</speed>
      </trkpt>
      <trkpt lat="50.6323313" lon="-2.3529438">
        <ele>6.0</ele>
        <time>2025-12-12T12:04:40.000Z</time>
        <speed>0.000</speed>
      </trkpt>
      <trkpt lat="50.6323236" lon="-2.3529438">
        <ele>6.2</ele>
        <time>2025-12-12T12:04:45.000Z</time>
        <speed>0.000</speed>
      </trkpt>
      <trkpt lat="50.6323206" lon="-2.3529552">
        <ele>6.2</ele>
        <time>2025-12-12T12:04:50.000Z</time>
        <speed>0.000</speed>
      </trkpt>
      <trkpt lat="50.6323178" lon="-2.3529513">
        <ele>6.4</ele>
        <time>2025-12-12T12:04:55.000Z</time>
        <speed>0.000</speed>
      </trkpt>
      <trkpt lat="50.6323178" lon="-2.3529513">
        <ele>6.6</ele>
        <time>2025-12-12T12:05:00.000Z</time>
        <speed>0.000</speed>
      </trkpt>
      <trkpt lat="50.6323178" lon="-2.3529513">
        <ele>6.8</ele>
        <time>2025-12-12T12:05:05.000Z</time>
        <speed>0.000</speed>
      </trkpt>
      <trkpt lat="50.6323178" lon="-2.3529513">
        <ele>7.2</ele>
        <time>2025-12-12T12:05:10.000Z</time>
        <speed>0.000</speed>
      </trkpt>
      <trkpt lat="50.6323185" lon="-2.3529482">
        <ele>7.8</ele>
        <time>2025-12-12T12:05:15.000Z</time>
        <speed>0.000</speed>
      </trkpt>
      <trkpt lat="50.6323203" lon="-2.3529317">
        <ele>7.8</ele>
        <time>2025-12-12T12:05:20.000Z</time>
        <speed>0.000</speed>
      </trkpt>
      <trkpt lat="50.6323165" lon="-2.3529281">
        <ele>7.8</ele>
        <time>2025-12-12T12:05:25.000Z</time>
        <speed>0.000</speed>
      </trkpt>
      <trkpt lat="50.6323165" lon="-2.3529281">
        <ele>7.8</ele>
        <time>2025-12-12T12:05:30.000Z</time>
        <speed>0.000</speed>
      </trkpt>
      <trkpt lat="50.6323165" lon="-2.3529281">
        <ele>7.6</ele>
        <time>2025-12-12T12:05:35.000Z</time>
        <speed>0.000</speed>
      </trkpt>
      <trkpt lat="50.6323165" lon="-2.3529281">
        <ele>7.4</ele>
        <time>2025-12-12T12:05:40.000Z</time>
        <speed>0.000</speed>
      </trkpt>
      <trkpt lat="50.6323165" lon="-2.3529281">
        <ele>7.2</ele>
        <time>2025-12-12T12:05:45.000Z</time>
        <speed>0.000</speed>
      </trkpt>
      <trkpt lat="50.6323165" lon="-2.3529281">
        <ele>7.0</ele>
        <time>2025-12-12T12:05:50.000Z</time>
        <speed>0.000</speed>
      </trkpt>
      <trkpt lat="50.6323165" lon="-2.3529281">
        <ele>6.8</ele>
        <time>2025-12-12T12:05:55.000Z</time>
        <speed>0.000</speed>
      </trkpt>
      <trkpt lat="50.6323165" lon="-2.3529281">
        <ele>6.6</ele>
        <time>2025-12-12T12:06:00.000Z</time>
        <speed>0.000</speed>
      </trkpt>
      <trkpt lat="50.6323165" lon="-2.3529281">
        <ele>6.6</ele>
        <time>2025-12-12T12:06:05.000Z</time>
        <speed>0.000</speed>
      </trkpt>
      <trkpt lat="50.6323165" lon="-2.3529281">
        <ele>6.4</ele>
        <time>2025-12-12T12:06:10.000Z</time>
        <speed>0.000</speed>
      </trkpt>
      <trkpt lat="50.6323165" lon="-2.3529281">
        <ele>6.2</ele>
        <time>2025-12-12T12:06:15.000Z</time>
        <speed>0.000</speed>
      </trkpt>
      <trkpt lat="50.6323165" lon="-2.3529281">
        <ele>6.2</ele>
        <time>2025-12-12T12:06:20.000Z</time>
        <speed>0.000</speed>
      </trkpt>
      <trkpt lat="50.6323165" lon="-2.3529281">
        <ele>6.2</ele>
        <time>2025-12-12T12:06:25.000Z</time>
        <speed>0.000</speed>
      </trkpt>
      <trkpt lat="50.6323165" lon="-2.3529281">
        <ele>6.4</ele>
        <time>2025-12-12T12:06:30.000Z</time>
        <speed>0.000</speed>
      </trkpt>
      <trkpt lat="50.6323165" lon="-2.3529281">
        <ele>6.6</ele>
        <time>2025-12-12T12:06:35.000Z</time>
        <speed>0.000</speed>
      </trkpt>
      <trkpt lat="50.6323165" lon="-2.3529281">
        <ele>6.2</ele>
        <time>2025-12-12T12:06:40.000Z</time>
        <speed>0.000</speed>
      </trkpt>
      <trkpt lat="50.6323165" lon="-2.3529281">
        <ele>6.4</ele>
        <time>2025-12-12T12:06:45.000Z</time>
        <speed>0.000</speed>
      </trkpt>
      <trkpt lat="50.6323165" lon="-2.3529281">
        <ele>6.4</ele>
        <time>2025-12-12T12:06:50.000Z</time>
        <speed>0.000</speed>
      </trkpt>
      <trkpt lat="50.6323165" lon="-2.3529281">
        <ele>6.8</ele>
        <time>2025-12-12T12:06:55.000Z</time>
        <speed>0.000</speed>
      </trkpt>
      <trkpt lat="50.6323165" lon="-2.3529281">
        <ele>7.0</ele>
        <time>2025-12-12T12:07:00.000Z</time>
        <speed>0.000</speed>
      </trkpt>
      <trkpt lat="50.6323045" lon="-2.3529260">
        <ele>7.0</ele>
        <time>2025-12-12T12:07:05.000Z</time>
        <speed>0.000</speed>
      </trkpt>
      <trkpt lat="50.6323165" lon="-2.3529281">
        <ele>6.6</ele>
        <time>2025-12-12T12:07:10.000Z</time>
        <speed>0.000</speed>
      </trkpt>
      <trkpt lat="50.6323165" lon="-2.3529281">
        <ele>6.6</ele>
        <time>2025-12-12T12:07:15.000Z</time>
        <speed>0.000</speed>
      </trkpt>
      <trkpt lat="50.6323165" lon="-2.3529281">
        <ele>6.8</ele>
        <time>2025-12-12T12:07:20.000Z</time>
        <speed>0.000</speed>
      </trkpt>
      <trkpt lat="50.6323165" lon="-2.3529281">
        <ele>6.8</ele>
        <time>2025-12-12T12:07:25.000Z</time>
        <speed>0.000</speed>
      </trkpt>
      <trkpt lat="50.6323165" lon="-2.3529281">
        <ele>6.8</ele>
        <time>2025-12-12T12:07:30.000Z</time>
        <speed>0.000</speed>
      </trkpt>
      <trkpt lat="50.6323163" lon="-2.3529508">
        <ele>6.8</ele>
        <time>2025-12-12T12:07:35.000Z</time>
        <speed>0.000</speed>
      </trkpt>
      <trkpt lat="50.6323277" lon="-2.3529479">
        <ele>7.0</ele>
        <time>2025-12-12T12:07:40.000Z</time>
        <speed>1.017</speed>
      </trkpt>
      <trkpt lat="50.6323397" lon="-2.3529599">
        <ele>7.2</ele>
        <time>2025-12-12T12:07:45.000Z</time>
        <speed>0.000</speed>
      </trkpt>
      <trkpt lat="50.6323479" lon="-2.3529559">
        <ele>7.2</ele>
        <time>2025-12-12T12:07:50.000Z</time>
        <speed>0.000</speed>
      </trkpt>
      <trkpt lat="50.6323352" lon="-2.3529385">
        <ele>7.4</ele>
        <time>2025-12-12T12:07:55.000Z</time>
        <speed>0.000</speed>
      </trkpt>
      <trkpt lat="50.6323216" lon="-2.3529501">
        <ele>7.2</ele>
        <time>2025-12-12T12:08:00.000Z</time>
        <speed>0.000</speed>
      </trkpt>
      <trkpt lat="50.6323425" lon="-2.3529539">
        <ele>7.4</ele>
        <time>2025-12-12T12:08:05.000Z</time>
        <speed>0.000</speed>
      </trkpt>
      <trkpt lat="50.6323398" lon="-2.3529532">
        <ele>7.4</ele>
        <time>2025-12-12T12:08:10.000Z</time>
        <speed>0.000</speed>
      </trkpt>
      <trkpt lat="50.6323404" lon="-2.3529540">
        <ele>7.4</ele>
        <time>2025-12-12T12:08:15.000Z</time>
        <speed>0.000</speed>
      </trkpt>
      <trkpt lat="50.6323404" lon="-2.3529540">
        <ele>7.0</ele>
        <time>2025-12-12T12:08:20.000Z</time>
        <speed>0.000</speed>
      </trkpt>
      <trkpt lat="50.6323404" lon="-2.3529540">
        <ele>6.8</ele>
        <time>2025-12-12T12:08:25.000Z</time>
        <speed>0.000</speed>
      </trkpt>
      <trkpt lat="50.6323083" lon="-2.3529332">
        <ele>6.6</ele>
        <time>2025-12-12T12:08:30.000Z</time>
        <speed>1.232</speed>
      </trkpt>
      <trkpt lat="50.6323083" lon="-2.3529332">
        <ele>6.6</ele>
        <time>2025-12-12T12:08:35.000Z</time>
        <speed>0.000</speed>
      </trkpt>
      <trkpt lat="50.6323083" lon="-2.3529332">
        <ele>6.6</ele>
        <time>2025-12-12T12:08:40.000Z</time>
        <speed>0.000</speed>
      </trkpt>
      <trkpt lat="50.6323083" lon="-2.3529332">
        <ele>6.8</ele>
        <time>2025-12-12T12:08:45.000Z</time>
        <speed>0.000</speed>
      </trkpt>
      <trkpt lat="50.6323083" lon="-2.3529332">
        <ele>7.0</ele>
        <time>2025-12-12T12:08:50.000Z</time>
        <speed>0.000</speed>
      </trkpt>
      <trkpt lat="50.6323083" lon="-2.3529332">
        <ele>7.2</ele>
        <time>2025-12-12T12:08:55.000Z</time>
        <speed>0.000</speed>
      </trkpt>
      <trkpt lat="50.6323083" lon="-2.3529332">
        <ele>7.0</ele>
        <time>2025-12-12T12:09:00.000Z</time>
        <speed>0.000</speed>
      </trkpt>
      <trkpt lat="50.6323083" lon="-2.3529332">
        <ele>7.2</ele>
        <time>2025-12-12T12:09:05.000Z</time>
        <speed>0.000</speed>
      </trkpt>
      <trkpt lat="50.6323083" lon="-2.3529332">
        <ele>7.0</ele>
        <time>2025-12-12T12:09:10.000Z</time>
        <speed>0.000</speed>
      </trkpt>
      <trkpt lat="50.6323083" lon="-2.3529332">
        <ele>7.0</ele>
        <time>2025-12-12T12:09:15.000Z</time>
        <speed>0.000</speed>
      </trkpt>
      <trkpt lat="50.6323083" lon="-2.3529332">
        <ele>7.0</ele>
        <time>2025-12-12T12:09:20.000Z</time>
        <speed>0.000</speed>
      </trkpt>
      <trkpt lat="50.6323083" lon="-2.3529332">
        <ele>6.8</ele>
        <time>2025-12-12T12:09:25.000Z</time>
        <speed>0.000</speed>
      </trkpt>
      <trkpt lat="50.6323083" lon="-2.3529332">
        <ele>6.8</ele>
        <time>2025-12-12T12:09:30.000Z</time>
        <speed>0.000</speed>
      </trkpt>
      <trkpt lat="50.6323083" lon="-2.3529332">
        <ele>6.8</ele>
        <time>2025-12-12T12:09:35.000Z</time>
        <speed>0.000</speed>
      </trkpt>
      <trkpt lat="50.6323083" lon="-2.3529332">
        <ele>6.8</ele>
        <time>2025-12-12T12:09:40.000Z</time>
        <speed>0.000</speed>
      </trkpt>
      <trkpt lat="50.6323083" lon="-2.3529332">
        <ele>7.0</ele>
        <time>2025-12-12T12:09:45.000Z</time>
        <speed>0.000</speed>
      </trkpt>
      <trkpt lat="50.6323083" lon="-2.3529332">
        <ele>7.0</ele>
        <time>2025-12-12T12:09:50.000Z</time>
        <speed>0.000</speed>
      </trkpt>
      <trkpt lat="50.6323083" lon="-2.3529332">
        <ele>7.2</ele>
        <time>2025-12-12T12:09:55.000Z</time>
        <speed>0.000</speed>
      </trkpt>
      <trkpt lat="50.6323083" lon="-2.3529332">
        <ele>7.4</ele>
        <time>2025-12-12T12:10:00.000Z</time>
        <speed>0.000</speed>
      </trkpt>
      <trkpt lat="50.6323083" lon="-2.3529332">
        <ele>7.6</ele>
        <time>2025-12-12T12:10:05.000Z</time>
        <speed>0.000</speed>
      </trkpt>
      <trkpt lat="50.6323083" lon="-2.3529332">
        <ele>7.6</ele>
        <time>2025-12-12T12:10:10.000Z</time>
        <speed>0.000</speed>
      </trkpt>
      <trkpt lat="50.6323083" lon="-2.3529332">
        <ele>7.6</ele>
        <time>2025-12-12T12:10:15.000Z</time>
        <speed>0.000</speed>
      </trkpt>
      <trkpt lat="50.6323083" lon="-2.3529332">
        <ele>7.6</ele>
        <time>2025-12-12T12:10:20.000Z</time>
        <speed>0.000</speed>
      </trkpt>
      <trkpt lat="50.6323083" lon="-2.3529332">
        <ele>7.8</ele>
        <time>2025-12-12T12:10:25.000Z</time>
        <speed>0.000</speed>
      </trkpt>
      <trkpt lat="50.6323083" lon="-2.3529332">
        <ele>8.0</ele>
        <time>2025-12-12T12:10:30.000Z</time>
        <speed>0.000</speed>
      </trkpt>
      <trkpt lat="50.6323083" lon="-2.3529332">
        <ele>8.0</ele>
        <time>2025-12-12T12:10:35.000Z</time>
        <speed>0.000</speed>
      </trkpt>
      <trkpt lat="50.6323083" lon="-2.3529332">
        <ele>8.2</ele>
        <time>2025-12-12T12:10:40.000Z</time>
        <speed>0.000</speed>
      </trkpt>
      <trkpt lat="50.6323083" lon="-2.3529332">
        <ele>8.4</ele>
        <time>2025-12-12T12:10:45.000Z</time>
        <speed>0.000</speed>
      </trkpt>
      <trkpt lat="50.6323083" lon="-2.3529332">
        <ele>8.8</ele>
        <time>2025-12-12T12:10:50.000Z</time>
        <speed>0.000</speed>
      </trkpt>
      <trkpt lat="50.6323083" lon="-2.3529332">
        <ele>8.8</ele>
        <time>2025-12-12T12:10:55.000Z</time>
        <speed>0.000</speed>
      </trkpt>
      <trkpt lat="50.6323083" lon="-2.3529332">
        <ele>8.8</ele>
        <time>2025-12-12T12:11:00.000Z</time>
        <speed>0.000</speed>
      </trkpt>
      <trkpt lat="50.6323083" lon="-2.3529332">
        <ele>8.6</ele>
        <time>2025-12-12T12:11:05.000Z</time>
        <speed>0.000</speed>
      </trkpt>
      <trkpt lat="50.6323083" lon="-2.3529332">
        <ele>8.2</ele>
        <time>2025-12-12T12:11:10.000Z</time>
        <speed>0.000</speed>
      </trkpt>
      <trkpt lat="50.6323083" lon="-2.3529332">
        <ele>7.8</ele>
        <time>2025-12-12T12:11:15.000Z</time>
        <speed>0.000</speed>
      </trkpt>
      <trkpt lat="50.6323083" lon="-2.3529332">
        <ele>7.6</ele>
        <time>2025-12-12T12:11:20.000Z</time>
        <speed>0.000</speed>
      </trkpt>
      <trkpt lat="50.6323083" lon="-2.3529332">
        <ele>7.6</ele>
        <time>2025-12-12T12:11:25.000Z</time>
        <speed>0.000</speed>
      </trkpt>
      <trkpt lat="50.6323083" lon="-2.3529332">
        <ele>7.6</ele>
        <time>2025-12-12T12:11:30.000Z</time>
        <speed>0.000</speed>
      </trkpt>
      <trkpt lat="50.6323083" lon="-2.3529332">
        <ele>7.6</ele>
        <time>2025-12-12T12:11:35.000Z</time>
        <speed>0.000</speed>
      </trkpt>
      <trkpt lat="50.6323083" lon="-2.3529332">
        <ele>8.0</ele>
        <time>2025-12-12T12:11:40.000Z</time>
        <speed>0.000</speed>
      </trkpt>
      <trkpt lat="50.6323083" lon="-2.3529332">
        <ele>8.0</ele>
        <time>2025-12-12T12:11:45.000Z</time>
        <speed>0.000</speed>
      </trkpt>
      <trkpt lat="50.6323156" lon="-2.3529550">
        <ele>8.6</ele>
        <time>2025-12-12T12:11:50.000Z</time>
        <speed>0.000</speed>
      </trkpt>
      <trkpt lat="50.6323166" lon="-2.3529594">
        <ele>8.8</ele>
        <time>2025-12-12T12:11:55.000Z</time>
        <speed>0.000</speed>
      </trkpt>
      <trkpt lat="50.6323274" lon="-2.3529785">
        <ele>8.8</ele>
        <time>2025-12-12T12:12:00.000Z</time>
        <speed>0.000</speed>
      </trkpt>
      <trkpt lat="50.6323312" lon="-2.3529805">
        <ele>8.8</ele>
        <time>2025-12-12T12:12:05.000Z</time>
        <speed>0.000</speed>
      </trkpt>
      <trkpt lat="50.6323312" lon="-2.3529805">
        <ele>8.8</ele>
        <time>2025-12-12T12:12:10.000Z</time>
        <speed>0.000</speed>
      </trkpt>
      <trkpt lat="50.6323312" lon="-2.3529805">
        <ele>8.6</ele>
        <time>2025-12-12T12:12:15.000Z</time>
        <speed>0.000</speed>
      </trkpt>
      <trkpt lat="50.6323312" lon="-2.3529805">
        <ele>8.2</ele>
        <time>2025-12-12T12:12:20.000Z</time>
        <speed>0.000</speed>
      </trkpt>
      <trkpt lat="50.6323312" lon="-2.3529805">
        <ele>7.6</ele>
        <time>2025-12-12T12:12:25.000Z</time>
        <speed>0.000</speed>
      </trkpt>
      <trkpt lat="50.6323312" lon="-2.3529805">
        <ele>7.2</ele>
        <time>2025-12-12T12:12:30.000Z</time>
        <speed>0.000</speed>
      </trkpt>
      <trkpt lat="50.6323312" lon="-2.3529805">
        <ele>6.4</ele>
        <time>2025-12-12T12:12:35.000Z</time>
        <speed>0.000</speed>
      </trkpt>
      <trkpt lat="50.6323312" lon="-2.3529805">
        <ele>6.2</ele>
        <time>2025-12-12T12:12:40.000Z</time>
        <speed>0.000</speed>
      </trkpt>
      <trkpt lat="50.6323291" lon="-2.3529567">
        <ele>6.4</ele>
        <time>2025-12-12T12:12:45.000Z</time>
        <speed>0.000</speed>
      </trkpt>
      <trkpt lat="50.6323285" lon="-2.3529465">
        <ele>6.4</ele>
        <time>2025-12-12T12:12:50.000Z</time>
        <speed>0.000</speed>
      </trkpt>
      <trkpt lat="50.6323307" lon="-2.3529454">
        <ele>6.6</ele>
        <time>2025-12-12T12:12:55.000Z</time>
        <speed>0.000</speed>
      </trkpt>
      <trkpt lat="50.6323307" lon="-2.3529454">
        <ele>7.0</ele>
        <time>2025-12-12T12:13:00.000Z</time>
        <speed>0.000</speed>
      </trkpt>
      <trkpt lat="50.6323307" lon="-2.3529454">
        <ele>7.2</ele>
        <time>2025-12-12T12:13:05.000Z</time>
        <speed>0.000</speed>
      </trkpt>
      <trkpt lat="50.6323307" lon="-2.3529454">
        <ele>7.2</ele>
        <time>2025-12-12T12:13:10.000Z</time>
        <speed>0.000</speed>
      </trkpt>
      <trkpt lat="50.6323307" lon="-2.3529454">
        <ele>7.6</ele>
        <time>2025-12-12T12:13:15.000Z</time>
        <speed>0.000</speed>
      </trkpt>
      <trkpt lat="50.6323307" lon="-2.3529454">
        <ele>7.4</ele>
        <time>2025-12-12T12:13:20.000Z</time>
        <speed>0.000</speed>
      </trkpt>
      <trkpt lat="50.6323307" lon="-2.3529454">
        <ele>7.8</ele>
        <time>2025-12-12T12:13:25.000Z</time>
        <speed>0.000</speed>
      </trkpt>
      <trkpt lat="50.6323307" lon="-2.3529454">
        <ele>7.8</ele>
        <time>2025-12-12T12:13:30.000Z</time>
        <speed>0.000</speed>
      </trkpt>
      <trkpt lat="50.6323307" lon="-2.3529454">
        <ele>8.0</ele>
        <time>2025-12-12T12:13:35.000Z</time>
        <speed>0.000</speed>
      </trkpt>
      <trkpt lat="50.6323307" lon="-2.3529454">
        <ele>8.0</ele>
        <time>2025-12-12T12:13:40.000Z</time>
        <speed>0.000</speed>
      </trkpt>
      <trkpt lat="50.6323307" lon="-2.3529454">
        <ele>8.0</ele>
        <time>2025-12-12T12:13:45.000Z</time>
        <speed>0.000</speed>
      </trkpt>
      <trkpt lat="50.6323307" lon="-2.3529454">
        <ele>8.0</ele>
        <time>2025-12-12T12:13:50.000Z</time>
        <speed>0.000</speed>
      </trkpt>
      <trkpt lat="50.6323301" lon="-2.3529423">
        <ele>8.2</ele>
        <time>2025-12-12T12:13:55.000Z</time>
        <speed>0.000</speed>
      </trkpt>
      <trkpt lat="50.6323328" lon="-2.3529436">
        <ele>8.2</ele>
        <time>2025-12-12T12:14:00.000Z</time>
        <speed>0.000</speed>
      </trkpt>
      <trkpt lat="50.6323367" lon="-2.3529493">
        <ele>8.0</ele>
        <time>2025-12-12T12:14:05.000Z</time>
        <speed>0.000</speed>
      </trkpt>
      <trkpt lat="50.6323291" lon="-2.3529326">
        <ele>8.0</ele>
        <time>2025-12-12T12:14:10.000Z</time>
        <speed>0.000</speed>
      </trkpt>
      <trkpt lat="50.6323306" lon="-2.3529536">
        <ele>8.0</ele>
        <time>2025-12-12T12:14:15.000Z</time>
        <speed>0.000</speed>
      </trkpt>
      <trkpt lat="50.6323307" lon="-2.3529454">
        <ele>8.0</ele>
        <time>2025-12-12T12:14:20.000Z</time>
        <speed>0.000</speed>
      </trkpt>
      <trkpt lat="50.6323307" lon="-2.3529454">
        <ele>8.2</ele>
        <time>2025-12-12T12:14:25.000Z</time>
        <speed>0.000</speed>
      </trkpt>
      <trkpt lat="50.6323210" lon="-2.3529530">
        <ele>8.6</ele>
        <time>2025-12-12T12:14:30.000Z</time>
        <speed>0.000</speed>
      </trkpt>
      <trkpt lat="50.6323307" lon="-2.3529454">
        <ele>8.6</ele>
        <time>2025-12-12T12:14:35.000Z</time>
        <speed>0.000</speed>
      </trkpt>
      <trkpt lat="50.6323307" lon="-2.3529454">
        <ele>8.8</ele>
        <time>2025-12-12T12:14:40.000Z</time>
        <speed>0.000</speed>
      </trkpt>
      <trkpt lat="50.6323307" lon="-2.3529454">
        <ele>9.0</ele>
        <time>2025-12-12T12:14:45.000Z</time>
        <speed>0.000</speed>
      </trkpt>
      <trkpt lat="50.6323307" lon="-2.3529454">
        <ele>9.2</ele>
        <time>2025-12-12T12:14:50.000Z</time>
        <speed>0.000</speed>
      </trkpt>
      <trkpt lat="50.6323307" lon="-2.3529454">
        <ele>9.4</ele>
        <time>2025-12-12T12:14:55.000Z</time>
        <speed>0.000</speed>
      </trkpt>
      <trkpt lat="50.6323307" lon="-2.3529454">
        <ele>9.4</ele>
        <time>2025-12-12T12:15:00.000Z</time>
        <speed>0.000</speed>
      </trkpt>
      <trkpt lat="50.6323307" lon="-2.3529454">
        <ele>9.6</ele>
        <time>2025-12-12T12:15:05.000Z</time>
        <speed>0.000</speed>
      </trkpt>
      <trkpt lat="50.6323307" lon="-2.3529454">
        <ele>9.4</ele>
        <time>2025-12-12T12:15:10.000Z</time>
        <speed>0.000</speed>
      </trkpt>
      <trkpt lat="50.6323307" lon="-2.3529454">
        <ele>9.2</ele>
        <time>2025-12-12T12:15:15.000Z</time>
        <speed>0.000</speed>
      </trkpt>
      <trkpt lat="50.6323307" lon="-2.3529454">
        <ele>9.0</ele>
        <time>2025-12-12T12:15:20.000Z</time>
        <speed>0.000</speed>
      </trkpt>
      <trkpt lat="50.6323307" lon="-2.3529454">
        <ele>8.8</ele>
        <time>2025-12-12T12:15:25.000Z</time>
        <speed>0.000</speed>
      </trkpt>
      <trkpt lat="50.6323307" lon="-2.3529454">
        <ele>8.8</ele>
        <time>2025-12-12T12:15:30.000Z</time>
        <speed>0.000</speed>
      </trkpt>
      <trkpt lat="50.6323307" lon="-2.3529454">
        <ele>8.8</ele>
        <time>2025-12-12T12:15:35.000Z</time>
        <speed>0.000</speed>
      </trkpt>
      <trkpt lat="50.6323307" lon="-2.3529454">
        <ele>9.0</ele>
        <time>2025-12-12T12:15:40.000Z</time>
        <speed>0.000</speed>
      </trkpt>
      <trkpt lat="50.6323307" lon="-2.3529454">
        <ele>9.0</ele>
        <time>2025-12-12T12:15:45.000Z</time>
        <speed>0.000</speed>
      </trkpt>
      <trkpt lat="50.6323307" lon="-2.3529454">
        <ele>8.8</ele>
        <time>2025-12-12T12:15:50.000Z</time>
        <speed>0.000</speed>
      </trkpt>
      <trkpt lat="50.6323307" lon="-2.3529454">
        <ele>8.6</ele>
        <time>2025-12-12T12:15:55.000Z</time>
        <speed>0.000</speed>
      </trkpt>
      <trkpt lat="50.6323307" lon="-2.3529454">
        <ele>8.6</ele>
        <time>2025-12-12T12:16:00.000Z</time>
        <speed>0.000</speed>
      </trkpt>
      <trkpt lat="50.6323307" lon="-2.3529454">
        <ele>8.4</ele>
        <time>2025-12-12T12:16:05.000Z</time>
        <speed>0.000</speed>
      </trkpt>
      <trkpt lat="50.6323307" lon="-2.3529454">
        <ele>8.2</ele>
        <time>2025-12-12T12:16:10.000Z</time>
        <speed>0.000</speed>
      </trkpt>
      <trkpt lat="50.6323307" lon="-2.3529454">
        <ele>8.2</ele>
        <time>2025-12-12T12:16:15.000Z</time>
        <speed>0.000</speed>
      </trkpt>
      <trkpt lat="50.6323307" lon="-2.3529454">
        <ele>8.2</ele>
        <time>2025-12-12T12:16:20.000Z</time>
        <speed>0.000</speed>
      </trkpt>
      <trkpt lat="50.6323307" lon="-2.3529454">
        <ele>8.4</ele>
        <time>2025-12-12T12:16:25.000Z</time>
        <speed>0.000</speed>
      </trkpt>
      <trkpt lat="50.6323307" lon="-2.3529454">
        <ele>8.0</ele>
        <time>2025-12-12T12:16:30.000Z</time>
        <speed>0.000</speed>
      </trkpt>
      <trkpt lat="50.6323307" lon="-2.3529454">
        <ele>7.4</ele>
        <time>2025-12-12T12:16:35.000Z</time>
        <speed>0.000</speed>
      </trkpt>
      <trkpt lat="50.6323307" lon="-2.3529454">
        <ele>6.6</ele>
        <time>2025-12-12T12:16:40.000Z</time>
        <speed>0.000</speed>
      </trkpt>
      <trkpt lat="50.6323307" lon="-2.3529454">
        <ele>6.0</ele>
        <time>2025-12-12T12:16:45.000Z</time>
        <speed>0.000</speed>
      </trkpt>
      <trkpt lat="50.6323307" lon="-2.3529454">
        <ele>5.4</ele>
        <time>2025-12-12T12:16:50.000Z</time>
        <speed>0.000</speed>
      </trkpt>
      <trkpt lat="50.6323307" lon="-2.3529454">
        <ele>4.8</ele>
        <time>2025-12-12T12:16:55.000Z</time>
        <speed>0.000</speed>
      </trkpt>
      <trkpt lat="50.6323307" lon="-2.3529454">
        <ele>4.2</ele>
        <time>2025-12-12T12:17:00.000Z</time>
        <speed>0.000</speed>
      </trkpt>
      <trkpt lat="50.6323307" lon="-2.3529454">
        <ele>3.8</ele>
        <time>2025-12-12T12:17:05.000Z</time>
        <speed>0.000</speed>
      </trkpt>
      <trkpt lat="50.6323307" lon="-2.3529454">
        <ele>3.6</ele>
        <time>2025-12-12T12:17:10.000Z</time>
        <speed>0.000</speed>
      </trkpt>
      <trkpt lat="50.6323307" lon="-2.3529454">
        <ele>3.4</ele>
        <time>2025-12-12T12:17:15.000Z</time>
        <speed>0.000</speed>
      </trkpt>
      <trkpt lat="50.6323307" lon="-2.3529454">
        <ele>3.2</ele>
        <time>2025-12-12T12:17:20.000Z</time>
        <speed>0.000</speed>
      </trkpt>
      <trkpt lat="50.6323307" lon="-2.3529454">
        <ele>3.0</ele>
        <time>2025-12-12T12:17:25.000Z</time>
        <speed>0.000</speed>
      </trkpt>
      <trkpt lat="50.6323237" lon="-2.3529585">
        <ele>2.8</ele>
        <time>2025-12-12T12:17:30.000Z</time>
        <speed>0.000</speed>
      </trkpt>
      <trkpt lat="50.6323307" lon="-2.3529454">
        <ele>2.8</ele>
        <time>2025-12-12T12:17:35.000Z</time>
        <speed>0.000</speed>
      </trkpt>
      <trkpt lat="50.6323239" lon="-2.3529653">
        <ele>3.0</ele>
        <time>2025-12-12T12:17:40.000Z</time>
        <speed>0.000</speed>
      </trkpt>
      <trkpt lat="50.6323172" lon="-2.3529565">
        <ele>3.4</ele>
        <time>2025-12-12T12:17:45.000Z</time>
        <speed>0.000</speed>
      </trkpt>
      <trkpt lat="50.6323168" lon="-2.3529487">
        <ele>3.6</ele>
        <time>2025-12-12T12:17:50.000Z</time>
        <speed>0.000</speed>
      </trkpt>
      <trkpt lat="50.6323168" lon="-2.3529487">
        <ele>3.8</ele>
        <time>2025-12-12T12:17:55.000Z</time>
        <speed>0.000</speed>
      </trkpt>
      <trkpt lat="50.6323166" lon="-2.3529498">
        <ele>4.0</ele>
        <time>2025-12-12T12:18:00.000Z</time>
        <speed>0.000</speed>
      </trkpt>
      <trkpt lat="50.6323168" lon="-2.3529487">
        <ele>4.0</ele>
        <time>2025-12-12T12:18:05.000Z</time>
        <speed>0.000</speed>
      </trkpt>
      <trkpt lat="50.6323168" lon="-2.3529487">
        <ele>4.0</ele>
        <time>2025-12-12T12:18:10.000Z</time>
        <speed>0.000</speed>
      </trkpt>
      <trkpt lat="50.6323168" lon="-2.3529487">
        <ele>4.2</ele>
        <time>2025-12-12T12:18:15.000Z</time>
        <speed>0.000</speed>
      </trkpt>
      <trkpt lat="50.6323168" lon="-2.3529487">
        <ele>4.2</ele>
        <time>2025-12-12T12:18:20.000Z</time>
        <speed>0.000</speed>
      </trkpt>
      <trkpt lat="50.6323168" lon="-2.3529487">
        <ele>4.4</ele>
        <time>2025-12-12T12:18:25.000Z</time>
        <speed>0.000</speed>
      </trkpt>
      <trkpt lat="50.6323168" lon="-2.3529487">
        <ele>4.8</ele>
        <time>2025-12-12T12:18:30.000Z</time>
        <speed>0.000</speed>
      </trkpt>
      <trkpt lat="50.6323168" lon="-2.3529487">
        <ele>5.4</ele>
        <time>2025-12-12T12:18:35.000Z</time>
        <speed>0.000</speed>
      </trkpt>
      <trkpt lat="50.6323328" lon="-2.3529681">
        <ele>5.6</ele>
        <time>2025-12-12T12:18:40.000Z</time>
        <speed>0.000</speed>
      </trkpt>
      <trkpt lat="50.6323228" lon="-2.3529476">
        <ele>5.8</ele>
        <time>2025-12-12T12:18:45.000Z</time>
        <speed>0.000</speed>
      </trkpt>
      <trkpt lat="50.6323168" lon="-2.3529487">
        <ele>6.2</ele>
        <time>2025-12-12T12:18:50.000Z</time>
        <speed>0.000</speed>
      </trkpt>
      <trkpt lat="50.6323168" lon="-2.3529487">
        <ele>6.4</ele>
        <time>2025-12-12T12:18:55.000Z</time>
        <speed>0.000</speed>
      </trkpt>
      <trkpt lat="50.6323182" lon="-2.3529489">
        <ele>6.6</ele>
        <time>2025-12-12T12:19:00.000Z</time>
        <speed>0.000</speed>
      </trkpt>
      <trkpt lat="50.6323115" lon="-2.3529625">
        <ele>7.0</ele>
        <time>2025-12-12T12:19:05.000Z</time>
        <speed>0.000</speed>
      </trkpt>
      <trkpt lat="50.6323177" lon="-2.3529757">
        <ele>6.8</ele>
        <time>2025-12-12T12:19:10.000Z</time>
        <speed>0.000</speed>
      </trkpt>
      <trkpt lat="50.6323244" lon="-2.3529913">
        <ele>6.6</ele>
        <time>2025-12-12T12:19:15.000Z</time>
        <speed>0.000</speed>
      </trkpt>
      <trkpt lat="50.6323226" lon="-2.3529997">
        <ele>6.0</ele>
        <time>2025-12-12T12:19:20.000Z</time>
        <speed>0.000</speed>
      </trkpt>
      <trkpt lat="50.6323233" lon="-2.3530021">
        <ele>5.8</ele>
        <time>2025-12-12T12:19:25.000Z</time>
        <speed>0.000</speed>
      </trkpt>
      <trkpt lat="50.6323197" lon="-2.3529949">
        <ele>5.4</ele>
        <time>2025-12-12T12:19:30.000Z</time>
        <speed>0.000</speed>
      </trkpt>
      <trkpt lat="50.6323192" lon="-2.3529990">
        <ele>5.0</ele>
        <time>2025-12-12T12:19:35.000Z</time>
        <speed>0.000</speed>
      </trkpt>
      <trkpt lat="50.6323161" lon="-2.3529968">
        <ele>4.4</ele>
        <time>2025-12-12T12:19:40.000Z</time>
        <speed>0.000</speed>
      </trkpt>
      <trkpt lat="50.6323161" lon="-2.3529968">
        <ele>4.0</ele>
        <time>2025-12-12T12:19:45.000Z</time>
        <speed>0.000</speed>
      </trkpt>
      <trkpt lat="50.6323161" lon="-2.3529968">
        <ele>3.6</ele>
        <time>2025-12-12T12:19:50.000Z</time>
        <speed>0.000</speed>
      </trkpt>
      <trkpt lat="50.6323161" lon="-2.3529968">
        <ele>3.2</ele>
        <time>2025-12-12T12:19:55.000Z</time>
        <speed>0.000</speed>
      </trkpt>
      <trkpt lat="50.6323161" lon="-2.3529968">
        <ele>2.6</ele>
        <time>2025-12-12T12:20:00.000Z</time>
        <speed>0.000</speed>
      </trkpt>
      <trkpt lat="50.6323161" lon="-2.3529968">
        <ele>2.0</ele>
        <time>2025-12-12T12:20:05.000Z</time>
        <speed>0.000</speed>
      </trkpt>
      <trkpt lat="50.6323161" lon="-2.3529968">
        <ele>2.0</ele>
        <time>2025-12-12T12:20:10.000Z</time>
        <speed>0.000</speed>
      </trkpt>
      <trkpt lat="50.6323161" lon="-2.3529968">
        <ele>2.0</ele>
        <time>2025-12-12T12:20:15.000Z</time>
        <speed>0.000</speed>
      </trkpt>
      <trkpt lat="50.6323161" lon="-2.3529968">
        <ele>1.6</ele>
        <time>2025-12-12T12:20:20.000Z</time>
        <speed>0.000</speed>
      </trkpt>
      <trkpt lat="50.6323161" lon="-2.3529968">
        <ele>2.0</ele>
        <time>2025-12-12T12:20:25.000Z</time>
        <speed>0.000</speed>
      </trkpt>
      <trkpt lat="50.6323161" lon="-2.3529968">
        <ele>1.8</ele>
        <time>2025-12-12T12:20:30.000Z</time>
        <speed>0.000</speed>
      </trkpt>
      <trkpt lat="50.6323161" lon="-2.3529968">
        <ele>2.0</ele>
        <time>2025-12-12T12:20:35.000Z</time>
        <speed>0.000</speed>
      </trkpt>
      <trkpt lat="50.6323161" lon="-2.3529968">
        <ele>1.8</ele>
        <time>2025-12-12T12:20:40.000Z</time>
        <speed>0.000</speed>
      </trkpt>
      <trkpt lat="50.6323161" lon="-2.3529968">
        <ele>2.0</ele>
        <time>2025-12-12T12:20:45.000Z</time>
        <speed>0.000</speed>
      </trkpt>
      <trkpt lat="50.6323161" lon="-2.3529968">
        <ele>2.2</ele>
        <time>2025-12-12T12:20:50.000Z</time>
        <speed>0.000</speed>
      </trkpt>
      <trkpt lat="50.6323161" lon="-2.3529968">
        <ele>2.0</ele>
        <time>2025-12-12T12:20:55.000Z</time>
        <speed>0.000</speed>
      </trkpt>
      <trkpt lat="50.6323223" lon="-2.3529648">
        <ele>2.6</ele>
        <time>2025-12-12T12:21:00.000Z</time>
        <speed>0.000</speed>
      </trkpt>
      <trkpt lat="50.6323216" lon="-2.3529543">
        <ele>3.4</ele>
        <time>2025-12-12T12:21:05.000Z</time>
        <speed>0.000</speed>
      </trkpt>
      <trkpt lat="50.6323132" lon="-2.3529656">
        <ele>4.2</ele>
        <time>2025-12-12T12:21:10.000Z</time>
        <speed>0.000</speed>
      </trkpt>
      <trkpt lat="50.6323078" lon="-2.3529683">
        <ele>5.2</ele>
        <time>2025-12-12T12:21:15.000Z</time>
        <speed>0.000</speed>
      </trkpt>
      <trkpt lat="50.6323078" lon="-2.3529683">
        <ele>6.0</ele>
        <time>2025-12-12T12:21:20.000Z</time>
        <speed>0.000</speed>
      </trkpt>
      <trkpt lat="50.6323214" lon="-2.3529559">
        <ele>6.6</ele>
        <time>2025-12-12T12:21:25.000Z</time>
        <speed>0.000</speed>
      </trkpt>
      <trkpt lat="50.6323714" lon="-2.3529328">
        <ele>7.6</ele>
        <time>2025-12-12T12:21:30.000Z</time>
        <speed>0.336</speed>
      </trkpt>
      <trkpt lat="50.6324204" lon="-2.3529083">
        <ele>8.4</ele>
        <time>2025-12-12T12:21:35.000Z</time>
        <speed>0.000</speed>
      </trkpt>
      <trkpt lat="50.6324300" lon="-2.3529868">
        <ele>8.8</ele>
        <time>2025-12-12T12:21:40.000Z</time>
        <speed>1.008</speed>
      </trkpt>
      <trkpt lat="50.6324028" lon="-2.3530487">
        <ele>9.4</ele>
        <time>2025-12-12T12:21:45.000Z</time>
        <speed>1.213</speed>
      </trkpt>
      <trkpt lat="50.6324042" lon="-2.3530943">
        <ele>10.2</ele>
        <time>2025-12-12T12:21:50.000Z</time>
        <speed>1.166</speed>
      </trkpt>
      <trkpt lat="50.6323790" lon="-2.3531742">
        <ele>10.6</ele>
        <time>2025-12-12T12:21:55.000Z</time>
        <speed>1.204</speed>
      </trkpt>
      <trkpt lat="50.6323774" lon="-2.3531917">
        <ele>11.4</ele>
        <time>2025-12-12T12:22:00.000Z</time>
        <speed>0.000</speed>
      </trkpt>
      <trkpt lat="50.6323778" lon="-2.3531910">
        <ele>11.6</ele>
        <time>2025-12-12T12:22:05.000Z</time>
        <speed>0.000</speed>
      </trkpt>
      <trkpt lat="50.6324311" lon="-2.3531800">
        <ele>11.8</ele>
        <time>2025-12-12T12:22:10.000Z</time>
        <speed>1.110</speed>
      </trkpt>
      <trkpt lat="50.6324567" lon="-2.3531978">
        <ele>12.4</ele>
        <time>2025-12-12T12:22:15.000Z</time>
        <speed>0.886</speed>
      </trkpt>
      <trkpt lat="50.6324249" lon="-2.3532044">
        <ele>12.4</ele>
        <time>2025-12-12T12:22:20.000Z</time>
        <speed>1.661</speed>
      </trkpt>
      <trkpt lat="50.6323628" lon="-2.3532279">
        <ele>12.6</ele>
        <time>2025-12-12T12:22:25.000Z</time>
        <speed>1.381</speed>
      </trkpt>
      <trkpt lat="50.6323083" lon="-2.3532388">
        <ele>12.6</ele>
        <time>2025-12-12T12:22:30.000Z</time>
        <speed>1.381</speed>
      </trkpt>
      <trkpt lat="50.6322589" lon="-2.3532520">
        <ele>13.0</ele>
        <time>2025-12-12T12:22:35.000Z</time>
        <speed>1.297</speed>
      </trkpt>
      <trkpt lat="50.6321956" lon="-2.3532919">
        <ele>13.0</ele>
        <time>2025-12-12T12:22:40.000Z</time>
        <speed>1.362</speed>
      </trkpt>
      <trkpt lat="50.6321394" lon="-2.3533221">
        <ele>13.2</ele>
        <time>2025-12-12T12:22:45.000Z</time>
        <speed>1.390</speed>
      </trkpt>
      <trkpt lat="50.6320851" lon="-2.3533558">
        <ele>12.8</ele>
        <time>2025-12-12T12:22:50.000Z</time>
        <speed>1.344</speed>
      </trkpt>
      <trkpt lat="50.6320265" lon="-2.3533744">
        <ele>13.4</ele>
        <time>2025-12-12T12:22:55.000Z</time>
        <speed>1.372</speed>
      </trkpt>
      <trkpt lat="50.6319597" lon="-2.3533857">
        <ele>13.4</ele>
        <time>2025-12-12T12:23:00.000Z</time>
        <speed>1.381</speed>
      </trkpt>
      <trkpt lat="50.6318967" lon="-2.3534027">
        <ele>13.6</ele>
        <time>2025-12-12T12:23:05.000Z</time>
        <speed>1.400</speed>
      </trkpt>
      <trkpt lat="50.6318317" lon="-2.3534247">
        <ele>13.8</ele>
        <time>2025-12-12T12:23:10.000Z</time>
        <speed>1.409</speed>
      </trkpt>
      <trkpt lat="50.6317691" lon="-2.3534545">
        <ele>14.0</ele>
        <time>2025-12-12T12:23:15.000Z</time>
        <speed>1.418</speed>
      </trkpt>
      <trkpt lat="50.6317173" lon="-2.3534705">
        <ele>14.2</ele>
        <time>2025-12-12T12:23:20.000Z</time>
        <speed>1.418</speed>
      </trkpt>
      <trkpt lat="50.6316474" lon="-2.3535018">
        <ele>14.4</ele>
        <time>2025-12-12T12:23:25.000Z</time>
        <speed>1.437</speed>
      </trkpt>
      <trkpt lat="50.6315862" lon="-2.3535191">
        <ele>14.6</ele>
        <time>2025-12-12T12:23:30.000Z</time>
        <speed>1.446</speed>
      </trkpt>
      <trkpt lat="50.6315224" lon="-2.3535483">
        <ele>15.0</ele>
        <time>2025-12-12T12:23:35.000Z</time>
        <speed>1.446</speed>
      </trkpt>
      <trkpt lat="50.6314625" lon="-2.3535809">
        <ele>15.0</ele>
        <time>2025-12-12T12:23:40.000Z</time>
        <speed>1.456</speed>
      </trkpt>
      <trkpt lat="50.6314115" lon="-2.3536411">
        <ele>14.8</ele>
        <time>2025-12-12T12:23:45.000Z</time>
        <speed>1.437</speed>
      </trkpt>
      <trkpt lat="50.6313905" lon="-2.3537482">
        <ele>15.0</ele>
        <time>2025-12-12T12:23:50.000Z</time>
        <speed>1.456</speed>
      </trkpt>
      <trkpt lat="50.6313781" lon="-2.3538447">
        <ele>13.6</ele>
        <time>2025-12-12T12:23:55.000Z</time>
        <speed>1.493</speed>
      </trkpt>
      <trkpt lat="50.6313706" lon="-2.3539416">
        <ele>14.2</ele>
        <time>2025-12-12T12:24:00.000Z</time>
        <speed>1.465</speed>
      </trkpt>
      <trkpt lat="50.6313600" lon="-2.3540382">
        <ele>15.6</ele>
        <time>2025-12-12T12:24:05.000Z</time>
        <speed>1.465</speed>
      </trkpt>
      <trkpt lat="50.6313521" lon="-2.3541342">
        <ele>15.6</ele>
        <time>2025-12-12T12:24:10.000Z</time>
        <speed>1.456</speed>
      </trkpt>
      <trkpt lat="50.6313470" lon="-2.3542306">
        <ele>16.0</ele>
        <time>2025-12-12T12:24:15.000Z</time>
        <speed>1.437</speed>
      </trkpt>
      <trkpt lat="50.6313487" lon="-2.3543364">
        <ele>15.8</ele>
        <time>2025-12-12T12:24:20.000Z</time>
        <speed>1.446</speed>
      </trkpt>
      <trkpt lat="50.6313521" lon="-2.3544299">
        <ele>17.2</ele>
        <time>2025-12-12T12:24:25.000Z</time>
        <speed>1.446</speed>
      </trkpt>
      <trkpt lat="50.6313550" lon="-2.3545302">
        <ele>18.2</ele>
        <time>2025-12-12T12:24:30.000Z</time>
        <speed>1.428</speed>
      </trkpt>
      <trkpt lat="50.6313603" lon="-2.3546273">
        <ele>17.8</ele>
        <time>2025-12-12T12:24:35.000Z</time>
        <speed>1.437</speed>
      </trkpt>
      <trkpt lat="50.6313660" lon="-2.3547214">
        <ele>18.2</ele>
        <time>2025-12-12T12:24:40.000Z</time>
        <speed>1.428</speed>
      </trkpt>
      <trkpt lat="50.6313764" lon="-2.3548159">
        <ele>18.4</ele>
        <time>2025-12-12T12:24:45.000Z</time>
        <speed>1.400</speed>
      </trkpt>
      <trkpt lat="50.6313826" lon="-2.3549220">
        <ele>19.2</ele>
        <time>2025-12-12T12:24:50.000Z</time>
        <speed>1.418</speed>
      </trkpt>
      <trkpt lat="50.6313929" lon="-2.3550131">
        <ele>19.4</ele>
        <time>2025-12-12T12:24:55.000Z</time>
        <speed>1.409</speed>
      </trkpt>
      <trkpt lat="50.6314062" lon="-2.3551109">
        <ele>19.4</ele>
        <time>2025-12-12T12:25:00.000Z</time>
        <speed>1.409</speed>
      </trkpt>
      <trkpt lat="50.6314130" lon="-2.3552060">
        <ele>19.8</ele>
        <time>2025-12-12T12:25:05.000Z</time>
        <speed>1.409</speed>
      </trkpt>
      <trkpt lat="50.6314277" lon="-2.3552956">
        <ele>20.0</ele>
        <time>2025-12-12T12:25:10.000Z</time>
        <speed>1.400</speed>
      </trkpt>
      <trkpt lat="50.6314463" lon="-2.3553780">
        <ele>20.4</ele>
        <time>2025-12-12T12:25:15.000Z</time>
        <speed>1.372</speed>
      </trkpt>
      <trkpt lat="50.6314712" lon="-2.3554687">
        <ele>19.8</ele>
        <time>2025-12-12T12:25:20.000Z</time>
        <speed>1.372</speed>
      </trkpt>
      <trkpt lat="50.6314908" lon="-2.3555621">
        <ele>19.4</ele>
        <time>2025-12-12T12:25:25.000Z</time>
        <speed>1.381</speed>
      </trkpt>
      <trkpt lat="50.6315210" lon="-2.3556411">
        <ele>19.2</ele>
        <time>2025-12-12T12:25:30.000Z</time>
        <speed>1.372</speed>
      </trkpt>
      <trkpt lat="50.6315496" lon="-2.3557209">
        <ele>18.8</ele>
        <time>2025-12-12T12:25:35.000Z</time>
        <speed>1.362</speed>
      </trkpt>
      <trkpt lat="50.6315785" lon="-2.3557997">
        <ele>18.4</ele>
        <time>2025-12-12T12:25:40.000Z</time>
        <speed>1.353</speed>
      </trkpt>
      <trkpt lat="50.6316071" lon="-2.3558828">
        <ele>17.6</ele>
        <time>2025-12-12T12:25:45.000Z</time>
        <speed>1.344</speed>
      </trkpt>
      <trkpt lat="50.6316374" lon="-2.3559681">
        <ele>17.4</ele>
        <time>2025-12-12T12:25:50.000Z</time>
        <speed>1.344</speed>
      </trkpt>
      <trkpt lat="50.6316657" lon="-2.3560470">
        <ele>17.2</ele>
        <time>2025-12-12T12:25:55.000Z</time>
        <speed>1.344</speed>
      </trkpt>
      <trkpt lat="50.6316945" lon="-2.3561241">
        <ele>16.8</ele>
        <time>2025-12-12T12:26:00.000Z</time>
        <speed>1.334</speed>
      </trkpt>
      <trkpt lat="50.6317244" lon="-2.3562073">
        <ele>16.8</ele>
        <time>2025-12-12T12:26:05.000Z</time>
        <speed>1.325</speed>
      </trkpt>
      <trkpt lat="50.6317531" lon="-2.3562888">
        <ele>16.6</ele>
        <time>2025-12-12T12:26:10.000Z</time>
        <speed>1.325</speed>
      </trkpt>
      <trkpt lat="50.6317784" lon="-2.3563757">
        <ele>16.4</ele>
        <time>2025-12-12T12:26:15.000Z</time>
        <speed>1.334</speed>
      </trkpt>
      <trkpt lat="50.6318091" lon="-2.3564490">
        <ele>16.2</ele>
        <time>2025-12-12T12:26:20.000Z</time>
        <speed>1.316</speed>
      </trkpt>
      <trkpt lat="50.6318361" lon="-2.3565251">
        <ele>16.2</ele>
        <time>2025-12-12T12:26:25.000Z</time>
        <speed>1.316</speed>
      </trkpt>
      <trkpt lat="50.6318576" lon="-2.3566111">
        <ele>16.4</ele>
        <time>2025-12-12T12:26:30.000Z</time>
        <speed>1.306</speed>
      </trkpt>
      <trkpt lat="50.6318715" lon="-2.3566917">
        <ele>16.4</ele>
        <time>2025-12-12T12:26:35.000Z</time>
        <speed>1.288</speed>
      </trkpt>
      <trkpt lat="50.6318723" lon="-2.3567680">
        <ele>16.0</ele>
        <time>2025-12-12T12:26:40.000Z</time>
        <speed>1.288</speed>
      </trkpt>
      <trkpt lat="50.6318933" lon="-2.3568320">
        <ele>15.4</ele>
        <time>2025-12-12T12:26:45.000Z</time>
        <speed>1.269</speed>
      </trkpt>
      <trkpt lat="50.6319306" lon="-2.3568854">
        <ele>15.4</ele>
        <time>2025-12-12T12:26:50.000Z</time>
        <speed>1.250</speed>
      </trkpt>
      <trkpt lat="50.6319398" lon="-2.3569612">
        <ele>15.6</ele>
        <time>2025-12-12T12:26:55.000Z</time>
        <speed>1.250</speed>
      </trkpt>
      <trkpt lat="50.6319162" lon="-2.3570251">
        <ele>15.0</ele>
        <time>2025-12-12T12:27:00.000Z</time>
        <speed>1.232</speed>
      </trkpt>
      <trkpt lat="50.6318901" lon="-2.3571182">
        <ele>14.8</ele>
        <time>2025-12-12T12:27:05.000Z</time>
        <speed>1.241</speed>
      </trkpt>
      <trkpt lat="50.6318950" lon="-2.3572067">
        <ele>14.6</ele>
        <time>2025-12-12T12:27:10.000Z</time>
        <speed>1.260</speed>
      </trkpt>
      <trkpt lat="50.6319096" lon="-2.3572983">
        <ele>14.4</ele>
        <time>2025-12-12T12:27:15.000Z</time>
        <speed>1.260</speed>
      </trkpt>
      <trkpt lat="50.6319332" lon="-2.3573896">
        <ele>14.4</ele>
        <time>2025-12-12T12:27:20.000Z</time>
        <speed>1.288</speed>
      </trkpt>
      <trkpt lat="50.6319558" lon="-2.3574614">
        <ele>14.6</ele>
        <time>2025-12-12T12:27:25.000Z</time>
        <speed>1.269</speed>
      </trkpt>
      <trkpt lat="50.6319745" lon="-2.3575615">
        <ele>14.6</ele>
        <time>2025-12-12T12:27:30.000Z</time>
        <speed>1.278</speed>
      </trkpt>
      <trkpt lat="50.6320009" lon="-2.3576554">
        <ele>14.6</ele>
        <time>2025-12-12T12:27:35.000Z</time>
        <speed>1.306</speed>
      </trkpt>
      <trkpt lat="50.6320255" lon="-2.3577342">
        <ele>14.6</ele>
        <time>2025-12-12T12:27:40.000Z</time>
        <speed>1.306</speed>
      </trkpt>
      <trkpt lat="50.6320455" lon="-2.3578266">
        <ele>14.8</ele>
        <time>2025-12-12T12:27:45.000Z</time>
        <speed>1.306</speed>
      </trkpt>
      <trkpt lat="50.6320571" lon="-2.3579233">
        <ele>14.8</ele>
        <time>2025-12-12T12:27:50.000Z</time>
        <speed>1.306</speed>
      </trkpt>
      <trkpt lat="50.6320657" lon="-2.3580123">
        <ele>14.8</ele>
        <time>2025-12-12T12:27:55.000Z</time>
        <speed>1.316</speed>
      </trkpt>
      <trkpt lat="50.6320774" lon="-2.3581006">
        <ele>15.0</ele>
        <time>2025-12-12T12:28:00.000Z</time>
        <speed>1.306</speed>
      </trkpt>
      <trkpt lat="50.6320874" lon="-2.3581986">
        <ele>15.0</ele>
        <time>2025-12-12T12:28:05.000Z</time>
        <speed>1.306</speed>
      </trkpt>
      <trkpt lat="50.6320937" lon="-2.3582955">
        <ele>15.2</ele>
        <time>2025-12-12T12:28:10.000Z</time>
        <speed>1.325</speed>
      </trkpt>
      <trkpt lat="50.6321000" lon="-2.3583942">
        <ele>15.0</ele>
        <time>2025-12-12T12:28:15.000Z</time>
        <speed>1.334</speed>
      </trkpt>
      <trkpt lat="50.6320862" lon="-2.3584799">
        <ele>14.8</ele>
        <time>2025-12-12T12:28:20.000Z</time>
        <speed>1.325</speed>
      </trkpt>
      <trkpt lat="50.6320716" lon="-2.3585831">
        <ele>14.4</ele>
        <time>2025-12-12T12:28:25.000Z</time>
        <speed>1.334</speed>
      </trkpt>
      <trkpt lat="50.6320632" lon="-2.3586696">
        <ele>14.2</ele>
        <time>2025-12-12T12:28:30.000Z</time>
        <speed>1.334</speed>
      </trkpt>
      <trkpt lat="50.6320524" lon="-2.3587681">
        <ele>14.0</ele>
        <time>2025-12-12T12:28:35.000Z</time>
        <speed>1.334</speed>
      </trkpt>
      <trkpt lat="50.6320368" lon="-2.3588754">
        <ele>14.2</ele>
        <time>2025-12-12T12:28:40.000Z</time>
        <speed>1.353</speed>
      </trkpt>
      <trkpt lat="50.6320267" lon="-2.3589581">
        <ele>14.2</ele>
        <time>2025-12-12T12:28:45.000Z</time>
        <speed>1.353</speed>
      </trkpt>
      <trkpt lat="50.6320250" lon="-2.3590458">
        <ele>14.2</ele>
        <time>2025-12-12T12:28:50.000Z</time>
        <speed>1.344</speed>
      </trkpt>
      <trkpt lat="50.6320174" lon="-2.3591358">
        <ele>14.2</ele>
        <time>2025-12-12T12:28:55.000Z</time>
        <speed>1.334</speed>
      </trkpt>
      <trkpt lat="50.6320048" lon="-2.3592317">
        <ele>14.0</ele>
        <time>2025-12-12T12:29:00.000Z</time>
        <speed>1.334</speed>
      </trkpt>
      <trkpt lat="50.6319871" lon="-2.3593323">
        <ele>13.8</ele>
        <time>2025-12-12T12:29:05.000Z</time>
        <speed>1.344</speed>
      </trkpt>
      <trkpt lat="50.6319903" lon="-2.3594092">
        <ele>13.6</ele>
        <time>2025-12-12T12:29:10.000Z</time>
        <speed>1.334</speed>
      </trkpt>
      <trkpt lat="50.6319940" lon="-2.3595062">
        <ele>14.2</ele>
        <time>2025-12-12T12:29:15.000Z</time>
        <speed>1.353</speed>
      </trkpt>
      <trkpt lat="50.6319874" lon="-2.3595855">
        <ele>14.4</ele>
        <time>2025-12-12T12:29:20.000Z</time>
        <speed>1.325</speed>
      </trkpt>
      <trkpt lat="50.6319750" lon="-2.3596680">
        <ele>14.2</ele>
        <time>2025-12-12T12:29:25.000Z</time>
        <speed>1.288</speed>
      </trkpt>
      <trkpt lat="50.6319865" lon="-2.3597683">
        <ele>14.6</ele>
        <time>2025-12-12T12:29:30.000Z</time>
        <speed>1.306</speed>
      </trkpt>
      <trkpt lat="50.6319874" lon="-2.3598496">
        <ele>15.0</ele>
        <time>2025-12-12T12:29:35.000Z</time>
        <speed>1.306</speed>
      </trkpt>
      <trkpt lat="50.6319767" lon="-2.3599346">
        <ele>14.6</ele>
        <time>2025-12-12T12:29:40.000Z</time>
        <speed>1.269</speed>
      </trkpt>
      <trkpt lat="50.6319790" lon="-2.3600003">
        <ele>13.6</ele>
        <time>2025-12-12T12:29:45.000Z</time>
        <speed>1.148</speed>
      </trkpt>
      <trkpt lat="50.6319880" lon="-2.3600468">
        <ele>13.0</ele>
        <time>2025-12-12T12:29:50.000Z</time>
        <speed>1.045</speed>
      </trkpt>
      <trkpt lat="50.6319994" lon="-2.3600816">
        <ele>12.4</ele>
        <time>2025-12-12T12:29:55.000Z</time>
        <speed>0.924</speed>
      </trkpt>
      <trkpt lat="50.6320072" lon="-2.3601246">
        <ele>11.6</ele>
        <time>2025-12-12T12:30:00.000Z</time>
        <speed>0.000</speed>
      </trkpt>
      <trkpt lat="50.6320012" lon="-2.3601564">
        <ele>11.0</ele>
        <time>2025-12-12T12:30:05.000Z</time>
        <speed>0.000</speed>
      </trkpt>
      <trkpt lat="50.6319873" lon="-2.3601933">
        <ele>9.6</ele>
        <time>2025-12-12T12:30:10.000Z</time>
        <speed>0.000</speed>
      </trkpt>
      <trkpt lat="50.6319833" lon="-2.3602421">
        <ele>8.6</ele>
        <time>2025-12-12T12:30:15.000Z</time>
        <speed>0.000</speed>
      </trkpt>
      <trkpt lat="50.6319557" lon="-2.3602713">
        <ele>8.4</ele>
        <time>2025-12-12T12:30:20.000Z</time>
        <speed>0.000</speed>
      </trkpt>
      <trkpt lat="50.6319408" lon="-2.3603028">
        <ele>8.4</ele>
        <time>2025-12-12T12:30:25.000Z</time>
        <speed>0.000</speed>
      </trkpt>
      <trkpt lat="50.6319317" lon="-2.3603419">
        <ele>9.4</ele>
        <time>2025-12-12T12:30:30.000Z</time>
        <speed>0.345</speed>
      </trkpt>
      <trkpt lat="50.6319197" lon="-2.3603876">
        <ele>10.4</ele>
        <time>2025-12-12T12:30:35.000Z</time>
        <speed>0.551</speed>
      </trkpt>
      <trkpt lat="50.6319101" lon="-2.3604189">
        <ele>11.0</ele>
        <time>2025-12-12T12:30:40.000Z</time>
        <speed>0.000</speed>
      </trkpt>
      <trkpt lat="50.6318898" lon="-2.3604590">
        <ele>12.4</ele>
        <time>2025-12-12T12:30:45.000Z</time>
        <speed>0.000</speed>
      </trkpt>
      <trkpt lat="50.6318663" lon="-2.3605018">
        <ele>13.2</ele>
        <time>2025-12-12T12:30:50.000Z</time>
        <speed>0.243</speed>
      </trkpt>
      <trkpt lat="50.6318498" lon="-2.3605479">
        <ele>13.6</ele>
        <time>2025-12-12T12:30:55.000Z</time>
        <speed>0.914</speed>
      </trkpt>
      <trkpt lat="50.6318423" lon="-2.3606433">
        <ele>13.8</ele>
        <time>2025-12-12T12:31:00.000Z</time>
        <speed>1.157</speed>
      </trkpt>
      <trkpt lat="50.6318426" lon="-2.3607221">
        <ele>13.8</ele>
        <time>2025-12-12T12:31:05.000Z</time>
        <speed>1.213</speed>
      </trkpt>
      <trkpt lat="50.6318425" lon="-2.3608095">
        <ele>14.0</ele>
        <time>2025-12-12T12:31:10.000Z</time>
        <speed>1.194</speed>
      </trkpt>
      <trkpt lat="50.6318293" lon="-2.3609103">
        <ele>14.0</ele>
        <time>2025-12-12T12:31:15.000Z</time>
        <speed>1.260</speed>
      </trkpt>
      <trkpt lat="50.6318113" lon="-2.3609995">
        <ele>14.0</ele>
        <time>2025-12-12T12:31:20.000Z</time>
        <speed>1.278</speed>
      </trkpt>
      <trkpt lat="50.6318017" lon="-2.3610815">
        <ele>14.4</ele>
        <time>2025-12-12T12:31:25.000Z</time>
        <speed>1.306</speed>
      </trkpt>
      <trkpt lat="50.6317907" lon="-2.3611784">
        <ele>14.6</ele>
        <time>2025-12-12T12:31:30.000Z</time>
        <speed>1.306</speed>
      </trkpt>
      <trkpt lat="50.6317905" lon="-2.3612702">
        <ele>15.0</ele>
        <time>2025-12-12T12:31:35.000Z</time>
        <speed>1.306</speed>
      </trkpt>
      <trkpt lat="50.6317843" lon="-2.3613609">
        <ele>15.4</ele>
        <time>2025-12-12T12:31:40.000Z</time>
        <speed>1.316</speed>
      </trkpt>
      <trkpt lat="50.6317667" lon="-2.3614598">
        <ele>15.8</ele>
        <time>2025-12-12T12:31:45.000Z</time>
        <speed>1.297</speed>
      </trkpt>
      <trkpt lat="50.6317570" lon="-2.3615590">
        <ele>16.0</ele>
        <time>2025-12-12T12:31:50.000Z</time>
        <speed>1.316</speed>
      </trkpt>
      <trkpt lat="50.6317554" lon="-2.3616334">
        <ele>16.0</ele>
        <time>2025-12-12T12:31:55.000Z</time>
        <speed>1.316</speed>
      </trkpt>
      <trkpt lat="50.6317620" lon="-2.3617189">
        <ele>16.2</ele>
        <time>2025-12-12T12:32:00.000Z</time>
        <speed>1.306</speed>
      </trkpt>
      <trkpt lat="50.6317656" lon="-2.3618109">
        <ele>16.6</ele>
        <time>2025-12-12T12:32:05.000Z</time>
        <speed>1.306</speed>
      </trkpt>
      <trkpt lat="50.6317652" lon="-2.3619031">
        <ele>16.8</ele>
        <time>2025-12-12T12:32:10.000Z</time>
        <speed>1.306</speed>
      </trkpt>
      <trkpt lat="50.6317551" lon="-2.3619946">
        <ele>16.6</ele>
        <time>2025-12-12T12:32:15.000Z</time>
        <speed>1.306</speed>
      </trkpt>
      <trkpt lat="50.6317545" lon="-2.3620797">
        <ele>16.4</ele>
        <time>2025-12-12T12:32:20.000Z</time>
        <speed>1.306</speed>
      </trkpt>
      <trkpt lat="50.6317488" lon="-2.3621624">
        <ele>15.8</ele>
        <time>2025-12-12T12:32:25.000Z</time>
        <speed>1.297</speed>
      </trkpt>
      <trkpt lat="50.6317344" lon="-2.3622435">
        <ele>15.8</ele>
        <time>2025-12-12T12:32:30.000Z</time>
        <speed>1.288</speed>
      </trkpt>
      <trkpt lat="50.6317387" lon="-2.3623035">
        <ele>16.6</ele>
        <time>2025-12-12T12:32:35.000Z</time>
        <speed>1.157</speed>
      </trkpt>
      <trkpt lat="50.6317364" lon="-2.3623924">
        <ele>17.2</ele>
        <time>2025-12-12T12:32:40.000Z</time>
        <speed>1.176</speed>
      </trkpt>
      <trkpt lat="50.6317211" lon="-2.3624720">
        <ele>17.6</ele>
        <time>2025-12-12T12:32:45.000Z</time>
        <speed>1.194</speed>
      </trkpt>
      <trkpt lat="50.6317179" lon="-2.3625635">
        <ele>17.8</ele>
        <time>2025-12-12T12:32:50.000Z</time>
        <speed>1.194</speed>
      </trkpt>
      <trkpt lat="50.6317138" lon="-2.3626453">
        <ele>18.0</ele>
        <time>2025-12-12T12:32:55.000Z</time>
        <speed>1.213</speed>
      </trkpt>
      <trkpt lat="50.6317042" lon="-2.3627122">
        <ele>18.0</ele>
        <time>2025-12-12T12:33:00.000Z</time>
        <speed>1.148</speed>
      </trkpt>
      <trkpt lat="50.6316893" lon="-2.3628012">
        <ele>17.6</ele>
        <time>2025-12-12T12:33:05.000Z</time>
        <speed>1.157</speed>
      </trkpt>
      <trkpt lat="50.6316993" lon="-2.3628743">
        <ele>17.8</ele>
        <time>2025-12-12T12:33:10.000Z</time>
        <speed>1.120</speed>
      </trkpt>
      <trkpt lat="50.6317240" lon="-2.3629141">
        <ele>18.8</ele>
        <time>2025-12-12T12:33:15.000Z</time>
        <speed>1.054</speed>
      </trkpt>
      <trkpt lat="50.6317287" lon="-2.3629838">
        <ele>19.4</ele>
        <time>2025-12-12T12:33:20.000Z</time>
        <speed>1.026</speed>
      </trkpt>
      <trkpt lat="50.6317235" lon="-2.3630753">
        <ele>19.6</ele>
        <time>2025-12-12T12:33:25.000Z</time>
        <speed>1.073</speed>
      </trkpt>
      <trkpt lat="50.6317199" lon="-2.3631559">
        <ele>20.0</ele>
        <time>2025-12-12T12:33:30.000Z</time>
        <speed>1.110</speed>
      </trkpt>
      <trkpt lat="50.6317137" lon="-2.3632456">
        <ele>20.2</ele>
        <time>2025-12-12T12:33:35.000Z</time>
        <speed>1.138</speed>
      </trkpt>
      <trkpt lat="50.6316983" lon="-2.3633300">
        <ele>20.4</ele>
        <time>2025-12-12T12:33:40.000Z</time>
        <speed>1.157</speed>
      </trkpt>
      <trkpt lat="50.6316664" lon="-2.3633975">
        <ele>20.6</ele>
        <time>2025-12-12T12:33:45.000Z</time>
        <speed>1.185</speed>
      </trkpt>
      <trkpt lat="50.6316342" lon="-2.3634828">
        <ele>20.6</ele>
        <time>2025-12-12T12:33:50.000Z</time>
        <speed>1.204</speed>
      </trkpt>
      <trkpt lat="50.6316313" lon="-2.3635751">
        <ele>20.8</ele>
        <time>2025-12-12T12:33:55.000Z</time>
        <speed>1.222</speed>
      </trkpt>
      <trkpt lat="50.6316340" lon="-2.3636639">
        <ele>21.0</ele>
        <time>2025-12-12T12:34:00.000Z</time>
        <speed>1.232</speed>
      </trkpt>
      <trkpt lat="50.6316510" lon="-2.3637541">
        <ele>21.4</ele>
        <time>2025-12-12T12:34:05.000Z</time>
        <speed>1.241</speed>
      </trkpt>
      <trkpt lat="50.6316525" lon="-2.3638309">
        <ele>21.6</ele>
        <time>2025-12-12T12:34:10.000Z</time>
        <speed>1.232</speed>
      </trkpt>
      <trkpt lat="50.6316177" lon="-2.3639171">
        <ele>22.0</ele>
        <time>2025-12-12T12:34:15.000Z</time>
        <speed>1.241</speed>
      </trkpt>
      <trkpt lat="50.6315949" lon="-2.3640287">
        <ele>22.4</ele>
        <time>2025-12-12T12:34:20.000Z</time>
        <speed>1.288</speed>
      </trkpt>
      <trkpt lat="50.6315740" lon="-2.3641037">
        <ele>21.8</ele>
        <time>2025-12-12T12:34:25.000Z</time>
        <speed>1.353</speed>
      </trkpt>
      <trkpt lat="50.6315469" lon="-2.3641693">
        <ele>21.6</ele>
        <time>2025-12-12T12:34:30.000Z</time>
        <speed>1.288</speed>
      </trkpt>
      <trkpt lat="50.6315136" lon="-2.3642531">
        <ele>21.8</ele>
        <time>2025-12-12T12:34:35.000Z</time>
        <speed>1.288</speed>
      </trkpt>
      <trkpt lat="50.6314957" lon="-2.3643509">
        <ele>22.0</ele>
        <time>2025-12-12T12:34:40.000Z</time>
        <speed>1.334</speed>
      </trkpt>
      <trkpt lat="50.6314793" lon="-2.3644394">
        <ele>22.0</ele>
        <time>2025-12-12T12:34:45.000Z</time>
        <speed>1.325</speed>
      </trkpt>
      <trkpt lat="50.6314666" lon="-2.3645378">
        <ele>22.4</ele>
        <time>2025-12-12T12:34:50.000Z</time>
        <speed>1.372</speed>
      </trkpt>
      <trkpt lat="50.6314617" lon="-2.3646247">
        <ele>22.6</ele>
        <time>2025-12-12T12:34:55.000Z</time>
        <speed>1.334</speed>
      </trkpt>
      <trkpt lat="50.6314562" lon="-2.3647040">
        <ele>22.2</ele>
        <time>2025-12-12T12:35:00.000Z</time>
        <speed>1.306</speed>
      </trkpt>
      <trkpt lat="50.6314435" lon="-2.3647838">
        <ele>22.8</ele>
        <time>2025-12-12T12:35:05.000Z</time>
        <speed>1.269</speed>
      </trkpt>
      <trkpt lat="50.6314407" lon="-2.3648807">
        <ele>23.6</ele>
        <time>2025-12-12T12:35:10.000Z</time>
        <speed>1.278</speed>
      </trkpt>
      <trkpt lat="50.6314427" lon="-2.3649519">
        <ele>23.6</ele>
        <time>2025-12-12T12:35:15.000Z</time>
        <speed>1.222</speed>
      </trkpt>
      <trkpt lat="50.6314437" lon="-2.3650147">
        <ele>24.0</ele>
        <time>2025-12-12T12:35:20.000Z</time>
        <speed>1.120</speed>
      </trkpt>
      <trkpt lat="50.6314414" lon="-2.3651003">
        <ele>24.2</ele>
        <time>2025-12-12T12:35:25.000Z</time>
        <speed>1.157</speed>
      </trkpt>
      <trkpt lat="50.6314417" lon="-2.3651932">
        <ele>24.4</ele>
        <time>2025-12-12T12:35:30.000Z</time>
        <speed>1.185</speed>
      </trkpt>
      <trkpt lat="50.6314434" lon="-2.3652755">
        <ele>24.2</ele>
        <time>2025-12-12T12:35:35.000Z</time>
        <speed>1.185</speed>
      </trkpt>
      <trkpt lat="50.6314380" lon="-2.3653708">
        <ele>25.4</ele>
        <time>2025-12-12T12:35:40.000Z</time>
        <speed>1.222</speed>
      </trkpt>
      <trkpt lat="50.6314293" lon="-2.3654575">
        <ele>26.4</ele>
        <time>2025-12-12T12:35:45.000Z</time>
        <speed>1.222</speed>
      </trkpt>
      <trkpt lat="50.6314386" lon="-2.3655472">
        <ele>26.8</ele>
        <time>2025-12-12T12:35:50.000Z</time>
        <speed>1.232</speed>
      </trkpt>
      <trkpt lat="50.6314740" lon="-2.3656293">
        <ele>26.6</ele>
        <time>2025-12-12T12:35:55.000Z</time>
        <speed>1.250</speed>
      </trkpt>
      <trkpt lat="50.6315230" lon="-2.3656819">
        <ele>26.2</ele>
        <time>2025-12-12T12:36:00.000Z</time>
        <speed>1.269</speed>
      </trkpt>
      <trkpt lat="50.6315618" lon="-2.3657088">
        <ele>26.2</ele>
        <time>2025-12-12T12:36:05.000Z</time>
        <speed>1.222</speed>
      </trkpt>
      <trkpt lat="50.6315904" lon="-2.3657445">
        <ele>26.6</ele>
        <time>2025-12-12T12:36:10.000Z</time>
        <speed>1.138</speed>
      </trkpt>
      <trkpt lat="50.6316307" lon="-2.3657806">
        <ele>27.4</ele>
        <time>2025-12-12T12:36:15.000Z</time>
        <speed>1.101</speed>
      </trkpt>
      <trkpt lat="50.6316619" lon="-2.3658419">
        <ele>27.8</ele>
        <time>2025-12-12T12:36:20.000Z</time>
        <speed>1.092</speed>
      </trkpt>
      <trkpt lat="50.6316898" lon="-2.3658989">
        <ele>28.0</ele>
        <time>2025-12-12T12:36:25.000Z</time>
        <speed>1.082</speed>
      </trkpt>
      <trkpt lat="50.6317096" lon="-2.3659505">
        <ele>28.8</ele>
        <time>2025-12-12T12:36:30.000Z</time>
        <speed>1.073</speed>
      </trkpt>
      <trkpt lat="50.6317326" lon="-2.3660217">
        <ele>29.2</ele>
        <time>2025-12-12T12:36:35.000Z</time>
        <speed>1.064</speed>
      </trkpt>
      <trkpt lat="50.6317590" lon="-2.3660608">
        <ele>29.6</ele>
        <time>2025-12-12T12:36:40.000Z</time>
        <speed>1.036</speed>
      </trkpt>
      <trkpt lat="50.6317690" lon="-2.3660883">
        <ele>29.8</ele>
        <time>2025-12-12T12:36:45.000Z</time>
        <speed>0.000</speed>
      </trkpt>
      <trkpt lat="50.6317800" lon="-2.3661210">
        <ele>30.0</ele>
        <time>2025-12-12T12:36:50.000Z</time>
        <speed>0.000</speed>
      </trkpt>
      <trkpt lat="50.6317915" lon="-2.3661681">
        <ele>30.4</ele>
        <time>2025-12-12T12:36:55.000Z</time>
        <speed>0.000</speed>
      </trkpt>
      <trkpt lat="50.6318065" lon="-2.3662324">
        <ele>31.0</ele>
        <time>2025-12-12T12:37:00.000Z</time>
        <speed>0.560</speed>
      </trkpt>
      <trkpt lat="50.6318180" lon="-2.3663182">
        <ele>31.6</ele>
        <time>2025-12-12T12:37:05.000Z</time>
        <speed>1.185</speed>
      </trkpt>
      <trkpt lat="50.6318370" lon="-2.3663959">
        <ele>32.0</ele>
        <time>2025-12-12T12:37:10.000Z</time>
        <speed>1.194</speed>
      </trkpt>
      <trkpt lat="50.6318641" lon="-2.3664702">
        <ele>33.2</ele>
        <time>2025-12-12T12:37:15.000Z</time>
        <speed>1.222</speed>
      </trkpt>
      <trkpt lat="50.6318881" lon="-2.3665462">
        <ele>33.2</ele>
        <time>2025-12-12T12:37:20.000Z</time>
        <speed>1.166</speed>
      </trkpt>
      <trkpt lat="50.6319095" lon="-2.3666299">
        <ele>33.6</ele>
        <time>2025-12-12T12:37:25.000Z</time>
        <speed>1.213</speed>
      </trkpt>
      <trkpt lat="50.6319297" lon="-2.3667071">
        <ele>34.2</ele>
        <time>2025-12-12T12:37:30.000Z</time>
        <speed>1.176</speed>
      </trkpt>
      <trkpt lat="50.6319452" lon="-2.3667804">
        <ele>34.8</ele>
        <time>2025-12-12T12:37:35.000Z</time>
        <speed>1.110</speed>
      </trkpt>
      <trkpt lat="50.6319705" lon="-2.3668662">
        <ele>35.6</ele>
        <time>2025-12-12T12:37:40.000Z</time>
        <speed>1.148</speed>
      </trkpt>
      <trkpt lat="50.6319912" lon="-2.3669552">
        <ele>35.4</ele>
        <time>2025-12-12T12:37:45.000Z</time>
        <speed>1.176</speed>
      </trkpt>
      <trkpt lat="50.6320155" lon="-2.3670386">
        <ele>35.8</ele>
        <time>2025-12-12T12:37:50.000Z</time>
        <speed>1.213</speed>
      </trkpt>
      <trkpt lat="50.6320596" lon="-2.3671116">
        <ele>36.2</ele>
        <time>2025-12-12T12:37:55.000Z</time>
        <speed>1.232</speed>
      </trkpt>
      <trkpt lat="50.6320883" lon="-2.3671712">
        <ele>36.8</ele>
        <time>2025-12-12T12:38:00.000Z</time>
        <speed>1.232</speed>
      </trkpt>
      <trkpt lat="50.6321147" lon="-2.3672389">
        <ele>37.2</ele>
        <time>2025-12-12T12:38:05.000Z</time>
        <speed>1.222</speed>
      </trkpt>
      <trkpt lat="50.6321292" lon="-2.3673333">
        <ele>37.4</ele>
        <time>2025-12-12T12:38:10.000Z</time>
        <speed>1.241</speed>
      </trkpt>
      <trkpt lat="50.6321483" lon="-2.3674201">
        <ele>37.6</ele>
        <time>2025-12-12T12:38:15.000Z</time>
        <speed>1.278</speed>
      </trkpt>
      <trkpt lat="50.6321650" lon="-2.3675122">
        <ele>37.8</ele>
        <time>2025-12-12T12:38:20.000Z</time>
        <speed>1.278</speed>
      </trkpt>
      <trkpt lat="50.6321866" lon="-2.3676080">
        <ele>38.0</ele>
        <time>2025-12-12T12:38:25.000Z</time>
        <speed>1.288</speed>
      </trkpt>
      <trkpt lat="50.6322032" lon="-2.3677046">
        <ele>38.0</ele>
        <time>2025-12-12T12:38:30.000Z</time>
        <speed>1.306</speed>
      </trkpt>
      <trkpt lat="50.6322226" lon="-2.3677984">
        <ele>38.4</ele>
        <time>2025-12-12T12:38:35.000Z</time>
        <speed>1.325</speed>
      </trkpt>
      <trkpt lat="50.6322400" lon="-2.3678856">
        <ele>38.2</ele>
        <time>2025-12-12T12:38:40.000Z</time>
        <speed>1.325</speed>
      </trkpt>
      <trkpt lat="50.6322546" lon="-2.3679745">
        <ele>38.4</ele>
        <time>2025-12-12T12:38:45.000Z</time>
        <speed>1.325</speed>
      </trkpt>
      <trkpt lat="50.6322669" lon="-2.3680722">
        <ele>38.4</ele>
        <time>2025-12-12T12:38:50.000Z</time>
        <speed>1.325</speed>
      </trkpt>
      <trkpt lat="50.6322897" lon="-2.3681727">
        <ele>38.4</ele>
        <time>2025-12-12T12:38:55.000Z</time>
        <speed>1.334</speed>
      </trkpt>
      <trkpt lat="50.6323145" lon="-2.3682561">
        <ele>38.4</ele>
        <time>2025-12-12T12:39:00.000Z</time>
        <speed>1.344</speed>
      </trkpt>
      <trkpt lat="50.6323241" lon="-2.3683542">
        <ele>39.0</ele>
        <time>2025-12-12T12:39:05.000Z</time>
        <speed>1.353</speed>
      </trkpt>
      <trkpt lat="50.6323327" lon="-2.3684430">
        <ele>39.2</ele>
        <time>2025-12-12T12:39:10.000Z</time>
        <speed>1.353</speed>
      </trkpt>
      <trkpt lat="50.6323655" lon="-2.3685298">
        <ele>39.4</ele>
        <time>2025-12-12T12:39:15.000Z</time>
        <speed>1.353</speed>
      </trkpt>
      <trkpt lat="50.6323735" lon="-2.3686218">
        <ele>39.4</ele>
        <time>2025-12-12T12:39:20.000Z</time>
        <speed>1.353</speed>
      </trkpt>
      <trkpt lat="50.6323863" lon="-2.3687061">
        <ele>39.2</ele>
        <time>2025-12-12T12:39:25.000Z</time>
        <speed>1.334</speed>
      </trkpt>
      <trkpt lat="50.6323914" lon="-2.3688088">
        <ele>39.2</ele>
        <time>2025-12-12T12:39:30.000Z</time>
        <speed>1.390</speed>
      </trkpt>
      <trkpt lat="50.6324094" lon="-2.3688967">
        <ele>39.4</ele>
        <time>2025-12-12T12:39:35.000Z</time>
        <speed>1.381</speed>
      </trkpt>
      <trkpt lat="50.6324311" lon="-2.3689926">
        <ele>39.0</ele>
        <time>2025-12-12T12:39:40.000Z</time>
        <speed>1.372</speed>
      </trkpt>
      <trkpt lat="50.6324439" lon="-2.3690844">
        <ele>38.4</ele>
        <time>2025-12-12T12:39:45.000Z</time>
        <speed>1.400</speed>
      </trkpt>
      <trkpt lat="50.6324684" lon="-2.3691665">
        <ele>38.0</ele>
        <time>2025-12-12T12:39:50.000Z</time>
        <speed>1.362</speed>
      </trkpt>
      <trkpt lat="50.6324743" lon="-2.3692014">
        <ele>37.2</ele>
        <time>2025-12-12T12:39:55.000Z</time>
        <speed>1.194</speed>
      </trkpt>
      <trkpt lat="50.6324741" lon="-2.3692074">
        <ele>36.8</ele>
        <time>2025-12-12T12:40:00.000Z</time>
        <speed>0.000</speed>
      </trkpt>
      <trkpt lat="50.6324741" lon="-2.3692074">
        <ele>36.8</ele>
        <time>2025-12-12T12:40:05.000Z</time>
        <speed>0.000</speed>
      </trkpt>
      <trkpt lat="50.6324741" lon="-2.3692074">
        <ele>36.6</ele>
        <time>2025-12-12T12:40:10.000Z</time>
        <speed>0.000</speed>
      </trkpt>
      <trkpt lat="50.6324741" lon="-2.3692074">
        <ele>36.8</ele>
        <time>2025-12-12T12:40:15.000Z</time>
        <speed>0.000</speed>
      </trkpt>
      <trkpt lat="50.6324741" lon="-2.3692074">
        <ele>36.6</ele>
        <time>2025-12-12T12:40:20.000Z</time>
        <speed>0.000</speed>
      </trkpt>
      <trkpt lat="50.6324741" lon="-2.3692074">
        <ele>36.6</ele>
        <time>2025-12-12T12:40:25.000Z</time>
        <speed>0.000</speed>
      </trkpt>
      <trkpt lat="50.6324741" lon="-2.3692074">
        <ele>36.8</ele>
        <time>2025-12-12T12:40:30.000Z</time>
        <speed>0.000</speed>
      </trkpt>
      <trkpt lat="50.6324741" lon="-2.3692074">
        <ele>36.8</ele>
        <time>2025-12-12T12:40:35.000Z</time>
        <speed>0.000</speed>
      </trkpt>
      <trkpt lat="50.6324741" lon="-2.3692074">
        <ele>37.0</ele>
        <time>2025-12-12T12:40:40.000Z</time>
        <speed>0.000</speed>
      </trkpt>
      <trkpt lat="50.6324741" lon="-2.3692074">
        <ele>37.2</ele>
        <time>2025-12-12T12:40:45.000Z</time>
        <speed>0.000</speed>
      </trkpt>
      <trkpt lat="50.6324741" lon="-2.3692074">
        <ele>37.4</ele>
        <time>2025-12-12T12:40:50.000Z</time>
        <speed>0.000</speed>
      </trkpt>
      <trkpt lat="50.6324741" lon="-2.3692074">
        <ele>37.6</ele>
        <time>2025-12-12T12:40:55.000Z</time>
        <speed>0.000</speed>
      </trkpt>
      <trkpt lat="50.6324829" lon="-2.3692420">
        <ele>37.2</ele>
        <time>2025-12-12T12:41:00.000Z</time>
        <speed>0.000</speed>
      </trkpt>
      <trkpt lat="50.6325048" lon="-2.3693340">
        <ele>36.8</ele>
        <time>2025-12-12T12:41:05.000Z</time>
        <speed>1.428</speed>
      </trkpt>
      <trkpt lat="50.6325298" lon="-2.3694322">
        <ele>36.2</ele>
        <time>2025-12-12T12:41:10.000Z</time>
        <speed>1.465</speed>
      </trkpt>
      <trkpt lat="50.6325488" lon="-2.3695286">
        <ele>35.8</ele>
        <time>2025-12-12T12:41:15.000Z</time>
        <speed>1.446</speed>
      </trkpt>
      <trkpt lat="50.6325720" lon="-2.3696263">
        <ele>35.4</ele>
        <time>2025-12-12T12:41:20.000Z</time>
        <speed>1.418</speed>
      </trkpt>
      <trkpt lat="50.6325892" lon="-2.3697130">
        <ele>35.0</ele>
        <time>2025-12-12T12:41:25.000Z</time>
        <speed>1.409</speed>
      </trkpt>
      <trkpt lat="50.6326089" lon="-2.3697737">
        <ele>34.8</ele>
        <time>2025-12-12T12:41:30.000Z</time>
        <speed>1.138</speed>
      </trkpt>
      <trkpt lat="50.6326233" lon="-2.3698530">
        <ele>34.4</ele>
        <time>2025-12-12T12:41:35.000Z</time>
        <speed>1.129</speed>
      </trkpt>
      <trkpt lat="50.6326372" lon="-2.3699304">
        <ele>34.0</ele>
        <time>2025-12-12T12:41:40.000Z</time>
        <speed>1.129</speed>
      </trkpt>
      <trkpt lat="50.6326355" lon="-2.3700107">
        <ele>34.4</ele>
        <time>2025-12-12T12:41:45.000Z</time>
        <speed>1.129</speed>
      </trkpt>
      <trkpt lat="50.6326450" lon="-2.3700995">
        <ele>34.6</ele>
        <time>2025-12-12T12:41:50.000Z</time>
        <speed>1.185</speed>
      </trkpt>
      <trkpt lat="50.6326699" lon="-2.3701734">
        <ele>34.8</ele>
        <time>2025-12-12T12:41:55.000Z</time>
        <speed>1.185</speed>
      </trkpt>
      <trkpt lat="50.6327015" lon="-2.3702342">
        <ele>35.2</ele>
        <time>2025-12-12T12:42:00.000Z</time>
        <speed>1.176</speed>
      </trkpt>
      <trkpt lat="50.6327454" lon="-2.3702889">
        <ele>35.8</ele>
        <time>2025-12-12T12:42:05.000Z</time>
        <speed>1.176</speed>
      </trkpt>
      <trkpt lat="50.6327985" lon="-2.3703410">
        <ele>36.2</ele>
        <time>2025-12-12T12:42:10.000Z</time>
        <speed>1.241</speed>
      </trkpt>
      <trkpt lat="50.6328350" lon="-2.3703960">
        <ele>36.2</ele>
        <time>2025-12-12T12:42:15.000Z</time>
        <speed>1.213</speed>
      </trkpt>
      <trkpt lat="50.6328699" lon="-2.3704621">
        <ele>36.8</ele>
        <time>2025-12-12T12:42:20.000Z</time>
        <speed>1.222</speed>
      </trkpt>
      <trkpt lat="50.6329128" lon="-2.3705186">
        <ele>37.2</ele>
        <time>2025-12-12T12:42:25.000Z</time>
        <speed>1.213</speed>
      </trkpt>
      <trkpt lat="50.6329582" lon="-2.3705714">
        <ele>37.8</ele>
        <time>2025-12-12T12:42:30.000Z</time>
        <speed>1.213</speed>
      </trkpt>
      <trkpt lat="50.6329945" lon="-2.3706197">
        <ele>38.4</ele>
        <time>2025-12-12T12:42:35.000Z</time>
        <speed>1.213</speed>
      </trkpt>
      <trkpt lat="50.6330262" lon="-2.3706608">
        <ele>39.0</ele>
        <time>2025-12-12T12:42:40.000Z</time>
        <speed>1.157</speed>
      </trkpt>
      <trkpt lat="50.6330691" lon="-2.3707161">
        <ele>40.0</ele>
        <time>2025-12-12T12:42:45.000Z</time>
        <speed>1.148</speed>
      </trkpt>
      <trkpt lat="50.6331119" lon="-2.3707607">
        <ele>40.4</ele>
        <time>2025-12-12T12:42:50.000Z</time>
        <speed>1.157</speed>
      </trkpt>
      <trkpt lat="50.6331547" lon="-2.3708011">
        <ele>41.0</ele>
        <time>2025-12-12T12:42:55.000Z</time>
        <speed>1.120</speed>
      </trkpt>
      <trkpt lat="50.6332047" lon="-2.3708419">
        <ele>41.8</ele>
        <time>2025-12-12T12:43:00.000Z</time>
        <speed>1.129</speed>
      </trkpt>
      <trkpt lat="50.6332513" lon="-2.3708931">
        <ele>42.0</ele>
        <time>2025-12-12T12:43:05.000Z</time>
        <speed>1.194</speed>
      </trkpt>
      <trkpt lat="50.6332972" lon="-2.3709314">
        <ele>42.4</ele>
        <time>2025-12-12T12:43:10.000Z</time>
        <speed>1.213</speed>
      </trkpt>
      <trkpt lat="50.6333363" lon="-2.3709653">
        <ele>42.4</ele>
        <time>2025-12-12T12:43:15.000Z</time>
        <speed>1.138</speed>
      </trkpt>
      <trkpt lat="50.6333523" lon="-2.3709865">
        <ele>43.0</ele>
        <time>2025-12-12T12:43:20.000Z</time>
        <speed>1.017</speed>
      </trkpt>
      <trkpt lat="50.6333523" lon="-2.3709866">
        <ele>42.8</ele>
        <time>2025-12-12T12:43:25.000Z</time>
        <speed>0.000</speed>
      </trkpt>
      <trkpt lat="50.6333523" lon="-2.3709866">
        <ele>42.8</ele>
        <time>2025-12-12T12:43:30.000Z</time>
        <speed>0.000</speed>
      </trkpt>
      <trkpt lat="50.6333540" lon="-2.3709858">
        <ele>42.8</ele>
        <time>2025-12-12T12:43:35.000Z</time>
        <speed>0.000</speed>
      </trkpt>
      <trkpt lat="50.6333528" lon="-2.3709854">
        <ele>42.8</ele>
        <time>2025-12-12T12:43:40.000Z</time>
        <speed>0.000</speed>
      </trkpt>
      <trkpt lat="50.6333490" lon="-2.3709833">
        <ele>43.0</ele>
        <time>2025-12-12T12:43:45.000Z</time>
        <speed>0.000</speed>
      </trkpt>
      <trkpt lat="50.6333441" lon="-2.3709803">
        <ele>43.2</ele>
        <time>2025-12-12T12:43:50.000Z</time>
        <speed>0.000</speed>
      </trkpt>
      <trkpt lat="50.6333460" lon="-2.3709739">
        <ele>43.6</ele>
        <time>2025-12-12T12:43:55.000Z</time>
        <speed>0.000</speed>
      </trkpt>
      <trkpt lat="50.6334020" lon="-2.3709926">
        <ele>43.8</ele>
        <time>2025-12-12T12:44:00.000Z</time>
        <speed>1.474</speed>
      </trkpt>
      <trkpt lat="50.6334597" lon="-2.3710097">
        <ele>44.6</ele>
        <time>2025-12-12T12:44:05.000Z</time>
        <speed>1.250</speed>
      </trkpt>
      <trkpt lat="50.6335162" lon="-2.3710368">
        <ele>45.4</ele>
        <time>2025-12-12T12:44:10.000Z</time>
        <speed>1.353</speed>
      </trkpt>
      <trkpt lat="50.6335641" lon="-2.3710878">
        <ele>45.8</ele>
        <time>2025-12-12T12:44:15.000Z</time>
        <speed>1.241</speed>
      </trkpt>
      <trkpt lat="50.6335766" lon="-2.3711768">
        <ele>45.8</ele>
        <time>2025-12-12T12:44:20.000Z</time>
        <speed>1.260</speed>
      </trkpt>
      <trkpt lat="50.6336053" lon="-2.3712537">
        <ele>45.6</ele>
        <time>2025-12-12T12:44:25.000Z</time>
        <speed>1.232</speed>
      </trkpt>
      <trkpt lat="50.6336363" lon="-2.3713348">
        <ele>45.2</ele>
        <time>2025-12-12T12:44:30.000Z</time>
        <speed>1.316</speed>
      </trkpt>
      <trkpt lat="50.6336645" lon="-2.3714080">
        <ele>45.0</ele>
        <time>2025-12-12T12:44:35.000Z</time>
        <speed>1.269</speed>
      </trkpt>
      <trkpt lat="50.6337023" lon="-2.3714850">
        <ele>44.6</ele>
        <time>2025-12-12T12:44:40.000Z</time>
        <speed>1.297</speed>
      </trkpt>
      <trkpt lat="50.6337327" lon="-2.3715659">
        <ele>43.8</ele>
        <time>2025-12-12T12:44:45.000Z</time>
        <speed>1.288</speed>
      </trkpt>
      <trkpt lat="50.6337598" lon="-2.3716333">
        <ele>43.4</ele>
        <time>2025-12-12T12:44:50.000Z</time>
        <speed>1.288</speed>
      </trkpt>
      <trkpt lat="50.6337814" lon="-2.3716614">
        <ele>42.6</ele>
        <time>2025-12-12T12:44:55.000Z</time>
        <speed>1.222</speed>
      </trkpt>
      <trkpt lat="50.6338007" lon="-2.3716816">
        <ele>41.6</ele>
        <time>2025-12-12T12:45:00.000Z</time>
        <speed>0.905</speed>
      </trkpt>
      <trkpt lat="50.6338196" lon="-2.3717047">
        <ele>40.6</ele>
        <time>2025-12-12T12:45:05.000Z</time>
        <speed>0.000</speed>
      </trkpt>
      <trkpt lat="50.6338319" lon="-2.3717240">
        <ele>39.0</ele>
        <time>2025-12-12T12:45:10.000Z</time>
        <speed>0.000</speed>
      </trkpt>
      <trkpt lat="50.6338579" lon="-2.3717646">
        <ele>38.0</ele>
        <time>2025-12-12T12:45:15.000Z</time>
        <speed>0.569</speed>
      </trkpt>
      <trkpt lat="50.6338783" lon="-2.3718070">
        <ele>37.0</ele>
        <time>2025-12-12T12:45:20.000Z</time>
        <speed>0.000</speed>
      </trkpt>
      <trkpt lat="50.6339090" lon="-2.3718626">
        <ele>36.0</ele>
        <time>2025-12-12T12:45:25.000Z</time>
        <speed>1.166</speed>
      </trkpt>
      <trkpt lat="50.6339373" lon="-2.3719157">
        <ele>34.8</ele>
        <time>2025-12-12T12:45:30.000Z</time>
        <speed>0.000</speed>
      </trkpt>
      <trkpt lat="50.6339641" lon="-2.3720013">
        <ele>34.0</ele>
        <time>2025-12-12T12:45:35.000Z</time>
        <speed>1.110</speed>
      </trkpt>
      <trkpt lat="50.6339860" lon="-2.3720902">
        <ele>33.2</ele>
        <time>2025-12-12T12:45:40.000Z</time>
        <speed>1.334</speed>
      </trkpt>
      <trkpt lat="50.6340064" lon="-2.3721668">
        <ele>32.8</ele>
        <time>2025-12-12T12:45:45.000Z</time>
        <speed>1.222</speed>
      </trkpt>
      <trkpt lat="50.6340213" lon="-2.3722384">
        <ele>32.0</ele>
        <time>2025-12-12T12:45:50.000Z</time>
        <speed>1.204</speed>
      </trkpt>
      <trkpt lat="50.6340312" lon="-2.3723095">
        <ele>31.6</ele>
        <time>2025-12-12T12:45:55.000Z</time>
        <speed>1.157</speed>
      </trkpt>
      <trkpt lat="50.6340463" lon="-2.3723446">
        <ele>30.6</ele>
        <time>2025-12-12T12:46:00.000Z</time>
        <speed>0.868</speed>
      </trkpt>
      <trkpt lat="50.6340644" lon="-2.3723941">
        <ele>29.4</ele>
        <time>2025-12-12T12:46:05.000Z</time>
        <speed>0.849</speed>
      </trkpt>
      <trkpt lat="50.6340872" lon="-2.3724259">
        <ele>29.2</ele>
        <time>2025-12-12T12:46:10.000Z</time>
        <speed>0.765</speed>
      </trkpt>
      <trkpt lat="50.6341061" lon="-2.3724901">
        <ele>28.8</ele>
        <time>2025-12-12T12:46:15.000Z</time>
        <speed>0.840</speed>
      </trkpt>
      <trkpt lat="50.6341204" lon="-2.3725513">
        <ele>28.4</ele>
        <time>2025-12-12T12:46:20.000Z</time>
        <speed>0.961</speed>
      </trkpt>
      <trkpt lat="50.6341390" lon="-2.3725761">
        <ele>27.4</ele>
        <time>2025-12-12T12:46:25.000Z</time>
        <speed>0.877</speed>
      </trkpt>
      <trkpt lat="50.6341597" lon="-2.3726067">
        <ele>27.0</ele>
        <time>2025-12-12T12:46:30.000Z</time>
        <speed>0.765</speed>
      </trkpt>
      <trkpt lat="50.6341906" lon="-2.3726621">
        <ele>26.2</ele>
        <time>2025-12-12T12:46:35.000Z</time>
        <speed>0.821</speed>
      </trkpt>
      <trkpt lat="50.6342188" lon="-2.3727287">
        <ele>25.4</ele>
        <time>2025-12-12T12:46:40.000Z</time>
        <speed>0.942</speed>
      </trkpt>
      <trkpt lat="50.6342475" lon="-2.3728030">
        <ele>25.0</ele>
        <time>2025-12-12T12:46:45.000Z</time>
        <speed>1.026</speed>
      </trkpt>
      <trkpt lat="50.6342680" lon="-2.3728731">
        <ele>24.4</ele>
        <time>2025-12-12T12:46:50.000Z</time>
        <speed>1.045</speed>
      </trkpt>
      <trkpt lat="50.6342846" lon="-2.3729424">
        <ele>23.8</ele>
        <time>2025-12-12T12:46:55.000Z</time>
        <speed>1.045</speed>
      </trkpt>
      <trkpt lat="50.6342996" lon="-2.3730216">
        <ele>23.4</ele>
        <time>2025-12-12T12:47:00.000Z</time>
        <speed>1.064</speed>
      </trkpt>
      <trkpt lat="50.6343149" lon="-2.3731088">
        <ele>22.6</ele>
        <time>2025-12-12T12:47:05.000Z</time>
        <speed>1.120</speed>
      </trkpt>
      <trkpt lat="50.6343323" lon="-2.3731709">
        <ele>22.6</ele>
        <time>2025-12-12T12:47:10.000Z</time>
        <speed>1.129</speed>
      </trkpt>
      <trkpt lat="50.6343552" lon="-2.3732296">
        <ele>22.2</ele>
        <time>2025-12-12T12:47:15.000Z</time>
        <speed>1.092</speed>
      </trkpt>
      <trkpt lat="50.6343749" lon="-2.3732777">
        <ele>21.8</ele>
        <time>2025-12-12T12:47:20.000Z</time>
        <speed>1.036</speed>
      </trkpt>
      <trkpt lat="50.6343947" lon="-2.3733181">
        <ele>21.4</ele>
        <time>2025-12-12T12:47:25.000Z</time>
        <speed>0.868</speed>
      </trkpt>
      <trkpt lat="50.6344090" lon="-2.3733784">
        <ele>21.2</ele>
        <time>2025-12-12T12:47:30.000Z</time>
        <speed>0.812</speed>
      </trkpt>
      <trkpt lat="50.6344353" lon="-2.3734372">
        <ele>20.0</ele>
        <time>2025-12-12T12:47:35.000Z</time>
        <speed>0.933</speed>
      </trkpt>
      <trkpt lat="50.6344535" lon="-2.3734881">
        <ele>19.0</ele>
        <time>2025-12-12T12:47:40.000Z</time>
        <speed>0.849</speed>
      </trkpt>
      <trkpt lat="50.6344824" lon="-2.3735248">
        <ele>17.8</ele>
        <time>2025-12-12T12:47:45.000Z</time>
        <speed>0.868</speed>
      </trkpt>
      <trkpt lat="50.6345086" lon="-2.3735705">
        <ele>17.2</ele>
        <time>2025-12-12T12:47:50.000Z</time>
        <speed>0.877</speed>
      </trkpt>
      <trkpt lat="50.6345243" lon="-2.3736044">
        <ele>17.4</ele>
        <time>2025-12-12T12:47:55.000Z</time>
        <speed>0.681</speed>
      </trkpt>
      <trkpt lat="50.6345407" lon="-2.3736455">
        <ele>17.4</ele>
        <time>2025-12-12T12:48:00.000Z</time>
        <speed>0.662</speed>
      </trkpt>
      <trkpt lat="50.6345573" lon="-2.3737032">
        <ele>16.8</ele>
        <time>2025-12-12T12:48:05.000Z</time>
        <speed>0.728</speed>
      </trkpt>
      <trkpt lat="50.6345832" lon="-2.3737666">
        <ele>15.6</ele>
        <time>2025-12-12T12:48:10.000Z</time>
        <speed>0.849</speed>
      </trkpt>
      <trkpt lat="50.6345933" lon="-2.3738029">
        <ele>15.4</ele>
        <time>2025-12-12T12:48:15.000Z</time>
        <speed>0.812</speed>
      </trkpt>
      <trkpt lat="50.6346017" lon="-2.3738102">
        <ele>15.6</ele>
        <time>2025-12-12T12:48:20.000Z</time>
        <speed>0.634</speed>
      </trkpt>
      <trkpt lat="50.6346355" lon="-2.3738520">
        <ele>15.6</ele>
        <time>2025-12-12T12:48:25.000Z</time>
        <speed>0.709</speed>
      </trkpt>
      <trkpt lat="50.6346537" lon="-2.3738739">
        <ele>15.4</ele>
        <time>2025-12-12T12:48:30.000Z</time>
        <speed>0.625</speed>
      </trkpt>
      <trkpt lat="50.6346534" lon="-2.3738789">
        <ele>15.0</ele>
        <time>2025-12-12T12:48:35.000Z</time>
        <speed>0.000</speed>
      </trkpt>
      <trkpt lat="50.6346708" lon="-2.3739011">
        <ele>15.0</ele>
        <time>2025-12-12T12:48:40.000Z</time>
        <speed>0.000</speed>
      </trkpt>
      <trkpt lat="50.6346751" lon="-2.3739511">
        <ele>15.0</ele>
        <time>2025-12-12T12:48:45.000Z</time>
        <speed>0.756</speed>
      </trkpt>
      <trkpt lat="50.6346829" lon="-2.3740008">
        <ele>14.4</ele>
        <time>2025-12-12T12:48:50.000Z</time>
        <speed>0.728</speed>
      </trkpt>
      <trkpt lat="50.6347082" lon="-2.3740426">
        <ele>13.8</ele>
        <time>2025-12-12T12:48:55.000Z</time>
        <speed>0.821</speed>
      </trkpt>
      <trkpt lat="50.6347339" lon="-2.3740876">
        <ele>14.2</ele>
        <time>2025-12-12T12:49:00.000Z</time>
        <speed>0.802</speed>
      </trkpt>
      <trkpt lat="50.6347674" lon="-2.3741453">
        <ele>13.4</ele>
        <time>2025-12-12T12:49:05.000Z</time>
        <speed>0.877</speed>
      </trkpt>
      <trkpt lat="50.6347782" lon="-2.3741974">
        <ele>12.8</ele>
        <time>2025-12-12T12:49:10.000Z</time>
        <speed>0.858</speed>
      </trkpt>
      <trkpt lat="50.6347853" lon="-2.3742172">
        <ele>12.6</ele>
        <time>2025-12-12T12:49:15.000Z</time>
        <speed>0.644</speed>
      </trkpt>
      <trkpt lat="50.6347850" lon="-2.3742161">
        <ele>12.6</ele>
        <time>2025-12-12T12:49:20.000Z</time>
        <speed>0.000</speed>
      </trkpt>
      <trkpt lat="50.6347850" lon="-2.3742161">
        <ele>12.4</ele>
        <time>2025-12-12T12:49:25.000Z</time>
        <speed>0.000</speed>
      </trkpt>
      <trkpt lat="50.6347850" lon="-2.3742161">
        <ele>12.2</ele>
        <time>2025-12-12T12:49:30.000Z</time>
        <speed>0.000</speed>
      </trkpt>
      <trkpt lat="50.6347999" lon="-2.3742696">
        <ele>12.2</ele>
        <time>2025-12-12T12:49:35.000Z</time>
        <speed>1.138</speed>
      </trkpt>
      <trkpt lat="50.6348187" lon="-2.3743357">
        <ele>12.2</ele>
        <time>2025-12-12T12:49:40.000Z</time>
        <speed>1.054</speed>
      </trkpt>
      <trkpt lat="50.6348336" lon="-2.3743912">
        <ele>11.4</ele>
        <time>2025-12-12T12:49:45.000Z</time>
        <speed>0.858</speed>
      </trkpt>
      <trkpt lat="50.6348497" lon="-2.3744346">
        <ele>11.0</ele>
        <time>2025-12-12T12:49:50.000Z</time>
        <speed>0.793</speed>
      </trkpt>
      <trkpt lat="50.6348744" lon="-2.3744544">
        <ele>10.2</ele>
        <time>2025-12-12T12:49:55.000Z</time>
        <speed>0.709</speed>
      </trkpt>
      <trkpt lat="50.6348777" lon="-2.3744549">
        <ele>10.0</ele>
        <time>2025-12-12T12:50:00.000Z</time>
        <speed>0.569</speed>
      </trkpt>
      <trkpt lat="50.6348777" lon="-2.3744550">
        <ele>10.0</ele>
        <time>2025-12-12T12:50:05.000Z</time>
        <speed>0.000</speed>
      </trkpt>
      <trkpt lat="50.6348948" lon="-2.3744885">
        <ele>9.8</ele>
        <time>2025-12-12T12:50:10.000Z</time>
        <speed>0.000</speed>
      </trkpt>
      <trkpt lat="50.6349218" lon="-2.3745307">
        <ele>9.0</ele>
        <time>2025-12-12T12:50:15.000Z</time>
        <speed>0.000</speed>
      </trkpt>
      <trkpt lat="50.6349382" lon="-2.3745939">
        <ele>8.6</ele>
        <time>2025-12-12T12:50:20.000Z</time>
        <speed>0.896</speed>
      </trkpt>
      <trkpt lat="50.6349472" lon="-2.3746582">
        <ele>8.4</ele>
        <time>2025-12-12T12:50:25.000Z</time>
        <speed>0.877</speed>
      </trkpt>
      <trkpt lat="50.6349606" lon="-2.3747192">
        <ele>8.4</ele>
        <time>2025-12-12T12:50:30.000Z</time>
        <speed>0.896</speed>
      </trkpt>
      <trkpt lat="50.6349745" lon="-2.3747950">
        <ele>8.2</ele>
        <time>2025-12-12T12:50:35.000Z</time>
        <speed>0.914</speed>
      </trkpt>
      <trkpt lat="50.6349821" lon="-2.3748691">
        <ele>7.6</ele>
        <time>2025-12-12T12:50:40.000Z</time>
        <speed>0.952</speed>
      </trkpt>
      <trkpt lat="50.6349704" lon="-2.3749221">
        <ele>7.4</ele>
        <time>2025-12-12T12:50:45.000Z</time>
        <speed>1.017</speed>
      </trkpt>
      <trkpt lat="50.6349469" lon="-2.3749674">
        <ele>6.8</ele>
        <time>2025-12-12T12:50:50.000Z</time>
        <speed>0.933</speed>
      </trkpt>
      <trkpt lat="50.6349372" lon="-2.3750356">
        <ele>6.6</ele>
        <time>2025-12-12T12:50:55.000Z</time>
        <speed>0.942</speed>
      </trkpt>
      <trkpt lat="50.6349393" lon="-2.3751253">
        <ele>6.4</ele>
        <time>2025-12-12T12:51:00.000Z</time>
        <speed>0.989</speed>
      </trkpt>
      <trkpt lat="50.6349317" lon="-2.3751867">
        <ele>6.2</ele>
        <time>2025-12-12T12:51:05.000Z</time>
        <speed>1.008</speed>
      </trkpt>
      <trkpt lat="50.6348830" lon="-2.3752008">
        <ele>6.0</ele>
        <time>2025-12-12T12:51:10.000Z</time>
        <speed>1.026</speed>
      </trkpt>
      <trkpt lat="50.6348388" lon="-2.3752287">
        <ele>6.2</ele>
        <time>2025-12-12T12:51:15.000Z</time>
        <speed>1.064</speed>
      </trkpt>
      <trkpt lat="50.6348112" lon="-2.3752204">
        <ele>6.0</ele>
        <time>2025-12-12T12:51:20.000Z</time>
        <speed>1.026</speed>
      </trkpt>
      <trkpt lat="50.6347978" lon="-2.3751953">
        <ele>6.0</ele>
        <time>2025-12-12T12:51:25.000Z</time>
        <speed>0.905</speed>
      </trkpt>
      <trkpt lat="50.6348158" lon="-2.3752238">
        <ele>6.4</ele>
        <time>2025-12-12T12:51:30.000Z</time>
        <speed>0.000</speed>
      </trkpt>
      <trkpt lat="50.6348326" lon="-2.3752860">
        <ele>6.4</ele>
        <time>2025-12-12T12:51:35.000Z</time>
        <speed>0.383</speed>
      </trkpt>
      <trkpt lat="50.6348342" lon="-2.3753571">
        <ele>6.8</ele>
        <time>2025-12-12T12:51:40.000Z</time>
        <speed>0.914</speed>
      </trkpt>
      <trkpt lat="50.6348421" lon="-2.3754180">
        <ele>7.8</ele>
        <time>2025-12-12T12:51:45.000Z</time>
        <speed>0.924</speed>
      </trkpt>
      <trkpt lat="50.6348494" lon="-2.3754870">
        <ele>8.8</ele>
        <time>2025-12-12T12:51:50.000Z</time>
        <speed>0.998</speed>
      </trkpt>
      <trkpt lat="50.6348590" lon="-2.3755405">
        <ele>9.8</ele>
        <time>2025-12-12T12:51:55.000Z</time>
        <speed>0.830</speed>
      </trkpt>
      <trkpt lat="50.6348709" lon="-2.3755945">
        <ele>10.6</ele>
        <time>2025-12-12T12:52:00.000Z</time>
        <speed>0.821</speed>
      </trkpt>
      <trkpt lat="50.6348753" lon="-2.3756256">
        <ele>11.4</ele>
        <time>2025-12-12T12:52:05.000Z</time>
        <speed>0.644</speed>
      </trkpt>
      <trkpt lat="50.6348889" lon="-2.3756635">
        <ele>12.6</ele>
        <time>2025-12-12T12:52:10.000Z</time>
        <speed>0.588</speed>
      </trkpt>
      <trkpt lat="50.6349355" lon="-2.3756738">
        <ele>13.4</ele>
        <time>2025-12-12T12:52:15.000Z</time>
        <speed>0.896</speed>
      </trkpt>
      <trkpt lat="50.6349756" lon="-2.3756935">
        <ele>13.8</ele>
        <time>2025-12-12T12:52:20.000Z</time>
        <speed>0.942</speed>
      </trkpt>
      <trkpt lat="50.6350233" lon="-2.3757194">
        <ele>14.2</ele>
        <time>2025-12-12T12:52:25.000Z</time>
        <speed>1.017</speed>
      </trkpt>
      <trkpt lat="50.6350741" lon="-2.3757634">
        <ele>14.8</ele>
        <time>2025-12-12T12:52:30.000Z</time>
        <speed>1.148</speed>
      </trkpt>
      <trkpt lat="50.6351128" lon="-2.3757942">
        <ele>15.2</ele>
        <time>2025-12-12T12:52:35.000Z</time>
        <speed>1.148</speed>
      </trkpt>
      <trkpt lat="50.6351187" lon="-2.3757928">
        <ele>15.0</ele>
        <time>2025-12-12T12:52:40.000Z</time>
        <speed>1.092</speed>
      </trkpt>
      <trkpt lat="50.6351258" lon="-2.3757820">
        <ele>14.8</ele>
        <time>2025-12-12T12:52:45.000Z</time>
        <speed>0.000</speed>
      </trkpt>
      <trkpt lat="50.6351377" lon="-2.3757753">
        <ele>14.6</ele>
        <time>2025-12-12T12:52:50.000Z</time>
        <speed>0.000</speed>
      </trkpt>
      <trkpt lat="50.6351399" lon="-2.3757761">
        <ele>14.4</ele>
        <time>2025-12-12T12:52:55.000Z</time>
        <speed>0.000</speed>
      </trkpt>
      <trkpt lat="50.6351384" lon="-2.3757777">
        <ele>14.2</ele>
        <time>2025-12-12T12:53:00.000Z</time>
        <speed>0.000</speed>
      </trkpt>
      <trkpt lat="50.6351398" lon="-2.3757827">
        <ele>14.0</ele>
        <time>2025-12-12T12:53:05.000Z</time>
        <speed>0.000</speed>
      </trkpt>
      <trkpt lat="50.6351330" lon="-2.3757929">
        <ele>13.8</ele>
        <time>2025-12-12T12:53:10.000Z</time>
        <speed>0.000</speed>
      </trkpt>
      <trkpt lat="50.6351307" lon="-2.3758067">
        <ele>13.6</ele>
        <time>2025-12-12T12:53:15.000Z</time>
        <speed>0.000</speed>
      </trkpt>
      <trkpt lat="50.6351054" lon="-2.3757686">
        <ele>13.4</ele>
        <time>2025-12-12T12:53:20.000Z</time>
        <speed>0.000</speed>
      </trkpt>
      <trkpt lat="50.6351258" lon="-2.3756946">
        <ele>13.4</ele>
        <time>2025-12-12T12:53:25.000Z</time>
        <speed>0.364</speed>
      </trkpt>
      <trkpt lat="50.6351579" lon="-2.3756192">
        <ele>13.8</ele>
        <time>2025-12-12T12:53:30.000Z</time>
        <speed>1.232</speed>
      </trkpt>
      <trkpt lat="50.6351934" lon="-2.3755509">
        <ele>13.8</ele>
        <time>2025-12-12T12:53:35.000Z</time>
        <speed>1.250</speed>
      </trkpt>
      <trkpt lat="50.6352446" lon="-2.3755055">
        <ele>13.8</ele>
        <time>2025-12-12T12:53:40.000Z</time>
        <speed>1.213</speed>
      </trkpt>
      <trkpt lat="50.6352989" lon="-2.3754680">
        <ele>14.2</ele>
        <time>2025-12-12T12:53:45.000Z</time>
        <speed>1.288</speed>
      </trkpt>
      <trkpt lat="50.6353513" lon="-2.3754271">
        <ele>14.0</ele>
        <time>2025-12-12T12:53:50.000Z</time>
        <speed>1.288</speed>
      </trkpt>
      <trkpt lat="50.6353978" lon="-2.3754025">
        <ele>14.2</ele>
        <time>2025-12-12T12:53:55.000Z</time>
        <speed>1.204</speed>
      </trkpt>
      <trkpt lat="50.6354430" lon="-2.3753703">
        <ele>14.8</ele>
        <time>2025-12-12T12:54:00.000Z</time>
        <speed>1.176</speed>
      </trkpt>
      <trkpt lat="50.6354706" lon="-2.3753610">
        <ele>14.8</ele>
        <time>2025-12-12T12:54:05.000Z</time>
        <speed>1.148</speed>
      </trkpt>
      <trkpt lat="50.6354677" lon="-2.3753586">
        <ele>14.8</ele>
        <time>2025-12-12T12:54:10.000Z</time>
        <speed>0.000</speed>
      </trkpt>
      <trkpt lat="50.6354757" lon="-2.3753589">
        <ele>14.8</ele>
        <time>2025-12-12T12:54:15.000Z</time>
        <speed>0.000</speed>
      </trkpt>
      <trkpt lat="50.6354719" lon="-2.3753601">
        <ele>14.8</ele>
        <time>2025-12-12T12:54:20.000Z</time>
        <speed>0.000</speed>
      </trkpt>
      <trkpt lat="50.6354417" lon="-2.3753731">
        <ele>14.8</ele>
        <time>2025-12-12T12:54:25.000Z</time>
        <speed>0.000</speed>
      </trkpt>
      <trkpt lat="50.6354611" lon="-2.3753628">
        <ele>15.0</ele>
        <time>2025-12-12T12:54:30.000Z</time>
        <speed>0.765</speed>
      </trkpt>
      <trkpt lat="50.6354653" lon="-2.3753806">
        <ele>14.4</ele>
        <time>2025-12-12T12:54:35.000Z</time>
        <speed>0.000</speed>
      </trkpt>
      <trkpt lat="50.6354674" lon="-2.3753781">
        <ele>14.6</ele>
        <time>2025-12-12T12:54:40.000Z</time>
        <speed>0.000</speed>
      </trkpt>
    </trkseg>
  </trk>
</gpx>
