<?xml version="1.0" encoding="UTF-8"?>
<kml xmlns="http://www.opengis.net/kml/2.2" xmlns:xsi="http://www.w3.org/2001/XMLSchema-instance" xsi:schemaLocation="http://www.opengis.net/kml/2.2 http://schemas.opengis.net/kml/2.2.0/ogckml22.xsd">
  <Document>
    <name>GPS Wizard</name>
    <open>1</open>
    <Style id="wizard">
      <LineStyle>
        <color>a00000ff</color>
        <width>2</width>
      </LineStyle>
    </Style>
    <Placemark>
      <name>TBC</name>
      <styleUrl>#wizard</styleUrl>
      <LineString>
        <extrude>1</extrude>
        <tessellate>1</tessellate>
        <coordinates>
          -5.0866341,50.4130283
          -5.0866343,50.4130283
          -5.0866338,50.4130285
          -5.0866330,50.4130284
          -5.0866335,50.4130285
          -5.0866350,50.4130289
          -5.0866353,50.4130290
          -5.0866356,50.4130293
          -5.0866358,50.4130296
          -5.0866362,50.4130302
          -5.0866366,50.4130310
          -5.0866372,50.4130321
          -5.0866377,50.4130334
          -5.0866382,50.4130351
          -5.0866386,50.4130371
          -5.0866391,50.4130394
          -5.0866397,50.4130420
          -5.0866402,50.4130447
          -5.0866408,50.4130473
          -5.0866414,50.4130496
          -5.0866418,50.4130512
          -5.0866418,50.4130520
          -5.0866361,50.4130510
          -5.0865638,50.4130361
          -5.0864680,50.4130177
          -5.0863673,50.4129963
          -5.0862805,50.4129977
          -5.0862008,50.4130020
          -5.0861243,50.4130081
          -5.0860494,50.4130078
          -5.0860124,50.4130244
          -5.0859912,50.4130239
          -5.0859710,50.4130217
          -5.0859415,50.4130198
          -5.0858560,50.4130204
          -5.0857560,50.4130280
          -5.0856725,50.4130194
          -5.0855897,50.4129874
          -5.0855155,50.4129523
          -5.0854737,50.4129382
          -5.0853928,50.4129456
          -5.0853090,50.4129536
          -5.0852063,50.4129585
          -5.0850992,50.4129614
          -5.0849975,50.4129627
          -5.0848818,50.4129693
          -5.0847984,50.4129862
          -5.0847002,50.4129947
          -5.0845920,50.4130018
          -5.0844760,50.4130109
          -5.0843688,50.4130164
          -5.0842704,50.4130199
          -5.0841697,50.4130249
          -5.0840701,50.4130426
          -5.0839979,50.4130485
          -5.0839921,50.4130535
          -5.0840262,50.4130911
          -5.0840838,50.4131409
          -5.0841336,50.4131932
          -5.0841709,50.4132493
          -5.0842137,50.4133101
          -5.0842627,50.4133654
          -5.0842816,50.4134121
          -5.0843043,50.4134472
          -5.0843091,50.4134708
          -5.0843196,50.4135180
          -5.0843304,50.4135749
          -5.0843409,50.4136150
          -5.0843410,50.4136566
          -5.0843377,50.4136793
          -5.0843392,50.4136853
          -5.0843464,50.4137025
          -5.0843496,50.4137050
          -5.0843466,50.4136714
          -5.0843250,50.4136311
          -5.0843377,50.4136139
          -5.0843077,50.4136220
          -5.0842640,50.4136285
          -5.0842059,50.4136315
          -5.0841225,50.4136439
          -5.0840766,50.4136469
          -5.0840725,50.4136538
          -5.0840653,50.4136781
          -5.0840725,50.4136841
          -5.0840689,50.4136882
          -5.0841339,50.4137004
          -5.0841413,50.4134730
          -5.0842506,50.4135725
          -5.0841266,50.4134793
          -5.0841413,50.4134584
          -5.0841388,50.4134581
          -5.0841281,50.4134363
          -5.0841309,50.4134396
          -5.0841261,50.4134367
          -5.0841313,50.4134480
          -5.0841336,50.4134533
          -5.0841407,50.4134596
          -5.0841189,50.4134493
          -5.0841051,50.4134351
          -5.0840637,50.4134358
          -5.0841022,50.4134341
          -5.0841482,50.4134359
          -5.0841916,50.4134463
          -5.0842473,50.4134663
          -5.0842418,50.4134613
          -5.0841300,50.4136087
          -5.0841263,50.4136023
          -5.0841490,50.4135978
          -5.0841533,50.4136002
          -5.0841761,50.4135925
          -5.0842374,50.4135996
          -5.0842705,50.4136035
          -5.0842890,50.4136056
          -5.0842948,50.4136060
          -5.0842939,50.4136066
          -5.0842896,50.4136083
          -5.0842823,50.4136099
          -5.0842828,50.4136087
          -5.0842840,50.4136097
          -5.0842907,50.4136185
          -5.0843110,50.4136547
          -5.0843110,50.4137152
          -5.0843342,50.4137789
          -5.0843091,50.4137551
          -5.0842780,50.4136938
          -5.0842861,50.4136151
          -5.0843734,50.4135827
          -5.0844374,50.4135637
          -5.0845114,50.4135470
          -5.0845988,50.4135356
          -5.0846526,50.4135249
          -5.0847186,50.4135046
          -5.0847930,50.4134745
          -5.0848642,50.4134437
          -5.0849360,50.4134137
          -5.0850187,50.4133913
          -5.0851017,50.4133770
          -5.0851821,50.4133603
          -5.0852810,50.4133395
          -5.0853613,50.4133206
          -5.0854437,50.4133005
          -5.0855441,50.4132841
          -5.0856439,50.4132728
          -5.0857358,50.4132635
          -5.0858237,50.4132542
          -5.0859171,50.4132463
          -5.0860043,50.4132535
          -5.0861053,50.4132634
          -5.0861985,50.4132815
          -5.0862993,50.4132963
          -5.0863954,50.4133166
          -5.0864827,50.4133548
          -5.0865781,50.4133989
          -5.0866363,50.4134557
          -5.0866635,50.4135170
          -5.0866827,50.4135691
          -5.0867050,50.4136180
          -5.0867061,50.4136741
          -5.0867029,50.4137164
          -5.0866997,50.4137906
          -5.0867125,50.4138433
          -5.0867221,50.4138721
          -5.0867357,50.4139191
          -5.0867394,50.4139865
          -5.0867361,50.4140362
          -5.0867270,50.4140909
          -5.0867209,50.4141435
          -5.0867260,50.4141987
          -5.0867293,50.4142523
          -5.0867397,50.4143127
          -5.0867421,50.4143751
          -5.0867412,50.4144395
          -5.0867471,50.4144777
          -5.0867542,50.4145289
          -5.0867605,50.4145868
          -5.0867691,50.4146482
          -5.0867852,50.4146896
          -5.0867993,50.4147442
          -5.0868232,50.4147924
          -5.0868521,50.4148343
          -5.0868588,50.4148959
          -5.0868616,50.4149573
          -5.0868557,50.4149965
          -5.0869029,50.4150361
          -5.0869645,50.4150809
          -5.0870205,50.4151211
          -5.0870876,50.4151620
          -5.0871276,50.4152119
          -5.0871676,50.4152803
          -5.0872020,50.4153222
          -5.0872180,50.4153601
          -5.0872427,50.4154049
          -5.0872766,50.4154528
          -5.0873215,50.4155068
          -5.0873670,50.4155564
          -5.0874124,50.4155985
          -5.0874627,50.4156513
          -5.0875219,50.4157043
          -5.0875670,50.4157462
          -5.0876100,50.4157864
          -5.0876650,50.4158335
          -5.0877248,50.4158834
          -5.0877792,50.4159335
          -5.0878291,50.4159746
          -5.0878735,50.4160293
          -5.0879249,50.4160803
          -5.0879819,50.4161335
          -5.0880286,50.4161772
          -5.0880697,50.4162189
          -5.0881100,50.4162687
          -5.0881583,50.4163199
          -5.0881994,50.4163663
          -5.0882451,50.4164114
          -5.0882963,50.4164595
          -5.0883468,50.4165115
          -5.0883873,50.4165608
          -5.0884387,50.4166068
          -5.0884995,50.4166533
          -5.0885533,50.4167073
          -5.0886013,50.4167587
          -5.0886422,50.4168085
          -5.0886888,50.4168499
          -5.0887527,50.4168999
          -5.0888057,50.4169535
          -5.0888586,50.4170049
          -5.0888774,50.4170301
          -5.0888808,50.4170372
          -5.0889086,50.4170649
          -5.0889501,50.4171204
          -5.0889982,50.4171665
          -5.0890403,50.4172071
          -5.0890706,50.4172544
          -5.0890934,50.4173083
          -5.0890823,50.4173409
          -5.0890659,50.4173689
          -5.0890335,50.4174256
          -5.0889948,50.4174740
          -5.0889547,50.4175152
          -5.0889160,50.4175507
          -5.0888857,50.4175784
          -5.0888572,50.4176070
          -5.0888221,50.4176341
          -5.0887695,50.4176691
          -5.0887282,50.4176697
          -5.0887265,50.4176647
          -5.0887253,50.4176644
          -5.0887229,50.4176647
          -5.0887198,50.4176650
          -5.0887190,50.4176652
          -5.0887182,50.4176690
          -5.0887020,50.4176809
          -5.0886631,50.4177019
          -5.0886443,50.4177037
          -5.0886444,50.4177032
          -5.0886493,50.4176977
          -5.0886608,50.4176926
          -5.0886608,50.4176925
          -5.0886604,50.4176925
          -5.0886597,50.4176925
          -5.0886589,50.4176926
          -5.0886577,50.4176927
          -5.0886557,50.4176927
          -5.0886532,50.4176928
          -5.0886501,50.4176929
          -5.0886467,50.4176929
          -5.0886433,50.4176930
          -5.0886403,50.4176930
          -5.0886391,50.4176931
          -5.0886371,50.4176947
          -5.0886184,50.4177211
          -5.0885724,50.4177568
          -5.0885218,50.4177753
          -5.0884634,50.4178002
          -5.0884129,50.4178289
          -5.0883619,50.4178728
          -5.0882956,50.4179128
          -5.0882290,50.4179504
          -5.0881736,50.4179965
          -5.0881186,50.4180366
          -5.0880755,50.4180641
          -5.0880228,50.4180898
          -5.0879769,50.4181105
          -5.0879436,50.4181316
          -5.0879114,50.4181542
          -5.0878536,50.4181788
          -5.0878172,50.4182065
          -5.0877950,50.4182407
          -5.0877733,50.4182863
          -5.0877602,50.4183409
          -5.0877535,50.4184016
          -5.0877423,50.4184623
          -5.0877303,50.4185108
          -5.0877162,50.4185650
          -5.0877067,50.4186141
          -5.0876913,50.4186596
          -5.0876715,50.4187078
          -5.0876429,50.4187610
          -5.0875832,50.4187989
          -5.0875335,50.4188290
          -5.0875126,50.4188527
          -5.0874849,50.4188862
          -5.0874718,50.4188970
          -5.0874451,50.4189038
          -5.0874445,50.4189040
          -5.0874364,50.4189001
          -5.0873998,50.4188903
          -5.0873972,50.4188893
          -5.0873964,50.4188890
          -5.0873965,50.4188867
          -5.0873961,50.4188854
          -5.0873955,50.4188846
          -5.0873950,50.4188841
          -5.0873947,50.4188836
          -5.0873980,50.4188832
          -5.0874383,50.4188687
          -5.0874814,50.4188339
          -5.0875288,50.4187936
          -5.0875839,50.4187710
          -5.0876317,50.4187419
          -5.0876530,50.4186946
          -5.0876673,50.4186423
          -5.0876774,50.4185831
          -5.0876928,50.4185305
          -5.0877125,50.4184743
          -5.0877265,50.4184175
          -5.0877388,50.4183595
          -5.0877545,50.4183038
          -5.0877722,50.4182464
          -5.0877952,50.4181987
          -5.0878213,50.4181680
          -5.0878688,50.4181433
          -5.0879394,50.4181148
          -5.0880072,50.4180770
          -5.0880642,50.4180373
          -5.0881176,50.4179988
          -5.0881756,50.4179614
          -5.0882365,50.4179255
          -5.0883051,50.4178862
          -5.0883654,50.4178481
          -5.0884242,50.4178160
          -5.0884843,50.4177826
          -5.0885576,50.4177488
          -5.0886173,50.4177196
          -5.0886847,50.4176970
          -5.0887573,50.4176687
          -5.0888027,50.4176330
          -5.0888446,50.4175941
          -5.0888797,50.4175490
          -5.0889214,50.4175034
          -5.0889648,50.4174564
          -5.0889646,50.4174224
          -5.0889615,50.4174017
          -5.0889603,50.4174010
          -5.0889587,50.4174013
          -5.0889584,50.4174012
          -5.0889674,50.4173954
          -5.0890206,50.4173829
          -5.0890861,50.4173947
          -5.0891480,50.4174176
          -5.0891947,50.4174290
          -5.0892605,50.4174647
          -5.0892976,50.4175046
          -5.0893035,50.4175357
          -5.0893529,50.4175692
          -5.0893780,50.4176272
          -5.0893995,50.4176874
          -5.0894277,50.4177334
          -5.0894608,50.4177882
          -5.0895055,50.4178493
          -5.0895401,50.4179026
          -5.0895494,50.4179615
          -5.0895245,50.4180220
          -5.0894680,50.4180761
          -5.0894099,50.4181268
          -5.0893383,50.4181704
          -5.0892638,50.4182045
          -5.0891992,50.4182418
          -5.0891393,50.4182916
          -5.0890843,50.4183387
          -5.0890251,50.4183873
          -5.0889683,50.4184295
          -5.0889104,50.4184774
          -5.0888457,50.4185303
          -5.0887776,50.4185712
          -5.0887109,50.4186189
          -5.0886434,50.4186648
          -5.0885775,50.4186987
          -5.0884907,50.4187147
          -5.0884250,50.4187473
          -5.0883441,50.4187810
          -5.0882899,50.4188053
          -5.0882311,50.4188196
          -5.0882242,50.4188313
          -5.0882005,50.4188478
          -5.0881740,50.4188700
          -5.0881118,50.4189141
          -5.0880424,50.4189536
          -5.0879807,50.4189914
          -5.0879282,50.4190311
          -5.0878767,50.4190747
          -5.0878288,50.4191113
          -5.0878003,50.4191481
          -5.0877806,50.4191933
          -5.0877313,50.4192270
          -5.0876654,50.4192471
          -5.0876144,50.4192616
          -5.0876165,50.4192634
          -5.0876132,50.4192594
          -5.0876037,50.4192586
          -5.0876023,50.4192572
          -5.0876428,50.4192783
          -5.0876768,50.4193090
          -5.0877251,50.4193410
          -5.0877747,50.4193593
          -5.0878275,50.4193875
          -5.0878691,50.4194170
          -5.0879195,50.4194611
          -5.0879601,50.4195092
          -5.0879792,50.4195238
          -5.0879801,50.4195236
          -5.0879821,50.4195280
          -5.0880099,50.4195601
          -5.0880654,50.4196035
          -5.0881153,50.4196359
          -5.0881676,50.4196801
          -5.0882291,50.4197193
          -5.0882839,50.4197566
          -5.0883363,50.4197824
          -5.0883881,50.4198098
          -5.0884254,50.4198476
          -5.0884727,50.4198908
          -5.0885274,50.4199316
          -5.0885792,50.4199771
          -5.0886234,50.4200286
          -5.0886703,50.4200731
          -5.0887126,50.4201111
          -5.0887579,50.4201452
          -5.0888075,50.4201703
          -5.0888647,50.4201686
          -5.0889252,50.4201924
          -5.0889591,50.4202200
          -5.0889607,50.4202227
          -5.0889604,50.4202225
          -5.0889593,50.4202219
          -5.0889578,50.4202211
          -5.0889560,50.4202202
          -5.0889541,50.4202194
          -5.0889523,50.4202185
          -5.0889511,50.4202180
          -5.0889521,50.4202192
          -5.0889840,50.4202378
          -5.0889993,50.4202572
          -5.0889781,50.4202651
          -5.0889669,50.4202946
          -5.0889293,50.4203099
          -5.0889289,50.4202973
          -5.0889331,50.4202970
          -5.0889332,50.4202969
          -5.0889267,50.4202987
          -5.0888889,50.4203128
          -5.0888653,50.4203111
          -5.0888602,50.4202961
          -5.0888760,50.4202558
          -5.0888947,50.4202171
          -5.0888960,50.4202110
          -5.0888962,50.4202108
          -5.0888970,50.4202113
          -5.0888958,50.4202125
          -5.0888946,50.4202121
          -5.0888936,50.4202117
          -5.0888930,50.4202110
          -5.0888976,50.4201981
          -5.0889085,50.4201770
          -5.0889112,50.4201759
          -5.0889552,50.4201779
          -5.0890115,50.4201858
          -5.0889833,50.4202023
          -5.0889307,50.4202235
          -5.0889933,50.4202223
          -5.0890294,50.4202246
          -5.0890604,50.4202135
          -5.0890795,50.4202194
          -5.0890867,50.4202241
          -5.0890514,50.4202302
          -5.0890364,50.4202481
          -5.0890757,50.4202714
          -5.0891142,50.4202910
          -5.0891727,50.4203040
          -5.0892538,50.4203125
          -5.0892961,50.4203174
          -5.0892913,50.4203164
          -5.0892914,50.4203159
          -5.0892987,50.4203147
          -5.0893685,50.4203231
          -5.0894301,50.4203278
          -5.0895033,50.4203265
          -5.0895877,50.4203115
          -5.0896768,50.4202901
          -5.0897615,50.4202720
          -5.0898387,50.4202497
          -5.0899195,50.4202284
          -5.0900102,50.4202059
          -5.0901002,50.4201823
          -5.0901795,50.4201651
          -5.0902564,50.4201586
          -5.0903342,50.4201519
          -5.0903502,50.4201505
          -5.0903541,50.4201499
          -5.0904131,50.4201413
          -5.0904945,50.4201202
          -5.0905829,50.4201079
          -5.0906814,50.4200947
          -5.0907629,50.4200740
          -5.0908392,50.4200617
          -5.0909326,50.4200499
          -5.0910316,50.4200398
          -5.0911174,50.4200250
          -5.0911977,50.4200102
          -5.0912831,50.4200056
          -5.0913619,50.4200123
          -5.0914609,50.4200240
          -5.0915369,50.4200372
          -5.0916233,50.4200434
          -5.0917154,50.4200431
          -5.0917977,50.4200489
          -5.0918841,50.4200541
          -5.0919793,50.4200601
          -5.0920786,50.4200644
          -5.0921546,50.4200743
          -5.0922052,50.4200998
          -5.0922769,50.4201313
          -5.0923364,50.4201496
          -5.0923907,50.4201765
          -5.0924448,50.4201907
          -5.0925000,50.4202064
          -5.0925813,50.4202266
          -5.0926654,50.4202453
          -5.0927455,50.4202550
          -5.0928351,50.4202682
          -5.0929177,50.4202806
          -5.0930169,50.4202948
          -5.0930944,50.4203040
          -5.0931305,50.4203046
          -5.0931299,50.4203026
          -5.0931538,50.4203099
          -5.0932409,50.4203314
          -5.0933347,50.4203497
          -5.0934195,50.4203691
          -5.0935164,50.4203777
          -5.0936001,50.4203941
          -5.0936812,50.4204214
          -5.0937626,50.4204402
          -5.0937865,50.4204421
          -5.0937919,50.4204427
          -5.0938302,50.4204660
          -5.0938587,50.4204770
          -5.0939019,50.4204992
          -5.0939028,50.4205004
          -5.0939015,50.4204995
          -5.0938992,50.4204978
          -5.0938980,50.4204967
          -5.0939068,50.4205001
          -5.0939852,50.4205357
          -5.0940302,50.4205666
          -5.0941045,50.4206023
          -5.0941867,50.4206393
          -5.0942617,50.4206769
          -5.0943390,50.4207146
          -5.0944110,50.4207512
          -5.0944757,50.4207875
          -5.0945472,50.4208291
          -5.0946094,50.4208639
          -5.0946808,50.4209056
          -5.0947575,50.4209478
          -5.0948301,50.4209950
          -5.0949038,50.4210361
          -5.0949775,50.4210727
          -5.0950552,50.4211050
          -5.0951392,50.4211400
          -5.0952181,50.4211719
          -5.0952885,50.4212122
          -5.0953627,50.4212585
          -5.0954480,50.4213006
          -5.0955159,50.4213472
          -5.0955713,50.4213944
          -5.0956234,50.4214472
          -5.0956826,50.4215000
          -5.0957453,50.4215498
          -5.0958249,50.4215973
          -5.0958855,50.4216431
          -5.0959589,50.4216895
          -5.0960276,50.4217332
          -5.0960939,50.4217808
          -5.0961614,50.4218326
          -5.0962247,50.4218802
          -5.0962891,50.4219315
          -5.0963566,50.4219769
          -5.0964341,50.4220216
          -5.0965075,50.4220626
          -5.0965900,50.4221004
          -5.0966683,50.4221296
          -5.0967575,50.4221558
          -5.0968399,50.4221720
          -5.0969264,50.4221818
          -5.0970005,50.4221951
          -5.0970539,50.4222240
          -5.0970537,50.4222510
          -5.0970396,50.4222820
          -5.0970420,50.4222916
          -5.0970474,50.4222962
          -5.0970487,50.4222993
          -5.0970542,50.4223434
          -5.0970375,50.4223991
          -5.0970320,50.4224524
          -5.0970317,50.4225156
          -5.0970332,50.4225697
          -5.0970536,50.4226279
          -5.0970533,50.4226775
          -5.0970503,50.4227291
          -5.0970508,50.4227401
          -5.0970511,50.4227447
          -5.0970564,50.4227837
          -5.0970692,50.4228255
          -5.0970909,50.4228745
          -5.0971629,50.4229111
          -5.0972104,50.4229700
          -5.0972310,50.4230315
          -5.0972538,50.4230945
          -5.0972968,50.4231517
          -5.0973404,50.4232153
          -5.0973846,50.4232739
          -5.0974304,50.4233365
          -5.0974741,50.4233877
          -5.0975106,50.4234470
          -5.0975511,50.4234985
          -5.0975830,50.4235599
          -5.0976120,50.4236160
          -5.0976469,50.4236654
          -5.0976830,50.4237143
          -5.0977120,50.4237446
          -5.0977155,50.4237460
          -5.0977227,50.4237653
          -5.0977263,50.4237564
          -5.0977268,50.4237470
          -5.0977294,50.4237508
          -5.0977303,50.4237555
          -5.0977341,50.4237638
          -5.0977315,50.4237697
          -5.0977189,50.4237450
          -5.0976672,50.4237052
          -5.0976262,50.4236488
          -5.0975868,50.4235976
          -5.0975609,50.4235429
          -5.0975381,50.4235022
          -5.0975315,50.4234840
          -5.0975314,50.4234816
          -5.0975312,50.4234799
          -5.0975293,50.4234746
          -5.0974987,50.4234388
          -5.0974551,50.4233861
          -5.0974299,50.4233272
          -5.0974113,50.4232768
          -5.0974102,50.4232240
          -5.0973893,50.4231588
          -5.0973552,50.4231026
          -5.0973283,50.4230497
          -5.0972922,50.4229949
          -5.0972426,50.4229414
          -5.0972023,50.4228932
          -5.0971768,50.4228402
          -5.0971717,50.4227826
          -5.0971804,50.4227234
          -5.0972342,50.4226864
          -5.0972719,50.4226433
          -5.0973077,50.4225908
          -5.0973427,50.4225406
          -5.0973812,50.4224821
          -5.0974263,50.4224193
          -5.0974729,50.4223687
          -5.0975225,50.4223202
          -5.0975828,50.4222931
          -5.0976512,50.4222563
          -5.0977183,50.4222134
          -5.0977711,50.4221722
          -5.0978215,50.4221109
          -5.0978500,50.4220546
          -5.0978785,50.4219986
          -5.0979119,50.4219419
          -5.0979272,50.4218951
          -5.0979371,50.4218360
          -5.0979405,50.4217682
          -5.0979431,50.4217125
          -5.0979515,50.4216919
          -5.0979519,50.4216906
          -5.0979508,50.4216886
          -5.0979504,50.4216867
          -5.0979532,50.4216869
          -5.0979553,50.4216814
          -5.0979369,50.4216497
          -5.0979067,50.4215924
          -5.0978687,50.4215369
          -5.0978380,50.4214752
          -5.0978277,50.4214172
          -5.0978135,50.4213658
          -5.0978004,50.4213047
          -5.0977971,50.4212410
          -5.0978149,50.4211798
          -5.0978453,50.4211183
          -5.0978646,50.4210618
          -5.0978964,50.4210291
          -5.0979022,50.4210247
          -5.0979097,50.4210162
          -5.0979245,50.4209996
          -5.0979849,50.4209665
          -5.0980366,50.4209673
          -5.0980484,50.4209954
          -5.0980423,50.4210084
          -5.0980336,50.4210125
          -5.0980105,50.4210290
          -5.0980045,50.4210562
          -5.0980434,50.4210751
          -5.0980765,50.4210867
          -5.0980718,50.4211032
          -5.0980990,50.4211372
          -5.0981323,50.4211542
          -5.0981559,50.4211634
          -5.0981752,50.4211742
          -5.0982261,50.4211767
          -5.0982704,50.4211581
          -5.0983093,50.4211269
          -5.0983511,50.4211148
          -5.0983869,50.4211058
          -5.0984319,50.4211050
          -5.0984379,50.4211048
          -5.0984618,50.4211045
          -5.0984908,50.4210793
          -5.0984959,50.4210633
          -5.0984864,50.4210570
          -5.0985110,50.4210432
          -5.0985248,50.4210299
          -5.0985102,50.4210533
          -5.0984763,50.4210876
          -5.0984655,50.4210920
          -5.0984670,50.4210830
          -5.0985041,50.4210673
          -5.0985261,50.4210402
          -5.0985078,50.4210484
          -5.0984919,50.4210497
          -5.0984908,50.4210480
          -5.0984913,50.4210484
          -5.0984934,50.4210474
          -5.0984962,50.4210457
          -5.0984994,50.4210438
          -5.0985019,50.4210426
          -5.0984954,50.4210557
          -5.0984764,50.4210551
          -5.0984685,50.4210678
          -5.0984602,50.4210841
          -5.0984689,50.4210911
          -5.0984638,50.4210993
          -5.0984633,50.4210988
          -5.0984615,50.4210994
          -5.0984261,50.4211022
          -5.0984203,50.4211010
          -5.0983827,50.4210983
          -5.0983744,50.4210989
          -5.0983320,50.4211110
          -5.0982774,50.4211338
          -5.0982232,50.4211522
          -5.0981663,50.4211737
          -5.0981191,50.4211626
          -5.0980912,50.4211365
          -5.0980804,50.4211172
          -5.0980658,50.4211063
          -5.0980271,50.4210910
          -5.0980096,50.4210730
          -5.0980255,50.4210426
          -5.0980486,50.4210175
          -5.0980591,50.4209884
          -5.0980619,50.4209733
          -5.0980677,50.4209685
          -5.0981064,50.4209303
          -5.0981528,50.4208803
          -5.0981857,50.4208315
          -5.0982043,50.4207838
          -5.0982035,50.4207270
          -5.0981769,50.4206741
          -5.0981442,50.4206250
          -5.0981213,50.4205704
          -5.0981012,50.4205158
          -5.0980804,50.4204599
          -5.0980484,50.4204010
          -5.0980074,50.4203544
          -5.0979911,50.4202947
          -5.0979774,50.4202325
          -5.0979580,50.4201827
          -5.0979437,50.4201302
          -5.0979161,50.4200750
          -5.0978590,50.4200227
          -5.0978105,50.4199698
          -5.0977608,50.4199172
          -5.0977112,50.4198677
          -5.0976443,50.4198287
          -5.0975833,50.4197859
          -5.0975257,50.4197380
          -5.0974713,50.4196861
          -5.0974264,50.4196378
          -5.0973731,50.4195892
          -5.0973130,50.4195409
          -5.0972649,50.4194883
          -5.0972126,50.4194454
          -5.0971631,50.4194050
          -5.0971003,50.4193591
          -5.0970483,50.4193031
          -5.0970249,50.4192489
          -5.0970085,50.4191960
          -5.0970017,50.4191330
          -5.0970365,50.4191203
          -5.0970595,50.4190938
          -5.0970455,50.4190524
          -5.0970089,50.4189972
          -5.0969947,50.4189502
          -5.0969831,50.4188954
          -5.0969892,50.4188643
          -5.0969945,50.4188145
          -5.0969755,50.4187665
          -5.0969724,50.4187541
          -5.0969810,50.4187166
          -5.0970039,50.4186631
          -5.0970191,50.4186123
          -5.0970236,50.4185639
          -5.0970266,50.4185123
          -5.0970146,50.4184848
          -5.0969925,50.4184572
          -5.0970150,50.4184274
          -5.0970779,50.4184235
          -5.0971548,50.4184433
          -5.0971633,50.4184450
          -5.0971636,50.4184443
          -5.0971626,50.4184430
          -5.0971615,50.4184420
          -5.0971635,50.4184458
          -5.0971619,50.4184444
          -5.0971592,50.4184430
          -5.0971565,50.4184432
          -5.0971608,50.4184507
          -5.0971558,50.4184483
          -5.0971517,50.4184471
          -5.0971482,50.4184461
          -5.0971454,50.4184452
          -5.0971489,50.4184530
          -5.0971547,50.4184639
          -5.0971537,50.4184647
          -5.0971533,50.4184649
          -5.0971657,50.4184602
          -5.0971986,50.4184550
          -5.0972564,50.4184751
          -5.0973049,50.4184949
          -5.0973587,50.4184929
          -5.0974128,50.4184786
          -5.0974701,50.4184562
          -5.0975304,50.4184292
          -5.0976033,50.4184209
          -5.0976645,50.4184235
          -5.0977091,50.4184447
          -5.0976992,50.4184737
          -5.0976670,50.4185065
          -5.0976513,50.4185045
          -5.0976452,50.4185079
          -5.0976441,50.4185085
          -5.0976442,50.4185083
          -5.0976444,50.4185079
          -5.0976447,50.4185075
          -5.0976449,50.4185069
          -5.0976452,50.4185062
          -5.0976454,50.4185054
          -5.0976455,50.4185047
          -5.0976457,50.4185041
          -5.0976457,50.4185036
          -5.0976457,50.4185033
          -5.0976456,50.4185032
          -5.0976456,50.4185032
          -5.0976456,50.4185032
          -5.0976457,50.4185033
          -5.0976457,50.4185034
          -5.0976457,50.4185037
          -5.0976457,50.4185039
          -5.0976457,50.4185039
          -5.0976457,50.4185040
          -5.0976456,50.4185040
          -5.0976456,50.4185040
          -5.0976455,50.4185040
          -5.0976454,50.4185040
          -5.0976454,50.4185040
          -5.0976453,50.4185040
          -5.0976453,50.4185040
          -5.0976454,50.4185040
          -5.0976454,50.4185040
          -5.0976454,50.4185039
          -5.0976454,50.4185039
          -5.0976453,50.4185041
          -5.0976453,50.4185042
          -5.0976454,50.4185043
          -5.0976454,50.4185043
          -5.0976454,50.4185044
          -5.0976454,50.4185044
          -5.0976454,50.4185045
          -5.0976454,50.4185046
          -5.0976454,50.4185048
          -5.0976454,50.4185049
          -5.0976454,50.4185049
          -5.0976454,50.4185049
          -5.0976457,50.4185049
          -5.0976498,50.4185045
          -5.0976500,50.4185045
          -5.0976500,50.4185045
          -5.0976500,50.4185045
          -5.0976500,50.4185044
          -5.0976500,50.4185043
          -5.0976500,50.4185041
          -5.0976500,50.4185039
          -5.0976500,50.4185038
          -5.0976500,50.4185036
          -5.0976500,50.4185035
          -5.0976501,50.4185034
          -5.0976525,50.4185035
          -5.0976523,50.4185050
          -5.0976521,50.4185050
          -5.0976519,50.4185049
          -5.0976520,50.4185048
          -5.0976521,50.4185047
          -5.0976524,50.4185047
          -5.0976526,50.4185047
          -5.0976530,50.4185048
          -5.0976531,50.4185049
          -5.0976532,50.4185049
          -5.0976531,50.4185050
          -5.0976531,50.4185052
          -5.0976530,50.4185054
          -5.0976527,50.4185054
          -5.0976524,50.4185054
          -5.0976521,50.4185054
          -5.0976521,50.4185054
          -5.0976547,50.4185058
          -5.0976545,50.4185059
          -5.0976542,50.4185059
          -5.0976537,50.4185058
          -5.0976532,50.4185058
          -5.0976529,50.4185059
          -5.0976525,50.4185059
          -5.0976521,50.4185059
          -5.0976517,50.4185059
          -5.0976515,50.4185059
          -5.0976514,50.4185059
          -5.0976515,50.4185059
          -5.0976517,50.4185059
          -5.0976521,50.4185059
          -5.0976529,50.4185059
          -5.0976537,50.4185059
          -5.0976540,50.4185059
          -5.0976542,50.4185059
          -5.0976542,50.4185059
          -5.0976541,50.4185059
          -5.0976541,50.4185059
          -5.0976542,50.4185059
          -5.0976542,50.4185059
          -5.0976542,50.4185059
          -5.0976542,50.4185059
          -5.0976540,50.4185059
          -5.0976541,50.4185059
          -5.0976542,50.4185059
          -5.0976542,50.4185059
          -5.0976542,50.4185059
          -5.0976539,50.4185059
          -5.0976536,50.4185060
          -5.0976533,50.4185060
          -5.0976531,50.4185060
          -5.0976531,50.4185060
          -5.0976532,50.4185060
          -5.0976534,50.4185060
          -5.0976536,50.4185059
          -5.0976537,50.4185059
          -5.0976562,50.4185035
          -5.0976615,50.4184982
          -5.0976650,50.4184982
          -5.0976624,50.4184993
          -5.0976467,50.4185028
          -5.0976494,50.4185035
          -5.0976495,50.4185033
          -5.0976495,50.4185031
          -5.0976497,50.4185032
          -5.0976500,50.4185039
          -5.0976504,50.4185045
          -5.0976509,50.4185049
          -5.0976517,50.4185049
          -5.0976538,50.4185025
          -5.0976504,50.4185063
          -5.0976507,50.4185065
          -5.0976511,50.4185065
          -5.0976514,50.4185065
          -5.0976515,50.4185064
          -5.0976516,50.4185063
          -5.0976515,50.4185062
          -5.0976515,50.4185062
          -5.0976510,50.4185049
          -5.0976510,50.4185047
          -5.0976511,50.4185048
          -5.0976513,50.4185048
          -5.0976515,50.4185048
          -5.0976518,50.4185049
          -5.0976521,50.4185048
          -5.0976515,50.4185027
          -5.0976471,50.4185057
          -5.0976470,50.4185059
          -5.0976483,50.4185074
          -5.0976509,50.4185047
          -5.0976547,50.4185018
          -5.0976656,50.4185013
          -5.0976666,50.4185014
          -5.0976654,50.4185020
          -5.0976655,50.4185043
          -5.0976647,50.4185051
          -5.0976635,50.4185054
          -5.0976624,50.4185055
          -5.0976614,50.4185057
          -5.0976609,50.4185057
          -5.0976657,50.4185035
          -5.0977101,50.4184751
          -5.0977030,50.4184326
          -5.0976536,50.4184215
          -5.0975998,50.4184248
          -5.0975458,50.4184381
          -5.0975020,50.4184544
          -5.0974575,50.4184778
          -5.0974086,50.4185039
          -5.0973569,50.4185111
          -5.0972966,50.4184940
          -5.0972470,50.4184563
          -5.0971984,50.4184359
          -5.0971965,50.4184280
          -5.0972391,50.4184008
          -5.0972637,50.4183636
          -5.0972293,50.4183377
          -5.0971704,50.4183138
          -5.0971097,50.4182948
          -5.0970538,50.4182627
          -5.0970347,50.4182511
          -5.0970285,50.4182495
          -5.0970275,50.4182491
          -5.0970118,50.4182501
          -5.0969652,50.4182361
          -5.0969212,50.4182089
          -5.0968573,50.4181874
          -5.0968043,50.4181604
          -5.0967646,50.4181229
          -5.0967606,50.4180755
          -5.0967736,50.4180317
          -5.0967939,50.4179887
          -5.0968298,50.4179360
          -5.0968702,50.4178885
          -5.0969176,50.4178462
          -5.0969663,50.4178070
          -5.0970207,50.4177565
          -5.0970730,50.4177100
          -5.0971072,50.4176600
          -5.0971327,50.4176073
          -5.0971683,50.4175527
          -5.0971991,50.4174972
          -5.0972295,50.4174387
          -5.0972586,50.4173825
          -5.0972897,50.4173244
          -5.0973178,50.4172733
          -5.0973427,50.4172290
          -5.0973651,50.4171876
          -5.0973927,50.4171615
          -5.0974401,50.4171480
          -5.0975016,50.4171203
          -5.0975692,50.4170895
          -5.0976293,50.4170555
          -5.0976980,50.4170106
          -5.0977518,50.4169639
          -5.0978013,50.4169172
          -5.0978485,50.4168745
          -5.0978913,50.4168296
          -5.0979327,50.4167812
          -5.0979692,50.4167416
          -5.0980029,50.4167011
          -5.0980385,50.4166616
          -5.0980813,50.4166230
          -5.0981345,50.4165777
          -5.0981864,50.4165320
          -5.0982489,50.4164785
          -5.0982934,50.4164336
          -5.0983523,50.4163819
          -5.0984037,50.4163325
          -5.0984514,50.4162880
          -5.0984719,50.4162768
          -5.0984726,50.4162791
          -5.0984721,50.4162802
          -5.0984711,50.4162821
          -5.0984698,50.4162842
          -5.0984690,50.4162856
          -5.0984689,50.4162853
          -5.0984892,50.4162587
          -5.0985309,50.4162029
          -5.0985868,50.4161459
          -5.0986393,50.4160956
          -5.0986887,50.4160433
          -5.0987375,50.4159884
          -5.0987834,50.4159314
          -5.0988274,50.4158788
          -5.0988704,50.4158255
          -5.0989157,50.4157683
          -5.0989551,50.4157113
          -5.0990055,50.4156536
          -5.0990402,50.4156035
          -5.0990888,50.4155487
          -5.0991385,50.4154945
          -5.0991871,50.4154403
          -5.0992286,50.4153886
          -5.0992652,50.4153400
          -5.0993199,50.4152783
          -5.0993669,50.4152263
          -5.0994144,50.4151735
          -5.0994479,50.4151282
          -5.0994890,50.4150698
          -5.0995252,50.4150219
          -5.0995584,50.4149736
          -5.0995922,50.4149213
          -5.0996273,50.4148711
          -5.0996654,50.4148184
          -5.0997107,50.4147606
          -5.0997535,50.4147090
          -5.0997977,50.4146592
          -5.0998382,50.4146067
          -5.0998687,50.4145568
          -5.0998996,50.4145010
          -5.0999168,50.4144540
          -5.0999376,50.4144039
          -5.0999631,50.4143548
          -5.0999963,50.4143052
          -5.1000393,50.4142577
          -5.1000857,50.4142101
          -5.1001348,50.4141613
          -5.1001749,50.4141156
          -5.1002096,50.4140706
          -5.1002506,50.4140297
          -5.1002849,50.4139995
          -5.1002888,50.4140009
          -5.1002931,50.4139995
          -5.1002940,50.4139915
          -5.1003322,50.4139523
          -5.1003756,50.4139008
          -5.1004110,50.4138531
          -5.1004530,50.4138124
          -5.1004970,50.4137615
          -5.1005431,50.4137103
          -5.1006027,50.4136607
          -5.1006780,50.4136114
          -5.1007579,50.4135735
          -5.1008412,50.4135304
          -5.1009103,50.4134850
          -5.1009439,50.4134649
          -5.1009536,50.4134631
          -5.1009560,50.4134585
          -5.1009907,50.4134305
          -5.1010593,50.4133919
          -5.1011543,50.4133561
          -5.1012440,50.4133321
          -5.1013310,50.4133028
          -5.1013949,50.4132588
          -5.1014599,50.4132130
          -5.1015118,50.4131601
          -5.1015730,50.4131076
          -5.1016388,50.4130613
          -5.1017107,50.4130207
          -5.1017811,50.4129784
          -5.1018558,50.4129400
          -5.1019423,50.4129031
          -5.1020244,50.4128635
          -5.1020982,50.4128172
          -5.1021678,50.4127799
          -5.1022547,50.4127686
          -5.1023224,50.4127673
          -5.1023401,50.4127638
          -5.1023178,50.4127694
          -5.1022491,50.4127600
          -5.1022313,50.4127150
          -5.1022186,50.4126976
          -5.1021996,50.4126855
          -5.1021663,50.4126462
          -5.1021596,50.4126348
          -5.1021509,50.4126571
          -5.1021521,50.4126587
          -5.1021522,50.4126587
          -5.1021522,50.4126587
          -5.1021487,50.4126602
          -5.1021484,50.4126602
          -5.1021484,50.4126599
          -5.1021486,50.4126596
          -5.1021487,50.4126592
          -5.1021432,50.4126578
          -5.1021122,50.4126561
          -5.1021101,50.4126573
          -5.1021101,50.4126573
          -5.1021102,50.4126572
          -5.1021104,50.4126571
          -5.1021100,50.4126569
          -5.1021101,50.4126570
          -5.1021104,50.4126571
          -5.1021106,50.4126571
          -5.1021109,50.4126572
          -5.1021111,50.4126573
          -5.1021113,50.4126574
          -5.1021116,50.4126575
          -5.1021123,50.4126576
          -5.1021099,50.4126604
          -5.1021091,50.4126612
          -5.1021088,50.4126617
          -5.1021086,50.4126621
          -5.1021084,50.4126624
          -5.1021080,50.4126626
          -5.1021077,50.4126628
          -5.1021080,50.4126627
          -5.1021216,50.4126574
          -5.1021419,50.4126506
          -5.1021407,50.4126505
          -5.1021306,50.4126468
          -5.1021195,50.4126373
          -5.1021161,50.4126345
          -5.1021203,50.4126300
          -5.1021153,50.4126224
          -5.1021184,50.4126182
          -5.1021203,50.4126160
          -5.1021189,50.4126118
          -5.1021174,50.4126058
          -5.1021111,50.4126020
          -5.1020992,50.4126003
          -5.1020866,50.4126007
          -5.1020746,50.4126045
          -5.1021005,50.4126274
          -5.1021239,50.4126639
          -5.1021530,50.4126643
          -5.1021692,50.4126373
          -5.1022276,50.4126154
          -5.1023115,50.4126097
          -5.1023900,50.4126108
          -5.1024732,50.4125993
          -5.1025608,50.4125848
          -5.1026460,50.4125664
          -5.1027385,50.4125547
          -5.1028270,50.4125325
          -5.1029223,50.4125121
          -5.1030159,50.4124967
          -5.1031022,50.4124809
          -5.1031958,50.4124659
          -5.1032924,50.4124556
          -5.1033875,50.4124475
          -5.1034796,50.4124366
          -5.1035750,50.4124193
          -5.1036728,50.4124043
          -5.1037640,50.4123919
          -5.1038522,50.4123785
          -5.1039427,50.4123774
          -5.1040343,50.4123689
          -5.1041251,50.4123494
          -5.1042250,50.4123465
          -5.1043259,50.4123506
          -5.1044253,50.4123541
          -5.1045184,50.4123580
          -5.1046199,50.4123645
          -5.1047204,50.4123611
          -5.1048094,50.4123602
          -5.1049156,50.4123657
          -5.1050103,50.4123706
          -5.1051153,50.4123784
          -5.1052106,50.4123865
          -5.1052949,50.4123958
          -5.1053991,50.4124020
          -5.1054965,50.4124127
          -5.1055975,50.4124201
          -5.1056948,50.4124240
          -5.1057958,50.4124322
          -5.1058976,50.4124369
          -5.1059843,50.4124423
          -5.1060780,50.4124514
          -5.1061760,50.4124597
          -5.1062713,50.4124668
          -5.1063730,50.4124733
          -5.1064666,50.4124853
          -5.1065543,50.4124945
          -5.1066397,50.4125053
          -5.1067303,50.4125152
          -5.1068190,50.4125283
          -5.1069139,50.4125423
          -5.1069912,50.4125566
          -5.1070779,50.4125754
          -5.1071683,50.4125892
          -5.1072555,50.4125944
          -5.1073332,50.4126074
          -5.1074259,50.4126101
          -5.1075083,50.4125944
          -5.1075858,50.4125913
          -5.1076697,50.4126101
          -5.1077714,50.4126188
          -5.1078507,50.4126388
          -5.1079307,50.4126564
          -5.1080119,50.4126784
          -5.1080903,50.4126955
          -5.1081689,50.4127172
          -5.1082590,50.4127350
          -5.1083445,50.4127492
          -5.1084318,50.4127623
          -5.1085207,50.4127792
          -5.1086122,50.4127976
          -5.1086960,50.4128196
          -5.1087832,50.4128373
          -5.1088709,50.4128564
          -5.1089549,50.4128677
          -5.1090327,50.4128845
          -5.1091250,50.4129052
          -5.1092074,50.4129221
          -5.1092884,50.4129427
          -5.1093695,50.4129539
          -5.1094522,50.4129663
          -5.1095344,50.4129842
          -5.1096124,50.4129985
          -5.1096794,50.4130110
          -5.1097037,50.4130325
          -5.1097035,50.4130363
          -5.1096999,50.4130366
          -5.1097057,50.4130344
          -5.1097128,50.4130319
          -5.1097825,50.4130360
          -5.1098600,50.4130445
          -5.1099393,50.4130632
          -5.1100177,50.4130852
          -5.1100923,50.4130995
          -5.1101671,50.4131079
          -5.1102362,50.4131213
          -5.1103118,50.4131450
          -5.1103876,50.4131684
          -5.1104517,50.4131856
          -5.1104743,50.4131924
          -5.1105237,50.4132042
          -5.1105962,50.4132057
          -5.1106779,50.4132052
          -5.1107587,50.4131927
          -5.1108376,50.4131873
          -5.1109287,50.4131863
          -5.1110024,50.4131828
          -5.1110740,50.4131768
          -5.1111731,50.4131764
          -5.1112701,50.4131745
          -5.1113654,50.4131658
          -5.1114572,50.4131554
          -5.1115426,50.4131457
          -5.1116304,50.4131362
          -5.1117210,50.4131185
          -5.1118052,50.4130991
          -5.1119027,50.4130911
          -5.1119894,50.4130883
          -5.1120776,50.4130826
          -5.1121686,50.4130723
          -5.1122535,50.4130673
          -5.1123341,50.4130584
          -5.1124252,50.4130440
          -5.1125062,50.4130176
          -5.1125894,50.4129911
          -5.1126629,50.4129584
          -5.1127333,50.4129277
          -5.1128018,50.4128936
          -5.1128685,50.4128590
          -5.1129028,50.4128314
          -5.1129512,50.4127956
          -5.1129933,50.4127625
          -5.1130458,50.4127311
          -5.1130935,50.4126960
          -5.1131434,50.4126629
          -5.1131919,50.4126255
          -5.1132317,50.4125904
          -5.1132767,50.4125509
          -5.1133069,50.4125005
          -5.1133322,50.4124572
          -5.1133645,50.4124167
          -5.1134103,50.4123722
          -5.1134519,50.4123275
          -5.1134903,50.4122855
          -5.1135326,50.4122481
          -5.1135740,50.4122009
          -5.1136119,50.4121550
          -5.1136472,50.4121077
          -5.1136799,50.4120665
          -5.1137149,50.4120211
          -5.1137626,50.4119763
          -5.1138104,50.4119324
          -5.1138570,50.4118937
          -5.1139102,50.4118527
          -5.1139626,50.4118046
          -5.1140072,50.4117634
          -5.1140563,50.4117176
          -5.1141170,50.4116694
          -5.1141808,50.4116338
          -5.1142073,50.4115863
          -5.1142398,50.4115357
          -5.1142867,50.4114905
          -5.1143354,50.4114514
          -5.1143866,50.4114057
          -5.1144482,50.4113711
          -5.1144766,50.4113610
          -5.1144781,50.4113595
          -5.1145207,50.4113434
          -5.1145621,50.4113171
          -5.1145860,50.4112888
          -5.1145956,50.4112842
          -5.1145966,50.4112838
          -5.1145964,50.4112839
          -5.1145959,50.4112847
          -5.1145947,50.4112853
          -5.1145945,50.4112849
          -5.1145937,50.4112849
          -5.1145928,50.4112849
          -5.1145920,50.4112849
          -5.1145913,50.4112849
          -5.1145913,50.4112848
          -5.1145989,50.4112785
          -5.1146005,50.4112756
          -5.1146006,50.4112750
          -5.1146004,50.4112751
          -5.1146412,50.4112735
          -5.1147277,50.4112549
          -5.1148278,50.4112431
          -5.1149246,50.4112407
          -5.1150252,50.4112440
          -5.1151199,50.4112419
          -5.1152204,50.4112334
          -5.1153203,50.4112215
          -5.1154112,50.4112082
          -5.1155001,50.4112062
          -5.1155877,50.4112122
          -5.1156901,50.4112045
          -5.1157818,50.4111958
          -5.1158701,50.4111945
          -5.1159656,50.4112027
          -5.1160596,50.4112014
          -5.1161579,50.4111982
          -5.1162533,50.4111872
          -5.1163368,50.4111848
          -5.1164191,50.4111987
          -5.1165157,50.4112159
          -5.1166042,50.4112311
          -5.1166936,50.4112342
          -5.1167832,50.4112386
          -5.1168801,50.4112382
          -5.1169770,50.4112449
          -5.1170564,50.4112481
          -5.1171593,50.4112623
          -5.1172410,50.4112813
          -5.1173334,50.4112991
          -5.1174341,50.4113114
          -5.1175280,50.4113265
          -5.1176276,50.4113419
          -5.1177203,50.4113625
          -5.1178151,50.4113895
          -5.1179088,50.4114046
          -5.1179991,50.4114221
          -5.1180941,50.4114396
          -5.1181852,50.4114403
          -5.1182813,50.4114541
          -5.1183672,50.4114765
          -5.1184619,50.4114873
          -5.1185589,50.4114937
          -5.1186512,50.4115077
          -5.1187467,50.4115251
          -5.1188398,50.4115448
          -5.1189290,50.4115646
          -5.1190218,50.4115787
          -5.1191166,50.4115936
          -5.1192052,50.4116098
          -5.1192951,50.4116267
          -5.1193857,50.4116434
          -5.1194763,50.4116526
          -5.1195527,50.4116675
          -5.1196307,50.4116862
          -5.1197160,50.4116896
          -5.1198058,50.4116951
          -5.1198928,50.4117071
          -5.1199738,50.4117216
          -5.1200606,50.4117221
          -5.1201508,50.4117178
          -5.1202391,50.4117216
          -5.1203278,50.4117274
          -5.1204067,50.4117365
          -5.1204871,50.4117447
          -5.1205623,50.4117551
          -5.1206481,50.4117600
          -5.1207501,50.4117614
          -5.1208504,50.4117661
          -5.1209377,50.4117625
          -5.1210276,50.4117629
          -5.1211157,50.4117772
          -5.1211680,50.4117899
          -5.1211717,50.4117922
          -5.1212298,50.4117959
          -5.1213141,50.4117986
          -5.1214059,50.4118038
          -5.1214715,50.4118135
          -5.1214979,50.4118158
          -5.1215018,50.4118139
          -5.1215624,50.4118205
          -5.1216481,50.4118247
          -5.1217261,50.4118382
          -5.1218135,50.4118545
          -5.1218968,50.4118707
          -5.1219704,50.4119015
          -5.1220498,50.4119293
          -5.1221245,50.4119546
          -5.1222039,50.4119821
          -5.1222806,50.4120063
          -5.1223733,50.4120342
          -5.1224565,50.4120690
          -5.1225332,50.4121032
          -5.1226140,50.4121329
          -5.1226901,50.4121633
          -5.1227669,50.4121911
          -5.1228409,50.4122158
          -5.1228994,50.4122308
          -5.1229114,50.4122316
          -5.1229122,50.4122251
          -5.1229126,50.4122250
          -5.1229170,50.4122298
          -5.1229022,50.4122256
          -5.1229083,50.4122249
          -5.1229085,50.4122242
          -5.1229079,50.4122239
          -5.1229017,50.4122220
          -5.1229041,50.4122157
          -5.1229045,50.4122157
          -5.1229047,50.4122162
          -5.1229050,50.4122167
          -5.1229051,50.4122177
          -5.1229053,50.4122174
          -5.1229055,50.4122177
          -5.1229056,50.4122178
          -5.1229056,50.4122180
          -5.1229056,50.4122180
          -5.1229056,50.4122181
          -5.1229055,50.4122181
          -5.1229055,50.4122183
          -5.1229055,50.4122184
          -5.1229055,50.4122186
          -5.1229056,50.4122188
          -5.1229057,50.4122188
          -5.1229058,50.4122188
          -5.1229059,50.4122184
          -5.1229059,50.4122182
          -5.1229060,50.4122179
          -5.1229060,50.4122178
          -5.1229061,50.4122175
          -5.1229062,50.4122175
          -5.1229064,50.4122175
          -5.1229066,50.4122177
          -5.1229067,50.4122177
          -5.1229068,50.4122176
          -5.1229069,50.4122175
          -5.1229070,50.4122175
          -5.1229071,50.4122173
          -5.1229072,50.4122173
          -5.1229073,50.4122175
          -5.1229075,50.4122175
          -5.1229077,50.4122176
          -5.1229077,50.4122176
          -5.1229078,50.4122175
          -5.1229077,50.4122173
          -5.1229077,50.4122172
          -5.1229078,50.4122170
          -5.1229080,50.4122170
          -5.1229084,50.4122171
          -5.1229087,50.4122173
          -5.1229092,50.4122173
          -5.1229098,50.4122176
          -5.1229103,50.4122178
          -5.1229106,50.4122181
          -5.1229110,50.4122184
          -5.1229113,50.4122189
          -5.1229116,50.4122194
          -5.1229118,50.4122198
          -5.1229120,50.4122202
          -5.1229121,50.4122205
          -5.1229122,50.4122209
          -5.1229144,50.4122251
          -5.1229087,50.4122185
          -5.1229076,50.4122233
          -5.1229258,50.4122357
          -5.1229660,50.4122592
          -5.1230009,50.4122767
          -5.1230530,50.4123140
          -5.1231289,50.4123386
          -5.1232009,50.4123510
          -5.1232786,50.4123596
          -5.1233574,50.4123692
          -5.1234330,50.4123864
          -5.1235108,50.4123887
          -5.1235820,50.4123840
          -5.1236557,50.4123857
          -5.1237233,50.4123825
          -5.1237907,50.4123702
          -5.1238709,50.4123501
          -5.1239344,50.4123345
          -5.1239436,50.4123307
          -5.1239446,50.4123302
          -5.1239421,50.4123261
          -5.1239689,50.4123165
          -5.1240213,50.4122932
          -5.1240789,50.4122864
          -5.1241394,50.4122691
          -5.1241904,50.4122421
          -5.1242222,50.4122086
          -5.1242364,50.4121774
          -5.1242255,50.4121614
          -5.1242024,50.4121369
          -5.1241872,50.4121269
          -5.1241866,50.4121231
          -5.1241878,50.4121225
          -5.1241906,50.4121222
          -5.1241918,50.4121199
          -5.1242013,50.4120946
          -5.1242215,50.4120842
          -5.1242568,50.4120619
          -5.1242790,50.4120396
          -5.1242739,50.4120215
          -5.1242793,50.4120034
          -5.1242845,50.4119764
          -5.1242835,50.4119421
          -5.1242901,50.4119091
          -5.1242994,50.4118755
          -5.1242955,50.4118387
          -5.1243019,50.4118066
          -5.1243105,50.4117707
          -5.1243019,50.4117283
          -5.1243021,50.4116760
          -5.1243085,50.4116391
          -5.1243100,50.4115934
          -5.1242980,50.4115556
          -5.1242927,50.4115187
          -5.1242978,50.4115139
          -5.1242754,50.4115112
          -5.1242127,50.4114993
          -5.1241468,50.4114865
          -5.1240754,50.4114612
          -5.1240028,50.4114413
          -5.1239226,50.4114218
          -5.1238355,50.4114122
          -5.1237432,50.4114037
          -5.1236545,50.4113966
          -5.1235683,50.4113949
          -5.1234756,50.4113984
          -5.1233937,50.4113963
          -5.1233062,50.4114032
          -5.1232147,50.4114071
          -5.1231302,50.4114146
          -5.1230458,50.4114253
          -5.1229671,50.4114421
          -5.1228867,50.4114548
          -5.1228116,50.4114570
          -5.1227640,50.4114525
          -5.1227153,50.4114396
          -5.1226943,50.4114382
          -5.1226173,50.4114277
          -5.1225332,50.4114219
          -5.1224446,50.4114256
          -5.1223446,50.4114169
          -5.1222652,50.4114024
          -5.1222190,50.4113864
          -5.1222078,50.4113830
          -5.1222071,50.4113803
          -5.1222067,50.4113802
          -5.1222066,50.4113800
          -5.1222066,50.4113800
          -5.1222067,50.4113799
          -5.1222067,50.4113797
          -5.1222068,50.4113797
          -5.1222068,50.4113795
          -5.1222068,50.4113794
          -5.1222069,50.4113794
          -5.1222070,50.4113793
          -5.1222071,50.4113793
          -5.1222071,50.4113793
          -5.1222072,50.4113793
          -5.1222072,50.4113793
          -5.1222072,50.4113793
          -5.1222072,50.4113794
          -5.1222071,50.4113794
          -5.1222071,50.4113795
          -5.1222071,50.4113795
          -5.1222071,50.4113795
          -5.1222070,50.4113795
          -5.1222069,50.4113794
          -5.1222068,50.4113794
          -5.1222068,50.4113793
          -5.1222068,50.4113793
          -5.1222068,50.4113793
          -5.1222069,50.4113793
          -5.1222069,50.4113793
          -5.1222070,50.4113793
          -5.1222070,50.4113794
          -5.1222071,50.4113794
          -5.1222071,50.4113795
          -5.1222072,50.4113795
          -5.1222072,50.4113796
          -5.1222072,50.4113796
          -5.1222073,50.4113796
          -5.1222073,50.4113796
          -5.1222072,50.4113795
          -5.1222072,50.4113795
          -5.1222071,50.4113795
          -5.1222071,50.4113794
          -5.1222071,50.4113794
          -5.1222071,50.4113794
          -5.1222071,50.4113793
          -5.1222071,50.4113794
          -5.1222071,50.4113794
          -5.1222071,50.4113795
          -5.1222071,50.4113796
          -5.1222070,50.4113796
          -5.1222068,50.4113795
          -5.1221981,50.4113717
          -5.1221952,50.4113685
          -5.1221949,50.4113685
          -5.1221947,50.4113689
          -5.1221944,50.4113693
          -5.1221939,50.4113695
          -5.1221934,50.4113699
          -5.1221928,50.4113705
          -5.1221922,50.4113711
          -5.1221916,50.4113716
          -5.1221910,50.4113722
          -5.1221903,50.4113729
          -5.1221897,50.4113740
          -5.1221889,50.4113752
          -5.1221882,50.4113767
          -5.1221876,50.4113784
          -5.1221871,50.4113802
          -5.1221870,50.4113812
          -5.1221873,50.4113806
          -5.1221888,50.4113787
          -5.1221848,50.4113751
          -5.1221711,50.4113802
          -5.1221305,50.4113874
          -5.1220745,50.4113802
          -5.1220224,50.4113720
          -5.1219649,50.4113673
          -5.1219002,50.4113583
          -5.1218557,50.4113580
          -5.1218060,50.4113612
          -5.1217725,50.4113597
          -5.1217680,50.4113599
          -5.1217663,50.4113597
          -5.1217644,50.4113595
          -5.1217582,50.4113595
          -5.1217067,50.4113506
          -5.1216583,50.4113421
          -5.1216546,50.4113414
          -5.1216055,50.4113312
          -5.1215282,50.4113211
          -5.1214528,50.4113044
          -5.1213891,50.4112929
          -5.1213127,50.4112786
          -5.1212409,50.4112624
          -5.1211701,50.4112493
          -5.1210996,50.4112393
          -5.1210222,50.4112302
          -5.1209432,50.4112163
          -5.1208696,50.4111965
          -5.1207964,50.4111740
          -5.1207223,50.4111511
          -5.1206496,50.4111280
          -5.1206335,50.4111218
          -5.1206330,50.4111203
          -5.1206337,50.4111194
          -5.1206453,50.4111062
          -5.1206720,50.4110906
          -5.1206811,50.4110689
          -5.1206880,50.4110362
          -5.1206735,50.4109956
          -5.1206615,50.4109518
          -5.1205922,50.4109114
          -5.1205103,50.4108855
          -5.1204395,50.4108532
          -5.1203741,50.4108214
          -5.1203035,50.4107897
          -5.1202309,50.4107547
          -5.1201547,50.4107254
          -5.1200850,50.4107010
          -5.1200006,50.4106810
          -5.1199063,50.4106581
          -5.1198206,50.4106332
          -5.1197305,50.4106172
          -5.1196917,50.4106150
          -5.1196202,50.4106069
          -5.1195295,50.4105906
          -5.1194277,50.4105756
          -5.1193367,50.4105590
          -5.1192416,50.4105353
          -5.1191490,50.4105177
          -5.1190564,50.4105104
          -5.1189631,50.4104996
          -5.1188771,50.4104938
          -5.1187830,50.4104927
          -5.1186990,50.4104875
          -5.1186065,50.4104792
          -5.1185071,50.4104740
          -5.1184181,50.4104820
          -5.1183339,50.4104889
          -5.1182491,50.4104921
          -5.1181538,50.4104963
          -5.1180647,50.4104937
          -5.1179754,50.4104928
          -5.1178886,50.4104968
          -5.1177964,50.4104961
          -5.1177080,50.4104885
          -5.1176233,50.4104917
          -5.1175359,50.4104934
          -5.1174616,50.4104910
          -5.1173725,50.4104855
          -5.1172884,50.4104788
          -5.1172059,50.4104720
          -5.1171167,50.4104642
          -5.1170279,50.4104514
          -5.1169495,50.4104426
          -5.1168990,50.4104462
          -5.1168967,50.4104475
          -5.1169000,50.4104483
          -5.1168997,50.4104494
          -5.1168976,50.4104491
          -5.1168936,50.4104448
          -5.1168932,50.4104450
          -5.1168936,50.4104456
          -5.1168941,50.4104462
          -5.1168946,50.4104460
          -5.1168999,50.4104443
          -5.1169042,50.4104427
          -5.1169052,50.4104426
          -5.1169051,50.4104430
          -5.1169049,50.4104445
          -5.1169045,50.4104462
          -5.1169040,50.4104473
          -5.1168973,50.4104475
          -5.1168186,50.4104363
          -5.1167261,50.4104266
          -5.1166315,50.4104228
          -5.1165487,50.4104185
          -5.1164637,50.4104147
          -5.1163750,50.4104098
          -5.1162927,50.4104075
          -5.1162160,50.4104033
          -5.1161383,50.4103887
          -5.1160430,50.4103726
          -5.1159629,50.4103509
          -5.1158790,50.4103420
          -5.1157912,50.4103348
          -5.1157011,50.4103255
          -5.1156100,50.4103145
          -5.1155234,50.4103053
          -5.1154406,50.4102895
          -5.1153530,50.4102673
          -5.1152672,50.4102568
          -5.1151743,50.4102507
          -5.1150838,50.4102443
          -5.1149998,50.4102423
          -5.1149151,50.4102315
          -5.1148186,50.4102196
          -5.1147361,50.4102056
          -5.1146505,50.4101981
          -5.1145676,50.4101997
          -5.1144903,50.4101815
          -5.1144024,50.4101689
          -5.1143160,50.4101634
          -5.1142362,50.4101552
          -5.1141485,50.4101480
          -5.1140617,50.4101192
          -5.1139892,50.4100882
          -5.1139009,50.4100728
          -5.1138068,50.4100700
          -5.1136990,50.4100701
          -5.1136053,50.4100676
          -5.1135083,50.4100698
          -5.1134133,50.4100727
          -5.1133064,50.4100697
          -5.1132062,50.4100727
          -5.1131024,50.4100758
          -5.1130038,50.4100785
          -5.1129118,50.4100889
          -5.1128163,50.4100987
          -5.1127175,50.4101039
          -5.1126290,50.4101054
          -5.1125398,50.4101170
          -5.1124594,50.4101204
          -5.1123733,50.4101269
          -5.1122961,50.4101338
          -5.1122035,50.4101485
          -5.1121158,50.4101585
          -5.1120184,50.4101667
          -5.1119437,50.4101786
          -5.1118523,50.4101956
          -5.1117627,50.4102133
          -5.1116796,50.4102348
          -5.1115935,50.4102599
          -5.1115069,50.4102845
          -5.1114194,50.4103030
          -5.1113326,50.4103214
          -5.1112421,50.4103390
          -5.1111564,50.4103611
          -5.1110704,50.4103862
          -5.1109880,50.4104198
          -5.1109142,50.4104514
          -5.1108227,50.4104540
          -5.1107443,50.4104357
          -5.1106614,50.4104251
          -5.1106013,50.4104216
          -5.1105086,50.4104201
          -5.1104244,50.4104216
          -5.1103511,50.4104264
          -5.1102703,50.4104290
          -5.1101910,50.4104312
          -5.1101112,50.4104340
          -5.1100394,50.4104379
          -5.1099609,50.4104380
          -5.1098879,50.4104350
          -5.1098071,50.4104336
          -5.1097222,50.4104280
          -5.1096425,50.4104224
          -5.1095629,50.4104151
          -5.1094762,50.4104073
          -5.1093939,50.4104054
          -5.1093145,50.4103939
          -5.1092234,50.4103886
          -5.1091291,50.4103835
          -5.1090418,50.4103757
          -5.1089566,50.4103660
          -5.1088683,50.4103600
          -5.1087738,50.4103601
          -5.1086663,50.4103480
          -5.1085739,50.4103384
          -5.1084740,50.4103310
          -5.1083843,50.4103236
          -5.1082969,50.4103163
          -5.1082033,50.4103036
          -5.1081055,50.4102961
          -5.1080055,50.4102849
          -5.1079159,50.4102758
          -5.1078221,50.4102650
          -5.1077342,50.4102529
          -5.1076429,50.4102436
          -5.1075467,50.4102354
          -5.1074431,50.4102329
          -5.1073539,50.4102316
          -5.1072600,50.4102221
          -5.1071628,50.4102233
          -5.1070742,50.4102197
          -5.1069936,50.4101989
          -5.1068972,50.4101826
          -5.1068012,50.4101760
          -5.1067019,50.4101820
          -5.1066129,50.4101806
          -5.1065180,50.4101781
          -5.1064276,50.4101743
          -5.1063307,50.4101724
          -5.1062329,50.4101740
          -5.1061335,50.4101732
          -5.1060331,50.4101690
          -5.1059403,50.4101586
          -5.1058398,50.4101482
          -5.1057393,50.4101375
          -5.1056409,50.4101266
          -5.1055488,50.4101194
          -5.1054523,50.4101183
          -5.1053560,50.4101214
          -5.1052589,50.4101252
          -5.1051629,50.4101384
          -5.1050800,50.4101588
          -5.1049897,50.4101831
          -5.1049046,50.4102100
          -5.1048119,50.4102329
          -5.1047293,50.4102530
          -5.1046385,50.4102805
          -5.1045551,50.4103032
          -5.1044780,50.4102942
          -5.1044213,50.4102432
          -5.1043644,50.4101905
          -5.1043260,50.4101576
          -5.1042740,50.4101328
          -5.1042008,50.4100916
          -5.1041143,50.4100539
          -5.1040218,50.4100213
          -5.1039344,50.4099995
          -5.1038413,50.4099810
          -5.1037501,50.4099622
          -5.1036476,50.4099485
          -5.1035449,50.4099441
          -5.1034445,50.4099318
          -5.1033513,50.4099206
          -5.1032495,50.4099095
          -5.1031462,50.4098939
          -5.1030524,50.4098816
          -5.1029508,50.4098734
          -5.1028515,50.4098583
          -5.1027487,50.4098443
          -5.1026583,50.4098313
          -5.1025679,50.4098240
          -5.1024794,50.4098117
          -5.1024582,50.4098080
          -5.1024629,50.4098096
          -5.1024675,50.4098137
          -5.1024661,50.4098134
          -5.1024618,50.4098143
          -5.1024543,50.4098136
          -5.1023958,50.4098123
          -5.1023033,50.4098016
          -5.1022104,50.4097900
          -5.1021412,50.4097785
          -5.1020459,50.4097603
          -5.1019472,50.4097424
          -5.1018579,50.4097377
          -5.1017692,50.4097263
          -5.1016755,50.4097102
          -5.1015768,50.4096962
          -5.1014814,50.4096961
          -5.1013703,50.4096894
          -5.1012785,50.4096769
          -5.1011805,50.4096573
          -5.1010916,50.4096370
          -5.1009935,50.4096196
          -5.1009093,50.4096025
          -5.1008088,50.4095956
          -5.1007165,50.4095825
          -5.1006297,50.4095714
          -5.1005307,50.4095589
          -5.1004516,50.4095539
          -5.1003738,50.4095407
          -5.1003277,50.4095179
          -5.1003150,50.4095001
          -5.1003112,50.4094528
          -5.1003247,50.4094054
          -5.1003331,50.4093451
          -5.1003513,50.4092967
          -5.1003680,50.4092433
          -5.1003790,50.4091900
          -5.1003808,50.4091372
          -5.1003877,50.4090882
          -5.1004007,50.4090386
          -5.1004146,50.4089968
          -5.1004134,50.4089586
          -5.1004206,50.4089099
          -5.1004801,50.4088825
          -5.1005511,50.4088647
          -5.1005948,50.4088476
          -5.1006276,50.4088240
          -5.1006385,50.4088026
          -5.1006455,50.4087884
          -5.1006354,50.4087565
          -5.1006064,50.4087194
          -5.1005629,50.4086886
          -5.1005457,50.4086644
          -5.1005154,50.4086337
          -5.1004551,50.4086047
          -5.1003869,50.4085890
          -5.1003261,50.4085731
          -5.1002648,50.4085549
          -5.1001945,50.4085333
          -5.1000969,50.4085105
          -5.1000178,50.4084778
          -5.0999436,50.4084561
          -5.0998626,50.4084392
          -5.0997738,50.4084230
          -5.0996829,50.4083998
          -5.0996021,50.4083904
          -5.0995273,50.4083845
          -5.0994435,50.4083699
          -5.0993481,50.4083576
          -5.0992653,50.4083499
          -5.0991660,50.4083483
          -5.0990785,50.4083507
          -5.0990000,50.4083426
          -5.0989244,50.4083246
          -5.0988482,50.4083166
          -5.0987814,50.4083171
          -5.0987012,50.4082981
          -5.0986199,50.4082743
          -5.0985231,50.4082605
          -5.0984459,50.4082395
          -5.0983851,50.4082214
          -5.0983700,50.4082184
          -5.0983730,50.4082154
          -5.0984166,50.4082007
          -5.0984592,50.4081991
          -5.0984706,50.4081970
          -5.0984647,50.4081847
          -5.0984373,50.4081588
          -5.0984351,50.4081501
          -5.0984350,50.4081437
          -5.0984341,50.4081424
          -5.0984354,50.4081338
          -5.0984652,50.4081015
          -5.0985343,50.4080739
          -5.0986286,50.4080441
          -5.0987113,50.4080374
          -5.0987890,50.4080394
          -5.0988649,50.4080318
          -5.0989402,50.4080177
          -5.0990119,50.4079905
          -5.0990569,50.4079520
          -5.0990707,50.4078946
          -5.0990851,50.4078363
          -5.0990963,50.4077838
          -5.0991082,50.4077293
          -5.0991207,50.4076739
          -5.0991355,50.4076282
          -5.0991429,50.4075803
          -5.0991522,50.4075316
          -5.0991654,50.4074993
          -5.0991794,50.4074631
          -5.0991771,50.4074145
          -5.0991837,50.4073645
          -5.0991835,50.4073066
          -5.0991904,50.4072576
          -5.0992034,50.4072067
          -5.0992258,50.4071584
          -5.0992543,50.4071057
          -5.0992745,50.4070505
          -5.0992860,50.4069978
          -5.0992942,50.4069405
          -5.0993144,50.4068802
          -5.0993403,50.4068251
          -5.0993659,50.4067699
          -5.0993931,50.4067176
          -5.0994153,50.4066594
          -5.0994319,50.4066078
          -5.0994523,50.4065481
          -5.0994759,50.4064880
          -5.0995009,50.4064316
          -5.0995195,50.4063742
          -5.0995489,50.4063188
          -5.0995707,50.4062563
          -5.0995819,50.4062001
          -5.0996053,50.4061472
          -5.0996420,50.4060929
          -5.0996828,50.4060414
          -5.0997281,50.4059913
          -5.0997646,50.4059447
          -5.0998002,50.4058899
          -5.0998241,50.4058365
          -5.0998478,50.4057795
          -5.0998617,50.4057261
          -5.0998645,50.4056697
          -5.0998647,50.4056173
          -5.0998656,50.4056085
          -5.0998709,50.4056055
          -5.0998611,50.4056090
          -5.0998585,50.4056112
          -5.0998593,50.4055996
          -5.0998414,50.4055458
          -5.0998167,50.4054888
          -5.0997911,50.4054334
          -5.0997822,50.4053790
          -5.0997746,50.4053194
          -5.0997580,50.4052677
          -5.0997364,50.4052366
          -5.0996931,50.4051810
          -5.0996430,50.4051366
          -5.0996080,50.4050857
          -5.0995656,50.4050375
          -5.0995217,50.4049945
          -5.0994840,50.4049421
          -5.0994466,50.4048799
          -5.0994113,50.4048357
          -5.0993812,50.4048086
          -5.0993825,50.4048068
          -5.0993817,50.4048063
          -5.0993636,50.4047984
          -5.0993596,50.4047968
          -5.0993601,50.4047963
          -5.0993601,50.4047961
          -5.0993605,50.4047956
          -5.0993610,50.4047950
          -5.0993615,50.4047943
          -5.0993620,50.4047937
          -5.0993602,50.4047931
          -5.0993419,50.4047848
          -5.0993474,50.4047833
          -5.0993465,50.4047832
          -5.0993345,50.4047795
          -5.0993203,50.4047657
          -5.0992991,50.4047187
          -5.0992537,50.4046698
          -5.0992517,50.4046222
          -5.0993276,50.4045905
          -5.0993947,50.4045679
          -5.0994190,50.4045637
          -5.0994686,50.4045712
          -5.0994868,50.4045751
          -5.0995133,50.4045806
          -5.0995252,50.4045854
          -5.0995511,50.4046059
          -5.0996047,50.4046207
          -5.0996625,50.4046329
          -5.0997108,50.4046648
          -5.0997735,50.4046868
          -5.0998394,50.4046849
          -5.0999007,50.4046933
          -5.0999492,50.4047209
          -5.0999920,50.4047510
          -5.1000298,50.4047792
          -5.1000836,50.4047922
          -5.1001477,50.4047975
          -5.1002081,50.4048143
          -5.1002324,50.4048584
          -5.1002249,50.4049078
          -5.1002287,50.4049564
          -5.1002496,50.4050048
          -5.1002777,50.4050569
          -5.1003112,50.4050942
          -5.1003675,50.4051301
          -5.1004185,50.4051689
          -5.1004724,50.4052047
          -5.1005198,50.4052390
          -5.1005661,50.4052707
          -5.1006115,50.4053031
          -5.1006598,50.4053290
          -5.1007173,50.4053591
          -5.1007628,50.4053966
          -5.1008013,50.4054348
          -5.1008323,50.4054704
          -5.1008311,50.4055097
          -5.1008229,50.4055532
          -5.1008053,50.4056119
          -5.1008080,50.4056650
          -5.1007827,50.4057238
          -5.1007612,50.4057727
          -5.1007531,50.4058249
          -5.1007657,50.4058727
          -5.1007887,50.4059150
          -5.1007909,50.4059638
          -5.1007775,50.4060130
          -5.1007736,50.4060773
          -5.1007670,50.4061392
          -5.1007703,50.4061985
          -5.1007814,50.4062559
          -5.1007988,50.4063067
          -5.1008122,50.4063559
          -5.1008228,50.4064113
          -5.1008289,50.4064663
          -5.1008223,50.4065267
          -5.1008194,50.4065845
          -5.1008206,50.4066425
          -5.1008218,50.4066963
          -5.1008171,50.4067342
          -5.1008177,50.4067573
          -5.1008265,50.4068059
          -5.1008451,50.4068618
          -5.1008680,50.4069189
          -5.1008965,50.4069815
          -5.1009264,50.4070413
          -5.1009636,50.4070965
          -5.1010116,50.4071534
          -5.1010674,50.4072087
          -5.1011252,50.4072551
          -5.1011868,50.4072967
          -5.1012544,50.4073432
          -5.1013164,50.4073866
          -5.1013756,50.4074346
          -5.1014257,50.4074837
          -5.1014628,50.4075403
          -5.1014911,50.4076024
          -5.1015375,50.4076583
          -5.1016045,50.4077060
          -5.1016770,50.4077370
          -5.1017585,50.4077623
          -5.1018295,50.4077929
          -5.1019112,50.4078128
          -5.1019911,50.4078308
          -5.1020790,50.4078365
          -5.1021744,50.4078336
          -5.1022650,50.4078314
          -5.1023519,50.4078366
          -5.1024408,50.4078308
          -5.1025032,50.4078338
          -5.1025136,50.4078374
          -5.1025148,50.4078433
          -5.1025197,50.4078443
          -5.1025632,50.4078325
          -5.1026330,50.4078274
          -5.1027116,50.4078231
          -5.1027904,50.4078209
          -5.1028797,50.4078130
          -5.1029759,50.4077987
          -5.1030620,50.4077763
          -5.1031554,50.4077684
          -5.1032561,50.4077706
          -5.1033580,50.4077824
          -5.1034505,50.4077873
          -5.1035448,50.4077949
          -5.1036407,50.4077987
          -5.1037331,50.4078049
          -5.1038236,50.4078080
          -5.1039211,50.4078118
          -5.1040084,50.4078022
          -5.1040889,50.4077924
          -5.1041858,50.4077884
          -5.1042795,50.4077935
          -5.1043653,50.4078002
          -5.1044646,50.4078067
          -5.1045614,50.4078063
          -5.1046509,50.4078167
          -5.1047454,50.4078368
          -5.1048299,50.4078528
          -5.1049219,50.4078663
          -5.1050168,50.4078870
          -5.1051019,50.4079086
          -5.1051974,50.4079255
          -5.1052922,50.4079427
          -5.1053833,50.4079487
          -5.1054774,50.4079624
          -5.1055611,50.4079841
          -5.1056403,50.4080043
          -5.1057307,50.4080090
          -5.1058038,50.4079976
          -5.1058782,50.4079875
          -5.1059486,50.4079772
          -5.1060252,50.4079729
          -5.1060920,50.4079652
          -5.1061650,50.4079568
          -5.1062504,50.4079578
          -5.1063094,50.4079875
          -5.1063447,50.4080153
          -5.1064049,50.4080400
          -5.1064866,50.4080587
          -5.1065437,50.4080863
          -5.1065785,50.4081141
          -5.1066033,50.4081430
          -5.1066525,50.4081774
          -5.1067150,50.4082044
          -5.1067809,50.4082402
          -5.1068476,50.4082795
          -5.1069042,50.4083107
          -5.1069377,50.4083333
          -5.1069825,50.4083613
          -5.1070276,50.4083825
          -5.1070930,50.4083971
          -5.1071677,50.4084013
          -5.1072442,50.4084006
          -5.1073176,50.4084060
          -5.1074021,50.4084125
          -5.1074710,50.4084306
          -5.1075547,50.4084518
          -5.1076442,50.4084689
          -5.1077235,50.4084859
          -5.1077983,50.4084936
          -5.1078832,50.4085027
          -5.1079683,50.4085153
          -5.1080502,50.4085231
          -5.1081381,50.4085332
          -5.1082323,50.4085477
          -5.1083269,50.4085611
          -5.1084164,50.4085721
          -5.1084998,50.4085852
          -5.1085818,50.4086009
          -5.1086723,50.4086106
          -5.1087656,50.4086096
          -5.1088581,50.4086098
          -5.1089408,50.4086062
          -5.1090361,50.4086083
          -5.1091377,50.4086053
          -5.1092250,50.4085945
          -5.1093066,50.4085771
          -5.1093975,50.4085622
          -5.1094801,50.4085477
          -5.1095661,50.4085266
          -5.1096636,50.4085111
          -5.1097523,50.4084992
          -5.1098209,50.4084849
          -5.1098728,50.4084705
          -5.1098859,50.4084744
          -5.1098925,50.4084840
          -5.1098931,50.4084857
          -5.1098932,50.4084855
          -5.1098932,50.4084849
          -5.1098932,50.4084844
          -5.1098932,50.4084837
          -5.1098933,50.4084830
          -5.1098934,50.4084822
          -5.1098935,50.4084814
          -5.1098937,50.4084807
          -5.1098961,50.4084830
          -5.1098994,50.4084829
          -5.1098998,50.4084819
          -5.1098999,50.4084805
          -5.1099001,50.4084792
          -5.1099003,50.4084783
          -5.1099011,50.4084775
          -5.1099318,50.4084629
          -5.1100114,50.4084330
          -5.1100895,50.4084103
          -5.1101650,50.4083818
          -5.1102501,50.4083530
          -5.1103403,50.4083373
          -5.1104338,50.4083199
          -5.1105205,50.4082897
          -5.1106024,50.4082567
          -5.1106870,50.4082242
          -5.1107625,50.4081973
          -5.1108500,50.4081662
          -5.1109246,50.4081324
          -5.1109976,50.4080962
          -5.1110490,50.4080489
          -5.1110982,50.4079994
          -5.1111409,50.4079556
          -5.1111964,50.4079129
          -5.1112449,50.4078725
          -5.1113066,50.4078365
          -5.1113717,50.4078044
          -5.1113971,50.4077933
          -5.1114130,50.4077549
          -5.1114164,50.4077152
          -5.1114292,50.4076749
          -5.1114608,50.4076444
          -5.1115092,50.4076265
          -5.1115748,50.4076037
          -5.1116400,50.4075684
          -5.1116874,50.4075250
          -5.1117146,50.4074781
          -5.1117326,50.4074328
          -5.1117611,50.4073951
          -5.1118166,50.4073784
          -5.1118791,50.4073654
          -5.1119441,50.4073385
          -5.1119916,50.4073205
          -5.1120238,50.4073111
          -5.1120303,50.4073130
          -5.1120304,50.4073127
          -5.1120307,50.4073125
          -5.1120307,50.4073117
          -5.1120306,50.4073107
          -5.1120305,50.4073097
          -5.1120305,50.4073087
          -5.1120314,50.4073084
          -5.1120398,50.4073146
          -5.1120399,50.4073153
          -5.1120397,50.4073149
          -5.1120393,50.4073145
          -5.1120391,50.4073140
          -5.1120388,50.4073137
          -5.1120384,50.4073133
          -5.1120381,50.4073131
          -5.1120378,50.4073128
          -5.1120379,50.4073125
          -5.1120440,50.4073050
          -5.1120835,50.4072542
          -5.1121377,50.4072104
          -5.1121949,50.4071708
          -5.1122476,50.4071288
          -5.1123020,50.4070750
          -5.1123506,50.4070156
          -5.1123846,50.4069594
          -5.1124196,50.4069082
          -5.1124314,50.4068751
          -5.1124382,50.4068466
          -5.1124477,50.4068235
          -5.1124501,50.4068203
          -5.1124501,50.4068203
          -5.1124501,50.4068194
          -5.1124501,50.4068176
          -5.1124501,50.4068155
          -5.1124502,50.4068129
          -5.1124500,50.4068113
          -5.1124480,50.4068155
          -5.1124475,50.4068143
          -5.1124471,50.4068124
          -5.1124468,50.4068102
          -5.1124465,50.4068081
          -5.1124462,50.4068061
          -5.1124460,50.4068049
          -5.1124465,50.4068043
          -5.1124590,50.4067903
          -5.1124713,50.4067580
          -5.1124713,50.4067410
          -5.1124724,50.4067388
          -5.1124725,50.4067383
          -5.1124781,50.4067269
          -5.1124938,50.4066863
          -5.1125016,50.4066431
          -5.1125024,50.4065946
          -5.1124966,50.4065443
          -5.1124968,50.4064906
          -5.1125107,50.4064317
          -5.1125314,50.4063690
          -5.1125752,50.4063113
          -5.1126318,50.4062655
          -5.1126862,50.4062377
          -5.1127091,50.4062382
          -5.1127096,50.4062378
          -5.1127096,50.4062366
          -5.1127097,50.4062351
          -5.1127097,50.4062335
          -5.1127100,50.4062327
          -5.1127170,50.4062367
          -5.1127551,50.4062734
          -5.1127725,50.4062990
          -5.1127844,50.4063155
          -5.1128091,50.4063357
          -5.1128540,50.4063514
          -5.1129005,50.4063537
          -5.1129469,50.4063494
          -5.1129764,50.4063500
          -5.1130049,50.4063393
          -5.1130655,50.4063317
          -5.1131332,50.4063557
          -5.1131878,50.4063783
          -5.1132529,50.4063792
          -5.1132752,50.4063770
          -5.1132753,50.4063789
          -5.1132791,50.4063826
          -5.1132781,50.4063840
          -5.1132662,50.4063876
          -5.1132171,50.4063956
          -5.1132022,50.4064023
          -5.1132079,50.4064039
          -5.1132364,50.4064054
          -5.1132698,50.4064097
          -5.1132709,50.4064156
          -5.1132677,50.4064219
          -5.1132379,50.4064341
          -5.1132338,50.4064368
          -5.1132361,50.4064376
          -5.1132509,50.4064436
          -5.1132504,50.4064431
          -5.1132494,50.4064423
          -5.1132485,50.4064414
          -5.1132477,50.4064404
          -5.1132472,50.4064395
          -5.1132471,50.4064389
          -5.1132475,50.4064384
          -5.1132484,50.4064384
          -5.1132496,50.4064387
          -5.1132504,50.4064391
          -5.1132505,50.4064394
          -5.1132503,50.4064394
          -5.1132495,50.4064393
          -5.1132484,50.4064390
          -5.1132473,50.4064390
          -5.1132463,50.4064391
          -5.1132453,50.4064393
          -5.1132447,50.4064395
          -5.1132443,50.4064399
          -5.1132445,50.4064407
          -5.1132450,50.4064415
          -5.1132456,50.4064421
          -5.1132462,50.4064426
          -5.1132487,50.4064457
          -5.1132493,50.4064467
          -5.1132489,50.4064467
          -5.1132482,50.4064467
          -5.1132476,50.4064467
          -5.1132468,50.4064467
          -5.1132462,50.4064467
          -5.1132458,50.4064467
          -5.1132454,50.4064467
          -5.1132452,50.4064468
          -5.1132449,50.4064468
          -5.1132447,50.4064468
          -5.1132448,50.4064468
          -5.1132451,50.4064468
          -5.1132445,50.4064455
          -5.1132421,50.4064394
          -5.1132422,50.4064393
          -5.1132422,50.4064398
          -5.1132423,50.4064404
          -5.1132424,50.4064410
          -5.1132425,50.4064415
          -5.1132440,50.4064379
          -5.1132442,50.4064377
          -5.1132445,50.4064377
          -5.1132414,50.4064405
          -5.1132421,50.4064417
          -5.1132470,50.4064368
          -5.1132481,50.4064293
          -5.1132639,50.4063963
          -5.1133009,50.4063827
          -5.1132963,50.4063796
          -5.1132994,50.4063802
          -5.1133403,50.4063832
          -5.1133975,50.4063990
          -5.1134405,50.4064112
          -5.1134963,50.4064285
          -5.1135464,50.4064451
          -5.1136108,50.4064601
          -5.1136750,50.4064740
          -5.1137432,50.4064824
          -5.1137978,50.4064814
          -5.1138562,50.4064774
          -5.1139287,50.4064864
          -5.1139995,50.4065094
          -5.1140769,50.4065221
          -5.1141594,50.4065232
          -5.1142397,50.4065227
          -5.1143137,50.4065119
          -5.1143834,50.4065038
          -5.1144465,50.4064954
          -5.1144692,50.4064979
          -5.1144991,50.4065008
          -5.1144791,50.4064971
          -5.1145085,50.4064733
          -5.1145722,50.4064388
          -5.1146413,50.4064063
          -5.1147143,50.4063775
          -5.1147916,50.4063524
          -5.1148736,50.4063291
          -5.1149499,50.4063014
          -5.1150191,50.4062721
          -5.1150828,50.4062352
          -5.1151490,50.4062101
          -5.1152217,50.4061875
          -5.1152949,50.4061538
          -5.1153507,50.4061067
          -5.1154162,50.4060706
          -5.1154829,50.4060325
          -5.1155636,50.4059999
          -5.1156233,50.4059651
          -5.1156888,50.4059294
          -5.1157690,50.4058944
          -5.1158376,50.4058643
          -5.1159217,50.4058375
          -5.1160053,50.4058105
          -5.1160986,50.4057883
          -5.1161967,50.4057663
          -5.1162734,50.4057391
          -5.1163466,50.4057045
          -5.1164133,50.4056626
          -5.1164838,50.4056261
          -5.1165736,50.4056089
          -5.1166545,50.4055898
          -5.1167377,50.4055719
          -5.1168157,50.4055410
          -5.1168945,50.4055080
          -5.1169851,50.4054704
          -5.1170773,50.4054398
          -5.1171649,50.4054237
          -5.1172443,50.4054019
          -5.1173223,50.4053697
          -5.1173889,50.4053335
          -5.1174482,50.4052815
          -5.1175020,50.4052330
          -5.1175680,50.4051859
          -5.1176371,50.4051465
          -5.1177112,50.4051066
          -5.1177581,50.4050795
          -5.1177820,50.4050469
          -5.1178327,50.4050184
          -5.1179044,50.4049904
          -5.1179416,50.4049390
          -5.1179671,50.4048814
          -5.1179959,50.4048201
          -5.1180433,50.4047683
          -5.1181127,50.4047328
          -5.1181836,50.4047046
          -5.1182637,50.4046870
          -5.1183493,50.4046611
          -5.1184267,50.4046273
          -5.1185119,50.4045938
          -5.1185868,50.4045593
          -5.1186316,50.4045168
          -5.1186722,50.4044710
          -5.1186937,50.4044303
          -5.1187006,50.4044233
          -5.1186955,50.4044227
          -5.1186992,50.4044214
          -5.1187094,50.4044081
          -5.1187387,50.4043497
          -5.1187942,50.4043039
          -5.1188779,50.4042741
          -5.1189564,50.4042622
          -5.1190400,50.4042503
          -5.1190982,50.4042294
          -5.1191317,50.4042048
          -5.1192150,50.4042115
          -5.1193067,50.4042340
          -5.1193904,50.4042545
          -5.1194840,50.4042456
          -5.1195785,50.4042260
          -5.1196680,50.4042032
          -5.1197709,50.4041927
          -5.1198519,50.4041938
          -5.1199408,50.4041892
          -5.1200416,50.4041905
          -5.1201255,50.4042045
          -5.1202048,50.4042283
          -5.1202806,50.4042581
          -5.1203571,50.4042795
          -5.1204448,50.4042851
          -5.1205322,50.4042835
          -5.1205991,50.4042542
          -5.1206787,50.4042169
          -5.1207489,50.4041896
          -5.1208194,50.4041695
          -5.1208869,50.4041512
          -5.1209634,50.4041269
          -5.1210328,50.4040877
          -5.1211111,50.4040564
          -5.1211990,50.4040291
          -5.1212867,50.4040177
          -5.1213770,50.4040364
          -5.1214642,50.4040661
          -5.1215445,50.4040970
          -5.1216157,50.4041357
          -5.1216788,50.4041761
          -5.1217307,50.4041997
          -5.1217382,50.4042029
          -5.1217473,50.4042154
          -5.1217523,50.4042168
          -5.1217970,50.4042306
          -5.1218809,50.4042585
          -5.1219685,50.4042828
          -5.1220636,50.4043004
          -5.1221543,50.4043178
          -5.1222308,50.4043287
          -5.1223195,50.4043482
          -5.1223992,50.4043839
          -5.1224661,50.4044242
          -5.1225387,50.4044753
          -5.1226031,50.4045233
          -5.1226715,50.4045685
          -5.1227508,50.4045995
          -5.1228525,50.4046176
          -5.1229486,50.4046237
          -5.1230410,50.4046228
          -5.1231401,50.4046224
          -5.1232413,50.4046247
          -5.1233311,50.4046316
          -5.1234228,50.4046413
          -5.1235108,50.4046529
          -5.1236122,50.4046697
          -5.1236943,50.4046805
          -5.1237855,50.4046780
          -5.1238685,50.4046735
          -5.1239576,50.4046594
          -5.1240460,50.4046455
          -5.1241311,50.4046304
          -5.1242141,50.4046132
          -5.1242939,50.4045912
          -5.1243635,50.4045656
          -5.1244361,50.4045385
          -5.1245067,50.4045041
          -5.1245634,50.4044766
          -5.1246161,50.4044570
          -5.1246584,50.4044264
          -5.1246898,50.4043917
          -5.1247539,50.4043557
          -5.1248235,50.4043257
          -5.1248870,50.4043028
          -5.1249668,50.4042993
          -5.1250548,50.4043159
          -5.1251261,50.4043395
          -5.1251612,50.4043557
          -5.1251806,50.4043739
          -5.1252490,50.4043960
          -5.1253357,50.4043992
          -5.1254318,50.4043953
          -5.1255234,50.4043849
          -5.1256054,50.4043695
          -5.1256335,50.4043442
          -5.1256379,50.4043109
          -5.1256347,50.4042643
          -5.1256319,50.4042175
          -5.1256480,50.4041771
          -5.1256623,50.4041356
          -5.1256592,50.4040902
          -5.1256557,50.4040430
          -5.1256778,50.4039994
          -5.1257199,50.4039661
          -5.1257516,50.4039307
          -5.1257662,50.4038849
          -5.1257666,50.4038374
          -5.1258142,50.4038131
          -5.1259055,50.4038077
          -5.1259972,50.4038054
          -5.1260805,50.4038115
          -5.1261685,50.4038284
          -5.1262455,50.4038509
          -5.1262902,50.4038920
          -5.1263166,50.4039437
          -5.1263580,50.4039924
          -5.1264037,50.4040400
          -5.1264407,50.4040861
          -5.1264742,50.4041257
          -5.1265095,50.4041659
          -5.1265647,50.4042115
          -5.1266264,50.4042524
          -5.1266860,50.4042845
          -5.1267579,50.4043017
          -5.1268358,50.4043311
          -5.1269076,50.4043576
          -5.1269550,50.4043794
          -5.1269667,50.4044074
          -5.1269814,50.4044311
          -5.1269926,50.4044777
          -5.1270406,50.4045196
          -5.1271167,50.4045652
          -5.1272020,50.4045943
          -5.1272892,50.4046016
          -5.1273659,50.4045991
          -5.1274194,50.4045958
          -5.1274745,50.4045799
          -5.1275239,50.4045537
          -5.1275593,50.4045429
          -5.1275935,50.4045388
          -5.1276195,50.4045370
          -5.1276389,50.4045362
          -5.1276635,50.4045372
          -5.1276974,50.4045396
          -5.1277577,50.4045499
          -5.1278350,50.4045746
          -5.1278909,50.4046117
          -5.1279265,50.4046547
          -5.1279570,50.4046879
          -5.1279921,50.4047139
          -5.1280452,50.4047337
          -5.1281190,50.4047246
          -5.1281869,50.4047238
          -5.1282504,50.4047225
          -5.1283030,50.4047197
          -5.1283387,50.4047237
          -5.1283634,50.4047484
          -5.1284022,50.4047941
          -5.1284652,50.4048306
          -5.1285386,50.4048489
          -5.1286146,50.4048587
          -5.1286940,50.4048688
          -5.1287687,50.4048738
          -5.1288444,50.4048785
          -5.1289303,50.4048792
          -5.1290151,50.4048802
          -5.1290897,50.4048722
          -5.1291617,50.4048566
          -5.1292233,50.4048371
          -5.1292779,50.4048175
          -5.1293357,50.4047979
          -5.1293901,50.4047797
          -5.1294375,50.4047697
          -5.1294467,50.4047704
          -5.1294493,50.4047696
          -5.1294518,50.4047634
          -5.1294536,50.4047625
          -5.1294408,50.4047590
          -5.1294404,50.4047588
          -5.1294404,50.4047588
          -5.1294404,50.4047588
          -5.1294412,50.4047588
          -5.1294437,50.4047585
          -5.1294443,50.4047585
          -5.1294445,50.4047585
          -5.1294445,50.4047584
          -5.1294445,50.4047583
          -5.1294445,50.4047582
          -5.1294443,50.4047581
          -5.1294441,50.4047581
          -5.1294439,50.4047580
          -5.1294439,50.4047580
          -5.1294438,50.4047580
          -5.1294437,50.4047580
          -5.1294436,50.4047579
          -5.1294435,50.4047579
          -5.1294434,50.4047578
          -5.1294432,50.4047578
          -5.1294431,50.4047578
          -5.1294430,50.4047579
          -5.1294432,50.4047579
          -5.1294434,50.4047580
          -5.1294434,50.4047581
          -5.1294434,50.4047582
          -5.1294434,50.4047582
          -5.1294435,50.4047582
          -5.1294435,50.4047582
          -5.1294436,50.4047581
          -5.1294436,50.4047581
          -5.1294436,50.4047581
          -5.1294436,50.4047581
          -5.1294436,50.4047581
          -5.1294436,50.4047581
          -5.1294435,50.4047581
          -5.1294435,50.4047581
          -5.1294434,50.4047581
          -5.1294435,50.4047580
          -5.1294436,50.4047580
          -5.1294437,50.4047580
          -5.1294439,50.4047580
          -5.1294440,50.4047579
          -5.1294439,50.4047579
          -5.1294439,50.4047579
          -5.1294439,50.4047579
          -5.1294438,50.4047579
          -5.1294436,50.4047580
          -5.1294435,50.4047580
          -5.1294434,50.4047579
          -5.1294433,50.4047579
          -5.1294412,50.4047575
          -5.1294410,50.4047575
          -5.1294408,50.4047575
          -5.1294405,50.4047575
          -5.1294403,50.4047575
          -5.1294403,50.4047576
          -5.1294408,50.4047578
          -5.1294424,50.4047583
          -5.1294428,50.4047583
          -5.1294427,50.4047583
          -5.1294425,50.4047583
          -5.1294424,50.4047583
          -5.1294424,50.4047583
          -5.1294426,50.4047583
          -5.1294429,50.4047583
          -5.1294432,50.4047583
          -5.1294434,50.4047583
          -5.1294438,50.4047583
          -5.1294439,50.4047582
          -5.1294439,50.4047582
          -5.1294439,50.4047582
          -5.1294438,50.4047582
          -5.1294435,50.4047582
          -5.1294433,50.4047582
          -5.1294433,50.4047582
          -5.1294434,50.4047582
          -5.1294437,50.4047582
          -5.1294439,50.4047582
          -5.1294439,50.4047582
          -5.1294436,50.4047582
          -5.1294433,50.4047582
          -5.1294432,50.4047582
          -5.1294433,50.4047582
          -5.1294434,50.4047582
          -5.1294435,50.4047582
          -5.1294435,50.4047582
          -5.1294434,50.4047582
          -5.1294434,50.4047582
          -5.1294439,50.4047583
          -5.1294455,50.4047578
          -5.1294448,50.4047587
          -5.1294429,50.4047591
          -5.1294428,50.4047590
          -5.1294427,50.4047590
          -5.1294426,50.4047589
          -5.1294426,50.4047589
          -5.1294425,50.4047588
          -5.1294425,50.4047587
          -5.1294424,50.4047587
          -5.1294424,50.4047585
          -5.1294431,50.4047569
          -5.1294427,50.4047571
          -5.1294449,50.4047595
          -5.1294445,50.4047596
          -5.1294442,50.4047599
          -5.1294438,50.4047639
          -5.1294433,50.4047636
          -5.1294429,50.4047631
          -5.1294426,50.4047628
          -5.1294424,50.4047621
          -5.1294424,50.4047614
          -5.1294425,50.4047607
          -5.1294426,50.4047604
          -5.1294427,50.4047602
          -5.1294426,50.4047602
          -5.1294424,50.4047604
          -5.1294423,50.4047604
          -5.1294422,50.4047604
          -5.1294425,50.4047607
          -5.1294424,50.4047606
          -5.1294423,50.4047607
          -5.1294422,50.4047607
          -5.1294423,50.4047607
          -5.1294400,50.4047609
          -5.1294400,50.4047611
          -5.1294400,50.4047612
          -5.1294401,50.4047612
          -5.1294403,50.4047609
          -5.1294403,50.4047605
          -5.1294404,50.4047600
          -5.1294404,50.4047599
          -5.1294404,50.4047599
          -5.1294404,50.4047600
          -5.1294404,50.4047601
          -5.1294404,50.4047604
          -5.1294403,50.4047606
          -5.1294403,50.4047608
          -5.1294403,50.4047611
          -5.1294403,50.4047612
          -5.1294402,50.4047616
          -5.1294402,50.4047617
          -5.1294401,50.4047619
          -5.1294401,50.4047620
          -5.1294401,50.4047619
          -5.1294401,50.4047616
          -5.1294402,50.4047616
          -5.1294401,50.4047617
          -5.1294401,50.4047621
          -5.1294400,50.4047623
          -5.1294400,50.4047623
          -5.1294400,50.4047622
          -5.1294400,50.4047622
          -5.1294400,50.4047625
          -5.1294399,50.4047629
          -5.1294399,50.4047634
          -5.1294399,50.4047638
          -5.1294400,50.4047642
          -5.1294402,50.4047646
          -5.1294403,50.4047651
          -5.1294405,50.4047657
          -5.1294405,50.4047665
          -5.1294367,50.4047675
          -5.1294338,50.4047658
          -5.1294337,50.4047662
          -5.1294338,50.4047666
          -5.1294339,50.4047668
          -5.1294340,50.4047670
          -5.1294341,50.4047670
          -5.1294342,50.4047668
          -5.1294343,50.4047666
          -5.1294343,50.4047664
          -5.1294344,50.4047662
          -5.1294343,50.4047662
          -5.1294343,50.4047662
          -5.1294342,50.4047661
          -5.1294341,50.4047660
          -5.1294341,50.4047657
          -5.1294341,50.4047652
          -5.1294342,50.4047647
          -5.1294341,50.4047643
          -5.1294341,50.4047642
          -5.1294340,50.4047642
          -5.1294339,50.4047642
          -5.1294336,50.4047642
          -5.1294335,50.4047640
          -5.1294334,50.4047639
          -5.1294333,50.4047639
          -5.1294332,50.4047640
          -5.1294332,50.4047640
          -5.1294332,50.4047641
          -5.1294332,50.4047641
          -5.1294331,50.4047643
          -5.1294329,50.4047646
          -5.1294326,50.4047650
          -5.1294323,50.4047656
          -5.1294320,50.4047660
          -5.1294315,50.4047664
          -5.1294323,50.4047680
          -5.1294333,50.4047712
          -5.1294356,50.4047733
          -5.1294367,50.4047718
          -5.1294379,50.4047687
          -5.1294449,50.4047580
          -5.1294603,50.4047475
          -5.1294842,50.4047432
          -5.1295211,50.4047535
          -5.1295413,50.4047674
          -5.1295932,50.4047947
          -5.1296633,50.4048215
          -5.1297156,50.4048430
          -5.1297392,50.4048489
          -5.1297389,50.4048489
          -5.1297399,50.4048490
          -5.1297804,50.4048526
          -5.1298194,50.4048569
          -5.1298171,50.4048544
          -5.1298295,50.4048544
          -5.1299014,50.4048569
          -5.1299767,50.4048592
          -5.1300516,50.4048622
          -5.1301274,50.4048640
          -5.1302141,50.4048647
          -5.1303053,50.4048594
          -5.1303743,50.4048700
          -5.1303985,50.4048827
          -5.1304036,50.4048868
          -5.1303934,50.4048963
          -5.1304450,50.4049291
          -5.1305188,50.4049544
          -5.1305921,50.4049781
          -5.1306588,50.4050036
          -5.1307239,50.4050335
          -5.1307877,50.4050653
          -5.1308451,50.4050988
          -5.1309007,50.4051331
          -5.1309584,50.4051731
          -5.1310035,50.4051999
          -5.1310227,50.4052206
          -5.1310143,50.4052234
          -5.1310138,50.4052238
          -5.1310138,50.4052241
          -5.1310139,50.4052245
          -5.1310140,50.4052250
          -5.1310204,50.4052308
          -5.1310521,50.4052838
          -5.1310747,50.4053387
          -5.1310967,50.4053922
          -5.1311125,50.4054450
          -5.1311046,50.4054989
          -5.1310928,50.4055487
          -5.1311279,50.4055919
          -5.1312044,50.4056298
          -5.1312738,50.4056711
          -5.1313510,50.4056981
          -5.1314339,50.4057139
          -5.1315122,50.4057174
          -5.1315759,50.4057142
          -5.1316050,50.4057151
          -5.1316134,50.4057499
          -5.1316420,50.4058016
          -5.1317050,50.4058375
          -5.1317709,50.4058512
          -5.1318199,50.4058603
          -5.1318354,50.4058605
          -5.1318363,50.4058598
          -5.1318548,50.4058618
          -5.1319240,50.4058707
          -5.1319845,50.4058742
          -5.1320474,50.4058868
          -5.1321236,50.4059053
          -5.1321858,50.4059069
          -5.1322443,50.4059114
          -5.1323065,50.4059158
          -5.1323682,50.4059226
          -5.1324324,50.4059222
          -5.1324903,50.4059119
          -5.1325437,50.4059006
          -5.1325903,50.4058982
          -5.1326220,50.4059187
          -5.1326316,50.4059326
          -5.1326806,50.4059683
          -5.1327307,50.4060074
          -5.1327806,50.4060442
          -5.1328261,50.4060969
          -5.1328527,50.4061478
          -5.1328630,50.4061928
          -5.1328784,50.4062512
          -5.1328721,50.4063054
          -5.1328906,50.4063637
          -5.1328944,50.4064221
          -5.1328892,50.4064503
          -5.1329316,50.4064783
          -5.1329946,50.4065187
          -5.1330728,50.4065479
          -5.1331445,50.4065715
          -5.1331792,50.4066129
          -5.1332273,50.4066693
          -5.1332989,50.4067025
          -5.1333197,50.4067167
          -5.1333731,50.4067497
          -5.1334484,50.4067831
          -5.1335126,50.4068121
          -5.1335879,50.4068476
          -5.1336675,50.4068829
          -5.1337375,50.4069148
          -5.1338112,50.4069455
          -5.1338858,50.4069728
          -5.1339646,50.4069956
          -5.1340492,50.4070159
          -5.1341267,50.4070388
          -5.1342054,50.4070328
          -5.1342770,50.4070184
          -5.1343543,50.4070032
          -5.1344279,50.4070010
          -5.1345031,50.4069993
          -5.1345805,50.4070022
          -5.1346611,50.4070047
          -5.1347434,50.4070097
          -5.1348281,50.4070159
          -5.1349102,50.4070204
          -5.1349882,50.4070237
          -5.1350652,50.4070228
          -5.1351406,50.4070195
          -5.1352203,50.4070197
          -5.1352622,50.4070179
          -5.1353411,50.4070076
          -5.1354138,50.4069812
          -5.1354775,50.4069546
          -5.1355527,50.4069295
          -5.1356186,50.4069030
          -5.1356840,50.4068751
          -5.1357450,50.4068357
          -5.1358023,50.4067955
          -5.1358508,50.4067559
          -5.1359112,50.4067215
          -5.1359769,50.4066884
          -5.1360326,50.4066387
          -5.1360727,50.4065924
          -5.1361238,50.4065564
          -5.1361662,50.4065066
          -5.1362043,50.4064537
          -5.1362438,50.4064030
          -5.1362819,50.4063563
          -5.1363196,50.4063291
          -5.1363347,50.4063223
          -5.1363366,50.4063212
          -5.1363351,50.4063172
          -5.1363262,50.4063021
          -5.1363450,50.4062565
          -5.1363809,50.4061972
          -5.1364136,50.4061456
          -5.1364431,50.4060916
          -5.1364759,50.4060447
          -5.1364962,50.4059838
          -5.1365250,50.4059261
          -5.1365436,50.4058561
          -5.1365671,50.4057995
          -5.1365915,50.4057330
          -5.1366168,50.4056778
          -5.1366395,50.4056168
          -5.1366664,50.4055590
          -5.1367013,50.4055019
          -5.1367378,50.4054474
          -5.1367777,50.4053912
          -5.1367914,50.4053381
          -5.1367873,50.4052831
          -5.1368033,50.4052286
          -5.1368175,50.4051746
          -5.1368287,50.4051206
          -5.1368375,50.4050628
          -5.1368554,50.4050104
          -5.1368700,50.4049689
          -5.1368745,50.4049227
          -5.1368817,50.4048657
          -5.1368956,50.4048141
          -5.1369019,50.4047556
          -5.1369110,50.4046954
          -5.1369275,50.4046413
          -5.1369468,50.4045875
          -5.1369582,50.4045292
          -5.1369586,50.4044686
          -5.1369525,50.4044150
          -5.1369536,50.4043617
          -5.1370005,50.4043156
          -5.1370465,50.4042733
          -5.1370833,50.4042295
          -5.1371208,50.4041825
          -5.1371524,50.4041309
          -5.1371803,50.4040810
          -5.1372046,50.4040277
          -5.1372374,50.4039767
          -5.1372763,50.4039245
          -5.1372996,50.4038774
          -5.1373128,50.4038286
          -5.1373284,50.4037904
          -5.1372968,50.4037483
          -5.1372423,50.4036997
          -5.1371793,50.4036554
          -5.1371080,50.4036076
          -5.1370452,50.4035644
          -5.1369831,50.4035094
          -5.1369216,50.4034632
          -5.1368504,50.4034230
          -5.1367761,50.4033849
          -5.1366958,50.4033510
          -5.1366318,50.4033198
          -5.1365692,50.4032814
          -5.1365071,50.4032381
          -5.1364511,50.4031851
          -5.1363961,50.4031387
          -5.1363336,50.4030910
          -5.1362716,50.4030388
          -5.1362026,50.4029968
          -5.1361354,50.4029553
          -5.1360755,50.4029146
          -5.1360118,50.4028694
          -5.1359534,50.4028196
          -5.1358924,50.4027744
          -5.1358342,50.4027244
          -5.1357827,50.4026707
          -5.1357410,50.4026131
          -5.1357142,50.4025579
          -5.1356948,50.4025077
          -5.1356844,50.4024897
          -5.1356765,50.4024544
          -5.1356623,50.4023906
          -5.1356243,50.4023319
          -5.1355699,50.4022904
          -5.1355343,50.4022745
          -5.1355312,50.4022604
          -5.1355281,50.4022088
          -5.1354934,50.4021583
          -5.1354630,50.4021037
          -5.1354363,50.4020432
          -5.1354053,50.4019818
          -5.1353724,50.4019228
          -5.1353374,50.4018659
          -5.1352945,50.4018146
          -5.1352486,50.4017655
          -5.1352031,50.4017172
          -5.1351736,50.4016692
          -5.1351773,50.4016095
          -5.1351786,50.4015485
          -5.1351734,50.4014940
          -5.1351649,50.4014370
          -5.1351682,50.4013852
          -5.1351732,50.4013318
          -5.1351853,50.4012882
          -5.1352085,50.4012773
          -5.1352188,50.4012767
          -5.1352441,50.4012672
          -5.1353130,50.4012564
          -5.1353812,50.4012520
          -5.1354442,50.4012405
          -5.1355141,50.4012223
          -5.1355934,50.4011988
          -5.1356520,50.4011750
          -5.1357226,50.4011480
          -5.1357864,50.4011233
          -5.1358298,50.4010924
          -5.1358505,50.4010739
          -5.1358491,50.4010748
          -5.1359038,50.4010506
          -5.1359905,50.4010296
          -5.1360770,50.4010080
          -5.1361618,50.4009858
          -5.1362362,50.4009653
          -5.1363249,50.4009426
          -5.1364176,50.4009251
          -5.1365016,50.4009166
          -5.1365745,50.4009226
          -5.1366204,50.4009267
          -5.1366765,50.4009280
          -5.1367378,50.4009296
          -5.1367765,50.4009439
          -5.1367950,50.4009771
          -5.1368223,50.4010230
          -5.1368647,50.4010548
          -5.1369057,50.4010883
          -5.1369490,50.4011340
          -5.1369801,50.4011847
          -5.1370188,50.4012403
          -5.1370453,50.4012841
          -5.1370759,50.4013314
          -5.1371013,50.4013785
          -5.1371231,50.4014296
          -5.1371468,50.4014852
          -5.1371836,50.4015476
          -5.1372183,50.4015946
          -5.1372604,50.4016422
          -5.1373167,50.4016920
          -5.1373772,50.4017333
          -5.1374402,50.4017708
          -5.1375094,50.4018042
          -5.1375829,50.4018316
          -5.1376592,50.4018547
          -5.1377420,50.4018732
          -5.1378169,50.4018899
          -5.1379010,50.4019098
          -5.1379842,50.4019193
          -5.1380723,50.4019260
          -5.1381565,50.4019364
          -5.1382377,50.4019606
          -5.1383143,50.4019865
          -5.1383873,50.4020182
          -5.1384743,50.4020368
          -5.1385512,50.4020517
          -5.1386360,50.4020626
          -5.1387176,50.4020719
          -5.1387984,50.4020783
          -5.1388776,50.4020659
          -5.1389584,50.4020491
          -5.1390301,50.4020274
          -5.1391018,50.4019980
          -5.1391784,50.4019749
          -5.1392569,50.4019590
          -5.1393369,50.4019435
          -5.1394194,50.4019211
          -5.1394753,50.4019289
          -5.1395149,50.4019564
          -5.1395681,50.4019928
          -5.1396309,50.4020288
          -5.1396231,50.4020681
          -5.1396078,50.4021213
          -5.1395817,50.4021704
          -5.1395570,50.4022221
          -5.1395400,50.4022741
          -5.1395313,50.4023242
          -5.1395524,50.4023722
          -5.1395920,50.4024100
          -5.1396070,50.4024376
          -5.1396254,50.4024696
          -5.1396775,50.4025086
          -5.1397389,50.4025376
          -5.1398057,50.4025615
          -5.1398741,50.4025946
          -5.1399435,50.4026231
          -5.1399989,50.4026460
          -5.1400274,50.4026614
          -5.1400960,50.4026892
          -5.1401746,50.4027246
          -5.1402503,50.4027620
          -5.1403159,50.4027944
          -5.1403801,50.4028210
          -5.1403897,50.4028247
          -5.1404402,50.4028380
          -5.1405162,50.4028657
          -5.1405858,50.4028992
          -5.1406625,50.4029281
          -5.1407476,50.4029630
          -5.1408307,50.4029956
          -5.1409110,50.4030196
          -5.1409732,50.4030542
          -5.1410351,50.4030795
          -5.1410892,50.4031046
          -5.1410978,50.4031154
          -5.1411024,50.4031178
          -5.1411038,50.4031186
          -5.1411193,50.4031247
          -5.1411898,50.4031567
          -5.1412606,50.4031892
          -5.1413348,50.4032199
          -5.1413997,50.4032562
          -5.1414658,50.4032868
          -5.1415395,50.4033166
          -5.1416062,50.4033447
          -5.1416824,50.4033708
          -5.1417563,50.4033932
          -5.1418302,50.4034126
          -5.1419023,50.4034301
          -5.1419766,50.4034439
          -5.1420607,50.4034539
          -5.1421418,50.4034673
          -5.1422227,50.4034800
          -5.1422969,50.4034952
          -5.1423678,50.4035125
          -5.1424388,50.4035298
          -5.1425026,50.4035476
          -5.1425325,50.4035572
          -5.1425374,50.4035572
          -5.1425884,50.4035760
          -5.1426077,50.4035889
          -5.1426068,50.4035893
          -5.1426051,50.4035891
          -5.1426033,50.4035890
          -5.1426018,50.4035925
          -5.1426489,50.4036259
          -5.1426987,50.4036636
          -5.1427534,50.4037057
          -5.1428044,50.4037433
          -5.1428605,50.4037792
          -5.1429139,50.4038165
          -5.1429485,50.4038499
          -5.1429474,50.4038586
          -5.1429428,50.4038608
          -5.1429479,50.4038639
          -5.1429712,50.4038966
          -5.1429706,50.4039132
          -5.1429708,50.4039139
          -5.1429734,50.4039146
          -5.1430040,50.4039331
          -5.1430547,50.4039720
          -5.1430800,50.4040109
          -5.1430700,50.4040330
          -5.1430632,50.4040347
          -5.1430637,50.4040352
          -5.1430651,50.4040363
          -5.1430705,50.4040387
          -5.1430689,50.4040413
          -5.1430699,50.4040423
          -5.1430710,50.4040431
          -5.1430722,50.4040439
          -5.1430729,50.4040445
          -5.1430732,50.4040446
          -5.1430827,50.4040481
          -5.1431044,50.4040775
          -5.1431375,50.4041151
          -5.1431774,50.4041529
          -5.1432106,50.4041816
          -5.1432063,50.4041905
          -5.1431789,50.4042182
          -5.1431340,50.4042362
          -5.1431178,50.4042394
          -5.1431150,50.4042372
          -5.1431134,50.4042373
          -5.1431133,50.4042374
          -5.1431132,50.4042376
          -5.1431130,50.4042379
          -5.1431128,50.4042383
          -5.1431127,50.4042386
          -5.1431126,50.4042389
          -5.1431124,50.4042392
          -5.1431123,50.4042394
          -5.1431123,50.4042396
          -5.1431122,50.4042398
          -5.1431121,50.4042401
          -5.1431121,50.4042404
          -5.1431121,50.4042407
          -5.1431121,50.4042410
          -5.1431123,50.4042410
          -5.1431126,50.4042410
          -5.1431127,50.4042410
          -5.1431129,50.4042410
          -5.1431129,50.4042414
          -5.1431128,50.4042419
          -5.1431128,50.4042422
          -5.1431128,50.4042426
          -5.1431127,50.4042429
          -5.1431127,50.4042432
          -5.1431126,50.4042436
          -5.1431125,50.4042439
          -5.1431124,50.4042441
          -5.1431125,50.4042441
          -5.1431125,50.4042440
          -5.1431125,50.4042439
          -5.1431126,50.4042437
          -5.1431126,50.4042435
          -5.1431126,50.4042433
          -5.1431126,50.4042431
          -5.1431126,50.4042428
          -5.1431126,50.4042428
          -5.1431125,50.4042431
          -5.1431124,50.4042436
          -5.1431124,50.4042440
          -5.1431124,50.4042443
          -5.1431124,50.4042446
          -5.1431124,50.4042451
          -5.1431122,50.4042456
          -5.1431120,50.4042461
          -5.1431118,50.4042465
          -5.1431120,50.4042466
          -5.1431204,50.4042472
          -5.1431799,50.4042611
          -5.1432391,50.4043058
          -5.1432991,50.4043498
          -5.1433506,50.4043895
          -5.1434041,50.4044310
          -5.1434497,50.4044704
          -5.1434907,50.4045090
          -5.1435345,50.4045446
          -5.1435747,50.4045839
          -5.1436169,50.4046178
          -5.1436535,50.4046478
          -5.1436921,50.4046789
          -5.1437313,50.4047094
          -5.1437760,50.4047368
          -5.1438179,50.4047616
          -5.1438672,50.4047907
          -5.1439097,50.4048139
          -5.1439564,50.4048337
          -5.1440031,50.4048552
          -5.1440461,50.4048759
          -5.1440951,50.4048957
          -5.1441534,50.4049197
          -5.1442151,50.4049447
          -5.1442735,50.4049694
          -5.1443363,50.4049905
          -5.1444012,50.4049988
          -5.1444658,50.4049973
          -5.1445444,50.4049887
          -5.1446144,50.4049804
          -5.1446204,50.4049538
          -5.1446454,50.4049067
          -5.1446921,50.4048594
          -5.1447340,50.4048134
          -5.1447774,50.4047712
          -5.1448284,50.4047340
          -5.1448880,50.4047033
          -5.1449187,50.4046720
          -5.1449692,50.4046294
          -5.1450140,50.4045979
          -5.1450795,50.4045763
          -5.1451472,50.4045633
          -5.1452215,50.4045567
          -5.1452848,50.4045261
          -5.1453468,50.4044892
          -5.1454143,50.4044492
          -5.1454738,50.4044119
          -5.1455281,50.4043702
          -5.1455717,50.4043194
          -5.1456104,50.4042701
          -5.1456507,50.4042183
          -5.1456959,50.4041659
          -5.1457494,50.4041163
          -5.1457985,50.4040641
          -5.1458515,50.4040151
          -5.1458939,50.4039694
          -5.1459427,50.4039198
          -5.1459783,50.4038671
          -5.1460219,50.4038183
          -5.1460627,50.4037572
          -5.1461047,50.4037015
          -5.1461508,50.4036494
          -5.1461898,50.4035963
          -5.1462404,50.4035409
          -5.1462772,50.4034854
          -5.1463161,50.4034272
          -5.1463558,50.4033706
          -5.1463781,50.4033154
          -5.1463924,50.4032587
          -5.1464018,50.4032008
          -5.1464020,50.4031386
          -5.1463875,50.4030925
          -5.1463724,50.4030558
          -5.1463558,50.4030044
          -5.1463357,50.4029574
          -5.1463204,50.4029045
          -5.1463151,50.4028449
          -5.1463430,50.4027939
          -5.1463782,50.4027461
          -5.1464256,50.4027009
          -5.1464724,50.4026553
          -5.1465306,50.4026060
          -5.1465813,50.4025643
          -5.1466270,50.4025145
          -5.1466880,50.4024764
          -5.1467460,50.4024400
          -5.1468011,50.4024042
          -5.1468581,50.4023632
          -5.1469161,50.4023228
          -5.1469539,50.4022777
          -5.1469803,50.4022312
          -5.1470231,50.4021881
          -5.1470676,50.4021475
          -5.1471118,50.4020984
          -5.1471600,50.4020459
          -5.1472059,50.4019926
          -5.1472508,50.4019399
          -5.1472860,50.4018856
          -5.1473284,50.4018295
          -5.1473267,50.4017732
          -5.1473097,50.4017180
          -5.1472989,50.4016582
          -5.1472808,50.4016019
          -5.1472685,50.4015434
          -5.1472526,50.4014869
          -5.1472080,50.4014318
          -5.1471699,50.4013743
          -5.1471224,50.4013203
          -5.1470763,50.4012677
          -5.1470212,50.4012117
          -5.1469760,50.4011543
          -5.1469302,50.4010983
          -5.1468859,50.4010421
          -5.1468444,50.4009898
          -5.1467905,50.4009309
          -5.1467458,50.4008750
          -5.1466929,50.4008184
          -5.1466447,50.4007623
          -5.1465908,50.4007006
          -5.1465452,50.4006453
          -5.1465320,50.4006262
          -5.1465310,50.4006250
          -5.1465317,50.4006246
          -5.1465323,50.4006240
          -5.1465260,50.4006180
          -5.1464737,50.4005687
          -5.1464255,50.4005148
          -5.1463782,50.4004560
          -5.1463397,50.4003983
          -5.1463068,50.4003402
          -5.1462715,50.4002829
          -5.1462293,50.4002237
          -5.1461926,50.4001698
          -5.1461604,50.4001093
          -5.1461301,50.4000553
          -5.1460959,50.3999998
          -5.1460544,50.3999458
          -5.1460173,50.3998882
          -5.1459773,50.3998319
          -5.1459402,50.3997785
          -5.1459013,50.3997270
          -5.1458615,50.3996743
          -5.1458220,50.3996192
          -5.1457819,50.3995654
          -5.1457346,50.3995175
          -5.1456818,50.3994686
          -5.1456284,50.3994214
          -5.1455734,50.3993795
          -5.1455052,50.3993354
          -5.1454335,50.3992852
          -5.1453602,50.3992446
          -5.1452866,50.3992089
          -5.1452075,50.3991642
          -5.1451239,50.3991280
          -5.1450445,50.3990806
          -5.1449748,50.3990389
          -5.1448977,50.3990020
          -5.1448207,50.3989640
          -5.1447405,50.3989225
          -5.1446636,50.3988800
          -5.1445968,50.3988365
          -5.1445273,50.3987920
          -5.1444571,50.3987464
          -5.1443925,50.3986994
          -5.1443279,50.3986550
          -5.1442543,50.3986093
          -5.1442062,50.3985634
          -5.1441732,50.3985118
          -5.1441327,50.3984523
          -5.1440821,50.3983947
          -5.1440284,50.3983381
          -5.1439715,50.3982855
          -5.1439208,50.3982267
          -5.1438800,50.3981709
          -5.1438415,50.3981138
          -5.1438121,50.3980844
          -5.1437803,50.3980668
          -5.1437343,50.3980387
          -5.1436854,50.3980088
          -5.1436426,50.3979728
          -5.1435985,50.3979340
          -5.1435576,50.3978971
          -5.1435126,50.3978610
          -5.1434715,50.3978263
          -5.1434381,50.3977885
          -5.1434048,50.3977496
          -5.1433484,50.3977242
          -5.1432909,50.3976978
          -5.1432546,50.3976524
          -5.1432287,50.3975980
          -5.1432069,50.3975415
          -5.1431931,50.3974942
          -5.1431898,50.3974466
          -5.1431857,50.3973995
          -5.1431776,50.3973666
          -5.1431515,50.3973195
          -5.1431266,50.3972729
          -5.1431032,50.3972259
          -5.1430888,50.3971819
          -5.1430925,50.3971721
          -5.1430750,50.3971546
          -5.1430481,50.3971072
          -5.1430277,50.3970557
          -5.1430350,50.3970024
          -5.1430495,50.3969658
          -5.1430624,50.3969289
          -5.1430612,50.3968953
          -5.1430672,50.3968915
          -5.1430652,50.3968582
          -5.1430381,50.3968039
          -5.1430063,50.3967505
          -5.1429719,50.3967133
          -5.1429226,50.3966714
          -5.1428669,50.3966109
          -5.1428190,50.3965584
          -5.1427734,50.3965129
          -5.1427282,50.3964586
          -5.1426984,50.3964074
          -5.1426640,50.3963559
          -5.1426194,50.3963045
          -5.1425812,50.3962415
          -5.1425399,50.3961932
          -5.1425057,50.3961476
          -5.1424651,50.3960994
          -5.1424262,50.3960452
          -5.1423977,50.3959889
          -5.1423634,50.3959325
          -5.1423253,50.3958760
          -5.1422865,50.3958285
          -5.1422381,50.3957919
          -5.1422030,50.3957602
          -5.1421916,50.3957438
          -5.1421872,50.3957438
          -5.1421765,50.3957296
          -5.1421526,50.3956894
          -5.1421311,50.3956372
          -5.1421132,50.3955848
          -5.1420956,50.3955329
          -5.1420779,50.3954757
          -5.1420601,50.3954235
          -5.1420371,50.3953741
          -5.1420206,50.3953258
          -5.1420196,50.3952679
          -5.1420211,50.3952122
          -5.1420177,50.3951533
          -5.1420155,50.3951020
          -5.1419950,50.3950435
          -5.1419870,50.3949982
          -5.1419960,50.3949386
          -5.1420250,50.3948883
          -5.1420494,50.3948357
          -5.1420585,50.3947876
          -5.1420704,50.3947365
          -5.1420907,50.3946764
          -5.1421156,50.3946206
          -5.1421426,50.3945668
          -5.1421699,50.3945138
          -5.1421986,50.3944655
          -5.1422437,50.3944143
          -5.1422944,50.3943685
          -5.1423398,50.3943201
          -5.1423855,50.3942729
          -5.1424211,50.3942210
          -5.1424397,50.3941675
          -5.1424501,50.3941385
          -5.1424387,50.3941117
          -5.1424403,50.3940719
          -5.1424560,50.3940196
          -5.1424740,50.3939664
          -5.1424903,50.3939327
          -5.1424878,50.3938933
          -5.1424936,50.3938446
          -5.1425122,50.3937935
          -5.1425337,50.3937432
          -5.1425520,50.3936918
          -5.1425585,50.3936404
          -5.1425584,50.3935921
          -5.1425667,50.3935579
          -5.1425539,50.3935311
          -5.1425460,50.3935177
          -5.1425454,50.3935174
          -5.1425447,50.3935177
          -5.1425442,50.3935181
          -5.1425432,50.3935177
          -5.1425090,50.3935161
          -5.1424991,50.3935052
          -5.1425147,50.3935018
          -5.1425108,50.3934900
          -5.1425121,50.3934488
          -5.1425408,50.3934004
          -5.1425591,50.3933562
          -5.1425713,50.3933247
          -5.1425986,50.3932933
          -5.1426087,50.3932769
          -5.1426250,50.3932544
          -5.1426576,50.3932330
          -5.1426854,50.3932128
          -5.1426853,50.3931865
          -5.1426770,50.3931610
          -5.1426837,50.3931546
          -5.1426939,50.3931421
          -5.1427210,50.3931164
          -5.1427368,50.3930861
          -5.1427273,50.3930675
          -5.1427237,50.3930564
          -5.1427202,50.3930536
          -5.1427203,50.3930536
          -5.1427193,50.3930457
          -5.1427257,50.3930091
          -5.1427283,50.3929787
          -5.1427386,50.3929751
          -5.1427577,50.3929735
          -5.1427923,50.3929620
          -5.1428249,50.3929512
          -5.1428573,50.3929335
          -5.1428809,50.3929090
          -5.1428904,50.3928897
          -5.1429258,50.3928648
          -5.1429652,50.3928388
          -5.1429982,50.3928125
          -5.1430261,50.3927748
          -5.1430291,50.3927278
          -5.1430344,50.3926835
          -5.1430384,50.3926396
          -5.1430725,50.3926041
          -5.1431047,50.3925904
          -5.1431101,50.3925852
          -5.1431530,50.3925624
          -5.1432121,50.3925352
          -5.1432672,50.3925216
          -5.1432893,50.3924885
          -5.1433040,50.3924331
          -5.1433344,50.3923981
          -5.1433991,50.3923953
          -5.1434637,50.3924008
          -5.1435032,50.3923962
          -5.1435310,50.3923977
          -5.1435338,50.3923986
          -5.1435346,50.3923984
          -5.1435359,50.3923982
          -5.1435375,50.3923980
          -5.1435385,50.3923973
          -5.1435507,50.3923846
          -5.1436018,50.3923530
          -5.1436700,50.3923231
          -5.1437068,50.3922952
          -5.1437192,50.3922812
          -5.1437211,50.3922785
          -5.1437215,50.3922781
          -5.1437420,50.3922767
          -5.1438111,50.3922615
          -5.1438795,50.3922499
          -5.1439139,50.3922383
          -5.1439494,50.3922036
          -5.1439933,50.3921629
          -5.1440238,50.3921427
          -5.1440437,50.3921211
          -5.1440543,50.3920873
          -5.1440815,50.3920586
          -5.1441265,50.3920262
          -5.1441572,50.3919911
          -5.1441837,50.3919543
          -5.1441957,50.3919065
          -5.1442135,50.3918668
          -5.1442643,50.3918257
          -5.1442913,50.3917785
          -5.1443240,50.3917279
          -5.1443616,50.3916860
          -5.1444032,50.3916425
          -5.1444281,50.3916041
          -5.1444650,50.3915664
          -5.1444968,50.3915493
          -5.1444956,50.3915476
          -5.1444941,50.3915482
          -5.1444931,50.3915492
          -5.1444916,50.3915506
          -5.1444910,50.3915515
          -5.1444952,50.3915537
          -5.1445435,50.3915699
          -5.1446315,50.3915951
          -5.1447126,50.3916258
          -5.1447887,50.3916530
          -5.1448584,50.3916586
          -5.1448795,50.3916588
          -5.1448836,50.3916564
          -5.1449064,50.3916473
          -5.1448819,50.3916554
          -5.1448334,50.3916514
          -5.1447603,50.3916357
          -5.1446864,50.3916140
          -5.1446253,50.3915964
          -5.1445725,50.3915844
          -5.1445249,50.3915666
          -5.1444880,50.3915418
          -5.1444591,50.3915123
          -5.1444150,50.3914909
          -5.1443856,50.3914664
          -5.1443530,50.3914306
          -5.1443048,50.3913977
          -5.1442711,50.3913667
          -5.1442243,50.3913285
          -5.1441690,50.3912976
          -5.1441097,50.3912604
          -5.1440505,50.3912301
          -5.1439819,50.3911969
          -5.1439280,50.3911675
          -5.1439265,50.3911617
          -5.1439213,50.3911550
          -5.1438867,50.3911365
          -5.1438271,50.3911018
          -5.1438096,50.3910506
          -5.1438065,50.3909999
          -5.1437783,50.3909445
          -5.1437602,50.3908927
          -5.1437359,50.3908410
          -5.1437115,50.3907905
          -5.1436845,50.3907492
          -5.1436421,50.3907054
          -5.1435993,50.3906562
          -5.1435809,50.3906061
          -5.1435700,50.3905551
          -5.1435542,50.3905049
          -5.1435524,50.3904503
          -5.1435386,50.3903992
          -5.1435157,50.3903445
          -5.1434685,50.3902967
          -5.1434274,50.3902490
          -5.1434063,50.3902098
          -5.1433860,50.3901749
          -5.1433717,50.3901530
          -5.1433737,50.3901105
          -5.1433993,50.3900632
          -5.1434230,50.3900142
          -5.1434445,50.3899626
          -5.1434566,50.3899054
          -5.1434577,50.3898521
          -5.1434595,50.3898118
          -5.1434602,50.3898080
          -5.1434597,50.3898092
          -5.1434631,50.3898057
          -5.1434608,50.3898050
          -5.1434639,50.3898051
          -5.1434659,50.3898000
          -5.1434553,50.3897948
          -5.1434665,50.3897751
          -5.1434767,50.3897206
          -5.1434936,50.3896638
          -5.1435095,50.3896111
          -5.1435312,50.3895597
          -5.1435585,50.3895017
          -5.1435793,50.3894474
          -5.1435801,50.3893962
          -5.1435774,50.3893498
          -5.1435791,50.3892983
          -5.1435796,50.3892529
          -5.1435888,50.3892072
          -5.1435944,50.3891667
          -5.1436011,50.3891229
          -5.1436067,50.3890777
          -5.1436296,50.3890286
          -5.1436762,50.3889809
          -5.1437296,50.3889472
          -5.1437801,50.3889059
          -5.1437814,50.3888563
          -5.1437672,50.3888125
          -5.1437432,50.3887709
          -5.1437179,50.3887319
          -5.1437074,50.3886830
          -5.1436953,50.3886323
          -5.1436777,50.3885799
          -5.1436709,50.3885302
          -5.1436664,50.3884819
          -5.1436550,50.3884321
          -5.1436454,50.3883815
          -5.1436270,50.3883347
          -5.1436001,50.3882887
          -5.1435761,50.3882386
          -5.1435681,50.3881805
          -5.1435478,50.3881299
          -5.1435339,50.3880786
          -5.1435343,50.3880195
          -5.1435281,50.3879655
          -5.1435185,50.3879190
          -5.1435051,50.3878635
          -5.1434914,50.3878120
          -5.1434651,50.3877602
          -5.1434419,50.3877071
          -5.1434160,50.3876561
          -5.1433938,50.3876079
          -5.1433726,50.3875544
          -5.1433479,50.3874984
          -5.1433261,50.3874417
          -5.1433207,50.3873875
          -5.1433121,50.3873252
          -5.1433081,50.3872675
          -5.1433070,50.3872187
          -5.1432895,50.3871647
          -5.1432545,50.3871062
          -5.1432296,50.3870518
          -5.1431878,50.3870063
          -5.1431376,50.3869559
          -5.1431096,50.3868995
          -5.1430773,50.3868435
          -5.1430536,50.3867866
          -5.1430235,50.3867300
          -5.1430153,50.3866716
          -5.1430120,50.3866090
          -5.1430028,50.3865481
          -5.1429914,50.3864954
          -5.1429790,50.3864454
          -5.1429696,50.3863861
          -5.1429573,50.3863293
          -5.1429327,50.3862800
          -5.1429332,50.3862736
          -5.1429375,50.3862743
          -5.1429402,50.3862744
          -5.1429422,50.3862747
          -5.1429403,50.3862725
          -5.1428725,50.3862472
          -5.1427966,50.3862232
          -5.1427264,50.3861868
          -5.1426603,50.3861526
          -5.1425905,50.3861235
          -5.1425210,50.3860929
          -5.1424695,50.3860563
          -5.1424569,50.3860472
          -5.1424618,50.3860450
          -5.1424671,50.3860448
          -5.1424714,50.3860437
          -5.1424735,50.3860440
          -5.1424724,50.3860409
          -5.1424715,50.3860400
          -5.1424694,50.3860407
          -5.1424605,50.3860441
          -5.1424569,50.3860450
          -5.1424672,50.3860451
          -5.1424672,50.3860484
          -5.1424762,50.3860472
          -5.1424714,50.3860463
          -5.1424624,50.3860425
          -5.1424558,50.3860424
          -5.1424589,50.3860402
          -5.1424623,50.3860400
          -5.1424651,50.3860349
          -5.1424599,50.3860360
          -5.1424620,50.3860419
          -5.1424663,50.3860410
          -5.1424764,50.3860398
          -5.1424656,50.3860444
        </coordinates>
      </LineString>
    </Placemark>
  </Document>
</kml>
