<?xml version="1.0" encoding="UTF-8"?>
<kml xmlns="http://www.opengis.net/kml/2.2" xmlns:xsi="http://www.w3.org/2001/XMLSchema-instance" xsi:schemaLocation="http://www.opengis.net/kml/2.2 http://schemas.opengis.net/kml/2.2.0/ogckml22.xsd">
  <Document>
    <name>GPS Wizard</name>
    <open>1</open>
    <Style id="wizard">
      <LineStyle>
        <color>a00000ff</color>
        <width>2</width>
      </LineStyle>
    </Style>
    <Placemark>
      <name>TBC</name>
      <styleUrl>#wizard</styleUrl>
      <LineString>
        <extrude>1</extrude>
        <tessellate>1</tessellate>
        <coordinates>
          -4.9951359,50.5242059
          -4.9951534,50.5241977
          -4.9951415,50.5242022
          -4.9951359,50.5242103
          -4.9951286,50.5242150
          -4.9951459,50.5242128
          -4.9951718,50.5242011
          -4.9951767,50.5242002
          -4.9951758,50.5242000
          -4.9951757,50.5241999
          -4.9951754,50.5241997
          -4.9951751,50.5241992
          -4.9951747,50.5241986
          -4.9951742,50.5241979
          -4.9951737,50.5241969
          -4.9951732,50.5241959
          -4.9951729,50.5241951
          -4.9951730,50.5241948
          -4.9951832,50.5241955
          -4.9952679,50.5242074
          -4.9953657,50.5242214
          -4.9954432,50.5242473
          -4.9955189,50.5242491
          -4.9956074,50.5242621
          -4.9956962,50.5242816
          -4.9957903,50.5243079
          -4.9958924,50.5243339
          -4.9959856,50.5243529
          -4.9960610,50.5243714
          -4.9961512,50.5243894
          -4.9962501,50.5244072
          -4.9963385,50.5244273
          -4.9964330,50.5244482
          -4.9965359,50.5244777
          -4.9966204,50.5245054
          -4.9967111,50.5245426
          -4.9967797,50.5245527
          -4.9968134,50.5245263
          -4.9968327,50.5245189
          -4.9968381,50.5245200
          -4.9969027,50.5245161
          -4.9969803,50.5245085
          -4.9970043,50.5245060
          -4.9970639,50.5244982
          -4.9971464,50.5244885
          -4.9972361,50.5244763
          -4.9973296,50.5244619
          -4.9974167,50.5244479
          -4.9974960,50.5244328
          -4.9975852,50.5244179
          -4.9976656,50.5244044
          -4.9977538,50.5243905
          -4.9978451,50.5243782
          -4.9979323,50.5243659
          -4.9980311,50.5243520
          -4.9981248,50.5243432
          -4.9982130,50.5243332
          -4.9983040,50.5243230
          -4.9983972,50.5243097
          -4.9984909,50.5242967
          -4.9985983,50.5242777
          -4.9986999,50.5242630
          -4.9987987,50.5242466
          -4.9988995,50.5242309
          -4.9989987,50.5242175
          -4.9991015,50.5242031
          -4.9992017,50.5241882
          -4.9993095,50.5241686
          -4.9994099,50.5241506
          -4.9995017,50.5241349
          -4.9995265,50.5241274
          -4.9995685,50.5241209
          -4.9996389,50.5241122
          -4.9996883,50.5241092
          -4.9997658,50.5240977
          -4.9998578,50.5240879
          -4.9999528,50.5240873
          -5.0000465,50.5240797
          -5.0001472,50.5240681
          -5.0002475,50.5240586
          -5.0003434,50.5240487
          -5.0004428,50.5240376
          -5.0005384,50.5240277
          -5.0006131,50.5240216
          -5.0006249,50.5240406
          -5.0006221,50.5240546
          -5.0006195,50.5241177
          -5.0006168,50.5241844
          -5.0006159,50.5242457
          -5.0006169,50.5243066
          -5.0006211,50.5243661
          -5.0006164,50.5244281
          -5.0006142,50.5244886
          -5.0006145,50.5245531
          -5.0006143,50.5246172
          -5.0006154,50.5246842
          -5.0006306,50.5247503
          -5.0006828,50.5248131
          -5.0007460,50.5248679
          -5.0008053,50.5249091
          -5.0008617,50.5249498
          -5.0009004,50.5249995
          -5.0009385,50.5250606
          -5.0009712,50.5251160
          -5.0010069,50.5251763
          -5.0010424,50.5252300
          -5.0010790,50.5252862
          -5.0011225,50.5253461
          -5.0011698,50.5253997
          -5.0012188,50.5254496
          -5.0012793,50.5254978
          -5.0013286,50.5255499
          -5.0013697,50.5255959
          -5.0014283,50.5256468
          -5.0014869,50.5256900
          -5.0015244,50.5257489
          -5.0015374,50.5257938
          -5.0015312,50.5257972
          -5.0015590,50.5258035
          -5.0016029,50.5258278
          -5.0016390,50.5258588
          -5.0016812,50.5259092
          -5.0017174,50.5259579
          -5.0017556,50.5260093
          -5.0017890,50.5260562
          -5.0018394,50.5261020
          -5.0019038,50.5261562
          -5.0019689,50.5262043
          -5.0020146,50.5262515
          -5.0020530,50.5263004
          -5.0020683,50.5263327
          -5.0020741,50.5263349
          -5.0020717,50.5263387
          -5.0020777,50.5263406
          -5.0021216,50.5263475
          -5.0022049,50.5263627
          -5.0022676,50.5263957
          -5.0023336,50.5264287
          -5.0024068,50.5264638
          -5.0024750,50.5264930
          -5.0025457,50.5265236
          -5.0025698,50.5265368
          -5.0026535,50.5265677
          -5.0027458,50.5265986
          -5.0028381,50.5266369
          -5.0029204,50.5266763
          -5.0030130,50.5267036
          -5.0031001,50.5267295
          -5.0031883,50.5267616
          -5.0032742,50.5267887
          -5.0033624,50.5268140
          -5.0034601,50.5268416
          -5.0035559,50.5268694
          -5.0036466,50.5268991
          -5.0037360,50.5269279
          -5.0038263,50.5269561
          -5.0039184,50.5269786
          -5.0040142,50.5270046
          -5.0041003,50.5270391
          -5.0041637,50.5270875
          -5.0042337,50.5271178
          -5.0043279,50.5271262
          -5.0044200,50.5271188
          -5.0044940,50.5271124
          -5.0045818,50.5271086
          -5.0046865,50.5271216
          -5.0047800,50.5271343
          -5.0048315,50.5271498
          -5.0048423,50.5271536
          -5.0049218,50.5271786
          -5.0050133,50.5272150
          -5.0050956,50.5272455
          -5.0051804,50.5272840
          -5.0052674,50.5273158
          -5.0053532,50.5273518
          -5.0054384,50.5273801
          -5.0055266,50.5274166
          -5.0056035,50.5274517
          -5.0056945,50.5274877
          -5.0057725,50.5275241
          -5.0058570,50.5275576
          -5.0059446,50.5275899
          -5.0060150,50.5276241
          -5.0060888,50.5276555
          -5.0061696,50.5276908
          -5.0062105,50.5277407
          -5.0062273,50.5277967
          -5.0062527,50.5278584
          -5.0063146,50.5278985
          -5.0063943,50.5279256
          -5.0064797,50.5279568
          -5.0065646,50.5279799
          -5.0066485,50.5279900
          -5.0067429,50.5280170
          -5.0068302,50.5280378
          -5.0069338,50.5280670
          -5.0070246,50.5280907
          -5.0071280,50.5281222
          -5.0072149,50.5281531
          -5.0072961,50.5281824
          -5.0073784,50.5282023
          -5.0074685,50.5282225
          -5.0075657,50.5282399
          -5.0076657,50.5282578
          -5.0077713,50.5282769
          -5.0078790,50.5283085
          -5.0079680,50.5283412
          -5.0080218,50.5283642
          -5.0081045,50.5283795
          -5.0082006,50.5283941
          -5.0082936,50.5284174
          -5.0083809,50.5284352
          -5.0084756,50.5284608
          -5.0085694,50.5284868
          -5.0086607,50.5285196
          -5.0087408,50.5285486
          -5.0088258,50.5285795
          -5.0089140,50.5286152
          -5.0089988,50.5286470
          -5.0090903,50.5286844
          -5.0091731,50.5287189
          -5.0092609,50.5287540
          -5.0093530,50.5287985
          -5.0094349,50.5288380
          -5.0095116,50.5288691
          -5.0095904,50.5289153
          -5.0096485,50.5289591
          -5.0096671,50.5289704
          -5.0097316,50.5289915
          -5.0098106,50.5290114
          -5.0098917,50.5290442
          -5.0099673,50.5290837
          -5.0100470,50.5291226
          -5.0101268,50.5291679
          -5.0101995,50.5292130
          -5.0102729,50.5292539
          -5.0103516,50.5292974
          -5.0104265,50.5293352
          -5.0105239,50.5293698
          -5.0106073,50.5294051
          -5.0107056,50.5294476
          -5.0107900,50.5294854
          -5.0108596,50.5295262
          -5.0109278,50.5295592
          -5.0110123,50.5295923
          -5.0111016,50.5296327
          -5.0111884,50.5296711
          -5.0112672,50.5297070
          -5.0113467,50.5297441
          -5.0114298,50.5297659
          -5.0115089,50.5297900
          -5.0115908,50.5298284
          -5.0116765,50.5298751
          -5.0117466,50.5299117
          -5.0118251,50.5299476
          -5.0118933,50.5299755
          -5.0119681,50.5299998
          -5.0120577,50.5300289
          -5.0121446,50.5300574
          -5.0122265,50.5300939
          -5.0123142,50.5301349
          -5.0123753,50.5301632
          -5.0123850,50.5301660
          -5.0123858,50.5301637
          -5.0124392,50.5301784
          -5.0125301,50.5302015
          -5.0126142,50.5302337
          -5.0126976,50.5302575
          -5.0127888,50.5302813
          -5.0128723,50.5303035
          -5.0129631,50.5303315
          -5.0130556,50.5303589
          -5.0131550,50.5303772
          -5.0132540,50.5303929
          -5.0133497,50.5304150
          -5.0134514,50.5304391
          -5.0135476,50.5304589
          -5.0136479,50.5304805
          -5.0137489,50.5304983
          -5.0138438,50.5305144
          -5.0139443,50.5305261
          -5.0140404,50.5305430
          -5.0141456,50.5305586
          -5.0142520,50.5305691
          -5.0143541,50.5305795
          -5.0144631,50.5305935
          -5.0145698,50.5306131
          -5.0146757,50.5306283
          -5.0147682,50.5306443
          -5.0148614,50.5306518
          -5.0149570,50.5306551
          -5.0150523,50.5306583
          -5.0151532,50.5306556
          -5.0152420,50.5306562
          -5.0153497,50.5306544
          -5.0154408,50.5306564
          -5.0155532,50.5306460
          -5.0156561,50.5306432
          -5.0157599,50.5306370
          -5.0158516,50.5306316
          -5.0159586,50.5306327
          -5.0160675,50.5306372
          -5.0161557,50.5306538
          -5.0162463,50.5306687
          -5.0163354,50.5306840
          -5.0164347,50.5307000
          -5.0165234,50.5307182
          -5.0166187,50.5307387
          -5.0167004,50.5307537
          -5.0168012,50.5307727
          -5.0169057,50.5307950
          -5.0170014,50.5308105
          -5.0171083,50.5308223
          -5.0172078,50.5308385
          -5.0173170,50.5308479
          -5.0174196,50.5308533
          -5.0175207,50.5308612
          -5.0176199,50.5308696
          -5.0177231,50.5308783
          -5.0178278,50.5308834
          -5.0179357,50.5308903
          -5.0180377,50.5309019
          -5.0181453,50.5309141
          -5.0182506,50.5309180
          -5.0183463,50.5309154
          -5.0184459,50.5309199
          -5.0185557,50.5309241
          -5.0186571,50.5309286
          -5.0187649,50.5309336
          -5.0188564,50.5309407
          -5.0189625,50.5309434
          -5.0190601,50.5309398
          -5.0191621,50.5309283
          -5.0192658,50.5309074
          -5.0193614,50.5308953
          -5.0194606,50.5308727
          -5.0195443,50.5308564
          -5.0196422,50.5308281
          -5.0197362,50.5308099
          -5.0198409,50.5307995
          -5.0199502,50.5307884
          -5.0200543,50.5307820
          -5.0201581,50.5307830
          -5.0202650,50.5307814
          -5.0203684,50.5307892
          -5.0204699,50.5308004
          -5.0205761,50.5308005
          -5.0206714,50.5307914
          -5.0207705,50.5307982
          -5.0208537,50.5308180
          -5.0209613,50.5308382
          -5.0210512,50.5308599
          -5.0211379,50.5308876
          -5.0212373,50.5309176
          -5.0213260,50.5309462
          -5.0214085,50.5309739
          -5.0214982,50.5310149
          -5.0215791,50.5310478
          -5.0216660,50.5310664
          -5.0217537,50.5310887
          -5.0218402,50.5311159
          -5.0219211,50.5311475
          -5.0220109,50.5311792
          -5.0220954,50.5311996
          -5.0221642,50.5312187
          -5.0221773,50.5312042
          -5.0221611,50.5311726
          -5.0221687,50.5311284
          -5.0221671,50.5311079
          -5.0221442,50.5311012
          -5.0221063,50.5310986
          -5.0221304,50.5311115
          -5.0221413,50.5311174
          -5.0221467,50.5311187
          -5.0221480,50.5311189
          -5.0221492,50.5311191
          -5.0221493,50.5311191
          -5.0221457,50.5311190
          -5.0221060,50.5311069
          -5.0220890,50.5311047
          -5.0220986,50.5311059
          -5.0221014,50.5311068
          -5.0220998,50.5311061
          -5.0220998,50.5311057
          -5.0220995,50.5311050
          -5.0220990,50.5311041
          -5.0220985,50.5311032
          -5.0220980,50.5311025
          -5.0220978,50.5311020
          -5.0220977,50.5311019
          -5.0220974,50.5311023
          -5.0220946,50.5311046
          -5.0221102,50.5311034
          -5.0221416,50.5311156
          -5.0221519,50.5311207
          -5.0221538,50.5311229
          -5.0221534,50.5311229
          -5.0221568,50.5311188
          -5.0221744,50.5311421
          -5.0221972,50.5311957
          -5.0222242,50.5312383
          -5.0222597,50.5312520
          -5.0222621,50.5312512
          -5.0222879,50.5312572
          -5.0223783,50.5312768
          -5.0224570,50.5312882
          -5.0225396,50.5312976
          -5.0226177,50.5313073
          -5.0227165,50.5313112
          -5.0228100,50.5313233
          -5.0228975,50.5313353
          -5.0229809,50.5313524
          -5.0230661,50.5313647
          -5.0231168,50.5313694
          -5.0231194,50.5313694
          -5.0231195,50.5313695
          -5.0231194,50.5313700
          -5.0231193,50.5313705
          -5.0231193,50.5313710
          -5.0231191,50.5313719
          -5.0231187,50.5313733
          -5.0231226,50.5313758
          -5.0231239,50.5313764
          -5.0231243,50.5313763
          -5.0231265,50.5313750
          -5.0231652,50.5313668
          -5.0232235,50.5313766
          -5.0232348,50.5313808
          -5.0232338,50.5313800
          -5.0232254,50.5313773
          -5.0232261,50.5313797
          -5.0232270,50.5313803
          -5.0232298,50.5313819
          -5.0232386,50.5313840
          -5.0232699,50.5313895
          -5.0232602,50.5313867
          -5.0232412,50.5313812
          -5.0232276,50.5313803
          -5.0232664,50.5313728
          -5.0233240,50.5313529
          -5.0233923,50.5313347
          -5.0234451,50.5313050
          -5.0234643,50.5312831
          -5.0234836,50.5312715
          -5.0235233,50.5312272
          -5.0235691,50.5311802
          -5.0236132,50.5311330
          -5.0236518,50.5310892
          -5.0237011,50.5310389
          -5.0237484,50.5309998
          -5.0237780,50.5309737
          -5.0237846,50.5309644
          -5.0237849,50.5309639
          -5.0237842,50.5309645
          -5.0237823,50.5309664
          -5.0237807,50.5309678
          -5.0238022,50.5309540
          -5.0238076,50.5309531
          -5.0238071,50.5309535
          -5.0238067,50.5309538
          -5.0238069,50.5309530
          -5.0238195,50.5309286
          -5.0238573,50.5308799
          -5.0239051,50.5308307
          -5.0239501,50.5307800
          -5.0239753,50.5307287
          -5.0240104,50.5306748
          -5.0240533,50.5306172
          -5.0241041,50.5305658
          -5.0241616,50.5305156
          -5.0242299,50.5304695
          -5.0242971,50.5304153
          -5.0243553,50.5303659
          -5.0244160,50.5303148
          -5.0244747,50.5302719
          -5.0245330,50.5302281
          -5.0245848,50.5301822
          -5.0246479,50.5301308
          -5.0247046,50.5300802
          -5.0247630,50.5300395
          -5.0248153,50.5300061
          -5.0248276,50.5300031
          -5.0248252,50.5300019
          -5.0248260,50.5300008
          -5.0248268,50.5299994
          -5.0248281,50.5299984
          -5.0248608,50.5299791
          -5.0249172,50.5299419
          -5.0249520,50.5299221
          -5.0249744,50.5299107
          -5.0249737,50.5299108
          -5.0249739,50.5299102
          -5.0249733,50.5299094
          -5.0249749,50.5299035
          -5.0249929,50.5298663
          -5.0249908,50.5298028
          -5.0249571,50.5297480
          -5.0249294,50.5296911
          -5.0248934,50.5296382
          -5.0248650,50.5295847
          -5.0248345,50.5295320
          -5.0248003,50.5294821
          -5.0247685,50.5294227
          -5.0247402,50.5293644
          -5.0247000,50.5293045
          -5.0246650,50.5292432
          -5.0246331,50.5291938
          -5.0246005,50.5291401
          -5.0245669,50.5290812
          -5.0245337,50.5290246
          -5.0245018,50.5289713
          -5.0244631,50.5289237
          -5.0244294,50.5288761
          -5.0243922,50.5288239
          -5.0243625,50.5287665
          -5.0243194,50.5287131
          -5.0242827,50.5286628
          -5.0242475,50.5286058
          -5.0242250,50.5285538
          -5.0241969,50.5284970
          -5.0241627,50.5284392
          -5.0241308,50.5283828
          -5.0241053,50.5283358
          -5.0241319,50.5282823
          -5.0241651,50.5282349
          -5.0242107,50.5282006
          -5.0242836,50.5281857
          -5.0243379,50.5281611
          -5.0243381,50.5281427
          -5.0243738,50.5281315
          -5.0243788,50.5281304
          -5.0243775,50.5281309
          -5.0243744,50.5281317
          -5.0243708,50.5281326
          -5.0243678,50.5281334
          -5.0243767,50.5281321
          -5.0243786,50.5281326
          -5.0244017,50.5281469
          -5.0244588,50.5281537
          -5.0244800,50.5281510
          -5.0244804,50.5281515
          -5.0244810,50.5281509
          -5.0244802,50.5281526
          -5.0244803,50.5281523
          -5.0244810,50.5281514
          -5.0244811,50.5281512
          -5.0244812,50.5281511
          -5.0244813,50.5281510
          -5.0244813,50.5281510
          -5.0244811,50.5281508
          -5.0244704,50.5281479
          -5.0244153,50.5281320
          -5.0243612,50.5281129
          -5.0243201,50.5280696
          -5.0242742,50.5280514
          -5.0242281,50.5280199
          -5.0241651,50.5279806
          -5.0241128,50.5279491
          -5.0240472,50.5279074
          -5.0239861,50.5278592
          -5.0239312,50.5278024
          -5.0238792,50.5277508
          -5.0238087,50.5277054
          -5.0237530,50.5276590
          -5.0236954,50.5276082
          -5.0236282,50.5275613
          -5.0235702,50.5275225
          -5.0235143,50.5274838
          -5.0234526,50.5274461
          -5.0233943,50.5274059
          -5.0233281,50.5273653
          -5.0232714,50.5273242
          -5.0232365,50.5272738
          -5.0231968,50.5272191
          -5.0231431,50.5271702
          -5.0230902,50.5271212
          -5.0230330,50.5270663
          -5.0229823,50.5270180
          -5.0229281,50.5269657
          -5.0228756,50.5269133
          -5.0228044,50.5268629
          -5.0227402,50.5268291
          -5.0226725,50.5268161
          -5.0226460,50.5268166
          -5.0226466,50.5267997
          -5.0226462,50.5267660
          -5.0226406,50.5267656
          -5.0226355,50.5267353
          -5.0225888,50.5266806
          -5.0225232,50.5266378
          -5.0224560,50.5265962
          -5.0223906,50.5265549
          -5.0223270,50.5265168
          -5.0222520,50.5264753
          -5.0221853,50.5264347
          -5.0221532,50.5264148
          -5.0221514,50.5264129
          -5.0221509,50.5264126
          -5.0221499,50.5264125
          -5.0221486,50.5264125
          -5.0221472,50.5264125
          -5.0221457,50.5264124
          -5.0221444,50.5264124
          -5.0221435,50.5264122
          -5.0221441,50.5264061
          -5.0221318,50.5263877
          -5.0221012,50.5263649
          -5.0220533,50.5263306
          -5.0220008,50.5262885
          -5.0219606,50.5262489
          -5.0219387,50.5262090
          -5.0219329,50.5261998
          -5.0219330,50.5261995
          -5.0219336,50.5261992
          -5.0219345,50.5261982
          -5.0219412,50.5261881
          -5.0219430,50.5261847
          -5.0219778,50.5261676
          -5.0220401,50.5261403
          -5.0220970,50.5261085
          -5.0221391,50.5260714
          -5.0221654,50.5260239
          -5.0221838,50.5259762
          -5.0221885,50.5259624
          -5.0221895,50.5259614
          -5.0221918,50.5259582
          -5.0222165,50.5259284
          -5.0222630,50.5258877
          -5.0222993,50.5258465
          -5.0223360,50.5258023
          -5.0223789,50.5257604
          -5.0224310,50.5257111
          -5.0224802,50.5256677
          -5.0225163,50.5256241
          -5.0225684,50.5255862
          -5.0226176,50.5255407
          -5.0226607,50.5254950
          -5.0227110,50.5254524
          -5.0227598,50.5254089
          -5.0228080,50.5253646
          -5.0228577,50.5253125
          -5.0228878,50.5253003
          -5.0229577,50.5253069
          -5.0229768,50.5253047
          -5.0229888,50.5253062
          -5.0230664,50.5252980
          -5.0231260,50.5252786
          -5.0231693,50.5252480
          -5.0232104,50.5252135
          -5.0232368,50.5251863
          -5.0232586,50.5251455
          -5.0232832,50.5251051
          -5.0233158,50.5250672
          -5.0233416,50.5250349
          -5.0233726,50.5250141
          -5.0234198,50.5249875
          -5.0234586,50.5249776
          -5.0234116,50.5250087
          -5.0233982,50.5250518
          -5.0234083,50.5250621
          -5.0233911,50.5250326
          -5.0234177,50.5250085
          -5.0234464,50.5250087
          -5.0234462,50.5250038
          -5.0235022,50.5249820
          -5.0235596,50.5249598
          -5.0236383,50.5249439
          -5.0236960,50.5249118
          -5.0237713,50.5248929
          -5.0238396,50.5248739
          -5.0239181,50.5248565
          -5.0239974,50.5248496
          -5.0240879,50.5248694
          -5.0241847,50.5248861
          -5.0242697,50.5249000
          -5.0243482,50.5249142
          -5.0244345,50.5249346
          -5.0244911,50.5249503
          -5.0245154,50.5249589
          -5.0245195,50.5249585
          -5.0245178,50.5249575
          -5.0245144,50.5249555
          -5.0245262,50.5249538
          -5.0245290,50.5249543
          -5.0245583,50.5249611
          -5.0246408,50.5249773
          -5.0247150,50.5250029
          -5.0247930,50.5250454
          -5.0248481,50.5250922
          -5.0248935,50.5251431
          -5.0249357,50.5251927
          -5.0249863,50.5252372
          -5.0250480,50.5252855
          -5.0250989,50.5253325
          -5.0251620,50.5253801
          -5.0252255,50.5254248
          -5.0253016,50.5254652
          -5.0253750,50.5255061
          -5.0254465,50.5255413
          -5.0255249,50.5255741
          -5.0256150,50.5255862
          -5.0256890,50.5256164
          -5.0257630,50.5256657
          -5.0258242,50.5257121
          -5.0258858,50.5257563
          -5.0259519,50.5257925
          -5.0260430,50.5258142
          -5.0261261,50.5258243
          -5.0262133,50.5258241
          -5.0263146,50.5258137
          -5.0264053,50.5257988
          -5.0264791,50.5257754
          -5.0265442,50.5257452
          -5.0266065,50.5257143
          -5.0266801,50.5256826
          -5.0267410,50.5256485
          -5.0268079,50.5256168
          -5.0268717,50.5255796
          -5.0269383,50.5255389
          -5.0269810,50.5255078
          -5.0270427,50.5254717
          -5.0271274,50.5254432
          -5.0272012,50.5254197
          -5.0272705,50.5253883
          -5.0273090,50.5253748
          -5.0273129,50.5253730
          -5.0273125,50.5253731
          -5.0273115,50.5253735
          -5.0273112,50.5253745
          -5.0273181,50.5253743
          -5.0273171,50.5253744
          -5.0273163,50.5253742
          -5.0273213,50.5253704
          -5.0273918,50.5253346
          -5.0274677,50.5253072
          -5.0275409,50.5252848
          -5.0276223,50.5252545
          -5.0276910,50.5252199
          -5.0277601,50.5251901
          -5.0278386,50.5251567
          -5.0279135,50.5251190
          -5.0279938,50.5250806
          -5.0280729,50.5250440
          -5.0281461,50.5250062
          -5.0282227,50.5249727
          -5.0283087,50.5249398
          -5.0283864,50.5249062
          -5.0284390,50.5248692
          -5.0284486,50.5248167
          -5.0284335,50.5247620
          -5.0284173,50.5247124
          -5.0284051,50.5246604
          -5.0284080,50.5246037
          -5.0284131,50.5245471
          -5.0284154,50.5245146
          -5.0284135,50.5245116
          -5.0284118,50.5245105
          -5.0284000,50.5244996
          -5.0283367,50.5244881
          -5.0282525,50.5244905
          -5.0281585,50.5244978
          -5.0280748,50.5245037
          -5.0279906,50.5245081
          -5.0279086,50.5245072
          -5.0278285,50.5244942
          -5.0277463,50.5244605
          -5.0276612,50.5244242
          -5.0275840,50.5243898
          -5.0275088,50.5243536
          -5.0274483,50.5243212
          -5.0273887,50.5242994
          -5.0273169,50.5242858
          -5.0272383,50.5242652
          -5.0271462,50.5242392
          -5.0270603,50.5242153
          -5.0270354,50.5242046
          -5.0270240,50.5242031
          -5.0269826,50.5241837
          -5.0269784,50.5241779
          -5.0269701,50.5241772
          -5.0269621,50.5241769
          -5.0269493,50.5241691
          -5.0268919,50.5241344
          -5.0268120,50.5240943
          -5.0267440,50.5240477
          -5.0266868,50.5240049
          -5.0266331,50.5239647
          -5.0265648,50.5239254
          -5.0265006,50.5238843
          -5.0264492,50.5238497
          -5.0263989,50.5238136
          -5.0263952,50.5238054
          -5.0263729,50.5237993
          -5.0263263,50.5237670
          -5.0263259,50.5237625
          -5.0263275,50.5237655
          -5.0263184,50.5237578
          -5.0262662,50.5237143
          -5.0262066,50.5236741
          -5.0261510,50.5236378
          -5.0260849,50.5235992
          -5.0260251,50.5235613
          -5.0260113,50.5235018
          -5.0260322,50.5234427
          -5.0260958,50.5233993
          -5.0261666,50.5233668
          -5.0262408,50.5233357
          -5.0263070,50.5232947
          -5.0263746,50.5232452
          -5.0264294,50.5231921
          -5.0264822,50.5231470
          -5.0265293,50.5230927
          -5.0265668,50.5230416
          -5.0266080,50.5229891
          -5.0266397,50.5229352
          -5.0266723,50.5228810
          -5.0267090,50.5228293
          -5.0267191,50.5227770
          -5.0266865,50.5227293
          -5.0266352,50.5226840
          -5.0265866,50.5226340
          -5.0265407,50.5225735
          -5.0265080,50.5225198
          -5.0264931,50.5224678
          -5.0264961,50.5224106
          -5.0265001,50.5223500
          -5.0265040,50.5222882
          -5.0265236,50.5222309
          -5.0265611,50.5221710
          -5.0265970,50.5221123
          -5.0266433,50.5220577
          -5.0267079,50.5220063
          -5.0267747,50.5219597
          -5.0268540,50.5219221
          -5.0269380,50.5218919
          -5.0270225,50.5218634
          -5.0271131,50.5218424
          -5.0272065,50.5218154
          -5.0272918,50.5217845
          -5.0273786,50.5217486
          -5.0274576,50.5217189
          -5.0275493,50.5216834
          -5.0276309,50.5216415
          -5.0277073,50.5216032
          -5.0277873,50.5215646
          -5.0278622,50.5215243
          -5.0279346,50.5214765
          -5.0280082,50.5214295
          -5.0280741,50.5213824
          -5.0281446,50.5213293
          -5.0282005,50.5212746
          -5.0282471,50.5212182
          -5.0282867,50.5211627
          -5.0283238,50.5211040
          -5.0283549,50.5210491
          -5.0283816,50.5209942
          -5.0284025,50.5209401
          -5.0284211,50.5209082
          -5.0284215,50.5209082
          -5.0284222,50.5209067
          -5.0284232,50.5209042
          -5.0284241,50.5209030
          -5.0284228,50.5208935
          -5.0284223,50.5208489
          -5.0284292,50.5207963
          -5.0284288,50.5207379
          -5.0284215,50.5206793
          -5.0283948,50.5206244
          -5.0283705,50.5205933
          -5.0283703,50.5205873
          -5.0283878,50.5205854
          -5.0283912,50.5205837
          -5.0283916,50.5205828
          -5.0283924,50.5205833
          -5.0283962,50.5205821
          -5.0284026,50.5205614
          -5.0284254,50.5205267
          -5.0284178,50.5205242
          -5.0284095,50.5205226
          -5.0284049,50.5205622
          -5.0283890,50.5205841
          -5.0283867,50.5205886
          -5.0283873,50.5205872
          -5.0283837,50.5205857
          -5.0283815,50.5205845
          -5.0283814,50.5205868
          -5.0283802,50.5205860
          -5.0283815,50.5205851
          -5.0283836,50.5205835
          -5.0283842,50.5205832
          -5.0283814,50.5205852
          -5.0283793,50.5205897
          -5.0283737,50.5205891
          -5.0283738,50.5205888
          -5.0283718,50.5205900
          -5.0283723,50.5205900
          -5.0283726,50.5205902
          -5.0283729,50.5205904
          -5.0283730,50.5205907
          -5.0283733,50.5205908
          -5.0283735,50.5205909
          -5.0283739,50.5205908
          -5.0283742,50.5205907
          -5.0283760,50.5205907
          -5.0283763,50.5205905
          -5.0283763,50.5205903
          -5.0283763,50.5205901
          -5.0283762,50.5205898
          -5.0283762,50.5205896
          -5.0283762,50.5205896
          -5.0283752,50.5205881
          -5.0283748,50.5205881
          -5.0283740,50.5205881
          -5.0283733,50.5205881
          -5.0283727,50.5205881
          -5.0283722,50.5205878
          -5.0283718,50.5205876
          -5.0283717,50.5205875
          -5.0283744,50.5205870
          -5.0283753,50.5205868
          -5.0283754,50.5205868
          -5.0283755,50.5205869
          -5.0283756,50.5205871
          -5.0283758,50.5205871
          -5.0283758,50.5205873
          -5.0283758,50.5205873
          -5.0283758,50.5205873
          -5.0283758,50.5205875
          -5.0283759,50.5205876
          -5.0283760,50.5205877
          -5.0283760,50.5205877
          -5.0283761,50.5205878
          -5.0283761,50.5205878
          -5.0283762,50.5205878
          -5.0283762,50.5205878
          -5.0283762,50.5205878
          -5.0283763,50.5205877
          -5.0283762,50.5205876
          -5.0283762,50.5205876
          -5.0283762,50.5205876
          -5.0283761,50.5205874
          -5.0283760,50.5205876
          -5.0283735,50.5205898
          -5.0283734,50.5205909
          -5.0283688,50.5205914
          -5.0283683,50.5205911
          -5.0283675,50.5205907
          -5.0283719,50.5205909
          -5.0283725,50.5205907
          -5.0283725,50.5205905
          -5.0283725,50.5205905
          -5.0283724,50.5205909
          -5.0283727,50.5205911
          -5.0283729,50.5205912
          -5.0283729,50.5205913
          -5.0283729,50.5205914
          -5.0283724,50.5205911
          -5.0283709,50.5205900
          -5.0283706,50.5205897
          -5.0283688,50.5205867
          -5.0283721,50.5205831
          -5.0283720,50.5205829
          -5.0283724,50.5205829
          -5.0283740,50.5205833
          -5.0283777,50.5205840
          -5.0283820,50.5205850
          -5.0283828,50.5205850
          -5.0283833,50.5205850
          -5.0283836,50.5205849
          -5.0283838,50.5205845
          -5.0283838,50.5205841
          -5.0283838,50.5205838
          -5.0283833,50.5205834
          -5.0283829,50.5205832
          -5.0283825,50.5205831
          -5.0283822,50.5205830
          -5.0283818,50.5205829
          -5.0283817,50.5205830
          -5.0283814,50.5205830
          -5.0283812,50.5205830
          -5.0283807,50.5205830
          -5.0283802,50.5205830
          -5.0283796,50.5205832
          -5.0283786,50.5205833
          -5.0283774,50.5205834
          -5.0283756,50.5205834
          -5.0283735,50.5205833
          -5.0283714,50.5205831
          -5.0283693,50.5205829
          -5.0283679,50.5205826
          -5.0283693,50.5205828
          -5.0283894,50.5205855
          -5.0283922,50.5205874
          -5.0283913,50.5205860
          -5.0283931,50.5205801
          -5.0283984,50.5205784
          -5.0283990,50.5205781
          -5.0283994,50.5205783
          -5.0284005,50.5205864
          -5.0284006,50.5205873
          -5.0284008,50.5205874
          -5.0284010,50.5205874
          -5.0284014,50.5205874
          -5.0284019,50.5205873
          -5.0284025,50.5205872
          -5.0284025,50.5205871
          -5.0284025,50.5205871
          -5.0284025,50.5205871
          -5.0284023,50.5205871
          -5.0284021,50.5205871
          -5.0284018,50.5205870
          -5.0284014,50.5205869
          -5.0284013,50.5205868
          -5.0284015,50.5205867
          -5.0284021,50.5205865
          -5.0284029,50.5205864
          -5.0284035,50.5205862
          -5.0284040,50.5205861
          -5.0284045,50.5205860
          -5.0284046,50.5205860
          -5.0284030,50.5205863
          -5.0283998,50.5205845
          -5.0283976,50.5205822
          -5.0283969,50.5205808
          -5.0284007,50.5205784
          -5.0284001,50.5205779
          -5.0284007,50.5205782
          -5.0284013,50.5205784
          -5.0284017,50.5205788
          -5.0284019,50.5205790
          -5.0284024,50.5205793
          -5.0284027,50.5205798
          -5.0284030,50.5205801
          -5.0284034,50.5205805
          -5.0284035,50.5205808
          -5.0284036,50.5205810
          -5.0284035,50.5205810
          -5.0284028,50.5205807
          -5.0284024,50.5205804
          -5.0284024,50.5205803
          -5.0284025,50.5205803
          -5.0283981,50.5205808
          -5.0283960,50.5205783
          -5.0283950,50.5205784
          -5.0283950,50.5205788
          -5.0283949,50.5205792
          -5.0283948,50.5205796
          -5.0283948,50.5205800
          -5.0283947,50.5205803
          -5.0283948,50.5205801
          -5.0283939,50.5205788
          -5.0283976,50.5205769
          -5.0283997,50.5205799
          -5.0283983,50.5205797
          -5.0283994,50.5205794
          -5.0283994,50.5205791
          -5.0283957,50.5205790
          -5.0283961,50.5205788
          -5.0283968,50.5205786
          -5.0283975,50.5205784
          -5.0283987,50.5205783
          -5.0284005,50.5205788
          -5.0284003,50.5205789
          -5.0283978,50.5205790
          -5.0283883,50.5205767
          -5.0283920,50.5205772
          -5.0283905,50.5205753
          -5.0283899,50.5205758
          -5.0283909,50.5205798
          -5.0283930,50.5205840
          -5.0283978,50.5205883
          -5.0283894,50.5205883
          -5.0283890,50.5205875
          -5.0283890,50.5205866
          -5.0283890,50.5205858
          -5.0283890,50.5205851
          -5.0283890,50.5205847
          -5.0283890,50.5205845
          -5.0283888,50.5205845
          -5.0283887,50.5205846
          -5.0283886,50.5205846
          -5.0283885,50.5205847
          -5.0283885,50.5205846
          -5.0283885,50.5205847
          -5.0283885,50.5205849
          -5.0283885,50.5205850
          -5.0283885,50.5205848
          -5.0283885,50.5205846
          -5.0283886,50.5205844
          -5.0283887,50.5205842
          -5.0283888,50.5205842
          -5.0283889,50.5205842
          -5.0283890,50.5205844
          -5.0283891,50.5205845
          -5.0283894,50.5205845
          -5.0283896,50.5205844
          -5.0283900,50.5205841
          -5.0283902,50.5205843
          -5.0283901,50.5205850
          -5.0283900,50.5205862
          -5.0283898,50.5205875
          -5.0283898,50.5205882
          -5.0283899,50.5205886
          -5.0283900,50.5205886
          -5.0283902,50.5205885
          -5.0283905,50.5205883
          -5.0283907,50.5205881
          -5.0283909,50.5205878
          -5.0283911,50.5205876
          -5.0283911,50.5205877
          -5.0283912,50.5205877
          -5.0283913,50.5205876
          -5.0283912,50.5205876
          -5.0283911,50.5205877
          -5.0283911,50.5205880
          -5.0283909,50.5205885
          -5.0283906,50.5205891
          -5.0283905,50.5205896
          -5.0283904,50.5205901
          -5.0283904,50.5205902
          -5.0283905,50.5205899
          -5.0283907,50.5205895
          -5.0283910,50.5205889
          -5.0283912,50.5205884
          -5.0283915,50.5205880
          -5.0283916,50.5205878
          -5.0283917,50.5205878
          -5.0283917,50.5205880
          -5.0283916,50.5205881
          -5.0283912,50.5205886
          -5.0283909,50.5205892
          -5.0283908,50.5205895
          -5.0283908,50.5205896
          -5.0283909,50.5205896
          -5.0283910,50.5205893
          -5.0283911,50.5205890
          -5.0283912,50.5205886
          -5.0283914,50.5205882
          -5.0283916,50.5205877
          -5.0283918,50.5205871
          -5.0283921,50.5205862
          -5.0283923,50.5205854
          -5.0283926,50.5205845
          -5.0283928,50.5205835
          -5.0283930,50.5205828
          -5.0283931,50.5205828
          -5.0283935,50.5205845
          -5.0283916,50.5205856
          -5.0283916,50.5205777
          -5.0283579,50.5205839
          -5.0282853,50.5205881
          -5.0282097,50.5205933
          -5.0281257,50.5206119
          -5.0280527,50.5206234
          -5.0280032,50.5206314
          -5.0279243,50.5206568
          -5.0278449,50.5206820
          -5.0277820,50.5207010
          -5.0277024,50.5207270
          -5.0276673,50.5207383
          -5.0276167,50.5207532
          -5.0275183,50.5207848
          -5.0274263,50.5208088
          -5.0273348,50.5208238
          -5.0272444,50.5208336
          -5.0271525,50.5208412
          -5.0270843,50.5208406
          -5.0271404,50.5208308
          -5.0272255,50.5208215
          -5.0272592,50.5208243
          -5.0272491,50.5208248
          -5.0271796,50.5208288
          -5.0271384,50.5208282
          -5.0271323,50.5208269
          -5.0271244,50.5208303
          -5.0270463,50.5208362
          -5.0269614,50.5208432
          -5.0269259,50.5208407
          -5.0268409,50.5208414
          -5.0267531,50.5208495
          -5.0266612,50.5208541
          -5.0265651,50.5208580
          -5.0264803,50.5208698
          -5.0263931,50.5208802
          -5.0263102,50.5208884
          -5.0262366,50.5208538
          -5.0261677,50.5208146
          -5.0260802,50.5208088
          -5.0259943,50.5208082
          -5.0258945,50.5208104
          -5.0258017,50.5208001
          -5.0257352,50.5207655
          -5.0257034,50.5207035
          -5.0256752,50.5206393
          -5.0256526,50.5205757
          -5.0256300,50.5205078
          -5.0256135,50.5204344
          -5.0255992,50.5203869
          -5.0255613,50.5203260
          -5.0255460,50.5202630
          -5.0255525,50.5202105
          -5.0255652,50.5201726
          -5.0255973,50.5201079
          -5.0256259,50.5200553
          -5.0256744,50.5199953
          -5.0257259,50.5199370
          -5.0257752,50.5198853
          -5.0258398,50.5198305
          -5.0259233,50.5197911
          -5.0260096,50.5197580
          -5.0260885,50.5197259
          -5.0261459,50.5197575
          -5.0261615,50.5197658
          -5.0261682,50.5197597
          -5.0261823,50.5197571
          -5.0261898,50.5197609
          -5.0261978,50.5197664
          -5.0262257,50.5197401
          -5.0263179,50.5197067
          -5.0264264,50.5196777
          -5.0265202,50.5196535
          -5.0266168,50.5196331
          -5.0267199,50.5196095
          -5.0268241,50.5195908
          -5.0269150,50.5195601
          -5.0269413,50.5195061
          -5.0269661,50.5194372
          -5.0269830,50.5193597
          -5.0269975,50.5192889
          -5.0270157,50.5192234
          -5.0270575,50.5191534
          -5.0271074,50.5190806
          -5.0271401,50.5190194
          -5.0271520,50.5189519
          -5.0271629,50.5188859
          -5.0271666,50.5188519
          -5.0271739,50.5188320
          -5.0271887,50.5187849
          -5.0271933,50.5187221
          -5.0272059,50.5186604
          -5.0272147,50.5185984
          -5.0272141,50.5185455
          -5.0272155,50.5184814
          -5.0272018,50.5184308
          -5.0272047,50.5184206
          -5.0272053,50.5184201
          -5.0272053,50.5184197
          -5.0272051,50.5184193
          -5.0272049,50.5184188
          -5.0272047,50.5184183
          -5.0272045,50.5184178
          -5.0272043,50.5184173
          -5.0272041,50.5184169
          -5.0272039,50.5184165
          -5.0272038,50.5184162
          -5.0272038,50.5184160
          -5.0272039,50.5184156
          -5.0272072,50.5184062
          -5.0272126,50.5183560
          -5.0272235,50.5183111
          -5.0272610,50.5182824
          -5.0272522,50.5182373
          -5.0272386,50.5181861
          -5.0272306,50.5181298
          -5.0272271,50.5180732
          -5.0272509,50.5180337
          -5.0272876,50.5179927
          -5.0273099,50.5179398
          -5.0273166,50.5178819
          -5.0272820,50.5178334
          -5.0272287,50.5177914
          -5.0271810,50.5177437
          -5.0271267,50.5176897
          -5.0270850,50.5176345
          -5.0270587,50.5175780
          -5.0270369,50.5175360
          -5.0270128,50.5174946
          -5.0270018,50.5174617
          -5.0270476,50.5174396
          -5.0271349,50.5174340
          -5.0271980,50.5174205
          -5.0272554,50.5174051
          -5.0273053,50.5173891
          -5.0273296,50.5173769
          -5.0273637,50.5173560
          -5.0273913,50.5173222
          -5.0274221,50.5172918
          -5.0274397,50.5172592
          -5.0274514,50.5172241
          -5.0274707,50.5172023
          -5.0274726,50.5172024
          -5.0274724,50.5172027
          -5.0274721,50.5171993
          -5.0274866,50.5171595
          -5.0274918,50.5171072
          -5.0274971,50.5170568
          -5.0274872,50.5170091
          -5.0274591,50.5169598
          -5.0274296,50.5169052
          -5.0273972,50.5168550
          -5.0273584,50.5168123
          -5.0272969,50.5167626
          -5.0272245,50.5167189
          -5.0271424,50.5166827
          -5.0270553,50.5166514
          -5.0269732,50.5166213
          -5.0268960,50.5165844
          -5.0268241,50.5165424
          -5.0267426,50.5165169
          -5.0266619,50.5164910
          -5.0265861,50.5164520
          -5.0265304,50.5164114
          -5.0265052,50.5163608
          -5.0265335,50.5162924
          -5.0265662,50.5162347
          -5.0266154,50.5161824
          -5.0266705,50.5161315
          -5.0267390,50.5160739
          -5.0268029,50.5160212
          -5.0268570,50.5159767
          -5.0269319,50.5159383
          -5.0270106,50.5159051
          -5.0270997,50.5158758
          -5.0272100,50.5158497
          -5.0273070,50.5158213
          -5.0273896,50.5157912
          -5.0274800,50.5157606
          -5.0275596,50.5157242
          -5.0276456,50.5156889
          -5.0277176,50.5156506
          -5.0277792,50.5155997
          -5.0278044,50.5155740
          -5.0278166,50.5155717
          -5.0278452,50.5155494
          -5.0279011,50.5155105
          -5.0279649,50.5154693
          -5.0280318,50.5154280
          -5.0281063,50.5153930
          -5.0281846,50.5153573
          -5.0282729,50.5153276
          -5.0283535,50.5153014
          -5.0283848,50.5153009
          -5.0283859,50.5153000
          -5.0283855,50.5152992
          -5.0284300,50.5152840
          -5.0285045,50.5152542
          -5.0285777,50.5152174
          -5.0286581,50.5151692
          -5.0287320,50.5151217
          -5.0288135,50.5150903
          -5.0289065,50.5150526
          -5.0289678,50.5150080
          -5.0290009,50.5149452
          -5.0290396,50.5148813
          -5.0290312,50.5148288
          -5.0289543,50.5148257
          -5.0288657,50.5148561
          -5.0287801,50.5148897
          -5.0286905,50.5149231
          -5.0285939,50.5149402
          -5.0284973,50.5149304
          -5.0284172,50.5149014
          -5.0283389,50.5148637
          -5.0282746,50.5148181
          -5.0282135,50.5147764
          -5.0281437,50.5147324
          -5.0280675,50.5147061
          -5.0279799,50.5147037
          -5.0278832,50.5147099
          -5.0277851,50.5147196
          -5.0276941,50.5147300
          -5.0276002,50.5147360
          -5.0275083,50.5147407
          -5.0274151,50.5147457
          -5.0273165,50.5147527
          -5.0272224,50.5147594
          -5.0271416,50.5147617
          -5.0270358,50.5147627
          -5.0269441,50.5147464
          -5.0268808,50.5147011
          -5.0268324,50.5146507
          -5.0267970,50.5145973
          -5.0267687,50.5145384
          -5.0267473,50.5144802
          -5.0267191,50.5144170
          -5.0266961,50.5143621
          -5.0266706,50.5143014
          -5.0266090,50.5142558
          -5.0265270,50.5142223
          -5.0264406,50.5141900
          -5.0263639,50.5141451
          -5.0263340,50.5140817
          -5.0263393,50.5140137
          -5.0263682,50.5139482
          -5.0264140,50.5138884
          -5.0264589,50.5138305
          -5.0264926,50.5137680
          -5.0265224,50.5137062
          -5.0265433,50.5136487
          -5.0265686,50.5135956
          -5.0265882,50.5135419
          -5.0266154,50.5135173
          -5.0266187,50.5135162
          -5.0266213,50.5135162
          -5.0266221,50.5135155
          -5.0266231,50.5135145
          -5.0266239,50.5135136
          -5.0266244,50.5135132
          -5.0266349,50.5135124
          -5.0267091,50.5135155
          -5.0268130,50.5135059
          -5.0268957,50.5134812
          -5.0269759,50.5134570
          -5.0270843,50.5134392
          -5.0271809,50.5134207
          -5.0272681,50.5134004
          -5.0273901,50.5133772
          -5.0274877,50.5133560
          -5.0275732,50.5133310
          -5.0276630,50.5133080
          -5.0276971,50.5133056
          -5.0277034,50.5133090
          -5.0277454,50.5132772
          -5.0278334,50.5132533
          -5.0279257,50.5132363
          -5.0280046,50.5132087
          -5.0280701,50.5131607
          -5.0281188,50.5131107
          -5.0281600,50.5130638
          -5.0281827,50.5130194
          -5.0281917,50.5129941
          -5.0281972,50.5129996
          -5.0281983,50.5130002
          -5.0282012,50.5129728
          -5.0281870,50.5129273
          -5.0281740,50.5128771
          -5.0281523,50.5128198
          -5.0281150,50.5127554
          -5.0280895,50.5126973
          -5.0280408,50.5126373
          -5.0279829,50.5125857
          -5.0279603,50.5125287
          -5.0279325,50.5124605
          -5.0278905,50.5123987
          -5.0278479,50.5123468
          -5.0278172,50.5122869
          -5.0277920,50.5122269
          -5.0277339,50.5121689
          -5.0276565,50.5121287
          -5.0275788,50.5120940
          -5.0275002,50.5120630
          -5.0274152,50.5120181
          -5.0273363,50.5119717
          -5.0272688,50.5119377
          -5.0272035,50.5118953
          -5.0271365,50.5118484
          -5.0270733,50.5118035
          -5.0270142,50.5117575
          -5.0269639,50.5117065
          -5.0269039,50.5116515
          -5.0268488,50.5115949
          -5.0267887,50.5115434
          -5.0267217,50.5114991
          -5.0266370,50.5114716
          -5.0265633,50.5114474
          -5.0264742,50.5114193
          -5.0263822,50.5113851
          -5.0263032,50.5113387
          -5.0262427,50.5112984
          -5.0261619,50.5112570
          -5.0260880,50.5112098
          -5.0260205,50.5111555
          -5.0259564,50.5111007
          -5.0258859,50.5110515
          -5.0258241,50.5110102
          -5.0257806,50.5109820
          -5.0257819,50.5109779
          -5.0257738,50.5109798
          -5.0257760,50.5109818
          -5.0257806,50.5109811
          -5.0257861,50.5109823
          -5.0257853,50.5109824
          -5.0257837,50.5109832
          -5.0257720,50.5109806
          -5.0257689,50.5109817
          -5.0257674,50.5109781
          -5.0257670,50.5109783
          -5.0257677,50.5109780
          -5.0257727,50.5109816
          -5.0257327,50.5109529
          -5.0256643,50.5109063
          -5.0255937,50.5108600
          -5.0255253,50.5108202
          -5.0254543,50.5107825
          -5.0253768,50.5107432
          -5.0252903,50.5107052
          -5.0252215,50.5106552
          -5.0251511,50.5106019
          -5.0250741,50.5105485
          -5.0249994,50.5105055
          -5.0249125,50.5104701
          -5.0248205,50.5104473
          -5.0247252,50.5104270
          -5.0246262,50.5104163
          -5.0245216,50.5104082
          -5.0244255,50.5104074
          -5.0243258,50.5103988
          -5.0242353,50.5103910
          -5.0241498,50.5103802
          -5.0241006,50.5103591
          -5.0240894,50.5103446
          -5.0240450,50.5103210
          -5.0239913,50.5102748
          -5.0239340,50.5102264
          -5.0238782,50.5101881
          -5.0238160,50.5101478
          -5.0237549,50.5101031
          -5.0236938,50.5100588
          -5.0236321,50.5100098
          -5.0235803,50.5099647
          -5.0235135,50.5099128
          -5.0234546,50.5098851
          -5.0233933,50.5098692
          -5.0233167,50.5098400
          -5.0232429,50.5098138
          -5.0231631,50.5097951
          -5.0230841,50.5097743
          -5.0230320,50.5097570
          -5.0229952,50.5097420
          -5.0229369,50.5097192
          -5.0228571,50.5096866
          -5.0227894,50.5096641
          -5.0227848,50.5096620
          -5.0227849,50.5096622
          -5.0227851,50.5096629
          -5.0227853,50.5096636
          -5.0227853,50.5096642
          -5.0227826,50.5096641
          -5.0227288,50.5096560
          -5.0226380,50.5096491
          -5.0225295,50.5096423
          -5.0224365,50.5096344
          -5.0223363,50.5096224
          -5.0222469,50.5096055
          -5.0221506,50.5095911
          -5.0220582,50.5095666
          -5.0219515,50.5095343
          -5.0218676,50.5095071
          -5.0217802,50.5094654
          -5.0216934,50.5094354
          -5.0216507,50.5094209
          -5.0215959,50.5094124
          -5.0215190,50.5093851
          -5.0214953,50.5093661
          -5.0214821,50.5093613
          -5.0213952,50.5093538
          -5.0213067,50.5093479
          -5.0212238,50.5093450
          -5.0211379,50.5093457
          -5.0210615,50.5093369
          -5.0210357,50.5093219
          -5.0210339,50.5093203
          -5.0210369,50.5093254
          -5.0210389,50.5093275
          -5.0210411,50.5093288
          -5.0210434,50.5093298
          -5.0210426,50.5093287
          -5.0210390,50.5093233
          -5.0210348,50.5093251
          -5.0210311,50.5093121
          -5.0210599,50.5092711
          -5.0211363,50.5092209
          -5.0212113,50.5091803
          -5.0212612,50.5091525
          -5.0212596,50.5091527
          -5.0212590,50.5091566
          -5.0212595,50.5091572
          -5.0212610,50.5091598
          -5.0212619,50.5091608
          -5.0212622,50.5091591
          -5.0212627,50.5091596
          -5.0212632,50.5091603
          -5.0212634,50.5091613
          -5.0212577,50.5091658
          -5.0212574,50.5091659
          -5.0212583,50.5091660
          -5.0212596,50.5091661
          -5.0212607,50.5091662
          -5.0212617,50.5091664
          -5.0212626,50.5091665
          -5.0212656,50.5091671
          -5.0212686,50.5091677
          -5.0212713,50.5091679
          -5.0212607,50.5091612
          -5.0212661,50.5091648
          -5.0212650,50.5091601
          -5.0212670,50.5091112
          -5.0212794,50.5090958
          -5.0212646,50.5090990
          -5.0212586,50.5091076
          -5.0212622,50.5091524
          -5.0213084,50.5091824
          -5.0214016,50.5092066
          -5.0214886,50.5092203
          -5.0215689,50.5092232
          -5.0216501,50.5092203
          -5.0217170,50.5092326
          -5.0217792,50.5092384
          -5.0218366,50.5092285
          -5.0219144,50.5092227
          -5.0219987,50.5092184
          -5.0220459,50.5092163
          -5.0220984,50.5092140
          -5.0221684,50.5092056
          -5.0222361,50.5091949
          -5.0223038,50.5091812
          -5.0223756,50.5091713
          -5.0224533,50.5091621
          -5.0225263,50.5091472
          -5.0225962,50.5091255
          -5.0226649,50.5091016
          -5.0227334,50.5090780
          -5.0227942,50.5090598
          -5.0228423,50.5090365
          -5.0228986,50.5090051
          -5.0229475,50.5089769
          -5.0229934,50.5089402
          -5.0230462,50.5089071
          -5.0231024,50.5088743
          -5.0231682,50.5088473
          -5.0232067,50.5088067
          -5.0232376,50.5087700
          -5.0232409,50.5087400
          -5.0232084,50.5087135
          -5.0231621,50.5086836
          -5.0231080,50.5086613
          -5.0230761,50.5086249
          -5.0230260,50.5085950
          -5.0229734,50.5085710
          -5.0229354,50.5085379
          -5.0229169,50.5085126
          -5.0229162,50.5085083
          -5.0229176,50.5085091
          -5.0229213,50.5085104
          -5.0229261,50.5085132
          -5.0229249,50.5085114
          -5.0228870,50.5084797
          -5.0228132,50.5084557
          -5.0227200,50.5084410
          -5.0226409,50.5084237
          -5.0225869,50.5084054
          -5.0225129,50.5083850
          -5.0224350,50.5083533
          -5.0223796,50.5083178
          -5.0223116,50.5082716
          -5.0222630,50.5082301
          -5.0222083,50.5081993
          -5.0221485,50.5081578
          -5.0221131,50.5081235
          -5.0220374,50.5081060
          -5.0219435,50.5080952
          -5.0218580,50.5080870
          -5.0217689,50.5080826
          -5.0216854,50.5080855
          -5.0215985,50.5080869
          -5.0215134,50.5080946
          -5.0214487,50.5081166
          -5.0214006,50.5081524
          -5.0213808,50.5081895
          -5.0213849,50.5082176
          -5.0213956,50.5082206
          -5.0213964,50.5082178
          -5.0213953,50.5082167
          -5.0213944,50.5082154
          -5.0213928,50.5082139
          -5.0213692,50.5082138
          -5.0213253,50.5082404
          -5.0213037,50.5082879
          -5.0213153,50.5083154
          -5.0213123,50.5083018
          -5.0212917,50.5082765
          -5.0212902,50.5082641
          -5.0212834,50.5082403
          -5.0212887,50.5082021
          -5.0212933,50.5081922
          -5.0212902,50.5081923
          -5.0212895,50.5081853
          -5.0212926,50.5081828
          -5.0212948,50.5081822
          -5.0212967,50.5081817
          -5.0212975,50.5081811
          -5.0212943,50.5081800
          -5.0212969,50.5081759
          -5.0212968,50.5081750
          -5.0212967,50.5081743
          -5.0212972,50.5081735
          -5.0213069,50.5081733
          -5.0213097,50.5081742
          -5.0213091,50.5081738
          -5.0213083,50.5081734
          -5.0213088,50.5081733
          -5.0213113,50.5081731
          -5.0213243,50.5081696
          -5.0213519,50.5081574
          -5.0213535,50.5081560
          -5.0213542,50.5081561
          -5.0213555,50.5081573
          -5.0213562,50.5081579
          -5.0213570,50.5081571
          -5.0213741,50.5081351
          -5.0214415,50.5080994
          -5.0215176,50.5080855
          -5.0216046,50.5080865
          -5.0216918,50.5080923
          -5.0217598,50.5080957
          -5.0218422,50.5081004
          -5.0219248,50.5081074
          -5.0220168,50.5081163
          -5.0220960,50.5081481
          -5.0221611,50.5081921
          -5.0222169,50.5082363
          -5.0222819,50.5082692
          -5.0223620,50.5083030
          -5.0224360,50.5083414
          -5.0225057,50.5083849
          -5.0225781,50.5084129
          -5.0226564,50.5084343
          -5.0227501,50.5084581
          -5.0228246,50.5084733
          -5.0228886,50.5084812
          -5.0229629,50.5084771
          -5.0230416,50.5084626
          -5.0231164,50.5084574
          -5.0231971,50.5084464
          -5.0232668,50.5084350
          -5.0233380,50.5084283
          -5.0233990,50.5084300
          -5.0234152,50.5084080
          -5.0234218,50.5083684
          -5.0234781,50.5083424
          -5.0235580,50.5083391
          -5.0236320,50.5083220
          -5.0237178,50.5083171
          -5.0237873,50.5083103
          -5.0238477,50.5083006
          -5.0239125,50.5083206
          -5.0239591,50.5083382
          -5.0240134,50.5083423
          -5.0240916,50.5083464
          -5.0241679,50.5083458
          -5.0242442,50.5083473
          -5.0243336,50.5083651
          -5.0244024,50.5083926
          -5.0244687,50.5084301
          -5.0245441,50.5084619
          -5.0246164,50.5084932
          -5.0246953,50.5085194
          -5.0247657,50.5085328
          -5.0248650,50.5085527
          -5.0249437,50.5085713
          -5.0250360,50.5085797
          -5.0251307,50.5085950
          -5.0252028,50.5086112
          -5.0252846,50.5086240
          -5.0253683,50.5086355
          -5.0254384,50.5086468
          -5.0255016,50.5086518
          -5.0255730,50.5086599
          -5.0256503,50.5086720
          -5.0257288,50.5086878
          -5.0257819,50.5087127
          -5.0258501,50.5087426
          -5.0259284,50.5087723
          -5.0260067,50.5088059
          -5.0260925,50.5088360
          -5.0261786,50.5088620
          -5.0262568,50.5088893
          -5.0263543,50.5089090
          -5.0264345,50.5089256
          -5.0265244,50.5089370
          -5.0265910,50.5089484
          -5.0266713,50.5089655
          -5.0267453,50.5089822
          -5.0268202,50.5089967
          -5.0269007,50.5090113
          -5.0269863,50.5090203
          -5.0270570,50.5090281
          -5.0271386,50.5090434
          -5.0272088,50.5090696
          -5.0272861,50.5090987
          -5.0273618,50.5091274
          -5.0274392,50.5091420
          -5.0275126,50.5091300
          -5.0276120,50.5091151
          -5.0277152,50.5090974
          -5.0278073,50.5090785
          -5.0279006,50.5090676
          -5.0279878,50.5090470
          -5.0280558,50.5090094
          -5.0281264,50.5089696
          -5.0282255,50.5089504
          -5.0283243,50.5089381
          -5.0284188,50.5089353
          -5.0285146,50.5089261
          -5.0286092,50.5089126
          -5.0287148,50.5088977
          -5.0288151,50.5088798
          -5.0289197,50.5088629
          -5.0290080,50.5088453
          -5.0290993,50.5088223
          -5.0291713,50.5087916
          -5.0292120,50.5087422
          -5.0292095,50.5086886
          -5.0291911,50.5086369
          -5.0291972,50.5085893
          -5.0292223,50.5085682
          -5.0292151,50.5085499
          -5.0291911,50.5085226
          -5.0291819,50.5085078
          -5.0291799,50.5084645
          -5.0292339,50.5084739
          -5.0292979,50.5084967
          -5.0293710,50.5085190
          -5.0294489,50.5085410
          -5.0295410,50.5085521
          -5.0296249,50.5085485
          -5.0297038,50.5085293
          -5.0297947,50.5085154
          -5.0298778,50.5085017
          -5.0299573,50.5084853
          -5.0300392,50.5084695
          -5.0301295,50.5084705
          -5.0302067,50.5084829
          -5.0302980,50.5085100
          -5.0303738,50.5085404
          -5.0304460,50.5085603
          -5.0304592,50.5085718
          -5.0304592,50.5085719
          -5.0304595,50.5085716
          -5.0304598,50.5085711
          -5.0304600,50.5085733
          -5.0304535,50.5085746
          -5.0304535,50.5085727
          -5.0304570,50.5085707
          -5.0304609,50.5085678
          -5.0304611,50.5085661
          -5.0304584,50.5085681
          -5.0304556,50.5085719
          -5.0304527,50.5085753
          -5.0304522,50.5085758
          -5.0304734,50.5085842
          -5.0304678,50.5085931
          -5.0304657,50.5085952
          -5.0304659,50.5085953
          -5.0304683,50.5085951
          -5.0304510,50.5086083
          -5.0304449,50.5086132
          -5.0304485,50.5086120
          -5.0305039,50.5085973
          -5.0305807,50.5085902
          -5.0306679,50.5085975
          -5.0307638,50.5085997
          -5.0308706,50.5085922
          -5.0309672,50.5085837
          -5.0310687,50.5085795
          -5.0311616,50.5085698
          -5.0312660,50.5085672
          -5.0313579,50.5085614
          -5.0314514,50.5085571
          -5.0315585,50.5085614
          -5.0316603,50.5085710
          -5.0317599,50.5085743
          -5.0318605,50.5085742
          -5.0319403,50.5085566
          -5.0320245,50.5085284
          -5.0321023,50.5084931
          -5.0321861,50.5084611
          -5.0322726,50.5084260
          -5.0323564,50.5083832
          -5.0324233,50.5083452
          -5.0325058,50.5083087
          -5.0325841,50.5082759
          -5.0326588,50.5082386
          -5.0327007,50.5081923
          -5.0327472,50.5081453
          -5.0327986,50.5080944
          -5.0328510,50.5080403
          -5.0329060,50.5079905
          -5.0329623,50.5079323
          -5.0330218,50.5078829
          -5.0331059,50.5078577
          -5.0332086,50.5078388
          -5.0333155,50.5078248
          -5.0333966,50.5078099
          -5.0334930,50.5078109
          -5.0335919,50.5078250
          -5.0336847,50.5078449
          -5.0337876,50.5078640
          -5.0338661,50.5078823
          -5.0339540,50.5078938
          -5.0340187,50.5078687
          -5.0340600,50.5078344
          -5.0341061,50.5078031
          -5.0341640,50.5077648
          -5.0342234,50.5077276
          -5.0342838,50.5076850
          -5.0343401,50.5076347
          -5.0343861,50.5075917
          -5.0344176,50.5075948
          -5.0344134,50.5075971
          -5.0344109,50.5075977
          -5.0344015,50.5075904
          -5.0344096,50.5075775
          -5.0344105,50.5075767
          -5.0344145,50.5075636
          -5.0344601,50.5075203
          -5.0345074,50.5074738
          -5.0345579,50.5074266
          -5.0346010,50.5073733
          -5.0346369,50.5073202
          -5.0346807,50.5072613
          -5.0347365,50.5072109
          -5.0347947,50.5071538
          -5.0348157,50.5070914
          -5.0347760,50.5070482
          -5.0347040,50.5070139
          -5.0346327,50.5069864
          -5.0345522,50.5069551
          -5.0344683,50.5069271
          -5.0343942,50.5069020
          -5.0343161,50.5068763
          -5.0342390,50.5068432
          -5.0341593,50.5068142
          -5.0340862,50.5067821
          -5.0340099,50.5067570
          -5.0339407,50.5067185
          -5.0338881,50.5066646
          -5.0338778,50.5066027
          -5.0339001,50.5065382
          -5.0339171,50.5064753
          -5.0339430,50.5064167
          -5.0339755,50.5063571
          -5.0340213,50.5062960
          -5.0340540,50.5062383
          -5.0340873,50.5061774
          -5.0341218,50.5061179
          -5.0341545,50.5060580
          -5.0341832,50.5060043
          -5.0342185,50.5059422
          -5.0342554,50.5058848
          -5.0342873,50.5058204
          -5.0343118,50.5057588
          -5.0343290,50.5056925
          -5.0343493,50.5056347
          -5.0343641,50.5055623
          -5.0343653,50.5055009
          -5.0343625,50.5054388
          -5.0343495,50.5053774
          -5.0343321,50.5053211
          -5.0343146,50.5052647
          -5.0342917,50.5052022
          -5.0342729,50.5051454
          -5.0342474,50.5050815
          -5.0342290,50.5050236
          -5.0342084,50.5049575
          -5.0341936,50.5048965
          -5.0341663,50.5048353
          -5.0341372,50.5047686
          -5.0341140,50.5047157
          -5.0340880,50.5046626
          -5.0340625,50.5045950
          -5.0340297,50.5045338
          -5.0340072,50.5044802
          -5.0339830,50.5044189
          -5.0339549,50.5043526
          -5.0339410,50.5042976
          -5.0339229,50.5042574
          -5.0339020,50.5042104
          -5.0338449,50.5041896
          -5.0337962,50.5041960
          -5.0337563,50.5041705
          -5.0337317,50.5041246
          -5.0337322,50.5040681
          -5.0337530,50.5040043
          -5.0337713,50.5039563
          -5.0338026,50.5039391
          -5.0338181,50.5039142
          -5.0338478,50.5039020
          -5.0338692,50.5038792
          -5.0338841,50.5038507
          -5.0339157,50.5038257
          -5.0339364,50.5038048
          -5.0339591,50.5037854
          -5.0339913,50.5037490
          -5.0340170,50.5037149
          -5.0340306,50.5036880
          -5.0340489,50.5036621
          -5.0340573,50.5036119
          -5.0340610,50.5035828
          -5.0340748,50.5035599
          -5.0341163,50.5035234
          -5.0341767,50.5034907
          -5.0342085,50.5034449
          -5.0342284,50.5033876
          -5.0342397,50.5033264
          -5.0342507,50.5032643
          -5.0342604,50.5032083
          -5.0342678,50.5031493
          -5.0342508,50.5030877
          -5.0342282,50.5030327
          -5.0342093,50.5029816
          -5.0342007,50.5029218
          -5.0342293,50.5028659
          -5.0342565,50.5028135
          -5.0342915,50.5027775
          -5.0343245,50.5027794
          -5.0344040,50.5027929
          -5.0344875,50.5028182
          -5.0345249,50.5028596
          -5.0345517,50.5028813
          -5.0346108,50.5029106
          -5.0346704,50.5029519
          -5.0347165,50.5030031
          -5.0347623,50.5030536
          -5.0348185,50.5030979
          -5.0348741,50.5031388
          -5.0349288,50.5031871
          -5.0349805,50.5032291
          -5.0350355,50.5032744
          -5.0350922,50.5033133
          -5.0351454,50.5033597
          -5.0352049,50.5033975
          -5.0352636,50.5034399
          -5.0353169,50.5034785
          -5.0353700,50.5035109
          -5.0353951,50.5035242
          -5.0353939,50.5035289
          -5.0353787,50.5035261
          -5.0354183,50.5035360
          -5.0354598,50.5035702
          -5.0354976,50.5036098
          -5.0355335,50.5036429
          -5.0355717,50.5036753
          -5.0356157,50.5037087
          -5.0356584,50.5037425
          -5.0357104,50.5037769
          -5.0357518,50.5038145
          -5.0357833,50.5038598
          -5.0358193,50.5039005
          -5.0358618,50.5039429
          -5.0358939,50.5039866
          -5.0359030,50.5040270
          -5.0359163,50.5040682
          -5.0359696,50.5040970
          -5.0360459,50.5040895
          -5.0361306,50.5040557
          -5.0361938,50.5040157
          -5.0362589,50.5039729
          -5.0363213,50.5039331
          -5.0363767,50.5038873
          -5.0364248,50.5038413
          -5.0364663,50.5037836
          -5.0365158,50.5037301
          -5.0365561,50.5036874
          -5.0366115,50.5036437
          -5.0366662,50.5036010
          -5.0367206,50.5035597
          -5.0367866,50.5035211
          -5.0368448,50.5034826
          -5.0369096,50.5034484
          -5.0369985,50.5034179
          -5.0370753,50.5033847
          -5.0371480,50.5033497
          -5.0372297,50.5033178
          -5.0373107,50.5032873
          -5.0373832,50.5032588
          -5.0374304,50.5032405
          -5.0374901,50.5032094
          -5.0375645,50.5031902
          -5.0376469,50.5031647
          -5.0377261,50.5031341
          -5.0378138,50.5031032
          -5.0378971,50.5030716
          -5.0379700,50.5030509
          -5.0380525,50.5030353
          -5.0381395,50.5030146
          -5.0382174,50.5029983
          -5.0383039,50.5029850
          -5.0383975,50.5029647
          -5.0384811,50.5029511
          -5.0385652,50.5029438
          -5.0386532,50.5029431
          -5.0387332,50.5029385
          -5.0388119,50.5029363
          -5.0388171,50.5029378
          -5.0388170,50.5029399
          -5.0388072,50.5029401
          -5.0388132,50.5029410
          -5.0388136,50.5029421
          -5.0388158,50.5029411
          -5.0388127,50.5029400
          -5.0388132,50.5029387
          -5.0388165,50.5029357
          -5.0388135,50.5029352
          -5.0388154,50.5029374
          -5.0388152,50.5029391
          -5.0388155,50.5029400
          -5.0388169,50.5029442
          -5.0388173,50.5029449
          -5.0388174,50.5029451
          -5.0388175,50.5029452
          -5.0388177,50.5029454
          -5.0388178,50.5029456
          -5.0388145,50.5029462
          -5.0388136,50.5029462
          -5.0388134,50.5029462
          -5.0388134,50.5029462
          -5.0388136,50.5029462
          -5.0388137,50.5029462
          -5.0388137,50.5029462
          -5.0388136,50.5029461
          -5.0388136,50.5029461
          -5.0388139,50.5029461
          -5.0388146,50.5029462
          -5.0388156,50.5029462
          -5.0388167,50.5029462
          -5.0388176,50.5029462
          -5.0388181,50.5029462
          -5.0388186,50.5029462
          -5.0388186,50.5029461
          -5.0388183,50.5029461
          -5.0388178,50.5029460
          -5.0388174,50.5029460
          -5.0388170,50.5029459
          -5.0388170,50.5029459
          -5.0388170,50.5029459
          -5.0388173,50.5029459
          -5.0388174,50.5029459
          -5.0388173,50.5029459
          -5.0388170,50.5029459
          -5.0388165,50.5029459
          -5.0388162,50.5029459
          -5.0388161,50.5029460
          -5.0388164,50.5029460
          -5.0388166,50.5029458
          -5.0388206,50.5029441
          -5.0388225,50.5029426
          -5.0388264,50.5029426
          -5.0388269,50.5029426
          -5.0388274,50.5029442
          -5.0388269,50.5029446
          -5.0388269,50.5029446
          -5.0388269,50.5029445
          -5.0388269,50.5029443
          -5.0388269,50.5029442
          -5.0388270,50.5029441
          -5.0388271,50.5029440
          -5.0388270,50.5029440
          -5.0388269,50.5029441
          -5.0388269,50.5029442
          -5.0388267,50.5029443
          -5.0388266,50.5029444
          -5.0388266,50.5029444
          -5.0388266,50.5029445
          -5.0388266,50.5029445
          -5.0388267,50.5029445
          -5.0388267,50.5029445
          -5.0388268,50.5029444
          -5.0388268,50.5029443
          -5.0388269,50.5029442
          -5.0388268,50.5029441
          -5.0388267,50.5029441
          -5.0388265,50.5029442
          -5.0388264,50.5029442
          -5.0388263,50.5029443
          -5.0388262,50.5029445
          -5.0388262,50.5029447
          -5.0388260,50.5029448
          -5.0388258,50.5029451
          -5.0388255,50.5029452
          -5.0388256,50.5029451
          -5.0388259,50.5029451
          -5.0388269,50.5029464
          -5.0388314,50.5029453
          -5.0388326,50.5029456
          -5.0388324,50.5029455
          -5.0388324,50.5029455
          -5.0388326,50.5029456
          -5.0388328,50.5029456
          -5.0388331,50.5029456
          -5.0388332,50.5029457
          -5.0388333,50.5029457
          -5.0388331,50.5029457
          -5.0388329,50.5029457
          -5.0388326,50.5029457
          -5.0388324,50.5029458
          -5.0388322,50.5029460
          -5.0388321,50.5029463
          -5.0388320,50.5029467
          -5.0388323,50.5029470
          -5.0388327,50.5029477
          -5.0388299,50.5029504
          -5.0388277,50.5029519
          -5.0388277,50.5029528
          -5.0388279,50.5029531
          -5.0388284,50.5029525
          -5.0388263,50.5029447
          -5.0388228,50.5029446
          -5.0388222,50.5029442
          -5.0388230,50.5029438
          -5.0388238,50.5029428
          -5.0388248,50.5029436
          -5.0388213,50.5029419
          -5.0388259,50.5029436
          -5.0388263,50.5029441
          -5.0388263,50.5029442
          -5.0388262,50.5029442
          -5.0388262,50.5029441
          -5.0388261,50.5029441
          -5.0388261,50.5029442
          -5.0388260,50.5029444
          -5.0388259,50.5029447
          -5.0388259,50.5029450
          -5.0388259,50.5029452
          -5.0388259,50.5029454
          -5.0388259,50.5029454
          -5.0388255,50.5029448
          -5.0388307,50.5029418
          -5.0388244,50.5029426
          -5.0388252,50.5029425
          -5.0388253,50.5029426
          -5.0388252,50.5029421
          -5.0388251,50.5029417
          -5.0388250,50.5029415
          -5.0388250,50.5029410
          -5.0388249,50.5029406
          -5.0388249,50.5029402
          -5.0388249,50.5029398
          -5.0388249,50.5029396
          -5.0388248,50.5029395
          -5.0388248,50.5029394
          -5.0388248,50.5029394
          -5.0388248,50.5029393
          -5.0388248,50.5029392
          -5.0388248,50.5029391
          -5.0388248,50.5029392
          -5.0388248,50.5029393
          -5.0388248,50.5029395
          -5.0388247,50.5029399
          -5.0388247,50.5029400
          -5.0388246,50.5029400
          -5.0388245,50.5029400
          -5.0388243,50.5029400
          -5.0388243,50.5029402
          -5.0388243,50.5029405
          -5.0388243,50.5029408
          -5.0388243,50.5029410
          -5.0388244,50.5029412
          -5.0388244,50.5029414
          -5.0388243,50.5029415
          -5.0388243,50.5029416
          -5.0388242,50.5029417
          -5.0388242,50.5029418
          -5.0388242,50.5029418
          -5.0388241,50.5029418
          -5.0388241,50.5029419
          -5.0388241,50.5029419
          -5.0388242,50.5029419
          -5.0388243,50.5029419
          -5.0388244,50.5029419
          -5.0388245,50.5029419
          -5.0388245,50.5029418
          -5.0388245,50.5029419
          -5.0388245,50.5029421
          -5.0388245,50.5029423
          -5.0388246,50.5029425
          -5.0388246,50.5029426
          -5.0388231,50.5029431
          -5.0388186,50.5029440
          -5.0388186,50.5029438
          -5.0388189,50.5029435
          -5.0388191,50.5029431
          -5.0388195,50.5029427
          -5.0388198,50.5029423
          -5.0388202,50.5029421
          -5.0388205,50.5029416
          -5.0388209,50.5029410
          -5.0388212,50.5029405
          -5.0388217,50.5029399
          -5.0388220,50.5029394
          -5.0388222,50.5029389
          -5.0388224,50.5029386
          -5.0388226,50.5029385
          -5.0388227,50.5029392
          -5.0388077,50.5029435
          -5.0388093,50.5029481
          -5.0388082,50.5029527
          -5.0388023,50.5029411
          -5.0388018,50.5029038
          -5.0387742,50.5028606
          -5.0387573,50.5028148
          -5.0387697,50.5027630
          -5.0387865,50.5027051
          -5.0388230,50.5026561
          -5.0388591,50.5026138
          -5.0388837,50.5025666
          -5.0389227,50.5025206
          -5.0389680,50.5024811
          -5.0390057,50.5024477
          -5.0390484,50.5024212
          -5.0390747,50.5024137
          -5.0390763,50.5024135
          -5.0390763,50.5024139
          -5.0390763,50.5024146
          -5.0390772,50.5024155
          -5.0390952,50.5024104
          -5.0390973,50.5024089
          -5.0391066,50.5024088
          -5.0391445,50.5024106
          -5.0391469,50.5024110
          -5.0391891,50.5024147
          -5.0392664,50.5024118
          -5.0393537,50.5024037
          -5.0394304,50.5023893
          -5.0395095,50.5023654
          -5.0395837,50.5023374
          -5.0396639,50.5023070
          -5.0397349,50.5022727
          -5.0398127,50.5022445
          -5.0398937,50.5022170
          -5.0399744,50.5021917
          -5.0400656,50.5021801
          -5.0401555,50.5021660
          -5.0402494,50.5021631
          -5.0403412,50.5021710
          -5.0404363,50.5021821
          -5.0405235,50.5021900
          -5.0406182,50.5022075
          -5.0407127,50.5022231
          -5.0408052,50.5022413
          -5.0408966,50.5022511
          -5.0409936,50.5022591
          -5.0410928,50.5022696
          -5.0411890,50.5022778
          -5.0412880,50.5022809
          -5.0413751,50.5022838
          -5.0414625,50.5022951
          -5.0415432,50.5022928
          -5.0415993,50.5022725
          -5.0415962,50.5022327
          -5.0415651,50.5022009
          -5.0415168,50.5021473
          -5.0414758,50.5020889
          -5.0414396,50.5020344
          -5.0413918,50.5019801
          -5.0413541,50.5019340
          -5.0413177,50.5018853
          -5.0412863,50.5018370
          -5.0412662,50.5018005
          -5.0412444,50.5017539
          -5.0412282,50.5016956
          -5.0412295,50.5016610
          -5.0412138,50.5016258
          -5.0411921,50.5015686
          -5.0411830,50.5015170
          -5.0411614,50.5014647
          -5.0411339,50.5014198
          -5.0411059,50.5013779
          -5.0410716,50.5013308
          -5.0410361,50.5012818
          -5.0410222,50.5012331
          -5.0410743,50.5011886
          -5.0411207,50.5011418
          -5.0411693,50.5010946
          -5.0411825,50.5010436
          -5.0411486,50.5010006
          -5.0410991,50.5009604
          -5.0410521,50.5009131
          -5.0410023,50.5008677
          -5.0409312,50.5008348
          -5.0408565,50.5007958
          -5.0407817,50.5007493
          -5.0407109,50.5007058
          -5.0406379,50.5006644
          -5.0405772,50.5006164
          -5.0405404,50.5005610
          -5.0405026,50.5005090
          -5.0404713,50.5004558
          -5.0404234,50.5004046
          -5.0403652,50.5003613
          -5.0403100,50.5003175
          -5.0402872,50.5002603
          -5.0403166,50.5002185
          -5.0403321,50.5002003
          -5.0403312,50.5002022
          -5.0403314,50.5002023
          -5.0403388,50.5001852
          -5.0403551,50.5001283
          -5.0403715,50.5000667
          -5.0403857,50.5000065
          -5.0404017,50.4999449
          -5.0404195,50.4998829
          -5.0404396,50.4998153
          -5.0404586,50.4997522
          -5.0404860,50.4996847
          -5.0405083,50.4996238
          -5.0405270,50.4995600
          -5.0405533,50.4994967
          -5.0405826,50.4994388
          -5.0406172,50.4993805
          -5.0406447,50.4993231
          -5.0406729,50.4992685
          -5.0406949,50.4992127
          -5.0407102,50.4991482
          -5.0407227,50.4990806
          -5.0407410,50.4990163
          -5.0407543,50.4989588
          -5.0407670,50.4988997
          -5.0407885,50.4988346
          -5.0408194,50.4987744
          -5.0408486,50.4987192
          -5.0408859,50.4986618
          -5.0409142,50.4986109
          -5.0409623,50.4985566
          -5.0410196,50.4985017
          -5.0410443,50.4984426
          -5.0410432,50.4983870
          -5.0410163,50.4983348
          -5.0409727,50.4982888
          -5.0409064,50.4982483
          -5.0408282,50.4982112
          -5.0407503,50.4981769
          -5.0406703,50.4981392
          -5.0405892,50.4980999
          -5.0405119,50.4980659
          -5.0404367,50.4980301
          -5.0403524,50.4979991
          -5.0402725,50.4979650
          -5.0401896,50.4979242
          -5.0401136,50.4978866
          -5.0400239,50.4978548
          -5.0399572,50.4978255
          -5.0398715,50.4977946
          -5.0397965,50.4977648
          -5.0397213,50.4977242
          -5.0396412,50.4976843
          -5.0395630,50.4976546
          -5.0394889,50.4976166
          -5.0394133,50.4975851
          -5.0393234,50.4975675
          -5.0392429,50.4975417
          -5.0391854,50.4974897
          -5.0391136,50.4974504
          -5.0390344,50.4974189
          -5.0389550,50.4973804
          -5.0388914,50.4973218
          -5.0388253,50.4972779
          -5.0387575,50.4972325
          -5.0386917,50.4971834
          -5.0386312,50.4971304
          -5.0385626,50.4970820
          -5.0384917,50.4970359
          -5.0384185,50.4969834
          -5.0383606,50.4969343
          -5.0382922,50.4968852
          -5.0382134,50.4968393
          -5.0381469,50.4967919
          -5.0380758,50.4967389
          -5.0380054,50.4966892
          -5.0379287,50.4966396
          -5.0378323,50.4966022
          -5.0377583,50.4965588
          -5.0376792,50.4965090
          -5.0376037,50.4964595
          -5.0375360,50.4964134
          -5.0374545,50.4963696
          -5.0373745,50.4963243
          -5.0373016,50.4962754
          -5.0372233,50.4962282
          -5.0371405,50.4961743
          -5.0370702,50.4961224
          -5.0370047,50.4960731
          -5.0369305,50.4960222
          -5.0368498,50.4959732
          -5.0367828,50.4959326
          -5.0367189,50.4958911
          -5.0366720,50.4958536
          -5.0366492,50.4958412
          -5.0365842,50.4958022
          -5.0365147,50.4957521
          -5.0364497,50.4957069
          -5.0363865,50.4956549
          -5.0363138,50.4956102
          -5.0362441,50.4955673
          -5.0361823,50.4955215
          -5.0361195,50.4954709
          -5.0360588,50.4954252
          -5.0359973,50.4953724
          -5.0359461,50.4953237
          -5.0358875,50.4952735
          -5.0358356,50.4952200
          -5.0357816,50.4951642
          -5.0357389,50.4951052
          -5.0356970,50.4950510
          -5.0356520,50.4949953
          -5.0356237,50.4949362
          -5.0355991,50.4948818
          -5.0355640,50.4948236
          -5.0355445,50.4947707
          -5.0355221,50.4947233
          -5.0355011,50.4946856
          -5.0354947,50.4946853
          -5.0354955,50.4946852
          -5.0354847,50.4946940
          -5.0354383,50.4947101
          -5.0354164,50.4947204
          -5.0354137,50.4947184
          -5.0353911,50.4947239
          -5.0353520,50.4947256
          -5.0352912,50.4947233
          -5.0352129,50.4947136
          -5.0351344,50.4946954
          -5.0350485,50.4946759
          -5.0349594,50.4946590
          -5.0348705,50.4946334
          -5.0347879,50.4946111
          -5.0346955,50.4945871
          -5.0346136,50.4945606
          -5.0345445,50.4945208
          -5.0344768,50.4944835
          -5.0344077,50.4944523
          -5.0343334,50.4944126
          -5.0342734,50.4943663
          -5.0342211,50.4943171
          -5.0341658,50.4942665
          -5.0341085,50.4942141
          -5.0340519,50.4941594
          -5.0340052,50.4941084
          -5.0339471,50.4940607
          -5.0338944,50.4940102
          -5.0338455,50.4939641
          -5.0337906,50.4939188
          -5.0337404,50.4938847
          -5.0337167,50.4938740
          -5.0337038,50.4938686
          -5.0336896,50.4938306
          -5.0337079,50.4937644
          -5.0337272,50.4937000
          -5.0337490,50.4936308
          -5.0337655,50.4935696
          -5.0337802,50.4935070
          -5.0338018,50.4934375
          -5.0338277,50.4933677
          -5.0338459,50.4933071
          -5.0338638,50.4932423
          -5.0338818,50.4931895
          -5.0338995,50.4931297
          -5.0339151,50.4930733
          -5.0339232,50.4930185
          -5.0339405,50.4929554
          -5.0339607,50.4928925
          -5.0339956,50.4928301
          -5.0340410,50.4927757
          -5.0340807,50.4927272
          -5.0341078,50.4926746
          -5.0341483,50.4926223
          -5.0341974,50.4925586
          -5.0342241,50.4924943
          -5.0342611,50.4924280
          -5.0342962,50.4923661
          -5.0343397,50.4923076
          -5.0343912,50.4922480
          -5.0344311,50.4921944
          -5.0344539,50.4921289
          -5.0344867,50.4920711
          -5.0345172,50.4920131
          -5.0345533,50.4919528
          -5.0345891,50.4918986
          -5.0346242,50.4918360
          -5.0346543,50.4917816
          -5.0346854,50.4917210
          -5.0347131,50.4916635
          -5.0347585,50.4916013
          -5.0347907,50.4915416
          -5.0348240,50.4914867
          -5.0348578,50.4914273
          -5.0348916,50.4913658
          -5.0349150,50.4913020
          -5.0349370,50.4912370
          -5.0349608,50.4911822
          -5.0349651,50.4911175
          -5.0349650,50.4910579
          -5.0349522,50.4909959
          -5.0349427,50.4909422
          -5.0349273,50.4908740
          -5.0349188,50.4908122
          -5.0348914,50.4907478
          -5.0348780,50.4906866
          -5.0348318,50.4906273
          -5.0347820,50.4905772
          -5.0346997,50.4905405
          -5.0346227,50.4905119
          -5.0345637,50.4904765
          -5.0345365,50.4904384
          -5.0345264,50.4904278
          -5.0345256,50.4904245
          -5.0344899,50.4904088
          -5.0344283,50.4903700
          -5.0343728,50.4903338
          -5.0343213,50.4903017
          -5.0342587,50.4902659
          -5.0341915,50.4902299
          -5.0341320,50.4901947
          -5.0340586,50.4901679
          -5.0339917,50.4901338
          -5.0339213,50.4900917
          -5.0338566,50.4900490
          -5.0337927,50.4900083
          -5.0337299,50.4899630
          -5.0336551,50.4899224
          -5.0335770,50.4898895
          -5.0334995,50.4898539
          -5.0334220,50.4898167
          -5.0333494,50.4897783
          -5.0332788,50.4897351
          -5.0331966,50.4896961
          -5.0331280,50.4896610
          -5.0330562,50.4896292
          -5.0330083,50.4895902
          -5.0330137,50.4895831
          -5.0330155,50.4895826
          -5.0330168,50.4895826
          -5.0330171,50.4895826
          -5.0329956,50.4895726
          -5.0329344,50.4895358
          -5.0328755,50.4894977
          -5.0328048,50.4894590
          -5.0327312,50.4894236
          -5.0326551,50.4893889
          -5.0325926,50.4893444
          -5.0325231,50.4892982
          -5.0324515,50.4892507
          -5.0324051,50.4891977
          -5.0323794,50.4891349
          -5.0323633,50.4890786
          -5.0323124,50.4890362
          -5.0322767,50.4889959
          -5.0322485,50.4889445
          -5.0322221,50.4888810
          -5.0322169,50.4888211
          -5.0322197,50.4887543
          -5.0322234,50.4886909
          -5.0322324,50.4886231
          -5.0322504,50.4885632
          -5.0322706,50.4885028
          -5.0322661,50.4884404
          -5.0322642,50.4883793
          -5.0322659,50.4883156
          -5.0322595,50.4882499
          -5.0322586,50.4881828
          -5.0322469,50.4881175
          -5.0322518,50.4880574
          -5.0322766,50.4879914
          -5.0323088,50.4879312
          -5.0323339,50.4879010
          -5.0323349,50.4878985
          -5.0323549,50.4878725
          -5.0324084,50.4878205
          -5.0324801,50.4877694
          -5.0325477,50.4877167
          -5.0326108,50.4876661
          -5.0326755,50.4876134
          -5.0327274,50.4875567
          -5.0327864,50.4875058
          -5.0328428,50.4874526
          -5.0328862,50.4874077
          -5.0329062,50.4873541
          -5.0328950,50.4872915
          -5.0328729,50.4872319
          -5.0328474,50.4871699
          -5.0328154,50.4871144
          -5.0327850,50.4870483
          -5.0327542,50.4869888
          -5.0327263,50.4869270
          -5.0327000,50.4868651
          -5.0326777,50.4868040
          -5.0326459,50.4867385
          -5.0326311,50.4866728
          -5.0326049,50.4866078
          -5.0325610,50.4865521
          -5.0325404,50.4864963
          -5.0325330,50.4864317
          -5.0325175,50.4863763
          -5.0324886,50.4863206
          -5.0324681,50.4862718
          -5.0324585,50.4862217
          -5.0324478,50.4861616
          -5.0324610,50.4861017
          -5.0324831,50.4860381
          -5.0324975,50.4859872
          -5.0325145,50.4859344
          -5.0325336,50.4858785
          -5.0325408,50.4858240
          -5.0325512,50.4857607
          -5.0325818,50.4856998
          -5.0326353,50.4856501
          -5.0327017,50.4856043
          -5.0327700,50.4855597
          -5.0328321,50.4855220
          -5.0328528,50.4854732
          -5.0328493,50.4854134
          -5.0328579,50.4853520
          -5.0328517,50.4853032
          -5.0328537,50.4852525
          -5.0328610,50.4851942
          -5.0328893,50.4851320
          -5.0329019,50.4851238
          -5.0329062,50.4851230
          -5.0329165,50.4851069
          -5.0329529,50.4850494
          -5.0329592,50.4849883
          -5.0329631,50.4849236
          -5.0329778,50.4848713
          -5.0330252,50.4848540
          -5.0330859,50.4848508
          -5.0331470,50.4848178
          -5.0331807,50.4847669
          -5.0331903,50.4847189
          -5.0331874,50.4846769
          -5.0331713,50.4846389
          -5.0331463,50.4846133
          -5.0331250,50.4845885
          -5.0331117,50.4845579
          -5.0331107,50.4845172
          -5.0331172,50.4845002
          -5.0331188,50.4844979
          -5.0331197,50.4844976
          -5.0331288,50.4844870
          -5.0331489,50.4844500
          -5.0331553,50.4843901
          -5.0331301,50.4843437
          -5.0331081,50.4843047
          -5.0330695,50.4842707
          -5.0330477,50.4842370
          -5.0330117,50.4842082
          -5.0329906,50.4841772
          -5.0329746,50.4841463
          -5.0329642,50.4841094
          -5.0329635,50.4840670
          -5.0329544,50.4840265
          -5.0329350,50.4839951
          -5.0329185,50.4839601
          -5.0329124,50.4839175
          -5.0329152,50.4838772
          -5.0329217,50.4838436
          -5.0329376,50.4838133
          -5.0329666,50.4837704
          -5.0329970,50.4837291
          -5.0330107,50.4837281
          -5.0330120,50.4837291
          -5.0330144,50.4837291
          -5.0330088,50.4837299
          -5.0330102,50.4837309
          -5.0330131,50.4837157
          -5.0330146,50.4837160
          -5.0330077,50.4837024
          -5.0329763,50.4836454
          -5.0329618,50.4835977
          -5.0329459,50.4835486
          -5.0329315,50.4834986
          -5.0329167,50.4834479
          -5.0329045,50.4833945
          -5.0328868,50.4833473
          -5.0328724,50.4832954
          -5.0328518,50.4832455
          -5.0328250,50.4831935
          -5.0328043,50.4831481
          -5.0328014,50.4831101
          -5.0328009,50.4831049
          -5.0328057,50.4831025
          -5.0328430,50.4830852
          -5.0329059,50.4830563
          -5.0329615,50.4830194
          -5.0330134,50.4829741
          -5.0330568,50.4829307
          -5.0330951,50.4828856
          -5.0331248,50.4828489
          -5.0331406,50.4828361
          -5.0331400,50.4828358
          -5.0331393,50.4828359
          -5.0331423,50.4828319
          -5.0331687,50.4827889
          -5.0332010,50.4827368
          -5.0332269,50.4826817
          -5.0332391,50.4826283
          -5.0332585,50.4825768
          -5.0332809,50.4825208
          -5.0333036,50.4824801
          -5.0333285,50.4824243
          -5.0333596,50.4823674
          -5.0333597,50.4823584
          -5.0333555,50.4823571
          -5.0333540,50.4823584
          -5.0333546,50.4823601
          -5.0333517,50.4823600
          -5.0333495,50.4823566
          -5.0333550,50.4823508
          -5.0333956,50.4822984
          -5.0334363,50.4822401
          -5.0334709,50.4821849
          -5.0335016,50.4821310
          -5.0335402,50.4820764
          -5.0335966,50.4820217
          -5.0336678,50.4819691
          -5.0337426,50.4819269
          -5.0338171,50.4818860
          -5.0338866,50.4818404
          -5.0339342,50.4817897
          -5.0339954,50.4817386
          -5.0340518,50.4816936
          -5.0340945,50.4816400
          -5.0341305,50.4815825
          -5.0341691,50.4815219
          -5.0342056,50.4814650
          -5.0342374,50.4814105
          -5.0342758,50.4813519
          -5.0343124,50.4812988
          -5.0343441,50.4812392
          -5.0343767,50.4811868
          -5.0344180,50.4811367
          -5.0344692,50.4810787
          -5.0345203,50.4810311
          -5.0345443,50.4809752
          -5.0345508,50.4809149
          -5.0345670,50.4808669
          -5.0345997,50.4808231
          -5.0346367,50.4807719
          -5.0346847,50.4807220
          -5.0347345,50.4806703
          -5.0347858,50.4806241
          -5.0348440,50.4805692
          -5.0348864,50.4805161
          -5.0349274,50.4804572
          -5.0349666,50.4804009
          -5.0350082,50.4803470
          -5.0350444,50.4802951
          -5.0350847,50.4802343
          -5.0351078,50.4801771
          -5.0351242,50.4801208
          -5.0351457,50.4800627
          -5.0351571,50.4800065
          -5.0351713,50.4799363
          -5.0351894,50.4798791
          -5.0352273,50.4798252
          -5.0352738,50.4797866
          -5.0352882,50.4797356
          -5.0352763,50.4796716
          -5.0352861,50.4796145
          -5.0353036,50.4795570
          -5.0353082,50.4794933
          -5.0353189,50.4794297
          -5.0353195,50.4793697
          -5.0353340,50.4792989
          -5.0353381,50.4792351
          -5.0353351,50.4791789
          -5.0353344,50.4791193
          -5.0353375,50.4790608
          -5.0353618,50.4790000
          -5.0353795,50.4789437
          -5.0353871,50.4788822
          -5.0353775,50.4788229
          -5.0353619,50.4787624
          -5.0353571,50.4787047
          -5.0353516,50.4786436
          -5.0353475,50.4785785
          -5.0353395,50.4785140
          -5.0353340,50.4784529
          -5.0353350,50.4783911
          -5.0353418,50.4783314
          -5.0353485,50.4782673
          -5.0353545,50.4782051
          -5.0353644,50.4781489
          -5.0353728,50.4780874
          -5.0353824,50.4780308
          -5.0353933,50.4779673
          -5.0354061,50.4778993
          -5.0354198,50.4778413
          -5.0354146,50.4777840
          -5.0354071,50.4777214
          -5.0354025,50.4776580
          -5.0353969,50.4775925
          -5.0353971,50.4775326
          -5.0354022,50.4774661
          -5.0354105,50.4774034
          -5.0354266,50.4773482
          -5.0354347,50.4772839
          -5.0354336,50.4772249
          -5.0354176,50.4771661
          -5.0353959,50.4771026
          -5.0353880,50.4770381
          -5.0353749,50.4769836
          -5.0353787,50.4769147
          -5.0353756,50.4768524
          -5.0353741,50.4767845
          -5.0353917,50.4767209
          -5.0354300,50.4766608
          -5.0354716,50.4766070
          -5.0355236,50.4765490
          -5.0355847,50.4764984
          -5.0356453,50.4764461
          -5.0357017,50.4763920
          -5.0357441,50.4763350
          -5.0357972,50.4762764
          -5.0358440,50.4762221
          -5.0358920,50.4761630
          -5.0359307,50.4761032
          -5.0359228,50.4760522
          -5.0359183,50.4759938
          -5.0359371,50.4759325
          -5.0359716,50.4758714
          -5.0360056,50.4758163
          -5.0360271,50.4757549
          -5.0360296,50.4756973
          -5.0360529,50.4756381
          -5.0360905,50.4755823
          -5.0361522,50.4755280
          -5.0362203,50.4754802
          -5.0362870,50.4754329
          -5.0363591,50.4753972
          -5.0364405,50.4753664
          -5.0365244,50.4753437
          -5.0366066,50.4753171
          -5.0366982,50.4752950
          -5.0367837,50.4752871
          -5.0368687,50.4752731
          -5.0369232,50.4752621
          -5.0369719,50.4752483
          -5.0370503,50.4752225
          -5.0371156,50.4751955
          -5.0371873,50.4751769
          -5.0372392,50.4751576
          -5.0372863,50.4751489
          -5.0373401,50.4751460
          -5.0373848,50.4751537
          -5.0374060,50.4751664
          -5.0374467,50.4751655
          -5.0374651,50.4751642
          -5.0374805,50.4751679
          -5.0374767,50.4751682
          -5.0374758,50.4751670
          -5.0374761,50.4751659
          -5.0374764,50.4751655
          -5.0374772,50.4751645
          -5.0374835,50.4751633
          -5.0375364,50.4751560
          -5.0375893,50.4751452
          -5.0376080,50.4751192
          -5.0376074,50.4751077
          -5.0376067,50.4751089
          -5.0376052,50.4750888
          -5.0375909,50.4750721
          -5.0375746,50.4750680
          -5.0375692,50.4750669
          -5.0375636,50.4750654
          -5.0375590,50.4750639
          -5.0375580,50.4750633
          -5.0375547,50.4750631
          -5.0375882,50.4750755
          -5.0376840,50.4750621
          -5.0377316,50.4750369
          -5.0377315,50.4750360
          -5.0377348,50.4750340
          -5.0377366,50.4750317
          -5.0377432,50.4750333
          -5.0377464,50.4750174
          -5.0377485,50.4750136
          -5.0377501,50.4750119
          -5.0377421,50.4750087
          -5.0377489,50.4750120
          -5.0377497,50.4750173
          -5.0377581,50.4750173
          -5.0377556,50.4750251
          -5.0377553,50.4750252
          -5.0377580,50.4750153
          -5.0377568,50.4750208
          -5.0377532,50.4750248
          -5.0377562,50.4750201
          -5.0377559,50.4750196
          -5.0377512,50.4750188
          -5.0377500,50.4750194
          -5.0377515,50.4750183
          -5.0377564,50.4750118
          -5.0377639,50.4749941
          -5.0377657,50.4749643
          -5.0377593,50.4749323
          -5.0377458,50.4749031
          -5.0377344,50.4748669
          -5.0377240,50.4748235
          -5.0377260,50.4748008
          -5.0377246,50.4747919
          -5.0377201,50.4747511
          -5.0377171,50.4747035
          -5.0377272,50.4746486
          -5.0377415,50.4745869
          -5.0377311,50.4745327
          -5.0377143,50.4744763
          -5.0376882,50.4744241
          -5.0376477,50.4743790
          -5.0376039,50.4743392
          -5.0375460,50.4743000
          -5.0374794,50.4742662
          -5.0374304,50.4742298
          -5.0373822,50.4741848
          -5.0373333,50.4741369
          -5.0372783,50.4740858
          -5.0372275,50.4740392
          -5.0371804,50.4739893
          -5.0371346,50.4739509
          -5.0370921,50.4739029
          -5.0370465,50.4738498
          -5.0370046,50.4738014
          -5.0369615,50.4737446
          -5.0369130,50.4736975
          -5.0368488,50.4736512
          -5.0367787,50.4736160
          -5.0367205,50.4735850
          -5.0366855,50.4735391
          -5.0366624,50.4734871
          -5.0366475,50.4734339
          -5.0366258,50.4733939
          -5.0366213,50.4733876
          -5.0366233,50.4733876
          -5.0366244,50.4733877
          -5.0366253,50.4733878
          -5.0366237,50.4733863
          -5.0366038,50.4733527
          -5.0365922,50.4733275
          -5.0365887,50.4733265
          -5.0365843,50.4733254
          -5.0365551,50.4733005
          -5.0365002,50.4732430
          -5.0364545,50.4731928
          -5.0364124,50.4731377
          -5.0363653,50.4730891
          -5.0363226,50.4730304
          -5.0362806,50.4729809
          -5.0362383,50.4729208
          -5.0361968,50.4728706
          -5.0361505,50.4728111
          -5.0361095,50.4727571
          -5.0360695,50.4727033
          -5.0360239,50.4726506
          -5.0359766,50.4725965
          -5.0359346,50.4725486
          -5.0358859,50.4724995
          -5.0358473,50.4724520
          -5.0358096,50.4724032
          -5.0357682,50.4723510
          -5.0357299,50.4723080
          -5.0356886,50.4722663
          -5.0356558,50.4722350
          -5.0356271,50.4722083
          -5.0355886,50.4721633
          -5.0355519,50.4721174
          -5.0355073,50.4720730
          -5.0354421,50.4720400
          -5.0353569,50.4720188
          -5.0352647,50.4720063
          -5.0351741,50.4720044
          -5.0350778,50.4719988
          -5.0349907,50.4719930
          -5.0349238,50.4719878
          -5.0349002,50.4719893
          -5.0348366,50.4719803
          -5.0347406,50.4719682
          -5.0346580,50.4719629
          -5.0345629,50.4719575
          -5.0344812,50.4719504
          -5.0344150,50.4719372
          -5.0343860,50.4719048
          -5.0343384,50.4718696
          -5.0342829,50.4718285
          -5.0342316,50.4717952
          -5.0341985,50.4717662
          -5.0341750,50.4717391
          -5.0341416,50.4717086
          -5.0340845,50.4716738
          -5.0340288,50.4716376
          -5.0339918,50.4716046
          -5.0339613,50.4715740
          -5.0339406,50.4715460
          -5.0339276,50.4715169
          -5.0339171,50.4714802
          -5.0338973,50.4714338
          -5.0338876,50.4713875
          -5.0338894,50.4713368
          -5.0338769,50.4712777
          -5.0338681,50.4712254
          -5.0338551,50.4711702
          -5.0338468,50.4711254
          -5.0338270,50.4710747
          -5.0337774,50.4710247
          -5.0337182,50.4709741
          -5.0336700,50.4709187
          -5.0336131,50.4708608
          -5.0335561,50.4708050
          -5.0335087,50.4707493
          -5.0334898,50.4706885
          -5.0334613,50.4706245
          -5.0334190,50.4705684
          -5.0333709,50.4705191
          -5.0333148,50.4704738
          -5.0332794,50.4704230
          -5.0332508,50.4703721
          -5.0332251,50.4703207
          -5.0332050,50.4702704
          -5.0331991,50.4702422
          -5.0331990,50.4702422
          -5.0331992,50.4702422
          -5.0331997,50.4702422
          -5.0332000,50.4702421
          -5.0331999,50.4702408
          -5.0331891,50.4702117
          -5.0331619,50.4701685
          -5.0331316,50.4701303
          -5.0330987,50.4700988
          -5.0330666,50.4700688
          -5.0330443,50.4700438
          -5.0330161,50.4700099
          -5.0329883,50.4699748
          -5.0329720,50.4699473
          -5.0329563,50.4699118
          -5.0329430,50.4698775
          -5.0329350,50.4698495
          -5.0329209,50.4698213
          -5.0328958,50.4697865
          -5.0328575,50.4697563
          -5.0328049,50.4697325
          -5.0327443,50.4697064
          -5.0326883,50.4696857
          -5.0326346,50.4696605
          -5.0325779,50.4696367
          -5.0325196,50.4696255
          -5.0324358,50.4696195
          -5.0323523,50.4696247
          -5.0322658,50.4696158
          -5.0322192,50.4696049
          -5.0321794,50.4696155
          -5.0321492,50.4696467
          -5.0321157,50.4696690
          -5.0320786,50.4696441
          -5.0320907,50.4695898
          -5.0321209,50.4695322
          -5.0321389,50.4694823
          -5.0321209,50.4694336
          -5.0321164,50.4693802
          -5.0321218,50.4693221
          -5.0321403,50.4692633
          -5.0321544,50.4692163
          -5.0321448,50.4691762
          -5.0321339,50.4691389
          -5.0321295,50.4690977
          -5.0321060,50.4690468
          -5.0320653,50.4689999
          -5.0320234,50.4689580
          -5.0319928,50.4689099
          -5.0319763,50.4688433
          -5.0319512,50.4687782
          -5.0319211,50.4687210
          -5.0318908,50.4686715
          -5.0318537,50.4686303
          -5.0318389,50.4685813
          -5.0318358,50.4685214
          -5.0318385,50.4684637
          -5.0318445,50.4684012
          -5.0318452,50.4683431
          -5.0318202,50.4682818
          -5.0317897,50.4682197
          -5.0317603,50.4681676
          -5.0317247,50.4681163
          -5.0316954,50.4680655
          -5.0316517,50.4680205
          -5.0316233,50.4679731
          -5.0316090,50.4679186
          -5.0315813,50.4678679
          -5.0315608,50.4678257
          -5.0315307,50.4677829
          -5.0314913,50.4677412
          -5.0314519,50.4676908
          -5.0314250,50.4676474
          -5.0314008,50.4675977
          -5.0313834,50.4675554
          -5.0313745,50.4675189
          -5.0313497,50.4674682
          -5.0313021,50.4674205
          -5.0312417,50.4673864
          -5.0312067,50.4673495
          -5.0311765,50.4673046
          -5.0311519,50.4672750
          -5.0311518,50.4672755
          -5.0311516,50.4672762
          -5.0311515,50.4672750
          -5.0311399,50.4672527
          -5.0311236,50.4672299
          -5.0311234,50.4672253
          -5.0311236,50.4672245
          -5.0311236,50.4672253
          -5.0311234,50.4672262
          -5.0311231,50.4672271
          -5.0311228,50.4672280
          -5.0311222,50.4672294
          -5.0311215,50.4672305
          -5.0311208,50.4672317
          -5.0311201,50.4672326
          -5.0311196,50.4672333
          -5.0311191,50.4672348
          -5.0311173,50.4672363
          -5.0311172,50.4672366
          -5.0311170,50.4672369
          -5.0311169,50.4672372
          -5.0311173,50.4672375
          -5.0311292,50.4672482
          -5.0311616,50.4673000
          -5.0312037,50.4673571
          -5.0312501,50.4673983
          -5.0313047,50.4674485
          -5.0313510,50.4674951
          -5.0314059,50.4675377
          -5.0314494,50.4675616
          -5.0314718,50.4675563
          -5.0314561,50.4675185
          -5.0314659,50.4674765
          -5.0314707,50.4674432
          -5.0314819,50.4674169
          -5.0315216,50.4673990
          -5.0315785,50.4673574
          -5.0316211,50.4673090
          -5.0316336,50.4672600
          -5.0316470,50.4672000
          -5.0316628,50.4671519
          -5.0316798,50.4671054
          -5.0316910,50.4670559
          -5.0316979,50.4670176
          -5.0317108,50.4669729
          -5.0317160,50.4669376
          -5.0317290,50.4669122
          -5.0317706,50.4668782
          -5.0318108,50.4668349
          -5.0318375,50.4667876
          -5.0318472,50.4667427
          -5.0318521,50.4666995
          -5.0318537,50.4666519
          -5.0318466,50.4666033
          -5.0318290,50.4665525
          -5.0317952,50.4665067
          -5.0317557,50.4664607
          -5.0317126,50.4664157
          -5.0316643,50.4663711
          -5.0316042,50.4663429
          -5.0315545,50.4663400
          -5.0315349,50.4663417
          -5.0315017,50.4663453
          -5.0314594,50.4663259
          -5.0314281,50.4663048
          -5.0313878,50.4662940
          -5.0313541,50.4662995
          -5.0313461,50.4662826
          -5.0312898,50.4662725
          -5.0312061,50.4662621
          -5.0311300,50.4662494
          -5.0310566,50.4662642
          -5.0309825,50.4662801
          -5.0309159,50.4662947
          -5.0308607,50.4662680
          -5.0307863,50.4662520
          -5.0307315,50.4662340
          -5.0306978,50.4661924
          -5.0306805,50.4661510
          -5.0306878,50.4661219
          -5.0307019,50.4660831
          -5.0306796,50.4660437
          -5.0306268,50.4660090
          -5.0305574,50.4659919
          -5.0304957,50.4659847
          -5.0304801,50.4659906
          -5.0304783,50.4659904
          -5.0304826,50.4659893
          -5.0304946,50.4659951
          -5.0304967,50.4660005
          -5.0304966,50.4659966
          -5.0304921,50.4659924
          -5.0304953,50.4659848
          -5.0304836,50.4659918
          -5.0304745,50.4659937
          -5.0304831,50.4659909
          -5.0304934,50.4659969
          -5.0305043,50.4660061
          -5.0305224,50.4660107
          -5.0305278,50.4660126
          -5.0305358,50.4660157
          -5.0305351,50.4660181
          -5.0305243,50.4660163
          -5.0305137,50.4660173
          -5.0305032,50.4660213
          -5.0304918,50.4660249
          -5.0304810,50.4660256
          -5.0304749,50.4660302
          -5.0304699,50.4660287
          -5.0304723,50.4660079
          -5.0304715,50.4659971
          -5.0304748,50.4659751
          -5.0304784,50.4659655
          -5.0304848,50.4659735
          -5.0304915,50.4659942
          -5.0305137,50.4659951
          -5.0305261,50.4659815
          -5.0305283,50.4659857
          -5.0305335,50.4659972
          -5.0305118,50.4660040
          -5.0305003,50.4660195
          -5.0305245,50.4660117
          -5.0305400,50.4660142
          -5.0305318,50.4660138
          -5.0305194,50.4660092
          -5.0305299,50.4660034
          -5.0305185,50.4660143
        </coordinates>
      </LineString>
    </Placemark>
  </Document>
</kml>
