<?xml version="1.0" encoding="UTF-8"?>
<gpx xmlns="http://www.topografix.com/GPX/1/0" xmlns:xsi="http://www.w3.org/2001/XMLSchema-instance" creator="GPS Wizard - https://github.com/Logiqx/gps-wizard" version="1.0" xsi:schemaLocation="http://www.topografix.com/GPX/1/0 http://www.topografix.com/GPX/1/0/gpx.xsd">
  <trk>
    <trkseg>
      <trkpt lat="50.5859284" lon="-2.4703666">
        <ele>3.8</ele>
        <time>2026-08-12T14:50:48.000Z</time>
        <speed>0.000</speed>
      </trkpt>
      <trkpt lat="50.5859702" lon="-2.4704294">
        <ele>3.8</ele>
        <time>2026-08-12T14:50:53.000Z</time>
        <speed>1.176</speed>
      </trkpt>
      <trkpt lat="50.5860200" lon="-2.4705266">
        <ele>3.8</ele>
        <time>2026-08-12T14:50:58.000Z</time>
        <speed>1.428</speed>
      </trkpt>
      <trkpt lat="50.5860542" lon="-2.4705736">
        <ele>4.4</ele>
        <time>2026-08-12T14:51:03.000Z</time>
        <speed>1.026</speed>
      </trkpt>
      <trkpt lat="50.5860728" lon="-2.4706650">
        <ele>4.8</ele>
        <time>2026-08-12T14:51:08.000Z</time>
        <speed>1.092</speed>
      </trkpt>
      <trkpt lat="50.5860750" lon="-2.4707361">
        <ele>4.6</ele>
        <time>2026-08-12T14:51:13.000Z</time>
        <speed>1.092</speed>
      </trkpt>
      <trkpt lat="50.5860717" lon="-2.4708134">
        <ele>4.8</ele>
        <time>2026-08-12T14:51:18.000Z</time>
        <speed>1.101</speed>
      </trkpt>
      <trkpt lat="50.5860750" lon="-2.4709089">
        <ele>4.8</ele>
        <time>2026-08-12T14:51:23.000Z</time>
        <speed>1.222</speed>
      </trkpt>
      <trkpt lat="50.5860802" lon="-2.4709946">
        <ele>5.0</ele>
        <time>2026-08-12T14:51:28.000Z</time>
        <speed>1.260</speed>
      </trkpt>
      <trkpt lat="50.5860811" lon="-2.4710975">
        <ele>5.2</ele>
        <time>2026-08-12T14:51:33.000Z</time>
        <speed>1.260</speed>
      </trkpt>
      <trkpt lat="50.5860550" lon="-2.4711674">
        <ele>5.2</ele>
        <time>2026-08-12T14:51:38.000Z</time>
        <speed>1.241</speed>
      </trkpt>
      <trkpt lat="50.5860114" lon="-2.4711742">
        <ele>4.8</ele>
        <time>2026-08-12T14:51:43.000Z</time>
        <speed>1.185</speed>
      </trkpt>
      <trkpt lat="50.5859441" lon="-2.4711724">
        <ele>4.4</ele>
        <time>2026-08-12T14:51:48.000Z</time>
        <speed>1.194</speed>
      </trkpt>
      <trkpt lat="50.5858748" lon="-2.4711644">
        <ele>4.4</ele>
        <time>2026-08-12T14:51:53.000Z</time>
        <speed>1.250</speed>
      </trkpt>
      <trkpt lat="50.5858092" lon="-2.4711583">
        <ele>4.4</ele>
        <time>2026-08-12T14:51:58.000Z</time>
        <speed>1.278</speed>
      </trkpt>
      <trkpt lat="50.5857416" lon="-2.4711600">
        <ele>4.2</ele>
        <time>2026-08-12T14:52:03.000Z</time>
        <speed>1.306</speed>
      </trkpt>
      <trkpt lat="50.5856899" lon="-2.4711681">
        <ele>3.8</ele>
        <time>2026-08-12T14:52:08.000Z</time>
        <speed>1.316</speed>
      </trkpt>
      <trkpt lat="50.5856411" lon="-2.4711622">
        <ele>5.0</ele>
        <time>2026-08-12T14:52:13.000Z</time>
        <speed>1.316</speed>
      </trkpt>
      <trkpt lat="50.5855990" lon="-2.4711634">
        <ele>5.2</ele>
        <time>2026-08-12T14:52:18.000Z</time>
        <speed>1.269</speed>
      </trkpt>
      <trkpt lat="50.5855319" lon="-2.4711483">
        <ele>4.8</ele>
        <time>2026-08-12T14:52:23.000Z</time>
        <speed>1.288</speed>
      </trkpt>
      <trkpt lat="50.5854835" lon="-2.4711445">
        <ele>3.8</ele>
        <time>2026-08-12T14:52:28.000Z</time>
        <speed>1.250</speed>
      </trkpt>
      <trkpt lat="50.5854142" lon="-2.4711508">
        <ele>4.0</ele>
        <time>2026-08-12T14:52:33.000Z</time>
        <speed>1.278</speed>
      </trkpt>
      <trkpt lat="50.5853961" lon="-2.4711767">
        <ele>4.6</ele>
        <time>2026-08-12T14:52:38.000Z</time>
        <speed>1.194</speed>
      </trkpt>
      <trkpt lat="50.5853601" lon="-2.4711628">
        <ele>3.6</ele>
        <time>2026-08-12T14:52:43.000Z</time>
        <speed>0.868</speed>
      </trkpt>
      <trkpt lat="50.5853188" lon="-2.4711864">
        <ele>2.8</ele>
        <time>2026-08-12T14:52:48.000Z</time>
        <speed>0.905</speed>
      </trkpt>
      <trkpt lat="50.5853256" lon="-2.4712424">
        <ele>3.4</ele>
        <time>2026-08-12T14:52:53.000Z</time>
        <speed>0.952</speed>
      </trkpt>
      <trkpt lat="50.5853280" lon="-2.4712386">
        <ele>3.4</ele>
        <time>2026-08-12T14:52:58.000Z</time>
        <speed>0.000</speed>
      </trkpt>
      <trkpt lat="50.5853280" lon="-2.4712386">
        <ele>3.4</ele>
        <time>2026-08-12T14:53:03.000Z</time>
        <speed>0.000</speed>
      </trkpt>
      <trkpt lat="50.5853280" lon="-2.4712386">
        <ele>4.0</ele>
        <time>2026-08-12T14:53:08.000Z</time>
        <speed>0.000</speed>
      </trkpt>
      <trkpt lat="50.5853280" lon="-2.4712386">
        <ele>4.0</ele>
        <time>2026-08-12T14:53:13.000Z</time>
        <speed>0.000</speed>
      </trkpt>
      <trkpt lat="50.5853273" lon="-2.4712490">
        <ele>3.2</ele>
        <time>2026-08-12T14:53:18.000Z</time>
        <speed>0.000</speed>
      </trkpt>
      <trkpt lat="50.5853089" lon="-2.4713440">
        <ele>3.0</ele>
        <time>2026-08-12T14:53:23.000Z</time>
        <speed>0.998</speed>
      </trkpt>
      <trkpt lat="50.5852969" lon="-2.4714443">
        <ele>3.4</ele>
        <time>2026-08-12T14:53:28.000Z</time>
        <speed>1.502</speed>
      </trkpt>
      <trkpt lat="50.5852959" lon="-2.4715205">
        <ele>3.4</ele>
        <time>2026-08-12T14:53:33.000Z</time>
        <speed>1.222</speed>
      </trkpt>
      <trkpt lat="50.5852896" lon="-2.4715944">
        <ele>3.6</ele>
        <time>2026-08-12T14:53:38.000Z</time>
        <speed>1.166</speed>
      </trkpt>
      <trkpt lat="50.5852839" lon="-2.4716248">
        <ele>3.8</ele>
        <time>2026-08-12T14:53:43.000Z</time>
        <speed>1.026</speed>
      </trkpt>
      <trkpt lat="50.5852839" lon="-2.4716248">
        <ele>3.8</ele>
        <time>2026-08-12T14:53:48.000Z</time>
        <speed>0.000</speed>
      </trkpt>
      <trkpt lat="50.5852839" lon="-2.4716248">
        <ele>4.0</ele>
        <time>2026-08-12T14:53:53.000Z</time>
        <speed>0.000</speed>
      </trkpt>
      <trkpt lat="50.5852839" lon="-2.4716248">
        <ele>3.8</ele>
        <time>2026-08-12T14:53:58.000Z</time>
        <speed>0.000</speed>
      </trkpt>
      <trkpt lat="50.5852839" lon="-2.4716248">
        <ele>4.0</ele>
        <time>2026-08-12T14:54:03.000Z</time>
        <speed>0.000</speed>
      </trkpt>
      <trkpt lat="50.5852839" lon="-2.4716248">
        <ele>4.4</ele>
        <time>2026-08-12T14:54:08.000Z</time>
        <speed>0.000</speed>
      </trkpt>
      <trkpt lat="50.5852839" lon="-2.4716248">
        <ele>4.2</ele>
        <time>2026-08-12T14:54:13.000Z</time>
        <speed>0.000</speed>
      </trkpt>
      <trkpt lat="50.5852839" lon="-2.4716248">
        <ele>3.8</ele>
        <time>2026-08-12T14:54:18.000Z</time>
        <speed>0.000</speed>
      </trkpt>
      <trkpt lat="50.5852839" lon="-2.4716248">
        <ele>3.8</ele>
        <time>2026-08-12T14:54:23.000Z</time>
        <speed>0.000</speed>
      </trkpt>
      <trkpt lat="50.5852839" lon="-2.4716248">
        <ele>3.8</ele>
        <time>2026-08-12T14:54:28.000Z</time>
        <speed>0.000</speed>
      </trkpt>
      <trkpt lat="50.5852839" lon="-2.4716248">
        <ele>3.8</ele>
        <time>2026-08-12T14:54:33.000Z</time>
        <speed>0.000</speed>
      </trkpt>
      <trkpt lat="50.5852839" lon="-2.4716248">
        <ele>4.4</ele>
        <time>2026-08-12T14:54:38.000Z</time>
        <speed>0.000</speed>
      </trkpt>
      <trkpt lat="50.5852881" lon="-2.4716455">
        <ele>4.4</ele>
        <time>2026-08-12T14:54:43.000Z</time>
        <speed>0.000</speed>
      </trkpt>
      <trkpt lat="50.5852917" lon="-2.4717423">
        <ele>5.4</ele>
        <time>2026-08-12T14:54:48.000Z</time>
        <speed>1.353</speed>
      </trkpt>
      <trkpt lat="50.5852850" lon="-2.4718202">
        <ele>5.6</ele>
        <time>2026-08-12T14:54:53.000Z</time>
        <speed>1.241</speed>
      </trkpt>
      <trkpt lat="50.5852795" lon="-2.4719011">
        <ele>5.2</ele>
        <time>2026-08-12T14:54:58.000Z</time>
        <speed>1.213</speed>
      </trkpt>
      <trkpt lat="50.5852782" lon="-2.4719490">
        <ele>5.4</ele>
        <time>2026-08-12T14:55:03.000Z</time>
        <speed>1.082</speed>
      </trkpt>
      <trkpt lat="50.5852787" lon="-2.4719524">
        <ele>5.0</ele>
        <time>2026-08-12T14:55:08.000Z</time>
        <speed>0.000</speed>
      </trkpt>
      <trkpt lat="50.5852787" lon="-2.4719524">
        <ele>5.2</ele>
        <time>2026-08-12T14:55:13.000Z</time>
        <speed>0.000</speed>
      </trkpt>
      <trkpt lat="50.5852787" lon="-2.4719524">
        <ele>5.6</ele>
        <time>2026-08-12T14:55:18.000Z</time>
        <speed>0.000</speed>
      </trkpt>
      <trkpt lat="50.5852658" lon="-2.4719628">
        <ele>5.0</ele>
        <time>2026-08-12T14:55:23.000Z</time>
        <speed>0.000</speed>
      </trkpt>
      <trkpt lat="50.5852625" lon="-2.4720341">
        <ele>4.8</ele>
        <time>2026-08-12T14:55:28.000Z</time>
        <speed>0.662</speed>
      </trkpt>
      <trkpt lat="50.5853104" lon="-2.4721007">
        <ele>5.2</ele>
        <time>2026-08-12T14:55:33.000Z</time>
        <speed>1.502</speed>
      </trkpt>
      <trkpt lat="50.5853602" lon="-2.4721283">
        <ele>6.2</ele>
        <time>2026-08-12T14:55:38.000Z</time>
        <speed>1.269</speed>
      </trkpt>
      <trkpt lat="50.5853944" lon="-2.4721906">
        <ele>6.6</ele>
        <time>2026-08-12T14:55:43.000Z</time>
        <speed>1.250</speed>
      </trkpt>
      <trkpt lat="50.5854102" lon="-2.4722807">
        <ele>7.2</ele>
        <time>2026-08-12T14:55:48.000Z</time>
        <speed>1.222</speed>
      </trkpt>
      <trkpt lat="50.5853956" lon="-2.4723868">
        <ele>6.6</ele>
        <time>2026-08-12T14:55:53.000Z</time>
        <speed>1.288</speed>
      </trkpt>
      <trkpt lat="50.5853761" lon="-2.4724707">
        <ele>5.0</ele>
        <time>2026-08-12T14:55:58.000Z</time>
        <speed>1.353</speed>
      </trkpt>
      <trkpt lat="50.5853678" lon="-2.4725697">
        <ele>4.6</ele>
        <time>2026-08-12T14:56:03.000Z</time>
        <speed>1.353</speed>
      </trkpt>
      <trkpt lat="50.5853566" lon="-2.4726671">
        <ele>4.6</ele>
        <time>2026-08-12T14:56:08.000Z</time>
        <speed>1.381</speed>
      </trkpt>
      <trkpt lat="50.5853352" lon="-2.4727640">
        <ele>4.2</ele>
        <time>2026-08-12T14:56:13.000Z</time>
        <speed>1.372</speed>
      </trkpt>
      <trkpt lat="50.5853195" lon="-2.4728518">
        <ele>4.0</ele>
        <time>2026-08-12T14:56:18.000Z</time>
        <speed>1.353</speed>
      </trkpt>
      <trkpt lat="50.5853253" lon="-2.4729597">
        <ele>3.2</ele>
        <time>2026-08-12T14:56:23.000Z</time>
        <speed>1.372</speed>
      </trkpt>
      <trkpt lat="50.5852927" lon="-2.4730494">
        <ele>3.0</ele>
        <time>2026-08-12T14:56:28.000Z</time>
        <speed>1.362</speed>
      </trkpt>
      <trkpt lat="50.5852497" lon="-2.4731104">
        <ele>3.2</ele>
        <time>2026-08-12T14:56:33.000Z</time>
        <speed>1.400</speed>
      </trkpt>
      <trkpt lat="50.5852067" lon="-2.4731548">
        <ele>3.4</ele>
        <time>2026-08-12T14:56:38.000Z</time>
        <speed>1.344</speed>
      </trkpt>
      <trkpt lat="50.5851760" lon="-2.4732278">
        <ele>4.0</ele>
        <time>2026-08-12T14:56:43.000Z</time>
        <speed>1.316</speed>
      </trkpt>
      <trkpt lat="50.5851762" lon="-2.4733133">
        <ele>4.2</ele>
        <time>2026-08-12T14:56:48.000Z</time>
        <speed>1.325</speed>
      </trkpt>
      <trkpt lat="50.5851929" lon="-2.4733872">
        <ele>3.8</ele>
        <time>2026-08-12T14:56:53.000Z</time>
        <speed>1.288</speed>
      </trkpt>
      <trkpt lat="50.5852254" lon="-2.4734705">
        <ele>4.0</ele>
        <time>2026-08-12T14:56:58.000Z</time>
        <speed>1.269</speed>
      </trkpt>
      <trkpt lat="50.5852556" lon="-2.4735425">
        <ele>4.0</ele>
        <time>2026-08-12T14:57:03.000Z</time>
        <speed>1.278</speed>
      </trkpt>
      <trkpt lat="50.5852872" lon="-2.4736122">
        <ele>4.0</ele>
        <time>2026-08-12T14:57:08.000Z</time>
        <speed>1.278</speed>
      </trkpt>
      <trkpt lat="50.5853094" lon="-2.4736892">
        <ele>4.0</ele>
        <time>2026-08-12T14:57:13.000Z</time>
        <speed>1.250</speed>
      </trkpt>
      <trkpt lat="50.5853334" lon="-2.4737870">
        <ele>3.8</ele>
        <time>2026-08-12T14:57:18.000Z</time>
        <speed>1.269</speed>
      </trkpt>
      <trkpt lat="50.5853617" lon="-2.4738625">
        <ele>3.8</ele>
        <time>2026-08-12T14:57:23.000Z</time>
        <speed>1.260</speed>
      </trkpt>
      <trkpt lat="50.5853876" lon="-2.4739544">
        <ele>4.0</ele>
        <time>2026-08-12T14:57:28.000Z</time>
        <speed>1.278</speed>
      </trkpt>
      <trkpt lat="50.5854010" lon="-2.4740378">
        <ele>4.0</ele>
        <time>2026-08-12T14:57:33.000Z</time>
        <speed>1.269</speed>
      </trkpt>
      <trkpt lat="50.5854284" lon="-2.4741210">
        <ele>3.4</ele>
        <time>2026-08-12T14:57:38.000Z</time>
        <speed>1.278</speed>
      </trkpt>
      <trkpt lat="50.5854492" lon="-2.4741948">
        <ele>4.0</ele>
        <time>2026-08-12T14:57:43.000Z</time>
        <speed>1.269</speed>
      </trkpt>
      <trkpt lat="50.5854764" lon="-2.4742825">
        <ele>3.6</ele>
        <time>2026-08-12T14:57:48.000Z</time>
        <speed>1.269</speed>
      </trkpt>
      <trkpt lat="50.5855037" lon="-2.4743576">
        <ele>3.8</ele>
        <time>2026-08-12T14:57:53.000Z</time>
        <speed>1.269</speed>
      </trkpt>
      <trkpt lat="50.5855231" lon="-2.4744432">
        <ele>4.0</ele>
        <time>2026-08-12T14:57:58.000Z</time>
        <speed>1.278</speed>
      </trkpt>
      <trkpt lat="50.5855549" lon="-2.4745283">
        <ele>4.0</ele>
        <time>2026-08-12T14:58:03.000Z</time>
        <speed>1.288</speed>
      </trkpt>
      <trkpt lat="50.5855712" lon="-2.4746193">
        <ele>4.2</ele>
        <time>2026-08-12T14:58:08.000Z</time>
        <speed>1.325</speed>
      </trkpt>
      <trkpt lat="50.5856038" lon="-2.4746861">
        <ele>4.2</ele>
        <time>2026-08-12T14:58:13.000Z</time>
        <speed>1.297</speed>
      </trkpt>
      <trkpt lat="50.5856150" lon="-2.4747837">
        <ele>4.0</ele>
        <time>2026-08-12T14:58:18.000Z</time>
        <speed>1.316</speed>
      </trkpt>
      <trkpt lat="50.5856409" lon="-2.4748655">
        <ele>3.8</ele>
        <time>2026-08-12T14:58:23.000Z</time>
        <speed>1.288</speed>
      </trkpt>
      <trkpt lat="50.5856586" lon="-2.4749533">
        <ele>3.8</ele>
        <time>2026-08-12T14:58:28.000Z</time>
        <speed>1.297</speed>
      </trkpt>
      <trkpt lat="50.5856726" lon="-2.4750413">
        <ele>3.8</ele>
        <time>2026-08-12T14:58:33.000Z</time>
        <speed>1.278</speed>
      </trkpt>
      <trkpt lat="50.5856763" lon="-2.4751068">
        <ele>4.0</ele>
        <time>2026-08-12T14:58:38.000Z</time>
        <speed>1.241</speed>
      </trkpt>
      <trkpt lat="50.5856760" lon="-2.4752020">
        <ele>3.8</ele>
        <time>2026-08-12T14:58:43.000Z</time>
        <speed>1.241</speed>
      </trkpt>
      <trkpt lat="50.5857032" lon="-2.4752592">
        <ele>3.6</ele>
        <time>2026-08-12T14:58:48.000Z</time>
        <speed>1.222</speed>
      </trkpt>
      <trkpt lat="50.5857162" lon="-2.4753245">
        <ele>3.8</ele>
        <time>2026-08-12T14:58:53.000Z</time>
        <speed>1.166</speed>
      </trkpt>
      <trkpt lat="50.5857358" lon="-2.4753831">
        <ele>3.4</ele>
        <time>2026-08-12T14:58:58.000Z</time>
        <speed>1.129</speed>
      </trkpt>
      <trkpt lat="50.5857538" lon="-2.4753865">
        <ele>4.6</ele>
        <time>2026-08-12T14:59:03.000Z</time>
        <speed>0.914</speed>
      </trkpt>
      <trkpt lat="50.5857706" lon="-2.4753921">
        <ele>5.8</ele>
        <time>2026-08-12T14:59:08.000Z</time>
        <speed>0.756</speed>
      </trkpt>
      <trkpt lat="50.5857895" lon="-2.4753973">
        <ele>7.2</ele>
        <time>2026-08-12T14:59:13.000Z</time>
        <speed>0.625</speed>
      </trkpt>
      <trkpt lat="50.5858097" lon="-2.4754034">
        <ele>8.0</ele>
        <time>2026-08-12T14:59:18.000Z</time>
        <speed>0.700</speed>
      </trkpt>
      <trkpt lat="50.5858340" lon="-2.4754094">
        <ele>9.2</ele>
        <time>2026-08-12T14:59:23.000Z</time>
        <speed>0.662</speed>
      </trkpt>
      <trkpt lat="50.5858617" lon="-2.4754196">
        <ele>10.0</ele>
        <time>2026-08-12T14:59:28.000Z</time>
        <speed>0.756</speed>
      </trkpt>
      <trkpt lat="50.5858661" lon="-2.4754212">
        <ele>10.2</ele>
        <time>2026-08-12T14:59:33.000Z</time>
        <speed>0.000</speed>
      </trkpt>
      <trkpt lat="50.5858661" lon="-2.4754212">
        <ele>10.0</ele>
        <time>2026-08-12T14:59:38.000Z</time>
        <speed>0.000</speed>
      </trkpt>
      <trkpt lat="50.5858807" lon="-2.4754398">
        <ele>10.0</ele>
        <time>2026-08-12T14:59:43.000Z</time>
        <speed>0.000</speed>
      </trkpt>
      <trkpt lat="50.5859024" lon="-2.4755305">
        <ele>10.2</ele>
        <time>2026-08-12T14:59:48.000Z</time>
        <speed>1.213</speed>
      </trkpt>
      <trkpt lat="50.5859056" lon="-2.4756209">
        <ele>10.6</ele>
        <time>2026-08-12T14:59:53.000Z</time>
        <speed>1.166</speed>
      </trkpt>
      <trkpt lat="50.5858996" lon="-2.4757036">
        <ele>10.0</ele>
        <time>2026-08-12T14:59:58.000Z</time>
        <speed>1.101</speed>
      </trkpt>
      <trkpt lat="50.5859006" lon="-2.4757974">
        <ele>9.8</ele>
        <time>2026-08-12T15:00:03.000Z</time>
        <speed>1.222</speed>
      </trkpt>
      <trkpt lat="50.5859009" lon="-2.4758088">
        <ele>9.4</ele>
        <time>2026-08-12T15:00:08.000Z</time>
        <speed>1.036</speed>
      </trkpt>
      <trkpt lat="50.5859009" lon="-2.4758088">
        <ele>9.4</ele>
        <time>2026-08-12T15:00:13.000Z</time>
        <speed>0.000</speed>
      </trkpt>
      <trkpt lat="50.5859031" lon="-2.4758209">
        <ele>9.6</ele>
        <time>2026-08-12T15:00:18.000Z</time>
        <speed>0.000</speed>
      </trkpt>
      <trkpt lat="50.5859009" lon="-2.4758088">
        <ele>10.0</ele>
        <time>2026-08-12T15:00:23.000Z</time>
        <speed>0.000</speed>
      </trkpt>
      <trkpt lat="50.5859060" lon="-2.4758286">
        <ele>10.0</ele>
        <time>2026-08-12T15:00:28.000Z</time>
        <speed>0.000</speed>
      </trkpt>
      <trkpt lat="50.5859060" lon="-2.4758286">
        <ele>9.6</ele>
        <time>2026-08-12T15:00:33.000Z</time>
        <speed>0.000</speed>
      </trkpt>
      <trkpt lat="50.5858978" lon="-2.4759003">
        <ele>9.8</ele>
        <time>2026-08-12T15:00:38.000Z</time>
        <speed>0.765</speed>
      </trkpt>
      <trkpt lat="50.5858807" lon="-2.4759955">
        <ele>9.6</ele>
        <time>2026-08-12T15:00:43.000Z</time>
        <speed>1.362</speed>
      </trkpt>
      <trkpt lat="50.5858725" lon="-2.4760802">
        <ele>9.6</ele>
        <time>2026-08-12T15:00:48.000Z</time>
        <speed>1.204</speed>
      </trkpt>
      <trkpt lat="50.5858674" lon="-2.4761613">
        <ele>9.2</ele>
        <time>2026-08-12T15:00:53.000Z</time>
        <speed>1.194</speed>
      </trkpt>
      <trkpt lat="50.5858734" lon="-2.4762440">
        <ele>8.6</ele>
        <time>2026-08-12T15:00:58.000Z</time>
        <speed>1.185</speed>
      </trkpt>
      <trkpt lat="50.5858602" lon="-2.4763022">
        <ele>8.6</ele>
        <time>2026-08-12T15:01:03.000Z</time>
        <speed>1.082</speed>
      </trkpt>
      <trkpt lat="50.5858550" lon="-2.4763532">
        <ele>7.6</ele>
        <time>2026-08-12T15:01:08.000Z</time>
        <speed>0.858</speed>
      </trkpt>
      <trkpt lat="50.5858465" lon="-2.4764346">
        <ele>7.0</ele>
        <time>2026-08-12T15:01:13.000Z</time>
        <speed>0.989</speed>
      </trkpt>
      <trkpt lat="50.5858460" lon="-2.4765279">
        <ele>6.8</ele>
        <time>2026-08-12T15:01:18.000Z</time>
        <speed>1.054</speed>
      </trkpt>
      <trkpt lat="50.5858641" lon="-2.4766112">
        <ele>6.8</ele>
        <time>2026-08-12T15:01:23.000Z</time>
        <speed>1.129</speed>
      </trkpt>
      <trkpt lat="50.5858784" lon="-2.4766878">
        <ele>7.0</ele>
        <time>2026-08-12T15:01:28.000Z</time>
        <speed>1.138</speed>
      </trkpt>
      <trkpt lat="50.5858771" lon="-2.4767286">
        <ele>7.0</ele>
        <time>2026-08-12T15:01:33.000Z</time>
        <speed>0.924</speed>
      </trkpt>
      <trkpt lat="50.5858755" lon="-2.4767476">
        <ele>6.6</ele>
        <time>2026-08-12T15:01:38.000Z</time>
        <speed>0.000</speed>
      </trkpt>
      <trkpt lat="50.5858772" lon="-2.4767651">
        <ele>6.2</ele>
        <time>2026-08-12T15:01:43.000Z</time>
        <speed>0.000</speed>
      </trkpt>
      <trkpt lat="50.5858815" lon="-2.4768349">
        <ele>5.4</ele>
        <time>2026-08-12T15:01:48.000Z</time>
        <speed>0.000</speed>
      </trkpt>
      <trkpt lat="50.5858914" lon="-2.4769039">
        <ele>5.6</ele>
        <time>2026-08-12T15:01:53.000Z</time>
        <speed>0.980</speed>
      </trkpt>
      <trkpt lat="50.5859316" lon="-2.4769539">
        <ele>5.6</ele>
        <time>2026-08-12T15:01:58.000Z</time>
        <speed>1.064</speed>
      </trkpt>
      <trkpt lat="50.5859619" lon="-2.4769495">
        <ele>6.6</ele>
        <time>2026-08-12T15:02:03.000Z</time>
        <speed>0.877</speed>
      </trkpt>
      <trkpt lat="50.5860008" lon="-2.4769891">
        <ele>7.2</ele>
        <time>2026-08-12T15:02:08.000Z</time>
        <speed>0.830</speed>
      </trkpt>
      <trkpt lat="50.5860366" lon="-2.4770526">
        <ele>7.6</ele>
        <time>2026-08-12T15:02:13.000Z</time>
        <speed>0.933</speed>
      </trkpt>
      <trkpt lat="50.5860719" lon="-2.4770903">
        <ele>7.8</ele>
        <time>2026-08-12T15:02:18.000Z</time>
        <speed>0.970</speed>
      </trkpt>
      <trkpt lat="50.5860921" lon="-2.4770824">
        <ele>8.6</ele>
        <time>2026-08-12T15:02:23.000Z</time>
        <speed>0.709</speed>
      </trkpt>
      <trkpt lat="50.5861149" lon="-2.4770853">
        <ele>9.4</ele>
        <time>2026-08-12T15:02:28.000Z</time>
        <speed>0.606</speed>
      </trkpt>
      <trkpt lat="50.5861552" lon="-2.4771297">
        <ele>9.2</ele>
        <time>2026-08-12T15:02:33.000Z</time>
        <speed>0.849</speed>
      </trkpt>
      <trkpt lat="50.5861981" lon="-2.4771873">
        <ele>9.0</ele>
        <time>2026-08-12T15:02:38.000Z</time>
        <speed>0.961</speed>
      </trkpt>
      <trkpt lat="50.5862442" lon="-2.4772411">
        <ele>9.6</ele>
        <time>2026-08-12T15:02:43.000Z</time>
        <speed>1.157</speed>
      </trkpt>
      <trkpt lat="50.5862904" lon="-2.4772862">
        <ele>9.4</ele>
        <time>2026-08-12T15:02:48.000Z</time>
        <speed>1.148</speed>
      </trkpt>
      <trkpt lat="50.5863372" lon="-2.4773369">
        <ele>9.4</ele>
        <time>2026-08-12T15:02:53.000Z</time>
        <speed>1.204</speed>
      </trkpt>
      <trkpt lat="50.5863783" lon="-2.4773921">
        <ele>9.2</ele>
        <time>2026-08-12T15:02:58.000Z</time>
        <speed>1.194</speed>
      </trkpt>
      <trkpt lat="50.5864109" lon="-2.4774548">
        <ele>8.6</ele>
        <time>2026-08-12T15:03:03.000Z</time>
        <speed>1.120</speed>
      </trkpt>
      <trkpt lat="50.5864553" lon="-2.4775048">
        <ele>8.6</ele>
        <time>2026-08-12T15:03:08.000Z</time>
        <speed>1.213</speed>
      </trkpt>
      <trkpt lat="50.5864997" lon="-2.4775412">
        <ele>9.0</ele>
        <time>2026-08-12T15:03:13.000Z</time>
        <speed>1.138</speed>
      </trkpt>
      <trkpt lat="50.5865294" lon="-2.4775745">
        <ele>9.8</ele>
        <time>2026-08-12T15:03:18.000Z</time>
        <speed>0.989</speed>
      </trkpt>
      <trkpt lat="50.5865561" lon="-2.4775982">
        <ele>10.8</ele>
        <time>2026-08-12T15:03:23.000Z</time>
        <speed>0.840</speed>
      </trkpt>
      <trkpt lat="50.5866027" lon="-2.4776642">
        <ele>11.8</ele>
        <time>2026-08-12T15:03:28.000Z</time>
        <speed>0.961</speed>
      </trkpt>
      <trkpt lat="50.5866415" lon="-2.4777382">
        <ele>11.6</ele>
        <time>2026-08-12T15:03:33.000Z</time>
        <speed>1.064</speed>
      </trkpt>
      <trkpt lat="50.5866675" lon="-2.4778150">
        <ele>11.6</ele>
        <time>2026-08-12T15:03:38.000Z</time>
        <speed>1.101</speed>
      </trkpt>
      <trkpt lat="50.5867043" lon="-2.4778721">
        <ele>11.4</ele>
        <time>2026-08-12T15:03:43.000Z</time>
        <speed>1.157</speed>
      </trkpt>
      <trkpt lat="50.5867453" lon="-2.4778874">
        <ele>12.4</ele>
        <time>2026-08-12T15:03:48.000Z</time>
        <speed>1.045</speed>
      </trkpt>
      <trkpt lat="50.5867934" lon="-2.4779212">
        <ele>13.2</ele>
        <time>2026-08-12T15:03:53.000Z</time>
        <speed>1.092</speed>
      </trkpt>
      <trkpt lat="50.5868422" lon="-2.4779725">
        <ele>12.8</ele>
        <time>2026-08-12T15:03:58.000Z</time>
        <speed>1.176</speed>
      </trkpt>
      <trkpt lat="50.5868911" lon="-2.4780318">
        <ele>12.6</ele>
        <time>2026-08-12T15:04:03.000Z</time>
        <speed>1.185</speed>
      </trkpt>
      <trkpt lat="50.5869378" lon="-2.4780726">
        <ele>12.4</ele>
        <time>2026-08-12T15:04:08.000Z</time>
        <speed>1.222</speed>
      </trkpt>
      <trkpt lat="50.5869780" lon="-2.4781243">
        <ele>12.4</ele>
        <time>2026-08-12T15:04:13.000Z</time>
        <speed>1.185</speed>
      </trkpt>
      <trkpt lat="50.5870224" lon="-2.4781788">
        <ele>13.8</ele>
        <time>2026-08-12T15:04:18.000Z</time>
        <speed>1.241</speed>
      </trkpt>
      <trkpt lat="50.5870671" lon="-2.4782414">
        <ele>14.0</ele>
        <time>2026-08-12T15:04:23.000Z</time>
        <speed>1.241</speed>
      </trkpt>
      <trkpt lat="50.5871118" lon="-2.4783060">
        <ele>14.0</ele>
        <time>2026-08-12T15:04:28.000Z</time>
        <speed>1.241</speed>
      </trkpt>
      <trkpt lat="50.5871546" lon="-2.4783574">
        <ele>13.8</ele>
        <time>2026-08-12T15:04:33.000Z</time>
        <speed>1.250</speed>
      </trkpt>
      <trkpt lat="50.5871989" lon="-2.4784183">
        <ele>14.0</ele>
        <time>2026-08-12T15:04:38.000Z</time>
        <speed>1.260</speed>
      </trkpt>
      <trkpt lat="50.5872375" lon="-2.4784864">
        <ele>14.0</ele>
        <time>2026-08-12T15:04:43.000Z</time>
        <speed>1.269</speed>
      </trkpt>
      <trkpt lat="50.5872835" lon="-2.4785452">
        <ele>14.2</ele>
        <time>2026-08-12T15:04:48.000Z</time>
        <speed>1.260</speed>
      </trkpt>
      <trkpt lat="50.5873314" lon="-2.4786142">
        <ele>14.4</ele>
        <time>2026-08-12T15:04:53.000Z</time>
        <speed>1.288</speed>
      </trkpt>
      <trkpt lat="50.5873778" lon="-2.4786674">
        <ele>14.2</ele>
        <time>2026-08-12T15:04:58.000Z</time>
        <speed>1.278</speed>
      </trkpt>
      <trkpt lat="50.5874193" lon="-2.4787367">
        <ele>13.4</ele>
        <time>2026-08-12T15:05:03.000Z</time>
        <speed>1.306</speed>
      </trkpt>
      <trkpt lat="50.5874577" lon="-2.4788077">
        <ele>13.8</ele>
        <time>2026-08-12T15:05:08.000Z</time>
        <speed>1.316</speed>
      </trkpt>
      <trkpt lat="50.5874967" lon="-2.4788643">
        <ele>13.4</ele>
        <time>2026-08-12T15:05:13.000Z</time>
        <speed>1.250</speed>
      </trkpt>
      <trkpt lat="50.5875163" lon="-2.4788919">
        <ele>13.2</ele>
        <time>2026-08-12T15:05:18.000Z</time>
        <speed>1.148</speed>
      </trkpt>
      <trkpt lat="50.5875397" lon="-2.4789230">
        <ele>13.4</ele>
        <time>2026-08-12T15:05:23.000Z</time>
        <speed>0.672</speed>
      </trkpt>
      <trkpt lat="50.5875778" lon="-2.4789873">
        <ele>13.6</ele>
        <time>2026-08-12T15:05:28.000Z</time>
        <speed>1.054</speed>
      </trkpt>
      <trkpt lat="50.5876149" lon="-2.4790402">
        <ele>13.4</ele>
        <time>2026-08-12T15:05:33.000Z</time>
        <speed>1.157</speed>
      </trkpt>
      <trkpt lat="50.5876616" lon="-2.4791039">
        <ele>13.0</ele>
        <time>2026-08-12T15:05:38.000Z</time>
        <speed>1.250</speed>
      </trkpt>
      <trkpt lat="50.5877046" lon="-2.4791722">
        <ele>12.4</ele>
        <time>2026-08-12T15:05:43.000Z</time>
        <speed>1.297</speed>
      </trkpt>
      <trkpt lat="50.5877489" lon="-2.4792287">
        <ele>12.2</ele>
        <time>2026-08-12T15:05:48.000Z</time>
        <speed>1.269</speed>
      </trkpt>
      <trkpt lat="50.5877945" lon="-2.4792852">
        <ele>11.8</ele>
        <time>2026-08-12T15:05:53.000Z</time>
        <speed>1.297</speed>
      </trkpt>
      <trkpt lat="50.5878468" lon="-2.4793204">
        <ele>11.4</ele>
        <time>2026-08-12T15:05:58.000Z</time>
        <speed>1.297</speed>
      </trkpt>
      <trkpt lat="50.5878963" lon="-2.4793708">
        <ele>11.2</ele>
        <time>2026-08-12T15:06:03.000Z</time>
        <speed>1.306</speed>
      </trkpt>
      <trkpt lat="50.5879500" lon="-2.4794125">
        <ele>10.8</ele>
        <time>2026-08-12T15:06:08.000Z</time>
        <speed>1.297</speed>
      </trkpt>
      <trkpt lat="50.5879982" lon="-2.4794830">
        <ele>11.0</ele>
        <time>2026-08-12T15:06:13.000Z</time>
        <speed>1.316</speed>
      </trkpt>
      <trkpt lat="50.5880461" lon="-2.4795382">
        <ele>10.0</ele>
        <time>2026-08-12T15:06:18.000Z</time>
        <speed>1.325</speed>
      </trkpt>
      <trkpt lat="50.5880900" lon="-2.4796004">
        <ele>9.4</ele>
        <time>2026-08-12T15:06:23.000Z</time>
        <speed>1.325</speed>
      </trkpt>
      <trkpt lat="50.5881111" lon="-2.4796659">
        <ele>8.8</ele>
        <time>2026-08-12T15:06:28.000Z</time>
        <speed>1.306</speed>
      </trkpt>
      <trkpt lat="50.5881299" lon="-2.4797505">
        <ele>8.2</ele>
        <time>2026-08-12T15:06:33.000Z</time>
        <speed>1.297</speed>
      </trkpt>
      <trkpt lat="50.5881616" lon="-2.4798157">
        <ele>7.8</ele>
        <time>2026-08-12T15:06:38.000Z</time>
        <speed>1.269</speed>
      </trkpt>
      <trkpt lat="50.5882059" lon="-2.4798617">
        <ele>6.8</ele>
        <time>2026-08-12T15:06:43.000Z</time>
        <speed>1.250</speed>
      </trkpt>
      <trkpt lat="50.5882515" lon="-2.4799306">
        <ele>6.4</ele>
        <time>2026-08-12T15:06:48.000Z</time>
        <speed>1.260</speed>
      </trkpt>
      <trkpt lat="50.5882927" lon="-2.4799881">
        <ele>6.2</ele>
        <time>2026-08-12T15:06:53.000Z</time>
        <speed>1.250</speed>
      </trkpt>
      <trkpt lat="50.5883389" lon="-2.4800375">
        <ele>5.0</ele>
        <time>2026-08-12T15:06:58.000Z</time>
        <speed>1.269</speed>
      </trkpt>
      <trkpt lat="50.5883744" lon="-2.4800972">
        <ele>4.6</ele>
        <time>2026-08-12T15:07:03.000Z</time>
        <speed>1.213</speed>
      </trkpt>
      <trkpt lat="50.5884128" lon="-2.4801448">
        <ele>4.4</ele>
        <time>2026-08-12T15:07:08.000Z</time>
        <speed>1.157</speed>
      </trkpt>
      <trkpt lat="50.5884606" lon="-2.4802107">
        <ele>4.0</ele>
        <time>2026-08-12T15:07:13.000Z</time>
        <speed>1.250</speed>
      </trkpt>
      <trkpt lat="50.5884969" lon="-2.4802744">
        <ele>3.2</ele>
        <time>2026-08-12T15:07:18.000Z</time>
        <speed>1.232</speed>
      </trkpt>
      <trkpt lat="50.5885442" lon="-2.4803278">
        <ele>3.4</ele>
        <time>2026-08-12T15:07:23.000Z</time>
        <speed>1.241</speed>
      </trkpt>
      <trkpt lat="50.5885864" lon="-2.4803762">
        <ele>3.0</ele>
        <time>2026-08-12T15:07:28.000Z</time>
        <speed>1.241</speed>
      </trkpt>
      <trkpt lat="50.5886225" lon="-2.4804333">
        <ele>2.6</ele>
        <time>2026-08-12T15:07:33.000Z</time>
        <speed>1.213</speed>
      </trkpt>
      <trkpt lat="50.5886624" lon="-2.4804926">
        <ele>3.4</ele>
        <time>2026-08-12T15:07:38.000Z</time>
        <speed>1.222</speed>
      </trkpt>
      <trkpt lat="50.5887016" lon="-2.4805589">
        <ele>3.2</ele>
        <time>2026-08-12T15:07:43.000Z</time>
        <speed>1.241</speed>
      </trkpt>
      <trkpt lat="50.5887324" lon="-2.4806264">
        <ele>2.6</ele>
        <time>2026-08-12T15:07:48.000Z</time>
        <speed>1.222</speed>
      </trkpt>
      <trkpt lat="50.5887623" lon="-2.4807041">
        <ele>3.2</ele>
        <time>2026-08-12T15:07:53.000Z</time>
        <speed>1.222</speed>
      </trkpt>
      <trkpt lat="50.5887839" lon="-2.4807770">
        <ele>2.8</ele>
        <time>2026-08-12T15:07:58.000Z</time>
        <speed>1.222</speed>
      </trkpt>
      <trkpt lat="50.5888100" lon="-2.4808494">
        <ele>3.6</ele>
        <time>2026-08-12T15:08:03.000Z</time>
        <speed>1.222</speed>
      </trkpt>
      <trkpt lat="50.5888424" lon="-2.4809227">
        <ele>4.0</ele>
        <time>2026-08-12T15:08:08.000Z</time>
        <speed>1.222</speed>
      </trkpt>
      <trkpt lat="50.5888686" lon="-2.4809941">
        <ele>4.2</ele>
        <time>2026-08-12T15:08:13.000Z</time>
        <speed>1.213</speed>
      </trkpt>
      <trkpt lat="50.5888966" lon="-2.4810643">
        <ele>4.6</ele>
        <time>2026-08-12T15:08:18.000Z</time>
        <speed>1.222</speed>
      </trkpt>
      <trkpt lat="50.5889159" lon="-2.4811543">
        <ele>5.2</ele>
        <time>2026-08-12T15:08:23.000Z</time>
        <speed>1.232</speed>
      </trkpt>
      <trkpt lat="50.5889238" lon="-2.4812427">
        <ele>5.4</ele>
        <time>2026-08-12T15:08:28.000Z</time>
        <speed>1.232</speed>
      </trkpt>
      <trkpt lat="50.5889468" lon="-2.4813296">
        <ele>4.8</ele>
        <time>2026-08-12T15:08:33.000Z</time>
        <speed>1.232</speed>
      </trkpt>
      <trkpt lat="50.5889633" lon="-2.4814059">
        <ele>4.6</ele>
        <time>2026-08-12T15:08:38.000Z</time>
        <speed>1.241</speed>
      </trkpt>
      <trkpt lat="50.5889743" lon="-2.4814671">
        <ele>5.8</ele>
        <time>2026-08-12T15:08:43.000Z</time>
        <speed>1.129</speed>
      </trkpt>
      <trkpt lat="50.5889766" lon="-2.4815416">
        <ele>6.8</ele>
        <time>2026-08-12T15:08:48.000Z</time>
        <speed>1.073</speed>
      </trkpt>
      <trkpt lat="50.5889595" lon="-2.4816390">
        <ele>7.0</ele>
        <time>2026-08-12T15:08:53.000Z</time>
        <speed>1.166</speed>
      </trkpt>
      <trkpt lat="50.5889313" lon="-2.4817208">
        <ele>6.2</ele>
        <time>2026-08-12T15:08:58.000Z</time>
        <speed>1.194</speed>
      </trkpt>
      <trkpt lat="50.5889110" lon="-2.4818146">
        <ele>5.8</ele>
        <time>2026-08-12T15:09:03.000Z</time>
        <speed>1.325</speed>
      </trkpt>
      <trkpt lat="50.5888897" lon="-2.4818994">
        <ele>5.8</ele>
        <time>2026-08-12T15:09:08.000Z</time>
        <speed>1.297</speed>
      </trkpt>
      <trkpt lat="50.5888827" lon="-2.4819965">
        <ele>5.0</ele>
        <time>2026-08-12T15:09:13.000Z</time>
        <speed>1.353</speed>
      </trkpt>
      <trkpt lat="50.5888844" lon="-2.4820865">
        <ele>5.6</ele>
        <time>2026-08-12T15:09:18.000Z</time>
        <speed>1.334</speed>
      </trkpt>
      <trkpt lat="50.5889061" lon="-2.4821771">
        <ele>5.8</ele>
        <time>2026-08-12T15:09:23.000Z</time>
        <speed>1.334</speed>
      </trkpt>
      <trkpt lat="50.5889343" lon="-2.4822549">
        <ele>5.4</ele>
        <time>2026-08-12T15:09:28.000Z</time>
        <speed>1.334</speed>
      </trkpt>
      <trkpt lat="50.5889600" lon="-2.4823430">
        <ele>6.0</ele>
        <time>2026-08-12T15:09:33.000Z</time>
        <speed>1.316</speed>
      </trkpt>
      <trkpt lat="50.5889830" lon="-2.4824261">
        <ele>6.4</ele>
        <time>2026-08-12T15:09:38.000Z</time>
        <speed>1.325</speed>
      </trkpt>
      <trkpt lat="50.5890066" lon="-2.4825091">
        <ele>6.4</ele>
        <time>2026-08-12T15:09:43.000Z</time>
        <speed>1.316</speed>
      </trkpt>
      <trkpt lat="50.5890258" lon="-2.4826024">
        <ele>6.4</ele>
        <time>2026-08-12T15:09:48.000Z</time>
        <speed>1.334</speed>
      </trkpt>
      <trkpt lat="50.5890447" lon="-2.4826895">
        <ele>6.0</ele>
        <time>2026-08-12T15:09:53.000Z</time>
        <speed>1.334</speed>
      </trkpt>
      <trkpt lat="50.5890591" lon="-2.4827859">
        <ele>7.0</ele>
        <time>2026-08-12T15:09:58.000Z</time>
        <speed>1.344</speed>
      </trkpt>
      <trkpt lat="50.5890631" lon="-2.4828740">
        <ele>6.8</ele>
        <time>2026-08-12T15:10:03.000Z</time>
        <speed>1.353</speed>
      </trkpt>
      <trkpt lat="50.5890719" lon="-2.4829647">
        <ele>6.4</ele>
        <time>2026-08-12T15:10:08.000Z</time>
        <speed>1.344</speed>
      </trkpt>
      <trkpt lat="50.5890899" lon="-2.4830589">
        <ele>7.2</ele>
        <time>2026-08-12T15:10:13.000Z</time>
        <speed>1.362</speed>
      </trkpt>
      <trkpt lat="50.5891098" lon="-2.4831474">
        <ele>7.2</ele>
        <time>2026-08-12T15:10:18.000Z</time>
        <speed>1.334</speed>
      </trkpt>
      <trkpt lat="50.5891270" lon="-2.4832333">
        <ele>7.2</ele>
        <time>2026-08-12T15:10:23.000Z</time>
        <speed>1.334</speed>
      </trkpt>
      <trkpt lat="50.5891424" lon="-2.4833233">
        <ele>7.2</ele>
        <time>2026-08-12T15:10:28.000Z</time>
        <speed>1.325</speed>
      </trkpt>
      <trkpt lat="50.5891498" lon="-2.4834147">
        <ele>7.6</ele>
        <time>2026-08-12T15:10:33.000Z</time>
        <speed>1.297</speed>
      </trkpt>
      <trkpt lat="50.5891478" lon="-2.4834232">
        <ele>7.8</ele>
        <time>2026-08-12T15:10:38.000Z</time>
        <speed>0.000</speed>
      </trkpt>
      <trkpt lat="50.5891478" lon="-2.4834232">
        <ele>8.0</ele>
        <time>2026-08-12T15:10:43.000Z</time>
        <speed>0.000</speed>
      </trkpt>
      <trkpt lat="50.5891478" lon="-2.4834232">
        <ele>7.8</ele>
        <time>2026-08-12T15:10:48.000Z</time>
        <speed>0.000</speed>
      </trkpt>
      <trkpt lat="50.5891596" lon="-2.4834406">
        <ele>7.0</ele>
        <time>2026-08-12T15:10:53.000Z</time>
        <speed>0.000</speed>
      </trkpt>
      <trkpt lat="50.5891867" lon="-2.4835001">
        <ele>7.0</ele>
        <time>2026-08-12T15:10:58.000Z</time>
        <speed>0.634</speed>
      </trkpt>
      <trkpt lat="50.5892192" lon="-2.4835598">
        <ele>7.0</ele>
        <time>2026-08-12T15:11:03.000Z</time>
        <speed>1.082</speed>
      </trkpt>
      <trkpt lat="50.5892732" lon="-2.4835789">
        <ele>7.2</ele>
        <time>2026-08-12T15:11:08.000Z</time>
        <speed>1.185</speed>
      </trkpt>
      <trkpt lat="50.5893190" lon="-2.4835966">
        <ele>7.6</ele>
        <time>2026-08-12T15:11:13.000Z</time>
        <speed>1.176</speed>
      </trkpt>
      <trkpt lat="50.5893624" lon="-2.4836136">
        <ele>7.8</ele>
        <time>2026-08-12T15:11:18.000Z</time>
        <speed>1.110</speed>
      </trkpt>
      <trkpt lat="50.5893999" lon="-2.4836323">
        <ele>8.2</ele>
        <time>2026-08-12T15:11:23.000Z</time>
        <speed>1.008</speed>
      </trkpt>
      <trkpt lat="50.5894375" lon="-2.4836483">
        <ele>9.0</ele>
        <time>2026-08-12T15:11:28.000Z</time>
        <speed>0.933</speed>
      </trkpt>
      <trkpt lat="50.5894403" lon="-2.4836462">
        <ele>8.8</ele>
        <time>2026-08-12T15:11:33.000Z</time>
        <speed>0.606</speed>
      </trkpt>
      <trkpt lat="50.5894937" lon="-2.4836580">
        <ele>9.2</ele>
        <time>2026-08-12T15:11:38.000Z</time>
        <speed>0.998</speed>
      </trkpt>
      <trkpt lat="50.5895459" lon="-2.4836740">
        <ele>9.0</ele>
        <time>2026-08-12T15:11:43.000Z</time>
        <speed>1.045</speed>
      </trkpt>
      <trkpt lat="50.5895917" lon="-2.4836908">
        <ele>9.4</ele>
        <time>2026-08-12T15:11:48.000Z</time>
        <speed>1.036</speed>
      </trkpt>
      <trkpt lat="50.5896435" lon="-2.4837117">
        <ele>9.4</ele>
        <time>2026-08-12T15:11:53.000Z</time>
        <speed>1.082</speed>
      </trkpt>
      <trkpt lat="50.5896908" lon="-2.4837306">
        <ele>9.4</ele>
        <time>2026-08-12T15:11:58.000Z</time>
        <speed>1.092</speed>
      </trkpt>
      <trkpt lat="50.5897349" lon="-2.4837572">
        <ele>9.8</ele>
        <time>2026-08-12T15:12:03.000Z</time>
        <speed>1.129</speed>
      </trkpt>
      <trkpt lat="50.5897852" lon="-2.4837790">
        <ele>9.8</ele>
        <time>2026-08-12T15:12:08.000Z</time>
        <speed>1.157</speed>
      </trkpt>
      <trkpt lat="50.5898372" lon="-2.4838124">
        <ele>10.6</ele>
        <time>2026-08-12T15:12:13.000Z</time>
        <speed>1.148</speed>
      </trkpt>
      <trkpt lat="50.5898852" lon="-2.4838281">
        <ele>11.0</ele>
        <time>2026-08-12T15:12:18.000Z</time>
        <speed>1.120</speed>
      </trkpt>
      <trkpt lat="50.5899367" lon="-2.4838451">
        <ele>10.6</ele>
        <time>2026-08-12T15:12:23.000Z</time>
        <speed>1.120</speed>
      </trkpt>
      <trkpt lat="50.5899906" lon="-2.4838520">
        <ele>11.0</ele>
        <time>2026-08-12T15:12:28.000Z</time>
        <speed>1.110</speed>
      </trkpt>
      <trkpt lat="50.5900396" lon="-2.4838552">
        <ele>11.0</ele>
        <time>2026-08-12T15:12:33.000Z</time>
        <speed>1.120</speed>
      </trkpt>
      <trkpt lat="50.5900952" lon="-2.4838600">
        <ele>12.0</ele>
        <time>2026-08-12T15:12:38.000Z</time>
        <speed>1.138</speed>
      </trkpt>
      <trkpt lat="50.5901530" lon="-2.4838642">
        <ele>12.4</ele>
        <time>2026-08-12T15:12:43.000Z</time>
        <speed>1.157</speed>
      </trkpt>
      <trkpt lat="50.5902176" lon="-2.4838735">
        <ele>13.2</ele>
        <time>2026-08-12T15:12:48.000Z</time>
        <speed>1.204</speed>
      </trkpt>
      <trkpt lat="50.5902593" lon="-2.4838524">
        <ele>13.0</ele>
        <time>2026-08-12T15:12:53.000Z</time>
        <speed>1.204</speed>
      </trkpt>
      <trkpt lat="50.5902984" lon="-2.4837957">
        <ele>13.0</ele>
        <time>2026-08-12T15:12:58.000Z</time>
        <speed>1.194</speed>
      </trkpt>
      <trkpt lat="50.5903400" lon="-2.4837635">
        <ele>12.8</ele>
        <time>2026-08-12T15:13:03.000Z</time>
        <speed>1.110</speed>
      </trkpt>
      <trkpt lat="50.5903407" lon="-2.4837642">
        <ele>13.0</ele>
        <time>2026-08-12T15:13:08.000Z</time>
        <speed>0.000</speed>
      </trkpt>
      <trkpt lat="50.5903876" lon="-2.4837428">
        <ele>13.0</ele>
        <time>2026-08-12T15:13:13.000Z</time>
        <speed>1.064</speed>
      </trkpt>
      <trkpt lat="50.5904487" lon="-2.4837137">
        <ele>13.2</ele>
        <time>2026-08-12T15:13:18.000Z</time>
        <speed>1.530</speed>
      </trkpt>
      <trkpt lat="50.5904961" lon="-2.4836950">
        <ele>13.0</ele>
        <time>2026-08-12T15:13:23.000Z</time>
        <speed>1.157</speed>
      </trkpt>
      <trkpt lat="50.5905396" lon="-2.4836826">
        <ele>12.4</ele>
        <time>2026-08-12T15:13:28.000Z</time>
        <speed>1.129</speed>
      </trkpt>
      <trkpt lat="50.5905927" lon="-2.4836504">
        <ele>11.6</ele>
        <time>2026-08-12T15:13:33.000Z</time>
        <speed>1.138</speed>
      </trkpt>
      <trkpt lat="50.5906383" lon="-2.4836345">
        <ele>11.4</ele>
        <time>2026-08-12T15:13:38.000Z</time>
        <speed>1.110</speed>
      </trkpt>
      <trkpt lat="50.5906799" lon="-2.4836086">
        <ele>10.6</ele>
        <time>2026-08-12T15:13:43.000Z</time>
        <speed>1.157</speed>
      </trkpt>
      <trkpt lat="50.5907080" lon="-2.4835864">
        <ele>10.2</ele>
        <time>2026-08-12T15:13:48.000Z</time>
        <speed>0.970</speed>
      </trkpt>
      <trkpt lat="50.5907571" lon="-2.4835608">
        <ele>9.8</ele>
        <time>2026-08-12T15:13:53.000Z</time>
        <speed>0.980</speed>
      </trkpt>
      <trkpt lat="50.5907898" lon="-2.4835544">
        <ele>9.8</ele>
        <time>2026-08-12T15:13:58.000Z</time>
        <speed>0.896</speed>
      </trkpt>
      <trkpt lat="50.5908353" lon="-2.4835717">
        <ele>8.4</ele>
        <time>2026-08-12T15:14:03.000Z</time>
        <speed>0.933</speed>
      </trkpt>
      <trkpt lat="50.5908730" lon="-2.4835994">
        <ele>7.4</ele>
        <time>2026-08-12T15:14:08.000Z</time>
        <speed>0.961</speed>
      </trkpt>
      <trkpt lat="50.5909173" lon="-2.4836357">
        <ele>6.6</ele>
        <time>2026-08-12T15:14:13.000Z</time>
        <speed>0.980</speed>
      </trkpt>
      <trkpt lat="50.5909595" lon="-2.4836700">
        <ele>5.8</ele>
        <time>2026-08-12T15:14:18.000Z</time>
        <speed>1.017</speed>
      </trkpt>
      <trkpt lat="50.5910142" lon="-2.4837063">
        <ele>5.2</ele>
        <time>2026-08-12T15:14:23.000Z</time>
        <speed>1.082</speed>
      </trkpt>
      <trkpt lat="50.5910663" lon="-2.4837536">
        <ele>4.8</ele>
        <time>2026-08-12T15:14:28.000Z</time>
        <speed>1.129</speed>
      </trkpt>
      <trkpt lat="50.5911087" lon="-2.4837737">
        <ele>3.6</ele>
        <time>2026-08-12T15:14:33.000Z</time>
        <speed>1.064</speed>
      </trkpt>
      <trkpt lat="50.5911587" lon="-2.4838110">
        <ele>3.4</ele>
        <time>2026-08-12T15:14:38.000Z</time>
        <speed>1.120</speed>
      </trkpt>
      <trkpt lat="50.5911721" lon="-2.4838723">
        <ele>3.0</ele>
        <time>2026-08-12T15:14:43.000Z</time>
        <speed>1.073</speed>
      </trkpt>
      <trkpt lat="50.5911537" lon="-2.4839264">
        <ele>2.4</ele>
        <time>2026-08-12T15:14:48.000Z</time>
        <speed>0.961</speed>
      </trkpt>
      <trkpt lat="50.5911478" lon="-2.4839949">
        <ele>2.0</ele>
        <time>2026-08-12T15:14:53.000Z</time>
        <speed>0.989</speed>
      </trkpt>
      <trkpt lat="50.5911745" lon="-2.4840774">
        <ele>1.2</ele>
        <time>2026-08-12T15:14:58.000Z</time>
        <speed>1.036</speed>
      </trkpt>
      <trkpt lat="50.5912112" lon="-2.4841268">
        <ele>0.8</ele>
        <time>2026-08-12T15:15:03.000Z</time>
        <speed>1.045</speed>
      </trkpt>
      <trkpt lat="50.5912523" lon="-2.4841857">
        <ele>0.8</ele>
        <time>2026-08-12T15:15:08.000Z</time>
        <speed>1.120</speed>
      </trkpt>
      <trkpt lat="50.5912812" lon="-2.4841513">
        <ele>1.2</ele>
        <time>2026-08-12T15:15:13.000Z</time>
        <speed>1.017</speed>
      </trkpt>
      <trkpt lat="50.5913116" lon="-2.4841913">
        <ele>1.2</ele>
        <time>2026-08-12T15:15:18.000Z</time>
        <speed>1.017</speed>
      </trkpt>
      <trkpt lat="50.5913389" lon="-2.4842877">
        <ele>1.2</ele>
        <time>2026-08-12T15:15:23.000Z</time>
        <speed>1.148</speed>
      </trkpt>
      <trkpt lat="50.5913753" lon="-2.4843451">
        <ele>1.0</ele>
        <time>2026-08-12T15:15:28.000Z</time>
        <speed>1.157</speed>
      </trkpt>
      <trkpt lat="50.5914099" lon="-2.4844105">
        <ele>1.4</ele>
        <time>2026-08-12T15:15:33.000Z</time>
        <speed>1.204</speed>
      </trkpt>
      <trkpt lat="50.5914474" lon="-2.4844575">
        <ele>1.0</ele>
        <time>2026-08-12T15:15:38.000Z</time>
        <speed>1.138</speed>
      </trkpt>
      <trkpt lat="50.5914677" lon="-2.4845424">
        <ele>1.0</ele>
        <time>2026-08-12T15:15:43.000Z</time>
        <speed>1.166</speed>
      </trkpt>
      <trkpt lat="50.5914861" lon="-2.4846304">
        <ele>0.8</ele>
        <time>2026-08-12T15:15:48.000Z</time>
        <speed>1.185</speed>
      </trkpt>
      <trkpt lat="50.5915030" lon="-2.4847188">
        <ele>1.0</ele>
        <time>2026-08-12T15:15:53.000Z</time>
        <speed>1.232</speed>
      </trkpt>
      <trkpt lat="50.5915251" lon="-2.4847938">
        <ele>1.0</ele>
        <time>2026-08-12T15:15:58.000Z</time>
        <speed>1.204</speed>
      </trkpt>
      <trkpt lat="50.5915474" lon="-2.4848695">
        <ele>0.8</ele>
        <time>2026-08-12T15:16:03.000Z</time>
        <speed>1.213</speed>
      </trkpt>
      <trkpt lat="50.5915665" lon="-2.4849574">
        <ele>1.0</ele>
        <time>2026-08-12T15:16:08.000Z</time>
        <speed>1.204</speed>
      </trkpt>
      <trkpt lat="50.5915871" lon="-2.4850314">
        <ele>1.0</ele>
        <time>2026-08-12T15:16:13.000Z</time>
        <speed>1.204</speed>
      </trkpt>
      <trkpt lat="50.5916124" lon="-2.4851060">
        <ele>0.8</ele>
        <time>2026-08-12T15:16:18.000Z</time>
        <speed>1.204</speed>
      </trkpt>
      <trkpt lat="50.5916337" lon="-2.4851781">
        <ele>1.4</ele>
        <time>2026-08-12T15:16:23.000Z</time>
        <speed>1.185</speed>
      </trkpt>
      <trkpt lat="50.5916492" lon="-2.4852632">
        <ele>1.2</ele>
        <time>2026-08-12T15:16:28.000Z</time>
        <speed>1.185</speed>
      </trkpt>
      <trkpt lat="50.5916715" lon="-2.4853478">
        <ele>1.8</ele>
        <time>2026-08-12T15:16:33.000Z</time>
        <speed>1.185</speed>
      </trkpt>
      <trkpt lat="50.5916897" lon="-2.4854297">
        <ele>1.8</ele>
        <time>2026-08-12T15:16:38.000Z</time>
        <speed>1.204</speed>
      </trkpt>
      <trkpt lat="50.5916933" lon="-2.4855137">
        <ele>1.8</ele>
        <time>2026-08-12T15:16:43.000Z</time>
        <speed>1.213</speed>
      </trkpt>
      <trkpt lat="50.5916933" lon="-2.4856007">
        <ele>1.6</ele>
        <time>2026-08-12T15:16:48.000Z</time>
        <speed>1.213</speed>
      </trkpt>
      <trkpt lat="50.5916923" lon="-2.4856855">
        <ele>2.0</ele>
        <time>2026-08-12T15:16:53.000Z</time>
        <speed>1.204</speed>
      </trkpt>
      <trkpt lat="50.5916734" lon="-2.4857556">
        <ele>1.4</ele>
        <time>2026-08-12T15:16:58.000Z</time>
        <speed>1.185</speed>
      </trkpt>
      <trkpt lat="50.5916636" lon="-2.4858375">
        <ele>1.2</ele>
        <time>2026-08-12T15:17:03.000Z</time>
        <speed>1.176</speed>
      </trkpt>
      <trkpt lat="50.5916466" lon="-2.4859037">
        <ele>1.2</ele>
        <time>2026-08-12T15:17:08.000Z</time>
        <speed>1.166</speed>
      </trkpt>
      <trkpt lat="50.5916281" lon="-2.4859717">
        <ele>1.2</ele>
        <time>2026-08-12T15:17:13.000Z</time>
        <speed>1.138</speed>
      </trkpt>
      <trkpt lat="50.5916197" lon="-2.4860276">
        <ele>1.4</ele>
        <time>2026-08-12T15:17:18.000Z</time>
        <speed>1.101</speed>
      </trkpt>
      <trkpt lat="50.5916125" lon="-2.4860467">
        <ele>2.2</ele>
        <time>2026-08-12T15:17:23.000Z</time>
        <speed>0.000</speed>
      </trkpt>
      <trkpt lat="50.5915882" lon="-2.4860913">
        <ele>4.8</ele>
        <time>2026-08-12T15:17:28.000Z</time>
        <speed>0.000</speed>
      </trkpt>
      <trkpt lat="50.5915458" lon="-2.4861316">
        <ele>3.8</ele>
        <time>2026-08-12T15:17:33.000Z</time>
        <speed>0.644</speed>
      </trkpt>
      <trkpt lat="50.5915176" lon="-2.4862006">
        <ele>3.4</ele>
        <time>2026-08-12T15:17:38.000Z</time>
        <speed>1.082</speed>
      </trkpt>
      <trkpt lat="50.5914909" lon="-2.4862801">
        <ele>4.0</ele>
        <time>2026-08-12T15:17:43.000Z</time>
        <speed>1.157</speed>
      </trkpt>
      <trkpt lat="50.5914585" lon="-2.4863415">
        <ele>3.8</ele>
        <time>2026-08-12T15:17:48.000Z</time>
        <speed>1.157</speed>
      </trkpt>
      <trkpt lat="50.5914193" lon="-2.4863965">
        <ele>3.8</ele>
        <time>2026-08-12T15:17:53.000Z</time>
        <speed>1.157</speed>
      </trkpt>
      <trkpt lat="50.5913842" lon="-2.4864616">
        <ele>4.4</ele>
        <time>2026-08-12T15:17:58.000Z</time>
        <speed>1.166</speed>
      </trkpt>
      <trkpt lat="50.5913519" lon="-2.4865421">
        <ele>4.4</ele>
        <time>2026-08-12T15:18:03.000Z</time>
        <speed>1.260</speed>
      </trkpt>
      <trkpt lat="50.5913307" lon="-2.4866217">
        <ele>4.8</ele>
        <time>2026-08-12T15:18:08.000Z</time>
        <speed>1.297</speed>
      </trkpt>
      <trkpt lat="50.5913139" lon="-2.4867015">
        <ele>5.0</ele>
        <time>2026-08-12T15:18:13.000Z</time>
        <speed>1.269</speed>
      </trkpt>
      <trkpt lat="50.5912968" lon="-2.4867839">
        <ele>4.6</ele>
        <time>2026-08-12T15:18:18.000Z</time>
        <speed>1.241</speed>
      </trkpt>
      <trkpt lat="50.5912818" lon="-2.4868761">
        <ele>5.0</ele>
        <time>2026-08-12T15:18:23.000Z</time>
        <speed>1.232</speed>
      </trkpt>
      <trkpt lat="50.5912754" lon="-2.4869681">
        <ele>5.4</ele>
        <time>2026-08-12T15:18:28.000Z</time>
        <speed>1.241</speed>
      </trkpt>
      <trkpt lat="50.5912623" lon="-2.4870550">
        <ele>5.6</ele>
        <time>2026-08-12T15:18:33.000Z</time>
        <speed>1.250</speed>
      </trkpt>
      <trkpt lat="50.5912522" lon="-2.4871376">
        <ele>5.2</ele>
        <time>2026-08-12T15:18:38.000Z</time>
        <speed>1.241</speed>
      </trkpt>
      <trkpt lat="50.5912430" lon="-2.4872247">
        <ele>5.0</ele>
        <time>2026-08-12T15:18:43.000Z</time>
        <speed>1.250</speed>
      </trkpt>
      <trkpt lat="50.5912374" lon="-2.4873253">
        <ele>5.0</ele>
        <time>2026-08-12T15:18:48.000Z</time>
        <speed>1.269</speed>
      </trkpt>
      <trkpt lat="50.5912237" lon="-2.4874040">
        <ele>6.4</ele>
        <time>2026-08-12T15:18:53.000Z</time>
        <speed>1.260</speed>
      </trkpt>
      <trkpt lat="50.5912204" lon="-2.4874867">
        <ele>6.2</ele>
        <time>2026-08-12T15:18:58.000Z</time>
        <speed>1.250</speed>
      </trkpt>
      <trkpt lat="50.5912199" lon="-2.4875735">
        <ele>5.0</ele>
        <time>2026-08-12T15:19:03.000Z</time>
        <speed>1.241</speed>
      </trkpt>
      <trkpt lat="50.5912146" lon="-2.4876786">
        <ele>6.0</ele>
        <time>2026-08-12T15:19:08.000Z</time>
        <speed>1.241</speed>
      </trkpt>
      <trkpt lat="50.5912188" lon="-2.4877703">
        <ele>5.8</ele>
        <time>2026-08-12T15:19:13.000Z</time>
        <speed>1.250</speed>
      </trkpt>
      <trkpt lat="50.5912300" lon="-2.4878494">
        <ele>6.0</ele>
        <time>2026-08-12T15:19:18.000Z</time>
        <speed>1.269</speed>
      </trkpt>
      <trkpt lat="50.5912447" lon="-2.4879344">
        <ele>5.6</ele>
        <time>2026-08-12T15:19:23.000Z</time>
        <speed>1.260</speed>
      </trkpt>
      <trkpt lat="50.5912576" lon="-2.4880172">
        <ele>5.4</ele>
        <time>2026-08-12T15:19:28.000Z</time>
        <speed>1.269</speed>
      </trkpt>
      <trkpt lat="50.5912815" lon="-2.4880888">
        <ele>5.4</ele>
        <time>2026-08-12T15:19:33.000Z</time>
        <speed>1.241</speed>
      </trkpt>
      <trkpt lat="50.5912997" lon="-2.4881801">
        <ele>6.4</ele>
        <time>2026-08-12T15:19:38.000Z</time>
        <speed>1.241</speed>
      </trkpt>
      <trkpt lat="50.5913254" lon="-2.4882700">
        <ele>5.4</ele>
        <time>2026-08-12T15:19:43.000Z</time>
        <speed>1.269</speed>
      </trkpt>
      <trkpt lat="50.5913573" lon="-2.4883349">
        <ele>5.8</ele>
        <time>2026-08-12T15:19:48.000Z</time>
        <speed>1.269</speed>
      </trkpt>
      <trkpt lat="50.5913864" lon="-2.4884058">
        <ele>6.8</ele>
        <time>2026-08-12T15:19:53.000Z</time>
        <speed>1.241</speed>
      </trkpt>
      <trkpt lat="50.5914189" lon="-2.4884790">
        <ele>7.0</ele>
        <time>2026-08-12T15:19:58.000Z</time>
        <speed>1.241</speed>
      </trkpt>
      <trkpt lat="50.5914469" lon="-2.4885435">
        <ele>6.6</ele>
        <time>2026-08-12T15:20:03.000Z</time>
        <speed>1.241</speed>
      </trkpt>
      <trkpt lat="50.5914778" lon="-2.4886110">
        <ele>7.2</ele>
        <time>2026-08-12T15:20:08.000Z</time>
        <speed>1.241</speed>
      </trkpt>
      <trkpt lat="50.5915137" lon="-2.4886741">
        <ele>7.2</ele>
        <time>2026-08-12T15:20:13.000Z</time>
        <speed>1.232</speed>
      </trkpt>
      <trkpt lat="50.5915384" lon="-2.4887379">
        <ele>7.0</ele>
        <time>2026-08-12T15:20:18.000Z</time>
        <speed>1.185</speed>
      </trkpt>
      <trkpt lat="50.5915713" lon="-2.4888048">
        <ele>7.6</ele>
        <time>2026-08-12T15:20:23.000Z</time>
        <speed>1.194</speed>
      </trkpt>
      <trkpt lat="50.5915999" lon="-2.4888805">
        <ele>7.8</ele>
        <time>2026-08-12T15:20:28.000Z</time>
        <speed>1.194</speed>
      </trkpt>
      <trkpt lat="50.5916311" lon="-2.4889392">
        <ele>8.0</ele>
        <time>2026-08-12T15:20:33.000Z</time>
        <speed>1.185</speed>
      </trkpt>
      <trkpt lat="50.5916596" lon="-2.4890199">
        <ele>8.2</ele>
        <time>2026-08-12T15:20:38.000Z</time>
        <speed>1.194</speed>
      </trkpt>
      <trkpt lat="50.5916896" lon="-2.4890885">
        <ele>8.6</ele>
        <time>2026-08-12T15:20:43.000Z</time>
        <speed>1.194</speed>
      </trkpt>
      <trkpt lat="50.5917116" lon="-2.4891579">
        <ele>8.6</ele>
        <time>2026-08-12T15:20:48.000Z</time>
        <speed>1.176</speed>
      </trkpt>
      <trkpt lat="50.5917368" lon="-2.4892330">
        <ele>8.8</ele>
        <time>2026-08-12T15:20:53.000Z</time>
        <speed>1.176</speed>
      </trkpt>
      <trkpt lat="50.5917644" lon="-2.4893032">
        <ele>9.6</ele>
        <time>2026-08-12T15:20:58.000Z</time>
        <speed>1.176</speed>
      </trkpt>
      <trkpt lat="50.5917887" lon="-2.4893839">
        <ele>9.6</ele>
        <time>2026-08-12T15:21:03.000Z</time>
        <speed>1.185</speed>
      </trkpt>
      <trkpt lat="50.5918168" lon="-2.4894506">
        <ele>10.2</ele>
        <time>2026-08-12T15:21:08.000Z</time>
        <speed>1.176</speed>
      </trkpt>
      <trkpt lat="50.5918493" lon="-2.4895216">
        <ele>10.0</ele>
        <time>2026-08-12T15:21:13.000Z</time>
        <speed>1.176</speed>
      </trkpt>
      <trkpt lat="50.5918777" lon="-2.4895968">
        <ele>10.8</ele>
        <time>2026-08-12T15:21:18.000Z</time>
        <speed>1.185</speed>
      </trkpt>
      <trkpt lat="50.5919049" lon="-2.4896630">
        <ele>11.2</ele>
        <time>2026-08-12T15:21:23.000Z</time>
        <speed>1.185</speed>
      </trkpt>
      <trkpt lat="50.5919315" lon="-2.4897405">
        <ele>11.2</ele>
        <time>2026-08-12T15:21:28.000Z</time>
        <speed>1.176</speed>
      </trkpt>
      <trkpt lat="50.5919603" lon="-2.4898018">
        <ele>11.4</ele>
        <time>2026-08-12T15:21:33.000Z</time>
        <speed>1.176</speed>
      </trkpt>
      <trkpt lat="50.5920086" lon="-2.4898635">
        <ele>11.8</ele>
        <time>2026-08-12T15:21:38.000Z</time>
        <speed>1.241</speed>
      </trkpt>
      <trkpt lat="50.5920333" lon="-2.4899247">
        <ele>12.0</ele>
        <time>2026-08-12T15:21:43.000Z</time>
        <speed>1.110</speed>
      </trkpt>
      <trkpt lat="50.5920673" lon="-2.4900075">
        <ele>12.6</ele>
        <time>2026-08-12T15:21:48.000Z</time>
        <speed>1.204</speed>
      </trkpt>
      <trkpt lat="50.5921039" lon="-2.4900812">
        <ele>12.6</ele>
        <time>2026-08-12T15:21:53.000Z</time>
        <speed>1.232</speed>
      </trkpt>
      <trkpt lat="50.5921341" lon="-2.4901530">
        <ele>12.4</ele>
        <time>2026-08-12T15:21:58.000Z</time>
        <speed>1.232</speed>
      </trkpt>
      <trkpt lat="50.5921677" lon="-2.4902252">
        <ele>11.6</ele>
        <time>2026-08-12T15:22:03.000Z</time>
        <speed>1.269</speed>
      </trkpt>
      <trkpt lat="50.5921962" lon="-2.4902906">
        <ele>12.2</ele>
        <time>2026-08-12T15:22:08.000Z</time>
        <speed>1.241</speed>
      </trkpt>
      <trkpt lat="50.5922279" lon="-2.4903644">
        <ele>12.2</ele>
        <time>2026-08-12T15:22:13.000Z</time>
        <speed>1.213</speed>
      </trkpt>
      <trkpt lat="50.5922558" lon="-2.4904393">
        <ele>12.4</ele>
        <time>2026-08-12T15:22:18.000Z</time>
        <speed>1.232</speed>
      </trkpt>
      <trkpt lat="50.5922961" lon="-2.4904995">
        <ele>11.8</ele>
        <time>2026-08-12T15:22:23.000Z</time>
        <speed>1.232</speed>
      </trkpt>
      <trkpt lat="50.5923442" lon="-2.4905628">
        <ele>12.0</ele>
        <time>2026-08-12T15:22:28.000Z</time>
        <speed>1.269</speed>
      </trkpt>
      <trkpt lat="50.5923790" lon="-2.4906341">
        <ele>12.4</ele>
        <time>2026-08-12T15:22:33.000Z</time>
        <speed>1.269</speed>
      </trkpt>
      <trkpt lat="50.5924123" lon="-2.4907049">
        <ele>12.6</ele>
        <time>2026-08-12T15:22:38.000Z</time>
        <speed>1.269</speed>
      </trkpt>
      <trkpt lat="50.5924552" lon="-2.4907667">
        <ele>12.6</ele>
        <time>2026-08-12T15:22:43.000Z</time>
        <speed>1.278</speed>
      </trkpt>
      <trkpt lat="50.5924920" lon="-2.4908302">
        <ele>12.8</ele>
        <time>2026-08-12T15:22:48.000Z</time>
        <speed>1.269</speed>
      </trkpt>
      <trkpt lat="50.5925355" lon="-2.4908866">
        <ele>12.6</ele>
        <time>2026-08-12T15:22:53.000Z</time>
        <speed>1.260</speed>
      </trkpt>
      <trkpt lat="50.5925868" lon="-2.4909494">
        <ele>12.8</ele>
        <time>2026-08-12T15:22:58.000Z</time>
        <speed>1.288</speed>
      </trkpt>
      <trkpt lat="50.5926400" lon="-2.4910056">
        <ele>13.0</ele>
        <time>2026-08-12T15:23:03.000Z</time>
        <speed>1.306</speed>
      </trkpt>
      <trkpt lat="50.5926777" lon="-2.4910648">
        <ele>13.6</ele>
        <time>2026-08-12T15:23:08.000Z</time>
        <speed>1.288</speed>
      </trkpt>
      <trkpt lat="50.5927236" lon="-2.4911140">
        <ele>13.4</ele>
        <time>2026-08-12T15:23:13.000Z</time>
        <speed>1.288</speed>
      </trkpt>
      <trkpt lat="50.5927722" lon="-2.4911443">
        <ele>13.6</ele>
        <time>2026-08-12T15:23:18.000Z</time>
        <speed>1.278</speed>
      </trkpt>
      <trkpt lat="50.5928226" lon="-2.4911904">
        <ele>13.4</ele>
        <time>2026-08-12T15:23:23.000Z</time>
        <speed>1.278</speed>
      </trkpt>
      <trkpt lat="50.5928786" lon="-2.4912310">
        <ele>13.2</ele>
        <time>2026-08-12T15:23:28.000Z</time>
        <speed>1.278</speed>
      </trkpt>
      <trkpt lat="50.5929197" lon="-2.4912900">
        <ele>13.4</ele>
        <time>2026-08-12T15:23:33.000Z</time>
        <speed>1.269</speed>
      </trkpt>
      <trkpt lat="50.5929696" lon="-2.4913324">
        <ele>13.2</ele>
        <time>2026-08-12T15:23:38.000Z</time>
        <speed>1.288</speed>
      </trkpt>
      <trkpt lat="50.5930176" lon="-2.4913813">
        <ele>13.4</ele>
        <time>2026-08-12T15:23:43.000Z</time>
        <speed>1.278</speed>
      </trkpt>
      <trkpt lat="50.5930648" lon="-2.4914264">
        <ele>13.2</ele>
        <time>2026-08-12T15:23:48.000Z</time>
        <speed>1.269</speed>
      </trkpt>
      <trkpt lat="50.5931120" lon="-2.4914657">
        <ele>12.8</ele>
        <time>2026-08-12T15:23:53.000Z</time>
        <speed>1.250</speed>
      </trkpt>
      <trkpt lat="50.5931634" lon="-2.4915162">
        <ele>12.2</ele>
        <time>2026-08-12T15:23:58.000Z</time>
        <speed>1.269</speed>
      </trkpt>
      <trkpt lat="50.5932081" lon="-2.4915603">
        <ele>11.8</ele>
        <time>2026-08-12T15:24:03.000Z</time>
        <speed>1.250</speed>
      </trkpt>
      <trkpt lat="50.5932580" lon="-2.4916054">
        <ele>11.6</ele>
        <time>2026-08-12T15:24:08.000Z</time>
        <speed>1.269</speed>
      </trkpt>
      <trkpt lat="50.5933067" lon="-2.4916583">
        <ele>11.8</ele>
        <time>2026-08-12T15:24:13.000Z</time>
        <speed>1.278</speed>
      </trkpt>
      <trkpt lat="50.5933547" lon="-2.4916952">
        <ele>11.6</ele>
        <time>2026-08-12T15:24:18.000Z</time>
        <speed>1.250</speed>
      </trkpt>
      <trkpt lat="50.5934115" lon="-2.4917314">
        <ele>11.6</ele>
        <time>2026-08-12T15:24:23.000Z</time>
        <speed>1.269</speed>
      </trkpt>
      <trkpt lat="50.5934628" lon="-2.4917629">
        <ele>11.6</ele>
        <time>2026-08-12T15:24:28.000Z</time>
        <speed>1.278</speed>
      </trkpt>
      <trkpt lat="50.5935087" lon="-2.4918047">
        <ele>11.8</ele>
        <time>2026-08-12T15:24:33.000Z</time>
        <speed>1.250</speed>
      </trkpt>
      <trkpt lat="50.5935635" lon="-2.4918391">
        <ele>12.2</ele>
        <time>2026-08-12T15:24:38.000Z</time>
        <speed>1.250</speed>
      </trkpt>
      <trkpt lat="50.5936234" lon="-2.4918512">
        <ele>12.2</ele>
        <time>2026-08-12T15:24:43.000Z</time>
        <speed>1.250</speed>
      </trkpt>
      <trkpt lat="50.5936670" lon="-2.4918800">
        <ele>12.6</ele>
        <time>2026-08-12T15:24:48.000Z</time>
        <speed>1.241</speed>
      </trkpt>
      <trkpt lat="50.5937187" lon="-2.4919082">
        <ele>13.0</ele>
        <time>2026-08-12T15:24:53.000Z</time>
        <speed>1.232</speed>
      </trkpt>
      <trkpt lat="50.5937717" lon="-2.4919283">
        <ele>13.6</ele>
        <time>2026-08-12T15:24:58.000Z</time>
        <speed>1.241</speed>
      </trkpt>
      <trkpt lat="50.5938228" lon="-2.4919588">
        <ele>13.8</ele>
        <time>2026-08-12T15:25:03.000Z</time>
        <speed>1.222</speed>
      </trkpt>
      <trkpt lat="50.5938779" lon="-2.4919769">
        <ele>14.2</ele>
        <time>2026-08-12T15:25:08.000Z</time>
        <speed>1.222</speed>
      </trkpt>
      <trkpt lat="50.5939270" lon="-2.4919977">
        <ele>15.0</ele>
        <time>2026-08-12T15:25:13.000Z</time>
        <speed>1.213</speed>
      </trkpt>
      <trkpt lat="50.5939686" lon="-2.4920127">
        <ele>14.6</ele>
        <time>2026-08-12T15:25:18.000Z</time>
        <speed>1.185</speed>
      </trkpt>
      <trkpt lat="50.5939704" lon="-2.4920068">
        <ele>14.8</ele>
        <time>2026-08-12T15:25:23.000Z</time>
        <speed>0.000</speed>
      </trkpt>
      <trkpt lat="50.5939704" lon="-2.4920068">
        <ele>15.0</ele>
        <time>2026-08-12T15:25:28.000Z</time>
        <speed>0.000</speed>
      </trkpt>
      <trkpt lat="50.5939704" lon="-2.4920068">
        <ele>14.8</ele>
        <time>2026-08-12T15:25:33.000Z</time>
        <speed>0.000</speed>
      </trkpt>
      <trkpt lat="50.5939704" lon="-2.4920068">
        <ele>15.0</ele>
        <time>2026-08-12T15:25:38.000Z</time>
        <speed>0.000</speed>
      </trkpt>
      <trkpt lat="50.5939704" lon="-2.4920068">
        <ele>14.6</ele>
        <time>2026-08-12T15:25:43.000Z</time>
        <speed>0.000</speed>
      </trkpt>
      <trkpt lat="50.5939192" lon="-2.4919757">
        <ele>15.0</ele>
        <time>2026-08-12T15:25:48.000Z</time>
        <speed>0.914</speed>
      </trkpt>
      <trkpt lat="50.5938663" lon="-2.4919496">
        <ele>14.8</ele>
        <time>2026-08-12T15:25:53.000Z</time>
        <speed>1.213</speed>
      </trkpt>
      <trkpt lat="50.5938102" lon="-2.4919330">
        <ele>14.2</ele>
        <time>2026-08-12T15:25:58.000Z</time>
        <speed>1.157</speed>
      </trkpt>
      <trkpt lat="50.5937658" lon="-2.4919103">
        <ele>13.8</ele>
        <time>2026-08-12T15:26:03.000Z</time>
        <speed>1.148</speed>
      </trkpt>
      <trkpt lat="50.5937057" lon="-2.4918830">
        <ele>13.4</ele>
        <time>2026-08-12T15:26:08.000Z</time>
        <speed>1.194</speed>
      </trkpt>
      <trkpt lat="50.5936538" lon="-2.4918567">
        <ele>13.0</ele>
        <time>2026-08-12T15:26:13.000Z</time>
        <speed>1.213</speed>
      </trkpt>
      <trkpt lat="50.5936031" lon="-2.4918118">
        <ele>12.6</ele>
        <time>2026-08-12T15:26:18.000Z</time>
        <speed>1.288</speed>
      </trkpt>
      <trkpt lat="50.5935575" lon="-2.4917811">
        <ele>12.6</ele>
        <time>2026-08-12T15:26:23.000Z</time>
        <speed>1.260</speed>
      </trkpt>
      <trkpt lat="50.5935045" lon="-2.4917580">
        <ele>12.6</ele>
        <time>2026-08-12T15:26:28.000Z</time>
        <speed>1.232</speed>
      </trkpt>
      <trkpt lat="50.5934557" lon="-2.4917225">
        <ele>12.6</ele>
        <time>2026-08-12T15:26:33.000Z</time>
        <speed>1.232</speed>
      </trkpt>
      <trkpt lat="50.5933976" lon="-2.4916808">
        <ele>12.4</ele>
        <time>2026-08-12T15:26:38.000Z</time>
        <speed>1.278</speed>
      </trkpt>
      <trkpt lat="50.5933426" lon="-2.4916563">
        <ele>12.0</ele>
        <time>2026-08-12T15:26:43.000Z</time>
        <speed>1.260</speed>
      </trkpt>
      <trkpt lat="50.5932941" lon="-2.4916096">
        <ele>11.4</ele>
        <time>2026-08-12T15:26:48.000Z</time>
        <speed>1.269</speed>
      </trkpt>
      <trkpt lat="50.5932471" lon="-2.4915561">
        <ele>12.4</ele>
        <time>2026-08-12T15:26:53.000Z</time>
        <speed>1.278</speed>
      </trkpt>
      <trkpt lat="50.5932013" lon="-2.4914930">
        <ele>13.0</ele>
        <time>2026-08-12T15:26:58.000Z</time>
        <speed>1.288</speed>
      </trkpt>
      <trkpt lat="50.5931491" lon="-2.4914431">
        <ele>12.6</ele>
        <time>2026-08-12T15:27:03.000Z</time>
        <speed>1.288</speed>
      </trkpt>
      <trkpt lat="50.5930996" lon="-2.4914000">
        <ele>12.8</ele>
        <time>2026-08-12T15:27:08.000Z</time>
        <speed>1.297</speed>
      </trkpt>
      <trkpt lat="50.5930582" lon="-2.4913604">
        <ele>13.2</ele>
        <time>2026-08-12T15:27:13.000Z</time>
        <speed>1.288</speed>
      </trkpt>
      <trkpt lat="50.5930182" lon="-2.4913113">
        <ele>14.0</ele>
        <time>2026-08-12T15:27:18.000Z</time>
        <speed>1.232</speed>
      </trkpt>
      <trkpt lat="50.5929672" lon="-2.4912639">
        <ele>13.4</ele>
        <time>2026-08-12T15:27:23.000Z</time>
        <speed>1.241</speed>
      </trkpt>
      <trkpt lat="50.5929227" lon="-2.4912224">
        <ele>13.2</ele>
        <time>2026-08-12T15:27:28.000Z</time>
        <speed>1.213</speed>
      </trkpt>
      <trkpt lat="50.5928758" lon="-2.4911828">
        <ele>13.6</ele>
        <time>2026-08-12T15:27:33.000Z</time>
        <speed>1.204</speed>
      </trkpt>
      <trkpt lat="50.5928256" lon="-2.4911352">
        <ele>13.6</ele>
        <time>2026-08-12T15:27:38.000Z</time>
        <speed>1.241</speed>
      </trkpt>
      <trkpt lat="50.5927745" lon="-2.4910922">
        <ele>14.2</ele>
        <time>2026-08-12T15:27:43.000Z</time>
        <speed>1.269</speed>
      </trkpt>
      <trkpt lat="50.5927263" lon="-2.4910274">
        <ele>13.2</ele>
        <time>2026-08-12T15:27:48.000Z</time>
        <speed>1.250</speed>
      </trkpt>
      <trkpt lat="50.5926838" lon="-2.4909821">
        <ele>13.2</ele>
        <time>2026-08-12T15:27:53.000Z</time>
        <speed>1.278</speed>
      </trkpt>
      <trkpt lat="50.5926399" lon="-2.4909376">
        <ele>13.0</ele>
        <time>2026-08-12T15:27:58.000Z</time>
        <speed>1.260</speed>
      </trkpt>
      <trkpt lat="50.5925946" lon="-2.4908772">
        <ele>13.2</ele>
        <time>2026-08-12T15:28:03.000Z</time>
        <speed>1.250</speed>
      </trkpt>
      <trkpt lat="50.5925516" lon="-2.4908141">
        <ele>13.4</ele>
        <time>2026-08-12T15:28:08.000Z</time>
        <speed>1.260</speed>
      </trkpt>
      <trkpt lat="50.5925094" lon="-2.4907499">
        <ele>12.0</ele>
        <time>2026-08-12T15:28:13.000Z</time>
        <speed>1.278</speed>
      </trkpt>
      <trkpt lat="50.5924701" lon="-2.4907001">
        <ele>11.8</ele>
        <time>2026-08-12T15:28:18.000Z</time>
        <speed>1.269</speed>
      </trkpt>
      <trkpt lat="50.5924274" lon="-2.4906425">
        <ele>12.8</ele>
        <time>2026-08-12T15:28:23.000Z</time>
        <speed>1.232</speed>
      </trkpt>
      <trkpt lat="50.5923838" lon="-2.4905754">
        <ele>13.0</ele>
        <time>2026-08-12T15:28:28.000Z</time>
        <speed>1.278</speed>
      </trkpt>
      <trkpt lat="50.5923450" lon="-2.4905078">
        <ele>13.4</ele>
        <time>2026-08-12T15:28:33.000Z</time>
        <speed>1.269</speed>
      </trkpt>
      <trkpt lat="50.5923121" lon="-2.4904426">
        <ele>13.0</ele>
        <time>2026-08-12T15:28:38.000Z</time>
        <speed>1.269</speed>
      </trkpt>
      <trkpt lat="50.5922778" lon="-2.4903679">
        <ele>12.8</ele>
        <time>2026-08-12T15:28:43.000Z</time>
        <speed>1.269</speed>
      </trkpt>
      <trkpt lat="50.5922420" lon="-2.4902883">
        <ele>12.6</ele>
        <time>2026-08-12T15:28:48.000Z</time>
        <speed>1.278</speed>
      </trkpt>
      <trkpt lat="50.5922103" lon="-2.4902188">
        <ele>12.6</ele>
        <time>2026-08-12T15:28:53.000Z</time>
        <speed>1.278</speed>
      </trkpt>
      <trkpt lat="50.5921789" lon="-2.4901433">
        <ele>13.0</ele>
        <time>2026-08-12T15:28:58.000Z</time>
        <speed>1.278</speed>
      </trkpt>
      <trkpt lat="50.5921372" lon="-2.4900642">
        <ele>12.6</ele>
        <time>2026-08-12T15:29:03.000Z</time>
        <speed>1.297</speed>
      </trkpt>
      <trkpt lat="50.5921023" lon="-2.4899872">
        <ele>12.2</ele>
        <time>2026-08-12T15:29:08.000Z</time>
        <speed>1.297</speed>
      </trkpt>
      <trkpt lat="50.5920667" lon="-2.4899251">
        <ele>12.8</ele>
        <time>2026-08-12T15:29:13.000Z</time>
        <speed>1.297</speed>
      </trkpt>
      <trkpt lat="50.5920340" lon="-2.4898469">
        <ele>12.2</ele>
        <time>2026-08-12T15:29:18.000Z</time>
        <speed>1.297</speed>
      </trkpt>
      <trkpt lat="50.5920036" lon="-2.4897861">
        <ele>12.0</ele>
        <time>2026-08-12T15:29:23.000Z</time>
        <speed>1.269</speed>
      </trkpt>
      <trkpt lat="50.5919779" lon="-2.4896959">
        <ele>11.2</ele>
        <time>2026-08-12T15:29:28.000Z</time>
        <speed>1.278</speed>
      </trkpt>
      <trkpt lat="50.5919402" lon="-2.4896278">
        <ele>11.2</ele>
        <time>2026-08-12T15:29:33.000Z</time>
        <speed>1.269</speed>
      </trkpt>
      <trkpt lat="50.5919080" lon="-2.4895416">
        <ele>10.6</ele>
        <time>2026-08-12T15:29:38.000Z</time>
        <speed>1.288</speed>
      </trkpt>
      <trkpt lat="50.5918791" lon="-2.4894662">
        <ele>10.0</ele>
        <time>2026-08-12T15:29:43.000Z</time>
        <speed>1.278</speed>
      </trkpt>
      <trkpt lat="50.5918582" lon="-2.4893809">
        <ele>9.2</ele>
        <time>2026-08-12T15:29:48.000Z</time>
        <speed>1.278</speed>
      </trkpt>
      <trkpt lat="50.5918214" lon="-2.4893029">
        <ele>8.8</ele>
        <time>2026-08-12T15:29:53.000Z</time>
        <speed>1.278</speed>
      </trkpt>
      <trkpt lat="50.5917813" lon="-2.4892307">
        <ele>8.4</ele>
        <time>2026-08-12T15:29:58.000Z</time>
        <speed>1.288</speed>
      </trkpt>
      <trkpt lat="50.5917508" lon="-2.4891447">
        <ele>8.0</ele>
        <time>2026-08-12T15:30:03.000Z</time>
        <speed>1.316</speed>
      </trkpt>
      <trkpt lat="50.5917158" lon="-2.4890770">
        <ele>8.4</ele>
        <time>2026-08-12T15:30:08.000Z</time>
        <speed>1.297</speed>
      </trkpt>
      <trkpt lat="50.5916880" lon="-2.4889950">
        <ele>7.8</ele>
        <time>2026-08-12T15:30:13.000Z</time>
        <speed>1.316</speed>
      </trkpt>
      <trkpt lat="50.5916408" lon="-2.4889339">
        <ele>7.0</ele>
        <time>2026-08-12T15:30:18.000Z</time>
        <speed>1.297</speed>
      </trkpt>
      <trkpt lat="50.5916166" lon="-2.4888529">
        <ele>7.0</ele>
        <time>2026-08-12T15:30:23.000Z</time>
        <speed>1.316</speed>
      </trkpt>
      <trkpt lat="50.5915833" lon="-2.4887627">
        <ele>7.4</ele>
        <time>2026-08-12T15:30:28.000Z</time>
        <speed>1.344</speed>
      </trkpt>
      <trkpt lat="50.5915551" lon="-2.4886877">
        <ele>6.8</ele>
        <time>2026-08-12T15:30:33.000Z</time>
        <speed>1.344</speed>
      </trkpt>
      <trkpt lat="50.5915213" lon="-2.4886106">
        <ele>6.0</ele>
        <time>2026-08-12T15:30:38.000Z</time>
        <speed>1.334</speed>
      </trkpt>
      <trkpt lat="50.5914901" lon="-2.4885396">
        <ele>5.2</ele>
        <time>2026-08-12T15:30:43.000Z</time>
        <speed>1.297</speed>
      </trkpt>
      <trkpt lat="50.5914601" lon="-2.4884555">
        <ele>5.6</ele>
        <time>2026-08-12T15:30:48.000Z</time>
        <speed>1.316</speed>
      </trkpt>
      <trkpt lat="50.5914257" lon="-2.4883858">
        <ele>5.2</ele>
        <time>2026-08-12T15:30:53.000Z</time>
        <speed>1.288</speed>
      </trkpt>
      <trkpt lat="50.5913862" lon="-2.4882971">
        <ele>5.2</ele>
        <time>2026-08-12T15:30:58.000Z</time>
        <speed>1.316</speed>
      </trkpt>
      <trkpt lat="50.5913618" lon="-2.4882225">
        <ele>5.0</ele>
        <time>2026-08-12T15:31:03.000Z</time>
        <speed>1.306</speed>
      </trkpt>
      <trkpt lat="50.5913354" lon="-2.4881380">
        <ele>5.2</ele>
        <time>2026-08-12T15:31:08.000Z</time>
        <speed>1.316</speed>
      </trkpt>
      <trkpt lat="50.5913057" lon="-2.4880630">
        <ele>4.2</ele>
        <time>2026-08-12T15:31:13.000Z</time>
        <speed>1.288</speed>
      </trkpt>
      <trkpt lat="50.5913027" lon="-2.4879722">
        <ele>4.2</ele>
        <time>2026-08-12T15:31:18.000Z</time>
        <speed>1.278</speed>
      </trkpt>
      <trkpt lat="50.5912824" lon="-2.4878806">
        <ele>4.2</ele>
        <time>2026-08-12T15:31:23.000Z</time>
        <speed>1.297</speed>
      </trkpt>
      <trkpt lat="50.5912680" lon="-2.4877927">
        <ele>4.6</ele>
        <time>2026-08-12T15:31:28.000Z</time>
        <speed>1.297</speed>
      </trkpt>
      <trkpt lat="50.5912579" lon="-2.4877108">
        <ele>4.4</ele>
        <time>2026-08-12T15:31:33.000Z</time>
        <speed>1.306</speed>
      </trkpt>
      <trkpt lat="50.5912492" lon="-2.4876125">
        <ele>3.8</ele>
        <time>2026-08-12T15:31:38.000Z</time>
        <speed>1.297</speed>
      </trkpt>
      <trkpt lat="50.5912462" lon="-2.4875276">
        <ele>4.0</ele>
        <time>2026-08-12T15:31:43.000Z</time>
        <speed>1.278</speed>
      </trkpt>
      <trkpt lat="50.5912506" lon="-2.4874335">
        <ele>4.2</ele>
        <time>2026-08-12T15:31:48.000Z</time>
        <speed>1.306</speed>
      </trkpt>
      <trkpt lat="50.5912615" lon="-2.4873420">
        <ele>3.8</ele>
        <time>2026-08-12T15:31:53.000Z</time>
        <speed>1.297</speed>
      </trkpt>
      <trkpt lat="50.5912641" lon="-2.4872586">
        <ele>4.0</ele>
        <time>2026-08-12T15:31:58.000Z</time>
        <speed>1.278</speed>
      </trkpt>
      <trkpt lat="50.5912677" lon="-2.4871678">
        <ele>3.6</ele>
        <time>2026-08-12T15:32:03.000Z</time>
        <speed>1.278</speed>
      </trkpt>
      <trkpt lat="50.5912786" lon="-2.4870845">
        <ele>4.0</ele>
        <time>2026-08-12T15:32:08.000Z</time>
        <speed>1.269</speed>
      </trkpt>
      <trkpt lat="50.5912910" lon="-2.4869931">
        <ele>4.0</ele>
        <time>2026-08-12T15:32:13.000Z</time>
        <speed>1.269</speed>
      </trkpt>
      <trkpt lat="50.5913076" lon="-2.4869011">
        <ele>4.4</ele>
        <time>2026-08-12T15:32:18.000Z</time>
        <speed>1.278</speed>
      </trkpt>
      <trkpt lat="50.5913176" lon="-2.4868072">
        <ele>3.4</ele>
        <time>2026-08-12T15:32:23.000Z</time>
        <speed>1.288</speed>
      </trkpt>
      <trkpt lat="50.5913378" lon="-2.4867305">
        <ele>3.6</ele>
        <time>2026-08-12T15:32:28.000Z</time>
        <speed>1.269</speed>
      </trkpt>
      <trkpt lat="50.5913591" lon="-2.4866429">
        <ele>3.8</ele>
        <time>2026-08-12T15:32:33.000Z</time>
        <speed>1.278</speed>
      </trkpt>
      <trkpt lat="50.5913841" lon="-2.4865564">
        <ele>2.8</ele>
        <time>2026-08-12T15:32:38.000Z</time>
        <speed>1.288</speed>
      </trkpt>
      <trkpt lat="50.5914054" lon="-2.4864767">
        <ele>2.6</ele>
        <time>2026-08-12T15:32:43.000Z</time>
        <speed>1.278</speed>
      </trkpt>
      <trkpt lat="50.5914340" lon="-2.4863935">
        <ele>2.4</ele>
        <time>2026-08-12T15:32:48.000Z</time>
        <speed>1.278</speed>
      </trkpt>
      <trkpt lat="50.5914872" lon="-2.4863498">
        <ele>3.6</ele>
        <time>2026-08-12T15:32:53.000Z</time>
        <speed>1.269</speed>
      </trkpt>
      <trkpt lat="50.5915371" lon="-2.4862982">
        <ele>3.4</ele>
        <time>2026-08-12T15:32:58.000Z</time>
        <speed>1.288</speed>
      </trkpt>
      <trkpt lat="50.5915847" lon="-2.4862378">
        <ele>2.2</ele>
        <time>2026-08-12T15:33:03.000Z</time>
        <speed>1.288</speed>
      </trkpt>
      <trkpt lat="50.5916405" lon="-2.4861950">
        <ele>1.8</ele>
        <time>2026-08-12T15:33:08.000Z</time>
        <speed>1.297</speed>
      </trkpt>
      <trkpt lat="50.5916870" lon="-2.4861461">
        <ele>1.6</ele>
        <time>2026-08-12T15:33:13.000Z</time>
        <speed>1.297</speed>
      </trkpt>
      <trkpt lat="50.5917448" lon="-2.4861168">
        <ele>1.6</ele>
        <time>2026-08-12T15:33:18.000Z</time>
        <speed>1.297</speed>
      </trkpt>
      <trkpt lat="50.5918003" lon="-2.4860781">
        <ele>1.8</ele>
        <time>2026-08-12T15:33:23.000Z</time>
        <speed>1.288</speed>
      </trkpt>
      <trkpt lat="50.5918508" lon="-2.4860405">
        <ele>2.0</ele>
        <time>2026-08-12T15:33:28.000Z</time>
        <speed>1.297</speed>
      </trkpt>
      <trkpt lat="50.5918466" lon="-2.4859963">
        <ele>1.8</ele>
        <time>2026-08-12T15:33:33.000Z</time>
        <speed>1.120</speed>
      </trkpt>
      <trkpt lat="50.5918277" lon="-2.4859740">
        <ele>-0.2</ele>
        <time>2026-08-12T15:33:38.000Z</time>
        <speed>0.000</speed>
      </trkpt>
      <trkpt lat="50.5918264" lon="-2.4859025">
        <ele>-0.8</ele>
        <time>2026-08-12T15:33:43.000Z</time>
        <speed>0.000</speed>
      </trkpt>
      <trkpt lat="50.5918294" lon="-2.4858016">
        <ele>0.0</ele>
        <time>2026-08-12T15:33:48.000Z</time>
        <speed>1.446</speed>
      </trkpt>
      <trkpt lat="50.5918247" lon="-2.4857112">
        <ele>-0.2</ele>
        <time>2026-08-12T15:33:53.000Z</time>
        <speed>1.213</speed>
      </trkpt>
      <trkpt lat="50.5918301" lon="-2.4856323">
        <ele>-0.4</ele>
        <time>2026-08-12T15:33:58.000Z</time>
        <speed>1.288</speed>
      </trkpt>
      <trkpt lat="50.5918155" lon="-2.4855418">
        <ele>-0.4</ele>
        <time>2026-08-12T15:34:03.000Z</time>
        <speed>1.278</speed>
      </trkpt>
      <trkpt lat="50.5918041" lon="-2.4854635">
        <ele>-0.6</ele>
        <time>2026-08-12T15:34:08.000Z</time>
        <speed>1.260</speed>
      </trkpt>
      <trkpt lat="50.5917922" lon="-2.4853779">
        <ele>-0.2</ele>
        <time>2026-08-12T15:34:13.000Z</time>
        <speed>1.250</speed>
      </trkpt>
      <trkpt lat="50.5917787" lon="-2.4852878">
        <ele>-0.4</ele>
        <time>2026-08-12T15:34:18.000Z</time>
        <speed>1.344</speed>
      </trkpt>
      <trkpt lat="50.5917360" lon="-2.4852019">
        <ele>-1.6</ele>
        <time>2026-08-12T15:34:23.000Z</time>
        <speed>1.372</speed>
      </trkpt>
      <trkpt lat="50.5917049" lon="-2.4851236">
        <ele>-1.6</ele>
        <time>2026-08-12T15:34:28.000Z</time>
        <speed>1.344</speed>
      </trkpt>
      <trkpt lat="50.5916777" lon="-2.4850515">
        <ele>0.6</ele>
        <time>2026-08-12T15:34:33.000Z</time>
        <speed>1.334</speed>
      </trkpt>
      <trkpt lat="50.5916484" lon="-2.4849643">
        <ele>-0.6</ele>
        <time>2026-08-12T15:34:38.000Z</time>
        <speed>1.334</speed>
      </trkpt>
      <trkpt lat="50.5916146" lon="-2.4849031">
        <ele>-0.6</ele>
        <time>2026-08-12T15:34:43.000Z</time>
        <speed>1.306</speed>
      </trkpt>
      <trkpt lat="50.5915805" lon="-2.4848310">
        <ele>-0.6</ele>
        <time>2026-08-12T15:34:48.000Z</time>
        <speed>1.306</speed>
      </trkpt>
      <trkpt lat="50.5915424" lon="-2.4847559">
        <ele>-0.4</ele>
        <time>2026-08-12T15:34:53.000Z</time>
        <speed>1.306</speed>
      </trkpt>
      <trkpt lat="50.5915081" lon="-2.4846902">
        <ele>-0.2</ele>
        <time>2026-08-12T15:34:58.000Z</time>
        <speed>1.297</speed>
      </trkpt>
      <trkpt lat="50.5914738" lon="-2.4846267">
        <ele>-1.0</ele>
        <time>2026-08-12T15:35:03.000Z</time>
        <speed>1.269</speed>
      </trkpt>
      <trkpt lat="50.5914419" lon="-2.4845561">
        <ele>-1.0</ele>
        <time>2026-08-12T15:35:08.000Z</time>
        <speed>1.269</speed>
      </trkpt>
      <trkpt lat="50.5914239" lon="-2.4844894">
        <ele>-1.0</ele>
        <time>2026-08-12T15:35:13.000Z</time>
        <speed>1.260</speed>
      </trkpt>
      <trkpt lat="50.5914186" lon="-2.4844122">
        <ele>-0.4</ele>
        <time>2026-08-12T15:35:18.000Z</time>
        <speed>1.213</speed>
      </trkpt>
      <trkpt lat="50.5913892" lon="-2.4843397">
        <ele>-0.6</ele>
        <time>2026-08-12T15:35:23.000Z</time>
        <speed>1.194</speed>
      </trkpt>
      <trkpt lat="50.5913409" lon="-2.4842865">
        <ele>-0.8</ele>
        <time>2026-08-12T15:35:28.000Z</time>
        <speed>1.213</speed>
      </trkpt>
      <trkpt lat="50.5913018" lon="-2.4842216">
        <ele>-0.6</ele>
        <time>2026-08-12T15:35:33.000Z</time>
        <speed>1.204</speed>
      </trkpt>
      <trkpt lat="50.5912981" lon="-2.4841463">
        <ele>-0.2</ele>
        <time>2026-08-12T15:35:38.000Z</time>
        <speed>1.194</speed>
      </trkpt>
      <trkpt lat="50.5912606" lon="-2.4840758">
        <ele>0.4</ele>
        <time>2026-08-12T15:35:43.000Z</time>
        <speed>1.176</speed>
      </trkpt>
      <trkpt lat="50.5912318" lon="-2.4840436">
        <ele>0.2</ele>
        <time>2026-08-12T15:35:48.000Z</time>
        <speed>1.138</speed>
      </trkpt>
      <trkpt lat="50.5912299" lon="-2.4840449">
        <ele>0.0</ele>
        <time>2026-08-12T15:35:53.000Z</time>
        <speed>0.000</speed>
      </trkpt>
      <trkpt lat="50.5911947" lon="-2.4840208">
        <ele>0.0</ele>
        <time>2026-08-12T15:35:58.000Z</time>
        <speed>0.000</speed>
      </trkpt>
      <trkpt lat="50.5911622" lon="-2.4839789">
        <ele>0.2</ele>
        <time>2026-08-12T15:36:03.000Z</time>
        <speed>0.644</speed>
      </trkpt>
      <trkpt lat="50.5911579" lon="-2.4839343">
        <ele>0.8</ele>
        <time>2026-08-12T15:36:08.000Z</time>
        <speed>0.774</speed>
      </trkpt>
      <trkpt lat="50.5911623" lon="-2.4838742">
        <ele>1.6</ele>
        <time>2026-08-12T15:36:13.000Z</time>
        <speed>0.896</speed>
      </trkpt>
      <trkpt lat="50.5911267" lon="-2.4838284">
        <ele>2.2</ele>
        <time>2026-08-12T15:36:18.000Z</time>
        <speed>0.961</speed>
      </trkpt>
      <trkpt lat="50.5910816" lon="-2.4837904">
        <ele>2.2</ele>
        <time>2026-08-12T15:36:23.000Z</time>
        <speed>0.961</speed>
      </trkpt>
      <trkpt lat="50.5910391" lon="-2.4837625">
        <ele>2.8</ele>
        <time>2026-08-12T15:36:28.000Z</time>
        <speed>0.961</speed>
      </trkpt>
      <trkpt lat="50.5909870" lon="-2.4837294">
        <ele>3.6</ele>
        <time>2026-08-12T15:36:33.000Z</time>
        <speed>1.073</speed>
      </trkpt>
      <trkpt lat="50.5909416" lon="-2.4836892">
        <ele>4.0</ele>
        <time>2026-08-12T15:36:38.000Z</time>
        <speed>1.092</speed>
      </trkpt>
      <trkpt lat="50.5909127" lon="-2.4836700">
        <ele>5.2</ele>
        <time>2026-08-12T15:36:43.000Z</time>
        <speed>1.036</speed>
      </trkpt>
      <trkpt lat="50.5908852" lon="-2.4836496">
        <ele>5.6</ele>
        <time>2026-08-12T15:36:48.000Z</time>
        <speed>0.849</speed>
      </trkpt>
      <trkpt lat="50.5908551" lon="-2.4836225">
        <ele>6.0</ele>
        <time>2026-08-12T15:36:53.000Z</time>
        <speed>0.868</speed>
      </trkpt>
      <trkpt lat="50.5908209" lon="-2.4835949">
        <ele>6.6</ele>
        <time>2026-08-12T15:36:58.000Z</time>
        <speed>0.849</speed>
      </trkpt>
      <trkpt lat="50.5907934" lon="-2.4835822">
        <ele>7.4</ele>
        <time>2026-08-12T15:37:03.000Z</time>
        <speed>0.821</speed>
      </trkpt>
      <trkpt lat="50.5907565" lon="-2.4835805">
        <ele>8.2</ele>
        <time>2026-08-12T15:37:08.000Z</time>
        <speed>0.802</speed>
      </trkpt>
      <trkpt lat="50.5907176" lon="-2.4836028">
        <ele>8.4</ele>
        <time>2026-08-12T15:37:13.000Z</time>
        <speed>0.830</speed>
      </trkpt>
      <trkpt lat="50.5906747" lon="-2.4836245">
        <ele>9.0</ele>
        <time>2026-08-12T15:37:18.000Z</time>
        <speed>0.849</speed>
      </trkpt>
      <trkpt lat="50.5906294" lon="-2.4836482">
        <ele>9.4</ele>
        <time>2026-08-12T15:37:23.000Z</time>
        <speed>0.896</speed>
      </trkpt>
      <trkpt lat="50.5905882" lon="-2.4836699">
        <ele>9.8</ele>
        <time>2026-08-12T15:37:28.000Z</time>
        <speed>0.914</speed>
      </trkpt>
      <trkpt lat="50.5905482" lon="-2.4836929">
        <ele>10.0</ele>
        <time>2026-08-12T15:37:33.000Z</time>
        <speed>0.924</speed>
      </trkpt>
      <trkpt lat="50.5905076" lon="-2.4837107">
        <ele>10.8</ele>
        <time>2026-08-12T15:37:38.000Z</time>
        <speed>0.905</speed>
      </trkpt>
      <trkpt lat="50.5904666" lon="-2.4837179">
        <ele>11.0</ele>
        <time>2026-08-12T15:37:43.000Z</time>
        <speed>0.905</speed>
      </trkpt>
      <trkpt lat="50.5904159" lon="-2.4837327">
        <ele>11.2</ele>
        <time>2026-08-12T15:37:48.000Z</time>
        <speed>0.933</speed>
      </trkpt>
      <trkpt lat="50.5903737" lon="-2.4837513">
        <ele>11.4</ele>
        <time>2026-08-12T15:37:53.000Z</time>
        <speed>0.952</speed>
      </trkpt>
      <trkpt lat="50.5903278" lon="-2.4837842">
        <ele>11.4</ele>
        <time>2026-08-12T15:37:58.000Z</time>
        <speed>0.980</speed>
      </trkpt>
      <trkpt lat="50.5902868" lon="-2.4838269">
        <ele>11.4</ele>
        <time>2026-08-12T15:38:03.000Z</time>
        <speed>1.036</speed>
      </trkpt>
      <trkpt lat="50.5902466" lon="-2.4838744">
        <ele>11.6</ele>
        <time>2026-08-12T15:38:08.000Z</time>
        <speed>1.054</speed>
      </trkpt>
      <trkpt lat="50.5901900" lon="-2.4838837">
        <ele>11.0</ele>
        <time>2026-08-12T15:38:13.000Z</time>
        <speed>1.101</speed>
      </trkpt>
      <trkpt lat="50.5901599" lon="-2.4838794">
        <ele>11.0</ele>
        <time>2026-08-12T15:38:18.000Z</time>
        <speed>1.017</speed>
      </trkpt>
      <trkpt lat="50.5901086" lon="-2.4838752">
        <ele>10.4</ele>
        <time>2026-08-12T15:38:23.000Z</time>
        <speed>1.008</speed>
      </trkpt>
      <trkpt lat="50.5900567" lon="-2.4838703">
        <ele>9.4</ele>
        <time>2026-08-12T15:38:28.000Z</time>
        <speed>1.129</speed>
      </trkpt>
      <trkpt lat="50.5900074" lon="-2.4838603">
        <ele>9.0</ele>
        <time>2026-08-12T15:38:33.000Z</time>
        <speed>1.129</speed>
      </trkpt>
      <trkpt lat="50.5899492" lon="-2.4838587">
        <ele>8.8</ele>
        <time>2026-08-12T15:38:38.000Z</time>
        <speed>1.129</speed>
      </trkpt>
      <trkpt lat="50.5898942" lon="-2.4838500">
        <ele>8.8</ele>
        <time>2026-08-12T15:38:43.000Z</time>
        <speed>1.148</speed>
      </trkpt>
      <trkpt lat="50.5898460" lon="-2.4838401">
        <ele>8.8</ele>
        <time>2026-08-12T15:38:48.000Z</time>
        <speed>1.176</speed>
      </trkpt>
      <trkpt lat="50.5897999" lon="-2.4838171">
        <ele>8.6</ele>
        <time>2026-08-12T15:38:53.000Z</time>
        <speed>1.148</speed>
      </trkpt>
      <trkpt lat="50.5897455" lon="-2.4837876">
        <ele>7.6</ele>
        <time>2026-08-12T15:38:58.000Z</time>
        <speed>1.185</speed>
      </trkpt>
      <trkpt lat="50.5896977" lon="-2.4837549">
        <ele>7.2</ele>
        <time>2026-08-12T15:39:03.000Z</time>
        <speed>1.185</speed>
      </trkpt>
      <trkpt lat="50.5896510" lon="-2.4837411">
        <ele>7.0</ele>
        <time>2026-08-12T15:39:08.000Z</time>
        <speed>1.176</speed>
      </trkpt>
      <trkpt lat="50.5896053" lon="-2.4837269">
        <ele>7.0</ele>
        <time>2026-08-12T15:39:13.000Z</time>
        <speed>1.148</speed>
      </trkpt>
      <trkpt lat="50.5895502" lon="-2.4837011">
        <ele>6.6</ele>
        <time>2026-08-12T15:39:18.000Z</time>
        <speed>1.176</speed>
      </trkpt>
      <trkpt lat="50.5894955" lon="-2.4836746">
        <ele>6.4</ele>
        <time>2026-08-12T15:39:23.000Z</time>
        <speed>1.204</speed>
      </trkpt>
      <trkpt lat="50.5894482" lon="-2.4836612">
        <ele>6.4</ele>
        <time>2026-08-12T15:39:28.000Z</time>
        <speed>1.185</speed>
      </trkpt>
      <trkpt lat="50.5894038" lon="-2.4836445">
        <ele>6.6</ele>
        <time>2026-08-12T15:39:33.000Z</time>
        <speed>1.166</speed>
      </trkpt>
      <trkpt lat="50.5893531" lon="-2.4836274">
        <ele>6.0</ele>
        <time>2026-08-12T15:39:38.000Z</time>
        <speed>1.157</speed>
      </trkpt>
      <trkpt lat="50.5892915" lon="-2.4836119">
        <ele>4.8</ele>
        <time>2026-08-12T15:39:43.000Z</time>
        <speed>1.166</speed>
      </trkpt>
      <trkpt lat="50.5892400" lon="-2.4836085">
        <ele>4.6</ele>
        <time>2026-08-12T15:39:48.000Z</time>
        <speed>1.194</speed>
      </trkpt>
      <trkpt lat="50.5891900" lon="-2.4835816">
        <ele>4.6</ele>
        <time>2026-08-12T15:39:53.000Z</time>
        <speed>1.185</speed>
      </trkpt>
      <trkpt lat="50.5891607" lon="-2.4835136">
        <ele>4.6</ele>
        <time>2026-08-12T15:39:58.000Z</time>
        <speed>1.185</speed>
      </trkpt>
      <trkpt lat="50.5891407" lon="-2.4834392">
        <ele>4.8</ele>
        <time>2026-08-12T15:40:03.000Z</time>
        <speed>1.185</speed>
      </trkpt>
      <trkpt lat="50.5891312" lon="-2.4833637">
        <ele>5.4</ele>
        <time>2026-08-12T15:40:08.000Z</time>
        <speed>1.157</speed>
      </trkpt>
      <trkpt lat="50.5891151" lon="-2.4832839">
        <ele>5.0</ele>
        <time>2026-08-12T15:40:13.000Z</time>
        <speed>1.194</speed>
      </trkpt>
      <trkpt lat="50.5890928" lon="-2.4831939">
        <ele>5.0</ele>
        <time>2026-08-12T15:40:18.000Z</time>
        <speed>1.213</speed>
      </trkpt>
      <trkpt lat="50.5890820" lon="-2.4831159">
        <ele>5.0</ele>
        <time>2026-08-12T15:40:23.000Z</time>
        <speed>1.204</speed>
      </trkpt>
      <trkpt lat="50.5890629" lon="-2.4830340">
        <ele>5.0</ele>
        <time>2026-08-12T15:40:28.000Z</time>
        <speed>1.194</speed>
      </trkpt>
      <trkpt lat="50.5890527" lon="-2.4829530">
        <ele>5.2</ele>
        <time>2026-08-12T15:40:33.000Z</time>
        <speed>1.204</speed>
      </trkpt>
      <trkpt lat="50.5890384" lon="-2.4828636">
        <ele>5.2</ele>
        <time>2026-08-12T15:40:38.000Z</time>
        <speed>1.213</speed>
      </trkpt>
      <trkpt lat="50.5890296" lon="-2.4827810">
        <ele>5.0</ele>
        <time>2026-08-12T15:40:43.000Z</time>
        <speed>1.222</speed>
      </trkpt>
      <trkpt lat="50.5890241" lon="-2.4826921">
        <ele>4.6</ele>
        <time>2026-08-12T15:40:48.000Z</time>
        <speed>1.213</speed>
      </trkpt>
      <trkpt lat="50.5890074" lon="-2.4826074">
        <ele>4.8</ele>
        <time>2026-08-12T15:40:53.000Z</time>
        <speed>1.213</speed>
      </trkpt>
      <trkpt lat="50.5889930" lon="-2.4825213">
        <ele>5.0</ele>
        <time>2026-08-12T15:40:58.000Z</time>
        <speed>1.222</speed>
      </trkpt>
      <trkpt lat="50.5889654" lon="-2.4824335">
        <ele>4.2</ele>
        <time>2026-08-12T15:41:03.000Z</time>
        <speed>1.232</speed>
      </trkpt>
      <trkpt lat="50.5889452" lon="-2.4823621">
        <ele>3.8</ele>
        <time>2026-08-12T15:41:08.000Z</time>
        <speed>1.241</speed>
      </trkpt>
      <trkpt lat="50.5889201" lon="-2.4822847">
        <ele>3.6</ele>
        <time>2026-08-12T15:41:13.000Z</time>
        <speed>1.232</speed>
      </trkpt>
      <trkpt lat="50.5888853" lon="-2.4822088">
        <ele>3.4</ele>
        <time>2026-08-12T15:41:18.000Z</time>
        <speed>1.232</speed>
      </trkpt>
      <trkpt lat="50.5888716" lon="-2.4821174">
        <ele>2.8</ele>
        <time>2026-08-12T15:41:23.000Z</time>
        <speed>1.260</speed>
      </trkpt>
      <trkpt lat="50.5888738" lon="-2.4820249">
        <ele>3.6</ele>
        <time>2026-08-12T15:41:28.000Z</time>
        <speed>1.250</speed>
      </trkpt>
      <trkpt lat="50.5888859" lon="-2.4819482">
        <ele>3.8</ele>
        <time>2026-08-12T15:41:33.000Z</time>
        <speed>1.250</speed>
      </trkpt>
      <trkpt lat="50.5888939" lon="-2.4818635">
        <ele>3.8</ele>
        <time>2026-08-12T15:41:38.000Z</time>
        <speed>1.241</speed>
      </trkpt>
      <trkpt lat="50.5889114" lon="-2.4817839">
        <ele>4.0</ele>
        <time>2026-08-12T15:41:43.000Z</time>
        <speed>1.250</speed>
      </trkpt>
      <trkpt lat="50.5889281" lon="-2.4817005">
        <ele>4.4</ele>
        <time>2026-08-12T15:41:48.000Z</time>
        <speed>1.232</speed>
      </trkpt>
      <trkpt lat="50.5889469" lon="-2.4816160">
        <ele>5.2</ele>
        <time>2026-08-12T15:41:53.000Z</time>
        <speed>1.213</speed>
      </trkpt>
      <trkpt lat="50.5889526" lon="-2.4815411">
        <ele>5.4</ele>
        <time>2026-08-12T15:41:58.000Z</time>
        <speed>1.166</speed>
      </trkpt>
      <trkpt lat="50.5889488" lon="-2.4814728">
        <ele>4.8</ele>
        <time>2026-08-12T15:42:03.000Z</time>
        <speed>1.082</speed>
      </trkpt>
      <trkpt lat="50.5889374" lon="-2.4814030">
        <ele>3.6</ele>
        <time>2026-08-12T15:42:08.000Z</time>
        <speed>1.110</speed>
      </trkpt>
      <trkpt lat="50.5889221" lon="-2.4813146">
        <ele>3.4</ele>
        <time>2026-08-12T15:42:13.000Z</time>
        <speed>1.204</speed>
      </trkpt>
      <trkpt lat="50.5889022" lon="-2.4812331">
        <ele>2.8</ele>
        <time>2026-08-12T15:42:18.000Z</time>
        <speed>1.232</speed>
      </trkpt>
      <trkpt lat="50.5888919" lon="-2.4811681">
        <ele>2.8</ele>
        <time>2026-08-12T15:42:23.000Z</time>
        <speed>1.166</speed>
      </trkpt>
      <trkpt lat="50.5888744" lon="-2.4810960">
        <ele>2.6</ele>
        <time>2026-08-12T15:42:28.000Z</time>
        <speed>1.017</speed>
      </trkpt>
      <trkpt lat="50.5888445" lon="-2.4810267">
        <ele>3.0</ele>
        <time>2026-08-12T15:42:33.000Z</time>
        <speed>1.120</speed>
      </trkpt>
      <trkpt lat="50.5888179" lon="-2.4809472">
        <ele>2.4</ele>
        <time>2026-08-12T15:42:38.000Z</time>
        <speed>1.129</speed>
      </trkpt>
      <trkpt lat="50.5887971" lon="-2.4808803">
        <ele>2.2</ele>
        <time>2026-08-12T15:42:43.000Z</time>
        <speed>1.138</speed>
      </trkpt>
      <trkpt lat="50.5887696" lon="-2.4808091">
        <ele>2.2</ele>
        <time>2026-08-12T15:42:48.000Z</time>
        <speed>1.148</speed>
      </trkpt>
      <trkpt lat="50.5887398" lon="-2.4807197">
        <ele>1.8</ele>
        <time>2026-08-12T15:42:53.000Z</time>
        <speed>1.176</speed>
      </trkpt>
      <trkpt lat="50.5887186" lon="-2.4806497">
        <ele>2.2</ele>
        <time>2026-08-12T15:42:58.000Z</time>
        <speed>1.157</speed>
      </trkpt>
      <trkpt lat="50.5886999" lon="-2.4805706">
        <ele>2.2</ele>
        <time>2026-08-12T15:43:03.000Z</time>
        <speed>1.148</speed>
      </trkpt>
      <trkpt lat="50.5886561" lon="-2.4805186">
        <ele>1.8</ele>
        <time>2026-08-12T15:43:08.000Z</time>
        <speed>1.148</speed>
      </trkpt>
      <trkpt lat="50.5886200" lon="-2.4804603">
        <ele>2.0</ele>
        <time>2026-08-12T15:43:13.000Z</time>
        <speed>1.166</speed>
      </trkpt>
      <trkpt lat="50.5885729" lon="-2.4804064">
        <ele>2.0</ele>
        <time>2026-08-12T15:43:18.000Z</time>
        <speed>1.185</speed>
      </trkpt>
      <trkpt lat="50.5885273" lon="-2.4803498">
        <ele>1.8</ele>
        <time>2026-08-12T15:43:23.000Z</time>
        <speed>1.204</speed>
      </trkpt>
      <trkpt lat="50.5884867" lon="-2.4802932">
        <ele>1.8</ele>
        <time>2026-08-12T15:43:28.000Z</time>
        <speed>1.213</speed>
      </trkpt>
      <trkpt lat="50.5884464" lon="-2.4802381">
        <ele>1.8</ele>
        <time>2026-08-12T15:43:33.000Z</time>
        <speed>1.194</speed>
      </trkpt>
      <trkpt lat="50.5884138" lon="-2.4801787">
        <ele>3.2</ele>
        <time>2026-08-12T15:43:38.000Z</time>
        <speed>1.185</speed>
      </trkpt>
      <trkpt lat="50.5883719" lon="-2.4801282">
        <ele>3.0</ele>
        <time>2026-08-12T15:43:43.000Z</time>
        <speed>1.185</speed>
      </trkpt>
      <trkpt lat="50.5883329" lon="-2.4800701">
        <ele>3.8</ele>
        <time>2026-08-12T15:43:48.000Z</time>
        <speed>1.194</speed>
      </trkpt>
      <trkpt lat="50.5882944" lon="-2.4800229">
        <ele>4.2</ele>
        <time>2026-08-12T15:43:53.000Z</time>
        <speed>1.176</speed>
      </trkpt>
      <trkpt lat="50.5882497" lon="-2.4799667">
        <ele>5.0</ele>
        <time>2026-08-12T15:43:58.000Z</time>
        <speed>1.194</speed>
      </trkpt>
      <trkpt lat="50.5882096" lon="-2.4799070">
        <ele>5.4</ele>
        <time>2026-08-12T15:44:03.000Z</time>
        <speed>1.185</speed>
      </trkpt>
      <trkpt lat="50.5881759" lon="-2.4798606">
        <ele>5.8</ele>
        <time>2026-08-12T15:44:08.000Z</time>
        <speed>1.148</speed>
      </trkpt>
      <trkpt lat="50.5881423" lon="-2.4798106">
        <ele>6.6</ele>
        <time>2026-08-12T15:44:13.000Z</time>
        <speed>1.120</speed>
      </trkpt>
      <trkpt lat="50.5881229" lon="-2.4797400">
        <ele>7.4</ele>
        <time>2026-08-12T15:44:18.000Z</time>
        <speed>1.120</speed>
      </trkpt>
      <trkpt lat="50.5880978" lon="-2.4796807">
        <ele>7.6</ele>
        <time>2026-08-12T15:44:23.000Z</time>
        <speed>1.101</speed>
      </trkpt>
      <trkpt lat="50.5880719" lon="-2.4796160">
        <ele>8.2</ele>
        <time>2026-08-12T15:44:28.000Z</time>
        <speed>1.101</speed>
      </trkpt>
      <trkpt lat="50.5880332" lon="-2.4795594">
        <ele>8.6</ele>
        <time>2026-08-12T15:44:33.000Z</time>
        <speed>1.120</speed>
      </trkpt>
      <trkpt lat="50.5879989" lon="-2.4794965">
        <ele>8.0</ele>
        <time>2026-08-12T15:44:38.000Z</time>
        <speed>1.129</speed>
      </trkpt>
      <trkpt lat="50.5879604" lon="-2.4794498">
        <ele>9.2</ele>
        <time>2026-08-12T15:44:43.000Z</time>
        <speed>1.120</speed>
      </trkpt>
      <trkpt lat="50.5879123" lon="-2.4794151">
        <ele>9.4</ele>
        <time>2026-08-12T15:44:48.000Z</time>
        <speed>1.129</speed>
      </trkpt>
      <trkpt lat="50.5878637" lon="-2.4793717">
        <ele>9.6</ele>
        <time>2026-08-12T15:44:53.000Z</time>
        <speed>1.157</speed>
      </trkpt>
      <trkpt lat="50.5878083" lon="-2.4793329">
        <ele>10.0</ele>
        <time>2026-08-12T15:44:58.000Z</time>
        <speed>1.176</speed>
      </trkpt>
      <trkpt lat="50.5877596" lon="-2.4792870">
        <ele>10.2</ele>
        <time>2026-08-12T15:45:03.000Z</time>
        <speed>1.185</speed>
      </trkpt>
      <trkpt lat="50.5877235" lon="-2.4792310">
        <ele>10.6</ele>
        <time>2026-08-12T15:45:08.000Z</time>
        <speed>1.166</speed>
      </trkpt>
      <trkpt lat="50.5876824" lon="-2.4791731">
        <ele>11.0</ele>
        <time>2026-08-12T15:45:13.000Z</time>
        <speed>1.213</speed>
      </trkpt>
      <trkpt lat="50.5876467" lon="-2.4791134">
        <ele>11.2</ele>
        <time>2026-08-12T15:45:18.000Z</time>
        <speed>1.213</speed>
      </trkpt>
      <trkpt lat="50.5876038" lon="-2.4790529">
        <ele>12.2</ele>
        <time>2026-08-12T15:45:23.000Z</time>
        <speed>1.204</speed>
      </trkpt>
      <trkpt lat="50.5875626" lon="-2.4790010">
        <ele>12.2</ele>
        <time>2026-08-12T15:45:28.000Z</time>
        <speed>1.213</speed>
      </trkpt>
      <trkpt lat="50.5875193" lon="-2.4789501">
        <ele>12.6</ele>
        <time>2026-08-12T15:45:33.000Z</time>
        <speed>1.213</speed>
      </trkpt>
      <trkpt lat="50.5874787" lon="-2.4788814">
        <ele>12.4</ele>
        <time>2026-08-12T15:45:38.000Z</time>
        <speed>1.241</speed>
      </trkpt>
      <trkpt lat="50.5874347" lon="-2.4788163">
        <ele>12.6</ele>
        <time>2026-08-12T15:45:43.000Z</time>
        <speed>1.260</speed>
      </trkpt>
      <trkpt lat="50.5874053" lon="-2.4787507">
        <ele>12.6</ele>
        <time>2026-08-12T15:45:48.000Z</time>
        <speed>1.260</speed>
      </trkpt>
      <trkpt lat="50.5873573" lon="-2.4786926">
        <ele>12.8</ele>
        <time>2026-08-12T15:45:53.000Z</time>
        <speed>1.250</speed>
      </trkpt>
      <trkpt lat="50.5873025" lon="-2.4786360">
        <ele>12.8</ele>
        <time>2026-08-12T15:45:58.000Z</time>
        <speed>1.278</speed>
      </trkpt>
      <trkpt lat="50.5872599" lon="-2.4785823">
        <ele>13.0</ele>
        <time>2026-08-12T15:46:03.000Z</time>
        <speed>1.269</speed>
      </trkpt>
      <trkpt lat="50.5872317" lon="-2.4785164">
        <ele>12.8</ele>
        <time>2026-08-12T15:46:08.000Z</time>
        <speed>1.260</speed>
      </trkpt>
      <trkpt lat="50.5871902" lon="-2.4784475">
        <ele>12.6</ele>
        <time>2026-08-12T15:46:13.000Z</time>
        <speed>1.269</speed>
      </trkpt>
      <trkpt lat="50.5871433" lon="-2.4783893">
        <ele>12.6</ele>
        <time>2026-08-12T15:46:18.000Z</time>
        <speed>1.260</speed>
      </trkpt>
      <trkpt lat="50.5870947" lon="-2.4783397">
        <ele>12.4</ele>
        <time>2026-08-12T15:46:23.000Z</time>
        <speed>1.269</speed>
      </trkpt>
      <trkpt lat="50.5870601" lon="-2.4782683">
        <ele>12.6</ele>
        <time>2026-08-12T15:46:28.000Z</time>
        <speed>1.278</speed>
      </trkpt>
      <trkpt lat="50.5870363" lon="-2.4782029">
        <ele>12.4</ele>
        <time>2026-08-12T15:46:33.000Z</time>
        <speed>1.250</speed>
      </trkpt>
      <trkpt lat="50.5869922" lon="-2.4781479">
        <ele>12.2</ele>
        <time>2026-08-12T15:46:38.000Z</time>
        <speed>1.241</speed>
      </trkpt>
      <trkpt lat="50.5869425" lon="-2.4780967">
        <ele>12.2</ele>
        <time>2026-08-12T15:46:43.000Z</time>
        <speed>1.260</speed>
      </trkpt>
      <trkpt lat="50.5868948" lon="-2.4780413">
        <ele>11.8</ele>
        <time>2026-08-12T15:46:48.000Z</time>
        <speed>1.269</speed>
      </trkpt>
      <trkpt lat="50.5868498" lon="-2.4779938">
        <ele>11.6</ele>
        <time>2026-08-12T15:46:53.000Z</time>
        <speed>1.260</speed>
      </trkpt>
      <trkpt lat="50.5868068" lon="-2.4779440">
        <ele>11.6</ele>
        <time>2026-08-12T15:46:58.000Z</time>
        <speed>1.260</speed>
      </trkpt>
      <trkpt lat="50.5867529" lon="-2.4778995">
        <ele>11.8</ele>
        <time>2026-08-12T15:47:03.000Z</time>
        <speed>1.269</speed>
      </trkpt>
      <trkpt lat="50.5867010" lon="-2.4779108">
        <ele>11.2</ele>
        <time>2026-08-12T15:47:08.000Z</time>
        <speed>1.260</speed>
      </trkpt>
      <trkpt lat="50.5866598" lon="-2.4778783">
        <ele>10.6</ele>
        <time>2026-08-12T15:47:13.000Z</time>
        <speed>1.260</speed>
      </trkpt>
      <trkpt lat="50.5866292" lon="-2.4778068">
        <ele>10.6</ele>
        <time>2026-08-12T15:47:18.000Z</time>
        <speed>1.250</speed>
      </trkpt>
      <trkpt lat="50.5865904" lon="-2.4777345">
        <ele>10.0</ele>
        <time>2026-08-12T15:47:23.000Z</time>
        <speed>1.269</speed>
      </trkpt>
      <trkpt lat="50.5865531" lon="-2.4776659">
        <ele>9.6</ele>
        <time>2026-08-12T15:47:28.000Z</time>
        <speed>1.288</speed>
      </trkpt>
      <trkpt lat="50.5865176" lon="-2.4776215">
        <ele>9.4</ele>
        <time>2026-08-12T15:47:33.000Z</time>
        <speed>1.213</speed>
      </trkpt>
      <trkpt lat="50.5864841" lon="-2.4775923">
        <ele>9.2</ele>
        <time>2026-08-12T15:47:38.000Z</time>
        <speed>1.110</speed>
      </trkpt>
      <trkpt lat="50.5864505" lon="-2.4775678">
        <ele>8.6</ele>
        <time>2026-08-12T15:47:43.000Z</time>
        <speed>1.073</speed>
      </trkpt>
      <trkpt lat="50.5864074" lon="-2.4775354">
        <ele>7.8</ele>
        <time>2026-08-12T15:47:48.000Z</time>
        <speed>1.054</speed>
      </trkpt>
      <trkpt lat="50.5863709" lon="-2.4774752">
        <ele>7.6</ele>
        <time>2026-08-12T15:47:53.000Z</time>
        <speed>1.092</speed>
      </trkpt>
      <trkpt lat="50.5863382" lon="-2.4774198">
        <ele>8.2</ele>
        <time>2026-08-12T15:47:58.000Z</time>
        <speed>1.082</speed>
      </trkpt>
      <trkpt lat="50.5863035" lon="-2.4773750">
        <ele>8.6</ele>
        <time>2026-08-12T15:48:03.000Z</time>
        <speed>1.045</speed>
      </trkpt>
      <trkpt lat="50.5862630" lon="-2.4773390">
        <ele>8.2</ele>
        <time>2026-08-12T15:48:08.000Z</time>
        <speed>1.045</speed>
      </trkpt>
      <trkpt lat="50.5862235" lon="-2.4772872">
        <ele>8.2</ele>
        <time>2026-08-12T15:48:13.000Z</time>
        <speed>1.082</speed>
      </trkpt>
      <trkpt lat="50.5861796" lon="-2.4772375">
        <ele>8.4</ele>
        <time>2026-08-12T15:48:18.000Z</time>
        <speed>1.129</speed>
      </trkpt>
      <trkpt lat="50.5861340" lon="-2.4772000">
        <ele>8.2</ele>
        <time>2026-08-12T15:48:23.000Z</time>
        <speed>1.120</speed>
      </trkpt>
      <trkpt lat="50.5860934" lon="-2.4771447">
        <ele>8.2</ele>
        <time>2026-08-12T15:48:28.000Z</time>
        <speed>1.129</speed>
      </trkpt>
      <trkpt lat="50.5860668" lon="-2.4771263">
        <ele>8.4</ele>
        <time>2026-08-12T15:48:33.000Z</time>
        <speed>1.054</speed>
      </trkpt>
      <trkpt lat="50.5860633" lon="-2.4771213">
        <ele>7.6</ele>
        <time>2026-08-12T15:48:38.000Z</time>
        <speed>0.000</speed>
      </trkpt>
      <trkpt lat="50.5860323" lon="-2.4771173">
        <ele>6.4</ele>
        <time>2026-08-12T15:48:43.000Z</time>
        <speed>0.000</speed>
      </trkpt>
      <trkpt lat="50.5859980" lon="-2.4770722">
        <ele>5.6</ele>
        <time>2026-08-12T15:48:48.000Z</time>
        <speed>0.467</speed>
      </trkpt>
      <trkpt lat="50.5859680" lon="-2.4770291">
        <ele>6.0</ele>
        <time>2026-08-12T15:48:53.000Z</time>
        <speed>0.737</speed>
      </trkpt>
      <trkpt lat="50.5859435" lon="-2.4769957">
        <ele>6.2</ele>
        <time>2026-08-12T15:48:58.000Z</time>
        <speed>0.774</speed>
      </trkpt>
      <trkpt lat="50.5859093" lon="-2.4769888">
        <ele>5.2</ele>
        <time>2026-08-12T15:49:03.000Z</time>
        <speed>0.774</speed>
      </trkpt>
      <trkpt lat="50.5858792" lon="-2.4769247">
        <ele>4.2</ele>
        <time>2026-08-12T15:49:08.000Z</time>
        <speed>1.036</speed>
      </trkpt>
      <trkpt lat="50.5858599" lon="-2.4768416">
        <ele>3.8</ele>
        <time>2026-08-12T15:49:13.000Z</time>
        <speed>1.260</speed>
      </trkpt>
      <trkpt lat="50.5858683" lon="-2.4767863">
        <ele>4.6</ele>
        <time>2026-08-12T15:49:18.000Z</time>
        <speed>0.952</speed>
      </trkpt>
      <trkpt lat="50.5858716" lon="-2.4767345">
        <ele>5.4</ele>
        <time>2026-08-12T15:49:23.000Z</time>
        <speed>0.896</speed>
      </trkpt>
      <trkpt lat="50.5858625" lon="-2.4766996">
        <ele>5.8</ele>
        <time>2026-08-12T15:49:28.000Z</time>
        <speed>0.784</speed>
      </trkpt>
      <trkpt lat="50.5858471" lon="-2.4766509">
        <ele>5.8</ele>
        <time>2026-08-12T15:49:33.000Z</time>
        <speed>0.821</speed>
      </trkpt>
      <trkpt lat="50.5858327" lon="-2.4765693">
        <ele>5.2</ele>
        <time>2026-08-12T15:49:38.000Z</time>
        <speed>0.970</speed>
      </trkpt>
      <trkpt lat="50.5858392" lon="-2.4764763">
        <ele>5.8</ele>
        <time>2026-08-12T15:49:43.000Z</time>
        <speed>1.036</speed>
      </trkpt>
      <trkpt lat="50.5858496" lon="-2.4763873">
        <ele>5.8</ele>
        <time>2026-08-12T15:49:48.000Z</time>
        <speed>1.054</speed>
      </trkpt>
      <trkpt lat="50.5858606" lon="-2.4763299">
        <ele>6.4</ele>
        <time>2026-08-12T15:49:53.000Z</time>
        <speed>1.054</speed>
      </trkpt>
      <trkpt lat="50.5858659" lon="-2.4762662">
        <ele>7.6</ele>
        <time>2026-08-12T15:49:58.000Z</time>
        <speed>0.998</speed>
      </trkpt>
      <trkpt lat="50.5858625" lon="-2.4761906">
        <ele>7.6</ele>
        <time>2026-08-12T15:50:03.000Z</time>
        <speed>0.998</speed>
      </trkpt>
      <trkpt lat="50.5858685" lon="-2.4761135">
        <ele>8.0</ele>
        <time>2026-08-12T15:50:08.000Z</time>
        <speed>0.989</speed>
      </trkpt>
      <trkpt lat="50.5858869" lon="-2.4760301">
        <ele>8.6</ele>
        <time>2026-08-12T15:50:13.000Z</time>
        <speed>1.036</speed>
      </trkpt>
      <trkpt lat="50.5858951" lon="-2.4759485">
        <ele>8.6</ele>
        <time>2026-08-12T15:50:18.000Z</time>
        <speed>1.082</speed>
      </trkpt>
      <trkpt lat="50.5858929" lon="-2.4758643">
        <ele>8.8</ele>
        <time>2026-08-12T15:50:23.000Z</time>
        <speed>1.101</speed>
      </trkpt>
      <trkpt lat="50.5858930" lon="-2.4757688">
        <ele>8.8</ele>
        <time>2026-08-12T15:50:28.000Z</time>
        <speed>1.157</speed>
      </trkpt>
      <trkpt lat="50.5858941" lon="-2.4756806">
        <ele>9.0</ele>
        <time>2026-08-12T15:50:33.000Z</time>
        <speed>1.204</speed>
      </trkpt>
      <trkpt lat="50.5858890" lon="-2.4755982">
        <ele>9.2</ele>
        <time>2026-08-12T15:50:38.000Z</time>
        <speed>1.204</speed>
      </trkpt>
      <trkpt lat="50.5858789" lon="-2.4755034">
        <ele>9.4</ele>
        <time>2026-08-12T15:50:43.000Z</time>
        <speed>1.232</speed>
      </trkpt>
      <trkpt lat="50.5858544" lon="-2.4754582">
        <ele>8.8</ele>
        <time>2026-08-12T15:50:48.000Z</time>
        <speed>1.185</speed>
      </trkpt>
      <trkpt lat="50.5858449" lon="-2.4754487">
        <ele>8.4</ele>
        <time>2026-08-12T15:50:53.000Z</time>
        <speed>0.840</speed>
      </trkpt>
      <trkpt lat="50.5858144" lon="-2.4754352">
        <ele>8.2</ele>
        <time>2026-08-12T15:50:58.000Z</time>
        <speed>0.000</speed>
      </trkpt>
      <trkpt lat="50.5857929" lon="-2.4754369">
        <ele>7.2</ele>
        <time>2026-08-12T15:51:03.000Z</time>
        <speed>0.000</speed>
      </trkpt>
      <trkpt lat="50.5857796" lon="-2.4754270">
        <ele>6.0</ele>
        <time>2026-08-12T15:51:08.000Z</time>
        <speed>0.000</speed>
      </trkpt>
      <trkpt lat="50.5857696" lon="-2.4754155">
        <ele>4.2</ele>
        <time>2026-08-12T15:51:13.000Z</time>
        <speed>0.000</speed>
      </trkpt>
      <trkpt lat="50.5857460" lon="-2.4753975">
        <ele>2.6</ele>
        <time>2026-08-12T15:51:18.000Z</time>
        <speed>0.000</speed>
      </trkpt>
      <trkpt lat="50.5857242" lon="-2.4753199">
        <ele>2.4</ele>
        <time>2026-08-12T15:51:23.000Z</time>
        <speed>0.914</speed>
      </trkpt>
      <trkpt lat="50.5857026" lon="-2.4752535">
        <ele>2.6</ele>
        <time>2026-08-12T15:51:28.000Z</time>
        <speed>1.148</speed>
      </trkpt>
      <trkpt lat="50.5856800" lon="-2.4751877">
        <ele>2.6</ele>
        <time>2026-08-12T15:51:33.000Z</time>
        <speed>1.185</speed>
      </trkpt>
      <trkpt lat="50.5856854" lon="-2.4751181">
        <ele>3.0</ele>
        <time>2026-08-12T15:51:38.000Z</time>
        <speed>1.157</speed>
      </trkpt>
      <trkpt lat="50.5856807" lon="-2.4750421">
        <ele>3.4</ele>
        <time>2026-08-12T15:51:43.000Z</time>
        <speed>1.194</speed>
      </trkpt>
      <trkpt lat="50.5856683" lon="-2.4749625">
        <ele>3.4</ele>
        <time>2026-08-12T15:51:48.000Z</time>
        <speed>1.260</speed>
      </trkpt>
      <trkpt lat="50.5856460" lon="-2.4748861">
        <ele>3.0</ele>
        <time>2026-08-12T15:51:53.000Z</time>
        <speed>1.269</speed>
      </trkpt>
      <trkpt lat="50.5856265" lon="-2.4748061">
        <ele>3.2</ele>
        <time>2026-08-12T15:51:58.000Z</time>
        <speed>1.278</speed>
      </trkpt>
      <trkpt lat="50.5855967" lon="-2.4747322">
        <ele>3.8</ele>
        <time>2026-08-12T15:52:03.000Z</time>
        <speed>1.306</speed>
      </trkpt>
      <trkpt lat="50.5855793" lon="-2.4746443">
        <ele>3.4</ele>
        <time>2026-08-12T15:52:08.000Z</time>
        <speed>1.334</speed>
      </trkpt>
      <trkpt lat="50.5855531" lon="-2.4745657">
        <ele>3.2</ele>
        <time>2026-08-12T15:52:13.000Z</time>
        <speed>1.344</speed>
      </trkpt>
      <trkpt lat="50.5855234" lon="-2.4744810">
        <ele>3.0</ele>
        <time>2026-08-12T15:52:18.000Z</time>
        <speed>1.353</speed>
      </trkpt>
      <trkpt lat="50.5855092" lon="-2.4743839">
        <ele>3.2</ele>
        <time>2026-08-12T15:52:23.000Z</time>
        <speed>1.372</speed>
      </trkpt>
      <trkpt lat="50.5854802" lon="-2.4743083">
        <ele>3.2</ele>
        <time>2026-08-12T15:52:28.000Z</time>
        <speed>1.372</speed>
      </trkpt>
      <trkpt lat="50.5854518" lon="-2.4742291">
        <ele>3.2</ele>
        <time>2026-08-12T15:52:33.000Z</time>
        <speed>1.362</speed>
      </trkpt>
      <trkpt lat="50.5854449" lon="-2.4741339">
        <ele>3.2</ele>
        <time>2026-08-12T15:52:38.000Z</time>
        <speed>1.372</speed>
      </trkpt>
      <trkpt lat="50.5854081" lon="-2.4740837">
        <ele>3.0</ele>
        <time>2026-08-12T15:52:43.000Z</time>
        <speed>1.353</speed>
      </trkpt>
      <trkpt lat="50.5853823" lon="-2.4740029">
        <ele>3.2</ele>
        <time>2026-08-12T15:52:48.000Z</time>
        <speed>1.372</speed>
      </trkpt>
      <trkpt lat="50.5853588" lon="-2.4739178">
        <ele>3.4</ele>
        <time>2026-08-12T15:52:53.000Z</time>
        <speed>1.372</speed>
      </trkpt>
      <trkpt lat="50.5853314" lon="-2.4738319">
        <ele>3.6</ele>
        <time>2026-08-12T15:52:58.000Z</time>
        <speed>1.381</speed>
      </trkpt>
      <trkpt lat="50.5853035" lon="-2.4737518">
        <ele>3.4</ele>
        <time>2026-08-12T15:53:03.000Z</time>
        <speed>1.372</speed>
      </trkpt>
      <trkpt lat="50.5852798" lon="-2.4736705">
        <ele>3.6</ele>
        <time>2026-08-12T15:53:08.000Z</time>
        <speed>1.362</speed>
      </trkpt>
      <trkpt lat="50.5852578" lon="-2.4735850">
        <ele>3.4</ele>
        <time>2026-08-12T15:53:13.000Z</time>
        <speed>1.372</speed>
      </trkpt>
      <trkpt lat="50.5852306" lon="-2.4735035">
        <ele>3.8</ele>
        <time>2026-08-12T15:53:18.000Z</time>
        <speed>1.362</speed>
      </trkpt>
      <trkpt lat="50.5852002" lon="-2.4734294">
        <ele>3.4</ele>
        <time>2026-08-12T15:53:23.000Z</time>
        <speed>1.353</speed>
      </trkpt>
      <trkpt lat="50.5851876" lon="-2.4733440">
        <ele>3.4</ele>
        <time>2026-08-12T15:53:28.000Z</time>
        <speed>1.353</speed>
      </trkpt>
      <trkpt lat="50.5851809" lon="-2.4732552">
        <ele>3.0</ele>
        <time>2026-08-12T15:53:33.000Z</time>
        <speed>1.334</speed>
      </trkpt>
      <trkpt lat="50.5852088" lon="-2.4731970">
        <ele>3.6</ele>
        <time>2026-08-12T15:53:38.000Z</time>
        <speed>1.306</speed>
      </trkpt>
      <trkpt lat="50.5852440" lon="-2.4731356">
        <ele>3.0</ele>
        <time>2026-08-12T15:53:43.000Z</time>
        <speed>1.269</speed>
      </trkpt>
      <trkpt lat="50.5852912" lon="-2.4730576">
        <ele>2.6</ele>
        <time>2026-08-12T15:53:48.000Z</time>
        <speed>1.297</speed>
      </trkpt>
      <trkpt lat="50.5853300" lon="-2.4730002">
        <ele>2.8</ele>
        <time>2026-08-12T15:53:53.000Z</time>
        <speed>1.297</speed>
      </trkpt>
      <trkpt lat="50.5853492" lon="-2.4728950">
        <ele>2.6</ele>
        <time>2026-08-12T15:53:58.000Z</time>
        <speed>1.325</speed>
      </trkpt>
      <trkpt lat="50.5853578" lon="-2.4727990">
        <ele>2.6</ele>
        <time>2026-08-12T15:54:03.000Z</time>
        <speed>1.334</speed>
      </trkpt>
      <trkpt lat="50.5853677" lon="-2.4727227">
        <ele>3.2</ele>
        <time>2026-08-12T15:54:08.000Z</time>
        <speed>1.316</speed>
      </trkpt>
      <trkpt lat="50.5853886" lon="-2.4726432">
        <ele>3.8</ele>
        <time>2026-08-12T15:54:13.000Z</time>
        <speed>1.288</speed>
      </trkpt>
      <trkpt lat="50.5854064" lon="-2.4725598">
        <ele>4.2</ele>
        <time>2026-08-12T15:54:18.000Z</time>
        <speed>1.278</speed>
      </trkpt>
      <trkpt lat="50.5854269" lon="-2.4724805">
        <ele>5.0</ele>
        <time>2026-08-12T15:54:23.000Z</time>
        <speed>1.269</speed>
      </trkpt>
      <trkpt lat="50.5854435" lon="-2.4723841">
        <ele>5.4</ele>
        <time>2026-08-12T15:54:28.000Z</time>
        <speed>1.278</speed>
      </trkpt>
      <trkpt lat="50.5854534" lon="-2.4722853">
        <ele>6.2</ele>
        <time>2026-08-12T15:54:33.000Z</time>
        <speed>1.344</speed>
      </trkpt>
      <trkpt lat="50.5854289" lon="-2.4722065">
        <ele>6.4</ele>
        <time>2026-08-12T15:54:38.000Z</time>
        <speed>1.316</speed>
      </trkpt>
      <trkpt lat="50.5853966" lon="-2.4721378">
        <ele>6.0</ele>
        <time>2026-08-12T15:54:43.000Z</time>
        <speed>1.288</speed>
      </trkpt>
      <trkpt lat="50.5853452" lon="-2.4721230">
        <ele>5.4</ele>
        <time>2026-08-12T15:54:48.000Z</time>
        <speed>1.213</speed>
      </trkpt>
      <trkpt lat="50.5852777" lon="-2.4721062">
        <ele>4.8</ele>
        <time>2026-08-12T15:54:53.000Z</time>
        <speed>1.260</speed>
      </trkpt>
      <trkpt lat="50.5852644" lon="-2.4720491">
        <ele>4.4</ele>
        <time>2026-08-12T15:54:58.000Z</time>
        <speed>1.110</speed>
      </trkpt>
      <trkpt lat="50.5852802" lon="-2.4719452">
        <ele>4.6</ele>
        <time>2026-08-12T15:55:03.000Z</time>
        <speed>1.176</speed>
      </trkpt>
      <trkpt lat="50.5853008" lon="-2.4718482">
        <ele>5.4</ele>
        <time>2026-08-12T15:55:08.000Z</time>
        <speed>1.250</speed>
      </trkpt>
      <trkpt lat="50.5853103" lon="-2.4717627">
        <ele>5.8</ele>
        <time>2026-08-12T15:55:13.000Z</time>
        <speed>1.269</speed>
      </trkpt>
      <trkpt lat="50.5853149" lon="-2.4716766">
        <ele>5.0</ele>
        <time>2026-08-12T15:55:18.000Z</time>
        <speed>1.269</speed>
      </trkpt>
      <trkpt lat="50.5853192" lon="-2.4715806">
        <ele>3.8</ele>
        <time>2026-08-12T15:55:23.000Z</time>
        <speed>1.297</speed>
      </trkpt>
      <trkpt lat="50.5853209" lon="-2.4714953">
        <ele>3.0</ele>
        <time>2026-08-12T15:55:28.000Z</time>
        <speed>1.297</speed>
      </trkpt>
      <trkpt lat="50.5853213" lon="-2.4714040">
        <ele>3.0</ele>
        <time>2026-08-12T15:55:33.000Z</time>
        <speed>1.297</speed>
      </trkpt>
      <trkpt lat="50.5853198" lon="-2.4713115">
        <ele>3.0</ele>
        <time>2026-08-12T15:55:38.000Z</time>
        <speed>1.297</speed>
      </trkpt>
      <trkpt lat="50.5853238" lon="-2.4712204">
        <ele>3.4</ele>
        <time>2026-08-12T15:55:43.000Z</time>
        <speed>1.306</speed>
      </trkpt>
      <trkpt lat="50.5853241" lon="-2.4711257">
        <ele>3.2</ele>
        <time>2026-08-12T15:55:48.000Z</time>
        <speed>1.297</speed>
      </trkpt>
      <trkpt lat="50.5853338" lon="-2.4710369">
        <ele>3.2</ele>
        <time>2026-08-12T15:55:53.000Z</time>
        <speed>1.306</speed>
      </trkpt>
      <trkpt lat="50.5853413" lon="-2.4709385">
        <ele>3.2</ele>
        <time>2026-08-12T15:55:58.000Z</time>
        <speed>1.316</speed>
      </trkpt>
      <trkpt lat="50.5853479" lon="-2.4708501">
        <ele>3.2</ele>
        <time>2026-08-12T15:56:03.000Z</time>
        <speed>1.316</speed>
      </trkpt>
      <trkpt lat="50.5853522" lon="-2.4707571">
        <ele>3.2</ele>
        <time>2026-08-12T15:56:08.000Z</time>
        <speed>1.325</speed>
      </trkpt>
      <trkpt lat="50.5853503" lon="-2.4706768">
        <ele>3.2</ele>
        <time>2026-08-12T15:56:13.000Z</time>
        <speed>1.306</speed>
      </trkpt>
      <trkpt lat="50.5853502" lon="-2.4705836">
        <ele>3.6</ele>
        <time>2026-08-12T15:56:18.000Z</time>
        <speed>1.306</speed>
      </trkpt>
      <trkpt lat="50.5853577" lon="-2.4704950">
        <ele>3.6</ele>
        <time>2026-08-12T15:56:23.000Z</time>
        <speed>1.297</speed>
      </trkpt>
      <trkpt lat="50.5853546" lon="-2.4704089">
        <ele>3.6</ele>
        <time>2026-08-12T15:56:28.000Z</time>
        <speed>1.306</speed>
      </trkpt>
      <trkpt lat="50.5853596" lon="-2.4703094">
        <ele>3.8</ele>
        <time>2026-08-12T15:56:33.000Z</time>
        <speed>1.306</speed>
      </trkpt>
      <trkpt lat="50.5853710" lon="-2.4702188">
        <ele>4.2</ele>
        <time>2026-08-12T15:56:38.000Z</time>
        <speed>1.316</speed>
      </trkpt>
      <trkpt lat="50.5853737" lon="-2.4701425">
        <ele>4.0</ele>
        <time>2026-08-12T15:56:43.000Z</time>
        <speed>1.288</speed>
      </trkpt>
      <trkpt lat="50.5853750" lon="-2.4700864">
        <ele>4.0</ele>
        <time>2026-08-12T15:56:48.000Z</time>
        <speed>1.120</speed>
      </trkpt>
      <trkpt lat="50.5853602" lon="-2.4700441">
        <ele>4.0</ele>
        <time>2026-08-12T15:56:53.000Z</time>
        <speed>0.952</speed>
      </trkpt>
      <trkpt lat="50.5853522" lon="-2.4700226">
        <ele>4.0</ele>
        <time>2026-08-12T15:56:58.000Z</time>
        <speed>0.756</speed>
      </trkpt>
      <trkpt lat="50.5853522" lon="-2.4700226">
        <ele>4.6</ele>
        <time>2026-08-12T15:57:03.000Z</time>
        <speed>0.000</speed>
      </trkpt>
      <trkpt lat="50.5853522" lon="-2.4700226">
        <ele>4.2</ele>
        <time>2026-08-12T15:57:08.000Z</time>
        <speed>0.000</speed>
      </trkpt>
      <trkpt lat="50.5853522" lon="-2.4700226">
        <ele>5.2</ele>
        <time>2026-08-12T15:57:13.000Z</time>
        <speed>0.000</speed>
      </trkpt>
      <trkpt lat="50.5853522" lon="-2.4700226">
        <ele>3.2</ele>
        <time>2026-08-12T15:57:18.000Z</time>
        <speed>0.000</speed>
      </trkpt>
      <trkpt lat="50.5853522" lon="-2.4700226">
        <ele>3.0</ele>
        <time>2026-08-12T15:57:23.000Z</time>
        <speed>0.000</speed>
      </trkpt>
    </trkseg>
  </trk>
</gpx>
