<?xml version="1.0" encoding="UTF-8"?>
<gpx xmlns="http://www.topografix.com/GPX/1/0" xmlns:xsi="http://www.w3.org/2001/XMLSchema-instance" creator="GPS Wizard - https://github.com/Logiqx/gps-wizard" version="1.0" xsi:schemaLocation="http://www.topografix.com/GPX/1/0 http://www.topografix.com/GPX/1/0/gpx.xsd">
  <trk>
    <trkseg>
      <trkpt lat="50.5860722" lon="-2.4699163">
        <ele>7.2</ele>
        <time>2026-05-29T11:07:11.000Z</time>
        <speed>3.686</speed>
      </trkpt>
      <trkpt lat="50.5860864" lon="-2.4698325">
        <ele>7.8</ele>
        <time>2026-05-29T11:07:16.000Z</time>
        <speed>1.530</speed>
      </trkpt>
      <trkpt lat="50.5860765" lon="-2.4698095">
        <ele>8.0</ele>
        <time>2026-05-29T11:07:21.000Z</time>
        <speed>0.000</speed>
      </trkpt>
      <trkpt lat="50.5860197" lon="-2.4698303">
        <ele>7.8</ele>
        <time>2026-05-29T11:07:26.000Z</time>
        <speed>0.849</speed>
      </trkpt>
      <trkpt lat="50.5859611" lon="-2.4698570">
        <ele>7.8</ele>
        <time>2026-05-29T11:07:31.000Z</time>
        <speed>1.306</speed>
      </trkpt>
      <trkpt lat="50.5858999" lon="-2.4698984">
        <ele>7.8</ele>
        <time>2026-05-29T11:07:36.000Z</time>
        <speed>1.400</speed>
      </trkpt>
      <trkpt lat="50.5858421" lon="-2.4699282">
        <ele>8.0</ele>
        <time>2026-05-29T11:07:41.000Z</time>
        <speed>1.409</speed>
      </trkpt>
      <trkpt lat="50.5857888" lon="-2.4699515">
        <ele>7.4</ele>
        <time>2026-05-29T11:07:46.000Z</time>
        <speed>1.334</speed>
      </trkpt>
      <trkpt lat="50.5857305" lon="-2.4699753">
        <ele>7.6</ele>
        <time>2026-05-29T11:07:51.000Z</time>
        <speed>1.297</speed>
      </trkpt>
      <trkpt lat="50.5856702" lon="-2.4699871">
        <ele>7.4</ele>
        <time>2026-05-29T11:07:56.000Z</time>
        <speed>1.353</speed>
      </trkpt>
      <trkpt lat="50.5856131" lon="-2.4700269">
        <ele>7.2</ele>
        <time>2026-05-29T11:08:01.000Z</time>
        <speed>1.372</speed>
      </trkpt>
      <trkpt lat="50.5855536" lon="-2.4700501">
        <ele>7.2</ele>
        <time>2026-05-29T11:08:06.000Z</time>
        <speed>1.334</speed>
      </trkpt>
      <trkpt lat="50.5854965" lon="-2.4700687">
        <ele>7.0</ele>
        <time>2026-05-29T11:08:11.000Z</time>
        <speed>1.362</speed>
      </trkpt>
      <trkpt lat="50.5854354" lon="-2.4700717">
        <ele>7.0</ele>
        <time>2026-05-29T11:08:16.000Z</time>
        <speed>1.334</speed>
      </trkpt>
      <trkpt lat="50.5853764" lon="-2.4701013">
        <ele>6.8</ele>
        <time>2026-05-29T11:08:21.000Z</time>
        <speed>1.344</speed>
      </trkpt>
      <trkpt lat="50.5853532" lon="-2.4701857">
        <ele>6.4</ele>
        <time>2026-05-29T11:08:26.000Z</time>
        <speed>1.344</speed>
      </trkpt>
      <trkpt lat="50.5853526" lon="-2.4702885">
        <ele>5.2</ele>
        <time>2026-05-29T11:08:31.000Z</time>
        <speed>1.362</speed>
      </trkpt>
      <trkpt lat="50.5853499" lon="-2.4703869">
        <ele>5.0</ele>
        <time>2026-05-29T11:08:36.000Z</time>
        <speed>1.372</speed>
      </trkpt>
      <trkpt lat="50.5853415" lon="-2.4704798">
        <ele>4.6</ele>
        <time>2026-05-29T11:08:41.000Z</time>
        <speed>1.362</speed>
      </trkpt>
      <trkpt lat="50.5853336" lon="-2.4705733">
        <ele>4.6</ele>
        <time>2026-05-29T11:08:46.000Z</time>
        <speed>1.344</speed>
      </trkpt>
      <trkpt lat="50.5853266" lon="-2.4706790">
        <ele>5.0</ele>
        <time>2026-05-29T11:08:51.000Z</time>
        <speed>1.372</speed>
      </trkpt>
      <trkpt lat="50.5853209" lon="-2.4707815">
        <ele>5.0</ele>
        <time>2026-05-29T11:08:56.000Z</time>
        <speed>1.390</speed>
      </trkpt>
      <trkpt lat="50.5853149" lon="-2.4708796">
        <ele>5.0</ele>
        <time>2026-05-29T11:09:01.000Z</time>
        <speed>1.400</speed>
      </trkpt>
      <trkpt lat="50.5853096" lon="-2.4709770">
        <ele>5.2</ele>
        <time>2026-05-29T11:09:06.000Z</time>
        <speed>1.400</speed>
      </trkpt>
      <trkpt lat="50.5853008" lon="-2.4710742">
        <ele>5.0</ele>
        <time>2026-05-29T11:09:11.000Z</time>
        <speed>1.400</speed>
      </trkpt>
      <trkpt lat="50.5852932" lon="-2.4711715">
        <ele>5.0</ele>
        <time>2026-05-29T11:09:16.000Z</time>
        <speed>1.400</speed>
      </trkpt>
      <trkpt lat="50.5852863" lon="-2.4712641">
        <ele>5.2</ele>
        <time>2026-05-29T11:09:21.000Z</time>
        <speed>1.400</speed>
      </trkpt>
      <trkpt lat="50.5852862" lon="-2.4713592">
        <ele>5.0</ele>
        <time>2026-05-29T11:09:26.000Z</time>
        <speed>1.390</speed>
      </trkpt>
      <trkpt lat="50.5852767" lon="-2.4714542">
        <ele>5.0</ele>
        <time>2026-05-29T11:09:31.000Z</time>
        <speed>1.381</speed>
      </trkpt>
      <trkpt lat="50.5852710" lon="-2.4715471">
        <ele>5.4</ele>
        <time>2026-05-29T11:09:36.000Z</time>
        <speed>1.372</speed>
      </trkpt>
      <trkpt lat="50.5852682" lon="-2.4716492">
        <ele>5.8</ele>
        <time>2026-05-29T11:09:41.000Z</time>
        <speed>1.372</speed>
      </trkpt>
      <trkpt lat="50.5852630" lon="-2.4717255">
        <ele>6.4</ele>
        <time>2026-05-29T11:09:46.000Z</time>
        <speed>1.353</speed>
      </trkpt>
      <trkpt lat="50.5852541" lon="-2.4718141">
        <ele>6.6</ele>
        <time>2026-05-29T11:09:51.000Z</time>
        <speed>1.306</speed>
      </trkpt>
      <trkpt lat="50.5852420" lon="-2.4719122">
        <ele>6.8</ele>
        <time>2026-05-29T11:09:56.000Z</time>
        <speed>1.316</speed>
      </trkpt>
      <trkpt lat="50.5852205" lon="-2.4719888">
        <ele>6.8</ele>
        <time>2026-05-29T11:10:01.000Z</time>
        <speed>1.344</speed>
      </trkpt>
      <trkpt lat="50.5852228" lon="-2.4719926">
        <ele>6.6</ele>
        <time>2026-05-29T11:10:06.000Z</time>
        <speed>1.194</speed>
      </trkpt>
      <trkpt lat="50.5852228" lon="-2.4719926">
        <ele>6.6</ele>
        <time>2026-05-29T11:10:11.000Z</time>
        <speed>0.000</speed>
      </trkpt>
      <trkpt lat="50.5852228" lon="-2.4719926">
        <ele>6.4</ele>
        <time>2026-05-29T11:10:16.000Z</time>
        <speed>0.000</speed>
      </trkpt>
      <trkpt lat="50.5852228" lon="-2.4719926">
        <ele>6.2</ele>
        <time>2026-05-29T11:10:21.000Z</time>
        <speed>0.000</speed>
      </trkpt>
      <trkpt lat="50.5852213" lon="-2.4720591">
        <ele>6.2</ele>
        <time>2026-05-29T11:10:26.000Z</time>
        <speed>1.400</speed>
      </trkpt>
      <trkpt lat="50.5852475" lon="-2.4721408">
        <ele>6.2</ele>
        <time>2026-05-29T11:10:31.000Z</time>
        <speed>1.381</speed>
      </trkpt>
      <trkpt lat="50.5852994" lon="-2.4721615">
        <ele>6.2</ele>
        <time>2026-05-29T11:10:36.000Z</time>
        <speed>1.334</speed>
      </trkpt>
      <trkpt lat="50.5853494" lon="-2.4722035">
        <ele>6.2</ele>
        <time>2026-05-29T11:10:41.000Z</time>
        <speed>1.353</speed>
      </trkpt>
      <trkpt lat="50.5853758" lon="-2.4722867">
        <ele>6.0</ele>
        <time>2026-05-29T11:10:46.000Z</time>
        <speed>1.362</speed>
      </trkpt>
      <trkpt lat="50.5853533" lon="-2.4723853">
        <ele>5.4</ele>
        <time>2026-05-29T11:10:51.000Z</time>
        <speed>1.344</speed>
      </trkpt>
      <trkpt lat="50.5853382" lon="-2.4724900">
        <ele>5.0</ele>
        <time>2026-05-29T11:10:56.000Z</time>
        <speed>1.372</speed>
      </trkpt>
      <trkpt lat="50.5853336" lon="-2.4725848">
        <ele>4.6</ele>
        <time>2026-05-29T11:11:01.000Z</time>
        <speed>1.418</speed>
      </trkpt>
      <trkpt lat="50.5853475" lon="-2.4726873">
        <ele>3.4</ele>
        <time>2026-05-29T11:11:06.000Z</time>
        <speed>1.390</speed>
      </trkpt>
      <trkpt lat="50.5853383" lon="-2.4727746">
        <ele>3.0</ele>
        <time>2026-05-29T11:11:11.000Z</time>
        <speed>1.418</speed>
      </trkpt>
      <trkpt lat="50.5852862" lon="-2.4728191">
        <ele>2.8</ele>
        <time>2026-05-29T11:11:16.000Z</time>
        <speed>1.362</speed>
      </trkpt>
      <trkpt lat="50.5852376" lon="-2.4728759">
        <ele>2.8</ele>
        <time>2026-05-29T11:11:21.000Z</time>
        <speed>1.353</speed>
      </trkpt>
      <trkpt lat="50.5852189" lon="-2.4729610">
        <ele>2.6</ele>
        <time>2026-05-29T11:11:26.000Z</time>
        <speed>1.353</speed>
      </trkpt>
      <trkpt lat="50.5851786" lon="-2.4730262">
        <ele>3.0</ele>
        <time>2026-05-29T11:11:31.000Z</time>
        <speed>1.353</speed>
      </trkpt>
      <trkpt lat="50.5851282" lon="-2.4730769">
        <ele>3.0</ele>
        <time>2026-05-29T11:11:36.000Z</time>
        <speed>1.362</speed>
      </trkpt>
      <trkpt lat="50.5851050" lon="-2.4731569">
        <ele>3.0</ele>
        <time>2026-05-29T11:11:41.000Z</time>
        <speed>1.334</speed>
      </trkpt>
      <trkpt lat="50.5851220" lon="-2.4732583">
        <ele>2.8</ele>
        <time>2026-05-29T11:11:46.000Z</time>
        <speed>1.334</speed>
      </trkpt>
      <trkpt lat="50.5851462" lon="-2.4733372">
        <ele>2.4</ele>
        <time>2026-05-29T11:11:51.000Z</time>
        <speed>1.344</speed>
      </trkpt>
      <trkpt lat="50.5851667" lon="-2.4734166">
        <ele>2.6</ele>
        <time>2026-05-29T11:11:56.000Z</time>
        <speed>1.316</speed>
      </trkpt>
      <trkpt lat="50.5851780" lon="-2.4734343">
        <ele>2.4</ele>
        <time>2026-05-29T11:12:01.000Z</time>
        <speed>1.278</speed>
      </trkpt>
      <trkpt lat="50.5851780" lon="-2.4734343">
        <ele>2.6</ele>
        <time>2026-05-29T11:12:06.000Z</time>
        <speed>0.000</speed>
      </trkpt>
      <trkpt lat="50.5851780" lon="-2.4734343">
        <ele>2.4</ele>
        <time>2026-05-29T11:12:11.000Z</time>
        <speed>0.000</speed>
      </trkpt>
      <trkpt lat="50.5851858" lon="-2.4734627">
        <ele>2.4</ele>
        <time>2026-05-29T11:12:16.000Z</time>
        <speed>0.000</speed>
      </trkpt>
      <trkpt lat="50.5852186" lon="-2.4735384">
        <ele>2.4</ele>
        <time>2026-05-29T11:12:21.000Z</time>
        <speed>1.306</speed>
      </trkpt>
      <trkpt lat="50.5852534" lon="-2.4736143">
        <ele>2.2</ele>
        <time>2026-05-29T11:12:26.000Z</time>
        <speed>1.241</speed>
      </trkpt>
      <trkpt lat="50.5852763" lon="-2.4736954">
        <ele>2.0</ele>
        <time>2026-05-29T11:12:31.000Z</time>
        <speed>1.306</speed>
      </trkpt>
      <trkpt lat="50.5852998" lon="-2.4737766">
        <ele>2.0</ele>
        <time>2026-05-29T11:12:36.000Z</time>
        <speed>1.297</speed>
      </trkpt>
      <trkpt lat="50.5853212" lon="-2.4738639">
        <ele>1.8</ele>
        <time>2026-05-29T11:12:41.000Z</time>
        <speed>1.269</speed>
      </trkpt>
      <trkpt lat="50.5853436" lon="-2.4739497">
        <ele>1.6</ele>
        <time>2026-05-29T11:12:46.000Z</time>
        <speed>1.278</speed>
      </trkpt>
      <trkpt lat="50.5853644" lon="-2.4740404">
        <ele>2.0</ele>
        <time>2026-05-29T11:12:51.000Z</time>
        <speed>1.306</speed>
      </trkpt>
      <trkpt lat="50.5853843" lon="-2.4741075">
        <ele>1.8</ele>
        <time>2026-05-29T11:12:56.000Z</time>
        <speed>1.297</speed>
      </trkpt>
      <trkpt lat="50.5854057" lon="-2.4741775">
        <ele>1.8</ele>
        <time>2026-05-29T11:13:01.000Z</time>
        <speed>1.250</speed>
      </trkpt>
      <trkpt lat="50.5854306" lon="-2.4742515">
        <ele>1.6</ele>
        <time>2026-05-29T11:13:06.000Z</time>
        <speed>1.213</speed>
      </trkpt>
      <trkpt lat="50.5854528" lon="-2.4743381">
        <ele>1.6</ele>
        <time>2026-05-29T11:13:11.000Z</time>
        <speed>1.241</speed>
      </trkpt>
      <trkpt lat="50.5854735" lon="-2.4744252">
        <ele>1.6</ele>
        <time>2026-05-29T11:13:16.000Z</time>
        <speed>1.260</speed>
      </trkpt>
      <trkpt lat="50.5854942" lon="-2.4745094">
        <ele>1.6</ele>
        <time>2026-05-29T11:13:21.000Z</time>
        <speed>1.288</speed>
      </trkpt>
      <trkpt lat="50.5855202" lon="-2.4746009">
        <ele>1.6</ele>
        <time>2026-05-29T11:13:26.000Z</time>
        <speed>1.288</speed>
      </trkpt>
      <trkpt lat="50.5855459" lon="-2.4746828">
        <ele>1.8</ele>
        <time>2026-05-29T11:13:31.000Z</time>
        <speed>1.288</speed>
      </trkpt>
      <trkpt lat="50.5855687" lon="-2.4747681">
        <ele>1.8</ele>
        <time>2026-05-29T11:13:36.000Z</time>
        <speed>1.316</speed>
      </trkpt>
      <trkpt lat="50.5855943" lon="-2.4748536">
        <ele>1.6</ele>
        <time>2026-05-29T11:13:41.000Z</time>
        <speed>1.306</speed>
      </trkpt>
      <trkpt lat="50.5856033" lon="-2.4749359">
        <ele>1.6</ele>
        <time>2026-05-29T11:13:46.000Z</time>
        <speed>1.306</speed>
      </trkpt>
      <trkpt lat="50.5856279" lon="-2.4750282">
        <ele>1.6</ele>
        <time>2026-05-29T11:13:51.000Z</time>
        <speed>1.316</speed>
      </trkpt>
      <trkpt lat="50.5856398" lon="-2.4751254">
        <ele>1.6</ele>
        <time>2026-05-29T11:13:56.000Z</time>
        <speed>1.316</speed>
      </trkpt>
      <trkpt lat="50.5856484" lon="-2.4752051">
        <ele>1.8</ele>
        <time>2026-05-29T11:14:01.000Z</time>
        <speed>1.325</speed>
      </trkpt>
      <trkpt lat="50.5856507" lon="-2.4752193">
        <ele>1.4</ele>
        <time>2026-05-29T11:14:06.000Z</time>
        <speed>1.204</speed>
      </trkpt>
      <trkpt lat="50.5856507" lon="-2.4752193">
        <ele>1.4</ele>
        <time>2026-05-29T11:14:11.000Z</time>
        <speed>0.000</speed>
      </trkpt>
      <trkpt lat="50.5856498" lon="-2.4752200">
        <ele>1.6</ele>
        <time>2026-05-29T11:14:16.000Z</time>
        <speed>0.000</speed>
      </trkpt>
      <trkpt lat="50.5856748" lon="-2.4752649">
        <ele>1.8</ele>
        <time>2026-05-29T11:14:21.000Z</time>
        <speed>0.000</speed>
      </trkpt>
      <trkpt lat="50.5856937" lon="-2.4753385">
        <ele>2.2</ele>
        <time>2026-05-29T11:14:26.000Z</time>
        <speed>1.138</speed>
      </trkpt>
      <trkpt lat="50.5857151" lon="-2.4754023">
        <ele>2.2</ele>
        <time>2026-05-29T11:14:31.000Z</time>
        <speed>1.120</speed>
      </trkpt>
      <trkpt lat="50.5857351" lon="-2.4754179">
        <ele>3.0</ele>
        <time>2026-05-29T11:14:36.000Z</time>
        <speed>0.961</speed>
      </trkpt>
      <trkpt lat="50.5857486" lon="-2.4754217">
        <ele>4.2</ele>
        <time>2026-05-29T11:14:41.000Z</time>
        <speed>0.849</speed>
      </trkpt>
      <trkpt lat="50.5857629" lon="-2.4754260">
        <ele>5.6</ele>
        <time>2026-05-29T11:14:46.000Z</time>
        <speed>0.858</speed>
      </trkpt>
      <trkpt lat="50.5857891" lon="-2.4754358">
        <ele>6.8</ele>
        <time>2026-05-29T11:14:51.000Z</time>
        <speed>1.026</speed>
      </trkpt>
      <trkpt lat="50.5858164" lon="-2.4754431">
        <ele>8.0</ele>
        <time>2026-05-29T11:14:56.000Z</time>
        <speed>1.110</speed>
      </trkpt>
      <trkpt lat="50.5858480" lon="-2.4754738">
        <ele>8.6</ele>
        <time>2026-05-29T11:15:01.000Z</time>
        <speed>0.933</speed>
      </trkpt>
      <trkpt lat="50.5858714" lon="-2.4755348">
        <ele>9.2</ele>
        <time>2026-05-29T11:15:06.000Z</time>
        <speed>1.045</speed>
      </trkpt>
      <trkpt lat="50.5858777" lon="-2.4756197">
        <ele>9.2</ele>
        <time>2026-05-29T11:15:11.000Z</time>
        <speed>1.129</speed>
      </trkpt>
      <trkpt lat="50.5858769" lon="-2.4757027">
        <ele>9.0</ele>
        <time>2026-05-29T11:15:16.000Z</time>
        <speed>1.138</speed>
      </trkpt>
      <trkpt lat="50.5858766" lon="-2.4757863">
        <ele>8.6</ele>
        <time>2026-05-29T11:15:21.000Z</time>
        <speed>1.138</speed>
      </trkpt>
      <trkpt lat="50.5858786" lon="-2.4758763">
        <ele>8.8</ele>
        <time>2026-05-29T11:15:26.000Z</time>
        <speed>1.166</speed>
      </trkpt>
      <trkpt lat="50.5858746" lon="-2.4759553">
        <ele>8.8</ele>
        <time>2026-05-29T11:15:31.000Z</time>
        <speed>1.166</speed>
      </trkpt>
      <trkpt lat="50.5858625" lon="-2.4760359">
        <ele>8.6</ele>
        <time>2026-05-29T11:15:36.000Z</time>
        <speed>1.157</speed>
      </trkpt>
      <trkpt lat="50.5858549" lon="-2.4761155">
        <ele>8.4</ele>
        <time>2026-05-29T11:15:41.000Z</time>
        <speed>1.148</speed>
      </trkpt>
      <trkpt lat="50.5858473" lon="-2.4761957">
        <ele>8.0</ele>
        <time>2026-05-29T11:15:46.000Z</time>
        <speed>1.148</speed>
      </trkpt>
      <trkpt lat="50.5858497" lon="-2.4762752">
        <ele>7.8</ele>
        <time>2026-05-29T11:15:51.000Z</time>
        <speed>1.138</speed>
      </trkpt>
      <trkpt lat="50.5858411" lon="-2.4763321">
        <ele>7.4</ele>
        <time>2026-05-29T11:15:56.000Z</time>
        <speed>1.120</speed>
      </trkpt>
      <trkpt lat="50.5858354" lon="-2.4763911">
        <ele>6.6</ele>
        <time>2026-05-29T11:16:01.000Z</time>
        <speed>0.858</speed>
      </trkpt>
      <trkpt lat="50.5858299" lon="-2.4764761">
        <ele>6.2</ele>
        <time>2026-05-29T11:16:06.000Z</time>
        <speed>1.045</speed>
      </trkpt>
      <trkpt lat="50.5858255" lon="-2.4765676">
        <ele>5.8</ele>
        <time>2026-05-29T11:16:11.000Z</time>
        <speed>1.101</speed>
      </trkpt>
      <trkpt lat="50.5858374" lon="-2.4766424">
        <ele>6.0</ele>
        <time>2026-05-29T11:16:16.000Z</time>
        <speed>1.148</speed>
      </trkpt>
      <trkpt lat="50.5858479" lon="-2.4767109">
        <ele>6.2</ele>
        <time>2026-05-29T11:16:21.000Z</time>
        <speed>1.082</speed>
      </trkpt>
      <trkpt lat="50.5858464" lon="-2.4767190">
        <ele>6.2</ele>
        <time>2026-05-29T11:16:26.000Z</time>
        <speed>0.756</speed>
      </trkpt>
      <trkpt lat="50.5858442" lon="-2.4767683">
        <ele>5.6</ele>
        <time>2026-05-29T11:16:31.000Z</time>
        <speed>0.662</speed>
      </trkpt>
      <trkpt lat="50.5858371" lon="-2.4767942">
        <ele>5.2</ele>
        <time>2026-05-29T11:16:36.000Z</time>
        <speed>0.000</speed>
      </trkpt>
      <trkpt lat="50.5858417" lon="-2.4768475">
        <ele>4.4</ele>
        <time>2026-05-29T11:16:41.000Z</time>
        <speed>0.000</speed>
      </trkpt>
      <trkpt lat="50.5858432" lon="-2.4768595">
        <ele>4.6</ele>
        <time>2026-05-29T11:16:46.000Z</time>
        <speed>0.000</speed>
      </trkpt>
      <trkpt lat="50.5858432" lon="-2.4768595">
        <ele>4.4</ele>
        <time>2026-05-29T11:16:51.000Z</time>
        <speed>0.000</speed>
      </trkpt>
      <trkpt lat="50.5858432" lon="-2.4768595">
        <ele>4.6</ele>
        <time>2026-05-29T11:16:56.000Z</time>
        <speed>0.000</speed>
      </trkpt>
      <trkpt lat="50.5858432" lon="-2.4768595">
        <ele>4.8</ele>
        <time>2026-05-29T11:17:01.000Z</time>
        <speed>0.000</speed>
      </trkpt>
      <trkpt lat="50.5858536" lon="-2.4768945">
        <ele>5.0</ele>
        <time>2026-05-29T11:17:06.000Z</time>
        <speed>0.000</speed>
      </trkpt>
      <trkpt lat="50.5858702" lon="-2.4769346">
        <ele>5.0</ele>
        <time>2026-05-29T11:17:11.000Z</time>
        <speed>0.000</speed>
      </trkpt>
      <trkpt lat="50.5858720" lon="-2.4769345">
        <ele>5.2</ele>
        <time>2026-05-29T11:17:16.000Z</time>
        <speed>0.000</speed>
      </trkpt>
      <trkpt lat="50.5858720" lon="-2.4769345">
        <ele>5.2</ele>
        <time>2026-05-29T11:17:21.000Z</time>
        <speed>0.000</speed>
      </trkpt>
      <trkpt lat="50.5858720" lon="-2.4769345">
        <ele>5.2</ele>
        <time>2026-05-29T11:17:26.000Z</time>
        <speed>0.000</speed>
      </trkpt>
      <trkpt lat="50.5858720" lon="-2.4769345">
        <ele>5.2</ele>
        <time>2026-05-29T11:17:31.000Z</time>
        <speed>0.000</speed>
      </trkpt>
      <trkpt lat="50.5858720" lon="-2.4769345">
        <ele>5.2</ele>
        <time>2026-05-29T11:17:36.000Z</time>
        <speed>0.000</speed>
      </trkpt>
      <trkpt lat="50.5858720" lon="-2.4769345">
        <ele>5.2</ele>
        <time>2026-05-29T11:17:41.000Z</time>
        <speed>0.000</speed>
      </trkpt>
      <trkpt lat="50.5858720" lon="-2.4769345">
        <ele>5.2</ele>
        <time>2026-05-29T11:17:46.000Z</time>
        <speed>0.000</speed>
      </trkpt>
      <trkpt lat="50.5858720" lon="-2.4769345">
        <ele>5.2</ele>
        <time>2026-05-29T11:17:51.000Z</time>
        <speed>0.000</speed>
      </trkpt>
      <trkpt lat="50.5858726" lon="-2.4769325">
        <ele>5.2</ele>
        <time>2026-05-29T11:17:56.000Z</time>
        <speed>0.000</speed>
      </trkpt>
      <trkpt lat="50.5858592" lon="-2.4768826">
        <ele>5.2</ele>
        <time>2026-05-29T11:18:01.000Z</time>
        <speed>0.000</speed>
      </trkpt>
      <trkpt lat="50.5858588" lon="-2.4768773">
        <ele>5.2</ele>
        <time>2026-05-29T11:18:06.000Z</time>
        <speed>0.000</speed>
      </trkpt>
      <trkpt lat="50.5858500" lon="-2.4768273">
        <ele>5.0</ele>
        <time>2026-05-29T11:18:11.000Z</time>
        <speed>0.998</speed>
      </trkpt>
      <trkpt lat="50.5858468" lon="-2.4768087">
        <ele>5.2</ele>
        <time>2026-05-29T11:18:16.000Z</time>
        <speed>0.000</speed>
      </trkpt>
      <trkpt lat="50.5858468" lon="-2.4768087">
        <ele>5.2</ele>
        <time>2026-05-29T11:18:21.000Z</time>
        <speed>0.000</speed>
      </trkpt>
      <trkpt lat="50.5858468" lon="-2.4768087">
        <ele>5.2</ele>
        <time>2026-05-29T11:18:26.000Z</time>
        <speed>0.000</speed>
      </trkpt>
      <trkpt lat="50.5858468" lon="-2.4768087">
        <ele>5.4</ele>
        <time>2026-05-29T11:18:31.000Z</time>
        <speed>0.000</speed>
      </trkpt>
      <trkpt lat="50.5858468" lon="-2.4768087">
        <ele>5.2</ele>
        <time>2026-05-29T11:18:36.000Z</time>
        <speed>0.000</speed>
      </trkpt>
      <trkpt lat="50.5858468" lon="-2.4768087">
        <ele>5.4</ele>
        <time>2026-05-29T11:18:41.000Z</time>
        <speed>0.000</speed>
      </trkpt>
      <trkpt lat="50.5858468" lon="-2.4768087">
        <ele>5.4</ele>
        <time>2026-05-29T11:18:46.000Z</time>
        <speed>0.000</speed>
      </trkpt>
      <trkpt lat="50.5858468" lon="-2.4768087">
        <ele>5.6</ele>
        <time>2026-05-29T11:18:51.000Z</time>
        <speed>0.000</speed>
      </trkpt>
      <trkpt lat="50.5858424" lon="-2.4768389">
        <ele>5.0</ele>
        <time>2026-05-29T11:18:56.000Z</time>
        <speed>0.896</speed>
      </trkpt>
      <trkpt lat="50.5858424" lon="-2.4768389">
        <ele>5.0</ele>
        <time>2026-05-29T11:19:01.000Z</time>
        <speed>0.000</speed>
      </trkpt>
      <trkpt lat="50.5858424" lon="-2.4768389">
        <ele>5.0</ele>
        <time>2026-05-29T11:19:06.000Z</time>
        <speed>0.000</speed>
      </trkpt>
      <trkpt lat="50.5858424" lon="-2.4768389">
        <ele>5.2</ele>
        <time>2026-05-29T11:19:11.000Z</time>
        <speed>0.000</speed>
      </trkpt>
      <trkpt lat="50.5858424" lon="-2.4768389">
        <ele>5.2</ele>
        <time>2026-05-29T11:19:16.000Z</time>
        <speed>0.000</speed>
      </trkpt>
      <trkpt lat="50.5858492" lon="-2.4768698">
        <ele>5.4</ele>
        <time>2026-05-29T11:19:21.000Z</time>
        <speed>0.000</speed>
      </trkpt>
      <trkpt lat="50.5858611" lon="-2.4769228">
        <ele>5.8</ele>
        <time>2026-05-29T11:19:26.000Z</time>
        <speed>0.868</speed>
      </trkpt>
      <trkpt lat="50.5858924" lon="-2.4769613">
        <ele>6.0</ele>
        <time>2026-05-29T11:19:31.000Z</time>
        <speed>0.924</speed>
      </trkpt>
      <trkpt lat="50.5859257" lon="-2.4769724">
        <ele>6.8</ele>
        <time>2026-05-29T11:19:36.000Z</time>
        <speed>0.868</speed>
      </trkpt>
      <trkpt lat="50.5859542" lon="-2.4770049">
        <ele>7.8</ele>
        <time>2026-05-29T11:19:41.000Z</time>
        <speed>0.793</speed>
      </trkpt>
      <trkpt lat="50.5859849" lon="-2.4770536">
        <ele>8.0</ele>
        <time>2026-05-29T11:19:46.000Z</time>
        <speed>0.858</speed>
      </trkpt>
      <trkpt lat="50.5860210" lon="-2.4771086">
        <ele>8.2</ele>
        <time>2026-05-29T11:19:51.000Z</time>
        <speed>0.980</speed>
      </trkpt>
      <trkpt lat="50.5860479" lon="-2.4771138">
        <ele>9.0</ele>
        <time>2026-05-29T11:19:56.000Z</time>
        <speed>0.924</speed>
      </trkpt>
      <trkpt lat="50.5860796" lon="-2.4771225">
        <ele>10.4</ele>
        <time>2026-05-29T11:20:01.000Z</time>
        <speed>0.756</speed>
      </trkpt>
      <trkpt lat="50.5861200" lon="-2.4771726">
        <ele>10.8</ele>
        <time>2026-05-29T11:20:06.000Z</time>
        <speed>1.092</speed>
      </trkpt>
      <trkpt lat="50.5861558" lon="-2.4772171">
        <ele>10.6</ele>
        <time>2026-05-29T11:20:11.000Z</time>
        <speed>1.120</speed>
      </trkpt>
      <trkpt lat="50.5861901" lon="-2.4772518">
        <ele>10.6</ele>
        <time>2026-05-29T11:20:16.000Z</time>
        <speed>0.989</speed>
      </trkpt>
      <trkpt lat="50.5862346" lon="-2.4772970">
        <ele>10.4</ele>
        <time>2026-05-29T11:20:21.000Z</time>
        <speed>1.166</speed>
      </trkpt>
      <trkpt lat="50.5862792" lon="-2.4773411">
        <ele>10.6</ele>
        <time>2026-05-29T11:20:26.000Z</time>
        <speed>1.176</speed>
      </trkpt>
      <trkpt lat="50.5863244" lon="-2.4773928">
        <ele>10.6</ele>
        <time>2026-05-29T11:20:31.000Z</time>
        <speed>1.185</speed>
      </trkpt>
      <trkpt lat="50.5863518" lon="-2.4774403">
        <ele>10.6</ele>
        <time>2026-05-29T11:20:36.000Z</time>
        <speed>1.176</speed>
      </trkpt>
      <trkpt lat="50.5863878" lon="-2.4775042">
        <ele>10.4</ele>
        <time>2026-05-29T11:20:41.000Z</time>
        <speed>1.166</speed>
      </trkpt>
      <trkpt lat="50.5864250" lon="-2.4775496">
        <ele>10.4</ele>
        <time>2026-05-29T11:20:46.000Z</time>
        <speed>1.185</speed>
      </trkpt>
      <trkpt lat="50.5864685" lon="-2.4775776">
        <ele>11.2</ele>
        <time>2026-05-29T11:20:51.000Z</time>
        <speed>1.101</speed>
      </trkpt>
      <trkpt lat="50.5864983" lon="-2.4776135">
        <ele>11.8</ele>
        <time>2026-05-29T11:20:56.000Z</time>
        <speed>1.054</speed>
      </trkpt>
      <trkpt lat="50.5865166" lon="-2.4776322">
        <ele>13.0</ele>
        <time>2026-05-29T11:21:01.000Z</time>
        <speed>0.802</speed>
      </trkpt>
      <trkpt lat="50.5865478" lon="-2.4776843">
        <ele>13.6</ele>
        <time>2026-05-29T11:21:06.000Z</time>
        <speed>1.045</speed>
      </trkpt>
      <trkpt lat="50.5865869" lon="-2.4777466">
        <ele>13.6</ele>
        <time>2026-05-29T11:21:11.000Z</time>
        <speed>1.381</speed>
      </trkpt>
      <trkpt lat="50.5866228" lon="-2.4778143">
        <ele>13.6</ele>
        <time>2026-05-29T11:21:16.000Z</time>
        <speed>1.260</speed>
      </trkpt>
      <trkpt lat="50.5866480" lon="-2.4778767">
        <ele>13.8</ele>
        <time>2026-05-29T11:21:21.000Z</time>
        <speed>1.185</speed>
      </trkpt>
      <trkpt lat="50.5866927" lon="-2.4778954">
        <ele>14.2</ele>
        <time>2026-05-29T11:21:26.000Z</time>
        <speed>1.138</speed>
      </trkpt>
      <trkpt lat="50.5867349" lon="-2.4779068">
        <ele>14.8</ele>
        <time>2026-05-29T11:21:31.000Z</time>
        <speed>1.101</speed>
      </trkpt>
      <trkpt lat="50.5867807" lon="-2.4779534">
        <ele>15.2</ele>
        <time>2026-05-29T11:21:36.000Z</time>
        <speed>1.092</speed>
      </trkpt>
      <trkpt lat="50.5868271" lon="-2.4779948">
        <ele>15.2</ele>
        <time>2026-05-29T11:21:41.000Z</time>
        <speed>1.120</speed>
      </trkpt>
      <trkpt lat="50.5868721" lon="-2.4780484">
        <ele>15.4</ele>
        <time>2026-05-29T11:21:46.000Z</time>
        <speed>1.157</speed>
      </trkpt>
      <trkpt lat="50.5869229" lon="-2.4780988">
        <ele>15.8</ele>
        <time>2026-05-29T11:21:51.000Z</time>
        <speed>1.176</speed>
      </trkpt>
      <trkpt lat="50.5869654" lon="-2.4781420">
        <ele>16.2</ele>
        <time>2026-05-29T11:21:56.000Z</time>
        <speed>1.204</speed>
      </trkpt>
      <trkpt lat="50.5870050" lon="-2.4782001">
        <ele>16.4</ele>
        <time>2026-05-29T11:22:01.000Z</time>
        <speed>1.213</speed>
      </trkpt>
      <trkpt lat="50.5870433" lon="-2.4782517">
        <ele>16.0</ele>
        <time>2026-05-29T11:22:06.000Z</time>
        <speed>1.194</speed>
      </trkpt>
      <trkpt lat="50.5870767" lon="-2.4783057">
        <ele>16.6</ele>
        <time>2026-05-29T11:22:11.000Z</time>
        <speed>1.166</speed>
      </trkpt>
      <trkpt lat="50.5870796" lon="-2.4783123">
        <ele>16.2</ele>
        <time>2026-05-29T11:22:16.000Z</time>
        <speed>0.868</speed>
      </trkpt>
      <trkpt lat="50.5870796" lon="-2.4783123">
        <ele>16.2</ele>
        <time>2026-05-29T11:22:21.000Z</time>
        <speed>0.000</speed>
      </trkpt>
      <trkpt lat="50.5870796" lon="-2.4783123">
        <ele>16.2</ele>
        <time>2026-05-29T11:22:26.000Z</time>
        <speed>0.000</speed>
      </trkpt>
      <trkpt lat="50.5870796" lon="-2.4783123">
        <ele>16.0</ele>
        <time>2026-05-29T11:22:31.000Z</time>
        <speed>0.000</speed>
      </trkpt>
      <trkpt lat="50.5870796" lon="-2.4783123">
        <ele>16.0</ele>
        <time>2026-05-29T11:22:36.000Z</time>
        <speed>0.000</speed>
      </trkpt>
      <trkpt lat="50.5870796" lon="-2.4783123">
        <ele>16.0</ele>
        <time>2026-05-29T11:22:41.000Z</time>
        <speed>0.000</speed>
      </trkpt>
      <trkpt lat="50.5870796" lon="-2.4783123">
        <ele>16.0</ele>
        <time>2026-05-29T11:22:46.000Z</time>
        <speed>0.000</speed>
      </trkpt>
      <trkpt lat="50.5870906" lon="-2.4783331">
        <ele>16.0</ele>
        <time>2026-05-29T11:22:51.000Z</time>
        <speed>0.000</speed>
      </trkpt>
      <trkpt lat="50.5871238" lon="-2.4783796">
        <ele>16.0</ele>
        <time>2026-05-29T11:22:56.000Z</time>
        <speed>1.036</speed>
      </trkpt>
      <trkpt lat="50.5871630" lon="-2.4784284">
        <ele>16.0</ele>
        <time>2026-05-29T11:23:01.000Z</time>
        <speed>1.176</speed>
      </trkpt>
      <trkpt lat="50.5871984" lon="-2.4784726">
        <ele>16.2</ele>
        <time>2026-05-29T11:23:06.000Z</time>
        <speed>1.036</speed>
      </trkpt>
      <trkpt lat="50.5872330" lon="-2.4785273">
        <ele>16.2</ele>
        <time>2026-05-29T11:23:11.000Z</time>
        <speed>1.120</speed>
      </trkpt>
      <trkpt lat="50.5872724" lon="-2.4785915">
        <ele>16.4</ele>
        <time>2026-05-29T11:23:16.000Z</time>
        <speed>1.148</speed>
      </trkpt>
      <trkpt lat="50.5873097" lon="-2.4786436">
        <ele>16.2</ele>
        <time>2026-05-29T11:23:21.000Z</time>
        <speed>1.166</speed>
      </trkpt>
      <trkpt lat="50.5873501" lon="-2.4787013">
        <ele>16.2</ele>
        <time>2026-05-29T11:23:26.000Z</time>
        <speed>1.157</speed>
      </trkpt>
      <trkpt lat="50.5873875" lon="-2.4787624">
        <ele>16.2</ele>
        <time>2026-05-29T11:23:31.000Z</time>
        <speed>1.166</speed>
      </trkpt>
      <trkpt lat="50.5874279" lon="-2.4788226">
        <ele>16.4</ele>
        <time>2026-05-29T11:23:36.000Z</time>
        <speed>1.176</speed>
      </trkpt>
      <trkpt lat="50.5874625" lon="-2.4788716">
        <ele>16.2</ele>
        <time>2026-05-29T11:23:41.000Z</time>
        <speed>1.176</speed>
      </trkpt>
      <trkpt lat="50.5875022" lon="-2.4789267">
        <ele>16.2</ele>
        <time>2026-05-29T11:23:46.000Z</time>
        <speed>1.157</speed>
      </trkpt>
      <trkpt lat="50.5875455" lon="-2.4789826">
        <ele>16.0</ele>
        <time>2026-05-29T11:23:51.000Z</time>
        <speed>1.157</speed>
      </trkpt>
      <trkpt lat="50.5875783" lon="-2.4790394">
        <ele>15.4</ele>
        <time>2026-05-29T11:23:56.000Z</time>
        <speed>1.176</speed>
      </trkpt>
      <trkpt lat="50.5876218" lon="-2.4791036">
        <ele>15.0</ele>
        <time>2026-05-29T11:24:01.000Z</time>
        <speed>1.185</speed>
      </trkpt>
      <trkpt lat="50.5876593" lon="-2.4791529">
        <ele>14.6</ele>
        <time>2026-05-29T11:24:06.000Z</time>
        <speed>1.176</speed>
      </trkpt>
      <trkpt lat="50.5876960" lon="-2.4792041">
        <ele>14.2</ele>
        <time>2026-05-29T11:24:11.000Z</time>
        <speed>1.138</speed>
      </trkpt>
      <trkpt lat="50.5877353" lon="-2.4792598">
        <ele>14.0</ele>
        <time>2026-05-29T11:24:16.000Z</time>
        <speed>1.148</speed>
      </trkpt>
      <trkpt lat="50.5877793" lon="-2.4793106">
        <ele>13.6</ele>
        <time>2026-05-29T11:24:21.000Z</time>
        <speed>1.166</speed>
      </trkpt>
      <trkpt lat="50.5878253" lon="-2.4793547">
        <ele>13.4</ele>
        <time>2026-05-29T11:24:26.000Z</time>
        <speed>1.176</speed>
      </trkpt>
      <trkpt lat="50.5878730" lon="-2.4793888">
        <ele>13.0</ele>
        <time>2026-05-29T11:24:31.000Z</time>
        <speed>1.176</speed>
      </trkpt>
      <trkpt lat="50.5879244" lon="-2.4794322">
        <ele>12.6</ele>
        <time>2026-05-29T11:24:36.000Z</time>
        <speed>1.176</speed>
      </trkpt>
      <trkpt lat="50.5879626" lon="-2.4794735">
        <ele>12.4</ele>
        <time>2026-05-29T11:24:41.000Z</time>
        <speed>1.176</speed>
      </trkpt>
      <trkpt lat="50.5879963" lon="-2.4795251">
        <ele>12.0</ele>
        <time>2026-05-29T11:24:46.000Z</time>
        <speed>1.166</speed>
      </trkpt>
      <trkpt lat="50.5880326" lon="-2.4795668">
        <ele>11.4</ele>
        <time>2026-05-29T11:24:51.000Z</time>
        <speed>1.148</speed>
      </trkpt>
      <trkpt lat="50.5880635" lon="-2.4796212">
        <ele>11.0</ele>
        <time>2026-05-29T11:24:56.000Z</time>
        <speed>1.129</speed>
      </trkpt>
      <trkpt lat="50.5880952" lon="-2.4796814">
        <ele>10.4</ele>
        <time>2026-05-29T11:25:01.000Z</time>
        <speed>1.120</speed>
      </trkpt>
      <trkpt lat="50.5881076" lon="-2.4797431">
        <ele>9.8</ele>
        <time>2026-05-29T11:25:06.000Z</time>
        <speed>1.073</speed>
      </trkpt>
      <trkpt lat="50.5881272" lon="-2.4798046">
        <ele>9.2</ele>
        <time>2026-05-29T11:25:11.000Z</time>
        <speed>1.026</speed>
      </trkpt>
      <trkpt lat="50.5881594" lon="-2.4798615">
        <ele>8.4</ele>
        <time>2026-05-29T11:25:16.000Z</time>
        <speed>1.026</speed>
      </trkpt>
      <trkpt lat="50.5881990" lon="-2.4799116">
        <ele>7.8</ele>
        <time>2026-05-29T11:25:21.000Z</time>
        <speed>1.054</speed>
      </trkpt>
      <trkpt lat="50.5882387" lon="-2.4799612">
        <ele>7.8</ele>
        <time>2026-05-29T11:25:26.000Z</time>
        <speed>1.082</speed>
      </trkpt>
      <trkpt lat="50.5882754" lon="-2.4800170">
        <ele>7.2</ele>
        <time>2026-05-29T11:25:31.000Z</time>
        <speed>1.101</speed>
      </trkpt>
      <trkpt lat="50.5883070" lon="-2.4800542">
        <ele>6.4</ele>
        <time>2026-05-29T11:25:36.000Z</time>
        <speed>1.082</speed>
      </trkpt>
      <trkpt lat="50.5883468" lon="-2.4801012">
        <ele>5.8</ele>
        <time>2026-05-29T11:25:41.000Z</time>
        <speed>1.064</speed>
      </trkpt>
      <trkpt lat="50.5883865" lon="-2.4801518">
        <ele>5.6</ele>
        <time>2026-05-29T11:25:46.000Z</time>
        <speed>1.092</speed>
      </trkpt>
      <trkpt lat="50.5884211" lon="-2.4802114">
        <ele>5.0</ele>
        <time>2026-05-29T11:25:51.000Z</time>
        <speed>1.148</speed>
      </trkpt>
      <trkpt lat="50.5884470" lon="-2.4802518">
        <ele>4.6</ele>
        <time>2026-05-29T11:25:56.000Z</time>
        <speed>1.110</speed>
      </trkpt>
      <trkpt lat="50.5884712" lon="-2.4802821">
        <ele>4.4</ele>
        <time>2026-05-29T11:26:01.000Z</time>
        <speed>0.961</speed>
      </trkpt>
      <trkpt lat="50.5885163" lon="-2.4803378">
        <ele>4.2</ele>
        <time>2026-05-29T11:26:06.000Z</time>
        <speed>0.998</speed>
      </trkpt>
      <trkpt lat="50.5885561" lon="-2.4803950">
        <ele>4.2</ele>
        <time>2026-05-29T11:26:11.000Z</time>
        <speed>1.054</speed>
      </trkpt>
      <trkpt lat="50.5885931" lon="-2.4804466">
        <ele>4.0</ele>
        <time>2026-05-29T11:26:16.000Z</time>
        <speed>1.082</speed>
      </trkpt>
      <trkpt lat="50.5886281" lon="-2.4805079">
        <ele>4.0</ele>
        <time>2026-05-29T11:26:21.000Z</time>
        <speed>1.101</speed>
      </trkpt>
      <trkpt lat="50.5886637" lon="-2.4805776">
        <ele>4.0</ele>
        <time>2026-05-29T11:26:26.000Z</time>
        <speed>1.110</speed>
      </trkpt>
      <trkpt lat="50.5886906" lon="-2.4806517">
        <ele>3.8</ele>
        <time>2026-05-29T11:26:31.000Z</time>
        <speed>1.138</speed>
      </trkpt>
      <trkpt lat="50.5887188" lon="-2.4807191">
        <ele>4.0</ele>
        <time>2026-05-29T11:26:36.000Z</time>
        <speed>1.148</speed>
      </trkpt>
      <trkpt lat="50.5887489" lon="-2.4807890">
        <ele>4.0</ele>
        <time>2026-05-29T11:26:41.000Z</time>
        <speed>1.166</speed>
      </trkpt>
      <trkpt lat="50.5887764" lon="-2.4808564">
        <ele>4.4</ele>
        <time>2026-05-29T11:26:46.000Z</time>
        <speed>1.166</speed>
      </trkpt>
      <trkpt lat="50.5887986" lon="-2.4809264">
        <ele>4.6</ele>
        <time>2026-05-29T11:26:51.000Z</time>
        <speed>1.148</speed>
      </trkpt>
      <trkpt lat="50.5888215" lon="-2.4809901">
        <ele>4.6</ele>
        <time>2026-05-29T11:26:56.000Z</time>
        <speed>1.138</speed>
      </trkpt>
      <trkpt lat="50.5888480" lon="-2.4810541">
        <ele>5.0</ele>
        <time>2026-05-29T11:27:01.000Z</time>
        <speed>1.120</speed>
      </trkpt>
      <trkpt lat="50.5888728" lon="-2.4811310">
        <ele>5.2</ele>
        <time>2026-05-29T11:27:06.000Z</time>
        <speed>1.110</speed>
      </trkpt>
      <trkpt lat="50.5888862" lon="-2.4812064">
        <ele>5.6</ele>
        <time>2026-05-29T11:27:11.000Z</time>
        <speed>1.138</speed>
      </trkpt>
      <trkpt lat="50.5889014" lon="-2.4812574">
        <ele>5.8</ele>
        <time>2026-05-29T11:27:16.000Z</time>
        <speed>1.045</speed>
      </trkpt>
      <trkpt lat="50.5889057" lon="-2.4813368">
        <ele>5.4</ele>
        <time>2026-05-29T11:27:21.000Z</time>
        <speed>0.924</speed>
      </trkpt>
      <trkpt lat="50.5889289" lon="-2.4814131">
        <ele>5.4</ele>
        <time>2026-05-29T11:27:26.000Z</time>
        <speed>1.250</speed>
      </trkpt>
      <trkpt lat="50.5889416" lon="-2.4814683">
        <ele>6.2</ele>
        <time>2026-05-29T11:27:31.000Z</time>
        <speed>0.970</speed>
      </trkpt>
      <trkpt lat="50.5889449" lon="-2.4815401">
        <ele>7.2</ele>
        <time>2026-05-29T11:27:36.000Z</time>
        <speed>0.933</speed>
      </trkpt>
      <trkpt lat="50.5889341" lon="-2.4816210">
        <ele>7.4</ele>
        <time>2026-05-29T11:27:41.000Z</time>
        <speed>1.054</speed>
      </trkpt>
      <trkpt lat="50.5889184" lon="-2.4816920">
        <ele>7.0</ele>
        <time>2026-05-29T11:27:46.000Z</time>
        <speed>1.064</speed>
      </trkpt>
      <trkpt lat="50.5888989" lon="-2.4817595">
        <ele>6.4</ele>
        <time>2026-05-29T11:27:51.000Z</time>
        <speed>1.082</speed>
      </trkpt>
      <trkpt lat="50.5888857" lon="-2.4818425">
        <ele>6.0</ele>
        <time>2026-05-29T11:27:56.000Z</time>
        <speed>1.092</speed>
      </trkpt>
      <trkpt lat="50.5888771" lon="-2.4819218">
        <ele>5.8</ele>
        <time>2026-05-29T11:28:01.000Z</time>
        <speed>1.101</speed>
      </trkpt>
      <trkpt lat="50.5888681" lon="-2.4820040">
        <ele>5.8</ele>
        <time>2026-05-29T11:28:06.000Z</time>
        <speed>1.110</speed>
      </trkpt>
      <trkpt lat="50.5888639" lon="-2.4820933">
        <ele>5.8</ele>
        <time>2026-05-29T11:28:11.000Z</time>
        <speed>1.148</speed>
      </trkpt>
      <trkpt lat="50.5888756" lon="-2.4821778">
        <ele>5.8</ele>
        <time>2026-05-29T11:28:16.000Z</time>
        <speed>1.222</speed>
      </trkpt>
      <trkpt lat="50.5888944" lon="-2.4822544">
        <ele>6.0</ele>
        <time>2026-05-29T11:28:21.000Z</time>
        <speed>1.204</speed>
      </trkpt>
      <trkpt lat="50.5889186" lon="-2.4823238">
        <ele>6.2</ele>
        <time>2026-05-29T11:28:26.000Z</time>
        <speed>1.176</speed>
      </trkpt>
      <trkpt lat="50.5889394" lon="-2.4824010">
        <ele>6.4</ele>
        <time>2026-05-29T11:28:31.000Z</time>
        <speed>1.157</speed>
      </trkpt>
      <trkpt lat="50.5889622" lon="-2.4824797">
        <ele>6.6</ele>
        <time>2026-05-29T11:28:36.000Z</time>
        <speed>1.166</speed>
      </trkpt>
      <trkpt lat="50.5889794" lon="-2.4825483">
        <ele>6.6</ele>
        <time>2026-05-29T11:28:41.000Z</time>
        <speed>1.148</speed>
      </trkpt>
      <trkpt lat="50.5889973" lon="-2.4826280">
        <ele>7.0</ele>
        <time>2026-05-29T11:28:46.000Z</time>
        <speed>1.138</speed>
      </trkpt>
      <trkpt lat="50.5890135" lon="-2.4827115">
        <ele>7.0</ele>
        <time>2026-05-29T11:28:51.000Z</time>
        <speed>1.166</speed>
      </trkpt>
      <trkpt lat="50.5890245" lon="-2.4827909">
        <ele>7.0</ele>
        <time>2026-05-29T11:28:56.000Z</time>
        <speed>1.166</speed>
      </trkpt>
      <trkpt lat="50.5890335" lon="-2.4828739">
        <ele>7.2</ele>
        <time>2026-05-29T11:29:01.000Z</time>
        <speed>1.166</speed>
      </trkpt>
      <trkpt lat="50.5890483" lon="-2.4829572">
        <ele>7.2</ele>
        <time>2026-05-29T11:29:06.000Z</time>
        <speed>1.176</speed>
      </trkpt>
      <trkpt lat="50.5890633" lon="-2.4830411">
        <ele>7.4</ele>
        <time>2026-05-29T11:29:11.000Z</time>
        <speed>1.176</speed>
      </trkpt>
      <trkpt lat="50.5890761" lon="-2.4831236">
        <ele>7.6</ele>
        <time>2026-05-29T11:29:16.000Z</time>
        <speed>1.185</speed>
      </trkpt>
      <trkpt lat="50.5890865" lon="-2.4832031">
        <ele>7.4</ele>
        <time>2026-05-29T11:29:21.000Z</time>
        <speed>1.194</speed>
      </trkpt>
      <trkpt lat="50.5891007" lon="-2.4832853">
        <ele>7.4</ele>
        <time>2026-05-29T11:29:26.000Z</time>
        <speed>1.194</speed>
      </trkpt>
      <trkpt lat="50.5891168" lon="-2.4833609">
        <ele>7.4</ele>
        <time>2026-05-29T11:29:31.000Z</time>
        <speed>1.194</speed>
      </trkpt>
      <trkpt lat="50.5891304" lon="-2.4834233">
        <ele>7.4</ele>
        <time>2026-05-29T11:29:36.000Z</time>
        <speed>1.157</speed>
      </trkpt>
      <trkpt lat="50.5891358" lon="-2.4834310">
        <ele>7.6</ele>
        <time>2026-05-29T11:29:41.000Z</time>
        <speed>0.000</speed>
      </trkpt>
      <trkpt lat="50.5891358" lon="-2.4834310">
        <ele>7.6</ele>
        <time>2026-05-29T11:29:46.000Z</time>
        <speed>0.000</speed>
      </trkpt>
      <trkpt lat="50.5891358" lon="-2.4834310">
        <ele>7.6</ele>
        <time>2026-05-29T11:29:51.000Z</time>
        <speed>0.000</speed>
      </trkpt>
      <trkpt lat="50.5891592" lon="-2.4834864">
        <ele>7.6</ele>
        <time>2026-05-29T11:29:56.000Z</time>
        <speed>1.344</speed>
      </trkpt>
      <trkpt lat="50.5891717" lon="-2.4835356">
        <ele>7.8</ele>
        <time>2026-05-29T11:30:01.000Z</time>
        <speed>0.793</speed>
      </trkpt>
      <trkpt lat="50.5891719" lon="-2.4835435">
        <ele>8.0</ele>
        <time>2026-05-29T11:30:06.000Z</time>
        <speed>0.000</speed>
      </trkpt>
      <trkpt lat="50.5891900" lon="-2.4835629">
        <ele>8.0</ele>
        <time>2026-05-29T11:30:11.000Z</time>
        <speed>0.000</speed>
      </trkpt>
      <trkpt lat="50.5892395" lon="-2.4835917">
        <ele>8.0</ele>
        <time>2026-05-29T11:30:16.000Z</time>
        <speed>1.250</speed>
      </trkpt>
      <trkpt lat="50.5892823" lon="-2.4836061">
        <ele>8.6</ele>
        <time>2026-05-29T11:30:21.000Z</time>
        <speed>0.980</speed>
      </trkpt>
      <trkpt lat="50.5893108" lon="-2.4836148">
        <ele>8.6</ele>
        <time>2026-05-29T11:30:26.000Z</time>
        <speed>0.746</speed>
      </trkpt>
      <trkpt lat="50.5893486" lon="-2.4836261">
        <ele>8.8</ele>
        <time>2026-05-29T11:30:31.000Z</time>
        <speed>0.709</speed>
      </trkpt>
      <trkpt lat="50.5893886" lon="-2.4836398">
        <ele>9.2</ele>
        <time>2026-05-29T11:30:36.000Z</time>
        <speed>0.746</speed>
      </trkpt>
      <trkpt lat="50.5894375" lon="-2.4836583">
        <ele>9.4</ele>
        <time>2026-05-29T11:30:41.000Z</time>
        <speed>0.830</speed>
      </trkpt>
      <trkpt lat="50.5894822" lon="-2.4836693">
        <ele>9.8</ele>
        <time>2026-05-29T11:30:46.000Z</time>
        <speed>0.896</speed>
      </trkpt>
      <trkpt lat="50.5895287" lon="-2.4836869">
        <ele>10.0</ele>
        <time>2026-05-29T11:30:51.000Z</time>
        <speed>0.942</speed>
      </trkpt>
      <trkpt lat="50.5895806" lon="-2.4837079">
        <ele>10.4</ele>
        <time>2026-05-29T11:30:56.000Z</time>
        <speed>1.026</speed>
      </trkpt>
      <trkpt lat="50.5896262" lon="-2.4837240">
        <ele>10.6</ele>
        <time>2026-05-29T11:31:01.000Z</time>
        <speed>1.054</speed>
      </trkpt>
      <trkpt lat="50.5896730" lon="-2.4837385">
        <ele>11.0</ele>
        <time>2026-05-29T11:31:06.000Z</time>
        <speed>1.064</speed>
      </trkpt>
      <trkpt lat="50.5897176" lon="-2.4837673">
        <ele>11.0</ele>
        <time>2026-05-29T11:31:11.000Z</time>
        <speed>1.110</speed>
      </trkpt>
      <trkpt lat="50.5897574" lon="-2.4837877">
        <ele>11.4</ele>
        <time>2026-05-29T11:31:16.000Z</time>
        <speed>1.101</speed>
      </trkpt>
      <trkpt lat="50.5897896" lon="-2.4838073">
        <ele>11.8</ele>
        <time>2026-05-29T11:31:21.000Z</time>
        <speed>1.054</speed>
      </trkpt>
      <trkpt lat="50.5898107" lon="-2.4838161">
        <ele>11.8</ele>
        <time>2026-05-29T11:31:26.000Z</time>
        <speed>0.961</speed>
      </trkpt>
      <trkpt lat="50.5898629" lon="-2.4838384">
        <ele>12.0</ele>
        <time>2026-05-29T11:31:31.000Z</time>
        <speed>1.073</speed>
      </trkpt>
      <trkpt lat="50.5899099" lon="-2.4838538">
        <ele>12.4</ele>
        <time>2026-05-29T11:31:36.000Z</time>
        <speed>1.148</speed>
      </trkpt>
      <trkpt lat="50.5899538" lon="-2.4838563">
        <ele>12.8</ele>
        <time>2026-05-29T11:31:41.000Z</time>
        <speed>1.045</speed>
      </trkpt>
      <trkpt lat="50.5900021" lon="-2.4838591">
        <ele>13.2</ele>
        <time>2026-05-29T11:31:46.000Z</time>
        <speed>1.082</speed>
      </trkpt>
      <trkpt lat="50.5900529" lon="-2.4838613">
        <ele>13.4</ele>
        <time>2026-05-29T11:31:51.000Z</time>
        <speed>1.073</speed>
      </trkpt>
      <trkpt lat="50.5900957" lon="-2.4838604">
        <ele>13.6</ele>
        <time>2026-05-29T11:31:56.000Z</time>
        <speed>1.064</speed>
      </trkpt>
      <trkpt lat="50.5901455" lon="-2.4838680">
        <ele>14.0</ele>
        <time>2026-05-29T11:32:01.000Z</time>
        <speed>1.045</speed>
      </trkpt>
      <trkpt lat="50.5901617" lon="-2.4838764">
        <ele>14.2</ele>
        <time>2026-05-29T11:32:06.000Z</time>
        <speed>0.980</speed>
      </trkpt>
      <trkpt lat="50.5901990" lon="-2.4838840">
        <ele>14.2</ele>
        <time>2026-05-29T11:32:11.000Z</time>
        <speed>0.000</speed>
      </trkpt>
      <trkpt lat="50.5902396" lon="-2.4838670">
        <ele>14.4</ele>
        <time>2026-05-29T11:32:16.000Z</time>
        <speed>0.998</speed>
      </trkpt>
      <trkpt lat="50.5902591" lon="-2.4838341">
        <ele>14.6</ele>
        <time>2026-05-29T11:32:21.000Z</time>
        <speed>0.728</speed>
      </trkpt>
      <trkpt lat="50.5902799" lon="-2.4838126">
        <ele>14.6</ele>
        <time>2026-05-29T11:32:26.000Z</time>
        <speed>0.718</speed>
      </trkpt>
      <trkpt lat="50.5903064" lon="-2.4837899">
        <ele>14.6</ele>
        <time>2026-05-29T11:32:31.000Z</time>
        <speed>0.000</speed>
      </trkpt>
      <trkpt lat="50.5903544" lon="-2.4837610">
        <ele>14.6</ele>
        <time>2026-05-29T11:32:36.000Z</time>
        <speed>1.036</speed>
      </trkpt>
      <trkpt lat="50.5903911" lon="-2.4837406">
        <ele>14.8</ele>
        <time>2026-05-29T11:32:41.000Z</time>
        <speed>0.989</speed>
      </trkpt>
      <trkpt lat="50.5904392" lon="-2.4837216">
        <ele>14.4</ele>
        <time>2026-05-29T11:32:46.000Z</time>
        <speed>1.017</speed>
      </trkpt>
      <trkpt lat="50.5904831" lon="-2.4837020">
        <ele>14.4</ele>
        <time>2026-05-29T11:32:51.000Z</time>
        <speed>1.045</speed>
      </trkpt>
      <trkpt lat="50.5905219" lon="-2.4836936">
        <ele>14.0</ele>
        <time>2026-05-29T11:32:56.000Z</time>
        <speed>0.952</speed>
      </trkpt>
      <trkpt lat="50.5905588" lon="-2.4836800">
        <ele>13.4</ele>
        <time>2026-05-29T11:33:01.000Z</time>
        <speed>0.802</speed>
      </trkpt>
      <trkpt lat="50.5906021" lon="-2.4836555">
        <ele>12.8</ele>
        <time>2026-05-29T11:33:06.000Z</time>
        <speed>0.914</speed>
      </trkpt>
      <trkpt lat="50.5906148" lon="-2.4836494">
        <ele>12.4</ele>
        <time>2026-05-29T11:33:11.000Z</time>
        <speed>0.560</speed>
      </trkpt>
      <trkpt lat="50.5906382" lon="-2.4836319">
        <ele>12.2</ele>
        <time>2026-05-29T11:33:16.000Z</time>
        <speed>1.008</speed>
      </trkpt>
      <trkpt lat="50.5906770" lon="-2.4836090">
        <ele>12.0</ele>
        <time>2026-05-29T11:33:21.000Z</time>
        <speed>0.886</speed>
      </trkpt>
      <trkpt lat="50.5907161" lon="-2.4835875">
        <ele>11.8</ele>
        <time>2026-05-29T11:33:26.000Z</time>
        <speed>1.054</speed>
      </trkpt>
      <trkpt lat="50.5907447" lon="-2.4835728">
        <ele>11.4</ele>
        <time>2026-05-29T11:33:31.000Z</time>
        <speed>0.858</speed>
      </trkpt>
      <trkpt lat="50.5907836" lon="-2.4835725">
        <ele>11.0</ele>
        <time>2026-05-29T11:33:36.000Z</time>
        <speed>0.840</speed>
      </trkpt>
      <trkpt lat="50.5908137" lon="-2.4835931">
        <ele>10.0</ele>
        <time>2026-05-29T11:33:41.000Z</time>
        <speed>0.840</speed>
      </trkpt>
      <trkpt lat="50.5908237" lon="-2.4836012">
        <ele>9.6</ele>
        <time>2026-05-29T11:33:46.000Z</time>
        <speed>0.485</speed>
      </trkpt>
      <trkpt lat="50.5908631" lon="-2.4836318">
        <ele>9.0</ele>
        <time>2026-05-29T11:33:51.000Z</time>
        <speed>1.026</speed>
      </trkpt>
      <trkpt lat="50.5908717" lon="-2.4836354">
        <ele>8.4</ele>
        <time>2026-05-29T11:33:56.000Z</time>
        <speed>0.000</speed>
      </trkpt>
      <trkpt lat="50.5908717" lon="-2.4836354">
        <ele>8.4</ele>
        <time>2026-05-29T11:34:01.000Z</time>
        <speed>0.000</speed>
      </trkpt>
      <trkpt lat="50.5908717" lon="-2.4836354">
        <ele>8.4</ele>
        <time>2026-05-29T11:34:06.000Z</time>
        <speed>0.000</speed>
      </trkpt>
      <trkpt lat="50.5908717" lon="-2.4836354">
        <ele>8.4</ele>
        <time>2026-05-29T11:34:11.000Z</time>
        <speed>0.000</speed>
      </trkpt>
      <trkpt lat="50.5908841" lon="-2.4836493">
        <ele>8.2</ele>
        <time>2026-05-29T11:34:16.000Z</time>
        <speed>0.000</speed>
      </trkpt>
      <trkpt lat="50.5909156" lon="-2.4836748">
        <ele>7.6</ele>
        <time>2026-05-29T11:34:21.000Z</time>
        <speed>0.541</speed>
      </trkpt>
      <trkpt lat="50.5909566" lon="-2.4837059">
        <ele>6.8</ele>
        <time>2026-05-29T11:34:26.000Z</time>
        <speed>1.008</speed>
      </trkpt>
      <trkpt lat="50.5909939" lon="-2.4837308">
        <ele>6.4</ele>
        <time>2026-05-29T11:34:31.000Z</time>
        <speed>0.961</speed>
      </trkpt>
      <trkpt lat="50.5910306" lon="-2.4837611">
        <ele>5.6</ele>
        <time>2026-05-29T11:34:36.000Z</time>
        <speed>0.905</speed>
      </trkpt>
      <trkpt lat="50.5910597" lon="-2.4837779">
        <ele>5.2</ele>
        <time>2026-05-29T11:34:41.000Z</time>
        <speed>0.868</speed>
      </trkpt>
      <trkpt lat="50.5910975" lon="-2.4838055">
        <ele>4.6</ele>
        <time>2026-05-29T11:34:46.000Z</time>
        <speed>0.840</speed>
      </trkpt>
      <trkpt lat="50.5911307" lon="-2.4838423">
        <ele>4.2</ele>
        <time>2026-05-29T11:34:51.000Z</time>
        <speed>0.886</speed>
      </trkpt>
      <trkpt lat="50.5911432" lon="-2.4838961">
        <ele>3.4</ele>
        <time>2026-05-29T11:34:56.000Z</time>
        <speed>0.886</speed>
      </trkpt>
      <trkpt lat="50.5911404" lon="-2.4839504">
        <ele>2.8</ele>
        <time>2026-05-29T11:35:01.000Z</time>
        <speed>0.840</speed>
      </trkpt>
      <trkpt lat="50.5911628" lon="-2.4840179">
        <ele>2.0</ele>
        <time>2026-05-29T11:35:06.000Z</time>
        <speed>0.812</speed>
      </trkpt>
      <trkpt lat="50.5912128" lon="-2.4840625">
        <ele>1.6</ele>
        <time>2026-05-29T11:35:11.000Z</time>
        <speed>0.877</speed>
      </trkpt>
      <trkpt lat="50.5912654" lon="-2.4841068">
        <ele>1.8</ele>
        <time>2026-05-29T11:35:16.000Z</time>
        <speed>0.952</speed>
      </trkpt>
      <trkpt lat="50.5913063" lon="-2.4841571">
        <ele>1.8</ele>
        <time>2026-05-29T11:35:21.000Z</time>
        <speed>0.998</speed>
      </trkpt>
      <trkpt lat="50.5913488" lon="-2.4842100">
        <ele>1.8</ele>
        <time>2026-05-29T11:35:26.000Z</time>
        <speed>1.064</speed>
      </trkpt>
      <trkpt lat="50.5913819" lon="-2.4842699">
        <ele>1.6</ele>
        <time>2026-05-29T11:35:31.000Z</time>
        <speed>1.138</speed>
      </trkpt>
      <trkpt lat="50.5914262" lon="-2.4843000">
        <ele>1.6</ele>
        <time>2026-05-29T11:35:36.000Z</time>
        <speed>1.166</speed>
      </trkpt>
      <trkpt lat="50.5914572" lon="-2.4843558">
        <ele>1.6</ele>
        <time>2026-05-29T11:35:41.000Z</time>
        <speed>1.092</speed>
      </trkpt>
      <trkpt lat="50.5914453" lon="-2.4844294">
        <ele>1.4</ele>
        <time>2026-05-29T11:35:46.000Z</time>
        <speed>1.082</speed>
      </trkpt>
      <trkpt lat="50.5914645" lon="-2.4845058">
        <ele>1.4</ele>
        <time>2026-05-29T11:35:51.000Z</time>
        <speed>1.045</speed>
      </trkpt>
      <trkpt lat="50.5914992" lon="-2.4845708">
        <ele>1.4</ele>
        <time>2026-05-29T11:35:56.000Z</time>
        <speed>1.092</speed>
      </trkpt>
      <trkpt lat="50.5915358" lon="-2.4846261">
        <ele>0.8</ele>
        <time>2026-05-29T11:36:01.000Z</time>
        <speed>1.110</speed>
      </trkpt>
      <trkpt lat="50.5915719" lon="-2.4846938">
        <ele>1.2</ele>
        <time>2026-05-29T11:36:06.000Z</time>
        <speed>1.148</speed>
      </trkpt>
      <trkpt lat="50.5916148" lon="-2.4847533">
        <ele>1.2</ele>
        <time>2026-05-29T11:36:11.000Z</time>
        <speed>1.185</speed>
      </trkpt>
      <trkpt lat="50.5916518" lon="-2.4848042">
        <ele>1.2</ele>
        <time>2026-05-29T11:36:16.000Z</time>
        <speed>1.194</speed>
      </trkpt>
      <trkpt lat="50.5916773" lon="-2.4848786">
        <ele>1.2</ele>
        <time>2026-05-29T11:36:21.000Z</time>
        <speed>1.185</speed>
      </trkpt>
      <trkpt lat="50.5916937" lon="-2.4849685">
        <ele>1.2</ele>
        <time>2026-05-29T11:36:26.000Z</time>
        <speed>1.194</speed>
      </trkpt>
      <trkpt lat="50.5917135" lon="-2.4850475">
        <ele>1.2</ele>
        <time>2026-05-29T11:36:31.000Z</time>
        <speed>1.213</speed>
      </trkpt>
      <trkpt lat="50.5917406" lon="-2.4851277">
        <ele>1.2</ele>
        <time>2026-05-29T11:36:36.000Z</time>
        <speed>1.232</speed>
      </trkpt>
      <trkpt lat="50.5917644" lon="-2.4852000">
        <ele>1.2</ele>
        <time>2026-05-29T11:36:41.000Z</time>
        <speed>1.222</speed>
      </trkpt>
      <trkpt lat="50.5917870" lon="-2.4852708">
        <ele>1.2</ele>
        <time>2026-05-29T11:36:46.000Z</time>
        <speed>1.213</speed>
      </trkpt>
      <trkpt lat="50.5918005" lon="-2.4853479">
        <ele>1.0</ele>
        <time>2026-05-29T11:36:51.000Z</time>
        <speed>1.194</speed>
      </trkpt>
      <trkpt lat="50.5918108" lon="-2.4854029">
        <ele>0.8</ele>
        <time>2026-05-29T11:36:56.000Z</time>
        <speed>1.157</speed>
      </trkpt>
      <trkpt lat="50.5918171" lon="-2.4854200">
        <ele>0.8</ele>
        <time>2026-05-29T11:37:01.000Z</time>
        <speed>0.000</speed>
      </trkpt>
      <trkpt lat="50.5918163" lon="-2.4854200">
        <ele>1.0</ele>
        <time>2026-05-29T11:37:06.000Z</time>
        <speed>0.000</speed>
      </trkpt>
      <trkpt lat="50.5918163" lon="-2.4854201">
        <ele>0.6</ele>
        <time>2026-05-29T11:37:11.000Z</time>
        <speed>0.000</speed>
      </trkpt>
      <trkpt lat="50.5918163" lon="-2.4854201">
        <ele>0.6</ele>
        <time>2026-05-29T11:37:16.000Z</time>
        <speed>0.000</speed>
      </trkpt>
      <trkpt lat="50.5918163" lon="-2.4854201">
        <ele>0.6</ele>
        <time>2026-05-29T11:37:21.000Z</time>
        <speed>0.000</speed>
      </trkpt>
      <trkpt lat="50.5918163" lon="-2.4854201">
        <ele>-0.2</ele>
        <time>2026-05-29T11:37:26.000Z</time>
        <speed>0.000</speed>
      </trkpt>
      <trkpt lat="50.5918163" lon="-2.4854201">
        <ele>0.0</ele>
        <time>2026-05-29T11:37:31.000Z</time>
        <speed>0.000</speed>
      </trkpt>
      <trkpt lat="50.5918092" lon="-2.4854643">
        <ele>0.2</ele>
        <time>2026-05-29T11:37:36.000Z</time>
        <speed>0.000</speed>
      </trkpt>
      <trkpt lat="50.5917978" lon="-2.4855525">
        <ele>0.4</ele>
        <time>2026-05-29T11:37:41.000Z</time>
        <speed>1.194</speed>
      </trkpt>
      <trkpt lat="50.5917989" lon="-2.4856394">
        <ele>0.2</ele>
        <time>2026-05-29T11:37:46.000Z</time>
        <speed>1.278</speed>
      </trkpt>
      <trkpt lat="50.5917978" lon="-2.4857235">
        <ele>0.0</ele>
        <time>2026-05-29T11:37:51.000Z</time>
        <speed>1.148</speed>
      </trkpt>
      <trkpt lat="50.5918372" lon="-2.4857383">
        <ele>0.0</ele>
        <time>2026-05-29T11:37:56.000Z</time>
        <speed>1.138</speed>
      </trkpt>
      <trkpt lat="50.5918672" lon="-2.4857484">
        <ele>0.6</ele>
        <time>2026-05-29T11:38:01.000Z</time>
        <speed>0.970</speed>
      </trkpt>
      <trkpt lat="50.5918997" lon="-2.4857667">
        <ele>1.2</ele>
        <time>2026-05-29T11:38:06.000Z</time>
        <speed>0.000</speed>
      </trkpt>
      <trkpt lat="50.5919429" lon="-2.4857413">
        <ele>1.6</ele>
        <time>2026-05-29T11:38:11.000Z</time>
        <speed>1.036</speed>
      </trkpt>
      <trkpt lat="50.5919901" lon="-2.4857275">
        <ele>1.6</ele>
        <time>2026-05-29T11:38:16.000Z</time>
        <speed>1.138</speed>
      </trkpt>
      <trkpt lat="50.5920435" lon="-2.4857210">
        <ele>1.8</ele>
        <time>2026-05-29T11:38:21.000Z</time>
        <speed>1.110</speed>
      </trkpt>
      <trkpt lat="50.5920916" lon="-2.4857152">
        <ele>2.0</ele>
        <time>2026-05-29T11:38:26.000Z</time>
        <speed>1.120</speed>
      </trkpt>
      <trkpt lat="50.5921284" lon="-2.4856867">
        <ele>2.2</ele>
        <time>2026-05-29T11:38:31.000Z</time>
        <speed>1.110</speed>
      </trkpt>
      <trkpt lat="50.5921802" lon="-2.4856540">
        <ele>3.0</ele>
        <time>2026-05-29T11:38:36.000Z</time>
        <speed>1.082</speed>
      </trkpt>
      <trkpt lat="50.5922272" lon="-2.4856319">
        <ele>3.4</ele>
        <time>2026-05-29T11:38:41.000Z</time>
        <speed>1.166</speed>
      </trkpt>
      <trkpt lat="50.5922725" lon="-2.4856244">
        <ele>4.2</ele>
        <time>2026-05-29T11:38:46.000Z</time>
        <speed>1.045</speed>
      </trkpt>
      <trkpt lat="50.5923264" lon="-2.4856284">
        <ele>4.8</ele>
        <time>2026-05-29T11:38:51.000Z</time>
        <speed>1.120</speed>
      </trkpt>
      <trkpt lat="50.5923752" lon="-2.4856442">
        <ele>5.6</ele>
        <time>2026-05-29T11:38:56.000Z</time>
        <speed>1.148</speed>
      </trkpt>
      <trkpt lat="50.5924188" lon="-2.4856608">
        <ele>6.0</ele>
        <time>2026-05-29T11:39:01.000Z</time>
        <speed>1.101</speed>
      </trkpt>
      <trkpt lat="50.5924744" lon="-2.4856940">
        <ele>6.8</ele>
        <time>2026-05-29T11:39:06.000Z</time>
        <speed>1.129</speed>
      </trkpt>
      <trkpt lat="50.5925167" lon="-2.4857180">
        <ele>7.4</ele>
        <time>2026-05-29T11:39:11.000Z</time>
        <speed>1.110</speed>
      </trkpt>
      <trkpt lat="50.5925641" lon="-2.4857489">
        <ele>8.0</ele>
        <time>2026-05-29T11:39:16.000Z</time>
        <speed>1.110</speed>
      </trkpt>
      <trkpt lat="50.5926029" lon="-2.4857891">
        <ele>8.6</ele>
        <time>2026-05-29T11:39:21.000Z</time>
        <speed>1.120</speed>
      </trkpt>
      <trkpt lat="50.5926397" lon="-2.4858451">
        <ele>9.0</ele>
        <time>2026-05-29T11:39:26.000Z</time>
        <speed>1.101</speed>
      </trkpt>
      <trkpt lat="50.5926714" lon="-2.4859043">
        <ele>9.8</ele>
        <time>2026-05-29T11:39:31.000Z</time>
        <speed>1.110</speed>
      </trkpt>
      <trkpt lat="50.5927060" lon="-2.4859557">
        <ele>10.2</ele>
        <time>2026-05-29T11:39:36.000Z</time>
        <speed>1.101</speed>
      </trkpt>
      <trkpt lat="50.5927429" lon="-2.4860203">
        <ele>10.6</ele>
        <time>2026-05-29T11:39:41.000Z</time>
        <speed>1.120</speed>
      </trkpt>
      <trkpt lat="50.5927764" lon="-2.4860746">
        <ele>11.4</ele>
        <time>2026-05-29T11:39:46.000Z</time>
        <speed>1.129</speed>
      </trkpt>
      <trkpt lat="50.5928117" lon="-2.4861297">
        <ele>12.0</ele>
        <time>2026-05-29T11:39:51.000Z</time>
        <speed>1.120</speed>
      </trkpt>
      <trkpt lat="50.5928444" lon="-2.4861888">
        <ele>12.4</ele>
        <time>2026-05-29T11:39:56.000Z</time>
        <speed>1.120</speed>
      </trkpt>
      <trkpt lat="50.5928844" lon="-2.4862610">
        <ele>12.8</ele>
        <time>2026-05-29T11:40:01.000Z</time>
        <speed>1.129</speed>
      </trkpt>
      <trkpt lat="50.5929240" lon="-2.4863320">
        <ele>12.8</ele>
        <time>2026-05-29T11:40:06.000Z</time>
        <speed>1.157</speed>
      </trkpt>
      <trkpt lat="50.5929608" lon="-2.4863989">
        <ele>13.0</ele>
        <time>2026-05-29T11:40:11.000Z</time>
        <speed>1.176</speed>
      </trkpt>
      <trkpt lat="50.5929935" lon="-2.4864620">
        <ele>12.8</ele>
        <time>2026-05-29T11:40:16.000Z</time>
        <speed>1.185</speed>
      </trkpt>
      <trkpt lat="50.5930107" lon="-2.4864897">
        <ele>12.6</ele>
        <time>2026-05-29T11:40:21.000Z</time>
        <speed>1.176</speed>
      </trkpt>
      <trkpt lat="50.5930449" lon="-2.4865433">
        <ele>12.8</ele>
        <time>2026-05-29T11:40:26.000Z</time>
        <speed>1.138</speed>
      </trkpt>
      <trkpt lat="50.5930784" lon="-2.4866043">
        <ele>12.6</ele>
        <time>2026-05-29T11:40:31.000Z</time>
        <speed>1.138</speed>
      </trkpt>
      <trkpt lat="50.5931157" lon="-2.4866588">
        <ele>12.6</ele>
        <time>2026-05-29T11:40:36.000Z</time>
        <speed>1.120</speed>
      </trkpt>
      <trkpt lat="50.5931357" lon="-2.4867098">
        <ele>12.6</ele>
        <time>2026-05-29T11:40:41.000Z</time>
        <speed>1.082</speed>
      </trkpt>
      <trkpt lat="50.5931707" lon="-2.4867570">
        <ele>12.2</ele>
        <time>2026-05-29T11:40:46.000Z</time>
        <speed>1.036</speed>
      </trkpt>
      <trkpt lat="50.5932029" lon="-2.4868090">
        <ele>12.2</ele>
        <time>2026-05-29T11:40:51.000Z</time>
        <speed>1.017</speed>
      </trkpt>
      <trkpt lat="50.5932367" lon="-2.4868653">
        <ele>11.8</ele>
        <time>2026-05-29T11:40:56.000Z</time>
        <speed>1.026</speed>
      </trkpt>
      <trkpt lat="50.5932695" lon="-2.4869335">
        <ele>11.6</ele>
        <time>2026-05-29T11:41:01.000Z</time>
        <speed>1.064</speed>
      </trkpt>
      <trkpt lat="50.5932882" lon="-2.4870035">
        <ele>11.6</ele>
        <time>2026-05-29T11:41:06.000Z</time>
        <speed>1.110</speed>
      </trkpt>
      <trkpt lat="50.5932993" lon="-2.4870895">
        <ele>11.4</ele>
        <time>2026-05-29T11:41:11.000Z</time>
        <speed>1.120</speed>
      </trkpt>
      <trkpt lat="50.5932949" lon="-2.4871696">
        <ele>11.0</ele>
        <time>2026-05-29T11:41:16.000Z</time>
        <speed>1.148</speed>
      </trkpt>
      <trkpt lat="50.5932832" lon="-2.4872576">
        <ele>10.6</ele>
        <time>2026-05-29T11:41:21.000Z</time>
        <speed>1.157</speed>
      </trkpt>
      <trkpt lat="50.5932641" lon="-2.4873387">
        <ele>10.2</ele>
        <time>2026-05-29T11:41:26.000Z</time>
        <speed>1.185</speed>
      </trkpt>
      <trkpt lat="50.5932415" lon="-2.4874196">
        <ele>10.4</ele>
        <time>2026-05-29T11:41:31.000Z</time>
        <speed>1.232</speed>
      </trkpt>
      <trkpt lat="50.5932097" lon="-2.4874795">
        <ele>11.0</ele>
        <time>2026-05-29T11:41:36.000Z</time>
        <speed>1.157</speed>
      </trkpt>
      <trkpt lat="50.5931768" lon="-2.4875371">
        <ele>11.8</ele>
        <time>2026-05-29T11:41:41.000Z</time>
        <speed>1.157</speed>
      </trkpt>
      <trkpt lat="50.5931405" lon="-2.4875982">
        <ele>12.6</ele>
        <time>2026-05-29T11:41:46.000Z</time>
        <speed>1.166</speed>
      </trkpt>
      <trkpt lat="50.5931093" lon="-2.4876454">
        <ele>12.8</ele>
        <time>2026-05-29T11:41:51.000Z</time>
        <speed>1.120</speed>
      </trkpt>
      <trkpt lat="50.5930803" lon="-2.4876994">
        <ele>13.4</ele>
        <time>2026-05-29T11:41:56.000Z</time>
        <speed>1.101</speed>
      </trkpt>
      <trkpt lat="50.5930478" lon="-2.4877577">
        <ele>14.2</ele>
        <time>2026-05-29T11:42:01.000Z</time>
        <speed>1.036</speed>
      </trkpt>
      <trkpt lat="50.5930111" lon="-2.4878075">
        <ele>14.8</ele>
        <time>2026-05-29T11:42:06.000Z</time>
        <speed>1.054</speed>
      </trkpt>
      <trkpt lat="50.5929805" lon="-2.4878595">
        <ele>15.6</ele>
        <time>2026-05-29T11:42:11.000Z</time>
        <speed>1.045</speed>
      </trkpt>
      <trkpt lat="50.5929464" lon="-2.4879137">
        <ele>16.2</ele>
        <time>2026-05-29T11:42:16.000Z</time>
        <speed>1.036</speed>
      </trkpt>
      <trkpt lat="50.5929120" lon="-2.4879723">
        <ele>17.0</ele>
        <time>2026-05-29T11:42:21.000Z</time>
        <speed>1.054</speed>
      </trkpt>
      <trkpt lat="50.5929049" lon="-2.4879924">
        <ele>17.2</ele>
        <time>2026-05-29T11:42:26.000Z</time>
        <speed>0.961</speed>
      </trkpt>
      <trkpt lat="50.5929045" lon="-2.4879926">
        <ele>17.2</ele>
        <time>2026-05-29T11:42:31.000Z</time>
        <speed>0.000</speed>
      </trkpt>
      <trkpt lat="50.5928687" lon="-2.4880633">
        <ele>17.6</ele>
        <time>2026-05-29T11:42:36.000Z</time>
        <speed>1.269</speed>
      </trkpt>
      <trkpt lat="50.5928637" lon="-2.4881401">
        <ele>18.0</ele>
        <time>2026-05-29T11:42:41.000Z</time>
        <speed>1.092</speed>
      </trkpt>
      <trkpt lat="50.5928600" lon="-2.4882172">
        <ele>18.4</ele>
        <time>2026-05-29T11:42:46.000Z</time>
        <speed>1.101</speed>
      </trkpt>
      <trkpt lat="50.5928867" lon="-2.4882940">
        <ele>18.6</ele>
        <time>2026-05-29T11:42:51.000Z</time>
        <speed>1.166</speed>
      </trkpt>
      <trkpt lat="50.5929240" lon="-2.4883540">
        <ele>19.0</ele>
        <time>2026-05-29T11:42:56.000Z</time>
        <speed>1.166</speed>
      </trkpt>
      <trkpt lat="50.5929628" lon="-2.4884098">
        <ele>19.2</ele>
        <time>2026-05-29T11:43:01.000Z</time>
        <speed>1.176</speed>
      </trkpt>
      <trkpt lat="50.5929986" lon="-2.4884651">
        <ele>19.6</ele>
        <time>2026-05-29T11:43:06.000Z</time>
        <speed>1.176</speed>
      </trkpt>
      <trkpt lat="50.5930442" lon="-2.4885253">
        <ele>20.0</ele>
        <time>2026-05-29T11:43:11.000Z</time>
        <speed>1.166</speed>
      </trkpt>
      <trkpt lat="50.5930841" lon="-2.4885809">
        <ele>20.4</ele>
        <time>2026-05-29T11:43:16.000Z</time>
        <speed>1.185</speed>
      </trkpt>
      <trkpt lat="50.5931243" lon="-2.4886341">
        <ele>20.8</ele>
        <time>2026-05-29T11:43:21.000Z</time>
        <speed>1.194</speed>
      </trkpt>
      <trkpt lat="50.5931661" lon="-2.4886895">
        <ele>21.2</ele>
        <time>2026-05-29T11:43:26.000Z</time>
        <speed>1.185</speed>
      </trkpt>
      <trkpt lat="50.5932045" lon="-2.4887393">
        <ele>21.6</ele>
        <time>2026-05-29T11:43:31.000Z</time>
        <speed>1.176</speed>
      </trkpt>
      <trkpt lat="50.5932468" lon="-2.4887973">
        <ele>22.0</ele>
        <time>2026-05-29T11:43:36.000Z</time>
        <speed>1.194</speed>
      </trkpt>
      <trkpt lat="50.5932887" lon="-2.4888481">
        <ele>22.4</ele>
        <time>2026-05-29T11:43:41.000Z</time>
        <speed>1.185</speed>
      </trkpt>
      <trkpt lat="50.5933298" lon="-2.4889071">
        <ele>22.8</ele>
        <time>2026-05-29T11:43:46.000Z</time>
        <speed>1.194</speed>
      </trkpt>
      <trkpt lat="50.5933706" lon="-2.4889597">
        <ele>23.0</ele>
        <time>2026-05-29T11:43:51.000Z</time>
        <speed>1.194</speed>
      </trkpt>
      <trkpt lat="50.5934128" lon="-2.4890062">
        <ele>23.4</ele>
        <time>2026-05-29T11:43:56.000Z</time>
        <speed>1.194</speed>
      </trkpt>
      <trkpt lat="50.5934560" lon="-2.4890581">
        <ele>23.8</ele>
        <time>2026-05-29T11:44:01.000Z</time>
        <speed>1.185</speed>
      </trkpt>
      <trkpt lat="50.5934980" lon="-2.4891109">
        <ele>24.2</ele>
        <time>2026-05-29T11:44:06.000Z</time>
        <speed>1.204</speed>
      </trkpt>
      <trkpt lat="50.5935384" lon="-2.4891624">
        <ele>24.6</ele>
        <time>2026-05-29T11:44:11.000Z</time>
        <speed>1.194</speed>
      </trkpt>
      <trkpt lat="50.5935786" lon="-2.4892175">
        <ele>25.0</ele>
        <time>2026-05-29T11:44:16.000Z</time>
        <speed>1.185</speed>
      </trkpt>
      <trkpt lat="50.5936176" lon="-2.4892637">
        <ele>25.2</ele>
        <time>2026-05-29T11:44:21.000Z</time>
        <speed>1.166</speed>
      </trkpt>
      <trkpt lat="50.5936544" lon="-2.4893083">
        <ele>25.6</ele>
        <time>2026-05-29T11:44:26.000Z</time>
        <speed>1.110</speed>
      </trkpt>
      <trkpt lat="50.5936955" lon="-2.4893573">
        <ele>26.0</ele>
        <time>2026-05-29T11:44:31.000Z</time>
        <speed>1.129</speed>
      </trkpt>
      <trkpt lat="50.5937373" lon="-2.4894128">
        <ele>26.4</ele>
        <time>2026-05-29T11:44:36.000Z</time>
        <speed>1.148</speed>
      </trkpt>
      <trkpt lat="50.5937811" lon="-2.4894662">
        <ele>26.6</ele>
        <time>2026-05-29T11:44:41.000Z</time>
        <speed>1.148</speed>
      </trkpt>
      <trkpt lat="50.5938236" lon="-2.4895201">
        <ele>27.2</ele>
        <time>2026-05-29T11:44:46.000Z</time>
        <speed>1.176</speed>
      </trkpt>
      <trkpt lat="50.5938658" lon="-2.4895710">
        <ele>27.8</ele>
        <time>2026-05-29T11:44:51.000Z</time>
        <speed>1.176</speed>
      </trkpt>
      <trkpt lat="50.5939062" lon="-2.4896177">
        <ele>28.0</ele>
        <time>2026-05-29T11:44:56.000Z</time>
        <speed>1.176</speed>
      </trkpt>
      <trkpt lat="50.5939422" lon="-2.4896601">
        <ele>28.4</ele>
        <time>2026-05-29T11:45:01.000Z</time>
        <speed>1.120</speed>
      </trkpt>
      <trkpt lat="50.5939839" lon="-2.4897112">
        <ele>28.8</ele>
        <time>2026-05-29T11:45:06.000Z</time>
        <speed>1.129</speed>
      </trkpt>
      <trkpt lat="50.5940232" lon="-2.4897576">
        <ele>29.0</ele>
        <time>2026-05-29T11:45:11.000Z</time>
        <speed>1.138</speed>
      </trkpt>
      <trkpt lat="50.5940566" lon="-2.4897971">
        <ele>29.4</ele>
        <time>2026-05-29T11:45:16.000Z</time>
        <speed>1.073</speed>
      </trkpt>
      <trkpt lat="50.5940949" lon="-2.4898458">
        <ele>29.8</ele>
        <time>2026-05-29T11:45:21.000Z</time>
        <speed>1.064</speed>
      </trkpt>
      <trkpt lat="50.5941381" lon="-2.4899004">
        <ele>30.0</ele>
        <time>2026-05-29T11:45:26.000Z</time>
        <speed>1.073</speed>
      </trkpt>
      <trkpt lat="50.5941738" lon="-2.4899543">
        <ele>30.2</ele>
        <time>2026-05-29T11:45:31.000Z</time>
        <speed>1.082</speed>
      </trkpt>
      <trkpt lat="50.5942099" lon="-2.4900147">
        <ele>30.6</ele>
        <time>2026-05-29T11:45:36.000Z</time>
        <speed>1.101</speed>
      </trkpt>
      <trkpt lat="50.5942414" lon="-2.4900578">
        <ele>31.0</ele>
        <time>2026-05-29T11:45:41.000Z</time>
        <speed>1.120</speed>
      </trkpt>
      <trkpt lat="50.5942563" lon="-2.4900840">
        <ele>31.0</ele>
        <time>2026-05-29T11:45:46.000Z</time>
        <speed>0.718</speed>
      </trkpt>
      <trkpt lat="50.5942984" lon="-2.4901371">
        <ele>31.2</ele>
        <time>2026-05-29T11:45:51.000Z</time>
        <speed>1.120</speed>
      </trkpt>
      <trkpt lat="50.5943441" lon="-2.4901910">
        <ele>31.6</ele>
        <time>2026-05-29T11:45:56.000Z</time>
        <speed>1.269</speed>
      </trkpt>
      <trkpt lat="50.5943891" lon="-2.4902545">
        <ele>31.8</ele>
        <time>2026-05-29T11:46:01.000Z</time>
        <speed>1.278</speed>
      </trkpt>
      <trkpt lat="50.5944304" lon="-2.4903165">
        <ele>32.0</ele>
        <time>2026-05-29T11:46:06.000Z</time>
        <speed>1.260</speed>
      </trkpt>
      <trkpt lat="50.5944704" lon="-2.4903793">
        <ele>32.4</ele>
        <time>2026-05-29T11:46:11.000Z</time>
        <speed>1.260</speed>
      </trkpt>
      <trkpt lat="50.5945134" lon="-2.4904358">
        <ele>32.6</ele>
        <time>2026-05-29T11:46:16.000Z</time>
        <speed>1.260</speed>
      </trkpt>
      <trkpt lat="50.5945524" lon="-2.4905015">
        <ele>32.8</ele>
        <time>2026-05-29T11:46:21.000Z</time>
        <speed>1.250</speed>
      </trkpt>
      <trkpt lat="50.5945926" lon="-2.4905613">
        <ele>32.8</ele>
        <time>2026-05-29T11:46:26.000Z</time>
        <speed>1.250</speed>
      </trkpt>
      <trkpt lat="50.5946297" lon="-2.4906078">
        <ele>33.0</ele>
        <time>2026-05-29T11:46:31.000Z</time>
        <speed>1.232</speed>
      </trkpt>
      <trkpt lat="50.5946561" lon="-2.4906463">
        <ele>33.0</ele>
        <time>2026-05-29T11:46:36.000Z</time>
        <speed>1.176</speed>
      </trkpt>
      <trkpt lat="50.5946985" lon="-2.4906981">
        <ele>33.4</ele>
        <time>2026-05-29T11:46:41.000Z</time>
        <speed>1.082</speed>
      </trkpt>
      <trkpt lat="50.5947381" lon="-2.4907652">
        <ele>33.2</ele>
        <time>2026-05-29T11:46:46.000Z</time>
        <speed>1.250</speed>
      </trkpt>
      <trkpt lat="50.5947707" lon="-2.4908327">
        <ele>33.4</ele>
        <time>2026-05-29T11:46:51.000Z</time>
        <speed>1.222</speed>
      </trkpt>
      <trkpt lat="50.5948001" lon="-2.4908993">
        <ele>33.4</ele>
        <time>2026-05-29T11:46:56.000Z</time>
        <speed>1.213</speed>
      </trkpt>
      <trkpt lat="50.5948035" lon="-2.4909456">
        <ele>33.6</ele>
        <time>2026-05-29T11:47:01.000Z</time>
        <speed>1.082</speed>
      </trkpt>
      <trkpt lat="50.5947704" lon="-2.4909378">
        <ele>33.2</ele>
        <time>2026-05-29T11:47:06.000Z</time>
        <speed>0.952</speed>
      </trkpt>
      <trkpt lat="50.5947534" lon="-2.4909259">
        <ele>33.0</ele>
        <time>2026-05-29T11:47:11.000Z</time>
        <speed>0.000</speed>
      </trkpt>
      <trkpt lat="50.5947089" lon="-2.4908864">
        <ele>32.8</ele>
        <time>2026-05-29T11:47:16.000Z</time>
        <speed>1.129</speed>
      </trkpt>
      <trkpt lat="50.5946630" lon="-2.4908447">
        <ele>33.0</ele>
        <time>2026-05-29T11:47:21.000Z</time>
        <speed>1.213</speed>
      </trkpt>
      <trkpt lat="50.5946402" lon="-2.4908246">
        <ele>33.0</ele>
        <time>2026-05-29T11:47:26.000Z</time>
        <speed>0.830</speed>
      </trkpt>
      <trkpt lat="50.5946352" lon="-2.4908218">
        <ele>33.0</ele>
        <time>2026-05-29T11:47:31.000Z</time>
        <speed>0.000</speed>
      </trkpt>
      <trkpt lat="50.5946231" lon="-2.4908157">
        <ele>33.0</ele>
        <time>2026-05-29T11:47:36.000Z</time>
        <speed>0.000</speed>
      </trkpt>
      <trkpt lat="50.5946132" lon="-2.4908172">
        <ele>33.6</ele>
        <time>2026-05-29T11:47:41.000Z</time>
        <speed>0.000</speed>
      </trkpt>
      <trkpt lat="50.5945980" lon="-2.4908715">
        <ele>33.2</ele>
        <time>2026-05-29T11:47:46.000Z</time>
        <speed>0.765</speed>
      </trkpt>
      <trkpt lat="50.5945814" lon="-2.4909605">
        <ele>33.0</ele>
        <time>2026-05-29T11:47:51.000Z</time>
        <speed>1.232</speed>
      </trkpt>
      <trkpt lat="50.5945676" lon="-2.4910399">
        <ele>33.0</ele>
        <time>2026-05-29T11:47:56.000Z</time>
        <speed>1.316</speed>
      </trkpt>
      <trkpt lat="50.5945571" lon="-2.4911131">
        <ele>33.0</ele>
        <time>2026-05-29T11:48:01.000Z</time>
        <speed>1.120</speed>
      </trkpt>
      <trkpt lat="50.5945323" lon="-2.4911765">
        <ele>32.2</ele>
        <time>2026-05-29T11:48:06.000Z</time>
        <speed>1.045</speed>
      </trkpt>
      <trkpt lat="50.5945007" lon="-2.4912305">
        <ele>31.0</ele>
        <time>2026-05-29T11:48:11.000Z</time>
        <speed>1.073</speed>
      </trkpt>
      <trkpt lat="50.5944731" lon="-2.4912867">
        <ele>31.2</ele>
        <time>2026-05-29T11:48:16.000Z</time>
        <speed>0.970</speed>
      </trkpt>
      <trkpt lat="50.5944342" lon="-2.4913404">
        <ele>30.6</ele>
        <time>2026-05-29T11:48:21.000Z</time>
        <speed>0.998</speed>
      </trkpt>
      <trkpt lat="50.5943985" lon="-2.4913937">
        <ele>29.2</ele>
        <time>2026-05-29T11:48:26.000Z</time>
        <speed>1.045</speed>
      </trkpt>
      <trkpt lat="50.5943681" lon="-2.4914511">
        <ele>28.4</ele>
        <time>2026-05-29T11:48:31.000Z</time>
        <speed>1.064</speed>
      </trkpt>
      <trkpt lat="50.5943343" lon="-2.4914969">
        <ele>27.8</ele>
        <time>2026-05-29T11:48:36.000Z</time>
        <speed>1.045</speed>
      </trkpt>
      <trkpt lat="50.5943010" lon="-2.4915317">
        <ele>27.0</ele>
        <time>2026-05-29T11:48:41.000Z</time>
        <speed>0.970</speed>
      </trkpt>
      <trkpt lat="50.5942688" lon="-2.4915798">
        <ele>26.6</ele>
        <time>2026-05-29T11:48:46.000Z</time>
        <speed>0.980</speed>
      </trkpt>
      <trkpt lat="50.5942506" lon="-2.4916059">
        <ele>26.0</ele>
        <time>2026-05-29T11:48:51.000Z</time>
        <speed>0.952</speed>
      </trkpt>
      <trkpt lat="50.5942253" lon="-2.4916501">
        <ele>25.6</ele>
        <time>2026-05-29T11:48:56.000Z</time>
        <speed>0.970</speed>
      </trkpt>
      <trkpt lat="50.5941968" lon="-2.4917044">
        <ele>24.6</ele>
        <time>2026-05-29T11:49:01.000Z</time>
        <speed>0.952</speed>
      </trkpt>
      <trkpt lat="50.5941635" lon="-2.4917624">
        <ele>23.8</ele>
        <time>2026-05-29T11:49:06.000Z</time>
        <speed>0.980</speed>
      </trkpt>
      <trkpt lat="50.5941350" lon="-2.4918157">
        <ele>22.8</ele>
        <time>2026-05-29T11:49:11.000Z</time>
        <speed>1.008</speed>
      </trkpt>
      <trkpt lat="50.5941044" lon="-2.4918605">
        <ele>22.4</ele>
        <time>2026-05-29T11:49:16.000Z</time>
        <speed>0.989</speed>
      </trkpt>
      <trkpt lat="50.5940720" lon="-2.4919037">
        <ele>22.0</ele>
        <time>2026-05-29T11:49:21.000Z</time>
        <speed>0.942</speed>
      </trkpt>
      <trkpt lat="50.5940394" lon="-2.4919460">
        <ele>20.6</ele>
        <time>2026-05-29T11:49:26.000Z</time>
        <speed>0.914</speed>
      </trkpt>
      <trkpt lat="50.5940005" lon="-2.4919884">
        <ele>20.0</ele>
        <time>2026-05-29T11:49:31.000Z</time>
        <speed>0.961</speed>
      </trkpt>
      <trkpt lat="50.5939616" lon="-2.4919994">
        <ele>19.4</ele>
        <time>2026-05-29T11:49:36.000Z</time>
        <speed>0.989</speed>
      </trkpt>
      <trkpt lat="50.5939528" lon="-2.4920013">
        <ele>18.8</ele>
        <time>2026-05-29T11:49:41.000Z</time>
        <speed>0.681</speed>
      </trkpt>
      <trkpt lat="50.5939388" lon="-2.4919888">
        <ele>18.6</ele>
        <time>2026-05-29T11:49:46.000Z</time>
        <speed>0.000</speed>
      </trkpt>
      <trkpt lat="50.5939020" lon="-2.4919758">
        <ele>18.2</ele>
        <time>2026-05-29T11:49:51.000Z</time>
        <speed>0.513</speed>
      </trkpt>
      <trkpt lat="50.5938611" lon="-2.4919531">
        <ele>17.8</ele>
        <time>2026-05-29T11:49:56.000Z</time>
        <speed>1.064</speed>
      </trkpt>
      <trkpt lat="50.5938316" lon="-2.4919323">
        <ele>17.6</ele>
        <time>2026-05-29T11:50:01.000Z</time>
        <speed>0.299</speed>
      </trkpt>
      <trkpt lat="50.5937790" lon="-2.4919083">
        <ele>17.2</ele>
        <time>2026-05-29T11:50:06.000Z</time>
        <speed>1.185</speed>
      </trkpt>
      <trkpt lat="50.5937298" lon="-2.4918894">
        <ele>16.6</ele>
        <time>2026-05-29T11:50:11.000Z</time>
        <speed>1.194</speed>
      </trkpt>
      <trkpt lat="50.5936813" lon="-2.4918657">
        <ele>16.2</ele>
        <time>2026-05-29T11:50:16.000Z</time>
        <speed>1.082</speed>
      </trkpt>
      <trkpt lat="50.5936261" lon="-2.4918277">
        <ele>16.0</ele>
        <time>2026-05-29T11:50:21.000Z</time>
        <speed>1.138</speed>
      </trkpt>
      <trkpt lat="50.5935827" lon="-2.4917915">
        <ele>16.0</ele>
        <time>2026-05-29T11:50:26.000Z</time>
        <speed>1.157</speed>
      </trkpt>
      <trkpt lat="50.5935308" lon="-2.4917568">
        <ele>15.6</ele>
        <time>2026-05-29T11:50:31.000Z</time>
        <speed>1.166</speed>
      </trkpt>
      <trkpt lat="50.5934865" lon="-2.4917290">
        <ele>14.8</ele>
        <time>2026-05-29T11:50:36.000Z</time>
        <speed>1.185</speed>
      </trkpt>
      <trkpt lat="50.5934374" lon="-2.4916951">
        <ele>14.6</ele>
        <time>2026-05-29T11:50:41.000Z</time>
        <speed>1.176</speed>
      </trkpt>
      <trkpt lat="50.5933880" lon="-2.4916658">
        <ele>14.6</ele>
        <time>2026-05-29T11:50:46.000Z</time>
        <speed>1.176</speed>
      </trkpt>
      <trkpt lat="50.5933413" lon="-2.4916307">
        <ele>14.2</ele>
        <time>2026-05-29T11:50:51.000Z</time>
        <speed>1.120</speed>
      </trkpt>
      <trkpt lat="50.5932896" lon="-2.4915970">
        <ele>13.8</ele>
        <time>2026-05-29T11:50:56.000Z</time>
        <speed>1.148</speed>
      </trkpt>
      <trkpt lat="50.5932434" lon="-2.4915516">
        <ele>13.6</ele>
        <time>2026-05-29T11:51:01.000Z</time>
        <speed>1.138</speed>
      </trkpt>
      <trkpt lat="50.5931986" lon="-2.4915097">
        <ele>13.8</ele>
        <time>2026-05-29T11:51:06.000Z</time>
        <speed>1.166</speed>
      </trkpt>
      <trkpt lat="50.5931580" lon="-2.4914599">
        <ele>13.8</ele>
        <time>2026-05-29T11:51:11.000Z</time>
        <speed>1.176</speed>
      </trkpt>
      <trkpt lat="50.5931052" lon="-2.4914117">
        <ele>14.2</ele>
        <time>2026-05-29T11:51:16.000Z</time>
        <speed>1.176</speed>
      </trkpt>
      <trkpt lat="50.5930580" lon="-2.4913635">
        <ele>14.8</ele>
        <time>2026-05-29T11:51:21.000Z</time>
        <speed>1.194</speed>
      </trkpt>
      <trkpt lat="50.5930190" lon="-2.4913177">
        <ele>15.0</ele>
        <time>2026-05-29T11:51:26.000Z</time>
        <speed>1.232</speed>
      </trkpt>
      <trkpt lat="50.5929718" lon="-2.4912687">
        <ele>14.6</ele>
        <time>2026-05-29T11:51:31.000Z</time>
        <speed>1.222</speed>
      </trkpt>
      <trkpt lat="50.5929257" lon="-2.4912246">
        <ele>14.8</ele>
        <time>2026-05-29T11:51:36.000Z</time>
        <speed>1.213</speed>
      </trkpt>
      <trkpt lat="50.5928762" lon="-2.4911766">
        <ele>14.8</ele>
        <time>2026-05-29T11:51:41.000Z</time>
        <speed>1.204</speed>
      </trkpt>
      <trkpt lat="50.5928283" lon="-2.4911320">
        <ele>14.6</ele>
        <time>2026-05-29T11:51:46.000Z</time>
        <speed>1.222</speed>
      </trkpt>
      <trkpt lat="50.5927830" lon="-2.4910842">
        <ele>14.8</ele>
        <time>2026-05-29T11:51:51.000Z</time>
        <speed>1.222</speed>
      </trkpt>
      <trkpt lat="50.5927311" lon="-2.4910355">
        <ele>14.6</ele>
        <time>2026-05-29T11:51:56.000Z</time>
        <speed>1.241</speed>
      </trkpt>
      <trkpt lat="50.5926847" lon="-2.4909834">
        <ele>14.4</ele>
        <time>2026-05-29T11:52:01.000Z</time>
        <speed>1.241</speed>
      </trkpt>
      <trkpt lat="50.5926439" lon="-2.4909352">
        <ele>14.2</ele>
        <time>2026-05-29T11:52:06.000Z</time>
        <speed>1.232</speed>
      </trkpt>
      <trkpt lat="50.5925941" lon="-2.4908743">
        <ele>14.2</ele>
        <time>2026-05-29T11:52:11.000Z</time>
        <speed>1.260</speed>
      </trkpt>
      <trkpt lat="50.5925532" lon="-2.4908167">
        <ele>14.2</ele>
        <time>2026-05-29T11:52:16.000Z</time>
        <speed>1.232</speed>
      </trkpt>
      <trkpt lat="50.5925204" lon="-2.4907658">
        <ele>13.2</ele>
        <time>2026-05-29T11:52:21.000Z</time>
        <speed>1.241</speed>
      </trkpt>
      <trkpt lat="50.5924738" lon="-2.4907094">
        <ele>13.0</ele>
        <time>2026-05-29T11:52:26.000Z</time>
        <speed>1.232</speed>
      </trkpt>
      <trkpt lat="50.5924304" lon="-2.4906427">
        <ele>12.6</ele>
        <time>2026-05-29T11:52:31.000Z</time>
        <speed>1.241</speed>
      </trkpt>
      <trkpt lat="50.5923934" lon="-2.4905850">
        <ele>12.6</ele>
        <time>2026-05-29T11:52:36.000Z</time>
        <speed>1.232</speed>
      </trkpt>
      <trkpt lat="50.5923474" lon="-2.4905164">
        <ele>12.8</ele>
        <time>2026-05-29T11:52:41.000Z</time>
        <speed>1.241</speed>
      </trkpt>
      <trkpt lat="50.5923069" lon="-2.4904479">
        <ele>12.4</ele>
        <time>2026-05-29T11:52:46.000Z</time>
        <speed>1.250</speed>
      </trkpt>
      <trkpt lat="50.5922762" lon="-2.4903773">
        <ele>12.4</ele>
        <time>2026-05-29T11:52:51.000Z</time>
        <speed>1.278</speed>
      </trkpt>
      <trkpt lat="50.5922440" lon="-2.4903016">
        <ele>11.8</ele>
        <time>2026-05-29T11:52:56.000Z</time>
        <speed>1.278</speed>
      </trkpt>
      <trkpt lat="50.5922061" lon="-2.4902312">
        <ele>11.8</ele>
        <time>2026-05-29T11:53:01.000Z</time>
        <speed>1.269</speed>
      </trkpt>
      <trkpt lat="50.5921731" lon="-2.4901599">
        <ele>11.6</ele>
        <time>2026-05-29T11:53:06.000Z</time>
        <speed>1.269</speed>
      </trkpt>
      <trkpt lat="50.5921410" lon="-2.4900810">
        <ele>11.4</ele>
        <time>2026-05-29T11:53:11.000Z</time>
        <speed>1.288</speed>
      </trkpt>
      <trkpt lat="50.5921119" lon="-2.4900095">
        <ele>11.2</ele>
        <time>2026-05-29T11:53:16.000Z</time>
        <speed>1.278</speed>
      </trkpt>
      <trkpt lat="50.5920757" lon="-2.4899379">
        <ele>11.0</ele>
        <time>2026-05-29T11:53:21.000Z</time>
        <speed>1.288</speed>
      </trkpt>
      <trkpt lat="50.5920361" lon="-2.4898728">
        <ele>11.0</ele>
        <time>2026-05-29T11:53:26.000Z</time>
        <speed>1.278</speed>
      </trkpt>
      <trkpt lat="50.5919952" lon="-2.4897940">
        <ele>10.8</ele>
        <time>2026-05-29T11:53:31.000Z</time>
        <speed>1.297</speed>
      </trkpt>
      <trkpt lat="50.5919595" lon="-2.4897243">
        <ele>10.4</ele>
        <time>2026-05-29T11:53:36.000Z</time>
        <speed>1.325</speed>
      </trkpt>
      <trkpt lat="50.5919278" lon="-2.4896562">
        <ele>9.2</ele>
        <time>2026-05-29T11:53:41.000Z</time>
        <speed>1.297</speed>
      </trkpt>
      <trkpt lat="50.5918906" lon="-2.4895709">
        <ele>8.6</ele>
        <time>2026-05-29T11:53:46.000Z</time>
        <speed>1.306</speed>
      </trkpt>
      <trkpt lat="50.5918708" lon="-2.4894937">
        <ele>8.2</ele>
        <time>2026-05-29T11:53:51.000Z</time>
        <speed>1.297</speed>
      </trkpt>
      <trkpt lat="50.5918370" lon="-2.4894137">
        <ele>7.6</ele>
        <time>2026-05-29T11:53:56.000Z</time>
        <speed>1.297</speed>
      </trkpt>
      <trkpt lat="50.5918092" lon="-2.4893317">
        <ele>7.2</ele>
        <time>2026-05-29T11:54:01.000Z</time>
        <speed>1.297</speed>
      </trkpt>
      <trkpt lat="50.5917805" lon="-2.4892559">
        <ele>6.8</ele>
        <time>2026-05-29T11:54:06.000Z</time>
        <speed>1.316</speed>
      </trkpt>
      <trkpt lat="50.5917518" lon="-2.4891823">
        <ele>6.4</ele>
        <time>2026-05-29T11:54:11.000Z</time>
        <speed>1.306</speed>
      </trkpt>
      <trkpt lat="50.5917231" lon="-2.4891132">
        <ele>6.2</ele>
        <time>2026-05-29T11:54:16.000Z</time>
        <speed>1.306</speed>
      </trkpt>
      <trkpt lat="50.5916879" lon="-2.4890276">
        <ele>6.2</ele>
        <time>2026-05-29T11:54:21.000Z</time>
        <speed>1.306</speed>
      </trkpt>
      <trkpt lat="50.5916549" lon="-2.4889537">
        <ele>5.4</ele>
        <time>2026-05-29T11:54:26.000Z</time>
        <speed>1.316</speed>
      </trkpt>
      <trkpt lat="50.5916218" lon="-2.4888762">
        <ele>5.0</ele>
        <time>2026-05-29T11:54:31.000Z</time>
        <speed>1.316</speed>
      </trkpt>
      <trkpt lat="50.5916026" lon="-2.4887973">
        <ele>4.6</ele>
        <time>2026-05-29T11:54:36.000Z</time>
        <speed>1.297</speed>
      </trkpt>
      <trkpt lat="50.5915609" lon="-2.4887248">
        <ele>4.6</ele>
        <time>2026-05-29T11:54:41.000Z</time>
        <speed>1.297</speed>
      </trkpt>
      <trkpt lat="50.5915287" lon="-2.4886559">
        <ele>4.0</ele>
        <time>2026-05-29T11:54:46.000Z</time>
        <speed>1.297</speed>
      </trkpt>
      <trkpt lat="50.5914946" lon="-2.4885813">
        <ele>4.0</ele>
        <time>2026-05-29T11:54:51.000Z</time>
        <speed>1.306</speed>
      </trkpt>
      <trkpt lat="50.5914588" lon="-2.4885068">
        <ele>3.8</ele>
        <time>2026-05-29T11:54:56.000Z</time>
        <speed>1.297</speed>
      </trkpt>
      <trkpt lat="50.5914378" lon="-2.4884293">
        <ele>3.6</ele>
        <time>2026-05-29T11:55:01.000Z</time>
        <speed>1.288</speed>
      </trkpt>
      <trkpt lat="50.5914045" lon="-2.4883602">
        <ele>3.4</ele>
        <time>2026-05-29T11:55:06.000Z</time>
        <speed>1.288</speed>
      </trkpt>
      <trkpt lat="50.5913706" lon="-2.4882840">
        <ele>3.4</ele>
        <time>2026-05-29T11:55:11.000Z</time>
        <speed>1.278</speed>
      </trkpt>
      <trkpt lat="50.5913438" lon="-2.4882061">
        <ele>3.2</ele>
        <time>2026-05-29T11:55:16.000Z</time>
        <speed>1.278</speed>
      </trkpt>
      <trkpt lat="50.5913131" lon="-2.4881286">
        <ele>3.0</ele>
        <time>2026-05-29T11:55:21.000Z</time>
        <speed>1.278</speed>
      </trkpt>
      <trkpt lat="50.5912870" lon="-2.4880471">
        <ele>2.8</ele>
        <time>2026-05-29T11:55:26.000Z</time>
        <speed>1.288</speed>
      </trkpt>
      <trkpt lat="50.5912753" lon="-2.4879656">
        <ele>2.6</ele>
        <time>2026-05-29T11:55:31.000Z</time>
        <speed>1.260</speed>
      </trkpt>
      <trkpt lat="50.5912706" lon="-2.4878775">
        <ele>2.2</ele>
        <time>2026-05-29T11:55:36.000Z</time>
        <speed>1.250</speed>
      </trkpt>
      <trkpt lat="50.5912531" lon="-2.4877826">
        <ele>2.2</ele>
        <time>2026-05-29T11:55:41.000Z</time>
        <speed>1.269</speed>
      </trkpt>
      <trkpt lat="50.5912519" lon="-2.4876891">
        <ele>2.2</ele>
        <time>2026-05-29T11:55:46.000Z</time>
        <speed>1.278</speed>
      </trkpt>
      <trkpt lat="50.5912398" lon="-2.4876087">
        <ele>2.0</ele>
        <time>2026-05-29T11:55:51.000Z</time>
        <speed>1.288</speed>
      </trkpt>
      <trkpt lat="50.5912372" lon="-2.4875919">
        <ele>2.6</ele>
        <time>2026-05-29T11:55:56.000Z</time>
        <speed>1.120</speed>
      </trkpt>
      <trkpt lat="50.5912372" lon="-2.4875919">
        <ele>2.8</ele>
        <time>2026-05-29T11:56:01.000Z</time>
        <speed>0.000</speed>
      </trkpt>
      <trkpt lat="50.5912286" lon="-2.4875052">
        <ele>2.2</ele>
        <time>2026-05-29T11:56:06.000Z</time>
        <speed>1.530</speed>
      </trkpt>
      <trkpt lat="50.5912373" lon="-2.4874258">
        <ele>2.4</ele>
        <time>2026-05-29T11:56:11.000Z</time>
        <speed>1.213</speed>
      </trkpt>
      <trkpt lat="50.5912457" lon="-2.4873337">
        <ele>2.4</ele>
        <time>2026-05-29T11:56:16.000Z</time>
        <speed>1.260</speed>
      </trkpt>
      <trkpt lat="50.5912514" lon="-2.4872548">
        <ele>2.4</ele>
        <time>2026-05-29T11:56:21.000Z</time>
        <speed>1.232</speed>
      </trkpt>
      <trkpt lat="50.5912543" lon="-2.4871646">
        <ele>2.6</ele>
        <time>2026-05-29T11:56:26.000Z</time>
        <speed>1.250</speed>
      </trkpt>
      <trkpt lat="50.5912600" lon="-2.4870837">
        <ele>2.6</ele>
        <time>2026-05-29T11:56:31.000Z</time>
        <speed>1.222</speed>
      </trkpt>
      <trkpt lat="50.5912695" lon="-2.4869978">
        <ele>2.6</ele>
        <time>2026-05-29T11:56:36.000Z</time>
        <speed>1.222</speed>
      </trkpt>
      <trkpt lat="50.5912749" lon="-2.4869139">
        <ele>2.8</ele>
        <time>2026-05-29T11:56:41.000Z</time>
        <speed>1.213</speed>
      </trkpt>
      <trkpt lat="50.5912866" lon="-2.4868217">
        <ele>2.8</ele>
        <time>2026-05-29T11:56:46.000Z</time>
        <speed>1.232</speed>
      </trkpt>
      <trkpt lat="50.5913043" lon="-2.4867386">
        <ele>2.8</ele>
        <time>2026-05-29T11:56:51.000Z</time>
        <speed>1.241</speed>
      </trkpt>
      <trkpt lat="50.5913161" lon="-2.4866564">
        <ele>2.8</ele>
        <time>2026-05-29T11:56:56.000Z</time>
        <speed>1.241</speed>
      </trkpt>
      <trkpt lat="50.5913569" lon="-2.4865882">
        <ele>2.8</ele>
        <time>2026-05-29T11:57:01.000Z</time>
        <speed>1.250</speed>
      </trkpt>
      <trkpt lat="50.5913698" lon="-2.4864984">
        <ele>3.0</ele>
        <time>2026-05-29T11:57:06.000Z</time>
        <speed>1.260</speed>
      </trkpt>
      <trkpt lat="50.5913957" lon="-2.4864248">
        <ele>2.8</ele>
        <time>2026-05-29T11:57:11.000Z</time>
        <speed>1.260</speed>
      </trkpt>
      <trkpt lat="50.5914311" lon="-2.4863525">
        <ele>2.6</ele>
        <time>2026-05-29T11:57:16.000Z</time>
        <speed>1.260</speed>
      </trkpt>
      <trkpt lat="50.5914724" lon="-2.4863052">
        <ele>2.4</ele>
        <time>2026-05-29T11:57:21.000Z</time>
        <speed>1.260</speed>
      </trkpt>
      <trkpt lat="50.5915235" lon="-2.4862591">
        <ele>2.2</ele>
        <time>2026-05-29T11:57:26.000Z</time>
        <speed>1.250</speed>
      </trkpt>
      <trkpt lat="50.5915761" lon="-2.4862176">
        <ele>2.4</ele>
        <time>2026-05-29T11:57:31.000Z</time>
        <speed>1.260</speed>
      </trkpt>
      <trkpt lat="50.5916240" lon="-2.4861757">
        <ele>2.6</ele>
        <time>2026-05-29T11:57:36.000Z</time>
        <speed>1.260</speed>
      </trkpt>
      <trkpt lat="50.5916761" lon="-2.4861323">
        <ele>2.4</ele>
        <time>2026-05-29T11:57:41.000Z</time>
        <speed>1.306</speed>
      </trkpt>
      <trkpt lat="50.5917204" lon="-2.4861059">
        <ele>2.0</ele>
        <time>2026-05-29T11:57:46.000Z</time>
        <speed>1.250</speed>
      </trkpt>
      <trkpt lat="50.5917624" lon="-2.4860674">
        <ele>2.0</ele>
        <time>2026-05-29T11:57:51.000Z</time>
        <speed>1.176</speed>
      </trkpt>
      <trkpt lat="50.5918096" lon="-2.4860333">
        <ele>2.0</ele>
        <time>2026-05-29T11:57:56.000Z</time>
        <speed>1.166</speed>
      </trkpt>
      <trkpt lat="50.5918362" lon="-2.4860043">
        <ele>2.4</ele>
        <time>2026-05-29T11:58:01.000Z</time>
        <speed>1.073</speed>
      </trkpt>
      <trkpt lat="50.5918230" lon="-2.4859612">
        <ele>2.2</ele>
        <time>2026-05-29T11:58:06.000Z</time>
        <speed>0.961</speed>
      </trkpt>
      <trkpt lat="50.5918038" lon="-2.4859141">
        <ele>1.4</ele>
        <time>2026-05-29T11:58:11.000Z</time>
        <speed>0.690</speed>
      </trkpt>
      <trkpt lat="50.5918031" lon="-2.4858219">
        <ele>1.2</ele>
        <time>2026-05-29T11:58:16.000Z</time>
        <speed>1.306</speed>
      </trkpt>
      <trkpt lat="50.5918025" lon="-2.4857342">
        <ele>0.8</ele>
        <time>2026-05-29T11:58:21.000Z</time>
        <speed>1.250</speed>
      </trkpt>
      <trkpt lat="50.5917893" lon="-2.4856433">
        <ele>0.6</ele>
        <time>2026-05-29T11:58:26.000Z</time>
        <speed>1.250</speed>
      </trkpt>
      <trkpt lat="50.5917789" lon="-2.4855548">
        <ele>0.6</ele>
        <time>2026-05-29T11:58:31.000Z</time>
        <speed>1.269</speed>
      </trkpt>
      <trkpt lat="50.5917725" lon="-2.4854695">
        <ele>0.6</ele>
        <time>2026-05-29T11:58:36.000Z</time>
        <speed>1.278</speed>
      </trkpt>
      <trkpt lat="50.5917741" lon="-2.4853817">
        <ele>0.6</ele>
        <time>2026-05-29T11:58:41.000Z</time>
        <speed>1.213</speed>
      </trkpt>
      <trkpt lat="50.5917787" lon="-2.4853105">
        <ele>0.6</ele>
        <time>2026-05-29T11:58:46.000Z</time>
        <speed>1.204</speed>
      </trkpt>
      <trkpt lat="50.5918003" lon="-2.4852858">
        <ele>0.2</ele>
        <time>2026-05-29T11:58:51.000Z</time>
        <speed>1.073</speed>
      </trkpt>
      <trkpt lat="50.5918013" lon="-2.4852840">
        <ele>0.6</ele>
        <time>2026-05-29T11:58:56.000Z</time>
        <speed>0.000</speed>
      </trkpt>
      <trkpt lat="50.5918013" lon="-2.4852840">
        <ele>0.8</ele>
        <time>2026-05-29T11:59:01.000Z</time>
        <speed>0.000</speed>
      </trkpt>
      <trkpt lat="50.5918013" lon="-2.4852840">
        <ele>1.0</ele>
        <time>2026-05-29T11:59:06.000Z</time>
        <speed>0.000</speed>
      </trkpt>
      <trkpt lat="50.5918013" lon="-2.4852840">
        <ele>0.8</ele>
        <time>2026-05-29T11:59:11.000Z</time>
        <speed>0.000</speed>
      </trkpt>
      <trkpt lat="50.5918013" lon="-2.4852840">
        <ele>1.0</ele>
        <time>2026-05-29T11:59:16.000Z</time>
        <speed>0.000</speed>
      </trkpt>
      <trkpt lat="50.5918032" lon="-2.4852810">
        <ele>1.2</ele>
        <time>2026-05-29T11:59:21.000Z</time>
        <speed>0.000</speed>
      </trkpt>
      <trkpt lat="50.5918015" lon="-2.4852603">
        <ele>1.0</ele>
        <time>2026-05-29T11:59:26.000Z</time>
        <speed>0.000</speed>
      </trkpt>
      <trkpt lat="50.5917831" lon="-2.4851951">
        <ele>1.0</ele>
        <time>2026-05-29T11:59:31.000Z</time>
        <speed>0.000</speed>
      </trkpt>
      <trkpt lat="50.5917619" lon="-2.4851274">
        <ele>1.0</ele>
        <time>2026-05-29T11:59:36.000Z</time>
        <speed>0.980</speed>
      </trkpt>
      <trkpt lat="50.5917362" lon="-2.4850528">
        <ele>1.0</ele>
        <time>2026-05-29T11:59:41.000Z</time>
        <speed>1.101</speed>
      </trkpt>
      <trkpt lat="50.5917116" lon="-2.4849864">
        <ele>1.0</ele>
        <time>2026-05-29T11:59:46.000Z</time>
        <speed>1.120</speed>
      </trkpt>
      <trkpt lat="50.5916720" lon="-2.4849141">
        <ele>0.8</ele>
        <time>2026-05-29T11:59:51.000Z</time>
        <speed>1.120</speed>
      </trkpt>
      <trkpt lat="50.5916568" lon="-2.4848479">
        <ele>1.0</ele>
        <time>2026-05-29T11:59:56.000Z</time>
        <speed>1.157</speed>
      </trkpt>
      <trkpt lat="50.5916415" lon="-2.4847779">
        <ele>1.0</ele>
        <time>2026-05-29T12:00:01.000Z</time>
        <speed>1.082</speed>
      </trkpt>
      <trkpt lat="50.5916047" lon="-2.4847180">
        <ele>0.8</ele>
        <time>2026-05-29T12:00:06.000Z</time>
        <speed>1.073</speed>
      </trkpt>
      <trkpt lat="50.5915743" lon="-2.4846516">
        <ele>1.0</ele>
        <time>2026-05-29T12:00:11.000Z</time>
        <speed>1.110</speed>
      </trkpt>
      <trkpt lat="50.5915461" lon="-2.4845856">
        <ele>1.0</ele>
        <time>2026-05-29T12:00:16.000Z</time>
        <speed>1.120</speed>
      </trkpt>
      <trkpt lat="50.5915127" lon="-2.4845107">
        <ele>1.0</ele>
        <time>2026-05-29T12:00:21.000Z</time>
        <speed>1.138</speed>
      </trkpt>
      <trkpt lat="50.5914662" lon="-2.4844704">
        <ele>0.8</ele>
        <time>2026-05-29T12:00:26.000Z</time>
        <speed>1.138</speed>
      </trkpt>
      <trkpt lat="50.5914241" lon="-2.4844181">
        <ele>0.8</ele>
        <time>2026-05-29T12:00:31.000Z</time>
        <speed>1.157</speed>
      </trkpt>
      <trkpt lat="50.5914017" lon="-2.4843616">
        <ele>1.2</ele>
        <time>2026-05-29T12:00:36.000Z</time>
        <speed>1.157</speed>
      </trkpt>
      <trkpt lat="50.5913980" lon="-2.4842993">
        <ele>1.2</ele>
        <time>2026-05-29T12:00:41.000Z</time>
        <speed>1.064</speed>
      </trkpt>
      <trkpt lat="50.5913678" lon="-2.4842446">
        <ele>0.6</ele>
        <time>2026-05-29T12:00:46.000Z</time>
        <speed>1.073</speed>
      </trkpt>
      <trkpt lat="50.5913354" lon="-2.4841955">
        <ele>0.8</ele>
        <time>2026-05-29T12:00:51.000Z</time>
        <speed>1.036</speed>
      </trkpt>
      <trkpt lat="50.5912936" lon="-2.4841349">
        <ele>0.8</ele>
        <time>2026-05-29T12:00:56.000Z</time>
        <speed>1.073</speed>
      </trkpt>
      <trkpt lat="50.5912571" lon="-2.4840802">
        <ele>0.6</ele>
        <time>2026-05-29T12:01:01.000Z</time>
        <speed>1.110</speed>
      </trkpt>
      <trkpt lat="50.5912086" lon="-2.4840408">
        <ele>0.4</ele>
        <time>2026-05-29T12:01:06.000Z</time>
        <speed>1.120</speed>
      </trkpt>
      <trkpt lat="50.5911566" lon="-2.4840036">
        <ele>0.4</ele>
        <time>2026-05-29T12:01:11.000Z</time>
        <speed>1.138</speed>
      </trkpt>
      <trkpt lat="50.5911198" lon="-2.4839815">
        <ele>0.4</ele>
        <time>2026-05-29T12:01:16.000Z</time>
        <speed>1.138</speed>
      </trkpt>
      <trkpt lat="50.5910652" lon="-2.4839675">
        <ele>0.0</ele>
        <time>2026-05-29T12:01:21.000Z</time>
        <speed>1.120</speed>
      </trkpt>
      <trkpt lat="50.5910122" lon="-2.4839679">
        <ele>0.0</ele>
        <time>2026-05-29T12:01:26.000Z</time>
        <speed>1.129</speed>
      </trkpt>
      <trkpt lat="50.5909640" lon="-2.4839732">
        <ele>-0.2</ele>
        <time>2026-05-29T12:01:31.000Z</time>
        <speed>1.138</speed>
      </trkpt>
      <trkpt lat="50.5909040" lon="-2.4839859">
        <ele>-0.2</ele>
        <time>2026-05-29T12:01:36.000Z</time>
        <speed>1.138</speed>
      </trkpt>
      <trkpt lat="50.5908454" lon="-2.4840042">
        <ele>-0.4</ele>
        <time>2026-05-29T12:01:41.000Z</time>
        <speed>1.166</speed>
      </trkpt>
      <trkpt lat="50.5907923" lon="-2.4840142">
        <ele>-0.4</ele>
        <time>2026-05-29T12:01:46.000Z</time>
        <speed>1.166</speed>
      </trkpt>
      <trkpt lat="50.5907396" lon="-2.4840453">
        <ele>-0.6</ele>
        <time>2026-05-29T12:01:51.000Z</time>
        <speed>1.176</speed>
      </trkpt>
      <trkpt lat="50.5906862" lon="-2.4840859">
        <ele>-1.0</ele>
        <time>2026-05-29T12:01:56.000Z</time>
        <speed>1.194</speed>
      </trkpt>
      <trkpt lat="50.5906293" lon="-2.4841134">
        <ele>-1.0</ele>
        <time>2026-05-29T12:02:01.000Z</time>
        <speed>1.204</speed>
      </trkpt>
      <trkpt lat="50.5905832" lon="-2.4841424">
        <ele>-1.0</ele>
        <time>2026-05-29T12:02:06.000Z</time>
        <speed>1.213</speed>
      </trkpt>
      <trkpt lat="50.5905367" lon="-2.4841760">
        <ele>-0.8</ele>
        <time>2026-05-29T12:02:11.000Z</time>
        <speed>1.204</speed>
      </trkpt>
      <trkpt lat="50.5904816" lon="-2.4841814">
        <ele>-0.8</ele>
        <time>2026-05-29T12:02:16.000Z</time>
        <speed>1.194</speed>
      </trkpt>
      <trkpt lat="50.5904247" lon="-2.4841851">
        <ele>-1.0</ele>
        <time>2026-05-29T12:02:21.000Z</time>
        <speed>1.185</speed>
      </trkpt>
      <trkpt lat="50.5903752" lon="-2.4841785">
        <ele>-1.0</ele>
        <time>2026-05-29T12:02:26.000Z</time>
        <speed>1.185</speed>
      </trkpt>
      <trkpt lat="50.5903293" lon="-2.4841689">
        <ele>-1.2</ele>
        <time>2026-05-29T12:02:31.000Z</time>
        <speed>1.185</speed>
      </trkpt>
      <trkpt lat="50.5902827" lon="-2.4841702">
        <ele>-1.2</ele>
        <time>2026-05-29T12:02:36.000Z</time>
        <speed>1.138</speed>
      </trkpt>
      <trkpt lat="50.5902315" lon="-2.4841821">
        <ele>-1.2</ele>
        <time>2026-05-29T12:02:41.000Z</time>
        <speed>1.120</speed>
      </trkpt>
      <trkpt lat="50.5901808" lon="-2.4841917">
        <ele>-1.2</ele>
        <time>2026-05-29T12:02:46.000Z</time>
        <speed>1.129</speed>
      </trkpt>
      <trkpt lat="50.5901269" lon="-2.4841750">
        <ele>-1.4</ele>
        <time>2026-05-29T12:02:51.000Z</time>
        <speed>1.176</speed>
      </trkpt>
      <trkpt lat="50.5900752" lon="-2.4841829">
        <ele>-1.4</ele>
        <time>2026-05-29T12:02:56.000Z</time>
        <speed>1.166</speed>
      </trkpt>
      <trkpt lat="50.5900348" lon="-2.4841396">
        <ele>-1.4</ele>
        <time>2026-05-29T12:03:01.000Z</time>
        <speed>1.157</speed>
      </trkpt>
      <trkpt lat="50.5899913" lon="-2.4841043">
        <ele>-1.4</ele>
        <time>2026-05-29T12:03:06.000Z</time>
        <speed>1.148</speed>
      </trkpt>
      <trkpt lat="50.5899503" lon="-2.4840902">
        <ele>-1.6</ele>
        <time>2026-05-29T12:03:11.000Z</time>
        <speed>1.101</speed>
      </trkpt>
      <trkpt lat="50.5899050" lon="-2.4840935">
        <ele>-1.8</ele>
        <time>2026-05-29T12:03:16.000Z</time>
        <speed>1.045</speed>
      </trkpt>
      <trkpt lat="50.5898635" lon="-2.4840812">
        <ele>-1.6</ele>
        <time>2026-05-29T12:03:21.000Z</time>
        <speed>1.026</speed>
      </trkpt>
      <trkpt lat="50.5898243" lon="-2.4840544">
        <ele>-1.6</ele>
        <time>2026-05-29T12:03:26.000Z</time>
        <speed>1.017</speed>
      </trkpt>
      <trkpt lat="50.5897771" lon="-2.4840316">
        <ele>-1.6</ele>
        <time>2026-05-29T12:03:31.000Z</time>
        <speed>0.998</speed>
      </trkpt>
      <trkpt lat="50.5897243" lon="-2.4840224">
        <ele>-1.6</ele>
        <time>2026-05-29T12:03:36.000Z</time>
        <speed>1.017</speed>
      </trkpt>
      <trkpt lat="50.5896764" lon="-2.4840083">
        <ele>-1.4</ele>
        <time>2026-05-29T12:03:41.000Z</time>
        <speed>1.054</speed>
      </trkpt>
      <trkpt lat="50.5896238" lon="-2.4840121">
        <ele>-1.2</ele>
        <time>2026-05-29T12:03:46.000Z</time>
        <speed>1.082</speed>
      </trkpt>
      <trkpt lat="50.5895806" lon="-2.4839923">
        <ele>-1.0</ele>
        <time>2026-05-29T12:03:51.000Z</time>
        <speed>1.073</speed>
      </trkpt>
      <trkpt lat="50.5895332" lon="-2.4839760">
        <ele>-1.0</ele>
        <time>2026-05-29T12:03:56.000Z</time>
        <speed>1.073</speed>
      </trkpt>
      <trkpt lat="50.5894865" lon="-2.4839419">
        <ele>-1.0</ele>
        <time>2026-05-29T12:04:01.000Z</time>
        <speed>1.073</speed>
      </trkpt>
      <trkpt lat="50.5894462" lon="-2.4838955">
        <ele>-0.8</ele>
        <time>2026-05-29T12:04:06.000Z</time>
        <speed>1.082</speed>
      </trkpt>
      <trkpt lat="50.5893907" lon="-2.4838659">
        <ele>-0.8</ele>
        <time>2026-05-29T12:04:11.000Z</time>
        <speed>1.092</speed>
      </trkpt>
      <trkpt lat="50.5893378" lon="-2.4838507">
        <ele>-0.4</ele>
        <time>2026-05-29T12:04:16.000Z</time>
        <speed>1.138</speed>
      </trkpt>
      <trkpt lat="50.5892885" lon="-2.4838183">
        <ele>-0.6</ele>
        <time>2026-05-29T12:04:21.000Z</time>
        <speed>1.213</speed>
      </trkpt>
      <trkpt lat="50.5892374" lon="-2.4838017">
        <ele>-0.6</ele>
        <time>2026-05-29T12:04:26.000Z</time>
        <speed>1.138</speed>
      </trkpt>
      <trkpt lat="50.5891905" lon="-2.4837915">
        <ele>-0.8</ele>
        <time>2026-05-29T12:04:31.000Z</time>
        <speed>1.148</speed>
      </trkpt>
      <trkpt lat="50.5891435" lon="-2.4837540">
        <ele>-1.2</ele>
        <time>2026-05-29T12:04:36.000Z</time>
        <speed>1.138</speed>
      </trkpt>
      <trkpt lat="50.5890961" lon="-2.4837195">
        <ele>-0.8</ele>
        <time>2026-05-29T12:04:41.000Z</time>
        <speed>1.138</speed>
      </trkpt>
      <trkpt lat="50.5890433" lon="-2.4836935">
        <ele>-0.6</ele>
        <time>2026-05-29T12:04:46.000Z</time>
        <speed>1.157</speed>
      </trkpt>
      <trkpt lat="50.5889961" lon="-2.4836589">
        <ele>-0.4</ele>
        <time>2026-05-29T12:04:51.000Z</time>
        <speed>1.148</speed>
      </trkpt>
      <trkpt lat="50.5889602" lon="-2.4836012">
        <ele>0.0</ele>
        <time>2026-05-29T12:04:56.000Z</time>
        <speed>1.138</speed>
      </trkpt>
      <trkpt lat="50.5889461" lon="-2.4835422">
        <ele>0.6</ele>
        <time>2026-05-29T12:05:01.000Z</time>
        <speed>1.101</speed>
      </trkpt>
      <trkpt lat="50.5889354" lon="-2.4834826">
        <ele>0.8</ele>
        <time>2026-05-29T12:05:06.000Z</time>
        <speed>1.026</speed>
      </trkpt>
      <trkpt lat="50.5889263" lon="-2.4834029">
        <ele>0.6</ele>
        <time>2026-05-29T12:05:11.000Z</time>
        <speed>1.036</speed>
      </trkpt>
      <trkpt lat="50.5889205" lon="-2.4833217">
        <ele>0.2</ele>
        <time>2026-05-29T12:05:16.000Z</time>
        <speed>1.054</speed>
      </trkpt>
      <trkpt lat="50.5889156" lon="-2.4832272">
        <ele>0.2</ele>
        <time>2026-05-29T12:05:21.000Z</time>
        <speed>1.120</speed>
      </trkpt>
      <trkpt lat="50.5889033" lon="-2.4831371">
        <ele>0.0</ele>
        <time>2026-05-29T12:05:26.000Z</time>
        <speed>1.157</speed>
      </trkpt>
      <trkpt lat="50.5889034" lon="-2.4830560">
        <ele>-0.2</ele>
        <time>2026-05-29T12:05:31.000Z</time>
        <speed>1.148</speed>
      </trkpt>
      <trkpt lat="50.5888998" lon="-2.4829785">
        <ele>0.0</ele>
        <time>2026-05-29T12:05:36.000Z</time>
        <speed>1.157</speed>
      </trkpt>
      <trkpt lat="50.5888863" lon="-2.4829003">
        <ele>-0.4</ele>
        <time>2026-05-29T12:05:41.000Z</time>
        <speed>1.157</speed>
      </trkpt>
      <trkpt lat="50.5888809" lon="-2.4828144">
        <ele>-0.2</ele>
        <time>2026-05-29T12:05:46.000Z</time>
        <speed>1.194</speed>
      </trkpt>
      <trkpt lat="50.5888664" lon="-2.4827250">
        <ele>-0.2</ele>
        <time>2026-05-29T12:05:51.000Z</time>
        <speed>1.185</speed>
      </trkpt>
      <trkpt lat="50.5888413" lon="-2.4826551">
        <ele>-0.4</ele>
        <time>2026-05-29T12:05:56.000Z</time>
        <speed>1.185</speed>
      </trkpt>
      <trkpt lat="50.5888126" lon="-2.4825792">
        <ele>-0.2</ele>
        <time>2026-05-29T12:06:01.000Z</time>
        <speed>1.250</speed>
      </trkpt>
      <trkpt lat="50.5888072" lon="-2.4825001">
        <ele>0.0</ele>
        <time>2026-05-29T12:06:06.000Z</time>
        <speed>1.241</speed>
      </trkpt>
      <trkpt lat="50.5888062" lon="-2.4824239">
        <ele>0.2</ele>
        <time>2026-05-29T12:06:11.000Z</time>
        <speed>1.213</speed>
      </trkpt>
      <trkpt lat="50.5887974" lon="-2.4823636">
        <ele>0.0</ele>
        <time>2026-05-29T12:06:16.000Z</time>
        <speed>1.138</speed>
      </trkpt>
      <trkpt lat="50.5887593" lon="-2.4822927">
        <ele>0.0</ele>
        <time>2026-05-29T12:06:21.000Z</time>
        <speed>1.120</speed>
      </trkpt>
      <trkpt lat="50.5887445" lon="-2.4822273">
        <ele>0.2</ele>
        <time>2026-05-29T12:06:26.000Z</time>
        <speed>1.129</speed>
      </trkpt>
      <trkpt lat="50.5887458" lon="-2.4821513">
        <ele>0.4</ele>
        <time>2026-05-29T12:06:31.000Z</time>
        <speed>1.101</speed>
      </trkpt>
      <trkpt lat="50.5887564" lon="-2.4820793">
        <ele>0.4</ele>
        <time>2026-05-29T12:06:36.000Z</time>
        <speed>1.054</speed>
      </trkpt>
      <trkpt lat="50.5887722" lon="-2.4819992">
        <ele>0.4</ele>
        <time>2026-05-29T12:06:41.000Z</time>
        <speed>1.092</speed>
      </trkpt>
      <trkpt lat="50.5887836" lon="-2.4819220">
        <ele>0.4</ele>
        <time>2026-05-29T12:06:46.000Z</time>
        <speed>1.110</speed>
      </trkpt>
      <trkpt lat="50.5887884" lon="-2.4818350">
        <ele>0.6</ele>
        <time>2026-05-29T12:06:51.000Z</time>
        <speed>1.101</speed>
      </trkpt>
      <trkpt lat="50.5887883" lon="-2.4817590">
        <ele>0.6</ele>
        <time>2026-05-29T12:06:56.000Z</time>
        <speed>1.110</speed>
      </trkpt>
      <trkpt lat="50.5887897" lon="-2.4816764">
        <ele>1.2</ele>
        <time>2026-05-29T12:07:01.000Z</time>
        <speed>1.110</speed>
      </trkpt>
      <trkpt lat="50.5887888" lon="-2.4815980">
        <ele>1.0</ele>
        <time>2026-05-29T12:07:06.000Z</time>
        <speed>1.148</speed>
      </trkpt>
      <trkpt lat="50.5887906" lon="-2.4815147">
        <ele>1.2</ele>
        <time>2026-05-29T12:07:11.000Z</time>
        <speed>1.148</speed>
      </trkpt>
      <trkpt lat="50.5887799" lon="-2.4814294">
        <ele>1.4</ele>
        <time>2026-05-29T12:07:16.000Z</time>
        <speed>1.148</speed>
      </trkpt>
      <trkpt lat="50.5887671" lon="-2.4813538">
        <ele>1.6</ele>
        <time>2026-05-29T12:07:21.000Z</time>
        <speed>1.185</speed>
      </trkpt>
      <trkpt lat="50.5887572" lon="-2.4812855">
        <ele>1.6</ele>
        <time>2026-05-29T12:07:26.000Z</time>
        <speed>1.176</speed>
      </trkpt>
      <trkpt lat="50.5887376" lon="-2.4812081">
        <ele>1.8</ele>
        <time>2026-05-29T12:07:31.000Z</time>
        <speed>1.101</speed>
      </trkpt>
      <trkpt lat="50.5887076" lon="-2.4811427">
        <ele>2.2</ele>
        <time>2026-05-29T12:07:36.000Z</time>
        <speed>1.138</speed>
      </trkpt>
      <trkpt lat="50.5886774" lon="-2.4810728">
        <ele>2.4</ele>
        <time>2026-05-29T12:07:41.000Z</time>
        <speed>1.166</speed>
      </trkpt>
      <trkpt lat="50.5886422" lon="-2.4810094">
        <ele>2.8</ele>
        <time>2026-05-29T12:07:46.000Z</time>
        <speed>1.176</speed>
      </trkpt>
      <trkpt lat="50.5886058" lon="-2.4809552">
        <ele>3.4</ele>
        <time>2026-05-29T12:07:51.000Z</time>
        <speed>1.166</speed>
      </trkpt>
      <trkpt lat="50.5885765" lon="-2.4809020">
        <ele>3.2</ele>
        <time>2026-05-29T12:07:56.000Z</time>
        <speed>1.148</speed>
      </trkpt>
      <trkpt lat="50.5885411" lon="-2.4808347">
        <ele>3.2</ele>
        <time>2026-05-29T12:08:01.000Z</time>
        <speed>1.157</speed>
      </trkpt>
      <trkpt lat="50.5885048" lon="-2.4807747">
        <ele>3.4</ele>
        <time>2026-05-29T12:08:06.000Z</time>
        <speed>1.148</speed>
      </trkpt>
      <trkpt lat="50.5884706" lon="-2.4807166">
        <ele>3.6</ele>
        <time>2026-05-29T12:08:11.000Z</time>
        <speed>1.148</speed>
      </trkpt>
      <trkpt lat="50.5884354" lon="-2.4806543">
        <ele>3.8</ele>
        <time>2026-05-29T12:08:16.000Z</time>
        <speed>1.148</speed>
      </trkpt>
      <trkpt lat="50.5884080" lon="-2.4805791">
        <ele>4.0</ele>
        <time>2026-05-29T12:08:21.000Z</time>
        <speed>1.138</speed>
      </trkpt>
      <trkpt lat="50.5883786" lon="-2.4805132">
        <ele>4.0</ele>
        <time>2026-05-29T12:08:26.000Z</time>
        <speed>1.138</speed>
      </trkpt>
      <trkpt lat="50.5883496" lon="-2.4804501">
        <ele>4.2</ele>
        <time>2026-05-29T12:08:31.000Z</time>
        <speed>1.148</speed>
      </trkpt>
      <trkpt lat="50.5883146" lon="-2.4803920">
        <ele>4.2</ele>
        <time>2026-05-29T12:08:36.000Z</time>
        <speed>1.148</speed>
      </trkpt>
      <trkpt lat="50.5882796" lon="-2.4803292">
        <ele>4.4</ele>
        <time>2026-05-29T12:08:41.000Z</time>
        <speed>1.157</speed>
      </trkpt>
      <trkpt lat="50.5882388" lon="-2.4802768">
        <ele>4.4</ele>
        <time>2026-05-29T12:08:46.000Z</time>
        <speed>1.166</speed>
      </trkpt>
      <trkpt lat="50.5882025" lon="-2.4802309">
        <ele>4.6</ele>
        <time>2026-05-29T12:08:51.000Z</time>
        <speed>1.157</speed>
      </trkpt>
      <trkpt lat="50.5881605" lon="-2.4801924">
        <ele>4.4</ele>
        <time>2026-05-29T12:08:56.000Z</time>
        <speed>1.148</speed>
      </trkpt>
      <trkpt lat="50.5881236" lon="-2.4801499">
        <ele>4.4</ele>
        <time>2026-05-29T12:09:01.000Z</time>
        <speed>1.129</speed>
      </trkpt>
      <trkpt lat="50.5880918" lon="-2.4801052">
        <ele>4.4</ele>
        <time>2026-05-29T12:09:06.000Z</time>
        <speed>1.120</speed>
      </trkpt>
      <trkpt lat="50.5880926" lon="-2.4801104">
        <ele>4.4</ele>
        <time>2026-05-29T12:09:11.000Z</time>
        <speed>0.000</speed>
      </trkpt>
      <trkpt lat="50.5880926" lon="-2.4801104">
        <ele>4.2</ele>
        <time>2026-05-29T12:09:16.000Z</time>
        <speed>0.000</speed>
      </trkpt>
      <trkpt lat="50.5880926" lon="-2.4801104">
        <ele>4.0</ele>
        <time>2026-05-29T12:09:21.000Z</time>
        <speed>0.000</speed>
      </trkpt>
      <trkpt lat="50.5880926" lon="-2.4801104">
        <ele>3.8</ele>
        <time>2026-05-29T12:09:26.000Z</time>
        <speed>0.000</speed>
      </trkpt>
      <trkpt lat="50.5880926" lon="-2.4801104">
        <ele>3.6</ele>
        <time>2026-05-29T12:09:31.000Z</time>
        <speed>0.000</speed>
      </trkpt>
      <trkpt lat="50.5880926" lon="-2.4801104">
        <ele>3.4</ele>
        <time>2026-05-29T12:09:36.000Z</time>
        <speed>0.000</speed>
      </trkpt>
      <trkpt lat="50.5880926" lon="-2.4801104">
        <ele>3.2</ele>
        <time>2026-05-29T12:09:41.000Z</time>
        <speed>0.000</speed>
      </trkpt>
      <trkpt lat="50.5880926" lon="-2.4801104">
        <ele>3.0</ele>
        <time>2026-05-29T12:09:46.000Z</time>
        <speed>0.000</speed>
      </trkpt>
      <trkpt lat="50.5880563" lon="-2.4800802">
        <ele>2.8</ele>
        <time>2026-05-29T12:09:51.000Z</time>
        <speed>0.000</speed>
      </trkpt>
      <trkpt lat="50.5880189" lon="-2.4800295">
        <ele>2.8</ele>
        <time>2026-05-29T12:09:56.000Z</time>
        <speed>1.073</speed>
      </trkpt>
      <trkpt lat="50.5879797" lon="-2.4799892">
        <ele>2.6</ele>
        <time>2026-05-29T12:10:01.000Z</time>
        <speed>1.073</speed>
      </trkpt>
      <trkpt lat="50.5879335" lon="-2.4799458">
        <ele>2.6</ele>
        <time>2026-05-29T12:10:06.000Z</time>
        <speed>1.110</speed>
      </trkpt>
      <trkpt lat="50.5878905" lon="-2.4799074">
        <ele>2.4</ele>
        <time>2026-05-29T12:10:11.000Z</time>
        <speed>1.138</speed>
      </trkpt>
      <trkpt lat="50.5878512" lon="-2.4798574">
        <ele>2.4</ele>
        <time>2026-05-29T12:10:16.000Z</time>
        <speed>1.120</speed>
      </trkpt>
      <trkpt lat="50.5878086" lon="-2.4798098">
        <ele>2.2</ele>
        <time>2026-05-29T12:10:21.000Z</time>
        <speed>1.120</speed>
      </trkpt>
      <trkpt lat="50.5877668" lon="-2.4797746">
        <ele>2.2</ele>
        <time>2026-05-29T12:10:26.000Z</time>
        <speed>1.110</speed>
      </trkpt>
      <trkpt lat="50.5877208" lon="-2.4797421">
        <ele>2.0</ele>
        <time>2026-05-29T12:10:31.000Z</time>
        <speed>1.110</speed>
      </trkpt>
      <trkpt lat="50.5877037" lon="-2.4796908">
        <ele>1.8</ele>
        <time>2026-05-29T12:10:36.000Z</time>
        <speed>1.092</speed>
      </trkpt>
      <trkpt lat="50.5876821" lon="-2.4796377">
        <ele>2.0</ele>
        <time>2026-05-29T12:10:41.000Z</time>
        <speed>1.017</speed>
      </trkpt>
      <trkpt lat="50.5876611" lon="-2.4795841">
        <ele>2.0</ele>
        <time>2026-05-29T12:10:46.000Z</time>
        <speed>0.952</speed>
      </trkpt>
      <trkpt lat="50.5876144" lon="-2.4795423">
        <ele>2.0</ele>
        <time>2026-05-29T12:10:51.000Z</time>
        <speed>1.026</speed>
      </trkpt>
      <trkpt lat="50.5875703" lon="-2.4795074">
        <ele>2.0</ele>
        <time>2026-05-29T12:10:56.000Z</time>
        <speed>1.064</speed>
      </trkpt>
      <trkpt lat="50.5875326" lon="-2.4795213">
        <ele>1.8</ele>
        <time>2026-05-29T12:11:01.000Z</time>
        <speed>1.008</speed>
      </trkpt>
      <trkpt lat="50.5874879" lon="-2.4795071">
        <ele>1.6</ele>
        <time>2026-05-29T12:11:06.000Z</time>
        <speed>0.989</speed>
      </trkpt>
      <trkpt lat="50.5874451" lon="-2.4795028">
        <ele>1.4</ele>
        <time>2026-05-29T12:11:11.000Z</time>
        <speed>0.998</speed>
      </trkpt>
      <trkpt lat="50.5874026" lon="-2.4794869">
        <ele>1.2</ele>
        <time>2026-05-29T12:11:16.000Z</time>
        <speed>0.961</speed>
      </trkpt>
      <trkpt lat="50.5873674" lon="-2.4794526">
        <ele>1.0</ele>
        <time>2026-05-29T12:11:21.000Z</time>
        <speed>0.980</speed>
      </trkpt>
      <trkpt lat="50.5873337" lon="-2.4794264">
        <ele>1.2</ele>
        <time>2026-05-29T12:11:26.000Z</time>
        <speed>0.905</speed>
      </trkpt>
      <trkpt lat="50.5872949" lon="-2.4794265">
        <ele>1.0</ele>
        <time>2026-05-29T12:11:31.000Z</time>
        <speed>0.886</speed>
      </trkpt>
      <trkpt lat="50.5872562" lon="-2.4793851">
        <ele>0.8</ele>
        <time>2026-05-29T12:11:36.000Z</time>
        <speed>0.905</speed>
      </trkpt>
      <trkpt lat="50.5872166" lon="-2.4793504">
        <ele>0.6</ele>
        <time>2026-05-29T12:11:41.000Z</time>
        <speed>0.933</speed>
      </trkpt>
      <trkpt lat="50.5871874" lon="-2.4793129">
        <ele>0.6</ele>
        <time>2026-05-29T12:11:46.000Z</time>
        <speed>0.896</speed>
      </trkpt>
      <trkpt lat="50.5871635" lon="-2.4792753">
        <ele>0.6</ele>
        <time>2026-05-29T12:11:51.000Z</time>
        <speed>0.849</speed>
      </trkpt>
      <trkpt lat="50.5871352" lon="-2.4792430">
        <ele>0.6</ele>
        <time>2026-05-29T12:11:56.000Z</time>
        <speed>0.793</speed>
      </trkpt>
      <trkpt lat="50.5870979" lon="-2.4792152">
        <ele>0.4</ele>
        <time>2026-05-29T12:12:01.000Z</time>
        <speed>0.849</speed>
      </trkpt>
      <trkpt lat="50.5870540" lon="-2.4791695">
        <ele>0.6</ele>
        <time>2026-05-29T12:12:06.000Z</time>
        <speed>0.896</speed>
      </trkpt>
      <trkpt lat="50.5870233" lon="-2.4791212">
        <ele>0.6</ele>
        <time>2026-05-29T12:12:11.000Z</time>
        <speed>1.026</speed>
      </trkpt>
      <trkpt lat="50.5869867" lon="-2.4790666">
        <ele>0.2</ele>
        <time>2026-05-29T12:12:16.000Z</time>
        <speed>1.036</speed>
      </trkpt>
      <trkpt lat="50.5869523" lon="-2.4790207">
        <ele>0.2</ele>
        <time>2026-05-29T12:12:21.000Z</time>
        <speed>1.017</speed>
      </trkpt>
      <trkpt lat="50.5869194" lon="-2.4789665">
        <ele>0.2</ele>
        <time>2026-05-29T12:12:26.000Z</time>
        <speed>1.054</speed>
      </trkpt>
      <trkpt lat="50.5868845" lon="-2.4789158">
        <ele>0.4</ele>
        <time>2026-05-29T12:12:31.000Z</time>
        <speed>1.026</speed>
      </trkpt>
      <trkpt lat="50.5868560" lon="-2.4788870">
        <ele>0.4</ele>
        <time>2026-05-29T12:12:36.000Z</time>
        <speed>0.980</speed>
      </trkpt>
      <trkpt lat="50.5868255" lon="-2.4788345">
        <ele>0.2</ele>
        <time>2026-05-29T12:12:41.000Z</time>
        <speed>0.942</speed>
      </trkpt>
      <trkpt lat="50.5868013" lon="-2.4787709">
        <ele>0.2</ele>
        <time>2026-05-29T12:12:46.000Z</time>
        <speed>0.970</speed>
      </trkpt>
      <trkpt lat="50.5867685" lon="-2.4787119">
        <ele>0.2</ele>
        <time>2026-05-29T12:12:51.000Z</time>
        <speed>0.998</speed>
      </trkpt>
      <trkpt lat="50.5867347" lon="-2.4786553">
        <ele>0.2</ele>
        <time>2026-05-29T12:12:56.000Z</time>
        <speed>1.026</speed>
      </trkpt>
      <trkpt lat="50.5866978" lon="-2.4785917">
        <ele>0.2</ele>
        <time>2026-05-29T12:13:01.000Z</time>
        <speed>1.054</speed>
      </trkpt>
      <trkpt lat="50.5866661" lon="-2.4785416">
        <ele>0.2</ele>
        <time>2026-05-29T12:13:06.000Z</time>
        <speed>1.036</speed>
      </trkpt>
      <trkpt lat="50.5866283" lon="-2.4784899">
        <ele>0.2</ele>
        <time>2026-05-29T12:13:11.000Z</time>
        <speed>1.026</speed>
      </trkpt>
      <trkpt lat="50.5865969" lon="-2.4784419">
        <ele>0.2</ele>
        <time>2026-05-29T12:13:16.000Z</time>
        <speed>1.045</speed>
      </trkpt>
      <trkpt lat="50.5865632" lon="-2.4783866">
        <ele>0.0</ele>
        <time>2026-05-29T12:13:21.000Z</time>
        <speed>1.045</speed>
      </trkpt>
      <trkpt lat="50.5865295" lon="-2.4783481">
        <ele>0.2</ele>
        <time>2026-05-29T12:13:26.000Z</time>
        <speed>1.036</speed>
      </trkpt>
      <trkpt lat="50.5864986" lon="-2.4782916">
        <ele>0.0</ele>
        <time>2026-05-29T12:13:31.000Z</time>
        <speed>1.036</speed>
      </trkpt>
      <trkpt lat="50.5864515" lon="-2.4782704">
        <ele>0.0</ele>
        <time>2026-05-29T12:13:36.000Z</time>
        <speed>1.026</speed>
      </trkpt>
      <trkpt lat="50.5864094" lon="-2.4782610">
        <ele>0.0</ele>
        <time>2026-05-29T12:13:41.000Z</time>
        <speed>1.045</speed>
      </trkpt>
      <trkpt lat="50.5863857" lon="-2.4782123">
        <ele>0.2</ele>
        <time>2026-05-29T12:13:46.000Z</time>
        <speed>0.989</speed>
      </trkpt>
      <trkpt lat="50.5863691" lon="-2.4781476">
        <ele>0.0</ele>
        <time>2026-05-29T12:13:51.000Z</time>
        <speed>0.952</speed>
      </trkpt>
      <trkpt lat="50.5863592" lon="-2.4780786">
        <ele>0.0</ele>
        <time>2026-05-29T12:13:56.000Z</time>
        <speed>0.942</speed>
      </trkpt>
      <trkpt lat="50.5863363" lon="-2.4780043">
        <ele>0.0</ele>
        <time>2026-05-29T12:14:01.000Z</time>
        <speed>1.045</speed>
      </trkpt>
      <trkpt lat="50.5863110" lon="-2.4779442">
        <ele>0.2</ele>
        <time>2026-05-29T12:14:06.000Z</time>
        <speed>1.054</speed>
      </trkpt>
      <trkpt lat="50.5862806" lon="-2.4778996">
        <ele>0.2</ele>
        <time>2026-05-29T12:14:11.000Z</time>
        <speed>1.017</speed>
      </trkpt>
      <trkpt lat="50.5862505" lon="-2.4778287">
        <ele>0.4</ele>
        <time>2026-05-29T12:14:16.000Z</time>
        <speed>1.026</speed>
      </trkpt>
      <trkpt lat="50.5862196" lon="-2.4777603">
        <ele>0.4</ele>
        <time>2026-05-29T12:14:21.000Z</time>
        <speed>1.054</speed>
      </trkpt>
      <trkpt lat="50.5861949" lon="-2.4776997">
        <ele>0.4</ele>
        <time>2026-05-29T12:14:26.000Z</time>
        <speed>1.064</speed>
      </trkpt>
      <trkpt lat="50.5861646" lon="-2.4776407">
        <ele>0.4</ele>
        <time>2026-05-29T12:14:31.000Z</time>
        <speed>1.045</speed>
      </trkpt>
      <trkpt lat="50.5861308" lon="-2.4775757">
        <ele>0.4</ele>
        <time>2026-05-29T12:14:36.000Z</time>
        <speed>1.110</speed>
      </trkpt>
      <trkpt lat="50.5861085" lon="-2.4775243">
        <ele>0.6</ele>
        <time>2026-05-29T12:14:41.000Z</time>
        <speed>1.129</speed>
      </trkpt>
      <trkpt lat="50.5860705" lon="-2.4774571">
        <ele>0.6</ele>
        <time>2026-05-29T12:14:46.000Z</time>
        <speed>1.082</speed>
      </trkpt>
      <trkpt lat="50.5860283" lon="-2.4774195">
        <ele>0.8</ele>
        <time>2026-05-29T12:14:51.000Z</time>
        <speed>1.138</speed>
      </trkpt>
      <trkpt lat="50.5859816" lon="-2.4773720">
        <ele>0.8</ele>
        <time>2026-05-29T12:14:56.000Z</time>
        <speed>1.166</speed>
      </trkpt>
      <trkpt lat="50.5859674" lon="-2.4773338">
        <ele>1.0</ele>
        <time>2026-05-29T12:15:01.000Z</time>
        <speed>1.148</speed>
      </trkpt>
      <trkpt lat="50.5859502" lon="-2.4773666">
        <ele>1.2</ele>
        <time>2026-05-29T12:15:06.000Z</time>
        <speed>0.000</speed>
      </trkpt>
      <trkpt lat="50.5859236" lon="-2.4773792">
        <ele>1.2</ele>
        <time>2026-05-29T12:15:11.000Z</time>
        <speed>0.000</speed>
      </trkpt>
      <trkpt lat="50.5858915" lon="-2.4773745">
        <ele>1.2</ele>
        <time>2026-05-29T12:15:16.000Z</time>
        <speed>0.000</speed>
      </trkpt>
      <trkpt lat="50.5858819" lon="-2.4773499">
        <ele>1.6</ele>
        <time>2026-05-29T12:15:21.000Z</time>
        <speed>0.000</speed>
      </trkpt>
      <trkpt lat="50.5858741" lon="-2.4773186">
        <ele>2.0</ele>
        <time>2026-05-29T12:15:26.000Z</time>
        <speed>0.000</speed>
      </trkpt>
      <trkpt lat="50.5858741" lon="-2.4773186">
        <ele>2.2</ele>
        <time>2026-05-29T12:15:31.000Z</time>
        <speed>0.000</speed>
      </trkpt>
      <trkpt lat="50.5858741" lon="-2.4773186">
        <ele>2.4</ele>
        <time>2026-05-29T12:15:36.000Z</time>
        <speed>0.000</speed>
      </trkpt>
      <trkpt lat="50.5858741" lon="-2.4773186">
        <ele>2.4</ele>
        <time>2026-05-29T12:15:41.000Z</time>
        <speed>0.000</speed>
      </trkpt>
      <trkpt lat="50.5858741" lon="-2.4773186">
        <ele>2.8</ele>
        <time>2026-05-29T12:15:46.000Z</time>
        <speed>0.000</speed>
      </trkpt>
      <trkpt lat="50.5858741" lon="-2.4773186">
        <ele>3.0</ele>
        <time>2026-05-29T12:15:51.000Z</time>
        <speed>0.000</speed>
      </trkpt>
      <trkpt lat="50.5858741" lon="-2.4773186">
        <ele>2.6</ele>
        <time>2026-05-29T12:15:56.000Z</time>
        <speed>0.000</speed>
      </trkpt>
      <trkpt lat="50.5858972" lon="-2.4773592">
        <ele>3.4</ele>
        <time>2026-05-29T12:16:01.000Z</time>
        <speed>0.970</speed>
      </trkpt>
      <trkpt lat="50.5859283" lon="-2.4773862">
        <ele>3.8</ele>
        <time>2026-05-29T12:16:06.000Z</time>
        <speed>0.000</speed>
      </trkpt>
      <trkpt lat="50.5859734" lon="-2.4774158">
        <ele>4.0</ele>
        <time>2026-05-29T12:16:11.000Z</time>
        <speed>1.092</speed>
      </trkpt>
      <trkpt lat="50.5860179" lon="-2.4774270">
        <ele>4.2</ele>
        <time>2026-05-29T12:16:16.000Z</time>
        <speed>1.110</speed>
      </trkpt>
      <trkpt lat="50.5860666" lon="-2.4774703">
        <ele>5.0</ele>
        <time>2026-05-29T12:16:21.000Z</time>
        <speed>1.185</speed>
      </trkpt>
      <trkpt lat="50.5861025" lon="-2.4775322">
        <ele>6.0</ele>
        <time>2026-05-29T12:16:26.000Z</time>
        <speed>1.204</speed>
      </trkpt>
      <trkpt lat="50.5861381" lon="-2.4775933">
        <ele>6.2</ele>
        <time>2026-05-29T12:16:31.000Z</time>
        <speed>1.036</speed>
      </trkpt>
      <trkpt lat="50.5861672" lon="-2.4776660">
        <ele>6.0</ele>
        <time>2026-05-29T12:16:36.000Z</time>
        <speed>1.204</speed>
      </trkpt>
      <trkpt lat="50.5861989" lon="-2.4777415">
        <ele>5.4</ele>
        <time>2026-05-29T12:16:41.000Z</time>
        <speed>1.232</speed>
      </trkpt>
      <trkpt lat="50.5862262" lon="-2.4778235">
        <ele>5.8</ele>
        <time>2026-05-29T12:16:46.000Z</time>
        <speed>1.250</speed>
      </trkpt>
      <trkpt lat="50.5862639" lon="-2.4778926">
        <ele>6.2</ele>
        <time>2026-05-29T12:16:51.000Z</time>
        <speed>1.260</speed>
      </trkpt>
      <trkpt lat="50.5863034" lon="-2.4779502">
        <ele>6.6</ele>
        <time>2026-05-29T12:16:56.000Z</time>
        <speed>1.260</speed>
      </trkpt>
      <trkpt lat="50.5863396" lon="-2.4780299">
        <ele>6.4</ele>
        <time>2026-05-29T12:17:01.000Z</time>
        <speed>1.306</speed>
      </trkpt>
      <trkpt lat="50.5863723" lon="-2.4781046">
        <ele>6.8</ele>
        <time>2026-05-29T12:17:06.000Z</time>
        <speed>1.316</speed>
      </trkpt>
      <trkpt lat="50.5863900" lon="-2.4781863">
        <ele>6.8</ele>
        <time>2026-05-29T12:17:11.000Z</time>
        <speed>1.306</speed>
      </trkpt>
      <trkpt lat="50.5864058" lon="-2.4782705">
        <ele>7.0</ele>
        <time>2026-05-29T12:17:16.000Z</time>
        <speed>1.316</speed>
      </trkpt>
      <trkpt lat="50.5864610" lon="-2.4782988">
        <ele>6.4</ele>
        <time>2026-05-29T12:17:21.000Z</time>
        <speed>1.316</speed>
      </trkpt>
      <trkpt lat="50.5865069" lon="-2.4783412">
        <ele>7.0</ele>
        <time>2026-05-29T12:17:26.000Z</time>
        <speed>1.316</speed>
      </trkpt>
      <trkpt lat="50.5865473" lon="-2.4783878">
        <ele>7.2</ele>
        <time>2026-05-29T12:17:31.000Z</time>
        <speed>1.278</speed>
      </trkpt>
      <trkpt lat="50.5865896" lon="-2.4784375">
        <ele>7.2</ele>
        <time>2026-05-29T12:17:36.000Z</time>
        <speed>1.250</speed>
      </trkpt>
      <trkpt lat="50.5866334" lon="-2.4785066">
        <ele>7.4</ele>
        <time>2026-05-29T12:17:41.000Z</time>
        <speed>1.260</speed>
      </trkpt>
      <trkpt lat="50.5866722" lon="-2.4785707">
        <ele>7.8</ele>
        <time>2026-05-29T12:17:46.000Z</time>
        <speed>1.269</speed>
      </trkpt>
      <trkpt lat="50.5867118" lon="-2.4786237">
        <ele>7.4</ele>
        <time>2026-05-29T12:17:51.000Z</time>
        <speed>1.260</speed>
      </trkpt>
      <trkpt lat="50.5867556" lon="-2.4786797">
        <ele>8.0</ele>
        <time>2026-05-29T12:17:56.000Z</time>
        <speed>1.269</speed>
      </trkpt>
      <trkpt lat="50.5868027" lon="-2.4787400">
        <ele>8.0</ele>
        <time>2026-05-29T12:18:01.000Z</time>
        <speed>1.269</speed>
      </trkpt>
      <trkpt lat="50.5868368" lon="-2.4788050">
        <ele>8.0</ele>
        <time>2026-05-29T12:18:06.000Z</time>
        <speed>1.269</speed>
      </trkpt>
      <trkpt lat="50.5868656" lon="-2.4788642">
        <ele>7.8</ele>
        <time>2026-05-29T12:18:11.000Z</time>
        <speed>1.232</speed>
      </trkpt>
      <trkpt lat="50.5868965" lon="-2.4789365">
        <ele>7.6</ele>
        <time>2026-05-29T12:18:16.000Z</time>
        <speed>1.213</speed>
      </trkpt>
      <trkpt lat="50.5869398" lon="-2.4789895">
        <ele>7.8</ele>
        <time>2026-05-29T12:18:21.000Z</time>
        <speed>1.269</speed>
      </trkpt>
      <trkpt lat="50.5869811" lon="-2.4790403">
        <ele>8.0</ele>
        <time>2026-05-29T12:18:26.000Z</time>
        <speed>1.241</speed>
      </trkpt>
      <trkpt lat="50.5870038" lon="-2.4791084">
        <ele>8.2</ele>
        <time>2026-05-29T12:18:31.000Z</time>
        <speed>1.204</speed>
      </trkpt>
      <trkpt lat="50.5870449" lon="-2.4791702">
        <ele>8.2</ele>
        <time>2026-05-29T12:18:36.000Z</time>
        <speed>1.204</speed>
      </trkpt>
      <trkpt lat="50.5870889" lon="-2.4792320">
        <ele>8.0</ele>
        <time>2026-05-29T12:18:41.000Z</time>
        <speed>1.232</speed>
      </trkpt>
      <trkpt lat="50.5871416" lon="-2.4792683">
        <ele>8.0</ele>
        <time>2026-05-29T12:18:46.000Z</time>
        <speed>1.241</speed>
      </trkpt>
      <trkpt lat="50.5871940" lon="-2.4793048">
        <ele>7.8</ele>
        <time>2026-05-29T12:18:51.000Z</time>
        <speed>1.250</speed>
      </trkpt>
      <trkpt lat="50.5872395" lon="-2.4793506">
        <ele>8.0</ele>
        <time>2026-05-29T12:18:56.000Z</time>
        <speed>1.232</speed>
      </trkpt>
      <trkpt lat="50.5872796" lon="-2.4794009">
        <ele>7.6</ele>
        <time>2026-05-29T12:19:01.000Z</time>
        <speed>1.232</speed>
      </trkpt>
      <trkpt lat="50.5873284" lon="-2.4794495">
        <ele>7.8</ele>
        <time>2026-05-29T12:19:06.000Z</time>
        <speed>1.232</speed>
      </trkpt>
      <trkpt lat="50.5873772" lon="-2.4794851">
        <ele>8.0</ele>
        <time>2026-05-29T12:19:11.000Z</time>
        <speed>1.222</speed>
      </trkpt>
      <trkpt lat="50.5874317" lon="-2.4795245">
        <ele>8.0</ele>
        <time>2026-05-29T12:19:16.000Z</time>
        <speed>1.232</speed>
      </trkpt>
      <trkpt lat="50.5874824" lon="-2.4795596">
        <ele>8.2</ele>
        <time>2026-05-29T12:19:21.000Z</time>
        <speed>1.241</speed>
      </trkpt>
      <trkpt lat="50.5875356" lon="-2.4795582">
        <ele>8.2</ele>
        <time>2026-05-29T12:19:26.000Z</time>
        <speed>1.232</speed>
      </trkpt>
      <trkpt lat="50.5875803" lon="-2.4795447">
        <ele>8.0</ele>
        <time>2026-05-29T12:19:31.000Z</time>
        <speed>1.213</speed>
      </trkpt>
      <trkpt lat="50.5876239" lon="-2.4795794">
        <ele>8.4</ele>
        <time>2026-05-29T12:19:36.000Z</time>
        <speed>1.194</speed>
      </trkpt>
      <trkpt lat="50.5876681" lon="-2.4796202">
        <ele>8.4</ele>
        <time>2026-05-29T12:19:41.000Z</time>
        <speed>1.185</speed>
      </trkpt>
      <trkpt lat="50.5877041" lon="-2.4796772">
        <ele>8.6</ele>
        <time>2026-05-29T12:19:46.000Z</time>
        <speed>1.157</speed>
      </trkpt>
      <trkpt lat="50.5877374" lon="-2.4797296">
        <ele>8.4</ele>
        <time>2026-05-29T12:19:51.000Z</time>
        <speed>1.148</speed>
      </trkpt>
      <trkpt lat="50.5877784" lon="-2.4797854">
        <ele>8.0</ele>
        <time>2026-05-29T12:19:56.000Z</time>
        <speed>1.138</speed>
      </trkpt>
      <trkpt lat="50.5878297" lon="-2.4798148">
        <ele>8.0</ele>
        <time>2026-05-29T12:20:01.000Z</time>
        <speed>1.148</speed>
      </trkpt>
      <trkpt lat="50.5878711" lon="-2.4798653">
        <ele>8.0</ele>
        <time>2026-05-29T12:20:06.000Z</time>
        <speed>1.157</speed>
      </trkpt>
      <trkpt lat="50.5879324" lon="-2.4798958">
        <ele>7.8</ele>
        <time>2026-05-29T12:20:11.000Z</time>
        <speed>1.185</speed>
      </trkpt>
      <trkpt lat="50.5879822" lon="-2.4799426">
        <ele>8.2</ele>
        <time>2026-05-29T12:20:16.000Z</time>
        <speed>1.213</speed>
      </trkpt>
      <trkpt lat="50.5880279" lon="-2.4799928">
        <ele>8.4</ele>
        <time>2026-05-29T12:20:21.000Z</time>
        <speed>1.222</speed>
      </trkpt>
      <trkpt lat="50.5880682" lon="-2.4800471">
        <ele>8.6</ele>
        <time>2026-05-29T12:20:26.000Z</time>
        <speed>1.232</speed>
      </trkpt>
      <trkpt lat="50.5881081" lon="-2.4800857">
        <ele>8.8</ele>
        <time>2026-05-29T12:20:31.000Z</time>
        <speed>1.213</speed>
      </trkpt>
      <trkpt lat="50.5881593" lon="-2.4801362">
        <ele>8.8</ele>
        <time>2026-05-29T12:20:36.000Z</time>
        <speed>1.213</speed>
      </trkpt>
      <trkpt lat="50.5882022" lon="-2.4801781">
        <ele>8.6</ele>
        <time>2026-05-29T12:20:41.000Z</time>
        <speed>1.213</speed>
      </trkpt>
      <trkpt lat="50.5882436" lon="-2.4802305">
        <ele>8.8</ele>
        <time>2026-05-29T12:20:46.000Z</time>
        <speed>1.204</speed>
      </trkpt>
      <trkpt lat="50.5882838" lon="-2.4802940">
        <ele>8.6</ele>
        <time>2026-05-29T12:20:51.000Z</time>
        <speed>1.204</speed>
      </trkpt>
      <trkpt lat="50.5883170" lon="-2.4803589">
        <ele>8.8</ele>
        <time>2026-05-29T12:20:56.000Z</time>
        <speed>1.194</speed>
      </trkpt>
      <trkpt lat="50.5883482" lon="-2.4803945">
        <ele>8.6</ele>
        <time>2026-05-29T12:21:01.000Z</time>
        <speed>1.204</speed>
      </trkpt>
      <trkpt lat="50.5883660" lon="-2.4803792">
        <ele>9.0</ele>
        <time>2026-05-29T12:21:06.000Z</time>
        <speed>1.045</speed>
      </trkpt>
      <trkpt lat="50.5883660" lon="-2.4803792">
        <ele>9.2</ele>
        <time>2026-05-29T12:21:11.000Z</time>
        <speed>0.000</speed>
      </trkpt>
      <trkpt lat="50.5883838" lon="-2.4803616">
        <ele>9.4</ele>
        <time>2026-05-29T12:21:16.000Z</time>
        <speed>0.000</speed>
      </trkpt>
      <trkpt lat="50.5883938" lon="-2.4803086">
        <ele>10.6</ele>
        <time>2026-05-29T12:21:21.000Z</time>
        <speed>0.868</speed>
      </trkpt>
      <trkpt lat="50.5884007" lon="-2.4802414">
        <ele>11.2</ele>
        <time>2026-05-29T12:21:26.000Z</time>
        <speed>0.961</speed>
      </trkpt>
      <trkpt lat="50.5883995" lon="-2.4801697">
        <ele>11.4</ele>
        <time>2026-05-29T12:21:31.000Z</time>
        <speed>1.036</speed>
      </trkpt>
      <trkpt lat="50.5883864" lon="-2.4801326">
        <ele>11.8</ele>
        <time>2026-05-29T12:21:36.000Z</time>
        <speed>0.896</speed>
      </trkpt>
      <trkpt lat="50.5883623" lon="-2.4801044">
        <ele>12.2</ele>
        <time>2026-05-29T12:21:41.000Z</time>
        <speed>0.802</speed>
      </trkpt>
      <trkpt lat="50.5883319" lon="-2.4800515">
        <ele>12.2</ele>
        <time>2026-05-29T12:21:46.000Z</time>
        <speed>0.886</speed>
      </trkpt>
      <trkpt lat="50.5882904" lon="-2.4800076">
        <ele>12.8</ele>
        <time>2026-05-29T12:21:51.000Z</time>
        <speed>1.017</speed>
      </trkpt>
      <trkpt lat="50.5882521" lon="-2.4799567">
        <ele>13.4</ele>
        <time>2026-05-29T12:21:56.000Z</time>
        <speed>1.101</speed>
      </trkpt>
      <trkpt lat="50.5882198" lon="-2.4799089">
        <ele>13.4</ele>
        <time>2026-05-29T12:22:01.000Z</time>
        <speed>1.120</speed>
      </trkpt>
      <trkpt lat="50.5881963" lon="-2.4798767">
        <ele>13.4</ele>
        <time>2026-05-29T12:22:06.000Z</time>
        <speed>1.054</speed>
      </trkpt>
      <trkpt lat="50.5881577" lon="-2.4798202">
        <ele>13.8</ele>
        <time>2026-05-29T12:22:11.000Z</time>
        <speed>0.970</speed>
      </trkpt>
      <trkpt lat="50.5881244" lon="-2.4797603">
        <ele>14.6</ele>
        <time>2026-05-29T12:22:16.000Z</time>
        <speed>1.036</speed>
      </trkpt>
      <trkpt lat="50.5881187" lon="-2.4796888">
        <ele>15.4</ele>
        <time>2026-05-29T12:22:21.000Z</time>
        <speed>1.110</speed>
      </trkpt>
      <trkpt lat="50.5880807" lon="-2.4796201">
        <ele>15.6</ele>
        <time>2026-05-29T12:22:26.000Z</time>
        <speed>1.092</speed>
      </trkpt>
      <trkpt lat="50.5880370" lon="-2.4795570">
        <ele>16.2</ele>
        <time>2026-05-29T12:22:31.000Z</time>
        <speed>1.213</speed>
      </trkpt>
      <trkpt lat="50.5879931" lon="-2.4794991">
        <ele>16.4</ele>
        <time>2026-05-29T12:22:36.000Z</time>
        <speed>1.260</speed>
      </trkpt>
      <trkpt lat="50.5879496" lon="-2.4794395">
        <ele>16.8</ele>
        <time>2026-05-29T12:22:41.000Z</time>
        <speed>1.260</speed>
      </trkpt>
      <trkpt lat="50.5878997" lon="-2.4793928">
        <ele>17.4</ele>
        <time>2026-05-29T12:22:46.000Z</time>
        <speed>1.278</speed>
      </trkpt>
      <trkpt lat="50.5878503" lon="-2.4793517">
        <ele>17.2</ele>
        <time>2026-05-29T12:22:51.000Z</time>
        <speed>1.306</speed>
      </trkpt>
      <trkpt lat="50.5878019" lon="-2.4793127">
        <ele>17.4</ele>
        <time>2026-05-29T12:22:56.000Z</time>
        <speed>1.288</speed>
      </trkpt>
      <trkpt lat="50.5877538" lon="-2.4792661">
        <ele>17.4</ele>
        <time>2026-05-29T12:23:01.000Z</time>
        <speed>1.250</speed>
      </trkpt>
      <trkpt lat="50.5877108" lon="-2.4792023">
        <ele>17.6</ele>
        <time>2026-05-29T12:23:06.000Z</time>
        <speed>1.278</speed>
      </trkpt>
      <trkpt lat="50.5876662" lon="-2.4791402">
        <ele>17.8</ele>
        <time>2026-05-29T12:23:11.000Z</time>
        <speed>1.269</speed>
      </trkpt>
      <trkpt lat="50.5876258" lon="-2.4790808">
        <ele>18.0</ele>
        <time>2026-05-29T12:23:16.000Z</time>
        <speed>1.269</speed>
      </trkpt>
      <trkpt lat="50.5875920" lon="-2.4790189">
        <ele>18.2</ele>
        <time>2026-05-29T12:23:21.000Z</time>
        <speed>1.269</speed>
      </trkpt>
      <trkpt lat="50.5875497" lon="-2.4789580">
        <ele>18.4</ele>
        <time>2026-05-29T12:23:26.000Z</time>
        <speed>1.260</speed>
      </trkpt>
      <trkpt lat="50.5874997" lon="-2.4788979">
        <ele>18.8</ele>
        <time>2026-05-29T12:23:31.000Z</time>
        <speed>1.269</speed>
      </trkpt>
      <trkpt lat="50.5874542" lon="-2.4788359">
        <ele>18.2</ele>
        <time>2026-05-29T12:23:36.000Z</time>
        <speed>1.306</speed>
      </trkpt>
      <trkpt lat="50.5874166" lon="-2.4787687">
        <ele>18.0</ele>
        <time>2026-05-29T12:23:41.000Z</time>
        <speed>1.306</speed>
      </trkpt>
      <trkpt lat="50.5873808" lon="-2.4786996">
        <ele>18.0</ele>
        <time>2026-05-29T12:23:46.000Z</time>
        <speed>1.306</speed>
      </trkpt>
      <trkpt lat="50.5873262" lon="-2.4786397">
        <ele>18.0</ele>
        <time>2026-05-29T12:23:51.000Z</time>
        <speed>1.316</speed>
      </trkpt>
      <trkpt lat="50.5872880" lon="-2.4785822">
        <ele>17.8</ele>
        <time>2026-05-29T12:23:56.000Z</time>
        <speed>1.316</speed>
      </trkpt>
      <trkpt lat="50.5872494" lon="-2.4785217">
        <ele>17.6</ele>
        <time>2026-05-29T12:24:01.000Z</time>
        <speed>1.316</speed>
      </trkpt>
      <trkpt lat="50.5872052" lon="-2.4784600">
        <ele>17.4</ele>
        <time>2026-05-29T12:24:06.000Z</time>
        <speed>1.316</speed>
      </trkpt>
      <trkpt lat="50.5871612" lon="-2.4784034">
        <ele>17.0</ele>
        <time>2026-05-29T12:24:11.000Z</time>
        <speed>1.306</speed>
      </trkpt>
      <trkpt lat="50.5871248" lon="-2.4783489">
        <ele>16.6</ele>
        <time>2026-05-29T12:24:16.000Z</time>
        <speed>1.306</speed>
      </trkpt>
      <trkpt lat="50.5870768" lon="-2.4782794">
        <ele>16.2</ele>
        <time>2026-05-29T12:24:21.000Z</time>
        <speed>1.306</speed>
      </trkpt>
      <trkpt lat="50.5870364" lon="-2.4782205">
        <ele>16.0</ele>
        <time>2026-05-29T12:24:26.000Z</time>
        <speed>1.306</speed>
      </trkpt>
      <trkpt lat="50.5870052" lon="-2.4781612">
        <ele>15.6</ele>
        <time>2026-05-29T12:24:31.000Z</time>
        <speed>1.297</speed>
      </trkpt>
      <trkpt lat="50.5869522" lon="-2.4781064">
        <ele>15.2</ele>
        <time>2026-05-29T12:24:36.000Z</time>
        <speed>1.297</speed>
      </trkpt>
      <trkpt lat="50.5869061" lon="-2.4780513">
        <ele>14.8</ele>
        <time>2026-05-29T12:24:41.000Z</time>
        <speed>1.297</speed>
      </trkpt>
      <trkpt lat="50.5868638" lon="-2.4780006">
        <ele>14.4</ele>
        <time>2026-05-29T12:24:46.000Z</time>
        <speed>1.288</speed>
      </trkpt>
      <trkpt lat="50.5868105" lon="-2.4779496">
        <ele>13.8</ele>
        <time>2026-05-29T12:24:51.000Z</time>
        <speed>1.288</speed>
      </trkpt>
      <trkpt lat="50.5867643" lon="-2.4779024">
        <ele>13.4</ele>
        <time>2026-05-29T12:24:56.000Z</time>
        <speed>1.288</speed>
      </trkpt>
      <trkpt lat="50.5867211" lon="-2.4778841">
        <ele>13.0</ele>
        <time>2026-05-29T12:25:01.000Z</time>
        <speed>1.278</speed>
      </trkpt>
      <trkpt lat="50.5866608" lon="-2.4778614">
        <ele>12.0</ele>
        <time>2026-05-29T12:25:06.000Z</time>
        <speed>1.269</speed>
      </trkpt>
      <trkpt lat="50.5866379" lon="-2.4777911">
        <ele>11.6</ele>
        <time>2026-05-29T12:25:11.000Z</time>
        <speed>1.269</speed>
      </trkpt>
      <trkpt lat="50.5866015" lon="-2.4777281">
        <ele>11.2</ele>
        <time>2026-05-29T12:25:16.000Z</time>
        <speed>1.278</speed>
      </trkpt>
      <trkpt lat="50.5865582" lon="-2.4776617">
        <ele>11.2</ele>
        <time>2026-05-29T12:25:21.000Z</time>
        <speed>1.269</speed>
      </trkpt>
      <trkpt lat="50.5865334" lon="-2.4776304">
        <ele>10.6</ele>
        <time>2026-05-29T12:25:26.000Z</time>
        <speed>1.241</speed>
      </trkpt>
      <trkpt lat="50.5865201" lon="-2.4776182">
        <ele>10.2</ele>
        <time>2026-05-29T12:25:31.000Z</time>
        <speed>0.728</speed>
      </trkpt>
      <trkpt lat="50.5865273" lon="-2.4776174">
        <ele>9.6</ele>
        <time>2026-05-29T12:25:36.000Z</time>
        <speed>0.000</speed>
      </trkpt>
      <trkpt lat="50.5865288" lon="-2.4776228">
        <ele>9.2</ele>
        <time>2026-05-29T12:25:41.000Z</time>
        <speed>0.000</speed>
      </trkpt>
      <trkpt lat="50.5865289" lon="-2.4776227">
        <ele>8.8</ele>
        <time>2026-05-29T12:25:46.000Z</time>
        <speed>0.000</speed>
      </trkpt>
      <trkpt lat="50.5865289" lon="-2.4776227">
        <ele>8.6</ele>
        <time>2026-05-29T12:25:51.000Z</time>
        <speed>0.000</speed>
      </trkpt>
      <trkpt lat="50.5865289" lon="-2.4776227">
        <ele>9.0</ele>
        <time>2026-05-29T12:25:56.000Z</time>
        <speed>0.000</speed>
      </trkpt>
      <trkpt lat="50.5865093" lon="-2.4776069">
        <ele>8.8</ele>
        <time>2026-05-29T12:26:01.000Z</time>
        <speed>0.000</speed>
      </trkpt>
      <trkpt lat="50.5864701" lon="-2.4775696">
        <ele>7.8</ele>
        <time>2026-05-29T12:26:06.000Z</time>
        <speed>1.129</speed>
      </trkpt>
      <trkpt lat="50.5864199" lon="-2.4775268">
        <ele>6.8</ele>
        <time>2026-05-29T12:26:11.000Z</time>
        <speed>1.260</speed>
      </trkpt>
      <trkpt lat="50.5863859" lon="-2.4774685">
        <ele>6.8</ele>
        <time>2026-05-29T12:26:16.000Z</time>
        <speed>1.204</speed>
      </trkpt>
      <trkpt lat="50.5863524" lon="-2.4774011">
        <ele>7.0</ele>
        <time>2026-05-29T12:26:21.000Z</time>
        <speed>1.241</speed>
      </trkpt>
      <trkpt lat="50.5863179" lon="-2.4773462">
        <ele>7.4</ele>
        <time>2026-05-29T12:26:26.000Z</time>
        <speed>1.185</speed>
      </trkpt>
      <trkpt lat="50.5862793" lon="-2.4773082">
        <ele>7.4</ele>
        <time>2026-05-29T12:26:31.000Z</time>
        <speed>1.166</speed>
      </trkpt>
      <trkpt lat="50.5862272" lon="-2.4772573">
        <ele>7.6</ele>
        <time>2026-05-29T12:26:36.000Z</time>
        <speed>1.194</speed>
      </trkpt>
      <trkpt lat="50.5861780" lon="-2.4772059">
        <ele>7.2</ele>
        <time>2026-05-29T12:26:41.000Z</time>
        <speed>1.185</speed>
      </trkpt>
      <trkpt lat="50.5861444" lon="-2.4771513">
        <ele>7.2</ele>
        <time>2026-05-29T12:26:46.000Z</time>
        <speed>1.213</speed>
      </trkpt>
      <trkpt lat="50.5860992" lon="-2.4771122">
        <ele>7.4</ele>
        <time>2026-05-29T12:26:51.000Z</time>
        <speed>1.204</speed>
      </trkpt>
      <trkpt lat="50.5860659" lon="-2.4771082">
        <ele>7.4</ele>
        <time>2026-05-29T12:26:56.000Z</time>
        <speed>1.110</speed>
      </trkpt>
      <trkpt lat="50.5860449" lon="-2.4771043">
        <ele>6.2</ele>
        <time>2026-05-29T12:27:01.000Z</time>
        <speed>0.616</speed>
      </trkpt>
      <trkpt lat="50.5860043" lon="-2.4770545">
        <ele>5.6</ele>
        <time>2026-05-29T12:27:06.000Z</time>
        <speed>0.802</speed>
      </trkpt>
      <trkpt lat="50.5859678" lon="-2.4770045">
        <ele>5.4</ele>
        <time>2026-05-29T12:27:11.000Z</time>
        <speed>0.952</speed>
      </trkpt>
      <trkpt lat="50.5859319" lon="-2.4769710">
        <ele>5.0</ele>
        <time>2026-05-29T12:27:16.000Z</time>
        <speed>0.970</speed>
      </trkpt>
      <trkpt lat="50.5858959" lon="-2.4769303">
        <ele>3.8</ele>
        <time>2026-05-29T12:27:21.000Z</time>
        <speed>0.942</speed>
      </trkpt>
      <trkpt lat="50.5858788" lon="-2.4769215">
        <ele>3.6</ele>
        <time>2026-05-29T12:27:26.000Z</time>
        <speed>0.933</speed>
      </trkpt>
      <trkpt lat="50.5859025" lon="-2.4769647">
        <ele>4.0</ele>
        <time>2026-05-29T12:27:31.000Z</time>
        <speed>0.858</speed>
      </trkpt>
      <trkpt lat="50.5859083" lon="-2.4769671">
        <ele>4.0</ele>
        <time>2026-05-29T12:27:36.000Z</time>
        <speed>0.495</speed>
      </trkpt>
      <trkpt lat="50.5858767" lon="-2.4769150">
        <ele>3.4</ele>
        <time>2026-05-29T12:27:41.000Z</time>
        <speed>1.801</speed>
      </trkpt>
      <trkpt lat="50.5858544" lon="-2.4768560">
        <ele>3.2</ele>
        <time>2026-05-29T12:27:46.000Z</time>
        <speed>1.166</speed>
      </trkpt>
      <trkpt lat="50.5858568" lon="-2.4767874">
        <ele>2.8</ele>
        <time>2026-05-29T12:27:51.000Z</time>
        <speed>1.194</speed>
      </trkpt>
      <trkpt lat="50.5858653" lon="-2.4767389">
        <ele>3.4</ele>
        <time>2026-05-29T12:27:56.000Z</time>
        <speed>0.690</speed>
      </trkpt>
      <trkpt lat="50.5858570" lon="-2.4766682">
        <ele>4.4</ele>
        <time>2026-05-29T12:28:01.000Z</time>
        <speed>0.840</speed>
      </trkpt>
      <trkpt lat="50.5858398" lon="-2.4765780">
        <ele>4.2</ele>
        <time>2026-05-29T12:28:06.000Z</time>
        <speed>0.952</speed>
      </trkpt>
      <trkpt lat="50.5858351" lon="-2.4764886">
        <ele>4.2</ele>
        <time>2026-05-29T12:28:11.000Z</time>
        <speed>1.036</speed>
      </trkpt>
      <trkpt lat="50.5858417" lon="-2.4764048">
        <ele>4.4</ele>
        <time>2026-05-29T12:28:16.000Z</time>
        <speed>1.064</speed>
      </trkpt>
      <trkpt lat="50.5858404" lon="-2.4763449">
        <ele>4.6</ele>
        <time>2026-05-29T12:28:21.000Z</time>
        <speed>1.064</speed>
      </trkpt>
      <trkpt lat="50.5858537" lon="-2.4762920">
        <ele>5.4</ele>
        <time>2026-05-29T12:28:26.000Z</time>
        <speed>0.980</speed>
      </trkpt>
      <trkpt lat="50.5858548" lon="-2.4762134">
        <ele>6.0</ele>
        <time>2026-05-29T12:28:31.000Z</time>
        <speed>0.980</speed>
      </trkpt>
      <trkpt lat="50.5858578" lon="-2.4761254">
        <ele>6.2</ele>
        <time>2026-05-29T12:28:36.000Z</time>
        <speed>0.998</speed>
      </trkpt>
      <trkpt lat="50.5858677" lon="-2.4760375">
        <ele>6.6</ele>
        <time>2026-05-29T12:28:41.000Z</time>
        <speed>1.185</speed>
      </trkpt>
      <trkpt lat="50.5858793" lon="-2.4759505">
        <ele>7.0</ele>
        <time>2026-05-29T12:28:46.000Z</time>
        <speed>1.185</speed>
      </trkpt>
      <trkpt lat="50.5858825" lon="-2.4758537">
        <ele>7.8</ele>
        <time>2026-05-29T12:28:51.000Z</time>
        <speed>1.232</speed>
      </trkpt>
      <trkpt lat="50.5858844" lon="-2.4757673">
        <ele>7.8</ele>
        <time>2026-05-29T12:28:56.000Z</time>
        <speed>1.250</speed>
      </trkpt>
      <trkpt lat="50.5858863" lon="-2.4756818">
        <ele>7.4</ele>
        <time>2026-05-29T12:29:01.000Z</time>
        <speed>1.241</speed>
      </trkpt>
      <trkpt lat="50.5858804" lon="-2.4755966">
        <ele>8.0</ele>
        <time>2026-05-29T12:29:06.000Z</time>
        <speed>1.232</speed>
      </trkpt>
      <trkpt lat="50.5858757" lon="-2.4755100">
        <ele>8.4</ele>
        <time>2026-05-29T12:29:11.000Z</time>
        <speed>1.250</speed>
      </trkpt>
      <trkpt lat="50.5858607" lon="-2.4754576">
        <ele>8.4</ele>
        <time>2026-05-29T12:29:16.000Z</time>
        <speed>1.222</speed>
      </trkpt>
      <trkpt lat="50.5858228" lon="-2.4754296">
        <ele>8.0</ele>
        <time>2026-05-29T12:29:21.000Z</time>
        <speed>1.120</speed>
      </trkpt>
      <trkpt lat="50.5857981" lon="-2.4754240">
        <ele>7.6</ele>
        <time>2026-05-29T12:29:26.000Z</time>
        <speed>0.961</speed>
      </trkpt>
      <trkpt lat="50.5857745" lon="-2.4754212">
        <ele>6.8</ele>
        <time>2026-05-29T12:29:31.000Z</time>
        <speed>0.793</speed>
      </trkpt>
      <trkpt lat="50.5857571" lon="-2.4754181">
        <ele>6.2</ele>
        <time>2026-05-29T12:29:36.000Z</time>
        <speed>0.597</speed>
      </trkpt>
      <trkpt lat="50.5857308" lon="-2.4754063">
        <ele>5.2</ele>
        <time>2026-05-29T12:29:41.000Z</time>
        <speed>0.541</speed>
      </trkpt>
      <trkpt lat="50.5857134" lon="-2.4753901">
        <ele>3.8</ele>
        <time>2026-05-29T12:29:46.000Z</time>
        <speed>0.541</speed>
      </trkpt>
      <trkpt lat="50.5856986" lon="-2.4753068">
        <ele>3.4</ele>
        <time>2026-05-29T12:29:51.000Z</time>
        <speed>0.569</speed>
      </trkpt>
      <trkpt lat="50.5856674" lon="-2.4752304">
        <ele>3.8</ele>
        <time>2026-05-29T12:29:56.000Z</time>
        <speed>0.784</speed>
      </trkpt>
      <trkpt lat="50.5856520" lon="-2.4751338">
        <ele>4.0</ele>
        <time>2026-05-29T12:30:01.000Z</time>
        <speed>1.297</speed>
      </trkpt>
      <trkpt lat="50.5856441" lon="-2.4750541">
        <ele>4.6</ele>
        <time>2026-05-29T12:30:06.000Z</time>
        <speed>1.269</speed>
      </trkpt>
      <trkpt lat="50.5856299" lon="-2.4749675">
        <ele>4.4</ele>
        <time>2026-05-29T12:30:11.000Z</time>
        <speed>1.222</speed>
      </trkpt>
      <trkpt lat="50.5856097" lon="-2.4748791">
        <ele>4.8</ele>
        <time>2026-05-29T12:30:16.000Z</time>
        <speed>1.278</speed>
      </trkpt>
      <trkpt lat="50.5855941" lon="-2.4747873">
        <ele>5.0</ele>
        <time>2026-05-29T12:30:21.000Z</time>
        <speed>1.344</speed>
      </trkpt>
      <trkpt lat="50.5855772" lon="-2.4747083">
        <ele>4.6</ele>
        <time>2026-05-29T12:30:26.000Z</time>
        <speed>1.213</speed>
      </trkpt>
      <trkpt lat="50.5855571" lon="-2.4746332">
        <ele>4.6</ele>
        <time>2026-05-29T12:30:31.000Z</time>
        <speed>1.194</speed>
      </trkpt>
      <trkpt lat="50.5855370" lon="-2.4745515">
        <ele>4.8</ele>
        <time>2026-05-29T12:30:36.000Z</time>
        <speed>1.194</speed>
      </trkpt>
      <trkpt lat="50.5855167" lon="-2.4744790">
        <ele>5.2</ele>
        <time>2026-05-29T12:30:41.000Z</time>
        <speed>1.176</speed>
      </trkpt>
      <trkpt lat="50.5854909" lon="-2.4743936">
        <ele>5.4</ele>
        <time>2026-05-29T12:30:46.000Z</time>
        <speed>1.176</speed>
      </trkpt>
      <trkpt lat="50.5854741" lon="-2.4743153">
        <ele>5.6</ele>
        <time>2026-05-29T12:30:51.000Z</time>
        <speed>1.185</speed>
      </trkpt>
      <trkpt lat="50.5854445" lon="-2.4742276">
        <ele>6.2</ele>
        <time>2026-05-29T12:30:56.000Z</time>
        <speed>1.204</speed>
      </trkpt>
      <trkpt lat="50.5854412" lon="-2.4741487">
        <ele>5.6</ele>
        <time>2026-05-29T12:31:01.000Z</time>
        <speed>1.222</speed>
      </trkpt>
      <trkpt lat="50.5854070" lon="-2.4741048">
        <ele>6.0</ele>
        <time>2026-05-29T12:31:06.000Z</time>
        <speed>1.194</speed>
      </trkpt>
      <trkpt lat="50.5853844" lon="-2.4740118">
        <ele>6.0</ele>
        <time>2026-05-29T12:31:11.000Z</time>
        <speed>1.204</speed>
      </trkpt>
      <trkpt lat="50.5853599" lon="-2.4739240">
        <ele>6.0</ele>
        <time>2026-05-29T12:31:16.000Z</time>
        <speed>1.213</speed>
      </trkpt>
      <trkpt lat="50.5853374" lon="-2.4738447">
        <ele>6.0</ele>
        <time>2026-05-29T12:31:21.000Z</time>
        <speed>1.241</speed>
      </trkpt>
      <trkpt lat="50.5852990" lon="-2.4737566">
        <ele>6.0</ele>
        <time>2026-05-29T12:31:26.000Z</time>
        <speed>1.260</speed>
      </trkpt>
      <trkpt lat="50.5852787" lon="-2.4736715">
        <ele>6.0</ele>
        <time>2026-05-29T12:31:31.000Z</time>
        <speed>1.269</speed>
      </trkpt>
      <trkpt lat="50.5852473" lon="-2.4735987">
        <ele>6.0</ele>
        <time>2026-05-29T12:31:36.000Z</time>
        <speed>1.278</speed>
      </trkpt>
      <trkpt lat="50.5852148" lon="-2.4735179">
        <ele>5.8</ele>
        <time>2026-05-29T12:31:41.000Z</time>
        <speed>1.288</speed>
      </trkpt>
      <trkpt lat="50.5851881" lon="-2.4734412">
        <ele>5.8</ele>
        <time>2026-05-29T12:31:46.000Z</time>
        <speed>1.278</speed>
      </trkpt>
      <trkpt lat="50.5851665" lon="-2.4733656">
        <ele>5.4</ele>
        <time>2026-05-29T12:31:51.000Z</time>
        <speed>1.278</speed>
      </trkpt>
      <trkpt lat="50.5851524" lon="-2.4732826">
        <ele>5.2</ele>
        <time>2026-05-29T12:31:56.000Z</time>
        <speed>1.260</speed>
      </trkpt>
      <trkpt lat="50.5851436" lon="-2.4732177">
        <ele>5.0</ele>
        <time>2026-05-29T12:32:01.000Z</time>
        <speed>1.213</speed>
      </trkpt>
      <trkpt lat="50.5851171" lon="-2.4731667">
        <ele>4.8</ele>
        <time>2026-05-29T12:32:06.000Z</time>
        <speed>1.054</speed>
      </trkpt>
      <trkpt lat="50.5850837" lon="-2.4730921">
        <ele>4.8</ele>
        <time>2026-05-29T12:32:11.000Z</time>
        <speed>1.222</speed>
      </trkpt>
      <trkpt lat="50.5850575" lon="-2.4730187">
        <ele>4.6</ele>
        <time>2026-05-29T12:32:16.000Z</time>
        <speed>1.148</speed>
      </trkpt>
      <trkpt lat="50.5850227" lon="-2.4729418">
        <ele>4.4</ele>
        <time>2026-05-29T12:32:21.000Z</time>
        <speed>1.232</speed>
      </trkpt>
      <trkpt lat="50.5849842" lon="-2.4728657">
        <ele>4.2</ele>
        <time>2026-05-29T12:32:26.000Z</time>
        <speed>1.288</speed>
      </trkpt>
      <trkpt lat="50.5849504" lon="-2.4727888">
        <ele>4.2</ele>
        <time>2026-05-29T12:32:31.000Z</time>
        <speed>1.306</speed>
      </trkpt>
      <trkpt lat="50.5849130" lon="-2.4727090">
        <ele>4.0</ele>
        <time>2026-05-29T12:32:36.000Z</time>
        <speed>1.297</speed>
      </trkpt>
      <trkpt lat="50.5848732" lon="-2.4726363">
        <ele>3.8</ele>
        <time>2026-05-29T12:32:41.000Z</time>
        <speed>1.316</speed>
      </trkpt>
      <trkpt lat="50.5848321" lon="-2.4725625">
        <ele>3.6</ele>
        <time>2026-05-29T12:32:46.000Z</time>
        <speed>1.325</speed>
      </trkpt>
      <trkpt lat="50.5847904" lon="-2.4724987">
        <ele>3.6</ele>
        <time>2026-05-29T12:32:51.000Z</time>
        <speed>1.325</speed>
      </trkpt>
      <trkpt lat="50.5847457" lon="-2.4724371">
        <ele>3.4</ele>
        <time>2026-05-29T12:32:56.000Z</time>
        <speed>1.325</speed>
      </trkpt>
      <trkpt lat="50.5847053" lon="-2.4723753">
        <ele>3.4</ele>
        <time>2026-05-29T12:33:01.000Z</time>
        <speed>1.325</speed>
      </trkpt>
      <trkpt lat="50.5846608" lon="-2.4723165">
        <ele>3.2</ele>
        <time>2026-05-29T12:33:06.000Z</time>
        <speed>1.316</speed>
      </trkpt>
      <trkpt lat="50.5846175" lon="-2.4722664">
        <ele>3.4</ele>
        <time>2026-05-29T12:33:11.000Z</time>
        <speed>1.297</speed>
      </trkpt>
      <trkpt lat="50.5845680" lon="-2.4722133">
        <ele>3.4</ele>
        <time>2026-05-29T12:33:16.000Z</time>
        <speed>1.297</speed>
      </trkpt>
      <trkpt lat="50.5845183" lon="-2.4721587">
        <ele>3.8</ele>
        <time>2026-05-29T12:33:21.000Z</time>
        <speed>1.297</speed>
      </trkpt>
      <trkpt lat="50.5844751" lon="-2.4721054">
        <ele>3.8</ele>
        <time>2026-05-29T12:33:26.000Z</time>
        <speed>1.297</speed>
      </trkpt>
      <trkpt lat="50.5844262" lon="-2.4720507">
        <ele>3.8</ele>
        <time>2026-05-29T12:33:31.000Z</time>
        <speed>1.288</speed>
      </trkpt>
      <trkpt lat="50.5843805" lon="-2.4719950">
        <ele>3.8</ele>
        <time>2026-05-29T12:33:36.000Z</time>
        <speed>1.288</speed>
      </trkpt>
      <trkpt lat="50.5843384" lon="-2.4719370">
        <ele>4.0</ele>
        <time>2026-05-29T12:33:41.000Z</time>
        <speed>1.278</speed>
      </trkpt>
      <trkpt lat="50.5843038" lon="-2.4718571">
        <ele>4.2</ele>
        <time>2026-05-29T12:33:46.000Z</time>
        <speed>1.278</speed>
      </trkpt>
      <trkpt lat="50.5842787" lon="-2.4718059">
        <ele>5.6</ele>
        <time>2026-05-29T12:33:51.000Z</time>
        <speed>1.269</speed>
      </trkpt>
      <trkpt lat="50.5842523" lon="-2.4717740">
        <ele>6.2</ele>
        <time>2026-05-29T12:33:56.000Z</time>
        <speed>1.213</speed>
      </trkpt>
      <trkpt lat="50.5842136" lon="-2.4717562">
        <ele>6.8</ele>
        <time>2026-05-29T12:34:01.000Z</time>
        <speed>1.017</speed>
      </trkpt>
      <trkpt lat="50.5842103" lon="-2.4717471">
        <ele>6.8</ele>
        <time>2026-05-29T12:34:06.000Z</time>
        <speed>0.000</speed>
      </trkpt>
      <trkpt lat="50.5842733" lon="-2.4717638">
        <ele>6.2</ele>
        <time>2026-05-29T12:34:11.000Z</time>
        <speed>1.204</speed>
      </trkpt>
      <trkpt lat="50.5843189" lon="-2.4717800">
        <ele>6.4</ele>
        <time>2026-05-29T12:34:16.000Z</time>
        <speed>1.082</speed>
      </trkpt>
      <trkpt lat="50.5843395" lon="-2.4717809">
        <ele>7.0</ele>
        <time>2026-05-29T12:34:21.000Z</time>
        <speed>0.849</speed>
      </trkpt>
      <trkpt lat="50.5843377" lon="-2.4717806">
        <ele>7.0</ele>
        <time>2026-05-29T12:34:26.000Z</time>
        <speed>0.000</speed>
      </trkpt>
      <trkpt lat="50.5843377" lon="-2.4717806">
        <ele>6.8</ele>
        <time>2026-05-29T12:34:31.000Z</time>
        <speed>0.000</speed>
      </trkpt>
      <trkpt lat="50.5843377" lon="-2.4717806">
        <ele>6.6</ele>
        <time>2026-05-29T12:34:36.000Z</time>
        <speed>0.000</speed>
      </trkpt>
      <trkpt lat="50.5843377" lon="-2.4717806">
        <ele>6.6</ele>
        <time>2026-05-29T12:34:41.000Z</time>
        <speed>0.000</speed>
      </trkpt>
      <trkpt lat="50.5843377" lon="-2.4717806">
        <ele>6.4</ele>
        <time>2026-05-29T12:34:46.000Z</time>
        <speed>0.000</speed>
      </trkpt>
      <trkpt lat="50.5843377" lon="-2.4717806">
        <ele>6.2</ele>
        <time>2026-05-29T12:34:51.000Z</time>
        <speed>0.000</speed>
      </trkpt>
      <trkpt lat="50.5843377" lon="-2.4717806">
        <ele>6.0</ele>
        <time>2026-05-29T12:34:56.000Z</time>
        <speed>0.000</speed>
      </trkpt>
      <trkpt lat="50.5843377" lon="-2.4717806">
        <ele>5.6</ele>
        <time>2026-05-29T12:35:01.000Z</time>
        <speed>0.000</speed>
      </trkpt>
      <trkpt lat="50.5843377" lon="-2.4717806">
        <ele>5.4</ele>
        <time>2026-05-29T12:35:06.000Z</time>
        <speed>0.000</speed>
      </trkpt>
      <trkpt lat="50.5843618" lon="-2.4716882">
        <ele>5.0</ele>
        <time>2026-05-29T12:35:11.000Z</time>
        <speed>1.652</speed>
      </trkpt>
      <trkpt lat="50.5843515" lon="-2.4716087">
        <ele>5.0</ele>
        <time>2026-05-29T12:35:16.000Z</time>
        <speed>1.372</speed>
      </trkpt>
      <trkpt lat="50.5842943" lon="-2.4715832">
        <ele>4.6</ele>
        <time>2026-05-29T12:35:21.000Z</time>
        <speed>1.148</speed>
      </trkpt>
      <trkpt lat="50.5842412" lon="-2.4715566">
        <ele>5.0</ele>
        <time>2026-05-29T12:35:26.000Z</time>
        <speed>1.250</speed>
      </trkpt>
      <trkpt lat="50.5841691" lon="-2.4715374">
        <ele>4.8</ele>
        <time>2026-05-29T12:35:31.000Z</time>
        <speed>1.353</speed>
      </trkpt>
      <trkpt lat="50.5841060" lon="-2.4715149">
        <ele>4.8</ele>
        <time>2026-05-29T12:35:36.000Z</time>
        <speed>1.400</speed>
      </trkpt>
      <trkpt lat="50.5840397" lon="-2.4714951">
        <ele>4.6</ele>
        <time>2026-05-29T12:35:41.000Z</time>
        <speed>1.437</speed>
      </trkpt>
      <trkpt lat="50.5839781" lon="-2.4714601">
        <ele>4.6</ele>
        <time>2026-05-29T12:35:46.000Z</time>
        <speed>1.437</speed>
      </trkpt>
      <trkpt lat="50.5839143" lon="-2.4714355">
        <ele>4.6</ele>
        <time>2026-05-29T12:35:51.000Z</time>
        <speed>1.437</speed>
      </trkpt>
      <trkpt lat="50.5838563" lon="-2.4714254">
        <ele>4.4</ele>
        <time>2026-05-29T12:35:56.000Z</time>
        <speed>1.428</speed>
      </trkpt>
      <trkpt lat="50.5837901" lon="-2.4714104">
        <ele>4.2</ele>
        <time>2026-05-29T12:36:01.000Z</time>
        <speed>1.418</speed>
      </trkpt>
      <trkpt lat="50.5837576" lon="-2.4714069">
        <ele>3.8</ele>
        <time>2026-05-29T12:36:06.000Z</time>
        <speed>1.400</speed>
      </trkpt>
      <trkpt lat="50.5837499" lon="-2.4714010">
        <ele>3.6</ele>
        <time>2026-05-29T12:36:11.000Z</time>
        <speed>0.000</speed>
      </trkpt>
      <trkpt lat="50.5837534" lon="-2.4714058">
        <ele>3.2</ele>
        <time>2026-05-29T12:36:16.000Z</time>
        <speed>0.000</speed>
      </trkpt>
      <trkpt lat="50.5837493" lon="-2.4713987">
        <ele>3.0</ele>
        <time>2026-05-29T12:36:21.000Z</time>
        <speed>0.000</speed>
      </trkpt>
      <trkpt lat="50.5836789" lon="-2.4713874">
        <ele>2.8</ele>
        <time>2026-05-29T12:36:26.000Z</time>
        <speed>1.614</speed>
      </trkpt>
      <trkpt lat="50.5836240" lon="-2.4713663">
        <ele>3.2</ele>
        <time>2026-05-29T12:36:31.000Z</time>
        <speed>1.334</speed>
      </trkpt>
      <trkpt lat="50.5835581" lon="-2.4713389">
        <ele>3.0</ele>
        <time>2026-05-29T12:36:36.000Z</time>
        <speed>1.428</speed>
      </trkpt>
      <trkpt lat="50.5834986" lon="-2.4713155">
        <ele>3.4</ele>
        <time>2026-05-29T12:36:41.000Z</time>
        <speed>1.362</speed>
      </trkpt>
      <trkpt lat="50.5834381" lon="-2.4712846">
        <ele>3.6</ele>
        <time>2026-05-29T12:36:46.000Z</time>
        <speed>1.428</speed>
      </trkpt>
      <trkpt lat="50.5833809" lon="-2.4712669">
        <ele>3.4</ele>
        <time>2026-05-29T12:36:51.000Z</time>
        <speed>1.344</speed>
      </trkpt>
      <trkpt lat="50.5833122" lon="-2.4712467">
        <ele>3.0</ele>
        <time>2026-05-29T12:36:56.000Z</time>
        <speed>1.409</speed>
      </trkpt>
      <trkpt lat="50.5832533" lon="-2.4712258">
        <ele>3.2</ele>
        <time>2026-05-29T12:37:01.000Z</time>
        <speed>1.409</speed>
      </trkpt>
      <trkpt lat="50.5831881" lon="-2.4712012">
        <ele>3.2</ele>
        <time>2026-05-29T12:37:06.000Z</time>
        <speed>1.418</speed>
      </trkpt>
      <trkpt lat="50.5831336" lon="-2.4711722">
        <ele>2.8</ele>
        <time>2026-05-29T12:37:11.000Z</time>
        <speed>1.409</speed>
      </trkpt>
      <trkpt lat="50.5830704" lon="-2.4711477">
        <ele>2.8</ele>
        <time>2026-05-29T12:37:16.000Z</time>
        <speed>1.418</speed>
      </trkpt>
      <trkpt lat="50.5830097" lon="-2.4711267">
        <ele>3.2</ele>
        <time>2026-05-29T12:37:21.000Z</time>
        <speed>1.409</speed>
      </trkpt>
      <trkpt lat="50.5829550" lon="-2.4711116">
        <ele>3.0</ele>
        <time>2026-05-29T12:37:26.000Z</time>
        <speed>1.390</speed>
      </trkpt>
      <trkpt lat="50.5828950" lon="-2.4710874">
        <ele>2.2</ele>
        <time>2026-05-29T12:37:31.000Z</time>
        <speed>1.381</speed>
      </trkpt>
      <trkpt lat="50.5828788" lon="-2.4710779">
        <ele>1.8</ele>
        <time>2026-05-29T12:37:36.000Z</time>
        <speed>1.353</speed>
      </trkpt>
      <trkpt lat="50.5828442" lon="-2.4710624">
        <ele>2.2</ele>
        <time>2026-05-29T12:37:41.000Z</time>
        <speed>0.000</speed>
      </trkpt>
      <trkpt lat="50.5827750" lon="-2.4710343">
        <ele>2.2</ele>
        <time>2026-05-29T12:37:46.000Z</time>
        <speed>1.568</speed>
      </trkpt>
      <trkpt lat="50.5827268" lon="-2.4710213">
        <ele>2.6</ele>
        <time>2026-05-29T12:37:51.000Z</time>
        <speed>1.176</speed>
      </trkpt>
      <trkpt lat="50.5826599" lon="-2.4709999">
        <ele>2.2</ele>
        <time>2026-05-29T12:37:56.000Z</time>
        <speed>1.297</speed>
      </trkpt>
      <trkpt lat="50.5826054" lon="-2.4709726">
        <ele>2.4</ele>
        <time>2026-05-29T12:38:01.000Z</time>
        <speed>1.465</speed>
      </trkpt>
      <trkpt lat="50.5825391" lon="-2.4709455">
        <ele>1.8</ele>
        <time>2026-05-29T12:38:06.000Z</time>
        <speed>1.353</speed>
      </trkpt>
      <trkpt lat="50.5824809" lon="-2.4709293">
        <ele>1.2</ele>
        <time>2026-05-29T12:38:11.000Z</time>
        <speed>1.381</speed>
      </trkpt>
      <trkpt lat="50.5824193" lon="-2.4709089">
        <ele>1.2</ele>
        <time>2026-05-29T12:38:16.000Z</time>
        <speed>1.344</speed>
      </trkpt>
      <trkpt lat="50.5823602" lon="-2.4708903">
        <ele>1.2</ele>
        <time>2026-05-29T12:38:21.000Z</time>
        <speed>1.353</speed>
      </trkpt>
      <trkpt lat="50.5823027" lon="-2.4708678">
        <ele>1.2</ele>
        <time>2026-05-29T12:38:26.000Z</time>
        <speed>1.344</speed>
      </trkpt>
      <trkpt lat="50.5822381" lon="-2.4708442">
        <ele>1.0</ele>
        <time>2026-05-29T12:38:31.000Z</time>
        <speed>1.353</speed>
      </trkpt>
      <trkpt lat="50.5821717" lon="-2.4708229">
        <ele>1.2</ele>
        <time>2026-05-29T12:38:36.000Z</time>
        <speed>1.362</speed>
      </trkpt>
      <trkpt lat="50.5821097" lon="-2.4708012">
        <ele>1.0</ele>
        <time>2026-05-29T12:38:41.000Z</time>
        <speed>1.381</speed>
      </trkpt>
      <trkpt lat="50.5820519" lon="-2.4707852">
        <ele>1.0</ele>
        <time>2026-05-29T12:38:46.000Z</time>
        <speed>1.372</speed>
      </trkpt>
      <trkpt lat="50.5819846" lon="-2.4707647">
        <ele>0.6</ele>
        <time>2026-05-29T12:38:51.000Z</time>
        <speed>1.381</speed>
      </trkpt>
      <trkpt lat="50.5819227" lon="-2.4707412">
        <ele>1.0</ele>
        <time>2026-05-29T12:38:56.000Z</time>
        <speed>1.381</speed>
      </trkpt>
      <trkpt lat="50.5818564" lon="-2.4707111">
        <ele>0.6</ele>
        <time>2026-05-29T12:39:01.000Z</time>
        <speed>1.390</speed>
      </trkpt>
      <trkpt lat="50.5818117" lon="-2.4706854">
        <ele>0.2</ele>
        <time>2026-05-29T12:39:06.000Z</time>
        <speed>1.390</speed>
      </trkpt>
      <trkpt lat="50.5817403" lon="-2.4706401">
        <ele>0.6</ele>
        <time>2026-05-29T12:39:11.000Z</time>
        <speed>1.390</speed>
      </trkpt>
      <trkpt lat="50.5817003" lon="-2.4705852">
        <ele>0.2</ele>
        <time>2026-05-29T12:39:16.000Z</time>
        <speed>1.400</speed>
      </trkpt>
      <trkpt lat="50.5816668" lon="-2.4705360">
        <ele>0.0</ele>
        <time>2026-05-29T12:39:21.000Z</time>
        <speed>1.390</speed>
      </trkpt>
      <trkpt lat="50.5816527" lon="-2.4704408">
        <ele>-0.4</ele>
        <time>2026-05-29T12:39:26.000Z</time>
        <speed>1.381</speed>
      </trkpt>
      <trkpt lat="50.5816575" lon="-2.4703460">
        <ele>-0.6</ele>
        <time>2026-05-29T12:39:31.000Z</time>
        <speed>1.390</speed>
      </trkpt>
      <trkpt lat="50.5816742" lon="-2.4702454">
        <ele>-0.6</ele>
        <time>2026-05-29T12:39:36.000Z</time>
        <speed>1.400</speed>
      </trkpt>
      <trkpt lat="50.5816812" lon="-2.4701570">
        <ele>-0.6</ele>
        <time>2026-05-29T12:39:41.000Z</time>
        <speed>1.381</speed>
      </trkpt>
      <trkpt lat="50.5816891" lon="-2.4700624">
        <ele>-0.4</ele>
        <time>2026-05-29T12:39:46.000Z</time>
        <speed>1.372</speed>
      </trkpt>
      <trkpt lat="50.5816915" lon="-2.4699741">
        <ele>-0.6</ele>
        <time>2026-05-29T12:39:51.000Z</time>
        <speed>1.344</speed>
      </trkpt>
      <trkpt lat="50.5816978" lon="-2.4698902">
        <ele>-0.4</ele>
        <time>2026-05-29T12:39:56.000Z</time>
        <speed>1.325</speed>
      </trkpt>
      <trkpt lat="50.5817088" lon="-2.4697986">
        <ele>-0.4</ele>
        <time>2026-05-29T12:40:01.000Z</time>
        <speed>1.306</speed>
      </trkpt>
      <trkpt lat="50.5817206" lon="-2.4697109">
        <ele>-0.2</ele>
        <time>2026-05-29T12:40:06.000Z</time>
        <speed>1.316</speed>
      </trkpt>
      <trkpt lat="50.5817356" lon="-2.4696424">
        <ele>0.6</ele>
        <time>2026-05-29T12:40:11.000Z</time>
        <speed>1.278</speed>
      </trkpt>
      <trkpt lat="50.5817612" lon="-2.4696135">
        <ele>1.0</ele>
        <time>2026-05-29T12:40:16.000Z</time>
        <speed>1.082</speed>
      </trkpt>
      <trkpt lat="50.5817718" lon="-2.4696033">
        <ele>1.4</ele>
        <time>2026-05-29T12:40:21.000Z</time>
        <speed>0.000</speed>
      </trkpt>
      <trkpt lat="50.5817709" lon="-2.4695974">
        <ele>1.6</ele>
        <time>2026-05-29T12:40:26.000Z</time>
        <speed>0.000</speed>
      </trkpt>
      <trkpt lat="50.5817761" lon="-2.4695984">
        <ele>1.4</ele>
        <time>2026-05-29T12:40:31.000Z</time>
        <speed>0.000</speed>
      </trkpt>
      <trkpt lat="50.5817761" lon="-2.4695984">
        <ele>1.6</ele>
        <time>2026-05-29T12:40:36.000Z</time>
        <speed>0.000</speed>
      </trkpt>
      <trkpt lat="50.5817751" lon="-2.4695932">
        <ele>1.8</ele>
        <time>2026-05-29T12:40:41.000Z</time>
        <speed>0.000</speed>
      </trkpt>
      <trkpt lat="50.5817246" lon="-2.4696275">
        <ele>1.6</ele>
        <time>2026-05-29T12:40:46.000Z</time>
        <speed>0.000</speed>
      </trkpt>
    </trkseg>
  </trk>
</gpx>
