<?xml version="1.0" encoding="UTF-8"?>
<gpx xmlns="http://www.topografix.com/GPX/1/0" xmlns:xsi="http://www.w3.org/2001/XMLSchema-instance" creator="GPS Wizard - https://github.com/Logiqx/gps-wizard" version="1.0" xsi:schemaLocation="http://www.topografix.com/GPX/1/0 http://www.topografix.com/GPX/1/0/gpx.xsd">
  <trk>
    <trkseg>
      <trkpt lat="50.5860273" lon="-2.4700898">
        <ele>-0.2</ele>
        <time>2026-01-03T13:37:44.000Z</time>
        <speed>1.306</speed>
      </trkpt>
      <trkpt lat="50.5861138" lon="-2.4700103">
        <ele>0.2</ele>
        <time>2026-01-03T13:37:49.000Z</time>
        <speed>1.437</speed>
      </trkpt>
      <trkpt lat="50.5861721" lon="-2.4699609">
        <ele>0.8</ele>
        <time>2026-01-03T13:37:54.000Z</time>
        <speed>1.428</speed>
      </trkpt>
      <trkpt lat="50.5861924" lon="-2.4698902">
        <ele>1.2</ele>
        <time>2026-01-03T13:37:59.000Z</time>
        <speed>1.372</speed>
      </trkpt>
      <trkpt lat="50.5861327" lon="-2.4698035">
        <ele>2.8</ele>
        <time>2026-01-03T13:38:04.000Z</time>
        <speed>1.381</speed>
      </trkpt>
      <trkpt lat="50.5860744" lon="-2.4698009">
        <ele>3.2</ele>
        <time>2026-01-03T13:38:09.000Z</time>
        <speed>1.400</speed>
      </trkpt>
      <trkpt lat="50.5860266" lon="-2.4698314">
        <ele>3.4</ele>
        <time>2026-01-03T13:38:14.000Z</time>
        <speed>1.353</speed>
      </trkpt>
      <trkpt lat="50.5859645" lon="-2.4698530">
        <ele>3.6</ele>
        <time>2026-01-03T13:38:19.000Z</time>
        <speed>1.353</speed>
      </trkpt>
      <trkpt lat="50.5859036" lon="-2.4698822">
        <ele>3.2</ele>
        <time>2026-01-03T13:38:24.000Z</time>
        <speed>1.344</speed>
      </trkpt>
      <trkpt lat="50.5859123" lon="-2.4699168">
        <ele>3.0</ele>
        <time>2026-01-03T13:38:29.000Z</time>
        <speed>1.344</speed>
      </trkpt>
      <trkpt lat="50.5858019" lon="-2.4699605">
        <ele>3.0</ele>
        <time>2026-01-03T13:38:34.000Z</time>
        <speed>1.409</speed>
      </trkpt>
      <trkpt lat="50.5857807" lon="-2.4699544">
        <ele>3.0</ele>
        <time>2026-01-03T13:38:39.000Z</time>
        <speed>0.000</speed>
      </trkpt>
      <trkpt lat="50.5857155" lon="-2.4699553">
        <ele>2.0</ele>
        <time>2026-01-03T13:38:44.000Z</time>
        <speed>1.409</speed>
      </trkpt>
      <trkpt lat="50.5856558" lon="-2.4699791">
        <ele>1.4</ele>
        <time>2026-01-03T13:38:49.000Z</time>
        <speed>1.418</speed>
      </trkpt>
      <trkpt lat="50.5856077" lon="-2.4700219">
        <ele>1.4</ele>
        <time>2026-01-03T13:38:54.000Z</time>
        <speed>1.288</speed>
      </trkpt>
      <trkpt lat="50.5855483" lon="-2.4700513">
        <ele>1.6</ele>
        <time>2026-01-03T13:38:59.000Z</time>
        <speed>1.241</speed>
      </trkpt>
      <trkpt lat="50.5854928" lon="-2.4700529">
        <ele>1.6</ele>
        <time>2026-01-03T13:39:04.000Z</time>
        <speed>1.260</speed>
      </trkpt>
      <trkpt lat="50.5854430" lon="-2.4700648">
        <ele>1.6</ele>
        <time>2026-01-03T13:39:09.000Z</time>
        <speed>1.288</speed>
      </trkpt>
      <trkpt lat="50.5853777" lon="-2.4701087">
        <ele>1.6</ele>
        <time>2026-01-03T13:39:14.000Z</time>
        <speed>1.120</speed>
      </trkpt>
      <trkpt lat="50.5853611" lon="-2.4701966">
        <ele>1.6</ele>
        <time>2026-01-03T13:39:19.000Z</time>
        <speed>1.260</speed>
      </trkpt>
      <trkpt lat="50.5853527" lon="-2.4702664">
        <ele>0.8</ele>
        <time>2026-01-03T13:39:24.000Z</time>
        <speed>1.241</speed>
      </trkpt>
      <trkpt lat="50.5853690" lon="-2.4703251">
        <ele>0.8</ele>
        <time>2026-01-03T13:39:29.000Z</time>
        <speed>1.465</speed>
      </trkpt>
      <trkpt lat="50.5853663" lon="-2.4704453">
        <ele>0.8</ele>
        <time>2026-01-03T13:39:34.000Z</time>
        <speed>1.568</speed>
      </trkpt>
      <trkpt lat="50.5853551" lon="-2.4705430">
        <ele>1.2</ele>
        <time>2026-01-03T13:39:39.000Z</time>
        <speed>1.493</speed>
      </trkpt>
      <trkpt lat="50.5853534" lon="-2.4706582">
        <ele>1.8</ele>
        <time>2026-01-03T13:39:44.000Z</time>
        <speed>1.530</speed>
      </trkpt>
      <trkpt lat="50.5853493" lon="-2.4707625">
        <ele>1.8</ele>
        <time>2026-01-03T13:39:49.000Z</time>
        <speed>1.512</speed>
      </trkpt>
      <trkpt lat="50.5853435" lon="-2.4708693">
        <ele>1.6</ele>
        <time>2026-01-03T13:39:54.000Z</time>
        <speed>1.521</speed>
      </trkpt>
      <trkpt lat="50.5853352" lon="-2.4709815">
        <ele>1.4</ele>
        <time>2026-01-03T13:39:59.000Z</time>
        <speed>1.512</speed>
      </trkpt>
      <trkpt lat="50.5853266" lon="-2.4710809">
        <ele>1.8</ele>
        <time>2026-01-03T13:40:04.000Z</time>
        <speed>1.502</speed>
      </trkpt>
      <trkpt lat="50.5853218" lon="-2.4712009">
        <ele>1.4</ele>
        <time>2026-01-03T13:40:09.000Z</time>
        <speed>1.540</speed>
      </trkpt>
      <trkpt lat="50.5853129" lon="-2.4713099">
        <ele>1.8</ele>
        <time>2026-01-03T13:40:14.000Z</time>
        <speed>1.540</speed>
      </trkpt>
      <trkpt lat="50.5853015" lon="-2.4714047">
        <ele>2.0</ele>
        <time>2026-01-03T13:40:19.000Z</time>
        <speed>1.530</speed>
      </trkpt>
      <trkpt lat="50.5852929" lon="-2.4715167">
        <ele>1.8</ele>
        <time>2026-01-03T13:40:24.000Z</time>
        <speed>1.521</speed>
      </trkpt>
      <trkpt lat="50.5852910" lon="-2.4716133">
        <ele>2.2</ele>
        <time>2026-01-03T13:40:29.000Z</time>
        <speed>1.512</speed>
      </trkpt>
      <trkpt lat="50.5852850" lon="-2.4717150">
        <ele>3.4</ele>
        <time>2026-01-03T13:40:34.000Z</time>
        <speed>1.493</speed>
      </trkpt>
      <trkpt lat="50.5852797" lon="-2.4718238">
        <ele>4.0</ele>
        <time>2026-01-03T13:40:39.000Z</time>
        <speed>1.502</speed>
      </trkpt>
      <trkpt lat="50.5852668" lon="-2.4719424">
        <ele>4.4</ele>
        <time>2026-01-03T13:40:44.000Z</time>
        <speed>1.502</speed>
      </trkpt>
      <trkpt lat="50.5852468" lon="-2.4720691">
        <ele>4.4</ele>
        <time>2026-01-03T13:40:49.000Z</time>
        <speed>1.549</speed>
      </trkpt>
      <trkpt lat="50.5852856" lon="-2.4721563">
        <ele>4.4</ele>
        <time>2026-01-03T13:40:54.000Z</time>
        <speed>1.558</speed>
      </trkpt>
      <trkpt lat="50.5853648" lon="-2.4721643">
        <ele>4.6</ele>
        <time>2026-01-03T13:40:59.000Z</time>
        <speed>1.586</speed>
      </trkpt>
      <trkpt lat="50.5854156" lon="-2.4722299">
        <ele>5.0</ele>
        <time>2026-01-03T13:41:04.000Z</time>
        <speed>1.577</speed>
      </trkpt>
      <trkpt lat="50.5854212" lon="-2.4723325">
        <ele>5.2</ele>
        <time>2026-01-03T13:41:09.000Z</time>
        <speed>1.577</speed>
      </trkpt>
      <trkpt lat="50.5853996" lon="-2.4724301">
        <ele>4.8</ele>
        <time>2026-01-03T13:41:14.000Z</time>
        <speed>1.577</speed>
      </trkpt>
      <trkpt lat="50.5853801" lon="-2.4725354">
        <ele>4.6</ele>
        <time>2026-01-03T13:41:19.000Z</time>
        <speed>1.586</speed>
      </trkpt>
      <trkpt lat="50.5853761" lon="-2.4726481">
        <ele>4.2</ele>
        <time>2026-01-03T13:41:24.000Z</time>
        <speed>1.586</speed>
      </trkpt>
      <trkpt lat="50.5853504" lon="-2.4727629">
        <ele>3.8</ele>
        <time>2026-01-03T13:41:29.000Z</time>
        <speed>1.586</speed>
      </trkpt>
      <trkpt lat="50.5852998" lon="-2.4728467">
        <ele>3.6</ele>
        <time>2026-01-03T13:41:34.000Z</time>
        <speed>1.586</speed>
      </trkpt>
      <trkpt lat="50.5852627" lon="-2.4729185">
        <ele>3.6</ele>
        <time>2026-01-03T13:41:39.000Z</time>
        <speed>1.577</speed>
      </trkpt>
      <trkpt lat="50.5852119" lon="-2.4729872">
        <ele>3.4</ele>
        <time>2026-01-03T13:41:44.000Z</time>
        <speed>1.568</speed>
      </trkpt>
      <trkpt lat="50.5851669" lon="-2.4730543">
        <ele>4.2</ele>
        <time>2026-01-03T13:41:49.000Z</time>
        <speed>1.540</speed>
      </trkpt>
      <trkpt lat="50.5851301" lon="-2.4731404">
        <ele>4.2</ele>
        <time>2026-01-03T13:41:54.000Z</time>
        <speed>1.521</speed>
      </trkpt>
      <trkpt lat="50.5851568" lon="-2.4732270">
        <ele>4.4</ele>
        <time>2026-01-03T13:41:59.000Z</time>
        <speed>1.512</speed>
      </trkpt>
      <trkpt lat="50.5851891" lon="-2.4733239">
        <ele>4.2</ele>
        <time>2026-01-03T13:42:04.000Z</time>
        <speed>1.512</speed>
      </trkpt>
      <trkpt lat="50.5852179" lon="-2.4734132">
        <ele>4.4</ele>
        <time>2026-01-03T13:42:09.000Z</time>
        <speed>1.502</speed>
      </trkpt>
      <trkpt lat="50.5852377" lon="-2.4735201">
        <ele>4.8</ele>
        <time>2026-01-03T13:42:14.000Z</time>
        <speed>1.512</speed>
      </trkpt>
      <trkpt lat="50.5852666" lon="-2.4736195">
        <ele>4.6</ele>
        <time>2026-01-03T13:42:19.000Z</time>
        <speed>1.512</speed>
      </trkpt>
      <trkpt lat="50.5852996" lon="-2.4737150">
        <ele>4.6</ele>
        <time>2026-01-03T13:42:24.000Z</time>
        <speed>1.512</speed>
      </trkpt>
      <trkpt lat="50.5853333" lon="-2.4738140">
        <ele>5.0</ele>
        <time>2026-01-03T13:42:29.000Z</time>
        <speed>1.502</speed>
      </trkpt>
      <trkpt lat="50.5853635" lon="-2.4738983">
        <ele>5.0</ele>
        <time>2026-01-03T13:42:34.000Z</time>
        <speed>1.512</speed>
      </trkpt>
      <trkpt lat="50.5853974" lon="-2.4739897">
        <ele>5.2</ele>
        <time>2026-01-03T13:42:39.000Z</time>
        <speed>1.502</speed>
      </trkpt>
      <trkpt lat="50.5854195" lon="-2.4740874">
        <ele>5.2</ele>
        <time>2026-01-03T13:42:44.000Z</time>
        <speed>1.502</speed>
      </trkpt>
      <trkpt lat="50.5854393" lon="-2.4741792">
        <ele>5.2</ele>
        <time>2026-01-03T13:42:49.000Z</time>
        <speed>1.474</speed>
      </trkpt>
      <trkpt lat="50.5854647" lon="-2.4742785">
        <ele>5.2</ele>
        <time>2026-01-03T13:42:54.000Z</time>
        <speed>1.465</speed>
      </trkpt>
      <trkpt lat="50.5854956" lon="-2.4743678">
        <ele>5.2</ele>
        <time>2026-01-03T13:42:59.000Z</time>
        <speed>1.465</speed>
      </trkpt>
      <trkpt lat="50.5855242" lon="-2.4744644">
        <ele>5.0</ele>
        <time>2026-01-03T13:43:04.000Z</time>
        <speed>1.474</speed>
      </trkpt>
      <trkpt lat="50.5855434" lon="-2.4745647">
        <ele>5.0</ele>
        <time>2026-01-03T13:43:09.000Z</time>
        <speed>1.465</speed>
      </trkpt>
      <trkpt lat="50.5855672" lon="-2.4746665">
        <ele>5.2</ele>
        <time>2026-01-03T13:43:14.000Z</time>
        <speed>1.465</speed>
      </trkpt>
      <trkpt lat="50.5855903" lon="-2.4747434">
        <ele>5.2</ele>
        <time>2026-01-03T13:43:19.000Z</time>
        <speed>1.446</speed>
      </trkpt>
      <trkpt lat="50.5856140" lon="-2.4748347">
        <ele>5.0</ele>
        <time>2026-01-03T13:43:24.000Z</time>
        <speed>1.428</speed>
      </trkpt>
      <trkpt lat="50.5856423" lon="-2.4749321">
        <ele>5.0</ele>
        <time>2026-01-03T13:43:29.000Z</time>
        <speed>1.428</speed>
      </trkpt>
      <trkpt lat="50.5856654" lon="-2.4750318">
        <ele>4.8</ele>
        <time>2026-01-03T13:43:34.000Z</time>
        <speed>1.418</speed>
      </trkpt>
      <trkpt lat="50.5856791" lon="-2.4751319">
        <ele>5.0</ele>
        <time>2026-01-03T13:43:39.000Z</time>
        <speed>1.418</speed>
      </trkpt>
      <trkpt lat="50.5856792" lon="-2.4752237">
        <ele>4.6</ele>
        <time>2026-01-03T13:43:44.000Z</time>
        <speed>1.409</speed>
      </trkpt>
      <trkpt lat="50.5857097" lon="-2.4752959">
        <ele>4.4</ele>
        <time>2026-01-03T13:43:49.000Z</time>
        <speed>1.400</speed>
      </trkpt>
      <trkpt lat="50.5857263" lon="-2.4753839">
        <ele>4.6</ele>
        <time>2026-01-03T13:43:54.000Z</time>
        <speed>1.381</speed>
      </trkpt>
      <trkpt lat="50.5857527" lon="-2.4754158">
        <ele>4.8</ele>
        <time>2026-01-03T13:43:59.000Z</time>
        <speed>1.316</speed>
      </trkpt>
      <trkpt lat="50.5857735" lon="-2.4754408">
        <ele>6.0</ele>
        <time>2026-01-03T13:44:04.000Z</time>
        <speed>1.138</speed>
      </trkpt>
      <trkpt lat="50.5857791" lon="-2.4754394">
        <ele>7.0</ele>
        <time>2026-01-03T13:44:09.000Z</time>
        <speed>1.138</speed>
      </trkpt>
      <trkpt lat="50.5858045" lon="-2.4754293">
        <ele>8.0</ele>
        <time>2026-01-03T13:44:14.000Z</time>
        <speed>1.204</speed>
      </trkpt>
      <trkpt lat="50.5858412" lon="-2.4754358">
        <ele>9.4</ele>
        <time>2026-01-03T13:44:19.000Z</time>
        <speed>0.998</speed>
      </trkpt>
      <trkpt lat="50.5858893" lon="-2.4755068">
        <ele>10.2</ele>
        <time>2026-01-03T13:44:24.000Z</time>
        <speed>1.269</speed>
      </trkpt>
      <trkpt lat="50.5859033" lon="-2.4755982">
        <ele>10.2</ele>
        <time>2026-01-03T13:44:29.000Z</time>
        <speed>1.241</speed>
      </trkpt>
      <trkpt lat="50.5859052" lon="-2.4757024">
        <ele>10.0</ele>
        <time>2026-01-03T13:44:34.000Z</time>
        <speed>1.344</speed>
      </trkpt>
      <trkpt lat="50.5859071" lon="-2.4758070">
        <ele>9.6</ele>
        <time>2026-01-03T13:44:39.000Z</time>
        <speed>1.409</speed>
      </trkpt>
      <trkpt lat="50.5859081" lon="-2.4759125">
        <ele>9.6</ele>
        <time>2026-01-03T13:44:44.000Z</time>
        <speed>1.446</speed>
      </trkpt>
      <trkpt lat="50.5858967" lon="-2.4760255">
        <ele>9.2</ele>
        <time>2026-01-03T13:44:49.000Z</time>
        <speed>1.456</speed>
      </trkpt>
      <trkpt lat="50.5858757" lon="-2.4761253">
        <ele>9.0</ele>
        <time>2026-01-03T13:44:54.000Z</time>
        <speed>1.456</speed>
      </trkpt>
      <trkpt lat="50.5858723" lon="-2.4762245">
        <ele>8.4</ele>
        <time>2026-01-03T13:44:59.000Z</time>
        <speed>1.474</speed>
      </trkpt>
      <trkpt lat="50.5858698" lon="-2.4763084">
        <ele>8.0</ele>
        <time>2026-01-03T13:45:04.000Z</time>
        <speed>1.418</speed>
      </trkpt>
      <trkpt lat="50.5858569" lon="-2.4763739">
        <ele>7.0</ele>
        <time>2026-01-03T13:45:09.000Z</time>
        <speed>1.232</speed>
      </trkpt>
      <trkpt lat="50.5858517" lon="-2.4764761">
        <ele>6.2</ele>
        <time>2026-01-03T13:45:14.000Z</time>
        <speed>1.222</speed>
      </trkpt>
      <trkpt lat="50.5858474" lon="-2.4765706">
        <ele>5.8</ele>
        <time>2026-01-03T13:45:19.000Z</time>
        <speed>1.232</speed>
      </trkpt>
      <trkpt lat="50.5858651" lon="-2.4766687">
        <ele>5.8</ele>
        <time>2026-01-03T13:45:24.000Z</time>
        <speed>1.260</speed>
      </trkpt>
      <trkpt lat="50.5858739" lon="-2.4767350">
        <ele>5.6</ele>
        <time>2026-01-03T13:45:29.000Z</time>
        <speed>1.222</speed>
      </trkpt>
      <trkpt lat="50.5858736" lon="-2.4767417">
        <ele>5.6</ele>
        <time>2026-01-03T13:45:34.000Z</time>
        <speed>0.000</speed>
      </trkpt>
      <trkpt lat="50.5858738" lon="-2.4768091">
        <ele>5.2</ele>
        <time>2026-01-03T13:45:39.000Z</time>
        <speed>1.129</speed>
      </trkpt>
      <trkpt lat="50.5858915" lon="-2.4769001">
        <ele>4.2</ele>
        <time>2026-01-03T13:45:44.000Z</time>
        <speed>1.353</speed>
      </trkpt>
      <trkpt lat="50.5859231" lon="-2.4769666">
        <ele>4.4</ele>
        <time>2026-01-03T13:45:49.000Z</time>
        <speed>1.241</speed>
      </trkpt>
      <trkpt lat="50.5859594" lon="-2.4769817">
        <ele>5.2</ele>
        <time>2026-01-03T13:45:54.000Z</time>
        <speed>0.970</speed>
      </trkpt>
      <trkpt lat="50.5860032" lon="-2.4770261">
        <ele>6.0</ele>
        <time>2026-01-03T13:45:59.000Z</time>
        <speed>0.952</speed>
      </trkpt>
      <trkpt lat="50.5860434" lon="-2.4770889">
        <ele>6.0</ele>
        <time>2026-01-03T13:46:04.000Z</time>
        <speed>1.110</speed>
      </trkpt>
      <trkpt lat="50.5860739" lon="-2.4771063">
        <ele>6.2</ele>
        <time>2026-01-03T13:46:09.000Z</time>
        <speed>1.008</speed>
      </trkpt>
      <trkpt lat="50.5860915" lon="-2.4771069">
        <ele>7.4</ele>
        <time>2026-01-03T13:46:14.000Z</time>
        <speed>0.457</speed>
      </trkpt>
      <trkpt lat="50.5861418" lon="-2.4771439">
        <ele>8.0</ele>
        <time>2026-01-03T13:46:19.000Z</time>
        <speed>1.241</speed>
      </trkpt>
      <trkpt lat="50.5861974" lon="-2.4772110">
        <ele>7.6</ele>
        <time>2026-01-03T13:46:24.000Z</time>
        <speed>1.381</speed>
      </trkpt>
      <trkpt lat="50.5862509" lon="-2.4772695">
        <ele>7.4</ele>
        <time>2026-01-03T13:46:29.000Z</time>
        <speed>1.484</speed>
      </trkpt>
      <trkpt lat="50.5863127" lon="-2.4773265">
        <ele>7.4</ele>
        <time>2026-01-03T13:46:34.000Z</time>
        <speed>1.465</speed>
      </trkpt>
      <trkpt lat="50.5863603" lon="-2.4773899">
        <ele>7.4</ele>
        <time>2026-01-03T13:46:39.000Z</time>
        <speed>1.474</speed>
      </trkpt>
      <trkpt lat="50.5863951" lon="-2.4774510">
        <ele>7.0</ele>
        <time>2026-01-03T13:46:44.000Z</time>
        <speed>1.428</speed>
      </trkpt>
      <trkpt lat="50.5864380" lon="-2.4775135">
        <ele>6.6</ele>
        <time>2026-01-03T13:46:49.000Z</time>
        <speed>1.316</speed>
      </trkpt>
      <trkpt lat="50.5864849" lon="-2.4775643">
        <ele>6.8</ele>
        <time>2026-01-03T13:46:54.000Z</time>
        <speed>1.288</speed>
      </trkpt>
      <trkpt lat="50.5865286" lon="-2.4776039">
        <ele>7.8</ele>
        <time>2026-01-03T13:46:59.000Z</time>
        <speed>1.278</speed>
      </trkpt>
      <trkpt lat="50.5865525" lon="-2.4776265">
        <ele>9.0</ele>
        <time>2026-01-03T13:47:04.000Z</time>
        <speed>1.166</speed>
      </trkpt>
      <trkpt lat="50.5866000" lon="-2.4777104">
        <ele>9.6</ele>
        <time>2026-01-03T13:47:09.000Z</time>
        <speed>1.474</speed>
      </trkpt>
      <trkpt lat="50.5866411" lon="-2.4778083">
        <ele>9.4</ele>
        <time>2026-01-03T13:47:14.000Z</time>
        <speed>1.549</speed>
      </trkpt>
      <trkpt lat="50.5866908" lon="-2.4778911">
        <ele>9.6</ele>
        <time>2026-01-03T13:47:19.000Z</time>
        <speed>1.577</speed>
      </trkpt>
      <trkpt lat="50.5867588" lon="-2.4778932">
        <ele>10.0</ele>
        <time>2026-01-03T13:47:24.000Z</time>
        <speed>1.530</speed>
      </trkpt>
      <trkpt lat="50.5868147" lon="-2.4779339">
        <ele>10.4</ele>
        <time>2026-01-03T13:47:29.000Z</time>
        <speed>1.493</speed>
      </trkpt>
      <trkpt lat="50.5868667" lon="-2.4780054">
        <ele>10.4</ele>
        <time>2026-01-03T13:47:34.000Z</time>
        <speed>1.474</speed>
      </trkpt>
      <trkpt lat="50.5869276" lon="-2.4780744">
        <ele>10.6</ele>
        <time>2026-01-03T13:47:39.000Z</time>
        <speed>1.521</speed>
      </trkpt>
      <trkpt lat="50.5869842" lon="-2.4781329">
        <ele>11.0</ele>
        <time>2026-01-03T13:47:44.000Z</time>
        <speed>1.540</speed>
      </trkpt>
      <trkpt lat="50.5870213" lon="-2.4781701">
        <ele>11.4</ele>
        <time>2026-01-03T13:47:49.000Z</time>
        <speed>1.521</speed>
      </trkpt>
      <trkpt lat="50.5870594" lon="-2.4782400">
        <ele>11.6</ele>
        <time>2026-01-03T13:47:54.000Z</time>
        <speed>1.390</speed>
      </trkpt>
      <trkpt lat="50.5871047" lon="-2.4783109">
        <ele>11.6</ele>
        <time>2026-01-03T13:47:59.000Z</time>
        <speed>1.372</speed>
      </trkpt>
      <trkpt lat="50.5871582" lon="-2.4783782">
        <ele>11.8</ele>
        <time>2026-01-03T13:48:04.000Z</time>
        <speed>1.400</speed>
      </trkpt>
      <trkpt lat="50.5872040" lon="-2.4784486">
        <ele>12.0</ele>
        <time>2026-01-03T13:48:09.000Z</time>
        <speed>1.390</speed>
      </trkpt>
      <trkpt lat="50.5872511" lon="-2.4785310">
        <ele>12.0</ele>
        <time>2026-01-03T13:48:14.000Z</time>
        <speed>1.409</speed>
      </trkpt>
      <trkpt lat="50.5873069" lon="-2.4786035">
        <ele>12.2</ele>
        <time>2026-01-03T13:48:19.000Z</time>
        <speed>1.428</speed>
      </trkpt>
      <trkpt lat="50.5873627" lon="-2.4786772">
        <ele>12.0</ele>
        <time>2026-01-03T13:48:24.000Z</time>
        <speed>1.446</speed>
      </trkpt>
      <trkpt lat="50.5874132" lon="-2.4787612">
        <ele>12.2</ele>
        <time>2026-01-03T13:48:29.000Z</time>
        <speed>1.456</speed>
      </trkpt>
      <trkpt lat="50.5874652" lon="-2.4788380">
        <ele>12.2</ele>
        <time>2026-01-03T13:48:34.000Z</time>
        <speed>1.465</speed>
      </trkpt>
      <trkpt lat="50.5875160" lon="-2.4789065">
        <ele>12.0</ele>
        <time>2026-01-03T13:48:39.000Z</time>
        <speed>1.474</speed>
      </trkpt>
      <trkpt lat="50.5875708" lon="-2.4789827">
        <ele>11.8</ele>
        <time>2026-01-03T13:48:44.000Z</time>
        <speed>1.484</speed>
      </trkpt>
      <trkpt lat="50.5876213" lon="-2.4790619">
        <ele>11.6</ele>
        <time>2026-01-03T13:48:49.000Z</time>
        <speed>1.493</speed>
      </trkpt>
      <trkpt lat="50.5876696" lon="-2.4791360">
        <ele>11.2</ele>
        <time>2026-01-03T13:48:54.000Z</time>
        <speed>1.502</speed>
      </trkpt>
      <trkpt lat="50.5877210" lon="-2.4792180">
        <ele>11.2</ele>
        <time>2026-01-03T13:48:59.000Z</time>
        <speed>1.512</speed>
      </trkpt>
      <trkpt lat="50.5877795" lon="-2.4792950">
        <ele>10.8</ele>
        <time>2026-01-03T13:49:04.000Z</time>
        <speed>1.521</speed>
      </trkpt>
      <trkpt lat="50.5878335" lon="-2.4793331">
        <ele>10.4</ele>
        <time>2026-01-03T13:49:09.000Z</time>
        <speed>1.512</speed>
      </trkpt>
      <trkpt lat="50.5878933" lon="-2.4793828">
        <ele>10.4</ele>
        <time>2026-01-03T13:49:14.000Z</time>
        <speed>1.493</speed>
      </trkpt>
      <trkpt lat="50.5879527" lon="-2.4794404">
        <ele>10.2</ele>
        <time>2026-01-03T13:49:19.000Z</time>
        <speed>1.493</speed>
      </trkpt>
      <trkpt lat="50.5880119" lon="-2.4795141">
        <ele>9.8</ele>
        <time>2026-01-03T13:49:24.000Z</time>
        <speed>1.502</speed>
      </trkpt>
      <trkpt lat="50.5880662" lon="-2.4795853">
        <ele>9.2</ele>
        <time>2026-01-03T13:49:29.000Z</time>
        <speed>1.512</speed>
      </trkpt>
      <trkpt lat="50.5881087" lon="-2.4796680">
        <ele>8.8</ele>
        <time>2026-01-03T13:49:34.000Z</time>
        <speed>1.502</speed>
      </trkpt>
      <trkpt lat="50.5881352" lon="-2.4797602">
        <ele>7.8</ele>
        <time>2026-01-03T13:49:39.000Z</time>
        <speed>1.493</speed>
      </trkpt>
      <trkpt lat="50.5881771" lon="-2.4798416">
        <ele>7.0</ele>
        <time>2026-01-03T13:49:44.000Z</time>
        <speed>1.493</speed>
      </trkpt>
      <trkpt lat="50.5882343" lon="-2.4799154">
        <ele>6.0</ele>
        <time>2026-01-03T13:49:49.000Z</time>
        <speed>1.502</speed>
      </trkpt>
      <trkpt lat="50.5882828" lon="-2.4799923">
        <ele>5.2</ele>
        <time>2026-01-03T13:49:54.000Z</time>
        <speed>1.521</speed>
      </trkpt>
      <trkpt lat="50.5883378" lon="-2.4800592">
        <ele>4.8</ele>
        <time>2026-01-03T13:49:59.000Z</time>
        <speed>1.530</speed>
      </trkpt>
      <trkpt lat="50.5883920" lon="-2.4801252">
        <ele>4.0</ele>
        <time>2026-01-03T13:50:04.000Z</time>
        <speed>1.558</speed>
      </trkpt>
      <trkpt lat="50.5884424" lon="-2.4802036">
        <ele>4.0</ele>
        <time>2026-01-03T13:50:09.000Z</time>
        <speed>1.493</speed>
      </trkpt>
      <trkpt lat="50.5884831" lon="-2.4802786">
        <ele>3.4</ele>
        <time>2026-01-03T13:50:14.000Z</time>
        <speed>1.456</speed>
      </trkpt>
      <trkpt lat="50.5885396" lon="-2.4803600">
        <ele>3.4</ele>
        <time>2026-01-03T13:50:19.000Z</time>
        <speed>1.512</speed>
      </trkpt>
      <trkpt lat="50.5885965" lon="-2.4804356">
        <ele>3.4</ele>
        <time>2026-01-03T13:50:24.000Z</time>
        <speed>1.614</speed>
      </trkpt>
      <trkpt lat="50.5886458" lon="-2.4805117">
        <ele>3.6</ele>
        <time>2026-01-03T13:50:29.000Z</time>
        <speed>1.596</speed>
      </trkpt>
      <trkpt lat="50.5886898" lon="-2.4805924">
        <ele>3.8</ele>
        <time>2026-01-03T13:50:34.000Z</time>
        <speed>1.577</speed>
      </trkpt>
      <trkpt lat="50.5887206" lon="-2.4806713">
        <ele>3.6</ele>
        <time>2026-01-03T13:50:39.000Z</time>
        <speed>1.540</speed>
      </trkpt>
      <trkpt lat="50.5887468" lon="-2.4807545">
        <ele>3.6</ele>
        <time>2026-01-03T13:50:44.000Z</time>
        <speed>1.512</speed>
      </trkpt>
      <trkpt lat="50.5887602" lon="-2.4807797">
        <ele>3.6</ele>
        <time>2026-01-03T13:50:49.000Z</time>
        <speed>1.120</speed>
      </trkpt>
      <trkpt lat="50.5887836" lon="-2.4808333">
        <ele>3.6</ele>
        <time>2026-01-03T13:50:54.000Z</time>
        <speed>0.868</speed>
      </trkpt>
      <trkpt lat="50.5888196" lon="-2.4809247">
        <ele>3.6</ele>
        <time>2026-01-03T13:50:59.000Z</time>
        <speed>1.474</speed>
      </trkpt>
      <trkpt lat="50.5888537" lon="-2.4810204">
        <ele>3.8</ele>
        <time>2026-01-03T13:51:04.000Z</time>
        <speed>1.465</speed>
      </trkpt>
      <trkpt lat="50.5888870" lon="-2.4811159">
        <ele>4.2</ele>
        <time>2026-01-03T13:51:09.000Z</time>
        <speed>1.474</speed>
      </trkpt>
      <trkpt lat="50.5889030" lon="-2.4812108">
        <ele>4.6</ele>
        <time>2026-01-03T13:51:14.000Z</time>
        <speed>1.456</speed>
      </trkpt>
      <trkpt lat="50.5889181" lon="-2.4813050">
        <ele>4.8</ele>
        <time>2026-01-03T13:51:19.000Z</time>
        <speed>1.400</speed>
      </trkpt>
      <trkpt lat="50.5889451" lon="-2.4814078">
        <ele>4.4</ele>
        <time>2026-01-03T13:51:24.000Z</time>
        <speed>1.502</speed>
      </trkpt>
      <trkpt lat="50.5889629" lon="-2.4814948">
        <ele>5.4</ele>
        <time>2026-01-03T13:51:29.000Z</time>
        <speed>1.418</speed>
      </trkpt>
      <trkpt lat="50.5889621" lon="-2.4815841">
        <ele>6.4</ele>
        <time>2026-01-03T13:51:34.000Z</time>
        <speed>1.372</speed>
      </trkpt>
      <trkpt lat="50.5889399" lon="-2.4816850">
        <ele>6.2</ele>
        <time>2026-01-03T13:51:39.000Z</time>
        <speed>1.390</speed>
      </trkpt>
      <trkpt lat="50.5889156" lon="-2.4817689">
        <ele>5.6</ele>
        <time>2026-01-03T13:51:44.000Z</time>
        <speed>1.353</speed>
      </trkpt>
      <trkpt lat="50.5889012" lon="-2.4818797">
        <ele>5.2</ele>
        <time>2026-01-03T13:51:49.000Z</time>
        <speed>1.372</speed>
      </trkpt>
      <trkpt lat="50.5888906" lon="-2.4819814">
        <ele>5.0</ele>
        <time>2026-01-03T13:51:54.000Z</time>
        <speed>1.390</speed>
      </trkpt>
      <trkpt lat="50.5888785" lon="-2.4820868">
        <ele>5.2</ele>
        <time>2026-01-03T13:51:59.000Z</time>
        <speed>1.409</speed>
      </trkpt>
      <trkpt lat="50.5888909" lon="-2.4821963">
        <ele>5.2</ele>
        <time>2026-01-03T13:52:04.000Z</time>
        <speed>1.465</speed>
      </trkpt>
      <trkpt lat="50.5889192" lon="-2.4822813">
        <ele>5.4</ele>
        <time>2026-01-03T13:52:09.000Z</time>
        <speed>1.456</speed>
      </trkpt>
      <trkpt lat="50.5889483" lon="-2.4823709">
        <ele>5.8</ele>
        <time>2026-01-03T13:52:14.000Z</time>
        <speed>1.446</speed>
      </trkpt>
      <trkpt lat="50.5889747" lon="-2.4824711">
        <ele>6.0</ele>
        <time>2026-01-03T13:52:19.000Z</time>
        <speed>1.446</speed>
      </trkpt>
      <trkpt lat="50.5890025" lon="-2.4825647">
        <ele>6.6</ele>
        <time>2026-01-03T13:52:24.000Z</time>
        <speed>1.456</speed>
      </trkpt>
      <trkpt lat="50.5890235" lon="-2.4826627">
        <ele>6.6</ele>
        <time>2026-01-03T13:52:29.000Z</time>
        <speed>1.465</speed>
      </trkpt>
      <trkpt lat="50.5890378" lon="-2.4827602">
        <ele>6.6</ele>
        <time>2026-01-03T13:52:34.000Z</time>
        <speed>1.446</speed>
      </trkpt>
      <trkpt lat="50.5890495" lon="-2.4828599">
        <ele>7.0</ele>
        <time>2026-01-03T13:52:39.000Z</time>
        <speed>1.437</speed>
      </trkpt>
      <trkpt lat="50.5890647" lon="-2.4829575">
        <ele>7.2</ele>
        <time>2026-01-03T13:52:44.000Z</time>
        <speed>1.437</speed>
      </trkpt>
      <trkpt lat="50.5890802" lon="-2.4830620">
        <ele>7.4</ele>
        <time>2026-01-03T13:52:49.000Z</time>
        <speed>1.437</speed>
      </trkpt>
      <trkpt lat="50.5890972" lon="-2.4831639">
        <ele>8.0</ele>
        <time>2026-01-03T13:52:54.000Z</time>
        <speed>1.446</speed>
      </trkpt>
      <trkpt lat="50.5891161" lon="-2.4832728">
        <ele>8.0</ele>
        <time>2026-01-03T13:52:59.000Z</time>
        <speed>1.456</speed>
      </trkpt>
      <trkpt lat="50.5891330" lon="-2.4833609">
        <ele>8.2</ele>
        <time>2026-01-03T13:53:04.000Z</time>
        <speed>1.446</speed>
      </trkpt>
      <trkpt lat="50.5891488" lon="-2.4834551">
        <ele>8.4</ele>
        <time>2026-01-03T13:53:09.000Z</time>
        <speed>1.437</speed>
      </trkpt>
      <trkpt lat="50.5891811" lon="-2.4835290">
        <ele>8.4</ele>
        <time>2026-01-03T13:53:14.000Z</time>
        <speed>1.409</speed>
      </trkpt>
      <trkpt lat="50.5892333" lon="-2.4835912">
        <ele>8.4</ele>
        <time>2026-01-03T13:53:19.000Z</time>
        <speed>1.390</speed>
      </trkpt>
      <trkpt lat="50.5892975" lon="-2.4836063">
        <ele>8.4</ele>
        <time>2026-01-03T13:53:24.000Z</time>
        <speed>1.400</speed>
      </trkpt>
      <trkpt lat="50.5893589" lon="-2.4836153">
        <ele>8.6</ele>
        <time>2026-01-03T13:53:29.000Z</time>
        <speed>1.390</speed>
      </trkpt>
      <trkpt lat="50.5894192" lon="-2.4836430">
        <ele>9.0</ele>
        <time>2026-01-03T13:53:34.000Z</time>
        <speed>1.381</speed>
      </trkpt>
      <trkpt lat="50.5894851" lon="-2.4836721">
        <ele>9.2</ele>
        <time>2026-01-03T13:53:39.000Z</time>
        <speed>1.390</speed>
      </trkpt>
      <trkpt lat="50.5895346" lon="-2.4836887">
        <ele>9.2</ele>
        <time>2026-01-03T13:53:44.000Z</time>
        <speed>1.390</speed>
      </trkpt>
      <trkpt lat="50.5896047" lon="-2.4837141">
        <ele>9.6</ele>
        <time>2026-01-03T13:53:49.000Z</time>
        <speed>1.418</speed>
      </trkpt>
      <trkpt lat="50.5896690" lon="-2.4837360">
        <ele>9.8</ele>
        <time>2026-01-03T13:53:54.000Z</time>
        <speed>1.446</speed>
      </trkpt>
      <trkpt lat="50.5897367" lon="-2.4837750">
        <ele>10.2</ele>
        <time>2026-01-03T13:53:59.000Z</time>
        <speed>1.446</speed>
      </trkpt>
      <trkpt lat="50.5897973" lon="-2.4838080">
        <ele>10.2</ele>
        <time>2026-01-03T13:54:04.000Z</time>
        <speed>1.465</speed>
      </trkpt>
      <trkpt lat="50.5898543" lon="-2.4838349">
        <ele>10.4</ele>
        <time>2026-01-03T13:54:09.000Z</time>
        <speed>1.446</speed>
      </trkpt>
      <trkpt lat="50.5899186" lon="-2.4838512">
        <ele>10.8</ele>
        <time>2026-01-03T13:54:14.000Z</time>
        <speed>1.446</speed>
      </trkpt>
      <trkpt lat="50.5899849" lon="-2.4838599">
        <ele>10.8</ele>
        <time>2026-01-03T13:54:19.000Z</time>
        <speed>1.446</speed>
      </trkpt>
      <trkpt lat="50.5900530" lon="-2.4838653">
        <ele>11.2</ele>
        <time>2026-01-03T13:54:24.000Z</time>
        <speed>1.446</speed>
      </trkpt>
      <trkpt lat="50.5901209" lon="-2.4838738">
        <ele>11.6</ele>
        <time>2026-01-03T13:54:29.000Z</time>
        <speed>1.446</speed>
      </trkpt>
      <trkpt lat="50.5901800" lon="-2.4838799">
        <ele>11.8</ele>
        <time>2026-01-03T13:54:34.000Z</time>
        <speed>1.437</speed>
      </trkpt>
      <trkpt lat="50.5902373" lon="-2.4838905">
        <ele>12.0</ele>
        <time>2026-01-03T13:54:39.000Z</time>
        <speed>1.437</speed>
      </trkpt>
      <trkpt lat="50.5902951" lon="-2.4838337">
        <ele>11.8</ele>
        <time>2026-01-03T13:54:44.000Z</time>
        <speed>1.437</speed>
      </trkpt>
      <trkpt lat="50.5903536" lon="-2.4837765">
        <ele>11.6</ele>
        <time>2026-01-03T13:54:49.000Z</time>
        <speed>1.446</speed>
      </trkpt>
      <trkpt lat="50.5904090" lon="-2.4837432">
        <ele>11.4</ele>
        <time>2026-01-03T13:54:54.000Z</time>
        <speed>1.446</speed>
      </trkpt>
      <trkpt lat="50.5904620" lon="-2.4837353">
        <ele>11.6</ele>
        <time>2026-01-03T13:54:59.000Z</time>
        <speed>1.372</speed>
      </trkpt>
      <trkpt lat="50.5905204" lon="-2.4837199">
        <ele>11.4</ele>
        <time>2026-01-03T13:55:04.000Z</time>
        <speed>1.372</speed>
      </trkpt>
      <trkpt lat="50.5905737" lon="-2.4836921">
        <ele>11.0</ele>
        <time>2026-01-03T13:55:09.000Z</time>
        <speed>1.353</speed>
      </trkpt>
      <trkpt lat="50.5906297" lon="-2.4836542">
        <ele>10.6</ele>
        <time>2026-01-03T13:55:14.000Z</time>
        <speed>1.344</speed>
      </trkpt>
      <trkpt lat="50.5906894" lon="-2.4836284">
        <ele>10.0</ele>
        <time>2026-01-03T13:55:19.000Z</time>
        <speed>1.353</speed>
      </trkpt>
      <trkpt lat="50.5907487" lon="-2.4835934">
        <ele>9.6</ele>
        <time>2026-01-03T13:55:24.000Z</time>
        <speed>1.362</speed>
      </trkpt>
      <trkpt lat="50.5907944" lon="-2.4835722">
        <ele>9.4</ele>
        <time>2026-01-03T13:55:29.000Z</time>
        <speed>1.325</speed>
      </trkpt>
      <trkpt lat="50.5908371" lon="-2.4835904">
        <ele>8.6</ele>
        <time>2026-01-03T13:55:34.000Z</time>
        <speed>1.288</speed>
      </trkpt>
      <trkpt lat="50.5908732" lon="-2.4836246">
        <ele>7.4</ele>
        <time>2026-01-03T13:55:39.000Z</time>
        <speed>1.232</speed>
      </trkpt>
      <trkpt lat="50.5908963" lon="-2.4836530">
        <ele>6.8</ele>
        <time>2026-01-03T13:55:44.000Z</time>
        <speed>0.868</speed>
      </trkpt>
      <trkpt lat="50.5909317" lon="-2.4836868">
        <ele>6.2</ele>
        <time>2026-01-03T13:55:49.000Z</time>
        <speed>0.746</speed>
      </trkpt>
      <trkpt lat="50.5909754" lon="-2.4837209">
        <ele>5.0</ele>
        <time>2026-01-03T13:55:54.000Z</time>
        <speed>0.924</speed>
      </trkpt>
      <trkpt lat="50.5910328" lon="-2.4837601">
        <ele>4.4</ele>
        <time>2026-01-03T13:55:59.000Z</time>
        <speed>1.278</speed>
      </trkpt>
      <trkpt lat="50.5910625" lon="-2.4837701">
        <ele>3.8</ele>
        <time>2026-01-03T13:56:04.000Z</time>
        <speed>0.830</speed>
      </trkpt>
      <trkpt lat="50.5911016" lon="-2.4837883">
        <ele>3.4</ele>
        <time>2026-01-03T13:56:09.000Z</time>
        <speed>0.737</speed>
      </trkpt>
      <trkpt lat="50.5911395" lon="-2.4838313">
        <ele>2.6</ele>
        <time>2026-01-03T13:56:14.000Z</time>
        <speed>0.858</speed>
      </trkpt>
      <trkpt lat="50.5911647" lon="-2.4838794">
        <ele>1.2</ele>
        <time>2026-01-03T13:56:19.000Z</time>
        <speed>0.868</speed>
      </trkpt>
      <trkpt lat="50.5911680" lon="-2.4839335">
        <ele>0.8</ele>
        <time>2026-01-03T13:56:24.000Z</time>
        <speed>0.830</speed>
      </trkpt>
      <trkpt lat="50.5911693" lon="-2.4839740">
        <ele>0.4</ele>
        <time>2026-01-03T13:56:29.000Z</time>
        <speed>0.756</speed>
      </trkpt>
      <trkpt lat="50.5911778" lon="-2.4840274">
        <ele>-0.2</ele>
        <time>2026-01-03T13:56:34.000Z</time>
        <speed>0.737</speed>
      </trkpt>
      <trkpt lat="50.5912093" lon="-2.4840824">
        <ele>-0.8</ele>
        <time>2026-01-03T13:56:39.000Z</time>
        <speed>0.774</speed>
      </trkpt>
      <trkpt lat="50.5912581" lon="-2.4841270">
        <ele>-0.8</ele>
        <time>2026-01-03T13:56:44.000Z</time>
        <speed>0.868</speed>
      </trkpt>
      <trkpt lat="50.5913006" lon="-2.4841723">
        <ele>-0.8</ele>
        <time>2026-01-03T13:56:49.000Z</time>
        <speed>0.989</speed>
      </trkpt>
      <trkpt lat="50.5913428" lon="-2.4842466">
        <ele>-0.4</ele>
        <time>2026-01-03T13:56:54.000Z</time>
        <speed>1.101</speed>
      </trkpt>
      <trkpt lat="50.5913843" lon="-2.4843188">
        <ele>0.0</ele>
        <time>2026-01-03T13:56:59.000Z</time>
        <speed>1.204</speed>
      </trkpt>
      <trkpt lat="50.5914181" lon="-2.4843892">
        <ele>0.4</ele>
        <time>2026-01-03T13:57:04.000Z</time>
        <speed>1.204</speed>
      </trkpt>
      <trkpt lat="50.5914403" lon="-2.4844607">
        <ele>0.8</ele>
        <time>2026-01-03T13:57:09.000Z</time>
        <speed>1.204</speed>
      </trkpt>
      <trkpt lat="50.5914667" lon="-2.4845340">
        <ele>0.8</ele>
        <time>2026-01-03T13:57:14.000Z</time>
        <speed>1.213</speed>
      </trkpt>
      <trkpt lat="50.5915047" lon="-2.4846030">
        <ele>1.0</ele>
        <time>2026-01-03T13:57:19.000Z</time>
        <speed>1.204</speed>
      </trkpt>
      <trkpt lat="50.5915456" lon="-2.4846633">
        <ele>1.2</ele>
        <time>2026-01-03T13:57:24.000Z</time>
        <speed>1.213</speed>
      </trkpt>
      <trkpt lat="50.5915892" lon="-2.4847268">
        <ele>1.4</ele>
        <time>2026-01-03T13:57:29.000Z</time>
        <speed>1.213</speed>
      </trkpt>
      <trkpt lat="50.5916326" lon="-2.4847854">
        <ele>1.6</ele>
        <time>2026-01-03T13:57:34.000Z</time>
        <speed>1.232</speed>
      </trkpt>
      <trkpt lat="50.5916685" lon="-2.4848645">
        <ele>1.8</ele>
        <time>2026-01-03T13:57:39.000Z</time>
        <speed>1.241</speed>
      </trkpt>
      <trkpt lat="50.5916933" lon="-2.4849439">
        <ele>2.0</ele>
        <time>2026-01-03T13:57:44.000Z</time>
        <speed>1.260</speed>
      </trkpt>
      <trkpt lat="50.5917064" lon="-2.4850216">
        <ele>2.0</ele>
        <time>2026-01-03T13:57:49.000Z</time>
        <speed>1.241</speed>
      </trkpt>
      <trkpt lat="50.5917029" lon="-2.4851109">
        <ele>2.2</ele>
        <time>2026-01-03T13:57:54.000Z</time>
        <speed>1.241</speed>
      </trkpt>
      <trkpt lat="50.5917052" lon="-2.4851973">
        <ele>2.2</ele>
        <time>2026-01-03T13:57:59.000Z</time>
        <speed>1.250</speed>
      </trkpt>
      <trkpt lat="50.5917539" lon="-2.4852496">
        <ele>2.0</ele>
        <time>2026-01-03T13:58:04.000Z</time>
        <speed>1.241</speed>
      </trkpt>
      <trkpt lat="50.5917919" lon="-2.4853296">
        <ele>2.4</ele>
        <time>2026-01-03T13:58:09.000Z</time>
        <speed>1.260</speed>
      </trkpt>
      <trkpt lat="50.5918046" lon="-2.4854106">
        <ele>2.4</ele>
        <time>2026-01-03T13:58:14.000Z</time>
        <speed>1.260</speed>
      </trkpt>
      <trkpt lat="50.5918094" lon="-2.4854930">
        <ele>2.6</ele>
        <time>2026-01-03T13:58:19.000Z</time>
        <speed>1.250</speed>
      </trkpt>
      <trkpt lat="50.5918129" lon="-2.4855664">
        <ele>2.6</ele>
        <time>2026-01-03T13:58:24.000Z</time>
        <speed>1.194</speed>
      </trkpt>
      <trkpt lat="50.5918161" lon="-2.4856506">
        <ele>2.8</ele>
        <time>2026-01-03T13:58:29.000Z</time>
        <speed>1.194</speed>
      </trkpt>
      <trkpt lat="50.5918191" lon="-2.4857374">
        <ele>2.6</ele>
        <time>2026-01-03T13:58:34.000Z</time>
        <speed>1.194</speed>
      </trkpt>
      <trkpt lat="50.5918160" lon="-2.4858275">
        <ele>2.6</ele>
        <time>2026-01-03T13:58:39.000Z</time>
        <speed>1.204</speed>
      </trkpt>
      <trkpt lat="50.5918121" lon="-2.4859137">
        <ele>2.6</ele>
        <time>2026-01-03T13:58:44.000Z</time>
        <speed>1.213</speed>
      </trkpt>
      <trkpt lat="50.5918285" lon="-2.4859607">
        <ele>2.6</ele>
        <time>2026-01-03T13:58:49.000Z</time>
        <speed>1.166</speed>
      </trkpt>
      <trkpt lat="50.5918412" lon="-2.4859910">
        <ele>3.0</ele>
        <time>2026-01-03T13:58:54.000Z</time>
        <speed>0.457</speed>
      </trkpt>
      <trkpt lat="50.5918520" lon="-2.4860371">
        <ele>3.4</ele>
        <time>2026-01-03T13:58:59.000Z</time>
        <speed>0.000</speed>
      </trkpt>
      <trkpt lat="50.5918049" lon="-2.4860622">
        <ele>3.2</ele>
        <time>2026-01-03T13:59:04.000Z</time>
        <speed>1.045</speed>
      </trkpt>
      <trkpt lat="50.5917412" lon="-2.4860892">
        <ele>3.0</ele>
        <time>2026-01-03T13:59:09.000Z</time>
        <speed>1.381</speed>
      </trkpt>
      <trkpt lat="50.5916876" lon="-2.4861291">
        <ele>2.6</ele>
        <time>2026-01-03T13:59:14.000Z</time>
        <speed>1.334</speed>
      </trkpt>
      <trkpt lat="50.5916310" lon="-2.4861771">
        <ele>2.4</ele>
        <time>2026-01-03T13:59:19.000Z</time>
        <speed>1.353</speed>
      </trkpt>
      <trkpt lat="50.5915795" lon="-2.4862283">
        <ele>2.2</ele>
        <time>2026-01-03T13:59:24.000Z</time>
        <speed>1.353</speed>
      </trkpt>
      <trkpt lat="50.5915257" lon="-2.4862858">
        <ele>2.2</ele>
        <time>2026-01-03T13:59:29.000Z</time>
        <speed>1.344</speed>
      </trkpt>
      <trkpt lat="50.5914796" lon="-2.4863493">
        <ele>2.4</ele>
        <time>2026-01-03T13:59:34.000Z</time>
        <speed>1.418</speed>
      </trkpt>
      <trkpt lat="50.5914389" lon="-2.4864140">
        <ele>2.2</ele>
        <time>2026-01-03T13:59:39.000Z</time>
        <speed>1.362</speed>
      </trkpt>
      <trkpt lat="50.5913933" lon="-2.4864881">
        <ele>2.2</ele>
        <time>2026-01-03T13:59:44.000Z</time>
        <speed>1.344</speed>
      </trkpt>
      <trkpt lat="50.5913573" lon="-2.4865716">
        <ele>2.0</ele>
        <time>2026-01-03T13:59:49.000Z</time>
        <speed>1.372</speed>
      </trkpt>
      <trkpt lat="50.5913346" lon="-2.4866578">
        <ele>1.8</ele>
        <time>2026-01-03T13:59:54.000Z</time>
        <speed>1.372</speed>
      </trkpt>
      <trkpt lat="50.5913113" lon="-2.4867519">
        <ele>1.8</ele>
        <time>2026-01-03T13:59:59.000Z</time>
        <speed>1.372</speed>
      </trkpt>
      <trkpt lat="50.5912991" lon="-2.4868427">
        <ele>1.8</ele>
        <time>2026-01-03T14:00:04.000Z</time>
        <speed>1.362</speed>
      </trkpt>
      <trkpt lat="50.5912900" lon="-2.4869320">
        <ele>1.8</ele>
        <time>2026-01-03T14:00:09.000Z</time>
        <speed>1.334</speed>
      </trkpt>
      <trkpt lat="50.5912969" lon="-2.4869427">
        <ele>2.0</ele>
        <time>2026-01-03T14:00:14.000Z</time>
        <speed>0.000</speed>
      </trkpt>
      <trkpt lat="50.5912902" lon="-2.4870002">
        <ele>1.8</ele>
        <time>2026-01-03T14:00:19.000Z</time>
        <speed>1.213</speed>
      </trkpt>
      <trkpt lat="50.5912842" lon="-2.4870867">
        <ele>1.6</ele>
        <time>2026-01-03T14:00:24.000Z</time>
        <speed>1.306</speed>
      </trkpt>
      <trkpt lat="50.5912788" lon="-2.4871738">
        <ele>2.0</ele>
        <time>2026-01-03T14:00:29.000Z</time>
        <speed>1.232</speed>
      </trkpt>
      <trkpt lat="50.5912682" lon="-2.4872754">
        <ele>1.8</ele>
        <time>2026-01-03T14:00:34.000Z</time>
        <speed>1.278</speed>
      </trkpt>
      <trkpt lat="50.5912649" lon="-2.4873683">
        <ele>1.8</ele>
        <time>2026-01-03T14:00:39.000Z</time>
        <speed>1.297</speed>
      </trkpt>
      <trkpt lat="50.5912638" lon="-2.4874654">
        <ele>1.8</ele>
        <time>2026-01-03T14:00:44.000Z</time>
        <speed>1.306</speed>
      </trkpt>
      <trkpt lat="50.5912480" lon="-2.4875713">
        <ele>1.8</ele>
        <time>2026-01-03T14:00:49.000Z</time>
        <speed>1.344</speed>
      </trkpt>
      <trkpt lat="50.5912515" lon="-2.4876778">
        <ele>1.8</ele>
        <time>2026-01-03T14:00:54.000Z</time>
        <speed>1.465</speed>
      </trkpt>
      <trkpt lat="50.5912642" lon="-2.4877820">
        <ele>2.2</ele>
        <time>2026-01-03T14:00:59.000Z</time>
        <speed>1.474</speed>
      </trkpt>
      <trkpt lat="50.5912793" lon="-2.4878781">
        <ele>2.6</ele>
        <time>2026-01-03T14:01:04.000Z</time>
        <speed>1.465</speed>
      </trkpt>
      <trkpt lat="50.5912964" lon="-2.4879769">
        <ele>3.0</ele>
        <time>2026-01-03T14:01:09.000Z</time>
        <speed>1.446</speed>
      </trkpt>
      <trkpt lat="50.5913156" lon="-2.4880608">
        <ele>3.2</ele>
        <time>2026-01-03T14:01:14.000Z</time>
        <speed>1.437</speed>
      </trkpt>
      <trkpt lat="50.5913418" lon="-2.4881606">
        <ele>3.4</ele>
        <time>2026-01-03T14:01:19.000Z</time>
        <speed>1.437</speed>
      </trkpt>
      <trkpt lat="50.5913707" lon="-2.4882500">
        <ele>3.4</ele>
        <time>2026-01-03T14:01:24.000Z</time>
        <speed>1.437</speed>
      </trkpt>
      <trkpt lat="50.5914003" lon="-2.4883322">
        <ele>4.0</ele>
        <time>2026-01-03T14:01:29.000Z</time>
        <speed>1.428</speed>
      </trkpt>
      <trkpt lat="50.5914388" lon="-2.4884086">
        <ele>4.2</ele>
        <time>2026-01-03T14:01:34.000Z</time>
        <speed>1.418</speed>
      </trkpt>
      <trkpt lat="50.5914751" lon="-2.4884911">
        <ele>4.8</ele>
        <time>2026-01-03T14:01:39.000Z</time>
        <speed>1.418</speed>
      </trkpt>
      <trkpt lat="50.5915105" lon="-2.4885690">
        <ele>5.2</ele>
        <time>2026-01-03T14:01:44.000Z</time>
        <speed>1.418</speed>
      </trkpt>
      <trkpt lat="50.5915520" lon="-2.4886468">
        <ele>5.8</ele>
        <time>2026-01-03T14:01:49.000Z</time>
        <speed>1.418</speed>
      </trkpt>
      <trkpt lat="50.5915944" lon="-2.4887307">
        <ele>6.2</ele>
        <time>2026-01-03T14:01:54.000Z</time>
        <speed>1.418</speed>
      </trkpt>
      <trkpt lat="50.5916230" lon="-2.4887972">
        <ele>6.8</ele>
        <time>2026-01-03T14:01:59.000Z</time>
        <speed>1.409</speed>
      </trkpt>
      <trkpt lat="50.5916517" lon="-2.4888873">
        <ele>7.2</ele>
        <time>2026-01-03T14:02:04.000Z</time>
        <speed>1.409</speed>
      </trkpt>
      <trkpt lat="50.5916933" lon="-2.4889756">
        <ele>7.6</ele>
        <time>2026-01-03T14:02:09.000Z</time>
        <speed>1.418</speed>
      </trkpt>
      <trkpt lat="50.5917282" lon="-2.4890607">
        <ele>8.2</ele>
        <time>2026-01-03T14:02:14.000Z</time>
        <speed>1.418</speed>
      </trkpt>
      <trkpt lat="50.5917583" lon="-2.4891356">
        <ele>9.0</ele>
        <time>2026-01-03T14:02:19.000Z</time>
        <speed>1.400</speed>
      </trkpt>
      <trkpt lat="50.5917889" lon="-2.4892227">
        <ele>9.6</ele>
        <time>2026-01-03T14:02:24.000Z</time>
        <speed>1.390</speed>
      </trkpt>
      <trkpt lat="50.5918138" lon="-2.4893087">
        <ele>10.2</ele>
        <time>2026-01-03T14:02:29.000Z</time>
        <speed>1.390</speed>
      </trkpt>
      <trkpt lat="50.5918436" lon="-2.4894062">
        <ele>10.8</ele>
        <time>2026-01-03T14:02:34.000Z</time>
        <speed>1.400</speed>
      </trkpt>
      <trkpt lat="50.5918724" lon="-2.4894823">
        <ele>11.4</ele>
        <time>2026-01-03T14:02:39.000Z</time>
        <speed>1.390</speed>
      </trkpt>
      <trkpt lat="50.5919047" lon="-2.4895671">
        <ele>12.2</ele>
        <time>2026-01-03T14:02:44.000Z</time>
        <speed>1.390</speed>
      </trkpt>
      <trkpt lat="50.5919400" lon="-2.4896469">
        <ele>12.6</ele>
        <time>2026-01-03T14:02:49.000Z</time>
        <speed>1.381</speed>
      </trkpt>
      <trkpt lat="50.5919775" lon="-2.4897215">
        <ele>13.4</ele>
        <time>2026-01-03T14:02:54.000Z</time>
        <speed>1.381</speed>
      </trkpt>
      <trkpt lat="50.5920103" lon="-2.4897920">
        <ele>14.0</ele>
        <time>2026-01-03T14:02:59.000Z</time>
        <speed>1.372</speed>
      </trkpt>
      <trkpt lat="50.5920466" lon="-2.4898764">
        <ele>14.8</ele>
        <time>2026-01-03T14:03:04.000Z</time>
        <speed>1.372</speed>
      </trkpt>
      <trkpt lat="50.5920759" lon="-2.4899282">
        <ele>15.0</ele>
        <time>2026-01-03T14:03:09.000Z</time>
        <speed>1.353</speed>
      </trkpt>
      <trkpt lat="50.5920821" lon="-2.4899343">
        <ele>15.4</ele>
        <time>2026-01-03T14:03:14.000Z</time>
        <speed>0.000</speed>
      </trkpt>
      <trkpt lat="50.5921140" lon="-2.4900093">
        <ele>14.8</ele>
        <time>2026-01-03T14:03:19.000Z</time>
        <speed>1.250</speed>
      </trkpt>
      <trkpt lat="50.5921574" lon="-2.4900891">
        <ele>15.2</ele>
        <time>2026-01-03T14:03:24.000Z</time>
        <speed>1.474</speed>
      </trkpt>
      <trkpt lat="50.5921932" lon="-2.4901621">
        <ele>15.6</ele>
        <time>2026-01-03T14:03:29.000Z</time>
        <speed>1.334</speed>
      </trkpt>
      <trkpt lat="50.5922196" lon="-2.4902308">
        <ele>16.0</ele>
        <time>2026-01-03T14:03:34.000Z</time>
        <speed>1.213</speed>
      </trkpt>
      <trkpt lat="50.5922545" lon="-2.4903070">
        <ele>16.4</ele>
        <time>2026-01-03T14:03:39.000Z</time>
        <speed>1.204</speed>
      </trkpt>
      <trkpt lat="50.5922931" lon="-2.4903919">
        <ele>16.4</ele>
        <time>2026-01-03T14:03:44.000Z</time>
        <speed>1.269</speed>
      </trkpt>
      <trkpt lat="50.5923310" lon="-2.4904681">
        <ele>17.0</ele>
        <time>2026-01-03T14:03:49.000Z</time>
        <speed>1.297</speed>
      </trkpt>
      <trkpt lat="50.5923837" lon="-2.4905442">
        <ele>17.2</ele>
        <time>2026-01-03T14:03:54.000Z</time>
        <speed>1.353</speed>
      </trkpt>
      <trkpt lat="50.5924204" lon="-2.4906255">
        <ele>17.8</ele>
        <time>2026-01-03T14:03:59.000Z</time>
        <speed>1.381</speed>
      </trkpt>
      <trkpt lat="50.5924694" lon="-2.4906916">
        <ele>17.8</ele>
        <time>2026-01-03T14:04:04.000Z</time>
        <speed>1.381</speed>
      </trkpt>
      <trkpt lat="50.5925254" lon="-2.4907659">
        <ele>17.8</ele>
        <time>2026-01-03T14:04:09.000Z</time>
        <speed>1.418</speed>
      </trkpt>
      <trkpt lat="50.5925702" lon="-2.4908330">
        <ele>17.8</ele>
        <time>2026-01-03T14:04:14.000Z</time>
        <speed>1.437</speed>
      </trkpt>
      <trkpt lat="50.5926159" lon="-2.4908954">
        <ele>18.2</ele>
        <time>2026-01-03T14:04:19.000Z</time>
        <speed>1.428</speed>
      </trkpt>
      <trkpt lat="50.5926728" lon="-2.4909570">
        <ele>17.4</ele>
        <time>2026-01-03T14:04:24.000Z</time>
        <speed>1.428</speed>
      </trkpt>
      <trkpt lat="50.5927254" lon="-2.4910134">
        <ele>17.4</ele>
        <time>2026-01-03T14:04:29.000Z</time>
        <speed>1.437</speed>
      </trkpt>
      <trkpt lat="50.5927790" lon="-2.4910756">
        <ele>17.6</ele>
        <time>2026-01-03T14:04:34.000Z</time>
        <speed>1.446</speed>
      </trkpt>
      <trkpt lat="50.5928312" lon="-2.4911255">
        <ele>18.0</ele>
        <time>2026-01-03T14:04:39.000Z</time>
        <speed>1.437</speed>
      </trkpt>
      <trkpt lat="50.5928922" lon="-2.4911868">
        <ele>17.8</ele>
        <time>2026-01-03T14:04:44.000Z</time>
        <speed>1.446</speed>
      </trkpt>
      <trkpt lat="50.5929472" lon="-2.4912382">
        <ele>17.8</ele>
        <time>2026-01-03T14:04:49.000Z</time>
        <speed>1.446</speed>
      </trkpt>
      <trkpt lat="50.5930047" lon="-2.4912875">
        <ele>17.4</ele>
        <time>2026-01-03T14:04:54.000Z</time>
        <speed>1.446</speed>
      </trkpt>
      <trkpt lat="50.5930583" lon="-2.4913418">
        <ele>17.4</ele>
        <time>2026-01-03T14:04:59.000Z</time>
        <speed>1.437</speed>
      </trkpt>
      <trkpt lat="50.5931207" lon="-2.4914115">
        <ele>17.4</ele>
        <time>2026-01-03T14:05:04.000Z</time>
        <speed>1.456</speed>
      </trkpt>
      <trkpt lat="50.5931674" lon="-2.4914687">
        <ele>16.8</ele>
        <time>2026-01-03T14:05:09.000Z</time>
        <speed>1.465</speed>
      </trkpt>
      <trkpt lat="50.5932251" lon="-2.4915327">
        <ele>16.6</ele>
        <time>2026-01-03T14:05:14.000Z</time>
        <speed>1.465</speed>
      </trkpt>
      <trkpt lat="50.5932804" lon="-2.4915941">
        <ele>16.0</ele>
        <time>2026-01-03T14:05:19.000Z</time>
        <speed>1.474</speed>
      </trkpt>
      <trkpt lat="50.5933405" lon="-2.4916322">
        <ele>15.8</ele>
        <time>2026-01-03T14:05:24.000Z</time>
        <speed>1.474</speed>
      </trkpt>
      <trkpt lat="50.5933988" lon="-2.4916739">
        <ele>15.8</ele>
        <time>2026-01-03T14:05:29.000Z</time>
        <speed>1.474</speed>
      </trkpt>
      <trkpt lat="50.5934638" lon="-2.4917261">
        <ele>15.8</ele>
        <time>2026-01-03T14:05:34.000Z</time>
        <speed>1.474</speed>
      </trkpt>
      <trkpt lat="50.5935251" lon="-2.4917746">
        <ele>16.0</ele>
        <time>2026-01-03T14:05:39.000Z</time>
        <speed>1.484</speed>
      </trkpt>
      <trkpt lat="50.5935810" lon="-2.4918189">
        <ele>16.2</ele>
        <time>2026-01-03T14:05:44.000Z</time>
        <speed>1.484</speed>
      </trkpt>
      <trkpt lat="50.5936408" lon="-2.4918407">
        <ele>16.4</ele>
        <time>2026-01-03T14:05:49.000Z</time>
        <speed>1.484</speed>
      </trkpt>
      <trkpt lat="50.5937006" lon="-2.4918697">
        <ele>17.0</ele>
        <time>2026-01-03T14:05:54.000Z</time>
        <speed>1.474</speed>
      </trkpt>
      <trkpt lat="50.5937694" lon="-2.4918992">
        <ele>17.2</ele>
        <time>2026-01-03T14:05:59.000Z</time>
        <speed>1.484</speed>
      </trkpt>
      <trkpt lat="50.5938284" lon="-2.4919255">
        <ele>17.6</ele>
        <time>2026-01-03T14:06:04.000Z</time>
        <speed>1.484</speed>
      </trkpt>
      <trkpt lat="50.5938842" lon="-2.4919525">
        <ele>17.6</ele>
        <time>2026-01-03T14:06:09.000Z</time>
        <speed>1.465</speed>
      </trkpt>
      <trkpt lat="50.5939422" lon="-2.4919793">
        <ele>18.0</ele>
        <time>2026-01-03T14:06:14.000Z</time>
        <speed>1.465</speed>
      </trkpt>
      <trkpt lat="50.5939878" lon="-2.4920142">
        <ele>18.0</ele>
        <time>2026-01-03T14:06:19.000Z</time>
        <speed>1.446</speed>
      </trkpt>
      <trkpt lat="50.5939911" lon="-2.4920381">
        <ele>18.2</ele>
        <time>2026-01-03T14:06:24.000Z</time>
        <speed>1.185</speed>
      </trkpt>
      <trkpt lat="50.5940258" lon="-2.4920854">
        <ele>18.0</ele>
        <time>2026-01-03T14:06:29.000Z</time>
        <speed>0.924</speed>
      </trkpt>
      <trkpt lat="50.5940559" lon="-2.4921336">
        <ele>17.6</ele>
        <time>2026-01-03T14:06:34.000Z</time>
        <speed>0.942</speed>
      </trkpt>
      <trkpt lat="50.5940802" lon="-2.4921985">
        <ele>18.4</ele>
        <time>2026-01-03T14:06:39.000Z</time>
        <speed>0.989</speed>
      </trkpt>
      <trkpt lat="50.5940804" lon="-2.4922760">
        <ele>18.6</ele>
        <time>2026-01-03T14:06:44.000Z</time>
        <speed>1.110</speed>
      </trkpt>
      <trkpt lat="50.5940455" lon="-2.4923324">
        <ele>18.4</ele>
        <time>2026-01-03T14:06:49.000Z</time>
        <speed>1.138</speed>
      </trkpt>
      <trkpt lat="50.5940239" lon="-2.4924179">
        <ele>17.4</ele>
        <time>2026-01-03T14:06:54.000Z</time>
        <speed>1.222</speed>
      </trkpt>
      <trkpt lat="50.5940094" lon="-2.4925022">
        <ele>16.6</ele>
        <time>2026-01-03T14:06:59.000Z</time>
        <speed>1.269</speed>
      </trkpt>
      <trkpt lat="50.5939923" lon="-2.4925977">
        <ele>15.8</ele>
        <time>2026-01-03T14:07:04.000Z</time>
        <speed>1.250</speed>
      </trkpt>
      <trkpt lat="50.5939888" lon="-2.4926822">
        <ele>14.8</ele>
        <time>2026-01-03T14:07:09.000Z</time>
        <speed>1.288</speed>
      </trkpt>
      <trkpt lat="50.5939810" lon="-2.4927685">
        <ele>14.2</ele>
        <time>2026-01-03T14:07:14.000Z</time>
        <speed>1.250</speed>
      </trkpt>
      <trkpt lat="50.5939679" lon="-2.4928347">
        <ele>13.6</ele>
        <time>2026-01-03T14:07:19.000Z</time>
        <speed>1.213</speed>
      </trkpt>
      <trkpt lat="50.5939629" lon="-2.4928824">
        <ele>13.4</ele>
        <time>2026-01-03T14:07:24.000Z</time>
        <speed>1.110</speed>
      </trkpt>
      <trkpt lat="50.5939659" lon="-2.4928779">
        <ele>13.2</ele>
        <time>2026-01-03T14:07:29.000Z</time>
        <speed>0.000</speed>
      </trkpt>
      <trkpt lat="50.5939658" lon="-2.4928755">
        <ele>13.0</ele>
        <time>2026-01-03T14:07:34.000Z</time>
        <speed>0.000</speed>
      </trkpt>
      <trkpt lat="50.5939664" lon="-2.4928779">
        <ele>12.8</ele>
        <time>2026-01-03T14:07:39.000Z</time>
        <speed>0.000</speed>
      </trkpt>
      <trkpt lat="50.5939658" lon="-2.4928755">
        <ele>12.4</ele>
        <time>2026-01-03T14:07:44.000Z</time>
        <speed>0.000</speed>
      </trkpt>
      <trkpt lat="50.5939714" lon="-2.4928056">
        <ele>12.0</ele>
        <time>2026-01-03T14:07:49.000Z</time>
        <speed>1.204</speed>
      </trkpt>
      <trkpt lat="50.5940009" lon="-2.4927368">
        <ele>12.4</ele>
        <time>2026-01-03T14:07:54.000Z</time>
        <speed>0.662</speed>
      </trkpt>
      <trkpt lat="50.5940149" lon="-2.4926602">
        <ele>12.4</ele>
        <time>2026-01-03T14:07:59.000Z</time>
        <speed>1.110</speed>
      </trkpt>
      <trkpt lat="50.5940191" lon="-2.4925765">
        <ele>13.0</ele>
        <time>2026-01-03T14:08:04.000Z</time>
        <speed>1.129</speed>
      </trkpt>
      <trkpt lat="50.5940283" lon="-2.4924900">
        <ele>13.2</ele>
        <time>2026-01-03T14:08:09.000Z</time>
        <speed>1.166</speed>
      </trkpt>
      <trkpt lat="50.5940287" lon="-2.4924249">
        <ele>13.8</ele>
        <time>2026-01-03T14:08:14.000Z</time>
        <speed>1.101</speed>
      </trkpt>
      <trkpt lat="50.5940577" lon="-2.4923514">
        <ele>13.8</ele>
        <time>2026-01-03T14:08:19.000Z</time>
        <speed>1.166</speed>
      </trkpt>
      <trkpt lat="50.5940901" lon="-2.4923064">
        <ele>13.8</ele>
        <time>2026-01-03T14:08:24.000Z</time>
        <speed>1.073</speed>
      </trkpt>
      <trkpt lat="50.5941248" lon="-2.4922447">
        <ele>14.4</ele>
        <time>2026-01-03T14:08:29.000Z</time>
        <speed>1.064</speed>
      </trkpt>
      <trkpt lat="50.5941010" lon="-2.4921618">
        <ele>15.6</ele>
        <time>2026-01-03T14:08:34.000Z</time>
        <speed>1.148</speed>
      </trkpt>
      <trkpt lat="50.5940553" lon="-2.4920716">
        <ele>15.0</ele>
        <time>2026-01-03T14:08:39.000Z</time>
        <speed>1.185</speed>
      </trkpt>
      <trkpt lat="50.5940069" lon="-2.4920142">
        <ele>15.0</ele>
        <time>2026-01-03T14:08:44.000Z</time>
        <speed>1.222</speed>
      </trkpt>
      <trkpt lat="50.5939409" lon="-2.4919666">
        <ele>14.8</ele>
        <time>2026-01-03T14:08:49.000Z</time>
        <speed>1.297</speed>
      </trkpt>
      <trkpt lat="50.5938828" lon="-2.4919303">
        <ele>14.0</ele>
        <time>2026-01-03T14:08:54.000Z</time>
        <speed>1.353</speed>
      </trkpt>
      <trkpt lat="50.5938242" lon="-2.4919011">
        <ele>13.4</ele>
        <time>2026-01-03T14:08:59.000Z</time>
        <speed>1.362</speed>
      </trkpt>
      <trkpt lat="50.5937663" lon="-2.4918775">
        <ele>12.6</ele>
        <time>2026-01-03T14:09:04.000Z</time>
        <speed>1.362</speed>
      </trkpt>
      <trkpt lat="50.5937089" lon="-2.4918546">
        <ele>11.6</ele>
        <time>2026-01-03T14:09:09.000Z</time>
        <speed>1.381</speed>
      </trkpt>
      <trkpt lat="50.5936557" lon="-2.4918205">
        <ele>11.0</ele>
        <time>2026-01-03T14:09:14.000Z</time>
        <speed>1.334</speed>
      </trkpt>
      <trkpt lat="50.5936027" lon="-2.4917713">
        <ele>10.8</ele>
        <time>2026-01-03T14:09:19.000Z</time>
        <speed>1.344</speed>
      </trkpt>
      <trkpt lat="50.5935457" lon="-2.4917377">
        <ele>10.4</ele>
        <time>2026-01-03T14:09:24.000Z</time>
        <speed>1.334</speed>
      </trkpt>
      <trkpt lat="50.5934816" lon="-2.4916991">
        <ele>10.0</ele>
        <time>2026-01-03T14:09:29.000Z</time>
        <speed>1.372</speed>
      </trkpt>
      <trkpt lat="50.5934234" lon="-2.4916612">
        <ele>9.6</ele>
        <time>2026-01-03T14:09:34.000Z</time>
        <speed>1.381</speed>
      </trkpt>
      <trkpt lat="50.5933639" lon="-2.4916222">
        <ele>9.2</ele>
        <time>2026-01-03T14:09:39.000Z</time>
        <speed>1.400</speed>
      </trkpt>
      <trkpt lat="50.5933004" lon="-2.4915781">
        <ele>8.8</ele>
        <time>2026-01-03T14:09:44.000Z</time>
        <speed>1.418</speed>
      </trkpt>
      <trkpt lat="50.5932459" lon="-2.4915277">
        <ele>8.4</ele>
        <time>2026-01-03T14:09:49.000Z</time>
        <speed>1.418</speed>
      </trkpt>
      <trkpt lat="50.5931907" lon="-2.4914820">
        <ele>8.4</ele>
        <time>2026-01-03T14:09:54.000Z</time>
        <speed>1.428</speed>
      </trkpt>
      <trkpt lat="50.5931322" lon="-2.4914387">
        <ele>8.6</ele>
        <time>2026-01-03T14:09:59.000Z</time>
        <speed>1.437</speed>
      </trkpt>
      <trkpt lat="50.5930811" lon="-2.4913864">
        <ele>8.8</ele>
        <time>2026-01-03T14:10:04.000Z</time>
        <speed>1.437</speed>
      </trkpt>
      <trkpt lat="50.5930306" lon="-2.4913240">
        <ele>9.0</ele>
        <time>2026-01-03T14:10:09.000Z</time>
        <speed>1.446</speed>
      </trkpt>
      <trkpt lat="50.5929800" lon="-2.4912709">
        <ele>9.0</ele>
        <time>2026-01-03T14:10:14.000Z</time>
        <speed>1.446</speed>
      </trkpt>
      <trkpt lat="50.5929287" lon="-2.4912171">
        <ele>8.8</ele>
        <time>2026-01-03T14:10:19.000Z</time>
        <speed>1.437</speed>
      </trkpt>
      <trkpt lat="50.5928674" lon="-2.4911642">
        <ele>8.6</ele>
        <time>2026-01-03T14:10:24.000Z</time>
        <speed>1.446</speed>
      </trkpt>
      <trkpt lat="50.5928187" lon="-2.4911103">
        <ele>8.4</ele>
        <time>2026-01-03T14:10:29.000Z</time>
        <speed>1.437</speed>
      </trkpt>
      <trkpt lat="50.5927640" lon="-2.4910608">
        <ele>8.2</ele>
        <time>2026-01-03T14:10:34.000Z</time>
        <speed>1.446</speed>
      </trkpt>
      <trkpt lat="50.5927077" lon="-2.4909959">
        <ele>8.0</ele>
        <time>2026-01-03T14:10:39.000Z</time>
        <speed>1.446</speed>
      </trkpt>
      <trkpt lat="50.5926616" lon="-2.4909342">
        <ele>7.6</ele>
        <time>2026-01-03T14:10:44.000Z</time>
        <speed>1.446</speed>
      </trkpt>
      <trkpt lat="50.5926086" lon="-2.4908703">
        <ele>7.2</ele>
        <time>2026-01-03T14:10:49.000Z</time>
        <speed>1.456</speed>
      </trkpt>
      <trkpt lat="50.5925575" lon="-2.4908052">
        <ele>7.0</ele>
        <time>2026-01-03T14:10:54.000Z</time>
        <speed>1.456</speed>
      </trkpt>
      <trkpt lat="50.5925051" lon="-2.4907310">
        <ele>6.8</ele>
        <time>2026-01-03T14:10:59.000Z</time>
        <speed>1.465</speed>
      </trkpt>
      <trkpt lat="50.5924638" lon="-2.4906651">
        <ele>6.6</ele>
        <time>2026-01-03T14:11:04.000Z</time>
        <speed>1.465</speed>
      </trkpt>
      <trkpt lat="50.5924133" lon="-2.4905955">
        <ele>6.2</ele>
        <time>2026-01-03T14:11:09.000Z</time>
        <speed>1.465</speed>
      </trkpt>
      <trkpt lat="50.5923664" lon="-2.4905228">
        <ele>6.0</ele>
        <time>2026-01-03T14:11:14.000Z</time>
        <speed>1.465</speed>
      </trkpt>
      <trkpt lat="50.5923301" lon="-2.4904509">
        <ele>6.0</ele>
        <time>2026-01-03T14:11:19.000Z</time>
        <speed>1.465</speed>
      </trkpt>
      <trkpt lat="50.5922817" lon="-2.4903701">
        <ele>5.8</ele>
        <time>2026-01-03T14:11:24.000Z</time>
        <speed>1.474</speed>
      </trkpt>
      <trkpt lat="50.5922524" lon="-2.4902887">
        <ele>5.8</ele>
        <time>2026-01-03T14:11:29.000Z</time>
        <speed>1.465</speed>
      </trkpt>
      <trkpt lat="50.5922097" lon="-2.4902016">
        <ele>5.6</ele>
        <time>2026-01-03T14:11:34.000Z</time>
        <speed>1.484</speed>
      </trkpt>
      <trkpt lat="50.5921723" lon="-2.4901214">
        <ele>5.4</ele>
        <time>2026-01-03T14:11:39.000Z</time>
        <speed>1.484</speed>
      </trkpt>
      <trkpt lat="50.5921384" lon="-2.4900377">
        <ele>5.0</ele>
        <time>2026-01-03T14:11:44.000Z</time>
        <speed>1.484</speed>
      </trkpt>
      <trkpt lat="50.5921008" lon="-2.4899502">
        <ele>4.8</ele>
        <time>2026-01-03T14:11:49.000Z</time>
        <speed>1.484</speed>
      </trkpt>
      <trkpt lat="50.5920543" lon="-2.4898732">
        <ele>4.8</ele>
        <time>2026-01-03T14:11:54.000Z</time>
        <speed>1.493</speed>
      </trkpt>
      <trkpt lat="50.5920204" lon="-2.4897997">
        <ele>4.4</ele>
        <time>2026-01-03T14:11:59.000Z</time>
        <speed>1.484</speed>
      </trkpt>
      <trkpt lat="50.5919828" lon="-2.4897302">
        <ele>3.8</ele>
        <time>2026-01-03T14:12:04.000Z</time>
        <speed>1.474</speed>
      </trkpt>
      <trkpt lat="50.5919452" lon="-2.4896516">
        <ele>3.2</ele>
        <time>2026-01-03T14:12:09.000Z</time>
        <speed>1.465</speed>
      </trkpt>
      <trkpt lat="50.5919127" lon="-2.4895470">
        <ele>2.6</ele>
        <time>2026-01-03T14:12:14.000Z</time>
        <speed>1.465</speed>
      </trkpt>
      <trkpt lat="50.5918785" lon="-2.4894462">
        <ele>2.4</ele>
        <time>2026-01-03T14:12:19.000Z</time>
        <speed>1.484</speed>
      </trkpt>
      <trkpt lat="50.5918472" lon="-2.4893615">
        <ele>1.8</ele>
        <time>2026-01-03T14:12:24.000Z</time>
        <speed>1.493</speed>
      </trkpt>
      <trkpt lat="50.5918089" lon="-2.4892726">
        <ele>1.4</ele>
        <time>2026-01-03T14:12:29.000Z</time>
        <speed>1.493</speed>
      </trkpt>
      <trkpt lat="50.5917682" lon="-2.4891802">
        <ele>0.8</ele>
        <time>2026-01-03T14:12:34.000Z</time>
        <speed>1.502</speed>
      </trkpt>
      <trkpt lat="50.5917368" lon="-2.4890935">
        <ele>0.4</ele>
        <time>2026-01-03T14:12:39.000Z</time>
        <speed>1.493</speed>
      </trkpt>
      <trkpt lat="50.5916958" lon="-2.4890155">
        <ele>-0.2</ele>
        <time>2026-01-03T14:12:44.000Z</time>
        <speed>1.493</speed>
      </trkpt>
      <trkpt lat="50.5916647" lon="-2.4889280">
        <ele>-0.6</ele>
        <time>2026-01-03T14:12:49.000Z</time>
        <speed>1.493</speed>
      </trkpt>
      <trkpt lat="50.5916328" lon="-2.4888459">
        <ele>-1.2</ele>
        <time>2026-01-03T14:12:54.000Z</time>
        <speed>1.493</speed>
      </trkpt>
      <trkpt lat="50.5915986" lon="-2.4887517">
        <ele>-1.6</ele>
        <time>2026-01-03T14:12:59.000Z</time>
        <speed>1.484</speed>
      </trkpt>
      <trkpt lat="50.5915601" lon="-2.4886672">
        <ele>-1.8</ele>
        <time>2026-01-03T14:13:04.000Z</time>
        <speed>1.493</speed>
      </trkpt>
      <trkpt lat="50.5915172" lon="-2.4885857">
        <ele>-2.4</ele>
        <time>2026-01-03T14:13:09.000Z</time>
        <speed>1.502</speed>
      </trkpt>
      <trkpt lat="50.5914789" lon="-2.4884957">
        <ele>-2.6</ele>
        <time>2026-01-03T14:13:14.000Z</time>
        <speed>1.493</speed>
      </trkpt>
      <trkpt lat="50.5914446" lon="-2.4884119">
        <ele>-3.0</ele>
        <time>2026-01-03T14:13:19.000Z</time>
        <speed>1.493</speed>
      </trkpt>
      <trkpt lat="50.5914190" lon="-2.4883347">
        <ele>-3.2</ele>
        <time>2026-01-03T14:13:24.000Z</time>
        <speed>1.484</speed>
      </trkpt>
      <trkpt lat="50.5913770" lon="-2.4882415">
        <ele>-3.6</ele>
        <time>2026-01-03T14:13:29.000Z</time>
        <speed>1.493</speed>
      </trkpt>
      <trkpt lat="50.5913452" lon="-2.4881458">
        <ele>-3.6</ele>
        <time>2026-01-03T14:13:34.000Z</time>
        <speed>1.512</speed>
      </trkpt>
      <trkpt lat="50.5913273" lon="-2.4880457">
        <ele>-3.4</ele>
        <time>2026-01-03T14:13:39.000Z</time>
        <speed>1.502</speed>
      </trkpt>
      <trkpt lat="50.5913050" lon="-2.4879506">
        <ele>-3.8</ele>
        <time>2026-01-03T14:13:44.000Z</time>
        <speed>1.493</speed>
      </trkpt>
      <trkpt lat="50.5912883" lon="-2.4878462">
        <ele>-3.8</ele>
        <time>2026-01-03T14:13:49.000Z</time>
        <speed>1.493</speed>
      </trkpt>
      <trkpt lat="50.5912734" lon="-2.4877510">
        <ele>-4.2</ele>
        <time>2026-01-03T14:13:54.000Z</time>
        <speed>1.493</speed>
      </trkpt>
      <trkpt lat="50.5912676" lon="-2.4876437">
        <ele>-3.8</ele>
        <time>2026-01-03T14:13:59.000Z</time>
        <speed>1.493</speed>
      </trkpt>
      <trkpt lat="50.5912668" lon="-2.4875355">
        <ele>-3.6</ele>
        <time>2026-01-03T14:14:04.000Z</time>
        <speed>1.502</speed>
      </trkpt>
      <trkpt lat="50.5912674" lon="-2.4874351">
        <ele>-3.6</ele>
        <time>2026-01-03T14:14:09.000Z</time>
        <speed>1.530</speed>
      </trkpt>
      <trkpt lat="50.5912728" lon="-2.4873318">
        <ele>-3.2</ele>
        <time>2026-01-03T14:14:14.000Z</time>
        <speed>1.512</speed>
      </trkpt>
      <trkpt lat="50.5912813" lon="-2.4872294">
        <ele>-2.6</ele>
        <time>2026-01-03T14:14:19.000Z</time>
        <speed>1.502</speed>
      </trkpt>
      <trkpt lat="50.5912909" lon="-2.4871295">
        <ele>-2.2</ele>
        <time>2026-01-03T14:14:24.000Z</time>
        <speed>1.502</speed>
      </trkpt>
      <trkpt lat="50.5913075" lon="-2.4870196">
        <ele>-2.2</ele>
        <time>2026-01-03T14:14:29.000Z</time>
        <speed>1.493</speed>
      </trkpt>
      <trkpt lat="50.5913247" lon="-2.4869170">
        <ele>-2.2</ele>
        <time>2026-01-03T14:14:34.000Z</time>
        <speed>1.502</speed>
      </trkpt>
      <trkpt lat="50.5913417" lon="-2.4868197">
        <ele>-1.8</ele>
        <time>2026-01-03T14:14:39.000Z</time>
        <speed>1.502</speed>
      </trkpt>
      <trkpt lat="50.5913621" lon="-2.4867238">
        <ele>-1.6</ele>
        <time>2026-01-03T14:14:44.000Z</time>
        <speed>1.493</speed>
      </trkpt>
      <trkpt lat="50.5913901" lon="-2.4866259">
        <ele>-1.2</ele>
        <time>2026-01-03T14:14:49.000Z</time>
        <speed>1.493</speed>
      </trkpt>
      <trkpt lat="50.5914218" lon="-2.4865429">
        <ele>-0.8</ele>
        <time>2026-01-03T14:14:54.000Z</time>
        <speed>1.484</speed>
      </trkpt>
      <trkpt lat="50.5914607" lon="-2.4864448">
        <ele>-0.6</ele>
        <time>2026-01-03T14:14:59.000Z</time>
        <speed>1.493</speed>
      </trkpt>
      <trkpt lat="50.5914949" lon="-2.4863582">
        <ele>-0.6</ele>
        <time>2026-01-03T14:15:04.000Z</time>
        <speed>1.493</speed>
      </trkpt>
      <trkpt lat="50.5915391" lon="-2.4862830">
        <ele>-0.6</ele>
        <time>2026-01-03T14:15:09.000Z</time>
        <speed>1.484</speed>
      </trkpt>
      <trkpt lat="50.5915845" lon="-2.4862255">
        <ele>-0.8</ele>
        <time>2026-01-03T14:15:14.000Z</time>
        <speed>1.474</speed>
      </trkpt>
      <trkpt lat="50.5916503" lon="-2.4861741">
        <ele>-0.8</ele>
        <time>2026-01-03T14:15:19.000Z</time>
        <speed>1.502</speed>
      </trkpt>
      <trkpt lat="50.5917045" lon="-2.4861181">
        <ele>-0.8</ele>
        <time>2026-01-03T14:15:24.000Z</time>
        <speed>1.502</speed>
      </trkpt>
      <trkpt lat="50.5917645" lon="-2.4860747">
        <ele>-1.2</ele>
        <time>2026-01-03T14:15:29.000Z</time>
        <speed>1.493</speed>
      </trkpt>
      <trkpt lat="50.5918202" lon="-2.4860361">
        <ele>-0.8</ele>
        <time>2026-01-03T14:15:34.000Z</time>
        <speed>1.493</speed>
      </trkpt>
      <trkpt lat="50.5918497" lon="-2.4860185">
        <ele>-0.4</ele>
        <time>2026-01-03T14:15:39.000Z</time>
        <speed>0.000</speed>
      </trkpt>
      <trkpt lat="50.5918574" lon="-2.4859882">
        <ele>-0.2</ele>
        <time>2026-01-03T14:15:44.000Z</time>
        <speed>0.560</speed>
      </trkpt>
      <trkpt lat="50.5918487" lon="-2.4859511">
        <ele>-0.4</ele>
        <time>2026-01-03T14:15:49.000Z</time>
        <speed>0.000</speed>
      </trkpt>
      <trkpt lat="50.5918258" lon="-2.4858805">
        <ele>-1.4</ele>
        <time>2026-01-03T14:15:54.000Z</time>
        <speed>1.250</speed>
      </trkpt>
      <trkpt lat="50.5918223" lon="-2.4857787">
        <ele>-1.8</ele>
        <time>2026-01-03T14:15:59.000Z</time>
        <speed>1.540</speed>
      </trkpt>
      <trkpt lat="50.5918311" lon="-2.4856794">
        <ele>-2.0</ele>
        <time>2026-01-03T14:16:04.000Z</time>
        <speed>1.418</speed>
      </trkpt>
      <trkpt lat="50.5918361" lon="-2.4855804">
        <ele>-2.2</ele>
        <time>2026-01-03T14:16:09.000Z</time>
        <speed>1.437</speed>
      </trkpt>
      <trkpt lat="50.5918298" lon="-2.4854797">
        <ele>-2.2</ele>
        <time>2026-01-03T14:16:14.000Z</time>
        <speed>1.409</speed>
      </trkpt>
      <trkpt lat="50.5918180" lon="-2.4853803">
        <ele>-2.4</ele>
        <time>2026-01-03T14:16:19.000Z</time>
        <speed>1.437</speed>
      </trkpt>
      <trkpt lat="50.5918088" lon="-2.4852865">
        <ele>-2.6</ele>
        <time>2026-01-03T14:16:24.000Z</time>
        <speed>1.372</speed>
      </trkpt>
      <trkpt lat="50.5917872" lon="-2.4851854">
        <ele>-2.6</ele>
        <time>2026-01-03T14:16:29.000Z</time>
        <speed>1.409</speed>
      </trkpt>
      <trkpt lat="50.5917599" lon="-2.4850948">
        <ele>-3.0</ele>
        <time>2026-01-03T14:16:34.000Z</time>
        <speed>1.409</speed>
      </trkpt>
      <trkpt lat="50.5917320" lon="-2.4850055">
        <ele>-3.2</ele>
        <time>2026-01-03T14:16:39.000Z</time>
        <speed>1.409</speed>
      </trkpt>
      <trkpt lat="50.5916969" lon="-2.4849144">
        <ele>-3.4</ele>
        <time>2026-01-03T14:16:44.000Z</time>
        <speed>1.418</speed>
      </trkpt>
      <trkpt lat="50.5916571" lon="-2.4848382">
        <ele>-3.6</ele>
        <time>2026-01-03T14:16:49.000Z</time>
        <speed>1.418</speed>
      </trkpt>
      <trkpt lat="50.5916245" lon="-2.4847530">
        <ele>-3.8</ele>
        <time>2026-01-03T14:16:54.000Z</time>
        <speed>1.418</speed>
      </trkpt>
      <trkpt lat="50.5915890" lon="-2.4846631">
        <ele>-4.0</ele>
        <time>2026-01-03T14:16:59.000Z</time>
        <speed>1.418</speed>
      </trkpt>
      <trkpt lat="50.5915554" lon="-2.4845846">
        <ele>-4.2</ele>
        <time>2026-01-03T14:17:04.000Z</time>
        <speed>1.418</speed>
      </trkpt>
      <trkpt lat="50.5915147" lon="-2.4845057">
        <ele>-4.2</ele>
        <time>2026-01-03T14:17:09.000Z</time>
        <speed>1.409</speed>
      </trkpt>
      <trkpt lat="50.5914784" lon="-2.4844337">
        <ele>-4.4</ele>
        <time>2026-01-03T14:17:14.000Z</time>
        <speed>1.409</speed>
      </trkpt>
      <trkpt lat="50.5914414" lon="-2.4843674">
        <ele>-4.4</ele>
        <time>2026-01-03T14:17:19.000Z</time>
        <speed>1.390</speed>
      </trkpt>
      <trkpt lat="50.5913964" lon="-2.4843004">
        <ele>-4.6</ele>
        <time>2026-01-03T14:17:24.000Z</time>
        <speed>1.390</speed>
      </trkpt>
      <trkpt lat="50.5913565" lon="-2.4842440">
        <ele>-4.6</ele>
        <time>2026-01-03T14:17:29.000Z</time>
        <speed>1.372</speed>
      </trkpt>
      <trkpt lat="50.5913089" lon="-2.4841786">
        <ele>-4.8</ele>
        <time>2026-01-03T14:17:34.000Z</time>
        <speed>1.362</speed>
      </trkpt>
      <trkpt lat="50.5912592" lon="-2.4841272">
        <ele>-4.6</ele>
        <time>2026-01-03T14:17:39.000Z</time>
        <speed>1.362</speed>
      </trkpt>
      <trkpt lat="50.5912159" lon="-2.4840610">
        <ele>-4.8</ele>
        <time>2026-01-03T14:17:44.000Z</time>
        <speed>1.344</speed>
      </trkpt>
      <trkpt lat="50.5911773" lon="-2.4839773">
        <ele>-5.0</ele>
        <time>2026-01-03T14:17:49.000Z</time>
        <speed>1.353</speed>
      </trkpt>
      <trkpt lat="50.5911763" lon="-2.4839106">
        <ele>-4.4</ele>
        <time>2026-01-03T14:17:54.000Z</time>
        <speed>1.334</speed>
      </trkpt>
      <trkpt lat="50.5911716" lon="-2.4838429">
        <ele>-3.8</ele>
        <time>2026-01-03T14:17:59.000Z</time>
        <speed>1.288</speed>
      </trkpt>
      <trkpt lat="50.5911225" lon="-2.4838053">
        <ele>-3.0</ele>
        <time>2026-01-03T14:18:04.000Z</time>
        <speed>1.241</speed>
      </trkpt>
      <trkpt lat="50.5911146" lon="-2.4837998">
        <ele>-2.8</ele>
        <time>2026-01-03T14:18:09.000Z</time>
        <speed>0.000</speed>
      </trkpt>
      <trkpt lat="50.5911131" lon="-2.4837996">
        <ele>-2.6</ele>
        <time>2026-01-03T14:18:14.000Z</time>
        <speed>0.000</speed>
      </trkpt>
      <trkpt lat="50.5910953" lon="-2.4837889">
        <ele>-2.6</ele>
        <time>2026-01-03T14:18:19.000Z</time>
        <speed>0.000</speed>
      </trkpt>
      <trkpt lat="50.5910515" lon="-2.4837608">
        <ele>-2.0</ele>
        <time>2026-01-03T14:18:24.000Z</time>
        <speed>1.026</speed>
      </trkpt>
      <trkpt lat="50.5910226" lon="-2.4837305">
        <ele>-1.8</ele>
        <time>2026-01-03T14:18:29.000Z</time>
        <speed>0.840</speed>
      </trkpt>
      <trkpt lat="50.5909837" lon="-2.4837056">
        <ele>-1.4</ele>
        <time>2026-01-03T14:18:34.000Z</time>
        <speed>0.774</speed>
      </trkpt>
      <trkpt lat="50.5909380" lon="-2.4836686">
        <ele>-0.8</ele>
        <time>2026-01-03T14:18:39.000Z</time>
        <speed>0.989</speed>
      </trkpt>
      <trkpt lat="50.5908991" lon="-2.4836378">
        <ele>0.4</ele>
        <time>2026-01-03T14:18:44.000Z</time>
        <speed>0.989</speed>
      </trkpt>
      <trkpt lat="50.5908582" lon="-2.4836070">
        <ele>1.4</ele>
        <time>2026-01-03T14:18:49.000Z</time>
        <speed>1.073</speed>
      </trkpt>
      <trkpt lat="50.5908171" lon="-2.4835738">
        <ele>2.2</ele>
        <time>2026-01-03T14:18:54.000Z</time>
        <speed>1.036</speed>
      </trkpt>
      <trkpt lat="50.5907788" lon="-2.4835744">
        <ele>3.4</ele>
        <time>2026-01-03T14:18:59.000Z</time>
        <speed>0.989</speed>
      </trkpt>
      <trkpt lat="50.5907318" lon="-2.4835953">
        <ele>4.0</ele>
        <time>2026-01-03T14:19:04.000Z</time>
        <speed>0.980</speed>
      </trkpt>
      <trkpt lat="50.5906792" lon="-2.4836236">
        <ele>4.6</ele>
        <time>2026-01-03T14:19:09.000Z</time>
        <speed>1.026</speed>
      </trkpt>
      <trkpt lat="50.5906290" lon="-2.4836471">
        <ele>5.0</ele>
        <time>2026-01-03T14:19:14.000Z</time>
        <speed>1.092</speed>
      </trkpt>
      <trkpt lat="50.5905773" lon="-2.4836753">
        <ele>5.6</ele>
        <time>2026-01-03T14:19:19.000Z</time>
        <speed>1.110</speed>
      </trkpt>
      <trkpt lat="50.5905272" lon="-2.4836972">
        <ele>6.4</ele>
        <time>2026-01-03T14:19:24.000Z</time>
        <speed>1.120</speed>
      </trkpt>
      <trkpt lat="50.5904683" lon="-2.4837211">
        <ele>7.2</ele>
        <time>2026-01-03T14:19:29.000Z</time>
        <speed>1.129</speed>
      </trkpt>
      <trkpt lat="50.5904171" lon="-2.4837366">
        <ele>7.4</ele>
        <time>2026-01-03T14:19:34.000Z</time>
        <speed>1.148</speed>
      </trkpt>
      <trkpt lat="50.5903650" lon="-2.4837548">
        <ele>8.0</ele>
        <time>2026-01-03T14:19:39.000Z</time>
        <speed>1.148</speed>
      </trkpt>
      <trkpt lat="50.5903088" lon="-2.4837976">
        <ele>8.0</ele>
        <time>2026-01-03T14:19:44.000Z</time>
        <speed>1.166</speed>
      </trkpt>
      <trkpt lat="50.5902703" lon="-2.4838528">
        <ele>8.0</ele>
        <time>2026-01-03T14:19:49.000Z</time>
        <speed>1.185</speed>
      </trkpt>
      <trkpt lat="50.5902226" lon="-2.4838792">
        <ele>8.2</ele>
        <time>2026-01-03T14:19:54.000Z</time>
        <speed>1.176</speed>
      </trkpt>
      <trkpt lat="50.5901724" lon="-2.4838695">
        <ele>8.2</ele>
        <time>2026-01-03T14:19:59.000Z</time>
        <speed>1.148</speed>
      </trkpt>
      <trkpt lat="50.5901014" lon="-2.4838652">
        <ele>7.6</ele>
        <time>2026-01-03T14:20:04.000Z</time>
        <speed>1.260</speed>
      </trkpt>
      <trkpt lat="50.5900376" lon="-2.4838720">
        <ele>7.6</ele>
        <time>2026-01-03T14:20:09.000Z</time>
        <speed>1.334</speed>
      </trkpt>
      <trkpt lat="50.5899797" lon="-2.4838535">
        <ele>7.0</ele>
        <time>2026-01-03T14:20:14.000Z</time>
        <speed>1.316</speed>
      </trkpt>
      <trkpt lat="50.5899215" lon="-2.4838468">
        <ele>6.6</ele>
        <time>2026-01-03T14:20:19.000Z</time>
        <speed>1.316</speed>
      </trkpt>
      <trkpt lat="50.5898554" lon="-2.4838214">
        <ele>6.2</ele>
        <time>2026-01-03T14:20:24.000Z</time>
        <speed>1.334</speed>
      </trkpt>
      <trkpt lat="50.5897939" lon="-2.4837888">
        <ele>5.8</ele>
        <time>2026-01-03T14:20:29.000Z</time>
        <speed>1.381</speed>
      </trkpt>
      <trkpt lat="50.5897362" lon="-2.4837644">
        <ele>5.2</ele>
        <time>2026-01-03T14:20:34.000Z</time>
        <speed>1.372</speed>
      </trkpt>
      <trkpt lat="50.5896777" lon="-2.4837397">
        <ele>4.8</ele>
        <time>2026-01-03T14:20:39.000Z</time>
        <speed>1.362</speed>
      </trkpt>
      <trkpt lat="50.5896134" lon="-2.4837157">
        <ele>4.6</ele>
        <time>2026-01-03T14:20:44.000Z</time>
        <speed>1.372</speed>
      </trkpt>
      <trkpt lat="50.5895471" lon="-2.4836931">
        <ele>4.2</ele>
        <time>2026-01-03T14:20:49.000Z</time>
        <speed>1.400</speed>
      </trkpt>
      <trkpt lat="50.5894833" lon="-2.4836734">
        <ele>3.4</ele>
        <time>2026-01-03T14:20:54.000Z</time>
        <speed>1.418</speed>
      </trkpt>
      <trkpt lat="50.5894254" lon="-2.4836608">
        <ele>3.0</ele>
        <time>2026-01-03T14:20:59.000Z</time>
        <speed>1.418</speed>
      </trkpt>
      <trkpt lat="50.5893782" lon="-2.4836302">
        <ele>2.4</ele>
        <time>2026-01-03T14:21:04.000Z</time>
        <speed>1.400</speed>
      </trkpt>
      <trkpt lat="50.5893137" lon="-2.4836069">
        <ele>2.0</ele>
        <time>2026-01-03T14:21:09.000Z</time>
        <speed>1.390</speed>
      </trkpt>
      <trkpt lat="50.5892486" lon="-2.4835833">
        <ele>1.6</ele>
        <time>2026-01-03T14:21:14.000Z</time>
        <speed>1.400</speed>
      </trkpt>
      <trkpt lat="50.5892051" lon="-2.4835353">
        <ele>1.4</ele>
        <time>2026-01-03T14:21:19.000Z</time>
        <speed>1.400</speed>
      </trkpt>
      <trkpt lat="50.5891648" lon="-2.4834857">
        <ele>1.2</ele>
        <time>2026-01-03T14:21:24.000Z</time>
        <speed>1.372</speed>
      </trkpt>
      <trkpt lat="50.5891336" lon="-2.4834613">
        <ele>1.6</ele>
        <time>2026-01-03T14:21:29.000Z</time>
        <speed>1.288</speed>
      </trkpt>
      <trkpt lat="50.5891334" lon="-2.4834607">
        <ele>1.8</ele>
        <time>2026-01-03T14:21:34.000Z</time>
        <speed>0.000</speed>
      </trkpt>
      <trkpt lat="50.5891334" lon="-2.4834607">
        <ele>1.8</ele>
        <time>2026-01-03T14:21:39.000Z</time>
        <speed>0.000</speed>
      </trkpt>
      <trkpt lat="50.5891334" lon="-2.4834607">
        <ele>2.0</ele>
        <time>2026-01-03T14:21:44.000Z</time>
        <speed>0.000</speed>
      </trkpt>
      <trkpt lat="50.5891334" lon="-2.4834607">
        <ele>1.4</ele>
        <time>2026-01-03T14:21:49.000Z</time>
        <speed>0.000</speed>
      </trkpt>
      <trkpt lat="50.5891334" lon="-2.4834607">
        <ele>1.6</ele>
        <time>2026-01-03T14:21:54.000Z</time>
        <speed>0.000</speed>
      </trkpt>
      <trkpt lat="50.5891334" lon="-2.4834607">
        <ele>1.4</ele>
        <time>2026-01-03T14:21:59.000Z</time>
        <speed>0.000</speed>
      </trkpt>
      <trkpt lat="50.5891405" lon="-2.4834154">
        <ele>1.0</ele>
        <time>2026-01-03T14:22:04.000Z</time>
        <speed>0.000</speed>
      </trkpt>
      <trkpt lat="50.5891304" lon="-2.4833217">
        <ele>0.8</ele>
        <time>2026-01-03T14:22:09.000Z</time>
        <speed>1.204</speed>
      </trkpt>
      <trkpt lat="50.5891185" lon="-2.4832185">
        <ele>0.6</ele>
        <time>2026-01-03T14:22:14.000Z</time>
        <speed>1.428</speed>
      </trkpt>
      <trkpt lat="50.5890965" lon="-2.4831195">
        <ele>0.8</ele>
        <time>2026-01-03T14:22:19.000Z</time>
        <speed>1.446</speed>
      </trkpt>
      <trkpt lat="50.5890820" lon="-2.4830220">
        <ele>1.2</ele>
        <time>2026-01-03T14:22:24.000Z</time>
        <speed>1.409</speed>
      </trkpt>
      <trkpt lat="50.5890721" lon="-2.4829212">
        <ele>1.6</ele>
        <time>2026-01-03T14:22:29.000Z</time>
        <speed>1.418</speed>
      </trkpt>
      <trkpt lat="50.5890561" lon="-2.4828247">
        <ele>1.2</ele>
        <time>2026-01-03T14:22:34.000Z</time>
        <speed>1.446</speed>
      </trkpt>
      <trkpt lat="50.5890432" lon="-2.4827221">
        <ele>1.6</ele>
        <time>2026-01-03T14:22:39.000Z</time>
        <speed>1.428</speed>
      </trkpt>
      <trkpt lat="50.5890261" lon="-2.4826268">
        <ele>1.6</ele>
        <time>2026-01-03T14:22:44.000Z</time>
        <speed>1.428</speed>
      </trkpt>
      <trkpt lat="50.5890144" lon="-2.4825266">
        <ele>1.6</ele>
        <time>2026-01-03T14:22:49.000Z</time>
        <speed>1.409</speed>
      </trkpt>
      <trkpt lat="50.5889835" lon="-2.4824347">
        <ele>1.4</ele>
        <time>2026-01-03T14:22:54.000Z</time>
        <speed>1.428</speed>
      </trkpt>
      <trkpt lat="50.5889532" lon="-2.4823450">
        <ele>1.2</ele>
        <time>2026-01-03T14:22:59.000Z</time>
        <speed>1.437</speed>
      </trkpt>
      <trkpt lat="50.5889227" lon="-2.4822612">
        <ele>1.0</ele>
        <time>2026-01-03T14:23:04.000Z</time>
        <speed>1.428</speed>
      </trkpt>
      <trkpt lat="50.5888981" lon="-2.4821759">
        <ele>0.8</ele>
        <time>2026-01-03T14:23:09.000Z</time>
        <speed>1.409</speed>
      </trkpt>
      <trkpt lat="50.5888901" lon="-2.4820686">
        <ele>0.6</ele>
        <time>2026-01-03T14:23:14.000Z</time>
        <speed>1.437</speed>
      </trkpt>
      <trkpt lat="50.5888996" lon="-2.4819725">
        <ele>0.8</ele>
        <time>2026-01-03T14:23:19.000Z</time>
        <speed>1.428</speed>
      </trkpt>
      <trkpt lat="50.5888988" lon="-2.4819547">
        <ele>1.2</ele>
        <time>2026-01-03T14:23:24.000Z</time>
        <speed>1.222</speed>
      </trkpt>
      <trkpt lat="50.5888991" lon="-2.4819547">
        <ele>1.2</ele>
        <time>2026-01-03T14:23:29.000Z</time>
        <speed>0.000</speed>
      </trkpt>
      <trkpt lat="50.5888991" lon="-2.4819547">
        <ele>1.4</ele>
        <time>2026-01-03T14:23:34.000Z</time>
        <speed>0.000</speed>
      </trkpt>
      <trkpt lat="50.5889052" lon="-2.4819192">
        <ele>1.2</ele>
        <time>2026-01-03T14:23:39.000Z</time>
        <speed>0.000</speed>
      </trkpt>
      <trkpt lat="50.5889141" lon="-2.4818226">
        <ele>1.2</ele>
        <time>2026-01-03T14:23:44.000Z</time>
        <speed>1.465</speed>
      </trkpt>
      <trkpt lat="50.5889325" lon="-2.4817327">
        <ele>1.8</ele>
        <time>2026-01-03T14:23:49.000Z</time>
        <speed>1.278</speed>
      </trkpt>
      <trkpt lat="50.5889545" lon="-2.4816471">
        <ele>2.6</ele>
        <time>2026-01-03T14:23:54.000Z</time>
        <speed>1.288</speed>
      </trkpt>
      <trkpt lat="50.5889684" lon="-2.4815576">
        <ele>3.2</ele>
        <time>2026-01-03T14:23:59.000Z</time>
        <speed>1.250</speed>
      </trkpt>
      <trkpt lat="50.5889667" lon="-2.4814702">
        <ele>3.6</ele>
        <time>2026-01-03T14:24:04.000Z</time>
        <speed>1.269</speed>
      </trkpt>
      <trkpt lat="50.5889522" lon="-2.4813727">
        <ele>2.6</ele>
        <time>2026-01-03T14:24:09.000Z</time>
        <speed>1.334</speed>
      </trkpt>
      <trkpt lat="50.5889316" lon="-2.4812741">
        <ele>2.0</ele>
        <time>2026-01-03T14:24:14.000Z</time>
        <speed>1.381</speed>
      </trkpt>
      <trkpt lat="50.5889163" lon="-2.4812239">
        <ele>2.4</ele>
        <time>2026-01-03T14:24:19.000Z</time>
        <speed>1.344</speed>
      </trkpt>
      <trkpt lat="50.5889167" lon="-2.4812168">
        <ele>2.4</ele>
        <time>2026-01-03T14:24:24.000Z</time>
        <speed>0.000</speed>
      </trkpt>
      <trkpt lat="50.5889002" lon="-2.4811295">
        <ele>1.8</ele>
        <time>2026-01-03T14:24:29.000Z</time>
        <speed>1.269</speed>
      </trkpt>
      <trkpt lat="50.5888717" lon="-2.4810416">
        <ele>1.6</ele>
        <time>2026-01-03T14:24:34.000Z</time>
        <speed>1.409</speed>
      </trkpt>
      <trkpt lat="50.5888405" lon="-2.4809483">
        <ele>0.6</ele>
        <time>2026-01-03T14:24:39.000Z</time>
        <speed>1.381</speed>
      </trkpt>
      <trkpt lat="50.5888090" lon="-2.4808750">
        <ele>-0.2</ele>
        <time>2026-01-03T14:24:44.000Z</time>
        <speed>1.372</speed>
      </trkpt>
      <trkpt lat="50.5887691" lon="-2.4807812">
        <ele>-0.4</ele>
        <time>2026-01-03T14:24:49.000Z</time>
        <speed>1.437</speed>
      </trkpt>
      <trkpt lat="50.5887328" lon="-2.4806962">
        <ele>-0.8</ele>
        <time>2026-01-03T14:24:54.000Z</time>
        <speed>1.465</speed>
      </trkpt>
      <trkpt lat="50.5887101" lon="-2.4806164">
        <ele>-0.8</ele>
        <time>2026-01-03T14:24:59.000Z</time>
        <speed>1.390</speed>
      </trkpt>
      <trkpt lat="50.5886748" lon="-2.4805278">
        <ele>-1.0</ele>
        <time>2026-01-03T14:25:04.000Z</time>
        <speed>1.372</speed>
      </trkpt>
      <trkpt lat="50.5886292" lon="-2.4804489">
        <ele>-1.0</ele>
        <time>2026-01-03T14:25:09.000Z</time>
        <speed>1.418</speed>
      </trkpt>
      <trkpt lat="50.5885774" lon="-2.4803755">
        <ele>-1.0</ele>
        <time>2026-01-03T14:25:14.000Z</time>
        <speed>1.437</speed>
      </trkpt>
      <trkpt lat="50.5885311" lon="-2.4803186">
        <ele>-0.8</ele>
        <time>2026-01-03T14:25:19.000Z</time>
        <speed>1.446</speed>
      </trkpt>
      <trkpt lat="50.5884806" lon="-2.4802575">
        <ele>-0.6</ele>
        <time>2026-01-03T14:25:24.000Z</time>
        <speed>1.437</speed>
      </trkpt>
      <trkpt lat="50.5884357" lon="-2.4801856">
        <ele>-0.2</ele>
        <time>2026-01-03T14:25:29.000Z</time>
        <speed>1.428</speed>
      </trkpt>
      <trkpt lat="50.5883899" lon="-2.4801238">
        <ele>0.4</ele>
        <time>2026-01-03T14:25:34.000Z</time>
        <speed>1.437</speed>
      </trkpt>
      <trkpt lat="50.5883436" lon="-2.4800580">
        <ele>1.0</ele>
        <time>2026-01-03T14:25:39.000Z</time>
        <speed>1.437</speed>
      </trkpt>
      <trkpt lat="50.5883060" lon="-2.4799963">
        <ele>1.8</ele>
        <time>2026-01-03T14:25:44.000Z</time>
        <speed>1.428</speed>
      </trkpt>
      <trkpt lat="50.5882621" lon="-2.4799377">
        <ele>2.6</ele>
        <time>2026-01-03T14:25:49.000Z</time>
        <speed>1.409</speed>
      </trkpt>
      <trkpt lat="50.5882148" lon="-2.4798793">
        <ele>3.0</ele>
        <time>2026-01-03T14:25:54.000Z</time>
        <speed>1.390</speed>
      </trkpt>
      <trkpt lat="50.5881689" lon="-2.4798148">
        <ele>4.0</ele>
        <time>2026-01-03T14:25:59.000Z</time>
        <speed>1.390</speed>
      </trkpt>
      <trkpt lat="50.5881427" lon="-2.4797382">
        <ele>5.0</ele>
        <time>2026-01-03T14:26:04.000Z</time>
        <speed>1.390</speed>
      </trkpt>
      <trkpt lat="50.5881143" lon="-2.4796573">
        <ele>5.6</ele>
        <time>2026-01-03T14:26:09.000Z</time>
        <speed>1.381</speed>
      </trkpt>
      <trkpt lat="50.5880814" lon="-2.4795891">
        <ele>6.0</ele>
        <time>2026-01-03T14:26:14.000Z</time>
        <speed>1.362</speed>
      </trkpt>
      <trkpt lat="50.5880366" lon="-2.4795304">
        <ele>6.4</ele>
        <time>2026-01-03T14:26:19.000Z</time>
        <speed>1.344</speed>
      </trkpt>
      <trkpt lat="50.5879888" lon="-2.4794679">
        <ele>6.8</ele>
        <time>2026-01-03T14:26:24.000Z</time>
        <speed>1.334</speed>
      </trkpt>
      <trkpt lat="50.5879393" lon="-2.4794104">
        <ele>7.4</ele>
        <time>2026-01-03T14:26:29.000Z</time>
        <speed>1.325</speed>
      </trkpt>
      <trkpt lat="50.5878890" lon="-2.4793660">
        <ele>7.6</ele>
        <time>2026-01-03T14:26:34.000Z</time>
        <speed>1.325</speed>
      </trkpt>
      <trkpt lat="50.5878391" lon="-2.4793322">
        <ele>7.8</ele>
        <time>2026-01-03T14:26:39.000Z</time>
        <speed>1.316</speed>
      </trkpt>
      <trkpt lat="50.5877802" lon="-2.4792899">
        <ele>7.8</ele>
        <time>2026-01-03T14:26:44.000Z</time>
        <speed>1.306</speed>
      </trkpt>
      <trkpt lat="50.5877308" lon="-2.4792224">
        <ele>8.0</ele>
        <time>2026-01-03T14:26:49.000Z</time>
        <speed>1.325</speed>
      </trkpt>
      <trkpt lat="50.5876861" lon="-2.4791489">
        <ele>8.4</ele>
        <time>2026-01-03T14:26:54.000Z</time>
        <speed>1.334</speed>
      </trkpt>
      <trkpt lat="50.5876435" lon="-2.4790769">
        <ele>8.6</ele>
        <time>2026-01-03T14:26:59.000Z</time>
        <speed>1.344</speed>
      </trkpt>
      <trkpt lat="50.5875937" lon="-2.4790124">
        <ele>8.8</ele>
        <time>2026-01-03T14:27:04.000Z</time>
        <speed>1.344</speed>
      </trkpt>
      <trkpt lat="50.5875503" lon="-2.4789455">
        <ele>9.2</ele>
        <time>2026-01-03T14:27:09.000Z</time>
        <speed>1.344</speed>
      </trkpt>
      <trkpt lat="50.5875102" lon="-2.4788964">
        <ele>9.4</ele>
        <time>2026-01-03T14:27:14.000Z</time>
        <speed>1.334</speed>
      </trkpt>
      <trkpt lat="50.5874621" lon="-2.4788348">
        <ele>9.8</ele>
        <time>2026-01-03T14:27:19.000Z</time>
        <speed>1.325</speed>
      </trkpt>
      <trkpt lat="50.5874189" lon="-2.4787550">
        <ele>9.6</ele>
        <time>2026-01-03T14:27:24.000Z</time>
        <speed>1.344</speed>
      </trkpt>
      <trkpt lat="50.5873741" lon="-2.4786901">
        <ele>9.8</ele>
        <time>2026-01-03T14:27:29.000Z</time>
        <speed>1.334</speed>
      </trkpt>
      <trkpt lat="50.5873248" lon="-2.4786288">
        <ele>10.0</ele>
        <time>2026-01-03T14:27:34.000Z</time>
        <speed>1.353</speed>
      </trkpt>
      <trkpt lat="50.5872795" lon="-2.4785574">
        <ele>9.8</ele>
        <time>2026-01-03T14:27:39.000Z</time>
        <speed>1.362</speed>
      </trkpt>
      <trkpt lat="50.5872343" lon="-2.4784920">
        <ele>9.8</ele>
        <time>2026-01-03T14:27:44.000Z</time>
        <speed>1.372</speed>
      </trkpt>
      <trkpt lat="50.5871833" lon="-2.4784095">
        <ele>9.6</ele>
        <time>2026-01-03T14:27:49.000Z</time>
        <speed>1.372</speed>
      </trkpt>
      <trkpt lat="50.5871331" lon="-2.4783445">
        <ele>9.8</ele>
        <time>2026-01-03T14:27:54.000Z</time>
        <speed>1.390</speed>
      </trkpt>
      <trkpt lat="50.5870882" lon="-2.4782787">
        <ele>10.0</ele>
        <time>2026-01-03T14:27:59.000Z</time>
        <speed>1.390</speed>
      </trkpt>
      <trkpt lat="50.5870490" lon="-2.4782087">
        <ele>9.4</ele>
        <time>2026-01-03T14:28:04.000Z</time>
        <speed>1.381</speed>
      </trkpt>
      <trkpt lat="50.5869926" lon="-2.4781440">
        <ele>9.4</ele>
        <time>2026-01-03T14:28:09.000Z</time>
        <speed>1.390</speed>
      </trkpt>
      <trkpt lat="50.5869366" lon="-2.4780802">
        <ele>9.4</ele>
        <time>2026-01-03T14:28:14.000Z</time>
        <speed>1.418</speed>
      </trkpt>
      <trkpt lat="50.5868869" lon="-2.4780224">
        <ele>9.4</ele>
        <time>2026-01-03T14:28:19.000Z</time>
        <speed>1.418</speed>
      </trkpt>
      <trkpt lat="50.5868380" lon="-2.4779611">
        <ele>8.8</ele>
        <time>2026-01-03T14:28:24.000Z</time>
        <speed>1.418</speed>
      </trkpt>
      <trkpt lat="50.5867861" lon="-2.4779053">
        <ele>8.6</ele>
        <time>2026-01-03T14:28:29.000Z</time>
        <speed>1.418</speed>
      </trkpt>
      <trkpt lat="50.5867243" lon="-2.4778959">
        <ele>8.6</ele>
        <time>2026-01-03T14:28:34.000Z</time>
        <speed>1.418</speed>
      </trkpt>
      <trkpt lat="50.5866682" lon="-2.4778495">
        <ele>7.8</ele>
        <time>2026-01-03T14:28:39.000Z</time>
        <speed>1.418</speed>
      </trkpt>
      <trkpt lat="50.5866354" lon="-2.4777670">
        <ele>7.6</ele>
        <time>2026-01-03T14:28:44.000Z</time>
        <speed>1.428</speed>
      </trkpt>
      <trkpt lat="50.5865936" lon="-2.4776918">
        <ele>7.4</ele>
        <time>2026-01-03T14:28:49.000Z</time>
        <speed>1.418</speed>
      </trkpt>
      <trkpt lat="50.5865458" lon="-2.4776318">
        <ele>7.4</ele>
        <time>2026-01-03T14:28:54.000Z</time>
        <speed>1.418</speed>
      </trkpt>
      <trkpt lat="50.5865072" lon="-2.4775876">
        <ele>6.0</ele>
        <time>2026-01-03T14:28:59.000Z</time>
        <speed>1.390</speed>
      </trkpt>
      <trkpt lat="50.5864533" lon="-2.4775435">
        <ele>4.6</ele>
        <time>2026-01-03T14:29:04.000Z</time>
        <speed>1.381</speed>
      </trkpt>
      <trkpt lat="50.5864063" lon="-2.4774835">
        <ele>4.0</ele>
        <time>2026-01-03T14:29:09.000Z</time>
        <speed>1.372</speed>
      </trkpt>
      <trkpt lat="50.5863715" lon="-2.4774152">
        <ele>4.2</ele>
        <time>2026-01-03T14:29:14.000Z</time>
        <speed>1.353</speed>
      </trkpt>
      <trkpt lat="50.5863402" lon="-2.4773450">
        <ele>4.6</ele>
        <time>2026-01-03T14:29:19.000Z</time>
        <speed>1.325</speed>
      </trkpt>
      <trkpt lat="50.5862754" lon="-2.4772900">
        <ele>4.2</ele>
        <time>2026-01-03T14:29:24.000Z</time>
        <speed>1.353</speed>
      </trkpt>
      <trkpt lat="50.5862205" lon="-2.4772302">
        <ele>4.0</ele>
        <time>2026-01-03T14:29:29.000Z</time>
        <speed>1.372</speed>
      </trkpt>
      <trkpt lat="50.5861778" lon="-2.4771782">
        <ele>4.0</ele>
        <time>2026-01-03T14:29:34.000Z</time>
        <speed>1.362</speed>
      </trkpt>
      <trkpt lat="50.5861313" lon="-2.4771189">
        <ele>4.2</ele>
        <time>2026-01-03T14:29:39.000Z</time>
        <speed>1.353</speed>
      </trkpt>
      <trkpt lat="50.5860912" lon="-2.4771100">
        <ele>4.0</ele>
        <time>2026-01-03T14:29:44.000Z</time>
        <speed>1.288</speed>
      </trkpt>
      <trkpt lat="50.5860583" lon="-2.4771007">
        <ele>2.6</ele>
        <time>2026-01-03T14:29:49.000Z</time>
        <speed>1.101</speed>
      </trkpt>
      <trkpt lat="50.5860175" lon="-2.4770459">
        <ele>2.0</ele>
        <time>2026-01-03T14:29:54.000Z</time>
        <speed>1.129</speed>
      </trkpt>
      <trkpt lat="50.5859813" lon="-2.4769887">
        <ele>1.6</ele>
        <time>2026-01-03T14:29:59.000Z</time>
        <speed>1.148</speed>
      </trkpt>
      <trkpt lat="50.5859502" lon="-2.4769688">
        <ele>1.0</ele>
        <time>2026-01-03T14:30:04.000Z</time>
        <speed>1.082</speed>
      </trkpt>
      <trkpt lat="50.5859560" lon="-2.4769646">
        <ele>0.8</ele>
        <time>2026-01-03T14:30:09.000Z</time>
        <speed>0.000</speed>
      </trkpt>
      <trkpt lat="50.5859557" lon="-2.4769642">
        <ele>0.4</ele>
        <time>2026-01-03T14:30:14.000Z</time>
        <speed>0.000</speed>
      </trkpt>
      <trkpt lat="50.5859164" lon="-2.4769182">
        <ele>-0.2</ele>
        <time>2026-01-03T14:30:19.000Z</time>
        <speed>1.120</speed>
      </trkpt>
      <trkpt lat="50.5858967" lon="-2.4768609">
        <ele>-0.6</ele>
        <time>2026-01-03T14:30:24.000Z</time>
        <speed>0.840</speed>
      </trkpt>
      <trkpt lat="50.5858827" lon="-2.4767972">
        <ele>-1.0</ele>
        <time>2026-01-03T14:30:29.000Z</time>
        <speed>1.054</speed>
      </trkpt>
      <trkpt lat="50.5858833" lon="-2.4767937">
        <ele>-0.8</ele>
        <time>2026-01-03T14:30:34.000Z</time>
        <speed>0.000</speed>
      </trkpt>
      <trkpt lat="50.5858845" lon="-2.4767912">
        <ele>-0.4</ele>
        <time>2026-01-03T14:30:39.000Z</time>
        <speed>0.000</speed>
      </trkpt>
      <trkpt lat="50.5858936" lon="-2.4767316">
        <ele>0.0</ele>
        <time>2026-01-03T14:30:44.000Z</time>
        <speed>0.000</speed>
      </trkpt>
      <trkpt lat="50.5858925" lon="-2.4766938">
        <ele>0.8</ele>
        <time>2026-01-03T14:30:49.000Z</time>
        <speed>0.000</speed>
      </trkpt>
      <trkpt lat="50.5858663" lon="-2.4766064">
        <ele>0.8</ele>
        <time>2026-01-03T14:30:54.000Z</time>
        <speed>1.260</speed>
      </trkpt>
      <trkpt lat="50.5858558" lon="-2.4765077">
        <ele>0.8</ele>
        <time>2026-01-03T14:30:59.000Z</time>
        <speed>1.288</speed>
      </trkpt>
      <trkpt lat="50.5858593" lon="-2.4764216">
        <ele>1.0</ele>
        <time>2026-01-03T14:31:04.000Z</time>
        <speed>1.241</speed>
      </trkpt>
      <trkpt lat="50.5858674" lon="-2.4763391">
        <ele>1.4</ele>
        <time>2026-01-03T14:31:09.000Z</time>
        <speed>1.260</speed>
      </trkpt>
      <trkpt lat="50.5858807" lon="-2.4762903">
        <ele>2.6</ele>
        <time>2026-01-03T14:31:14.000Z</time>
        <speed>1.092</speed>
      </trkpt>
      <trkpt lat="50.5858764" lon="-2.4762049">
        <ele>3.0</ele>
        <time>2026-01-03T14:31:19.000Z</time>
        <speed>1.148</speed>
      </trkpt>
      <trkpt lat="50.5858796" lon="-2.4761156">
        <ele>3.4</ele>
        <time>2026-01-03T14:31:24.000Z</time>
        <speed>1.166</speed>
      </trkpt>
      <trkpt lat="50.5858867" lon="-2.4760318">
        <ele>3.4</ele>
        <time>2026-01-03T14:31:29.000Z</time>
        <speed>1.176</speed>
      </trkpt>
      <trkpt lat="50.5858916" lon="-2.4759466">
        <ele>4.2</ele>
        <time>2026-01-03T14:31:34.000Z</time>
        <speed>1.185</speed>
      </trkpt>
      <trkpt lat="50.5858975" lon="-2.4758456">
        <ele>4.8</ele>
        <time>2026-01-03T14:31:39.000Z</time>
        <speed>1.222</speed>
      </trkpt>
      <trkpt lat="50.5858861" lon="-2.4757461">
        <ele>5.2</ele>
        <time>2026-01-03T14:31:44.000Z</time>
        <speed>1.297</speed>
      </trkpt>
      <trkpt lat="50.5858895" lon="-2.4756422">
        <ele>6.0</ele>
        <time>2026-01-03T14:31:49.000Z</time>
        <speed>1.316</speed>
      </trkpt>
      <trkpt lat="50.5858890" lon="-2.4755511">
        <ele>6.2</ele>
        <time>2026-01-03T14:31:54.000Z</time>
        <speed>1.306</speed>
      </trkpt>
      <trkpt lat="50.5858693" lon="-2.4754709">
        <ele>6.6</ele>
        <time>2026-01-03T14:31:59.000Z</time>
        <speed>1.316</speed>
      </trkpt>
      <trkpt lat="50.5858345" lon="-2.4754277">
        <ele>6.2</ele>
        <time>2026-01-03T14:32:04.000Z</time>
        <speed>1.269</speed>
      </trkpt>
      <trkpt lat="50.5858068" lon="-2.4754232">
        <ele>5.2</ele>
        <time>2026-01-03T14:32:09.000Z</time>
        <speed>1.166</speed>
      </trkpt>
      <trkpt lat="50.5857788" lon="-2.4754297">
        <ele>4.0</ele>
        <time>2026-01-03T14:32:14.000Z</time>
        <speed>0.849</speed>
      </trkpt>
      <trkpt lat="50.5857595" lon="-2.4754079">
        <ele>2.4</ele>
        <time>2026-01-03T14:32:19.000Z</time>
        <speed>0.588</speed>
      </trkpt>
      <trkpt lat="50.5857335" lon="-2.4753851">
        <ele>0.4</ele>
        <time>2026-01-03T14:32:24.000Z</time>
        <speed>0.681</speed>
      </trkpt>
      <trkpt lat="50.5857113" lon="-2.4753089">
        <ele>0.0</ele>
        <time>2026-01-03T14:32:29.000Z</time>
        <speed>1.026</speed>
      </trkpt>
      <trkpt lat="50.5856950" lon="-2.4752488">
        <ele>-0.2</ele>
        <time>2026-01-03T14:32:34.000Z</time>
        <speed>1.036</speed>
      </trkpt>
      <trkpt lat="50.5856808" lon="-2.4751589">
        <ele>-1.0</ele>
        <time>2026-01-03T14:32:39.000Z</time>
        <speed>1.222</speed>
      </trkpt>
      <trkpt lat="50.5856921" lon="-2.4750761">
        <ele>-0.8</ele>
        <time>2026-01-03T14:32:44.000Z</time>
        <speed>1.213</speed>
      </trkpt>
      <trkpt lat="50.5856807" lon="-2.4750500">
        <ele>-0.8</ele>
        <time>2026-01-03T14:32:49.000Z</time>
        <speed>1.008</speed>
      </trkpt>
      <trkpt lat="50.5856656" lon="-2.4750088">
        <ele>-0.8</ele>
        <time>2026-01-03T14:32:54.000Z</time>
        <speed>1.120</speed>
      </trkpt>
      <trkpt lat="50.5856389" lon="-2.4749313">
        <ele>-1.2</ele>
        <time>2026-01-03T14:32:59.000Z</time>
        <speed>1.325</speed>
      </trkpt>
      <trkpt lat="50.5856233" lon="-2.4748536">
        <ele>-1.4</ele>
        <time>2026-01-03T14:33:04.000Z</time>
        <speed>1.101</speed>
      </trkpt>
      <trkpt lat="50.5856027" lon="-2.4747612">
        <ele>-1.4</ele>
        <time>2026-01-03T14:33:09.000Z</time>
        <speed>1.250</speed>
      </trkpt>
      <trkpt lat="50.5855809" lon="-2.4746743">
        <ele>-1.4</ele>
        <time>2026-01-03T14:33:14.000Z</time>
        <speed>1.344</speed>
      </trkpt>
      <trkpt lat="50.5855575" lon="-2.4745853">
        <ele>-1.6</ele>
        <time>2026-01-03T14:33:19.000Z</time>
        <speed>1.288</speed>
      </trkpt>
      <trkpt lat="50.5855369" lon="-2.4745023">
        <ele>-1.8</ele>
        <time>2026-01-03T14:33:24.000Z</time>
        <speed>1.297</speed>
      </trkpt>
      <trkpt lat="50.5855091" lon="-2.4744150">
        <ele>-1.8</ele>
        <time>2026-01-03T14:33:29.000Z</time>
        <speed>1.297</speed>
      </trkpt>
      <trkpt lat="50.5854814" lon="-2.4743299">
        <ele>-2.0</ele>
        <time>2026-01-03T14:33:34.000Z</time>
        <speed>1.316</speed>
      </trkpt>
      <trkpt lat="50.5854588" lon="-2.4742360">
        <ele>-2.2</ele>
        <time>2026-01-03T14:33:39.000Z</time>
        <speed>1.325</speed>
      </trkpt>
      <trkpt lat="50.5854568" lon="-2.4741459">
        <ele>-2.6</ele>
        <time>2026-01-03T14:33:44.000Z</time>
        <speed>1.325</speed>
      </trkpt>
      <trkpt lat="50.5854195" lon="-2.4741154">
        <ele>-2.4</ele>
        <time>2026-01-03T14:33:49.000Z</time>
        <speed>1.278</speed>
      </trkpt>
      <trkpt lat="50.5853929" lon="-2.4740219">
        <ele>-2.2</ele>
        <time>2026-01-03T14:33:54.000Z</time>
        <speed>1.278</speed>
      </trkpt>
      <trkpt lat="50.5853642" lon="-2.4739358">
        <ele>-2.0</ele>
        <time>2026-01-03T14:33:59.000Z</time>
        <speed>1.306</speed>
      </trkpt>
      <trkpt lat="50.5853361" lon="-2.4738551">
        <ele>-2.0</ele>
        <time>2026-01-03T14:34:04.000Z</time>
        <speed>1.306</speed>
      </trkpt>
      <trkpt lat="50.5853026" lon="-2.4737680">
        <ele>-2.2</ele>
        <time>2026-01-03T14:34:09.000Z</time>
        <speed>1.306</speed>
      </trkpt>
      <trkpt lat="50.5852704" lon="-2.4736782">
        <ele>-1.6</ele>
        <time>2026-01-03T14:34:14.000Z</time>
        <speed>1.353</speed>
      </trkpt>
      <trkpt lat="50.5852470" lon="-2.4735824">
        <ele>-1.0</ele>
        <time>2026-01-03T14:34:19.000Z</time>
        <speed>1.353</speed>
      </trkpt>
      <trkpt lat="50.5852232" lon="-2.4734870">
        <ele>-1.0</ele>
        <time>2026-01-03T14:34:24.000Z</time>
        <speed>1.362</speed>
      </trkpt>
      <trkpt lat="50.5851911" lon="-2.4734003">
        <ele>-0.6</ele>
        <time>2026-01-03T14:34:29.000Z</time>
        <speed>1.381</speed>
      </trkpt>
      <trkpt lat="50.5851605" lon="-2.4733106">
        <ele>-0.6</ele>
        <time>2026-01-03T14:34:34.000Z</time>
        <speed>1.381</speed>
      </trkpt>
      <trkpt lat="50.5851446" lon="-2.4732247">
        <ele>-0.4</ele>
        <time>2026-01-03T14:34:39.000Z</time>
        <speed>1.381</speed>
      </trkpt>
      <trkpt lat="50.5851430" lon="-2.4731337">
        <ele>-0.6</ele>
        <time>2026-01-03T14:34:44.000Z</time>
        <speed>1.362</speed>
      </trkpt>
      <trkpt lat="50.5851808" lon="-2.4730716">
        <ele>-0.4</ele>
        <time>2026-01-03T14:34:49.000Z</time>
        <speed>1.353</speed>
      </trkpt>
      <trkpt lat="50.5852277" lon="-2.4730110">
        <ele>-0.4</ele>
        <time>2026-01-03T14:34:54.000Z</time>
        <speed>1.362</speed>
      </trkpt>
      <trkpt lat="50.5852707" lon="-2.4729447">
        <ele>-0.8</ele>
        <time>2026-01-03T14:34:59.000Z</time>
        <speed>1.353</speed>
      </trkpt>
      <trkpt lat="50.5853020" lon="-2.4728583">
        <ele>-0.6</ele>
        <time>2026-01-03T14:35:04.000Z</time>
        <speed>1.372</speed>
      </trkpt>
      <trkpt lat="50.5853448" lon="-2.4727802">
        <ele>-0.6</ele>
        <time>2026-01-03T14:35:09.000Z</time>
        <speed>1.372</speed>
      </trkpt>
      <trkpt lat="50.5853661" lon="-2.4726848">
        <ele>-0.2</ele>
        <time>2026-01-03T14:35:14.000Z</time>
        <speed>1.372</speed>
      </trkpt>
      <trkpt lat="50.5853793" lon="-2.4725879">
        <ele>0.0</ele>
        <time>2026-01-03T14:35:19.000Z</time>
        <speed>1.381</speed>
      </trkpt>
      <trkpt lat="50.5853979" lon="-2.4724811">
        <ele>0.6</ele>
        <time>2026-01-03T14:35:24.000Z</time>
        <speed>1.409</speed>
      </trkpt>
      <trkpt lat="50.5854168" lon="-2.4723892">
        <ele>1.6</ele>
        <time>2026-01-03T14:35:29.000Z</time>
        <speed>1.418</speed>
      </trkpt>
      <trkpt lat="50.5854374" lon="-2.4722861">
        <ele>2.0</ele>
        <time>2026-01-03T14:35:34.000Z</time>
        <speed>1.418</speed>
      </trkpt>
      <trkpt lat="50.5854121" lon="-2.4721966">
        <ele>2.4</ele>
        <time>2026-01-03T14:35:39.000Z</time>
        <speed>1.409</speed>
      </trkpt>
      <trkpt lat="50.5853581" lon="-2.4721404">
        <ele>2.6</ele>
        <time>2026-01-03T14:35:44.000Z</time>
        <speed>1.418</speed>
      </trkpt>
      <trkpt lat="50.5852910" lon="-2.4721225">
        <ele>2.6</ele>
        <time>2026-01-03T14:35:49.000Z</time>
        <speed>1.418</speed>
      </trkpt>
      <trkpt lat="50.5852566" lon="-2.4721084">
        <ele>2.8</ele>
        <time>2026-01-03T14:35:54.000Z</time>
        <speed>1.400</speed>
      </trkpt>
      <trkpt lat="50.5852514" lon="-2.4720900">
        <ele>2.6</ele>
        <time>2026-01-03T14:35:59.000Z</time>
        <speed>0.000</speed>
      </trkpt>
      <trkpt lat="50.5852508" lon="-2.4720302">
        <ele>2.8</ele>
        <time>2026-01-03T14:36:04.000Z</time>
        <speed>1.241</speed>
      </trkpt>
      <trkpt lat="50.5852627" lon="-2.4719191">
        <ele>3.0</ele>
        <time>2026-01-03T14:36:09.000Z</time>
        <speed>1.521</speed>
      </trkpt>
      <trkpt lat="50.5852770" lon="-2.4718305">
        <ele>3.0</ele>
        <time>2026-01-03T14:36:14.000Z</time>
        <speed>1.372</speed>
      </trkpt>
      <trkpt lat="50.5852945" lon="-2.4717477">
        <ele>3.4</ele>
        <time>2026-01-03T14:36:19.000Z</time>
        <speed>1.278</speed>
      </trkpt>
      <trkpt lat="50.5853062" lon="-2.4716449">
        <ele>3.0</ele>
        <time>2026-01-03T14:36:24.000Z</time>
        <speed>1.334</speed>
      </trkpt>
      <trkpt lat="50.5853068" lon="-2.4715559">
        <ele>2.4</ele>
        <time>2026-01-03T14:36:29.000Z</time>
        <speed>1.325</speed>
      </trkpt>
      <trkpt lat="50.5853105" lon="-2.4714487">
        <ele>2.0</ele>
        <time>2026-01-03T14:36:34.000Z</time>
        <speed>1.372</speed>
      </trkpt>
      <trkpt lat="50.5853185" lon="-2.4713554">
        <ele>1.8</ele>
        <time>2026-01-03T14:36:39.000Z</time>
        <speed>1.381</speed>
      </trkpt>
      <trkpt lat="50.5853218" lon="-2.4712603">
        <ele>1.8</ele>
        <time>2026-01-03T14:36:44.000Z</time>
        <speed>1.381</speed>
      </trkpt>
      <trkpt lat="50.5853336" lon="-2.4711669">
        <ele>2.0</ele>
        <time>2026-01-03T14:36:49.000Z</time>
        <speed>1.381</speed>
      </trkpt>
      <trkpt lat="50.5853275" lon="-2.4710907">
        <ele>1.8</ele>
        <time>2026-01-03T14:36:54.000Z</time>
        <speed>1.316</speed>
      </trkpt>
      <trkpt lat="50.5853370" lon="-2.4709919">
        <ele>1.6</ele>
        <time>2026-01-03T14:36:59.000Z</time>
        <speed>1.316</speed>
      </trkpt>
      <trkpt lat="50.5853467" lon="-2.4708955">
        <ele>1.6</ele>
        <time>2026-01-03T14:37:04.000Z</time>
        <speed>1.325</speed>
      </trkpt>
      <trkpt lat="50.5853557" lon="-2.4707963">
        <ele>1.6</ele>
        <time>2026-01-03T14:37:09.000Z</time>
        <speed>1.325</speed>
      </trkpt>
      <trkpt lat="50.5853571" lon="-2.4706965">
        <ele>1.6</ele>
        <time>2026-01-03T14:37:14.000Z</time>
        <speed>1.334</speed>
      </trkpt>
      <trkpt lat="50.5853517" lon="-2.4706035">
        <ele>1.6</ele>
        <time>2026-01-03T14:37:19.000Z</time>
        <speed>1.344</speed>
      </trkpt>
      <trkpt lat="50.5853502" lon="-2.4704980">
        <ele>1.4</ele>
        <time>2026-01-03T14:37:24.000Z</time>
        <speed>1.344</speed>
      </trkpt>
      <trkpt lat="50.5853571" lon="-2.4704002">
        <ele>1.4</ele>
        <time>2026-01-03T14:37:29.000Z</time>
        <speed>1.353</speed>
      </trkpt>
      <trkpt lat="50.5853758" lon="-2.4702935">
        <ele>1.4</ele>
        <time>2026-01-03T14:37:34.000Z</time>
        <speed>1.362</speed>
      </trkpt>
      <trkpt lat="50.5853802" lon="-2.4701967">
        <ele>1.8</ele>
        <time>2026-01-03T14:37:39.000Z</time>
        <speed>1.381</speed>
      </trkpt>
      <trkpt lat="50.5853955" lon="-2.4701096">
        <ele>2.6</ele>
        <time>2026-01-03T14:37:44.000Z</time>
        <speed>1.381</speed>
      </trkpt>
      <trkpt lat="50.5854150" lon="-2.4700663">
        <ele>2.8</ele>
        <time>2026-01-03T14:37:49.000Z</time>
        <speed>1.325</speed>
      </trkpt>
      <trkpt lat="50.5854046" lon="-2.4700112">
        <ele>3.0</ele>
        <time>2026-01-03T14:37:54.000Z</time>
        <speed>1.166</speed>
      </trkpt>
      <trkpt lat="50.5854112" lon="-2.4699827">
        <ele>2.6</ele>
        <time>2026-01-03T14:37:59.000Z</time>
        <speed>0.457</speed>
      </trkpt>
      <trkpt lat="50.5854112" lon="-2.4699827">
        <ele>2.6</ele>
        <time>2026-01-03T14:38:04.000Z</time>
        <speed>0.000</speed>
      </trkpt>
      <trkpt lat="50.5854112" lon="-2.4699827">
        <ele>2.6</ele>
        <time>2026-01-03T14:38:09.000Z</time>
        <speed>0.000</speed>
      </trkpt>
      <trkpt lat="50.5854112" lon="-2.4699827">
        <ele>2.8</ele>
        <time>2026-01-03T14:38:14.000Z</time>
        <speed>0.000</speed>
      </trkpt>
      <trkpt lat="50.5854112" lon="-2.4699827">
        <ele>2.8</ele>
        <time>2026-01-03T14:38:19.000Z</time>
        <speed>0.000</speed>
      </trkpt>
      <trkpt lat="50.5854112" lon="-2.4699827">
        <ele>3.0</ele>
        <time>2026-01-03T14:38:24.000Z</time>
        <speed>0.000</speed>
      </trkpt>
      <trkpt lat="50.5854112" lon="-2.4699827">
        <ele>3.4</ele>
        <time>2026-01-03T14:38:29.000Z</time>
        <speed>0.000</speed>
      </trkpt>
      <trkpt lat="50.5854112" lon="-2.4699827">
        <ele>3.6</ele>
        <time>2026-01-03T14:38:34.000Z</time>
        <speed>0.000</speed>
      </trkpt>
      <trkpt lat="50.5854112" lon="-2.4699827">
        <ele>4.0</ele>
        <time>2026-01-03T14:38:39.000Z</time>
        <speed>0.000</speed>
      </trkpt>
      <trkpt lat="50.5854112" lon="-2.4699827">
        <ele>4.0</ele>
        <time>2026-01-03T14:38:44.000Z</time>
        <speed>0.000</speed>
      </trkpt>
      <trkpt lat="50.5854112" lon="-2.4699827">
        <ele>4.0</ele>
        <time>2026-01-03T14:38:49.000Z</time>
        <speed>0.000</speed>
      </trkpt>
      <trkpt lat="50.5854372" lon="-2.4699899">
        <ele>4.0</ele>
        <time>2026-01-03T14:38:54.000Z</time>
        <speed>0.000</speed>
      </trkpt>
      <trkpt lat="50.5854913" lon="-2.4700307">
        <ele>4.6</ele>
        <time>2026-01-03T14:38:59.000Z</time>
        <speed>1.297</speed>
      </trkpt>
      <trkpt lat="50.5855581" lon="-2.4700238">
        <ele>4.4</ele>
        <time>2026-01-03T14:39:04.000Z</time>
        <speed>1.390</speed>
      </trkpt>
      <trkpt lat="50.5856206" lon="-2.4700026">
        <ele>4.2</ele>
        <time>2026-01-03T14:39:09.000Z</time>
        <speed>1.390</speed>
      </trkpt>
      <trkpt lat="50.5856808" lon="-2.4699584">
        <ele>4.4</ele>
        <time>2026-01-03T14:39:14.000Z</time>
        <speed>1.418</speed>
      </trkpt>
      <trkpt lat="50.5857408" lon="-2.4699318">
        <ele>4.4</ele>
        <time>2026-01-03T14:39:19.000Z</time>
        <speed>1.428</speed>
      </trkpt>
      <trkpt lat="50.5857951" lon="-2.4699045">
        <ele>4.4</ele>
        <time>2026-01-03T14:39:24.000Z</time>
        <speed>1.316</speed>
      </trkpt>
      <trkpt lat="50.5858672" lon="-2.4699055">
        <ele>4.8</ele>
        <time>2026-01-03T14:39:29.000Z</time>
        <speed>1.381</speed>
      </trkpt>
      <trkpt lat="50.5859351" lon="-2.4698875">
        <ele>4.8</ele>
        <time>2026-01-03T14:39:34.000Z</time>
        <speed>1.446</speed>
      </trkpt>
      <trkpt lat="50.5859972" lon="-2.4698472">
        <ele>5.0</ele>
        <time>2026-01-03T14:39:39.000Z</time>
        <speed>1.465</speed>
      </trkpt>
      <trkpt lat="50.5860506" lon="-2.4698120">
        <ele>5.2</ele>
        <time>2026-01-03T14:39:44.000Z</time>
        <speed>1.437</speed>
      </trkpt>
      <trkpt lat="50.5861028" lon="-2.4698046">
        <ele>5.0</ele>
        <time>2026-01-03T14:39:49.000Z</time>
        <speed>1.428</speed>
      </trkpt>
      <trkpt lat="50.5861239" lon="-2.4698814">
        <ele>4.8</ele>
        <time>2026-01-03T14:39:54.000Z</time>
        <speed>1.390</speed>
      </trkpt>
      <trkpt lat="50.5860708" lon="-2.4699496">
        <ele>4.2</ele>
        <time>2026-01-03T14:39:59.000Z</time>
        <speed>1.400</speed>
      </trkpt>
      <trkpt lat="50.5860171" lon="-2.4700070">
        <ele>4.0</ele>
        <time>2026-01-03T14:40:04.000Z</time>
        <speed>1.409</speed>
      </trkpt>
      <trkpt lat="50.5859942" lon="-2.4701009">
        <ele>3.8</ele>
        <time>2026-01-03T14:40:09.000Z</time>
        <speed>1.400</speed>
      </trkpt>
      <trkpt lat="50.5859758" lon="-2.4701967">
        <ele>3.6</ele>
        <time>2026-01-03T14:40:14.000Z</time>
        <speed>1.400</speed>
      </trkpt>
      <trkpt lat="50.5859303" lon="-2.4702083">
        <ele>3.8</ele>
        <time>2026-01-03T14:40:19.000Z</time>
        <speed>1.372</speed>
      </trkpt>
      <trkpt lat="50.5859102" lon="-2.4702076">
        <ele>3.6</ele>
        <time>2026-01-03T14:40:24.000Z</time>
        <speed>1.222</speed>
      </trkpt>
      <trkpt lat="50.5859151" lon="-2.4701738">
        <ele>3.6</ele>
        <time>2026-01-03T14:40:29.000Z</time>
        <speed>0.662</speed>
      </trkpt>
      <trkpt lat="50.5859236" lon="-2.4701641">
        <ele>3.4</ele>
        <time>2026-01-03T14:40:34.000Z</time>
        <speed>0.000</speed>
      </trkpt>
      <trkpt lat="50.5859140" lon="-2.4701639">
        <ele>3.4</ele>
        <time>2026-01-03T14:40:39.000Z</time>
        <speed>0.000</speed>
      </trkpt>
      <trkpt lat="50.5859166" lon="-2.4701724">
        <ele>3.0</ele>
        <time>2026-01-03T14:40:44.000Z</time>
        <speed>0.000</speed>
      </trkpt>
      <trkpt lat="50.5859159" lon="-2.4701687">
        <ele>3.0</ele>
        <time>2026-01-03T14:40:49.000Z</time>
        <speed>0.000</speed>
      </trkpt>
      <trkpt lat="50.5859097" lon="-2.4701669">
        <ele>2.8</ele>
        <time>2026-01-03T14:40:54.000Z</time>
        <speed>0.000</speed>
      </trkpt>
      <trkpt lat="50.5859130" lon="-2.4701688">
        <ele>2.4</ele>
        <time>2026-01-03T14:40:59.000Z</time>
        <speed>0.000</speed>
      </trkpt>
      <trkpt lat="50.5858991" lon="-2.4701785">
        <ele>2.2</ele>
        <time>2026-01-03T14:41:04.000Z</time>
        <speed>0.000</speed>
      </trkpt>
      <trkpt lat="50.5859088" lon="-2.4701838">
        <ele>1.2</ele>
        <time>2026-01-03T14:41:09.000Z</time>
        <speed>0.000</speed>
      </trkpt>
      <trkpt lat="50.5859121" lon="-2.4701957">
        <ele>1.0</ele>
        <time>2026-01-03T14:41:14.000Z</time>
        <speed>0.000</speed>
      </trkpt>
      <trkpt lat="50.5859204" lon="-2.4701902">
        <ele>1.0</ele>
        <time>2026-01-03T14:41:19.000Z</time>
        <speed>0.000</speed>
      </trkpt>
      <trkpt lat="50.5859139" lon="-2.4701838">
        <ele>1.0</ele>
        <time>2026-01-03T14:41:24.000Z</time>
        <speed>0.000</speed>
      </trkpt>
      <trkpt lat="50.5859185" lon="-2.4701855">
        <ele>0.8</ele>
        <time>2026-01-03T14:41:29.000Z</time>
        <speed>0.000</speed>
      </trkpt>
      <trkpt lat="50.5859155" lon="-2.4701911">
        <ele>0.6</ele>
        <time>2026-01-03T14:41:34.000Z</time>
        <speed>0.000</speed>
      </trkpt>
      <trkpt lat="50.5859102" lon="-2.4701920">
        <ele>0.6</ele>
        <time>2026-01-03T14:41:39.000Z</time>
        <speed>0.000</speed>
      </trkpt>
      <trkpt lat="50.5858963" lon="-2.4702013">
        <ele>0.2</ele>
        <time>2026-01-03T14:41:44.000Z</time>
        <speed>0.000</speed>
      </trkpt>
      <trkpt lat="50.5859118" lon="-2.4701907">
        <ele>0.2</ele>
        <time>2026-01-03T14:41:49.000Z</time>
        <speed>0.000</speed>
      </trkpt>
      <trkpt lat="50.5859139" lon="-2.4701771">
        <ele>0.2</ele>
        <time>2026-01-03T14:41:54.000Z</time>
        <speed>0.000</speed>
      </trkpt>
      <trkpt lat="50.5858963" lon="-2.4701703">
        <ele>0.2</ele>
        <time>2026-01-03T14:41:59.000Z</time>
        <speed>0.000</speed>
      </trkpt>
      <trkpt lat="50.5858869" lon="-2.4701890">
        <ele>-0.2</ele>
        <time>2026-01-03T14:42:04.000Z</time>
        <speed>0.000</speed>
      </trkpt>
      <trkpt lat="50.5858746" lon="-2.4702106">
        <ele>1.0</ele>
        <time>2026-01-03T14:42:09.000Z</time>
        <speed>0.000</speed>
      </trkpt>
      <trkpt lat="50.5858844" lon="-2.4702097">
        <ele>1.8</ele>
        <time>2026-01-03T14:42:14.000Z</time>
        <speed>0.000</speed>
      </trkpt>
      <trkpt lat="50.5858674" lon="-2.4702267">
        <ele>1.6</ele>
        <time>2026-01-03T14:42:19.000Z</time>
        <speed>0.000</speed>
      </trkpt>
      <trkpt lat="50.5858570" lon="-2.4702292">
        <ele>1.4</ele>
        <time>2026-01-03T14:42:24.000Z</time>
        <speed>0.000</speed>
      </trkpt>
      <trkpt lat="50.5858609" lon="-2.4702228">
        <ele>1.4</ele>
        <time>2026-01-03T14:42:29.000Z</time>
        <speed>0.000</speed>
      </trkpt>
      <trkpt lat="50.5858597" lon="-2.4702162">
        <ele>1.4</ele>
        <time>2026-01-03T14:42:34.000Z</time>
        <speed>0.000</speed>
      </trkpt>
      <trkpt lat="50.5858514" lon="-2.4702179">
        <ele>1.2</ele>
        <time>2026-01-03T14:42:39.000Z</time>
        <speed>0.000</speed>
      </trkpt>
      <trkpt lat="50.5858590" lon="-2.4702395">
        <ele>1.0</ele>
        <time>2026-01-03T14:42:44.000Z</time>
        <speed>0.000</speed>
      </trkpt>
      <trkpt lat="50.5858571" lon="-2.4702410">
        <ele>0.6</ele>
        <time>2026-01-03T14:42:49.000Z</time>
        <speed>0.000</speed>
      </trkpt>
      <trkpt lat="50.5858565" lon="-2.4702259">
        <ele>0.6</ele>
        <time>2026-01-03T14:42:54.000Z</time>
        <speed>0.000</speed>
      </trkpt>
      <trkpt lat="50.5858651" lon="-2.4702167">
        <ele>1.0</ele>
        <time>2026-01-03T14:42:59.000Z</time>
        <speed>0.000</speed>
      </trkpt>
    </trkseg>
  </trk>
</gpx>
