<?xml version="1.0" encoding="UTF-8"?>
<gpx xmlns="http://www.topografix.com/GPX/1/0" xmlns:xsi="http://www.w3.org/2001/XMLSchema-instance" creator="GPS Wizard - https://github.com/Logiqx/gps-wizard" version="1.0" xsi:schemaLocation="http://www.topografix.com/GPX/1/0 http://www.topografix.com/GPX/1/0/gpx.xsd">
  <trk>
    <trkseg>
      <trkpt lat="50.5863999" lon="-2.4695854">
        <ele>-5.0</ele>
        <time>2026-01-02T13:38:20.000Z</time>
        <speed>1.269</speed>
      </trkpt>
      <trkpt lat="50.5865438" lon="-2.4695254">
        <ele>-4.8</ele>
        <time>2026-01-02T13:38:25.000Z</time>
        <speed>0.327</speed>
      </trkpt>
      <trkpt lat="50.5866233" lon="-2.4694963">
        <ele>-4.0</ele>
        <time>2026-01-02T13:38:30.000Z</time>
        <speed>0.877</speed>
      </trkpt>
      <trkpt lat="50.5867573" lon="-2.4694776">
        <ele>-3.2</ele>
        <time>2026-01-02T13:38:35.000Z</time>
        <speed>1.484</speed>
      </trkpt>
      <trkpt lat="50.5868282" lon="-2.4694531">
        <ele>-2.4</ele>
        <time>2026-01-02T13:38:40.000Z</time>
        <speed>1.624</speed>
      </trkpt>
      <trkpt lat="50.5868948" lon="-2.4694033">
        <ele>-2.2</ele>
        <time>2026-01-02T13:38:45.000Z</time>
        <speed>1.465</speed>
      </trkpt>
      <trkpt lat="50.5869538" lon="-2.4693280">
        <ele>-2.0</ele>
        <time>2026-01-02T13:38:50.000Z</time>
        <speed>1.502</speed>
      </trkpt>
      <trkpt lat="50.5870192" lon="-2.4692546">
        <ele>-1.8</ele>
        <time>2026-01-02T13:38:55.000Z</time>
        <speed>1.512</speed>
      </trkpt>
      <trkpt lat="50.5870995" lon="-2.4692288">
        <ele>-1.6</ele>
        <time>2026-01-02T13:39:00.000Z</time>
        <speed>1.549</speed>
      </trkpt>
      <trkpt lat="50.5871532" lon="-2.4691975">
        <ele>-1.4</ele>
        <time>2026-01-02T13:39:05.000Z</time>
        <speed>1.530</speed>
      </trkpt>
      <trkpt lat="50.5872151" lon="-2.4691667">
        <ele>-1.4</ele>
        <time>2026-01-02T13:39:10.000Z</time>
        <speed>1.521</speed>
      </trkpt>
      <trkpt lat="50.5872856" lon="-2.4691167">
        <ele>-0.6</ele>
        <time>2026-01-02T13:39:15.000Z</time>
        <speed>1.558</speed>
      </trkpt>
      <trkpt lat="50.5873660" lon="-2.4690565">
        <ele>-0.6</ele>
        <time>2026-01-02T13:39:20.000Z</time>
        <speed>1.577</speed>
      </trkpt>
      <trkpt lat="50.5874897" lon="-2.4689603">
        <ele>-0.4</ele>
        <time>2026-01-02T13:39:25.000Z</time>
        <speed>1.633</speed>
      </trkpt>
      <trkpt lat="50.5875512" lon="-2.4689166">
        <ele>0.0</ele>
        <time>2026-01-02T13:39:30.000Z</time>
        <speed>1.708</speed>
      </trkpt>
      <trkpt lat="50.5876501" lon="-2.4688763">
        <ele>0.4</ele>
        <time>2026-01-02T13:39:36.000Z</time>
        <speed>1.689</speed>
      </trkpt>
      <trkpt lat="50.5877189" lon="-2.4688399">
        <ele>0.4</ele>
        <time>2026-01-02T13:39:41.000Z</time>
        <speed>1.717</speed>
      </trkpt>
      <trkpt lat="50.5877901" lon="-2.4687903">
        <ele>0.6</ele>
        <time>2026-01-02T13:39:46.000Z</time>
        <speed>1.745</speed>
      </trkpt>
      <trkpt lat="50.5878603" lon="-2.4687648">
        <ele>1.4</ele>
        <time>2026-01-02T13:39:51.000Z</time>
        <speed>1.642</speed>
      </trkpt>
      <trkpt lat="50.5879173" lon="-2.4687270">
        <ele>1.0</ele>
        <time>2026-01-02T13:39:56.000Z</time>
        <speed>1.512</speed>
      </trkpt>
      <trkpt lat="50.5879884" lon="-2.4686834">
        <ele>1.6</ele>
        <time>2026-01-02T13:40:01.000Z</time>
        <speed>1.661</speed>
      </trkpt>
      <trkpt lat="50.5880473" lon="-2.4686613">
        <ele>2.0</ele>
        <time>2026-01-02T13:40:06.000Z</time>
        <speed>1.596</speed>
      </trkpt>
      <trkpt lat="50.5881103" lon="-2.4686255">
        <ele>2.4</ele>
        <time>2026-01-02T13:40:11.000Z</time>
        <speed>1.577</speed>
      </trkpt>
      <trkpt lat="50.5881760" lon="-2.4685966">
        <ele>2.2</ele>
        <time>2026-01-02T13:40:16.000Z</time>
        <speed>1.568</speed>
      </trkpt>
      <trkpt lat="50.5882408" lon="-2.4685667">
        <ele>2.0</ele>
        <time>2026-01-02T13:40:21.000Z</time>
        <speed>1.540</speed>
      </trkpt>
      <trkpt lat="50.5883067" lon="-2.4685276">
        <ele>2.4</ele>
        <time>2026-01-02T13:40:26.000Z</time>
        <speed>1.540</speed>
      </trkpt>
      <trkpt lat="50.5883781" lon="-2.4684913">
        <ele>2.8</ele>
        <time>2026-01-02T13:40:31.000Z</time>
        <speed>1.549</speed>
      </trkpt>
      <trkpt lat="50.5884441" lon="-2.4684587">
        <ele>3.0</ele>
        <time>2026-01-02T13:40:36.000Z</time>
        <speed>1.558</speed>
      </trkpt>
      <trkpt lat="50.5885086" lon="-2.4684298">
        <ele>3.0</ele>
        <time>2026-01-02T13:40:41.000Z</time>
        <speed>1.558</speed>
      </trkpt>
      <trkpt lat="50.5885660" lon="-2.4683789">
        <ele>3.8</ele>
        <time>2026-01-02T13:40:46.000Z</time>
        <speed>1.540</speed>
      </trkpt>
      <trkpt lat="50.5886272" lon="-2.4683520">
        <ele>3.6</ele>
        <time>2026-01-02T13:40:51.000Z</time>
        <speed>1.521</speed>
      </trkpt>
      <trkpt lat="50.5887100" lon="-2.4683189">
        <ele>3.8</ele>
        <time>2026-01-02T13:40:56.000Z</time>
        <speed>1.530</speed>
      </trkpt>
      <trkpt lat="50.5887809" lon="-2.4682822">
        <ele>4.2</ele>
        <time>2026-01-02T13:41:01.000Z</time>
        <speed>1.558</speed>
      </trkpt>
      <trkpt lat="50.5888488" lon="-2.4682460">
        <ele>4.6</ele>
        <time>2026-01-02T13:41:06.000Z</time>
        <speed>1.568</speed>
      </trkpt>
      <trkpt lat="50.5889105" lon="-2.4682130">
        <ele>4.8</ele>
        <time>2026-01-02T13:41:11.000Z</time>
        <speed>1.558</speed>
      </trkpt>
      <trkpt lat="50.5889724" lon="-2.4681836">
        <ele>5.0</ele>
        <time>2026-01-02T13:41:16.000Z</time>
        <speed>1.549</speed>
      </trkpt>
      <trkpt lat="50.5890459" lon="-2.4681536">
        <ele>5.2</ele>
        <time>2026-01-02T13:41:21.000Z</time>
        <speed>1.549</speed>
      </trkpt>
      <trkpt lat="50.5891084" lon="-2.4681200">
        <ele>5.4</ele>
        <time>2026-01-02T13:41:26.000Z</time>
        <speed>1.540</speed>
      </trkpt>
      <trkpt lat="50.5891762" lon="-2.4680903">
        <ele>5.6</ele>
        <time>2026-01-02T13:41:31.000Z</time>
        <speed>1.540</speed>
      </trkpt>
      <trkpt lat="50.5892409" lon="-2.4680613">
        <ele>5.6</ele>
        <time>2026-01-02T13:41:36.000Z</time>
        <speed>1.540</speed>
      </trkpt>
      <trkpt lat="50.5893057" lon="-2.4680235">
        <ele>6.2</ele>
        <time>2026-01-02T13:41:41.000Z</time>
        <speed>1.530</speed>
      </trkpt>
      <trkpt lat="50.5893704" lon="-2.4679932">
        <ele>6.4</ele>
        <time>2026-01-02T13:41:46.000Z</time>
        <speed>1.530</speed>
      </trkpt>
      <trkpt lat="50.5894395" lon="-2.4679625">
        <ele>6.4</ele>
        <time>2026-01-02T13:41:51.000Z</time>
        <speed>1.530</speed>
      </trkpt>
      <trkpt lat="50.5895052" lon="-2.4679307">
        <ele>6.6</ele>
        <time>2026-01-02T13:41:56.000Z</time>
        <speed>1.530</speed>
      </trkpt>
      <trkpt lat="50.5895736" lon="-2.4678977">
        <ele>6.8</ele>
        <time>2026-01-02T13:42:01.000Z</time>
        <speed>1.540</speed>
      </trkpt>
      <trkpt lat="50.5896362" lon="-2.4678687">
        <ele>7.0</ele>
        <time>2026-01-02T13:42:06.000Z</time>
        <speed>1.530</speed>
      </trkpt>
      <trkpt lat="50.5897036" lon="-2.4678421">
        <ele>7.2</ele>
        <time>2026-01-02T13:42:11.000Z</time>
        <speed>1.530</speed>
      </trkpt>
      <trkpt lat="50.5897692" lon="-2.4678092">
        <ele>7.6</ele>
        <time>2026-01-02T13:42:16.000Z</time>
        <speed>1.521</speed>
      </trkpt>
      <trkpt lat="50.5898343" lon="-2.4677705">
        <ele>8.0</ele>
        <time>2026-01-02T13:42:21.000Z</time>
        <speed>1.521</speed>
      </trkpt>
      <trkpt lat="50.5898988" lon="-2.4677362">
        <ele>8.2</ele>
        <time>2026-01-02T13:42:26.000Z</time>
        <speed>1.521</speed>
      </trkpt>
      <trkpt lat="50.5899661" lon="-2.4677164">
        <ele>8.2</ele>
        <time>2026-01-02T13:42:31.000Z</time>
        <speed>1.521</speed>
      </trkpt>
      <trkpt lat="50.5900360" lon="-2.4676779">
        <ele>8.8</ele>
        <time>2026-01-02T13:42:36.000Z</time>
        <speed>1.530</speed>
      </trkpt>
      <trkpt lat="50.5900960" lon="-2.4676349">
        <ele>8.8</ele>
        <time>2026-01-02T13:42:41.000Z</time>
        <speed>1.540</speed>
      </trkpt>
      <trkpt lat="50.5901631" lon="-2.4675960">
        <ele>8.8</ele>
        <time>2026-01-02T13:42:46.000Z</time>
        <speed>1.540</speed>
      </trkpt>
      <trkpt lat="50.5902298" lon="-2.4675657">
        <ele>9.2</ele>
        <time>2026-01-02T13:42:51.000Z</time>
        <speed>1.540</speed>
      </trkpt>
      <trkpt lat="50.5902943" lon="-2.4675388">
        <ele>9.4</ele>
        <time>2026-01-02T13:42:56.000Z</time>
        <speed>1.530</speed>
      </trkpt>
      <trkpt lat="50.5903622" lon="-2.4675080">
        <ele>9.8</ele>
        <time>2026-01-02T13:43:01.000Z</time>
        <speed>1.530</speed>
      </trkpt>
      <trkpt lat="50.5904329" lon="-2.4674708">
        <ele>10.2</ele>
        <time>2026-01-02T13:43:06.000Z</time>
        <speed>1.530</speed>
      </trkpt>
      <trkpt lat="50.5904971" lon="-2.4674460">
        <ele>10.0</ele>
        <time>2026-01-02T13:43:11.000Z</time>
        <speed>1.540</speed>
      </trkpt>
      <trkpt lat="50.5905674" lon="-2.4674078">
        <ele>10.0</ele>
        <time>2026-01-02T13:43:16.000Z</time>
        <speed>1.540</speed>
      </trkpt>
      <trkpt lat="50.5906391" lon="-2.4673826">
        <ele>10.2</ele>
        <time>2026-01-02T13:43:21.000Z</time>
        <speed>1.558</speed>
      </trkpt>
      <trkpt lat="50.5907069" lon="-2.4673599">
        <ele>10.2</ele>
        <time>2026-01-02T13:43:26.000Z</time>
        <speed>1.558</speed>
      </trkpt>
      <trkpt lat="50.5907742" lon="-2.4673310">
        <ele>10.4</ele>
        <time>2026-01-02T13:43:31.000Z</time>
        <speed>1.558</speed>
      </trkpt>
      <trkpt lat="50.5908391" lon="-2.4673047">
        <ele>10.4</ele>
        <time>2026-01-02T13:43:36.000Z</time>
        <speed>1.549</speed>
      </trkpt>
      <trkpt lat="50.5909132" lon="-2.4672721">
        <ele>10.4</ele>
        <time>2026-01-02T13:43:41.000Z</time>
        <speed>1.558</speed>
      </trkpt>
      <trkpt lat="50.5909826" lon="-2.4672380">
        <ele>10.6</ele>
        <time>2026-01-02T13:43:46.000Z</time>
        <speed>1.577</speed>
      </trkpt>
      <trkpt lat="50.5910535" lon="-2.4672134">
        <ele>10.6</ele>
        <time>2026-01-02T13:43:51.000Z</time>
        <speed>1.586</speed>
      </trkpt>
      <trkpt lat="50.5911220" lon="-2.4671802">
        <ele>10.6</ele>
        <time>2026-01-02T13:43:56.000Z</time>
        <speed>1.586</speed>
      </trkpt>
      <trkpt lat="50.5911896" lon="-2.4671534">
        <ele>10.6</ele>
        <time>2026-01-02T13:44:01.000Z</time>
        <speed>1.586</speed>
      </trkpt>
      <trkpt lat="50.5912578" lon="-2.4671115">
        <ele>11.2</ele>
        <time>2026-01-02T13:44:06.000Z</time>
        <speed>1.596</speed>
      </trkpt>
      <trkpt lat="50.5913265" lon="-2.4670760">
        <ele>11.4</ele>
        <time>2026-01-02T13:44:11.000Z</time>
        <speed>1.586</speed>
      </trkpt>
      <trkpt lat="50.5913953" lon="-2.4670482">
        <ele>11.4</ele>
        <time>2026-01-02T13:44:16.000Z</time>
        <speed>1.596</speed>
      </trkpt>
      <trkpt lat="50.5914590" lon="-2.4670215">
        <ele>11.4</ele>
        <time>2026-01-02T13:44:21.000Z</time>
        <speed>1.586</speed>
      </trkpt>
      <trkpt lat="50.5915281" lon="-2.4669882">
        <ele>11.4</ele>
        <time>2026-01-02T13:44:26.000Z</time>
        <speed>1.586</speed>
      </trkpt>
      <trkpt lat="50.5916031" lon="-2.4669582">
        <ele>11.4</ele>
        <time>2026-01-02T13:44:31.000Z</time>
        <speed>1.596</speed>
      </trkpt>
      <trkpt lat="50.5916761" lon="-2.4669217">
        <ele>12.0</ele>
        <time>2026-01-02T13:44:36.000Z</time>
        <speed>1.605</speed>
      </trkpt>
      <trkpt lat="50.5917445" lon="-2.4668950">
        <ele>12.4</ele>
        <time>2026-01-02T13:44:41.000Z</time>
        <speed>1.605</speed>
      </trkpt>
      <trkpt lat="50.5918093" lon="-2.4668668">
        <ele>12.0</ele>
        <time>2026-01-02T13:44:46.000Z</time>
        <speed>1.605</speed>
      </trkpt>
      <trkpt lat="50.5918761" lon="-2.4668353">
        <ele>12.4</ele>
        <time>2026-01-02T13:44:51.000Z</time>
        <speed>1.596</speed>
      </trkpt>
      <trkpt lat="50.5919380" lon="-2.4667941">
        <ele>13.0</ele>
        <time>2026-01-02T13:44:56.000Z</time>
        <speed>1.596</speed>
      </trkpt>
      <trkpt lat="50.5919973" lon="-2.4667477">
        <ele>13.4</ele>
        <time>2026-01-02T13:45:01.000Z</time>
        <speed>1.568</speed>
      </trkpt>
      <trkpt lat="50.5920691" lon="-2.4667047">
        <ele>13.4</ele>
        <time>2026-01-02T13:45:06.000Z</time>
        <speed>1.558</speed>
      </trkpt>
      <trkpt lat="50.5921356" lon="-2.4666557">
        <ele>13.2</ele>
        <time>2026-01-02T13:45:11.000Z</time>
        <speed>1.568</speed>
      </trkpt>
      <trkpt lat="50.5922016" lon="-2.4666110">
        <ele>13.2</ele>
        <time>2026-01-02T13:45:16.000Z</time>
        <speed>1.577</speed>
      </trkpt>
      <trkpt lat="50.5922610" lon="-2.4665780">
        <ele>13.6</ele>
        <time>2026-01-02T13:45:21.000Z</time>
        <speed>1.577</speed>
      </trkpt>
      <trkpt lat="50.5923241" lon="-2.4665369">
        <ele>13.6</ele>
        <time>2026-01-02T13:45:26.000Z</time>
        <speed>1.568</speed>
      </trkpt>
      <trkpt lat="50.5923972" lon="-2.4664880">
        <ele>13.4</ele>
        <time>2026-01-02T13:45:31.000Z</time>
        <speed>1.568</speed>
      </trkpt>
      <trkpt lat="50.5924675" lon="-2.4664250">
        <ele>13.6</ele>
        <time>2026-01-02T13:45:36.000Z</time>
        <speed>1.624</speed>
      </trkpt>
      <trkpt lat="50.5925328" lon="-2.4663732">
        <ele>14.0</ele>
        <time>2026-01-02T13:45:41.000Z</time>
        <speed>1.633</speed>
      </trkpt>
      <trkpt lat="50.5925997" lon="-2.4663183">
        <ele>14.4</ele>
        <time>2026-01-02T13:45:46.000Z</time>
        <speed>1.642</speed>
      </trkpt>
      <trkpt lat="50.5926630" lon="-2.4662664">
        <ele>14.4</ele>
        <time>2026-01-02T13:45:51.000Z</time>
        <speed>1.642</speed>
      </trkpt>
      <trkpt lat="50.5927297" lon="-2.4662087">
        <ele>14.4</ele>
        <time>2026-01-02T13:45:56.000Z</time>
        <speed>1.642</speed>
      </trkpt>
      <trkpt lat="50.5927996" lon="-2.4661649">
        <ele>14.8</ele>
        <time>2026-01-02T13:46:01.000Z</time>
        <speed>1.652</speed>
      </trkpt>
      <trkpt lat="50.5928660" lon="-2.4661102">
        <ele>15.0</ele>
        <time>2026-01-02T13:46:06.000Z</time>
        <speed>1.670</speed>
      </trkpt>
      <trkpt lat="50.5929257" lon="-2.4660440">
        <ele>15.2</ele>
        <time>2026-01-02T13:46:11.000Z</time>
        <speed>1.661</speed>
      </trkpt>
      <trkpt lat="50.5929850" lon="-2.4659838">
        <ele>15.2</ele>
        <time>2026-01-02T13:46:16.000Z</time>
        <speed>1.652</speed>
      </trkpt>
      <trkpt lat="50.5930466" lon="-2.4659246">
        <ele>15.6</ele>
        <time>2026-01-02T13:46:21.000Z</time>
        <speed>1.652</speed>
      </trkpt>
      <trkpt lat="50.5931067" lon="-2.4658656">
        <ele>15.8</ele>
        <time>2026-01-02T13:46:26.000Z</time>
        <speed>1.642</speed>
      </trkpt>
      <trkpt lat="50.5931659" lon="-2.4658014">
        <ele>16.0</ele>
        <time>2026-01-02T13:46:31.000Z</time>
        <speed>1.642</speed>
      </trkpt>
      <trkpt lat="50.5932414" lon="-2.4657308">
        <ele>16.2</ele>
        <time>2026-01-02T13:46:36.000Z</time>
        <speed>1.642</speed>
      </trkpt>
      <trkpt lat="50.5933058" lon="-2.4656749">
        <ele>16.2</ele>
        <time>2026-01-02T13:46:41.000Z</time>
        <speed>1.642</speed>
      </trkpt>
      <trkpt lat="50.5933602" lon="-2.4656046">
        <ele>16.4</ele>
        <time>2026-01-02T13:46:46.000Z</time>
        <speed>1.642</speed>
      </trkpt>
      <trkpt lat="50.5934213" lon="-2.4655454">
        <ele>16.6</ele>
        <time>2026-01-02T13:46:51.000Z</time>
        <speed>1.633</speed>
      </trkpt>
      <trkpt lat="50.5934692" lon="-2.4654947">
        <ele>16.6</ele>
        <time>2026-01-02T13:46:56.000Z</time>
        <speed>1.633</speed>
      </trkpt>
      <trkpt lat="50.5935415" lon="-2.4654175">
        <ele>16.8</ele>
        <time>2026-01-02T13:47:01.000Z</time>
        <speed>1.624</speed>
      </trkpt>
      <trkpt lat="50.5935991" lon="-2.4653391">
        <ele>16.8</ele>
        <time>2026-01-02T13:47:06.000Z</time>
        <speed>1.633</speed>
      </trkpt>
      <trkpt lat="50.5936547" lon="-2.4652737">
        <ele>16.8</ele>
        <time>2026-01-02T13:47:11.000Z</time>
        <speed>1.624</speed>
      </trkpt>
      <trkpt lat="50.5937189" lon="-2.4652072">
        <ele>17.2</ele>
        <time>2026-01-02T13:47:16.000Z</time>
        <speed>1.624</speed>
      </trkpt>
      <trkpt lat="50.5937749" lon="-2.4651388">
        <ele>17.0</ele>
        <time>2026-01-02T13:47:21.000Z</time>
        <speed>1.633</speed>
      </trkpt>
      <trkpt lat="50.5938309" lon="-2.4650647">
        <ele>16.8</ele>
        <time>2026-01-02T13:47:26.000Z</time>
        <speed>1.624</speed>
      </trkpt>
      <trkpt lat="50.5939000" lon="-2.4650126">
        <ele>17.0</ele>
        <time>2026-01-02T13:47:31.000Z</time>
        <speed>1.633</speed>
      </trkpt>
      <trkpt lat="50.5939470" lon="-2.4649616">
        <ele>17.6</ele>
        <time>2026-01-02T13:47:36.000Z</time>
        <speed>1.633</speed>
      </trkpt>
      <trkpt lat="50.5940181" lon="-2.4648845">
        <ele>18.0</ele>
        <time>2026-01-02T13:47:41.000Z</time>
        <speed>1.633</speed>
      </trkpt>
      <trkpt lat="50.5940673" lon="-2.4648379">
        <ele>17.4</ele>
        <time>2026-01-02T13:47:46.000Z</time>
        <speed>1.633</speed>
      </trkpt>
      <trkpt lat="50.5941391" lon="-2.4647571">
        <ele>17.6</ele>
        <time>2026-01-02T13:47:51.000Z</time>
        <speed>1.624</speed>
      </trkpt>
      <trkpt lat="50.5941853" lon="-2.4646975">
        <ele>17.4</ele>
        <time>2026-01-02T13:47:56.000Z</time>
        <speed>1.624</speed>
      </trkpt>
      <trkpt lat="50.5942432" lon="-2.4645915">
        <ele>17.4</ele>
        <time>2026-01-02T13:48:01.000Z</time>
        <speed>1.633</speed>
      </trkpt>
      <trkpt lat="50.5942886" lon="-2.4645045">
        <ele>17.4</ele>
        <time>2026-01-02T13:48:06.000Z</time>
        <speed>1.633</speed>
      </trkpt>
      <trkpt lat="50.5943361" lon="-2.4644345">
        <ele>17.2</ele>
        <time>2026-01-02T13:48:11.000Z</time>
        <speed>1.614</speed>
      </trkpt>
      <trkpt lat="50.5943807" lon="-2.4643737">
        <ele>17.2</ele>
        <time>2026-01-02T13:48:16.000Z</time>
        <speed>1.605</speed>
      </trkpt>
      <trkpt lat="50.5944491" lon="-2.4642916">
        <ele>17.0</ele>
        <time>2026-01-02T13:48:21.000Z</time>
        <speed>1.596</speed>
      </trkpt>
      <trkpt lat="50.5944926" lon="-2.4642266">
        <ele>17.4</ele>
        <time>2026-01-02T13:48:26.000Z</time>
        <speed>1.605</speed>
      </trkpt>
      <trkpt lat="50.5945449" lon="-2.4641487">
        <ele>17.4</ele>
        <time>2026-01-02T13:48:31.000Z</time>
        <speed>1.605</speed>
      </trkpt>
      <trkpt lat="50.5946052" lon="-2.4640520">
        <ele>17.6</ele>
        <time>2026-01-02T13:48:36.000Z</time>
        <speed>1.605</speed>
      </trkpt>
      <trkpt lat="50.5946478" lon="-2.4639887">
        <ele>17.8</ele>
        <time>2026-01-02T13:48:41.000Z</time>
        <speed>1.605</speed>
      </trkpt>
      <trkpt lat="50.5947176" lon="-2.4638862">
        <ele>18.2</ele>
        <time>2026-01-02T13:48:46.000Z</time>
        <speed>1.605</speed>
      </trkpt>
      <trkpt lat="50.5947589" lon="-2.4638009">
        <ele>17.8</ele>
        <time>2026-01-02T13:48:51.000Z</time>
        <speed>1.624</speed>
      </trkpt>
      <trkpt lat="50.5948065" lon="-2.4637179">
        <ele>17.8</ele>
        <time>2026-01-02T13:48:56.000Z</time>
        <speed>1.624</speed>
      </trkpt>
      <trkpt lat="50.5948499" lon="-2.4636620">
        <ele>18.0</ele>
        <time>2026-01-02T13:49:01.000Z</time>
        <speed>1.614</speed>
      </trkpt>
      <trkpt lat="50.5948964" lon="-2.4635711">
        <ele>18.2</ele>
        <time>2026-01-02T13:49:06.000Z</time>
        <speed>1.605</speed>
      </trkpt>
      <trkpt lat="50.5949452" lon="-2.4634908">
        <ele>18.4</ele>
        <time>2026-01-02T13:49:11.000Z</time>
        <speed>1.596</speed>
      </trkpt>
      <trkpt lat="50.5949952" lon="-2.4634135">
        <ele>18.2</ele>
        <time>2026-01-02T13:49:16.000Z</time>
        <speed>1.586</speed>
      </trkpt>
      <trkpt lat="50.5950423" lon="-2.4633315">
        <ele>18.0</ele>
        <time>2026-01-02T13:49:21.000Z</time>
        <speed>1.586</speed>
      </trkpt>
      <trkpt lat="50.5950790" lon="-2.4632717">
        <ele>18.0</ele>
        <time>2026-01-02T13:49:26.000Z</time>
        <speed>1.577</speed>
      </trkpt>
      <trkpt lat="50.5951450" lon="-2.4631798">
        <ele>18.0</ele>
        <time>2026-01-02T13:49:31.000Z</time>
        <speed>1.577</speed>
      </trkpt>
      <trkpt lat="50.5951996" lon="-2.4631116">
        <ele>18.4</ele>
        <time>2026-01-02T13:49:36.000Z</time>
        <speed>1.577</speed>
      </trkpt>
      <trkpt lat="50.5952405" lon="-2.4630451">
        <ele>18.4</ele>
        <time>2026-01-02T13:49:41.000Z</time>
        <speed>1.577</speed>
      </trkpt>
      <trkpt lat="50.5952857" lon="-2.4629633">
        <ele>18.4</ele>
        <time>2026-01-02T13:49:46.000Z</time>
        <speed>1.577</speed>
      </trkpt>
      <trkpt lat="50.5953383" lon="-2.4628883">
        <ele>18.6</ele>
        <time>2026-01-02T13:49:51.000Z</time>
        <speed>1.549</speed>
      </trkpt>
      <trkpt lat="50.5953784" lon="-2.4628285">
        <ele>18.6</ele>
        <time>2026-01-02T13:49:56.000Z</time>
        <speed>1.530</speed>
      </trkpt>
      <trkpt lat="50.5954369" lon="-2.4627333">
        <ele>18.6</ele>
        <time>2026-01-02T13:50:01.000Z</time>
        <speed>1.540</speed>
      </trkpt>
      <trkpt lat="50.5954815" lon="-2.4626615">
        <ele>18.8</ele>
        <time>2026-01-02T13:50:06.000Z</time>
        <speed>1.521</speed>
      </trkpt>
      <trkpt lat="50.5955299" lon="-2.4626009">
        <ele>18.6</ele>
        <time>2026-01-02T13:50:11.000Z</time>
        <speed>1.521</speed>
      </trkpt>
      <trkpt lat="50.5956007" lon="-2.4625221">
        <ele>18.6</ele>
        <time>2026-01-02T13:50:16.000Z</time>
        <speed>1.521</speed>
      </trkpt>
      <trkpt lat="50.5956519" lon="-2.4624721">
        <ele>18.6</ele>
        <time>2026-01-02T13:50:21.000Z</time>
        <speed>1.521</speed>
      </trkpt>
      <trkpt lat="50.5957267" lon="-2.4624060">
        <ele>18.8</ele>
        <time>2026-01-02T13:50:26.000Z</time>
        <speed>1.540</speed>
      </trkpt>
      <trkpt lat="50.5957810" lon="-2.4623403">
        <ele>19.0</ele>
        <time>2026-01-02T13:50:31.000Z</time>
        <speed>1.540</speed>
      </trkpt>
      <trkpt lat="50.5958245" lon="-2.4622557">
        <ele>19.0</ele>
        <time>2026-01-02T13:50:36.000Z</time>
        <speed>1.540</speed>
      </trkpt>
      <trkpt lat="50.5958057" lon="-2.4621423">
        <ele>18.8</ele>
        <time>2026-01-02T13:50:41.000Z</time>
        <speed>1.549</speed>
      </trkpt>
      <trkpt lat="50.5957741" lon="-2.4620456">
        <ele>17.8</ele>
        <time>2026-01-02T13:50:46.000Z</time>
        <speed>1.549</speed>
      </trkpt>
      <trkpt lat="50.5958008" lon="-2.4619608">
        <ele>17.2</ele>
        <time>2026-01-02T13:50:51.000Z</time>
        <speed>1.549</speed>
      </trkpt>
      <trkpt lat="50.5958529" lon="-2.4618881">
        <ele>17.8</ele>
        <time>2026-01-02T13:50:56.000Z</time>
        <speed>1.540</speed>
      </trkpt>
      <trkpt lat="50.5959007" lon="-2.4618192">
        <ele>17.8</ele>
        <time>2026-01-02T13:51:01.000Z</time>
        <speed>1.540</speed>
      </trkpt>
      <trkpt lat="50.5959570" lon="-2.4617488">
        <ele>18.0</ele>
        <time>2026-01-02T13:51:06.000Z</time>
        <speed>1.530</speed>
      </trkpt>
      <trkpt lat="50.5960056" lon="-2.4616797">
        <ele>18.0</ele>
        <time>2026-01-02T13:51:11.000Z</time>
        <speed>1.530</speed>
      </trkpt>
      <trkpt lat="50.5960576" lon="-2.4616120">
        <ele>18.2</ele>
        <time>2026-01-02T13:51:16.000Z</time>
        <speed>1.521</speed>
      </trkpt>
      <trkpt lat="50.5961072" lon="-2.4615436">
        <ele>19.0</ele>
        <time>2026-01-02T13:51:21.000Z</time>
        <speed>1.521</speed>
      </trkpt>
      <trkpt lat="50.5961575" lon="-2.4614553">
        <ele>19.0</ele>
        <time>2026-01-02T13:51:26.000Z</time>
        <speed>1.521</speed>
      </trkpt>
      <trkpt lat="50.5962126" lon="-2.4613778">
        <ele>19.8</ele>
        <time>2026-01-02T13:51:31.000Z</time>
        <speed>1.530</speed>
      </trkpt>
      <trkpt lat="50.5962699" lon="-2.4613188">
        <ele>20.2</ele>
        <time>2026-01-02T13:51:36.000Z</time>
        <speed>1.530</speed>
      </trkpt>
      <trkpt lat="50.5963322" lon="-2.4612653">
        <ele>21.0</ele>
        <time>2026-01-02T13:51:41.000Z</time>
        <speed>1.540</speed>
      </trkpt>
      <trkpt lat="50.5963942" lon="-2.4612129">
        <ele>20.8</ele>
        <time>2026-01-02T13:51:46.000Z</time>
        <speed>1.540</speed>
      </trkpt>
      <trkpt lat="50.5964506" lon="-2.4611495">
        <ele>20.8</ele>
        <time>2026-01-02T13:51:51.000Z</time>
        <speed>1.549</speed>
      </trkpt>
      <trkpt lat="50.5964947" lon="-2.4611051">
        <ele>20.8</ele>
        <time>2026-01-02T13:51:56.000Z</time>
        <speed>1.549</speed>
      </trkpt>
      <trkpt lat="50.5965740" lon="-2.4610436">
        <ele>20.8</ele>
        <time>2026-01-02T13:52:01.000Z</time>
        <speed>1.549</speed>
      </trkpt>
      <trkpt lat="50.5966295" lon="-2.4610001">
        <ele>20.8</ele>
        <time>2026-01-02T13:52:06.000Z</time>
        <speed>1.549</speed>
      </trkpt>
      <trkpt lat="50.5966937" lon="-2.4609362">
        <ele>21.4</ele>
        <time>2026-01-02T13:52:11.000Z</time>
        <speed>1.549</speed>
      </trkpt>
      <trkpt lat="50.5967597" lon="-2.4608904">
        <ele>21.4</ele>
        <time>2026-01-02T13:52:16.000Z</time>
        <speed>1.540</speed>
      </trkpt>
      <trkpt lat="50.5968288" lon="-2.4608339">
        <ele>21.4</ele>
        <time>2026-01-02T13:52:21.000Z</time>
        <speed>1.540</speed>
      </trkpt>
      <trkpt lat="50.5968773" lon="-2.4608066">
        <ele>21.6</ele>
        <time>2026-01-02T13:52:26.000Z</time>
        <speed>1.549</speed>
      </trkpt>
      <trkpt lat="50.5969511" lon="-2.4607448">
        <ele>21.6</ele>
        <time>2026-01-02T13:52:31.000Z</time>
        <speed>1.540</speed>
      </trkpt>
      <trkpt lat="50.5970144" lon="-2.4606925">
        <ele>21.8</ele>
        <time>2026-01-02T13:52:36.000Z</time>
        <speed>1.549</speed>
      </trkpt>
      <trkpt lat="50.5970790" lon="-2.4606430">
        <ele>21.6</ele>
        <time>2026-01-02T13:52:41.000Z</time>
        <speed>1.558</speed>
      </trkpt>
      <trkpt lat="50.5971438" lon="-2.4605962">
        <ele>21.8</ele>
        <time>2026-01-02T13:52:46.000Z</time>
        <speed>1.568</speed>
      </trkpt>
      <trkpt lat="50.5972150" lon="-2.4605680">
        <ele>21.8</ele>
        <time>2026-01-02T13:52:51.000Z</time>
        <speed>1.568</speed>
      </trkpt>
      <trkpt lat="50.5972875" lon="-2.4605316">
        <ele>21.0</ele>
        <time>2026-01-02T13:52:56.000Z</time>
        <speed>1.577</speed>
      </trkpt>
      <trkpt lat="50.5973522" lon="-2.4605043">
        <ele>20.2</ele>
        <time>2026-01-02T13:53:01.000Z</time>
        <speed>1.577</speed>
      </trkpt>
      <trkpt lat="50.5974073" lon="-2.4604844">
        <ele>19.2</ele>
        <time>2026-01-02T13:53:06.000Z</time>
        <speed>1.577</speed>
      </trkpt>
      <trkpt lat="50.5974679" lon="-2.4604394">
        <ele>17.8</ele>
        <time>2026-01-02T13:53:11.000Z</time>
        <speed>1.568</speed>
      </trkpt>
      <trkpt lat="50.5975272" lon="-2.4604194">
        <ele>17.0</ele>
        <time>2026-01-02T13:53:16.000Z</time>
        <speed>1.558</speed>
      </trkpt>
      <trkpt lat="50.5975955" lon="-2.4603973">
        <ele>16.4</ele>
        <time>2026-01-02T13:53:21.000Z</time>
        <speed>1.568</speed>
      </trkpt>
      <trkpt lat="50.5976856" lon="-2.4603669">
        <ele>16.0</ele>
        <time>2026-01-02T13:53:26.000Z</time>
        <speed>1.568</speed>
      </trkpt>
      <trkpt lat="50.5977513" lon="-2.4603495">
        <ele>16.2</ele>
        <time>2026-01-02T13:53:31.000Z</time>
        <speed>1.577</speed>
      </trkpt>
      <trkpt lat="50.5978256" lon="-2.4603204">
        <ele>15.8</ele>
        <time>2026-01-02T13:53:36.000Z</time>
        <speed>1.568</speed>
      </trkpt>
      <trkpt lat="50.5978623" lon="-2.4603373">
        <ele>15.6</ele>
        <time>2026-01-02T13:53:41.000Z</time>
        <speed>1.558</speed>
      </trkpt>
      <trkpt lat="50.5978757" lon="-2.4603389">
        <ele>15.4</ele>
        <time>2026-01-02T13:53:46.000Z</time>
        <speed>1.437</speed>
      </trkpt>
      <trkpt lat="50.5978734" lon="-2.4603433">
        <ele>15.4</ele>
        <time>2026-01-02T13:53:51.000Z</time>
        <speed>0.000</speed>
      </trkpt>
      <trkpt lat="50.5978752" lon="-2.4603554">
        <ele>15.2</ele>
        <time>2026-01-02T13:53:56.000Z</time>
        <speed>0.000</speed>
      </trkpt>
      <trkpt lat="50.5978750" lon="-2.4603548">
        <ele>15.0</ele>
        <time>2026-01-02T13:54:01.000Z</time>
        <speed>0.000</speed>
      </trkpt>
      <trkpt lat="50.5978750" lon="-2.4603548">
        <ele>14.8</ele>
        <time>2026-01-02T13:54:06.000Z</time>
        <speed>0.000</speed>
      </trkpt>
      <trkpt lat="50.5978732" lon="-2.4603541">
        <ele>14.4</ele>
        <time>2026-01-02T13:54:11.000Z</time>
        <speed>0.000</speed>
      </trkpt>
      <trkpt lat="50.5978578" lon="-2.4603413">
        <ele>14.0</ele>
        <time>2026-01-02T13:54:16.000Z</time>
        <speed>0.000</speed>
      </trkpt>
      <trkpt lat="50.5978462" lon="-2.4603379">
        <ele>13.8</ele>
        <time>2026-01-02T13:54:21.000Z</time>
        <speed>0.000</speed>
      </trkpt>
      <trkpt lat="50.5978484" lon="-2.4603370">
        <ele>13.4</ele>
        <time>2026-01-02T13:54:26.000Z</time>
        <speed>0.000</speed>
      </trkpt>
      <trkpt lat="50.5978517" lon="-2.4603359">
        <ele>13.2</ele>
        <time>2026-01-02T13:54:31.000Z</time>
        <speed>0.000</speed>
      </trkpt>
      <trkpt lat="50.5978463" lon="-2.4603381">
        <ele>13.0</ele>
        <time>2026-01-02T13:54:36.000Z</time>
        <speed>0.000</speed>
      </trkpt>
      <trkpt lat="50.5978426" lon="-2.4603332">
        <ele>12.6</ele>
        <time>2026-01-02T13:54:41.000Z</time>
        <speed>0.000</speed>
      </trkpt>
      <trkpt lat="50.5978424" lon="-2.4603242">
        <ele>12.4</ele>
        <time>2026-01-02T13:54:46.000Z</time>
        <speed>0.000</speed>
      </trkpt>
      <trkpt lat="50.5978368" lon="-2.4603160">
        <ele>12.2</ele>
        <time>2026-01-02T13:54:51.000Z</time>
        <speed>0.000</speed>
      </trkpt>
      <trkpt lat="50.5978470" lon="-2.4603142">
        <ele>12.0</ele>
        <time>2026-01-02T13:54:56.000Z</time>
        <speed>0.000</speed>
      </trkpt>
      <trkpt lat="50.5978742" lon="-2.4602867">
        <ele>12.0</ele>
        <time>2026-01-02T13:55:01.000Z</time>
        <speed>0.000</speed>
      </trkpt>
      <trkpt lat="50.5978817" lon="-2.4602528">
        <ele>12.0</ele>
        <time>2026-01-02T13:55:06.000Z</time>
        <speed>0.000</speed>
      </trkpt>
      <trkpt lat="50.5978793" lon="-2.4602373">
        <ele>11.8</ele>
        <time>2026-01-02T13:55:11.000Z</time>
        <speed>0.000</speed>
      </trkpt>
      <trkpt lat="50.5978751" lon="-2.4602373">
        <ele>11.8</ele>
        <time>2026-01-02T13:55:16.000Z</time>
        <speed>0.000</speed>
      </trkpt>
      <trkpt lat="50.5978756" lon="-2.4602395">
        <ele>11.6</ele>
        <time>2026-01-02T13:55:21.000Z</time>
        <speed>0.000</speed>
      </trkpt>
      <trkpt lat="50.5978647" lon="-2.4602448">
        <ele>11.4</ele>
        <time>2026-01-02T13:55:26.000Z</time>
        <speed>0.000</speed>
      </trkpt>
      <trkpt lat="50.5979148" lon="-2.4602573">
        <ele>11.4</ele>
        <time>2026-01-02T13:55:31.000Z</time>
        <speed>1.306</speed>
      </trkpt>
      <trkpt lat="50.5980077" lon="-2.4603161">
        <ele>11.2</ele>
        <time>2026-01-02T13:55:36.000Z</time>
        <speed>2.118</speed>
      </trkpt>
      <trkpt lat="50.5980638" lon="-2.4603304">
        <ele>11.2</ele>
        <time>2026-01-02T13:55:41.000Z</time>
        <speed>1.782</speed>
      </trkpt>
      <trkpt lat="50.5981549" lon="-2.4603040">
        <ele>11.8</ele>
        <time>2026-01-02T13:55:46.000Z</time>
        <speed>1.689</speed>
      </trkpt>
      <trkpt lat="50.5982062" lon="-2.4602642">
        <ele>12.2</ele>
        <time>2026-01-02T13:55:51.000Z</time>
        <speed>1.698</speed>
      </trkpt>
      <trkpt lat="50.5982549" lon="-2.4602118">
        <ele>12.6</ele>
        <time>2026-01-02T13:55:56.000Z</time>
        <speed>1.633</speed>
      </trkpt>
      <trkpt lat="50.5983485" lon="-2.4601537">
        <ele>13.0</ele>
        <time>2026-01-02T13:56:01.000Z</time>
        <speed>1.605</speed>
      </trkpt>
      <trkpt lat="50.5984193" lon="-2.4601001">
        <ele>14.0</ele>
        <time>2026-01-02T13:56:06.000Z</time>
        <speed>1.698</speed>
      </trkpt>
      <trkpt lat="50.5984858" lon="-2.4600461">
        <ele>14.6</ele>
        <time>2026-01-02T13:56:11.000Z</time>
        <speed>1.717</speed>
      </trkpt>
      <trkpt lat="50.5985588" lon="-2.4599856">
        <ele>14.8</ele>
        <time>2026-01-02T13:56:16.000Z</time>
        <speed>1.745</speed>
      </trkpt>
      <trkpt lat="50.5986078" lon="-2.4599387">
        <ele>15.4</ele>
        <time>2026-01-02T13:56:21.000Z</time>
        <speed>1.736</speed>
      </trkpt>
      <trkpt lat="50.5986619" lon="-2.4598936">
        <ele>16.2</ele>
        <time>2026-01-02T13:56:26.000Z</time>
        <speed>1.698</speed>
      </trkpt>
      <trkpt lat="50.5987138" lon="-2.4598502">
        <ele>16.6</ele>
        <time>2026-01-02T13:56:31.000Z</time>
        <speed>1.689</speed>
      </trkpt>
      <trkpt lat="50.5987920" lon="-2.4598012">
        <ele>17.0</ele>
        <time>2026-01-02T13:56:36.000Z</time>
        <speed>1.670</speed>
      </trkpt>
      <trkpt lat="50.5988409" lon="-2.4597692">
        <ele>17.4</ele>
        <time>2026-01-02T13:56:41.000Z</time>
        <speed>1.661</speed>
      </trkpt>
      <trkpt lat="50.5988976" lon="-2.4597295">
        <ele>18.4</ele>
        <time>2026-01-02T13:56:46.000Z</time>
        <speed>1.642</speed>
      </trkpt>
      <trkpt lat="50.5989808" lon="-2.4596695">
        <ele>19.2</ele>
        <time>2026-01-02T13:56:51.000Z</time>
        <speed>1.633</speed>
      </trkpt>
      <trkpt lat="50.5990428" lon="-2.4596101">
        <ele>19.4</ele>
        <time>2026-01-02T13:56:56.000Z</time>
        <speed>1.633</speed>
      </trkpt>
      <trkpt lat="50.5990985" lon="-2.4595590">
        <ele>19.8</ele>
        <time>2026-01-02T13:57:01.000Z</time>
        <speed>1.624</speed>
      </trkpt>
      <trkpt lat="50.5991531" lon="-2.4595117">
        <ele>20.0</ele>
        <time>2026-01-02T13:57:06.000Z</time>
        <speed>1.614</speed>
      </trkpt>
      <trkpt lat="50.5992026" lon="-2.4594550">
        <ele>20.4</ele>
        <time>2026-01-02T13:57:11.000Z</time>
        <speed>1.596</speed>
      </trkpt>
      <trkpt lat="50.5992535" lon="-2.4593966">
        <ele>20.8</ele>
        <time>2026-01-02T13:57:16.000Z</time>
        <speed>1.596</speed>
      </trkpt>
      <trkpt lat="50.5993254" lon="-2.4593392">
        <ele>21.2</ele>
        <time>2026-01-02T13:57:21.000Z</time>
        <speed>1.586</speed>
      </trkpt>
      <trkpt lat="50.5993992" lon="-2.4592604">
        <ele>21.6</ele>
        <time>2026-01-02T13:57:26.000Z</time>
        <speed>1.596</speed>
      </trkpt>
      <trkpt lat="50.5994645" lon="-2.4592128">
        <ele>21.8</ele>
        <time>2026-01-02T13:57:31.000Z</time>
        <speed>1.586</speed>
      </trkpt>
      <trkpt lat="50.5994982" lon="-2.4591334">
        <ele>22.2</ele>
        <time>2026-01-02T13:57:36.000Z</time>
        <speed>1.577</speed>
      </trkpt>
      <trkpt lat="50.5994801" lon="-2.4590021">
        <ele>23.0</ele>
        <time>2026-01-02T13:57:41.000Z</time>
        <speed>1.605</speed>
      </trkpt>
      <trkpt lat="50.5994618" lon="-2.4589027">
        <ele>23.8</ele>
        <time>2026-01-02T13:57:46.000Z</time>
        <speed>1.596</speed>
      </trkpt>
      <trkpt lat="50.5994351" lon="-2.4588259">
        <ele>24.4</ele>
        <time>2026-01-02T13:57:51.000Z</time>
        <speed>1.577</speed>
      </trkpt>
      <trkpt lat="50.5993862" lon="-2.4587222">
        <ele>24.6</ele>
        <time>2026-01-02T13:57:56.000Z</time>
        <speed>1.577</speed>
      </trkpt>
      <trkpt lat="50.5993698" lon="-2.4586464">
        <ele>25.2</ele>
        <time>2026-01-02T13:58:01.000Z</time>
        <speed>1.568</speed>
      </trkpt>
      <trkpt lat="50.5993707" lon="-2.4585454">
        <ele>26.2</ele>
        <time>2026-01-02T13:58:06.000Z</time>
        <speed>1.540</speed>
      </trkpt>
      <trkpt lat="50.5993759" lon="-2.4584487">
        <ele>26.6</ele>
        <time>2026-01-02T13:58:11.000Z</time>
        <speed>1.530</speed>
      </trkpt>
      <trkpt lat="50.5993847" lon="-2.4583199">
        <ele>27.2</ele>
        <time>2026-01-02T13:58:16.000Z</time>
        <speed>1.521</speed>
      </trkpt>
      <trkpt lat="50.5993862" lon="-2.4582414">
        <ele>27.6</ele>
        <time>2026-01-02T13:58:21.000Z</time>
        <speed>1.512</speed>
      </trkpt>
      <trkpt lat="50.5993985" lon="-2.4581395">
        <ele>27.8</ele>
        <time>2026-01-02T13:58:26.000Z</time>
        <speed>1.502</speed>
      </trkpt>
      <trkpt lat="50.5994059" lon="-2.4580424">
        <ele>27.8</ele>
        <time>2026-01-02T13:58:31.000Z</time>
        <speed>1.493</speed>
      </trkpt>
      <trkpt lat="50.5994191" lon="-2.4579341">
        <ele>28.2</ele>
        <time>2026-01-02T13:58:36.000Z</time>
        <speed>1.493</speed>
      </trkpt>
      <trkpt lat="50.5994303" lon="-2.4578290">
        <ele>28.6</ele>
        <time>2026-01-02T13:58:41.000Z</time>
        <speed>1.493</speed>
      </trkpt>
      <trkpt lat="50.5994514" lon="-2.4577314">
        <ele>29.0</ele>
        <time>2026-01-02T13:58:46.000Z</time>
        <speed>1.484</speed>
      </trkpt>
      <trkpt lat="50.5994778" lon="-2.4576127">
        <ele>29.2</ele>
        <time>2026-01-02T13:58:51.000Z</time>
        <speed>1.484</speed>
      </trkpt>
      <trkpt lat="50.5994956" lon="-2.4575261">
        <ele>29.0</ele>
        <time>2026-01-02T13:58:56.000Z</time>
        <speed>1.484</speed>
      </trkpt>
      <trkpt lat="50.5995231" lon="-2.4574282">
        <ele>29.2</ele>
        <time>2026-01-02T13:59:01.000Z</time>
        <speed>1.484</speed>
      </trkpt>
      <trkpt lat="50.5995504" lon="-2.4573272">
        <ele>29.4</ele>
        <time>2026-01-02T13:59:06.000Z</time>
        <speed>1.484</speed>
      </trkpt>
      <trkpt lat="50.5995896" lon="-2.4572294">
        <ele>29.4</ele>
        <time>2026-01-02T13:59:11.000Z</time>
        <speed>1.484</speed>
      </trkpt>
      <trkpt lat="50.5996268" lon="-2.4571402">
        <ele>29.4</ele>
        <time>2026-01-02T13:59:16.000Z</time>
        <speed>1.484</speed>
      </trkpt>
      <trkpt lat="50.5996571" lon="-2.4570459">
        <ele>29.2</ele>
        <time>2026-01-02T13:59:21.000Z</time>
        <speed>1.493</speed>
      </trkpt>
      <trkpt lat="50.5996891" lon="-2.4569684">
        <ele>29.4</ele>
        <time>2026-01-02T13:59:26.000Z</time>
        <speed>1.484</speed>
      </trkpt>
      <trkpt lat="50.5997426" lon="-2.4568749">
        <ele>30.0</ele>
        <time>2026-01-02T13:59:31.000Z</time>
        <speed>1.502</speed>
      </trkpt>
      <trkpt lat="50.5997953" lon="-2.4567985">
        <ele>30.2</ele>
        <time>2026-01-02T13:59:36.000Z</time>
        <speed>1.512</speed>
      </trkpt>
      <trkpt lat="50.5998564" lon="-2.4567217">
        <ele>30.2</ele>
        <time>2026-01-02T13:59:41.000Z</time>
        <speed>1.521</speed>
      </trkpt>
      <trkpt lat="50.5999016" lon="-2.4566372">
        <ele>30.4</ele>
        <time>2026-01-02T13:59:46.000Z</time>
        <speed>1.530</speed>
      </trkpt>
      <trkpt lat="50.5999503" lon="-2.4565646">
        <ele>30.4</ele>
        <time>2026-01-02T13:59:51.000Z</time>
        <speed>1.530</speed>
      </trkpt>
      <trkpt lat="50.6000010" lon="-2.4564976">
        <ele>30.6</ele>
        <time>2026-01-02T13:59:56.000Z</time>
        <speed>1.530</speed>
      </trkpt>
      <trkpt lat="50.6000513" lon="-2.4564318">
        <ele>30.6</ele>
        <time>2026-01-02T14:00:01.000Z</time>
        <speed>1.521</speed>
      </trkpt>
      <trkpt lat="50.6001074" lon="-2.4563749">
        <ele>31.2</ele>
        <time>2026-01-02T14:00:06.000Z</time>
        <speed>1.521</speed>
      </trkpt>
      <trkpt lat="50.6001710" lon="-2.4563218">
        <ele>31.4</ele>
        <time>2026-01-02T14:00:11.000Z</time>
        <speed>1.521</speed>
      </trkpt>
      <trkpt lat="50.6002343" lon="-2.4562881">
        <ele>31.6</ele>
        <time>2026-01-02T14:00:16.000Z</time>
        <speed>1.521</speed>
      </trkpt>
      <trkpt lat="50.6002970" lon="-2.4562659">
        <ele>31.4</ele>
        <time>2026-01-02T14:00:21.000Z</time>
        <speed>1.512</speed>
      </trkpt>
      <trkpt lat="50.6003783" lon="-2.4562420">
        <ele>31.4</ele>
        <time>2026-01-02T14:00:26.000Z</time>
        <speed>1.530</speed>
      </trkpt>
      <trkpt lat="50.6004460" lon="-2.4562159">
        <ele>31.2</ele>
        <time>2026-01-02T14:00:31.000Z</time>
        <speed>1.540</speed>
      </trkpt>
      <trkpt lat="50.6005092" lon="-2.4561799">
        <ele>31.0</ele>
        <time>2026-01-02T14:00:36.000Z</time>
        <speed>1.540</speed>
      </trkpt>
      <trkpt lat="50.6005778" lon="-2.4561307">
        <ele>30.6</ele>
        <time>2026-01-02T14:00:41.000Z</time>
        <speed>1.540</speed>
      </trkpt>
      <trkpt lat="50.6006309" lon="-2.4560345">
        <ele>30.6</ele>
        <time>2026-01-02T14:00:46.000Z</time>
        <speed>1.549</speed>
      </trkpt>
      <trkpt lat="50.6006705" lon="-2.4559393">
        <ele>30.6</ele>
        <time>2026-01-02T14:00:51.000Z</time>
        <speed>1.558</speed>
      </trkpt>
      <trkpt lat="50.6007046" lon="-2.4558343">
        <ele>30.6</ele>
        <time>2026-01-02T14:00:56.000Z</time>
        <speed>1.568</speed>
      </trkpt>
      <trkpt lat="50.6007356" lon="-2.4557366">
        <ele>30.6</ele>
        <time>2026-01-02T14:01:01.000Z</time>
        <speed>1.568</speed>
      </trkpt>
      <trkpt lat="50.6007637" lon="-2.4556347">
        <ele>30.4</ele>
        <time>2026-01-02T14:01:06.000Z</time>
        <speed>1.577</speed>
      </trkpt>
      <trkpt lat="50.6007880" lon="-2.4555349">
        <ele>30.2</ele>
        <time>2026-01-02T14:01:11.000Z</time>
        <speed>1.568</speed>
      </trkpt>
      <trkpt lat="50.6008139" lon="-2.4554392">
        <ele>30.0</ele>
        <time>2026-01-02T14:01:16.000Z</time>
        <speed>1.558</speed>
      </trkpt>
      <trkpt lat="50.6008308" lon="-2.4553438">
        <ele>29.8</ele>
        <time>2026-01-02T14:01:21.000Z</time>
        <speed>1.558</speed>
      </trkpt>
      <trkpt lat="50.6008503" lon="-2.4552156">
        <ele>29.8</ele>
        <time>2026-01-02T14:01:26.000Z</time>
        <speed>1.558</speed>
      </trkpt>
      <trkpt lat="50.6008740" lon="-2.4551203">
        <ele>29.8</ele>
        <time>2026-01-02T14:01:31.000Z</time>
        <speed>1.558</speed>
      </trkpt>
      <trkpt lat="50.6008816" lon="-2.4550125">
        <ele>29.6</ele>
        <time>2026-01-02T14:01:36.000Z</time>
        <speed>1.568</speed>
      </trkpt>
      <trkpt lat="50.6008942" lon="-2.4549164">
        <ele>29.6</ele>
        <time>2026-01-02T14:01:41.000Z</time>
        <speed>1.558</speed>
      </trkpt>
      <trkpt lat="50.6009269" lon="-2.4548311">
        <ele>29.8</ele>
        <time>2026-01-02T14:01:46.000Z</time>
        <speed>1.549</speed>
      </trkpt>
      <trkpt lat="50.6009558" lon="-2.4547359">
        <ele>29.8</ele>
        <time>2026-01-02T14:01:51.000Z</time>
        <speed>1.549</speed>
      </trkpt>
      <trkpt lat="50.6009796" lon="-2.4546000">
        <ele>29.8</ele>
        <time>2026-01-02T14:01:56.000Z</time>
        <speed>1.558</speed>
      </trkpt>
      <trkpt lat="50.6009992" lon="-2.4544844">
        <ele>29.6</ele>
        <time>2026-01-02T14:02:01.000Z</time>
        <speed>1.568</speed>
      </trkpt>
      <trkpt lat="50.6010426" lon="-2.4544029">
        <ele>29.4</ele>
        <time>2026-01-02T14:02:06.000Z</time>
        <speed>1.568</speed>
      </trkpt>
      <trkpt lat="50.6010639" lon="-2.4542927">
        <ele>29.6</ele>
        <time>2026-01-02T14:02:11.000Z</time>
        <speed>1.577</speed>
      </trkpt>
      <trkpt lat="50.6010806" lon="-2.4541996">
        <ele>29.4</ele>
        <time>2026-01-02T14:02:16.000Z</time>
        <speed>1.568</speed>
      </trkpt>
      <trkpt lat="50.6011137" lon="-2.4540535">
        <ele>29.2</ele>
        <time>2026-01-02T14:02:21.000Z</time>
        <speed>1.568</speed>
      </trkpt>
      <trkpt lat="50.6011341" lon="-2.4539721">
        <ele>29.2</ele>
        <time>2026-01-02T14:02:26.000Z</time>
        <speed>1.577</speed>
      </trkpt>
      <trkpt lat="50.6011679" lon="-2.4538302">
        <ele>28.8</ele>
        <time>2026-01-02T14:02:31.000Z</time>
        <speed>1.586</speed>
      </trkpt>
      <trkpt lat="50.6011834" lon="-2.4537438">
        <ele>28.4</ele>
        <time>2026-01-02T14:02:36.000Z</time>
        <speed>1.605</speed>
      </trkpt>
      <trkpt lat="50.6012066" lon="-2.4536131">
        <ele>28.2</ele>
        <time>2026-01-02T14:02:41.000Z</time>
        <speed>1.614</speed>
      </trkpt>
      <trkpt lat="50.6012573" lon="-2.4535342">
        <ele>28.2</ele>
        <time>2026-01-02T14:02:46.000Z</time>
        <speed>1.624</speed>
      </trkpt>
      <trkpt lat="50.6013312" lon="-2.4534459">
        <ele>27.8</ele>
        <time>2026-01-02T14:02:51.000Z</time>
        <speed>1.633</speed>
      </trkpt>
      <trkpt lat="50.6013880" lon="-2.4534163">
        <ele>28.0</ele>
        <time>2026-01-02T14:02:56.000Z</time>
        <speed>1.652</speed>
      </trkpt>
      <trkpt lat="50.6014824" lon="-2.4534214">
        <ele>27.4</ele>
        <time>2026-01-02T14:03:01.000Z</time>
        <speed>1.652</speed>
      </trkpt>
      <trkpt lat="50.6015293" lon="-2.4534334">
        <ele>27.2</ele>
        <time>2026-01-02T14:03:06.000Z</time>
        <speed>1.652</speed>
      </trkpt>
      <trkpt lat="50.6015905" lon="-2.4534789">
        <ele>27.0</ele>
        <time>2026-01-02T14:03:11.000Z</time>
        <speed>1.652</speed>
      </trkpt>
      <trkpt lat="50.6016595" lon="-2.4534986">
        <ele>26.8</ele>
        <time>2026-01-02T14:03:16.000Z</time>
        <speed>1.642</speed>
      </trkpt>
      <trkpt lat="50.6017407" lon="-2.4535131">
        <ele>26.4</ele>
        <time>2026-01-02T14:03:21.000Z</time>
        <speed>1.642</speed>
      </trkpt>
      <trkpt lat="50.6018065" lon="-2.4535509">
        <ele>26.2</ele>
        <time>2026-01-02T14:03:26.000Z</time>
        <speed>1.642</speed>
      </trkpt>
      <trkpt lat="50.6018789" lon="-2.4535188">
        <ele>26.0</ele>
        <time>2026-01-02T14:03:31.000Z</time>
        <speed>1.642</speed>
      </trkpt>
      <trkpt lat="50.6019166" lon="-2.4533842">
        <ele>26.0</ele>
        <time>2026-01-02T14:03:36.000Z</time>
        <speed>1.680</speed>
      </trkpt>
      <trkpt lat="50.6019451" lon="-2.4532779">
        <ele>26.2</ele>
        <time>2026-01-02T14:03:41.000Z</time>
        <speed>1.689</speed>
      </trkpt>
      <trkpt lat="50.6019768" lon="-2.4531769">
        <ele>26.2</ele>
        <time>2026-01-02T14:03:46.000Z</time>
        <speed>1.698</speed>
      </trkpt>
      <trkpt lat="50.6020041" lon="-2.4530643">
        <ele>26.2</ele>
        <time>2026-01-02T14:03:51.000Z</time>
        <speed>1.698</speed>
      </trkpt>
      <trkpt lat="50.6020255" lon="-2.4529367">
        <ele>26.2</ele>
        <time>2026-01-02T14:03:56.000Z</time>
        <speed>1.689</speed>
      </trkpt>
      <trkpt lat="50.6020369" lon="-2.4528608">
        <ele>26.0</ele>
        <time>2026-01-02T14:04:01.000Z</time>
        <speed>1.680</speed>
      </trkpt>
      <trkpt lat="50.6020442" lon="-2.4527848">
        <ele>26.2</ele>
        <time>2026-01-02T14:04:06.000Z</time>
        <speed>1.633</speed>
      </trkpt>
      <trkpt lat="50.6020480" lon="-2.4527683">
        <ele>26.4</ele>
        <time>2026-01-02T14:04:11.000Z</time>
        <speed>0.000</speed>
      </trkpt>
      <trkpt lat="50.6020508" lon="-2.4527210">
        <ele>26.2</ele>
        <time>2026-01-02T14:04:16.000Z</time>
        <speed>1.456</speed>
      </trkpt>
      <trkpt lat="50.6020411" lon="-2.4526475">
        <ele>26.0</ele>
        <time>2026-01-02T14:04:21.000Z</time>
        <speed>0.000</speed>
      </trkpt>
      <trkpt lat="50.6020503" lon="-2.4525652">
        <ele>26.0</ele>
        <time>2026-01-02T14:04:26.000Z</time>
        <speed>1.101</speed>
      </trkpt>
      <trkpt lat="50.6020726" lon="-2.4524935">
        <ele>25.8</ele>
        <time>2026-01-02T14:04:31.000Z</time>
        <speed>1.166</speed>
      </trkpt>
      <trkpt lat="50.6020937" lon="-2.4524133">
        <ele>26.0</ele>
        <time>2026-01-02T14:04:36.000Z</time>
        <speed>1.166</speed>
      </trkpt>
      <trkpt lat="50.6021157" lon="-2.4523425">
        <ele>26.0</ele>
        <time>2026-01-02T14:04:41.000Z</time>
        <speed>1.176</speed>
      </trkpt>
      <trkpt lat="50.6021387" lon="-2.4522823">
        <ele>25.4</ele>
        <time>2026-01-02T14:04:46.000Z</time>
        <speed>1.213</speed>
      </trkpt>
      <trkpt lat="50.6021720" lon="-2.4521849">
        <ele>25.4</ele>
        <time>2026-01-02T14:04:51.000Z</time>
        <speed>1.232</speed>
      </trkpt>
      <trkpt lat="50.6021970" lon="-2.4521140">
        <ele>25.4</ele>
        <time>2026-01-02T14:04:56.000Z</time>
        <speed>1.353</speed>
      </trkpt>
      <trkpt lat="50.6022380" lon="-2.4520083">
        <ele>25.2</ele>
        <time>2026-01-02T14:05:01.000Z</time>
        <speed>1.400</speed>
      </trkpt>
      <trkpt lat="50.6022589" lon="-2.4519521">
        <ele>25.0</ele>
        <time>2026-01-02T14:05:06.000Z</time>
        <speed>1.409</speed>
      </trkpt>
      <trkpt lat="50.6022581" lon="-2.4519521">
        <ele>25.0</ele>
        <time>2026-01-02T14:05:11.000Z</time>
        <speed>0.000</speed>
      </trkpt>
      <trkpt lat="50.6022591" lon="-2.4519517">
        <ele>25.2</ele>
        <time>2026-01-02T14:05:16.000Z</time>
        <speed>0.000</speed>
      </trkpt>
      <trkpt lat="50.6022951" lon="-2.4518907">
        <ele>25.4</ele>
        <time>2026-01-02T14:05:21.000Z</time>
        <speed>1.418</speed>
      </trkpt>
      <trkpt lat="50.6023447" lon="-2.4517768">
        <ele>25.0</ele>
        <time>2026-01-02T14:05:26.000Z</time>
        <speed>1.708</speed>
      </trkpt>
      <trkpt lat="50.6023857" lon="-2.4516941">
        <ele>25.6</ele>
        <time>2026-01-02T14:05:31.000Z</time>
        <speed>1.512</speed>
      </trkpt>
      <trkpt lat="50.6024359" lon="-2.4516687">
        <ele>26.8</ele>
        <time>2026-01-02T14:05:36.000Z</time>
        <speed>1.502</speed>
      </trkpt>
      <trkpt lat="50.6024951" lon="-2.4516509">
        <ele>27.2</ele>
        <time>2026-01-02T14:05:41.000Z</time>
        <speed>1.484</speed>
      </trkpt>
      <trkpt lat="50.6025733" lon="-2.4516423">
        <ele>27.0</ele>
        <time>2026-01-02T14:05:46.000Z</time>
        <speed>1.502</speed>
      </trkpt>
      <trkpt lat="50.6026251" lon="-2.4516536">
        <ele>26.4</ele>
        <time>2026-01-02T14:05:51.000Z</time>
        <speed>1.446</speed>
      </trkpt>
      <trkpt lat="50.6026958" lon="-2.4516508">
        <ele>26.2</ele>
        <time>2026-01-02T14:05:56.000Z</time>
        <speed>1.465</speed>
      </trkpt>
      <trkpt lat="50.6027782" lon="-2.4516441">
        <ele>26.0</ele>
        <time>2026-01-02T14:06:01.000Z</time>
        <speed>1.474</speed>
      </trkpt>
      <trkpt lat="50.6028281" lon="-2.4516321">
        <ele>26.0</ele>
        <time>2026-01-02T14:06:06.000Z</time>
        <speed>1.493</speed>
      </trkpt>
      <trkpt lat="50.6029047" lon="-2.4516191">
        <ele>25.4</ele>
        <time>2026-01-02T14:06:11.000Z</time>
        <speed>1.502</speed>
      </trkpt>
      <trkpt lat="50.6029700" lon="-2.4516077">
        <ele>25.2</ele>
        <time>2026-01-02T14:06:16.000Z</time>
        <speed>1.493</speed>
      </trkpt>
      <trkpt lat="50.6030373" lon="-2.4515903">
        <ele>24.6</ele>
        <time>2026-01-02T14:06:21.000Z</time>
        <speed>1.502</speed>
      </trkpt>
      <trkpt lat="50.6030980" lon="-2.4515832">
        <ele>23.8</ele>
        <time>2026-01-02T14:06:26.000Z</time>
        <speed>1.512</speed>
      </trkpt>
      <trkpt lat="50.6031729" lon="-2.4515829">
        <ele>23.4</ele>
        <time>2026-01-02T14:06:31.000Z</time>
        <speed>1.512</speed>
      </trkpt>
      <trkpt lat="50.6032274" lon="-2.4515750">
        <ele>22.6</ele>
        <time>2026-01-02T14:06:36.000Z</time>
        <speed>1.502</speed>
      </trkpt>
      <trkpt lat="50.6033221" lon="-2.4515640">
        <ele>22.0</ele>
        <time>2026-01-02T14:06:41.000Z</time>
        <speed>1.549</speed>
      </trkpt>
      <trkpt lat="50.6033720" lon="-2.4515666">
        <ele>21.4</ele>
        <time>2026-01-02T14:06:46.000Z</time>
        <speed>1.549</speed>
      </trkpt>
      <trkpt lat="50.6034373" lon="-2.4515690">
        <ele>20.4</ele>
        <time>2026-01-02T14:06:51.000Z</time>
        <speed>1.540</speed>
      </trkpt>
      <trkpt lat="50.6035064" lon="-2.4515436">
        <ele>19.6</ele>
        <time>2026-01-02T14:06:56.000Z</time>
        <speed>1.540</speed>
      </trkpt>
      <trkpt lat="50.6035531" lon="-2.4515312">
        <ele>18.6</ele>
        <time>2026-01-02T14:07:01.000Z</time>
        <speed>1.530</speed>
      </trkpt>
      <trkpt lat="50.6036405" lon="-2.4515172">
        <ele>17.4</ele>
        <time>2026-01-02T14:07:06.000Z</time>
        <speed>1.549</speed>
      </trkpt>
      <trkpt lat="50.6037267" lon="-2.4515105">
        <ele>16.8</ele>
        <time>2026-01-02T14:07:11.000Z</time>
        <speed>1.568</speed>
      </trkpt>
      <trkpt lat="50.6037721" lon="-2.4515232">
        <ele>15.8</ele>
        <time>2026-01-02T14:07:16.000Z</time>
        <speed>1.558</speed>
      </trkpt>
      <trkpt lat="50.6038432" lon="-2.4515169">
        <ele>14.8</ele>
        <time>2026-01-02T14:07:21.000Z</time>
        <speed>1.540</speed>
      </trkpt>
      <trkpt lat="50.6039002" lon="-2.4514987">
        <ele>13.6</ele>
        <time>2026-01-02T14:07:26.000Z</time>
        <speed>1.530</speed>
      </trkpt>
      <trkpt lat="50.6039798" lon="-2.4514660">
        <ele>12.4</ele>
        <time>2026-01-02T14:07:31.000Z</time>
        <speed>1.558</speed>
      </trkpt>
      <trkpt lat="50.6040387" lon="-2.4513888">
        <ele>11.6</ele>
        <time>2026-01-02T14:07:36.000Z</time>
        <speed>1.549</speed>
      </trkpt>
      <trkpt lat="50.6040904" lon="-2.4513374">
        <ele>11.6</ele>
        <time>2026-01-02T14:07:41.000Z</time>
        <speed>1.577</speed>
      </trkpt>
      <trkpt lat="50.6041566" lon="-2.4512701">
        <ele>11.4</ele>
        <time>2026-01-02T14:07:46.000Z</time>
        <speed>1.577</speed>
      </trkpt>
      <trkpt lat="50.6042006" lon="-2.4512076">
        <ele>11.4</ele>
        <time>2026-01-02T14:07:51.000Z</time>
        <speed>1.549</speed>
      </trkpt>
      <trkpt lat="50.6042136" lon="-2.4511439">
        <ele>11.2</ele>
        <time>2026-01-02T14:07:56.000Z</time>
        <speed>1.502</speed>
      </trkpt>
      <trkpt lat="50.6042467" lon="-2.4510776">
        <ele>10.2</ele>
        <time>2026-01-02T14:08:01.000Z</time>
        <speed>1.446</speed>
      </trkpt>
      <trkpt lat="50.6042900" lon="-2.4510538">
        <ele>9.6</ele>
        <time>2026-01-02T14:08:06.000Z</time>
        <speed>1.418</speed>
      </trkpt>
      <trkpt lat="50.6043664" lon="-2.4510055">
        <ele>8.6</ele>
        <time>2026-01-02T14:08:11.000Z</time>
        <speed>1.428</speed>
      </trkpt>
      <trkpt lat="50.6044326" lon="-2.4509766">
        <ele>8.2</ele>
        <time>2026-01-02T14:08:16.000Z</time>
        <speed>1.446</speed>
      </trkpt>
      <trkpt lat="50.6044560" lon="-2.4509112">
        <ele>7.6</ele>
        <time>2026-01-02T14:08:21.000Z</time>
        <speed>1.437</speed>
      </trkpt>
      <trkpt lat="50.6044565" lon="-2.4508718">
        <ele>6.6</ele>
        <time>2026-01-02T14:08:26.000Z</time>
        <speed>1.232</speed>
      </trkpt>
      <trkpt lat="50.6044427" lon="-2.4508308">
        <ele>5.0</ele>
        <time>2026-01-02T14:08:31.000Z</time>
        <speed>0.644</speed>
      </trkpt>
      <trkpt lat="50.6044587" lon="-2.4507996">
        <ele>4.0</ele>
        <time>2026-01-02T14:08:36.000Z</time>
        <speed>0.756</speed>
      </trkpt>
      <trkpt lat="50.6045156" lon="-2.4507537">
        <ele>3.6</ele>
        <time>2026-01-02T14:08:41.000Z</time>
        <speed>0.970</speed>
      </trkpt>
      <trkpt lat="50.6045501" lon="-2.4506952">
        <ele>3.8</ele>
        <time>2026-01-02T14:08:46.000Z</time>
        <speed>1.157</speed>
      </trkpt>
      <trkpt lat="50.6046179" lon="-2.4506216">
        <ele>3.6</ele>
        <time>2026-01-02T14:08:51.000Z</time>
        <speed>1.250</speed>
      </trkpt>
      <trkpt lat="50.6046666" lon="-2.4505691">
        <ele>3.6</ele>
        <time>2026-01-02T14:08:56.000Z</time>
        <speed>1.381</speed>
      </trkpt>
      <trkpt lat="50.6047077" lon="-2.4505259">
        <ele>3.8</ele>
        <time>2026-01-02T14:09:01.000Z</time>
        <speed>1.288</speed>
      </trkpt>
      <trkpt lat="50.6047590" lon="-2.4504460">
        <ele>3.8</ele>
        <time>2026-01-02T14:09:06.000Z</time>
        <speed>1.297</speed>
      </trkpt>
      <trkpt lat="50.6047980" lon="-2.4503741">
        <ele>3.4</ele>
        <time>2026-01-02T14:09:11.000Z</time>
        <speed>1.288</speed>
      </trkpt>
      <trkpt lat="50.6048262" lon="-2.4503180">
        <ele>3.0</ele>
        <time>2026-01-02T14:09:16.000Z</time>
        <speed>1.288</speed>
      </trkpt>
      <trkpt lat="50.6048692" lon="-2.4502109">
        <ele>2.4</ele>
        <time>2026-01-02T14:09:21.000Z</time>
        <speed>1.297</speed>
      </trkpt>
      <trkpt lat="50.6048959" lon="-2.4501333">
        <ele>2.2</ele>
        <time>2026-01-02T14:09:26.000Z</time>
        <speed>1.306</speed>
      </trkpt>
      <trkpt lat="50.6049277" lon="-2.4500672">
        <ele>2.2</ele>
        <time>2026-01-02T14:09:31.000Z</time>
        <speed>1.316</speed>
      </trkpt>
      <trkpt lat="50.6049614" lon="-2.4499778">
        <ele>2.2</ele>
        <time>2026-01-02T14:09:36.000Z</time>
        <speed>1.334</speed>
      </trkpt>
      <trkpt lat="50.6049618" lon="-2.4499566">
        <ele>2.0</ele>
        <time>2026-01-02T14:09:41.000Z</time>
        <speed>1.241</speed>
      </trkpt>
      <trkpt lat="50.6049618" lon="-2.4499565">
        <ele>2.0</ele>
        <time>2026-01-02T14:09:46.000Z</time>
        <speed>0.000</speed>
      </trkpt>
      <trkpt lat="50.6049557" lon="-2.4499414">
        <ele>2.0</ele>
        <time>2026-01-02T14:09:51.000Z</time>
        <speed>0.000</speed>
      </trkpt>
      <trkpt lat="50.6049423" lon="-2.4499459">
        <ele>1.8</ele>
        <time>2026-01-02T14:09:56.000Z</time>
        <speed>0.000</speed>
      </trkpt>
      <trkpt lat="50.6049235" lon="-2.4499836">
        <ele>0.6</ele>
        <time>2026-01-02T14:10:01.000Z</time>
        <speed>0.000</speed>
      </trkpt>
      <trkpt lat="50.6048977" lon="-2.4500044">
        <ele>-0.4</ele>
        <time>2026-01-02T14:10:06.000Z</time>
        <speed>0.662</speed>
      </trkpt>
      <trkpt lat="50.6048908" lon="-2.4499916">
        <ele>-0.8</ele>
        <time>2026-01-02T14:10:11.000Z</time>
        <speed>0.504</speed>
      </trkpt>
      <trkpt lat="50.6048904" lon="-2.4499769">
        <ele>-0.6</ele>
        <time>2026-01-02T14:10:16.000Z</time>
        <speed>0.000</speed>
      </trkpt>
      <trkpt lat="50.6049054" lon="-2.4499258">
        <ele>-0.8</ele>
        <time>2026-01-02T14:10:21.000Z</time>
        <speed>0.000</speed>
      </trkpt>
      <trkpt lat="50.6049075" lon="-2.4499189">
        <ele>-0.6</ele>
        <time>2026-01-02T14:10:26.000Z</time>
        <speed>0.000</speed>
      </trkpt>
      <trkpt lat="50.6049105" lon="-2.4499275">
        <ele>-0.2</ele>
        <time>2026-01-02T14:10:31.000Z</time>
        <speed>0.000</speed>
      </trkpt>
      <trkpt lat="50.6049079" lon="-2.4499194">
        <ele>-0.4</ele>
        <time>2026-01-02T14:10:36.000Z</time>
        <speed>0.000</speed>
      </trkpt>
      <trkpt lat="50.6049079" lon="-2.4499194">
        <ele>-0.6</ele>
        <time>2026-01-02T14:10:41.000Z</time>
        <speed>0.000</speed>
      </trkpt>
      <trkpt lat="50.6049079" lon="-2.4499194">
        <ele>-0.8</ele>
        <time>2026-01-02T14:10:46.000Z</time>
        <speed>0.000</speed>
      </trkpt>
      <trkpt lat="50.6049079" lon="-2.4499194">
        <ele>-1.0</ele>
        <time>2026-01-02T14:10:51.000Z</time>
        <speed>0.000</speed>
      </trkpt>
      <trkpt lat="50.6049079" lon="-2.4499194">
        <ele>-1.0</ele>
        <time>2026-01-02T14:10:56.000Z</time>
        <speed>0.000</speed>
      </trkpt>
      <trkpt lat="50.6049079" lon="-2.4499194">
        <ele>-0.8</ele>
        <time>2026-01-02T14:11:01.000Z</time>
        <speed>0.000</speed>
      </trkpt>
      <trkpt lat="50.6049079" lon="-2.4499194">
        <ele>-0.8</ele>
        <time>2026-01-02T14:11:06.000Z</time>
        <speed>0.000</speed>
      </trkpt>
      <trkpt lat="50.6049079" lon="-2.4499194">
        <ele>-0.8</ele>
        <time>2026-01-02T14:11:11.000Z</time>
        <speed>0.000</speed>
      </trkpt>
      <trkpt lat="50.6049079" lon="-2.4499194">
        <ele>-0.6</ele>
        <time>2026-01-02T14:11:16.000Z</time>
        <speed>0.000</speed>
      </trkpt>
      <trkpt lat="50.6049079" lon="-2.4499194">
        <ele>-0.8</ele>
        <time>2026-01-02T14:11:21.000Z</time>
        <speed>0.000</speed>
      </trkpt>
      <trkpt lat="50.6049079" lon="-2.4499194">
        <ele>-0.8</ele>
        <time>2026-01-02T14:11:26.000Z</time>
        <speed>0.000</speed>
      </trkpt>
      <trkpt lat="50.6049079" lon="-2.4499194">
        <ele>-0.8</ele>
        <time>2026-01-02T14:11:31.000Z</time>
        <speed>0.000</speed>
      </trkpt>
      <trkpt lat="50.6049079" lon="-2.4499194">
        <ele>-0.8</ele>
        <time>2026-01-02T14:11:36.000Z</time>
        <speed>0.000</speed>
      </trkpt>
      <trkpt lat="50.6049079" lon="-2.4499194">
        <ele>-0.6</ele>
        <time>2026-01-02T14:11:41.000Z</time>
        <speed>0.000</speed>
      </trkpt>
      <trkpt lat="50.6049079" lon="-2.4499194">
        <ele>-0.4</ele>
        <time>2026-01-02T14:11:46.000Z</time>
        <speed>0.000</speed>
      </trkpt>
      <trkpt lat="50.6049079" lon="-2.4499194">
        <ele>-0.6</ele>
        <time>2026-01-02T14:11:51.000Z</time>
        <speed>0.000</speed>
      </trkpt>
      <trkpt lat="50.6049079" lon="-2.4499194">
        <ele>-0.8</ele>
        <time>2026-01-02T14:11:56.000Z</time>
        <speed>0.000</speed>
      </trkpt>
      <trkpt lat="50.6049079" lon="-2.4499194">
        <ele>-0.2</ele>
        <time>2026-01-02T14:12:01.000Z</time>
        <speed>0.000</speed>
      </trkpt>
      <trkpt lat="50.6049079" lon="-2.4499194">
        <ele>0.4</ele>
        <time>2026-01-02T14:12:06.000Z</time>
        <speed>0.000</speed>
      </trkpt>
      <trkpt lat="50.6049079" lon="-2.4499194">
        <ele>0.2</ele>
        <time>2026-01-02T14:12:11.000Z</time>
        <speed>0.000</speed>
      </trkpt>
      <trkpt lat="50.6049079" lon="-2.4499194">
        <ele>0.2</ele>
        <time>2026-01-02T14:12:16.000Z</time>
        <speed>0.000</speed>
      </trkpt>
      <trkpt lat="50.6049079" lon="-2.4499194">
        <ele>0.2</ele>
        <time>2026-01-02T14:12:21.000Z</time>
        <speed>0.000</speed>
      </trkpt>
      <trkpt lat="50.6049079" lon="-2.4499194">
        <ele>0.0</ele>
        <time>2026-01-02T14:12:26.000Z</time>
        <speed>0.000</speed>
      </trkpt>
      <trkpt lat="50.6049079" lon="-2.4499194">
        <ele>0.0</ele>
        <time>2026-01-02T14:12:31.000Z</time>
        <speed>0.000</speed>
      </trkpt>
      <trkpt lat="50.6049079" lon="-2.4499194">
        <ele>0.0</ele>
        <time>2026-01-02T14:12:36.000Z</time>
        <speed>0.000</speed>
      </trkpt>
      <trkpt lat="50.6049079" lon="-2.4499194">
        <ele>0.0</ele>
        <time>2026-01-02T14:12:41.000Z</time>
        <speed>0.000</speed>
      </trkpt>
      <trkpt lat="50.6049130" lon="-2.4498994">
        <ele>0.0</ele>
        <time>2026-01-02T14:12:46.000Z</time>
        <speed>0.000</speed>
      </trkpt>
      <trkpt lat="50.6049035" lon="-2.4499259">
        <ele>0.0</ele>
        <time>2026-01-02T14:12:51.000Z</time>
        <speed>0.000</speed>
      </trkpt>
      <trkpt lat="50.6048939" lon="-2.4499538">
        <ele>0.0</ele>
        <time>2026-01-02T14:12:56.000Z</time>
        <speed>0.681</speed>
      </trkpt>
      <trkpt lat="50.6049120" lon="-2.4499900">
        <ele>0.2</ele>
        <time>2026-01-02T14:13:01.000Z</time>
        <speed>0.000</speed>
      </trkpt>
      <trkpt lat="50.6049372" lon="-2.4499890">
        <ele>0.8</ele>
        <time>2026-01-02T14:13:06.000Z</time>
        <speed>0.000</speed>
      </trkpt>
      <trkpt lat="50.6049491" lon="-2.4499717">
        <ele>2.0</ele>
        <time>2026-01-02T14:13:11.000Z</time>
        <speed>0.000</speed>
      </trkpt>
      <trkpt lat="50.6049415" lon="-2.4500049">
        <ele>2.6</ele>
        <time>2026-01-02T14:13:16.000Z</time>
        <speed>0.000</speed>
      </trkpt>
      <trkpt lat="50.6049152" lon="-2.4500752">
        <ele>2.0</ele>
        <time>2026-01-02T14:13:21.000Z</time>
        <speed>1.101</speed>
      </trkpt>
      <trkpt lat="50.6048770" lon="-2.4501559">
        <ele>2.0</ele>
        <time>2026-01-02T14:13:26.000Z</time>
        <speed>1.400</speed>
      </trkpt>
      <trkpt lat="50.6048485" lon="-2.4502266">
        <ele>2.0</ele>
        <time>2026-01-02T14:13:31.000Z</time>
        <speed>1.250</speed>
      </trkpt>
      <trkpt lat="50.6048173" lon="-2.4503103">
        <ele>2.2</ele>
        <time>2026-01-02T14:13:36.000Z</time>
        <speed>1.334</speed>
      </trkpt>
      <trkpt lat="50.6047852" lon="-2.4503791">
        <ele>3.0</ele>
        <time>2026-01-02T14:13:41.000Z</time>
        <speed>1.344</speed>
      </trkpt>
      <trkpt lat="50.6047504" lon="-2.4504496">
        <ele>3.2</ele>
        <time>2026-01-02T14:13:46.000Z</time>
        <speed>1.250</speed>
      </trkpt>
      <trkpt lat="50.6047072" lon="-2.4505096">
        <ele>3.2</ele>
        <time>2026-01-02T14:13:51.000Z</time>
        <speed>1.288</speed>
      </trkpt>
      <trkpt lat="50.6046495" lon="-2.4505722">
        <ele>3.2</ele>
        <time>2026-01-02T14:13:56.000Z</time>
        <speed>1.334</speed>
      </trkpt>
      <trkpt lat="50.6045948" lon="-2.4506218">
        <ele>3.2</ele>
        <time>2026-01-02T14:14:01.000Z</time>
        <speed>1.409</speed>
      </trkpt>
      <trkpt lat="50.6045443" lon="-2.4506872">
        <ele>3.4</ele>
        <time>2026-01-02T14:14:06.000Z</time>
        <speed>1.446</speed>
      </trkpt>
      <trkpt lat="50.6044958" lon="-2.4507401">
        <ele>3.6</ele>
        <time>2026-01-02T14:14:11.000Z</time>
        <speed>1.446</speed>
      </trkpt>
      <trkpt lat="50.6044423" lon="-2.4507718">
        <ele>3.8</ele>
        <time>2026-01-02T14:14:16.000Z</time>
        <speed>1.456</speed>
      </trkpt>
      <trkpt lat="50.6043850" lon="-2.4508184">
        <ele>4.4</ele>
        <time>2026-01-02T14:14:21.000Z</time>
        <speed>1.465</speed>
      </trkpt>
      <trkpt lat="50.6043200" lon="-2.4508988">
        <ele>4.4</ele>
        <time>2026-01-02T14:14:26.000Z</time>
        <speed>1.474</speed>
      </trkpt>
      <trkpt lat="50.6042722" lon="-2.4509738">
        <ele>4.6</ele>
        <time>2026-01-02T14:14:31.000Z</time>
        <speed>1.484</speed>
      </trkpt>
      <trkpt lat="50.6042317" lon="-2.4510393">
        <ele>5.6</ele>
        <time>2026-01-02T14:14:36.000Z</time>
        <speed>1.474</speed>
      </trkpt>
      <trkpt lat="50.6041827" lon="-2.4511011">
        <ele>6.4</ele>
        <time>2026-01-02T14:14:41.000Z</time>
        <speed>1.474</speed>
      </trkpt>
      <trkpt lat="50.6041320" lon="-2.4511299">
        <ele>6.8</ele>
        <time>2026-01-02T14:14:46.000Z</time>
        <speed>1.446</speed>
      </trkpt>
      <trkpt lat="50.6041077" lon="-2.4511880">
        <ele>6.2</ele>
        <time>2026-01-02T14:14:51.000Z</time>
        <speed>1.409</speed>
      </trkpt>
      <trkpt lat="50.6041079" lon="-2.4512146">
        <ele>6.0</ele>
        <time>2026-01-02T14:14:56.000Z</time>
        <speed>1.241</speed>
      </trkpt>
      <trkpt lat="50.6041041" lon="-2.4512117">
        <ele>6.2</ele>
        <time>2026-01-02T14:15:01.000Z</time>
        <speed>0.000</speed>
      </trkpt>
      <trkpt lat="50.6041100" lon="-2.4512090">
        <ele>6.2</ele>
        <time>2026-01-02T14:15:06.000Z</time>
        <speed>0.000</speed>
      </trkpt>
      <trkpt lat="50.6041431" lon="-2.4511930">
        <ele>6.8</ele>
        <time>2026-01-02T14:15:11.000Z</time>
        <speed>0.000</speed>
      </trkpt>
      <trkpt lat="50.6041604" lon="-2.4511595">
        <ele>8.2</ele>
        <time>2026-01-02T14:15:16.000Z</time>
        <speed>0.000</speed>
      </trkpt>
      <trkpt lat="50.6041879" lon="-2.4511449">
        <ele>9.6</ele>
        <time>2026-01-02T14:15:21.000Z</time>
        <speed>0.000</speed>
      </trkpt>
      <trkpt lat="50.6041788" lon="-2.4512056">
        <ele>9.8</ele>
        <time>2026-01-02T14:15:26.000Z</time>
        <speed>0.000</speed>
      </trkpt>
      <trkpt lat="50.6041392" lon="-2.4512522">
        <ele>10.4</ele>
        <time>2026-01-02T14:15:31.000Z</time>
        <speed>1.157</speed>
      </trkpt>
      <trkpt lat="50.6040960" lon="-2.4512978">
        <ele>10.8</ele>
        <time>2026-01-02T14:15:36.000Z</time>
        <speed>1.166</speed>
      </trkpt>
      <trkpt lat="50.6040457" lon="-2.4513484">
        <ele>11.2</ele>
        <time>2026-01-02T14:15:41.000Z</time>
        <speed>1.288</speed>
      </trkpt>
      <trkpt lat="50.6039960" lon="-2.4514093">
        <ele>11.4</ele>
        <time>2026-01-02T14:15:46.000Z</time>
        <speed>1.344</speed>
      </trkpt>
      <trkpt lat="50.6039401" lon="-2.4514520">
        <ele>11.4</ele>
        <time>2026-01-02T14:15:51.000Z</time>
        <speed>1.409</speed>
      </trkpt>
      <trkpt lat="50.6038918" lon="-2.4514680">
        <ele>12.2</ele>
        <time>2026-01-02T14:15:56.000Z</time>
        <speed>1.353</speed>
      </trkpt>
      <trkpt lat="50.6038413" lon="-2.4514779">
        <ele>13.0</ele>
        <time>2026-01-02T14:16:01.000Z</time>
        <speed>1.269</speed>
      </trkpt>
      <trkpt lat="50.6037699" lon="-2.4514975">
        <ele>14.2</ele>
        <time>2026-01-02T14:16:06.000Z</time>
        <speed>1.372</speed>
      </trkpt>
      <trkpt lat="50.6037128" lon="-2.4514993">
        <ele>15.2</ele>
        <time>2026-01-02T14:16:11.000Z</time>
        <speed>1.372</speed>
      </trkpt>
      <trkpt lat="50.6036563" lon="-2.4514923">
        <ele>16.0</ele>
        <time>2026-01-02T14:16:16.000Z</time>
        <speed>1.353</speed>
      </trkpt>
      <trkpt lat="50.6036129" lon="-2.4514998">
        <ele>16.8</ele>
        <time>2026-01-02T14:16:21.000Z</time>
        <speed>1.344</speed>
      </trkpt>
      <trkpt lat="50.6035453" lon="-2.4515093">
        <ele>18.0</ele>
        <time>2026-01-02T14:16:26.000Z</time>
        <speed>1.334</speed>
      </trkpt>
      <trkpt lat="50.6034915" lon="-2.4515091">
        <ele>19.0</ele>
        <time>2026-01-02T14:16:31.000Z</time>
        <speed>1.306</speed>
      </trkpt>
      <trkpt lat="50.6034362" lon="-2.4515238">
        <ele>19.8</ele>
        <time>2026-01-02T14:16:36.000Z</time>
        <speed>1.316</speed>
      </trkpt>
      <trkpt lat="50.6033828" lon="-2.4515439">
        <ele>21.0</ele>
        <time>2026-01-02T14:16:41.000Z</time>
        <speed>1.316</speed>
      </trkpt>
      <trkpt lat="50.6033264" lon="-2.4515576">
        <ele>21.6</ele>
        <time>2026-01-02T14:16:46.000Z</time>
        <speed>1.306</speed>
      </trkpt>
      <trkpt lat="50.6032609" lon="-2.4515626">
        <ele>22.2</ele>
        <time>2026-01-02T14:16:51.000Z</time>
        <speed>1.306</speed>
      </trkpt>
      <trkpt lat="50.6032035" lon="-2.4515578">
        <ele>23.0</ele>
        <time>2026-01-02T14:16:56.000Z</time>
        <speed>1.325</speed>
      </trkpt>
      <trkpt lat="50.6031484" lon="-2.4515769">
        <ele>24.0</ele>
        <time>2026-01-02T14:17:01.000Z</time>
        <speed>1.325</speed>
      </trkpt>
      <trkpt lat="50.6030830" lon="-2.4515892">
        <ele>24.4</ele>
        <time>2026-01-02T14:17:06.000Z</time>
        <speed>1.325</speed>
      </trkpt>
      <trkpt lat="50.6030262" lon="-2.4515954">
        <ele>24.8</ele>
        <time>2026-01-02T14:17:11.000Z</time>
        <speed>1.334</speed>
      </trkpt>
      <trkpt lat="50.6029636" lon="-2.4516065">
        <ele>25.2</ele>
        <time>2026-01-02T14:17:16.000Z</time>
        <speed>1.334</speed>
      </trkpt>
      <trkpt lat="50.6028974" lon="-2.4516118">
        <ele>25.4</ele>
        <time>2026-01-02T14:17:21.000Z</time>
        <speed>1.353</speed>
      </trkpt>
      <trkpt lat="50.6028312" lon="-2.4516197">
        <ele>25.8</ele>
        <time>2026-01-02T14:17:26.000Z</time>
        <speed>1.362</speed>
      </trkpt>
      <trkpt lat="50.6027830" lon="-2.4516316">
        <ele>26.2</ele>
        <time>2026-01-02T14:17:31.000Z</time>
        <speed>1.381</speed>
      </trkpt>
      <trkpt lat="50.6027045" lon="-2.4516447">
        <ele>26.8</ele>
        <time>2026-01-02T14:17:36.000Z</time>
        <speed>1.390</speed>
      </trkpt>
      <trkpt lat="50.6026408" lon="-2.4516473">
        <ele>26.8</ele>
        <time>2026-01-02T14:17:41.000Z</time>
        <speed>1.390</speed>
      </trkpt>
      <trkpt lat="50.6025743" lon="-2.4516538">
        <ele>27.2</ele>
        <time>2026-01-02T14:17:46.000Z</time>
        <speed>1.409</speed>
      </trkpt>
      <trkpt lat="50.6025121" lon="-2.4516659">
        <ele>27.4</ele>
        <time>2026-01-02T14:17:51.000Z</time>
        <speed>1.418</speed>
      </trkpt>
      <trkpt lat="50.6024512" lon="-2.4516728">
        <ele>27.4</ele>
        <time>2026-01-02T14:17:56.000Z</time>
        <speed>1.418</speed>
      </trkpt>
      <trkpt lat="50.6023825" lon="-2.4516876">
        <ele>28.2</ele>
        <time>2026-01-02T14:18:01.000Z</time>
        <speed>1.418</speed>
      </trkpt>
      <trkpt lat="50.6023404" lon="-2.4517775">
        <ele>27.4</ele>
        <time>2026-01-02T14:18:06.000Z</time>
        <speed>1.446</speed>
      </trkpt>
      <trkpt lat="50.6023024" lon="-2.4518679">
        <ele>27.2</ele>
        <time>2026-01-02T14:18:11.000Z</time>
        <speed>1.484</speed>
      </trkpt>
      <trkpt lat="50.6022689" lon="-2.4519528">
        <ele>27.4</ele>
        <time>2026-01-02T14:18:16.000Z</time>
        <speed>1.484</speed>
      </trkpt>
      <trkpt lat="50.6022338" lon="-2.4520245">
        <ele>27.6</ele>
        <time>2026-01-02T14:18:21.000Z</time>
        <speed>1.484</speed>
      </trkpt>
      <trkpt lat="50.6021898" lon="-2.4521267">
        <ele>27.8</ele>
        <time>2026-01-02T14:18:26.000Z</time>
        <speed>1.493</speed>
      </trkpt>
      <trkpt lat="50.6021466" lon="-2.4522180">
        <ele>27.8</ele>
        <time>2026-01-02T14:18:31.000Z</time>
        <speed>1.502</speed>
      </trkpt>
      <trkpt lat="50.6021114" lon="-2.4523025">
        <ele>28.0</ele>
        <time>2026-01-02T14:18:36.000Z</time>
        <speed>1.502</speed>
      </trkpt>
      <trkpt lat="50.6020800" lon="-2.4523902">
        <ele>28.2</ele>
        <time>2026-01-02T14:18:41.000Z</time>
        <speed>1.502</speed>
      </trkpt>
      <trkpt lat="50.6020595" lon="-2.4525064">
        <ele>28.2</ele>
        <time>2026-01-02T14:18:46.000Z</time>
        <speed>1.512</speed>
      </trkpt>
      <trkpt lat="50.6020242" lon="-2.4526002">
        <ele>28.2</ele>
        <time>2026-01-02T14:18:51.000Z</time>
        <speed>1.521</speed>
      </trkpt>
      <trkpt lat="50.6020048" lon="-2.4527127">
        <ele>28.0</ele>
        <time>2026-01-02T14:18:56.000Z</time>
        <speed>1.530</speed>
      </trkpt>
      <trkpt lat="50.6019993" lon="-2.4527886">
        <ele>27.8</ele>
        <time>2026-01-02T14:19:01.000Z</time>
        <speed>1.540</speed>
      </trkpt>
      <trkpt lat="50.6019828" lon="-2.4529247">
        <ele>27.8</ele>
        <time>2026-01-02T14:19:06.000Z</time>
        <speed>1.540</speed>
      </trkpt>
      <trkpt lat="50.6019603" lon="-2.4530323">
        <ele>27.6</ele>
        <time>2026-01-02T14:19:11.000Z</time>
        <speed>1.596</speed>
      </trkpt>
      <trkpt lat="50.6019480" lon="-2.4531334">
        <ele>27.4</ele>
        <time>2026-01-02T14:19:16.000Z</time>
        <speed>1.586</speed>
      </trkpt>
      <trkpt lat="50.6019243" lon="-2.4532457">
        <ele>27.4</ele>
        <time>2026-01-02T14:19:21.000Z</time>
        <speed>1.605</speed>
      </trkpt>
      <trkpt lat="50.6019015" lon="-2.4533635">
        <ele>26.8</ele>
        <time>2026-01-02T14:19:26.000Z</time>
        <speed>1.605</speed>
      </trkpt>
      <trkpt lat="50.6018774" lon="-2.4534610">
        <ele>26.4</ele>
        <time>2026-01-02T14:19:31.000Z</time>
        <speed>1.624</speed>
      </trkpt>
      <trkpt lat="50.6018433" lon="-2.4535367">
        <ele>26.8</ele>
        <time>2026-01-02T14:19:36.000Z</time>
        <speed>1.614</speed>
      </trkpt>
      <trkpt lat="50.6017685" lon="-2.4535307">
        <ele>26.8</ele>
        <time>2026-01-02T14:19:41.000Z</time>
        <speed>1.586</speed>
      </trkpt>
      <trkpt lat="50.6017113" lon="-2.4535112">
        <ele>27.2</ele>
        <time>2026-01-02T14:19:46.000Z</time>
        <speed>1.596</speed>
      </trkpt>
      <trkpt lat="50.6016437" lon="-2.4535044">
        <ele>27.4</ele>
        <time>2026-01-02T14:19:51.000Z</time>
        <speed>1.596</speed>
      </trkpt>
      <trkpt lat="50.6015850" lon="-2.4534971">
        <ele>28.0</ele>
        <time>2026-01-02T14:19:56.000Z</time>
        <speed>1.577</speed>
      </trkpt>
      <trkpt lat="50.6015191" lon="-2.4534499">
        <ele>28.4</ele>
        <time>2026-01-02T14:20:01.000Z</time>
        <speed>1.568</speed>
      </trkpt>
      <trkpt lat="50.6014572" lon="-2.4534191">
        <ele>28.6</ele>
        <time>2026-01-02T14:20:06.000Z</time>
        <speed>1.568</speed>
      </trkpt>
      <trkpt lat="50.6013899" lon="-2.4534094">
        <ele>28.6</ele>
        <time>2026-01-02T14:20:11.000Z</time>
        <speed>1.558</speed>
      </trkpt>
      <trkpt lat="50.6013207" lon="-2.4534476">
        <ele>28.8</ele>
        <time>2026-01-02T14:20:16.000Z</time>
        <speed>1.558</speed>
      </trkpt>
      <trkpt lat="50.6012705" lon="-2.4534455">
        <ele>29.0</ele>
        <time>2026-01-02T14:20:21.000Z</time>
        <speed>1.540</speed>
      </trkpt>
      <trkpt lat="50.6012534" lon="-2.4534776">
        <ele>29.0</ele>
        <time>2026-01-02T14:20:26.000Z</time>
        <speed>0.980</speed>
      </trkpt>
      <trkpt lat="50.6012311" lon="-2.4535199">
        <ele>29.2</ele>
        <time>2026-01-02T14:20:31.000Z</time>
        <speed>1.316</speed>
      </trkpt>
      <trkpt lat="50.6012665" lon="-2.4534676">
        <ele>29.0</ele>
        <time>2026-01-02T14:20:36.000Z</time>
        <speed>1.064</speed>
      </trkpt>
      <trkpt lat="50.6012671" lon="-2.4534451">
        <ele>29.0</ele>
        <time>2026-01-02T14:20:41.000Z</time>
        <speed>0.933</speed>
      </trkpt>
      <trkpt lat="50.6012587" lon="-2.4534611">
        <ele>28.8</ele>
        <time>2026-01-02T14:20:46.000Z</time>
        <speed>0.000</speed>
      </trkpt>
      <trkpt lat="50.6012226" lon="-2.4535371">
        <ele>28.8</ele>
        <time>2026-01-02T14:20:51.000Z</time>
        <speed>1.306</speed>
      </trkpt>
      <trkpt lat="50.6011874" lon="-2.4536255">
        <ele>29.0</ele>
        <time>2026-01-02T14:20:56.000Z</time>
        <speed>1.465</speed>
      </trkpt>
      <trkpt lat="50.6011661" lon="-2.4537235">
        <ele>29.0</ele>
        <time>2026-01-02T14:21:01.000Z</time>
        <speed>1.465</speed>
      </trkpt>
      <trkpt lat="50.6011457" lon="-2.4538214">
        <ele>28.8</ele>
        <time>2026-01-02T14:21:06.000Z</time>
        <speed>1.484</speed>
      </trkpt>
      <trkpt lat="50.6011201" lon="-2.4539195">
        <ele>29.0</ele>
        <time>2026-01-02T14:21:11.000Z</time>
        <speed>1.465</speed>
      </trkpt>
      <trkpt lat="50.6010999" lon="-2.4540187">
        <ele>29.2</ele>
        <time>2026-01-02T14:21:16.000Z</time>
        <speed>1.474</speed>
      </trkpt>
      <trkpt lat="50.6010725" lon="-2.4541171">
        <ele>29.4</ele>
        <time>2026-01-02T14:21:21.000Z</time>
        <speed>1.493</speed>
      </trkpt>
      <trkpt lat="50.6010486" lon="-2.4542180">
        <ele>29.6</ele>
        <time>2026-01-02T14:21:26.000Z</time>
        <speed>1.474</speed>
      </trkpt>
      <trkpt lat="50.6010242" lon="-2.4543227">
        <ele>30.0</ele>
        <time>2026-01-02T14:21:31.000Z</time>
        <speed>1.493</speed>
      </trkpt>
      <trkpt lat="50.6009929" lon="-2.4544308">
        <ele>30.0</ele>
        <time>2026-01-02T14:21:36.000Z</time>
        <speed>1.512</speed>
      </trkpt>
      <trkpt lat="50.6009662" lon="-2.4545367">
        <ele>30.4</ele>
        <time>2026-01-02T14:21:41.000Z</time>
        <speed>1.530</speed>
      </trkpt>
      <trkpt lat="50.6009435" lon="-2.4546475">
        <ele>30.4</ele>
        <time>2026-01-02T14:21:46.000Z</time>
        <speed>1.540</speed>
      </trkpt>
      <trkpt lat="50.6009119" lon="-2.4547470">
        <ele>30.6</ele>
        <time>2026-01-02T14:21:51.000Z</time>
        <speed>1.540</speed>
      </trkpt>
      <trkpt lat="50.6008929" lon="-2.4548492">
        <ele>30.6</ele>
        <time>2026-01-02T14:21:56.000Z</time>
        <speed>1.549</speed>
      </trkpt>
      <trkpt lat="50.6008739" lon="-2.4549526">
        <ele>31.0</ele>
        <time>2026-01-02T14:22:01.000Z</time>
        <speed>1.549</speed>
      </trkpt>
      <trkpt lat="50.6008630" lon="-2.4550464">
        <ele>31.2</ele>
        <time>2026-01-02T14:22:06.000Z</time>
        <speed>1.540</speed>
      </trkpt>
      <trkpt lat="50.6008458" lon="-2.4551448">
        <ele>31.0</ele>
        <time>2026-01-02T14:22:11.000Z</time>
        <speed>1.530</speed>
      </trkpt>
      <trkpt lat="50.6008284" lon="-2.4552341">
        <ele>31.2</ele>
        <time>2026-01-02T14:22:16.000Z</time>
        <speed>1.521</speed>
      </trkpt>
      <trkpt lat="50.6008043" lon="-2.4553196">
        <ele>31.4</ele>
        <time>2026-01-02T14:22:21.000Z</time>
        <speed>1.502</speed>
      </trkpt>
      <trkpt lat="50.6007722" lon="-2.4554448">
        <ele>31.6</ele>
        <time>2026-01-02T14:22:26.000Z</time>
        <speed>1.502</speed>
      </trkpt>
      <trkpt lat="50.6007521" lon="-2.4555394">
        <ele>31.6</ele>
        <time>2026-01-02T14:22:31.000Z</time>
        <speed>1.521</speed>
      </trkpt>
      <trkpt lat="50.6007265" lon="-2.4556726">
        <ele>31.8</ele>
        <time>2026-01-02T14:22:36.000Z</time>
        <speed>1.540</speed>
      </trkpt>
      <trkpt lat="50.6007008" lon="-2.4557828">
        <ele>31.8</ele>
        <time>2026-01-02T14:22:41.000Z</time>
        <speed>1.558</speed>
      </trkpt>
      <trkpt lat="50.6006766" lon="-2.4558626">
        <ele>31.8</ele>
        <time>2026-01-02T14:22:46.000Z</time>
        <speed>1.558</speed>
      </trkpt>
      <trkpt lat="50.6006208" lon="-2.4559568">
        <ele>32.2</ele>
        <time>2026-01-02T14:22:51.000Z</time>
        <speed>1.558</speed>
      </trkpt>
      <trkpt lat="50.6005725" lon="-2.4560284">
        <ele>32.0</ele>
        <time>2026-01-02T14:22:56.000Z</time>
        <speed>1.558</speed>
      </trkpt>
      <trkpt lat="50.6005318" lon="-2.4560950">
        <ele>32.0</ele>
        <time>2026-01-02T14:23:01.000Z</time>
        <speed>1.558</speed>
      </trkpt>
      <trkpt lat="50.6004696" lon="-2.4561535">
        <ele>32.2</ele>
        <time>2026-01-02T14:23:06.000Z</time>
        <speed>1.549</speed>
      </trkpt>
      <trkpt lat="50.6004013" lon="-2.4561784">
        <ele>32.4</ele>
        <time>2026-01-02T14:23:11.000Z</time>
        <speed>1.540</speed>
      </trkpt>
      <trkpt lat="50.6003304" lon="-2.4562067">
        <ele>32.4</ele>
        <time>2026-01-02T14:23:16.000Z</time>
        <speed>1.549</speed>
      </trkpt>
      <trkpt lat="50.6002590" lon="-2.4562377">
        <ele>32.0</ele>
        <time>2026-01-02T14:23:21.000Z</time>
        <speed>1.558</speed>
      </trkpt>
      <trkpt lat="50.6001902" lon="-2.4562771">
        <ele>31.8</ele>
        <time>2026-01-02T14:23:26.000Z</time>
        <speed>1.558</speed>
      </trkpt>
      <trkpt lat="50.6001204" lon="-2.4563228">
        <ele>31.6</ele>
        <time>2026-01-02T14:23:31.000Z</time>
        <speed>1.577</speed>
      </trkpt>
      <trkpt lat="50.6000546" lon="-2.4563838">
        <ele>31.4</ele>
        <time>2026-01-02T14:23:36.000Z</time>
        <speed>1.586</speed>
      </trkpt>
      <trkpt lat="50.6000021" lon="-2.4564472">
        <ele>31.2</ele>
        <time>2026-01-02T14:23:41.000Z</time>
        <speed>1.586</speed>
      </trkpt>
      <trkpt lat="50.5999419" lon="-2.4565125">
        <ele>30.8</ele>
        <time>2026-01-02T14:23:46.000Z</time>
        <speed>1.586</speed>
      </trkpt>
      <trkpt lat="50.5998863" lon="-2.4565854">
        <ele>31.0</ele>
        <time>2026-01-02T14:23:51.000Z</time>
        <speed>1.586</speed>
      </trkpt>
      <trkpt lat="50.5998360" lon="-2.4566655">
        <ele>30.6</ele>
        <time>2026-01-02T14:23:56.000Z</time>
        <speed>1.586</speed>
      </trkpt>
      <trkpt lat="50.5997944" lon="-2.4567419">
        <ele>30.4</ele>
        <time>2026-01-02T14:24:01.000Z</time>
        <speed>1.586</speed>
      </trkpt>
      <trkpt lat="50.5997488" lon="-2.4568231">
        <ele>30.2</ele>
        <time>2026-01-02T14:24:06.000Z</time>
        <speed>1.577</speed>
      </trkpt>
      <trkpt lat="50.5996887" lon="-2.4569156">
        <ele>30.0</ele>
        <time>2026-01-02T14:24:11.000Z</time>
        <speed>1.586</speed>
      </trkpt>
      <trkpt lat="50.5996468" lon="-2.4569958">
        <ele>29.8</ele>
        <time>2026-01-02T14:24:16.000Z</time>
        <speed>1.596</speed>
      </trkpt>
      <trkpt lat="50.5996073" lon="-2.4570874">
        <ele>29.6</ele>
        <time>2026-01-02T14:24:21.000Z</time>
        <speed>1.605</speed>
      </trkpt>
      <trkpt lat="50.5995770" lon="-2.4571769">
        <ele>29.6</ele>
        <time>2026-01-02T14:24:26.000Z</time>
        <speed>1.586</speed>
      </trkpt>
      <trkpt lat="50.5995340" lon="-2.4572773">
        <ele>29.6</ele>
        <time>2026-01-02T14:24:31.000Z</time>
        <speed>1.568</speed>
      </trkpt>
      <trkpt lat="50.5995063" lon="-2.4573740">
        <ele>29.4</ele>
        <time>2026-01-02T14:24:36.000Z</time>
        <speed>1.577</speed>
      </trkpt>
      <trkpt lat="50.5994914" lon="-2.4574745">
        <ele>29.4</ele>
        <time>2026-01-02T14:24:41.000Z</time>
        <speed>1.577</speed>
      </trkpt>
      <trkpt lat="50.5994729" lon="-2.4575781">
        <ele>29.6</ele>
        <time>2026-01-02T14:24:46.000Z</time>
        <speed>1.568</speed>
      </trkpt>
      <trkpt lat="50.5994537" lon="-2.4576843">
        <ele>29.0</ele>
        <time>2026-01-02T14:24:51.000Z</time>
        <speed>1.568</speed>
      </trkpt>
      <trkpt lat="50.5994421" lon="-2.4577787">
        <ele>28.8</ele>
        <time>2026-01-02T14:24:56.000Z</time>
        <speed>1.558</speed>
      </trkpt>
      <trkpt lat="50.5994093" lon="-2.4578812">
        <ele>29.0</ele>
        <time>2026-01-02T14:25:01.000Z</time>
        <speed>1.530</speed>
      </trkpt>
      <trkpt lat="50.5993793" lon="-2.4579776">
        <ele>29.8</ele>
        <time>2026-01-02T14:25:06.000Z</time>
        <speed>1.530</speed>
      </trkpt>
      <trkpt lat="50.5993614" lon="-2.4580840">
        <ele>30.2</ele>
        <time>2026-01-02T14:25:11.000Z</time>
        <speed>1.530</speed>
      </trkpt>
      <trkpt lat="50.5993468" lon="-2.4581953">
        <ele>31.0</ele>
        <time>2026-01-02T14:25:16.000Z</time>
        <speed>1.530</speed>
      </trkpt>
      <trkpt lat="50.5993380" lon="-2.4583031">
        <ele>30.2</ele>
        <time>2026-01-02T14:25:21.000Z</time>
        <speed>1.530</speed>
      </trkpt>
      <trkpt lat="50.5993308" lon="-2.4584181">
        <ele>29.8</ele>
        <time>2026-01-02T14:25:26.000Z</time>
        <speed>1.530</speed>
      </trkpt>
      <trkpt lat="50.5993272" lon="-2.4585311">
        <ele>29.8</ele>
        <time>2026-01-02T14:25:31.000Z</time>
        <speed>1.540</speed>
      </trkpt>
      <trkpt lat="50.5993420" lon="-2.4586279">
        <ele>29.4</ele>
        <time>2026-01-02T14:25:36.000Z</time>
        <speed>1.549</speed>
      </trkpt>
      <trkpt lat="50.5993761" lon="-2.4587367">
        <ele>28.8</ele>
        <time>2026-01-02T14:25:41.000Z</time>
        <speed>1.540</speed>
      </trkpt>
      <trkpt lat="50.5994007" lon="-2.4588288">
        <ele>29.0</ele>
        <time>2026-01-02T14:25:46.000Z</time>
        <speed>1.558</speed>
      </trkpt>
      <trkpt lat="50.5994377" lon="-2.4589362">
        <ele>27.8</ele>
        <time>2026-01-02T14:25:51.000Z</time>
        <speed>1.568</speed>
      </trkpt>
      <trkpt lat="50.5994547" lon="-2.4590240">
        <ele>27.0</ele>
        <time>2026-01-02T14:25:56.000Z</time>
        <speed>1.558</speed>
      </trkpt>
      <trkpt lat="50.5994560" lon="-2.4591276">
        <ele>26.6</ele>
        <time>2026-01-02T14:26:01.000Z</time>
        <speed>1.540</speed>
      </trkpt>
      <trkpt lat="50.5994238" lon="-2.4592173">
        <ele>25.4</ele>
        <time>2026-01-02T14:26:06.000Z</time>
        <speed>1.530</speed>
      </trkpt>
      <trkpt lat="50.5993655" lon="-2.4592748">
        <ele>24.4</ele>
        <time>2026-01-02T14:26:11.000Z</time>
        <speed>1.521</speed>
      </trkpt>
      <trkpt lat="50.5993132" lon="-2.4593395">
        <ele>24.4</ele>
        <time>2026-01-02T14:26:16.000Z</time>
        <speed>1.521</speed>
      </trkpt>
      <trkpt lat="50.5992631" lon="-2.4593827">
        <ele>23.6</ele>
        <time>2026-01-02T14:26:21.000Z</time>
        <speed>1.512</speed>
      </trkpt>
      <trkpt lat="50.5991931" lon="-2.4594227">
        <ele>22.8</ele>
        <time>2026-01-02T14:26:26.000Z</time>
        <speed>1.502</speed>
      </trkpt>
      <trkpt lat="50.5991375" lon="-2.4594770">
        <ele>22.2</ele>
        <time>2026-01-02T14:26:31.000Z</time>
        <speed>1.502</speed>
      </trkpt>
      <trkpt lat="50.5990766" lon="-2.4595214">
        <ele>21.6</ele>
        <time>2026-01-02T14:26:36.000Z</time>
        <speed>1.512</speed>
      </trkpt>
      <trkpt lat="50.5990097" lon="-2.4595774">
        <ele>21.2</ele>
        <time>2026-01-02T14:26:41.000Z</time>
        <speed>1.512</speed>
      </trkpt>
      <trkpt lat="50.5989552" lon="-2.4596413">
        <ele>20.2</ele>
        <time>2026-01-02T14:26:46.000Z</time>
        <speed>1.521</speed>
      </trkpt>
      <trkpt lat="50.5989074" lon="-2.4596959">
        <ele>18.8</ele>
        <time>2026-01-02T14:26:51.000Z</time>
        <speed>1.512</speed>
      </trkpt>
      <trkpt lat="50.5988443" lon="-2.4597475">
        <ele>18.8</ele>
        <time>2026-01-02T14:26:56.000Z</time>
        <speed>1.512</speed>
      </trkpt>
      <trkpt lat="50.5987740" lon="-2.4597899">
        <ele>18.2</ele>
        <time>2026-01-02T14:27:01.000Z</time>
        <speed>1.521</speed>
      </trkpt>
      <trkpt lat="50.5987081" lon="-2.4598334">
        <ele>17.8</ele>
        <time>2026-01-02T14:27:06.000Z</time>
        <speed>1.521</speed>
      </trkpt>
      <trkpt lat="50.5986407" lon="-2.4598800">
        <ele>17.6</ele>
        <time>2026-01-02T14:27:11.000Z</time>
        <speed>1.530</speed>
      </trkpt>
      <trkpt lat="50.5985731" lon="-2.4599385">
        <ele>16.8</ele>
        <time>2026-01-02T14:27:16.000Z</time>
        <speed>1.540</speed>
      </trkpt>
      <trkpt lat="50.5985107" lon="-2.4599890">
        <ele>16.0</ele>
        <time>2026-01-02T14:27:21.000Z</time>
        <speed>1.558</speed>
      </trkpt>
      <trkpt lat="50.5984565" lon="-2.4600471">
        <ele>15.2</ele>
        <time>2026-01-02T14:27:26.000Z</time>
        <speed>1.558</speed>
      </trkpt>
      <trkpt lat="50.5983922" lon="-2.4601074">
        <ele>14.2</ele>
        <time>2026-01-02T14:27:31.000Z</time>
        <speed>1.558</speed>
      </trkpt>
      <trkpt lat="50.5983233" lon="-2.4601567">
        <ele>13.4</ele>
        <time>2026-01-02T14:27:36.000Z</time>
        <speed>1.568</speed>
      </trkpt>
      <trkpt lat="50.5982487" lon="-2.4602090">
        <ele>13.0</ele>
        <time>2026-01-02T14:27:41.000Z</time>
        <speed>1.577</speed>
      </trkpt>
      <trkpt lat="50.5981943" lon="-2.4602638">
        <ele>12.0</ele>
        <time>2026-01-02T14:27:46.000Z</time>
        <speed>1.586</speed>
      </trkpt>
      <trkpt lat="50.5981401" lon="-2.4602913">
        <ele>11.6</ele>
        <time>2026-01-02T14:27:51.000Z</time>
        <speed>1.568</speed>
      </trkpt>
      <trkpt lat="50.5980736" lon="-2.4603092">
        <ele>11.6</ele>
        <time>2026-01-02T14:27:56.000Z</time>
        <speed>1.558</speed>
      </trkpt>
      <trkpt lat="50.5979989" lon="-2.4603350">
        <ele>11.4</ele>
        <time>2026-01-02T14:28:01.000Z</time>
        <speed>1.577</speed>
      </trkpt>
      <trkpt lat="50.5979431" lon="-2.4603514">
        <ele>11.4</ele>
        <time>2026-01-02T14:28:06.000Z</time>
        <speed>1.558</speed>
      </trkpt>
      <trkpt lat="50.5979042" lon="-2.4603671">
        <ele>11.6</ele>
        <time>2026-01-02T14:28:11.000Z</time>
        <speed>1.493</speed>
      </trkpt>
      <trkpt lat="50.5978555" lon="-2.4603534">
        <ele>12.2</ele>
        <time>2026-01-02T14:28:16.000Z</time>
        <speed>1.334</speed>
      </trkpt>
      <trkpt lat="50.5977813" lon="-2.4603240">
        <ele>12.8</ele>
        <time>2026-01-02T14:28:21.000Z</time>
        <speed>1.465</speed>
      </trkpt>
      <trkpt lat="50.5977295" lon="-2.4603408">
        <ele>12.8</ele>
        <time>2026-01-02T14:28:26.000Z</time>
        <speed>1.474</speed>
      </trkpt>
      <trkpt lat="50.5976705" lon="-2.4603653">
        <ele>13.2</ele>
        <time>2026-01-02T14:28:31.000Z</time>
        <speed>1.409</speed>
      </trkpt>
      <trkpt lat="50.5976228" lon="-2.4603659">
        <ele>13.4</ele>
        <time>2026-01-02T14:28:36.000Z</time>
        <speed>1.260</speed>
      </trkpt>
      <trkpt lat="50.5975489" lon="-2.4603998">
        <ele>14.2</ele>
        <time>2026-01-02T14:28:41.000Z</time>
        <speed>1.390</speed>
      </trkpt>
      <trkpt lat="50.5974831" lon="-2.4604259">
        <ele>15.2</ele>
        <time>2026-01-02T14:28:46.000Z</time>
        <speed>1.409</speed>
      </trkpt>
      <trkpt lat="50.5974208" lon="-2.4604425">
        <ele>15.6</ele>
        <time>2026-01-02T14:28:51.000Z</time>
        <speed>1.400</speed>
      </trkpt>
      <trkpt lat="50.5973555" lon="-2.4604513">
        <ele>16.0</ele>
        <time>2026-01-02T14:28:56.000Z</time>
        <speed>1.437</speed>
      </trkpt>
      <trkpt lat="50.5972976" lon="-2.4604614">
        <ele>16.8</ele>
        <time>2026-01-02T14:29:01.000Z</time>
        <speed>1.418</speed>
      </trkpt>
      <trkpt lat="50.5972465" lon="-2.4604897">
        <ele>17.4</ele>
        <time>2026-01-02T14:29:06.000Z</time>
        <speed>1.400</speed>
      </trkpt>
      <trkpt lat="50.5971921" lon="-2.4605149">
        <ele>18.6</ele>
        <time>2026-01-02T14:29:11.000Z</time>
        <speed>1.306</speed>
      </trkpt>
      <trkpt lat="50.5971474" lon="-2.4605389">
        <ele>19.2</ele>
        <time>2026-01-02T14:29:16.000Z</time>
        <speed>1.306</speed>
      </trkpt>
      <trkpt lat="50.5970767" lon="-2.4605882">
        <ele>20.0</ele>
        <time>2026-01-02T14:29:21.000Z</time>
        <speed>1.306</speed>
      </trkpt>
      <trkpt lat="50.5970225" lon="-2.4606244">
        <ele>19.6</ele>
        <time>2026-01-02T14:29:26.000Z</time>
        <speed>1.316</speed>
      </trkpt>
      <trkpt lat="50.5969804" lon="-2.4606777">
        <ele>19.4</ele>
        <time>2026-01-02T14:29:31.000Z</time>
        <speed>1.306</speed>
      </trkpt>
      <trkpt lat="50.5969303" lon="-2.4607536">
        <ele>19.6</ele>
        <time>2026-01-02T14:29:36.000Z</time>
        <speed>1.306</speed>
      </trkpt>
      <trkpt lat="50.5968762" lon="-2.4608131">
        <ele>19.8</ele>
        <time>2026-01-02T14:29:41.000Z</time>
        <speed>1.334</speed>
      </trkpt>
      <trkpt lat="50.5968259" lon="-2.4608733">
        <ele>19.6</ele>
        <time>2026-01-02T14:29:46.000Z</time>
        <speed>1.344</speed>
      </trkpt>
      <trkpt lat="50.5967609" lon="-2.4609233">
        <ele>19.4</ele>
        <time>2026-01-02T14:29:51.000Z</time>
        <speed>1.353</speed>
      </trkpt>
      <trkpt lat="50.5966994" lon="-2.4609595">
        <ele>19.8</ele>
        <time>2026-01-02T14:29:56.000Z</time>
        <speed>1.390</speed>
      </trkpt>
      <trkpt lat="50.5966548" lon="-2.4609999">
        <ele>19.6</ele>
        <time>2026-01-02T14:30:01.000Z</time>
        <speed>1.400</speed>
      </trkpt>
      <trkpt lat="50.5965926" lon="-2.4610591">
        <ele>19.6</ele>
        <time>2026-01-02T14:30:06.000Z</time>
        <speed>1.390</speed>
      </trkpt>
      <trkpt lat="50.5965328" lon="-2.4611027">
        <ele>19.4</ele>
        <time>2026-01-02T14:30:11.000Z</time>
        <speed>1.400</speed>
      </trkpt>
      <trkpt lat="50.5964719" lon="-2.4611504">
        <ele>19.6</ele>
        <time>2026-01-02T14:30:16.000Z</time>
        <speed>1.400</speed>
      </trkpt>
      <trkpt lat="50.5964130" lon="-2.4611994">
        <ele>19.4</ele>
        <time>2026-01-02T14:30:21.000Z</time>
        <speed>1.409</speed>
      </trkpt>
      <trkpt lat="50.5963610" lon="-2.4612569">
        <ele>18.8</ele>
        <time>2026-01-02T14:30:26.000Z</time>
        <speed>1.409</speed>
      </trkpt>
      <trkpt lat="50.5963051" lon="-2.4613088">
        <ele>18.6</ele>
        <time>2026-01-02T14:30:31.000Z</time>
        <speed>1.409</speed>
      </trkpt>
      <trkpt lat="50.5962434" lon="-2.4613677">
        <ele>18.4</ele>
        <time>2026-01-02T14:30:36.000Z</time>
        <speed>1.418</speed>
      </trkpt>
      <trkpt lat="50.5961886" lon="-2.4614195">
        <ele>18.2</ele>
        <time>2026-01-02T14:30:41.000Z</time>
        <speed>1.428</speed>
      </trkpt>
      <trkpt lat="50.5961378" lon="-2.4614966">
        <ele>17.8</ele>
        <time>2026-01-02T14:30:46.000Z</time>
        <speed>1.428</speed>
      </trkpt>
      <trkpt lat="50.5960963" lon="-2.4615737">
        <ele>17.4</ele>
        <time>2026-01-02T14:30:51.000Z</time>
        <speed>1.428</speed>
      </trkpt>
      <trkpt lat="50.5960384" lon="-2.4616449">
        <ele>17.0</ele>
        <time>2026-01-02T14:30:56.000Z</time>
        <speed>1.446</speed>
      </trkpt>
      <trkpt lat="50.5959835" lon="-2.4617173">
        <ele>16.6</ele>
        <time>2026-01-02T14:31:01.000Z</time>
        <speed>1.456</speed>
      </trkpt>
      <trkpt lat="50.5959291" lon="-2.4617836">
        <ele>16.0</ele>
        <time>2026-01-02T14:31:06.000Z</time>
        <speed>1.474</speed>
      </trkpt>
      <trkpt lat="50.5958731" lon="-2.4618562">
        <ele>16.2</ele>
        <time>2026-01-02T14:31:11.000Z</time>
        <speed>1.493</speed>
      </trkpt>
      <trkpt lat="50.5958156" lon="-2.4619226">
        <ele>15.8</ele>
        <time>2026-01-02T14:31:16.000Z</time>
        <speed>1.512</speed>
      </trkpt>
      <trkpt lat="50.5957641" lon="-2.4619847">
        <ele>16.4</ele>
        <time>2026-01-02T14:31:21.000Z</time>
        <speed>1.521</speed>
      </trkpt>
      <trkpt lat="50.5957390" lon="-2.4620282">
        <ele>16.2</ele>
        <time>2026-01-02T14:31:26.000Z</time>
        <speed>1.502</speed>
      </trkpt>
      <trkpt lat="50.5957526" lon="-2.4620985">
        <ele>16.6</ele>
        <time>2026-01-02T14:31:31.000Z</time>
        <speed>1.465</speed>
      </trkpt>
      <trkpt lat="50.5957926" lon="-2.4622065">
        <ele>17.8</ele>
        <time>2026-01-02T14:31:36.000Z</time>
        <speed>1.474</speed>
      </trkpt>
      <trkpt lat="50.5957959" lon="-2.4622763">
        <ele>18.6</ele>
        <time>2026-01-02T14:31:41.000Z</time>
        <speed>1.372</speed>
      </trkpt>
      <trkpt lat="50.5957327" lon="-2.4623337">
        <ele>19.4</ele>
        <time>2026-01-02T14:31:46.000Z</time>
        <speed>1.353</speed>
      </trkpt>
      <trkpt lat="50.5956779" lon="-2.4623927">
        <ele>18.6</ele>
        <time>2026-01-02T14:31:51.000Z</time>
        <speed>1.400</speed>
      </trkpt>
      <trkpt lat="50.5956374" lon="-2.4624691">
        <ele>18.4</ele>
        <time>2026-01-02T14:31:56.000Z</time>
        <speed>1.418</speed>
      </trkpt>
      <trkpt lat="50.5955894" lon="-2.4625116">
        <ele>18.2</ele>
        <time>2026-01-02T14:32:01.000Z</time>
        <speed>1.446</speed>
      </trkpt>
      <trkpt lat="50.5955241" lon="-2.4625791">
        <ele>18.2</ele>
        <time>2026-01-02T14:32:06.000Z</time>
        <speed>1.456</speed>
      </trkpt>
      <trkpt lat="50.5954656" lon="-2.4626558">
        <ele>18.0</ele>
        <time>2026-01-02T14:32:11.000Z</time>
        <speed>1.502</speed>
      </trkpt>
      <trkpt lat="50.5954058" lon="-2.4627236">
        <ele>18.0</ele>
        <time>2026-01-02T14:32:16.000Z</time>
        <speed>1.540</speed>
      </trkpt>
      <trkpt lat="50.5953572" lon="-2.4627907">
        <ele>18.4</ele>
        <time>2026-01-02T14:32:21.000Z</time>
        <speed>1.540</speed>
      </trkpt>
      <trkpt lat="50.5953059" lon="-2.4628653">
        <ele>18.2</ele>
        <time>2026-01-02T14:32:26.000Z</time>
        <speed>1.540</speed>
      </trkpt>
      <trkpt lat="50.5952520" lon="-2.4629445">
        <ele>18.6</ele>
        <time>2026-01-02T14:32:31.000Z</time>
        <speed>1.549</speed>
      </trkpt>
      <trkpt lat="50.5952040" lon="-2.4630123">
        <ele>18.6</ele>
        <time>2026-01-02T14:32:36.000Z</time>
        <speed>1.549</speed>
      </trkpt>
      <trkpt lat="50.5951510" lon="-2.4631020">
        <ele>19.0</ele>
        <time>2026-01-02T14:32:41.000Z</time>
        <speed>1.549</speed>
      </trkpt>
      <trkpt lat="50.5951043" lon="-2.4631779">
        <ele>18.8</ele>
        <time>2026-01-02T14:32:46.000Z</time>
        <speed>1.568</speed>
      </trkpt>
      <trkpt lat="50.5950560" lon="-2.4632563">
        <ele>18.8</ele>
        <time>2026-01-02T14:32:51.000Z</time>
        <speed>1.568</speed>
      </trkpt>
      <trkpt lat="50.5950131" lon="-2.4633464">
        <ele>18.8</ele>
        <time>2026-01-02T14:32:56.000Z</time>
        <speed>1.568</speed>
      </trkpt>
      <trkpt lat="50.5949524" lon="-2.4634107">
        <ele>19.0</ele>
        <time>2026-01-02T14:33:01.000Z</time>
        <speed>1.577</speed>
      </trkpt>
      <trkpt lat="50.5949045" lon="-2.4634807">
        <ele>19.0</ele>
        <time>2026-01-02T14:33:06.000Z</time>
        <speed>1.577</speed>
      </trkpt>
      <trkpt lat="50.5948567" lon="-2.4635634">
        <ele>19.2</ele>
        <time>2026-01-02T14:33:11.000Z</time>
        <speed>1.568</speed>
      </trkpt>
      <trkpt lat="50.5948096" lon="-2.4636443">
        <ele>19.2</ele>
        <time>2026-01-02T14:33:16.000Z</time>
        <speed>1.568</speed>
      </trkpt>
      <trkpt lat="50.5947554" lon="-2.4637206">
        <ele>19.0</ele>
        <time>2026-01-02T14:33:21.000Z</time>
        <speed>1.568</speed>
      </trkpt>
      <trkpt lat="50.5947080" lon="-2.4638068">
        <ele>18.8</ele>
        <time>2026-01-02T14:33:26.000Z</time>
        <speed>1.577</speed>
      </trkpt>
      <trkpt lat="50.5946566" lon="-2.4638847">
        <ele>19.2</ele>
        <time>2026-01-02T14:33:31.000Z</time>
        <speed>1.568</speed>
      </trkpt>
      <trkpt lat="50.5946091" lon="-2.4639666">
        <ele>19.0</ele>
        <time>2026-01-02T14:33:36.000Z</time>
        <speed>1.568</speed>
      </trkpt>
      <trkpt lat="50.5945603" lon="-2.4640557">
        <ele>18.6</ele>
        <time>2026-01-02T14:33:41.000Z</time>
        <speed>1.577</speed>
      </trkpt>
      <trkpt lat="50.5945124" lon="-2.4641326">
        <ele>18.6</ele>
        <time>2026-01-02T14:33:46.000Z</time>
        <speed>1.577</speed>
      </trkpt>
      <trkpt lat="50.5944609" lon="-2.4642188">
        <ele>18.8</ele>
        <time>2026-01-02T14:33:51.000Z</time>
        <speed>1.596</speed>
      </trkpt>
      <trkpt lat="50.5944032" lon="-2.4642960">
        <ele>18.6</ele>
        <time>2026-01-02T14:33:56.000Z</time>
        <speed>1.596</speed>
      </trkpt>
      <trkpt lat="50.5943466" lon="-2.4643608">
        <ele>18.2</ele>
        <time>2026-01-02T14:34:01.000Z</time>
        <speed>1.605</speed>
      </trkpt>
      <trkpt lat="50.5942967" lon="-2.4644327">
        <ele>18.0</ele>
        <time>2026-01-02T14:34:06.000Z</time>
        <speed>1.605</speed>
      </trkpt>
      <trkpt lat="50.5942476" lon="-2.4645140">
        <ele>18.2</ele>
        <time>2026-01-02T14:34:11.000Z</time>
        <speed>1.586</speed>
      </trkpt>
      <trkpt lat="50.5941990" lon="-2.4645944">
        <ele>18.0</ele>
        <time>2026-01-02T14:34:16.000Z</time>
        <speed>1.586</speed>
      </trkpt>
      <trkpt lat="50.5941450" lon="-2.4646701">
        <ele>17.8</ele>
        <time>2026-01-02T14:34:21.000Z</time>
        <speed>1.596</speed>
      </trkpt>
      <trkpt lat="50.5940968" lon="-2.4647407">
        <ele>17.8</ele>
        <time>2026-01-02T14:34:26.000Z</time>
        <speed>1.596</speed>
      </trkpt>
      <trkpt lat="50.5940408" lon="-2.4648055">
        <ele>17.6</ele>
        <time>2026-01-02T14:34:31.000Z</time>
        <speed>1.577</speed>
      </trkpt>
      <trkpt lat="50.5939808" lon="-2.4648629">
        <ele>17.4</ele>
        <time>2026-01-02T14:34:36.000Z</time>
        <speed>1.577</speed>
      </trkpt>
      <trkpt lat="50.5939274" lon="-2.4649309">
        <ele>17.4</ele>
        <time>2026-01-02T14:34:41.000Z</time>
        <speed>1.568</speed>
      </trkpt>
      <trkpt lat="50.5938714" lon="-2.4650010">
        <ele>17.4</ele>
        <time>2026-01-02T14:34:46.000Z</time>
        <speed>1.568</speed>
      </trkpt>
      <trkpt lat="50.5938171" lon="-2.4650704">
        <ele>17.2</ele>
        <time>2026-01-02T14:34:51.000Z</time>
        <speed>1.568</speed>
      </trkpt>
      <trkpt lat="50.5937591" lon="-2.4651371">
        <ele>17.4</ele>
        <time>2026-01-02T14:34:56.000Z</time>
        <speed>1.558</speed>
      </trkpt>
      <trkpt lat="50.5937030" lon="-2.4651980">
        <ele>16.8</ele>
        <time>2026-01-02T14:35:01.000Z</time>
        <speed>1.568</speed>
      </trkpt>
      <trkpt lat="50.5936460" lon="-2.4652612">
        <ele>16.6</ele>
        <time>2026-01-02T14:35:06.000Z</time>
        <speed>1.558</speed>
      </trkpt>
      <trkpt lat="50.5935873" lon="-2.4653204">
        <ele>16.6</ele>
        <time>2026-01-02T14:35:11.000Z</time>
        <speed>1.568</speed>
      </trkpt>
      <trkpt lat="50.5935270" lon="-2.4653833">
        <ele>16.8</ele>
        <time>2026-01-02T14:35:16.000Z</time>
        <speed>1.558</speed>
      </trkpt>
      <trkpt lat="50.5934652" lon="-2.4654366">
        <ele>17.0</ele>
        <time>2026-01-02T14:35:21.000Z</time>
        <speed>1.568</speed>
      </trkpt>
      <trkpt lat="50.5934079" lon="-2.4654960">
        <ele>15.8</ele>
        <time>2026-01-02T14:35:26.000Z</time>
        <speed>1.568</speed>
      </trkpt>
      <trkpt lat="50.5933567" lon="-2.4655647">
        <ele>16.0</ele>
        <time>2026-01-02T14:35:31.000Z</time>
        <speed>1.558</speed>
      </trkpt>
      <trkpt lat="50.5932959" lon="-2.4656242">
        <ele>16.0</ele>
        <time>2026-01-02T14:35:36.000Z</time>
        <speed>1.558</speed>
      </trkpt>
      <trkpt lat="50.5932340" lon="-2.4656850">
        <ele>16.0</ele>
        <time>2026-01-02T14:35:41.000Z</time>
        <speed>1.558</speed>
      </trkpt>
      <trkpt lat="50.5931729" lon="-2.4657558">
        <ele>15.8</ele>
        <time>2026-01-02T14:35:46.000Z</time>
        <speed>1.577</speed>
      </trkpt>
      <trkpt lat="50.5931136" lon="-2.4658159">
        <ele>15.4</ele>
        <time>2026-01-02T14:35:51.000Z</time>
        <speed>1.586</speed>
      </trkpt>
      <trkpt lat="50.5930551" lon="-2.4658802">
        <ele>15.2</ele>
        <time>2026-01-02T14:35:56.000Z</time>
        <speed>1.586</speed>
      </trkpt>
      <trkpt lat="50.5929955" lon="-2.4659426">
        <ele>15.0</ele>
        <time>2026-01-02T14:36:01.000Z</time>
        <speed>1.586</speed>
      </trkpt>
      <trkpt lat="50.5929343" lon="-2.4660057">
        <ele>15.0</ele>
        <time>2026-01-02T14:36:06.000Z</time>
        <speed>1.586</speed>
      </trkpt>
      <trkpt lat="50.5928752" lon="-2.4660640">
        <ele>15.0</ele>
        <time>2026-01-02T14:36:11.000Z</time>
        <speed>1.596</speed>
      </trkpt>
      <trkpt lat="50.5928059" lon="-2.4661257">
        <ele>15.0</ele>
        <time>2026-01-02T14:36:16.000Z</time>
        <speed>1.605</speed>
      </trkpt>
      <trkpt lat="50.5927384" lon="-2.4661883">
        <ele>15.0</ele>
        <time>2026-01-02T14:36:21.000Z</time>
        <speed>1.614</speed>
      </trkpt>
      <trkpt lat="50.5926746" lon="-2.4662338">
        <ele>14.6</ele>
        <time>2026-01-02T14:36:26.000Z</time>
        <speed>1.633</speed>
      </trkpt>
      <trkpt lat="50.5926123" lon="-2.4662840">
        <ele>14.6</ele>
        <time>2026-01-02T14:36:31.000Z</time>
        <speed>1.614</speed>
      </trkpt>
      <trkpt lat="50.5925462" lon="-2.4663285">
        <ele>14.2</ele>
        <time>2026-01-02T14:36:36.000Z</time>
        <speed>1.614</speed>
      </trkpt>
      <trkpt lat="50.5924795" lon="-2.4663783">
        <ele>14.0</ele>
        <time>2026-01-02T14:36:41.000Z</time>
        <speed>1.633</speed>
      </trkpt>
      <trkpt lat="50.5924131" lon="-2.4664260">
        <ele>13.8</ele>
        <time>2026-01-02T14:36:46.000Z</time>
        <speed>1.624</speed>
      </trkpt>
      <trkpt lat="50.5923437" lon="-2.4664708">
        <ele>13.6</ele>
        <time>2026-01-02T14:36:51.000Z</time>
        <speed>1.624</speed>
      </trkpt>
      <trkpt lat="50.5922856" lon="-2.4665196">
        <ele>13.4</ele>
        <time>2026-01-02T14:36:56.000Z</time>
        <speed>1.624</speed>
      </trkpt>
      <trkpt lat="50.5922209" lon="-2.4665697">
        <ele>13.0</ele>
        <time>2026-01-02T14:37:01.000Z</time>
        <speed>1.624</speed>
      </trkpt>
      <trkpt lat="50.5921532" lon="-2.4666141">
        <ele>13.0</ele>
        <time>2026-01-02T14:37:06.000Z</time>
        <speed>1.624</speed>
      </trkpt>
      <trkpt lat="50.5920916" lon="-2.4666523">
        <ele>13.2</ele>
        <time>2026-01-02T14:37:11.000Z</time>
        <speed>1.614</speed>
      </trkpt>
      <trkpt lat="50.5920284" lon="-2.4666955">
        <ele>12.8</ele>
        <time>2026-01-02T14:37:16.000Z</time>
        <speed>1.586</speed>
      </trkpt>
      <trkpt lat="50.5919599" lon="-2.4667463">
        <ele>12.6</ele>
        <time>2026-01-02T14:37:21.000Z</time>
        <speed>1.586</speed>
      </trkpt>
      <trkpt lat="50.5918955" lon="-2.4667920">
        <ele>12.4</ele>
        <time>2026-01-02T14:37:26.000Z</time>
        <speed>1.605</speed>
      </trkpt>
      <trkpt lat="50.5918279" lon="-2.4668337">
        <ele>12.4</ele>
        <time>2026-01-02T14:37:31.000Z</time>
        <speed>1.605</speed>
      </trkpt>
      <trkpt lat="50.5917621" lon="-2.4668653">
        <ele>12.4</ele>
        <time>2026-01-02T14:37:36.000Z</time>
        <speed>1.596</speed>
      </trkpt>
      <trkpt lat="50.5916917" lon="-2.4668952">
        <ele>12.2</ele>
        <time>2026-01-02T14:37:41.000Z</time>
        <speed>1.596</speed>
      </trkpt>
      <trkpt lat="50.5916249" lon="-2.4669220">
        <ele>12.0</ele>
        <time>2026-01-02T14:37:46.000Z</time>
        <speed>1.596</speed>
      </trkpt>
      <trkpt lat="50.5915526" lon="-2.4669527">
        <ele>12.4</ele>
        <time>2026-01-02T14:37:51.000Z</time>
        <speed>1.596</speed>
      </trkpt>
      <trkpt lat="50.5914884" lon="-2.4669891">
        <ele>12.2</ele>
        <time>2026-01-02T14:37:56.000Z</time>
        <speed>1.596</speed>
      </trkpt>
      <trkpt lat="50.5914218" lon="-2.4670178">
        <ele>12.4</ele>
        <time>2026-01-02T14:38:01.000Z</time>
        <speed>1.586</speed>
      </trkpt>
      <trkpt lat="50.5913529" lon="-2.4670511">
        <ele>12.4</ele>
        <time>2026-01-02T14:38:06.000Z</time>
        <speed>1.586</speed>
      </trkpt>
      <trkpt lat="50.5912847" lon="-2.4670776">
        <ele>12.2</ele>
        <time>2026-01-02T14:38:11.000Z</time>
        <speed>1.586</speed>
      </trkpt>
      <trkpt lat="50.5912153" lon="-2.4671100">
        <ele>12.2</ele>
        <time>2026-01-02T14:38:16.000Z</time>
        <speed>1.577</speed>
      </trkpt>
      <trkpt lat="50.5911519" lon="-2.4671484">
        <ele>12.0</ele>
        <time>2026-01-02T14:38:21.000Z</time>
        <speed>1.577</speed>
      </trkpt>
      <trkpt lat="50.5910847" lon="-2.4671801">
        <ele>11.8</ele>
        <time>2026-01-02T14:38:26.000Z</time>
        <speed>1.577</speed>
      </trkpt>
      <trkpt lat="50.5910130" lon="-2.4672088">
        <ele>11.6</ele>
        <time>2026-01-02T14:38:31.000Z</time>
        <speed>1.568</speed>
      </trkpt>
      <trkpt lat="50.5909422" lon="-2.4672424">
        <ele>11.8</ele>
        <time>2026-01-02T14:38:36.000Z</time>
        <speed>1.577</speed>
      </trkpt>
      <trkpt lat="50.5908747" lon="-2.4672772">
        <ele>12.0</ele>
        <time>2026-01-02T14:38:41.000Z</time>
        <speed>1.586</speed>
      </trkpt>
      <trkpt lat="50.5908049" lon="-2.4672998">
        <ele>11.6</ele>
        <time>2026-01-02T14:38:46.000Z</time>
        <speed>1.586</speed>
      </trkpt>
      <trkpt lat="50.5907303" lon="-2.4673198">
        <ele>12.4</ele>
        <time>2026-01-02T14:38:51.000Z</time>
        <speed>1.586</speed>
      </trkpt>
      <trkpt lat="50.5906557" lon="-2.4673427">
        <ele>12.2</ele>
        <time>2026-01-02T14:38:56.000Z</time>
        <speed>1.586</speed>
      </trkpt>
      <trkpt lat="50.5905800" lon="-2.4673716">
        <ele>11.8</ele>
        <time>2026-01-02T14:39:01.000Z</time>
        <speed>1.596</speed>
      </trkpt>
      <trkpt lat="50.5905134" lon="-2.4674005">
        <ele>11.6</ele>
        <time>2026-01-02T14:39:06.000Z</time>
        <speed>1.605</speed>
      </trkpt>
      <trkpt lat="50.5904520" lon="-2.4674380">
        <ele>11.6</ele>
        <time>2026-01-02T14:39:11.000Z</time>
        <speed>1.605</speed>
      </trkpt>
      <trkpt lat="50.5903836" lon="-2.4674740">
        <ele>11.6</ele>
        <time>2026-01-02T14:39:16.000Z</time>
        <speed>1.596</speed>
      </trkpt>
      <trkpt lat="50.5903163" lon="-2.4675118">
        <ele>11.2</ele>
        <time>2026-01-02T14:39:21.000Z</time>
        <speed>1.596</speed>
      </trkpt>
      <trkpt lat="50.5902494" lon="-2.4675443">
        <ele>11.0</ele>
        <time>2026-01-02T14:39:26.000Z</time>
        <speed>1.596</speed>
      </trkpt>
      <trkpt lat="50.5901837" lon="-2.4675782">
        <ele>10.8</ele>
        <time>2026-01-02T14:39:31.000Z</time>
        <speed>1.586</speed>
      </trkpt>
      <trkpt lat="50.5901164" lon="-2.4676107">
        <ele>10.8</ele>
        <time>2026-01-02T14:39:36.000Z</time>
        <speed>1.586</speed>
      </trkpt>
      <trkpt lat="50.5900470" lon="-2.4676457">
        <ele>10.6</ele>
        <time>2026-01-02T14:39:41.000Z</time>
        <speed>1.577</speed>
      </trkpt>
      <trkpt lat="50.5899811" lon="-2.4676814">
        <ele>10.6</ele>
        <time>2026-01-02T14:39:46.000Z</time>
        <speed>1.586</speed>
      </trkpt>
      <trkpt lat="50.5899120" lon="-2.4677183">
        <ele>10.4</ele>
        <time>2026-01-02T14:39:51.000Z</time>
        <speed>1.586</speed>
      </trkpt>
      <trkpt lat="50.5898463" lon="-2.4677529">
        <ele>10.4</ele>
        <time>2026-01-02T14:39:56.000Z</time>
        <speed>1.586</speed>
      </trkpt>
      <trkpt lat="50.5897777" lon="-2.4677821">
        <ele>10.2</ele>
        <time>2026-01-02T14:40:01.000Z</time>
        <speed>1.577</speed>
      </trkpt>
      <trkpt lat="50.5897051" lon="-2.4678174">
        <ele>9.8</ele>
        <time>2026-01-02T14:40:06.000Z</time>
        <speed>1.577</speed>
      </trkpt>
      <trkpt lat="50.5896336" lon="-2.4678438">
        <ele>10.0</ele>
        <time>2026-01-02T14:40:11.000Z</time>
        <speed>1.586</speed>
      </trkpt>
      <trkpt lat="50.5895647" lon="-2.4678823">
        <ele>9.8</ele>
        <time>2026-01-02T14:40:16.000Z</time>
        <speed>1.596</speed>
      </trkpt>
      <trkpt lat="50.5894990" lon="-2.4679190">
        <ele>9.8</ele>
        <time>2026-01-02T14:40:21.000Z</time>
        <speed>1.596</speed>
      </trkpt>
      <trkpt lat="50.5894321" lon="-2.4679513">
        <ele>9.4</ele>
        <time>2026-01-02T14:40:26.000Z</time>
        <speed>1.596</speed>
      </trkpt>
      <trkpt lat="50.5893648" lon="-2.4679837">
        <ele>9.4</ele>
        <time>2026-01-02T14:40:31.000Z</time>
        <speed>1.596</speed>
      </trkpt>
      <trkpt lat="50.5893000" lon="-2.4680167">
        <ele>9.6</ele>
        <time>2026-01-02T14:40:36.000Z</time>
        <speed>1.596</speed>
      </trkpt>
      <trkpt lat="50.5892304" lon="-2.4680431">
        <ele>9.2</ele>
        <time>2026-01-02T14:40:41.000Z</time>
        <speed>1.586</speed>
      </trkpt>
      <trkpt lat="50.5891550" lon="-2.4680829">
        <ele>9.2</ele>
        <time>2026-01-02T14:40:46.000Z</time>
        <speed>1.596</speed>
      </trkpt>
      <trkpt lat="50.5890843" lon="-2.4681143">
        <ele>8.8</ele>
        <time>2026-01-02T14:40:51.000Z</time>
        <speed>1.596</speed>
      </trkpt>
      <trkpt lat="50.5890138" lon="-2.4681464">
        <ele>8.8</ele>
        <time>2026-01-02T14:40:56.000Z</time>
        <speed>1.605</speed>
      </trkpt>
      <trkpt lat="50.5889498" lon="-2.4681795">
        <ele>8.4</ele>
        <time>2026-01-02T14:41:01.000Z</time>
        <speed>1.605</speed>
      </trkpt>
      <trkpt lat="50.5889006" lon="-2.4682101">
        <ele>8.4</ele>
        <time>2026-01-02T14:41:06.000Z</time>
        <speed>1.568</speed>
      </trkpt>
      <trkpt lat="50.5888372" lon="-2.4682483">
        <ele>8.4</ele>
        <time>2026-01-02T14:41:11.000Z</time>
        <speed>1.530</speed>
      </trkpt>
      <trkpt lat="50.5887700" lon="-2.4682826">
        <ele>8.4</ele>
        <time>2026-01-02T14:41:16.000Z</time>
        <speed>1.530</speed>
      </trkpt>
      <trkpt lat="50.5887015" lon="-2.4683085">
        <ele>8.0</ele>
        <time>2026-01-02T14:41:21.000Z</time>
        <speed>1.502</speed>
      </trkpt>
      <trkpt lat="50.5886347" lon="-2.4683401">
        <ele>8.0</ele>
        <time>2026-01-02T14:41:26.000Z</time>
        <speed>1.549</speed>
      </trkpt>
      <trkpt lat="50.5885721" lon="-2.4683728">
        <ele>8.0</ele>
        <time>2026-01-02T14:41:31.000Z</time>
        <speed>1.530</speed>
      </trkpt>
      <trkpt lat="50.5885077" lon="-2.4684085">
        <ele>8.0</ele>
        <time>2026-01-02T14:41:36.000Z</time>
        <speed>1.530</speed>
      </trkpt>
      <trkpt lat="50.5884396" lon="-2.4684522">
        <ele>7.8</ele>
        <time>2026-01-02T14:41:41.000Z</time>
        <speed>1.530</speed>
      </trkpt>
      <trkpt lat="50.5883807" lon="-2.4684850">
        <ele>7.8</ele>
        <time>2026-01-02T14:41:46.000Z</time>
        <speed>1.530</speed>
      </trkpt>
      <trkpt lat="50.5883111" lon="-2.4685194">
        <ele>8.2</ele>
        <time>2026-01-02T14:41:51.000Z</time>
        <speed>1.521</speed>
      </trkpt>
      <trkpt lat="50.5882463" lon="-2.4685568">
        <ele>8.0</ele>
        <time>2026-01-02T14:41:56.000Z</time>
        <speed>1.530</speed>
      </trkpt>
      <trkpt lat="50.5881759" lon="-2.4685941">
        <ele>7.8</ele>
        <time>2026-01-02T14:42:01.000Z</time>
        <speed>1.530</speed>
      </trkpt>
      <trkpt lat="50.5881055" lon="-2.4686256">
        <ele>7.6</ele>
        <time>2026-01-02T14:42:06.000Z</time>
        <speed>1.540</speed>
      </trkpt>
      <trkpt lat="50.5880372" lon="-2.4686517">
        <ele>7.6</ele>
        <time>2026-01-02T14:42:11.000Z</time>
        <speed>1.549</speed>
      </trkpt>
      <trkpt lat="50.5879714" lon="-2.4686829">
        <ele>7.4</ele>
        <time>2026-01-02T14:42:16.000Z</time>
        <speed>1.549</speed>
      </trkpt>
      <trkpt lat="50.5879025" lon="-2.4687219">
        <ele>7.2</ele>
        <time>2026-01-02T14:42:21.000Z</time>
        <speed>1.549</speed>
      </trkpt>
      <trkpt lat="50.5878337" lon="-2.4687593">
        <ele>7.0</ele>
        <time>2026-01-02T14:42:26.000Z</time>
        <speed>1.549</speed>
      </trkpt>
      <trkpt lat="50.5877693" lon="-2.4687882">
        <ele>7.0</ele>
        <time>2026-01-02T14:42:31.000Z</time>
        <speed>1.549</speed>
      </trkpt>
      <trkpt lat="50.5877004" lon="-2.4688215">
        <ele>6.8</ele>
        <time>2026-01-02T14:42:36.000Z</time>
        <speed>1.540</speed>
      </trkpt>
      <trkpt lat="50.5876364" lon="-2.4688605">
        <ele>6.8</ele>
        <time>2026-01-02T14:42:41.000Z</time>
        <speed>1.549</speed>
      </trkpt>
      <trkpt lat="50.5875722" lon="-2.4688946">
        <ele>7.0</ele>
        <time>2026-01-02T14:42:46.000Z</time>
        <speed>1.549</speed>
      </trkpt>
      <trkpt lat="50.5875115" lon="-2.4689198">
        <ele>6.8</ele>
        <time>2026-01-02T14:42:51.000Z</time>
        <speed>1.549</speed>
      </trkpt>
      <trkpt lat="50.5874451" lon="-2.4689498">
        <ele>6.6</ele>
        <time>2026-01-02T14:42:56.000Z</time>
        <speed>1.530</speed>
      </trkpt>
      <trkpt lat="50.5873822" lon="-2.4689837">
        <ele>6.6</ele>
        <time>2026-01-02T14:43:01.000Z</time>
        <speed>1.530</speed>
      </trkpt>
      <trkpt lat="50.5873176" lon="-2.4690119">
        <ele>6.2</ele>
        <time>2026-01-02T14:43:06.000Z</time>
        <speed>1.521</speed>
      </trkpt>
      <trkpt lat="50.5872471" lon="-2.4690361">
        <ele>6.2</ele>
        <time>2026-01-02T14:43:11.000Z</time>
        <speed>1.521</speed>
      </trkpt>
      <trkpt lat="50.5871797" lon="-2.4690732">
        <ele>6.2</ele>
        <time>2026-01-02T14:43:16.000Z</time>
        <speed>1.521</speed>
      </trkpt>
      <trkpt lat="50.5871174" lon="-2.4691234">
        <ele>5.8</ele>
        <time>2026-01-02T14:43:21.000Z</time>
        <speed>1.530</speed>
      </trkpt>
      <trkpt lat="50.5870633" lon="-2.4691881">
        <ele>5.6</ele>
        <time>2026-01-02T14:43:26.000Z</time>
        <speed>1.530</speed>
      </trkpt>
      <trkpt lat="50.5870113" lon="-2.4692669">
        <ele>5.4</ele>
        <time>2026-01-02T14:43:31.000Z</time>
        <speed>1.530</speed>
      </trkpt>
      <trkpt lat="50.5869488" lon="-2.4693301">
        <ele>5.0</ele>
        <time>2026-01-02T14:43:36.000Z</time>
        <speed>1.530</speed>
      </trkpt>
      <trkpt lat="50.5868990" lon="-2.4693600">
        <ele>5.0</ele>
        <time>2026-01-02T14:43:41.000Z</time>
        <speed>1.540</speed>
      </trkpt>
      <trkpt lat="50.5868216" lon="-2.4693917">
        <ele>5.0</ele>
        <time>2026-01-02T14:43:46.000Z</time>
        <speed>1.530</speed>
      </trkpt>
      <trkpt lat="50.5867536" lon="-2.4694471">
        <ele>4.4</ele>
        <time>2026-01-02T14:43:51.000Z</time>
        <speed>1.540</speed>
      </trkpt>
      <trkpt lat="50.5866843" lon="-2.4694945">
        <ele>4.6</ele>
        <time>2026-01-02T14:43:56.000Z</time>
        <speed>1.568</speed>
      </trkpt>
      <trkpt lat="50.5866107" lon="-2.4695247">
        <ele>4.2</ele>
        <time>2026-01-02T14:44:01.000Z</time>
        <speed>1.596</speed>
      </trkpt>
      <trkpt lat="50.5865389" lon="-2.4695503">
        <ele>4.2</ele>
        <time>2026-01-02T14:44:06.000Z</time>
        <speed>1.605</speed>
      </trkpt>
      <trkpt lat="50.5864634" lon="-2.4695924">
        <ele>3.2</ele>
        <time>2026-01-02T14:44:11.000Z</time>
        <speed>1.624</speed>
      </trkpt>
      <trkpt lat="50.5863989" lon="-2.4696445">
        <ele>3.0</ele>
        <time>2026-01-02T14:44:16.000Z</time>
        <speed>1.642</speed>
      </trkpt>
      <trkpt lat="50.5863339" lon="-2.4696926">
        <ele>3.0</ele>
        <time>2026-01-02T14:44:21.000Z</time>
        <speed>1.633</speed>
      </trkpt>
      <trkpt lat="50.5862682" lon="-2.4697318">
        <ele>2.8</ele>
        <time>2026-01-02T14:44:26.000Z</time>
        <speed>1.642</speed>
      </trkpt>
      <trkpt lat="50.5861986" lon="-2.4697526">
        <ele>2.6</ele>
        <time>2026-01-02T14:44:31.000Z</time>
        <speed>1.624</speed>
      </trkpt>
      <trkpt lat="50.5861279" lon="-2.4697828">
        <ele>2.2</ele>
        <time>2026-01-02T14:44:36.000Z</time>
        <speed>1.614</speed>
      </trkpt>
      <trkpt lat="50.5861083" lon="-2.4698549">
        <ele>1.8</ele>
        <time>2026-01-02T14:44:41.000Z</time>
        <speed>1.605</speed>
      </trkpt>
      <trkpt lat="50.5860849" lon="-2.4699418">
        <ele>0.8</ele>
        <time>2026-01-02T14:44:46.000Z</time>
        <speed>1.577</speed>
      </trkpt>
      <trkpt lat="50.5860238" lon="-2.4699858">
        <ele>0.4</ele>
        <time>2026-01-02T14:44:51.000Z</time>
        <speed>1.549</speed>
      </trkpt>
      <trkpt lat="50.5859916" lon="-2.4700869">
        <ele>0.6</ele>
        <time>2026-01-02T14:44:56.000Z</time>
        <speed>1.540</speed>
      </trkpt>
      <trkpt lat="50.5859666" lon="-2.4701865">
        <ele>0.4</ele>
        <time>2026-01-02T14:45:01.000Z</time>
        <speed>1.558</speed>
      </trkpt>
      <trkpt lat="50.5859174" lon="-2.4702059">
        <ele>0.8</ele>
        <time>2026-01-02T14:45:06.000Z</time>
        <speed>1.530</speed>
      </trkpt>
    </trkseg>
  </trk>
</gpx>
