<?xml version="1.0" encoding="UTF-8"?>
<gpx xmlns="http://www.topografix.com/GPX/1/0" xmlns:xsi="http://www.w3.org/2001/XMLSchema-instance" creator="GPS Wizard - https://github.com/Logiqx/gps-wizard" version="1.0" xsi:schemaLocation="http://www.topografix.com/GPX/1/0 http://www.topografix.com/GPX/1/0/gpx.xsd">
  <trk>
    <trkseg>
      <trkpt lat="50.5566331" lon="-2.4396874">
        <ele>129.8</ele>
        <time>2026-01-01T14:11:47.000Z</time>
        <speed>0.000</speed>
      </trkpt>
      <trkpt lat="50.5566504" lon="-2.4396887">
        <ele>129.2</ele>
        <time>2026-01-01T14:11:52.000Z</time>
        <speed>1.064</speed>
      </trkpt>
      <trkpt lat="50.5566241" lon="-2.4396430">
        <ele>129.6</ele>
        <time>2026-01-01T14:11:57.000Z</time>
        <speed>0.308</speed>
      </trkpt>
      <trkpt lat="50.5566375" lon="-2.4396336">
        <ele>130.0</ele>
        <time>2026-01-01T14:12:02.000Z</time>
        <speed>0.000</speed>
      </trkpt>
      <trkpt lat="50.5566419" lon="-2.4396408">
        <ele>129.2</ele>
        <time>2026-01-01T14:12:07.000Z</time>
        <speed>0.000</speed>
      </trkpt>
      <trkpt lat="50.5566681" lon="-2.4395914">
        <ele>128.8</ele>
        <time>2026-01-01T14:12:12.000Z</time>
        <speed>0.000</speed>
      </trkpt>
      <trkpt lat="50.5566547" lon="-2.4396072">
        <ele>128.4</ele>
        <time>2026-01-01T14:12:17.000Z</time>
        <speed>0.000</speed>
      </trkpt>
      <trkpt lat="50.5565872" lon="-2.4395809">
        <ele>128.8</ele>
        <time>2026-01-01T14:12:22.000Z</time>
        <speed>0.000</speed>
      </trkpt>
      <trkpt lat="50.5565252" lon="-2.4395441">
        <ele>128.2</ele>
        <time>2026-01-01T14:12:27.000Z</time>
        <speed>0.793</speed>
      </trkpt>
      <trkpt lat="50.5564721" lon="-2.4395129">
        <ele>128.2</ele>
        <time>2026-01-01T14:12:32.000Z</time>
        <speed>1.194</speed>
      </trkpt>
      <trkpt lat="50.5564536" lon="-2.4394653">
        <ele>127.4</ele>
        <time>2026-01-01T14:12:37.000Z</time>
        <speed>0.849</speed>
      </trkpt>
      <trkpt lat="50.5564099" lon="-2.4393947">
        <ele>127.4</ele>
        <time>2026-01-01T14:12:42.000Z</time>
        <speed>1.362</speed>
      </trkpt>
      <trkpt lat="50.5563621" lon="-2.4393642">
        <ele>127.8</ele>
        <time>2026-01-01T14:12:47.000Z</time>
        <speed>1.344</speed>
      </trkpt>
      <trkpt lat="50.5563069" lon="-2.4393332">
        <ele>127.0</ele>
        <time>2026-01-01T14:12:52.000Z</time>
        <speed>1.250</speed>
      </trkpt>
      <trkpt lat="50.5562564" lon="-2.4392724">
        <ele>127.0</ele>
        <time>2026-01-01T14:12:57.000Z</time>
        <speed>1.278</speed>
      </trkpt>
      <trkpt lat="50.5562074" lon="-2.4392168">
        <ele>126.6</ele>
        <time>2026-01-01T14:13:02.000Z</time>
        <speed>1.316</speed>
      </trkpt>
      <trkpt lat="50.5561711" lon="-2.4391725">
        <ele>126.4</ele>
        <time>2026-01-01T14:13:07.000Z</time>
        <speed>1.344</speed>
      </trkpt>
      <trkpt lat="50.5561237" lon="-2.4391215">
        <ele>126.0</ele>
        <time>2026-01-01T14:13:12.000Z</time>
        <speed>1.297</speed>
      </trkpt>
      <trkpt lat="50.5560674" lon="-2.4390690">
        <ele>125.8</ele>
        <time>2026-01-01T14:13:17.000Z</time>
        <speed>1.306</speed>
      </trkpt>
      <trkpt lat="50.5559999" lon="-2.4390026">
        <ele>125.2</ele>
        <time>2026-01-01T14:13:22.000Z</time>
        <speed>1.474</speed>
      </trkpt>
      <trkpt lat="50.5559411" lon="-2.4389503">
        <ele>125.2</ele>
        <time>2026-01-01T14:13:27.000Z</time>
        <speed>1.334</speed>
      </trkpt>
      <trkpt lat="50.5558919" lon="-2.4388918">
        <ele>125.0</ele>
        <time>2026-01-01T14:13:32.000Z</time>
        <speed>1.325</speed>
      </trkpt>
      <trkpt lat="50.5558357" lon="-2.4388182">
        <ele>124.8</ele>
        <time>2026-01-01T14:13:37.000Z</time>
        <speed>1.484</speed>
      </trkpt>
      <trkpt lat="50.5557974" lon="-2.4387735">
        <ele>125.2</ele>
        <time>2026-01-01T14:13:42.000Z</time>
        <speed>1.456</speed>
      </trkpt>
      <trkpt lat="50.5557494" lon="-2.4387019">
        <ele>125.6</ele>
        <time>2026-01-01T14:13:47.000Z</time>
        <speed>1.418</speed>
      </trkpt>
      <trkpt lat="50.5557072" lon="-2.4386324">
        <ele>125.6</ele>
        <time>2026-01-01T14:13:52.000Z</time>
        <speed>1.418</speed>
      </trkpt>
      <trkpt lat="50.5556715" lon="-2.4385555">
        <ele>125.4</ele>
        <time>2026-01-01T14:13:57.000Z</time>
        <speed>1.400</speed>
      </trkpt>
      <trkpt lat="50.5556501" lon="-2.4384647">
        <ele>125.0</ele>
        <time>2026-01-01T14:14:02.000Z</time>
        <speed>1.400</speed>
      </trkpt>
      <trkpt lat="50.5556442" lon="-2.4383721">
        <ele>124.6</ele>
        <time>2026-01-01T14:14:07.000Z</time>
        <speed>1.381</speed>
      </trkpt>
      <trkpt lat="50.5556308" lon="-2.4382643">
        <ele>124.4</ele>
        <time>2026-01-01T14:14:12.000Z</time>
        <speed>1.400</speed>
      </trkpt>
      <trkpt lat="50.5556154" lon="-2.4381697">
        <ele>124.4</ele>
        <time>2026-01-01T14:14:17.000Z</time>
        <speed>1.409</speed>
      </trkpt>
      <trkpt lat="50.5555994" lon="-2.4380687">
        <ele>124.2</ele>
        <time>2026-01-01T14:14:22.000Z</time>
        <speed>1.409</speed>
      </trkpt>
      <trkpt lat="50.5555819" lon="-2.4379823">
        <ele>123.8</ele>
        <time>2026-01-01T14:14:27.000Z</time>
        <speed>1.428</speed>
      </trkpt>
      <trkpt lat="50.5555437" lon="-2.4378892">
        <ele>123.4</ele>
        <time>2026-01-01T14:14:32.000Z</time>
        <speed>1.418</speed>
      </trkpt>
      <trkpt lat="50.5555164" lon="-2.4378138">
        <ele>123.2</ele>
        <time>2026-01-01T14:14:37.000Z</time>
        <speed>1.428</speed>
      </trkpt>
      <trkpt lat="50.5555013" lon="-2.4377504">
        <ele>122.4</ele>
        <time>2026-01-01T14:14:42.000Z</time>
        <speed>1.400</speed>
      </trkpt>
      <trkpt lat="50.5554692" lon="-2.4377125">
        <ele>121.2</ele>
        <time>2026-01-01T14:14:47.000Z</time>
        <speed>1.157</speed>
      </trkpt>
      <trkpt lat="50.5554404" lon="-2.4376839">
        <ele>119.8</ele>
        <time>2026-01-01T14:14:52.000Z</time>
        <speed>1.092</speed>
      </trkpt>
      <trkpt lat="50.5554138" lon="-2.4376460">
        <ele>119.0</ele>
        <time>2026-01-01T14:14:57.000Z</time>
        <speed>0.728</speed>
      </trkpt>
      <trkpt lat="50.5553701" lon="-2.4376361">
        <ele>117.6</ele>
        <time>2026-01-01T14:15:02.000Z</time>
        <speed>0.961</speed>
      </trkpt>
      <trkpt lat="50.5553087" lon="-2.4376115">
        <ele>116.4</ele>
        <time>2026-01-01T14:15:07.000Z</time>
        <speed>1.213</speed>
      </trkpt>
      <trkpt lat="50.5552621" lon="-2.4375589">
        <ele>115.4</ele>
        <time>2026-01-01T14:15:12.000Z</time>
        <speed>1.316</speed>
      </trkpt>
      <trkpt lat="50.5552143" lon="-2.4375307">
        <ele>115.0</ele>
        <time>2026-01-01T14:15:17.000Z</time>
        <speed>1.297</speed>
      </trkpt>
      <trkpt lat="50.5551720" lon="-2.4375828">
        <ele>114.8</ele>
        <time>2026-01-01T14:15:22.000Z</time>
        <speed>1.232</speed>
      </trkpt>
      <trkpt lat="50.5551255" lon="-2.4376324">
        <ele>115.4</ele>
        <time>2026-01-01T14:15:27.000Z</time>
        <speed>1.194</speed>
      </trkpt>
      <trkpt lat="50.5550781" lon="-2.4376759">
        <ele>112.6</ele>
        <time>2026-01-01T14:15:32.000Z</time>
        <speed>1.204</speed>
      </trkpt>
      <trkpt lat="50.5550181" lon="-2.4377299">
        <ele>111.2</ele>
        <time>2026-01-01T14:15:37.000Z</time>
        <speed>1.232</speed>
      </trkpt>
      <trkpt lat="50.5549529" lon="-2.4377516">
        <ele>111.2</ele>
        <time>2026-01-01T14:15:42.000Z</time>
        <speed>1.278</speed>
      </trkpt>
      <trkpt lat="50.5548890" lon="-2.4377643">
        <ele>111.6</ele>
        <time>2026-01-01T14:15:47.000Z</time>
        <speed>1.334</speed>
      </trkpt>
      <trkpt lat="50.5548301" lon="-2.4377799">
        <ele>111.8</ele>
        <time>2026-01-01T14:15:52.000Z</time>
        <speed>1.353</speed>
      </trkpt>
      <trkpt lat="50.5547666" lon="-2.4378105">
        <ele>110.6</ele>
        <time>2026-01-01T14:15:57.000Z</time>
        <speed>1.362</speed>
      </trkpt>
      <trkpt lat="50.5547104" lon="-2.4378257">
        <ele>111.2</ele>
        <time>2026-01-01T14:16:02.000Z</time>
        <speed>1.381</speed>
      </trkpt>
      <trkpt lat="50.5546457" lon="-2.4378303">
        <ele>111.4</ele>
        <time>2026-01-01T14:16:07.000Z</time>
        <speed>1.381</speed>
      </trkpt>
      <trkpt lat="50.5545892" lon="-2.4377973">
        <ele>111.0</ele>
        <time>2026-01-01T14:16:12.000Z</time>
        <speed>1.390</speed>
      </trkpt>
      <trkpt lat="50.5545413" lon="-2.4377189">
        <ele>110.4</ele>
        <time>2026-01-01T14:16:17.000Z</time>
        <speed>1.381</speed>
      </trkpt>
      <trkpt lat="50.5545079" lon="-2.4376509">
        <ele>109.6</ele>
        <time>2026-01-01T14:16:22.000Z</time>
        <speed>1.381</speed>
      </trkpt>
      <trkpt lat="50.5544743" lon="-2.4375594">
        <ele>109.6</ele>
        <time>2026-01-01T14:16:27.000Z</time>
        <speed>1.381</speed>
      </trkpt>
      <trkpt lat="50.5544506" lon="-2.4374617">
        <ele>109.8</ele>
        <time>2026-01-01T14:16:32.000Z</time>
        <speed>1.400</speed>
      </trkpt>
      <trkpt lat="50.5544421" lon="-2.4373823">
        <ele>110.4</ele>
        <time>2026-01-01T14:16:37.000Z</time>
        <speed>1.390</speed>
      </trkpt>
      <trkpt lat="50.5544345" lon="-2.4373072">
        <ele>111.2</ele>
        <time>2026-01-01T14:16:42.000Z</time>
        <speed>1.353</speed>
      </trkpt>
      <trkpt lat="50.5544246" lon="-2.4372204">
        <ele>111.8</ele>
        <time>2026-01-01T14:16:47.000Z</time>
        <speed>1.325</speed>
      </trkpt>
      <trkpt lat="50.5544259" lon="-2.4371235">
        <ele>112.2</ele>
        <time>2026-01-01T14:16:52.000Z</time>
        <speed>1.306</speed>
      </trkpt>
      <trkpt lat="50.5544272" lon="-2.4370259">
        <ele>112.8</ele>
        <time>2026-01-01T14:16:57.000Z</time>
        <speed>1.334</speed>
      </trkpt>
      <trkpt lat="50.5544189" lon="-2.4369474">
        <ele>113.2</ele>
        <time>2026-01-01T14:17:02.000Z</time>
        <speed>1.325</speed>
      </trkpt>
      <trkpt lat="50.5544090" lon="-2.4368697">
        <ele>114.4</ele>
        <time>2026-01-01T14:17:07.000Z</time>
        <speed>1.278</speed>
      </trkpt>
      <trkpt lat="50.5544022" lon="-2.4367977">
        <ele>115.6</ele>
        <time>2026-01-01T14:17:12.000Z</time>
        <speed>1.250</speed>
      </trkpt>
      <trkpt lat="50.5543879" lon="-2.4367241">
        <ele>116.2</ele>
        <time>2026-01-01T14:17:17.000Z</time>
        <speed>1.222</speed>
      </trkpt>
      <trkpt lat="50.5543708" lon="-2.4366360">
        <ele>116.8</ele>
        <time>2026-01-01T14:17:22.000Z</time>
        <speed>1.232</speed>
      </trkpt>
      <trkpt lat="50.5543628" lon="-2.4365467">
        <ele>117.0</ele>
        <time>2026-01-01T14:17:27.000Z</time>
        <speed>1.232</speed>
      </trkpt>
      <trkpt lat="50.5543521" lon="-2.4364597">
        <ele>117.6</ele>
        <time>2026-01-01T14:17:32.000Z</time>
        <speed>1.222</speed>
      </trkpt>
      <trkpt lat="50.5543421" lon="-2.4363810">
        <ele>117.6</ele>
        <time>2026-01-01T14:17:37.000Z</time>
        <speed>1.232</speed>
      </trkpt>
      <trkpt lat="50.5543572" lon="-2.4362843">
        <ele>117.8</ele>
        <time>2026-01-01T14:17:42.000Z</time>
        <speed>1.222</speed>
      </trkpt>
      <trkpt lat="50.5543588" lon="-2.4361775">
        <ele>117.8</ele>
        <time>2026-01-01T14:17:47.000Z</time>
        <speed>1.260</speed>
      </trkpt>
      <trkpt lat="50.5543567" lon="-2.4360745">
        <ele>118.0</ele>
        <time>2026-01-01T14:17:52.000Z</time>
        <speed>1.288</speed>
      </trkpt>
      <trkpt lat="50.5543592" lon="-2.4359684">
        <ele>118.6</ele>
        <time>2026-01-01T14:17:57.000Z</time>
        <speed>1.306</speed>
      </trkpt>
      <trkpt lat="50.5543692" lon="-2.4358650">
        <ele>118.8</ele>
        <time>2026-01-01T14:18:02.000Z</time>
        <speed>1.353</speed>
      </trkpt>
      <trkpt lat="50.5543696" lon="-2.4357666">
        <ele>118.0</ele>
        <time>2026-01-01T14:18:07.000Z</time>
        <speed>1.362</speed>
      </trkpt>
      <trkpt lat="50.5543754" lon="-2.4356732">
        <ele>118.4</ele>
        <time>2026-01-01T14:18:12.000Z</time>
        <speed>1.372</speed>
      </trkpt>
      <trkpt lat="50.5543870" lon="-2.4355760">
        <ele>117.8</ele>
        <time>2026-01-01T14:18:17.000Z</time>
        <speed>1.344</speed>
      </trkpt>
      <trkpt lat="50.5543996" lon="-2.4354812">
        <ele>117.8</ele>
        <time>2026-01-01T14:18:22.000Z</time>
        <speed>1.353</speed>
      </trkpt>
      <trkpt lat="50.5544145" lon="-2.4353796">
        <ele>118.0</ele>
        <time>2026-01-01T14:18:27.000Z</time>
        <speed>1.362</speed>
      </trkpt>
      <trkpt lat="50.5544349" lon="-2.4352793">
        <ele>117.6</ele>
        <time>2026-01-01T14:18:32.000Z</time>
        <speed>1.372</speed>
      </trkpt>
      <trkpt lat="50.5544606" lon="-2.4352030">
        <ele>117.6</ele>
        <time>2026-01-01T14:18:37.000Z</time>
        <speed>1.381</speed>
      </trkpt>
      <trkpt lat="50.5544969" lon="-2.4351495">
        <ele>117.6</ele>
        <time>2026-01-01T14:18:42.000Z</time>
        <speed>1.362</speed>
      </trkpt>
      <trkpt lat="50.5545272" lon="-2.4351370">
        <ele>117.6</ele>
        <time>2026-01-01T14:18:47.000Z</time>
        <speed>1.306</speed>
      </trkpt>
      <trkpt lat="50.5545815" lon="-2.4351178">
        <ele>117.0</ele>
        <time>2026-01-01T14:18:52.000Z</time>
        <speed>1.316</speed>
      </trkpt>
      <trkpt lat="50.5546433" lon="-2.4350872">
        <ele>116.6</ele>
        <time>2026-01-01T14:18:57.000Z</time>
        <speed>1.409</speed>
      </trkpt>
      <trkpt lat="50.5547012" lon="-2.4350830">
        <ele>115.8</ele>
        <time>2026-01-01T14:19:02.000Z</time>
        <speed>1.344</speed>
      </trkpt>
      <trkpt lat="50.5547682" lon="-2.4350895">
        <ele>114.8</ele>
        <time>2026-01-01T14:19:07.000Z</time>
        <speed>1.362</speed>
      </trkpt>
      <trkpt lat="50.5548292" lon="-2.4350705">
        <ele>114.6</ele>
        <time>2026-01-01T14:19:12.000Z</time>
        <speed>1.390</speed>
      </trkpt>
      <trkpt lat="50.5548871" lon="-2.4350336">
        <ele>114.2</ele>
        <time>2026-01-01T14:19:17.000Z</time>
        <speed>1.372</speed>
      </trkpt>
      <trkpt lat="50.5549518" lon="-2.4349991">
        <ele>114.2</ele>
        <time>2026-01-01T14:19:22.000Z</time>
        <speed>1.372</speed>
      </trkpt>
      <trkpt lat="50.5550074" lon="-2.4349378">
        <ele>114.8</ele>
        <time>2026-01-01T14:19:27.000Z</time>
        <speed>1.418</speed>
      </trkpt>
      <trkpt lat="50.5550380" lon="-2.4348435">
        <ele>116.0</ele>
        <time>2026-01-01T14:19:32.000Z</time>
        <speed>1.428</speed>
      </trkpt>
      <trkpt lat="50.5550412" lon="-2.4347337">
        <ele>116.4</ele>
        <time>2026-01-01T14:19:37.000Z</time>
        <speed>1.437</speed>
      </trkpt>
      <trkpt lat="50.5550245" lon="-2.4346296">
        <ele>115.6</ele>
        <time>2026-01-01T14:19:42.000Z</time>
        <speed>1.484</speed>
      </trkpt>
      <trkpt lat="50.5550007" lon="-2.4345354">
        <ele>114.6</ele>
        <time>2026-01-01T14:19:47.000Z</time>
        <speed>1.493</speed>
      </trkpt>
      <trkpt lat="50.5549858" lon="-2.4344403">
        <ele>113.4</ele>
        <time>2026-01-01T14:19:52.000Z</time>
        <speed>1.484</speed>
      </trkpt>
      <trkpt lat="50.5549756" lon="-2.4343499">
        <ele>113.2</ele>
        <time>2026-01-01T14:19:57.000Z</time>
        <speed>1.484</speed>
      </trkpt>
      <trkpt lat="50.5549740" lon="-2.4342514">
        <ele>113.4</ele>
        <time>2026-01-01T14:20:02.000Z</time>
        <speed>1.418</speed>
      </trkpt>
      <trkpt lat="50.5549626" lon="-2.4341545">
        <ele>113.6</ele>
        <time>2026-01-01T14:20:07.000Z</time>
        <speed>1.409</speed>
      </trkpt>
      <trkpt lat="50.5549482" lon="-2.4340584">
        <ele>113.8</ele>
        <time>2026-01-01T14:20:12.000Z</time>
        <speed>1.418</speed>
      </trkpt>
      <trkpt lat="50.5549292" lon="-2.4339737">
        <ele>114.6</ele>
        <time>2026-01-01T14:20:17.000Z</time>
        <speed>1.400</speed>
      </trkpt>
      <trkpt lat="50.5549381" lon="-2.4338772">
        <ele>115.0</ele>
        <time>2026-01-01T14:20:22.000Z</time>
        <speed>1.381</speed>
      </trkpt>
      <trkpt lat="50.5549385" lon="-2.4337790">
        <ele>114.6</ele>
        <time>2026-01-01T14:20:27.000Z</time>
        <speed>1.390</speed>
      </trkpt>
      <trkpt lat="50.5549315" lon="-2.4336837">
        <ele>114.6</ele>
        <time>2026-01-01T14:20:32.000Z</time>
        <speed>1.381</speed>
      </trkpt>
      <trkpt lat="50.5549289" lon="-2.4335784">
        <ele>114.6</ele>
        <time>2026-01-01T14:20:37.000Z</time>
        <speed>1.390</speed>
      </trkpt>
      <trkpt lat="50.5549268" lon="-2.4334994">
        <ele>115.2</ele>
        <time>2026-01-01T14:20:42.000Z</time>
        <speed>1.344</speed>
      </trkpt>
      <trkpt lat="50.5549206" lon="-2.4334149">
        <ele>115.6</ele>
        <time>2026-01-01T14:20:47.000Z</time>
        <speed>1.297</speed>
      </trkpt>
      <trkpt lat="50.5549316" lon="-2.4333229">
        <ele>115.2</ele>
        <time>2026-01-01T14:20:52.000Z</time>
        <speed>1.278</speed>
      </trkpt>
      <trkpt lat="50.5549277" lon="-2.4332189">
        <ele>115.4</ele>
        <time>2026-01-01T14:20:57.000Z</time>
        <speed>1.325</speed>
      </trkpt>
      <trkpt lat="50.5549103" lon="-2.4331195">
        <ele>115.6</ele>
        <time>2026-01-01T14:21:02.000Z</time>
        <speed>1.372</speed>
      </trkpt>
      <trkpt lat="50.5548783" lon="-2.4330223">
        <ele>116.0</ele>
        <time>2026-01-01T14:21:07.000Z</time>
        <speed>1.381</speed>
      </trkpt>
      <trkpt lat="50.5548533" lon="-2.4329261">
        <ele>115.8</ele>
        <time>2026-01-01T14:21:12.000Z</time>
        <speed>1.390</speed>
      </trkpt>
      <trkpt lat="50.5548392" lon="-2.4328307">
        <ele>115.8</ele>
        <time>2026-01-01T14:21:17.000Z</time>
        <speed>1.400</speed>
      </trkpt>
      <trkpt lat="50.5548223" lon="-2.4327347">
        <ele>115.6</ele>
        <time>2026-01-01T14:21:22.000Z</time>
        <speed>1.400</speed>
      </trkpt>
      <trkpt lat="50.5548064" lon="-2.4326331">
        <ele>115.2</ele>
        <time>2026-01-01T14:21:27.000Z</time>
        <speed>1.400</speed>
      </trkpt>
      <trkpt lat="50.5548006" lon="-2.4325306">
        <ele>115.4</ele>
        <time>2026-01-01T14:21:32.000Z</time>
        <speed>1.428</speed>
      </trkpt>
      <trkpt lat="50.5547902" lon="-2.4324348">
        <ele>115.8</ele>
        <time>2026-01-01T14:21:37.000Z</time>
        <speed>1.418</speed>
      </trkpt>
      <trkpt lat="50.5547773" lon="-2.4323412">
        <ele>115.4</ele>
        <time>2026-01-01T14:21:42.000Z</time>
        <speed>1.409</speed>
      </trkpt>
      <trkpt lat="50.5547617" lon="-2.4322596">
        <ele>115.8</ele>
        <time>2026-01-01T14:21:47.000Z</time>
        <speed>1.400</speed>
      </trkpt>
      <trkpt lat="50.5547155" lon="-2.4321991">
        <ele>115.6</ele>
        <time>2026-01-01T14:21:52.000Z</time>
        <speed>1.372</speed>
      </trkpt>
      <trkpt lat="50.5546629" lon="-2.4321260">
        <ele>115.8</ele>
        <time>2026-01-01T14:21:57.000Z</time>
        <speed>1.372</speed>
      </trkpt>
      <trkpt lat="50.5546467" lon="-2.4320493">
        <ele>115.8</ele>
        <time>2026-01-01T14:22:02.000Z</time>
        <speed>1.381</speed>
      </trkpt>
      <trkpt lat="50.5546216" lon="-2.4319949">
        <ele>114.8</ele>
        <time>2026-01-01T14:22:07.000Z</time>
        <speed>1.353</speed>
      </trkpt>
      <trkpt lat="50.5545851" lon="-2.4319567">
        <ele>113.8</ele>
        <time>2026-01-01T14:22:12.000Z</time>
        <speed>1.325</speed>
      </trkpt>
      <trkpt lat="50.5545424" lon="-2.4319071">
        <ele>113.0</ele>
        <time>2026-01-01T14:22:17.000Z</time>
        <speed>1.288</speed>
      </trkpt>
      <trkpt lat="50.5544854" lon="-2.4318701">
        <ele>112.2</ele>
        <time>2026-01-01T14:22:22.000Z</time>
        <speed>1.278</speed>
      </trkpt>
      <trkpt lat="50.5544276" lon="-2.4318449">
        <ele>111.6</ele>
        <time>2026-01-01T14:22:27.000Z</time>
        <speed>1.278</speed>
      </trkpt>
      <trkpt lat="50.5543739" lon="-2.4317953">
        <ele>110.8</ele>
        <time>2026-01-01T14:22:32.000Z</time>
        <speed>1.278</speed>
      </trkpt>
      <trkpt lat="50.5543207" lon="-2.4317360">
        <ele>110.2</ele>
        <time>2026-01-01T14:22:37.000Z</time>
        <speed>1.297</speed>
      </trkpt>
      <trkpt lat="50.5542617" lon="-2.4317171">
        <ele>110.0</ele>
        <time>2026-01-01T14:22:42.000Z</time>
        <speed>1.288</speed>
      </trkpt>
      <trkpt lat="50.5541998" lon="-2.4316911">
        <ele>109.4</ele>
        <time>2026-01-01T14:22:47.000Z</time>
        <speed>1.288</speed>
      </trkpt>
      <trkpt lat="50.5541354" lon="-2.4316538">
        <ele>109.0</ele>
        <time>2026-01-01T14:22:52.000Z</time>
        <speed>1.306</speed>
      </trkpt>
      <trkpt lat="50.5540735" lon="-2.4316676">
        <ele>108.6</ele>
        <time>2026-01-01T14:22:57.000Z</time>
        <speed>1.325</speed>
      </trkpt>
      <trkpt lat="50.5540386" lon="-2.4316990">
        <ele>108.0</ele>
        <time>2026-01-01T14:23:02.000Z</time>
        <speed>1.297</speed>
      </trkpt>
      <trkpt lat="50.5540284" lon="-2.4316617">
        <ele>107.6</ele>
        <time>2026-01-01T14:23:07.000Z</time>
        <speed>1.241</speed>
      </trkpt>
      <trkpt lat="50.5540492" lon="-2.4315735">
        <ele>107.4</ele>
        <time>2026-01-01T14:23:12.000Z</time>
        <speed>1.222</speed>
      </trkpt>
      <trkpt lat="50.5540854" lon="-2.4315007">
        <ele>106.8</ele>
        <time>2026-01-01T14:23:17.000Z</time>
        <speed>1.232</speed>
      </trkpt>
      <trkpt lat="50.5541319" lon="-2.4314291">
        <ele>106.4</ele>
        <time>2026-01-01T14:23:22.000Z</time>
        <speed>1.232</speed>
      </trkpt>
      <trkpt lat="50.5541845" lon="-2.4313583">
        <ele>106.4</ele>
        <time>2026-01-01T14:23:27.000Z</time>
        <speed>1.250</speed>
      </trkpt>
      <trkpt lat="50.5542250" lon="-2.4312801">
        <ele>107.0</ele>
        <time>2026-01-01T14:23:32.000Z</time>
        <speed>1.278</speed>
      </trkpt>
      <trkpt lat="50.5542642" lon="-2.4311982">
        <ele>107.6</ele>
        <time>2026-01-01T14:23:37.000Z</time>
        <speed>1.306</speed>
      </trkpt>
      <trkpt lat="50.5542915" lon="-2.4311206">
        <ele>108.6</ele>
        <time>2026-01-01T14:23:42.000Z</time>
        <speed>1.306</speed>
      </trkpt>
      <trkpt lat="50.5543150" lon="-2.4310413">
        <ele>109.4</ele>
        <time>2026-01-01T14:23:47.000Z</time>
        <speed>1.297</speed>
      </trkpt>
      <trkpt lat="50.5543319" lon="-2.4309573">
        <ele>110.2</ele>
        <time>2026-01-01T14:23:52.000Z</time>
        <speed>1.260</speed>
      </trkpt>
      <trkpt lat="50.5543492" lon="-2.4308624">
        <ele>110.6</ele>
        <time>2026-01-01T14:23:57.000Z</time>
        <speed>1.278</speed>
      </trkpt>
      <trkpt lat="50.5543674" lon="-2.4307645">
        <ele>110.4</ele>
        <time>2026-01-01T14:24:02.000Z</time>
        <speed>1.288</speed>
      </trkpt>
      <trkpt lat="50.5543845" lon="-2.4306707">
        <ele>110.2</ele>
        <time>2026-01-01T14:24:07.000Z</time>
        <speed>1.316</speed>
      </trkpt>
      <trkpt lat="50.5544054" lon="-2.4305693">
        <ele>110.2</ele>
        <time>2026-01-01T14:24:12.000Z</time>
        <speed>1.325</speed>
      </trkpt>
      <trkpt lat="50.5544162" lon="-2.4304685">
        <ele>110.4</ele>
        <time>2026-01-01T14:24:17.000Z</time>
        <speed>1.353</speed>
      </trkpt>
      <trkpt lat="50.5544299" lon="-2.4303753">
        <ele>110.4</ele>
        <time>2026-01-01T14:24:22.000Z</time>
        <speed>1.362</speed>
      </trkpt>
      <trkpt lat="50.5544549" lon="-2.4302761">
        <ele>110.8</ele>
        <time>2026-01-01T14:24:27.000Z</time>
        <speed>1.381</speed>
      </trkpt>
      <trkpt lat="50.5544717" lon="-2.4301903">
        <ele>111.4</ele>
        <time>2026-01-01T14:24:32.000Z</time>
        <speed>1.400</speed>
      </trkpt>
      <trkpt lat="50.5544942" lon="-2.4301013">
        <ele>111.6</ele>
        <time>2026-01-01T14:24:37.000Z</time>
        <speed>1.400</speed>
      </trkpt>
      <trkpt lat="50.5545138" lon="-2.4300149">
        <ele>112.6</ele>
        <time>2026-01-01T14:24:42.000Z</time>
        <speed>1.372</speed>
      </trkpt>
      <trkpt lat="50.5545408" lon="-2.4299295">
        <ele>113.4</ele>
        <time>2026-01-01T14:24:47.000Z</time>
        <speed>1.362</speed>
      </trkpt>
      <trkpt lat="50.5545659" lon="-2.4298530">
        <ele>114.4</ele>
        <time>2026-01-01T14:24:52.000Z</time>
        <speed>1.353</speed>
      </trkpt>
      <trkpt lat="50.5545994" lon="-2.4297598">
        <ele>114.8</ele>
        <time>2026-01-01T14:24:57.000Z</time>
        <speed>1.353</speed>
      </trkpt>
      <trkpt lat="50.5546264" lon="-2.4296714">
        <ele>115.2</ele>
        <time>2026-01-01T14:25:02.000Z</time>
        <speed>1.362</speed>
      </trkpt>
      <trkpt lat="50.5546480" lon="-2.4295695">
        <ele>115.2</ele>
        <time>2026-01-01T14:25:07.000Z</time>
        <speed>1.362</speed>
      </trkpt>
      <trkpt lat="50.5546651" lon="-2.4294669">
        <ele>115.6</ele>
        <time>2026-01-01T14:25:12.000Z</time>
        <speed>1.409</speed>
      </trkpt>
      <trkpt lat="50.5546748" lon="-2.4293743">
        <ele>115.6</ele>
        <time>2026-01-01T14:25:17.000Z</time>
        <speed>1.409</speed>
      </trkpt>
      <trkpt lat="50.5546899" lon="-2.4292754">
        <ele>115.8</ele>
        <time>2026-01-01T14:25:22.000Z</time>
        <speed>1.409</speed>
      </trkpt>
      <trkpt lat="50.5547156" lon="-2.4291723">
        <ele>115.6</ele>
        <time>2026-01-01T14:25:27.000Z</time>
        <speed>1.418</speed>
      </trkpt>
      <trkpt lat="50.5547438" lon="-2.4290753">
        <ele>115.6</ele>
        <time>2026-01-01T14:25:32.000Z</time>
        <speed>1.418</speed>
      </trkpt>
      <trkpt lat="50.5547632" lon="-2.4289783">
        <ele>116.0</ele>
        <time>2026-01-01T14:25:37.000Z</time>
        <speed>1.446</speed>
      </trkpt>
      <trkpt lat="50.5547881" lon="-2.4288919">
        <ele>116.0</ele>
        <time>2026-01-01T14:25:42.000Z</time>
        <speed>1.446</speed>
      </trkpt>
      <trkpt lat="50.5548115" lon="-2.4287942">
        <ele>116.0</ele>
        <time>2026-01-01T14:25:47.000Z</time>
        <speed>1.446</speed>
      </trkpt>
      <trkpt lat="50.5547954" lon="-2.4286863">
        <ele>115.8</ele>
        <time>2026-01-01T14:25:52.000Z</time>
        <speed>1.456</speed>
      </trkpt>
      <trkpt lat="50.5547639" lon="-2.4285904">
        <ele>115.6</ele>
        <time>2026-01-01T14:25:57.000Z</time>
        <speed>1.474</speed>
      </trkpt>
      <trkpt lat="50.5547441" lon="-2.4284919">
        <ele>115.6</ele>
        <time>2026-01-01T14:26:02.000Z</time>
        <speed>1.474</speed>
      </trkpt>
      <trkpt lat="50.5547053" lon="-2.4283992">
        <ele>115.4</ele>
        <time>2026-01-01T14:26:07.000Z</time>
        <speed>1.493</speed>
      </trkpt>
      <trkpt lat="50.5546791" lon="-2.4283075">
        <ele>115.4</ele>
        <time>2026-01-01T14:26:12.000Z</time>
        <speed>1.493</speed>
      </trkpt>
      <trkpt lat="50.5546641" lon="-2.4282103">
        <ele>115.4</ele>
        <time>2026-01-01T14:26:17.000Z</time>
        <speed>1.493</speed>
      </trkpt>
      <trkpt lat="50.5546416" lon="-2.4281050">
        <ele>115.6</ele>
        <time>2026-01-01T14:26:22.000Z</time>
        <speed>1.493</speed>
      </trkpt>
      <trkpt lat="50.5546078" lon="-2.4280104">
        <ele>115.4</ele>
        <time>2026-01-01T14:26:27.000Z</time>
        <speed>1.502</speed>
      </trkpt>
      <trkpt lat="50.5545829" lon="-2.4279136">
        <ele>115.2</ele>
        <time>2026-01-01T14:26:32.000Z</time>
        <speed>1.502</speed>
      </trkpt>
      <trkpt lat="50.5545585" lon="-2.4278151">
        <ele>115.2</ele>
        <time>2026-01-01T14:26:37.000Z</time>
        <speed>1.512</speed>
      </trkpt>
      <trkpt lat="50.5545284" lon="-2.4277184">
        <ele>115.2</ele>
        <time>2026-01-01T14:26:42.000Z</time>
        <speed>1.512</speed>
      </trkpt>
      <trkpt lat="50.5544954" lon="-2.4276165">
        <ele>115.2</ele>
        <time>2026-01-01T14:26:47.000Z</time>
        <speed>1.530</speed>
      </trkpt>
      <trkpt lat="50.5544750" lon="-2.4275080">
        <ele>115.4</ele>
        <time>2026-01-01T14:26:52.000Z</time>
        <speed>1.540</speed>
      </trkpt>
      <trkpt lat="50.5544601" lon="-2.4273997">
        <ele>115.2</ele>
        <time>2026-01-01T14:26:57.000Z</time>
        <speed>1.549</speed>
      </trkpt>
      <trkpt lat="50.5544527" lon="-2.4272964">
        <ele>115.0</ele>
        <time>2026-01-01T14:27:02.000Z</time>
        <speed>1.549</speed>
      </trkpt>
      <trkpt lat="50.5544425" lon="-2.4271799">
        <ele>115.0</ele>
        <time>2026-01-01T14:27:07.000Z</time>
        <speed>1.558</speed>
      </trkpt>
      <trkpt lat="50.5544302" lon="-2.4270831">
        <ele>115.2</ele>
        <time>2026-01-01T14:27:12.000Z</time>
        <speed>1.577</speed>
      </trkpt>
      <trkpt lat="50.5544101" lon="-2.4269760">
        <ele>114.6</ele>
        <time>2026-01-01T14:27:17.000Z</time>
        <speed>1.577</speed>
      </trkpt>
      <trkpt lat="50.5543995" lon="-2.4268714">
        <ele>114.4</ele>
        <time>2026-01-01T14:27:22.000Z</time>
        <speed>1.558</speed>
      </trkpt>
      <trkpt lat="50.5543955" lon="-2.4267602">
        <ele>114.8</ele>
        <time>2026-01-01T14:27:27.000Z</time>
        <speed>1.568</speed>
      </trkpt>
      <trkpt lat="50.5543812" lon="-2.4266585">
        <ele>114.8</ele>
        <time>2026-01-01T14:27:32.000Z</time>
        <speed>1.568</speed>
      </trkpt>
      <trkpt lat="50.5543610" lon="-2.4265594">
        <ele>114.8</ele>
        <time>2026-01-01T14:27:37.000Z</time>
        <speed>1.568</speed>
      </trkpt>
      <trkpt lat="50.5543460" lon="-2.4264605">
        <ele>114.4</ele>
        <time>2026-01-01T14:27:42.000Z</time>
        <speed>1.549</speed>
      </trkpt>
      <trkpt lat="50.5543284" lon="-2.4263564">
        <ele>114.2</ele>
        <time>2026-01-01T14:27:47.000Z</time>
        <speed>1.540</speed>
      </trkpt>
      <trkpt lat="50.5542981" lon="-2.4262459">
        <ele>114.4</ele>
        <time>2026-01-01T14:27:52.000Z</time>
        <speed>1.549</speed>
      </trkpt>
      <trkpt lat="50.5542754" lon="-2.4261685">
        <ele>115.0</ele>
        <time>2026-01-01T14:27:57.000Z</time>
        <speed>1.549</speed>
      </trkpt>
      <trkpt lat="50.5542593" lon="-2.4260664">
        <ele>114.8</ele>
        <time>2026-01-01T14:28:02.000Z</time>
        <speed>1.540</speed>
      </trkpt>
      <trkpt lat="50.5542261" lon="-2.4259710">
        <ele>114.8</ele>
        <time>2026-01-01T14:28:07.000Z</time>
        <speed>1.530</speed>
      </trkpt>
      <trkpt lat="50.5542006" lon="-2.4258718">
        <ele>115.0</ele>
        <time>2026-01-01T14:28:12.000Z</time>
        <speed>1.530</speed>
      </trkpt>
      <trkpt lat="50.5541826" lon="-2.4257722">
        <ele>115.0</ele>
        <time>2026-01-01T14:28:17.000Z</time>
        <speed>1.521</speed>
      </trkpt>
      <trkpt lat="50.5541591" lon="-2.4256770">
        <ele>114.8</ele>
        <time>2026-01-01T14:28:22.000Z</time>
        <speed>1.521</speed>
      </trkpt>
      <trkpt lat="50.5541462" lon="-2.4255790">
        <ele>115.0</ele>
        <time>2026-01-01T14:28:27.000Z</time>
        <speed>1.512</speed>
      </trkpt>
      <trkpt lat="50.5541500" lon="-2.4254836">
        <ele>115.2</ele>
        <time>2026-01-01T14:28:32.000Z</time>
        <speed>1.502</speed>
      </trkpt>
      <trkpt lat="50.5541609" lon="-2.4253785">
        <ele>114.8</ele>
        <time>2026-01-01T14:28:37.000Z</time>
        <speed>1.493</speed>
      </trkpt>
      <trkpt lat="50.5541708" lon="-2.4252840">
        <ele>114.8</ele>
        <time>2026-01-01T14:28:42.000Z</time>
        <speed>1.484</speed>
      </trkpt>
      <trkpt lat="50.5541835" lon="-2.4251940">
        <ele>115.0</ele>
        <time>2026-01-01T14:28:47.000Z</time>
        <speed>1.465</speed>
      </trkpt>
      <trkpt lat="50.5542011" lon="-2.4250947">
        <ele>114.6</ele>
        <time>2026-01-01T14:28:52.000Z</time>
        <speed>1.456</speed>
      </trkpt>
      <trkpt lat="50.5542230" lon="-2.4249959">
        <ele>114.8</ele>
        <time>2026-01-01T14:28:57.000Z</time>
        <speed>1.456</speed>
      </trkpt>
      <trkpt lat="50.5542476" lon="-2.4249187">
        <ele>114.4</ele>
        <time>2026-01-01T14:29:02.000Z</time>
        <speed>1.446</speed>
      </trkpt>
      <trkpt lat="50.5542738" lon="-2.4248362">
        <ele>115.2</ele>
        <time>2026-01-01T14:29:07.000Z</time>
        <speed>1.428</speed>
      </trkpt>
      <trkpt lat="50.5543133" lon="-2.4247657">
        <ele>116.2</ele>
        <time>2026-01-01T14:29:12.000Z</time>
        <speed>1.372</speed>
      </trkpt>
      <trkpt lat="50.5543384" lon="-2.4246978">
        <ele>115.8</ele>
        <time>2026-01-01T14:29:17.000Z</time>
        <speed>1.344</speed>
      </trkpt>
      <trkpt lat="50.5543582" lon="-2.4246497">
        <ele>115.4</ele>
        <time>2026-01-01T14:29:22.000Z</time>
        <speed>1.241</speed>
      </trkpt>
      <trkpt lat="50.5543737" lon="-2.4246133">
        <ele>115.6</ele>
        <time>2026-01-01T14:29:27.000Z</time>
        <speed>0.653</speed>
      </trkpt>
      <trkpt lat="50.5543773" lon="-2.4246036">
        <ele>116.0</ele>
        <time>2026-01-01T14:29:32.000Z</time>
        <speed>0.000</speed>
      </trkpt>
      <trkpt lat="50.5543773" lon="-2.4246036">
        <ele>116.2</ele>
        <time>2026-01-01T14:29:37.000Z</time>
        <speed>0.000</speed>
      </trkpt>
      <trkpt lat="50.5543773" lon="-2.4246036">
        <ele>116.4</ele>
        <time>2026-01-01T14:29:42.000Z</time>
        <speed>0.000</speed>
      </trkpt>
      <trkpt lat="50.5543773" lon="-2.4246036">
        <ele>115.6</ele>
        <time>2026-01-01T14:29:47.000Z</time>
        <speed>0.000</speed>
      </trkpt>
      <trkpt lat="50.5543773" lon="-2.4246036">
        <ele>115.4</ele>
        <time>2026-01-01T14:29:52.000Z</time>
        <speed>0.000</speed>
      </trkpt>
      <trkpt lat="50.5543773" lon="-2.4246036">
        <ele>115.6</ele>
        <time>2026-01-01T14:29:57.000Z</time>
        <speed>0.000</speed>
      </trkpt>
      <trkpt lat="50.5543773" lon="-2.4246036">
        <ele>115.6</ele>
        <time>2026-01-01T14:30:02.000Z</time>
        <speed>0.000</speed>
      </trkpt>
      <trkpt lat="50.5543773" lon="-2.4246036">
        <ele>115.6</ele>
        <time>2026-01-01T14:30:07.000Z</time>
        <speed>0.000</speed>
      </trkpt>
      <trkpt lat="50.5543773" lon="-2.4246036">
        <ele>115.4</ele>
        <time>2026-01-01T14:30:12.000Z</time>
        <speed>0.000</speed>
      </trkpt>
      <trkpt lat="50.5543773" lon="-2.4246036">
        <ele>115.6</ele>
        <time>2026-01-01T14:30:17.000Z</time>
        <speed>0.000</speed>
      </trkpt>
      <trkpt lat="50.5543773" lon="-2.4246036">
        <ele>116.2</ele>
        <time>2026-01-01T14:30:22.000Z</time>
        <speed>0.000</speed>
      </trkpt>
      <trkpt lat="50.5543773" lon="-2.4246036">
        <ele>115.8</ele>
        <time>2026-01-01T14:30:27.000Z</time>
        <speed>0.000</speed>
      </trkpt>
      <trkpt lat="50.5543665" lon="-2.4246284">
        <ele>114.6</ele>
        <time>2026-01-01T14:30:32.000Z</time>
        <speed>0.000</speed>
      </trkpt>
      <trkpt lat="50.5543292" lon="-2.4246827">
        <ele>114.4</ele>
        <time>2026-01-01T14:30:37.000Z</time>
        <speed>0.625</speed>
      </trkpt>
      <trkpt lat="50.5542878" lon="-2.4247232">
        <ele>115.4</ele>
        <time>2026-01-01T14:30:42.000Z</time>
        <speed>1.101</speed>
      </trkpt>
      <trkpt lat="50.5542357" lon="-2.4247757">
        <ele>116.4</ele>
        <time>2026-01-01T14:30:47.000Z</time>
        <speed>1.250</speed>
      </trkpt>
      <trkpt lat="50.5542049" lon="-2.4248624">
        <ele>116.0</ele>
        <time>2026-01-01T14:30:52.000Z</time>
        <speed>1.297</speed>
      </trkpt>
      <trkpt lat="50.5541696" lon="-2.4249553">
        <ele>115.2</ele>
        <time>2026-01-01T14:30:57.000Z</time>
        <speed>1.381</speed>
      </trkpt>
      <trkpt lat="50.5541283" lon="-2.4250172">
        <ele>115.8</ele>
        <time>2026-01-01T14:31:02.000Z</time>
        <speed>1.437</speed>
      </trkpt>
      <trkpt lat="50.5540692" lon="-2.4250408">
        <ele>116.2</ele>
        <time>2026-01-01T14:31:07.000Z</time>
        <speed>1.204</speed>
      </trkpt>
      <trkpt lat="50.5539994" lon="-2.4250429">
        <ele>116.0</ele>
        <time>2026-01-01T14:31:12.000Z</time>
        <speed>1.362</speed>
      </trkpt>
      <trkpt lat="50.5539368" lon="-2.4250450">
        <ele>116.4</ele>
        <time>2026-01-01T14:31:17.000Z</time>
        <speed>1.418</speed>
      </trkpt>
      <trkpt lat="50.5538733" lon="-2.4250509">
        <ele>116.6</ele>
        <time>2026-01-01T14:31:22.000Z</time>
        <speed>1.409</speed>
      </trkpt>
      <trkpt lat="50.5538031" lon="-2.4250482">
        <ele>116.0</ele>
        <time>2026-01-01T14:31:27.000Z</time>
        <speed>1.428</speed>
      </trkpt>
      <trkpt lat="50.5537444" lon="-2.4250144">
        <ele>116.2</ele>
        <time>2026-01-01T14:31:32.000Z</time>
        <speed>1.437</speed>
      </trkpt>
      <trkpt lat="50.5536917" lon="-2.4249397">
        <ele>116.4</ele>
        <time>2026-01-01T14:31:37.000Z</time>
        <speed>1.437</speed>
      </trkpt>
      <trkpt lat="50.5536418" lon="-2.4248721">
        <ele>116.2</ele>
        <time>2026-01-01T14:31:42.000Z</time>
        <speed>1.437</speed>
      </trkpt>
      <trkpt lat="50.5535964" lon="-2.4247979">
        <ele>115.8</ele>
        <time>2026-01-01T14:31:47.000Z</time>
        <speed>1.437</speed>
      </trkpt>
      <trkpt lat="50.5535468" lon="-2.4247183">
        <ele>115.4</ele>
        <time>2026-01-01T14:31:52.000Z</time>
        <speed>1.446</speed>
      </trkpt>
      <trkpt lat="50.5535044" lon="-2.4246507">
        <ele>115.6</ele>
        <time>2026-01-01T14:31:57.000Z</time>
        <speed>1.456</speed>
      </trkpt>
      <trkpt lat="50.5534525" lon="-2.4245994">
        <ele>115.6</ele>
        <time>2026-01-01T14:32:02.000Z</time>
        <speed>1.446</speed>
      </trkpt>
      <trkpt lat="50.5534008" lon="-2.4245483">
        <ele>115.6</ele>
        <time>2026-01-01T14:32:07.000Z</time>
        <speed>1.428</speed>
      </trkpt>
      <trkpt lat="50.5533786" lon="-2.4244689">
        <ele>115.6</ele>
        <time>2026-01-01T14:32:12.000Z</time>
        <speed>1.418</speed>
      </trkpt>
      <trkpt lat="50.5533356" lon="-2.4243926">
        <ele>115.4</ele>
        <time>2026-01-01T14:32:17.000Z</time>
        <speed>1.400</speed>
      </trkpt>
      <trkpt lat="50.5532730" lon="-2.4243334">
        <ele>114.8</ele>
        <time>2026-01-01T14:32:22.000Z</time>
        <speed>1.409</speed>
      </trkpt>
      <trkpt lat="50.5532316" lon="-2.4242487">
        <ele>114.4</ele>
        <time>2026-01-01T14:32:27.000Z</time>
        <speed>1.418</speed>
      </trkpt>
      <trkpt lat="50.5532205" lon="-2.4241496">
        <ele>114.2</ele>
        <time>2026-01-01T14:32:32.000Z</time>
        <speed>1.428</speed>
      </trkpt>
      <trkpt lat="50.5532195" lon="-2.4240363">
        <ele>114.2</ele>
        <time>2026-01-01T14:32:37.000Z</time>
        <speed>1.437</speed>
      </trkpt>
      <trkpt lat="50.5532108" lon="-2.4239316">
        <ele>114.4</ele>
        <time>2026-01-01T14:32:42.000Z</time>
        <speed>1.446</speed>
      </trkpt>
      <trkpt lat="50.5531975" lon="-2.4238318">
        <ele>114.0</ele>
        <time>2026-01-01T14:32:47.000Z</time>
        <speed>1.456</speed>
      </trkpt>
      <trkpt lat="50.5531936" lon="-2.4237276">
        <ele>114.0</ele>
        <time>2026-01-01T14:32:52.000Z</time>
        <speed>1.456</speed>
      </trkpt>
      <trkpt lat="50.5532244" lon="-2.4236035">
        <ele>113.6</ele>
        <time>2026-01-01T14:32:57.000Z</time>
        <speed>1.465</speed>
      </trkpt>
      <trkpt lat="50.5532420" lon="-2.4235060">
        <ele>113.8</ele>
        <time>2026-01-01T14:33:02.000Z</time>
        <speed>1.474</speed>
      </trkpt>
      <trkpt lat="50.5532466" lon="-2.4234039">
        <ele>113.6</ele>
        <time>2026-01-01T14:33:07.000Z</time>
        <speed>1.484</speed>
      </trkpt>
      <trkpt lat="50.5532365" lon="-2.4232918">
        <ele>113.4</ele>
        <time>2026-01-01T14:33:12.000Z</time>
        <speed>1.493</speed>
      </trkpt>
      <trkpt lat="50.5531957" lon="-2.4232078">
        <ele>113.0</ele>
        <time>2026-01-01T14:33:17.000Z</time>
        <speed>1.493</speed>
      </trkpt>
      <trkpt lat="50.5531433" lon="-2.4231405">
        <ele>113.2</ele>
        <time>2026-01-01T14:33:22.000Z</time>
        <speed>1.493</speed>
      </trkpt>
      <trkpt lat="50.5530909" lon="-2.4230916">
        <ele>112.6</ele>
        <time>2026-01-01T14:33:27.000Z</time>
        <speed>1.502</speed>
      </trkpt>
      <trkpt lat="50.5530230" lon="-2.4230334">
        <ele>112.4</ele>
        <time>2026-01-01T14:33:32.000Z</time>
        <speed>1.502</speed>
      </trkpt>
      <trkpt lat="50.5529685" lon="-2.4229735">
        <ele>112.2</ele>
        <time>2026-01-01T14:33:37.000Z</time>
        <speed>1.512</speed>
      </trkpt>
      <trkpt lat="50.5529131" lon="-2.4229172">
        <ele>111.8</ele>
        <time>2026-01-01T14:33:42.000Z</time>
        <speed>1.502</speed>
      </trkpt>
      <trkpt lat="50.5528725" lon="-2.4228547">
        <ele>111.6</ele>
        <time>2026-01-01T14:33:47.000Z</time>
        <speed>1.502</speed>
      </trkpt>
      <trkpt lat="50.5528156" lon="-2.4227771">
        <ele>111.6</ele>
        <time>2026-01-01T14:33:52.000Z</time>
        <speed>1.521</speed>
      </trkpt>
      <trkpt lat="50.5527592" lon="-2.4227220">
        <ele>111.4</ele>
        <time>2026-01-01T14:33:57.000Z</time>
        <speed>1.512</speed>
      </trkpt>
      <trkpt lat="50.5526938" lon="-2.4226516">
        <ele>110.8</ele>
        <time>2026-01-01T14:34:02.000Z</time>
        <speed>1.521</speed>
      </trkpt>
      <trkpt lat="50.5526362" lon="-2.4225892">
        <ele>111.4</ele>
        <time>2026-01-01T14:34:07.000Z</time>
        <speed>1.530</speed>
      </trkpt>
      <trkpt lat="50.5525705" lon="-2.4225250">
        <ele>111.2</ele>
        <time>2026-01-01T14:34:12.000Z</time>
        <speed>1.540</speed>
      </trkpt>
      <trkpt lat="50.5525134" lon="-2.4224725">
        <ele>110.8</ele>
        <time>2026-01-01T14:34:17.000Z</time>
        <speed>1.549</speed>
      </trkpt>
      <trkpt lat="50.5524646" lon="-2.4224092">
        <ele>110.2</ele>
        <time>2026-01-01T14:34:22.000Z</time>
        <speed>1.549</speed>
      </trkpt>
      <trkpt lat="50.5524006" lon="-2.4223498">
        <ele>110.4</ele>
        <time>2026-01-01T14:34:27.000Z</time>
        <speed>1.549</speed>
      </trkpt>
      <trkpt lat="50.5523463" lon="-2.4222894">
        <ele>110.0</ele>
        <time>2026-01-01T14:34:32.000Z</time>
        <speed>1.577</speed>
      </trkpt>
      <trkpt lat="50.5522863" lon="-2.4222321">
        <ele>109.8</ele>
        <time>2026-01-01T14:34:37.000Z</time>
        <speed>1.568</speed>
      </trkpt>
      <trkpt lat="50.5522302" lon="-2.4221758">
        <ele>109.6</ele>
        <time>2026-01-01T14:34:42.000Z</time>
        <speed>1.568</speed>
      </trkpt>
      <trkpt lat="50.5521729" lon="-2.4221184">
        <ele>109.4</ele>
        <time>2026-01-01T14:34:47.000Z</time>
        <speed>1.558</speed>
      </trkpt>
      <trkpt lat="50.5521167" lon="-2.4220538">
        <ele>108.8</ele>
        <time>2026-01-01T14:34:52.000Z</time>
        <speed>1.558</speed>
      </trkpt>
      <trkpt lat="50.5520534" lon="-2.4219893">
        <ele>108.6</ele>
        <time>2026-01-01T14:34:57.000Z</time>
        <speed>1.558</speed>
      </trkpt>
      <trkpt lat="50.5519946" lon="-2.4219375">
        <ele>108.4</ele>
        <time>2026-01-01T14:35:02.000Z</time>
        <speed>1.568</speed>
      </trkpt>
      <trkpt lat="50.5519385" lon="-2.4218790">
        <ele>108.2</ele>
        <time>2026-01-01T14:35:07.000Z</time>
        <speed>1.568</speed>
      </trkpt>
      <trkpt lat="50.5518816" lon="-2.4218006">
        <ele>108.4</ele>
        <time>2026-01-01T14:35:12.000Z</time>
        <speed>1.568</speed>
      </trkpt>
      <trkpt lat="50.5518282" lon="-2.4217243">
        <ele>108.0</ele>
        <time>2026-01-01T14:35:17.000Z</time>
        <speed>1.577</speed>
      </trkpt>
      <trkpt lat="50.5517728" lon="-2.4216582">
        <ele>108.0</ele>
        <time>2026-01-01T14:35:22.000Z</time>
        <speed>1.586</speed>
      </trkpt>
      <trkpt lat="50.5517205" lon="-2.4215946">
        <ele>107.6</ele>
        <time>2026-01-01T14:35:27.000Z</time>
        <speed>1.577</speed>
      </trkpt>
      <trkpt lat="50.5516596" lon="-2.4215317">
        <ele>107.4</ele>
        <time>2026-01-01T14:35:32.000Z</time>
        <speed>1.586</speed>
      </trkpt>
      <trkpt lat="50.5516043" lon="-2.4214706">
        <ele>107.0</ele>
        <time>2026-01-01T14:35:37.000Z</time>
        <speed>1.577</speed>
      </trkpt>
      <trkpt lat="50.5515482" lon="-2.4214127">
        <ele>106.8</ele>
        <time>2026-01-01T14:35:42.000Z</time>
        <speed>1.568</speed>
      </trkpt>
      <trkpt lat="50.5514900" lon="-2.4213475">
        <ele>106.4</ele>
        <time>2026-01-01T14:35:47.000Z</time>
        <speed>1.568</speed>
      </trkpt>
      <trkpt lat="50.5514393" lon="-2.4212895">
        <ele>106.0</ele>
        <time>2026-01-01T14:35:52.000Z</time>
        <speed>1.568</speed>
      </trkpt>
      <trkpt lat="50.5513829" lon="-2.4212170">
        <ele>106.0</ele>
        <time>2026-01-01T14:35:57.000Z</time>
        <speed>1.558</speed>
      </trkpt>
      <trkpt lat="50.5513221" lon="-2.4211479">
        <ele>106.2</ele>
        <time>2026-01-01T14:36:02.000Z</time>
        <speed>1.558</speed>
      </trkpt>
      <trkpt lat="50.5512675" lon="-2.4210841">
        <ele>105.6</ele>
        <time>2026-01-01T14:36:07.000Z</time>
        <speed>1.568</speed>
      </trkpt>
      <trkpt lat="50.5512129" lon="-2.4210250">
        <ele>105.0</ele>
        <time>2026-01-01T14:36:12.000Z</time>
        <speed>1.558</speed>
      </trkpt>
      <trkpt lat="50.5511482" lon="-2.4209660">
        <ele>104.6</ele>
        <time>2026-01-01T14:36:17.000Z</time>
        <speed>1.558</speed>
      </trkpt>
      <trkpt lat="50.5510895" lon="-2.4209164">
        <ele>104.4</ele>
        <time>2026-01-01T14:36:22.000Z</time>
        <speed>1.568</speed>
      </trkpt>
      <trkpt lat="50.5510271" lon="-2.4208656">
        <ele>103.8</ele>
        <time>2026-01-01T14:36:27.000Z</time>
        <speed>1.568</speed>
      </trkpt>
      <trkpt lat="50.5509637" lon="-2.4208182">
        <ele>104.0</ele>
        <time>2026-01-01T14:36:32.000Z</time>
        <speed>1.577</speed>
      </trkpt>
      <trkpt lat="50.5508979" lon="-2.4207756">
        <ele>104.0</ele>
        <time>2026-01-01T14:36:37.000Z</time>
        <speed>1.568</speed>
      </trkpt>
      <trkpt lat="50.5508315" lon="-2.4207418">
        <ele>103.2</ele>
        <time>2026-01-01T14:36:42.000Z</time>
        <speed>1.568</speed>
      </trkpt>
      <trkpt lat="50.5507664" lon="-2.4207112">
        <ele>102.8</ele>
        <time>2026-01-01T14:36:47.000Z</time>
        <speed>1.577</speed>
      </trkpt>
      <trkpt lat="50.5507067" lon="-2.4206784">
        <ele>102.2</ele>
        <time>2026-01-01T14:36:52.000Z</time>
        <speed>1.568</speed>
      </trkpt>
      <trkpt lat="50.5506420" lon="-2.4206390">
        <ele>102.0</ele>
        <time>2026-01-01T14:36:57.000Z</time>
        <speed>1.558</speed>
      </trkpt>
      <trkpt lat="50.5505805" lon="-2.4206001">
        <ele>101.6</ele>
        <time>2026-01-01T14:37:02.000Z</time>
        <speed>1.549</speed>
      </trkpt>
      <trkpt lat="50.5505215" lon="-2.4205549">
        <ele>101.4</ele>
        <time>2026-01-01T14:37:07.000Z</time>
        <speed>1.540</speed>
      </trkpt>
      <trkpt lat="50.5504598" lon="-2.4204990">
        <ele>101.2</ele>
        <time>2026-01-01T14:37:12.000Z</time>
        <speed>1.540</speed>
      </trkpt>
      <trkpt lat="50.5503992" lon="-2.4204449">
        <ele>100.6</ele>
        <time>2026-01-01T14:37:17.000Z</time>
        <speed>1.540</speed>
      </trkpt>
      <trkpt lat="50.5503377" lon="-2.4203900">
        <ele>100.4</ele>
        <time>2026-01-01T14:37:22.000Z</time>
        <speed>1.549</speed>
      </trkpt>
      <trkpt lat="50.5502820" lon="-2.4203423">
        <ele>99.8</ele>
        <time>2026-01-01T14:37:27.000Z</time>
        <speed>1.540</speed>
      </trkpt>
      <trkpt lat="50.5502261" lon="-2.4202892">
        <ele>99.8</ele>
        <time>2026-01-01T14:37:32.000Z</time>
        <speed>1.530</speed>
      </trkpt>
      <trkpt lat="50.5501665" lon="-2.4202398">
        <ele>100.0</ele>
        <time>2026-01-01T14:37:37.000Z</time>
        <speed>1.521</speed>
      </trkpt>
      <trkpt lat="50.5501061" lon="-2.4201999">
        <ele>99.8</ele>
        <time>2026-01-01T14:37:42.000Z</time>
        <speed>1.521</speed>
      </trkpt>
      <trkpt lat="50.5500391" lon="-2.4201608">
        <ele>99.6</ele>
        <time>2026-01-01T14:37:47.000Z</time>
        <speed>1.521</speed>
      </trkpt>
      <trkpt lat="50.5499755" lon="-2.4201225">
        <ele>100.0</ele>
        <time>2026-01-01T14:37:52.000Z</time>
        <speed>1.521</speed>
      </trkpt>
      <trkpt lat="50.5499205" lon="-2.4200821">
        <ele>100.2</ele>
        <time>2026-01-01T14:37:57.000Z</time>
        <speed>1.521</speed>
      </trkpt>
      <trkpt lat="50.5498578" lon="-2.4200342">
        <ele>100.2</ele>
        <time>2026-01-01T14:38:02.000Z</time>
        <speed>1.512</speed>
      </trkpt>
      <trkpt lat="50.5497938" lon="-2.4199905">
        <ele>100.0</ele>
        <time>2026-01-01T14:38:07.000Z</time>
        <speed>1.512</speed>
      </trkpt>
      <trkpt lat="50.5497359" lon="-2.4199444">
        <ele>100.8</ele>
        <time>2026-01-01T14:38:12.000Z</time>
        <speed>1.512</speed>
      </trkpt>
      <trkpt lat="50.5496764" lon="-2.4199103">
        <ele>100.6</ele>
        <time>2026-01-01T14:38:17.000Z</time>
        <speed>1.512</speed>
      </trkpt>
      <trkpt lat="50.5496099" lon="-2.4198702">
        <ele>100.8</ele>
        <time>2026-01-01T14:38:22.000Z</time>
        <speed>1.502</speed>
      </trkpt>
      <trkpt lat="50.5495526" lon="-2.4198386">
        <ele>101.2</ele>
        <time>2026-01-01T14:38:27.000Z</time>
        <speed>1.502</speed>
      </trkpt>
      <trkpt lat="50.5494922" lon="-2.4198362">
        <ele>101.4</ele>
        <time>2026-01-01T14:38:32.000Z</time>
        <speed>1.465</speed>
      </trkpt>
      <trkpt lat="50.5494366" lon="-2.4198451">
        <ele>101.6</ele>
        <time>2026-01-01T14:38:37.000Z</time>
        <speed>1.437</speed>
      </trkpt>
      <trkpt lat="50.5493946" lon="-2.4198631">
        <ele>101.8</ele>
        <time>2026-01-01T14:38:42.000Z</time>
        <speed>1.362</speed>
      </trkpt>
      <trkpt lat="50.5493522" lon="-2.4199008">
        <ele>101.2</ele>
        <time>2026-01-01T14:38:47.000Z</time>
        <speed>1.185</speed>
      </trkpt>
      <trkpt lat="50.5493168" lon="-2.4199544">
        <ele>101.4</ele>
        <time>2026-01-01T14:38:52.000Z</time>
        <speed>1.176</speed>
      </trkpt>
      <trkpt lat="50.5492792" lon="-2.4200242">
        <ele>101.0</ele>
        <time>2026-01-01T14:38:57.000Z</time>
        <speed>1.176</speed>
      </trkpt>
      <trkpt lat="50.5492418" lon="-2.4200294">
        <ele>100.8</ele>
        <time>2026-01-01T14:39:02.000Z</time>
        <speed>1.148</speed>
      </trkpt>
      <trkpt lat="50.5492061" lon="-2.4199964">
        <ele>100.6</ele>
        <time>2026-01-01T14:39:07.000Z</time>
        <speed>1.110</speed>
      </trkpt>
      <trkpt lat="50.5491945" lon="-2.4199940">
        <ele>100.6</ele>
        <time>2026-01-01T14:39:12.000Z</time>
        <speed>0.756</speed>
      </trkpt>
      <trkpt lat="50.5491945" lon="-2.4199940">
        <ele>100.6</ele>
        <time>2026-01-01T14:39:17.000Z</time>
        <speed>0.000</speed>
      </trkpt>
      <trkpt lat="50.5492093" lon="-2.4200240">
        <ele>100.6</ele>
        <time>2026-01-01T14:39:22.000Z</time>
        <speed>0.000</speed>
      </trkpt>
      <trkpt lat="50.5492579" lon="-2.4200502">
        <ele>100.6</ele>
        <time>2026-01-01T14:39:27.000Z</time>
        <speed>1.204</speed>
      </trkpt>
      <trkpt lat="50.5493010" lon="-2.4200010">
        <ele>101.0</ele>
        <time>2026-01-01T14:39:32.000Z</time>
        <speed>1.110</speed>
      </trkpt>
      <trkpt lat="50.5493635" lon="-2.4199548">
        <ele>100.8</ele>
        <time>2026-01-01T14:39:37.000Z</time>
        <speed>1.278</speed>
      </trkpt>
      <trkpt lat="50.5494218" lon="-2.4199074">
        <ele>101.2</ele>
        <time>2026-01-01T14:39:42.000Z</time>
        <speed>1.400</speed>
      </trkpt>
      <trkpt lat="50.5494770" lon="-2.4198720">
        <ele>101.4</ele>
        <time>2026-01-01T14:39:47.000Z</time>
        <speed>1.381</speed>
      </trkpt>
      <trkpt lat="50.5495345" lon="-2.4198865">
        <ele>101.4</ele>
        <time>2026-01-01T14:39:52.000Z</time>
        <speed>1.362</speed>
      </trkpt>
      <trkpt lat="50.5495949" lon="-2.4199077">
        <ele>100.2</ele>
        <time>2026-01-01T14:39:57.000Z</time>
        <speed>1.362</speed>
      </trkpt>
      <trkpt lat="50.5496623" lon="-2.4199419">
        <ele>99.6</ele>
        <time>2026-01-01T14:40:02.000Z</time>
        <speed>1.372</speed>
      </trkpt>
      <trkpt lat="50.5497292" lon="-2.4199802">
        <ele>98.8</ele>
        <time>2026-01-01T14:40:07.000Z</time>
        <speed>1.381</speed>
      </trkpt>
      <trkpt lat="50.5497912" lon="-2.4200273">
        <ele>98.8</ele>
        <time>2026-01-01T14:40:12.000Z</time>
        <speed>1.381</speed>
      </trkpt>
      <trkpt lat="50.5498505" lon="-2.4200757">
        <ele>98.8</ele>
        <time>2026-01-01T14:40:17.000Z</time>
        <speed>1.390</speed>
      </trkpt>
      <trkpt lat="50.5499256" lon="-2.4201287">
        <ele>98.8</ele>
        <time>2026-01-01T14:40:22.000Z</time>
        <speed>1.418</speed>
      </trkpt>
      <trkpt lat="50.5499804" lon="-2.4201595">
        <ele>98.4</ele>
        <time>2026-01-01T14:40:27.000Z</time>
        <speed>1.446</speed>
      </trkpt>
      <trkpt lat="50.5500446" lon="-2.4202233">
        <ele>97.8</ele>
        <time>2026-01-01T14:40:32.000Z</time>
        <speed>1.456</speed>
      </trkpt>
      <trkpt lat="50.5501089" lon="-2.4202755">
        <ele>98.2</ele>
        <time>2026-01-01T14:40:37.000Z</time>
        <speed>1.474</speed>
      </trkpt>
      <trkpt lat="50.5501758" lon="-2.4203181">
        <ele>98.0</ele>
        <time>2026-01-01T14:40:42.000Z</time>
        <speed>1.484</speed>
      </trkpt>
      <trkpt lat="50.5502437" lon="-2.4203598">
        <ele>97.6</ele>
        <time>2026-01-01T14:40:47.000Z</time>
        <speed>1.493</speed>
      </trkpt>
      <trkpt lat="50.5503120" lon="-2.4203981">
        <ele>98.0</ele>
        <time>2026-01-01T14:40:52.000Z</time>
        <speed>1.521</speed>
      </trkpt>
      <trkpt lat="50.5503690" lon="-2.4204498">
        <ele>99.6</ele>
        <time>2026-01-01T14:40:57.000Z</time>
        <speed>1.521</speed>
      </trkpt>
      <trkpt lat="50.5504340" lon="-2.4205040">
        <ele>97.8</ele>
        <time>2026-01-01T14:41:02.000Z</time>
        <speed>1.530</speed>
      </trkpt>
      <trkpt lat="50.5504902" lon="-2.4205422">
        <ele>98.0</ele>
        <time>2026-01-01T14:41:07.000Z</time>
        <speed>1.530</speed>
      </trkpt>
      <trkpt lat="50.5505454" lon="-2.4205921">
        <ele>98.8</ele>
        <time>2026-01-01T14:41:12.000Z</time>
        <speed>1.521</speed>
      </trkpt>
      <trkpt lat="50.5506050" lon="-2.4206361">
        <ele>99.0</ele>
        <time>2026-01-01T14:41:17.000Z</time>
        <speed>1.512</speed>
      </trkpt>
      <trkpt lat="50.5506734" lon="-2.4206762">
        <ele>98.8</ele>
        <time>2026-01-01T14:41:22.000Z</time>
        <speed>1.530</speed>
      </trkpt>
      <trkpt lat="50.5507290" lon="-2.4207298">
        <ele>98.8</ele>
        <time>2026-01-01T14:41:27.000Z</time>
        <speed>1.530</speed>
      </trkpt>
      <trkpt lat="50.5507874" lon="-2.4207672">
        <ele>99.6</ele>
        <time>2026-01-01T14:41:32.000Z</time>
        <speed>1.521</speed>
      </trkpt>
      <trkpt lat="50.5508516" lon="-2.4208042">
        <ele>99.6</ele>
        <time>2026-01-01T14:41:37.000Z</time>
        <speed>1.512</speed>
      </trkpt>
      <trkpt lat="50.5509084" lon="-2.4208373">
        <ele>99.8</ele>
        <time>2026-01-01T14:41:42.000Z</time>
        <speed>1.502</speed>
      </trkpt>
      <trkpt lat="50.5509740" lon="-2.4208822">
        <ele>99.6</ele>
        <time>2026-01-01T14:41:47.000Z</time>
        <speed>1.502</speed>
      </trkpt>
      <trkpt lat="50.5510309" lon="-2.4209153">
        <ele>100.2</ele>
        <time>2026-01-01T14:41:52.000Z</time>
        <speed>1.502</speed>
      </trkpt>
      <trkpt lat="50.5510972" lon="-2.4209636">
        <ele>99.8</ele>
        <time>2026-01-01T14:41:57.000Z</time>
        <speed>1.502</speed>
      </trkpt>
      <trkpt lat="50.5511522" lon="-2.4210181">
        <ele>101.0</ele>
        <time>2026-01-01T14:42:02.000Z</time>
        <speed>1.512</speed>
      </trkpt>
      <trkpt lat="50.5512022" lon="-2.4210702">
        <ele>101.4</ele>
        <time>2026-01-01T14:42:07.000Z</time>
        <speed>1.474</speed>
      </trkpt>
      <trkpt lat="50.5512593" lon="-2.4211425">
        <ele>101.2</ele>
        <time>2026-01-01T14:42:12.000Z</time>
        <speed>1.484</speed>
      </trkpt>
      <trkpt lat="50.5513081" lon="-2.4212033">
        <ele>101.8</ele>
        <time>2026-01-01T14:42:17.000Z</time>
        <speed>1.474</speed>
      </trkpt>
      <trkpt lat="50.5513627" lon="-2.4212655">
        <ele>101.4</ele>
        <time>2026-01-01T14:42:22.000Z</time>
        <speed>1.474</speed>
      </trkpt>
      <trkpt lat="50.5514130" lon="-2.4213289">
        <ele>101.4</ele>
        <time>2026-01-01T14:42:27.000Z</time>
        <speed>1.465</speed>
      </trkpt>
      <trkpt lat="50.5514664" lon="-2.4213939">
        <ele>101.8</ele>
        <time>2026-01-01T14:42:32.000Z</time>
        <speed>1.465</speed>
      </trkpt>
      <trkpt lat="50.5515217" lon="-2.4214494">
        <ele>101.2</ele>
        <time>2026-01-01T14:42:37.000Z</time>
        <speed>1.465</speed>
      </trkpt>
      <trkpt lat="50.5515659" lon="-2.4215008">
        <ele>101.8</ele>
        <time>2026-01-01T14:42:42.000Z</time>
        <speed>1.474</speed>
      </trkpt>
      <trkpt lat="50.5516293" lon="-2.4215645">
        <ele>102.0</ele>
        <time>2026-01-01T14:42:47.000Z</time>
        <speed>1.465</speed>
      </trkpt>
      <trkpt lat="50.5516900" lon="-2.4216265">
        <ele>102.6</ele>
        <time>2026-01-01T14:42:52.000Z</time>
        <speed>1.474</speed>
      </trkpt>
      <trkpt lat="50.5517464" lon="-2.4216775">
        <ele>102.8</ele>
        <time>2026-01-01T14:42:57.000Z</time>
        <speed>1.474</speed>
      </trkpt>
      <trkpt lat="50.5518044" lon="-2.4217367">
        <ele>102.6</ele>
        <time>2026-01-01T14:43:02.000Z</time>
        <speed>1.465</speed>
      </trkpt>
      <trkpt lat="50.5518572" lon="-2.4217881">
        <ele>102.8</ele>
        <time>2026-01-01T14:43:07.000Z</time>
        <speed>1.465</speed>
      </trkpt>
      <trkpt lat="50.5519118" lon="-2.4218484">
        <ele>102.8</ele>
        <time>2026-01-01T14:43:12.000Z</time>
        <speed>1.465</speed>
      </trkpt>
      <trkpt lat="50.5519678" lon="-2.4219142">
        <ele>103.0</ele>
        <time>2026-01-01T14:43:17.000Z</time>
        <speed>1.484</speed>
      </trkpt>
      <trkpt lat="50.5520173" lon="-2.4219777">
        <ele>103.4</ele>
        <time>2026-01-01T14:43:22.000Z</time>
        <speed>1.484</speed>
      </trkpt>
      <trkpt lat="50.5520685" lon="-2.4220408">
        <ele>103.6</ele>
        <time>2026-01-01T14:43:27.000Z</time>
        <speed>1.484</speed>
      </trkpt>
      <trkpt lat="50.5521271" lon="-2.4220970">
        <ele>103.8</ele>
        <time>2026-01-01T14:43:32.000Z</time>
        <speed>1.474</speed>
      </trkpt>
      <trkpt lat="50.5521830" lon="-2.4221569">
        <ele>103.8</ele>
        <time>2026-01-01T14:43:37.000Z</time>
        <speed>1.484</speed>
      </trkpt>
      <trkpt lat="50.5522379" lon="-2.4222108">
        <ele>103.8</ele>
        <time>2026-01-01T14:43:42.000Z</time>
        <speed>1.474</speed>
      </trkpt>
      <trkpt lat="50.5522983" lon="-2.4222726">
        <ele>103.8</ele>
        <time>2026-01-01T14:43:47.000Z</time>
        <speed>1.484</speed>
      </trkpt>
      <trkpt lat="50.5523511" lon="-2.4223332">
        <ele>103.8</ele>
        <time>2026-01-01T14:43:52.000Z</time>
        <speed>1.493</speed>
      </trkpt>
      <trkpt lat="50.5524023" lon="-2.4223916">
        <ele>104.0</ele>
        <time>2026-01-01T14:43:57.000Z</time>
        <speed>1.484</speed>
      </trkpt>
      <trkpt lat="50.5524539" lon="-2.4224446">
        <ele>104.6</ele>
        <time>2026-01-01T14:44:02.000Z</time>
        <speed>1.474</speed>
      </trkpt>
      <trkpt lat="50.5525063" lon="-2.4225142">
        <ele>103.6</ele>
        <time>2026-01-01T14:44:07.000Z</time>
        <speed>1.474</speed>
      </trkpt>
      <trkpt lat="50.5525622" lon="-2.4225740">
        <ele>104.0</ele>
        <time>2026-01-01T14:44:12.000Z</time>
        <speed>1.474</speed>
      </trkpt>
      <trkpt lat="50.5526179" lon="-2.4226308">
        <ele>104.2</ele>
        <time>2026-01-01T14:44:17.000Z</time>
        <speed>1.474</speed>
      </trkpt>
      <trkpt lat="50.5526792" lon="-2.4226841">
        <ele>104.0</ele>
        <time>2026-01-01T14:44:22.000Z</time>
        <speed>1.484</speed>
      </trkpt>
      <trkpt lat="50.5527353" lon="-2.4227460">
        <ele>104.6</ele>
        <time>2026-01-01T14:44:27.000Z</time>
        <speed>1.484</speed>
      </trkpt>
      <trkpt lat="50.5527896" lon="-2.4228081">
        <ele>104.4</ele>
        <time>2026-01-01T14:44:32.000Z</time>
        <speed>1.484</speed>
      </trkpt>
      <trkpt lat="50.5528466" lon="-2.4228661">
        <ele>104.2</ele>
        <time>2026-01-01T14:44:37.000Z</time>
        <speed>1.493</speed>
      </trkpt>
      <trkpt lat="50.5529030" lon="-2.4229281">
        <ele>104.6</ele>
        <time>2026-01-01T14:44:42.000Z</time>
        <speed>1.493</speed>
      </trkpt>
      <trkpt lat="50.5529528" lon="-2.4229889">
        <ele>104.8</ele>
        <time>2026-01-01T14:44:47.000Z</time>
        <speed>1.484</speed>
      </trkpt>
      <trkpt lat="50.5530137" lon="-2.4230431">
        <ele>104.8</ele>
        <time>2026-01-01T14:44:52.000Z</time>
        <speed>1.493</speed>
      </trkpt>
      <trkpt lat="50.5530690" lon="-2.4231000">
        <ele>105.2</ele>
        <time>2026-01-01T14:44:57.000Z</time>
        <speed>1.493</speed>
      </trkpt>
      <trkpt lat="50.5531233" lon="-2.4231490">
        <ele>105.4</ele>
        <time>2026-01-01T14:45:02.000Z</time>
        <speed>1.493</speed>
      </trkpt>
      <trkpt lat="50.5531797" lon="-2.4232127">
        <ele>105.6</ele>
        <time>2026-01-01T14:45:07.000Z</time>
        <speed>1.484</speed>
      </trkpt>
      <trkpt lat="50.5532126" lon="-2.4232981">
        <ele>105.4</ele>
        <time>2026-01-01T14:45:12.000Z</time>
        <speed>1.484</speed>
      </trkpt>
      <trkpt lat="50.5532136" lon="-2.4233948">
        <ele>105.0</ele>
        <time>2026-01-01T14:45:17.000Z</time>
        <speed>1.484</speed>
      </trkpt>
      <trkpt lat="50.5531866" lon="-2.4235121">
        <ele>105.6</ele>
        <time>2026-01-01T14:45:22.000Z</time>
        <speed>1.493</speed>
      </trkpt>
      <trkpt lat="50.5531650" lon="-2.4236096">
        <ele>106.0</ele>
        <time>2026-01-01T14:45:27.000Z</time>
        <speed>1.512</speed>
      </trkpt>
      <trkpt lat="50.5531523" lon="-2.4237208">
        <ele>106.0</ele>
        <time>2026-01-01T14:45:32.000Z</time>
        <speed>1.521</speed>
      </trkpt>
      <trkpt lat="50.5531502" lon="-2.4238239">
        <ele>106.6</ele>
        <time>2026-01-01T14:45:37.000Z</time>
        <speed>1.521</speed>
      </trkpt>
      <trkpt lat="50.5531425" lon="-2.4239373">
        <ele>106.6</ele>
        <time>2026-01-01T14:45:42.000Z</time>
        <speed>1.521</speed>
      </trkpt>
      <trkpt lat="50.5531413" lon="-2.4240414">
        <ele>106.2</ele>
        <time>2026-01-01T14:45:47.000Z</time>
        <speed>1.521</speed>
      </trkpt>
      <trkpt lat="50.5531523" lon="-2.4241453">
        <ele>107.4</ele>
        <time>2026-01-01T14:45:52.000Z</time>
        <speed>1.540</speed>
      </trkpt>
      <trkpt lat="50.5531891" lon="-2.4242426">
        <ele>107.6</ele>
        <time>2026-01-01T14:45:57.000Z</time>
        <speed>1.540</speed>
      </trkpt>
      <trkpt lat="50.5532445" lon="-2.4243202">
        <ele>107.4</ele>
        <time>2026-01-01T14:46:02.000Z</time>
        <speed>1.558</speed>
      </trkpt>
      <trkpt lat="50.5533036" lon="-2.4243744">
        <ele>107.4</ele>
        <time>2026-01-01T14:46:07.000Z</time>
        <speed>1.568</speed>
      </trkpt>
      <trkpt lat="50.5533580" lon="-2.4244344">
        <ele>107.6</ele>
        <time>2026-01-01T14:46:12.000Z</time>
        <speed>1.568</speed>
      </trkpt>
      <trkpt lat="50.5533879" lon="-2.4245082">
        <ele>107.8</ele>
        <time>2026-01-01T14:46:17.000Z</time>
        <speed>1.568</speed>
      </trkpt>
      <trkpt lat="50.5534017" lon="-2.4245383">
        <ele>107.6</ele>
        <time>2026-01-01T14:46:22.000Z</time>
        <speed>1.465</speed>
      </trkpt>
      <trkpt lat="50.5534329" lon="-2.4246118">
        <ele>108.0</ele>
        <time>2026-01-01T14:46:27.000Z</time>
        <speed>1.372</speed>
      </trkpt>
      <trkpt lat="50.5534902" lon="-2.4246747">
        <ele>107.8</ele>
        <time>2026-01-01T14:46:32.000Z</time>
        <speed>1.540</speed>
      </trkpt>
      <trkpt lat="50.5535461" lon="-2.4247423">
        <ele>107.8</ele>
        <time>2026-01-01T14:46:37.000Z</time>
        <speed>1.577</speed>
      </trkpt>
      <trkpt lat="50.5535923" lon="-2.4248163">
        <ele>108.2</ele>
        <time>2026-01-01T14:46:42.000Z</time>
        <speed>1.512</speed>
      </trkpt>
      <trkpt lat="50.5536300" lon="-2.4248809">
        <ele>107.4</ele>
        <time>2026-01-01T14:46:47.000Z</time>
        <speed>1.456</speed>
      </trkpt>
      <trkpt lat="50.5536758" lon="-2.4249515">
        <ele>108.0</ele>
        <time>2026-01-01T14:46:52.000Z</time>
        <speed>1.418</speed>
      </trkpt>
      <trkpt lat="50.5537324" lon="-2.4250128">
        <ele>107.6</ele>
        <time>2026-01-01T14:46:57.000Z</time>
        <speed>1.418</speed>
      </trkpt>
      <trkpt lat="50.5537894" lon="-2.4250682">
        <ele>107.4</ele>
        <time>2026-01-01T14:47:02.000Z</time>
        <speed>1.446</speed>
      </trkpt>
      <trkpt lat="50.5538454" lon="-2.4251310">
        <ele>106.2</ele>
        <time>2026-01-01T14:47:07.000Z</time>
        <speed>1.484</speed>
      </trkpt>
      <trkpt lat="50.5538868" lon="-2.4252068">
        <ele>108.4</ele>
        <time>2026-01-01T14:47:12.000Z</time>
        <speed>1.484</speed>
      </trkpt>
      <trkpt lat="50.5539406" lon="-2.4252784">
        <ele>108.8</ele>
        <time>2026-01-01T14:47:17.000Z</time>
        <speed>1.474</speed>
      </trkpt>
      <trkpt lat="50.5539892" lon="-2.4253458">
        <ele>108.8</ele>
        <time>2026-01-01T14:47:22.000Z</time>
        <speed>1.484</speed>
      </trkpt>
      <trkpt lat="50.5540421" lon="-2.4254095">
        <ele>108.8</ele>
        <time>2026-01-01T14:47:27.000Z</time>
        <speed>1.484</speed>
      </trkpt>
      <trkpt lat="50.5540840" lon="-2.4254774">
        <ele>108.4</ele>
        <time>2026-01-01T14:47:32.000Z</time>
        <speed>1.465</speed>
      </trkpt>
      <trkpt lat="50.5541178" lon="-2.4255668">
        <ele>109.6</ele>
        <time>2026-01-01T14:47:37.000Z</time>
        <speed>1.446</speed>
      </trkpt>
      <trkpt lat="50.5541339" lon="-2.4256647">
        <ele>110.0</ele>
        <time>2026-01-01T14:47:42.000Z</time>
        <speed>1.446</speed>
      </trkpt>
      <trkpt lat="50.5541601" lon="-2.4257634">
        <ele>110.6</ele>
        <time>2026-01-01T14:47:47.000Z</time>
        <speed>1.446</speed>
      </trkpt>
      <trkpt lat="50.5541821" lon="-2.4258643">
        <ele>110.0</ele>
        <time>2026-01-01T14:47:52.000Z</time>
        <speed>1.456</speed>
      </trkpt>
      <trkpt lat="50.5542129" lon="-2.4259570">
        <ele>110.0</ele>
        <time>2026-01-01T14:47:57.000Z</time>
        <speed>1.456</speed>
      </trkpt>
      <trkpt lat="50.5542463" lon="-2.4260542">
        <ele>110.2</ele>
        <time>2026-01-01T14:48:02.000Z</time>
        <speed>1.465</speed>
      </trkpt>
      <trkpt lat="50.5542712" lon="-2.4261453">
        <ele>110.0</ele>
        <time>2026-01-01T14:48:07.000Z</time>
        <speed>1.465</speed>
      </trkpt>
      <trkpt lat="50.5542976" lon="-2.4262480">
        <ele>110.2</ele>
        <time>2026-01-01T14:48:12.000Z</time>
        <speed>1.474</speed>
      </trkpt>
      <trkpt lat="50.5543336" lon="-2.4263371">
        <ele>109.8</ele>
        <time>2026-01-01T14:48:17.000Z</time>
        <speed>1.474</speed>
      </trkpt>
      <trkpt lat="50.5543586" lon="-2.4264410">
        <ele>109.8</ele>
        <time>2026-01-01T14:48:22.000Z</time>
        <speed>1.493</speed>
      </trkpt>
      <trkpt lat="50.5543697" lon="-2.4265438">
        <ele>110.2</ele>
        <time>2026-01-01T14:48:27.000Z</time>
        <speed>1.493</speed>
      </trkpt>
      <trkpt lat="50.5543751" lon="-2.4266419">
        <ele>109.8</ele>
        <time>2026-01-01T14:48:32.000Z</time>
        <speed>1.493</speed>
      </trkpt>
      <trkpt lat="50.5543811" lon="-2.4267485">
        <ele>109.0</ele>
        <time>2026-01-01T14:48:37.000Z</time>
        <speed>1.484</speed>
      </trkpt>
      <trkpt lat="50.5543955" lon="-2.4268509">
        <ele>109.2</ele>
        <time>2026-01-01T14:48:42.000Z</time>
        <speed>1.493</speed>
      </trkpt>
      <trkpt lat="50.5544022" lon="-2.4269630">
        <ele>110.0</ele>
        <time>2026-01-01T14:48:47.000Z</time>
        <speed>1.493</speed>
      </trkpt>
      <trkpt lat="50.5544063" lon="-2.4270647">
        <ele>109.4</ele>
        <time>2026-01-01T14:48:52.000Z</time>
        <speed>1.502</speed>
      </trkpt>
      <trkpt lat="50.5544139" lon="-2.4271870">
        <ele>109.8</ele>
        <time>2026-01-01T14:48:57.000Z</time>
        <speed>1.512</speed>
      </trkpt>
      <trkpt lat="50.5544292" lon="-2.4272915">
        <ele>109.6</ele>
        <time>2026-01-01T14:49:02.000Z</time>
        <speed>1.521</speed>
      </trkpt>
      <trkpt lat="50.5544479" lon="-2.4273837">
        <ele>109.4</ele>
        <time>2026-01-01T14:49:07.000Z</time>
        <speed>1.521</speed>
      </trkpt>
      <trkpt lat="50.5544579" lon="-2.4275007">
        <ele>109.6</ele>
        <time>2026-01-01T14:49:12.000Z</time>
        <speed>1.521</speed>
      </trkpt>
      <trkpt lat="50.5544723" lon="-2.4275888">
        <ele>109.8</ele>
        <time>2026-01-01T14:49:17.000Z</time>
        <speed>1.521</speed>
      </trkpt>
      <trkpt lat="50.5544901" lon="-2.4276975">
        <ele>109.6</ele>
        <time>2026-01-01T14:49:22.000Z</time>
        <speed>1.512</speed>
      </trkpt>
      <trkpt lat="50.5545152" lon="-2.4278167">
        <ele>109.6</ele>
        <time>2026-01-01T14:49:27.000Z</time>
        <speed>1.521</speed>
      </trkpt>
      <trkpt lat="50.5545379" lon="-2.4279146">
        <ele>109.8</ele>
        <time>2026-01-01T14:49:32.000Z</time>
        <speed>1.530</speed>
      </trkpt>
      <trkpt lat="50.5545670" lon="-2.4280220">
        <ele>110.0</ele>
        <time>2026-01-01T14:49:37.000Z</time>
        <speed>1.530</speed>
      </trkpt>
      <trkpt lat="50.5545928" lon="-2.4281106">
        <ele>110.0</ele>
        <time>2026-01-01T14:49:42.000Z</time>
        <speed>1.530</speed>
      </trkpt>
      <trkpt lat="50.5546248" lon="-2.4281942">
        <ele>110.0</ele>
        <time>2026-01-01T14:49:47.000Z</time>
        <speed>1.521</speed>
      </trkpt>
      <trkpt lat="50.5546545" lon="-2.4282906">
        <ele>110.2</ele>
        <time>2026-01-01T14:49:52.000Z</time>
        <speed>1.521</speed>
      </trkpt>
      <trkpt lat="50.5546876" lon="-2.4283912">
        <ele>110.4</ele>
        <time>2026-01-01T14:49:57.000Z</time>
        <speed>1.521</speed>
      </trkpt>
      <trkpt lat="50.5547194" lon="-2.4284862">
        <ele>110.2</ele>
        <time>2026-01-01T14:50:02.000Z</time>
        <speed>1.530</speed>
      </trkpt>
      <trkpt lat="50.5547472" lon="-2.4285813">
        <ele>110.6</ele>
        <time>2026-01-01T14:50:07.000Z</time>
        <speed>1.521</speed>
      </trkpt>
      <trkpt lat="50.5547714" lon="-2.4286787">
        <ele>110.4</ele>
        <time>2026-01-01T14:50:12.000Z</time>
        <speed>1.521</speed>
      </trkpt>
      <trkpt lat="50.5547854" lon="-2.4287697">
        <ele>111.2</ele>
        <time>2026-01-01T14:50:17.000Z</time>
        <speed>1.521</speed>
      </trkpt>
      <trkpt lat="50.5547922" lon="-2.4287957">
        <ele>111.4</ele>
        <time>2026-01-01T14:50:22.000Z</time>
        <speed>1.437</speed>
      </trkpt>
      <trkpt lat="50.5547841" lon="-2.4287889">
        <ele>111.2</ele>
        <time>2026-01-01T14:50:27.000Z</time>
        <speed>0.000</speed>
      </trkpt>
      <trkpt lat="50.5547711" lon="-2.4288724">
        <ele>111.4</ele>
        <time>2026-01-01T14:50:32.000Z</time>
        <speed>0.662</speed>
      </trkpt>
      <trkpt lat="50.5547520" lon="-2.4289585">
        <ele>111.6</ele>
        <time>2026-01-01T14:50:37.000Z</time>
        <speed>1.362</speed>
      </trkpt>
      <trkpt lat="50.5547280" lon="-2.4290586">
        <ele>111.4</ele>
        <time>2026-01-01T14:50:42.000Z</time>
        <speed>1.334</speed>
      </trkpt>
      <trkpt lat="50.5547161" lon="-2.4291654">
        <ele>110.8</ele>
        <time>2026-01-01T14:50:47.000Z</time>
        <speed>1.502</speed>
      </trkpt>
      <trkpt lat="50.5546984" lon="-2.4292620">
        <ele>110.6</ele>
        <time>2026-01-01T14:50:52.000Z</time>
        <speed>1.474</speed>
      </trkpt>
      <trkpt lat="50.5546759" lon="-2.4293625">
        <ele>110.6</ele>
        <time>2026-01-01T14:50:57.000Z</time>
        <speed>1.474</speed>
      </trkpt>
      <trkpt lat="50.5546569" lon="-2.4294820">
        <ele>110.6</ele>
        <time>2026-01-01T14:51:02.000Z</time>
        <speed>1.586</speed>
      </trkpt>
      <trkpt lat="50.5546405" lon="-2.4295862">
        <ele>110.6</ele>
        <time>2026-01-01T14:51:07.000Z</time>
        <speed>1.624</speed>
      </trkpt>
      <trkpt lat="50.5546174" lon="-2.4296874">
        <ele>110.2</ele>
        <time>2026-01-01T14:51:12.000Z</time>
        <speed>1.596</speed>
      </trkpt>
      <trkpt lat="50.5545837" lon="-2.4297812">
        <ele>110.0</ele>
        <time>2026-01-01T14:51:17.000Z</time>
        <speed>1.558</speed>
      </trkpt>
      <trkpt lat="50.5545463" lon="-2.4298772">
        <ele>109.8</ele>
        <time>2026-01-01T14:51:22.000Z</time>
        <speed>1.568</speed>
      </trkpt>
      <trkpt lat="50.5545197" lon="-2.4299764">
        <ele>109.4</ele>
        <time>2026-01-01T14:51:27.000Z</time>
        <speed>1.558</speed>
      </trkpt>
      <trkpt lat="50.5544954" lon="-2.4300763">
        <ele>108.2</ele>
        <time>2026-01-01T14:51:32.000Z</time>
        <speed>1.558</speed>
      </trkpt>
      <trkpt lat="50.5544676" lon="-2.4301820">
        <ele>106.8</ele>
        <time>2026-01-01T14:51:37.000Z</time>
        <speed>1.558</speed>
      </trkpt>
      <trkpt lat="50.5544385" lon="-2.4302959">
        <ele>106.2</ele>
        <time>2026-01-01T14:51:42.000Z</time>
        <speed>1.568</speed>
      </trkpt>
      <trkpt lat="50.5544129" lon="-2.4303935">
        <ele>105.4</ele>
        <time>2026-01-01T14:51:47.000Z</time>
        <speed>1.577</speed>
      </trkpt>
      <trkpt lat="50.5543958" lon="-2.4305111">
        <ele>105.4</ele>
        <time>2026-01-01T14:51:52.000Z</time>
        <speed>1.577</speed>
      </trkpt>
      <trkpt lat="50.5543727" lon="-2.4306207">
        <ele>105.2</ele>
        <time>2026-01-01T14:51:57.000Z</time>
        <speed>1.586</speed>
      </trkpt>
      <trkpt lat="50.5543552" lon="-2.4307258">
        <ele>105.2</ele>
        <time>2026-01-01T14:52:02.000Z</time>
        <speed>1.596</speed>
      </trkpt>
      <trkpt lat="50.5543413" lon="-2.4308244">
        <ele>105.0</ele>
        <time>2026-01-01T14:52:07.000Z</time>
        <speed>1.586</speed>
      </trkpt>
      <trkpt lat="50.5543260" lon="-2.4309386">
        <ele>104.4</ele>
        <time>2026-01-01T14:52:12.000Z</time>
        <speed>1.577</speed>
      </trkpt>
      <trkpt lat="50.5543011" lon="-2.4310332">
        <ele>104.2</ele>
        <time>2026-01-01T14:52:17.000Z</time>
        <speed>1.577</speed>
      </trkpt>
      <trkpt lat="50.5542727" lon="-2.4311284">
        <ele>103.8</ele>
        <time>2026-01-01T14:52:22.000Z</time>
        <speed>1.558</speed>
      </trkpt>
      <trkpt lat="50.5542441" lon="-2.4312151">
        <ele>102.6</ele>
        <time>2026-01-01T14:52:27.000Z</time>
        <speed>1.549</speed>
      </trkpt>
      <trkpt lat="50.5542156" lon="-2.4313122">
        <ele>101.8</ele>
        <time>2026-01-01T14:52:32.000Z</time>
        <speed>1.549</speed>
      </trkpt>
      <trkpt lat="50.5541919" lon="-2.4314055">
        <ele>101.2</ele>
        <time>2026-01-01T14:52:37.000Z</time>
        <speed>1.540</speed>
      </trkpt>
      <trkpt lat="50.5541349" lon="-2.4314557">
        <ele>101.4</ele>
        <time>2026-01-01T14:52:42.000Z</time>
        <speed>1.502</speed>
      </trkpt>
      <trkpt lat="50.5540829" lon="-2.4315178">
        <ele>101.2</ele>
        <time>2026-01-01T14:52:47.000Z</time>
        <speed>1.493</speed>
      </trkpt>
      <trkpt lat="50.5540473" lon="-2.4315885">
        <ele>101.4</ele>
        <time>2026-01-01T14:52:52.000Z</time>
        <speed>1.474</speed>
      </trkpt>
      <trkpt lat="50.5540235" lon="-2.4316640">
        <ele>101.6</ele>
        <time>2026-01-01T14:52:57.000Z</time>
        <speed>1.446</speed>
      </trkpt>
      <trkpt lat="50.5540545" lon="-2.4317049">
        <ele>102.0</ele>
        <time>2026-01-01T14:53:02.000Z</time>
        <speed>1.390</speed>
      </trkpt>
      <trkpt lat="50.5540994" lon="-2.4316671">
        <ele>103.2</ele>
        <time>2026-01-01T14:53:07.000Z</time>
        <speed>1.353</speed>
      </trkpt>
      <trkpt lat="50.5541489" lon="-2.4316609">
        <ele>103.6</ele>
        <time>2026-01-01T14:53:12.000Z</time>
        <speed>1.316</speed>
      </trkpt>
      <trkpt lat="50.5542045" lon="-2.4316985">
        <ele>103.4</ele>
        <time>2026-01-01T14:53:17.000Z</time>
        <speed>1.297</speed>
      </trkpt>
      <trkpt lat="50.5542601" lon="-2.4317158">
        <ele>103.8</ele>
        <time>2026-01-01T14:53:22.000Z</time>
        <speed>1.278</speed>
      </trkpt>
      <trkpt lat="50.5543179" lon="-2.4317313">
        <ele>104.6</ele>
        <time>2026-01-01T14:53:27.000Z</time>
        <speed>1.278</speed>
      </trkpt>
      <trkpt lat="50.5543596" lon="-2.4317938">
        <ele>105.2</ele>
        <time>2026-01-01T14:53:32.000Z</time>
        <speed>1.260</speed>
      </trkpt>
      <trkpt lat="50.5544178" lon="-2.4318450">
        <ele>105.8</ele>
        <time>2026-01-01T14:53:37.000Z</time>
        <speed>1.269</speed>
      </trkpt>
      <trkpt lat="50.5544712" lon="-2.4318712">
        <ele>106.0</ele>
        <time>2026-01-01T14:53:42.000Z</time>
        <speed>1.278</speed>
      </trkpt>
      <trkpt lat="50.5545252" lon="-2.4319033">
        <ele>107.2</ele>
        <time>2026-01-01T14:53:47.000Z</time>
        <speed>1.269</speed>
      </trkpt>
      <trkpt lat="50.5545733" lon="-2.4319557">
        <ele>107.6</ele>
        <time>2026-01-01T14:53:52.000Z</time>
        <speed>1.269</speed>
      </trkpt>
      <trkpt lat="50.5546060" lon="-2.4319893">
        <ele>108.8</ele>
        <time>2026-01-01T14:53:57.000Z</time>
        <speed>1.222</speed>
      </trkpt>
      <trkpt lat="50.5546382" lon="-2.4320312">
        <ele>109.2</ele>
        <time>2026-01-01T14:54:02.000Z</time>
        <speed>1.166</speed>
      </trkpt>
      <trkpt lat="50.5546519" lon="-2.4320944">
        <ele>110.6</ele>
        <time>2026-01-01T14:54:07.000Z</time>
        <speed>1.129</speed>
      </trkpt>
      <trkpt lat="50.5546852" lon="-2.4321640">
        <ele>111.0</ele>
        <time>2026-01-01T14:54:12.000Z</time>
        <speed>1.082</speed>
      </trkpt>
      <trkpt lat="50.5547348" lon="-2.4322235">
        <ele>110.6</ele>
        <time>2026-01-01T14:54:17.000Z</time>
        <speed>1.101</speed>
      </trkpt>
      <trkpt lat="50.5547694" lon="-2.4322813">
        <ele>110.8</ele>
        <time>2026-01-01T14:54:22.000Z</time>
        <speed>1.148</speed>
      </trkpt>
      <trkpt lat="50.5547763" lon="-2.4323778">
        <ele>110.8</ele>
        <time>2026-01-01T14:54:27.000Z</time>
        <speed>1.176</speed>
      </trkpt>
      <trkpt lat="50.5547857" lon="-2.4324291">
        <ele>110.6</ele>
        <time>2026-01-01T14:54:32.000Z</time>
        <speed>1.120</speed>
      </trkpt>
      <trkpt lat="50.5547928" lon="-2.4324434">
        <ele>110.6</ele>
        <time>2026-01-01T14:54:37.000Z</time>
        <speed>0.000</speed>
      </trkpt>
      <trkpt lat="50.5547907" lon="-2.4324496">
        <ele>110.8</ele>
        <time>2026-01-01T14:54:42.000Z</time>
        <speed>0.000</speed>
      </trkpt>
      <trkpt lat="50.5547952" lon="-2.4325454">
        <ele>110.8</ele>
        <time>2026-01-01T14:54:47.000Z</time>
        <speed>1.530</speed>
      </trkpt>
      <trkpt lat="50.5548024" lon="-2.4326389">
        <ele>110.8</ele>
        <time>2026-01-01T14:54:52.000Z</time>
        <speed>1.372</speed>
      </trkpt>
      <trkpt lat="50.5548206" lon="-2.4327350">
        <ele>110.8</ele>
        <time>2026-01-01T14:54:57.000Z</time>
        <speed>1.344</speed>
      </trkpt>
      <trkpt lat="50.5548357" lon="-2.4328314">
        <ele>110.8</ele>
        <time>2026-01-01T14:55:02.000Z</time>
        <speed>1.278</speed>
      </trkpt>
      <trkpt lat="50.5548423" lon="-2.4329221">
        <ele>111.2</ele>
        <time>2026-01-01T14:55:07.000Z</time>
        <speed>1.325</speed>
      </trkpt>
      <trkpt lat="50.5548676" lon="-2.4330295">
        <ele>111.4</ele>
        <time>2026-01-01T14:55:12.000Z</time>
        <speed>1.372</speed>
      </trkpt>
      <trkpt lat="50.5548959" lon="-2.4331112">
        <ele>111.6</ele>
        <time>2026-01-01T14:55:17.000Z</time>
        <speed>1.409</speed>
      </trkpt>
      <trkpt lat="50.5549137" lon="-2.4331864">
        <ele>111.4</ele>
        <time>2026-01-01T14:55:22.000Z</time>
        <speed>1.362</speed>
      </trkpt>
      <trkpt lat="50.5549438" lon="-2.4332153">
        <ele>111.8</ele>
        <time>2026-01-01T14:55:27.000Z</time>
        <speed>1.082</speed>
      </trkpt>
      <trkpt lat="50.5549998" lon="-2.4332774">
        <ele>111.4</ele>
        <time>2026-01-01T14:55:32.000Z</time>
        <speed>1.325</speed>
      </trkpt>
      <trkpt lat="50.5550548" lon="-2.4333340">
        <ele>111.2</ele>
        <time>2026-01-01T14:55:37.000Z</time>
        <speed>1.390</speed>
      </trkpt>
      <trkpt lat="50.5551093" lon="-2.4333993">
        <ele>111.6</ele>
        <time>2026-01-01T14:55:42.000Z</time>
        <speed>1.390</speed>
      </trkpt>
      <trkpt lat="50.5551658" lon="-2.4334553">
        <ele>111.6</ele>
        <time>2026-01-01T14:55:47.000Z</time>
        <speed>1.418</speed>
      </trkpt>
      <trkpt lat="50.5552305" lon="-2.4335089">
        <ele>111.6</ele>
        <time>2026-01-01T14:55:52.000Z</time>
        <speed>1.418</speed>
      </trkpt>
      <trkpt lat="50.5552718" lon="-2.4335596">
        <ele>111.8</ele>
        <time>2026-01-01T14:55:57.000Z</time>
        <speed>1.418</speed>
      </trkpt>
      <trkpt lat="50.5553261" lon="-2.4336197">
        <ele>112.4</ele>
        <time>2026-01-01T14:56:02.000Z</time>
        <speed>1.390</speed>
      </trkpt>
      <trkpt lat="50.5553728" lon="-2.4337025">
        <ele>112.0</ele>
        <time>2026-01-01T14:56:07.000Z</time>
        <speed>1.390</speed>
      </trkpt>
      <trkpt lat="50.5554030" lon="-2.4337857">
        <ele>112.2</ele>
        <time>2026-01-01T14:56:12.000Z</time>
        <speed>1.409</speed>
      </trkpt>
      <trkpt lat="50.5554167" lon="-2.4338780">
        <ele>113.8</ele>
        <time>2026-01-01T14:56:17.000Z</time>
        <speed>1.400</speed>
      </trkpt>
      <trkpt lat="50.5554187" lon="-2.4339648">
        <ele>114.2</ele>
        <time>2026-01-01T14:56:22.000Z</time>
        <speed>1.381</speed>
      </trkpt>
      <trkpt lat="50.5554158" lon="-2.4339960">
        <ele>114.2</ele>
        <time>2026-01-01T14:56:27.000Z</time>
        <speed>1.334</speed>
      </trkpt>
      <trkpt lat="50.5554158" lon="-2.4339960">
        <ele>114.6</ele>
        <time>2026-01-01T14:56:32.000Z</time>
        <speed>0.000</speed>
      </trkpt>
      <trkpt lat="50.5554158" lon="-2.4339960">
        <ele>114.6</ele>
        <time>2026-01-01T14:56:37.000Z</time>
        <speed>0.000</speed>
      </trkpt>
      <trkpt lat="50.5554158" lon="-2.4339960">
        <ele>114.8</ele>
        <time>2026-01-01T14:56:42.000Z</time>
        <speed>0.000</speed>
      </trkpt>
      <trkpt lat="50.5554061" lon="-2.4340320">
        <ele>114.8</ele>
        <time>2026-01-01T14:56:47.000Z</time>
        <speed>0.000</speed>
      </trkpt>
      <trkpt lat="50.5553767" lon="-2.4340370">
        <ele>114.4</ele>
        <time>2026-01-01T14:56:52.000Z</time>
        <speed>0.000</speed>
      </trkpt>
      <trkpt lat="50.5553767" lon="-2.4340370">
        <ele>114.4</ele>
        <time>2026-01-01T14:56:57.000Z</time>
        <speed>0.000</speed>
      </trkpt>
      <trkpt lat="50.5553767" lon="-2.4340370">
        <ele>114.4</ele>
        <time>2026-01-01T14:57:02.000Z</time>
        <speed>0.000</speed>
      </trkpt>
      <trkpt lat="50.5553767" lon="-2.4340370">
        <ele>114.4</ele>
        <time>2026-01-01T14:57:07.000Z</time>
        <speed>0.000</speed>
      </trkpt>
      <trkpt lat="50.5553767" lon="-2.4340370">
        <ele>114.4</ele>
        <time>2026-01-01T14:57:12.000Z</time>
        <speed>0.000</speed>
      </trkpt>
      <trkpt lat="50.5553767" lon="-2.4340370">
        <ele>114.4</ele>
        <time>2026-01-01T14:57:17.000Z</time>
        <speed>0.000</speed>
      </trkpt>
      <trkpt lat="50.5553767" lon="-2.4340370">
        <ele>114.0</ele>
        <time>2026-01-01T14:57:22.000Z</time>
        <speed>0.000</speed>
      </trkpt>
      <trkpt lat="50.5553767" lon="-2.4340370">
        <ele>113.8</ele>
        <time>2026-01-01T14:57:27.000Z</time>
        <speed>0.000</speed>
      </trkpt>
      <trkpt lat="50.5553767" lon="-2.4340370">
        <ele>113.6</ele>
        <time>2026-01-01T14:57:32.000Z</time>
        <speed>0.000</speed>
      </trkpt>
      <trkpt lat="50.5553205" lon="-2.4340639">
        <ele>113.0</ele>
        <time>2026-01-01T14:57:37.000Z</time>
        <speed>1.456</speed>
      </trkpt>
      <trkpt lat="50.5552651" lon="-2.4340861">
        <ele>112.6</ele>
        <time>2026-01-01T14:57:42.000Z</time>
        <speed>1.297</speed>
      </trkpt>
      <trkpt lat="50.5552184" lon="-2.4340646">
        <ele>112.2</ele>
        <time>2026-01-01T14:57:47.000Z</time>
        <speed>1.064</speed>
      </trkpt>
      <trkpt lat="50.5551933" lon="-2.4340566">
        <ele>111.6</ele>
        <time>2026-01-01T14:57:52.000Z</time>
        <speed>1.008</speed>
      </trkpt>
      <trkpt lat="50.5551933" lon="-2.4340566">
        <ele>111.4</ele>
        <time>2026-01-01T14:57:57.000Z</time>
        <speed>0.000</speed>
      </trkpt>
      <trkpt lat="50.5551838" lon="-2.4340629">
        <ele>111.6</ele>
        <time>2026-01-01T14:58:02.000Z</time>
        <speed>0.000</speed>
      </trkpt>
      <trkpt lat="50.5551734" lon="-2.4340950">
        <ele>110.8</ele>
        <time>2026-01-01T14:58:07.000Z</time>
        <speed>0.000</speed>
      </trkpt>
      <trkpt lat="50.5551427" lon="-2.4341537">
        <ele>109.6</ele>
        <time>2026-01-01T14:58:12.000Z</time>
        <speed>0.924</speed>
      </trkpt>
      <trkpt lat="50.5550959" lon="-2.4341851">
        <ele>108.8</ele>
        <time>2026-01-01T14:58:17.000Z</time>
        <speed>1.278</speed>
      </trkpt>
      <trkpt lat="50.5550410" lon="-2.4341969">
        <ele>108.6</ele>
        <time>2026-01-01T14:58:22.000Z</time>
        <speed>1.334</speed>
      </trkpt>
      <trkpt lat="50.5549914" lon="-2.4342198">
        <ele>108.4</ele>
        <time>2026-01-01T14:58:27.000Z</time>
        <speed>1.036</speed>
      </trkpt>
      <trkpt lat="50.5549655" lon="-2.4342920">
        <ele>109.4</ele>
        <time>2026-01-01T14:58:32.000Z</time>
        <speed>1.157</speed>
      </trkpt>
      <trkpt lat="50.5549743" lon="-2.4343815">
        <ele>110.4</ele>
        <time>2026-01-01T14:58:37.000Z</time>
        <speed>1.204</speed>
      </trkpt>
      <trkpt lat="50.5549891" lon="-2.4344825">
        <ele>109.8</ele>
        <time>2026-01-01T14:58:42.000Z</time>
        <speed>1.241</speed>
      </trkpt>
      <trkpt lat="50.5550031" lon="-2.4345773">
        <ele>110.0</ele>
        <time>2026-01-01T14:58:47.000Z</time>
        <speed>1.269</speed>
      </trkpt>
      <trkpt lat="50.5550214" lon="-2.4346688">
        <ele>112.4</ele>
        <time>2026-01-01T14:58:52.000Z</time>
        <speed>1.278</speed>
      </trkpt>
      <trkpt lat="50.5550376" lon="-2.4347553">
        <ele>114.0</ele>
        <time>2026-01-01T14:58:57.000Z</time>
        <speed>1.288</speed>
      </trkpt>
      <trkpt lat="50.5550465" lon="-2.4348429">
        <ele>114.4</ele>
        <time>2026-01-01T14:59:02.000Z</time>
        <speed>1.278</speed>
      </trkpt>
      <trkpt lat="50.5550211" lon="-2.4349202">
        <ele>114.4</ele>
        <time>2026-01-01T14:59:07.000Z</time>
        <speed>1.241</speed>
      </trkpt>
      <trkpt lat="50.5549844" lon="-2.4349846">
        <ele>114.0</ele>
        <time>2026-01-01T14:59:12.000Z</time>
        <speed>1.269</speed>
      </trkpt>
      <trkpt lat="50.5549772" lon="-2.4350027">
        <ele>113.0</ele>
        <time>2026-01-01T14:59:17.000Z</time>
        <speed>1.101</speed>
      </trkpt>
      <trkpt lat="50.5549612" lon="-2.4350723">
        <ele>113.6</ele>
        <time>2026-01-01T14:59:22.000Z</time>
        <speed>0.933</speed>
      </trkpt>
      <trkpt lat="50.5549500" lon="-2.4351431">
        <ele>112.0</ele>
        <time>2026-01-01T14:59:27.000Z</time>
        <speed>1.120</speed>
      </trkpt>
      <trkpt lat="50.5549203" lon="-2.4351730">
        <ele>111.8</ele>
        <time>2026-01-01T14:59:32.000Z</time>
        <speed>0.868</speed>
      </trkpt>
      <trkpt lat="50.5548663" lon="-2.4351575">
        <ele>112.2</ele>
        <time>2026-01-01T14:59:37.000Z</time>
        <speed>1.026</speed>
      </trkpt>
      <trkpt lat="50.5548252" lon="-2.4351119">
        <ele>112.2</ele>
        <time>2026-01-01T14:59:42.000Z</time>
        <speed>1.082</speed>
      </trkpt>
      <trkpt lat="50.5547750" lon="-2.4350797">
        <ele>112.8</ele>
        <time>2026-01-01T14:59:47.000Z</time>
        <speed>1.129</speed>
      </trkpt>
      <trkpt lat="50.5547098" lon="-2.4350751">
        <ele>112.8</ele>
        <time>2026-01-01T14:59:52.000Z</time>
        <speed>1.157</speed>
      </trkpt>
      <trkpt lat="50.5546443" lon="-2.4350770">
        <ele>114.0</ele>
        <time>2026-01-01T14:59:57.000Z</time>
        <speed>1.269</speed>
      </trkpt>
      <trkpt lat="50.5545854" lon="-2.4351124">
        <ele>114.2</ele>
        <time>2026-01-01T15:00:02.000Z</time>
        <speed>1.334</speed>
      </trkpt>
      <trkpt lat="50.5545351" lon="-2.4351262">
        <ele>114.8</ele>
        <time>2026-01-01T15:00:07.000Z</time>
        <speed>1.325</speed>
      </trkpt>
      <trkpt lat="50.5544864" lon="-2.4351633">
        <ele>115.4</ele>
        <time>2026-01-01T15:00:12.000Z</time>
        <speed>1.269</speed>
      </trkpt>
      <trkpt lat="50.5544433" lon="-2.4352280">
        <ele>115.6</ele>
        <time>2026-01-01T15:00:17.000Z</time>
        <speed>1.250</speed>
      </trkpt>
      <trkpt lat="50.5544143" lon="-2.4353268">
        <ele>115.8</ele>
        <time>2026-01-01T15:00:22.000Z</time>
        <speed>1.288</speed>
      </trkpt>
      <trkpt lat="50.5544002" lon="-2.4354331">
        <ele>115.8</ele>
        <time>2026-01-01T15:00:27.000Z</time>
        <speed>1.325</speed>
      </trkpt>
      <trkpt lat="50.5543842" lon="-2.4355336">
        <ele>116.0</ele>
        <time>2026-01-01T15:00:32.000Z</time>
        <speed>1.344</speed>
      </trkpt>
      <trkpt lat="50.5543820" lon="-2.4356428">
        <ele>116.0</ele>
        <time>2026-01-01T15:00:37.000Z</time>
        <speed>1.372</speed>
      </trkpt>
      <trkpt lat="50.5543694" lon="-2.4357441">
        <ele>116.2</ele>
        <time>2026-01-01T15:00:42.000Z</time>
        <speed>1.390</speed>
      </trkpt>
      <trkpt lat="50.5543697" lon="-2.4358530">
        <ele>116.2</ele>
        <time>2026-01-01T15:00:47.000Z</time>
        <speed>1.428</speed>
      </trkpt>
      <trkpt lat="50.5543552" lon="-2.4359622">
        <ele>116.6</ele>
        <time>2026-01-01T15:00:52.000Z</time>
        <speed>1.456</speed>
      </trkpt>
      <trkpt lat="50.5543535" lon="-2.4360661">
        <ele>116.6</ele>
        <time>2026-01-01T15:00:57.000Z</time>
        <speed>1.465</speed>
      </trkpt>
      <trkpt lat="50.5543534" lon="-2.4361775">
        <ele>116.6</ele>
        <time>2026-01-01T15:01:02.000Z</time>
        <speed>1.474</speed>
      </trkpt>
      <trkpt lat="50.5543453" lon="-2.4362826">
        <ele>116.6</ele>
        <time>2026-01-01T15:01:07.000Z</time>
        <speed>1.512</speed>
      </trkpt>
      <trkpt lat="50.5543400" lon="-2.4363931">
        <ele>116.6</ele>
        <time>2026-01-01T15:01:12.000Z</time>
        <speed>1.521</speed>
      </trkpt>
      <trkpt lat="50.5543567" lon="-2.4364898">
        <ele>116.6</ele>
        <time>2026-01-01T15:01:17.000Z</time>
        <speed>1.530</speed>
      </trkpt>
      <trkpt lat="50.5543675" lon="-2.4365870">
        <ele>116.6</ele>
        <time>2026-01-01T15:01:22.000Z</time>
        <speed>1.502</speed>
      </trkpt>
      <trkpt lat="50.5543752" lon="-2.4366924">
        <ele>116.2</ele>
        <time>2026-01-01T15:01:27.000Z</time>
        <speed>1.512</speed>
      </trkpt>
      <trkpt lat="50.5543911" lon="-2.4367817">
        <ele>115.4</ele>
        <time>2026-01-01T15:01:32.000Z</time>
        <speed>1.484</speed>
      </trkpt>
      <trkpt lat="50.5544030" lon="-2.4368663">
        <ele>114.8</ele>
        <time>2026-01-01T15:01:37.000Z</time>
        <speed>1.409</speed>
      </trkpt>
      <trkpt lat="50.5544135" lon="-2.4369610">
        <ele>113.8</ele>
        <time>2026-01-01T15:01:42.000Z</time>
        <speed>1.418</speed>
      </trkpt>
      <trkpt lat="50.5544250" lon="-2.4370469">
        <ele>112.8</ele>
        <time>2026-01-01T15:01:47.000Z</time>
        <speed>1.409</speed>
      </trkpt>
      <trkpt lat="50.5544300" lon="-2.4371530">
        <ele>111.6</ele>
        <time>2026-01-01T15:01:52.000Z</time>
        <speed>1.409</speed>
      </trkpt>
      <trkpt lat="50.5544335" lon="-2.4372492">
        <ele>111.8</ele>
        <time>2026-01-01T15:01:57.000Z</time>
        <speed>1.409</speed>
      </trkpt>
      <trkpt lat="50.5544427" lon="-2.4373531">
        <ele>111.0</ele>
        <time>2026-01-01T15:02:02.000Z</time>
        <speed>1.409</speed>
      </trkpt>
      <trkpt lat="50.5544535" lon="-2.4374631">
        <ele>110.2</ele>
        <time>2026-01-01T15:02:07.000Z</time>
        <speed>1.446</speed>
      </trkpt>
      <trkpt lat="50.5544732" lon="-2.4375726">
        <ele>109.6</ele>
        <time>2026-01-01T15:02:12.000Z</time>
        <speed>1.512</speed>
      </trkpt>
      <trkpt lat="50.5545120" lon="-2.4376584">
        <ele>109.4</ele>
        <time>2026-01-01T15:02:17.000Z</time>
        <speed>1.530</speed>
      </trkpt>
      <trkpt lat="50.5545530" lon="-2.4377368">
        <ele>109.6</ele>
        <time>2026-01-01T15:02:22.000Z</time>
        <speed>1.502</speed>
      </trkpt>
      <trkpt lat="50.5545990" lon="-2.4378135">
        <ele>110.0</ele>
        <time>2026-01-01T15:02:27.000Z</time>
        <speed>1.502</speed>
      </trkpt>
      <trkpt lat="50.5546633" lon="-2.4378435">
        <ele>110.8</ele>
        <time>2026-01-01T15:02:32.000Z</time>
        <speed>1.502</speed>
      </trkpt>
      <trkpt lat="50.5547281" lon="-2.4378418">
        <ele>111.0</ele>
        <time>2026-01-01T15:02:37.000Z</time>
        <speed>1.493</speed>
      </trkpt>
      <trkpt lat="50.5547922" lon="-2.4378288">
        <ele>110.4</ele>
        <time>2026-01-01T15:02:42.000Z</time>
        <speed>1.493</speed>
      </trkpt>
      <trkpt lat="50.5548528" lon="-2.4377905">
        <ele>110.4</ele>
        <time>2026-01-01T15:02:47.000Z</time>
        <speed>1.493</speed>
      </trkpt>
      <trkpt lat="50.5549115" lon="-2.4377725">
        <ele>110.0</ele>
        <time>2026-01-01T15:02:52.000Z</time>
        <speed>1.465</speed>
      </trkpt>
      <trkpt lat="50.5549777" lon="-2.4377553">
        <ele>110.4</ele>
        <time>2026-01-01T15:02:57.000Z</time>
        <speed>1.456</speed>
      </trkpt>
      <trkpt lat="50.5550301" lon="-2.4377321">
        <ele>110.2</ele>
        <time>2026-01-01T15:03:02.000Z</time>
        <speed>1.428</speed>
      </trkpt>
      <trkpt lat="50.5550863" lon="-2.4376864">
        <ele>111.0</ele>
        <time>2026-01-01T15:03:07.000Z</time>
        <speed>1.418</speed>
      </trkpt>
      <trkpt lat="50.5551385" lon="-2.4376428">
        <ele>112.6</ele>
        <time>2026-01-01T15:03:12.000Z</time>
        <speed>1.400</speed>
      </trkpt>
      <trkpt lat="50.5551902" lon="-2.4376001">
        <ele>113.0</ele>
        <time>2026-01-01T15:03:17.000Z</time>
        <speed>1.390</speed>
      </trkpt>
      <trkpt lat="50.5552307" lon="-2.4375643">
        <ele>113.2</ele>
        <time>2026-01-01T15:03:22.000Z</time>
        <speed>1.344</speed>
      </trkpt>
      <trkpt lat="50.5552772" lon="-2.4375587">
        <ele>113.4</ele>
        <time>2026-01-01T15:03:27.000Z</time>
        <speed>1.232</speed>
      </trkpt>
      <trkpt lat="50.5553270" lon="-2.4376076">
        <ele>114.2</ele>
        <time>2026-01-01T15:03:32.000Z</time>
        <speed>1.222</speed>
      </trkpt>
      <trkpt lat="50.5553766" lon="-2.4376327">
        <ele>114.8</ele>
        <time>2026-01-01T15:03:37.000Z</time>
        <speed>1.222</speed>
      </trkpt>
      <trkpt lat="50.5554213" lon="-2.4376521">
        <ele>115.6</ele>
        <time>2026-01-01T15:03:42.000Z</time>
        <speed>1.213</speed>
      </trkpt>
      <trkpt lat="50.5554589" lon="-2.4376813">
        <ele>117.0</ele>
        <time>2026-01-01T15:03:47.000Z</time>
        <speed>1.185</speed>
      </trkpt>
      <trkpt lat="50.5554827" lon="-2.4377302">
        <ele>118.0</ele>
        <time>2026-01-01T15:03:52.000Z</time>
        <speed>1.148</speed>
      </trkpt>
      <trkpt lat="50.5555014" lon="-2.4377841">
        <ele>119.0</ele>
        <time>2026-01-01T15:03:57.000Z</time>
        <speed>0.970</speed>
      </trkpt>
      <trkpt lat="50.5555245" lon="-2.4378361">
        <ele>120.6</ele>
        <time>2026-01-01T15:04:02.000Z</time>
        <speed>0.896</speed>
      </trkpt>
      <trkpt lat="50.5555545" lon="-2.4378949">
        <ele>120.8</ele>
        <time>2026-01-01T15:04:07.000Z</time>
        <speed>0.886</speed>
      </trkpt>
      <trkpt lat="50.5555812" lon="-2.4379551">
        <ele>121.4</ele>
        <time>2026-01-01T15:04:12.000Z</time>
        <speed>0.952</speed>
      </trkpt>
      <trkpt lat="50.5555989" lon="-2.4380339">
        <ele>121.8</ele>
        <time>2026-01-01T15:04:17.000Z</time>
        <speed>0.970</speed>
      </trkpt>
      <trkpt lat="50.5556211" lon="-2.4381141">
        <ele>121.8</ele>
        <time>2026-01-01T15:04:22.000Z</time>
        <speed>1.017</speed>
      </trkpt>
      <trkpt lat="50.5556833" lon="-2.4381345">
        <ele>122.0</ele>
        <time>2026-01-01T15:04:27.000Z</time>
        <speed>1.129</speed>
      </trkpt>
      <trkpt lat="50.5557308" lon="-2.4381763">
        <ele>122.2</ele>
        <time>2026-01-01T15:04:32.000Z</time>
        <speed>1.185</speed>
      </trkpt>
      <trkpt lat="50.5557850" lon="-2.4382154">
        <ele>122.4</ele>
        <time>2026-01-01T15:04:37.000Z</time>
        <speed>1.204</speed>
      </trkpt>
      <trkpt lat="50.5558421" lon="-2.4382692">
        <ele>123.4</ele>
        <time>2026-01-01T15:04:42.000Z</time>
        <speed>1.288</speed>
      </trkpt>
      <trkpt lat="50.5558894" lon="-2.4383081">
        <ele>123.8</ele>
        <time>2026-01-01T15:04:47.000Z</time>
        <speed>1.316</speed>
      </trkpt>
      <trkpt lat="50.5559307" lon="-2.4383217">
        <ele>124.4</ele>
        <time>2026-01-01T15:04:52.000Z</time>
        <speed>1.204</speed>
      </trkpt>
      <trkpt lat="50.5559607" lon="-2.4383085">
        <ele>124.2</ele>
        <time>2026-01-01T15:04:57.000Z</time>
        <speed>1.110</speed>
      </trkpt>
      <trkpt lat="50.5560148" lon="-2.4383121">
        <ele>124.4</ele>
        <time>2026-01-01T15:05:02.000Z</time>
        <speed>1.129</speed>
      </trkpt>
      <trkpt lat="50.5560623" lon="-2.4383080">
        <ele>124.4</ele>
        <time>2026-01-01T15:05:07.000Z</time>
        <speed>1.213</speed>
      </trkpt>
      <trkpt lat="50.5560846" lon="-2.4383557">
        <ele>125.4</ele>
        <time>2026-01-01T15:05:12.000Z</time>
        <speed>0.989</speed>
      </trkpt>
      <trkpt lat="50.5560909" lon="-2.4384383">
        <ele>125.6</ele>
        <time>2026-01-01T15:05:17.000Z</time>
        <speed>1.101</speed>
      </trkpt>
      <trkpt lat="50.5560723" lon="-2.4385306">
        <ele>125.6</ele>
        <time>2026-01-01T15:05:22.000Z</time>
        <speed>1.222</speed>
      </trkpt>
      <trkpt lat="50.5560448" lon="-2.4386203">
        <ele>125.0</ele>
        <time>2026-01-01T15:05:27.000Z</time>
        <speed>1.241</speed>
      </trkpt>
      <trkpt lat="50.5560270" lon="-2.4387194">
        <ele>124.2</ele>
        <time>2026-01-01T15:05:32.000Z</time>
        <speed>1.288</speed>
      </trkpt>
      <trkpt lat="50.5560201" lon="-2.4388104">
        <ele>124.4</ele>
        <time>2026-01-01T15:05:37.000Z</time>
        <speed>1.325</speed>
      </trkpt>
      <trkpt lat="50.5560316" lon="-2.4389140">
        <ele>124.4</ele>
        <time>2026-01-01T15:05:42.000Z</time>
        <speed>1.316</speed>
      </trkpt>
      <trkpt lat="50.5560788" lon="-2.4389912">
        <ele>124.8</ele>
        <time>2026-01-01T15:05:47.000Z</time>
        <speed>1.437</speed>
      </trkpt>
      <trkpt lat="50.5561240" lon="-2.4390728">
        <ele>124.2</ele>
        <time>2026-01-01T15:05:52.000Z</time>
        <speed>1.456</speed>
      </trkpt>
      <trkpt lat="50.5561693" lon="-2.4391466">
        <ele>124.4</ele>
        <time>2026-01-01T15:05:57.000Z</time>
        <speed>1.465</speed>
      </trkpt>
      <trkpt lat="50.5562225" lon="-2.4392133">
        <ele>124.6</ele>
        <time>2026-01-01T15:06:02.000Z</time>
        <speed>1.474</speed>
      </trkpt>
      <trkpt lat="50.5562783" lon="-2.4392792">
        <ele>125.0</ele>
        <time>2026-01-01T15:06:07.000Z</time>
        <speed>1.484</speed>
      </trkpt>
      <trkpt lat="50.5563299" lon="-2.4393419">
        <ele>125.0</ele>
        <time>2026-01-01T15:06:12.000Z</time>
        <speed>1.493</speed>
      </trkpt>
      <trkpt lat="50.5563839" lon="-2.4394076">
        <ele>124.8</ele>
        <time>2026-01-01T15:06:17.000Z</time>
        <speed>1.493</speed>
      </trkpt>
      <trkpt lat="50.5564337" lon="-2.4394707">
        <ele>125.2</ele>
        <time>2026-01-01T15:06:22.000Z</time>
        <speed>1.493</speed>
      </trkpt>
      <trkpt lat="50.5564856" lon="-2.4395150">
        <ele>125.4</ele>
        <time>2026-01-01T15:06:27.000Z</time>
        <speed>1.474</speed>
      </trkpt>
      <trkpt lat="50.5565385" lon="-2.4395394">
        <ele>125.6</ele>
        <time>2026-01-01T15:06:32.000Z</time>
        <speed>1.446</speed>
      </trkpt>
      <trkpt lat="50.5565680" lon="-2.4395678">
        <ele>125.6</ele>
        <time>2026-01-01T15:06:37.000Z</time>
        <speed>1.297</speed>
      </trkpt>
      <trkpt lat="50.5565917" lon="-2.4396626">
        <ele>125.2</ele>
        <time>2026-01-01T15:06:42.000Z</time>
        <speed>1.325</speed>
      </trkpt>
      <trkpt lat="50.5565988" lon="-2.4397537">
        <ele>125.6</ele>
        <time>2026-01-01T15:06:47.000Z</time>
        <speed>1.325</speed>
      </trkpt>
      <trkpt lat="50.5566004" lon="-2.4398511">
        <ele>125.4</ele>
        <time>2026-01-01T15:06:52.000Z</time>
        <speed>1.306</speed>
      </trkpt>
      <trkpt lat="50.5566235" lon="-2.4399050">
        <ele>124.8</ele>
        <time>2026-01-01T15:06:57.000Z</time>
        <speed>1.269</speed>
      </trkpt>
      <trkpt lat="50.5566374" lon="-2.4399024">
        <ele>125.4</ele>
        <time>2026-01-01T15:07:02.000Z</time>
        <speed>1.148</speed>
      </trkpt>
      <trkpt lat="50.5566351" lon="-2.4398905">
        <ele>125.6</ele>
        <time>2026-01-01T15:07:07.000Z</time>
        <speed>0.000</speed>
      </trkpt>
      <trkpt lat="50.5566341" lon="-2.4398859">
        <ele>124.8</ele>
        <time>2026-01-01T15:07:12.000Z</time>
        <speed>0.000</speed>
      </trkpt>
      <trkpt lat="50.5566305" lon="-2.4398993">
        <ele>124.4</ele>
        <time>2026-01-01T15:07:17.000Z</time>
        <speed>0.000</speed>
      </trkpt>
      <trkpt lat="50.5566383" lon="-2.4398992">
        <ele>124.2</ele>
        <time>2026-01-01T15:07:22.000Z</time>
        <speed>0.000</speed>
      </trkpt>
      <trkpt lat="50.5566297" lon="-2.4399023">
        <ele>124.2</ele>
        <time>2026-01-01T15:07:27.000Z</time>
        <speed>0.000</speed>
      </trkpt>
    </trkseg>
  </trk>
</gpx>
