<?xml version="1.0" encoding="UTF-8"?>
<gpx xmlns="http://www.topografix.com/GPX/1/0" xmlns:xsi="http://www.w3.org/2001/XMLSchema-instance" creator="GPS Wizard - https://github.com/Logiqx/gps-wizard" version="1.0" xsi:schemaLocation="http://www.topografix.com/GPX/1/0 http://www.topografix.com/GPX/1/0/gpx.xsd">
  <trk>
    <trkseg>
      <trkpt lat="50.5861109" lon="-2.4696401">
        <ele>2.8</ele>
        <time>2026-07-21T15:58:35.000Z</time>
        <speed>3.070</speed>
      </trkpt>
      <trkpt lat="50.5861101" lon="-2.4696414">
        <ele>3.2</ele>
        <time>2026-07-21T15:58:40.000Z</time>
        <speed>0.000</speed>
      </trkpt>
      <trkpt lat="50.5861095" lon="-2.4696414">
        <ele>3.4</ele>
        <time>2026-07-21T15:58:45.000Z</time>
        <speed>0.000</speed>
      </trkpt>
      <trkpt lat="50.5861100" lon="-2.4696422">
        <ele>3.2</ele>
        <time>2026-07-21T15:58:50.000Z</time>
        <speed>0.000</speed>
      </trkpt>
      <trkpt lat="50.5861216" lon="-2.4696393">
        <ele>3.4</ele>
        <time>2026-07-21T15:58:55.000Z</time>
        <speed>0.000</speed>
      </trkpt>
      <trkpt lat="50.5861743" lon="-2.4696181">
        <ele>3.2</ele>
        <time>2026-07-21T15:59:00.000Z</time>
        <speed>0.476</speed>
      </trkpt>
      <trkpt lat="50.5862224" lon="-2.4696025">
        <ele>2.8</ele>
        <time>2026-07-21T15:59:05.000Z</time>
        <speed>0.989</speed>
      </trkpt>
      <trkpt lat="50.5862734" lon="-2.4695853">
        <ele>3.2</ele>
        <time>2026-07-21T15:59:10.000Z</time>
        <speed>1.026</speed>
      </trkpt>
      <trkpt lat="50.5863203" lon="-2.4695616">
        <ele>3.2</ele>
        <time>2026-07-21T15:59:15.000Z</time>
        <speed>1.213</speed>
      </trkpt>
      <trkpt lat="50.5863725" lon="-2.4695377">
        <ele>3.0</ele>
        <time>2026-07-21T15:59:20.000Z</time>
        <speed>1.166</speed>
      </trkpt>
      <trkpt lat="50.5864288" lon="-2.4695033">
        <ele>3.6</ele>
        <time>2026-07-21T15:59:25.000Z</time>
        <speed>1.222</speed>
      </trkpt>
      <trkpt lat="50.5864749" lon="-2.4694803">
        <ele>3.6</ele>
        <time>2026-07-21T15:59:30.000Z</time>
        <speed>1.045</speed>
      </trkpt>
      <trkpt lat="50.5865235" lon="-2.4694595">
        <ele>3.8</ele>
        <time>2026-07-21T15:59:35.000Z</time>
        <speed>1.092</speed>
      </trkpt>
      <trkpt lat="50.5865756" lon="-2.4694301">
        <ele>4.0</ele>
        <time>2026-07-21T15:59:40.000Z</time>
        <speed>1.194</speed>
      </trkpt>
      <trkpt lat="50.5866183" lon="-2.4694051">
        <ele>2.8</ele>
        <time>2026-07-21T15:59:45.000Z</time>
        <speed>1.166</speed>
      </trkpt>
      <trkpt lat="50.5866835" lon="-2.4693748">
        <ele>3.8</ele>
        <time>2026-07-21T15:59:50.000Z</time>
        <speed>1.260</speed>
      </trkpt>
      <trkpt lat="50.5867318" lon="-2.4693588">
        <ele>4.0</ele>
        <time>2026-07-21T15:59:55.000Z</time>
        <speed>0.998</speed>
      </trkpt>
      <trkpt lat="50.5867864" lon="-2.4693363">
        <ele>4.0</ele>
        <time>2026-07-21T16:00:00.000Z</time>
        <speed>1.101</speed>
      </trkpt>
      <trkpt lat="50.5868353" lon="-2.4693129">
        <ele>4.2</ele>
        <time>2026-07-21T16:00:05.000Z</time>
        <speed>1.362</speed>
      </trkpt>
      <trkpt lat="50.5868942" lon="-2.4692816">
        <ele>4.0</ele>
        <time>2026-07-21T16:00:10.000Z</time>
        <speed>1.428</speed>
      </trkpt>
      <trkpt lat="50.5869458" lon="-2.4692606">
        <ele>3.4</ele>
        <time>2026-07-21T16:00:15.000Z</time>
        <speed>1.101</speed>
      </trkpt>
      <trkpt lat="50.5869969" lon="-2.4692222">
        <ele>3.8</ele>
        <time>2026-07-21T16:00:20.000Z</time>
        <speed>1.157</speed>
      </trkpt>
      <trkpt lat="50.5870431" lon="-2.4691863">
        <ele>4.6</ele>
        <time>2026-07-21T16:00:25.000Z</time>
        <speed>1.110</speed>
      </trkpt>
      <trkpt lat="50.5870860" lon="-2.4691406">
        <ele>4.8</ele>
        <time>2026-07-21T16:00:30.000Z</time>
        <speed>1.213</speed>
      </trkpt>
      <trkpt lat="50.5871342" lon="-2.4690939">
        <ele>4.8</ele>
        <time>2026-07-21T16:00:35.000Z</time>
        <speed>1.493</speed>
      </trkpt>
      <trkpt lat="50.5871867" lon="-2.4690603">
        <ele>5.0</ele>
        <time>2026-07-21T16:00:40.000Z</time>
        <speed>1.390</speed>
      </trkpt>
      <trkpt lat="50.5872405" lon="-2.4690290">
        <ele>4.8</ele>
        <time>2026-07-21T16:00:45.000Z</time>
        <speed>1.306</speed>
      </trkpt>
      <trkpt lat="50.5872911" lon="-2.4690080">
        <ele>5.2</ele>
        <time>2026-07-21T16:00:50.000Z</time>
        <speed>1.316</speed>
      </trkpt>
      <trkpt lat="50.5873326" lon="-2.4689817">
        <ele>4.8</ele>
        <time>2026-07-21T16:00:55.000Z</time>
        <speed>1.260</speed>
      </trkpt>
      <trkpt lat="50.5873902" lon="-2.4689515">
        <ele>5.0</ele>
        <time>2026-07-21T16:01:00.000Z</time>
        <speed>1.241</speed>
      </trkpt>
      <trkpt lat="50.5874470" lon="-2.4689230">
        <ele>5.0</ele>
        <time>2026-07-21T16:01:05.000Z</time>
        <speed>1.260</speed>
      </trkpt>
      <trkpt lat="50.5875014" lon="-2.4688961">
        <ele>5.2</ele>
        <time>2026-07-21T16:01:10.000Z</time>
        <speed>1.269</speed>
      </trkpt>
      <trkpt lat="50.5875505" lon="-2.4688753">
        <ele>5.0</ele>
        <time>2026-07-21T16:01:15.000Z</time>
        <speed>1.260</speed>
      </trkpt>
      <trkpt lat="50.5876077" lon="-2.4688706">
        <ele>5.0</ele>
        <time>2026-07-21T16:01:20.000Z</time>
        <speed>1.241</speed>
      </trkpt>
      <trkpt lat="50.5876558" lon="-2.4688491">
        <ele>5.0</ele>
        <time>2026-07-21T16:01:25.000Z</time>
        <speed>1.269</speed>
      </trkpt>
      <trkpt lat="50.5877129" lon="-2.4688252">
        <ele>5.2</ele>
        <time>2026-07-21T16:01:30.000Z</time>
        <speed>1.222</speed>
      </trkpt>
      <trkpt lat="50.5877792" lon="-2.4687965">
        <ele>5.8</ele>
        <time>2026-07-21T16:01:35.000Z</time>
        <speed>1.288</speed>
      </trkpt>
      <trkpt lat="50.5878242" lon="-2.4687711">
        <ele>5.8</ele>
        <time>2026-07-21T16:01:40.000Z</time>
        <speed>1.297</speed>
      </trkpt>
      <trkpt lat="50.5878800" lon="-2.4687355">
        <ele>5.6</ele>
        <time>2026-07-21T16:01:45.000Z</time>
        <speed>1.278</speed>
      </trkpt>
      <trkpt lat="50.5879443" lon="-2.4687092">
        <ele>6.0</ele>
        <time>2026-07-21T16:01:50.000Z</time>
        <speed>1.316</speed>
      </trkpt>
      <trkpt lat="50.5880005" lon="-2.4686832">
        <ele>5.8</ele>
        <time>2026-07-21T16:01:55.000Z</time>
        <speed>1.353</speed>
      </trkpt>
      <trkpt lat="50.5880606" lon="-2.4686461">
        <ele>6.4</ele>
        <time>2026-07-21T16:02:00.000Z</time>
        <speed>1.334</speed>
      </trkpt>
      <trkpt lat="50.5881187" lon="-2.4686206">
        <ele>6.4</ele>
        <time>2026-07-21T16:02:05.000Z</time>
        <speed>1.362</speed>
      </trkpt>
      <trkpt lat="50.5881757" lon="-2.4685856">
        <ele>6.6</ele>
        <time>2026-07-21T16:02:10.000Z</time>
        <speed>1.372</speed>
      </trkpt>
      <trkpt lat="50.5882329" lon="-2.4685606">
        <ele>6.8</ele>
        <time>2026-07-21T16:02:15.000Z</time>
        <speed>1.362</speed>
      </trkpt>
      <trkpt lat="50.5882922" lon="-2.4685370">
        <ele>6.8</ele>
        <time>2026-07-21T16:02:20.000Z</time>
        <speed>1.362</speed>
      </trkpt>
      <trkpt lat="50.5883516" lon="-2.4685088">
        <ele>6.8</ele>
        <time>2026-07-21T16:02:25.000Z</time>
        <speed>1.344</speed>
      </trkpt>
      <trkpt lat="50.5884066" lon="-2.4684855">
        <ele>7.0</ele>
        <time>2026-07-21T16:02:30.000Z</time>
        <speed>1.362</speed>
      </trkpt>
      <trkpt lat="50.5884614" lon="-2.4684510">
        <ele>7.0</ele>
        <time>2026-07-21T16:02:35.000Z</time>
        <speed>1.353</speed>
      </trkpt>
      <trkpt lat="50.5885240" lon="-2.4684265">
        <ele>7.2</ele>
        <time>2026-07-21T16:02:40.000Z</time>
        <speed>1.353</speed>
      </trkpt>
      <trkpt lat="50.5885794" lon="-2.4683980">
        <ele>7.4</ele>
        <time>2026-07-21T16:02:45.000Z</time>
        <speed>1.362</speed>
      </trkpt>
      <trkpt lat="50.5886308" lon="-2.4683743">
        <ele>6.8</ele>
        <time>2026-07-21T16:02:50.000Z</time>
        <speed>1.362</speed>
      </trkpt>
      <trkpt lat="50.5886899" lon="-2.4683417">
        <ele>7.8</ele>
        <time>2026-07-21T16:02:55.000Z</time>
        <speed>1.344</speed>
      </trkpt>
      <trkpt lat="50.5887493" lon="-2.4683132">
        <ele>7.8</ele>
        <time>2026-07-21T16:03:00.000Z</time>
        <speed>1.344</speed>
      </trkpt>
      <trkpt lat="50.5888040" lon="-2.4682807">
        <ele>7.8</ele>
        <time>2026-07-21T16:03:05.000Z</time>
        <speed>1.353</speed>
      </trkpt>
      <trkpt lat="50.5888652" lon="-2.4682554">
        <ele>8.0</ele>
        <time>2026-07-21T16:03:10.000Z</time>
        <speed>1.353</speed>
      </trkpt>
      <trkpt lat="50.5889307" lon="-2.4682214">
        <ele>8.2</ele>
        <time>2026-07-21T16:03:15.000Z</time>
        <speed>1.372</speed>
      </trkpt>
      <trkpt lat="50.5889879" lon="-2.4681951">
        <ele>8.0</ele>
        <time>2026-07-21T16:03:20.000Z</time>
        <speed>1.362</speed>
      </trkpt>
      <trkpt lat="50.5890454" lon="-2.4681541">
        <ele>8.0</ele>
        <time>2026-07-21T16:03:25.000Z</time>
        <speed>1.390</speed>
      </trkpt>
      <trkpt lat="50.5891077" lon="-2.4681282">
        <ele>8.4</ele>
        <time>2026-07-21T16:03:30.000Z</time>
        <speed>1.409</speed>
      </trkpt>
      <trkpt lat="50.5891700" lon="-2.4680973">
        <ele>8.4</ele>
        <time>2026-07-21T16:03:35.000Z</time>
        <speed>1.418</speed>
      </trkpt>
      <trkpt lat="50.5892340" lon="-2.4680676">
        <ele>8.6</ele>
        <time>2026-07-21T16:03:40.000Z</time>
        <speed>1.437</speed>
      </trkpt>
      <trkpt lat="50.5892913" lon="-2.4680460">
        <ele>8.6</ele>
        <time>2026-07-21T16:03:45.000Z</time>
        <speed>1.418</speed>
      </trkpt>
      <trkpt lat="50.5893545" lon="-2.4680148">
        <ele>8.6</ele>
        <time>2026-07-21T16:03:50.000Z</time>
        <speed>1.428</speed>
      </trkpt>
      <trkpt lat="50.5894096" lon="-2.4679818">
        <ele>9.0</ele>
        <time>2026-07-21T16:03:55.000Z</time>
        <speed>1.409</speed>
      </trkpt>
      <trkpt lat="50.5894689" lon="-2.4679464">
        <ele>9.0</ele>
        <time>2026-07-21T16:04:00.000Z</time>
        <speed>1.400</speed>
      </trkpt>
      <trkpt lat="50.5895280" lon="-2.4679230">
        <ele>9.0</ele>
        <time>2026-07-21T16:04:05.000Z</time>
        <speed>1.400</speed>
      </trkpt>
      <trkpt lat="50.5895850" lon="-2.4678922">
        <ele>8.8</ele>
        <time>2026-07-21T16:04:10.000Z</time>
        <speed>1.409</speed>
      </trkpt>
      <trkpt lat="50.5896475" lon="-2.4678663">
        <ele>8.8</ele>
        <time>2026-07-21T16:04:15.000Z</time>
        <speed>1.390</speed>
      </trkpt>
      <trkpt lat="50.5897052" lon="-2.4678283">
        <ele>9.4</ele>
        <time>2026-07-21T16:04:20.000Z</time>
        <speed>1.400</speed>
      </trkpt>
      <trkpt lat="50.5897610" lon="-2.4678096">
        <ele>9.8</ele>
        <time>2026-07-21T16:04:25.000Z</time>
        <speed>1.381</speed>
      </trkpt>
      <trkpt lat="50.5898155" lon="-2.4677794">
        <ele>9.2</ele>
        <time>2026-07-21T16:04:30.000Z</time>
        <speed>1.381</speed>
      </trkpt>
      <trkpt lat="50.5898719" lon="-2.4677475">
        <ele>9.2</ele>
        <time>2026-07-21T16:04:35.000Z</time>
        <speed>1.353</speed>
      </trkpt>
      <trkpt lat="50.5899336" lon="-2.4677138">
        <ele>9.8</ele>
        <time>2026-07-21T16:04:40.000Z</time>
        <speed>1.372</speed>
      </trkpt>
      <trkpt lat="50.5899952" lon="-2.4676854">
        <ele>10.0</ele>
        <time>2026-07-21T16:04:45.000Z</time>
        <speed>1.372</speed>
      </trkpt>
      <trkpt lat="50.5900550" lon="-2.4676523">
        <ele>9.8</ele>
        <time>2026-07-21T16:04:50.000Z</time>
        <speed>1.400</speed>
      </trkpt>
      <trkpt lat="50.5901115" lon="-2.4676242">
        <ele>10.0</ele>
        <time>2026-07-21T16:04:55.000Z</time>
        <speed>1.390</speed>
      </trkpt>
      <trkpt lat="50.5901712" lon="-2.4675937">
        <ele>10.2</ele>
        <time>2026-07-21T16:05:00.000Z</time>
        <speed>1.381</speed>
      </trkpt>
      <trkpt lat="50.5902331" lon="-2.4675600">
        <ele>10.2</ele>
        <time>2026-07-21T16:05:05.000Z</time>
        <speed>1.390</speed>
      </trkpt>
      <trkpt lat="50.5902915" lon="-2.4675320">
        <ele>10.2</ele>
        <time>2026-07-21T16:05:10.000Z</time>
        <speed>1.400</speed>
      </trkpt>
      <trkpt lat="50.5903478" lon="-2.4675044">
        <ele>10.4</ele>
        <time>2026-07-21T16:05:15.000Z</time>
        <speed>1.381</speed>
      </trkpt>
      <trkpt lat="50.5904113" lon="-2.4674768">
        <ele>10.4</ele>
        <time>2026-07-21T16:05:20.000Z</time>
        <speed>1.390</speed>
      </trkpt>
      <trkpt lat="50.5904692" lon="-2.4674471">
        <ele>10.4</ele>
        <time>2026-07-21T16:05:25.000Z</time>
        <speed>1.400</speed>
      </trkpt>
      <trkpt lat="50.5905334" lon="-2.4674182">
        <ele>10.4</ele>
        <time>2026-07-21T16:05:30.000Z</time>
        <speed>1.400</speed>
      </trkpt>
      <trkpt lat="50.5905887" lon="-2.4673970">
        <ele>10.4</ele>
        <time>2026-07-21T16:05:35.000Z</time>
        <speed>1.381</speed>
      </trkpt>
      <trkpt lat="50.5906509" lon="-2.4673751">
        <ele>10.6</ele>
        <time>2026-07-21T16:05:40.000Z</time>
        <speed>1.390</speed>
      </trkpt>
      <trkpt lat="50.5907064" lon="-2.4673641">
        <ele>10.6</ele>
        <time>2026-07-21T16:05:45.000Z</time>
        <speed>1.390</speed>
      </trkpt>
      <trkpt lat="50.5907631" lon="-2.4673457">
        <ele>10.6</ele>
        <time>2026-07-21T16:05:50.000Z</time>
        <speed>1.372</speed>
      </trkpt>
      <trkpt lat="50.5908291" lon="-2.4673169">
        <ele>10.6</ele>
        <time>2026-07-21T16:05:55.000Z</time>
        <speed>1.362</speed>
      </trkpt>
      <trkpt lat="50.5908956" lon="-2.4672785">
        <ele>10.6</ele>
        <time>2026-07-21T16:06:00.000Z</time>
        <speed>1.400</speed>
      </trkpt>
      <trkpt lat="50.5909592" lon="-2.4672521">
        <ele>10.6</ele>
        <time>2026-07-21T16:06:05.000Z</time>
        <speed>1.409</speed>
      </trkpt>
      <trkpt lat="50.5910156" lon="-2.4672188">
        <ele>10.8</ele>
        <time>2026-07-21T16:06:10.000Z</time>
        <speed>1.418</speed>
      </trkpt>
      <trkpt lat="50.5910758" lon="-2.4671961">
        <ele>11.0</ele>
        <time>2026-07-21T16:06:15.000Z</time>
        <speed>1.409</speed>
      </trkpt>
      <trkpt lat="50.5911263" lon="-2.4671648">
        <ele>10.8</ele>
        <time>2026-07-21T16:06:20.000Z</time>
        <speed>1.400</speed>
      </trkpt>
      <trkpt lat="50.5911903" lon="-2.4671297">
        <ele>10.2</ele>
        <time>2026-07-21T16:06:25.000Z</time>
        <speed>1.390</speed>
      </trkpt>
      <trkpt lat="50.5912538" lon="-2.4671026">
        <ele>11.0</ele>
        <time>2026-07-21T16:06:30.000Z</time>
        <speed>1.381</speed>
      </trkpt>
      <trkpt lat="50.5913176" lon="-2.4670734">
        <ele>11.0</ele>
        <time>2026-07-21T16:06:35.000Z</time>
        <speed>1.400</speed>
      </trkpt>
      <trkpt lat="50.5913735" lon="-2.4670514">
        <ele>11.0</ele>
        <time>2026-07-21T16:06:40.000Z</time>
        <speed>1.400</speed>
      </trkpt>
      <trkpt lat="50.5914366" lon="-2.4670224">
        <ele>11.0</ele>
        <time>2026-07-21T16:06:45.000Z</time>
        <speed>1.418</speed>
      </trkpt>
      <trkpt lat="50.5914909" lon="-2.4670007">
        <ele>10.8</ele>
        <time>2026-07-21T16:06:50.000Z</time>
        <speed>1.400</speed>
      </trkpt>
      <trkpt lat="50.5915531" lon="-2.4669686">
        <ele>11.0</ele>
        <time>2026-07-21T16:06:55.000Z</time>
        <speed>1.409</speed>
      </trkpt>
      <trkpt lat="50.5916114" lon="-2.4669488">
        <ele>10.8</ele>
        <time>2026-07-21T16:07:00.000Z</time>
        <speed>1.400</speed>
      </trkpt>
      <trkpt lat="50.5916731" lon="-2.4669152">
        <ele>11.0</ele>
        <time>2026-07-21T16:07:05.000Z</time>
        <speed>1.400</speed>
      </trkpt>
      <trkpt lat="50.5917265" lon="-2.4668967">
        <ele>10.8</ele>
        <time>2026-07-21T16:07:10.000Z</time>
        <speed>1.400</speed>
      </trkpt>
      <trkpt lat="50.5917874" lon="-2.4668622">
        <ele>10.4</ele>
        <time>2026-07-21T16:07:15.000Z</time>
        <speed>1.381</speed>
      </trkpt>
      <trkpt lat="50.5918490" lon="-2.4668400">
        <ele>11.0</ele>
        <time>2026-07-21T16:07:20.000Z</time>
        <speed>1.390</speed>
      </trkpt>
      <trkpt lat="50.5919082" lon="-2.4667975">
        <ele>11.2</ele>
        <time>2026-07-21T16:07:25.000Z</time>
        <speed>1.400</speed>
      </trkpt>
      <trkpt lat="50.5919606" lon="-2.4667601">
        <ele>11.6</ele>
        <time>2026-07-21T16:07:30.000Z</time>
        <speed>1.390</speed>
      </trkpt>
      <trkpt lat="50.5920194" lon="-2.4667181">
        <ele>11.6</ele>
        <time>2026-07-21T16:07:35.000Z</time>
        <speed>1.390</speed>
      </trkpt>
      <trkpt lat="50.5920770" lon="-2.4666862">
        <ele>11.8</ele>
        <time>2026-07-21T16:07:40.000Z</time>
        <speed>1.390</speed>
      </trkpt>
      <trkpt lat="50.5921370" lon="-2.4666450">
        <ele>11.8</ele>
        <time>2026-07-21T16:07:45.000Z</time>
        <speed>1.390</speed>
      </trkpt>
      <trkpt lat="50.5921959" lon="-2.4666129">
        <ele>12.0</ele>
        <time>2026-07-21T16:07:50.000Z</time>
        <speed>1.400</speed>
      </trkpt>
      <trkpt lat="50.5922503" lon="-2.4665732">
        <ele>11.8</ele>
        <time>2026-07-21T16:07:55.000Z</time>
        <speed>1.390</speed>
      </trkpt>
      <trkpt lat="50.5923118" lon="-2.4665233">
        <ele>11.8</ele>
        <time>2026-07-21T16:08:00.000Z</time>
        <speed>1.409</speed>
      </trkpt>
      <trkpt lat="50.5923693" lon="-2.4664858">
        <ele>11.8</ele>
        <time>2026-07-21T16:08:05.000Z</time>
        <speed>1.400</speed>
      </trkpt>
      <trkpt lat="50.5924280" lon="-2.4664345">
        <ele>11.8</ele>
        <time>2026-07-21T16:08:10.000Z</time>
        <speed>1.409</speed>
      </trkpt>
      <trkpt lat="50.5924874" lon="-2.4663928">
        <ele>11.8</ele>
        <time>2026-07-21T16:08:15.000Z</time>
        <speed>1.418</speed>
      </trkpt>
      <trkpt lat="50.5925420" lon="-2.4663546">
        <ele>11.8</ele>
        <time>2026-07-21T16:08:20.000Z</time>
        <speed>1.418</speed>
      </trkpt>
      <trkpt lat="50.5925936" lon="-2.4663131">
        <ele>11.8</ele>
        <time>2026-07-21T16:08:25.000Z</time>
        <speed>1.409</speed>
      </trkpt>
      <trkpt lat="50.5926521" lon="-2.4662743">
        <ele>12.0</ele>
        <time>2026-07-21T16:08:30.000Z</time>
        <speed>1.390</speed>
      </trkpt>
      <trkpt lat="50.5927167" lon="-2.4662199">
        <ele>12.2</ele>
        <time>2026-07-21T16:08:35.000Z</time>
        <speed>1.409</speed>
      </trkpt>
      <trkpt lat="50.5927721" lon="-2.4661718">
        <ele>12.4</ele>
        <time>2026-07-21T16:08:40.000Z</time>
        <speed>1.428</speed>
      </trkpt>
      <trkpt lat="50.5928230" lon="-2.4661131">
        <ele>12.4</ele>
        <time>2026-07-21T16:08:45.000Z</time>
        <speed>1.446</speed>
      </trkpt>
      <trkpt lat="50.5928794" lon="-2.4660661">
        <ele>12.4</ele>
        <time>2026-07-21T16:08:50.000Z</time>
        <speed>1.456</speed>
      </trkpt>
      <trkpt lat="50.5929282" lon="-2.4660118">
        <ele>12.8</ele>
        <time>2026-07-21T16:08:55.000Z</time>
        <speed>1.446</speed>
      </trkpt>
      <trkpt lat="50.5929842" lon="-2.4659568">
        <ele>12.6</ele>
        <time>2026-07-21T16:09:00.000Z</time>
        <speed>1.428</speed>
      </trkpt>
      <trkpt lat="50.5930336" lon="-2.4659043">
        <ele>12.8</ele>
        <time>2026-07-21T16:09:05.000Z</time>
        <speed>1.418</speed>
      </trkpt>
      <trkpt lat="50.5930858" lon="-2.4658478">
        <ele>12.8</ele>
        <time>2026-07-21T16:09:10.000Z</time>
        <speed>1.418</speed>
      </trkpt>
      <trkpt lat="50.5931364" lon="-2.4657996">
        <ele>13.0</ele>
        <time>2026-07-21T16:09:15.000Z</time>
        <speed>1.409</speed>
      </trkpt>
      <trkpt lat="50.5931925" lon="-2.4657363">
        <ele>13.0</ele>
        <time>2026-07-21T16:09:20.000Z</time>
        <speed>1.418</speed>
      </trkpt>
      <trkpt lat="50.5932461" lon="-2.4656803">
        <ele>13.4</ele>
        <time>2026-07-21T16:09:25.000Z</time>
        <speed>1.428</speed>
      </trkpt>
      <trkpt lat="50.5933016" lon="-2.4656264">
        <ele>13.4</ele>
        <time>2026-07-21T16:09:30.000Z</time>
        <speed>1.428</speed>
      </trkpt>
      <trkpt lat="50.5933555" lon="-2.4655778">
        <ele>13.4</ele>
        <time>2026-07-21T16:09:35.000Z</time>
        <speed>1.428</speed>
      </trkpt>
      <trkpt lat="50.5934065" lon="-2.4655258">
        <ele>13.6</ele>
        <time>2026-07-21T16:09:40.000Z</time>
        <speed>1.409</speed>
      </trkpt>
      <trkpt lat="50.5934545" lon="-2.4654753">
        <ele>13.6</ele>
        <time>2026-07-21T16:09:45.000Z</time>
        <speed>1.418</speed>
      </trkpt>
      <trkpt lat="50.5934989" lon="-2.4654285">
        <ele>13.0</ele>
        <time>2026-07-21T16:09:50.000Z</time>
        <speed>1.400</speed>
      </trkpt>
      <trkpt lat="50.5935488" lon="-2.4653736">
        <ele>12.8</ele>
        <time>2026-07-21T16:09:55.000Z</time>
        <speed>1.390</speed>
      </trkpt>
      <trkpt lat="50.5935982" lon="-2.4653196">
        <ele>13.2</ele>
        <time>2026-07-21T16:10:00.000Z</time>
        <speed>1.381</speed>
      </trkpt>
      <trkpt lat="50.5936586" lon="-2.4652550">
        <ele>13.6</ele>
        <time>2026-07-21T16:10:05.000Z</time>
        <speed>1.390</speed>
      </trkpt>
      <trkpt lat="50.5937126" lon="-2.4651887">
        <ele>13.8</ele>
        <time>2026-07-21T16:10:10.000Z</time>
        <speed>1.418</speed>
      </trkpt>
      <trkpt lat="50.5937639" lon="-2.4651341">
        <ele>13.8</ele>
        <time>2026-07-21T16:10:15.000Z</time>
        <speed>1.418</speed>
      </trkpt>
      <trkpt lat="50.5938142" lon="-2.4650689">
        <ele>13.8</ele>
        <time>2026-07-21T16:10:20.000Z</time>
        <speed>1.418</speed>
      </trkpt>
      <trkpt lat="50.5938641" lon="-2.4650098">
        <ele>14.0</ele>
        <time>2026-07-21T16:10:25.000Z</time>
        <speed>1.418</speed>
      </trkpt>
      <trkpt lat="50.5939131" lon="-2.4649537">
        <ele>14.0</ele>
        <time>2026-07-21T16:10:30.000Z</time>
        <speed>1.418</speed>
      </trkpt>
      <trkpt lat="50.5939632" lon="-2.4648889">
        <ele>14.0</ele>
        <time>2026-07-21T16:10:35.000Z</time>
        <speed>1.418</speed>
      </trkpt>
      <trkpt lat="50.5940133" lon="-2.4648343">
        <ele>13.8</ele>
        <time>2026-07-21T16:10:40.000Z</time>
        <speed>1.409</speed>
      </trkpt>
      <trkpt lat="50.5940645" lon="-2.4647746">
        <ele>13.6</ele>
        <time>2026-07-21T16:10:45.000Z</time>
        <speed>1.400</speed>
      </trkpt>
      <trkpt lat="50.5941189" lon="-2.4647176">
        <ele>13.6</ele>
        <time>2026-07-21T16:10:50.000Z</time>
        <speed>1.400</speed>
      </trkpt>
      <trkpt lat="50.5941674" lon="-2.4646548">
        <ele>13.6</ele>
        <time>2026-07-21T16:10:55.000Z</time>
        <speed>1.409</speed>
      </trkpt>
      <trkpt lat="50.5942082" lon="-2.4645819">
        <ele>13.8</ele>
        <time>2026-07-21T16:11:00.000Z</time>
        <speed>1.409</speed>
      </trkpt>
      <trkpt lat="50.5942500" lon="-2.4645165">
        <ele>14.0</ele>
        <time>2026-07-21T16:11:05.000Z</time>
        <speed>1.400</speed>
      </trkpt>
      <trkpt lat="50.5942925" lon="-2.4644517">
        <ele>13.4</ele>
        <time>2026-07-21T16:11:10.000Z</time>
        <speed>1.390</speed>
      </trkpt>
      <trkpt lat="50.5943389" lon="-2.4643846">
        <ele>13.6</ele>
        <time>2026-07-21T16:11:15.000Z</time>
        <speed>1.390</speed>
      </trkpt>
      <trkpt lat="50.5943943" lon="-2.4643217">
        <ele>14.0</ele>
        <time>2026-07-21T16:11:20.000Z</time>
        <speed>1.381</speed>
      </trkpt>
      <trkpt lat="50.5944418" lon="-2.4642537">
        <ele>14.6</ele>
        <time>2026-07-21T16:11:25.000Z</time>
        <speed>1.400</speed>
      </trkpt>
      <trkpt lat="50.5944875" lon="-2.4641907">
        <ele>14.6</ele>
        <time>2026-07-21T16:11:30.000Z</time>
        <speed>1.390</speed>
      </trkpt>
      <trkpt lat="50.5945314" lon="-2.4641106">
        <ele>14.6</ele>
        <time>2026-07-21T16:11:35.000Z</time>
        <speed>1.418</speed>
      </trkpt>
      <trkpt lat="50.5945761" lon="-2.4640408">
        <ele>14.6</ele>
        <time>2026-07-21T16:11:40.000Z</time>
        <speed>1.418</speed>
      </trkpt>
      <trkpt lat="50.5946194" lon="-2.4639686">
        <ele>14.6</ele>
        <time>2026-07-21T16:11:45.000Z</time>
        <speed>1.418</speed>
      </trkpt>
      <trkpt lat="50.5946620" lon="-2.4639099">
        <ele>14.8</ele>
        <time>2026-07-21T16:11:50.000Z</time>
        <speed>1.400</speed>
      </trkpt>
      <trkpt lat="50.5947007" lon="-2.4638344">
        <ele>15.0</ele>
        <time>2026-07-21T16:11:55.000Z</time>
        <speed>1.390</speed>
      </trkpt>
      <trkpt lat="50.5947399" lon="-2.4637727">
        <ele>15.0</ele>
        <time>2026-07-21T16:12:00.000Z</time>
        <speed>1.372</speed>
      </trkpt>
      <trkpt lat="50.5947815" lon="-2.4637026">
        <ele>14.8</ele>
        <time>2026-07-21T16:12:05.000Z</time>
        <speed>1.372</speed>
      </trkpt>
      <trkpt lat="50.5948254" lon="-2.4636351">
        <ele>15.2</ele>
        <time>2026-07-21T16:12:10.000Z</time>
        <speed>1.353</speed>
      </trkpt>
      <trkpt lat="50.5948696" lon="-2.4635584">
        <ele>15.2</ele>
        <time>2026-07-21T16:12:15.000Z</time>
        <speed>1.381</speed>
      </trkpt>
      <trkpt lat="50.5949117" lon="-2.4634968">
        <ele>15.6</ele>
        <time>2026-07-21T16:12:20.000Z</time>
        <speed>1.362</speed>
      </trkpt>
      <trkpt lat="50.5949532" lon="-2.4634172">
        <ele>15.6</ele>
        <time>2026-07-21T16:12:25.000Z</time>
        <speed>1.372</speed>
      </trkpt>
      <trkpt lat="50.5949990" lon="-2.4633543">
        <ele>15.6</ele>
        <time>2026-07-21T16:12:30.000Z</time>
        <speed>1.372</speed>
      </trkpt>
      <trkpt lat="50.5950424" lon="-2.4632781">
        <ele>15.6</ele>
        <time>2026-07-21T16:12:35.000Z</time>
        <speed>1.372</speed>
      </trkpt>
      <trkpt lat="50.5950909" lon="-2.4632114">
        <ele>15.8</ele>
        <time>2026-07-21T16:12:40.000Z</time>
        <speed>1.372</speed>
      </trkpt>
      <trkpt lat="50.5951378" lon="-2.4631403">
        <ele>15.8</ele>
        <time>2026-07-21T16:12:45.000Z</time>
        <speed>1.372</speed>
      </trkpt>
      <trkpt lat="50.5951702" lon="-2.4630893">
        <ele>16.2</ele>
        <time>2026-07-21T16:12:50.000Z</time>
        <speed>1.381</speed>
      </trkpt>
      <trkpt lat="50.5951786" lon="-2.4630807">
        <ele>16.0</ele>
        <time>2026-07-21T16:12:55.000Z</time>
        <speed>1.260</speed>
      </trkpt>
      <trkpt lat="50.5952208" lon="-2.4630207">
        <ele>15.8</ele>
        <time>2026-07-21T16:13:00.000Z</time>
        <speed>1.540</speed>
      </trkpt>
      <trkpt lat="50.5952641" lon="-2.4629669">
        <ele>16.4</ele>
        <time>2026-07-21T16:13:05.000Z</time>
        <speed>1.129</speed>
      </trkpt>
      <trkpt lat="50.5953084" lon="-2.4628858">
        <ele>16.4</ele>
        <time>2026-07-21T16:13:10.000Z</time>
        <speed>1.400</speed>
      </trkpt>
      <trkpt lat="50.5953556" lon="-2.4628239">
        <ele>16.6</ele>
        <time>2026-07-21T16:13:15.000Z</time>
        <speed>1.372</speed>
      </trkpt>
      <trkpt lat="50.5954074" lon="-2.4627570">
        <ele>16.0</ele>
        <time>2026-07-21T16:13:20.000Z</time>
        <speed>1.381</speed>
      </trkpt>
      <trkpt lat="50.5954543" lon="-2.4626970">
        <ele>16.8</ele>
        <time>2026-07-21T16:13:25.000Z</time>
        <speed>1.409</speed>
      </trkpt>
      <trkpt lat="50.5954954" lon="-2.4626322">
        <ele>17.0</ele>
        <time>2026-07-21T16:13:30.000Z</time>
        <speed>1.390</speed>
      </trkpt>
      <trkpt lat="50.5955382" lon="-2.4625824">
        <ele>16.8</ele>
        <time>2026-07-21T16:13:35.000Z</time>
        <speed>1.316</speed>
      </trkpt>
      <trkpt lat="50.5955878" lon="-2.4625222">
        <ele>16.4</ele>
        <time>2026-07-21T16:13:40.000Z</time>
        <speed>1.288</speed>
      </trkpt>
      <trkpt lat="50.5956442" lon="-2.4624638">
        <ele>17.2</ele>
        <time>2026-07-21T16:13:45.000Z</time>
        <speed>1.344</speed>
      </trkpt>
      <trkpt lat="50.5956941" lon="-2.4624017">
        <ele>17.2</ele>
        <time>2026-07-21T16:13:50.000Z</time>
        <speed>1.344</speed>
      </trkpt>
      <trkpt lat="50.5957482" lon="-2.4623286">
        <ele>16.8</ele>
        <time>2026-07-21T16:13:55.000Z</time>
        <speed>1.381</speed>
      </trkpt>
      <trkpt lat="50.5957880" lon="-2.4622561">
        <ele>17.6</ele>
        <time>2026-07-21T16:14:00.000Z</time>
        <speed>1.409</speed>
      </trkpt>
      <trkpt lat="50.5957669" lon="-2.4621711">
        <ele>17.2</ele>
        <time>2026-07-21T16:14:05.000Z</time>
        <speed>1.418</speed>
      </trkpt>
      <trkpt lat="50.5957389" lon="-2.4620784">
        <ele>16.4</ele>
        <time>2026-07-21T16:14:10.000Z</time>
        <speed>1.428</speed>
      </trkpt>
      <trkpt lat="50.5957419" lon="-2.4620055">
        <ele>15.4</ele>
        <time>2026-07-21T16:14:15.000Z</time>
        <speed>1.372</speed>
      </trkpt>
      <trkpt lat="50.5957752" lon="-2.4619401">
        <ele>15.4</ele>
        <time>2026-07-21T16:14:20.000Z</time>
        <speed>1.334</speed>
      </trkpt>
      <trkpt lat="50.5958094" lon="-2.4618742">
        <ele>15.8</ele>
        <time>2026-07-21T16:14:25.000Z</time>
        <speed>1.278</speed>
      </trkpt>
      <trkpt lat="50.5958351" lon="-2.4618095">
        <ele>16.0</ele>
        <time>2026-07-21T16:14:30.000Z</time>
        <speed>1.250</speed>
      </trkpt>
      <trkpt lat="50.5958103" lon="-2.4617424">
        <ele>16.2</ele>
        <time>2026-07-21T16:14:35.000Z</time>
        <speed>1.232</speed>
      </trkpt>
      <trkpt lat="50.5957800" lon="-2.4616901">
        <ele>16.2</ele>
        <time>2026-07-21T16:14:40.000Z</time>
        <speed>1.166</speed>
      </trkpt>
      <trkpt lat="50.5957540" lon="-2.4616549">
        <ele>15.4</ele>
        <time>2026-07-21T16:14:45.000Z</time>
        <speed>1.045</speed>
      </trkpt>
      <trkpt lat="50.5957187" lon="-2.4616095">
        <ele>15.0</ele>
        <time>2026-07-21T16:14:50.000Z</time>
        <speed>1.017</speed>
      </trkpt>
      <trkpt lat="50.5957010" lon="-2.4616199">
        <ele>15.2</ele>
        <time>2026-07-21T16:14:55.000Z</time>
        <speed>0.961</speed>
      </trkpt>
      <trkpt lat="50.5957009" lon="-2.4616215">
        <ele>15.2</ele>
        <time>2026-07-21T16:15:00.000Z</time>
        <speed>0.000</speed>
      </trkpt>
      <trkpt lat="50.5957009" lon="-2.4616180">
        <ele>15.2</ele>
        <time>2026-07-21T16:15:05.000Z</time>
        <speed>0.000</speed>
      </trkpt>
      <trkpt lat="50.5957009" lon="-2.4616147">
        <ele>15.2</ele>
        <time>2026-07-21T16:15:10.000Z</time>
        <speed>0.000</speed>
      </trkpt>
      <trkpt lat="50.5957001" lon="-2.4616099">
        <ele>15.2</ele>
        <time>2026-07-21T16:15:15.000Z</time>
        <speed>0.000</speed>
      </trkpt>
      <trkpt lat="50.5956786" lon="-2.4616005">
        <ele>14.6</ele>
        <time>2026-07-21T16:15:20.000Z</time>
        <speed>0.000</speed>
      </trkpt>
      <trkpt lat="50.5956498" lon="-2.4615876">
        <ele>14.4</ele>
        <time>2026-07-21T16:15:25.000Z</time>
        <speed>0.401</speed>
      </trkpt>
      <trkpt lat="50.5956338" lon="-2.4615789">
        <ele>14.6</ele>
        <time>2026-07-21T16:15:30.000Z</time>
        <speed>0.000</speed>
      </trkpt>
      <trkpt lat="50.5956324" lon="-2.4615675">
        <ele>15.2</ele>
        <time>2026-07-21T16:15:35.000Z</time>
        <speed>0.000</speed>
      </trkpt>
      <trkpt lat="50.5956252" lon="-2.4615160">
        <ele>15.2</ele>
        <time>2026-07-21T16:15:40.000Z</time>
        <speed>0.000</speed>
      </trkpt>
      <trkpt lat="50.5956103" lon="-2.4614594">
        <ele>15.2</ele>
        <time>2026-07-21T16:15:45.000Z</time>
        <speed>0.606</speed>
      </trkpt>
      <trkpt lat="50.5955832" lon="-2.4614087">
        <ele>15.2</ele>
        <time>2026-07-21T16:15:50.000Z</time>
        <speed>0.942</speed>
      </trkpt>
      <trkpt lat="50.5955614" lon="-2.4613666">
        <ele>15.2</ele>
        <time>2026-07-21T16:15:55.000Z</time>
        <speed>0.989</speed>
      </trkpt>
      <trkpt lat="50.5955584" lon="-2.4613440">
        <ele>14.8</ele>
        <time>2026-07-21T16:16:00.000Z</time>
        <speed>0.896</speed>
      </trkpt>
      <trkpt lat="50.5955584" lon="-2.4613433">
        <ele>14.8</ele>
        <time>2026-07-21T16:16:05.000Z</time>
        <speed>0.000</speed>
      </trkpt>
      <trkpt lat="50.5955579" lon="-2.4613439">
        <ele>14.8</ele>
        <time>2026-07-21T16:16:10.000Z</time>
        <speed>0.000</speed>
      </trkpt>
      <trkpt lat="50.5955555" lon="-2.4613459">
        <ele>14.6</ele>
        <time>2026-07-21T16:16:15.000Z</time>
        <speed>0.000</speed>
      </trkpt>
      <trkpt lat="50.5955551" lon="-2.4613470">
        <ele>15.0</ele>
        <time>2026-07-21T16:16:20.000Z</time>
        <speed>0.000</speed>
      </trkpt>
      <trkpt lat="50.5955549" lon="-2.4613482">
        <ele>14.8</ele>
        <time>2026-07-21T16:16:25.000Z</time>
        <speed>0.000</speed>
      </trkpt>
      <trkpt lat="50.5955546" lon="-2.4613494">
        <ele>14.8</ele>
        <time>2026-07-21T16:16:30.000Z</time>
        <speed>0.000</speed>
      </trkpt>
      <trkpt lat="50.5955545" lon="-2.4613506">
        <ele>14.8</ele>
        <time>2026-07-21T16:16:35.000Z</time>
        <speed>0.000</speed>
      </trkpt>
      <trkpt lat="50.5955545" lon="-2.4613517">
        <ele>15.0</ele>
        <time>2026-07-21T16:16:40.000Z</time>
        <speed>0.000</speed>
      </trkpt>
      <trkpt lat="50.5955544" lon="-2.4613529">
        <ele>15.0</ele>
        <time>2026-07-21T16:16:45.000Z</time>
        <speed>0.000</speed>
      </trkpt>
      <trkpt lat="50.5955543" lon="-2.4613539">
        <ele>14.8</ele>
        <time>2026-07-21T16:16:50.000Z</time>
        <speed>0.000</speed>
      </trkpt>
      <trkpt lat="50.5955541" lon="-2.4613548">
        <ele>14.8</ele>
        <time>2026-07-21T16:16:55.000Z</time>
        <speed>0.000</speed>
      </trkpt>
      <trkpt lat="50.5955540" lon="-2.4613557">
        <ele>14.8</ele>
        <time>2026-07-21T16:17:00.000Z</time>
        <speed>0.000</speed>
      </trkpt>
      <trkpt lat="50.5955538" lon="-2.4613563">
        <ele>15.0</ele>
        <time>2026-07-21T16:17:05.000Z</time>
        <speed>0.000</speed>
      </trkpt>
      <trkpt lat="50.5955532" lon="-2.4613565">
        <ele>14.8</ele>
        <time>2026-07-21T16:17:10.000Z</time>
        <speed>0.000</speed>
      </trkpt>
      <trkpt lat="50.5955524" lon="-2.4613567">
        <ele>15.0</ele>
        <time>2026-07-21T16:17:15.000Z</time>
        <speed>0.000</speed>
      </trkpt>
      <trkpt lat="50.5955640" lon="-2.4613719">
        <ele>14.8</ele>
        <time>2026-07-21T16:17:20.000Z</time>
        <speed>0.000</speed>
      </trkpt>
      <trkpt lat="50.5955983" lon="-2.4614257">
        <ele>15.2</ele>
        <time>2026-07-21T16:17:25.000Z</time>
        <speed>0.821</speed>
      </trkpt>
      <trkpt lat="50.5956304" lon="-2.4614984">
        <ele>15.4</ele>
        <time>2026-07-21T16:17:30.000Z</time>
        <speed>1.437</speed>
      </trkpt>
      <trkpt lat="50.5956501" lon="-2.4615653">
        <ele>15.6</ele>
        <time>2026-07-21T16:17:35.000Z</time>
        <speed>1.316</speed>
      </trkpt>
      <trkpt lat="50.5956940" lon="-2.4615868">
        <ele>15.4</ele>
        <time>2026-07-21T16:17:40.000Z</time>
        <speed>1.232</speed>
      </trkpt>
      <trkpt lat="50.5957288" lon="-2.4616307">
        <ele>15.6</ele>
        <time>2026-07-21T16:17:45.000Z</time>
        <speed>1.166</speed>
      </trkpt>
      <trkpt lat="50.5957406" lon="-2.4616450">
        <ele>15.6</ele>
        <time>2026-07-21T16:17:50.000Z</time>
        <speed>0.774</speed>
      </trkpt>
      <trkpt lat="50.5957406" lon="-2.4616451">
        <ele>15.4</ele>
        <time>2026-07-21T16:17:55.000Z</time>
        <speed>0.000</speed>
      </trkpt>
      <trkpt lat="50.5957415" lon="-2.4616477">
        <ele>15.4</ele>
        <time>2026-07-21T16:18:00.000Z</time>
        <speed>0.000</speed>
      </trkpt>
      <trkpt lat="50.5957410" lon="-2.4616474">
        <ele>15.6</ele>
        <time>2026-07-21T16:18:05.000Z</time>
        <speed>0.000</speed>
      </trkpt>
      <trkpt lat="50.5957407" lon="-2.4616469">
        <ele>15.6</ele>
        <time>2026-07-21T16:18:10.000Z</time>
        <speed>0.000</speed>
      </trkpt>
      <trkpt lat="50.5957407" lon="-2.4616473">
        <ele>15.6</ele>
        <time>2026-07-21T16:18:15.000Z</time>
        <speed>0.000</speed>
      </trkpt>
      <trkpt lat="50.5957508" lon="-2.4616660">
        <ele>15.4</ele>
        <time>2026-07-21T16:18:20.000Z</time>
        <speed>0.000</speed>
      </trkpt>
      <trkpt lat="50.5957752" lon="-2.4617067">
        <ele>16.0</ele>
        <time>2026-07-21T16:18:25.000Z</time>
        <speed>0.000</speed>
      </trkpt>
      <trkpt lat="50.5958072" lon="-2.4617495">
        <ele>16.8</ele>
        <time>2026-07-21T16:18:30.000Z</time>
        <speed>0.634</speed>
      </trkpt>
      <trkpt lat="50.5958400" lon="-2.4617782">
        <ele>16.6</ele>
        <time>2026-07-21T16:18:35.000Z</time>
        <speed>0.868</speed>
      </trkpt>
      <trkpt lat="50.5958860" lon="-2.4617549">
        <ele>16.8</ele>
        <time>2026-07-21T16:18:40.000Z</time>
        <speed>1.054</speed>
      </trkpt>
      <trkpt lat="50.5959004" lon="-2.4617396">
        <ele>16.8</ele>
        <time>2026-07-21T16:18:45.000Z</time>
        <speed>0.952</speed>
      </trkpt>
      <trkpt lat="50.5959466" lon="-2.4616919">
        <ele>17.6</ele>
        <time>2026-07-21T16:18:50.000Z</time>
        <speed>1.101</speed>
      </trkpt>
      <trkpt lat="50.5959877" lon="-2.4616258">
        <ele>17.6</ele>
        <time>2026-07-21T16:18:55.000Z</time>
        <speed>1.344</speed>
      </trkpt>
      <trkpt lat="50.5960259" lon="-2.4615901">
        <ele>18.0</ele>
        <time>2026-07-21T16:19:00.000Z</time>
        <speed>1.250</speed>
      </trkpt>
      <trkpt lat="50.5960671" lon="-2.4615345">
        <ele>18.6</ele>
        <time>2026-07-21T16:19:05.000Z</time>
        <speed>1.250</speed>
      </trkpt>
      <trkpt lat="50.5960969" lon="-2.4614746">
        <ele>18.8</ele>
        <time>2026-07-21T16:19:10.000Z</time>
        <speed>1.232</speed>
      </trkpt>
      <trkpt lat="50.5961088" lon="-2.4613989">
        <ele>18.8</ele>
        <time>2026-07-21T16:19:15.000Z</time>
        <speed>1.222</speed>
      </trkpt>
      <trkpt lat="50.5960688" lon="-2.4613369">
        <ele>19.2</ele>
        <time>2026-07-21T16:19:20.000Z</time>
        <speed>1.241</speed>
      </trkpt>
      <trkpt lat="50.5960542" lon="-2.4613184">
        <ele>19.2</ele>
        <time>2026-07-21T16:19:25.000Z</time>
        <speed>1.213</speed>
      </trkpt>
      <trkpt lat="50.5960785" lon="-2.4613162">
        <ele>19.2</ele>
        <time>2026-07-21T16:19:30.000Z</time>
        <speed>1.082</speed>
      </trkpt>
      <trkpt lat="50.5960941" lon="-2.4613353">
        <ele>19.2</ele>
        <time>2026-07-21T16:19:35.000Z</time>
        <speed>0.000</speed>
      </trkpt>
      <trkpt lat="50.5961492" lon="-2.4613460">
        <ele>19.0</ele>
        <time>2026-07-21T16:19:40.000Z</time>
        <speed>0.439</speed>
      </trkpt>
      <trkpt lat="50.5961953" lon="-2.4613009">
        <ele>19.2</ele>
        <time>2026-07-21T16:19:45.000Z</time>
        <speed>1.428</speed>
      </trkpt>
      <trkpt lat="50.5962273" lon="-2.4612558">
        <ele>19.4</ele>
        <time>2026-07-21T16:19:50.000Z</time>
        <speed>1.222</speed>
      </trkpt>
      <trkpt lat="50.5962284" lon="-2.4612545">
        <ele>20.0</ele>
        <time>2026-07-21T16:19:55.000Z</time>
        <speed>0.000</speed>
      </trkpt>
      <trkpt lat="50.5962361" lon="-2.4612534">
        <ele>19.6</ele>
        <time>2026-07-21T16:20:00.000Z</time>
        <speed>0.000</speed>
      </trkpt>
      <trkpt lat="50.5962737" lon="-2.4612352">
        <ele>20.0</ele>
        <time>2026-07-21T16:20:05.000Z</time>
        <speed>0.000</speed>
      </trkpt>
      <trkpt lat="50.5963307" lon="-2.4612020">
        <ele>20.2</ele>
        <time>2026-07-21T16:20:10.000Z</time>
        <speed>1.017</speed>
      </trkpt>
      <trkpt lat="50.5963785" lon="-2.4611591">
        <ele>20.4</ele>
        <time>2026-07-21T16:20:15.000Z</time>
        <speed>1.325</speed>
      </trkpt>
      <trkpt lat="50.5964240" lon="-2.4611214">
        <ele>20.4</ele>
        <time>2026-07-21T16:20:20.000Z</time>
        <speed>1.269</speed>
      </trkpt>
      <trkpt lat="50.5964709" lon="-2.4610839">
        <ele>20.4</ele>
        <time>2026-07-21T16:20:25.000Z</time>
        <speed>1.269</speed>
      </trkpt>
      <trkpt lat="50.5965139" lon="-2.4610498">
        <ele>20.4</ele>
        <time>2026-07-21T16:20:30.000Z</time>
        <speed>1.232</speed>
      </trkpt>
      <trkpt lat="50.5965659" lon="-2.4610138">
        <ele>20.6</ele>
        <time>2026-07-21T16:20:35.000Z</time>
        <speed>1.241</speed>
      </trkpt>
      <trkpt lat="50.5966183" lon="-2.4609772">
        <ele>20.8</ele>
        <time>2026-07-21T16:20:40.000Z</time>
        <speed>1.278</speed>
      </trkpt>
      <trkpt lat="50.5966726" lon="-2.4609338">
        <ele>20.8</ele>
        <time>2026-07-21T16:20:45.000Z</time>
        <speed>1.306</speed>
      </trkpt>
      <trkpt lat="50.5967179" lon="-2.4608928">
        <ele>20.6</ele>
        <time>2026-07-21T16:20:50.000Z</time>
        <speed>1.288</speed>
      </trkpt>
      <trkpt lat="50.5967640" lon="-2.4608516">
        <ele>20.8</ele>
        <time>2026-07-21T16:20:55.000Z</time>
        <speed>1.288</speed>
      </trkpt>
      <trkpt lat="50.5968139" lon="-2.4608099">
        <ele>20.6</ele>
        <time>2026-07-21T16:21:00.000Z</time>
        <speed>1.288</speed>
      </trkpt>
      <trkpt lat="50.5968609" lon="-2.4607692">
        <ele>20.6</ele>
        <time>2026-07-21T16:21:05.000Z</time>
        <speed>1.269</speed>
      </trkpt>
      <trkpt lat="50.5969139" lon="-2.4607403">
        <ele>20.6</ele>
        <time>2026-07-21T16:21:10.000Z</time>
        <speed>1.250</speed>
      </trkpt>
      <trkpt lat="50.5969630" lon="-2.4607024">
        <ele>20.4</ele>
        <time>2026-07-21T16:21:15.000Z</time>
        <speed>1.260</speed>
      </trkpt>
      <trkpt lat="50.5970100" lon="-2.4606625">
        <ele>20.2</ele>
        <time>2026-07-21T16:21:20.000Z</time>
        <speed>1.241</speed>
      </trkpt>
      <trkpt lat="50.5970532" lon="-2.4606150">
        <ele>20.4</ele>
        <time>2026-07-21T16:21:25.000Z</time>
        <speed>1.241</speed>
      </trkpt>
      <trkpt lat="50.5971033" lon="-2.4605726">
        <ele>20.0</ele>
        <time>2026-07-21T16:21:30.000Z</time>
        <speed>1.241</speed>
      </trkpt>
      <trkpt lat="50.5971462" lon="-2.4605395">
        <ele>19.6</ele>
        <time>2026-07-21T16:21:35.000Z</time>
        <speed>1.204</speed>
      </trkpt>
      <trkpt lat="50.5971946" lon="-2.4605094">
        <ele>19.0</ele>
        <time>2026-07-21T16:21:40.000Z</time>
        <speed>1.194</speed>
      </trkpt>
      <trkpt lat="50.5972503" lon="-2.4604905">
        <ele>18.4</ele>
        <time>2026-07-21T16:21:45.000Z</time>
        <speed>1.204</speed>
      </trkpt>
      <trkpt lat="50.5973002" lon="-2.4604729">
        <ele>17.8</ele>
        <time>2026-07-21T16:21:50.000Z</time>
        <speed>1.185</speed>
      </trkpt>
      <trkpt lat="50.5973541" lon="-2.4604570">
        <ele>17.2</ele>
        <time>2026-07-21T16:21:55.000Z</time>
        <speed>1.176</speed>
      </trkpt>
      <trkpt lat="50.5974010" lon="-2.4604403">
        <ele>16.6</ele>
        <time>2026-07-21T16:22:00.000Z</time>
        <speed>1.148</speed>
      </trkpt>
      <trkpt lat="50.5974371" lon="-2.4604237">
        <ele>15.6</ele>
        <time>2026-07-21T16:22:05.000Z</time>
        <speed>1.120</speed>
      </trkpt>
      <trkpt lat="50.5974437" lon="-2.4604010">
        <ele>14.6</ele>
        <time>2026-07-21T16:22:10.000Z</time>
        <speed>1.054</speed>
      </trkpt>
      <trkpt lat="50.5974592" lon="-2.4603502">
        <ele>14.4</ele>
        <time>2026-07-21T16:22:15.000Z</time>
        <speed>0.000</speed>
      </trkpt>
      <trkpt lat="50.5974806" lon="-2.4602939">
        <ele>13.6</ele>
        <time>2026-07-21T16:22:20.000Z</time>
        <speed>0.000</speed>
      </trkpt>
      <trkpt lat="50.5974953" lon="-2.4602502">
        <ele>12.6</ele>
        <time>2026-07-21T16:22:25.000Z</time>
        <speed>0.802</speed>
      </trkpt>
      <trkpt lat="50.5975022" lon="-2.4602014">
        <ele>12.2</ele>
        <time>2026-07-21T16:22:30.000Z</time>
        <speed>0.709</speed>
      </trkpt>
      <trkpt lat="50.5975135" lon="-2.4601700">
        <ele>12.0</ele>
        <time>2026-07-21T16:22:35.000Z</time>
        <speed>0.681</speed>
      </trkpt>
      <trkpt lat="50.5975144" lon="-2.4601673">
        <ele>12.0</ele>
        <time>2026-07-21T16:22:40.000Z</time>
        <speed>0.523</speed>
      </trkpt>
      <trkpt lat="50.5975206" lon="-2.4601364">
        <ele>12.0</ele>
        <time>2026-07-21T16:22:45.000Z</time>
        <speed>0.830</speed>
      </trkpt>
      <trkpt lat="50.5975352" lon="-2.4600938">
        <ele>11.8</ele>
        <time>2026-07-21T16:22:50.000Z</time>
        <speed>0.000</speed>
      </trkpt>
      <trkpt lat="50.5975630" lon="-2.4600457">
        <ele>11.6</ele>
        <time>2026-07-21T16:22:55.000Z</time>
        <speed>0.000</speed>
      </trkpt>
      <trkpt lat="50.5975875" lon="-2.4599976">
        <ele>11.2</ele>
        <time>2026-07-21T16:23:00.000Z</time>
        <speed>0.989</speed>
      </trkpt>
      <trkpt lat="50.5975996" lon="-2.4599473">
        <ele>10.6</ele>
        <time>2026-07-21T16:23:05.000Z</time>
        <speed>0.840</speed>
      </trkpt>
      <trkpt lat="50.5976190" lon="-2.4598750">
        <ele>9.6</ele>
        <time>2026-07-21T16:23:10.000Z</time>
        <speed>0.905</speed>
      </trkpt>
      <trkpt lat="50.5976322" lon="-2.4598112">
        <ele>9.2</ele>
        <time>2026-07-21T16:23:15.000Z</time>
        <speed>1.036</speed>
      </trkpt>
      <trkpt lat="50.5976405" lon="-2.4597313">
        <ele>8.8</ele>
        <time>2026-07-21T16:23:20.000Z</time>
        <speed>1.064</speed>
      </trkpt>
      <trkpt lat="50.5976379" lon="-2.4596669">
        <ele>9.6</ele>
        <time>2026-07-21T16:23:25.000Z</time>
        <speed>1.120</speed>
      </trkpt>
      <trkpt lat="50.5976417" lon="-2.4596079">
        <ele>8.8</ele>
        <time>2026-07-21T16:23:30.000Z</time>
        <speed>0.905</speed>
      </trkpt>
      <trkpt lat="50.5976618" lon="-2.4595627">
        <ele>8.4</ele>
        <time>2026-07-21T16:23:35.000Z</time>
        <speed>0.924</speed>
      </trkpt>
      <trkpt lat="50.5976716" lon="-2.4595546">
        <ele>8.8</ele>
        <time>2026-07-21T16:23:40.000Z</time>
        <speed>0.746</speed>
      </trkpt>
      <trkpt lat="50.5976796" lon="-2.4595577">
        <ele>8.6</ele>
        <time>2026-07-21T16:23:45.000Z</time>
        <speed>0.000</speed>
      </trkpt>
      <trkpt lat="50.5976844" lon="-2.4595580">
        <ele>8.4</ele>
        <time>2026-07-21T16:23:50.000Z</time>
        <speed>0.000</speed>
      </trkpt>
      <trkpt lat="50.5976829" lon="-2.4595492">
        <ele>8.6</ele>
        <time>2026-07-21T16:23:55.000Z</time>
        <speed>0.000</speed>
      </trkpt>
      <trkpt lat="50.5976738" lon="-2.4595361">
        <ele>8.8</ele>
        <time>2026-07-21T16:24:00.000Z</time>
        <speed>0.000</speed>
      </trkpt>
      <trkpt lat="50.5976504" lon="-2.4595288">
        <ele>7.8</ele>
        <time>2026-07-21T16:24:05.000Z</time>
        <speed>0.000</speed>
      </trkpt>
      <trkpt lat="50.5976210" lon="-2.4595189">
        <ele>6.2</ele>
        <time>2026-07-21T16:24:10.000Z</time>
        <speed>0.271</speed>
      </trkpt>
      <trkpt lat="50.5975959" lon="-2.4595112">
        <ele>5.2</ele>
        <time>2026-07-21T16:24:15.000Z</time>
        <speed>0.476</speed>
      </trkpt>
      <trkpt lat="50.5975684" lon="-2.4594967">
        <ele>3.4</ele>
        <time>2026-07-21T16:24:20.000Z</time>
        <speed>0.532</speed>
      </trkpt>
      <trkpt lat="50.5975366" lon="-2.4594596">
        <ele>2.4</ele>
        <time>2026-07-21T16:24:25.000Z</time>
        <speed>0.000</speed>
      </trkpt>
      <trkpt lat="50.5975115" lon="-2.4594083">
        <ele>2.2</ele>
        <time>2026-07-21T16:24:30.000Z</time>
        <speed>0.000</speed>
      </trkpt>
      <trkpt lat="50.5974934" lon="-2.4593617">
        <ele>2.0</ele>
        <time>2026-07-21T16:24:35.000Z</time>
        <speed>0.970</speed>
      </trkpt>
      <trkpt lat="50.5974877" lon="-2.4593109">
        <ele>2.0</ele>
        <time>2026-07-21T16:24:40.000Z</time>
        <speed>0.905</speed>
      </trkpt>
      <trkpt lat="50.5975084" lon="-2.4592646">
        <ele>1.6</ele>
        <time>2026-07-21T16:24:45.000Z</time>
        <speed>0.905</speed>
      </trkpt>
      <trkpt lat="50.5975430" lon="-2.4592226">
        <ele>1.6</ele>
        <time>2026-07-21T16:24:50.000Z</time>
        <speed>0.933</speed>
      </trkpt>
      <trkpt lat="50.5975799" lon="-2.4591774">
        <ele>1.4</ele>
        <time>2026-07-21T16:24:55.000Z</time>
        <speed>1.026</speed>
      </trkpt>
      <trkpt lat="50.5976150" lon="-2.4591320">
        <ele>1.8</ele>
        <time>2026-07-21T16:25:00.000Z</time>
        <speed>1.110</speed>
      </trkpt>
      <trkpt lat="50.5976431" lon="-2.4590758">
        <ele>1.4</ele>
        <time>2026-07-21T16:25:05.000Z</time>
        <speed>1.120</speed>
      </trkpt>
      <trkpt lat="50.5976783" lon="-2.4590268">
        <ele>1.8</ele>
        <time>2026-07-21T16:25:10.000Z</time>
        <speed>1.073</speed>
      </trkpt>
      <trkpt lat="50.5977103" lon="-2.4589724">
        <ele>1.8</ele>
        <time>2026-07-21T16:25:15.000Z</time>
        <speed>1.092</speed>
      </trkpt>
      <trkpt lat="50.5977380" lon="-2.4589094">
        <ele>2.0</ele>
        <time>2026-07-21T16:25:20.000Z</time>
        <speed>1.026</speed>
      </trkpt>
      <trkpt lat="50.5977635" lon="-2.4588414">
        <ele>2.0</ele>
        <time>2026-07-21T16:25:25.000Z</time>
        <speed>1.092</speed>
      </trkpt>
      <trkpt lat="50.5977850" lon="-2.4587697">
        <ele>2.0</ele>
        <time>2026-07-21T16:25:30.000Z</time>
        <speed>1.129</speed>
      </trkpt>
      <trkpt lat="50.5978099" lon="-2.4586981">
        <ele>1.8</ele>
        <time>2026-07-21T16:25:35.000Z</time>
        <speed>1.138</speed>
      </trkpt>
      <trkpt lat="50.5978229" lon="-2.4586212">
        <ele>1.8</ele>
        <time>2026-07-21T16:25:40.000Z</time>
        <speed>1.101</speed>
      </trkpt>
      <trkpt lat="50.5978415" lon="-2.4585539">
        <ele>1.6</ele>
        <time>2026-07-21T16:25:45.000Z</time>
        <speed>1.120</speed>
      </trkpt>
      <trkpt lat="50.5978570" lon="-2.4584793">
        <ele>1.6</ele>
        <time>2026-07-21T16:25:50.000Z</time>
        <speed>1.110</speed>
      </trkpt>
      <trkpt lat="50.5978763" lon="-2.4584043">
        <ele>2.2</ele>
        <time>2026-07-21T16:25:55.000Z</time>
        <speed>1.110</speed>
      </trkpt>
      <trkpt lat="50.5978951" lon="-2.4583268">
        <ele>2.0</ele>
        <time>2026-07-21T16:26:00.000Z</time>
        <speed>1.101</speed>
      </trkpt>
      <trkpt lat="50.5979092" lon="-2.4582518">
        <ele>2.0</ele>
        <time>2026-07-21T16:26:05.000Z</time>
        <speed>1.138</speed>
      </trkpt>
      <trkpt lat="50.5979240" lon="-2.4581802">
        <ele>2.2</ele>
        <time>2026-07-21T16:26:10.000Z</time>
        <speed>1.120</speed>
      </trkpt>
      <trkpt lat="50.5979443" lon="-2.4581110">
        <ele>2.4</ele>
        <time>2026-07-21T16:26:15.000Z</time>
        <speed>1.120</speed>
      </trkpt>
      <trkpt lat="50.5979589" lon="-2.4580420">
        <ele>2.4</ele>
        <time>2026-07-21T16:26:20.000Z</time>
        <speed>1.120</speed>
      </trkpt>
      <trkpt lat="50.5979821" lon="-2.4579728">
        <ele>2.4</ele>
        <time>2026-07-21T16:26:25.000Z</time>
        <speed>1.120</speed>
      </trkpt>
      <trkpt lat="50.5980200" lon="-2.4579281">
        <ele>2.4</ele>
        <time>2026-07-21T16:26:30.000Z</time>
        <speed>1.092</speed>
      </trkpt>
      <trkpt lat="50.5980434" lon="-2.4578649">
        <ele>2.6</ele>
        <time>2026-07-21T16:26:35.000Z</time>
        <speed>1.138</speed>
      </trkpt>
      <trkpt lat="50.5980731" lon="-2.4578029">
        <ele>2.4</ele>
        <time>2026-07-21T16:26:40.000Z</time>
        <speed>1.120</speed>
      </trkpt>
      <trkpt lat="50.5981024" lon="-2.4577362">
        <ele>2.0</ele>
        <time>2026-07-21T16:26:45.000Z</time>
        <speed>1.120</speed>
      </trkpt>
      <trkpt lat="50.5981321" lon="-2.4576761">
        <ele>2.4</ele>
        <time>2026-07-21T16:26:50.000Z</time>
        <speed>1.120</speed>
      </trkpt>
      <trkpt lat="50.5981572" lon="-2.4576103">
        <ele>2.6</ele>
        <time>2026-07-21T16:26:55.000Z</time>
        <speed>1.120</speed>
      </trkpt>
      <trkpt lat="50.5981792" lon="-2.4575432">
        <ele>2.6</ele>
        <time>2026-07-21T16:27:00.000Z</time>
        <speed>1.129</speed>
      </trkpt>
      <trkpt lat="50.5981991" lon="-2.4574755">
        <ele>2.6</ele>
        <time>2026-07-21T16:27:05.000Z</time>
        <speed>1.101</speed>
      </trkpt>
      <trkpt lat="50.5982152" lon="-2.4574038">
        <ele>2.6</ele>
        <time>2026-07-21T16:27:10.000Z</time>
        <speed>1.073</speed>
      </trkpt>
      <trkpt lat="50.5982326" lon="-2.4573299">
        <ele>2.6</ele>
        <time>2026-07-21T16:27:15.000Z</time>
        <speed>1.092</speed>
      </trkpt>
      <trkpt lat="50.5982466" lon="-2.4572574">
        <ele>2.6</ele>
        <time>2026-07-21T16:27:20.000Z</time>
        <speed>1.092</speed>
      </trkpt>
      <trkpt lat="50.5982662" lon="-2.4571966">
        <ele>2.6</ele>
        <time>2026-07-21T16:27:25.000Z</time>
        <speed>1.082</speed>
      </trkpt>
      <trkpt lat="50.5982878" lon="-2.4571240">
        <ele>2.6</ele>
        <time>2026-07-21T16:27:30.000Z</time>
        <speed>1.064</speed>
      </trkpt>
      <trkpt lat="50.5983097" lon="-2.4570523">
        <ele>2.4</ele>
        <time>2026-07-21T16:27:35.000Z</time>
        <speed>1.073</speed>
      </trkpt>
      <trkpt lat="50.5983318" lon="-2.4569762">
        <ele>2.4</ele>
        <time>2026-07-21T16:27:40.000Z</time>
        <speed>1.082</speed>
      </trkpt>
      <trkpt lat="50.5983605" lon="-2.4569144">
        <ele>2.4</ele>
        <time>2026-07-21T16:27:45.000Z</time>
        <speed>1.101</speed>
      </trkpt>
      <trkpt lat="50.5983927" lon="-2.4568576">
        <ele>2.6</ele>
        <time>2026-07-21T16:27:50.000Z</time>
        <speed>1.101</speed>
      </trkpt>
      <trkpt lat="50.5984197" lon="-2.4567962">
        <ele>2.8</ele>
        <time>2026-07-21T16:27:55.000Z</time>
        <speed>1.064</speed>
      </trkpt>
      <trkpt lat="50.5984337" lon="-2.4567341">
        <ele>2.4</ele>
        <time>2026-07-21T16:28:00.000Z</time>
        <speed>1.064</speed>
      </trkpt>
      <trkpt lat="50.5984413" lon="-2.4566710">
        <ele>2.6</ele>
        <time>2026-07-21T16:28:05.000Z</time>
        <speed>0.989</speed>
      </trkpt>
      <trkpt lat="50.5984533" lon="-2.4566014">
        <ele>2.4</ele>
        <time>2026-07-21T16:28:10.000Z</time>
        <speed>0.970</speed>
      </trkpt>
      <trkpt lat="50.5984515" lon="-2.4565326">
        <ele>2.4</ele>
        <time>2026-07-21T16:28:15.000Z</time>
        <speed>0.980</speed>
      </trkpt>
      <trkpt lat="50.5984742" lon="-2.4564787">
        <ele>2.2</ele>
        <time>2026-07-21T16:28:20.000Z</time>
        <speed>0.980</speed>
      </trkpt>
      <trkpt lat="50.5984920" lon="-2.4564221">
        <ele>2.4</ele>
        <time>2026-07-21T16:28:25.000Z</time>
        <speed>0.970</speed>
      </trkpt>
      <trkpt lat="50.5985097" lon="-2.4563642">
        <ele>2.4</ele>
        <time>2026-07-21T16:28:30.000Z</time>
        <speed>0.980</speed>
      </trkpt>
      <trkpt lat="50.5985241" lon="-2.4563093">
        <ele>2.2</ele>
        <time>2026-07-21T16:28:35.000Z</time>
        <speed>0.961</speed>
      </trkpt>
      <trkpt lat="50.5985288" lon="-2.4562959">
        <ele>2.0</ele>
        <time>2026-07-21T16:28:40.000Z</time>
        <speed>0.821</speed>
      </trkpt>
      <trkpt lat="50.5985465" lon="-2.4562435">
        <ele>1.6</ele>
        <time>2026-07-21T16:28:45.000Z</time>
        <speed>0.000</speed>
      </trkpt>
      <trkpt lat="50.5985595" lon="-2.4561921">
        <ele>2.0</ele>
        <time>2026-07-21T16:28:50.000Z</time>
        <speed>0.905</speed>
      </trkpt>
      <trkpt lat="50.5985624" lon="-2.4561738">
        <ele>2.2</ele>
        <time>2026-07-21T16:28:55.000Z</time>
        <speed>0.000</speed>
      </trkpt>
      <trkpt lat="50.5985664" lon="-2.4561659">
        <ele>2.2</ele>
        <time>2026-07-21T16:29:00.000Z</time>
        <speed>0.000</speed>
      </trkpt>
      <trkpt lat="50.5985850" lon="-2.4561113">
        <ele>2.6</ele>
        <time>2026-07-21T16:29:05.000Z</time>
        <speed>1.194</speed>
      </trkpt>
      <trkpt lat="50.5986034" lon="-2.4560670">
        <ele>2.6</ele>
        <time>2026-07-21T16:29:10.000Z</time>
        <speed>0.924</speed>
      </trkpt>
      <trkpt lat="50.5986019" lon="-2.4560696">
        <ele>2.6</ele>
        <time>2026-07-21T16:29:15.000Z</time>
        <speed>0.672</speed>
      </trkpt>
      <trkpt lat="50.5986017" lon="-2.4560708">
        <ele>3.0</ele>
        <time>2026-07-21T16:29:20.000Z</time>
        <speed>0.000</speed>
      </trkpt>
      <trkpt lat="50.5986021" lon="-2.4560711">
        <ele>2.8</ele>
        <time>2026-07-21T16:29:25.000Z</time>
        <speed>0.000</speed>
      </trkpt>
      <trkpt lat="50.5986110" lon="-2.4560584">
        <ele>2.8</ele>
        <time>2026-07-21T16:29:30.000Z</time>
        <speed>0.000</speed>
      </trkpt>
      <trkpt lat="50.5986285" lon="-2.4560000">
        <ele>2.8</ele>
        <time>2026-07-21T16:29:35.000Z</time>
        <speed>0.261</speed>
      </trkpt>
      <trkpt lat="50.5986350" lon="-2.4559476">
        <ele>3.0</ele>
        <time>2026-07-21T16:29:40.000Z</time>
        <speed>0.000</speed>
      </trkpt>
      <trkpt lat="50.5986486" lon="-2.4559060">
        <ele>2.8</ele>
        <time>2026-07-21T16:29:45.000Z</time>
        <speed>0.000</speed>
      </trkpt>
      <trkpt lat="50.5986673" lon="-2.4558823">
        <ele>2.8</ele>
        <time>2026-07-21T16:29:50.000Z</time>
        <speed>0.000</speed>
      </trkpt>
      <trkpt lat="50.5986952" lon="-2.4558399">
        <ele>2.8</ele>
        <time>2026-07-21T16:29:55.000Z</time>
        <speed>0.000</speed>
      </trkpt>
      <trkpt lat="50.5987010" lon="-2.4558280">
        <ele>2.8</ele>
        <time>2026-07-21T16:30:00.000Z</time>
        <speed>0.000</speed>
      </trkpt>
      <trkpt lat="50.5987011" lon="-2.4558294">
        <ele>2.8</ele>
        <time>2026-07-21T16:30:05.000Z</time>
        <speed>0.000</speed>
      </trkpt>
      <trkpt lat="50.5987019" lon="-2.4558309">
        <ele>2.8</ele>
        <time>2026-07-21T16:30:10.000Z</time>
        <speed>0.000</speed>
      </trkpt>
      <trkpt lat="50.5987045" lon="-2.4558227">
        <ele>2.6</ele>
        <time>2026-07-21T16:30:15.000Z</time>
        <speed>0.000</speed>
      </trkpt>
      <trkpt lat="50.5987157" lon="-2.4557777">
        <ele>2.6</ele>
        <time>2026-07-21T16:30:20.000Z</time>
        <speed>0.000</speed>
      </trkpt>
      <trkpt lat="50.5987184" lon="-2.4557553">
        <ele>2.8</ele>
        <time>2026-07-21T16:30:25.000Z</time>
        <speed>0.000</speed>
      </trkpt>
      <trkpt lat="50.5987191" lon="-2.4557523">
        <ele>2.2</ele>
        <time>2026-07-21T16:30:30.000Z</time>
        <speed>0.000</speed>
      </trkpt>
      <trkpt lat="50.5987311" lon="-2.4557038">
        <ele>2.6</ele>
        <time>2026-07-21T16:30:35.000Z</time>
        <speed>0.000</speed>
      </trkpt>
      <trkpt lat="50.5987494" lon="-2.4556584">
        <ele>2.8</ele>
        <time>2026-07-21T16:30:40.000Z</time>
        <speed>0.000</speed>
      </trkpt>
      <trkpt lat="50.5987794" lon="-2.4556256">
        <ele>2.8</ele>
        <time>2026-07-21T16:30:45.000Z</time>
        <speed>0.000</speed>
      </trkpt>
      <trkpt lat="50.5987855" lon="-2.4556152">
        <ele>2.8</ele>
        <time>2026-07-21T16:30:50.000Z</time>
        <speed>0.420</speed>
      </trkpt>
      <trkpt lat="50.5988019" lon="-2.4555994">
        <ele>3.0</ele>
        <time>2026-07-21T16:30:55.000Z</time>
        <speed>0.000</speed>
      </trkpt>
      <trkpt lat="50.5988336" lon="-2.4555782">
        <ele>2.8</ele>
        <time>2026-07-21T16:31:00.000Z</time>
        <speed>0.000</speed>
      </trkpt>
      <trkpt lat="50.5988548" lon="-2.4555331">
        <ele>2.8</ele>
        <time>2026-07-21T16:31:05.000Z</time>
        <speed>1.073</speed>
      </trkpt>
      <trkpt lat="50.5988855" lon="-2.4554917">
        <ele>3.0</ele>
        <time>2026-07-21T16:31:10.000Z</time>
        <speed>1.054</speed>
      </trkpt>
      <trkpt lat="50.5989002" lon="-2.4554722">
        <ele>3.4</ele>
        <time>2026-07-21T16:31:15.000Z</time>
        <speed>0.961</speed>
      </trkpt>
      <trkpt lat="50.5989205" lon="-2.4554961">
        <ele>2.8</ele>
        <time>2026-07-21T16:31:20.000Z</time>
        <speed>0.877</speed>
      </trkpt>
      <trkpt lat="50.5989569" lon="-2.4554992">
        <ele>3.6</ele>
        <time>2026-07-21T16:31:25.000Z</time>
        <speed>0.914</speed>
      </trkpt>
      <trkpt lat="50.5989879" lon="-2.4554628">
        <ele>3.8</ele>
        <time>2026-07-21T16:31:30.000Z</time>
        <speed>0.942</speed>
      </trkpt>
      <trkpt lat="50.5990146" lon="-2.4554008">
        <ele>3.8</ele>
        <time>2026-07-21T16:31:35.000Z</time>
        <speed>1.036</speed>
      </trkpt>
      <trkpt lat="50.5990284" lon="-2.4553605">
        <ele>4.0</ele>
        <time>2026-07-21T16:31:40.000Z</time>
        <speed>1.017</speed>
      </trkpt>
      <trkpt lat="50.5990408" lon="-2.4553089">
        <ele>4.0</ele>
        <time>2026-07-21T16:31:45.000Z</time>
        <speed>0.961</speed>
      </trkpt>
      <trkpt lat="50.5990607" lon="-2.4552476">
        <ele>4.0</ele>
        <time>2026-07-21T16:31:50.000Z</time>
        <speed>1.008</speed>
      </trkpt>
      <trkpt lat="50.5990708" lon="-2.4551921">
        <ele>4.0</ele>
        <time>2026-07-21T16:31:55.000Z</time>
        <speed>1.017</speed>
      </trkpt>
      <trkpt lat="50.5990853" lon="-2.4551353">
        <ele>4.0</ele>
        <time>2026-07-21T16:32:00.000Z</time>
        <speed>0.924</speed>
      </trkpt>
      <trkpt lat="50.5991074" lon="-2.4550690">
        <ele>3.8</ele>
        <time>2026-07-21T16:32:05.000Z</time>
        <speed>1.054</speed>
      </trkpt>
      <trkpt lat="50.5991253" lon="-2.4550126">
        <ele>4.0</ele>
        <time>2026-07-21T16:32:10.000Z</time>
        <speed>1.026</speed>
      </trkpt>
      <trkpt lat="50.5991390" lon="-2.4549506">
        <ele>4.2</ele>
        <time>2026-07-21T16:32:15.000Z</time>
        <speed>0.961</speed>
      </trkpt>
      <trkpt lat="50.5991414" lon="-2.4548926">
        <ele>4.2</ele>
        <time>2026-07-21T16:32:20.000Z</time>
        <speed>0.970</speed>
      </trkpt>
      <trkpt lat="50.5991557" lon="-2.4548361">
        <ele>4.0</ele>
        <time>2026-07-21T16:32:25.000Z</time>
        <speed>0.905</speed>
      </trkpt>
      <trkpt lat="50.5991790" lon="-2.4547847">
        <ele>4.2</ele>
        <time>2026-07-21T16:32:30.000Z</time>
        <speed>0.952</speed>
      </trkpt>
      <trkpt lat="50.5992049" lon="-2.4547261">
        <ele>4.2</ele>
        <time>2026-07-21T16:32:35.000Z</time>
        <speed>1.008</speed>
      </trkpt>
      <trkpt lat="50.5992236" lon="-2.4546686">
        <ele>4.2</ele>
        <time>2026-07-21T16:32:40.000Z</time>
        <speed>0.998</speed>
      </trkpt>
      <trkpt lat="50.5992441" lon="-2.4546087">
        <ele>4.4</ele>
        <time>2026-07-21T16:32:45.000Z</time>
        <speed>0.980</speed>
      </trkpt>
      <trkpt lat="50.5992624" lon="-2.4545460">
        <ele>4.4</ele>
        <time>2026-07-21T16:32:50.000Z</time>
        <speed>1.017</speed>
      </trkpt>
      <trkpt lat="50.5992798" lon="-2.4544879">
        <ele>4.4</ele>
        <time>2026-07-21T16:32:55.000Z</time>
        <speed>1.008</speed>
      </trkpt>
      <trkpt lat="50.5992977" lon="-2.4544401">
        <ele>4.4</ele>
        <time>2026-07-21T16:33:00.000Z</time>
        <speed>0.961</speed>
      </trkpt>
      <trkpt lat="50.5993142" lon="-2.4543850">
        <ele>4.4</ele>
        <time>2026-07-21T16:33:05.000Z</time>
        <speed>0.840</speed>
      </trkpt>
      <trkpt lat="50.5993327" lon="-2.4543347">
        <ele>4.6</ele>
        <time>2026-07-21T16:33:10.000Z</time>
        <speed>0.868</speed>
      </trkpt>
      <trkpt lat="50.5993504" lon="-2.4542708">
        <ele>4.4</ele>
        <time>2026-07-21T16:33:15.000Z</time>
        <speed>0.942</speed>
      </trkpt>
      <trkpt lat="50.5993665" lon="-2.4542172">
        <ele>4.4</ele>
        <time>2026-07-21T16:33:20.000Z</time>
        <speed>0.952</speed>
      </trkpt>
      <trkpt lat="50.5993743" lon="-2.4541586">
        <ele>4.2</ele>
        <time>2026-07-21T16:33:25.000Z</time>
        <speed>0.942</speed>
      </trkpt>
      <trkpt lat="50.5993790" lon="-2.4541005">
        <ele>4.0</ele>
        <time>2026-07-21T16:33:30.000Z</time>
        <speed>0.914</speed>
      </trkpt>
      <trkpt lat="50.5993903" lon="-2.4540431">
        <ele>4.0</ele>
        <time>2026-07-21T16:33:35.000Z</time>
        <speed>0.886</speed>
      </trkpt>
      <trkpt lat="50.5994106" lon="-2.4539951">
        <ele>4.0</ele>
        <time>2026-07-21T16:33:40.000Z</time>
        <speed>0.905</speed>
      </trkpt>
      <trkpt lat="50.5994320" lon="-2.4539453">
        <ele>4.0</ele>
        <time>2026-07-21T16:33:45.000Z</time>
        <speed>0.858</speed>
      </trkpt>
      <trkpt lat="50.5994480" lon="-2.4538869">
        <ele>4.0</ele>
        <time>2026-07-21T16:33:50.000Z</time>
        <speed>0.905</speed>
      </trkpt>
      <trkpt lat="50.5994622" lon="-2.4538287">
        <ele>3.2</ele>
        <time>2026-07-21T16:33:55.000Z</time>
        <speed>0.896</speed>
      </trkpt>
      <trkpt lat="50.5994804" lon="-2.4537760">
        <ele>3.6</ele>
        <time>2026-07-21T16:34:00.000Z</time>
        <speed>0.914</speed>
      </trkpt>
      <trkpt lat="50.5994924" lon="-2.4537392">
        <ele>3.6</ele>
        <time>2026-07-21T16:34:05.000Z</time>
        <speed>0.868</speed>
      </trkpt>
      <trkpt lat="50.5995038" lon="-2.4536864">
        <ele>3.8</ele>
        <time>2026-07-21T16:34:10.000Z</time>
        <speed>0.821</speed>
      </trkpt>
      <trkpt lat="50.5995049" lon="-2.4536292">
        <ele>4.2</ele>
        <time>2026-07-21T16:34:15.000Z</time>
        <speed>0.812</speed>
      </trkpt>
      <trkpt lat="50.5995113" lon="-2.4535727">
        <ele>4.2</ele>
        <time>2026-07-21T16:34:20.000Z</time>
        <speed>0.830</speed>
      </trkpt>
      <trkpt lat="50.5995238" lon="-2.4535282">
        <ele>3.8</ele>
        <time>2026-07-21T16:34:25.000Z</time>
        <speed>0.793</speed>
      </trkpt>
      <trkpt lat="50.5995315" lon="-2.4534890">
        <ele>3.2</ele>
        <time>2026-07-21T16:34:30.000Z</time>
        <speed>0.690</speed>
      </trkpt>
      <trkpt lat="50.5995331" lon="-2.4534532">
        <ele>4.2</ele>
        <time>2026-07-21T16:34:35.000Z</time>
        <speed>0.606</speed>
      </trkpt>
      <trkpt lat="50.5995282" lon="-2.4533920">
        <ele>4.2</ele>
        <time>2026-07-21T16:34:40.000Z</time>
        <speed>0.728</speed>
      </trkpt>
      <trkpt lat="50.5995245" lon="-2.4533481">
        <ele>4.2</ele>
        <time>2026-07-21T16:34:45.000Z</time>
        <speed>0.718</speed>
      </trkpt>
      <trkpt lat="50.5995240" lon="-2.4533320">
        <ele>4.2</ele>
        <time>2026-07-21T16:34:50.000Z</time>
        <speed>0.690</speed>
      </trkpt>
      <trkpt lat="50.5995292" lon="-2.4533113">
        <ele>4.2</ele>
        <time>2026-07-21T16:34:55.000Z</time>
        <speed>0.634</speed>
      </trkpt>
      <trkpt lat="50.5995498" lon="-2.4532568">
        <ele>4.2</ele>
        <time>2026-07-21T16:35:00.000Z</time>
        <speed>0.000</speed>
      </trkpt>
      <trkpt lat="50.5995591" lon="-2.4532169">
        <ele>4.2</ele>
        <time>2026-07-21T16:35:05.000Z</time>
        <speed>0.000</speed>
      </trkpt>
      <trkpt lat="50.5995790" lon="-2.4531760">
        <ele>4.2</ele>
        <time>2026-07-21T16:35:10.000Z</time>
        <speed>0.000</speed>
      </trkpt>
      <trkpt lat="50.5995981" lon="-2.4531305">
        <ele>4.2</ele>
        <time>2026-07-21T16:35:15.000Z</time>
        <speed>0.000</speed>
      </trkpt>
      <trkpt lat="50.5995980" lon="-2.4530919">
        <ele>4.4</ele>
        <time>2026-07-21T16:35:20.000Z</time>
        <speed>0.000</speed>
      </trkpt>
      <trkpt lat="50.5996062" lon="-2.4530640">
        <ele>4.2</ele>
        <time>2026-07-21T16:35:25.000Z</time>
        <speed>0.000</speed>
      </trkpt>
      <trkpt lat="50.5996090" lon="-2.4530649">
        <ele>4.4</ele>
        <time>2026-07-21T16:35:30.000Z</time>
        <speed>0.000</speed>
      </trkpt>
      <trkpt lat="50.5996107" lon="-2.4530645">
        <ele>4.2</ele>
        <time>2026-07-21T16:35:35.000Z</time>
        <speed>0.000</speed>
      </trkpt>
      <trkpt lat="50.5996121" lon="-2.4530635">
        <ele>4.4</ele>
        <time>2026-07-21T16:35:40.000Z</time>
        <speed>0.000</speed>
      </trkpt>
      <trkpt lat="50.5996136" lon="-2.4530623">
        <ele>4.4</ele>
        <time>2026-07-21T16:35:45.000Z</time>
        <speed>0.000</speed>
      </trkpt>
      <trkpt lat="50.5996147" lon="-2.4530612">
        <ele>3.6</ele>
        <time>2026-07-21T16:35:50.000Z</time>
        <speed>0.000</speed>
      </trkpt>
      <trkpt lat="50.5996152" lon="-2.4530607">
        <ele>4.2</ele>
        <time>2026-07-21T16:35:55.000Z</time>
        <speed>0.000</speed>
      </trkpt>
      <trkpt lat="50.5996157" lon="-2.4530606">
        <ele>4.4</ele>
        <time>2026-07-21T16:36:00.000Z</time>
        <speed>0.000</speed>
      </trkpt>
      <trkpt lat="50.5996387" lon="-2.4530637">
        <ele>4.2</ele>
        <time>2026-07-21T16:36:05.000Z</time>
        <speed>0.000</speed>
      </trkpt>
      <trkpt lat="50.5996675" lon="-2.4530486">
        <ele>4.8</ele>
        <time>2026-07-21T16:36:10.000Z</time>
        <speed>0.690</speed>
      </trkpt>
      <trkpt lat="50.5996784" lon="-2.4530167">
        <ele>4.6</ele>
        <time>2026-07-21T16:36:15.000Z</time>
        <speed>0.000</speed>
      </trkpt>
      <trkpt lat="50.5996956" lon="-2.4529691">
        <ele>4.8</ele>
        <time>2026-07-21T16:36:20.000Z</time>
        <speed>0.000</speed>
      </trkpt>
      <trkpt lat="50.5997109" lon="-2.4529236">
        <ele>4.6</ele>
        <time>2026-07-21T16:36:25.000Z</time>
        <speed>0.756</speed>
      </trkpt>
      <trkpt lat="50.5997192" lon="-2.4528969">
        <ele>4.6</ele>
        <time>2026-07-21T16:36:30.000Z</time>
        <speed>0.000</speed>
      </trkpt>
      <trkpt lat="50.5997261" lon="-2.4528320">
        <ele>5.0</ele>
        <time>2026-07-21T16:36:35.000Z</time>
        <speed>0.690</speed>
      </trkpt>
      <trkpt lat="50.5997364" lon="-2.4527832">
        <ele>5.0</ele>
        <time>2026-07-21T16:36:40.000Z</time>
        <speed>0.000</speed>
      </trkpt>
      <trkpt lat="50.5997465" lon="-2.4527392">
        <ele>5.0</ele>
        <time>2026-07-21T16:36:45.000Z</time>
        <speed>0.495</speed>
      </trkpt>
      <trkpt lat="50.5997606" lon="-2.4526893">
        <ele>5.2</ele>
        <time>2026-07-21T16:36:50.000Z</time>
        <speed>0.952</speed>
      </trkpt>
      <trkpt lat="50.5997778" lon="-2.4526521">
        <ele>5.2</ele>
        <time>2026-07-21T16:36:55.000Z</time>
        <speed>0.821</speed>
      </trkpt>
      <trkpt lat="50.5998100" lon="-2.4526172">
        <ele>5.2</ele>
        <time>2026-07-21T16:37:00.000Z</time>
        <speed>0.961</speed>
      </trkpt>
      <trkpt lat="50.5998335" lon="-2.4525753">
        <ele>5.2</ele>
        <time>2026-07-21T16:37:05.000Z</time>
        <speed>0.989</speed>
      </trkpt>
      <trkpt lat="50.5998478" lon="-2.4525139">
        <ele>5.4</ele>
        <time>2026-07-21T16:37:10.000Z</time>
        <speed>0.998</speed>
      </trkpt>
      <trkpt lat="50.5998694" lon="-2.4524631">
        <ele>5.6</ele>
        <time>2026-07-21T16:37:15.000Z</time>
        <speed>1.082</speed>
      </trkpt>
      <trkpt lat="50.5998894" lon="-2.4524159">
        <ele>5.6</ele>
        <time>2026-07-21T16:37:20.000Z</time>
        <speed>0.896</speed>
      </trkpt>
      <trkpt lat="50.5999267" lon="-2.4523738">
        <ele>5.2</ele>
        <time>2026-07-21T16:37:25.000Z</time>
        <speed>0.970</speed>
      </trkpt>
      <trkpt lat="50.5999363" lon="-2.4523279">
        <ele>5.2</ele>
        <time>2026-07-21T16:37:30.000Z</time>
        <speed>1.008</speed>
      </trkpt>
      <trkpt lat="50.5999386" lon="-2.4523243">
        <ele>5.0</ele>
        <time>2026-07-21T16:37:35.000Z</time>
        <speed>0.914</speed>
      </trkpt>
      <trkpt lat="50.5999343" lon="-2.4522985">
        <ele>4.8</ele>
        <time>2026-07-21T16:37:40.000Z</time>
        <speed>0.000</speed>
      </trkpt>
      <trkpt lat="50.5999332" lon="-2.4522821">
        <ele>4.8</ele>
        <time>2026-07-21T16:37:45.000Z</time>
        <speed>0.000</speed>
      </trkpt>
      <trkpt lat="50.5999325" lon="-2.4522689">
        <ele>4.8</ele>
        <time>2026-07-21T16:37:50.000Z</time>
        <speed>0.000</speed>
      </trkpt>
      <trkpt lat="50.5999333" lon="-2.4522445">
        <ele>4.4</ele>
        <time>2026-07-21T16:37:55.000Z</time>
        <speed>0.000</speed>
      </trkpt>
      <trkpt lat="50.5999333" lon="-2.4522438">
        <ele>4.8</ele>
        <time>2026-07-21T16:38:00.000Z</time>
        <speed>0.000</speed>
      </trkpt>
      <trkpt lat="50.5999333" lon="-2.4522440">
        <ele>4.8</ele>
        <time>2026-07-21T16:38:05.000Z</time>
        <speed>0.000</speed>
      </trkpt>
      <trkpt lat="50.5999333" lon="-2.4522444">
        <ele>4.8</ele>
        <time>2026-07-21T16:38:10.000Z</time>
        <speed>0.000</speed>
      </trkpt>
      <trkpt lat="50.5999334" lon="-2.4522447">
        <ele>4.6</ele>
        <time>2026-07-21T16:38:15.000Z</time>
        <speed>0.000</speed>
      </trkpt>
      <trkpt lat="50.5999334" lon="-2.4522452">
        <ele>4.8</ele>
        <time>2026-07-21T16:38:20.000Z</time>
        <speed>0.000</speed>
      </trkpt>
      <trkpt lat="50.5999335" lon="-2.4522459">
        <ele>5.0</ele>
        <time>2026-07-21T16:38:25.000Z</time>
        <speed>0.000</speed>
      </trkpt>
      <trkpt lat="50.5999333" lon="-2.4522468">
        <ele>4.8</ele>
        <time>2026-07-21T16:38:30.000Z</time>
        <speed>0.000</speed>
      </trkpt>
      <trkpt lat="50.5999297" lon="-2.4522538">
        <ele>4.4</ele>
        <time>2026-07-21T16:38:35.000Z</time>
        <speed>0.000</speed>
      </trkpt>
      <trkpt lat="50.5999296" lon="-2.4522546">
        <ele>4.0</ele>
        <time>2026-07-21T16:38:40.000Z</time>
        <speed>0.000</speed>
      </trkpt>
      <trkpt lat="50.5999300" lon="-2.4522547">
        <ele>4.8</ele>
        <time>2026-07-21T16:38:45.000Z</time>
        <speed>0.000</speed>
      </trkpt>
      <trkpt lat="50.5999301" lon="-2.4522547">
        <ele>4.6</ele>
        <time>2026-07-21T16:38:50.000Z</time>
        <speed>0.000</speed>
      </trkpt>
      <trkpt lat="50.5999302" lon="-2.4522547">
        <ele>4.6</ele>
        <time>2026-07-21T16:38:55.000Z</time>
        <speed>0.000</speed>
      </trkpt>
      <trkpt lat="50.5999303" lon="-2.4522547">
        <ele>4.6</ele>
        <time>2026-07-21T16:39:00.000Z</time>
        <speed>0.000</speed>
      </trkpt>
      <trkpt lat="50.5999305" lon="-2.4522547">
        <ele>4.4</ele>
        <time>2026-07-21T16:39:05.000Z</time>
        <speed>0.000</speed>
      </trkpt>
      <trkpt lat="50.5999307" lon="-2.4522547">
        <ele>4.4</ele>
        <time>2026-07-21T16:39:10.000Z</time>
        <speed>0.000</speed>
      </trkpt>
      <trkpt lat="50.5999310" lon="-2.4522547">
        <ele>4.4</ele>
        <time>2026-07-21T16:39:15.000Z</time>
        <speed>0.000</speed>
      </trkpt>
      <trkpt lat="50.5999313" lon="-2.4522548">
        <ele>4.4</ele>
        <time>2026-07-21T16:39:20.000Z</time>
        <speed>0.000</speed>
      </trkpt>
      <trkpt lat="50.5999314" lon="-2.4522549">
        <ele>4.4</ele>
        <time>2026-07-21T16:39:25.000Z</time>
        <speed>0.000</speed>
      </trkpt>
      <trkpt lat="50.5999296" lon="-2.4522587">
        <ele>4.4</ele>
        <time>2026-07-21T16:39:30.000Z</time>
        <speed>0.000</speed>
      </trkpt>
      <trkpt lat="50.5999274" lon="-2.4522618">
        <ele>4.4</ele>
        <time>2026-07-21T16:39:35.000Z</time>
        <speed>0.000</speed>
      </trkpt>
      <trkpt lat="50.5999275" lon="-2.4522616">
        <ele>4.6</ele>
        <time>2026-07-21T16:39:40.000Z</time>
        <speed>0.000</speed>
      </trkpt>
      <trkpt lat="50.5999275" lon="-2.4522611">
        <ele>4.4</ele>
        <time>2026-07-21T16:39:45.000Z</time>
        <speed>0.000</speed>
      </trkpt>
      <trkpt lat="50.5999274" lon="-2.4522605">
        <ele>4.6</ele>
        <time>2026-07-21T16:39:50.000Z</time>
        <speed>0.000</speed>
      </trkpt>
      <trkpt lat="50.5999273" lon="-2.4522600">
        <ele>4.6</ele>
        <time>2026-07-21T16:39:55.000Z</time>
        <speed>0.000</speed>
      </trkpt>
      <trkpt lat="50.5999275" lon="-2.4522595">
        <ele>4.4</ele>
        <time>2026-07-21T16:40:00.000Z</time>
        <speed>0.000</speed>
      </trkpt>
      <trkpt lat="50.5999280" lon="-2.4522590">
        <ele>4.6</ele>
        <time>2026-07-21T16:40:05.000Z</time>
        <speed>0.000</speed>
      </trkpt>
      <trkpt lat="50.5999286" lon="-2.4522585">
        <ele>4.6</ele>
        <time>2026-07-21T16:40:10.000Z</time>
        <speed>0.000</speed>
      </trkpt>
      <trkpt lat="50.5999287" lon="-2.4522596">
        <ele>4.6</ele>
        <time>2026-07-21T16:40:15.000Z</time>
        <speed>0.000</speed>
      </trkpt>
      <trkpt lat="50.5999305" lon="-2.4522845">
        <ele>4.2</ele>
        <time>2026-07-21T16:40:20.000Z</time>
        <speed>0.000</speed>
      </trkpt>
      <trkpt lat="50.5999347" lon="-2.4522887">
        <ele>4.6</ele>
        <time>2026-07-21T16:40:25.000Z</time>
        <speed>0.000</speed>
      </trkpt>
      <trkpt lat="50.5999321" lon="-2.4522860">
        <ele>4.6</ele>
        <time>2026-07-21T16:40:30.000Z</time>
        <speed>0.000</speed>
      </trkpt>
      <trkpt lat="50.5999250" lon="-2.4522953">
        <ele>4.6</ele>
        <time>2026-07-21T16:40:35.000Z</time>
        <speed>0.000</speed>
      </trkpt>
      <trkpt lat="50.5999320" lon="-2.4523201">
        <ele>3.8</ele>
        <time>2026-07-21T16:40:40.000Z</time>
        <speed>0.000</speed>
      </trkpt>
      <trkpt lat="50.5999356" lon="-2.4523431">
        <ele>5.2</ele>
        <time>2026-07-21T16:40:45.000Z</time>
        <speed>0.355</speed>
      </trkpt>
      <trkpt lat="50.5999223" lon="-2.4523647">
        <ele>5.6</ele>
        <time>2026-07-21T16:40:50.000Z</time>
        <speed>0.952</speed>
      </trkpt>
      <trkpt lat="50.5999006" lon="-2.4523930">
        <ele>5.4</ele>
        <time>2026-07-21T16:40:55.000Z</time>
        <speed>0.830</speed>
      </trkpt>
      <trkpt lat="50.5998757" lon="-2.4524376">
        <ele>5.4</ele>
        <time>2026-07-21T16:41:00.000Z</time>
        <speed>0.849</speed>
      </trkpt>
      <trkpt lat="50.5998600" lon="-2.4524903">
        <ele>5.2</ele>
        <time>2026-07-21T16:41:05.000Z</time>
        <speed>0.886</speed>
      </trkpt>
      <trkpt lat="50.5998467" lon="-2.4525208">
        <ele>5.0</ele>
        <time>2026-07-21T16:41:10.000Z</time>
        <speed>0.868</speed>
      </trkpt>
      <trkpt lat="50.5998311" lon="-2.4525682">
        <ele>5.0</ele>
        <time>2026-07-21T16:41:15.000Z</time>
        <speed>0.905</speed>
      </trkpt>
      <trkpt lat="50.5998066" lon="-2.4525971">
        <ele>5.0</ele>
        <time>2026-07-21T16:41:20.000Z</time>
        <speed>0.868</speed>
      </trkpt>
      <trkpt lat="50.5997901" lon="-2.4526173">
        <ele>4.8</ele>
        <time>2026-07-21T16:41:25.000Z</time>
        <speed>0.746</speed>
      </trkpt>
      <trkpt lat="50.5997834" lon="-2.4526667">
        <ele>4.8</ele>
        <time>2026-07-21T16:41:30.000Z</time>
        <speed>0.737</speed>
      </trkpt>
      <trkpt lat="50.5997701" lon="-2.4527108">
        <ele>4.4</ele>
        <time>2026-07-21T16:41:35.000Z</time>
        <speed>0.737</speed>
      </trkpt>
      <trkpt lat="50.5997577" lon="-2.4527436">
        <ele>3.8</ele>
        <time>2026-07-21T16:41:40.000Z</time>
        <speed>0.737</speed>
      </trkpt>
      <trkpt lat="50.5997407" lon="-2.4527760">
        <ele>4.4</ele>
        <time>2026-07-21T16:41:45.000Z</time>
        <speed>0.718</speed>
      </trkpt>
      <trkpt lat="50.5997261" lon="-2.4528055">
        <ele>5.2</ele>
        <time>2026-07-21T16:41:50.000Z</time>
        <speed>0.709</speed>
      </trkpt>
      <trkpt lat="50.5997027" lon="-2.4528356">
        <ele>4.8</ele>
        <time>2026-07-21T16:41:55.000Z</time>
        <speed>0.718</speed>
      </trkpt>
      <trkpt lat="50.5996791" lon="-2.4528848">
        <ele>4.6</ele>
        <time>2026-07-21T16:42:00.000Z</time>
        <speed>0.728</speed>
      </trkpt>
      <trkpt lat="50.5996763" lon="-2.4529002">
        <ele>4.6</ele>
        <time>2026-07-21T16:42:05.000Z</time>
        <speed>0.728</speed>
      </trkpt>
      <trkpt lat="50.5996780" lon="-2.4529076">
        <ele>4.6</ele>
        <time>2026-07-21T16:42:10.000Z</time>
        <speed>0.616</speed>
      </trkpt>
      <trkpt lat="50.5996872" lon="-2.4529410">
        <ele>4.4</ele>
        <time>2026-07-21T16:42:15.000Z</time>
        <speed>0.000</speed>
      </trkpt>
      <trkpt lat="50.5996825" lon="-2.4529834">
        <ele>5.0</ele>
        <time>2026-07-21T16:42:20.000Z</time>
        <speed>0.000</speed>
      </trkpt>
      <trkpt lat="50.5996698" lon="-2.4530211">
        <ele>5.2</ele>
        <time>2026-07-21T16:42:25.000Z</time>
        <speed>0.000</speed>
      </trkpt>
      <trkpt lat="50.5996546" lon="-2.4530572">
        <ele>4.8</ele>
        <time>2026-07-21T16:42:30.000Z</time>
        <speed>0.000</speed>
      </trkpt>
      <trkpt lat="50.5996452" lon="-2.4530847">
        <ele>4.6</ele>
        <time>2026-07-21T16:42:35.000Z</time>
        <speed>0.000</speed>
      </trkpt>
      <trkpt lat="50.5996471" lon="-2.4530853">
        <ele>4.4</ele>
        <time>2026-07-21T16:42:40.000Z</time>
        <speed>0.000</speed>
      </trkpt>
      <trkpt lat="50.5996385" lon="-2.4530981">
        <ele>4.4</ele>
        <time>2026-07-21T16:42:45.000Z</time>
        <speed>0.000</speed>
      </trkpt>
      <trkpt lat="50.5996220" lon="-2.4531381">
        <ele>5.0</ele>
        <time>2026-07-21T16:42:50.000Z</time>
        <speed>0.000</speed>
      </trkpt>
      <trkpt lat="50.5996228" lon="-2.4531455">
        <ele>4.4</ele>
        <time>2026-07-21T16:42:55.000Z</time>
        <speed>0.000</speed>
      </trkpt>
      <trkpt lat="50.5996206" lon="-2.4531750">
        <ele>4.6</ele>
        <time>2026-07-21T16:43:00.000Z</time>
        <speed>0.000</speed>
      </trkpt>
      <trkpt lat="50.5996214" lon="-2.4532094">
        <ele>4.4</ele>
        <time>2026-07-21T16:43:05.000Z</time>
        <speed>0.000</speed>
      </trkpt>
      <trkpt lat="50.5996098" lon="-2.4532263">
        <ele>4.4</ele>
        <time>2026-07-21T16:43:10.000Z</time>
        <speed>0.000</speed>
      </trkpt>
      <trkpt lat="50.5995930" lon="-2.4532600">
        <ele>4.2</ele>
        <time>2026-07-21T16:43:15.000Z</time>
        <speed>0.000</speed>
      </trkpt>
      <trkpt lat="50.5995915" lon="-2.4532907">
        <ele>4.4</ele>
        <time>2026-07-21T16:43:20.000Z</time>
        <speed>0.000</speed>
      </trkpt>
      <trkpt lat="50.5995870" lon="-2.4533168">
        <ele>4.4</ele>
        <time>2026-07-21T16:43:25.000Z</time>
        <speed>0.000</speed>
      </trkpt>
      <trkpt lat="50.5995732" lon="-2.4533327">
        <ele>4.6</ele>
        <time>2026-07-21T16:43:30.000Z</time>
        <speed>0.000</speed>
      </trkpt>
      <trkpt lat="50.5995489" lon="-2.4533626">
        <ele>4.6</ele>
        <time>2026-07-21T16:43:35.000Z</time>
        <speed>0.000</speed>
      </trkpt>
      <trkpt lat="50.5995318" lon="-2.4534024">
        <ele>4.4</ele>
        <time>2026-07-21T16:43:40.000Z</time>
        <speed>0.000</speed>
      </trkpt>
      <trkpt lat="50.5995276" lon="-2.4534172">
        <ele>4.2</ele>
        <time>2026-07-21T16:43:45.000Z</time>
        <speed>0.000</speed>
      </trkpt>
      <trkpt lat="50.5995213" lon="-2.4534599">
        <ele>4.2</ele>
        <time>2026-07-21T16:43:50.000Z</time>
        <speed>0.000</speed>
      </trkpt>
      <trkpt lat="50.5995156" lon="-2.4535024">
        <ele>4.2</ele>
        <time>2026-07-21T16:43:55.000Z</time>
        <speed>0.000</speed>
      </trkpt>
      <trkpt lat="50.5995089" lon="-2.4535534">
        <ele>4.0</ele>
        <time>2026-07-21T16:44:00.000Z</time>
        <speed>0.000</speed>
      </trkpt>
      <trkpt lat="50.5994995" lon="-2.4536040">
        <ele>4.2</ele>
        <time>2026-07-21T16:44:05.000Z</time>
        <speed>0.000</speed>
      </trkpt>
      <trkpt lat="50.5994871" lon="-2.4536423">
        <ele>4.0</ele>
        <time>2026-07-21T16:44:10.000Z</time>
        <speed>0.756</speed>
      </trkpt>
      <trkpt lat="50.5994766" lon="-2.4536826">
        <ele>4.0</ele>
        <time>2026-07-21T16:44:15.000Z</time>
        <speed>0.830</speed>
      </trkpt>
      <trkpt lat="50.5994803" lon="-2.4537257">
        <ele>4.0</ele>
        <time>2026-07-21T16:44:20.000Z</time>
        <speed>0.849</speed>
      </trkpt>
      <trkpt lat="50.5994830" lon="-2.4537734">
        <ele>4.4</ele>
        <time>2026-07-21T16:44:25.000Z</time>
        <speed>0.868</speed>
      </trkpt>
      <trkpt lat="50.5994784" lon="-2.4538329">
        <ele>4.4</ele>
        <time>2026-07-21T16:44:30.000Z</time>
        <speed>0.933</speed>
      </trkpt>
      <trkpt lat="50.5994626" lon="-2.4538758">
        <ele>4.4</ele>
        <time>2026-07-21T16:44:35.000Z</time>
        <speed>0.905</speed>
      </trkpt>
      <trkpt lat="50.5994461" lon="-2.4539177">
        <ele>4.4</ele>
        <time>2026-07-21T16:44:40.000Z</time>
        <speed>1.008</speed>
      </trkpt>
      <trkpt lat="50.5994373" lon="-2.4539634">
        <ele>4.4</ele>
        <time>2026-07-21T16:44:45.000Z</time>
        <speed>0.980</speed>
      </trkpt>
      <trkpt lat="50.5994297" lon="-2.4540031">
        <ele>4.6</ele>
        <time>2026-07-21T16:44:50.000Z</time>
        <speed>0.812</speed>
      </trkpt>
      <trkpt lat="50.5994132" lon="-2.4540567">
        <ele>4.8</ele>
        <time>2026-07-21T16:44:55.000Z</time>
        <speed>0.952</speed>
      </trkpt>
      <trkpt lat="50.5993949" lon="-2.4541103">
        <ele>4.8</ele>
        <time>2026-07-21T16:45:00.000Z</time>
        <speed>0.989</speed>
      </trkpt>
      <trkpt lat="50.5993889" lon="-2.4541576">
        <ele>4.8</ele>
        <time>2026-07-21T16:45:05.000Z</time>
        <speed>0.896</speed>
      </trkpt>
      <trkpt lat="50.5993799" lon="-2.4542105">
        <ele>4.0</ele>
        <time>2026-07-21T16:45:10.000Z</time>
        <speed>0.877</speed>
      </trkpt>
      <trkpt lat="50.5993617" lon="-2.4542314">
        <ele>4.6</ele>
        <time>2026-07-21T16:45:15.000Z</time>
        <speed>0.774</speed>
      </trkpt>
      <trkpt lat="50.5993430" lon="-2.4542813">
        <ele>4.8</ele>
        <time>2026-07-21T16:45:20.000Z</time>
        <speed>0.793</speed>
      </trkpt>
      <trkpt lat="50.5993299" lon="-2.4543328">
        <ele>4.8</ele>
        <time>2026-07-21T16:45:25.000Z</time>
        <speed>0.821</speed>
      </trkpt>
      <trkpt lat="50.5993162" lon="-2.4543880">
        <ele>5.0</ele>
        <time>2026-07-21T16:45:30.000Z</time>
        <speed>1.036</speed>
      </trkpt>
      <trkpt lat="50.5993038" lon="-2.4544531">
        <ele>4.6</ele>
        <time>2026-07-21T16:45:35.000Z</time>
        <speed>0.952</speed>
      </trkpt>
      <trkpt lat="50.5992904" lon="-2.4544927">
        <ele>4.6</ele>
        <time>2026-07-21T16:45:40.000Z</time>
        <speed>0.933</speed>
      </trkpt>
      <trkpt lat="50.5992796" lon="-2.4545135">
        <ele>5.4</ele>
        <time>2026-07-21T16:45:45.000Z</time>
        <speed>0.886</speed>
      </trkpt>
      <trkpt lat="50.5992754" lon="-2.4545518">
        <ele>5.4</ele>
        <time>2026-07-21T16:45:50.000Z</time>
        <speed>0.849</speed>
      </trkpt>
      <trkpt lat="50.5992603" lon="-2.4546188">
        <ele>5.4</ele>
        <time>2026-07-21T16:45:55.000Z</time>
        <speed>0.812</speed>
      </trkpt>
      <trkpt lat="50.5992456" lon="-2.4546771">
        <ele>5.4</ele>
        <time>2026-07-21T16:46:00.000Z</time>
        <speed>1.092</speed>
      </trkpt>
      <trkpt lat="50.5992270" lon="-2.4547206">
        <ele>5.4</ele>
        <time>2026-07-21T16:46:05.000Z</time>
        <speed>0.858</speed>
      </trkpt>
      <trkpt lat="50.5992122" lon="-2.4547926">
        <ele>5.2</ele>
        <time>2026-07-21T16:46:10.000Z</time>
        <speed>0.858</speed>
      </trkpt>
      <trkpt lat="50.5991988" lon="-2.4548505">
        <ele>5.2</ele>
        <time>2026-07-21T16:46:15.000Z</time>
        <speed>0.970</speed>
      </trkpt>
      <trkpt lat="50.5991800" lon="-2.4549044">
        <ele>5.4</ele>
        <time>2026-07-21T16:46:20.000Z</time>
        <speed>0.896</speed>
      </trkpt>
      <trkpt lat="50.5991587" lon="-2.4549610">
        <ele>5.2</ele>
        <time>2026-07-21T16:46:25.000Z</time>
        <speed>0.942</speed>
      </trkpt>
      <trkpt lat="50.5991436" lon="-2.4550214">
        <ele>5.6</ele>
        <time>2026-07-21T16:46:30.000Z</time>
        <speed>0.942</speed>
      </trkpt>
      <trkpt lat="50.5991208" lon="-2.4550802">
        <ele>5.4</ele>
        <time>2026-07-21T16:46:35.000Z</time>
        <speed>0.961</speed>
      </trkpt>
      <trkpt lat="50.5991009" lon="-2.4551376">
        <ele>5.4</ele>
        <time>2026-07-21T16:46:40.000Z</time>
        <speed>0.961</speed>
      </trkpt>
      <trkpt lat="50.5990828" lon="-2.4552062">
        <ele>5.4</ele>
        <time>2026-07-21T16:46:45.000Z</time>
        <speed>0.961</speed>
      </trkpt>
      <trkpt lat="50.5990683" lon="-2.4552707">
        <ele>5.6</ele>
        <time>2026-07-21T16:46:50.000Z</time>
        <speed>0.961</speed>
      </trkpt>
      <trkpt lat="50.5990616" lon="-2.4553290">
        <ele>5.6</ele>
        <time>2026-07-21T16:46:55.000Z</time>
        <speed>0.952</speed>
      </trkpt>
      <trkpt lat="50.5990464" lon="-2.4553866">
        <ele>5.8</ele>
        <time>2026-07-21T16:47:00.000Z</time>
        <speed>0.970</speed>
      </trkpt>
      <trkpt lat="50.5990304" lon="-2.4554474">
        <ele>5.6</ele>
        <time>2026-07-21T16:47:05.000Z</time>
        <speed>0.970</speed>
      </trkpt>
      <trkpt lat="50.5990038" lon="-2.4555059">
        <ele>5.8</ele>
        <time>2026-07-21T16:47:10.000Z</time>
        <speed>0.989</speed>
      </trkpt>
      <trkpt lat="50.5989760" lon="-2.4555574">
        <ele>5.8</ele>
        <time>2026-07-21T16:47:15.000Z</time>
        <speed>1.036</speed>
      </trkpt>
      <trkpt lat="50.5989511" lon="-2.4555940">
        <ele>5.8</ele>
        <time>2026-07-21T16:47:20.000Z</time>
        <speed>0.980</speed>
      </trkpt>
      <trkpt lat="50.5989168" lon="-2.4556280">
        <ele>5.8</ele>
        <time>2026-07-21T16:47:25.000Z</time>
        <speed>0.905</speed>
      </trkpt>
      <trkpt lat="50.5988894" lon="-2.4556494">
        <ele>5.8</ele>
        <time>2026-07-21T16:47:30.000Z</time>
        <speed>0.905</speed>
      </trkpt>
      <trkpt lat="50.5988535" lon="-2.4556558">
        <ele>5.6</ele>
        <time>2026-07-21T16:47:35.000Z</time>
        <speed>0.840</speed>
      </trkpt>
      <trkpt lat="50.5988129" lon="-2.4556753">
        <ele>5.8</ele>
        <time>2026-07-21T16:47:40.000Z</time>
        <speed>0.812</speed>
      </trkpt>
      <trkpt lat="50.5987730" lon="-2.4556911">
        <ele>5.4</ele>
        <time>2026-07-21T16:47:45.000Z</time>
        <speed>0.849</speed>
      </trkpt>
      <trkpt lat="50.5987361" lon="-2.4557195">
        <ele>5.2</ele>
        <time>2026-07-21T16:47:50.000Z</time>
        <speed>0.877</speed>
      </trkpt>
      <trkpt lat="50.5987119" lon="-2.4557545">
        <ele>5.2</ele>
        <time>2026-07-21T16:47:55.000Z</time>
        <speed>0.765</speed>
      </trkpt>
      <trkpt lat="50.5987107" lon="-2.4557564">
        <ele>4.8</ele>
        <time>2026-07-21T16:48:00.000Z</time>
        <speed>0.606</speed>
      </trkpt>
      <trkpt lat="50.5987112" lon="-2.4557568">
        <ele>4.8</ele>
        <time>2026-07-21T16:48:05.000Z</time>
        <speed>0.000</speed>
      </trkpt>
      <trkpt lat="50.5987120" lon="-2.4557574">
        <ele>4.8</ele>
        <time>2026-07-21T16:48:10.000Z</time>
        <speed>0.000</speed>
      </trkpt>
      <trkpt lat="50.5987129" lon="-2.4557581">
        <ele>4.8</ele>
        <time>2026-07-21T16:48:15.000Z</time>
        <speed>0.000</speed>
      </trkpt>
      <trkpt lat="50.5987139" lon="-2.4557589">
        <ele>4.8</ele>
        <time>2026-07-21T16:48:20.000Z</time>
        <speed>0.000</speed>
      </trkpt>
      <trkpt lat="50.5987153" lon="-2.4557598">
        <ele>4.8</ele>
        <time>2026-07-21T16:48:25.000Z</time>
        <speed>0.000</speed>
      </trkpt>
      <trkpt lat="50.5987165" lon="-2.4557608">
        <ele>4.8</ele>
        <time>2026-07-21T16:48:30.000Z</time>
        <speed>0.000</speed>
      </trkpt>
      <trkpt lat="50.5987180" lon="-2.4557617">
        <ele>4.8</ele>
        <time>2026-07-21T16:48:35.000Z</time>
        <speed>0.000</speed>
      </trkpt>
      <trkpt lat="50.5987194" lon="-2.4557625">
        <ele>5.2</ele>
        <time>2026-07-21T16:48:40.000Z</time>
        <speed>0.000</speed>
      </trkpt>
      <trkpt lat="50.5987207" lon="-2.4557633">
        <ele>5.0</ele>
        <time>2026-07-21T16:48:45.000Z</time>
        <speed>0.000</speed>
      </trkpt>
      <trkpt lat="50.5987215" lon="-2.4557639">
        <ele>5.0</ele>
        <time>2026-07-21T16:48:50.000Z</time>
        <speed>0.000</speed>
      </trkpt>
      <trkpt lat="50.5987175" lon="-2.4557810">
        <ele>5.2</ele>
        <time>2026-07-21T16:48:55.000Z</time>
        <speed>0.000</speed>
      </trkpt>
      <trkpt lat="50.5987230" lon="-2.4558255">
        <ele>5.2</ele>
        <time>2026-07-21T16:49:00.000Z</time>
        <speed>0.000</speed>
      </trkpt>
      <trkpt lat="50.5987229" lon="-2.4558821">
        <ele>5.2</ele>
        <time>2026-07-21T16:49:05.000Z</time>
        <speed>0.364</speed>
      </trkpt>
      <trkpt lat="50.5986972" lon="-2.4559186">
        <ele>5.8</ele>
        <time>2026-07-21T16:49:10.000Z</time>
        <speed>1.026</speed>
      </trkpt>
      <trkpt lat="50.5986670" lon="-2.4559733">
        <ele>6.0</ele>
        <time>2026-07-21T16:49:15.000Z</time>
        <speed>0.942</speed>
      </trkpt>
      <trkpt lat="50.5986371" lon="-2.4560269">
        <ele>5.6</ele>
        <time>2026-07-21T16:49:20.000Z</time>
        <speed>0.952</speed>
      </trkpt>
      <trkpt lat="50.5986107" lon="-2.4560840">
        <ele>5.8</ele>
        <time>2026-07-21T16:49:25.000Z</time>
        <speed>0.989</speed>
      </trkpt>
      <trkpt lat="50.5985853" lon="-2.4561470">
        <ele>5.6</ele>
        <time>2026-07-21T16:49:30.000Z</time>
        <speed>0.998</speed>
      </trkpt>
      <trkpt lat="50.5985656" lon="-2.4562063">
        <ele>5.4</ele>
        <time>2026-07-21T16:49:35.000Z</time>
        <speed>1.008</speed>
      </trkpt>
      <trkpt lat="50.5985469" lon="-2.4562684">
        <ele>5.6</ele>
        <time>2026-07-21T16:49:40.000Z</time>
        <speed>0.998</speed>
      </trkpt>
      <trkpt lat="50.5985419" lon="-2.4563160">
        <ele>5.2</ele>
        <time>2026-07-21T16:49:45.000Z</time>
        <speed>0.961</speed>
      </trkpt>
      <trkpt lat="50.5985411" lon="-2.4563211">
        <ele>5.0</ele>
        <time>2026-07-21T16:49:50.000Z</time>
        <speed>0.784</speed>
      </trkpt>
      <trkpt lat="50.5985432" lon="-2.4563226">
        <ele>5.4</ele>
        <time>2026-07-21T16:49:55.000Z</time>
        <speed>0.000</speed>
      </trkpt>
      <trkpt lat="50.5985431" lon="-2.4563262">
        <ele>5.4</ele>
        <time>2026-07-21T16:50:00.000Z</time>
        <speed>0.000</speed>
      </trkpt>
      <trkpt lat="50.5985249" lon="-2.4563617">
        <ele>5.6</ele>
        <time>2026-07-21T16:50:05.000Z</time>
        <speed>0.000</speed>
      </trkpt>
      <trkpt lat="50.5985051" lon="-2.4564182">
        <ele>5.6</ele>
        <time>2026-07-21T16:50:10.000Z</time>
        <speed>0.000</speed>
      </trkpt>
      <trkpt lat="50.5984917" lon="-2.4564922">
        <ele>5.2</ele>
        <time>2026-07-21T16:50:15.000Z</time>
        <speed>0.000</speed>
      </trkpt>
      <trkpt lat="50.5984771" lon="-2.4565549">
        <ele>4.2</ele>
        <time>2026-07-21T16:50:20.000Z</time>
        <speed>0.644</speed>
      </trkpt>
      <trkpt lat="50.5984764" lon="-2.4566162">
        <ele>4.4</ele>
        <time>2026-07-21T16:50:25.000Z</time>
        <speed>0.830</speed>
      </trkpt>
      <trkpt lat="50.5984636" lon="-2.4566735">
        <ele>4.4</ele>
        <time>2026-07-21T16:50:30.000Z</time>
        <speed>0.868</speed>
      </trkpt>
      <trkpt lat="50.5984447" lon="-2.4567146">
        <ele>4.8</ele>
        <time>2026-07-21T16:50:35.000Z</time>
        <speed>0.886</speed>
      </trkpt>
      <trkpt lat="50.5984149" lon="-2.4567659">
        <ele>5.6</ele>
        <time>2026-07-21T16:50:40.000Z</time>
        <speed>0.877</speed>
      </trkpt>
      <trkpt lat="50.5983832" lon="-2.4568186">
        <ele>5.6</ele>
        <time>2026-07-21T16:50:45.000Z</time>
        <speed>0.840</speed>
      </trkpt>
      <trkpt lat="50.5983584" lon="-2.4568667">
        <ele>5.6</ele>
        <time>2026-07-21T16:50:50.000Z</time>
        <speed>0.970</speed>
      </trkpt>
      <trkpt lat="50.5983372" lon="-2.4569308">
        <ele>5.6</ele>
        <time>2026-07-21T16:50:55.000Z</time>
        <speed>0.980</speed>
      </trkpt>
      <trkpt lat="50.5983186" lon="-2.4570045">
        <ele>5.6</ele>
        <time>2026-07-21T16:51:00.000Z</time>
        <speed>1.045</speed>
      </trkpt>
      <trkpt lat="50.5982968" lon="-2.4570732">
        <ele>5.8</ele>
        <time>2026-07-21T16:51:05.000Z</time>
        <speed>1.101</speed>
      </trkpt>
      <trkpt lat="50.5982750" lon="-2.4571400">
        <ele>5.8</ele>
        <time>2026-07-21T16:51:10.000Z</time>
        <speed>1.082</speed>
      </trkpt>
      <trkpt lat="50.5982559" lon="-2.4572210">
        <ele>5.6</ele>
        <time>2026-07-21T16:51:15.000Z</time>
        <speed>1.092</speed>
      </trkpt>
      <trkpt lat="50.5982388" lon="-2.4572880">
        <ele>5.8</ele>
        <time>2026-07-21T16:51:20.000Z</time>
        <speed>1.082</speed>
      </trkpt>
      <trkpt lat="50.5982169" lon="-2.4573604">
        <ele>6.0</ele>
        <time>2026-07-21T16:51:25.000Z</time>
        <speed>1.064</speed>
      </trkpt>
      <trkpt lat="50.5982041" lon="-2.4574402">
        <ele>5.6</ele>
        <time>2026-07-21T16:51:30.000Z</time>
        <speed>1.064</speed>
      </trkpt>
      <trkpt lat="50.5981908" lon="-2.4575048">
        <ele>5.8</ele>
        <time>2026-07-21T16:51:35.000Z</time>
        <speed>1.082</speed>
      </trkpt>
      <trkpt lat="50.5981736" lon="-2.4575686">
        <ele>6.0</ele>
        <time>2026-07-21T16:51:40.000Z</time>
        <speed>1.036</speed>
      </trkpt>
      <trkpt lat="50.5981517" lon="-2.4576448">
        <ele>6.0</ele>
        <time>2026-07-21T16:51:45.000Z</time>
        <speed>1.073</speed>
      </trkpt>
      <trkpt lat="50.5981263" lon="-2.4577132">
        <ele>6.2</ele>
        <time>2026-07-21T16:51:50.000Z</time>
        <speed>1.138</speed>
      </trkpt>
      <trkpt lat="50.5980959" lon="-2.4577783">
        <ele>6.2</ele>
        <time>2026-07-21T16:51:55.000Z</time>
        <speed>1.110</speed>
      </trkpt>
      <trkpt lat="50.5980600" lon="-2.4578436">
        <ele>6.2</ele>
        <time>2026-07-21T16:52:00.000Z</time>
        <speed>1.138</speed>
      </trkpt>
      <trkpt lat="50.5980243" lon="-2.4579071">
        <ele>6.2</ele>
        <time>2026-07-21T16:52:05.000Z</time>
        <speed>1.157</speed>
      </trkpt>
      <trkpt lat="50.5979939" lon="-2.4579776">
        <ele>6.2</ele>
        <time>2026-07-21T16:52:10.000Z</time>
        <speed>1.148</speed>
      </trkpt>
      <trkpt lat="50.5979763" lon="-2.4580527">
        <ele>6.2</ele>
        <time>2026-07-21T16:52:15.000Z</time>
        <speed>1.157</speed>
      </trkpt>
      <trkpt lat="50.5979560" lon="-2.4581327">
        <ele>6.0</ele>
        <time>2026-07-21T16:52:20.000Z</time>
        <speed>1.166</speed>
      </trkpt>
      <trkpt lat="50.5979378" lon="-2.4582148">
        <ele>6.0</ele>
        <time>2026-07-21T16:52:25.000Z</time>
        <speed>1.185</speed>
      </trkpt>
      <trkpt lat="50.5979155" lon="-2.4582912">
        <ele>5.8</ele>
        <time>2026-07-21T16:52:30.000Z</time>
        <speed>1.204</speed>
      </trkpt>
      <trkpt lat="50.5978904" lon="-2.4583740">
        <ele>5.8</ele>
        <time>2026-07-21T16:52:35.000Z</time>
        <speed>1.185</speed>
      </trkpt>
      <trkpt lat="50.5978617" lon="-2.4584364">
        <ele>5.8</ele>
        <time>2026-07-21T16:52:40.000Z</time>
        <speed>1.194</speed>
      </trkpt>
      <trkpt lat="50.5978348" lon="-2.4584979">
        <ele>6.0</ele>
        <time>2026-07-21T16:52:45.000Z</time>
        <speed>1.185</speed>
      </trkpt>
      <trkpt lat="50.5978053" lon="-2.4585635">
        <ele>5.8</ele>
        <time>2026-07-21T16:52:50.000Z</time>
        <speed>1.166</speed>
      </trkpt>
      <trkpt lat="50.5977857" lon="-2.4586454">
        <ele>5.4</ele>
        <time>2026-07-21T16:52:55.000Z</time>
        <speed>1.185</speed>
      </trkpt>
      <trkpt lat="50.5977668" lon="-2.4587239">
        <ele>5.6</ele>
        <time>2026-07-21T16:53:00.000Z</time>
        <speed>1.194</speed>
      </trkpt>
      <trkpt lat="50.5977472" lon="-2.4588078">
        <ele>6.0</ele>
        <time>2026-07-21T16:53:05.000Z</time>
        <speed>1.185</speed>
      </trkpt>
      <trkpt lat="50.5977262" lon="-2.4588837">
        <ele>6.0</ele>
        <time>2026-07-21T16:53:10.000Z</time>
        <speed>1.185</speed>
      </trkpt>
      <trkpt lat="50.5977084" lon="-2.4589551">
        <ele>5.8</ele>
        <time>2026-07-21T16:53:15.000Z</time>
        <speed>1.194</speed>
      </trkpt>
      <trkpt lat="50.5976925" lon="-2.4590424">
        <ele>6.0</ele>
        <time>2026-07-21T16:53:20.000Z</time>
        <speed>1.148</speed>
      </trkpt>
      <trkpt lat="50.5976700" lon="-2.4591133">
        <ele>6.6</ele>
        <time>2026-07-21T16:53:25.000Z</time>
        <speed>1.176</speed>
      </trkpt>
      <trkpt lat="50.5976426" lon="-2.4591841">
        <ele>6.6</ele>
        <time>2026-07-21T16:53:30.000Z</time>
        <speed>1.213</speed>
      </trkpt>
      <trkpt lat="50.5976098" lon="-2.4592369">
        <ele>6.8</ele>
        <time>2026-07-21T16:53:35.000Z</time>
        <speed>1.232</speed>
      </trkpt>
      <trkpt lat="50.5975821" lon="-2.4592922">
        <ele>6.8</ele>
        <time>2026-07-21T16:53:40.000Z</time>
        <speed>1.138</speed>
      </trkpt>
      <trkpt lat="50.5975613" lon="-2.4593442">
        <ele>6.8</ele>
        <time>2026-07-21T16:53:45.000Z</time>
        <speed>1.054</speed>
      </trkpt>
      <trkpt lat="50.5975431" lon="-2.4594191">
        <ele>6.8</ele>
        <time>2026-07-21T16:53:50.000Z</time>
        <speed>0.998</speed>
      </trkpt>
      <trkpt lat="50.5975506" lon="-2.4594624">
        <ele>7.0</ele>
        <time>2026-07-21T16:53:55.000Z</time>
        <speed>0.942</speed>
      </trkpt>
      <trkpt lat="50.5975639" lon="-2.4594872">
        <ele>7.2</ele>
        <time>2026-07-21T16:54:00.000Z</time>
        <speed>0.756</speed>
      </trkpt>
      <trkpt lat="50.5975898" lon="-2.4595127">
        <ele>7.6</ele>
        <time>2026-07-21T16:54:05.000Z</time>
        <speed>0.690</speed>
      </trkpt>
      <trkpt lat="50.5976128" lon="-2.4595263">
        <ele>8.6</ele>
        <time>2026-07-21T16:54:10.000Z</time>
        <speed>0.700</speed>
      </trkpt>
      <trkpt lat="50.5976307" lon="-2.4595298">
        <ele>10.0</ele>
        <time>2026-07-21T16:54:15.000Z</time>
        <speed>0.737</speed>
      </trkpt>
      <trkpt lat="50.5976611" lon="-2.4595473">
        <ele>11.2</ele>
        <time>2026-07-21T16:54:20.000Z</time>
        <speed>0.737</speed>
      </trkpt>
      <trkpt lat="50.5976801" lon="-2.4595658">
        <ele>12.6</ele>
        <time>2026-07-21T16:54:25.000Z</time>
        <speed>0.728</speed>
      </trkpt>
      <trkpt lat="50.5976860" lon="-2.4595813">
        <ele>13.6</ele>
        <time>2026-07-21T16:54:30.000Z</time>
        <speed>0.690</speed>
      </trkpt>
      <trkpt lat="50.5976695" lon="-2.4596407">
        <ele>14.0</ele>
        <time>2026-07-21T16:54:35.000Z</time>
        <speed>0.653</speed>
      </trkpt>
      <trkpt lat="50.5976658" lon="-2.4597010">
        <ele>14.2</ele>
        <time>2026-07-21T16:54:40.000Z</time>
        <speed>0.765</speed>
      </trkpt>
      <trkpt lat="50.5976636" lon="-2.4597791">
        <ele>14.8</ele>
        <time>2026-07-21T16:54:45.000Z</time>
        <speed>0.868</speed>
      </trkpt>
      <trkpt lat="50.5976486" lon="-2.4598559">
        <ele>14.6</ele>
        <time>2026-07-21T16:54:50.000Z</time>
        <speed>1.073</speed>
      </trkpt>
      <trkpt lat="50.5976247" lon="-2.4599290">
        <ele>14.8</ele>
        <time>2026-07-21T16:54:55.000Z</time>
        <speed>1.110</speed>
      </trkpt>
      <trkpt lat="50.5976045" lon="-2.4599828">
        <ele>15.6</ele>
        <time>2026-07-21T16:55:00.000Z</time>
        <speed>1.082</speed>
      </trkpt>
      <trkpt lat="50.5975856" lon="-2.4600263">
        <ele>16.4</ele>
        <time>2026-07-21T16:55:05.000Z</time>
        <speed>0.989</speed>
      </trkpt>
      <trkpt lat="50.5975571" lon="-2.4600877">
        <ele>17.2</ele>
        <time>2026-07-21T16:55:10.000Z</time>
        <speed>1.026</speed>
      </trkpt>
      <trkpt lat="50.5975369" lon="-2.4601532">
        <ele>17.6</ele>
        <time>2026-07-21T16:55:15.000Z</time>
        <speed>1.026</speed>
      </trkpt>
      <trkpt lat="50.5975136" lon="-2.4602242">
        <ele>17.8</ele>
        <time>2026-07-21T16:55:20.000Z</time>
        <speed>0.998</speed>
      </trkpt>
      <trkpt lat="50.5974867" lon="-2.4602882">
        <ele>18.6</ele>
        <time>2026-07-21T16:55:25.000Z</time>
        <speed>0.998</speed>
      </trkpt>
      <trkpt lat="50.5974700" lon="-2.4603460">
        <ele>19.0</ele>
        <time>2026-07-21T16:55:30.000Z</time>
        <speed>0.980</speed>
      </trkpt>
      <trkpt lat="50.5974527" lon="-2.4603970">
        <ele>19.8</ele>
        <time>2026-07-21T16:55:35.000Z</time>
        <speed>0.924</speed>
      </trkpt>
      <trkpt lat="50.5974289" lon="-2.4604262">
        <ele>20.6</ele>
        <time>2026-07-21T16:55:40.000Z</time>
        <speed>0.840</speed>
      </trkpt>
      <trkpt lat="50.5973938" lon="-2.4604353">
        <ele>21.8</ele>
        <time>2026-07-21T16:55:45.000Z</time>
        <speed>0.756</speed>
      </trkpt>
      <trkpt lat="50.5973491" lon="-2.4604529">
        <ele>22.2</ele>
        <time>2026-07-21T16:55:50.000Z</time>
        <speed>0.830</speed>
      </trkpt>
      <trkpt lat="50.5973006" lon="-2.4604568">
        <ele>22.8</ele>
        <time>2026-07-21T16:55:55.000Z</time>
        <speed>0.886</speed>
      </trkpt>
      <trkpt lat="50.5972536" lon="-2.4604742">
        <ele>23.2</ele>
        <time>2026-07-21T16:56:00.000Z</time>
        <speed>0.933</speed>
      </trkpt>
      <trkpt lat="50.5972132" lon="-2.4605037">
        <ele>23.6</ele>
        <time>2026-07-21T16:56:05.000Z</time>
        <speed>0.942</speed>
      </trkpt>
      <trkpt lat="50.5971594" lon="-2.4605259">
        <ele>24.2</ele>
        <time>2026-07-21T16:56:10.000Z</time>
        <speed>0.970</speed>
      </trkpt>
      <trkpt lat="50.5971107" lon="-2.4605524">
        <ele>24.4</ele>
        <time>2026-07-21T16:56:15.000Z</time>
        <speed>1.026</speed>
      </trkpt>
      <trkpt lat="50.5970688" lon="-2.4605971">
        <ele>24.8</ele>
        <time>2026-07-21T16:56:20.000Z</time>
        <speed>1.054</speed>
      </trkpt>
      <trkpt lat="50.5970318" lon="-2.4606624">
        <ele>25.2</ele>
        <time>2026-07-21T16:56:25.000Z</time>
        <speed>1.082</speed>
      </trkpt>
      <trkpt lat="50.5969951" lon="-2.4607348">
        <ele>25.4</ele>
        <time>2026-07-21T16:56:30.000Z</time>
        <speed>1.129</speed>
      </trkpt>
      <trkpt lat="50.5969555" lon="-2.4607792">
        <ele>25.8</ele>
        <time>2026-07-21T16:56:35.000Z</time>
        <speed>1.157</speed>
      </trkpt>
      <trkpt lat="50.5969099" lon="-2.4608174">
        <ele>25.8</ele>
        <time>2026-07-21T16:56:40.000Z</time>
        <speed>1.166</speed>
      </trkpt>
      <trkpt lat="50.5968635" lon="-2.4608580">
        <ele>26.0</ele>
        <time>2026-07-21T16:56:45.000Z</time>
        <speed>1.148</speed>
      </trkpt>
      <trkpt lat="50.5968148" lon="-2.4608938">
        <ele>25.8</ele>
        <time>2026-07-21T16:56:50.000Z</time>
        <speed>1.166</speed>
      </trkpt>
      <trkpt lat="50.5967606" lon="-2.4609339">
        <ele>25.8</ele>
        <time>2026-07-21T16:56:55.000Z</time>
        <speed>1.232</speed>
      </trkpt>
      <trkpt lat="50.5967044" lon="-2.4609735">
        <ele>25.8</ele>
        <time>2026-07-21T16:57:00.000Z</time>
        <speed>1.260</speed>
      </trkpt>
      <trkpt lat="50.5966579" lon="-2.4610136">
        <ele>26.0</ele>
        <time>2026-07-21T16:57:05.000Z</time>
        <speed>1.241</speed>
      </trkpt>
      <trkpt lat="50.5966062" lon="-2.4610588">
        <ele>25.8</ele>
        <time>2026-07-21T16:57:10.000Z</time>
        <speed>1.232</speed>
      </trkpt>
      <trkpt lat="50.5965548" lon="-2.4610842">
        <ele>25.4</ele>
        <time>2026-07-21T16:57:15.000Z</time>
        <speed>1.232</speed>
      </trkpt>
      <trkpt lat="50.5965069" lon="-2.4611145">
        <ele>25.2</ele>
        <time>2026-07-21T16:57:20.000Z</time>
        <speed>1.241</speed>
      </trkpt>
      <trkpt lat="50.5964569" lon="-2.4611502">
        <ele>25.4</ele>
        <time>2026-07-21T16:57:25.000Z</time>
        <speed>1.204</speed>
      </trkpt>
      <trkpt lat="50.5964054" lon="-2.4611974">
        <ele>25.4</ele>
        <time>2026-07-21T16:57:30.000Z</time>
        <speed>1.250</speed>
      </trkpt>
      <trkpt lat="50.5963581" lon="-2.4612506">
        <ele>25.2</ele>
        <time>2026-07-21T16:57:35.000Z</time>
        <speed>1.241</speed>
      </trkpt>
      <trkpt lat="50.5963080" lon="-2.4612924">
        <ele>25.2</ele>
        <time>2026-07-21T16:57:40.000Z</time>
        <speed>1.260</speed>
      </trkpt>
      <trkpt lat="50.5962570" lon="-2.4613320">
        <ele>24.8</ele>
        <time>2026-07-21T16:57:45.000Z</time>
        <speed>1.260</speed>
      </trkpt>
      <trkpt lat="50.5962108" lon="-2.4613729">
        <ele>24.6</ele>
        <time>2026-07-21T16:57:50.000Z</time>
        <speed>1.260</speed>
      </trkpt>
      <trkpt lat="50.5961668" lon="-2.4614273">
        <ele>24.2</ele>
        <time>2026-07-21T16:57:55.000Z</time>
        <speed>1.269</speed>
      </trkpt>
      <trkpt lat="50.5961171" lon="-2.4614857">
        <ele>24.2</ele>
        <time>2026-07-21T16:58:00.000Z</time>
        <speed>1.250</speed>
      </trkpt>
      <trkpt lat="50.5960709" lon="-2.4615515">
        <ele>23.6</ele>
        <time>2026-07-21T16:58:05.000Z</time>
        <speed>1.269</speed>
      </trkpt>
      <trkpt lat="50.5960259" lon="-2.4616009">
        <ele>23.0</ele>
        <time>2026-07-21T16:58:10.000Z</time>
        <speed>1.241</speed>
      </trkpt>
      <trkpt lat="50.5959833" lon="-2.4616625">
        <ele>22.8</ele>
        <time>2026-07-21T16:58:15.000Z</time>
        <speed>1.250</speed>
      </trkpt>
      <trkpt lat="50.5959451" lon="-2.4617225">
        <ele>22.4</ele>
        <time>2026-07-21T16:58:20.000Z</time>
        <speed>1.241</speed>
      </trkpt>
      <trkpt lat="50.5959037" lon="-2.4617756">
        <ele>22.2</ele>
        <time>2026-07-21T16:58:25.000Z</time>
        <speed>1.241</speed>
      </trkpt>
      <trkpt lat="50.5958570" lon="-2.4618412">
        <ele>21.8</ele>
        <time>2026-07-21T16:58:30.000Z</time>
        <speed>1.232</speed>
      </trkpt>
      <trkpt lat="50.5958077" lon="-2.4618955">
        <ele>21.4</ele>
        <time>2026-07-21T16:58:35.000Z</time>
        <speed>1.250</speed>
      </trkpt>
      <trkpt lat="50.5957607" lon="-2.4619590">
        <ele>21.0</ele>
        <time>2026-07-21T16:58:40.000Z</time>
        <speed>1.269</speed>
      </trkpt>
      <trkpt lat="50.5957259" lon="-2.4620401">
        <ele>20.8</ele>
        <time>2026-07-21T16:58:45.000Z</time>
        <speed>1.278</speed>
      </trkpt>
      <trkpt lat="50.5957438" lon="-2.4621297">
        <ele>20.8</ele>
        <time>2026-07-21T16:58:50.000Z</time>
        <speed>1.288</speed>
      </trkpt>
      <trkpt lat="50.5957721" lon="-2.4622019">
        <ele>21.8</ele>
        <time>2026-07-21T16:58:55.000Z</time>
        <speed>1.297</speed>
      </trkpt>
      <trkpt lat="50.5957829" lon="-2.4622644">
        <ele>22.8</ele>
        <time>2026-07-21T16:59:00.000Z</time>
        <speed>1.185</speed>
      </trkpt>
      <trkpt lat="50.5957524" lon="-2.4623132">
        <ele>23.0</ele>
        <time>2026-07-21T16:59:05.000Z</time>
        <speed>1.110</speed>
      </trkpt>
      <trkpt lat="50.5957062" lon="-2.4623620">
        <ele>22.8</ele>
        <time>2026-07-21T16:59:10.000Z</time>
        <speed>1.129</speed>
      </trkpt>
      <trkpt lat="50.5956519" lon="-2.4624239">
        <ele>22.6</ele>
        <time>2026-07-21T16:59:15.000Z</time>
        <speed>1.204</speed>
      </trkpt>
      <trkpt lat="50.5956060" lon="-2.4624831">
        <ele>22.4</ele>
        <time>2026-07-21T16:59:20.000Z</time>
        <speed>1.250</speed>
      </trkpt>
      <trkpt lat="50.5955619" lon="-2.4625476">
        <ele>22.6</ele>
        <time>2026-07-21T16:59:25.000Z</time>
        <speed>1.250</speed>
      </trkpt>
      <trkpt lat="50.5955152" lon="-2.4626125">
        <ele>22.6</ele>
        <time>2026-07-21T16:59:30.000Z</time>
        <speed>1.260</speed>
      </trkpt>
      <trkpt lat="50.5954666" lon="-2.4626740">
        <ele>22.4</ele>
        <time>2026-07-21T16:59:35.000Z</time>
        <speed>1.306</speed>
      </trkpt>
      <trkpt lat="50.5954223" lon="-2.4627316">
        <ele>22.2</ele>
        <time>2026-07-21T16:59:40.000Z</time>
        <speed>1.297</speed>
      </trkpt>
      <trkpt lat="50.5953760" lon="-2.4627912">
        <ele>22.0</ele>
        <time>2026-07-21T16:59:45.000Z</time>
        <speed>1.334</speed>
      </trkpt>
      <trkpt lat="50.5953380" lon="-2.4628487">
        <ele>22.0</ele>
        <time>2026-07-21T16:59:50.000Z</time>
        <speed>1.325</speed>
      </trkpt>
      <trkpt lat="50.5952837" lon="-2.4629060">
        <ele>22.0</ele>
        <time>2026-07-21T16:59:55.000Z</time>
        <speed>1.325</speed>
      </trkpt>
      <trkpt lat="50.5952362" lon="-2.4629618">
        <ele>22.0</ele>
        <time>2026-07-21T17:00:00.000Z</time>
        <speed>1.409</speed>
      </trkpt>
      <trkpt lat="50.5951948" lon="-2.4630170">
        <ele>21.8</ele>
        <time>2026-07-21T17:00:05.000Z</time>
        <speed>1.297</speed>
      </trkpt>
      <trkpt lat="50.5951507" lon="-2.4630821">
        <ele>21.4</ele>
        <time>2026-07-21T17:00:10.000Z</time>
        <speed>1.325</speed>
      </trkpt>
      <trkpt lat="50.5951100" lon="-2.4631491">
        <ele>21.2</ele>
        <time>2026-07-21T17:00:15.000Z</time>
        <speed>1.344</speed>
      </trkpt>
      <trkpt lat="50.5950706" lon="-2.4632128">
        <ele>20.4</ele>
        <time>2026-07-21T17:00:20.000Z</time>
        <speed>1.325</speed>
      </trkpt>
      <trkpt lat="50.5950361" lon="-2.4632666">
        <ele>20.4</ele>
        <time>2026-07-21T17:00:25.000Z</time>
        <speed>1.334</speed>
      </trkpt>
      <trkpt lat="50.5950002" lon="-2.4633289">
        <ele>20.2</ele>
        <time>2026-07-21T17:00:30.000Z</time>
        <speed>1.288</speed>
      </trkpt>
      <trkpt lat="50.5949639" lon="-2.4633979">
        <ele>20.2</ele>
        <time>2026-07-21T17:00:35.000Z</time>
        <speed>1.278</speed>
      </trkpt>
      <trkpt lat="50.5949176" lon="-2.4634537">
        <ele>20.2</ele>
        <time>2026-07-21T17:00:40.000Z</time>
        <speed>1.288</speed>
      </trkpt>
      <trkpt lat="50.5948775" lon="-2.4635185">
        <ele>20.2</ele>
        <time>2026-07-21T17:00:45.000Z</time>
        <speed>1.288</speed>
      </trkpt>
      <trkpt lat="50.5948391" lon="-2.4635883">
        <ele>20.0</ele>
        <time>2026-07-21T17:00:50.000Z</time>
        <speed>1.297</speed>
      </trkpt>
      <trkpt lat="50.5947978" lon="-2.4636562">
        <ele>19.8</ele>
        <time>2026-07-21T17:00:55.000Z</time>
        <speed>1.297</speed>
      </trkpt>
      <trkpt lat="50.5947568" lon="-2.4637133">
        <ele>19.4</ele>
        <time>2026-07-21T17:01:00.000Z</time>
        <speed>1.288</speed>
      </trkpt>
      <trkpt lat="50.5947122" lon="-2.4637775">
        <ele>19.4</ele>
        <time>2026-07-21T17:01:05.000Z</time>
        <speed>1.297</speed>
      </trkpt>
      <trkpt lat="50.5946772" lon="-2.4638455">
        <ele>19.4</ele>
        <time>2026-07-21T17:01:10.000Z</time>
        <speed>1.306</speed>
      </trkpt>
      <trkpt lat="50.5946413" lon="-2.4639195">
        <ele>19.0</ele>
        <time>2026-07-21T17:01:15.000Z</time>
        <speed>1.306</speed>
      </trkpt>
      <trkpt lat="50.5946016" lon="-2.4639865">
        <ele>19.2</ele>
        <time>2026-07-21T17:01:20.000Z</time>
        <speed>1.306</speed>
      </trkpt>
      <trkpt lat="50.5945628" lon="-2.4640629">
        <ele>19.6</ele>
        <time>2026-07-21T17:01:25.000Z</time>
        <speed>1.306</speed>
      </trkpt>
      <trkpt lat="50.5945200" lon="-2.4641433">
        <ele>19.6</ele>
        <time>2026-07-21T17:01:30.000Z</time>
        <speed>1.334</speed>
      </trkpt>
      <trkpt lat="50.5944810" lon="-2.4642104">
        <ele>19.6</ele>
        <time>2026-07-21T17:01:35.000Z</time>
        <speed>1.334</speed>
      </trkpt>
      <trkpt lat="50.5944294" lon="-2.4642756">
        <ele>19.2</ele>
        <time>2026-07-21T17:01:40.000Z</time>
        <speed>1.353</speed>
      </trkpt>
      <trkpt lat="50.5943814" lon="-2.4643308">
        <ele>19.2</ele>
        <time>2026-07-21T17:01:45.000Z</time>
        <speed>1.353</speed>
      </trkpt>
      <trkpt lat="50.5943292" lon="-2.4643947">
        <ele>19.0</ele>
        <time>2026-07-21T17:01:50.000Z</time>
        <speed>1.344</speed>
      </trkpt>
      <trkpt lat="50.5942845" lon="-2.4644542">
        <ele>19.0</ele>
        <time>2026-07-21T17:01:55.000Z</time>
        <speed>1.334</speed>
      </trkpt>
      <trkpt lat="50.5942413" lon="-2.4645294">
        <ele>18.8</ele>
        <time>2026-07-21T17:02:00.000Z</time>
        <speed>1.353</speed>
      </trkpt>
      <trkpt lat="50.5942051" lon="-2.4645967">
        <ele>18.6</ele>
        <time>2026-07-21T17:02:05.000Z</time>
        <speed>1.344</speed>
      </trkpt>
      <trkpt lat="50.5941611" lon="-2.4646673">
        <ele>18.4</ele>
        <time>2026-07-21T17:02:10.000Z</time>
        <speed>1.353</speed>
      </trkpt>
      <trkpt lat="50.5941165" lon="-2.4647282">
        <ele>18.2</ele>
        <time>2026-07-21T17:02:15.000Z</time>
        <speed>1.362</speed>
      </trkpt>
      <trkpt lat="50.5940656" lon="-2.4647824">
        <ele>18.6</ele>
        <time>2026-07-21T17:02:20.000Z</time>
        <speed>1.353</speed>
      </trkpt>
      <trkpt lat="50.5940169" lon="-2.4648337">
        <ele>18.6</ele>
        <time>2026-07-21T17:02:25.000Z</time>
        <speed>1.334</speed>
      </trkpt>
      <trkpt lat="50.5939614" lon="-2.4648805">
        <ele>18.2</ele>
        <time>2026-07-21T17:02:30.000Z</time>
        <speed>1.362</speed>
      </trkpt>
      <trkpt lat="50.5939166" lon="-2.4649386">
        <ele>18.2</ele>
        <time>2026-07-21T17:02:35.000Z</time>
        <speed>1.362</speed>
      </trkpt>
      <trkpt lat="50.5938642" lon="-2.4649999">
        <ele>18.2</ele>
        <time>2026-07-21T17:02:40.000Z</time>
        <speed>1.372</speed>
      </trkpt>
      <trkpt lat="50.5938237" lon="-2.4650572">
        <ele>18.4</ele>
        <time>2026-07-21T17:02:45.000Z</time>
        <speed>1.353</speed>
      </trkpt>
      <trkpt lat="50.5937725" lon="-2.4651176">
        <ele>18.0</ele>
        <time>2026-07-21T17:02:50.000Z</time>
        <speed>1.372</speed>
      </trkpt>
      <trkpt lat="50.5937252" lon="-2.4651762">
        <ele>17.8</ele>
        <time>2026-07-21T17:02:55.000Z</time>
        <speed>1.362</speed>
      </trkpt>
      <trkpt lat="50.5936757" lon="-2.4652286">
        <ele>17.8</ele>
        <time>2026-07-21T17:03:00.000Z</time>
        <speed>1.353</speed>
      </trkpt>
      <trkpt lat="50.5936254" lon="-2.4652874">
        <ele>18.2</ele>
        <time>2026-07-21T17:03:05.000Z</time>
        <speed>1.344</speed>
      </trkpt>
      <trkpt lat="50.5935771" lon="-2.4653398">
        <ele>18.0</ele>
        <time>2026-07-21T17:03:10.000Z</time>
        <speed>1.362</speed>
      </trkpt>
      <trkpt lat="50.5935213" lon="-2.4653962">
        <ele>17.8</ele>
        <time>2026-07-21T17:03:15.000Z</time>
        <speed>1.372</speed>
      </trkpt>
      <trkpt lat="50.5934685" lon="-2.4654485">
        <ele>17.4</ele>
        <time>2026-07-21T17:03:20.000Z</time>
        <speed>1.372</speed>
      </trkpt>
      <trkpt lat="50.5934156" lon="-2.4655071">
        <ele>17.4</ele>
        <time>2026-07-21T17:03:25.000Z</time>
        <speed>1.381</speed>
      </trkpt>
      <trkpt lat="50.5933658" lon="-2.4655515">
        <ele>16.8</ele>
        <time>2026-07-21T17:03:30.000Z</time>
        <speed>1.390</speed>
      </trkpt>
      <trkpt lat="50.5933160" lon="-2.4655998">
        <ele>17.6</ele>
        <time>2026-07-21T17:03:35.000Z</time>
        <speed>1.353</speed>
      </trkpt>
      <trkpt lat="50.5932671" lon="-2.4656525">
        <ele>16.8</ele>
        <time>2026-07-21T17:03:40.000Z</time>
        <speed>1.362</speed>
      </trkpt>
      <trkpt lat="50.5932193" lon="-2.4657095">
        <ele>17.2</ele>
        <time>2026-07-21T17:03:45.000Z</time>
        <speed>1.353</speed>
      </trkpt>
      <trkpt lat="50.5931717" lon="-2.4657600">
        <ele>17.0</ele>
        <time>2026-07-21T17:03:50.000Z</time>
        <speed>1.390</speed>
      </trkpt>
      <trkpt lat="50.5931175" lon="-2.4658140">
        <ele>17.2</ele>
        <time>2026-07-21T17:03:55.000Z</time>
        <speed>1.344</speed>
      </trkpt>
      <trkpt lat="50.5930686" lon="-2.4658664">
        <ele>16.8</ele>
        <time>2026-07-21T17:04:00.000Z</time>
        <speed>1.362</speed>
      </trkpt>
      <trkpt lat="50.5930176" lon="-2.4659268">
        <ele>16.6</ele>
        <time>2026-07-21T17:04:05.000Z</time>
        <speed>1.362</speed>
      </trkpt>
      <trkpt lat="50.5929619" lon="-2.4659834">
        <ele>16.2</ele>
        <time>2026-07-21T17:04:10.000Z</time>
        <speed>1.362</speed>
      </trkpt>
      <trkpt lat="50.5929105" lon="-2.4660305">
        <ele>15.6</ele>
        <time>2026-07-21T17:04:15.000Z</time>
        <speed>1.381</speed>
      </trkpt>
      <trkpt lat="50.5928555" lon="-2.4660758">
        <ele>16.2</ele>
        <time>2026-07-21T17:04:20.000Z</time>
        <speed>1.381</speed>
      </trkpt>
      <trkpt lat="50.5928113" lon="-2.4661188">
        <ele>16.0</ele>
        <time>2026-07-21T17:04:25.000Z</time>
        <speed>1.353</speed>
      </trkpt>
      <trkpt lat="50.5927533" lon="-2.4661676">
        <ele>16.2</ele>
        <time>2026-07-21T17:04:30.000Z</time>
        <speed>1.344</speed>
      </trkpt>
      <trkpt lat="50.5927015" lon="-2.4662095">
        <ele>15.8</ele>
        <time>2026-07-21T17:04:35.000Z</time>
        <speed>1.334</speed>
      </trkpt>
      <trkpt lat="50.5926463" lon="-2.4662526">
        <ele>15.4</ele>
        <time>2026-07-21T17:04:40.000Z</time>
        <speed>1.353</speed>
      </trkpt>
      <trkpt lat="50.5925992" lon="-2.4662945">
        <ele>15.2</ele>
        <time>2026-07-21T17:04:45.000Z</time>
        <speed>1.353</speed>
      </trkpt>
      <trkpt lat="50.5925435" lon="-2.4663351">
        <ele>15.0</ele>
        <time>2026-07-21T17:04:50.000Z</time>
        <speed>1.344</speed>
      </trkpt>
      <trkpt lat="50.5924895" lon="-2.4663704">
        <ele>15.2</ele>
        <time>2026-07-21T17:04:55.000Z</time>
        <speed>1.316</speed>
      </trkpt>
      <trkpt lat="50.5924262" lon="-2.4664259">
        <ele>15.0</ele>
        <time>2026-07-21T17:05:00.000Z</time>
        <speed>1.334</speed>
      </trkpt>
      <trkpt lat="50.5923693" lon="-2.4664675">
        <ele>14.8</ele>
        <time>2026-07-21T17:05:05.000Z</time>
        <speed>1.353</speed>
      </trkpt>
      <trkpt lat="50.5923136" lon="-2.4665091">
        <ele>14.8</ele>
        <time>2026-07-21T17:05:10.000Z</time>
        <speed>1.353</speed>
      </trkpt>
      <trkpt lat="50.5922610" lon="-2.4665469">
        <ele>14.8</ele>
        <time>2026-07-21T17:05:15.000Z</time>
        <speed>1.344</speed>
      </trkpt>
      <trkpt lat="50.5922045" lon="-2.4665860">
        <ele>14.8</ele>
        <time>2026-07-21T17:05:20.000Z</time>
        <speed>1.362</speed>
      </trkpt>
      <trkpt lat="50.5921503" lon="-2.4666199">
        <ele>14.6</ele>
        <time>2026-07-21T17:05:25.000Z</time>
        <speed>1.372</speed>
      </trkpt>
      <trkpt lat="50.5920928" lon="-2.4666566">
        <ele>15.0</ele>
        <time>2026-07-21T17:05:30.000Z</time>
        <speed>1.381</speed>
      </trkpt>
      <trkpt lat="50.5920422" lon="-2.4666914">
        <ele>14.6</ele>
        <time>2026-07-21T17:05:35.000Z</time>
        <speed>1.372</speed>
      </trkpt>
      <trkpt lat="50.5919839" lon="-2.4667354">
        <ele>14.6</ele>
        <time>2026-07-21T17:05:40.000Z</time>
        <speed>1.334</speed>
      </trkpt>
      <trkpt lat="50.5919322" lon="-2.4667726">
        <ele>14.6</ele>
        <time>2026-07-21T17:05:45.000Z</time>
        <speed>1.325</speed>
      </trkpt>
      <trkpt lat="50.5918731" lon="-2.4668102">
        <ele>14.2</ele>
        <time>2026-07-21T17:05:50.000Z</time>
        <speed>1.325</speed>
      </trkpt>
      <trkpt lat="50.5918160" lon="-2.4668405">
        <ele>13.8</ele>
        <time>2026-07-21T17:05:55.000Z</time>
        <speed>1.325</speed>
      </trkpt>
      <trkpt lat="50.5917531" lon="-2.4668664">
        <ele>14.0</ele>
        <time>2026-07-21T17:06:00.000Z</time>
        <speed>1.316</speed>
      </trkpt>
      <trkpt lat="50.5916915" lon="-2.4668909">
        <ele>13.6</ele>
        <time>2026-07-21T17:06:05.000Z</time>
        <speed>1.344</speed>
      </trkpt>
      <trkpt lat="50.5916374" lon="-2.4669202">
        <ele>13.6</ele>
        <time>2026-07-21T17:06:10.000Z</time>
        <speed>1.334</speed>
      </trkpt>
      <trkpt lat="50.5915761" lon="-2.4669501">
        <ele>13.4</ele>
        <time>2026-07-21T17:06:15.000Z</time>
        <speed>1.344</speed>
      </trkpt>
      <trkpt lat="50.5915158" lon="-2.4669776">
        <ele>13.6</ele>
        <time>2026-07-21T17:06:20.000Z</time>
        <speed>1.353</speed>
      </trkpt>
      <trkpt lat="50.5914503" lon="-2.4670030">
        <ele>13.2</ele>
        <time>2026-07-21T17:06:25.000Z</time>
        <speed>1.400</speed>
      </trkpt>
      <trkpt lat="50.5913956" lon="-2.4670243">
        <ele>12.8</ele>
        <time>2026-07-21T17:06:30.000Z</time>
        <speed>1.400</speed>
      </trkpt>
      <trkpt lat="50.5913353" lon="-2.4670451">
        <ele>13.6</ele>
        <time>2026-07-21T17:06:35.000Z</time>
        <speed>1.400</speed>
      </trkpt>
      <trkpt lat="50.5912877" lon="-2.4670746">
        <ele>13.6</ele>
        <time>2026-07-21T17:06:40.000Z</time>
        <speed>1.353</speed>
      </trkpt>
      <trkpt lat="50.5912158" lon="-2.4671039">
        <ele>13.6</ele>
        <time>2026-07-21T17:06:45.000Z</time>
        <speed>1.362</speed>
      </trkpt>
      <trkpt lat="50.5911653" lon="-2.4671302">
        <ele>13.6</ele>
        <time>2026-07-21T17:06:50.000Z</time>
        <speed>1.372</speed>
      </trkpt>
      <trkpt lat="50.5911071" lon="-2.4671577">
        <ele>13.4</ele>
        <time>2026-07-21T17:06:55.000Z</time>
        <speed>1.390</speed>
      </trkpt>
      <trkpt lat="50.5910488" lon="-2.4671904">
        <ele>13.4</ele>
        <time>2026-07-21T17:07:00.000Z</time>
        <speed>1.362</speed>
      </trkpt>
      <trkpt lat="50.5909872" lon="-2.4672197">
        <ele>13.2</ele>
        <time>2026-07-21T17:07:05.000Z</time>
        <speed>1.390</speed>
      </trkpt>
      <trkpt lat="50.5909297" lon="-2.4672471">
        <ele>13.0</ele>
        <time>2026-07-21T17:07:10.000Z</time>
        <speed>1.372</speed>
      </trkpt>
      <trkpt lat="50.5908686" lon="-2.4672712">
        <ele>13.0</ele>
        <time>2026-07-21T17:07:15.000Z</time>
        <speed>1.390</speed>
      </trkpt>
      <trkpt lat="50.5908092" lon="-2.4672869">
        <ele>13.2</ele>
        <time>2026-07-21T17:07:20.000Z</time>
        <speed>1.381</speed>
      </trkpt>
      <trkpt lat="50.5907464" lon="-2.4672935">
        <ele>12.8</ele>
        <time>2026-07-21T17:07:25.000Z</time>
        <speed>1.400</speed>
      </trkpt>
      <trkpt lat="50.5906893" lon="-2.4673157">
        <ele>13.0</ele>
        <time>2026-07-21T17:07:30.000Z</time>
        <speed>1.381</speed>
      </trkpt>
      <trkpt lat="50.5906287" lon="-2.4673448">
        <ele>12.8</ele>
        <time>2026-07-21T17:07:35.000Z</time>
        <speed>1.390</speed>
      </trkpt>
      <trkpt lat="50.5905693" lon="-2.4673747">
        <ele>12.2</ele>
        <time>2026-07-21T17:07:40.000Z</time>
        <speed>1.390</speed>
      </trkpt>
      <trkpt lat="50.5905101" lon="-2.4674045">
        <ele>12.4</ele>
        <time>2026-07-21T17:07:45.000Z</time>
        <speed>1.400</speed>
      </trkpt>
      <trkpt lat="50.5904557" lon="-2.4674311">
        <ele>12.4</ele>
        <time>2026-07-21T17:07:50.000Z</time>
        <speed>1.381</speed>
      </trkpt>
      <trkpt lat="50.5904005" lon="-2.4674584">
        <ele>12.2</ele>
        <time>2026-07-21T17:07:55.000Z</time>
        <speed>1.381</speed>
      </trkpt>
      <trkpt lat="50.5903394" lon="-2.4674843">
        <ele>12.0</ele>
        <time>2026-07-21T17:08:00.000Z</time>
        <speed>1.372</speed>
      </trkpt>
      <trkpt lat="50.5902770" lon="-2.4675163">
        <ele>11.8</ele>
        <time>2026-07-21T17:08:05.000Z</time>
        <speed>1.362</speed>
      </trkpt>
      <trkpt lat="50.5902206" lon="-2.4675479">
        <ele>11.4</ele>
        <time>2026-07-21T17:08:10.000Z</time>
        <speed>1.372</speed>
      </trkpt>
      <trkpt lat="50.5901633" lon="-2.4675786">
        <ele>12.0</ele>
        <time>2026-07-21T17:08:15.000Z</time>
        <speed>1.372</speed>
      </trkpt>
      <trkpt lat="50.5901066" lon="-2.4676040">
        <ele>11.8</ele>
        <time>2026-07-21T17:08:20.000Z</time>
        <speed>1.372</speed>
      </trkpt>
      <trkpt lat="50.5900513" lon="-2.4676304">
        <ele>11.6</ele>
        <time>2026-07-21T17:08:25.000Z</time>
        <speed>1.362</speed>
      </trkpt>
      <trkpt lat="50.5899906" lon="-2.4676583">
        <ele>11.6</ele>
        <time>2026-07-21T17:08:30.000Z</time>
        <speed>1.353</speed>
      </trkpt>
      <trkpt lat="50.5899313" lon="-2.4676885">
        <ele>12.4</ele>
        <time>2026-07-21T17:08:35.000Z</time>
        <speed>1.353</speed>
      </trkpt>
      <trkpt lat="50.5898725" lon="-2.4677164">
        <ele>11.4</ele>
        <time>2026-07-21T17:08:40.000Z</time>
        <speed>1.353</speed>
      </trkpt>
      <trkpt lat="50.5898186" lon="-2.4677437">
        <ele>12.2</ele>
        <time>2026-07-21T17:08:45.000Z</time>
        <speed>1.306</speed>
      </trkpt>
      <trkpt lat="50.5897577" lon="-2.4677715">
        <ele>12.2</ele>
        <time>2026-07-21T17:08:50.000Z</time>
        <speed>1.344</speed>
      </trkpt>
      <trkpt lat="50.5897041" lon="-2.4678061">
        <ele>12.0</ele>
        <time>2026-07-21T17:08:55.000Z</time>
        <speed>1.297</speed>
      </trkpt>
      <trkpt lat="50.5896431" lon="-2.4678349">
        <ele>12.0</ele>
        <time>2026-07-21T17:09:00.000Z</time>
        <speed>1.325</speed>
      </trkpt>
      <trkpt lat="50.5895887" lon="-2.4678641">
        <ele>11.4</ele>
        <time>2026-07-21T17:09:05.000Z</time>
        <speed>1.316</speed>
      </trkpt>
      <trkpt lat="50.5895309" lon="-2.4678915">
        <ele>11.4</ele>
        <time>2026-07-21T17:09:10.000Z</time>
        <speed>1.325</speed>
      </trkpt>
      <trkpt lat="50.5894690" lon="-2.4679200">
        <ele>11.6</ele>
        <time>2026-07-21T17:09:15.000Z</time>
        <speed>1.334</speed>
      </trkpt>
      <trkpt lat="50.5894062" lon="-2.4679592">
        <ele>11.8</ele>
        <time>2026-07-21T17:09:20.000Z</time>
        <speed>1.344</speed>
      </trkpt>
      <trkpt lat="50.5893484" lon="-2.4679870">
        <ele>11.6</ele>
        <time>2026-07-21T17:09:25.000Z</time>
        <speed>1.344</speed>
      </trkpt>
      <trkpt lat="50.5892884" lon="-2.4680153">
        <ele>11.4</ele>
        <time>2026-07-21T17:09:30.000Z</time>
        <speed>1.353</speed>
      </trkpt>
      <trkpt lat="50.5892313" lon="-2.4680415">
        <ele>11.6</ele>
        <time>2026-07-21T17:09:35.000Z</time>
        <speed>1.353</speed>
      </trkpt>
      <trkpt lat="50.5891732" lon="-2.4680714">
        <ele>11.4</ele>
        <time>2026-07-21T17:09:40.000Z</time>
        <speed>1.362</speed>
      </trkpt>
      <trkpt lat="50.5891053" lon="-2.4681064">
        <ele>10.8</ele>
        <time>2026-07-21T17:09:45.000Z</time>
        <speed>1.390</speed>
      </trkpt>
      <trkpt lat="50.5890515" lon="-2.4681254">
        <ele>11.4</ele>
        <time>2026-07-21T17:09:50.000Z</time>
        <speed>1.400</speed>
      </trkpt>
      <trkpt lat="50.5889838" lon="-2.4681593">
        <ele>11.4</ele>
        <time>2026-07-21T17:09:55.000Z</time>
        <speed>1.400</speed>
      </trkpt>
      <trkpt lat="50.5889231" lon="-2.4681889">
        <ele>11.2</ele>
        <time>2026-07-21T17:10:00.000Z</time>
        <speed>1.437</speed>
      </trkpt>
      <trkpt lat="50.5888654" lon="-2.4682229">
        <ele>11.0</ele>
        <time>2026-07-21T17:10:05.000Z</time>
        <speed>1.428</speed>
      </trkpt>
      <trkpt lat="50.5887984" lon="-2.4682498">
        <ele>11.2</ele>
        <time>2026-07-21T17:10:10.000Z</time>
        <speed>1.437</speed>
      </trkpt>
      <trkpt lat="50.5887431" lon="-2.4682858">
        <ele>11.2</ele>
        <time>2026-07-21T17:10:15.000Z</time>
        <speed>1.437</speed>
      </trkpt>
      <trkpt lat="50.5886824" lon="-2.4683189">
        <ele>11.0</ele>
        <time>2026-07-21T17:10:20.000Z</time>
        <speed>1.437</speed>
      </trkpt>
      <trkpt lat="50.5886278" lon="-2.4683480">
        <ele>11.0</ele>
        <time>2026-07-21T17:10:25.000Z</time>
        <speed>1.409</speed>
      </trkpt>
      <trkpt lat="50.5885669" lon="-2.4683798">
        <ele>11.0</ele>
        <time>2026-07-21T17:10:30.000Z</time>
        <speed>1.400</speed>
      </trkpt>
      <trkpt lat="50.5885094" lon="-2.4684079">
        <ele>10.8</ele>
        <time>2026-07-21T17:10:35.000Z</time>
        <speed>1.390</speed>
      </trkpt>
      <trkpt lat="50.5884390" lon="-2.4684371">
        <ele>10.8</ele>
        <time>2026-07-21T17:10:40.000Z</time>
        <speed>1.400</speed>
      </trkpt>
      <trkpt lat="50.5883829" lon="-2.4684641">
        <ele>10.8</ele>
        <time>2026-07-21T17:10:45.000Z</time>
        <speed>1.418</speed>
      </trkpt>
      <trkpt lat="50.5883208" lon="-2.4685020">
        <ele>10.4</ele>
        <time>2026-07-21T17:10:50.000Z</time>
        <speed>1.409</speed>
      </trkpt>
      <trkpt lat="50.5882599" lon="-2.4685266">
        <ele>9.4</ele>
        <time>2026-07-21T17:10:55.000Z</time>
        <speed>1.418</speed>
      </trkpt>
      <trkpt lat="50.5882062" lon="-2.4685491">
        <ele>10.2</ele>
        <time>2026-07-21T17:11:00.000Z</time>
        <speed>1.381</speed>
      </trkpt>
      <trkpt lat="50.5881390" lon="-2.4685771">
        <ele>10.0</ele>
        <time>2026-07-21T17:11:05.000Z</time>
        <speed>1.381</speed>
      </trkpt>
      <trkpt lat="50.5880872" lon="-2.4686048">
        <ele>10.2</ele>
        <time>2026-07-21T17:11:10.000Z</time>
        <speed>1.381</speed>
      </trkpt>
      <trkpt lat="50.5880250" lon="-2.4686465">
        <ele>10.2</ele>
        <time>2026-07-21T17:11:15.000Z</time>
        <speed>1.390</speed>
      </trkpt>
      <trkpt lat="50.5879719" lon="-2.4686734">
        <ele>10.0</ele>
        <time>2026-07-21T17:11:20.000Z</time>
        <speed>1.390</speed>
      </trkpt>
      <trkpt lat="50.5879113" lon="-2.4687012">
        <ele>9.8</ele>
        <time>2026-07-21T17:11:25.000Z</time>
        <speed>1.381</speed>
      </trkpt>
      <trkpt lat="50.5878501" lon="-2.4687307">
        <ele>10.0</ele>
        <time>2026-07-21T17:11:30.000Z</time>
        <speed>1.400</speed>
      </trkpt>
      <trkpt lat="50.5877925" lon="-2.4687608">
        <ele>10.0</ele>
        <time>2026-07-21T17:11:35.000Z</time>
        <speed>1.381</speed>
      </trkpt>
      <trkpt lat="50.5877290" lon="-2.4687855">
        <ele>10.0</ele>
        <time>2026-07-21T17:11:40.000Z</time>
        <speed>1.381</speed>
      </trkpt>
      <trkpt lat="50.5876764" lon="-2.4688179">
        <ele>9.4</ele>
        <time>2026-07-21T17:11:45.000Z</time>
        <speed>1.362</speed>
      </trkpt>
      <trkpt lat="50.5876128" lon="-2.4688505">
        <ele>9.4</ele>
        <time>2026-07-21T17:11:50.000Z</time>
        <speed>1.372</speed>
      </trkpt>
      <trkpt lat="50.5875584" lon="-2.4688833">
        <ele>9.4</ele>
        <time>2026-07-21T17:11:55.000Z</time>
        <speed>1.372</speed>
      </trkpt>
      <trkpt lat="50.5874897" lon="-2.4689170">
        <ele>9.4</ele>
        <time>2026-07-21T17:12:00.000Z</time>
        <speed>1.381</speed>
      </trkpt>
      <trkpt lat="50.5874328" lon="-2.4689435">
        <ele>9.2</ele>
        <time>2026-07-21T17:12:05.000Z</time>
        <speed>1.390</speed>
      </trkpt>
      <trkpt lat="50.5873727" lon="-2.4689718">
        <ele>9.0</ele>
        <time>2026-07-21T17:12:10.000Z</time>
        <speed>1.400</speed>
      </trkpt>
      <trkpt lat="50.5873166" lon="-2.4689927">
        <ele>8.8</ele>
        <time>2026-07-21T17:12:15.000Z</time>
        <speed>1.400</speed>
      </trkpt>
      <trkpt lat="50.5872542" lon="-2.4690216">
        <ele>9.0</ele>
        <time>2026-07-21T17:12:20.000Z</time>
        <speed>1.409</speed>
      </trkpt>
      <trkpt lat="50.5871959" lon="-2.4690485">
        <ele>9.2</ele>
        <time>2026-07-21T17:12:25.000Z</time>
        <speed>1.418</speed>
      </trkpt>
      <trkpt lat="50.5871394" lon="-2.4690989">
        <ele>8.6</ele>
        <time>2026-07-21T17:12:30.000Z</time>
        <speed>1.409</speed>
      </trkpt>
      <trkpt lat="50.5870858" lon="-2.4691572">
        <ele>8.6</ele>
        <time>2026-07-21T17:12:35.000Z</time>
        <speed>1.418</speed>
      </trkpt>
      <trkpt lat="50.5870383" lon="-2.4692245">
        <ele>8.6</ele>
        <time>2026-07-21T17:12:40.000Z</time>
        <speed>1.418</speed>
      </trkpt>
      <trkpt lat="50.5869890" lon="-2.4692840">
        <ele>8.2</ele>
        <time>2026-07-21T17:12:45.000Z</time>
        <speed>1.428</speed>
      </trkpt>
      <trkpt lat="50.5869352" lon="-2.4693246">
        <ele>8.2</ele>
        <time>2026-07-21T17:12:50.000Z</time>
        <speed>1.418</speed>
      </trkpt>
      <trkpt lat="50.5868700" lon="-2.4693504">
        <ele>8.0</ele>
        <time>2026-07-21T17:12:55.000Z</time>
        <speed>1.437</speed>
      </trkpt>
      <trkpt lat="50.5868152" lon="-2.4693789">
        <ele>8.2</ele>
        <time>2026-07-21T17:13:00.000Z</time>
        <speed>1.409</speed>
      </trkpt>
      <trkpt lat="50.5867535" lon="-2.4694181">
        <ele>8.0</ele>
        <time>2026-07-21T17:13:05.000Z</time>
        <speed>1.400</speed>
      </trkpt>
      <trkpt lat="50.5866971" lon="-2.4694518">
        <ele>7.8</ele>
        <time>2026-07-21T17:13:10.000Z</time>
        <speed>1.409</speed>
      </trkpt>
      <trkpt lat="50.5866415" lon="-2.4694938">
        <ele>7.8</ele>
        <time>2026-07-21T17:13:15.000Z</time>
        <speed>1.409</speed>
      </trkpt>
      <trkpt lat="50.5865901" lon="-2.4695191">
        <ele>7.6</ele>
        <time>2026-07-21T17:13:20.000Z</time>
        <speed>1.400</speed>
      </trkpt>
      <trkpt lat="50.5865298" lon="-2.4695507">
        <ele>7.4</ele>
        <time>2026-07-21T17:13:25.000Z</time>
        <speed>1.381</speed>
      </trkpt>
      <trkpt lat="50.5864725" lon="-2.4695770">
        <ele>7.0</ele>
        <time>2026-07-21T17:13:30.000Z</time>
        <speed>1.409</speed>
      </trkpt>
      <trkpt lat="50.5864142" lon="-2.4696160">
        <ele>7.0</ele>
        <time>2026-07-21T17:13:35.000Z</time>
        <speed>1.390</speed>
      </trkpt>
      <trkpt lat="50.5863600" lon="-2.4696543">
        <ele>7.4</ele>
        <time>2026-07-21T17:13:40.000Z</time>
        <speed>1.400</speed>
      </trkpt>
      <trkpt lat="50.5863035" lon="-2.4696978">
        <ele>7.2</ele>
        <time>2026-07-21T17:13:45.000Z</time>
        <speed>1.362</speed>
      </trkpt>
      <trkpt lat="50.5862401" lon="-2.4697255">
        <ele>7.4</ele>
        <time>2026-07-21T17:13:50.000Z</time>
        <speed>1.381</speed>
      </trkpt>
      <trkpt lat="50.5861887" lon="-2.4697496">
        <ele>7.4</ele>
        <time>2026-07-21T17:13:55.000Z</time>
        <speed>1.353</speed>
      </trkpt>
      <trkpt lat="50.5861352" lon="-2.4697812">
        <ele>7.2</ele>
        <time>2026-07-21T17:14:00.000Z</time>
        <speed>1.362</speed>
      </trkpt>
      <trkpt lat="50.5861104" lon="-2.4698408">
        <ele>7.0</ele>
        <time>2026-07-21T17:14:05.000Z</time>
        <speed>1.316</speed>
      </trkpt>
      <trkpt lat="50.5861227" lon="-2.4699026">
        <ele>6.2</ele>
        <time>2026-07-21T17:14:10.000Z</time>
        <speed>1.269</speed>
      </trkpt>
      <trkpt lat="50.5860969" lon="-2.4699209">
        <ele>5.8</ele>
        <time>2026-07-21T17:14:15.000Z</time>
        <speed>1.120</speed>
      </trkpt>
      <trkpt lat="50.5860407" lon="-2.4699428">
        <ele>5.6</ele>
        <time>2026-07-21T17:14:20.000Z</time>
        <speed>1.232</speed>
      </trkpt>
      <trkpt lat="50.5860057" lon="-2.4700245">
        <ele>5.8</ele>
        <time>2026-07-21T17:14:25.000Z</time>
        <speed>1.176</speed>
      </trkpt>
      <trkpt lat="50.5859710" lon="-2.4700912">
        <ele>6.2</ele>
        <time>2026-07-21T17:14:30.000Z</time>
        <speed>1.241</speed>
      </trkpt>
      <trkpt lat="50.5859570" lon="-2.4701604">
        <ele>5.8</ele>
        <time>2026-07-21T17:14:35.000Z</time>
        <speed>1.222</speed>
      </trkpt>
      <trkpt lat="50.5859361" lon="-2.4702176">
        <ele>5.8</ele>
        <time>2026-07-21T17:14:40.000Z</time>
        <speed>1.194</speed>
      </trkpt>
      <trkpt lat="50.5859102" lon="-2.4702134">
        <ele>5.6</ele>
        <time>2026-07-21T17:14:45.000Z</time>
        <speed>1.120</speed>
      </trkpt>
      <trkpt lat="50.5858982" lon="-2.4701894">
        <ele>5.6</ele>
        <time>2026-07-21T17:14:50.000Z</time>
        <speed>0.868</speed>
      </trkpt>
      <trkpt lat="50.5858941" lon="-2.4701815">
        <ele>5.8</ele>
        <time>2026-07-21T17:14:55.000Z</time>
        <speed>0.000</speed>
      </trkpt>
      <trkpt lat="50.5858838" lon="-2.4701903">
        <ele>6.0</ele>
        <time>2026-07-21T17:15:00.000Z</time>
        <speed>0.000</speed>
      </trkpt>
      <trkpt lat="50.5858821" lon="-2.4702037">
        <ele>5.8</ele>
        <time>2026-07-21T17:15:05.000Z</time>
        <speed>0.000</speed>
      </trkpt>
      <trkpt lat="50.5858769" lon="-2.4702092">
        <ele>6.0</ele>
        <time>2026-07-21T17:15:10.000Z</time>
        <speed>0.000</speed>
      </trkpt>
      <trkpt lat="50.5858742" lon="-2.4702110">
        <ele>5.8</ele>
        <time>2026-07-21T17:15:15.000Z</time>
        <speed>0.000</speed>
      </trkpt>
      <trkpt lat="50.5858701" lon="-2.4702130">
        <ele>6.0</ele>
        <time>2026-07-21T17:15:20.000Z</time>
        <speed>0.000</speed>
      </trkpt>
      <trkpt lat="50.5858511" lon="-2.4702148">
        <ele>5.8</ele>
        <time>2026-07-21T17:15:25.000Z</time>
        <speed>0.000</speed>
      </trkpt>
      <trkpt lat="50.5858350" lon="-2.4702114">
        <ele>5.8</ele>
        <time>2026-07-21T17:15:30.000Z</time>
        <speed>0.000</speed>
      </trkpt>
      <trkpt lat="50.5858289" lon="-2.4702142">
        <ele>5.8</ele>
        <time>2026-07-21T17:15:35.000Z</time>
        <speed>0.000</speed>
      </trkpt>
      <trkpt lat="50.5858269" lon="-2.4702215">
        <ele>6.0</ele>
        <time>2026-07-21T17:15:40.000Z</time>
        <speed>0.000</speed>
      </trkpt>
      <trkpt lat="50.5858297" lon="-2.4702136">
        <ele>5.8</ele>
        <time>2026-07-21T17:15:45.000Z</time>
        <speed>0.000</speed>
      </trkpt>
      <trkpt lat="50.5858431" lon="-2.4702236">
        <ele>5.8</ele>
        <time>2026-07-21T17:15:50.000Z</time>
        <speed>0.000</speed>
      </trkpt>
      <trkpt lat="50.5858417" lon="-2.4702232">
        <ele>6.0</ele>
        <time>2026-07-21T17:15:55.000Z</time>
        <speed>0.000</speed>
      </trkpt>
      <trkpt lat="50.5858597" lon="-2.4702214">
        <ele>5.6</ele>
        <time>2026-07-21T17:16:00.000Z</time>
        <speed>0.000</speed>
      </trkpt>
      <trkpt lat="50.5858715" lon="-2.4702103">
        <ele>5.8</ele>
        <time>2026-07-21T17:16:05.000Z</time>
        <speed>0.000</speed>
      </trkpt>
      <trkpt lat="50.5858722" lon="-2.4702043">
        <ele>5.8</ele>
        <time>2026-07-21T17:16:10.000Z</time>
        <speed>0.000</speed>
      </trkpt>
      <trkpt lat="50.5858637" lon="-2.4702022">
        <ele>6.0</ele>
        <time>2026-07-21T17:16:15.000Z</time>
        <speed>0.000</speed>
      </trkpt>
      <trkpt lat="50.5858610" lon="-2.4702122">
        <ele>5.8</ele>
        <time>2026-07-21T17:16:20.000Z</time>
        <speed>0.000</speed>
      </trkpt>
      <trkpt lat="50.5858890" lon="-2.4702071">
        <ele>5.8</ele>
        <time>2026-07-21T17:16:25.000Z</time>
        <speed>0.000</speed>
      </trkpt>
      <trkpt lat="50.5858923" lon="-2.4702040">
        <ele>5.6</ele>
        <time>2026-07-21T17:16:30.000Z</time>
        <speed>0.000</speed>
      </trkpt>
      <trkpt lat="50.5858570" lon="-2.4702127">
        <ele>6.2</ele>
        <time>2026-07-21T17:16:35.000Z</time>
        <speed>0.000</speed>
      </trkpt>
      <trkpt lat="50.5858413" lon="-2.4702260">
        <ele>6.0</ele>
        <time>2026-07-21T17:16:40.000Z</time>
        <speed>0.000</speed>
      </trkpt>
      <trkpt lat="50.5858385" lon="-2.4702091">
        <ele>5.6</ele>
        <time>2026-07-21T17:16:45.000Z</time>
        <speed>0.000</speed>
      </trkpt>
      <trkpt lat="50.5858431" lon="-2.4702098">
        <ele>5.8</ele>
        <time>2026-07-21T17:16:50.000Z</time>
        <speed>0.000</speed>
      </trkpt>
      <trkpt lat="50.5858476" lon="-2.4702049">
        <ele>5.6</ele>
        <time>2026-07-21T17:16:55.000Z</time>
        <speed>0.000</speed>
      </trkpt>
      <trkpt lat="50.5858501" lon="-2.4702037">
        <ele>5.8</ele>
        <time>2026-07-21T17:17:00.000Z</time>
        <speed>0.000</speed>
      </trkpt>
      <trkpt lat="50.5858553" lon="-2.4702018">
        <ele>6.0</ele>
        <time>2026-07-21T17:17:05.000Z</time>
        <speed>0.000</speed>
      </trkpt>
      <trkpt lat="50.5858595" lon="-2.4702003">
        <ele>6.0</ele>
        <time>2026-07-21T17:17:10.000Z</time>
        <speed>0.000</speed>
      </trkpt>
      <trkpt lat="50.5858655" lon="-2.4702049">
        <ele>5.8</ele>
        <time>2026-07-21T17:17:15.000Z</time>
        <speed>0.000</speed>
      </trkpt>
      <trkpt lat="50.5858594" lon="-2.4702175">
        <ele>6.2</ele>
        <time>2026-07-21T17:17:20.000Z</time>
        <speed>0.000</speed>
      </trkpt>
      <trkpt lat="50.5858539" lon="-2.4702242">
        <ele>6.2</ele>
        <time>2026-07-21T17:17:25.000Z</time>
        <speed>0.000</speed>
      </trkpt>
      <trkpt lat="50.5858505" lon="-2.4702246">
        <ele>5.8</ele>
        <time>2026-07-21T17:17:30.000Z</time>
        <speed>0.000</speed>
      </trkpt>
      <trkpt lat="50.5858605" lon="-2.4702116">
        <ele>5.8</ele>
        <time>2026-07-21T17:17:35.000Z</time>
        <speed>0.000</speed>
      </trkpt>
      <trkpt lat="50.5858707" lon="-2.4702081">
        <ele>6.0</ele>
        <time>2026-07-21T17:17:40.000Z</time>
        <speed>0.000</speed>
      </trkpt>
      <trkpt lat="50.5858651" lon="-2.4702064">
        <ele>6.2</ele>
        <time>2026-07-21T17:17:45.000Z</time>
        <speed>0.000</speed>
      </trkpt>
      <trkpt lat="50.5858565" lon="-2.4702081">
        <ele>5.8</ele>
        <time>2026-07-21T17:17:50.000Z</time>
        <speed>0.000</speed>
      </trkpt>
      <trkpt lat="50.5858594" lon="-2.4702091">
        <ele>6.2</ele>
        <time>2026-07-21T17:17:55.000Z</time>
        <speed>0.000</speed>
      </trkpt>
      <trkpt lat="50.5858586" lon="-2.4702082">
        <ele>5.6</ele>
        <time>2026-07-21T17:18:00.000Z</time>
        <speed>0.000</speed>
      </trkpt>
      <trkpt lat="50.5858592" lon="-2.4702109">
        <ele>5.8</ele>
        <time>2026-07-21T17:18:05.000Z</time>
        <speed>0.000</speed>
      </trkpt>
      <trkpt lat="50.5858566" lon="-2.4702094">
        <ele>6.0</ele>
        <time>2026-07-21T17:18:10.000Z</time>
        <speed>0.000</speed>
      </trkpt>
      <trkpt lat="50.5858428" lon="-2.4701952">
        <ele>6.2</ele>
        <time>2026-07-21T17:18:15.000Z</time>
        <speed>0.000</speed>
      </trkpt>
      <trkpt lat="50.5858321" lon="-2.4701864">
        <ele>5.8</ele>
        <time>2026-07-21T17:18:20.000Z</time>
        <speed>0.000</speed>
      </trkpt>
      <trkpt lat="50.5858247" lon="-2.4701932">
        <ele>5.8</ele>
        <time>2026-07-21T17:18:25.000Z</time>
        <speed>0.000</speed>
      </trkpt>
      <trkpt lat="50.5858289" lon="-2.4701969">
        <ele>5.8</ele>
        <time>2026-07-21T17:18:30.000Z</time>
        <speed>0.000</speed>
      </trkpt>
      <trkpt lat="50.5858300" lon="-2.4701960">
        <ele>5.0</ele>
        <time>2026-07-21T17:18:35.000Z</time>
        <speed>0.000</speed>
      </trkpt>
      <trkpt lat="50.5858324" lon="-2.4701948">
        <ele>5.2</ele>
        <time>2026-07-21T17:18:40.000Z</time>
        <speed>0.000</speed>
      </trkpt>
      <trkpt lat="50.5858423" lon="-2.4701912">
        <ele>5.0</ele>
        <time>2026-07-21T17:18:45.000Z</time>
        <speed>0.000</speed>
      </trkpt>
      <trkpt lat="50.5858463" lon="-2.4701968">
        <ele>5.2</ele>
        <time>2026-07-21T17:18:50.000Z</time>
        <speed>0.000</speed>
      </trkpt>
      <trkpt lat="50.5858514" lon="-2.4701993">
        <ele>5.4</ele>
        <time>2026-07-21T17:18:55.000Z</time>
        <speed>0.000</speed>
      </trkpt>
      <trkpt lat="50.5858542" lon="-2.4701998">
        <ele>5.2</ele>
        <time>2026-07-21T17:19:00.000Z</time>
        <speed>0.000</speed>
      </trkpt>
      <trkpt lat="50.5858558" lon="-2.4702000">
        <ele>5.0</ele>
        <time>2026-07-21T17:19:05.000Z</time>
        <speed>0.000</speed>
      </trkpt>
      <trkpt lat="50.5858568" lon="-2.4701979">
        <ele>5.2</ele>
        <time>2026-07-21T17:19:10.000Z</time>
        <speed>0.000</speed>
      </trkpt>
      <trkpt lat="50.5858580" lon="-2.4701971">
        <ele>5.0</ele>
        <time>2026-07-21T17:19:15.000Z</time>
        <speed>0.000</speed>
      </trkpt>
      <trkpt lat="50.5858595" lon="-2.4701978">
        <ele>5.6</ele>
        <time>2026-07-21T17:19:20.000Z</time>
        <speed>0.000</speed>
      </trkpt>
      <trkpt lat="50.5858543" lon="-2.4701883">
        <ele>5.8</ele>
        <time>2026-07-21T17:19:25.000Z</time>
        <speed>0.000</speed>
      </trkpt>
      <trkpt lat="50.5858788" lon="-2.4702050">
        <ele>6.0</ele>
        <time>2026-07-21T17:19:30.000Z</time>
        <speed>0.000</speed>
      </trkpt>
      <trkpt lat="50.5858952" lon="-2.4702189">
        <ele>5.8</ele>
        <time>2026-07-21T17:19:35.000Z</time>
        <speed>0.000</speed>
      </trkpt>
      <trkpt lat="50.5858872" lon="-2.4702212">
        <ele>5.8</ele>
        <time>2026-07-21T17:19:40.000Z</time>
        <speed>0.000</speed>
      </trkpt>
      <trkpt lat="50.5858713" lon="-2.4702184">
        <ele>5.8</ele>
        <time>2026-07-21T17:19:45.000Z</time>
        <speed>0.000</speed>
      </trkpt>
      <trkpt lat="50.5858825" lon="-2.4702193">
        <ele>5.4</ele>
        <time>2026-07-21T17:19:50.000Z</time>
        <speed>0.000</speed>
      </trkpt>
      <trkpt lat="50.5858904" lon="-2.4702143">
        <ele>6.0</ele>
        <time>2026-07-21T17:19:55.000Z</time>
        <speed>0.000</speed>
      </trkpt>
      <trkpt lat="50.5858683" lon="-2.4702107">
        <ele>6.0</ele>
        <time>2026-07-21T17:20:00.000Z</time>
        <speed>0.000</speed>
      </trkpt>
      <trkpt lat="50.5858461" lon="-2.4702055">
        <ele>5.8</ele>
        <time>2026-07-21T17:20:05.000Z</time>
        <speed>0.000</speed>
      </trkpt>
      <trkpt lat="50.5858410" lon="-2.4702090">
        <ele>5.6</ele>
        <time>2026-07-21T17:20:10.000Z</time>
        <speed>0.000</speed>
      </trkpt>
      <trkpt lat="50.5858406" lon="-2.4701984">
        <ele>5.6</ele>
        <time>2026-07-21T17:20:15.000Z</time>
        <speed>0.000</speed>
      </trkpt>
      <trkpt lat="50.5858405" lon="-2.4701983">
        <ele>5.4</ele>
        <time>2026-07-21T17:20:20.000Z</time>
        <speed>0.000</speed>
      </trkpt>
      <trkpt lat="50.5858408" lon="-2.4702016">
        <ele>5.4</ele>
        <time>2026-07-21T17:20:25.000Z</time>
        <speed>0.000</speed>
      </trkpt>
      <trkpt lat="50.5858460" lon="-2.4701969">
        <ele>5.8</ele>
        <time>2026-07-21T17:20:30.000Z</time>
        <speed>0.000</speed>
      </trkpt>
      <trkpt lat="50.5858457" lon="-2.4701977">
        <ele>5.6</ele>
        <time>2026-07-21T17:20:35.000Z</time>
        <speed>0.000</speed>
      </trkpt>
      <trkpt lat="50.5858518" lon="-2.4701917">
        <ele>5.6</ele>
        <time>2026-07-21T17:20:40.000Z</time>
        <speed>0.000</speed>
      </trkpt>
      <trkpt lat="50.5858507" lon="-2.4701858">
        <ele>5.6</ele>
        <time>2026-07-21T17:20:45.000Z</time>
        <speed>0.000</speed>
      </trkpt>
      <trkpt lat="50.5858527" lon="-2.4701859">
        <ele>5.6</ele>
        <time>2026-07-21T17:20:50.000Z</time>
        <speed>0.000</speed>
      </trkpt>
      <trkpt lat="50.5858517" lon="-2.4701849">
        <ele>5.4</ele>
        <time>2026-07-21T17:20:55.000Z</time>
        <speed>0.000</speed>
      </trkpt>
      <trkpt lat="50.5858530" lon="-2.4701835">
        <ele>5.6</ele>
        <time>2026-07-21T17:21:00.000Z</time>
        <speed>0.000</speed>
      </trkpt>
      <trkpt lat="50.5858520" lon="-2.4701832">
        <ele>5.6</ele>
        <time>2026-07-21T17:21:05.000Z</time>
        <speed>0.000</speed>
      </trkpt>
      <trkpt lat="50.5858591" lon="-2.4701815">
        <ele>5.8</ele>
        <time>2026-07-21T17:21:10.000Z</time>
        <speed>0.000</speed>
      </trkpt>
      <trkpt lat="50.5858656" lon="-2.4701819">
        <ele>5.8</ele>
        <time>2026-07-21T17:21:15.000Z</time>
        <speed>0.000</speed>
      </trkpt>
      <trkpt lat="50.5858647" lon="-2.4701820">
        <ele>5.8</ele>
        <time>2026-07-21T17:21:20.000Z</time>
        <speed>0.000</speed>
      </trkpt>
      <trkpt lat="50.5858688" lon="-2.4701723">
        <ele>5.8</ele>
        <time>2026-07-21T17:21:25.000Z</time>
        <speed>0.000</speed>
      </trkpt>
      <trkpt lat="50.5858844" lon="-2.4701579">
        <ele>5.6</ele>
        <time>2026-07-21T17:21:30.000Z</time>
        <speed>0.000</speed>
      </trkpt>
      <trkpt lat="50.5858854" lon="-2.4701667">
        <ele>5.2</ele>
        <time>2026-07-21T17:21:35.000Z</time>
        <speed>0.000</speed>
      </trkpt>
      <trkpt lat="50.5858796" lon="-2.4701806">
        <ele>4.6</ele>
        <time>2026-07-21T17:21:40.000Z</time>
        <speed>0.000</speed>
      </trkpt>
      <trkpt lat="50.5858696" lon="-2.4701829">
        <ele>4.8</ele>
        <time>2026-07-21T17:21:45.000Z</time>
        <speed>0.000</speed>
      </trkpt>
      <trkpt lat="50.5858601" lon="-2.4701796">
        <ele>5.0</ele>
        <time>2026-07-21T17:21:50.000Z</time>
        <speed>0.000</speed>
      </trkpt>
      <trkpt lat="50.5858529" lon="-2.4701773">
        <ele>4.6</ele>
        <time>2026-07-21T17:21:55.000Z</time>
        <speed>0.000</speed>
      </trkpt>
      <trkpt lat="50.5858459" lon="-2.4701733">
        <ele>4.8</ele>
        <time>2026-07-21T17:22:00.000Z</time>
        <speed>0.000</speed>
      </trkpt>
      <trkpt lat="50.5858357" lon="-2.4701687">
        <ele>4.6</ele>
        <time>2026-07-21T17:22:05.000Z</time>
        <speed>0.000</speed>
      </trkpt>
      <trkpt lat="50.5858313" lon="-2.4701733">
        <ele>4.6</ele>
        <time>2026-07-21T17:22:10.000Z</time>
        <speed>0.000</speed>
      </trkpt>
      <trkpt lat="50.5858249" lon="-2.4701698">
        <ele>4.8</ele>
        <time>2026-07-21T17:22:15.000Z</time>
        <speed>0.000</speed>
      </trkpt>
      <trkpt lat="50.5858207" lon="-2.4701671">
        <ele>4.6</ele>
        <time>2026-07-21T17:22:20.000Z</time>
        <speed>0.000</speed>
      </trkpt>
      <trkpt lat="50.5858220" lon="-2.4701739">
        <ele>5.0</ele>
        <time>2026-07-21T17:22:25.000Z</time>
        <speed>0.000</speed>
      </trkpt>
      <trkpt lat="50.5858168" lon="-2.4701800">
        <ele>4.8</ele>
        <time>2026-07-21T17:22:30.000Z</time>
        <speed>0.000</speed>
      </trkpt>
      <trkpt lat="50.5858110" lon="-2.4701792">
        <ele>4.8</ele>
        <time>2026-07-21T17:22:35.000Z</time>
        <speed>0.000</speed>
      </trkpt>
      <trkpt lat="50.5858139" lon="-2.4701763">
        <ele>4.8</ele>
        <time>2026-07-21T17:22:40.000Z</time>
        <speed>0.000</speed>
      </trkpt>
    </trkseg>
  </trk>
</gpx>
