<?xml version="1.0" encoding="UTF-8"?>
<gpx xmlns="http://www.topografix.com/GPX/1/0" xmlns:xsi="http://www.w3.org/2001/XMLSchema-instance" creator="GPS Wizard - https://github.com/Logiqx/gps-wizard" version="1.0" xsi:schemaLocation="http://www.topografix.com/GPX/1/0 http://www.topografix.com/GPX/1/0/gpx.xsd">
  <trk>
    <trkseg>
      <trkpt lat="50.6372564" lon="-2.4224732">
        <ele>0</ele>
        <time>2024-01-08T11:04:18.000Z</time>
        <speed>0.000</speed>
      </trkpt>
      <trkpt lat="50.6372232" lon="-2.4224023">
        <ele>0</ele>
        <time>2024-01-08T11:04:23.000Z</time>
        <speed>0.000</speed>
      </trkpt>
      <trkpt lat="50.6372477" lon="-2.4223342">
        <ele>4</ele>
        <time>2024-01-08T11:04:28.000Z</time>
        <speed>0.000</speed>
      </trkpt>
      <trkpt lat="50.6372895" lon="-2.4222544">
        <ele>3</ele>
        <time>2024-01-08T11:04:33.000Z</time>
        <speed>0.000</speed>
      </trkpt>
      <trkpt lat="50.6373043" lon="-2.4221804">
        <ele>3</ele>
        <time>2024-01-08T11:04:38.000Z</time>
        <speed>1.181</speed>
      </trkpt>
      <trkpt lat="50.6373084" lon="-2.4220943">
        <ele>3</ele>
        <time>2024-01-08T11:04:43.000Z</time>
        <speed>1.200</speed>
      </trkpt>
      <trkpt lat="50.6373265" lon="-2.4220017">
        <ele>2</ele>
        <time>2024-01-08T11:04:48.000Z</time>
        <speed>1.256</speed>
      </trkpt>
      <trkpt lat="50.6373488" lon="-2.4219115">
        <ele>2</ele>
        <time>2024-01-08T11:04:53.000Z</time>
        <speed>1.283</speed>
      </trkpt>
      <trkpt lat="50.6373350" lon="-2.4218428">
        <ele>1</ele>
        <time>2024-01-08T11:04:58.000Z</time>
        <speed>1.228</speed>
      </trkpt>
      <trkpt lat="50.6373126" lon="-2.4217757">
        <ele>0</ele>
        <time>2024-01-08T11:05:03.000Z</time>
        <speed>1.206</speed>
      </trkpt>
      <trkpt lat="50.6372625" lon="-2.4217183">
        <ele>0</ele>
        <time>2024-01-08T11:05:08.000Z</time>
        <speed>1.272</speed>
      </trkpt>
      <trkpt lat="50.6371956" lon="-2.4216767">
        <ele>0</ele>
        <time>2024-01-08T11:05:13.000Z</time>
        <speed>1.389</speed>
      </trkpt>
      <trkpt lat="50.6371244" lon="-2.4216849">
        <ele>0</ele>
        <time>2024-01-08T11:05:18.000Z</time>
        <speed>1.378</speed>
      </trkpt>
      <trkpt lat="50.6370863" lon="-2.4217360">
        <ele>0</ele>
        <time>2024-01-08T11:05:23.000Z</time>
        <speed>1.336</speed>
      </trkpt>
      <trkpt lat="50.6370642" lon="-2.4218389">
        <ele>0</ele>
        <time>2024-01-08T11:05:28.000Z</time>
        <speed>1.333</speed>
      </trkpt>
      <trkpt lat="50.6370309" lon="-2.4219332">
        <ele>0</ele>
        <time>2024-01-08T11:05:33.000Z</time>
        <speed>1.317</speed>
      </trkpt>
      <trkpt lat="50.6370023" lon="-2.4220337">
        <ele>0</ele>
        <time>2024-01-08T11:05:38.000Z</time>
        <speed>1.303</speed>
      </trkpt>
      <trkpt lat="50.6369760" lon="-2.4221053">
        <ele>0</ele>
        <time>2024-01-08T11:05:43.000Z</time>
        <speed>1.247</speed>
      </trkpt>
      <trkpt lat="50.6369466" lon="-2.4221670">
        <ele>0</ele>
        <time>2024-01-08T11:05:48.000Z</time>
        <speed>1.197</speed>
      </trkpt>
      <trkpt lat="50.6369243" lon="-2.4222459">
        <ele>0</ele>
        <time>2024-01-08T11:05:53.000Z</time>
        <speed>1.161</speed>
      </trkpt>
      <trkpt lat="50.6369105" lon="-2.4223524">
        <ele>1</ele>
        <time>2024-01-08T11:05:58.000Z</time>
        <speed>1.172</speed>
      </trkpt>
      <trkpt lat="50.6368956" lon="-2.4224491">
        <ele>1</ele>
        <time>2024-01-08T11:06:03.000Z</time>
        <speed>1.194</speed>
      </trkpt>
      <trkpt lat="50.6368808" lon="-2.4225330">
        <ele>2</ele>
        <time>2024-01-08T11:06:08.000Z</time>
        <speed>1.186</speed>
      </trkpt>
      <trkpt lat="50.6368737" lon="-2.4226221">
        <ele>2</ele>
        <time>2024-01-08T11:06:13.000Z</time>
        <speed>1.158</speed>
      </trkpt>
      <trkpt lat="50.6368694" lon="-2.4227130">
        <ele>3</ele>
        <time>2024-01-08T11:06:18.000Z</time>
        <speed>1.119</speed>
      </trkpt>
      <trkpt lat="50.6368597" lon="-2.4228020">
        <ele>4</ele>
        <time>2024-01-08T11:06:23.000Z</time>
        <speed>1.133</speed>
      </trkpt>
      <trkpt lat="50.6368497" lon="-2.4228804">
        <ele>5</ele>
        <time>2024-01-08T11:06:28.000Z</time>
        <speed>1.175</speed>
      </trkpt>
      <trkpt lat="50.6368440" lon="-2.4229636">
        <ele>5</ele>
        <time>2024-01-08T11:06:33.000Z</time>
        <speed>1.200</speed>
      </trkpt>
      <trkpt lat="50.6368377" lon="-2.4230484">
        <ele>6</ele>
        <time>2024-01-08T11:06:38.000Z</time>
        <speed>1.147</speed>
      </trkpt>
      <trkpt lat="50.6368287" lon="-2.4231360">
        <ele>7</ele>
        <time>2024-01-08T11:06:43.000Z</time>
        <speed>1.131</speed>
      </trkpt>
      <trkpt lat="50.6368205" lon="-2.4232096">
        <ele>7</ele>
        <time>2024-01-08T11:06:48.000Z</time>
        <speed>1.131</speed>
      </trkpt>
      <trkpt lat="50.6368123" lon="-2.4232788">
        <ele>8</ele>
        <time>2024-01-08T11:06:53.000Z</time>
        <speed>1.144</speed>
      </trkpt>
      <trkpt lat="50.6367989" lon="-2.4233604">
        <ele>9</ele>
        <time>2024-01-08T11:06:58.000Z</time>
        <speed>1.136</speed>
      </trkpt>
      <trkpt lat="50.6367886" lon="-2.4234390">
        <ele>10</ele>
        <time>2024-01-08T11:07:03.000Z</time>
        <speed>1.136</speed>
      </trkpt>
      <trkpt lat="50.6367730" lon="-2.4235221">
        <ele>10</ele>
        <time>2024-01-08T11:07:08.000Z</time>
        <speed>1.119</speed>
      </trkpt>
      <trkpt lat="50.6367522" lon="-2.4236017">
        <ele>11</ele>
        <time>2024-01-08T11:07:13.000Z</time>
        <speed>1.142</speed>
      </trkpt>
      <trkpt lat="50.6367279" lon="-2.4236740">
        <ele>11</ele>
        <time>2024-01-08T11:07:18.000Z</time>
        <speed>1.147</speed>
      </trkpt>
      <trkpt lat="50.6367051" lon="-2.4237452">
        <ele>12</ele>
        <time>2024-01-08T11:07:23.000Z</time>
        <speed>1.142</speed>
      </trkpt>
      <trkpt lat="50.6366765" lon="-2.4238195">
        <ele>13</ele>
        <time>2024-01-08T11:07:28.000Z</time>
        <speed>1.164</speed>
      </trkpt>
      <trkpt lat="50.6366507" lon="-2.4238967">
        <ele>13</ele>
        <time>2024-01-08T11:07:33.000Z</time>
        <speed>1.178</speed>
      </trkpt>
      <trkpt lat="50.6366275" lon="-2.4239791">
        <ele>14</ele>
        <time>2024-01-08T11:07:38.000Z</time>
        <speed>1.208</speed>
      </trkpt>
      <trkpt lat="50.6366033" lon="-2.4240606">
        <ele>14</ele>
        <time>2024-01-08T11:07:43.000Z</time>
        <speed>1.211</speed>
      </trkpt>
      <trkpt lat="50.6365740" lon="-2.4241369">
        <ele>15</ele>
        <time>2024-01-08T11:07:48.000Z</time>
        <speed>1.214</speed>
      </trkpt>
      <trkpt lat="50.6365479" lon="-2.4242187">
        <ele>16</ele>
        <time>2024-01-08T11:07:53.000Z</time>
        <speed>1.203</speed>
      </trkpt>
      <trkpt lat="50.6365260" lon="-2.4243016">
        <ele>16</ele>
        <time>2024-01-08T11:07:58.000Z</time>
        <speed>1.236</speed>
      </trkpt>
      <trkpt lat="50.6365044" lon="-2.4243813">
        <ele>16</ele>
        <time>2024-01-08T11:08:03.000Z</time>
        <speed>1.236</speed>
      </trkpt>
      <trkpt lat="50.6364876" lon="-2.4244638">
        <ele>16</ele>
        <time>2024-01-08T11:08:08.000Z</time>
        <speed>1.217</speed>
      </trkpt>
      <trkpt lat="50.6364724" lon="-2.4245489">
        <ele>17</ele>
        <time>2024-01-08T11:08:13.000Z</time>
        <speed>1.217</speed>
      </trkpt>
      <trkpt lat="50.6364584" lon="-2.4246391">
        <ele>17</ele>
        <time>2024-01-08T11:08:18.000Z</time>
        <speed>1.214</speed>
      </trkpt>
      <trkpt lat="50.6364414" lon="-2.4247305">
        <ele>17</ele>
        <time>2024-01-08T11:08:23.000Z</time>
        <speed>1.217</speed>
      </trkpt>
      <trkpt lat="50.6364284" lon="-2.4248242">
        <ele>17</ele>
        <time>2024-01-08T11:08:28.000Z</time>
        <speed>1.242</speed>
      </trkpt>
      <trkpt lat="50.6364142" lon="-2.4249124">
        <ele>18</ele>
        <time>2024-01-08T11:08:33.000Z</time>
        <speed>1.256</speed>
      </trkpt>
      <trkpt lat="50.6363938" lon="-2.4249915">
        <ele>18</ele>
        <time>2024-01-08T11:08:38.000Z</time>
        <speed>1.236</speed>
      </trkpt>
      <trkpt lat="50.6363775" lon="-2.4250725">
        <ele>18</ele>
        <time>2024-01-08T11:08:43.000Z</time>
        <speed>1.219</speed>
      </trkpt>
      <trkpt lat="50.6363671" lon="-2.4251584">
        <ele>19</ele>
        <time>2024-01-08T11:08:48.000Z</time>
        <speed>1.225</speed>
      </trkpt>
      <trkpt lat="50.6363509" lon="-2.4252519">
        <ele>19</ele>
        <time>2024-01-08T11:08:53.000Z</time>
        <speed>1.239</speed>
      </trkpt>
      <trkpt lat="50.6363317" lon="-2.4253339">
        <ele>19</ele>
        <time>2024-01-08T11:08:58.000Z</time>
        <speed>1.256</speed>
      </trkpt>
      <trkpt lat="50.6363163" lon="-2.4254185">
        <ele>19</ele>
        <time>2024-01-08T11:09:03.000Z</time>
        <speed>1.278</speed>
      </trkpt>
      <trkpt lat="50.6362925" lon="-2.4255050">
        <ele>20</ele>
        <time>2024-01-08T11:09:08.000Z</time>
        <speed>1.303</speed>
      </trkpt>
      <trkpt lat="50.6362710" lon="-2.4255922">
        <ele>20</ele>
        <time>2024-01-08T11:09:13.000Z</time>
        <speed>1.311</speed>
      </trkpt>
      <trkpt lat="50.6362578" lon="-2.4256818">
        <ele>21</ele>
        <time>2024-01-08T11:09:18.000Z</time>
        <speed>1.314</speed>
      </trkpt>
      <trkpt lat="50.6362390" lon="-2.4257672">
        <ele>21</ele>
        <time>2024-01-08T11:09:23.000Z</time>
        <speed>1.325</speed>
      </trkpt>
      <trkpt lat="50.6362191" lon="-2.4258472">
        <ele>21</ele>
        <time>2024-01-08T11:09:28.000Z</time>
        <speed>1.283</speed>
      </trkpt>
      <trkpt lat="50.6361993" lon="-2.4259275">
        <ele>21</ele>
        <time>2024-01-08T11:09:33.000Z</time>
        <speed>1.264</speed>
      </trkpt>
      <trkpt lat="50.6361767" lon="-2.4260156">
        <ele>21</ele>
        <time>2024-01-08T11:09:38.000Z</time>
        <speed>1.250</speed>
      </trkpt>
      <trkpt lat="50.6361517" lon="-2.4261020">
        <ele>21</ele>
        <time>2024-01-08T11:09:43.000Z</time>
        <speed>1.258</speed>
      </trkpt>
      <trkpt lat="50.6361214" lon="-2.4261850">
        <ele>21</ele>
        <time>2024-01-08T11:09:48.000Z</time>
        <speed>1.269</speed>
      </trkpt>
      <trkpt lat="50.6360885" lon="-2.4262667">
        <ele>22</ele>
        <time>2024-01-08T11:09:53.000Z</time>
        <speed>1.278</speed>
      </trkpt>
      <trkpt lat="50.6360546" lon="-2.4263482">
        <ele>22</ele>
        <time>2024-01-08T11:09:58.000Z</time>
        <speed>1.283</speed>
      </trkpt>
      <trkpt lat="50.6360271" lon="-2.4264318">
        <ele>23</ele>
        <time>2024-01-08T11:10:03.000Z</time>
        <speed>1.272</speed>
      </trkpt>
      <trkpt lat="50.6359967" lon="-2.4265106">
        <ele>23</ele>
        <time>2024-01-08T11:10:08.000Z</time>
        <speed>1.258</speed>
      </trkpt>
      <trkpt lat="50.6359613" lon="-2.4265841">
        <ele>24</ele>
        <time>2024-01-08T11:10:13.000Z</time>
        <speed>1.269</speed>
      </trkpt>
      <trkpt lat="50.6359310" lon="-2.4266579">
        <ele>24</ele>
        <time>2024-01-08T11:10:18.000Z</time>
        <speed>1.264</speed>
      </trkpt>
      <trkpt lat="50.6359002" lon="-2.4267329">
        <ele>24</ele>
        <time>2024-01-08T11:10:23.000Z</time>
        <speed>1.250</speed>
      </trkpt>
      <trkpt lat="50.6358720" lon="-2.4268154">
        <ele>25</ele>
        <time>2024-01-08T11:10:28.000Z</time>
        <speed>1.233</speed>
      </trkpt>
      <trkpt lat="50.6358430" lon="-2.4268947">
        <ele>25</ele>
        <time>2024-01-08T11:10:33.000Z</time>
        <speed>1.253</speed>
      </trkpt>
      <trkpt lat="50.6358188" lon="-2.4269786">
        <ele>25</ele>
        <time>2024-01-08T11:10:38.000Z</time>
        <speed>1.283</speed>
      </trkpt>
      <trkpt lat="50.6357896" lon="-2.4270538">
        <ele>26</ele>
        <time>2024-01-08T11:10:43.000Z</time>
        <speed>1.317</speed>
      </trkpt>
      <trkpt lat="50.6357615" lon="-2.4271283">
        <ele>26</ele>
        <time>2024-01-08T11:10:48.000Z</time>
        <speed>1.303</speed>
      </trkpt>
      <trkpt lat="50.6357305" lon="-2.4272101">
        <ele>27</ele>
        <time>2024-01-08T11:10:53.000Z</time>
        <speed>1.286</speed>
      </trkpt>
      <trkpt lat="50.6357023" lon="-2.4272923">
        <ele>27</ele>
        <time>2024-01-08T11:10:58.000Z</time>
        <speed>1.289</speed>
      </trkpt>
      <trkpt lat="50.6356793" lon="-2.4273733">
        <ele>28</ele>
        <time>2024-01-08T11:11:03.000Z</time>
        <speed>1.278</speed>
      </trkpt>
      <trkpt lat="50.6356560" lon="-2.4274534">
        <ele>28</ele>
        <time>2024-01-08T11:11:08.000Z</time>
        <speed>1.272</speed>
      </trkpt>
      <trkpt lat="50.6356282" lon="-2.4275313">
        <ele>28</ele>
        <time>2024-01-08T11:11:13.000Z</time>
        <speed>1.258</speed>
      </trkpt>
      <trkpt lat="50.6356026" lon="-2.4276135">
        <ele>28</ele>
        <time>2024-01-08T11:11:18.000Z</time>
        <speed>1.264</speed>
      </trkpt>
      <trkpt lat="50.6355849" lon="-2.4277012">
        <ele>28</ele>
        <time>2024-01-08T11:11:23.000Z</time>
        <speed>1.253</speed>
      </trkpt>
      <trkpt lat="50.6355767" lon="-2.4277960">
        <ele>29</ele>
        <time>2024-01-08T11:11:28.000Z</time>
        <speed>1.286</speed>
      </trkpt>
      <trkpt lat="50.6355664" lon="-2.4278869">
        <ele>29</ele>
        <time>2024-01-08T11:11:33.000Z</time>
        <speed>1.308</speed>
      </trkpt>
      <trkpt lat="50.6355489" lon="-2.4279726">
        <ele>30</ele>
        <time>2024-01-08T11:11:38.000Z</time>
        <speed>1.317</speed>
      </trkpt>
      <trkpt lat="50.6355329" lon="-2.4280600">
        <ele>30</ele>
        <time>2024-01-08T11:11:43.000Z</time>
        <speed>1.292</speed>
      </trkpt>
      <trkpt lat="50.6355173" lon="-2.4281441">
        <ele>30</ele>
        <time>2024-01-08T11:11:48.000Z</time>
        <speed>1.267</speed>
      </trkpt>
      <trkpt lat="50.6354958" lon="-2.4282280">
        <ele>30</ele>
        <time>2024-01-08T11:11:53.000Z</time>
        <speed>1.267</speed>
      </trkpt>
      <trkpt lat="50.6354661" lon="-2.4282741">
        <ele>31</ele>
        <time>2024-01-08T11:13:05.000Z</time>
        <speed>0.000</speed>
      </trkpt>
      <trkpt lat="50.6354261" lon="-2.4282840">
        <ele>30</ele>
        <time>2024-01-08T11:13:10.000Z</time>
        <speed>1.117</speed>
      </trkpt>
      <trkpt lat="50.6353644" lon="-2.4282819">
        <ele>30</ele>
        <time>2024-01-08T11:13:15.000Z</time>
        <speed>1.158</speed>
      </trkpt>
      <trkpt lat="50.6353050" lon="-2.4282983">
        <ele>30</ele>
        <time>2024-01-08T11:13:20.000Z</time>
        <speed>1.197</speed>
      </trkpt>
      <trkpt lat="50.6352523" lon="-2.4283258">
        <ele>29</ele>
        <time>2024-01-08T11:13:25.000Z</time>
        <speed>1.167</speed>
      </trkpt>
      <trkpt lat="50.6352037" lon="-2.4283529">
        <ele>28</ele>
        <time>2024-01-08T11:13:30.000Z</time>
        <speed>1.147</speed>
      </trkpt>
      <trkpt lat="50.6351615" lon="-2.4283938">
        <ele>27</ele>
        <time>2024-01-08T11:13:35.000Z</time>
        <speed>1.131</speed>
      </trkpt>
      <trkpt lat="50.6351196" lon="-2.4284472">
        <ele>26</ele>
        <time>2024-01-08T11:13:40.000Z</time>
        <speed>1.139</speed>
      </trkpt>
      <trkpt lat="50.6350740" lon="-2.4285022">
        <ele>25</ele>
        <time>2024-01-08T11:13:45.000Z</time>
        <speed>1.158</speed>
      </trkpt>
      <trkpt lat="50.6350335" lon="-2.4285541">
        <ele>24</ele>
        <time>2024-01-08T11:13:50.000Z</time>
        <speed>1.186</speed>
      </trkpt>
      <trkpt lat="50.6349972" lon="-2.4286101">
        <ele>23</ele>
        <time>2024-01-08T11:13:55.000Z</time>
        <speed>1.186</speed>
      </trkpt>
      <trkpt lat="50.6349537" lon="-2.4286603">
        <ele>21</ele>
        <time>2024-01-08T11:14:00.000Z</time>
        <speed>1.172</speed>
      </trkpt>
      <trkpt lat="50.6349004" lon="-2.4286906">
        <ele>21</ele>
        <time>2024-01-08T11:14:05.000Z</time>
        <speed>1.186</speed>
      </trkpt>
      <trkpt lat="50.6348417" lon="-2.4286989">
        <ele>20</ele>
        <time>2024-01-08T11:14:10.000Z</time>
        <speed>1.222</speed>
      </trkpt>
      <trkpt lat="50.6347841" lon="-2.4287052">
        <ele>20</ele>
        <time>2024-01-08T11:14:15.000Z</time>
        <speed>1.272</speed>
      </trkpt>
      <trkpt lat="50.6347311" lon="-2.4287126">
        <ele>20</ele>
        <time>2024-01-08T11:14:20.000Z</time>
        <speed>1.267</speed>
      </trkpt>
      <trkpt lat="50.6346850" lon="-2.4287178">
        <ele>20</ele>
        <time>2024-01-08T11:14:25.000Z</time>
        <speed>1.189</speed>
      </trkpt>
      <trkpt lat="50.6346537" lon="-2.4287363">
        <ele>20</ele>
        <time>2024-01-08T11:14:30.000Z</time>
        <speed>1.133</speed>
      </trkpt>
      <trkpt lat="50.6346378" lon="-2.4287483">
        <ele>20</ele>
        <time>2024-01-08T11:14:35.000Z</time>
        <speed>1.117</speed>
      </trkpt>
      <trkpt lat="50.6346511" lon="-2.4287520">
        <ele>20</ele>
        <time>2024-01-08T11:14:40.000Z</time>
        <speed>0.992</speed>
      </trkpt>
      <trkpt lat="50.6346714" lon="-2.4287518">
        <ele>21</ele>
        <time>2024-01-08T11:15:07.000Z</time>
        <speed>0.000</speed>
      </trkpt>
      <trkpt lat="50.6347071" lon="-2.4287810">
        <ele>20</ele>
        <time>2024-01-08T11:15:12.000Z</time>
        <speed>1.061</speed>
      </trkpt>
      <trkpt lat="50.6347530" lon="-2.4288345">
        <ele>20</ele>
        <time>2024-01-08T11:15:17.000Z</time>
        <speed>1.136</speed>
      </trkpt>
      <trkpt lat="50.6347986" lon="-2.4288753">
        <ele>19</ele>
        <time>2024-01-08T11:15:22.000Z</time>
        <speed>1.153</speed>
      </trkpt>
      <trkpt lat="50.6348463" lon="-2.4289149">
        <ele>19</ele>
        <time>2024-01-08T11:15:27.000Z</time>
        <speed>1.167</speed>
      </trkpt>
      <trkpt lat="50.6348965" lon="-2.4289591">
        <ele>18</ele>
        <time>2024-01-08T11:15:32.000Z</time>
        <speed>1.169</speed>
      </trkpt>
      <trkpt lat="50.6349486" lon="-2.4290115">
        <ele>18</ele>
        <time>2024-01-08T11:15:37.000Z</time>
        <speed>1.197</speed>
      </trkpt>
      <trkpt lat="50.6349994" lon="-2.4290677">
        <ele>17</ele>
        <time>2024-01-08T11:15:42.000Z</time>
        <speed>1.236</speed>
      </trkpt>
      <trkpt lat="50.6350458" lon="-2.4291310">
        <ele>17</ele>
        <time>2024-01-08T11:15:47.000Z</time>
        <speed>1.267</speed>
      </trkpt>
      <trkpt lat="50.6350914" lon="-2.4291957">
        <ele>17</ele>
        <time>2024-01-08T11:15:52.000Z</time>
        <speed>1.269</speed>
      </trkpt>
      <trkpt lat="50.6351386" lon="-2.4292607">
        <ele>16</ele>
        <time>2024-01-08T11:15:57.000Z</time>
        <speed>1.278</speed>
      </trkpt>
      <trkpt lat="50.6351894" lon="-2.4293200">
        <ele>16</ele>
        <time>2024-01-08T11:16:02.000Z</time>
        <speed>1.269</speed>
      </trkpt>
      <trkpt lat="50.6352405" lon="-2.4293765">
        <ele>17</ele>
        <time>2024-01-08T11:16:07.000Z</time>
        <speed>1.275</speed>
      </trkpt>
      <trkpt lat="50.6352861" lon="-2.4294416">
        <ele>17</ele>
        <time>2024-01-08T11:16:12.000Z</time>
        <speed>1.294</speed>
      </trkpt>
      <trkpt lat="50.6353345" lon="-2.4294967">
        <ele>17</ele>
        <time>2024-01-08T11:16:17.000Z</time>
        <speed>1.286</speed>
      </trkpt>
      <trkpt lat="50.6353819" lon="-2.4295557">
        <ele>17</ele>
        <time>2024-01-08T11:16:22.000Z</time>
        <speed>1.258</speed>
      </trkpt>
      <trkpt lat="50.6354181" lon="-2.4296257">
        <ele>17</ele>
        <time>2024-01-08T11:16:27.000Z</time>
        <speed>1.247</speed>
      </trkpt>
      <trkpt lat="50.6354348" lon="-2.4296905">
        <ele>17</ele>
        <time>2024-01-08T11:16:32.000Z</time>
        <speed>1.250</speed>
      </trkpt>
      <trkpt lat="50.6354277" lon="-2.4297520">
        <ele>16</ele>
        <time>2024-01-08T11:16:37.000Z</time>
        <speed>1.233</speed>
      </trkpt>
      <trkpt lat="50.6354137" lon="-2.4298047">
        <ele>15</ele>
        <time>2024-01-08T11:16:42.000Z</time>
        <speed>1.214</speed>
      </trkpt>
      <trkpt lat="50.6353791" lon="-2.4298280">
        <ele>14</ele>
        <time>2024-01-08T11:16:47.000Z</time>
        <speed>1.186</speed>
      </trkpt>
      <trkpt lat="50.6353313" lon="-2.4298428">
        <ele>14</ele>
        <time>2024-01-08T11:16:52.000Z</time>
        <speed>1.181</speed>
      </trkpt>
      <trkpt lat="50.6352762" lon="-2.4298546">
        <ele>13</ele>
        <time>2024-01-08T11:16:57.000Z</time>
        <speed>1.194</speed>
      </trkpt>
      <trkpt lat="50.6352197" lon="-2.4298646">
        <ele>12</ele>
        <time>2024-01-08T11:17:02.000Z</time>
        <speed>1.175</speed>
      </trkpt>
      <trkpt lat="50.6351721" lon="-2.4298484">
        <ele>12</ele>
        <time>2024-01-08T11:17:07.000Z</time>
        <speed>1.186</speed>
      </trkpt>
      <trkpt lat="50.6351275" lon="-2.4298402">
        <ele>12</ele>
        <time>2024-01-08T11:17:12.000Z</time>
        <speed>1.128</speed>
      </trkpt>
      <trkpt lat="50.6350762" lon="-2.4298487">
        <ele>12</ele>
        <time>2024-01-08T11:17:17.000Z</time>
        <speed>1.081</speed>
      </trkpt>
      <trkpt lat="50.6350209" lon="-2.4298796">
        <ele>11</ele>
        <time>2024-01-08T11:17:22.000Z</time>
        <speed>1.058</speed>
      </trkpt>
      <trkpt lat="50.6349648" lon="-2.4299064">
        <ele>11</ele>
        <time>2024-01-08T11:17:27.000Z</time>
        <speed>1.136</speed>
      </trkpt>
      <trkpt lat="50.6349244" lon="-2.4299628">
        <ele>10</ele>
        <time>2024-01-08T11:17:32.000Z</time>
        <speed>1.200</speed>
      </trkpt>
      <trkpt lat="50.6348839" lon="-2.4300421">
        <ele>10</ele>
        <time>2024-01-08T11:17:37.000Z</time>
        <speed>1.219</speed>
      </trkpt>
      <trkpt lat="50.6348293" lon="-2.4300818">
        <ele>9</ele>
        <time>2024-01-08T11:17:42.000Z</time>
        <speed>1.244</speed>
      </trkpt>
      <trkpt lat="50.6347793" lon="-2.4301065">
        <ele>9</ele>
        <time>2024-01-08T11:17:47.000Z</time>
        <speed>1.278</speed>
      </trkpt>
      <trkpt lat="50.6347274" lon="-2.4301390">
        <ele>9</ele>
        <time>2024-01-08T11:17:52.000Z</time>
        <speed>1.267</speed>
      </trkpt>
      <trkpt lat="50.6346679" lon="-2.4301714">
        <ele>8</ele>
        <time>2024-01-08T11:17:57.000Z</time>
        <speed>1.253</speed>
      </trkpt>
      <trkpt lat="50.6346086" lon="-2.4301976">
        <ele>8</ele>
        <time>2024-01-08T11:18:02.000Z</time>
        <speed>1.247</speed>
      </trkpt>
      <trkpt lat="50.6345512" lon="-2.4302242">
        <ele>7</ele>
        <time>2024-01-08T11:18:07.000Z</time>
        <speed>1.319</speed>
      </trkpt>
      <trkpt lat="50.6344902" lon="-2.4302540">
        <ele>7</ele>
        <time>2024-01-08T11:18:12.000Z</time>
        <speed>1.314</speed>
      </trkpt>
      <trkpt lat="50.6344280" lon="-2.4302933">
        <ele>6</ele>
        <time>2024-01-08T11:18:17.000Z</time>
        <speed>1.311</speed>
      </trkpt>
      <trkpt lat="50.6343751" lon="-2.4303312">
        <ele>6</ele>
        <time>2024-01-08T11:18:22.000Z</time>
        <speed>1.319</speed>
      </trkpt>
      <trkpt lat="50.6343156" lon="-2.4303707">
        <ele>6</ele>
        <time>2024-01-08T11:18:27.000Z</time>
        <speed>1.350</speed>
      </trkpt>
      <trkpt lat="50.6342601" lon="-2.4304125">
        <ele>5</ele>
        <time>2024-01-08T11:18:32.000Z</time>
        <speed>1.347</speed>
      </trkpt>
      <trkpt lat="50.6342010" lon="-2.4304474">
        <ele>4</ele>
        <time>2024-01-08T11:18:37.000Z</time>
        <speed>1.339</speed>
      </trkpt>
      <trkpt lat="50.6341442" lon="-2.4304784">
        <ele>4</ele>
        <time>2024-01-08T11:18:42.000Z</time>
        <speed>1.319</speed>
      </trkpt>
      <trkpt lat="50.6340815" lon="-2.4305050">
        <ele>3</ele>
        <time>2024-01-08T11:18:47.000Z</time>
        <speed>1.372</speed>
      </trkpt>
      <trkpt lat="50.6340206" lon="-2.4305444">
        <ele>2</ele>
        <time>2024-01-08T11:18:52.000Z</time>
        <speed>1.400</speed>
      </trkpt>
      <trkpt lat="50.6339577" lon="-2.4305752">
        <ele>2</ele>
        <time>2024-01-08T11:18:57.000Z</time>
        <speed>1.408</speed>
      </trkpt>
      <trkpt lat="50.6338908" lon="-2.4306002">
        <ele>1</ele>
        <time>2024-01-08T11:19:02.000Z</time>
        <speed>1.392</speed>
      </trkpt>
      <trkpt lat="50.6338232" lon="-2.4306368">
        <ele>0</ele>
        <time>2024-01-08T11:19:07.000Z</time>
        <speed>1.369</speed>
      </trkpt>
      <trkpt lat="50.6337616" lon="-2.4306725">
        <ele>0</ele>
        <time>2024-01-08T11:19:12.000Z</time>
        <speed>1.394</speed>
      </trkpt>
      <trkpt lat="50.6337026" lon="-2.4307046">
        <ele>0</ele>
        <time>2024-01-08T11:19:17.000Z</time>
        <speed>1.417</speed>
      </trkpt>
      <trkpt lat="50.6336472" lon="-2.4307365">
        <ele>0</ele>
        <time>2024-01-08T11:19:22.000Z</time>
        <speed>1.406</speed>
      </trkpt>
      <trkpt lat="50.6335835" lon="-2.4307609">
        <ele>-1</ele>
        <time>2024-01-08T11:19:27.000Z</time>
        <speed>1.367</speed>
      </trkpt>
      <trkpt lat="50.6335208" lon="-2.4307972">
        <ele>-1</ele>
        <time>2024-01-08T11:19:32.000Z</time>
        <speed>1.372</speed>
      </trkpt>
      <trkpt lat="50.6334578" lon="-2.4308324">
        <ele>-2</ele>
        <time>2024-01-08T11:19:37.000Z</time>
        <speed>1.400</speed>
      </trkpt>
      <trkpt lat="50.6333981" lon="-2.4308736">
        <ele>-2</ele>
        <time>2024-01-08T11:19:42.000Z</time>
        <speed>1.408</speed>
      </trkpt>
      <trkpt lat="50.6333291" lon="-2.4309178">
        <ele>-3</ele>
        <time>2024-01-08T11:19:47.000Z</time>
        <speed>1.422</speed>
      </trkpt>
      <trkpt lat="50.6332679" lon="-2.4309675">
        <ele>-3</ele>
        <time>2024-01-08T11:19:52.000Z</time>
        <speed>1.411</speed>
      </trkpt>
      <trkpt lat="50.6332074" lon="-2.4310186">
        <ele>-3</ele>
        <time>2024-01-08T11:19:57.000Z</time>
        <speed>1.406</speed>
      </trkpt>
      <trkpt lat="50.6331444" lon="-2.4310699">
        <ele>-3</ele>
        <time>2024-01-08T11:20:02.000Z</time>
        <speed>1.389</speed>
      </trkpt>
      <trkpt lat="50.6330893" lon="-2.4311316">
        <ele>-3</ele>
        <time>2024-01-08T11:20:07.000Z</time>
        <speed>1.403</speed>
      </trkpt>
      <trkpt lat="50.6330406" lon="-2.4312020">
        <ele>-3</ele>
        <time>2024-01-08T11:20:12.000Z</time>
        <speed>1.369</speed>
      </trkpt>
      <trkpt lat="50.6329965" lon="-2.4312734">
        <ele>-3</ele>
        <time>2024-01-08T11:20:17.000Z</time>
        <speed>1.344</speed>
      </trkpt>
      <trkpt lat="50.6329558" lon="-2.4313438">
        <ele>-3</ele>
        <time>2024-01-08T11:20:22.000Z</time>
        <speed>1.317</speed>
      </trkpt>
      <trkpt lat="50.6329174" lon="-2.4314162">
        <ele>-2</ele>
        <time>2024-01-08T11:20:27.000Z</time>
        <speed>1.308</speed>
      </trkpt>
      <trkpt lat="50.6328771" lon="-2.4314870">
        <ele>-2</ele>
        <time>2024-01-08T11:20:32.000Z</time>
        <speed>1.297</speed>
      </trkpt>
      <trkpt lat="50.6328390" lon="-2.4315643">
        <ele>-2</ele>
        <time>2024-01-08T11:20:37.000Z</time>
        <speed>1.339</speed>
      </trkpt>
      <trkpt lat="50.6327952" lon="-2.4316428">
        <ele>-2</ele>
        <time>2024-01-08T11:20:42.000Z</time>
        <speed>1.381</speed>
      </trkpt>
      <trkpt lat="50.6327516" lon="-2.4317122">
        <ele>-2</ele>
        <time>2024-01-08T11:20:47.000Z</time>
        <speed>1.389</speed>
      </trkpt>
      <trkpt lat="50.6327046" lon="-2.4317859">
        <ele>-2</ele>
        <time>2024-01-08T11:20:52.000Z</time>
        <speed>1.381</speed>
      </trkpt>
      <trkpt lat="50.6326624" lon="-2.4318650">
        <ele>-2</ele>
        <time>2024-01-08T11:20:57.000Z</time>
        <speed>1.383</speed>
      </trkpt>
      <trkpt lat="50.6326229" lon="-2.4319437">
        <ele>-2</ele>
        <time>2024-01-08T11:21:02.000Z</time>
        <speed>1.467</speed>
      </trkpt>
      <trkpt lat="50.6325841" lon="-2.4320230">
        <ele>-2</ele>
        <time>2024-01-08T11:21:07.000Z</time>
        <speed>1.617</speed>
      </trkpt>
      <trkpt lat="50.6325396" lon="-2.4320955">
        <ele>-2</ele>
        <time>2024-01-08T11:21:12.000Z</time>
        <speed>1.628</speed>
      </trkpt>
      <trkpt lat="50.6324955" lon="-2.4321710">
        <ele>-2</ele>
        <time>2024-01-08T11:21:17.000Z</time>
        <speed>1.622</speed>
      </trkpt>
      <trkpt lat="50.6324512" lon="-2.4322466">
        <ele>-2</ele>
        <time>2024-01-08T11:21:22.000Z</time>
        <speed>1.553</speed>
      </trkpt>
      <trkpt lat="50.6324095" lon="-2.4323181">
        <ele>-2</ele>
        <time>2024-01-08T11:21:27.000Z</time>
        <speed>1.517</speed>
      </trkpt>
      <trkpt lat="50.6323666" lon="-2.4323932">
        <ele>-2</ele>
        <time>2024-01-08T11:21:32.000Z</time>
        <speed>1.528</speed>
      </trkpt>
      <trkpt lat="50.6323208" lon="-2.4324667">
        <ele>-1</ele>
        <time>2024-01-08T11:21:37.000Z</time>
        <speed>1.481</speed>
      </trkpt>
      <trkpt lat="50.6322778" lon="-2.4325461">
        <ele>-1</ele>
        <time>2024-01-08T11:21:42.000Z</time>
        <speed>1.447</speed>
      </trkpt>
      <trkpt lat="50.6322362" lon="-2.4326287">
        <ele>-1</ele>
        <time>2024-01-08T11:21:47.000Z</time>
        <speed>1.392</speed>
      </trkpt>
      <trkpt lat="50.6321941" lon="-2.4327117">
        <ele>-1</ele>
        <time>2024-01-08T11:21:52.000Z</time>
        <speed>1.367</speed>
      </trkpt>
      <trkpt lat="50.6321521" lon="-2.4327934">
        <ele>-1</ele>
        <time>2024-01-08T11:21:57.000Z</time>
        <speed>1.389</speed>
      </trkpt>
      <trkpt lat="50.6321073" lon="-2.4328666">
        <ele>-1</ele>
        <time>2024-01-08T11:22:02.000Z</time>
        <speed>1.408</speed>
      </trkpt>
      <trkpt lat="50.6320627" lon="-2.4329423">
        <ele>-1</ele>
        <time>2024-01-08T11:22:07.000Z</time>
        <speed>1.411</speed>
      </trkpt>
      <trkpt lat="50.6320195" lon="-2.4330146">
        <ele>-1</ele>
        <time>2024-01-08T11:22:12.000Z</time>
        <speed>1.406</speed>
      </trkpt>
      <trkpt lat="50.6319727" lon="-2.4330911">
        <ele>-2</ele>
        <time>2024-01-08T11:22:17.000Z</time>
        <speed>1.444</speed>
      </trkpt>
      <trkpt lat="50.6319292" lon="-2.4331689">
        <ele>-2</ele>
        <time>2024-01-08T11:22:22.000Z</time>
        <speed>1.431</speed>
      </trkpt>
      <trkpt lat="50.6318863" lon="-2.4332489">
        <ele>-2</ele>
        <time>2024-01-08T11:22:27.000Z</time>
        <speed>1.419</speed>
      </trkpt>
      <trkpt lat="50.6318464" lon="-2.4333254">
        <ele>-2</ele>
        <time>2024-01-08T11:22:32.000Z</time>
        <speed>1.392</speed>
      </trkpt>
      <trkpt lat="50.6318025" lon="-2.4334010">
        <ele>-2</ele>
        <time>2024-01-08T11:22:37.000Z</time>
        <speed>1.383</speed>
      </trkpt>
      <trkpt lat="50.6317613" lon="-2.4334792">
        <ele>-2</ele>
        <time>2024-01-08T11:22:42.000Z</time>
        <speed>1.389</speed>
      </trkpt>
      <trkpt lat="50.6317193" lon="-2.4335568">
        <ele>-2</ele>
        <time>2024-01-08T11:22:47.000Z</time>
        <speed>1.392</speed>
      </trkpt>
      <trkpt lat="50.6316777" lon="-2.4336298">
        <ele>-2</ele>
        <time>2024-01-08T11:22:52.000Z</time>
        <speed>1.386</speed>
      </trkpt>
      <trkpt lat="50.6316332" lon="-2.4337046">
        <ele>-2</ele>
        <time>2024-01-08T11:22:57.000Z</time>
        <speed>1.403</speed>
      </trkpt>
      <trkpt lat="50.6315919" lon="-2.4337821">
        <ele>-2</ele>
        <time>2024-01-08T11:23:02.000Z</time>
        <speed>1.406</speed>
      </trkpt>
      <trkpt lat="50.6315455" lon="-2.4338538">
        <ele>-2</ele>
        <time>2024-01-08T11:23:07.000Z</time>
        <speed>1.408</speed>
      </trkpt>
      <trkpt lat="50.6315009" lon="-2.4339274">
        <ele>-2</ele>
        <time>2024-01-08T11:23:12.000Z</time>
        <speed>1.422</speed>
      </trkpt>
      <trkpt lat="50.6314590" lon="-2.4340005">
        <ele>-2</ele>
        <time>2024-01-08T11:23:17.000Z</time>
        <speed>1.411</speed>
      </trkpt>
      <trkpt lat="50.6314174" lon="-2.4340776">
        <ele>-2</ele>
        <time>2024-01-08T11:23:22.000Z</time>
        <speed>1.400</speed>
      </trkpt>
      <trkpt lat="50.6313751" lon="-2.4341530">
        <ele>-2</ele>
        <time>2024-01-08T11:23:27.000Z</time>
        <speed>1.417</speed>
      </trkpt>
      <trkpt lat="50.6313316" lon="-2.4342288">
        <ele>-2</ele>
        <time>2024-01-08T11:23:32.000Z</time>
        <speed>1.428</speed>
      </trkpt>
      <trkpt lat="50.6312905" lon="-2.4343022">
        <ele>-2</ele>
        <time>2024-01-08T11:23:37.000Z</time>
        <speed>1.408</speed>
      </trkpt>
      <trkpt lat="50.6312444" lon="-2.4343682">
        <ele>-2</ele>
        <time>2024-01-08T11:23:42.000Z</time>
        <speed>1.389</speed>
      </trkpt>
      <trkpt lat="50.6312001" lon="-2.4344418">
        <ele>-2</ele>
        <time>2024-01-08T11:23:47.000Z</time>
        <speed>1.389</speed>
      </trkpt>
      <trkpt lat="50.6311562" lon="-2.4345220">
        <ele>-2</ele>
        <time>2024-01-08T11:23:52.000Z</time>
        <speed>1.408</speed>
      </trkpt>
      <trkpt lat="50.6311110" lon="-2.4345947">
        <ele>-2</ele>
        <time>2024-01-08T11:23:57.000Z</time>
        <speed>1.433</speed>
      </trkpt>
      <trkpt lat="50.6310608" lon="-2.4346638">
        <ele>-2</ele>
        <time>2024-01-08T11:24:02.000Z</time>
        <speed>1.428</speed>
      </trkpt>
      <trkpt lat="50.6310230" lon="-2.4347371">
        <ele>-1</ele>
        <time>2024-01-08T11:24:07.000Z</time>
        <speed>1.417</speed>
      </trkpt>
      <trkpt lat="50.6309804" lon="-2.4348078">
        <ele>-1</ele>
        <time>2024-01-08T11:24:12.000Z</time>
        <speed>1.411</speed>
      </trkpt>
      <trkpt lat="50.6309355" lon="-2.4348734">
        <ele>-1</ele>
        <time>2024-01-08T11:24:17.000Z</time>
        <speed>1.386</speed>
      </trkpt>
      <trkpt lat="50.6308924" lon="-2.4349435">
        <ele>-2</ele>
        <time>2024-01-08T11:24:22.000Z</time>
        <speed>1.386</speed>
      </trkpt>
      <trkpt lat="50.6308526" lon="-2.4350143">
        <ele>-2</ele>
        <time>2024-01-08T11:24:27.000Z</time>
        <speed>1.383</speed>
      </trkpt>
      <trkpt lat="50.6308095" lon="-2.4350829">
        <ele>-2</ele>
        <time>2024-01-08T11:24:32.000Z</time>
        <speed>1.381</speed>
      </trkpt>
      <trkpt lat="50.6307688" lon="-2.4351528">
        <ele>-1</ele>
        <time>2024-01-08T11:24:37.000Z</time>
        <speed>1.333</speed>
      </trkpt>
      <trkpt lat="50.6307266" lon="-2.4352207">
        <ele>-1</ele>
        <time>2024-01-08T11:24:42.000Z</time>
        <speed>1.331</speed>
      </trkpt>
      <trkpt lat="50.6306823" lon="-2.4352867">
        <ele>-1</ele>
        <time>2024-01-08T11:24:47.000Z</time>
        <speed>1.344</speed>
      </trkpt>
      <trkpt lat="50.6306382" lon="-2.4353587">
        <ele>-2</ele>
        <time>2024-01-08T11:24:52.000Z</time>
        <speed>1.364</speed>
      </trkpt>
      <trkpt lat="50.6305973" lon="-2.4354341">
        <ele>-2</ele>
        <time>2024-01-08T11:24:57.000Z</time>
        <speed>1.342</speed>
      </trkpt>
      <trkpt lat="50.6305568" lon="-2.4355063">
        <ele>-2</ele>
        <time>2024-01-08T11:25:02.000Z</time>
        <speed>1.364</speed>
      </trkpt>
      <trkpt lat="50.6305126" lon="-2.4355778">
        <ele>-1</ele>
        <time>2024-01-08T11:25:07.000Z</time>
        <speed>1.386</speed>
      </trkpt>
      <trkpt lat="50.6304673" lon="-2.4356492">
        <ele>-1</ele>
        <time>2024-01-08T11:25:12.000Z</time>
        <speed>1.422</speed>
      </trkpt>
      <trkpt lat="50.6304207" lon="-2.4357167">
        <ele>-2</ele>
        <time>2024-01-08T11:25:17.000Z</time>
        <speed>1.439</speed>
      </trkpt>
      <trkpt lat="50.6303759" lon="-2.4357884">
        <ele>-2</ele>
        <time>2024-01-08T11:25:22.000Z</time>
        <speed>1.422</speed>
      </trkpt>
      <trkpt lat="50.6303325" lon="-2.4358606">
        <ele>-2</ele>
        <time>2024-01-08T11:25:27.000Z</time>
        <speed>1.411</speed>
      </trkpt>
      <trkpt lat="50.6302884" lon="-2.4359376">
        <ele>-2</ele>
        <time>2024-01-08T11:25:32.000Z</time>
        <speed>1.414</speed>
      </trkpt>
      <trkpt lat="50.6302487" lon="-2.4360123">
        <ele>-2</ele>
        <time>2024-01-08T11:25:37.000Z</time>
        <speed>1.411</speed>
      </trkpt>
      <trkpt lat="50.6302050" lon="-2.4360839">
        <ele>-2</ele>
        <time>2024-01-08T11:25:42.000Z</time>
        <speed>1.383</speed>
      </trkpt>
      <trkpt lat="50.6301605" lon="-2.4361559">
        <ele>-2</ele>
        <time>2024-01-08T11:25:47.000Z</time>
        <speed>1.378</speed>
      </trkpt>
      <trkpt lat="50.6301187" lon="-2.4362299">
        <ele>-2</ele>
        <time>2024-01-08T11:25:52.000Z</time>
        <speed>1.408</speed>
      </trkpt>
      <trkpt lat="50.6300750" lon="-2.4363024">
        <ele>-2</ele>
        <time>2024-01-08T11:25:57.000Z</time>
        <speed>1.414</speed>
      </trkpt>
      <trkpt lat="50.6300289" lon="-2.4363787">
        <ele>-2</ele>
        <time>2024-01-08T11:26:02.000Z</time>
        <speed>1.417</speed>
      </trkpt>
      <trkpt lat="50.6299846" lon="-2.4364559">
        <ele>-2</ele>
        <time>2024-01-08T11:26:07.000Z</time>
        <speed>1.422</speed>
      </trkpt>
      <trkpt lat="50.6299403" lon="-2.4365312">
        <ele>-2</ele>
        <time>2024-01-08T11:26:12.000Z</time>
        <speed>1.431</speed>
      </trkpt>
      <trkpt lat="50.6298983" lon="-2.4366030">
        <ele>-2</ele>
        <time>2024-01-08T11:26:17.000Z</time>
        <speed>1.419</speed>
      </trkpt>
      <trkpt lat="50.6298553" lon="-2.4366770">
        <ele>-2</ele>
        <time>2024-01-08T11:26:22.000Z</time>
        <speed>1.408</speed>
      </trkpt>
      <trkpt lat="50.6298146" lon="-2.4367524">
        <ele>-2</ele>
        <time>2024-01-08T11:26:27.000Z</time>
        <speed>1.414</speed>
      </trkpt>
      <trkpt lat="50.6297696" lon="-2.4368267">
        <ele>-2</ele>
        <time>2024-01-08T11:26:32.000Z</time>
        <speed>1.425</speed>
      </trkpt>
      <trkpt lat="50.6297248" lon="-2.4368982">
        <ele>-2</ele>
        <time>2024-01-08T11:26:37.000Z</time>
        <speed>1.419</speed>
      </trkpt>
      <trkpt lat="50.6296807" lon="-2.4369694">
        <ele>-2</ele>
        <time>2024-01-08T11:26:42.000Z</time>
        <speed>1.411</speed>
      </trkpt>
      <trkpt lat="50.6296380" lon="-2.4370390">
        <ele>-2</ele>
        <time>2024-01-08T11:26:47.000Z</time>
        <speed>1.400</speed>
      </trkpt>
      <trkpt lat="50.6295938" lon="-2.4371126">
        <ele>-2</ele>
        <time>2024-01-08T11:26:52.000Z</time>
        <speed>1.414</speed>
      </trkpt>
      <trkpt lat="50.6295523" lon="-2.4371874">
        <ele>-3</ele>
        <time>2024-01-08T11:26:57.000Z</time>
        <speed>1.400</speed>
      </trkpt>
      <trkpt lat="50.6295077" lon="-2.4372621">
        <ele>-3</ele>
        <time>2024-01-08T11:27:02.000Z</time>
        <speed>1.397</speed>
      </trkpt>
      <trkpt lat="50.6294640" lon="-2.4373358">
        <ele>-3</ele>
        <time>2024-01-08T11:27:07.000Z</time>
        <speed>1.389</speed>
      </trkpt>
      <trkpt lat="50.6294186" lon="-2.4374106">
        <ele>-2</ele>
        <time>2024-01-08T11:27:12.000Z</time>
        <speed>1.414</speed>
      </trkpt>
      <trkpt lat="50.6293755" lon="-2.4374825">
        <ele>-2</ele>
        <time>2024-01-08T11:27:17.000Z</time>
        <speed>1.425</speed>
      </trkpt>
      <trkpt lat="50.6293299" lon="-2.4375586">
        <ele>-2</ele>
        <time>2024-01-08T11:27:22.000Z</time>
        <speed>1.428</speed>
      </trkpt>
      <trkpt lat="50.6292863" lon="-2.4376326">
        <ele>-1</ele>
        <time>2024-01-08T11:27:27.000Z</time>
        <speed>1.428</speed>
      </trkpt>
      <trkpt lat="50.6292393" lon="-2.4377045">
        <ele>-1</ele>
        <time>2024-01-08T11:27:32.000Z</time>
        <speed>1.453</speed>
      </trkpt>
      <trkpt lat="50.6291954" lon="-2.4377767">
        <ele>-2</ele>
        <time>2024-01-08T11:27:37.000Z</time>
        <speed>1.458</speed>
      </trkpt>
      <trkpt lat="50.6291504" lon="-2.4378463">
        <ele>-2</ele>
        <time>2024-01-08T11:27:42.000Z</time>
        <speed>1.453</speed>
      </trkpt>
      <trkpt lat="50.6291020" lon="-2.4379179">
        <ele>-2</ele>
        <time>2024-01-08T11:27:47.000Z</time>
        <speed>1.442</speed>
      </trkpt>
      <trkpt lat="50.6290573" lon="-2.4379907">
        <ele>-2</ele>
        <time>2024-01-08T11:27:52.000Z</time>
        <speed>1.400</speed>
      </trkpt>
      <trkpt lat="50.6290103" lon="-2.4380600">
        <ele>-2</ele>
        <time>2024-01-08T11:27:57.000Z</time>
        <speed>1.439</speed>
      </trkpt>
      <trkpt lat="50.6289634" lon="-2.4381287">
        <ele>-2</ele>
        <time>2024-01-08T11:28:02.000Z</time>
        <speed>1.461</speed>
      </trkpt>
      <trkpt lat="50.6289181" lon="-2.4382000">
        <ele>-2</ele>
        <time>2024-01-08T11:28:07.000Z</time>
        <speed>1.431</speed>
      </trkpt>
      <trkpt lat="50.6288737" lon="-2.4382740">
        <ele>-2</ele>
        <time>2024-01-08T11:28:12.000Z</time>
        <speed>1.422</speed>
      </trkpt>
      <trkpt lat="50.6288231" lon="-2.4383420">
        <ele>-2</ele>
        <time>2024-01-08T11:28:17.000Z</time>
        <speed>1.428</speed>
      </trkpt>
      <trkpt lat="50.6287754" lon="-2.4384083">
        <ele>-2</ele>
        <time>2024-01-08T11:28:22.000Z</time>
        <speed>1.428</speed>
      </trkpt>
      <trkpt lat="50.6287268" lon="-2.4384782">
        <ele>-2</ele>
        <time>2024-01-08T11:28:27.000Z</time>
        <speed>1.431</speed>
      </trkpt>
      <trkpt lat="50.6286802" lon="-2.4385468">
        <ele>-2</ele>
        <time>2024-01-08T11:28:32.000Z</time>
        <speed>1.428</speed>
      </trkpt>
      <trkpt lat="50.6286297" lon="-2.4386127">
        <ele>-2</ele>
        <time>2024-01-08T11:28:37.000Z</time>
        <speed>1.431</speed>
      </trkpt>
      <trkpt lat="50.6285825" lon="-2.4386772">
        <ele>-2</ele>
        <time>2024-01-08T11:28:42.000Z</time>
        <speed>1.442</speed>
      </trkpt>
      <trkpt lat="50.6285291" lon="-2.4387406">
        <ele>-2</ele>
        <time>2024-01-08T11:28:47.000Z</time>
        <speed>1.431</speed>
      </trkpt>
      <trkpt lat="50.6284796" lon="-2.4388049">
        <ele>-2</ele>
        <time>2024-01-08T11:28:52.000Z</time>
        <speed>1.431</speed>
      </trkpt>
      <trkpt lat="50.6284305" lon="-2.4388733">
        <ele>-2</ele>
        <time>2024-01-08T11:28:57.000Z</time>
        <speed>1.433</speed>
      </trkpt>
      <trkpt lat="50.6283843" lon="-2.4389417">
        <ele>-2</ele>
        <time>2024-01-08T11:29:02.000Z</time>
        <speed>1.431</speed>
      </trkpt>
      <trkpt lat="50.6283345" lon="-2.4390107">
        <ele>-2</ele>
        <time>2024-01-08T11:29:07.000Z</time>
        <speed>1.433</speed>
      </trkpt>
      <trkpt lat="50.6282883" lon="-2.4390794">
        <ele>-2</ele>
        <time>2024-01-08T11:29:12.000Z</time>
        <speed>1.431</speed>
      </trkpt>
      <trkpt lat="50.6282386" lon="-2.4391451">
        <ele>-2</ele>
        <time>2024-01-08T11:29:17.000Z</time>
        <speed>1.433</speed>
      </trkpt>
      <trkpt lat="50.6281910" lon="-2.4392157">
        <ele>-2</ele>
        <time>2024-01-08T11:29:22.000Z</time>
        <speed>1.422</speed>
      </trkpt>
      <trkpt lat="50.6281417" lon="-2.4392804">
        <ele>-2</ele>
        <time>2024-01-08T11:29:27.000Z</time>
        <speed>1.433</speed>
      </trkpt>
      <trkpt lat="50.6280892" lon="-2.4393424">
        <ele>-2</ele>
        <time>2024-01-08T11:29:32.000Z</time>
        <speed>1.450</speed>
      </trkpt>
      <trkpt lat="50.6280371" lon="-2.4393980">
        <ele>-2</ele>
        <time>2024-01-08T11:29:37.000Z</time>
        <speed>1.447</speed>
      </trkpt>
      <trkpt lat="50.6279818" lon="-2.4394567">
        <ele>-2</ele>
        <time>2024-01-08T11:29:42.000Z</time>
        <speed>1.433</speed>
      </trkpt>
      <trkpt lat="50.6279334" lon="-2.4395197">
        <ele>-2</ele>
        <time>2024-01-08T11:29:47.000Z</time>
        <speed>1.431</speed>
      </trkpt>
      <trkpt lat="50.6278857" lon="-2.4395897">
        <ele>-2</ele>
        <time>2024-01-08T11:29:52.000Z</time>
        <speed>1.433</speed>
      </trkpt>
      <trkpt lat="50.6278383" lon="-2.4396560">
        <ele>-2</ele>
        <time>2024-01-08T11:29:57.000Z</time>
        <speed>1.431</speed>
      </trkpt>
      <trkpt lat="50.6277899" lon="-2.4397249">
        <ele>-2</ele>
        <time>2024-01-08T11:30:02.000Z</time>
        <speed>1.444</speed>
      </trkpt>
      <trkpt lat="50.6277433" lon="-2.4397911">
        <ele>-2</ele>
        <time>2024-01-08T11:30:07.000Z</time>
        <speed>1.458</speed>
      </trkpt>
      <trkpt lat="50.6276930" lon="-2.4398535">
        <ele>-2</ele>
        <time>2024-01-08T11:30:12.000Z</time>
        <speed>1.419</speed>
      </trkpt>
      <trkpt lat="50.6276435" lon="-2.4399166">
        <ele>-2</ele>
        <time>2024-01-08T11:30:17.000Z</time>
        <speed>1.408</speed>
      </trkpt>
      <trkpt lat="50.6275923" lon="-2.4399787">
        <ele>-2</ele>
        <time>2024-01-08T11:30:22.000Z</time>
        <speed>1.422</speed>
      </trkpt>
      <trkpt lat="50.6275435" lon="-2.4400432">
        <ele>-2</ele>
        <time>2024-01-08T11:30:27.000Z</time>
        <speed>1.428</speed>
      </trkpt>
      <trkpt lat="50.6274924" lon="-2.4401027">
        <ele>-2</ele>
        <time>2024-01-08T11:30:32.000Z</time>
        <speed>1.417</speed>
      </trkpt>
      <trkpt lat="50.6274446" lon="-2.4401689">
        <ele>-2</ele>
        <time>2024-01-08T11:30:37.000Z</time>
        <speed>1.428</speed>
      </trkpt>
      <trkpt lat="50.6273929" lon="-2.4402319">
        <ele>-2</ele>
        <time>2024-01-08T11:30:42.000Z</time>
        <speed>1.442</speed>
      </trkpt>
      <trkpt lat="50.6273408" lon="-2.4402987">
        <ele>-2</ele>
        <time>2024-01-08T11:30:47.000Z</time>
        <speed>1.453</speed>
      </trkpt>
      <trkpt lat="50.6272912" lon="-2.4403669">
        <ele>-2</ele>
        <time>2024-01-08T11:30:52.000Z</time>
        <speed>1.453</speed>
      </trkpt>
      <trkpt lat="50.6272469" lon="-2.4404406">
        <ele>-1</ele>
        <time>2024-01-08T11:30:57.000Z</time>
        <speed>1.453</speed>
      </trkpt>
      <trkpt lat="50.6271970" lon="-2.4405049">
        <ele>-1</ele>
        <time>2024-01-08T11:31:02.000Z</time>
        <speed>1.494</speed>
      </trkpt>
      <trkpt lat="50.6271411" lon="-2.4405681">
        <ele>-1</ele>
        <time>2024-01-08T11:31:07.000Z</time>
        <speed>1.533</speed>
      </trkpt>
      <trkpt lat="50.6270888" lon="-2.4406277">
        <ele>-1</ele>
        <time>2024-01-08T11:31:12.000Z</time>
        <speed>1.503</speed>
      </trkpt>
      <trkpt lat="50.6270360" lon="-2.4406929">
        <ele>-1</ele>
        <time>2024-01-08T11:31:17.000Z</time>
        <speed>1.456</speed>
      </trkpt>
      <trkpt lat="50.6269851" lon="-2.4407609">
        <ele>-1</ele>
        <time>2024-01-08T11:31:22.000Z</time>
        <speed>1.447</speed>
      </trkpt>
      <trkpt lat="50.6269364" lon="-2.4408234">
        <ele>-1</ele>
        <time>2024-01-08T11:31:27.000Z</time>
        <speed>1.447</speed>
      </trkpt>
      <trkpt lat="50.6268873" lon="-2.4408857">
        <ele>-1</ele>
        <time>2024-01-08T11:31:32.000Z</time>
        <speed>1.425</speed>
      </trkpt>
      <trkpt lat="50.6268432" lon="-2.4409480">
        <ele>-1</ele>
        <time>2024-01-08T11:31:37.000Z</time>
        <speed>1.400</speed>
      </trkpt>
      <trkpt lat="50.6267978" lon="-2.4410041">
        <ele>-1</ele>
        <time>2024-01-08T11:31:42.000Z</time>
        <speed>1.403</speed>
      </trkpt>
      <trkpt lat="50.6267516" lon="-2.4410620">
        <ele>-2</ele>
        <time>2024-01-08T11:31:47.000Z</time>
        <speed>1.381</speed>
      </trkpt>
      <trkpt lat="50.6267045" lon="-2.4411234">
        <ele>-2</ele>
        <time>2024-01-08T11:31:52.000Z</time>
        <speed>1.375</speed>
      </trkpt>
      <trkpt lat="50.6266597" lon="-2.4411946">
        <ele>-1</ele>
        <time>2024-01-08T11:31:57.000Z</time>
        <speed>1.375</speed>
      </trkpt>
      <trkpt lat="50.6266122" lon="-2.4412674">
        <ele>-1</ele>
        <time>2024-01-08T11:32:02.000Z</time>
        <speed>1.389</speed>
      </trkpt>
      <trkpt lat="50.6265622" lon="-2.4413337">
        <ele>-1</ele>
        <time>2024-01-08T11:32:07.000Z</time>
        <speed>1.417</speed>
      </trkpt>
      <trkpt lat="50.6265307" lon="-2.4413716">
        <ele>-1</ele>
        <time>2024-01-08T11:32:32.000Z</time>
        <speed>0.000</speed>
      </trkpt>
      <trkpt lat="50.6264812" lon="-2.4414261">
        <ele>-2</ele>
        <time>2024-01-08T11:32:37.000Z</time>
        <speed>1.308</speed>
      </trkpt>
      <trkpt lat="50.6264220" lon="-2.4415005">
        <ele>-2</ele>
        <time>2024-01-08T11:32:42.000Z</time>
        <speed>1.314</speed>
      </trkpt>
      <trkpt lat="50.6263707" lon="-2.4415649">
        <ele>-2</ele>
        <time>2024-01-08T11:32:47.000Z</time>
        <speed>1.303</speed>
      </trkpt>
      <trkpt lat="50.6263181" lon="-2.4416270">
        <ele>-2</ele>
        <time>2024-01-08T11:32:52.000Z</time>
        <speed>1.314</speed>
      </trkpt>
      <trkpt lat="50.6262687" lon="-2.4416928">
        <ele>-2</ele>
        <time>2024-01-08T11:32:57.000Z</time>
        <speed>1.308</speed>
      </trkpt>
      <trkpt lat="50.6262172" lon="-2.4417626">
        <ele>-2</ele>
        <time>2024-01-08T11:33:02.000Z</time>
        <speed>1.328</speed>
      </trkpt>
      <trkpt lat="50.6261662" lon="-2.4418342">
        <ele>-2</ele>
        <time>2024-01-08T11:33:07.000Z</time>
        <speed>1.353</speed>
      </trkpt>
      <trkpt lat="50.6261163" lon="-2.4419062">
        <ele>-2</ele>
        <time>2024-01-08T11:33:12.000Z</time>
        <speed>1.361</speed>
      </trkpt>
      <trkpt lat="50.6260625" lon="-2.4419706">
        <ele>-2</ele>
        <time>2024-01-08T11:33:17.000Z</time>
        <speed>1.347</speed>
      </trkpt>
      <trkpt lat="50.6260128" lon="-2.4420286">
        <ele>-2</ele>
        <time>2024-01-08T11:33:22.000Z</time>
        <speed>1.344</speed>
      </trkpt>
      <trkpt lat="50.6259604" lon="-2.4420907">
        <ele>-2</ele>
        <time>2024-01-08T11:33:27.000Z</time>
        <speed>1.361</speed>
      </trkpt>
      <trkpt lat="50.6259095" lon="-2.4421535">
        <ele>-2</ele>
        <time>2024-01-08T11:33:32.000Z</time>
        <speed>1.347</speed>
      </trkpt>
      <trkpt lat="50.6258569" lon="-2.4422221">
        <ele>-2</ele>
        <time>2024-01-08T11:33:37.000Z</time>
        <speed>1.358</speed>
      </trkpt>
      <trkpt lat="50.6258087" lon="-2.4422937">
        <ele>-2</ele>
        <time>2024-01-08T11:33:42.000Z</time>
        <speed>1.372</speed>
      </trkpt>
      <trkpt lat="50.6257581" lon="-2.4423631">
        <ele>-2</ele>
        <time>2024-01-08T11:33:47.000Z</time>
        <speed>1.406</speed>
      </trkpt>
      <trkpt lat="50.6257082" lon="-2.4424251">
        <ele>-2</ele>
        <time>2024-01-08T11:33:52.000Z</time>
        <speed>1.400</speed>
      </trkpt>
      <trkpt lat="50.6256586" lon="-2.4424852">
        <ele>-2</ele>
        <time>2024-01-08T11:33:57.000Z</time>
        <speed>1.375</speed>
      </trkpt>
      <trkpt lat="50.6256050" lon="-2.4425470">
        <ele>-2</ele>
        <time>2024-01-08T11:34:02.000Z</time>
        <speed>1.369</speed>
      </trkpt>
      <trkpt lat="50.6255537" lon="-2.4426095">
        <ele>-2</ele>
        <time>2024-01-08T11:34:07.000Z</time>
        <speed>1.375</speed>
      </trkpt>
      <trkpt lat="50.6255032" lon="-2.4426691">
        <ele>-2</ele>
        <time>2024-01-08T11:34:12.000Z</time>
        <speed>1.378</speed>
      </trkpt>
      <trkpt lat="50.6254535" lon="-2.4427349">
        <ele>-2</ele>
        <time>2024-01-08T11:34:17.000Z</time>
        <speed>1.378</speed>
      </trkpt>
      <trkpt lat="50.6254051" lon="-2.4428009">
        <ele>-2</ele>
        <time>2024-01-08T11:34:22.000Z</time>
        <speed>1.364</speed>
      </trkpt>
      <trkpt lat="50.6253597" lon="-2.4428767">
        <ele>-2</ele>
        <time>2024-01-08T11:34:27.000Z</time>
        <speed>1.381</speed>
      </trkpt>
      <trkpt lat="50.6253086" lon="-2.4429426">
        <ele>-2</ele>
        <time>2024-01-08T11:34:32.000Z</time>
        <speed>1.394</speed>
      </trkpt>
      <trkpt lat="50.6252529" lon="-2.4429945">
        <ele>-2</ele>
        <time>2024-01-08T11:34:37.000Z</time>
        <speed>1.414</speed>
      </trkpt>
      <trkpt lat="50.6251939" lon="-2.4430476">
        <ele>-2</ele>
        <time>2024-01-08T11:34:42.000Z</time>
        <speed>1.419</speed>
      </trkpt>
      <trkpt lat="50.6251378" lon="-2.4430977">
        <ele>-2</ele>
        <time>2024-01-08T11:34:47.000Z</time>
        <speed>1.419</speed>
      </trkpt>
      <trkpt lat="50.6250807" lon="-2.4431517">
        <ele>-2</ele>
        <time>2024-01-08T11:34:52.000Z</time>
        <speed>1.422</speed>
      </trkpt>
      <trkpt lat="50.6250264" lon="-2.4432089">
        <ele>-2</ele>
        <time>2024-01-08T11:34:57.000Z</time>
        <speed>1.422</speed>
      </trkpt>
      <trkpt lat="50.6249709" lon="-2.4432617">
        <ele>-2</ele>
        <time>2024-01-08T11:35:02.000Z</time>
        <speed>1.422</speed>
      </trkpt>
      <trkpt lat="50.6249139" lon="-2.4433153">
        <ele>-2</ele>
        <time>2024-01-08T11:35:07.000Z</time>
        <speed>1.428</speed>
      </trkpt>
      <trkpt lat="50.6248609" lon="-2.4433646">
        <ele>-2</ele>
        <time>2024-01-08T11:35:12.000Z</time>
        <speed>1.422</speed>
      </trkpt>
      <trkpt lat="50.6248050" lon="-2.4434151">
        <ele>-2</ele>
        <time>2024-01-08T11:35:17.000Z</time>
        <speed>1.411</speed>
      </trkpt>
      <trkpt lat="50.6247498" lon="-2.4434635">
        <ele>-2</ele>
        <time>2024-01-08T11:35:22.000Z</time>
        <speed>1.400</speed>
      </trkpt>
      <trkpt lat="50.6246972" lon="-2.4435128">
        <ele>-2</ele>
        <time>2024-01-08T11:35:27.000Z</time>
        <speed>1.392</speed>
      </trkpt>
      <trkpt lat="50.6246443" lon="-2.4435604">
        <ele>-3</ele>
        <time>2024-01-08T11:35:32.000Z</time>
        <speed>1.378</speed>
      </trkpt>
      <trkpt lat="50.6245930" lon="-2.4436128">
        <ele>-2</ele>
        <time>2024-01-08T11:35:37.000Z</time>
        <speed>1.375</speed>
      </trkpt>
      <trkpt lat="50.6245423" lon="-2.4436595">
        <ele>-2</ele>
        <time>2024-01-08T11:35:42.000Z</time>
        <speed>1.364</speed>
      </trkpt>
      <trkpt lat="50.6244879" lon="-2.4437083">
        <ele>-2</ele>
        <time>2024-01-08T11:35:47.000Z</time>
        <speed>1.356</speed>
      </trkpt>
      <trkpt lat="50.6244342" lon="-2.4437604">
        <ele>-2</ele>
        <time>2024-01-08T11:35:52.000Z</time>
        <speed>1.344</speed>
      </trkpt>
      <trkpt lat="50.6243823" lon="-2.4438134">
        <ele>-3</ele>
        <time>2024-01-08T11:35:57.000Z</time>
        <speed>1.378</speed>
      </trkpt>
      <trkpt lat="50.6243308" lon="-2.4438799">
        <ele>-3</ele>
        <time>2024-01-08T11:36:02.000Z</time>
        <speed>1.392</speed>
      </trkpt>
      <trkpt lat="50.6242904" lon="-2.4439567">
        <ele>-3</ele>
        <time>2024-01-08T11:36:07.000Z</time>
        <speed>1.419</speed>
      </trkpt>
      <trkpt lat="50.6242554" lon="-2.4440284">
        <ele>-3</ele>
        <time>2024-01-08T11:36:12.000Z</time>
        <speed>1.394</speed>
      </trkpt>
      <trkpt lat="50.6242066" lon="-2.4440810">
        <ele>-2</ele>
        <time>2024-01-08T11:36:17.000Z</time>
        <speed>1.347</speed>
      </trkpt>
      <trkpt lat="50.6241476" lon="-2.4441274">
        <ele>-2</ele>
        <time>2024-01-08T11:36:22.000Z</time>
        <speed>1.325</speed>
      </trkpt>
      <trkpt lat="50.6240951" lon="-2.4441813">
        <ele>-2</ele>
        <time>2024-01-08T11:36:27.000Z</time>
        <speed>1.333</speed>
      </trkpt>
      <trkpt lat="50.6240431" lon="-2.4442346">
        <ele>-2</ele>
        <time>2024-01-08T11:36:32.000Z</time>
        <speed>1.372</speed>
      </trkpt>
      <trkpt lat="50.6239879" lon="-2.4442903">
        <ele>-2</ele>
        <time>2024-01-08T11:36:37.000Z</time>
        <speed>1.392</speed>
      </trkpt>
      <trkpt lat="50.6239392" lon="-2.4443516">
        <ele>-2</ele>
        <time>2024-01-08T11:36:42.000Z</time>
        <speed>1.392</speed>
      </trkpt>
      <trkpt lat="50.6238862" lon="-2.4444096">
        <ele>-2</ele>
        <time>2024-01-08T11:36:47.000Z</time>
        <speed>1.397</speed>
      </trkpt>
      <trkpt lat="50.6238372" lon="-2.4444719">
        <ele>-2</ele>
        <time>2024-01-08T11:36:52.000Z</time>
        <speed>1.394</speed>
      </trkpt>
      <trkpt lat="50.6237850" lon="-2.4445320">
        <ele>-2</ele>
        <time>2024-01-08T11:36:57.000Z</time>
        <speed>1.400</speed>
      </trkpt>
      <trkpt lat="50.6237353" lon="-2.4445926">
        <ele>-2</ele>
        <time>2024-01-08T11:37:02.000Z</time>
        <speed>1.394</speed>
      </trkpt>
      <trkpt lat="50.6236885" lon="-2.4446518">
        <ele>-2</ele>
        <time>2024-01-08T11:37:07.000Z</time>
        <speed>1.394</speed>
      </trkpt>
      <trkpt lat="50.6236387" lon="-2.4447067">
        <ele>-2</ele>
        <time>2024-01-08T11:37:12.000Z</time>
        <speed>1.389</speed>
      </trkpt>
      <trkpt lat="50.6235857" lon="-2.4447714">
        <ele>-2</ele>
        <time>2024-01-08T11:37:17.000Z</time>
        <speed>1.408</speed>
      </trkpt>
      <trkpt lat="50.6235348" lon="-2.4448407">
        <ele>-1</ele>
        <time>2024-01-08T11:37:22.000Z</time>
        <speed>1.433</speed>
      </trkpt>
      <trkpt lat="50.6234837" lon="-2.4449017">
        <ele>-1</ele>
        <time>2024-01-08T11:37:27.000Z</time>
        <speed>1.442</speed>
      </trkpt>
      <trkpt lat="50.6234326" lon="-2.4449626">
        <ele>-1</ele>
        <time>2024-01-08T11:37:32.000Z</time>
        <speed>1.417</speed>
      </trkpt>
      <trkpt lat="50.6233861" lon="-2.4450263">
        <ele>-1</ele>
        <time>2024-01-08T11:37:37.000Z</time>
        <speed>1.400</speed>
      </trkpt>
      <trkpt lat="50.6233382" lon="-2.4450862">
        <ele>-1</ele>
        <time>2024-01-08T11:37:42.000Z</time>
        <speed>1.378</speed>
      </trkpt>
      <trkpt lat="50.6232881" lon="-2.4451435">
        <ele>-1</ele>
        <time>2024-01-08T11:37:47.000Z</time>
        <speed>1.361</speed>
      </trkpt>
      <trkpt lat="50.6232377" lon="-2.4452061">
        <ele>-1</ele>
        <time>2024-01-08T11:37:52.000Z</time>
        <speed>1.367</speed>
      </trkpt>
      <trkpt lat="50.6231860" lon="-2.4452696">
        <ele>-1</ele>
        <time>2024-01-08T11:37:57.000Z</time>
        <speed>1.386</speed>
      </trkpt>
      <trkpt lat="50.6231347" lon="-2.4453296">
        <ele>-1</ele>
        <time>2024-01-08T11:38:02.000Z</time>
        <speed>1.414</speed>
      </trkpt>
      <trkpt lat="50.6230836" lon="-2.4453934">
        <ele>-1</ele>
        <time>2024-01-08T11:38:07.000Z</time>
        <speed>1.411</speed>
      </trkpt>
      <trkpt lat="50.6230313" lon="-2.4454534">
        <ele>-1</ele>
        <time>2024-01-08T11:38:12.000Z</time>
        <speed>1.419</speed>
      </trkpt>
      <trkpt lat="50.6229830" lon="-2.4455106">
        <ele>-1</ele>
        <time>2024-01-08T11:38:17.000Z</time>
        <speed>1.425</speed>
      </trkpt>
      <trkpt lat="50.6229339" lon="-2.4455662">
        <ele>-1</ele>
        <time>2024-01-08T11:38:22.000Z</time>
        <speed>1.414</speed>
      </trkpt>
      <trkpt lat="50.6228821" lon="-2.4456171">
        <ele>-1</ele>
        <time>2024-01-08T11:38:27.000Z</time>
        <speed>1.406</speed>
      </trkpt>
      <trkpt lat="50.6228277" lon="-2.4456750">
        <ele>-1</ele>
        <time>2024-01-08T11:38:32.000Z</time>
        <speed>1.408</speed>
      </trkpt>
      <trkpt lat="50.6227753" lon="-2.4457347">
        <ele>-1</ele>
        <time>2024-01-08T11:38:37.000Z</time>
        <speed>1.417</speed>
      </trkpt>
      <trkpt lat="50.6227207" lon="-2.4457908">
        <ele>-1</ele>
        <time>2024-01-08T11:38:42.000Z</time>
        <speed>1.408</speed>
      </trkpt>
      <trkpt lat="50.6226689" lon="-2.4458539">
        <ele>-1</ele>
        <time>2024-01-08T11:38:47.000Z</time>
        <speed>1.425</speed>
      </trkpt>
      <trkpt lat="50.6226193" lon="-2.4459129">
        <ele>-1</ele>
        <time>2024-01-08T11:38:52.000Z</time>
        <speed>1.431</speed>
      </trkpt>
      <trkpt lat="50.6225697" lon="-2.4459764">
        <ele>-2</ele>
        <time>2024-01-08T11:38:57.000Z</time>
        <speed>1.425</speed>
      </trkpt>
      <trkpt lat="50.6225186" lon="-2.4460356">
        <ele>-2</ele>
        <time>2024-01-08T11:39:02.000Z</time>
        <speed>1.411</speed>
      </trkpt>
      <trkpt lat="50.6224638" lon="-2.4460933">
        <ele>-1</ele>
        <time>2024-01-08T11:39:07.000Z</time>
        <speed>1.422</speed>
      </trkpt>
      <trkpt lat="50.6224109" lon="-2.4461494">
        <ele>-1</ele>
        <time>2024-01-08T11:39:12.000Z</time>
        <speed>1.436</speed>
      </trkpt>
      <trkpt lat="50.6223563" lon="-2.4462080">
        <ele>-1</ele>
        <time>2024-01-08T11:39:17.000Z</time>
        <speed>1.439</speed>
      </trkpt>
      <trkpt lat="50.6223066" lon="-2.4462648">
        <ele>-1</ele>
        <time>2024-01-08T11:39:22.000Z</time>
        <speed>1.425</speed>
      </trkpt>
      <trkpt lat="50.6222553" lon="-2.4463282">
        <ele>-1</ele>
        <time>2024-01-08T11:39:27.000Z</time>
        <speed>1.422</speed>
      </trkpt>
      <trkpt lat="50.6222014" lon="-2.4463817">
        <ele>-1</ele>
        <time>2024-01-08T11:39:32.000Z</time>
        <speed>1.406</speed>
      </trkpt>
      <trkpt lat="50.6221453" lon="-2.4464314">
        <ele>-1</ele>
        <time>2024-01-08T11:39:37.000Z</time>
        <speed>1.425</speed>
      </trkpt>
      <trkpt lat="50.6220913" lon="-2.4464797">
        <ele>-1</ele>
        <time>2024-01-08T11:39:42.000Z</time>
        <speed>1.419</speed>
      </trkpt>
      <trkpt lat="50.6220341" lon="-2.4465286">
        <ele>-1</ele>
        <time>2024-01-08T11:39:47.000Z</time>
        <speed>1.422</speed>
      </trkpt>
      <trkpt lat="50.6219800" lon="-2.4465832">
        <ele>-1</ele>
        <time>2024-01-08T11:39:52.000Z</time>
        <speed>1.422</speed>
      </trkpt>
      <trkpt lat="50.6219239" lon="-2.4466330">
        <ele>-1</ele>
        <time>2024-01-08T11:39:57.000Z</time>
        <speed>1.425</speed>
      </trkpt>
      <trkpt lat="50.6218742" lon="-2.4466850">
        <ele>-1</ele>
        <time>2024-01-08T11:40:02.000Z</time>
        <speed>1.417</speed>
      </trkpt>
      <trkpt lat="50.6218224" lon="-2.4467402">
        <ele>-1</ele>
        <time>2024-01-08T11:40:07.000Z</time>
        <speed>1.397</speed>
      </trkpt>
      <trkpt lat="50.6217701" lon="-2.4467938">
        <ele>-1</ele>
        <time>2024-01-08T11:40:12.000Z</time>
        <speed>1.392</speed>
      </trkpt>
      <trkpt lat="50.6217193" lon="-2.4468445">
        <ele>-1</ele>
        <time>2024-01-08T11:40:17.000Z</time>
        <speed>1.406</speed>
      </trkpt>
      <trkpt lat="50.6216719" lon="-2.4469009">
        <ele>-1</ele>
        <time>2024-01-08T11:40:22.000Z</time>
        <speed>1.372</speed>
      </trkpt>
      <trkpt lat="50.6216182" lon="-2.4469606">
        <ele>-1</ele>
        <time>2024-01-08T11:40:27.000Z</time>
        <speed>1.389</speed>
      </trkpt>
      <trkpt lat="50.6215591" lon="-2.4470188">
        <ele>-1</ele>
        <time>2024-01-08T11:40:32.000Z</time>
        <speed>1.431</speed>
      </trkpt>
      <trkpt lat="50.6215049" lon="-2.4470735">
        <ele>-1</ele>
        <time>2024-01-08T11:40:37.000Z</time>
        <speed>1.431</speed>
      </trkpt>
      <trkpt lat="50.6214529" lon="-2.4471271">
        <ele>-1</ele>
        <time>2024-01-08T11:40:42.000Z</time>
        <speed>1.414</speed>
      </trkpt>
      <trkpt lat="50.6213984" lon="-2.4471847">
        <ele>-1</ele>
        <time>2024-01-08T11:40:47.000Z</time>
        <speed>1.422</speed>
      </trkpt>
      <trkpt lat="50.6213497" lon="-2.4472436">
        <ele>-1</ele>
        <time>2024-01-08T11:40:52.000Z</time>
        <speed>1.403</speed>
      </trkpt>
      <trkpt lat="50.6212996" lon="-2.4473040">
        <ele>0</ele>
        <time>2024-01-08T11:40:57.000Z</time>
        <speed>1.403</speed>
      </trkpt>
      <trkpt lat="50.6212455" lon="-2.4473599">
        <ele>0</ele>
        <time>2024-01-08T11:41:02.000Z</time>
        <speed>1.403</speed>
      </trkpt>
      <trkpt lat="50.6211887" lon="-2.4474146">
        <ele>0</ele>
        <time>2024-01-08T11:41:07.000Z</time>
        <speed>1.422</speed>
      </trkpt>
      <trkpt lat="50.6211377" lon="-2.4474723">
        <ele>0</ele>
        <time>2024-01-08T11:41:12.000Z</time>
        <speed>1.428</speed>
      </trkpt>
      <trkpt lat="50.6210830" lon="-2.4475346">
        <ele>0</ele>
        <time>2024-01-08T11:41:17.000Z</time>
        <speed>1.417</speed>
      </trkpt>
      <trkpt lat="50.6210301" lon="-2.4475914">
        <ele>0</ele>
        <time>2024-01-08T11:41:22.000Z</time>
        <speed>1.417</speed>
      </trkpt>
      <trkpt lat="50.6209784" lon="-2.4476465">
        <ele>0</ele>
        <time>2024-01-08T11:41:27.000Z</time>
        <speed>1.431</speed>
      </trkpt>
      <trkpt lat="50.6209243" lon="-2.4476960">
        <ele>0</ele>
        <time>2024-01-08T11:41:32.000Z</time>
        <speed>1.411</speed>
      </trkpt>
      <trkpt lat="50.6208678" lon="-2.4477470">
        <ele>0</ele>
        <time>2024-01-08T11:41:37.000Z</time>
        <speed>1.408</speed>
      </trkpt>
      <trkpt lat="50.6208142" lon="-2.4477974">
        <ele>0</ele>
        <time>2024-01-08T11:41:42.000Z</time>
        <speed>1.408</speed>
      </trkpt>
      <trkpt lat="50.6207626" lon="-2.4478514">
        <ele>0</ele>
        <time>2024-01-08T11:41:47.000Z</time>
        <speed>1.406</speed>
      </trkpt>
      <trkpt lat="50.6207091" lon="-2.4479078">
        <ele>0</ele>
        <time>2024-01-08T11:41:52.000Z</time>
        <speed>1.411</speed>
      </trkpt>
      <trkpt lat="50.6206518" lon="-2.4479661">
        <ele>0</ele>
        <time>2024-01-08T11:41:57.000Z</time>
        <speed>1.444</speed>
      </trkpt>
      <trkpt lat="50.6206010" lon="-2.4480195">
        <ele>0</ele>
        <time>2024-01-08T11:42:02.000Z</time>
        <speed>1.436</speed>
      </trkpt>
      <trkpt lat="50.6205480" lon="-2.4480745">
        <ele>0</ele>
        <time>2024-01-08T11:42:07.000Z</time>
        <speed>1.428</speed>
      </trkpt>
      <trkpt lat="50.6204946" lon="-2.4481250">
        <ele>0</ele>
        <time>2024-01-08T11:42:12.000Z</time>
        <speed>1.425</speed>
      </trkpt>
      <trkpt lat="50.6204399" lon="-2.4481812">
        <ele>0</ele>
        <time>2024-01-08T11:42:17.000Z</time>
        <speed>1.422</speed>
      </trkpt>
      <trkpt lat="50.6203883" lon="-2.4482376">
        <ele>0</ele>
        <time>2024-01-08T11:42:22.000Z</time>
        <speed>1.417</speed>
      </trkpt>
      <trkpt lat="50.6203361" lon="-2.4482925">
        <ele>-1</ele>
        <time>2024-01-08T11:42:27.000Z</time>
        <speed>1.406</speed>
      </trkpt>
      <trkpt lat="50.6202841" lon="-2.4483489">
        <ele>-1</ele>
        <time>2024-01-08T11:42:32.000Z</time>
        <speed>1.417</speed>
      </trkpt>
      <trkpt lat="50.6202299" lon="-2.4484009">
        <ele>-1</ele>
        <time>2024-01-08T11:42:37.000Z</time>
        <speed>1.419</speed>
      </trkpt>
      <trkpt lat="50.6201778" lon="-2.4484525">
        <ele>0</ele>
        <time>2024-01-08T11:42:42.000Z</time>
        <speed>1.403</speed>
      </trkpt>
      <trkpt lat="50.6201220" lon="-2.4484981">
        <ele>0</ele>
        <time>2024-01-08T11:42:47.000Z</time>
        <speed>1.400</speed>
      </trkpt>
      <trkpt lat="50.6200688" lon="-2.4485537">
        <ele>0</ele>
        <time>2024-01-08T11:42:52.000Z</time>
        <speed>1.417</speed>
      </trkpt>
      <trkpt lat="50.6200152" lon="-2.4486094">
        <ele>0</ele>
        <time>2024-01-08T11:42:57.000Z</time>
        <speed>1.436</speed>
      </trkpt>
      <trkpt lat="50.6199624" lon="-2.4486606">
        <ele>0</ele>
        <time>2024-01-08T11:43:02.000Z</time>
        <speed>1.425</speed>
      </trkpt>
      <trkpt lat="50.6199059" lon="-2.4487127">
        <ele>0</ele>
        <time>2024-01-08T11:43:07.000Z</time>
        <speed>1.397</speed>
      </trkpt>
      <trkpt lat="50.6198495" lon="-2.4487590">
        <ele>0</ele>
        <time>2024-01-08T11:43:12.000Z</time>
        <speed>1.403</speed>
      </trkpt>
      <trkpt lat="50.6197891" lon="-2.4487941">
        <ele>0</ele>
        <time>2024-01-08T11:43:17.000Z</time>
        <speed>1.406</speed>
      </trkpt>
      <trkpt lat="50.6197310" lon="-2.4488480">
        <ele>0</ele>
        <time>2024-01-08T11:43:22.000Z</time>
        <speed>1.422</speed>
      </trkpt>
      <trkpt lat="50.6196754" lon="-2.4489146">
        <ele>0</ele>
        <time>2024-01-08T11:43:27.000Z</time>
        <speed>1.436</speed>
      </trkpt>
      <trkpt lat="50.6196190" lon="-2.4489770">
        <ele>0</ele>
        <time>2024-01-08T11:43:32.000Z</time>
        <speed>1.475</speed>
      </trkpt>
      <trkpt lat="50.6195647" lon="-2.4490402">
        <ele>0</ele>
        <time>2024-01-08T11:43:37.000Z</time>
        <speed>1.519</speed>
      </trkpt>
      <trkpt lat="50.6195108" lon="-2.4490911">
        <ele>0</ele>
        <time>2024-01-08T11:43:42.000Z</time>
        <speed>1.486</speed>
      </trkpt>
      <trkpt lat="50.6194512" lon="-2.4491404">
        <ele>0</ele>
        <time>2024-01-08T11:43:47.000Z</time>
        <speed>1.442</speed>
      </trkpt>
      <trkpt lat="50.6193979" lon="-2.4491953">
        <ele>0</ele>
        <time>2024-01-08T11:43:52.000Z</time>
        <speed>1.442</speed>
      </trkpt>
      <trkpt lat="50.6193428" lon="-2.4492547">
        <ele>0</ele>
        <time>2024-01-08T11:43:57.000Z</time>
        <speed>1.472</speed>
      </trkpt>
      <trkpt lat="50.6192879" lon="-2.4493136">
        <ele>0</ele>
        <time>2024-01-08T11:44:02.000Z</time>
        <speed>1.467</speed>
      </trkpt>
      <trkpt lat="50.6192315" lon="-2.4493683">
        <ele>0</ele>
        <time>2024-01-08T11:44:07.000Z</time>
        <speed>1.458</speed>
      </trkpt>
      <trkpt lat="50.6191739" lon="-2.4494224">
        <ele>0</ele>
        <time>2024-01-08T11:44:12.000Z</time>
        <speed>1.458</speed>
      </trkpt>
      <trkpt lat="50.6191189" lon="-2.4494763">
        <ele>0</ele>
        <time>2024-01-08T11:44:17.000Z</time>
        <speed>1.458</speed>
      </trkpt>
      <trkpt lat="50.6190605" lon="-2.4495294">
        <ele>0</ele>
        <time>2024-01-08T11:44:22.000Z</time>
        <speed>1.461</speed>
      </trkpt>
      <trkpt lat="50.6190062" lon="-2.4495836">
        <ele>0</ele>
        <time>2024-01-08T11:44:27.000Z</time>
        <speed>1.458</speed>
      </trkpt>
      <trkpt lat="50.6189485" lon="-2.4496350">
        <ele>0</ele>
        <time>2024-01-08T11:44:32.000Z</time>
        <speed>1.458</speed>
      </trkpt>
      <trkpt lat="50.6188923" lon="-2.4496852">
        <ele>0</ele>
        <time>2024-01-08T11:44:37.000Z</time>
        <speed>1.450</speed>
      </trkpt>
      <trkpt lat="50.6188341" lon="-2.4497278">
        <ele>0</ele>
        <time>2024-01-08T11:44:42.000Z</time>
        <speed>1.456</speed>
      </trkpt>
      <trkpt lat="50.6187720" lon="-2.4497653">
        <ele>0</ele>
        <time>2024-01-08T11:44:47.000Z</time>
        <speed>1.456</speed>
      </trkpt>
      <trkpt lat="50.6187138" lon="-2.4498146">
        <ele>0</ele>
        <time>2024-01-08T11:44:52.000Z</time>
        <speed>1.483</speed>
      </trkpt>
      <trkpt lat="50.6186543" lon="-2.4498710">
        <ele>0</ele>
        <time>2024-01-08T11:44:57.000Z</time>
        <speed>1.481</speed>
      </trkpt>
      <trkpt lat="50.6185978" lon="-2.4499127">
        <ele>0</ele>
        <time>2024-01-08T11:45:02.000Z</time>
        <speed>1.461</speed>
      </trkpt>
      <trkpt lat="50.6185369" lon="-2.4499270">
        <ele>0</ele>
        <time>2024-01-08T11:45:07.000Z</time>
        <speed>1.447</speed>
      </trkpt>
      <trkpt lat="50.6184731" lon="-2.4499441">
        <ele>0</ele>
        <time>2024-01-08T11:45:12.000Z</time>
        <speed>1.444</speed>
      </trkpt>
      <trkpt lat="50.6184075" lon="-2.4499713">
        <ele>0</ele>
        <time>2024-01-08T11:45:17.000Z</time>
        <speed>1.447</speed>
      </trkpt>
      <trkpt lat="50.6183417" lon="-2.4500137">
        <ele>0</ele>
        <time>2024-01-08T11:45:22.000Z</time>
        <speed>1.450</speed>
      </trkpt>
      <trkpt lat="50.6182827" lon="-2.4500641">
        <ele>0</ele>
        <time>2024-01-08T11:45:27.000Z</time>
        <speed>1.456</speed>
      </trkpt>
      <trkpt lat="50.6182231" lon="-2.4501158">
        <ele>0</ele>
        <time>2024-01-08T11:45:32.000Z</time>
        <speed>1.475</speed>
      </trkpt>
      <trkpt lat="50.6181629" lon="-2.4501691">
        <ele>0</ele>
        <time>2024-01-08T11:45:37.000Z</time>
        <speed>1.475</speed>
      </trkpt>
      <trkpt lat="50.6180985" lon="-2.4502087">
        <ele>0</ele>
        <time>2024-01-08T11:45:42.000Z</time>
        <speed>1.494</speed>
      </trkpt>
      <trkpt lat="50.6180372" lon="-2.4502500">
        <ele>0</ele>
        <time>2024-01-08T11:45:47.000Z</time>
        <speed>1.486</speed>
      </trkpt>
      <trkpt lat="50.6179802" lon="-2.4502985">
        <ele>0</ele>
        <time>2024-01-08T11:45:52.000Z</time>
        <speed>1.475</speed>
      </trkpt>
      <trkpt lat="50.6179265" lon="-2.4503559">
        <ele>0</ele>
        <time>2024-01-08T11:45:57.000Z</time>
        <speed>1.469</speed>
      </trkpt>
      <trkpt lat="50.6178719" lon="-2.4504100">
        <ele>0</ele>
        <time>2024-01-08T11:46:02.000Z</time>
        <speed>1.464</speed>
      </trkpt>
      <trkpt lat="50.6178162" lon="-2.4504626">
        <ele>0</ele>
        <time>2024-01-08T11:46:07.000Z</time>
        <speed>1.464</speed>
      </trkpt>
      <trkpt lat="50.6177626" lon="-2.4505125">
        <ele>0</ele>
        <time>2024-01-08T11:46:12.000Z</time>
        <speed>1.456</speed>
      </trkpt>
      <trkpt lat="50.6177080" lon="-2.4505619">
        <ele>0</ele>
        <time>2024-01-08T11:46:17.000Z</time>
        <speed>1.456</speed>
      </trkpt>
      <trkpt lat="50.6176577" lon="-2.4506140">
        <ele>0</ele>
        <time>2024-01-08T11:46:22.000Z</time>
        <speed>1.444</speed>
      </trkpt>
      <trkpt lat="50.6176017" lon="-2.4506643">
        <ele>0</ele>
        <time>2024-01-08T11:46:27.000Z</time>
        <speed>1.428</speed>
      </trkpt>
      <trkpt lat="50.6175492" lon="-2.4507175">
        <ele>0</ele>
        <time>2024-01-08T11:46:32.000Z</time>
        <speed>1.425</speed>
      </trkpt>
      <trkpt lat="50.6174966" lon="-2.4507579">
        <ele>0</ele>
        <time>2024-01-08T11:46:37.000Z</time>
        <speed>1.422</speed>
      </trkpt>
      <trkpt lat="50.6174395" lon="-2.4507628">
        <ele>0</ele>
        <time>2024-01-08T11:46:42.000Z</time>
        <speed>1.400</speed>
      </trkpt>
      <trkpt lat="50.6173796" lon="-2.4507766">
        <ele>0</ele>
        <time>2024-01-08T11:46:47.000Z</time>
        <speed>1.369</speed>
      </trkpt>
      <trkpt lat="50.6173223" lon="-2.4507996">
        <ele>0</ele>
        <time>2024-01-08T11:46:52.000Z</time>
        <speed>1.372</speed>
      </trkpt>
      <trkpt lat="50.6172660" lon="-2.4508265">
        <ele>0</ele>
        <time>2024-01-08T11:46:57.000Z</time>
        <speed>1.381</speed>
      </trkpt>
      <trkpt lat="50.6172118" lon="-2.4508534">
        <ele>0</ele>
        <time>2024-01-08T11:47:02.000Z</time>
        <speed>1.372</speed>
      </trkpt>
      <trkpt lat="50.6171728" lon="-2.4508905">
        <ele>0</ele>
        <time>2024-01-08T11:47:30.000Z</time>
        <speed>0.000</speed>
      </trkpt>
      <trkpt lat="50.6171250" lon="-2.4509317">
        <ele>0</ele>
        <time>2024-01-08T11:47:35.000Z</time>
        <speed>1.117</speed>
      </trkpt>
      <trkpt lat="50.6170726" lon="-2.4509974">
        <ele>0</ele>
        <time>2024-01-08T11:47:40.000Z</time>
        <speed>1.189</speed>
      </trkpt>
      <trkpt lat="50.6170316" lon="-2.4510553">
        <ele>0</ele>
        <time>2024-01-08T11:47:45.000Z</time>
        <speed>1.131</speed>
      </trkpt>
      <trkpt lat="50.6169866" lon="-2.4510469">
        <ele>0</ele>
        <time>2024-01-08T11:47:50.000Z</time>
        <speed>1.125</speed>
      </trkpt>
      <trkpt lat="50.6169392" lon="-2.4510285">
        <ele>0</ele>
        <time>2024-01-08T11:47:55.000Z</time>
        <speed>1.133</speed>
      </trkpt>
      <trkpt lat="50.6168931" lon="-2.4510177">
        <ele>0</ele>
        <time>2024-01-08T11:48:00.000Z</time>
        <speed>1.108</speed>
      </trkpt>
      <trkpt lat="50.6168538" lon="-2.4510285">
        <ele>-1</ele>
        <time>2024-01-08T11:48:05.000Z</time>
        <speed>1.050</speed>
      </trkpt>
      <trkpt lat="50.6168069" lon="-2.4510322">
        <ele>-1</ele>
        <time>2024-01-08T11:48:10.000Z</time>
        <speed>1.008</speed>
      </trkpt>
      <trkpt lat="50.6167565" lon="-2.4510232">
        <ele>-1</ele>
        <time>2024-01-08T11:48:15.000Z</time>
        <speed>1.022</speed>
      </trkpt>
      <trkpt lat="50.6167058" lon="-2.4510099">
        <ele>-1</ele>
        <time>2024-01-08T11:48:20.000Z</time>
        <speed>1.064</speed>
      </trkpt>
      <trkpt lat="50.6166536" lon="-2.4509958">
        <ele>-1</ele>
        <time>2024-01-08T11:48:25.000Z</time>
        <speed>1.097</speed>
      </trkpt>
      <trkpt lat="50.6166052" lon="-2.4509569">
        <ele>-2</ele>
        <time>2024-01-08T11:48:30.000Z</time>
        <speed>1.119</speed>
      </trkpt>
      <trkpt lat="50.6165513" lon="-2.4509231">
        <ele>-2</ele>
        <time>2024-01-08T11:48:35.000Z</time>
        <speed>1.144</speed>
      </trkpt>
      <trkpt lat="50.6164923" lon="-2.4509083">
        <ele>-2</ele>
        <time>2024-01-08T11:48:40.000Z</time>
        <speed>1.167</speed>
      </trkpt>
      <trkpt lat="50.6164279" lon="-2.4509447">
        <ele>-2</ele>
        <time>2024-01-08T11:48:45.000Z</time>
        <speed>1.222</speed>
      </trkpt>
      <trkpt lat="50.6163685" lon="-2.4509852">
        <ele>-2</ele>
        <time>2024-01-08T11:48:50.000Z</time>
        <speed>1.250</speed>
      </trkpt>
      <trkpt lat="50.6163113" lon="-2.4510236">
        <ele>-2</ele>
        <time>2024-01-08T11:48:55.000Z</time>
        <speed>1.275</speed>
      </trkpt>
      <trkpt lat="50.6162525" lon="-2.4510545">
        <ele>-2</ele>
        <time>2024-01-08T11:49:00.000Z</time>
        <speed>1.289</speed>
      </trkpt>
      <trkpt lat="50.6161934" lon="-2.4510876">
        <ele>-2</ele>
        <time>2024-01-08T11:49:05.000Z</time>
        <speed>1.292</speed>
      </trkpt>
      <trkpt lat="50.6161328" lon="-2.4511195">
        <ele>-2</ele>
        <time>2024-01-08T11:49:10.000Z</time>
        <speed>1.297</speed>
      </trkpt>
      <trkpt lat="50.6160732" lon="-2.4511541">
        <ele>-2</ele>
        <time>2024-01-08T11:49:15.000Z</time>
        <speed>1.303</speed>
      </trkpt>
      <trkpt lat="50.6160143" lon="-2.4511944">
        <ele>-1</ele>
        <time>2024-01-08T11:49:20.000Z</time>
        <speed>1.297</speed>
      </trkpt>
      <trkpt lat="50.6159558" lon="-2.4512230">
        <ele>-1</ele>
        <time>2024-01-08T11:49:25.000Z</time>
        <speed>1.300</speed>
      </trkpt>
      <trkpt lat="50.6158979" lon="-2.4512518">
        <ele>-1</ele>
        <time>2024-01-08T11:49:30.000Z</time>
        <speed>1.306</speed>
      </trkpt>
      <trkpt lat="50.6158382" lon="-2.4512840">
        <ele>-2</ele>
        <time>2024-01-08T11:49:35.000Z</time>
        <speed>1.319</speed>
      </trkpt>
      <trkpt lat="50.6157816" lon="-2.4513202">
        <ele>-2</ele>
        <time>2024-01-08T11:49:40.000Z</time>
        <speed>1.319</speed>
      </trkpt>
      <trkpt lat="50.6157231" lon="-2.4513536">
        <ele>-2</ele>
        <time>2024-01-08T11:49:45.000Z</time>
        <speed>1.325</speed>
      </trkpt>
      <trkpt lat="50.6156620" lon="-2.4513875">
        <ele>-2</ele>
        <time>2024-01-08T11:49:50.000Z</time>
        <speed>1.344</speed>
      </trkpt>
      <trkpt lat="50.6156003" lon="-2.4514183">
        <ele>-2</ele>
        <time>2024-01-08T11:49:55.000Z</time>
        <speed>1.369</speed>
      </trkpt>
      <trkpt lat="50.6155410" lon="-2.4514569">
        <ele>-2</ele>
        <time>2024-01-08T11:50:00.000Z</time>
        <speed>1.378</speed>
      </trkpt>
      <trkpt lat="50.6154809" lon="-2.4514869">
        <ele>-2</ele>
        <time>2024-01-08T11:50:05.000Z</time>
        <speed>1.361</speed>
      </trkpt>
      <trkpt lat="50.6154193" lon="-2.4515166">
        <ele>-2</ele>
        <time>2024-01-08T11:50:10.000Z</time>
        <speed>1.350</speed>
      </trkpt>
      <trkpt lat="50.6153618" lon="-2.4515493">
        <ele>-1</ele>
        <time>2024-01-08T11:50:15.000Z</time>
        <speed>1.347</speed>
      </trkpt>
      <trkpt lat="50.6153036" lon="-2.4515789">
        <ele>-1</ele>
        <time>2024-01-08T11:50:20.000Z</time>
        <speed>1.358</speed>
      </trkpt>
      <trkpt lat="50.6152439" lon="-2.4516011">
        <ele>-2</ele>
        <time>2024-01-08T11:50:25.000Z</time>
        <speed>1.369</speed>
      </trkpt>
      <trkpt lat="50.6151831" lon="-2.4516237">
        <ele>-2</ele>
        <time>2024-01-08T11:50:30.000Z</time>
        <speed>1.356</speed>
      </trkpt>
      <trkpt lat="50.6151265" lon="-2.4516522">
        <ele>-2</ele>
        <time>2024-01-08T11:50:35.000Z</time>
        <speed>1.344</speed>
      </trkpt>
      <trkpt lat="50.6150648" lon="-2.4516800">
        <ele>-2</ele>
        <time>2024-01-08T11:50:40.000Z</time>
        <speed>1.347</speed>
      </trkpt>
      <trkpt lat="50.6150044" lon="-2.4517074">
        <ele>-2</ele>
        <time>2024-01-08T11:50:45.000Z</time>
        <speed>1.350</speed>
      </trkpt>
      <trkpt lat="50.6149433" lon="-2.4517364">
        <ele>-2</ele>
        <time>2024-01-08T11:50:50.000Z</time>
        <speed>1.361</speed>
      </trkpt>
      <trkpt lat="50.6148846" lon="-2.4517640">
        <ele>-2</ele>
        <time>2024-01-08T11:50:55.000Z</time>
        <speed>1.375</speed>
      </trkpt>
      <trkpt lat="50.6148225" lon="-2.4517864">
        <ele>-2</ele>
        <time>2024-01-08T11:51:00.000Z</time>
        <speed>1.367</speed>
      </trkpt>
      <trkpt lat="50.6147610" lon="-2.4518099">
        <ele>-2</ele>
        <time>2024-01-08T11:51:05.000Z</time>
        <speed>1.369</speed>
      </trkpt>
      <trkpt lat="50.6146983" lon="-2.4518345">
        <ele>-2</ele>
        <time>2024-01-08T11:51:10.000Z</time>
        <speed>1.386</speed>
      </trkpt>
      <trkpt lat="50.6146384" lon="-2.4518581">
        <ele>-2</ele>
        <time>2024-01-08T11:51:15.000Z</time>
        <speed>1.414</speed>
      </trkpt>
      <trkpt lat="50.6145789" lon="-2.4518771">
        <ele>-1</ele>
        <time>2024-01-08T11:51:20.000Z</time>
        <speed>1.386</speed>
      </trkpt>
      <trkpt lat="50.6145205" lon="-2.4518985">
        <ele>-1</ele>
        <time>2024-01-08T11:51:25.000Z</time>
        <speed>1.356</speed>
      </trkpt>
      <trkpt lat="50.6144586" lon="-2.4519172">
        <ele>-1</ele>
        <time>2024-01-08T11:51:30.000Z</time>
        <speed>1.358</speed>
      </trkpt>
      <trkpt lat="50.6143959" lon="-2.4519374">
        <ele>-1</ele>
        <time>2024-01-08T11:51:35.000Z</time>
        <speed>1.375</speed>
      </trkpt>
      <trkpt lat="50.6143299" lon="-2.4519565">
        <ele>-2</ele>
        <time>2024-01-08T11:51:40.000Z</time>
        <speed>1.386</speed>
      </trkpt>
      <trkpt lat="50.6142672" lon="-2.4519833">
        <ele>-2</ele>
        <time>2024-01-08T11:51:45.000Z</time>
        <speed>1.397</speed>
      </trkpt>
      <trkpt lat="50.6142068" lon="-2.4519947">
        <ele>-2</ele>
        <time>2024-01-08T11:51:50.000Z</time>
        <speed>1.392</speed>
      </trkpt>
      <trkpt lat="50.6141458" lon="-2.4520141">
        <ele>-2</ele>
        <time>2024-01-08T11:51:55.000Z</time>
        <speed>1.378</speed>
      </trkpt>
      <trkpt lat="50.6140809" lon="-2.4520221">
        <ele>-2</ele>
        <time>2024-01-08T11:52:00.000Z</time>
        <speed>1.383</speed>
      </trkpt>
      <trkpt lat="50.6140193" lon="-2.4520384">
        <ele>-2</ele>
        <time>2024-01-08T11:52:05.000Z</time>
        <speed>1.381</speed>
      </trkpt>
      <trkpt lat="50.6139611" lon="-2.4520510">
        <ele>-2</ele>
        <time>2024-01-08T11:52:10.000Z</time>
        <speed>1.375</speed>
      </trkpt>
      <trkpt lat="50.6139054" lon="-2.4520685">
        <ele>-2</ele>
        <time>2024-01-08T11:52:15.000Z</time>
        <speed>1.344</speed>
      </trkpt>
      <trkpt lat="50.6138516" lon="-2.4520886">
        <ele>-2</ele>
        <time>2024-01-08T11:52:20.000Z</time>
        <speed>1.322</speed>
      </trkpt>
      <trkpt lat="50.6137924" lon="-2.4520921">
        <ele>-2</ele>
        <time>2024-01-08T11:52:25.000Z</time>
        <speed>1.322</speed>
      </trkpt>
      <trkpt lat="50.6137304" lon="-2.4521037">
        <ele>-1</ele>
        <time>2024-01-08T11:52:30.000Z</time>
        <speed>1.331</speed>
      </trkpt>
      <trkpt lat="50.6136775" lon="-2.4521142">
        <ele>-1</ele>
        <time>2024-01-08T11:52:35.000Z</time>
        <speed>1.383</speed>
      </trkpt>
      <trkpt lat="50.6136194" lon="-2.4521240">
        <ele>-2</ele>
        <time>2024-01-08T11:52:40.000Z</time>
        <speed>1.389</speed>
      </trkpt>
      <trkpt lat="50.6135577" lon="-2.4521314">
        <ele>-2</ele>
        <time>2024-01-08T11:52:45.000Z</time>
        <speed>1.372</speed>
      </trkpt>
      <trkpt lat="50.6134953" lon="-2.4521482">
        <ele>-2</ele>
        <time>2024-01-08T11:52:50.000Z</time>
        <speed>1.361</speed>
      </trkpt>
      <trkpt lat="50.6134341" lon="-2.4521612">
        <ele>-2</ele>
        <time>2024-01-08T11:52:55.000Z</time>
        <speed>1.381</speed>
      </trkpt>
      <trkpt lat="50.6133698" lon="-2.4521772">
        <ele>-2</ele>
        <time>2024-01-08T11:53:00.000Z</time>
        <speed>1.389</speed>
      </trkpt>
      <trkpt lat="50.6133083" lon="-2.4521910">
        <ele>-2</ele>
        <time>2024-01-08T11:53:05.000Z</time>
        <speed>1.378</speed>
      </trkpt>
      <trkpt lat="50.6132431" lon="-2.4522026">
        <ele>-2</ele>
        <time>2024-01-08T11:53:10.000Z</time>
        <speed>1.378</speed>
      </trkpt>
      <trkpt lat="50.6131774" lon="-2.4522064">
        <ele>-2</ele>
        <time>2024-01-08T11:53:15.000Z</time>
        <speed>1.381</speed>
      </trkpt>
      <trkpt lat="50.6131124" lon="-2.4522116">
        <ele>-2</ele>
        <time>2024-01-08T11:53:20.000Z</time>
        <speed>1.386</speed>
      </trkpt>
      <trkpt lat="50.6130494" lon="-2.4522212">
        <ele>-2</ele>
        <time>2024-01-08T11:53:25.000Z</time>
        <speed>1.392</speed>
      </trkpt>
      <trkpt lat="50.6129874" lon="-2.4522251">
        <ele>-2</ele>
        <time>2024-01-08T11:53:30.000Z</time>
        <speed>1.400</speed>
      </trkpt>
      <trkpt lat="50.6129225" lon="-2.4522299">
        <ele>-1</ele>
        <time>2024-01-08T11:53:35.000Z</time>
        <speed>1.403</speed>
      </trkpt>
      <trkpt lat="50.6128576" lon="-2.4522318">
        <ele>-1</ele>
        <time>2024-01-08T11:53:40.000Z</time>
        <speed>1.403</speed>
      </trkpt>
      <trkpt lat="50.6127925" lon="-2.4522380">
        <ele>-1</ele>
        <time>2024-01-08T11:53:45.000Z</time>
        <speed>1.411</speed>
      </trkpt>
      <trkpt lat="50.6127299" lon="-2.4522473">
        <ele>-1</ele>
        <time>2024-01-08T11:53:50.000Z</time>
        <speed>1.408</speed>
      </trkpt>
      <trkpt lat="50.6126645" lon="-2.4522539">
        <ele>0</ele>
        <time>2024-01-08T11:53:55.000Z</time>
        <speed>1.411</speed>
      </trkpt>
      <trkpt lat="50.6126048" lon="-2.4522668">
        <ele>0</ele>
        <time>2024-01-08T11:54:00.000Z</time>
        <speed>1.411</speed>
      </trkpt>
      <trkpt lat="50.6125406" lon="-2.4522790">
        <ele>0</ele>
        <time>2024-01-08T11:54:05.000Z</time>
        <speed>1.433</speed>
      </trkpt>
      <trkpt lat="50.6124717" lon="-2.4522798">
        <ele>-1</ele>
        <time>2024-01-08T11:54:10.000Z</time>
        <speed>1.431</speed>
      </trkpt>
      <trkpt lat="50.6124050" lon="-2.4522772">
        <ele>-2</ele>
        <time>2024-01-08T11:54:15.000Z</time>
        <speed>1.439</speed>
      </trkpt>
      <trkpt lat="50.6123385" lon="-2.4522734">
        <ele>-1</ele>
        <time>2024-01-08T11:54:20.000Z</time>
        <speed>1.433</speed>
      </trkpt>
      <trkpt lat="50.6122748" lon="-2.4522675">
        <ele>-2</ele>
        <time>2024-01-08T11:54:25.000Z</time>
        <speed>1.442</speed>
      </trkpt>
      <trkpt lat="50.6122096" lon="-2.4522644">
        <ele>-2</ele>
        <time>2024-01-08T11:54:30.000Z</time>
        <speed>1.439</speed>
      </trkpt>
      <trkpt lat="50.6121447" lon="-2.4522582">
        <ele>-2</ele>
        <time>2024-01-08T11:54:35.000Z</time>
        <speed>1.436</speed>
      </trkpt>
      <trkpt lat="50.6120834" lon="-2.4522562">
        <ele>-2</ele>
        <time>2024-01-08T11:54:40.000Z</time>
        <speed>1.417</speed>
      </trkpt>
      <trkpt lat="50.6120170" lon="-2.4522528">
        <ele>-2</ele>
        <time>2024-01-08T11:54:45.000Z</time>
        <speed>1.408</speed>
      </trkpt>
      <trkpt lat="50.6119509" lon="-2.4522497">
        <ele>-2</ele>
        <time>2024-01-08T11:54:50.000Z</time>
        <speed>1.419</speed>
      </trkpt>
      <trkpt lat="50.6118856" lon="-2.4522425">
        <ele>-2</ele>
        <time>2024-01-08T11:54:55.000Z</time>
        <speed>1.428</speed>
      </trkpt>
      <trkpt lat="50.6118199" lon="-2.4522355">
        <ele>-2</ele>
        <time>2024-01-08T11:55:00.000Z</time>
        <speed>1.431</speed>
      </trkpt>
      <trkpt lat="50.6117534" lon="-2.4522383">
        <ele>-2</ele>
        <time>2024-01-08T11:55:05.000Z</time>
        <speed>1.417</speed>
      </trkpt>
      <trkpt lat="50.6116921" lon="-2.4522316">
        <ele>-2</ele>
        <time>2024-01-08T11:55:10.000Z</time>
        <speed>1.411</speed>
      </trkpt>
      <trkpt lat="50.6116299" lon="-2.4522202">
        <ele>-2</ele>
        <time>2024-01-08T11:55:15.000Z</time>
        <speed>1.408</speed>
      </trkpt>
      <trkpt lat="50.6115652" lon="-2.4522063">
        <ele>-2</ele>
        <time>2024-01-08T11:55:20.000Z</time>
        <speed>1.406</speed>
      </trkpt>
      <trkpt lat="50.6115044" lon="-2.4521884">
        <ele>-2</ele>
        <time>2024-01-08T11:55:25.000Z</time>
        <speed>1.406</speed>
      </trkpt>
      <trkpt lat="50.6114436" lon="-2.4521707">
        <ele>-2</ele>
        <time>2024-01-08T11:55:30.000Z</time>
        <speed>1.389</speed>
      </trkpt>
      <trkpt lat="50.6113824" lon="-2.4521518">
        <ele>-2</ele>
        <time>2024-01-08T11:55:35.000Z</time>
        <speed>1.369</speed>
      </trkpt>
      <trkpt lat="50.6113230" lon="-2.4521342">
        <ele>-2</ele>
        <time>2024-01-08T11:55:40.000Z</time>
        <speed>1.383</speed>
      </trkpt>
      <trkpt lat="50.6112616" lon="-2.4521166">
        <ele>-2</ele>
        <time>2024-01-08T11:55:45.000Z</time>
        <speed>1.383</speed>
      </trkpt>
      <trkpt lat="50.6112030" lon="-2.4520978">
        <ele>-2</ele>
        <time>2024-01-08T11:55:50.000Z</time>
        <speed>1.369</speed>
      </trkpt>
      <trkpt lat="50.6111418" lon="-2.4520805">
        <ele>-2</ele>
        <time>2024-01-08T11:55:55.000Z</time>
        <speed>1.381</speed>
      </trkpt>
      <trkpt lat="50.6110830" lon="-2.4520567">
        <ele>-3</ele>
        <time>2024-01-08T11:56:00.000Z</time>
        <speed>1.389</speed>
      </trkpt>
      <trkpt lat="50.6110243" lon="-2.4520218">
        <ele>-2</ele>
        <time>2024-01-08T11:56:05.000Z</time>
        <speed>1.406</speed>
      </trkpt>
      <trkpt lat="50.6109642" lon="-2.4519907">
        <ele>-2</ele>
        <time>2024-01-08T11:56:10.000Z</time>
        <speed>1.414</speed>
      </trkpt>
      <trkpt lat="50.6109023" lon="-2.4519689">
        <ele>-2</ele>
        <time>2024-01-08T11:56:15.000Z</time>
        <speed>1.400</speed>
      </trkpt>
      <trkpt lat="50.6108428" lon="-2.4519441">
        <ele>-2</ele>
        <time>2024-01-08T11:56:20.000Z</time>
        <speed>1.392</speed>
      </trkpt>
      <trkpt lat="50.6107849" lon="-2.4519118">
        <ele>-2</ele>
        <time>2024-01-08T11:56:25.000Z</time>
        <speed>1.394</speed>
      </trkpt>
      <trkpt lat="50.6107272" lon="-2.4518871">
        <ele>-2</ele>
        <time>2024-01-08T11:56:30.000Z</time>
        <speed>1.369</speed>
      </trkpt>
      <trkpt lat="50.6106710" lon="-2.4518576">
        <ele>-2</ele>
        <time>2024-01-08T11:56:35.000Z</time>
        <speed>1.339</speed>
      </trkpt>
      <trkpt lat="50.6106119" lon="-2.4518249">
        <ele>-2</ele>
        <time>2024-01-08T11:56:40.000Z</time>
        <speed>1.322</speed>
      </trkpt>
      <trkpt lat="50.6105556" lon="-2.4517866">
        <ele>-2</ele>
        <time>2024-01-08T11:56:45.000Z</time>
        <speed>1.325</speed>
      </trkpt>
      <trkpt lat="50.6104963" lon="-2.4517568">
        <ele>-2</ele>
        <time>2024-01-08T11:56:50.000Z</time>
        <speed>1.350</speed>
      </trkpt>
      <trkpt lat="50.6104382" lon="-2.4517293">
        <ele>-2</ele>
        <time>2024-01-08T11:56:55.000Z</time>
        <speed>1.381</speed>
      </trkpt>
      <trkpt lat="50.6103798" lon="-2.4517003">
        <ele>-1</ele>
        <time>2024-01-08T11:57:00.000Z</time>
        <speed>1.392</speed>
      </trkpt>
      <trkpt lat="50.6103213" lon="-2.4516694">
        <ele>-2</ele>
        <time>2024-01-08T11:57:05.000Z</time>
        <speed>1.392</speed>
      </trkpt>
      <trkpt lat="50.6102624" lon="-2.4516404">
        <ele>-2</ele>
        <time>2024-01-08T11:57:10.000Z</time>
        <speed>1.406</speed>
      </trkpt>
      <trkpt lat="50.6102037" lon="-2.4515970">
        <ele>-3</ele>
        <time>2024-01-08T11:57:15.000Z</time>
        <speed>1.411</speed>
      </trkpt>
      <trkpt lat="50.6101476" lon="-2.4515532">
        <ele>-3</ele>
        <time>2024-01-08T11:57:20.000Z</time>
        <speed>1.389</speed>
      </trkpt>
      <trkpt lat="50.6100924" lon="-2.4515069">
        <ele>-3</ele>
        <time>2024-01-08T11:57:25.000Z</time>
        <speed>1.353</speed>
      </trkpt>
      <trkpt lat="50.6100369" lon="-2.4514654">
        <ele>-3</ele>
        <time>2024-01-08T11:57:30.000Z</time>
        <speed>1.369</speed>
      </trkpt>
      <trkpt lat="50.6099826" lon="-2.4514178">
        <ele>-3</ele>
        <time>2024-01-08T11:57:35.000Z</time>
        <speed>1.381</speed>
      </trkpt>
      <trkpt lat="50.6099249" lon="-2.4513746">
        <ele>-3</ele>
        <time>2024-01-08T11:57:40.000Z</time>
        <speed>1.372</speed>
      </trkpt>
      <trkpt lat="50.6098697" lon="-2.4513349">
        <ele>-3</ele>
        <time>2024-01-08T11:57:45.000Z</time>
        <speed>1.367</speed>
      </trkpt>
      <trkpt lat="50.6098162" lon="-2.4512926">
        <ele>-2</ele>
        <time>2024-01-08T11:57:50.000Z</time>
        <speed>1.378</speed>
      </trkpt>
      <trkpt lat="50.6097649" lon="-2.4512448">
        <ele>-3</ele>
        <time>2024-01-08T11:57:55.000Z</time>
        <speed>1.372</speed>
      </trkpt>
      <trkpt lat="50.6097178" lon="-2.4511852">
        <ele>-3</ele>
        <time>2024-01-08T11:58:00.000Z</time>
        <speed>1.383</speed>
      </trkpt>
      <trkpt lat="50.6096764" lon="-2.4511215">
        <ele>-3</ele>
        <time>2024-01-08T11:58:05.000Z</time>
        <speed>1.381</speed>
      </trkpt>
      <trkpt lat="50.6096297" lon="-2.4510600">
        <ele>-2</ele>
        <time>2024-01-08T11:58:10.000Z</time>
        <speed>1.361</speed>
      </trkpt>
      <trkpt lat="50.6095858" lon="-2.4509985">
        <ele>-2</ele>
        <time>2024-01-08T11:58:15.000Z</time>
        <speed>1.342</speed>
      </trkpt>
      <trkpt lat="50.6095342" lon="-2.4509374">
        <ele>-3</ele>
        <time>2024-01-08T11:58:20.000Z</time>
        <speed>1.361</speed>
      </trkpt>
      <trkpt lat="50.6094877" lon="-2.4508785">
        <ele>-3</ele>
        <time>2024-01-08T11:58:25.000Z</time>
        <speed>1.381</speed>
      </trkpt>
      <trkpt lat="50.6094402" lon="-2.4508139">
        <ele>-2</ele>
        <time>2024-01-08T11:58:30.000Z</time>
        <speed>1.381</speed>
      </trkpt>
      <trkpt lat="50.6093909" lon="-2.4507478">
        <ele>-2</ele>
        <time>2024-01-08T11:58:35.000Z</time>
        <speed>1.361</speed>
      </trkpt>
      <trkpt lat="50.6093382" lon="-2.4506809">
        <ele>-2</ele>
        <time>2024-01-08T11:58:40.000Z</time>
        <speed>1.350</speed>
      </trkpt>
      <trkpt lat="50.6092867" lon="-2.4506245">
        <ele>-2</ele>
        <time>2024-01-08T11:58:45.000Z</time>
        <speed>1.358</speed>
      </trkpt>
      <trkpt lat="50.6092442" lon="-2.4505807">
        <ele>-2</ele>
        <time>2024-01-08T11:58:50.000Z</time>
        <speed>1.328</speed>
      </trkpt>
      <trkpt lat="50.6092001" lon="-2.4505259">
        <ele>-2</ele>
        <time>2024-01-08T11:58:55.000Z</time>
        <speed>1.300</speed>
      </trkpt>
      <trkpt lat="50.6091559" lon="-2.4504678">
        <ele>-1</ele>
        <time>2024-01-08T11:59:00.000Z</time>
        <speed>1.275</speed>
      </trkpt>
      <trkpt lat="50.6091100" lon="-2.4504090">
        <ele>-1</ele>
        <time>2024-01-08T11:59:05.000Z</time>
        <speed>1.272</speed>
      </trkpt>
      <trkpt lat="50.6090636" lon="-2.4503520">
        <ele>-1</ele>
        <time>2024-01-08T11:59:10.000Z</time>
        <speed>1.292</speed>
      </trkpt>
      <trkpt lat="50.6090232" lon="-2.4502958">
        <ele>-1</ele>
        <time>2024-01-08T11:59:15.000Z</time>
        <speed>1.292</speed>
      </trkpt>
      <trkpt lat="50.6089786" lon="-2.4502388">
        <ele>-2</ele>
        <time>2024-01-08T11:59:20.000Z</time>
        <speed>1.272</speed>
      </trkpt>
      <trkpt lat="50.6089329" lon="-2.4501932">
        <ele>-2</ele>
        <time>2024-01-08T11:59:25.000Z</time>
        <speed>1.264</speed>
      </trkpt>
      <trkpt lat="50.6088917" lon="-2.4501376">
        <ele>-2</ele>
        <time>2024-01-08T11:59:30.000Z</time>
        <speed>1.261</speed>
      </trkpt>
      <trkpt lat="50.6088517" lon="-2.4500870">
        <ele>-2</ele>
        <time>2024-01-08T11:59:35.000Z</time>
        <speed>1.253</speed>
      </trkpt>
      <trkpt lat="50.6088145" lon="-2.4500462">
        <ele>-1</ele>
        <time>2024-01-08T11:59:40.000Z</time>
        <speed>1.175</speed>
      </trkpt>
      <trkpt lat="50.6087730" lon="-2.4500155">
        <ele>-1</ele>
        <time>2024-01-08T11:59:45.000Z</time>
        <speed>1.108</speed>
      </trkpt>
      <trkpt lat="50.6087496" lon="-2.4499822">
        <ele>-1</ele>
        <time>2024-01-08T11:59:50.000Z</time>
        <speed>1.053</speed>
      </trkpt>
      <trkpt lat="50.6087038" lon="-2.4500126">
        <ele>-2</ele>
        <time>2024-01-08T12:00:25.000Z</time>
        <speed>0.672</speed>
      </trkpt>
      <trkpt lat="50.6087252" lon="-2.4500339">
        <ele>-2</ele>
        <time>2024-01-08T12:00:41.000Z</time>
        <speed>1.644</speed>
      </trkpt>
      <trkpt lat="50.6087673" lon="-2.4500777">
        <ele>-2</ele>
        <time>2024-01-08T12:00:46.000Z</time>
        <speed>1.481</speed>
      </trkpt>
      <trkpt lat="50.6088136" lon="-2.4501272">
        <ele>-2</ele>
        <time>2024-01-08T12:00:51.000Z</time>
        <speed>1.231</speed>
      </trkpt>
      <trkpt lat="50.6088598" lon="-2.4501735">
        <ele>0</ele>
        <time>2024-01-08T12:01:20.000Z</time>
        <speed>0.000</speed>
      </trkpt>
      <trkpt lat="50.6089070" lon="-2.4502307">
        <ele>0</ele>
        <time>2024-01-08T12:01:25.000Z</time>
        <speed>0.000</speed>
      </trkpt>
      <trkpt lat="50.6089691" lon="-2.4502896">
        <ele>0</ele>
        <time>2024-01-08T12:01:32.000Z</time>
        <speed>1.000</speed>
      </trkpt>
      <trkpt lat="50.6090260" lon="-2.4503345">
        <ele>0</ele>
        <time>2024-01-08T12:01:38.000Z</time>
        <speed>0.978</speed>
      </trkpt>
      <trkpt lat="50.6090642" lon="-2.4503621">
        <ele>-1</ele>
        <time>2024-01-08T12:01:43.000Z</time>
        <speed>1.008</speed>
      </trkpt>
      <trkpt lat="50.6091142" lon="-2.4504074">
        <ele>-1</ele>
        <time>2024-01-08T12:01:48.000Z</time>
        <speed>1.083</speed>
      </trkpt>
      <trkpt lat="50.6091590" lon="-2.4504696">
        <ele>-1</ele>
        <time>2024-01-08T12:01:53.000Z</time>
        <speed>1.167</speed>
      </trkpt>
      <trkpt lat="50.6092040" lon="-2.4505330">
        <ele>-1</ele>
        <time>2024-01-08T12:01:58.000Z</time>
        <speed>1.203</speed>
      </trkpt>
      <trkpt lat="50.6092509" lon="-2.4505926">
        <ele>-1</ele>
        <time>2024-01-08T12:02:03.000Z</time>
        <speed>1.200</speed>
      </trkpt>
      <trkpt lat="50.6093013" lon="-2.4506540">
        <ele>-1</ele>
        <time>2024-01-08T12:02:08.000Z</time>
        <speed>1.208</speed>
      </trkpt>
      <trkpt lat="50.6093534" lon="-2.4507125">
        <ele>-1</ele>
        <time>2024-01-08T12:02:13.000Z</time>
        <speed>1.239</speed>
      </trkpt>
      <trkpt lat="50.6094031" lon="-2.4507723">
        <ele>-1</ele>
        <time>2024-01-08T12:02:18.000Z</time>
        <speed>1.250</speed>
      </trkpt>
      <trkpt lat="50.6094467" lon="-2.4508249">
        <ele>-1</ele>
        <time>2024-01-08T12:02:23.000Z</time>
        <speed>1.231</speed>
      </trkpt>
      <trkpt lat="50.6094926" lon="-2.4508783">
        <ele>-1</ele>
        <time>2024-01-08T12:02:28.000Z</time>
        <speed>1.225</speed>
      </trkpt>
      <trkpt lat="50.6095437" lon="-2.4509233">
        <ele>0</ele>
        <time>2024-01-08T12:02:33.000Z</time>
        <speed>1.222</speed>
      </trkpt>
      <trkpt lat="50.6095971" lon="-2.4509758">
        <ele>0</ele>
        <time>2024-01-08T12:02:38.000Z</time>
        <speed>1.258</speed>
      </trkpt>
      <trkpt lat="50.6096489" lon="-2.4510282">
        <ele>-1</ele>
        <time>2024-01-08T12:02:43.000Z</time>
        <speed>1.300</speed>
      </trkpt>
      <trkpt lat="50.6097048" lon="-2.4510797">
        <ele>-1</ele>
        <time>2024-01-08T12:02:48.000Z</time>
        <speed>1.269</speed>
      </trkpt>
      <trkpt lat="50.6097556" lon="-2.4511409">
        <ele>0</ele>
        <time>2024-01-08T12:02:53.000Z</time>
        <speed>1.244</speed>
      </trkpt>
      <trkpt lat="50.6098405" lon="-2.4512067">
        <ele>0</ele>
        <time>2024-01-08T12:02:59.000Z</time>
        <speed>1.144</speed>
      </trkpt>
      <trkpt lat="50.6098825" lon="-2.4512351">
        <ele>0</ele>
        <time>2024-01-08T12:03:04.000Z</time>
        <speed>1.153</speed>
      </trkpt>
      <trkpt lat="50.6099363" lon="-2.4512656">
        <ele>0</ele>
        <time>2024-01-08T12:03:09.000Z</time>
        <speed>1.172</speed>
      </trkpt>
      <trkpt lat="50.6099959" lon="-2.4512956">
        <ele>0</ele>
        <time>2024-01-08T12:03:14.000Z</time>
        <speed>1.211</speed>
      </trkpt>
      <trkpt lat="50.6100536" lon="-2.4513375">
        <ele>0</ele>
        <time>2024-01-08T12:03:19.000Z</time>
        <speed>1.225</speed>
      </trkpt>
      <trkpt lat="50.6101058" lon="-2.4513813">
        <ele>0</ele>
        <time>2024-01-08T12:03:24.000Z</time>
        <speed>1.261</speed>
      </trkpt>
      <trkpt lat="50.6101624" lon="-2.4514197">
        <ele>0</ele>
        <time>2024-01-08T12:03:29.000Z</time>
        <speed>1.300</speed>
      </trkpt>
      <trkpt lat="50.6102209" lon="-2.4514542">
        <ele>0</ele>
        <time>2024-01-08T12:03:34.000Z</time>
        <speed>1.286</speed>
      </trkpt>
      <trkpt lat="50.6102793" lon="-2.4514898">
        <ele>0</ele>
        <time>2024-01-08T12:03:39.000Z</time>
        <speed>1.247</speed>
      </trkpt>
      <trkpt lat="50.6103385" lon="-2.4515276">
        <ele>0</ele>
        <time>2024-01-08T12:03:44.000Z</time>
        <speed>1.256</speed>
      </trkpt>
      <trkpt lat="50.6104007" lon="-2.4515563">
        <ele>0</ele>
        <time>2024-01-08T12:03:49.000Z</time>
        <speed>1.267</speed>
      </trkpt>
      <trkpt lat="50.6104585" lon="-2.4516025">
        <ele>0</ele>
        <time>2024-01-08T12:03:54.000Z</time>
        <speed>1.278</speed>
      </trkpt>
      <trkpt lat="50.6105193" lon="-2.4516411">
        <ele>0</ele>
        <time>2024-01-08T12:03:59.000Z</time>
        <speed>1.303</speed>
      </trkpt>
      <trkpt lat="50.6105751" lon="-2.4516830">
        <ele>0</ele>
        <time>2024-01-08T12:04:04.000Z</time>
        <speed>1.308</speed>
      </trkpt>
      <trkpt lat="50.6106298" lon="-2.4517381">
        <ele>0</ele>
        <time>2024-01-08T12:04:09.000Z</time>
        <speed>1.347</speed>
      </trkpt>
      <trkpt lat="50.6106866" lon="-2.4517828">
        <ele>0</ele>
        <time>2024-01-08T12:04:14.000Z</time>
        <speed>1.378</speed>
      </trkpt>
      <trkpt lat="50.6107470" lon="-2.4518203">
        <ele>0</ele>
        <time>2024-01-08T12:04:19.000Z</time>
        <speed>1.389</speed>
      </trkpt>
      <trkpt lat="50.6108060" lon="-2.4518546">
        <ele>0</ele>
        <time>2024-01-08T12:04:24.000Z</time>
        <speed>1.392</speed>
      </trkpt>
      <trkpt lat="50.6108667" lon="-2.4518866">
        <ele>0</ele>
        <time>2024-01-08T12:04:29.000Z</time>
        <speed>1.339</speed>
      </trkpt>
      <trkpt lat="50.6109302" lon="-2.4519135">
        <ele>0</ele>
        <time>2024-01-08T12:04:34.000Z</time>
        <speed>1.328</speed>
      </trkpt>
      <trkpt lat="50.6109899" lon="-2.4519411">
        <ele>0</ele>
        <time>2024-01-08T12:04:39.000Z</time>
        <speed>1.322</speed>
      </trkpt>
      <trkpt lat="50.6110509" lon="-2.4519638">
        <ele>0</ele>
        <time>2024-01-08T12:04:44.000Z</time>
        <speed>1.303</speed>
      </trkpt>
      <trkpt lat="50.6111111" lon="-2.4519834">
        <ele>0</ele>
        <time>2024-01-08T12:04:49.000Z</time>
        <speed>1.317</speed>
      </trkpt>
      <trkpt lat="50.6111693" lon="-2.4520057">
        <ele>0</ele>
        <time>2024-01-08T12:04:54.000Z</time>
        <speed>1.331</speed>
      </trkpt>
      <trkpt lat="50.6112325" lon="-2.4520258">
        <ele>0</ele>
        <time>2024-01-08T12:04:59.000Z</time>
        <speed>1.319</speed>
      </trkpt>
      <trkpt lat="50.6112959" lon="-2.4520552">
        <ele>0</ele>
        <time>2024-01-08T12:05:04.000Z</time>
        <speed>1.356</speed>
      </trkpt>
      <trkpt lat="50.6113547" lon="-2.4520887">
        <ele>0</ele>
        <time>2024-01-08T12:05:09.000Z</time>
        <speed>1.344</speed>
      </trkpt>
      <trkpt lat="50.6114152" lon="-2.4521177">
        <ele>0</ele>
        <time>2024-01-08T12:05:14.000Z</time>
        <speed>1.339</speed>
      </trkpt>
      <trkpt lat="50.6114762" lon="-2.4521525">
        <ele>0</ele>
        <time>2024-01-08T12:05:19.000Z</time>
        <speed>1.342</speed>
      </trkpt>
      <trkpt lat="50.6115387" lon="-2.4521772">
        <ele>0</ele>
        <time>2024-01-08T12:05:24.000Z</time>
        <speed>1.361</speed>
      </trkpt>
      <trkpt lat="50.6116009" lon="-2.4521936">
        <ele>0</ele>
        <time>2024-01-08T12:05:29.000Z</time>
        <speed>1.358</speed>
      </trkpt>
      <trkpt lat="50.6116638" lon="-2.4522116">
        <ele>0</ele>
        <time>2024-01-08T12:05:34.000Z</time>
        <speed>1.358</speed>
      </trkpt>
      <trkpt lat="50.6117283" lon="-2.4522277">
        <ele>0</ele>
        <time>2024-01-08T12:05:39.000Z</time>
        <speed>1.356</speed>
      </trkpt>
      <trkpt lat="50.6117980" lon="-2.4522340">
        <ele>0</ele>
        <time>2024-01-08T12:05:44.000Z</time>
        <speed>1.383</speed>
      </trkpt>
      <trkpt lat="50.6118638" lon="-2.4522390">
        <ele>0</ele>
        <time>2024-01-08T12:05:49.000Z</time>
        <speed>1.414</speed>
      </trkpt>
      <trkpt lat="50.6119319" lon="-2.4522371">
        <ele>0</ele>
        <time>2024-01-08T12:05:54.000Z</time>
        <speed>1.450</speed>
      </trkpt>
      <trkpt lat="50.6119986" lon="-2.4522475">
        <ele>0</ele>
        <time>2024-01-08T12:05:59.000Z</time>
        <speed>1.450</speed>
      </trkpt>
      <trkpt lat="50.6120627" lon="-2.4522575">
        <ele>0</ele>
        <time>2024-01-08T12:06:04.000Z</time>
        <speed>1.433</speed>
      </trkpt>
      <trkpt lat="50.6121269" lon="-2.4522694">
        <ele>0</ele>
        <time>2024-01-08T12:06:09.000Z</time>
        <speed>1.425</speed>
      </trkpt>
      <trkpt lat="50.6121907" lon="-2.4522709">
        <ele>0</ele>
        <time>2024-01-08T12:06:14.000Z</time>
        <speed>1.411</speed>
      </trkpt>
      <trkpt lat="50.6122536" lon="-2.4522661">
        <ele>0</ele>
        <time>2024-01-08T12:06:19.000Z</time>
        <speed>1.392</speed>
      </trkpt>
      <trkpt lat="50.6123152" lon="-2.4522593">
        <ele>0</ele>
        <time>2024-01-08T12:06:24.000Z</time>
        <speed>1.375</speed>
      </trkpt>
      <trkpt lat="50.6123770" lon="-2.4522547">
        <ele>0</ele>
        <time>2024-01-08T12:06:29.000Z</time>
        <speed>1.381</speed>
      </trkpt>
      <trkpt lat="50.6124388" lon="-2.4522532">
        <ele>1</ele>
        <time>2024-01-08T12:06:34.000Z</time>
        <speed>1.369</speed>
      </trkpt>
      <trkpt lat="50.6125030" lon="-2.4522493">
        <ele>0</ele>
        <time>2024-01-08T12:06:39.000Z</time>
        <speed>1.378</speed>
      </trkpt>
      <trkpt lat="50.6125679" lon="-2.4522532">
        <ele>0</ele>
        <time>2024-01-08T12:06:44.000Z</time>
        <speed>1.408</speed>
      </trkpt>
      <trkpt lat="50.6126328" lon="-2.4522551">
        <ele>0</ele>
        <time>2024-01-08T12:06:49.000Z</time>
        <speed>1.417</speed>
      </trkpt>
      <trkpt lat="50.6126953" lon="-2.4522608">
        <ele>0</ele>
        <time>2024-01-08T12:06:54.000Z</time>
        <speed>1.417</speed>
      </trkpt>
      <trkpt lat="50.6127564" lon="-2.4522685">
        <ele>0</ele>
        <time>2024-01-08T12:06:59.000Z</time>
        <speed>1.389</speed>
      </trkpt>
      <trkpt lat="50.6128181" lon="-2.4522671">
        <ele>0</ele>
        <time>2024-01-08T12:07:04.000Z</time>
        <speed>1.369</speed>
      </trkpt>
      <trkpt lat="50.6128836" lon="-2.4522658">
        <ele>0</ele>
        <time>2024-01-08T12:07:09.000Z</time>
        <speed>1.389</speed>
      </trkpt>
      <trkpt lat="50.6129490" lon="-2.4522627">
        <ele>0</ele>
        <time>2024-01-08T12:07:14.000Z</time>
        <speed>1.417</speed>
      </trkpt>
      <trkpt lat="50.6130122" lon="-2.4522648">
        <ele>0</ele>
        <time>2024-01-08T12:07:19.000Z</time>
        <speed>1.419</speed>
      </trkpt>
      <trkpt lat="50.6130765" lon="-2.4522549">
        <ele>1</ele>
        <time>2024-01-08T12:07:24.000Z</time>
        <speed>1.417</speed>
      </trkpt>
      <trkpt lat="50.6131402" lon="-2.4522405">
        <ele>0</ele>
        <time>2024-01-08T12:07:29.000Z</time>
        <speed>1.403</speed>
      </trkpt>
      <trkpt lat="50.6132007" lon="-2.4522203">
        <ele>0</ele>
        <time>2024-01-08T12:07:34.000Z</time>
        <speed>1.378</speed>
      </trkpt>
      <trkpt lat="50.6132611" lon="-2.4522022">
        <ele>0</ele>
        <time>2024-01-08T12:07:39.000Z</time>
        <speed>1.353</speed>
      </trkpt>
      <trkpt lat="50.6133246" lon="-2.4522000">
        <ele>0</ele>
        <time>2024-01-08T12:07:44.000Z</time>
        <speed>1.364</speed>
      </trkpt>
      <trkpt lat="50.6133887" lon="-2.4521970">
        <ele>0</ele>
        <time>2024-01-08T12:07:49.000Z</time>
        <speed>1.414</speed>
      </trkpt>
      <trkpt lat="50.6134519" lon="-2.4521904">
        <ele>0</ele>
        <time>2024-01-08T12:07:54.000Z</time>
        <speed>1.408</speed>
      </trkpt>
      <trkpt lat="50.6135161" lon="-2.4521794">
        <ele>0</ele>
        <time>2024-01-08T12:07:59.000Z</time>
        <speed>1.400</speed>
      </trkpt>
      <trkpt lat="50.6135809" lon="-2.4521715">
        <ele>0</ele>
        <time>2024-01-08T12:08:04.000Z</time>
        <speed>1.411</speed>
      </trkpt>
      <trkpt lat="50.6136459" lon="-2.4521532">
        <ele>0</ele>
        <time>2024-01-08T12:08:09.000Z</time>
        <speed>1.422</speed>
      </trkpt>
      <trkpt lat="50.6137076" lon="-2.4521352">
        <ele>0</ele>
        <time>2024-01-08T12:08:14.000Z</time>
        <speed>1.417</speed>
      </trkpt>
      <trkpt lat="50.6137723" lon="-2.4521257">
        <ele>0</ele>
        <time>2024-01-08T12:08:19.000Z</time>
        <speed>1.431</speed>
      </trkpt>
      <trkpt lat="50.6138381" lon="-2.4521154">
        <ele>0</ele>
        <time>2024-01-08T12:08:24.000Z</time>
        <speed>1.433</speed>
      </trkpt>
      <trkpt lat="50.6139055" lon="-2.4521000">
        <ele>0</ele>
        <time>2024-01-08T12:08:29.000Z</time>
        <speed>1.481</speed>
      </trkpt>
      <trkpt lat="50.6139685" lon="-2.4520852">
        <ele>0</ele>
        <time>2024-01-08T12:08:34.000Z</time>
        <speed>1.536</speed>
      </trkpt>
      <trkpt lat="50.6140306" lon="-2.4520700">
        <ele>0</ele>
        <time>2024-01-08T12:08:39.000Z</time>
        <speed>1.517</speed>
      </trkpt>
      <trkpt lat="50.6140917" lon="-2.4520570">
        <ele>1</ele>
        <time>2024-01-08T12:08:44.000Z</time>
        <speed>1.439</speed>
      </trkpt>
      <trkpt lat="50.6141525" lon="-2.4520417">
        <ele>1</ele>
        <time>2024-01-08T12:08:49.000Z</time>
        <speed>1.411</speed>
      </trkpt>
      <trkpt lat="50.6142121" lon="-2.4520276">
        <ele>1</ele>
        <time>2024-01-08T12:08:54.000Z</time>
        <speed>1.375</speed>
      </trkpt>
      <trkpt lat="50.6142721" lon="-2.4520122">
        <ele>1</ele>
        <time>2024-01-08T12:08:59.000Z</time>
        <speed>1.369</speed>
      </trkpt>
      <trkpt lat="50.6143328" lon="-2.4519938">
        <ele>0</ele>
        <time>2024-01-08T12:09:04.000Z</time>
        <speed>1.381</speed>
      </trkpt>
      <trkpt lat="50.6143913" lon="-2.4519771">
        <ele>0</ele>
        <time>2024-01-08T12:09:09.000Z</time>
        <speed>1.383</speed>
      </trkpt>
      <trkpt lat="50.6144491" lon="-2.4519622">
        <ele>1</ele>
        <time>2024-01-08T12:09:14.000Z</time>
        <speed>1.353</speed>
      </trkpt>
      <trkpt lat="50.6145102" lon="-2.4519477">
        <ele>1</ele>
        <time>2024-01-08T12:09:19.000Z</time>
        <speed>1.333</speed>
      </trkpt>
      <trkpt lat="50.6145730" lon="-2.4519287">
        <ele>0</ele>
        <time>2024-01-08T12:09:24.000Z</time>
        <speed>1.364</speed>
      </trkpt>
      <trkpt lat="50.6146342" lon="-2.4518999">
        <ele>0</ele>
        <time>2024-01-08T12:09:29.000Z</time>
        <speed>1.394</speed>
      </trkpt>
      <trkpt lat="50.6146919" lon="-2.4518804">
        <ele>0</ele>
        <time>2024-01-08T12:09:34.000Z</time>
        <speed>1.392</speed>
      </trkpt>
      <trkpt lat="50.6147537" lon="-2.4518586">
        <ele>0</ele>
        <time>2024-01-08T12:09:39.000Z</time>
        <speed>1.381</speed>
      </trkpt>
      <trkpt lat="50.6148148" lon="-2.4518302">
        <ele>0</ele>
        <time>2024-01-08T12:09:44.000Z</time>
        <speed>1.372</speed>
      </trkpt>
      <trkpt lat="50.6148767" lon="-2.4518042">
        <ele>0</ele>
        <time>2024-01-08T12:09:49.000Z</time>
        <speed>1.392</speed>
      </trkpt>
      <trkpt lat="50.6149360" lon="-2.4517852">
        <ele>0</ele>
        <time>2024-01-08T12:09:54.000Z</time>
        <speed>1.394</speed>
      </trkpt>
      <trkpt lat="50.6149985" lon="-2.4517654">
        <ele>0</ele>
        <time>2024-01-08T12:09:59.000Z</time>
        <speed>1.392</speed>
      </trkpt>
      <trkpt lat="50.6150617" lon="-2.4517452">
        <ele>1</ele>
        <time>2024-01-08T12:10:04.000Z</time>
        <speed>1.394</speed>
      </trkpt>
      <trkpt lat="50.6151199" lon="-2.4517159">
        <ele>1</ele>
        <time>2024-01-08T12:10:09.000Z</time>
        <speed>1.389</speed>
      </trkpt>
      <trkpt lat="50.6151833" lon="-2.4516884">
        <ele>0</ele>
        <time>2024-01-08T12:10:14.000Z</time>
        <speed>1.383</speed>
      </trkpt>
      <trkpt lat="50.6152466" lon="-2.4516665">
        <ele>0</ele>
        <time>2024-01-08T12:10:19.000Z</time>
        <speed>1.406</speed>
      </trkpt>
      <trkpt lat="50.6153075" lon="-2.4516374">
        <ele>0</ele>
        <time>2024-01-08T12:10:24.000Z</time>
        <speed>1.406</speed>
      </trkpt>
      <trkpt lat="50.6153665" lon="-2.4516142">
        <ele>0</ele>
        <time>2024-01-08T12:10:29.000Z</time>
        <speed>1.400</speed>
      </trkpt>
      <trkpt lat="50.6154243" lon="-2.4516003">
        <ele>1</ele>
        <time>2024-01-08T12:10:34.000Z</time>
        <speed>1.361</speed>
      </trkpt>
      <trkpt lat="50.6154836" lon="-2.4515936">
        <ele>0</ele>
        <time>2024-01-08T12:10:39.000Z</time>
        <speed>1.339</speed>
      </trkpt>
      <trkpt lat="50.6155427" lon="-2.4515738">
        <ele>0</ele>
        <time>2024-01-08T12:10:44.000Z</time>
        <speed>1.333</speed>
      </trkpt>
      <trkpt lat="50.6156020" lon="-2.4515438">
        <ele>0</ele>
        <time>2024-01-08T12:10:49.000Z</time>
        <speed>1.353</speed>
      </trkpt>
      <trkpt lat="50.6156589" lon="-2.4515088">
        <ele>1</ele>
        <time>2024-01-08T12:10:54.000Z</time>
        <speed>1.367</speed>
      </trkpt>
      <trkpt lat="50.6157167" lon="-2.4514813">
        <ele>0</ele>
        <time>2024-01-08T12:10:59.000Z</time>
        <speed>1.342</speed>
      </trkpt>
      <trkpt lat="50.6157729" lon="-2.4514541">
        <ele>0</ele>
        <time>2024-01-08T12:11:04.000Z</time>
        <speed>1.281</speed>
      </trkpt>
      <trkpt lat="50.6158286" lon="-2.4514179">
        <ele>0</ele>
        <time>2024-01-08T12:11:09.000Z</time>
        <speed>1.267</speed>
      </trkpt>
      <trkpt lat="50.6158843" lon="-2.4513770">
        <ele>0</ele>
        <time>2024-01-08T12:11:14.000Z</time>
        <speed>1.339</speed>
      </trkpt>
      <trkpt lat="50.6159381" lon="-2.4513337">
        <ele>1</ele>
        <time>2024-01-08T12:11:19.000Z</time>
        <speed>1.361</speed>
      </trkpt>
      <trkpt lat="50.6159894" lon="-2.4512937">
        <ele>1</ele>
        <time>2024-01-08T12:11:24.000Z</time>
        <speed>1.358</speed>
      </trkpt>
      <trkpt lat="50.6160469" lon="-2.4512733">
        <ele>1</ele>
        <time>2024-01-08T12:11:29.000Z</time>
        <speed>1.364</speed>
      </trkpt>
      <trkpt lat="50.6161069" lon="-2.4512515">
        <ele>0</ele>
        <time>2024-01-08T12:11:34.000Z</time>
        <speed>1.367</speed>
      </trkpt>
      <trkpt lat="50.6161675" lon="-2.4512294">
        <ele>0</ele>
        <time>2024-01-08T12:11:39.000Z</time>
        <speed>1.344</speed>
      </trkpt>
      <trkpt lat="50.6162244" lon="-2.4512041">
        <ele>0</ele>
        <time>2024-01-08T12:11:44.000Z</time>
        <speed>1.356</speed>
      </trkpt>
      <trkpt lat="50.6162782" lon="-2.4511818">
        <ele>0</ele>
        <time>2024-01-08T12:11:49.000Z</time>
        <speed>1.347</speed>
      </trkpt>
      <trkpt lat="50.6163302" lon="-2.4511705">
        <ele>0</ele>
        <time>2024-01-08T12:11:54.000Z</time>
        <speed>1.294</speed>
      </trkpt>
      <trkpt lat="50.6163823" lon="-2.4511583">
        <ele>0</ele>
        <time>2024-01-08T12:11:59.000Z</time>
        <speed>1.244</speed>
      </trkpt>
      <trkpt lat="50.6164295" lon="-2.4511500">
        <ele>0</ele>
        <time>2024-01-08T12:12:04.000Z</time>
        <speed>1.242</speed>
      </trkpt>
      <trkpt lat="50.6164702" lon="-2.4511581">
        <ele>0</ele>
        <time>2024-01-08T12:12:09.000Z</time>
        <speed>1.267</speed>
      </trkpt>
      <trkpt lat="50.6165129" lon="-2.4511735">
        <ele>0</ele>
        <time>2024-01-08T12:12:14.000Z</time>
        <speed>1.300</speed>
      </trkpt>
      <trkpt lat="50.6165598" lon="-2.4511749">
        <ele>1</ele>
        <time>2024-01-08T12:12:19.000Z</time>
        <speed>1.339</speed>
      </trkpt>
      <trkpt lat="50.6166043" lon="-2.4511795">
        <ele>1</ele>
        <time>2024-01-08T12:12:24.000Z</time>
        <speed>1.311</speed>
      </trkpt>
      <trkpt lat="50.6166541" lon="-2.4511793">
        <ele>1</ele>
        <time>2024-01-08T12:12:29.000Z</time>
        <speed>1.250</speed>
      </trkpt>
      <trkpt lat="50.6167086" lon="-2.4511532">
        <ele>1</ele>
        <time>2024-01-08T12:12:34.000Z</time>
        <speed>1.250</speed>
      </trkpt>
      <trkpt lat="50.6167610" lon="-2.4511282">
        <ele>1</ele>
        <time>2024-01-08T12:12:39.000Z</time>
        <speed>1.281</speed>
      </trkpt>
      <trkpt lat="50.6168114" lon="-2.4511096">
        <ele>1</ele>
        <time>2024-01-08T12:12:44.000Z</time>
        <speed>1.297</speed>
      </trkpt>
      <trkpt lat="50.6168591" lon="-2.4510884">
        <ele>1</ele>
        <time>2024-01-08T12:12:49.000Z</time>
        <speed>1.286</speed>
      </trkpt>
      <trkpt lat="50.6169089" lon="-2.4510685">
        <ele>1</ele>
        <time>2024-01-08T12:12:54.000Z</time>
        <speed>1.256</speed>
      </trkpt>
      <trkpt lat="50.6169667" lon="-2.4510564">
        <ele>2</ele>
        <time>2024-01-08T12:12:59.000Z</time>
        <speed>1.236</speed>
      </trkpt>
      <trkpt lat="50.6170248" lon="-2.4510430">
        <ele>2</ele>
        <time>2024-01-08T12:13:04.000Z</time>
        <speed>1.239</speed>
      </trkpt>
      <trkpt lat="50.6170764" lon="-2.4510402">
        <ele>2</ele>
        <time>2024-01-08T12:13:09.000Z</time>
        <speed>1.244</speed>
      </trkpt>
      <trkpt lat="50.6171356" lon="-2.4510444">
        <ele>2</ele>
        <time>2024-01-08T12:13:14.000Z</time>
        <speed>1.225</speed>
      </trkpt>
      <trkpt lat="50.6171994" lon="-2.4510439">
        <ele>2</ele>
        <time>2024-01-08T12:13:19.000Z</time>
        <speed>1.233</speed>
      </trkpt>
      <trkpt lat="50.6172586" lon="-2.4510386">
        <ele>3</ele>
        <time>2024-01-08T12:13:24.000Z</time>
        <speed>1.289</speed>
      </trkpt>
      <trkpt lat="50.6173094" lon="-2.4510136">
        <ele>3</ele>
        <time>2024-01-08T12:13:29.000Z</time>
        <speed>1.275</speed>
      </trkpt>
      <trkpt lat="50.6173649" lon="-2.4509643">
        <ele>3</ele>
        <time>2024-01-08T12:13:34.000Z</time>
        <speed>1.261</speed>
      </trkpt>
      <trkpt lat="50.6174224" lon="-2.4509165">
        <ele>3</ele>
        <time>2024-01-08T12:13:39.000Z</time>
        <speed>1.306</speed>
      </trkpt>
      <trkpt lat="50.6174803" lon="-2.4508727">
        <ele>3</ele>
        <time>2024-01-08T12:13:44.000Z</time>
        <speed>1.353</speed>
      </trkpt>
      <trkpt lat="50.6175383" lon="-2.4508215">
        <ele>3</ele>
        <time>2024-01-08T12:13:49.000Z</time>
        <speed>1.336</speed>
      </trkpt>
      <trkpt lat="50.6175944" lon="-2.4507747">
        <ele>3</ele>
        <time>2024-01-08T12:13:54.000Z</time>
        <speed>1.336</speed>
      </trkpt>
      <trkpt lat="50.6176544" lon="-2.4507375">
        <ele>3</ele>
        <time>2024-01-08T12:13:59.000Z</time>
        <speed>1.375</speed>
      </trkpt>
      <trkpt lat="50.6177130" lon="-2.4506825">
        <ele>3</ele>
        <time>2024-01-08T12:14:04.000Z</time>
        <speed>1.397</speed>
      </trkpt>
      <trkpt lat="50.6177730" lon="-2.4506331">
        <ele>3</ele>
        <time>2024-01-08T12:14:09.000Z</time>
        <speed>1.422</speed>
      </trkpt>
      <trkpt lat="50.6178304" lon="-2.4505804">
        <ele>3</ele>
        <time>2024-01-08T12:14:14.000Z</time>
        <speed>1.414</speed>
      </trkpt>
      <trkpt lat="50.6178864" lon="-2.4505305">
        <ele>2</ele>
        <time>2024-01-08T12:14:19.000Z</time>
        <speed>1.406</speed>
      </trkpt>
      <trkpt lat="50.6179410" lon="-2.4504766">
        <ele>2</ele>
        <time>2024-01-08T12:14:24.000Z</time>
        <speed>1.394</speed>
      </trkpt>
      <trkpt lat="50.6179946" lon="-2.4504186">
        <ele>3</ele>
        <time>2024-01-08T12:14:29.000Z</time>
        <speed>1.400</speed>
      </trkpt>
      <trkpt lat="50.6180517" lon="-2.4503649">
        <ele>3</ele>
        <time>2024-01-08T12:14:34.000Z</time>
        <speed>1.447</speed>
      </trkpt>
      <trkpt lat="50.6181059" lon="-2.4503113">
        <ele>3</ele>
        <time>2024-01-08T12:14:39.000Z</time>
        <speed>1.439</speed>
      </trkpt>
      <trkpt lat="50.6181553" lon="-2.4502476">
        <ele>3</ele>
        <time>2024-01-08T12:14:44.000Z</time>
        <speed>1.414</speed>
      </trkpt>
      <trkpt lat="50.6182053" lon="-2.4501896">
        <ele>3</ele>
        <time>2024-01-08T12:14:49.000Z</time>
        <speed>1.375</speed>
      </trkpt>
      <trkpt lat="50.6182550" lon="-2.4501367">
        <ele>3</ele>
        <time>2024-01-08T12:14:54.000Z</time>
        <speed>1.386</speed>
      </trkpt>
      <trkpt lat="50.6183064" lon="-2.4500900">
        <ele>3</ele>
        <time>2024-01-08T12:14:59.000Z</time>
        <speed>1.378</speed>
      </trkpt>
      <trkpt lat="50.6183633" lon="-2.4500518">
        <ele>3</ele>
        <time>2024-01-08T12:15:04.000Z</time>
        <speed>1.361</speed>
      </trkpt>
      <trkpt lat="50.6184221" lon="-2.4500131">
        <ele>3</ele>
        <time>2024-01-08T12:15:09.000Z</time>
        <speed>1.364</speed>
      </trkpt>
      <trkpt lat="50.6184785" lon="-2.4499917">
        <ele>3</ele>
        <time>2024-01-08T12:15:14.000Z</time>
        <speed>1.339</speed>
      </trkpt>
      <trkpt lat="50.6185345" lon="-2.4499862">
        <ele>3</ele>
        <time>2024-01-08T12:15:19.000Z</time>
        <speed>1.331</speed>
      </trkpt>
      <trkpt lat="50.6185945" lon="-2.4499691">
        <ele>3</ele>
        <time>2024-01-08T12:15:24.000Z</time>
        <speed>1.350</speed>
      </trkpt>
      <trkpt lat="50.6186536" lon="-2.4499343">
        <ele>3</ele>
        <time>2024-01-08T12:15:29.000Z</time>
        <speed>1.367</speed>
      </trkpt>
      <trkpt lat="50.6187164" lon="-2.4498747">
        <ele>3</ele>
        <time>2024-01-08T12:15:34.000Z</time>
        <speed>1.394</speed>
      </trkpt>
      <trkpt lat="50.6187745" lon="-2.4498196">
        <ele>3</ele>
        <time>2024-01-08T12:15:39.000Z</time>
        <speed>1.394</speed>
      </trkpt>
      <trkpt lat="50.6188257" lon="-2.4497715">
        <ele>3</ele>
        <time>2024-01-08T12:15:44.000Z</time>
        <speed>1.397</speed>
      </trkpt>
      <trkpt lat="50.6188744" lon="-2.4497218">
        <ele>3</ele>
        <time>2024-01-08T12:15:49.000Z</time>
        <speed>1.381</speed>
      </trkpt>
      <trkpt lat="50.6189274" lon="-2.4496729">
        <ele>3</ele>
        <time>2024-01-08T12:15:54.000Z</time>
        <speed>1.367</speed>
      </trkpt>
      <trkpt lat="50.6189836" lon="-2.4496240">
        <ele>3</ele>
        <time>2024-01-08T12:15:59.000Z</time>
        <speed>1.364</speed>
      </trkpt>
      <trkpt lat="50.6190417" lon="-2.4495731">
        <ele>3</ele>
        <time>2024-01-08T12:16:04.000Z</time>
        <speed>1.369</speed>
      </trkpt>
      <trkpt lat="50.6190954" lon="-2.4495245">
        <ele>4</ele>
        <time>2024-01-08T12:16:09.000Z</time>
        <speed>1.372</speed>
      </trkpt>
      <trkpt lat="50.6191483" lon="-2.4494780">
        <ele>3</ele>
        <time>2024-01-08T12:16:14.000Z</time>
        <speed>1.386</speed>
      </trkpt>
      <trkpt lat="50.6192020" lon="-2.4494312">
        <ele>3</ele>
        <time>2024-01-08T12:16:19.000Z</time>
        <speed>1.417</speed>
      </trkpt>
      <trkpt lat="50.6192586" lon="-2.4493742">
        <ele>4</ele>
        <time>2024-01-08T12:16:24.000Z</time>
        <speed>1.444</speed>
      </trkpt>
      <trkpt lat="50.6193156" lon="-2.4493219">
        <ele>4</ele>
        <time>2024-01-08T12:16:29.000Z</time>
        <speed>1.431</speed>
      </trkpt>
      <trkpt lat="50.6193697" lon="-2.4492674">
        <ele>4</ele>
        <time>2024-01-08T12:16:34.000Z</time>
        <speed>1.411</speed>
      </trkpt>
      <trkpt lat="50.6194228" lon="-2.4492156">
        <ele>4</ele>
        <time>2024-01-08T12:16:39.000Z</time>
        <speed>1.408</speed>
      </trkpt>
      <trkpt lat="50.6194765" lon="-2.4491665">
        <ele>4</ele>
        <time>2024-01-08T12:16:44.000Z</time>
        <speed>1.386</speed>
      </trkpt>
      <trkpt lat="50.6195316" lon="-2.4491140">
        <ele>3</ele>
        <time>2024-01-08T12:16:49.000Z</time>
        <speed>1.386</speed>
      </trkpt>
      <trkpt lat="50.6195880" lon="-2.4490619">
        <ele>3</ele>
        <time>2024-01-08T12:16:54.000Z</time>
        <speed>1.406</speed>
      </trkpt>
      <trkpt lat="50.6196417" lon="-2.4490036">
        <ele>4</ele>
        <time>2024-01-08T12:16:59.000Z</time>
        <speed>1.408</speed>
      </trkpt>
      <trkpt lat="50.6196988" lon="-2.4489557">
        <ele>4</ele>
        <time>2024-01-08T12:17:04.000Z</time>
        <speed>1.417</speed>
      </trkpt>
      <trkpt lat="50.6197531" lon="-2.4489011">
        <ele>4</ele>
        <time>2024-01-08T12:17:09.000Z</time>
        <speed>1.417</speed>
      </trkpt>
      <trkpt lat="50.6198065" lon="-2.4488474">
        <ele>4</ele>
        <time>2024-01-08T12:17:14.000Z</time>
        <speed>1.417</speed>
      </trkpt>
      <trkpt lat="50.6198573" lon="-2.4487902">
        <ele>3</ele>
        <time>2024-01-08T12:17:19.000Z</time>
        <speed>1.397</speed>
      </trkpt>
      <trkpt lat="50.6199141" lon="-2.4487405">
        <ele>3</ele>
        <time>2024-01-08T12:17:24.000Z</time>
        <speed>1.397</speed>
      </trkpt>
      <trkpt lat="50.6199685" lon="-2.4486881">
        <ele>3</ele>
        <time>2024-01-08T12:17:29.000Z</time>
        <speed>1.406</speed>
      </trkpt>
      <trkpt lat="50.6200263" lon="-2.4486364">
        <ele>3</ele>
        <time>2024-01-08T12:17:34.000Z</time>
        <speed>1.419</speed>
      </trkpt>
      <trkpt lat="50.6200849" lon="-2.4485859">
        <ele>3</ele>
        <time>2024-01-08T12:17:39.000Z</time>
        <speed>1.417</speed>
      </trkpt>
      <trkpt lat="50.6201418" lon="-2.4485317">
        <ele>3</ele>
        <time>2024-01-08T12:17:44.000Z</time>
        <speed>1.447</speed>
      </trkpt>
      <trkpt lat="50.6201879" lon="-2.4484701">
        <ele>3</ele>
        <time>2024-01-08T12:17:49.000Z</time>
        <speed>1.433</speed>
      </trkpt>
      <trkpt lat="50.6202440" lon="-2.4484167">
        <ele>3</ele>
        <time>2024-01-08T12:17:54.000Z</time>
        <speed>1.400</speed>
      </trkpt>
      <trkpt lat="50.6203041" lon="-2.4483700">
        <ele>3</ele>
        <time>2024-01-08T12:17:59.000Z</time>
        <speed>1.378</speed>
      </trkpt>
      <trkpt lat="50.6203614" lon="-2.4483177">
        <ele>3</ele>
        <time>2024-01-08T12:18:04.000Z</time>
        <speed>1.386</speed>
      </trkpt>
      <trkpt lat="50.6204184" lon="-2.4482642">
        <ele>3</ele>
        <time>2024-01-08T12:18:09.000Z</time>
        <speed>1.436</speed>
      </trkpt>
      <trkpt lat="50.6204742" lon="-2.4482091">
        <ele>3</ele>
        <time>2024-01-08T12:18:14.000Z</time>
        <speed>1.458</speed>
      </trkpt>
      <trkpt lat="50.6205285" lon="-2.4481507">
        <ele>3</ele>
        <time>2024-01-08T12:18:19.000Z</time>
        <speed>1.442</speed>
      </trkpt>
      <trkpt lat="50.6205816" lon="-2.4480980">
        <ele>2</ele>
        <time>2024-01-08T12:18:24.000Z</time>
        <speed>1.422</speed>
      </trkpt>
      <trkpt lat="50.6206381" lon="-2.4480493">
        <ele>2</ele>
        <time>2024-01-08T12:18:29.000Z</time>
        <speed>1.436</speed>
      </trkpt>
      <trkpt lat="50.6206935" lon="-2.4479889">
        <ele>3</ele>
        <time>2024-01-08T12:18:34.000Z</time>
        <speed>1.439</speed>
      </trkpt>
      <trkpt lat="50.6207491" lon="-2.4479333">
        <ele>3</ele>
        <time>2024-01-08T12:18:39.000Z</time>
        <speed>1.456</speed>
      </trkpt>
      <trkpt lat="50.6208046" lon="-2.4478860">
        <ele>3</ele>
        <time>2024-01-08T12:18:44.000Z</time>
        <speed>1.450</speed>
      </trkpt>
      <trkpt lat="50.6208589" lon="-2.4478364">
        <ele>3</ele>
        <time>2024-01-08T12:18:49.000Z</time>
        <speed>1.403</speed>
      </trkpt>
      <trkpt lat="50.6209141" lon="-2.4477864">
        <ele>3</ele>
        <time>2024-01-08T12:18:54.000Z</time>
        <speed>1.411</speed>
      </trkpt>
      <trkpt lat="50.6209688" lon="-2.4477338">
        <ele>3</ele>
        <time>2024-01-08T12:18:59.000Z</time>
        <speed>1.431</speed>
      </trkpt>
      <trkpt lat="50.6210240" lon="-2.4476767">
        <ele>3</ele>
        <time>2024-01-08T12:19:04.000Z</time>
        <speed>1.439</speed>
      </trkpt>
      <trkpt lat="50.6210774" lon="-2.4476167">
        <ele>3</ele>
        <time>2024-01-08T12:19:09.000Z</time>
        <speed>1.439</speed>
      </trkpt>
      <trkpt lat="50.6211358" lon="-2.4475633">
        <ele>3</ele>
        <time>2024-01-08T12:19:14.000Z</time>
        <speed>1.447</speed>
      </trkpt>
      <trkpt lat="50.6211907" lon="-2.4475066">
        <ele>3</ele>
        <time>2024-01-08T12:19:19.000Z</time>
        <speed>1.447</speed>
      </trkpt>
      <trkpt lat="50.6212493" lon="-2.4474484">
        <ele>3</ele>
        <time>2024-01-08T12:19:24.000Z</time>
        <speed>1.442</speed>
      </trkpt>
      <trkpt lat="50.6213055" lon="-2.4473882">
        <ele>3</ele>
        <time>2024-01-08T12:19:29.000Z</time>
        <speed>1.456</speed>
      </trkpt>
      <trkpt lat="50.6213586" lon="-2.4473288">
        <ele>3</ele>
        <time>2024-01-08T12:19:34.000Z</time>
        <speed>1.461</speed>
      </trkpt>
      <trkpt lat="50.6214120" lon="-2.4472758">
        <ele>3</ele>
        <time>2024-01-08T12:19:39.000Z</time>
        <speed>1.453</speed>
      </trkpt>
      <trkpt lat="50.6214648" lon="-2.4472157">
        <ele>3</ele>
        <time>2024-01-08T12:19:44.000Z</time>
        <speed>1.447</speed>
      </trkpt>
      <trkpt lat="50.6215215" lon="-2.4471611">
        <ele>3</ele>
        <time>2024-01-08T12:19:49.000Z</time>
        <speed>1.447</speed>
      </trkpt>
      <trkpt lat="50.6215824" lon="-2.4471044">
        <ele>3</ele>
        <time>2024-01-08T12:19:54.000Z</time>
        <speed>1.458</speed>
      </trkpt>
      <trkpt lat="50.6216420" lon="-2.4470456">
        <ele>3</ele>
        <time>2024-01-08T12:19:59.000Z</time>
        <speed>1.469</speed>
      </trkpt>
      <trkpt lat="50.6216936" lon="-2.4469862">
        <ele>3</ele>
        <time>2024-01-08T12:20:04.000Z</time>
        <speed>1.467</speed>
      </trkpt>
      <trkpt lat="50.6217484" lon="-2.4469381">
        <ele>3</ele>
        <time>2024-01-08T12:20:09.000Z</time>
        <speed>1.483</speed>
      </trkpt>
      <trkpt lat="50.6218097" lon="-2.4468920">
        <ele>3</ele>
        <time>2024-01-08T12:20:14.000Z</time>
        <speed>1.533</speed>
      </trkpt>
      <trkpt lat="50.6218681" lon="-2.4468418">
        <ele>3</ele>
        <time>2024-01-08T12:20:19.000Z</time>
        <speed>1.539</speed>
      </trkpt>
      <trkpt lat="50.6219283" lon="-2.4467935">
        <ele>3</ele>
        <time>2024-01-08T12:20:24.000Z</time>
        <speed>1.533</speed>
      </trkpt>
      <trkpt lat="50.6219809" lon="-2.4467334">
        <ele>2</ele>
        <time>2024-01-08T12:20:29.000Z</time>
        <speed>1.478</speed>
      </trkpt>
      <trkpt lat="50.6220390" lon="-2.4466762">
        <ele>2</ele>
        <time>2024-01-08T12:20:34.000Z</time>
        <speed>1.456</speed>
      </trkpt>
      <trkpt lat="50.6220994" lon="-2.4466288">
        <ele>2</ele>
        <time>2024-01-08T12:20:39.000Z</time>
        <speed>1.458</speed>
      </trkpt>
      <trkpt lat="50.6221520" lon="-2.4465677">
        <ele>2</ele>
        <time>2024-01-08T12:20:44.000Z</time>
        <speed>1.478</speed>
      </trkpt>
      <trkpt lat="50.6222043" lon="-2.4465093">
        <ele>2</ele>
        <time>2024-01-08T12:20:49.000Z</time>
        <speed>1.464</speed>
      </trkpt>
      <trkpt lat="50.6222544" lon="-2.4464368">
        <ele>2</ele>
        <time>2024-01-08T12:20:54.000Z</time>
        <speed>1.456</speed>
      </trkpt>
      <trkpt lat="50.6223168" lon="-2.4463769">
        <ele>2</ele>
        <time>2024-01-08T12:20:59.000Z</time>
        <speed>1.481</speed>
      </trkpt>
      <trkpt lat="50.6223734" lon="-2.4463190">
        <ele>3</ele>
        <time>2024-01-08T12:21:04.000Z</time>
        <speed>1.492</speed>
      </trkpt>
      <trkpt lat="50.6224314" lon="-2.4462720">
        <ele>2</ele>
        <time>2024-01-08T12:21:09.000Z</time>
        <speed>1.481</speed>
      </trkpt>
      <trkpt lat="50.6224913" lon="-2.4462197">
        <ele>2</ele>
        <time>2024-01-08T12:21:14.000Z</time>
        <speed>1.469</speed>
      </trkpt>
      <trkpt lat="50.6225448" lon="-2.4461501">
        <ele>2</ele>
        <time>2024-01-08T12:21:19.000Z</time>
        <speed>1.494</speed>
      </trkpt>
      <trkpt lat="50.6225961" lon="-2.4460830">
        <ele>2</ele>
        <time>2024-01-08T12:21:24.000Z</time>
        <speed>1.519</speed>
      </trkpt>
      <trkpt lat="50.6226486" lon="-2.4460275">
        <ele>2</ele>
        <time>2024-01-08T12:21:29.000Z</time>
        <speed>1.497</speed>
      </trkpt>
      <trkpt lat="50.6226791" lon="-2.4459364">
        <ele>2</ele>
        <time>2024-01-08T12:21:34.000Z</time>
        <speed>1.464</speed>
      </trkpt>
      <trkpt lat="50.6227261" lon="-2.4458732">
        <ele>3</ele>
        <time>2024-01-08T12:21:39.000Z</time>
        <speed>1.406</speed>
      </trkpt>
      <trkpt lat="50.6227840" lon="-2.4458239">
        <ele>2</ele>
        <time>2024-01-08T12:21:44.000Z</time>
        <speed>1.397</speed>
      </trkpt>
      <trkpt lat="50.6228455" lon="-2.4457767">
        <ele>2</ele>
        <time>2024-01-08T12:21:49.000Z</time>
        <speed>1.419</speed>
      </trkpt>
      <trkpt lat="50.6229023" lon="-2.4457190">
        <ele>2</ele>
        <time>2024-01-08T12:21:54.000Z</time>
        <speed>1.469</speed>
      </trkpt>
      <trkpt lat="50.6229606" lon="-2.4456542">
        <ele>2</ele>
        <time>2024-01-08T12:21:59.000Z</time>
        <speed>1.511</speed>
      </trkpt>
      <trkpt lat="50.6230127" lon="-2.4455872">
        <ele>2</ele>
        <time>2024-01-08T12:22:04.000Z</time>
        <speed>1.489</speed>
      </trkpt>
      <trkpt lat="50.6230658" lon="-2.4455250">
        <ele>2</ele>
        <time>2024-01-08T12:22:09.000Z</time>
        <speed>1.483</speed>
      </trkpt>
      <trkpt lat="50.6231165" lon="-2.4454620">
        <ele>2</ele>
        <time>2024-01-08T12:22:14.000Z</time>
        <speed>1.458</speed>
      </trkpt>
      <trkpt lat="50.6231646" lon="-2.4454008">
        <ele>2</ele>
        <time>2024-01-08T12:22:19.000Z</time>
        <speed>1.433</speed>
      </trkpt>
      <trkpt lat="50.6232169" lon="-2.4453386">
        <ele>3</ele>
        <time>2024-01-08T12:22:24.000Z</time>
        <speed>1.436</speed>
      </trkpt>
      <trkpt lat="50.6232680" lon="-2.4452817">
        <ele>3</ele>
        <time>2024-01-08T12:22:29.000Z</time>
        <speed>1.425</speed>
      </trkpt>
      <trkpt lat="50.6233195" lon="-2.4452215">
        <ele>3</ele>
        <time>2024-01-08T12:22:34.000Z</time>
        <speed>1.411</speed>
      </trkpt>
      <trkpt lat="50.6233727" lon="-2.4451581">
        <ele>3</ele>
        <time>2024-01-08T12:22:39.000Z</time>
        <speed>1.419</speed>
      </trkpt>
      <trkpt lat="50.6234236" lon="-2.4450909">
        <ele>3</ele>
        <time>2024-01-08T12:22:44.000Z</time>
        <speed>1.467</speed>
      </trkpt>
      <trkpt lat="50.6234752" lon="-2.4450199">
        <ele>3</ele>
        <time>2024-01-08T12:22:49.000Z</time>
        <speed>1.475</speed>
      </trkpt>
      <trkpt lat="50.6235274" lon="-2.4449535">
        <ele>3</ele>
        <time>2024-01-08T12:22:54.000Z</time>
        <speed>1.481</speed>
      </trkpt>
      <trkpt lat="50.6235800" lon="-2.4448890">
        <ele>3</ele>
        <time>2024-01-08T12:22:59.000Z</time>
        <speed>1.497</speed>
      </trkpt>
      <trkpt lat="50.6236325" lon="-2.4448256">
        <ele>3</ele>
        <time>2024-01-08T12:23:04.000Z</time>
        <speed>1.506</speed>
      </trkpt>
      <trkpt lat="50.6236828" lon="-2.4447631">
        <ele>2</ele>
        <time>2024-01-08T12:23:09.000Z</time>
        <speed>1.514</speed>
      </trkpt>
      <trkpt lat="50.6237315" lon="-2.4447063">
        <ele>2</ele>
        <time>2024-01-08T12:23:14.000Z</time>
        <speed>1.494</speed>
      </trkpt>
      <trkpt lat="50.6237829" lon="-2.4446469">
        <ele>2</ele>
        <time>2024-01-08T12:23:19.000Z</time>
        <speed>1.450</speed>
      </trkpt>
      <trkpt lat="50.6238404" lon="-2.4445859">
        <ele>2</ele>
        <time>2024-01-08T12:23:24.000Z</time>
        <speed>1.467</speed>
      </trkpt>
      <trkpt lat="50.6238974" lon="-2.4445257">
        <ele>2</ele>
        <time>2024-01-08T12:23:29.000Z</time>
        <speed>1.506</speed>
      </trkpt>
      <trkpt lat="50.6239504" lon="-2.4444578">
        <ele>2</ele>
        <time>2024-01-08T12:23:34.000Z</time>
        <speed>1.542</speed>
      </trkpt>
      <trkpt lat="50.6240041" lon="-2.4443942">
        <ele>2</ele>
        <time>2024-01-08T12:23:39.000Z</time>
        <speed>1.544</speed>
      </trkpt>
      <trkpt lat="50.6240593" lon="-2.4443332">
        <ele>2</ele>
        <time>2024-01-08T12:23:44.000Z</time>
        <speed>1.553</speed>
      </trkpt>
      <trkpt lat="50.6241127" lon="-2.4442751">
        <ele>2</ele>
        <time>2024-01-08T12:23:49.000Z</time>
        <speed>1.508</speed>
      </trkpt>
      <trkpt lat="50.6241637" lon="-2.4442117">
        <ele>2</ele>
        <time>2024-01-08T12:23:54.000Z</time>
        <speed>1.461</speed>
      </trkpt>
      <trkpt lat="50.6242175" lon="-2.4441584">
        <ele>2</ele>
        <time>2024-01-08T12:23:59.000Z</time>
        <speed>1.450</speed>
      </trkpt>
      <trkpt lat="50.6242636" lon="-2.4440911">
        <ele>2</ele>
        <time>2024-01-08T12:24:04.000Z</time>
        <speed>1.461</speed>
      </trkpt>
      <trkpt lat="50.6243063" lon="-2.4440088">
        <ele>1</ele>
        <time>2024-01-08T12:24:09.000Z</time>
        <speed>1.464</speed>
      </trkpt>
      <trkpt lat="50.6243477" lon="-2.4439367">
        <ele>1</ele>
        <time>2024-01-08T12:24:14.000Z</time>
        <speed>1.461</speed>
      </trkpt>
      <trkpt lat="50.6243934" lon="-2.4438779">
        <ele>1</ele>
        <time>2024-01-08T12:24:19.000Z</time>
        <speed>1.439</speed>
      </trkpt>
      <trkpt lat="50.6244465" lon="-2.4438284">
        <ele>1</ele>
        <time>2024-01-08T12:24:24.000Z</time>
        <speed>1.425</speed>
      </trkpt>
      <trkpt lat="50.6245019" lon="-2.4437761">
        <ele>1</ele>
        <time>2024-01-08T12:24:29.000Z</time>
        <speed>1.392</speed>
      </trkpt>
      <trkpt lat="50.6245561" lon="-2.4437181">
        <ele>1</ele>
        <time>2024-01-08T12:24:34.000Z</time>
        <speed>1.400</speed>
      </trkpt>
      <trkpt lat="50.6246110" lon="-2.4436593">
        <ele>1</ele>
        <time>2024-01-08T12:24:39.000Z</time>
        <speed>1.431</speed>
      </trkpt>
      <trkpt lat="50.6246682" lon="-2.4436111">
        <ele>1</ele>
        <time>2024-01-08T12:24:44.000Z</time>
        <speed>1.444</speed>
      </trkpt>
      <trkpt lat="50.6247257" lon="-2.4435612">
        <ele>2</ele>
        <time>2024-01-08T12:24:49.000Z</time>
        <speed>1.444</speed>
      </trkpt>
      <trkpt lat="50.6247831" lon="-2.4435089">
        <ele>2</ele>
        <time>2024-01-08T12:24:54.000Z</time>
        <speed>1.447</speed>
      </trkpt>
      <trkpt lat="50.6248386" lon="-2.4434547">
        <ele>2</ele>
        <time>2024-01-08T12:24:59.000Z</time>
        <speed>1.431</speed>
      </trkpt>
      <trkpt lat="50.6248991" lon="-2.4434069">
        <ele>2</ele>
        <time>2024-01-08T12:25:04.000Z</time>
        <speed>1.436</speed>
      </trkpt>
      <trkpt lat="50.6249566" lon="-2.4433604">
        <ele>2</ele>
        <time>2024-01-08T12:25:09.000Z</time>
        <speed>1.450</speed>
      </trkpt>
      <trkpt lat="50.6250116" lon="-2.4433094">
        <ele>2</ele>
        <time>2024-01-08T12:25:14.000Z</time>
        <speed>1.464</speed>
      </trkpt>
      <trkpt lat="50.6250686" lon="-2.4432603">
        <ele>2</ele>
        <time>2024-01-08T12:25:19.000Z</time>
        <speed>1.461</speed>
      </trkpt>
      <trkpt lat="50.6251261" lon="-2.4432149">
        <ele>2</ele>
        <time>2024-01-08T12:25:24.000Z</time>
        <speed>1.461</speed>
      </trkpt>
      <trkpt lat="50.6251808" lon="-2.4431690">
        <ele>2</ele>
        <time>2024-01-08T12:25:29.000Z</time>
        <speed>1.444</speed>
      </trkpt>
      <trkpt lat="50.6252344" lon="-2.4431093">
        <ele>2</ele>
        <time>2024-01-08T12:25:34.000Z</time>
        <speed>1.428</speed>
      </trkpt>
      <trkpt lat="50.6252866" lon="-2.4430419">
        <ele>2</ele>
        <time>2024-01-08T12:25:39.000Z</time>
        <speed>1.433</speed>
      </trkpt>
      <trkpt lat="50.6253350" lon="-2.4429746">
        <ele>2</ele>
        <time>2024-01-08T12:25:44.000Z</time>
        <speed>1.461</speed>
      </trkpt>
      <trkpt lat="50.6253889" lon="-2.4429095">
        <ele>2</ele>
        <time>2024-01-08T12:25:49.000Z</time>
        <speed>1.469</speed>
      </trkpt>
      <trkpt lat="50.6254421" lon="-2.4428500">
        <ele>2</ele>
        <time>2024-01-08T12:25:54.000Z</time>
        <speed>1.467</speed>
      </trkpt>
      <trkpt lat="50.6254939" lon="-2.4427853">
        <ele>2</ele>
        <time>2024-01-08T12:25:59.000Z</time>
        <speed>1.481</speed>
      </trkpt>
      <trkpt lat="50.6255410" lon="-2.4427185">
        <ele>2</ele>
        <time>2024-01-08T12:26:04.000Z</time>
        <speed>1.467</speed>
      </trkpt>
      <trkpt lat="50.6255902" lon="-2.4426539">
        <ele>2</ele>
        <time>2024-01-08T12:26:09.000Z</time>
        <speed>1.444</speed>
      </trkpt>
      <trkpt lat="50.6256386" lon="-2.4425868">
        <ele>2</ele>
        <time>2024-01-08T12:26:14.000Z</time>
        <speed>1.422</speed>
      </trkpt>
      <trkpt lat="50.6256816" lon="-2.4425203">
        <ele>2</ele>
        <time>2024-01-08T12:26:19.000Z</time>
        <speed>1.433</speed>
      </trkpt>
      <trkpt lat="50.6257296" lon="-2.4424500">
        <ele>2</ele>
        <time>2024-01-08T12:26:24.000Z</time>
        <speed>1.433</speed>
      </trkpt>
      <trkpt lat="50.6257802" lon="-2.4423852">
        <ele>2</ele>
        <time>2024-01-08T12:26:29.000Z</time>
        <speed>1.422</speed>
      </trkpt>
      <trkpt lat="50.6258297" lon="-2.4423219">
        <ele>2</ele>
        <time>2024-01-08T12:26:34.000Z</time>
        <speed>1.442</speed>
      </trkpt>
      <trkpt lat="50.6258822" lon="-2.4422595">
        <ele>2</ele>
        <time>2024-01-08T12:26:39.000Z</time>
        <speed>1.442</speed>
      </trkpt>
      <trkpt lat="50.6259341" lon="-2.4422004">
        <ele>2</ele>
        <time>2024-01-08T12:26:44.000Z</time>
        <speed>1.436</speed>
      </trkpt>
      <trkpt lat="50.6259833" lon="-2.4421433">
        <ele>2</ele>
        <time>2024-01-08T12:26:49.000Z</time>
        <speed>1.417</speed>
      </trkpt>
      <trkpt lat="50.6260294" lon="-2.4420792">
        <ele>2</ele>
        <time>2024-01-08T12:26:54.000Z</time>
        <speed>1.394</speed>
      </trkpt>
      <trkpt lat="50.6260770" lon="-2.4420093">
        <ele>2</ele>
        <time>2024-01-08T12:26:59.000Z</time>
        <speed>1.397</speed>
      </trkpt>
      <trkpt lat="50.6261258" lon="-2.4419461">
        <ele>2</ele>
        <time>2024-01-08T12:27:04.000Z</time>
        <speed>1.411</speed>
      </trkpt>
      <trkpt lat="50.6261751" lon="-2.4418810">
        <ele>2</ele>
        <time>2024-01-08T12:27:09.000Z</time>
        <speed>1.411</speed>
      </trkpt>
      <trkpt lat="50.6262227" lon="-2.4418172">
        <ele>2</ele>
        <time>2024-01-08T12:27:14.000Z</time>
        <speed>1.414</speed>
      </trkpt>
      <trkpt lat="50.6262737" lon="-2.4417507">
        <ele>2</ele>
        <time>2024-01-08T12:27:19.000Z</time>
        <speed>1.425</speed>
      </trkpt>
      <trkpt lat="50.6263212" lon="-2.4416849">
        <ele>2</ele>
        <time>2024-01-08T12:27:24.000Z</time>
        <speed>1.433</speed>
      </trkpt>
      <trkpt lat="50.6263706" lon="-2.4416197">
        <ele>2</ele>
        <time>2024-01-08T12:27:29.000Z</time>
        <speed>1.436</speed>
      </trkpt>
      <trkpt lat="50.6264186" lon="-2.4415599">
        <ele>2</ele>
        <time>2024-01-08T12:27:34.000Z</time>
        <speed>1.417</speed>
      </trkpt>
      <trkpt lat="50.6264678" lon="-2.4414959">
        <ele>2</ele>
        <time>2024-01-08T12:27:39.000Z</time>
        <speed>1.408</speed>
      </trkpt>
      <trkpt lat="50.6265195" lon="-2.4414306">
        <ele>2</ele>
        <time>2024-01-08T12:27:44.000Z</time>
        <speed>1.414</speed>
      </trkpt>
      <trkpt lat="50.6265722" lon="-2.4413755">
        <ele>2</ele>
        <time>2024-01-08T12:27:49.000Z</time>
        <speed>1.433</speed>
      </trkpt>
      <trkpt lat="50.6266225" lon="-2.4413190">
        <ele>2</ele>
        <time>2024-01-08T12:27:54.000Z</time>
        <speed>1.417</speed>
      </trkpt>
      <trkpt lat="50.6266731" lon="-2.4412584">
        <ele>2</ele>
        <time>2024-01-08T12:27:59.000Z</time>
        <speed>1.425</speed>
      </trkpt>
      <trkpt lat="50.6267237" lon="-2.4411934">
        <ele>2</ele>
        <time>2024-01-08T12:28:04.000Z</time>
        <speed>1.428</speed>
      </trkpt>
      <trkpt lat="50.6267715" lon="-2.4411218">
        <ele>2</ele>
        <time>2024-01-08T12:28:09.000Z</time>
        <speed>1.431</speed>
      </trkpt>
      <trkpt lat="50.6268159" lon="-2.4410462">
        <ele>2</ele>
        <time>2024-01-08T12:28:14.000Z</time>
        <speed>1.439</speed>
      </trkpt>
      <trkpt lat="50.6268656" lon="-2.4409802">
        <ele>2</ele>
        <time>2024-01-08T12:28:19.000Z</time>
        <speed>1.425</speed>
      </trkpt>
      <trkpt lat="50.6269129" lon="-2.4409226">
        <ele>2</ele>
        <time>2024-01-08T12:28:24.000Z</time>
        <speed>1.406</speed>
      </trkpt>
      <trkpt lat="50.6269588" lon="-2.4408594">
        <ele>2</ele>
        <time>2024-01-08T12:28:29.000Z</time>
        <speed>1.378</speed>
      </trkpt>
      <trkpt lat="50.6270060" lon="-2.4407890">
        <ele>2</ele>
        <time>2024-01-08T12:28:34.000Z</time>
        <speed>1.375</speed>
      </trkpt>
      <trkpt lat="50.6270550" lon="-2.4407277">
        <ele>1</ele>
        <time>2024-01-08T12:28:39.000Z</time>
        <speed>1.375</speed>
      </trkpt>
      <trkpt lat="50.6271037" lon="-2.4406652">
        <ele>1</ele>
        <time>2024-01-08T12:28:44.000Z</time>
        <speed>1.383</speed>
      </trkpt>
      <trkpt lat="50.6271504" lon="-2.4406033">
        <ele>1</ele>
        <time>2024-01-08T12:28:49.000Z</time>
        <speed>1.394</speed>
      </trkpt>
      <trkpt lat="50.6271957" lon="-2.4405418">
        <ele>1</ele>
        <time>2024-01-08T12:28:54.000Z</time>
        <speed>1.375</speed>
      </trkpt>
      <trkpt lat="50.6272415" lon="-2.4404807">
        <ele>2</ele>
        <time>2024-01-08T12:28:59.000Z</time>
        <speed>1.342</speed>
      </trkpt>
      <trkpt lat="50.6272890" lon="-2.4404205">
        <ele>2</ele>
        <time>2024-01-08T12:29:04.000Z</time>
        <speed>1.350</speed>
      </trkpt>
      <trkpt lat="50.6273398" lon="-2.4403554">
        <ele>2</ele>
        <time>2024-01-08T12:29:09.000Z</time>
        <speed>1.353</speed>
      </trkpt>
      <trkpt lat="50.6273879" lon="-2.4402904">
        <ele>2</ele>
        <time>2024-01-08T12:29:14.000Z</time>
        <speed>1.372</speed>
      </trkpt>
      <trkpt lat="50.6274364" lon="-2.4402242">
        <ele>2</ele>
        <time>2024-01-08T12:29:19.000Z</time>
        <speed>1.439</speed>
      </trkpt>
      <trkpt lat="50.6274877" lon="-2.4401594">
        <ele>2</ele>
        <time>2024-01-08T12:29:24.000Z</time>
        <speed>1.486</speed>
      </trkpt>
      <trkpt lat="50.6275402" lon="-2.4401003">
        <ele>2</ele>
        <time>2024-01-08T12:29:29.000Z</time>
        <speed>1.447</speed>
      </trkpt>
      <trkpt lat="50.6275957" lon="-2.4400500">
        <ele>2</ele>
        <time>2024-01-08T12:29:34.000Z</time>
        <speed>1.406</speed>
      </trkpt>
      <trkpt lat="50.6276482" lon="-2.4399945">
        <ele>2</ele>
        <time>2024-01-08T12:29:39.000Z</time>
        <speed>1.419</speed>
      </trkpt>
      <trkpt lat="50.6276987" lon="-2.4399292">
        <ele>2</ele>
        <time>2024-01-08T12:29:44.000Z</time>
        <speed>1.419</speed>
      </trkpt>
      <trkpt lat="50.6277472" lon="-2.4398553">
        <ele>2</ele>
        <time>2024-01-08T12:29:49.000Z</time>
        <speed>1.417</speed>
      </trkpt>
      <trkpt lat="50.6277930" lon="-2.4397844">
        <ele>2</ele>
        <time>2024-01-08T12:29:54.000Z</time>
        <speed>1.428</speed>
      </trkpt>
      <trkpt lat="50.6278379" lon="-2.4397177">
        <ele>2</ele>
        <time>2024-01-08T12:29:59.000Z</time>
        <speed>1.442</speed>
      </trkpt>
      <trkpt lat="50.6278849" lon="-2.4396519">
        <ele>2</ele>
        <time>2024-01-08T12:30:04.000Z</time>
        <speed>1.433</speed>
      </trkpt>
      <trkpt lat="50.6279350" lon="-2.4395865">
        <ele>2</ele>
        <time>2024-01-08T12:30:09.000Z</time>
        <speed>1.433</speed>
      </trkpt>
      <trkpt lat="50.6279850" lon="-2.4395205">
        <ele>2</ele>
        <time>2024-01-08T12:30:14.000Z</time>
        <speed>1.436</speed>
      </trkpt>
      <trkpt lat="50.6280319" lon="-2.4394543">
        <ele>2</ele>
        <time>2024-01-08T12:30:19.000Z</time>
        <speed>1.419</speed>
      </trkpt>
      <trkpt lat="50.6280775" lon="-2.4393896">
        <ele>1</ele>
        <time>2024-01-08T12:30:24.000Z</time>
        <speed>1.417</speed>
      </trkpt>
      <trkpt lat="50.6281272" lon="-2.4393269">
        <ele>1</ele>
        <time>2024-01-08T12:30:29.000Z</time>
        <speed>1.411</speed>
      </trkpt>
      <trkpt lat="50.6281777" lon="-2.4392666">
        <ele>1</ele>
        <time>2024-01-08T12:30:34.000Z</time>
        <speed>1.397</speed>
      </trkpt>
      <trkpt lat="50.6282259" lon="-2.4392011">
        <ele>2</ele>
        <time>2024-01-08T12:30:39.000Z</time>
        <speed>1.397</speed>
      </trkpt>
      <trkpt lat="50.6282719" lon="-2.4391359">
        <ele>2</ele>
        <time>2024-01-08T12:30:44.000Z</time>
        <speed>1.408</speed>
      </trkpt>
      <trkpt lat="50.6283202" lon="-2.4390674">
        <ele>2</ele>
        <time>2024-01-08T12:30:49.000Z</time>
        <speed>1.403</speed>
      </trkpt>
      <trkpt lat="50.6283693" lon="-2.4389992">
        <ele>2</ele>
        <time>2024-01-08T12:30:54.000Z</time>
        <speed>1.411</speed>
      </trkpt>
      <trkpt lat="50.6284194" lon="-2.4389311">
        <ele>1</ele>
        <time>2024-01-08T12:30:59.000Z</time>
        <speed>1.439</speed>
      </trkpt>
      <trkpt lat="50.6284687" lon="-2.4388659">
        <ele>1</ele>
        <time>2024-01-08T12:31:04.000Z</time>
        <speed>1.444</speed>
      </trkpt>
      <trkpt lat="50.6285170" lon="-2.4388020">
        <ele>1</ele>
        <time>2024-01-08T12:31:09.000Z</time>
        <speed>1.433</speed>
      </trkpt>
      <trkpt lat="50.6285657" lon="-2.4387421">
        <ele>1</ele>
        <time>2024-01-08T12:31:14.000Z</time>
        <speed>1.417</speed>
      </trkpt>
      <trkpt lat="50.6286153" lon="-2.4386761">
        <ele>1</ele>
        <time>2024-01-08T12:31:19.000Z</time>
        <speed>1.414</speed>
      </trkpt>
      <trkpt lat="50.6286628" lon="-2.4386066">
        <ele>1</ele>
        <time>2024-01-08T12:31:24.000Z</time>
        <speed>1.419</speed>
      </trkpt>
      <trkpt lat="50.6287082" lon="-2.4385458">
        <ele>1</ele>
        <time>2024-01-08T12:31:29.000Z</time>
        <speed>1.419</speed>
      </trkpt>
      <trkpt lat="50.6287549" lon="-2.4384797">
        <ele>1</ele>
        <time>2024-01-08T12:31:34.000Z</time>
        <speed>1.397</speed>
      </trkpt>
      <trkpt lat="50.6288030" lon="-2.4384119">
        <ele>1</ele>
        <time>2024-01-08T12:31:39.000Z</time>
        <speed>1.408</speed>
      </trkpt>
      <trkpt lat="50.6288493" lon="-2.4383428">
        <ele>1</ele>
        <time>2024-01-08T12:31:44.000Z</time>
        <speed>1.442</speed>
      </trkpt>
      <trkpt lat="50.6288925" lon="-2.4382759">
        <ele>1</ele>
        <time>2024-01-08T12:31:49.000Z</time>
        <speed>1.433</speed>
      </trkpt>
      <trkpt lat="50.6289371" lon="-2.4382094">
        <ele>1</ele>
        <time>2024-01-08T12:31:54.000Z</time>
        <speed>1.394</speed>
      </trkpt>
      <trkpt lat="50.6289863" lon="-2.4381438">
        <ele>2</ele>
        <time>2024-01-08T12:31:59.000Z</time>
        <speed>1.403</speed>
      </trkpt>
      <trkpt lat="50.6290373" lon="-2.4380757">
        <ele>2</ele>
        <time>2024-01-08T12:32:04.000Z</time>
        <speed>1.422</speed>
      </trkpt>
      <trkpt lat="50.6290889" lon="-2.4380096">
        <ele>1</ele>
        <time>2024-01-08T12:32:09.000Z</time>
        <speed>1.431</speed>
      </trkpt>
      <trkpt lat="50.6291405" lon="-2.4379442">
        <ele>1</ele>
        <time>2024-01-08T12:32:14.000Z</time>
        <speed>1.444</speed>
      </trkpt>
      <trkpt lat="50.6291845" lon="-2.4378732">
        <ele>1</ele>
        <time>2024-01-08T12:32:19.000Z</time>
        <speed>1.456</speed>
      </trkpt>
      <trkpt lat="50.6292269" lon="-2.4377948">
        <ele>1</ele>
        <time>2024-01-08T12:32:24.000Z</time>
        <speed>1.469</speed>
      </trkpt>
      <trkpt lat="50.6292720" lon="-2.4377202">
        <ele>1</ele>
        <time>2024-01-08T12:32:29.000Z</time>
        <speed>1.444</speed>
      </trkpt>
      <trkpt lat="50.6293193" lon="-2.4376453">
        <ele>1</ele>
        <time>2024-01-08T12:32:34.000Z</time>
        <speed>1.439</speed>
      </trkpt>
      <trkpt lat="50.6293677" lon="-2.4375688">
        <ele>1</ele>
        <time>2024-01-08T12:32:39.000Z</time>
        <speed>1.467</speed>
      </trkpt>
      <trkpt lat="50.6294125" lon="-2.4374951">
        <ele>1</ele>
        <time>2024-01-08T12:32:44.000Z</time>
        <speed>1.481</speed>
      </trkpt>
      <trkpt lat="50.6294558" lon="-2.4374146">
        <ele>1</ele>
        <time>2024-01-08T12:32:49.000Z</time>
        <speed>1.492</speed>
      </trkpt>
      <trkpt lat="50.6295000" lon="-2.4373397">
        <ele>1</ele>
        <time>2024-01-08T12:32:54.000Z</time>
        <speed>1.475</speed>
      </trkpt>
      <trkpt lat="50.6295440" lon="-2.4372655">
        <ele>1</ele>
        <time>2024-01-08T12:32:59.000Z</time>
        <speed>1.456</speed>
      </trkpt>
      <trkpt lat="50.6295879" lon="-2.4371897">
        <ele>1</ele>
        <time>2024-01-08T12:33:04.000Z</time>
        <speed>1.453</speed>
      </trkpt>
      <trkpt lat="50.6296328" lon="-2.4371168">
        <ele>1</ele>
        <time>2024-01-08T12:33:09.000Z</time>
        <speed>1.453</speed>
      </trkpt>
      <trkpt lat="50.6296808" lon="-2.4370422">
        <ele>1</ele>
        <time>2024-01-08T12:33:14.000Z</time>
        <speed>1.439</speed>
      </trkpt>
      <trkpt lat="50.6297280" lon="-2.4369664">
        <ele>1</ele>
        <time>2024-01-08T12:33:19.000Z</time>
        <speed>1.458</speed>
      </trkpt>
      <trkpt lat="50.6297739" lon="-2.4368918">
        <ele>1</ele>
        <time>2024-01-08T12:33:24.000Z</time>
        <speed>1.478</speed>
      </trkpt>
      <trkpt lat="50.6298193" lon="-2.4368111">
        <ele>1</ele>
        <time>2024-01-08T12:33:29.000Z</time>
        <speed>1.475</speed>
      </trkpt>
      <trkpt lat="50.6298664" lon="-2.4367357">
        <ele>1</ele>
        <time>2024-01-08T12:33:34.000Z</time>
        <speed>1.467</speed>
      </trkpt>
      <trkpt lat="50.6299123" lon="-2.4366614">
        <ele>1</ele>
        <time>2024-01-08T12:33:39.000Z</time>
        <speed>1.467</speed>
      </trkpt>
      <trkpt lat="50.6299589" lon="-2.4365875">
        <ele>1</ele>
        <time>2024-01-08T12:33:44.000Z</time>
        <speed>1.472</speed>
      </trkpt>
      <trkpt lat="50.6300036" lon="-2.4365087">
        <ele>2</ele>
        <time>2024-01-08T12:33:49.000Z</time>
        <speed>1.447</speed>
      </trkpt>
      <trkpt lat="50.6300500" lon="-2.4364246">
        <ele>2</ele>
        <time>2024-01-08T12:33:54.000Z</time>
        <speed>1.483</speed>
      </trkpt>
      <trkpt lat="50.6300973" lon="-2.4363481">
        <ele>2</ele>
        <time>2024-01-08T12:33:59.000Z</time>
        <speed>1.508</speed>
      </trkpt>
      <trkpt lat="50.6301432" lon="-2.4362762">
        <ele>2</ele>
        <time>2024-01-08T12:34:04.000Z</time>
        <speed>1.478</speed>
      </trkpt>
      <trkpt lat="50.6301889" lon="-2.4362029">
        <ele>2</ele>
        <time>2024-01-08T12:34:09.000Z</time>
        <speed>1.453</speed>
      </trkpt>
      <trkpt lat="50.6302333" lon="-2.4361244">
        <ele>2</ele>
        <time>2024-01-08T12:34:14.000Z</time>
        <speed>1.450</speed>
      </trkpt>
      <trkpt lat="50.6302787" lon="-2.4360427">
        <ele>1</ele>
        <time>2024-01-08T12:34:19.000Z</time>
        <speed>1.450</speed>
      </trkpt>
      <trkpt lat="50.6303233" lon="-2.4359685">
        <ele>1</ele>
        <time>2024-01-08T12:34:24.000Z</time>
        <speed>1.428</speed>
      </trkpt>
      <trkpt lat="50.6303674" lon="-2.4358951">
        <ele>2</ele>
        <time>2024-01-08T12:34:29.000Z</time>
        <speed>1.433</speed>
      </trkpt>
      <trkpt lat="50.6304141" lon="-2.4358211">
        <ele>2</ele>
        <time>2024-01-08T12:34:34.000Z</time>
        <speed>1.456</speed>
      </trkpt>
      <trkpt lat="50.6304629" lon="-2.4357425">
        <ele>2</ele>
        <time>2024-01-08T12:34:39.000Z</time>
        <speed>1.458</speed>
      </trkpt>
      <trkpt lat="50.6305077" lon="-2.4356616">
        <ele>1</ele>
        <time>2024-01-08T12:34:44.000Z</time>
        <speed>1.500</speed>
      </trkpt>
      <trkpt lat="50.6305515" lon="-2.4355838">
        <ele>1</ele>
        <time>2024-01-08T12:34:49.000Z</time>
        <speed>1.525</speed>
      </trkpt>
      <trkpt lat="50.6305965" lon="-2.4355071">
        <ele>1</ele>
        <time>2024-01-08T12:34:54.000Z</time>
        <speed>1.500</speed>
      </trkpt>
      <trkpt lat="50.6306441" lon="-2.4354285">
        <ele>1</ele>
        <time>2024-01-08T12:34:59.000Z</time>
        <speed>1.472</speed>
      </trkpt>
      <trkpt lat="50.6306903" lon="-2.4353519">
        <ele>2</ele>
        <time>2024-01-08T12:35:04.000Z</time>
        <speed>1.492</speed>
      </trkpt>
      <trkpt lat="50.6307343" lon="-2.4352777">
        <ele>2</ele>
        <time>2024-01-08T12:35:09.000Z</time>
        <speed>1.519</speed>
      </trkpt>
      <trkpt lat="50.6307827" lon="-2.4352000">
        <ele>2</ele>
        <time>2024-01-08T12:35:14.000Z</time>
        <speed>1.517</speed>
      </trkpt>
      <trkpt lat="50.6308293" lon="-2.4351227">
        <ele>2</ele>
        <time>2024-01-08T12:35:19.000Z</time>
        <speed>1.481</speed>
      </trkpt>
      <trkpt lat="50.6308717" lon="-2.4350459">
        <ele>2</ele>
        <time>2024-01-08T12:35:24.000Z</time>
        <speed>1.492</speed>
      </trkpt>
      <trkpt lat="50.6309143" lon="-2.4349677">
        <ele>2</ele>
        <time>2024-01-08T12:35:29.000Z</time>
        <speed>1.475</speed>
      </trkpt>
      <trkpt lat="50.6309603" lon="-2.4348920">
        <ele>2</ele>
        <time>2024-01-08T12:35:34.000Z</time>
        <speed>1.472</speed>
      </trkpt>
      <trkpt lat="50.6310095" lon="-2.4348184">
        <ele>2</ele>
        <time>2024-01-08T12:35:39.000Z</time>
        <speed>1.475</speed>
      </trkpt>
      <trkpt lat="50.6310586" lon="-2.4347439">
        <ele>2</ele>
        <time>2024-01-08T12:35:44.000Z</time>
        <speed>1.481</speed>
      </trkpt>
      <trkpt lat="50.6311063" lon="-2.4346647">
        <ele>1</ele>
        <time>2024-01-08T12:35:49.000Z</time>
        <speed>1.511</speed>
      </trkpt>
      <trkpt lat="50.6311490" lon="-2.4345878">
        <ele>1</ele>
        <time>2024-01-08T12:35:54.000Z</time>
        <speed>1.500</speed>
      </trkpt>
      <trkpt lat="50.6311899" lon="-2.4345124">
        <ele>2</ele>
        <time>2024-01-08T12:35:59.000Z</time>
        <speed>1.461</speed>
      </trkpt>
      <trkpt lat="50.6312322" lon="-2.4344382">
        <ele>2</ele>
        <time>2024-01-08T12:36:04.000Z</time>
        <speed>1.433</speed>
      </trkpt>
      <trkpt lat="50.6312764" lon="-2.4343654">
        <ele>2</ele>
        <time>2024-01-08T12:36:09.000Z</time>
        <speed>1.425</speed>
      </trkpt>
      <trkpt lat="50.6313214" lon="-2.4342930">
        <ele>1</ele>
        <time>2024-01-08T12:36:14.000Z</time>
        <speed>1.431</speed>
      </trkpt>
      <trkpt lat="50.6313625" lon="-2.4342155">
        <ele>1</ele>
        <time>2024-01-08T12:36:19.000Z</time>
        <speed>1.431</speed>
      </trkpt>
      <trkpt lat="50.6314052" lon="-2.4341367">
        <ele>1</ele>
        <time>2024-01-08T12:36:24.000Z</time>
        <speed>1.433</speed>
      </trkpt>
      <trkpt lat="50.6314487" lon="-2.4340629">
        <ele>1</ele>
        <time>2024-01-08T12:36:29.000Z</time>
        <speed>1.450</speed>
      </trkpt>
      <trkpt lat="50.6314906" lon="-2.4339899">
        <ele>2</ele>
        <time>2024-01-08T12:36:34.000Z</time>
        <speed>1.447</speed>
      </trkpt>
      <trkpt lat="50.6315354" lon="-2.4339195">
        <ele>2</ele>
        <time>2024-01-08T12:36:39.000Z</time>
        <speed>1.411</speed>
      </trkpt>
      <trkpt lat="50.6315805" lon="-2.4338403">
        <ele>2</ele>
        <time>2024-01-08T12:36:44.000Z</time>
        <speed>1.414</speed>
      </trkpt>
      <trkpt lat="50.6316213" lon="-2.4337635">
        <ele>2</ele>
        <time>2024-01-08T12:36:49.000Z</time>
        <speed>1.453</speed>
      </trkpt>
      <trkpt lat="50.6316611" lon="-2.4336821">
        <ele>1</ele>
        <time>2024-01-08T12:36:54.000Z</time>
        <speed>1.469</speed>
      </trkpt>
      <trkpt lat="50.6317054" lon="-2.4336058">
        <ele>1</ele>
        <time>2024-01-08T12:36:59.000Z</time>
        <speed>1.458</speed>
      </trkpt>
      <trkpt lat="50.6317484" lon="-2.4335314">
        <ele>1</ele>
        <time>2024-01-08T12:37:04.000Z</time>
        <speed>1.439</speed>
      </trkpt>
      <trkpt lat="50.6317908" lon="-2.4334566">
        <ele>1</ele>
        <time>2024-01-08T12:37:09.000Z</time>
        <speed>1.439</speed>
      </trkpt>
      <trkpt lat="50.6318284" lon="-2.4333840">
        <ele>1</ele>
        <time>2024-01-08T12:37:14.000Z</time>
        <speed>1.442</speed>
      </trkpt>
      <trkpt lat="50.6318729" lon="-2.4333137">
        <ele>1</ele>
        <time>2024-01-08T12:37:19.000Z</time>
        <speed>1.392</speed>
      </trkpt>
      <trkpt lat="50.6319229" lon="-2.4332409">
        <ele>2</ele>
        <time>2024-01-08T12:37:24.000Z</time>
        <speed>1.389</speed>
      </trkpt>
      <trkpt lat="50.6319672" lon="-2.4331648">
        <ele>2</ele>
        <time>2024-01-08T12:37:29.000Z</time>
        <speed>1.444</speed>
      </trkpt>
      <trkpt lat="50.6320096" lon="-2.4330897">
        <ele>2</ele>
        <time>2024-01-08T12:37:34.000Z</time>
        <speed>1.450</speed>
      </trkpt>
      <trkpt lat="50.6320509" lon="-2.4330126">
        <ele>2</ele>
        <time>2024-01-08T12:37:39.000Z</time>
        <speed>1.444</speed>
      </trkpt>
      <trkpt lat="50.6320958" lon="-2.4329360">
        <ele>2</ele>
        <time>2024-01-08T12:37:44.000Z</time>
        <speed>1.456</speed>
      </trkpt>
      <trkpt lat="50.6321382" lon="-2.4328544">
        <ele>2</ele>
        <time>2024-01-08T12:37:49.000Z</time>
        <speed>1.469</speed>
      </trkpt>
      <trkpt lat="50.6321813" lon="-2.4327767">
        <ele>2</ele>
        <time>2024-01-08T12:37:54.000Z</time>
        <speed>1.483</speed>
      </trkpt>
      <trkpt lat="50.6322278" lon="-2.4327073">
        <ele>2</ele>
        <time>2024-01-08T12:37:59.000Z</time>
        <speed>1.481</speed>
      </trkpt>
      <trkpt lat="50.6322723" lon="-2.4326355">
        <ele>2</ele>
        <time>2024-01-08T12:38:04.000Z</time>
        <speed>1.475</speed>
      </trkpt>
      <trkpt lat="50.6323183" lon="-2.4325626">
        <ele>2</ele>
        <time>2024-01-08T12:38:09.000Z</time>
        <speed>1.456</speed>
      </trkpt>
      <trkpt lat="50.6323637" lon="-2.4324859">
        <ele>2</ele>
        <time>2024-01-08T12:38:14.000Z</time>
        <speed>1.442</speed>
      </trkpt>
      <trkpt lat="50.6324052" lon="-2.4324027">
        <ele>2</ele>
        <time>2024-01-08T12:38:19.000Z</time>
        <speed>1.475</speed>
      </trkpt>
      <trkpt lat="50.6324489" lon="-2.4323283">
        <ele>2</ele>
        <time>2024-01-08T12:38:24.000Z</time>
        <speed>1.492</speed>
      </trkpt>
      <trkpt lat="50.6324903" lon="-2.4322577">
        <ele>2</ele>
        <time>2024-01-08T12:38:29.000Z</time>
        <speed>1.481</speed>
      </trkpt>
      <trkpt lat="50.6325309" lon="-2.4321867">
        <ele>2</ele>
        <time>2024-01-08T12:38:34.000Z</time>
        <speed>1.428</speed>
      </trkpt>
      <trkpt lat="50.6325689" lon="-2.4321096">
        <ele>2</ele>
        <time>2024-01-08T12:38:39.000Z</time>
        <speed>1.381</speed>
      </trkpt>
      <trkpt lat="50.6326098" lon="-2.4320326">
        <ele>2</ele>
        <time>2024-01-08T12:38:44.000Z</time>
        <speed>1.356</speed>
      </trkpt>
      <trkpt lat="50.6326533" lon="-2.4319569">
        <ele>2</ele>
        <time>2024-01-08T12:38:49.000Z</time>
        <speed>1.397</speed>
      </trkpt>
      <trkpt lat="50.6326958" lon="-2.4318800">
        <ele>2</ele>
        <time>2024-01-08T12:38:54.000Z</time>
        <speed>1.433</speed>
      </trkpt>
      <trkpt lat="50.6327369" lon="-2.4318054">
        <ele>2</ele>
        <time>2024-01-08T12:38:59.000Z</time>
        <speed>1.433</speed>
      </trkpt>
      <trkpt lat="50.6327818" lon="-2.4317326">
        <ele>2</ele>
        <time>2024-01-08T12:39:04.000Z</time>
        <speed>1.406</speed>
      </trkpt>
      <trkpt lat="50.6328289" lon="-2.4316631">
        <ele>2</ele>
        <time>2024-01-08T12:39:09.000Z</time>
        <speed>1.369</speed>
      </trkpt>
      <trkpt lat="50.6328693" lon="-2.4315846">
        <ele>2</ele>
        <time>2024-01-08T12:39:14.000Z</time>
        <speed>1.372</speed>
      </trkpt>
      <trkpt lat="50.6329115" lon="-2.4315134">
        <ele>2</ele>
        <time>2024-01-08T12:39:19.000Z</time>
        <speed>1.408</speed>
      </trkpt>
      <trkpt lat="50.6329519" lon="-2.4314509">
        <ele>2</ele>
        <time>2024-01-08T12:39:24.000Z</time>
        <speed>1.392</speed>
      </trkpt>
      <trkpt lat="50.6329923" lon="-2.4313835">
        <ele>1</ele>
        <time>2024-01-08T12:39:29.000Z</time>
        <speed>1.364</speed>
      </trkpt>
      <trkpt lat="50.6330330" lon="-2.4313092">
        <ele>1</ele>
        <time>2024-01-08T12:39:34.000Z</time>
        <speed>1.386</speed>
      </trkpt>
      <trkpt lat="50.6330763" lon="-2.4312424">
        <ele>1</ele>
        <time>2024-01-08T12:39:39.000Z</time>
        <speed>1.397</speed>
      </trkpt>
      <trkpt lat="50.6331232" lon="-2.4311890">
        <ele>1</ele>
        <time>2024-01-08T12:39:44.000Z</time>
        <speed>1.394</speed>
      </trkpt>
      <trkpt lat="50.6331565" lon="-2.4311514">
        <ele>1</ele>
        <time>2024-01-08T12:39:49.000Z</time>
        <speed>1.372</speed>
      </trkpt>
      <trkpt lat="50.6332029" lon="-2.4311255">
        <ele>1</ele>
        <time>2024-01-08T12:39:54.000Z</time>
        <speed>1.361</speed>
      </trkpt>
      <trkpt lat="50.6332611" lon="-2.4311139">
        <ele>1</ele>
        <time>2024-01-08T12:39:59.000Z</time>
        <speed>1.356</speed>
      </trkpt>
      <trkpt lat="50.6333203" lon="-2.4311202">
        <ele>0</ele>
        <time>2024-01-08T12:40:04.000Z</time>
        <speed>1.317</speed>
      </trkpt>
      <trkpt lat="50.6333805" lon="-2.4311246">
        <ele>0</ele>
        <time>2024-01-08T12:40:09.000Z</time>
        <speed>1.331</speed>
      </trkpt>
      <trkpt lat="50.6334189" lon="-2.4310953">
        <ele>1</ele>
        <time>2024-01-08T12:40:14.000Z</time>
        <speed>1.314</speed>
      </trkpt>
      <trkpt lat="50.6334964" lon="-2.4311299">
        <ele>0</ele>
        <time>2024-01-08T12:42:27.000Z</time>
        <speed>0.000</speed>
      </trkpt>
      <trkpt lat="50.6334850" lon="-2.4311270">
        <ele>0</ele>
        <time>2024-01-08T12:42:32.000Z</time>
        <speed>0.000</speed>
      </trkpt>
      <trkpt lat="50.6334231" lon="-2.4311361">
        <ele>0</ele>
        <time>2024-01-08T12:42:37.000Z</time>
        <speed>0.583</speed>
      </trkpt>
      <trkpt lat="50.6333432" lon="-2.4311212">
        <ele>0</ele>
        <time>2024-01-08T12:42:42.000Z</time>
        <speed>1.292</speed>
      </trkpt>
      <trkpt lat="50.6332817" lon="-2.4310835">
        <ele>0</ele>
        <time>2024-01-08T12:42:47.000Z</time>
        <speed>1.192</speed>
      </trkpt>
      <trkpt lat="50.6332233" lon="-2.4310543">
        <ele>0</ele>
        <time>2024-01-08T12:42:52.000Z</time>
        <speed>1.206</speed>
      </trkpt>
      <trkpt lat="50.6331749" lon="-2.4310406">
        <ele>0</ele>
        <time>2024-01-08T12:42:57.000Z</time>
        <speed>1.139</speed>
      </trkpt>
      <trkpt lat="50.6331395" lon="-2.4310249">
        <ele>0</ele>
        <time>2024-01-08T12:43:19.000Z</time>
        <speed>0.000</speed>
      </trkpt>
      <trkpt lat="50.6331858" lon="-2.4310272">
        <ele>0</ele>
        <time>2024-01-08T12:43:24.000Z</time>
        <speed>1.214</speed>
      </trkpt>
      <trkpt lat="50.6332459" lon="-2.4309963">
        <ele>0</ele>
        <time>2024-01-08T12:43:29.000Z</time>
        <speed>1.211</speed>
      </trkpt>
      <trkpt lat="50.6333053" lon="-2.4309538">
        <ele>0</ele>
        <time>2024-01-08T12:43:34.000Z</time>
        <speed>1.261</speed>
      </trkpt>
      <trkpt lat="50.6333633" lon="-2.4309125">
        <ele>0</ele>
        <time>2024-01-08T12:43:39.000Z</time>
        <speed>1.283</speed>
      </trkpt>
      <trkpt lat="50.6334186" lon="-2.4308764">
        <ele>1</ele>
        <time>2024-01-08T12:43:44.000Z</time>
        <speed>1.297</speed>
      </trkpt>
      <trkpt lat="50.6334776" lon="-2.4308488">
        <ele>1</ele>
        <time>2024-01-08T12:43:49.000Z</time>
        <speed>1.272</speed>
      </trkpt>
      <trkpt lat="50.6335367" lon="-2.4308160">
        <ele>1</ele>
        <time>2024-01-08T12:43:54.000Z</time>
        <speed>1.264</speed>
      </trkpt>
      <trkpt lat="50.6335921" lon="-2.4307901">
        <ele>2</ele>
        <time>2024-01-08T12:43:59.000Z</time>
        <speed>1.228</speed>
      </trkpt>
      <trkpt lat="50.6336476" lon="-2.4307604">
        <ele>3</ele>
        <time>2024-01-08T12:44:04.000Z</time>
        <speed>1.169</speed>
      </trkpt>
      <trkpt lat="50.6337041" lon="-2.4307200">
        <ele>3</ele>
        <time>2024-01-08T12:44:09.000Z</time>
        <speed>1.156</speed>
      </trkpt>
      <trkpt lat="50.6337592" lon="-2.4306937">
        <ele>3</ele>
        <time>2024-01-08T12:44:14.000Z</time>
        <speed>1.161</speed>
      </trkpt>
      <trkpt lat="50.6338128" lon="-2.4306629">
        <ele>4</ele>
        <time>2024-01-08T12:44:19.000Z</time>
        <speed>1.200</speed>
      </trkpt>
      <trkpt lat="50.6338658" lon="-2.4306257">
        <ele>4</ele>
        <time>2024-01-08T12:44:24.000Z</time>
        <speed>1.258</speed>
      </trkpt>
      <trkpt lat="50.6339194" lon="-2.4305910">
        <ele>5</ele>
        <time>2024-01-08T12:44:29.000Z</time>
        <speed>1.308</speed>
      </trkpt>
      <trkpt lat="50.6339757" lon="-2.4305618">
        <ele>6</ele>
        <time>2024-01-08T12:44:34.000Z</time>
        <speed>1.319</speed>
      </trkpt>
      <trkpt lat="50.6340255" lon="-2.4305306">
        <ele>6</ele>
        <time>2024-01-08T12:44:39.000Z</time>
        <speed>1.308</speed>
      </trkpt>
      <trkpt lat="50.6340751" lon="-2.4305009">
        <ele>7</ele>
        <time>2024-01-08T12:44:44.000Z</time>
        <speed>1.269</speed>
      </trkpt>
      <trkpt lat="50.6341250" lon="-2.4304775">
        <ele>8</ele>
        <time>2024-01-08T12:44:49.000Z</time>
        <speed>1.253</speed>
      </trkpt>
      <trkpt lat="50.6341809" lon="-2.4304482">
        <ele>8</ele>
        <time>2024-01-08T12:44:54.000Z</time>
        <speed>1.283</speed>
      </trkpt>
      <trkpt lat="50.6342405" lon="-2.4304211">
        <ele>9</ele>
        <time>2024-01-08T12:44:59.000Z</time>
        <speed>1.331</speed>
      </trkpt>
      <trkpt lat="50.6342994" lon="-2.4304044">
        <ele>9</ele>
        <time>2024-01-08T12:45:04.000Z</time>
        <speed>1.342</speed>
      </trkpt>
      <trkpt lat="50.6343595" lon="-2.4303786">
        <ele>10</ele>
        <time>2024-01-08T12:45:09.000Z</time>
        <speed>1.300</speed>
      </trkpt>
      <trkpt lat="50.6344189" lon="-2.4303394">
        <ele>10</ele>
        <time>2024-01-08T12:45:14.000Z</time>
        <speed>1.278</speed>
      </trkpt>
      <trkpt lat="50.6344796" lon="-2.4302971">
        <ele>11</ele>
        <time>2024-01-08T12:45:19.000Z</time>
        <speed>1.236</speed>
      </trkpt>
      <trkpt lat="50.6345398" lon="-2.4302669">
        <ele>12</ele>
        <time>2024-01-08T12:45:24.000Z</time>
        <speed>1.239</speed>
      </trkpt>
      <trkpt lat="50.6345968" lon="-2.4302454">
        <ele>12</ele>
        <time>2024-01-08T12:45:29.000Z</time>
        <speed>1.267</speed>
      </trkpt>
      <trkpt lat="50.6346497" lon="-2.4302177">
        <ele>12</ele>
        <time>2024-01-08T12:45:34.000Z</time>
        <speed>1.292</speed>
      </trkpt>
      <trkpt lat="50.6347053" lon="-2.4301888">
        <ele>13</ele>
        <time>2024-01-08T12:45:39.000Z</time>
        <speed>1.283</speed>
      </trkpt>
      <trkpt lat="50.6347624" lon="-2.4301599">
        <ele>13</ele>
        <time>2024-01-08T12:45:44.000Z</time>
        <speed>1.286</speed>
      </trkpt>
      <trkpt lat="50.6348189" lon="-2.4301367">
        <ele>14</ele>
        <time>2024-01-08T12:45:49.000Z</time>
        <speed>1.297</speed>
      </trkpt>
      <trkpt lat="50.6348766" lon="-2.4301007">
        <ele>14</ele>
        <time>2024-01-08T12:45:54.000Z</time>
        <speed>1.339</speed>
      </trkpt>
      <trkpt lat="50.6349335" lon="-2.4300638">
        <ele>15</ele>
        <time>2024-01-08T12:45:59.000Z</time>
        <speed>1.378</speed>
      </trkpt>
      <trkpt lat="50.6349867" lon="-2.4300247">
        <ele>15</ele>
        <time>2024-01-08T12:46:04.000Z</time>
        <speed>1.339</speed>
      </trkpt>
      <trkpt lat="50.6350411" lon="-2.4300017">
        <ele>16</ele>
        <time>2024-01-08T12:46:09.000Z</time>
        <speed>1.272</speed>
      </trkpt>
      <trkpt lat="50.6350985" lon="-2.4299790">
        <ele>16</ele>
        <time>2024-01-08T12:46:14.000Z</time>
        <speed>1.258</speed>
      </trkpt>
      <trkpt lat="50.6351541" lon="-2.4299526">
        <ele>17</ele>
        <time>2024-01-08T12:46:19.000Z</time>
        <speed>1.269</speed>
      </trkpt>
      <trkpt lat="50.6352091" lon="-2.4299183">
        <ele>17</ele>
        <time>2024-01-08T12:46:24.000Z</time>
        <speed>1.278</speed>
      </trkpt>
      <trkpt lat="50.6352619" lon="-2.4298864">
        <ele>18</ele>
        <time>2024-01-08T12:46:29.000Z</time>
        <speed>1.289</speed>
      </trkpt>
      <trkpt lat="50.6353156" lon="-2.4298686">
        <ele>19</ele>
        <time>2024-01-08T12:46:34.000Z</time>
        <speed>1.272</speed>
      </trkpt>
      <trkpt lat="50.6353707" lon="-2.4298444">
        <ele>20</ele>
        <time>2024-01-08T12:46:39.000Z</time>
        <speed>1.267</speed>
      </trkpt>
      <trkpt lat="50.6354234" lon="-2.4298121">
        <ele>20</ele>
        <time>2024-01-08T12:46:44.000Z</time>
        <speed>1.281</speed>
      </trkpt>
      <trkpt lat="50.6354773" lon="-2.4297829">
        <ele>21</ele>
        <time>2024-01-08T12:46:49.000Z</time>
        <speed>1.292</speed>
      </trkpt>
      <trkpt lat="50.6355264" lon="-2.4297523">
        <ele>22</ele>
        <time>2024-01-08T12:46:54.000Z</time>
        <speed>1.278</speed>
      </trkpt>
      <trkpt lat="50.6355431" lon="-2.4297037">
        <ele>23</ele>
        <time>2024-01-08T12:46:59.000Z</time>
        <speed>1.225</speed>
      </trkpt>
      <trkpt lat="50.6355467" lon="-2.4296402">
        <ele>24</ele>
        <time>2024-01-08T12:47:04.000Z</time>
        <speed>1.217</speed>
      </trkpt>
      <trkpt lat="50.6355476" lon="-2.4295931">
        <ele>25</ele>
        <time>2024-01-08T12:47:09.000Z</time>
        <speed>1.203</speed>
      </trkpt>
      <trkpt lat="50.6355235" lon="-2.4295446">
        <ele>25</ele>
        <time>2024-01-08T12:47:14.000Z</time>
        <speed>1.125</speed>
      </trkpt>
      <trkpt lat="50.6355034" lon="-2.4294778">
        <ele>25</ele>
        <time>2024-01-08T12:47:19.000Z</time>
        <speed>1.072</speed>
      </trkpt>
      <trkpt lat="50.6355065" lon="-2.4294045">
        <ele>25</ele>
        <time>2024-01-08T12:47:24.000Z</time>
        <speed>1.056</speed>
      </trkpt>
      <trkpt lat="50.6355112" lon="-2.4293389">
        <ele>26</ele>
        <time>2024-01-08T12:47:29.000Z</time>
        <speed>1.053</speed>
      </trkpt>
      <trkpt lat="50.6355158" lon="-2.4292760">
        <ele>27</ele>
        <time>2024-01-08T12:47:34.000Z</time>
        <speed>0.994</speed>
      </trkpt>
      <trkpt lat="50.6355200" lon="-2.4292087">
        <ele>28</ele>
        <time>2024-01-08T12:47:39.000Z</time>
        <speed>0.975</speed>
      </trkpt>
      <trkpt lat="50.6355203" lon="-2.4291345">
        <ele>28</ele>
        <time>2024-01-08T12:47:44.000Z</time>
        <speed>0.992</speed>
      </trkpt>
      <trkpt lat="50.6355143" lon="-2.4290593">
        <ele>29</ele>
        <time>2024-01-08T12:47:49.000Z</time>
        <speed>1.036</speed>
      </trkpt>
      <trkpt lat="50.6355062" lon="-2.4289786">
        <ele>30</ele>
        <time>2024-01-08T12:47:54.000Z</time>
        <speed>1.103</speed>
      </trkpt>
      <trkpt lat="50.6355039" lon="-2.4289011">
        <ele>31</ele>
        <time>2024-01-08T12:47:59.000Z</time>
        <speed>1.131</speed>
      </trkpt>
      <trkpt lat="50.6355008" lon="-2.4288263">
        <ele>32</ele>
        <time>2024-01-08T12:48:04.000Z</time>
        <speed>1.128</speed>
      </trkpt>
      <trkpt lat="50.6354997" lon="-2.4287568">
        <ele>34</ele>
        <time>2024-01-08T12:48:09.000Z</time>
        <speed>1.119</speed>
      </trkpt>
      <trkpt lat="50.6355078" lon="-2.4286867">
        <ele>35</ele>
        <time>2024-01-08T12:48:14.000Z</time>
        <speed>1.122</speed>
      </trkpt>
      <trkpt lat="50.6355311" lon="-2.4286194">
        <ele>35</ele>
        <time>2024-01-08T12:48:19.000Z</time>
        <speed>1.106</speed>
      </trkpt>
      <trkpt lat="50.6355585" lon="-2.4285444">
        <ele>36</ele>
        <time>2024-01-08T12:48:24.000Z</time>
        <speed>1.103</speed>
      </trkpt>
      <trkpt lat="50.6355855" lon="-2.4284685">
        <ele>37</ele>
        <time>2024-01-08T12:48:29.000Z</time>
        <speed>1.117</speed>
      </trkpt>
      <trkpt lat="50.6356056" lon="-2.4283891">
        <ele>38</ele>
        <time>2024-01-08T12:48:34.000Z</time>
        <speed>1.153</speed>
      </trkpt>
      <trkpt lat="50.6356207" lon="-2.4283321">
        <ele>41</ele>
        <time>2024-01-08T12:48:51.000Z</time>
        <speed>0.000</speed>
      </trkpt>
      <trkpt lat="50.6356402" lon="-2.4282384">
        <ele>40</ele>
        <time>2024-01-08T12:48:56.000Z</time>
        <speed>1.183</speed>
      </trkpt>
      <trkpt lat="50.6356551" lon="-2.4281437">
        <ele>39</ele>
        <time>2024-01-08T12:49:01.000Z</time>
        <speed>1.189</speed>
      </trkpt>
      <trkpt lat="50.6356730" lon="-2.4280613">
        <ele>39</ele>
        <time>2024-01-08T12:49:06.000Z</time>
        <speed>1.186</speed>
      </trkpt>
      <trkpt lat="50.6356798" lon="-2.4279795">
        <ele>39</ele>
        <time>2024-01-08T12:49:11.000Z</time>
        <speed>1.175</speed>
      </trkpt>
      <trkpt lat="50.6356911" lon="-2.4278948">
        <ele>40</ele>
        <time>2024-01-08T12:49:16.000Z</time>
        <speed>1.136</speed>
      </trkpt>
      <trkpt lat="50.6357130" lon="-2.4278045">
        <ele>40</ele>
        <time>2024-01-08T12:49:21.000Z</time>
        <speed>1.158</speed>
      </trkpt>
      <trkpt lat="50.6357446" lon="-2.4277250">
        <ele>40</ele>
        <time>2024-01-08T12:49:26.000Z</time>
        <speed>1.181</speed>
      </trkpt>
      <trkpt lat="50.6357789" lon="-2.4276512">
        <ele>40</ele>
        <time>2024-01-08T12:49:31.000Z</time>
        <speed>1.214</speed>
      </trkpt>
      <trkpt lat="50.6358147" lon="-2.4275793">
        <ele>41</ele>
        <time>2024-01-08T12:49:36.000Z</time>
        <speed>1.225</speed>
      </trkpt>
      <trkpt lat="50.6358500" lon="-2.4275073">
        <ele>41</ele>
        <time>2024-01-08T12:49:41.000Z</time>
        <speed>1.208</speed>
      </trkpt>
      <trkpt lat="50.6358873" lon="-2.4274348">
        <ele>41</ele>
        <time>2024-01-08T12:49:46.000Z</time>
        <speed>1.214</speed>
      </trkpt>
      <trkpt lat="50.6359264" lon="-2.4273606">
        <ele>41</ele>
        <time>2024-01-08T12:49:51.000Z</time>
        <speed>1.228</speed>
      </trkpt>
      <trkpt lat="50.6359623" lon="-2.4272816">
        <ele>40</ele>
        <time>2024-01-08T12:49:56.000Z</time>
        <speed>1.267</speed>
      </trkpt>
      <trkpt lat="50.6359966" lon="-2.4272036">
        <ele>40</ele>
        <time>2024-01-08T12:50:01.000Z</time>
        <speed>1.239</speed>
      </trkpt>
      <trkpt lat="50.6360349" lon="-2.4271270">
        <ele>40</ele>
        <time>2024-01-08T12:50:06.000Z</time>
        <speed>1.247</speed>
      </trkpt>
      <trkpt lat="50.6360708" lon="-2.4270455">
        <ele>39</ele>
        <time>2024-01-08T12:50:11.000Z</time>
        <speed>1.269</speed>
      </trkpt>
      <trkpt lat="50.6361026" lon="-2.4269584">
        <ele>39</ele>
        <time>2024-01-08T12:50:16.000Z</time>
        <speed>1.292</speed>
      </trkpt>
      <trkpt lat="50.6361343" lon="-2.4268664">
        <ele>39</ele>
        <time>2024-01-08T12:50:21.000Z</time>
        <speed>1.325</speed>
      </trkpt>
      <trkpt lat="50.6361608" lon="-2.4267774">
        <ele>38</ele>
        <time>2024-01-08T12:50:26.000Z</time>
        <speed>1.347</speed>
      </trkpt>
      <trkpt lat="50.6361872" lon="-2.4266811">
        <ele>38</ele>
        <time>2024-01-08T12:50:31.000Z</time>
        <speed>1.356</speed>
      </trkpt>
      <trkpt lat="50.6362130" lon="-2.4265897">
        <ele>38</ele>
        <time>2024-01-08T12:50:36.000Z</time>
        <speed>1.347</speed>
      </trkpt>
      <trkpt lat="50.6362388" lon="-2.4264979">
        <ele>37</ele>
        <time>2024-01-08T12:50:41.000Z</time>
        <speed>1.333</speed>
      </trkpt>
      <trkpt lat="50.6362651" lon="-2.4264150">
        <ele>37</ele>
        <time>2024-01-08T12:50:46.000Z</time>
        <speed>1.294</speed>
      </trkpt>
      <trkpt lat="50.6362882" lon="-2.4263291">
        <ele>37</ele>
        <time>2024-01-08T12:50:51.000Z</time>
        <speed>1.256</speed>
      </trkpt>
      <trkpt lat="50.6363170" lon="-2.4262394">
        <ele>37</ele>
        <time>2024-01-08T12:50:56.000Z</time>
        <speed>1.231</speed>
      </trkpt>
      <trkpt lat="50.6363443" lon="-2.4261522">
        <ele>36</ele>
        <time>2024-01-08T12:51:01.000Z</time>
        <speed>1.258</speed>
      </trkpt>
      <trkpt lat="50.6363677" lon="-2.4260643">
        <ele>36</ele>
        <time>2024-01-08T12:51:06.000Z</time>
        <speed>1.300</speed>
      </trkpt>
      <trkpt lat="50.6363915" lon="-2.4259695">
        <ele>36</ele>
        <time>2024-01-08T12:51:11.000Z</time>
        <speed>1.319</speed>
      </trkpt>
      <trkpt lat="50.6364098" lon="-2.4258730">
        <ele>35</ele>
        <time>2024-01-08T12:51:16.000Z</time>
        <speed>1.367</speed>
      </trkpt>
      <trkpt lat="50.6364285" lon="-2.4257750">
        <ele>35</ele>
        <time>2024-01-08T12:51:21.000Z</time>
        <speed>1.383</speed>
      </trkpt>
      <trkpt lat="50.6364471" lon="-2.4256743">
        <ele>35</ele>
        <time>2024-01-08T12:51:26.000Z</time>
        <speed>1.389</speed>
      </trkpt>
      <trkpt lat="50.6364655" lon="-2.4255757">
        <ele>35</ele>
        <time>2024-01-08T12:51:31.000Z</time>
        <speed>1.419</speed>
      </trkpt>
      <trkpt lat="50.6364858" lon="-2.4254798">
        <ele>34</ele>
        <time>2024-01-08T12:51:36.000Z</time>
        <speed>1.397</speed>
      </trkpt>
      <trkpt lat="50.6365032" lon="-2.4253904">
        <ele>34</ele>
        <time>2024-01-08T12:51:41.000Z</time>
        <speed>1.367</speed>
      </trkpt>
      <trkpt lat="50.6365223" lon="-2.4253007">
        <ele>34</ele>
        <time>2024-01-08T12:51:46.000Z</time>
        <speed>1.356</speed>
      </trkpt>
      <trkpt lat="50.6365399" lon="-2.4252103">
        <ele>33</ele>
        <time>2024-01-08T12:51:51.000Z</time>
        <speed>1.358</speed>
      </trkpt>
      <trkpt lat="50.6365559" lon="-2.4251154">
        <ele>33</ele>
        <time>2024-01-08T12:51:56.000Z</time>
        <speed>1.369</speed>
      </trkpt>
      <trkpt lat="50.6365655" lon="-2.4250144">
        <ele>33</ele>
        <time>2024-01-08T12:52:01.000Z</time>
        <speed>1.375</speed>
      </trkpt>
      <trkpt lat="50.6365824" lon="-2.4249156">
        <ele>32</ele>
        <time>2024-01-08T12:52:06.000Z</time>
        <speed>1.383</speed>
      </trkpt>
      <trkpt lat="50.6366054" lon="-2.4248201">
        <ele>32</ele>
        <time>2024-01-08T12:52:11.000Z</time>
        <speed>1.406</speed>
      </trkpt>
      <trkpt lat="50.6366344" lon="-2.4247289">
        <ele>31</ele>
        <time>2024-01-08T12:52:16.000Z</time>
        <speed>1.411</speed>
      </trkpt>
      <trkpt lat="50.6366601" lon="-2.4246420">
        <ele>31</ele>
        <time>2024-01-08T12:52:21.000Z</time>
        <speed>1.389</speed>
      </trkpt>
      <trkpt lat="50.6366813" lon="-2.4245476">
        <ele>31</ele>
        <time>2024-01-08T12:52:26.000Z</time>
        <speed>1.403</speed>
      </trkpt>
      <trkpt lat="50.6367005" lon="-2.4244583">
        <ele>31</ele>
        <time>2024-01-08T12:52:31.000Z</time>
        <speed>1.425</speed>
      </trkpt>
      <trkpt lat="50.6367181" lon="-2.4243684">
        <ele>30</ele>
        <time>2024-01-08T12:52:36.000Z</time>
        <speed>1.400</speed>
      </trkpt>
      <trkpt lat="50.6367399" lon="-2.4242769">
        <ele>29</ele>
        <time>2024-01-08T12:52:41.000Z</time>
        <speed>1.386</speed>
      </trkpt>
      <trkpt lat="50.6367586" lon="-2.4241753">
        <ele>29</ele>
        <time>2024-01-08T12:52:46.000Z</time>
        <speed>1.411</speed>
      </trkpt>
      <trkpt lat="50.6367811" lon="-2.4240802">
        <ele>28</ele>
        <time>2024-01-08T12:52:51.000Z</time>
        <speed>1.433</speed>
      </trkpt>
      <trkpt lat="50.6368088" lon="-2.4239921">
        <ele>28</ele>
        <time>2024-01-08T12:52:56.000Z</time>
        <speed>1.422</speed>
      </trkpt>
      <trkpt lat="50.6368397" lon="-2.4239221">
        <ele>28</ele>
        <time>2024-01-08T12:53:01.000Z</time>
        <speed>1.331</speed>
      </trkpt>
      <trkpt lat="50.6368617" lon="-2.4238327">
        <ele>28</ele>
        <time>2024-01-08T12:53:06.000Z</time>
        <speed>1.300</speed>
      </trkpt>
      <trkpt lat="50.6368800" lon="-2.4237299">
        <ele>27</ele>
        <time>2024-01-08T12:53:11.000Z</time>
        <speed>1.364</speed>
      </trkpt>
      <trkpt lat="50.6368960" lon="-2.4236242">
        <ele>26</ele>
        <time>2024-01-08T12:53:16.000Z</time>
        <speed>1.428</speed>
      </trkpt>
      <trkpt lat="50.6369138" lon="-2.4235295">
        <ele>26</ele>
        <time>2024-01-08T12:53:21.000Z</time>
        <speed>1.447</speed>
      </trkpt>
      <trkpt lat="50.6369374" lon="-2.4234349">
        <ele>25</ele>
        <time>2024-01-08T12:53:26.000Z</time>
        <speed>1.447</speed>
      </trkpt>
      <trkpt lat="50.6369635" lon="-2.4233410">
        <ele>24</ele>
        <time>2024-01-08T12:53:31.000Z</time>
        <speed>1.439</speed>
      </trkpt>
      <trkpt lat="50.6369878" lon="-2.4232446">
        <ele>23</ele>
        <time>2024-01-08T12:53:36.000Z</time>
        <speed>1.442</speed>
      </trkpt>
      <trkpt lat="50.6370156" lon="-2.4231479">
        <ele>22</ele>
        <time>2024-01-08T12:53:41.000Z</time>
        <speed>1.447</speed>
      </trkpt>
      <trkpt lat="50.6370484" lon="-2.4230554">
        <ele>22</ele>
        <time>2024-01-08T12:53:46.000Z</time>
        <speed>1.469</speed>
      </trkpt>
      <trkpt lat="50.6370805" lon="-2.4229612">
        <ele>21</ele>
        <time>2024-01-08T12:53:51.000Z</time>
        <speed>1.489</speed>
      </trkpt>
      <trkpt lat="50.6371105" lon="-2.4228714">
        <ele>20</ele>
        <time>2024-01-08T12:53:56.000Z</time>
        <speed>1.456</speed>
      </trkpt>
      <trkpt lat="50.6371415" lon="-2.4227836">
        <ele>19</ele>
        <time>2024-01-08T12:54:01.000Z</time>
        <speed>1.447</speed>
      </trkpt>
      <trkpt lat="50.6371721" lon="-2.4226991">
        <ele>18</ele>
        <time>2024-01-08T12:54:06.000Z</time>
        <speed>1.456</speed>
      </trkpt>
      <trkpt lat="50.6371975" lon="-2.4226175">
        <ele>18</ele>
        <time>2024-01-08T12:54:11.000Z</time>
        <speed>1.408</speed>
      </trkpt>
    </trkseg>
  </trk>
</gpx>
