date,time,lat,lon,ele,sog
2026-09-15,10:06:36.000,50.5242059,-4.9951359,48.8,0.000
2026-09-15,10:06:41.000,50.5241977,-4.9951534,49.4,0.000
2026-09-15,10:06:46.000,50.5242022,-4.9951415,50.0,0.000
2026-09-15,10:06:51.000,50.5242103,-4.9951359,49.6,0.000
2026-09-15,10:06:56.000,50.5242150,-4.9951286,49.8,0.000
2026-09-15,10:07:01.000,50.5242128,-4.9951459,50.0,0.000
2026-09-15,10:07:06.000,50.5242011,-4.9951718,49.6,0.000
2026-09-15,10:07:11.000,50.5242002,-4.9951767,49.2,0.000
2026-09-15,10:07:16.000,50.5242000,-4.9951758,49.6,0.000
2026-09-15,10:07:21.000,50.5241999,-4.9951757,49.2,0.000
2026-09-15,10:07:26.000,50.5241997,-4.9951754,49.2,0.000
2026-09-15,10:07:31.000,50.5241992,-4.9951751,49.4,0.000
2026-09-15,10:07:36.000,50.5241986,-4.9951747,49.4,0.000
2026-09-15,10:07:41.000,50.5241979,-4.9951742,49.2,0.000
2026-09-15,10:07:46.000,50.5241969,-4.9951737,49.4,0.000
2026-09-15,10:07:51.000,50.5241959,-4.9951732,49.4,0.000
2026-09-15,10:07:56.000,50.5241951,-4.9951729,49.4,0.000
2026-09-15,10:08:01.000,50.5241948,-4.9951730,49.0,0.000
2026-09-15,10:08:06.000,50.5241955,-4.9951832,49.2,0.000
2026-09-15,10:08:11.000,50.5242074,-4.9952679,49.0,0.551
2026-09-15,10:08:16.000,50.5242214,-4.9953657,49.0,1.316
2026-09-15,10:08:21.000,50.5242473,-4.9954432,48.0,1.297
2026-09-15,10:08:26.000,50.5242491,-4.9955189,47.8,1.082
2026-09-15,10:08:31.000,50.5242621,-4.9956074,47.2,1.176
2026-09-15,10:08:36.000,50.5242816,-4.9956962,47.2,1.232
2026-09-15,10:08:41.000,50.5243079,-4.9957903,46.8,1.344
2026-09-15,10:08:46.000,50.5243339,-4.9958924,46.6,1.437
2026-09-15,10:08:51.000,50.5243529,-4.9959856,46.8,1.446
2026-09-15,10:08:56.000,50.5243714,-4.9960610,46.4,1.428
2026-09-15,10:09:01.000,50.5243894,-4.9961512,46.2,1.381
2026-09-15,10:09:06.000,50.5244072,-4.9962501,46.2,1.353
2026-09-15,10:09:11.000,50.5244273,-4.9963385,46.2,1.362
2026-09-15,10:09:16.000,50.5244482,-4.9964330,46.0,1.334
2026-09-15,10:09:21.000,50.5244777,-4.9965359,46.0,1.400
2026-09-15,10:09:26.000,50.5245054,-4.9966204,46.0,1.409
2026-09-15,10:09:31.000,50.5245426,-4.9967111,46.8,1.418
2026-09-15,10:09:36.000,50.5245527,-4.9967797,46.2,1.437
2026-09-15,10:09:41.000,50.5245263,-4.9968134,46.4,1.381
2026-09-15,10:09:46.000,50.5245189,-4.9968327,45.8,0.000
2026-09-15,10:09:51.000,50.5245200,-4.9968381,46.8,0.000
2026-09-15,10:09:56.000,50.5245161,-4.9969027,46.0,0.000
2026-09-15,10:10:01.000,50.5245085,-4.9969803,45.6,1.250
2026-09-15,10:10:06.000,50.5245060,-4.9970043,46.0,0.868
2026-09-15,10:10:11.000,50.5244982,-4.9970639,45.8,0.728
2026-09-15,10:10:16.000,50.5244885,-4.9971464,45.6,1.232
2026-09-15,10:10:21.000,50.5244763,-4.9972361,44.8,1.325
2026-09-15,10:10:26.000,50.5244619,-4.9973296,45.6,1.390
2026-09-15,10:10:31.000,50.5244479,-4.9974167,45.0,1.344
2026-09-15,10:10:36.000,50.5244328,-4.9974960,44.6,1.344
2026-09-15,10:10:41.000,50.5244179,-4.9975852,44.8,1.316
2026-09-15,10:10:46.000,50.5244044,-4.9976656,45.2,1.306
2026-09-15,10:10:51.000,50.5243905,-4.9977538,44.6,1.306
2026-09-15,10:10:56.000,50.5243782,-4.9978451,44.4,1.325
2026-09-15,10:11:01.000,50.5243659,-4.9979323,44.2,1.316
2026-09-15,10:11:06.000,50.5243520,-4.9980311,44.0,1.306
2026-09-15,10:11:11.000,50.5243432,-4.9981248,43.6,1.316
2026-09-15,10:11:16.000,50.5243332,-4.9982130,43.8,1.316
2026-09-15,10:11:21.000,50.5243230,-4.9983040,43.6,1.316
2026-09-15,10:11:26.000,50.5243097,-4.9983972,43.4,1.316
2026-09-15,10:11:31.000,50.5242967,-4.9984909,43.0,1.316
2026-09-15,10:11:36.000,50.5242777,-4.9985983,43.2,1.306
2026-09-15,10:11:41.000,50.5242630,-4.9986999,43.2,1.344
2026-09-15,10:11:46.000,50.5242466,-4.9987987,42.8,1.362
2026-09-15,10:11:51.000,50.5242309,-4.9988995,42.4,1.372
2026-09-15,10:11:56.000,50.5242175,-4.9989987,42.4,1.381
2026-09-15,10:12:01.000,50.5242031,-4.9991015,42.6,1.400
2026-09-15,10:12:06.000,50.5241882,-4.9992017,42.2,1.409
2026-09-15,10:12:11.000,50.5241686,-4.9993095,42.2,1.418
2026-09-15,10:12:16.000,50.5241506,-4.9994099,42.4,1.437
2026-09-15,10:12:21.000,50.5241349,-4.9995017,42.0,1.446
2026-09-15,10:12:26.000,50.5241274,-4.9995265,42.0,1.362
2026-09-15,10:12:31.000,50.5241209,-4.9995685,41.8,0.000
2026-09-15,10:12:36.000,50.5241122,-4.9996389,41.6,1.064
2026-09-15,10:12:41.000,50.5241092,-4.9996883,41.8,0.802
2026-09-15,10:12:46.000,50.5240977,-4.9997658,41.2,0.998
2026-09-15,10:12:51.000,50.5240879,-4.9998578,41.2,1.129
2026-09-15,10:12:56.000,50.5240873,-4.9999528,40.6,1.222
2026-09-15,10:13:01.000,50.5240797,-5.0000465,40.8,1.260
2026-09-15,10:13:06.000,50.5240681,-5.0001472,39.6,1.288
2026-09-15,10:13:11.000,50.5240586,-5.0002475,38.8,1.362
2026-09-15,10:13:16.000,50.5240487,-5.0003434,38.8,1.400
2026-09-15,10:13:21.000,50.5240376,-5.0004428,38.8,1.409
2026-09-15,10:13:26.000,50.5240277,-5.0005384,38.8,1.409
2026-09-15,10:13:31.000,50.5240216,-5.0006131,38.4,1.409
2026-09-15,10:13:36.000,50.5240406,-5.0006249,38.8,1.241
2026-09-15,10:13:41.000,50.5240546,-5.0006221,39.2,0.000
2026-09-15,10:13:46.000,50.5241177,-5.0006195,38.6,0.616
2026-09-15,10:13:51.000,50.5241844,-5.0006168,38.0,1.586
2026-09-15,10:13:56.000,50.5242457,-5.0006159,39.0,1.530
2026-09-15,10:14:01.000,50.5243066,-5.0006169,38.0,1.409
2026-09-15,10:14:06.000,50.5243661,-5.0006211,39.0,1.418
2026-09-15,10:14:11.000,50.5244281,-5.0006164,39.4,1.400
2026-09-15,10:14:16.000,50.5244886,-5.0006142,39.6,1.446
2026-09-15,10:14:21.000,50.5245531,-5.0006145,39.8,1.446
2026-09-15,10:14:26.000,50.5246172,-5.0006143,40.4,1.465
2026-09-15,10:14:31.000,50.5246842,-5.0006154,40.6,1.446
2026-09-15,10:14:36.000,50.5247503,-5.0006306,40.4,1.437
2026-09-15,10:14:41.000,50.5248131,-5.0006828,38.6,1.465
2026-09-15,10:14:46.000,50.5248679,-5.0007460,38.6,1.493
2026-09-15,10:14:51.000,50.5249091,-5.0008053,39.2,1.474
2026-09-15,10:14:56.000,50.5249498,-5.0008617,39.0,1.456
2026-09-15,10:15:01.000,50.5249995,-5.0009004,39.0,1.437
2026-09-15,10:15:06.000,50.5250606,-5.0009385,39.2,1.390
2026-09-15,10:15:11.000,50.5251160,-5.0009712,38.6,1.400
2026-09-15,10:15:16.000,50.5251763,-5.0010069,38.0,1.418
2026-09-15,10:15:21.000,50.5252300,-5.0010424,38.4,1.428
2026-09-15,10:15:26.000,50.5252862,-5.0010790,38.6,1.418
2026-09-15,10:15:31.000,50.5253461,-5.0011225,38.6,1.409
2026-09-15,10:15:36.000,50.5253997,-5.0011698,38.4,1.418
2026-09-15,10:15:41.000,50.5254496,-5.0012188,38.6,1.409
2026-09-15,10:15:46.000,50.5254978,-5.0012793,39.0,1.409
2026-09-15,10:15:51.000,50.5255499,-5.0013286,38.4,1.390
2026-09-15,10:15:56.000,50.5255959,-5.0013697,38.2,1.409
2026-09-15,10:16:01.000,50.5256468,-5.0014283,38.6,1.409
2026-09-15,10:16:06.000,50.5256900,-5.0014869,38.6,1.400
2026-09-15,10:16:11.000,50.5257489,-5.0015244,38.4,1.390
2026-09-15,10:16:16.000,50.5257938,-5.0015374,38.2,1.390
2026-09-15,10:16:21.000,50.5257972,-5.0015312,38.0,0.970
2026-09-15,10:16:26.000,50.5258035,-5.0015590,37.0,0.000
2026-09-15,10:16:31.000,50.5258278,-5.0016029,37.6,0.000
2026-09-15,10:16:36.000,50.5258588,-5.0016390,37.8,0.513
2026-09-15,10:16:41.000,50.5259092,-5.0016812,37.8,1.120
2026-09-15,10:16:46.000,50.5259579,-5.0017174,37.6,1.381
2026-09-15,10:16:51.000,50.5260093,-5.0017556,38.4,1.334
2026-09-15,10:16:56.000,50.5260562,-5.0017890,38.4,1.297
2026-09-15,10:17:01.000,50.5261020,-5.0018394,38.4,1.269
2026-09-15,10:17:06.000,50.5261562,-5.0019038,38.8,1.428
2026-09-15,10:17:11.000,50.5262043,-5.0019689,38.8,1.437
2026-09-15,10:17:16.000,50.5262515,-5.0020146,38.6,1.437
2026-09-15,10:17:21.000,50.5263004,-5.0020530,38.4,1.400
2026-09-15,10:17:26.000,50.5263327,-5.0020683,38.4,1.316
2026-09-15,10:17:31.000,50.5263349,-5.0020741,38.4,0.849
2026-09-15,10:17:36.000,50.5263387,-5.0020717,38.0,0.392
2026-09-15,10:17:41.000,50.5263406,-5.0020777,38.2,0.000
2026-09-15,10:17:46.000,50.5263475,-5.0021216,38.0,0.411
2026-09-15,10:17:51.000,50.5263627,-5.0022049,37.4,1.428
2026-09-15,10:17:56.000,50.5263957,-5.0022676,37.6,1.381
2026-09-15,10:18:01.000,50.5264287,-5.0023336,38.4,1.297
2026-09-15,10:18:06.000,50.5264638,-5.0024068,38.4,1.260
2026-09-15,10:18:11.000,50.5264930,-5.0024750,38.0,1.344
2026-09-15,10:18:16.000,50.5265236,-5.0025457,37.0,1.204
2026-09-15,10:18:21.000,50.5265368,-5.0025698,38.2,0.989
2026-09-15,10:18:26.000,50.5265677,-5.0026535,36.2,1.428
2026-09-15,10:18:31.000,50.5265986,-5.0027458,37.2,1.456
2026-09-15,10:18:36.000,50.5266369,-5.0028381,38.8,1.400
2026-09-15,10:18:41.000,50.5266763,-5.0029204,37.8,1.465
2026-09-15,10:18:46.000,50.5267036,-5.0030130,38.8,1.456
2026-09-15,10:18:51.000,50.5267295,-5.0031001,39.0,1.446
2026-09-15,10:18:56.000,50.5267616,-5.0031883,39.2,1.446
2026-09-15,10:19:01.000,50.5267887,-5.0032742,39.0,1.446
2026-09-15,10:19:06.000,50.5268140,-5.0033624,38.8,1.428
2026-09-15,10:19:11.000,50.5268416,-5.0034601,38.8,1.437
2026-09-15,10:19:16.000,50.5268694,-5.0035559,39.0,1.437
2026-09-15,10:19:21.000,50.5268991,-5.0036466,39.2,1.437
2026-09-15,10:19:26.000,50.5269279,-5.0037360,38.8,1.437
2026-09-15,10:19:31.000,50.5269561,-5.0038263,39.2,1.437
2026-09-15,10:19:36.000,50.5269786,-5.0039184,39.8,1.437
2026-09-15,10:19:41.000,50.5270046,-5.0040142,38.6,1.428
2026-09-15,10:19:46.000,50.5270391,-5.0041003,39.6,1.428
2026-09-15,10:19:51.000,50.5270875,-5.0041637,39.6,1.428
2026-09-15,10:19:56.000,50.5271178,-5.0042337,39.2,1.428
2026-09-15,10:20:01.000,50.5271262,-5.0043279,40.0,1.409
2026-09-15,10:20:06.000,50.5271188,-5.0044200,40.0,1.400
2026-09-15,10:20:11.000,50.5271124,-5.0044940,40.2,1.381
2026-09-15,10:20:16.000,50.5271086,-5.0045818,39.8,1.344
2026-09-15,10:20:21.000,50.5271216,-5.0046865,39.6,1.344
2026-09-15,10:20:26.000,50.5271343,-5.0047800,40.2,1.362
2026-09-15,10:20:31.000,50.5271498,-5.0048315,40.2,1.344
2026-09-15,10:20:36.000,50.5271536,-5.0048423,41.2,0.000
2026-09-15,10:20:41.000,50.5271786,-5.0049218,40.0,0.289
2026-09-15,10:20:46.000,50.5272150,-5.0050133,42.2,1.512
2026-09-15,10:20:51.000,50.5272455,-5.0050956,41.4,1.353
2026-09-15,10:20:56.000,50.5272840,-5.0051804,41.0,1.325
2026-09-15,10:21:01.000,50.5273158,-5.0052674,42.4,1.390
2026-09-15,10:21:06.000,50.5273518,-5.0053532,42.2,1.381
2026-09-15,10:21:11.000,50.5273801,-5.0054384,42.2,1.362
2026-09-15,10:21:16.000,50.5274166,-5.0055266,42.0,1.372
2026-09-15,10:21:21.000,50.5274517,-5.0056035,41.8,1.362
2026-09-15,10:21:26.000,50.5274877,-5.0056945,41.8,1.390
2026-09-15,10:21:31.000,50.5275241,-5.0057725,41.4,1.381
2026-09-15,10:21:36.000,50.5275576,-5.0058570,42.0,1.418
2026-09-15,10:21:41.000,50.5275899,-5.0059446,42.0,1.381
2026-09-15,10:21:46.000,50.5276241,-5.0060150,41.4,1.362
2026-09-15,10:21:51.000,50.5276555,-5.0060888,41.0,1.353
2026-09-15,10:21:56.000,50.5276908,-5.0061696,41.2,1.334
2026-09-15,10:22:01.000,50.5277407,-5.0062105,41.4,1.353
2026-09-15,10:22:06.000,50.5277967,-5.0062273,41.6,1.334
2026-09-15,10:22:11.000,50.5278584,-5.0062527,41.8,1.325
2026-09-15,10:22:16.000,50.5278985,-5.0063146,42.0,1.334
2026-09-15,10:22:21.000,50.5279256,-5.0063943,42.0,1.334
2026-09-15,10:22:26.000,50.5279568,-5.0064797,42.2,1.316
2026-09-15,10:22:31.000,50.5279799,-5.0065646,42.2,1.344
2026-09-15,10:22:36.000,50.5279900,-5.0066485,42.6,1.306
2026-09-15,10:22:41.000,50.5280170,-5.0067429,42.2,1.297
2026-09-15,10:22:46.000,50.5280378,-5.0068302,43.2,1.288
2026-09-15,10:22:51.000,50.5280670,-5.0069338,43.0,1.334
2026-09-15,10:22:56.000,50.5280907,-5.0070246,43.0,1.334
2026-09-15,10:23:01.000,50.5281222,-5.0071280,43.2,1.344
2026-09-15,10:23:06.000,50.5281531,-5.0072149,43.2,1.362
2026-09-15,10:23:11.000,50.5281824,-5.0072961,43.0,1.362
2026-09-15,10:23:16.000,50.5282023,-5.0073784,42.8,1.372
2026-09-15,10:23:21.000,50.5282225,-5.0074685,43.0,1.362
2026-09-15,10:23:26.000,50.5282399,-5.0075657,44.4,1.344
2026-09-15,10:23:31.000,50.5282578,-5.0076657,44.4,1.381
2026-09-15,10:23:36.000,50.5282769,-5.0077713,44.4,1.400
2026-09-15,10:23:41.000,50.5283085,-5.0078790,44.4,1.428
2026-09-15,10:23:46.000,50.5283412,-5.0079680,43.0,1.437
2026-09-15,10:23:51.000,50.5283642,-5.0080218,43.4,1.428
2026-09-15,10:23:56.000,50.5283795,-5.0081045,43.2,1.073
2026-09-15,10:24:01.000,50.5283941,-5.0082006,43.6,1.512
2026-09-15,10:24:06.000,50.5284174,-5.0082936,44.2,1.400
2026-09-15,10:24:11.000,50.5284352,-5.0083809,44.6,1.381
2026-09-15,10:24:16.000,50.5284608,-5.0084756,45.2,1.372
2026-09-15,10:24:21.000,50.5284868,-5.0085694,44.2,1.418
2026-09-15,10:24:26.000,50.5285196,-5.0086607,45.4,1.437
2026-09-15,10:24:31.000,50.5285486,-5.0087408,45.6,1.418
2026-09-15,10:24:36.000,50.5285795,-5.0088258,45.8,1.428
2026-09-15,10:24:41.000,50.5286152,-5.0089140,46.0,1.418
2026-09-15,10:24:46.000,50.5286470,-5.0089988,45.8,1.400
2026-09-15,10:24:51.000,50.5286844,-5.0090903,46.8,1.400
2026-09-15,10:24:56.000,50.5287189,-5.0091731,47.2,1.400
2026-09-15,10:25:01.000,50.5287540,-5.0092609,46.2,1.409
2026-09-15,10:25:06.000,50.5287985,-5.0093530,46.0,1.428
2026-09-15,10:25:11.000,50.5288380,-5.0094349,46.0,1.456
2026-09-15,10:25:16.000,50.5288691,-5.0095116,45.8,1.446
2026-09-15,10:25:21.000,50.5289153,-5.0095904,45.2,1.437
2026-09-15,10:25:26.000,50.5289591,-5.0096485,46.2,1.437
2026-09-15,10:25:31.000,50.5289704,-5.0096671,46.6,0.000
2026-09-15,10:25:36.000,50.5289915,-5.0097316,46.0,0.774
2026-09-15,10:25:41.000,50.5290114,-5.0098106,46.0,1.260
2026-09-15,10:25:46.000,50.5290442,-5.0098917,45.6,1.353
2026-09-15,10:25:51.000,50.5290837,-5.0099673,46.6,1.362
2026-09-15,10:25:56.000,50.5291226,-5.0100470,46.2,1.381
2026-09-15,10:26:01.000,50.5291679,-5.0101268,46.6,1.400
2026-09-15,10:26:06.000,50.5292130,-5.0101995,46.8,1.474
2026-09-15,10:26:11.000,50.5292539,-5.0102729,47.0,1.446
2026-09-15,10:26:16.000,50.5292974,-5.0103516,46.8,1.474
2026-09-15,10:26:21.000,50.5293352,-5.0104265,46.6,1.446
2026-09-15,10:26:26.000,50.5293698,-5.0105239,46.4,1.456
2026-09-15,10:26:31.000,50.5294051,-5.0106073,46.4,1.465
2026-09-15,10:26:36.000,50.5294476,-5.0107056,45.8,1.465
2026-09-15,10:26:41.000,50.5294854,-5.0107900,46.2,1.484
2026-09-15,10:26:46.000,50.5295262,-5.0108596,46.0,1.493
2026-09-15,10:26:51.000,50.5295592,-5.0109278,45.8,1.428
2026-09-15,10:26:56.000,50.5295923,-5.0110123,45.6,1.390
2026-09-15,10:27:01.000,50.5296327,-5.0111016,43.8,1.400
2026-09-15,10:27:06.000,50.5296711,-5.0111884,43.4,1.418
2026-09-15,10:27:11.000,50.5297070,-5.0112672,43.6,1.428
2026-09-15,10:27:16.000,50.5297441,-5.0113467,43.4,1.437
2026-09-15,10:27:21.000,50.5297659,-5.0114298,43.0,1.437
2026-09-15,10:27:26.000,50.5297900,-5.0115089,43.0,1.418
2026-09-15,10:27:31.000,50.5298284,-5.0115908,42.0,1.409
2026-09-15,10:27:36.000,50.5298751,-5.0116765,41.8,1.437
2026-09-15,10:27:41.000,50.5299117,-5.0117466,41.8,1.437
2026-09-15,10:27:46.000,50.5299476,-5.0118251,41.0,1.428
2026-09-15,10:27:51.000,50.5299755,-5.0118933,41.4,1.428
2026-09-15,10:27:56.000,50.5299998,-5.0119681,41.2,1.362
2026-09-15,10:28:01.000,50.5300289,-5.0120577,41.0,1.353
2026-09-15,10:28:06.000,50.5300574,-5.0121446,41.0,1.381
2026-09-15,10:28:11.000,50.5300939,-5.0122265,40.8,1.372
2026-09-15,10:28:16.000,50.5301349,-5.0123142,40.6,1.400
2026-09-15,10:28:21.000,50.5301632,-5.0123753,39.8,1.409
2026-09-15,10:28:26.000,50.5301660,-5.0123850,40.4,1.362
2026-09-15,10:28:31.000,50.5301637,-5.0123858,40.6,0.000
2026-09-15,10:28:36.000,50.5301784,-5.0124392,40.0,0.000
2026-09-15,10:28:41.000,50.5302015,-5.0125301,39.8,1.306
2026-09-15,10:28:46.000,50.5302337,-5.0126142,40.0,1.437
2026-09-15,10:28:51.000,50.5302575,-5.0126976,39.8,1.344
2026-09-15,10:28:56.000,50.5302813,-5.0127888,39.4,1.409
2026-09-15,10:29:01.000,50.5303035,-5.0128723,39.4,1.390
2026-09-15,10:29:06.000,50.5303315,-5.0129631,39.2,1.325
2026-09-15,10:29:11.000,50.5303589,-5.0130556,39.2,1.437
2026-09-15,10:29:16.000,50.5303772,-5.0131550,38.4,1.437
2026-09-15,10:29:21.000,50.5303929,-5.0132540,37.8,1.437
2026-09-15,10:29:26.000,50.5304150,-5.0133497,40.0,1.418
2026-09-15,10:29:31.000,50.5304391,-5.0134514,39.0,1.456
2026-09-15,10:29:36.000,50.5304589,-5.0135476,38.6,1.446
2026-09-15,10:29:41.000,50.5304805,-5.0136479,37.8,1.446
2026-09-15,10:29:46.000,50.5304983,-5.0137489,37.6,1.456
2026-09-15,10:29:51.000,50.5305144,-5.0138438,37.2,1.446
2026-09-15,10:29:56.000,50.5305261,-5.0139443,37.0,1.465
2026-09-15,10:30:01.000,50.5305430,-5.0140404,36.6,1.446
2026-09-15,10:30:06.000,50.5305586,-5.0141456,36.2,1.446
2026-09-15,10:30:11.000,50.5305691,-5.0142520,35.4,1.456
2026-09-15,10:30:16.000,50.5305795,-5.0143541,34.6,1.465
2026-09-15,10:30:21.000,50.5305935,-5.0144631,34.4,1.456
2026-09-15,10:30:26.000,50.5306131,-5.0145698,33.8,1.484
2026-09-15,10:30:31.000,50.5306283,-5.0146757,33.8,1.484
2026-09-15,10:30:36.000,50.5306443,-5.0147682,33.2,1.484
2026-09-15,10:30:41.000,50.5306518,-5.0148614,32.8,1.465
2026-09-15,10:30:46.000,50.5306551,-5.0149570,32.6,1.446
2026-09-15,10:30:51.000,50.5306583,-5.0150523,32.0,1.428
2026-09-15,10:30:56.000,50.5306556,-5.0151532,31.8,1.418
2026-09-15,10:31:01.000,50.5306562,-5.0152420,31.4,1.409
2026-09-15,10:31:06.000,50.5306544,-5.0153497,31.0,1.400
2026-09-15,10:31:11.000,50.5306564,-5.0154408,30.6,1.409
2026-09-15,10:31:16.000,50.5306460,-5.0155532,30.4,1.409
2026-09-15,10:31:21.000,50.5306432,-5.0156561,29.8,1.437
2026-09-15,10:31:26.000,50.5306370,-5.0157599,29.8,1.437
2026-09-15,10:31:31.000,50.5306316,-5.0158516,29.2,1.437
2026-09-15,10:31:36.000,50.5306327,-5.0159586,29.0,1.428
2026-09-15,10:31:41.000,50.5306372,-5.0160675,28.6,1.437
2026-09-15,10:31:46.000,50.5306538,-5.0161557,28.0,1.437
2026-09-15,10:31:51.000,50.5306687,-5.0162463,27.4,1.428
2026-09-15,10:31:56.000,50.5306840,-5.0163354,27.0,1.400
2026-09-15,10:32:01.000,50.5307000,-5.0164347,26.6,1.409
2026-09-15,10:32:06.000,50.5307182,-5.0165234,26.4,1.400
2026-09-15,10:32:11.000,50.5307387,-5.0166187,26.0,1.409
2026-09-15,10:32:16.000,50.5307537,-5.0167004,25.8,1.400
2026-09-15,10:32:21.000,50.5307727,-5.0168012,25.6,1.381
2026-09-15,10:32:26.000,50.5307950,-5.0169057,25.4,1.390
2026-09-15,10:32:31.000,50.5308105,-5.0170014,25.2,1.400
2026-09-15,10:32:36.000,50.5308223,-5.0171083,25.0,1.418
2026-09-15,10:32:41.000,50.5308385,-5.0172078,24.6,1.409
2026-09-15,10:32:46.000,50.5308479,-5.0173170,24.4,1.437
2026-09-15,10:32:51.000,50.5308533,-5.0174196,23.6,1.437
2026-09-15,10:32:56.000,50.5308612,-5.0175207,23.6,1.446
2026-09-15,10:33:01.000,50.5308696,-5.0176199,23.6,1.446
2026-09-15,10:33:06.000,50.5308783,-5.0177231,23.4,1.428
2026-09-15,10:33:11.000,50.5308834,-5.0178278,22.8,1.437
2026-09-15,10:33:16.000,50.5308903,-5.0179357,22.8,1.446
2026-09-15,10:33:21.000,50.5309019,-5.0180377,22.2,1.456
2026-09-15,10:33:26.000,50.5309141,-5.0181453,22.4,1.465
2026-09-15,10:33:31.000,50.5309180,-5.0182506,20.4,1.474
2026-09-15,10:33:36.000,50.5309154,-5.0183463,20.4,1.465
2026-09-15,10:33:41.000,50.5309199,-5.0184459,20.6,1.456
2026-09-15,10:33:46.000,50.5309241,-5.0185557,19.4,1.446
2026-09-15,10:33:51.000,50.5309286,-5.0186571,19.6,1.456
2026-09-15,10:33:56.000,50.5309336,-5.0187649,22.0,1.474
2026-09-15,10:34:01.000,50.5309407,-5.0188564,22.2,1.446
2026-09-15,10:34:06.000,50.5309434,-5.0189625,21.4,1.456
2026-09-15,10:34:11.000,50.5309398,-5.0190601,21.2,1.456
2026-09-15,10:34:16.000,50.5309283,-5.0191621,21.0,1.446
2026-09-15,10:34:21.000,50.5309074,-5.0192658,20.8,1.456
2026-09-15,10:34:26.000,50.5308953,-5.0193614,20.8,1.446
2026-09-15,10:34:31.000,50.5308727,-5.0194606,20.2,1.465
2026-09-15,10:34:36.000,50.5308564,-5.0195443,19.8,1.456
2026-09-15,10:34:41.000,50.5308281,-5.0196422,19.8,1.465
2026-09-15,10:34:46.000,50.5308099,-5.0197362,19.6,1.446
2026-09-15,10:34:51.000,50.5307995,-5.0198409,19.4,1.437
2026-09-15,10:34:56.000,50.5307884,-5.0199502,19.0,1.456
2026-09-15,10:35:01.000,50.5307820,-5.0200543,18.6,1.465
2026-09-15,10:35:06.000,50.5307830,-5.0201581,17.8,1.456
2026-09-15,10:35:11.000,50.5307814,-5.0202650,17.4,1.465
2026-09-15,10:35:16.000,50.5307892,-5.0203684,17.2,1.465
2026-09-15,10:35:21.000,50.5308004,-5.0204699,17.2,1.456
2026-09-15,10:35:26.000,50.5308005,-5.0205761,16.6,1.465
2026-09-15,10:35:31.000,50.5307914,-5.0206714,15.8,1.465
2026-09-15,10:35:36.000,50.5307982,-5.0207705,16.0,1.456
2026-09-15,10:35:41.000,50.5308180,-5.0208537,15.4,1.437
2026-09-15,10:35:46.000,50.5308382,-5.0209613,14.8,1.437
2026-09-15,10:35:51.000,50.5308599,-5.0210512,14.6,1.446
2026-09-15,10:35:56.000,50.5308876,-5.0211379,14.0,1.418
2026-09-15,10:36:01.000,50.5309176,-5.0212373,14.2,1.437
2026-09-15,10:36:06.000,50.5309462,-5.0213260,15.2,1.437
2026-09-15,10:36:11.000,50.5309739,-5.0214085,14.4,1.437
2026-09-15,10:36:16.000,50.5310149,-5.0214982,14.0,1.446
2026-09-15,10:36:21.000,50.5310478,-5.0215791,14.2,1.446
2026-09-15,10:36:26.000,50.5310664,-5.0216660,14.2,1.437
2026-09-15,10:36:31.000,50.5310887,-5.0217537,13.6,1.390
2026-09-15,10:36:36.000,50.5311159,-5.0218402,13.4,1.409
2026-09-15,10:36:41.000,50.5311475,-5.0219211,13.6,1.381
2026-09-15,10:36:46.000,50.5311792,-5.0220109,13.2,1.400
2026-09-15,10:36:51.000,50.5311996,-5.0220954,12.6,1.409
2026-09-15,10:36:56.000,50.5312187,-5.0221642,14.4,1.381
2026-09-15,10:37:01.000,50.5312042,-5.0221773,13.8,1.232
2026-09-15,10:37:06.000,50.5311726,-5.0221611,13.8,0.000
2026-09-15,10:37:11.000,50.5311284,-5.0221687,12.8,0.532
2026-09-15,10:37:16.000,50.5311079,-5.0221671,13.2,0.000
2026-09-15,10:37:21.000,50.5311012,-5.0221442,13.2,0.000
2026-09-15,10:37:26.000,50.5310986,-5.0221063,13.0,0.000
2026-09-15,10:37:31.000,50.5311115,-5.0221304,12.6,0.000
2026-09-15,10:37:36.000,50.5311174,-5.0221413,13.4,0.000
2026-09-15,10:37:41.000,50.5311187,-5.0221467,13.6,0.000
2026-09-15,10:37:46.000,50.5311189,-5.0221480,12.6,0.000
2026-09-15,10:37:51.000,50.5311191,-5.0221492,13.2,0.000
2026-09-15,10:37:56.000,50.5311191,-5.0221493,13.4,0.000
2026-09-15,10:38:01.000,50.5311190,-5.0221457,13.2,0.000
2026-09-15,10:38:06.000,50.5311069,-5.0221060,12.4,0.000
2026-09-15,10:38:11.000,50.5311047,-5.0220890,12.6,0.000
2026-09-15,10:38:16.000,50.5311059,-5.0220986,12.2,0.000
2026-09-15,10:38:21.000,50.5311068,-5.0221014,11.6,0.000
2026-09-15,10:38:26.000,50.5311061,-5.0220998,13.6,0.000
2026-09-15,10:38:31.000,50.5311057,-5.0220998,13.2,0.000
2026-09-15,10:38:36.000,50.5311050,-5.0220995,12.8,0.000
2026-09-15,10:38:41.000,50.5311041,-5.0220990,13.4,0.000
2026-09-15,10:38:46.000,50.5311032,-5.0220985,12.8,0.000
2026-09-15,10:38:51.000,50.5311025,-5.0220980,13.2,0.000
2026-09-15,10:38:56.000,50.5311020,-5.0220978,13.4,0.000
2026-09-15,10:39:01.000,50.5311019,-5.0220977,12.4,0.000
2026-09-15,10:39:06.000,50.5311023,-5.0220974,13.4,0.000
2026-09-15,10:39:11.000,50.5311046,-5.0220946,13.2,0.000
2026-09-15,10:39:16.000,50.5311034,-5.0221102,13.4,0.000
2026-09-15,10:39:21.000,50.5311156,-5.0221416,12.8,0.000
2026-09-15,10:39:26.000,50.5311207,-5.0221519,12.8,0.000
2026-09-15,10:39:31.000,50.5311229,-5.0221538,13.0,0.000
2026-09-15,10:39:36.000,50.5311229,-5.0221534,12.4,0.000
2026-09-15,10:39:41.000,50.5311188,-5.0221568,13.4,0.000
2026-09-15,10:39:46.000,50.5311421,-5.0221744,13.4,0.000
2026-09-15,10:39:51.000,50.5311957,-5.0221972,13.4,1.017
2026-09-15,10:39:56.000,50.5312383,-5.0222242,13.4,1.456
2026-09-15,10:40:01.000,50.5312520,-5.0222597,13.2,1.185
2026-09-15,10:40:06.000,50.5312512,-5.0222621,12.0,0.877
2026-09-15,10:40:11.000,50.5312572,-5.0222879,13.4,0.000
2026-09-15,10:40:16.000,50.5312768,-5.0223783,13.2,0.560
2026-09-15,10:40:21.000,50.5312882,-5.0224570,13.4,1.381
2026-09-15,10:40:26.000,50.5312976,-5.0225396,12.6,1.306
2026-09-15,10:40:31.000,50.5313073,-5.0226177,11.4,1.325
2026-09-15,10:40:36.000,50.5313112,-5.0227165,12.8,1.334
2026-09-15,10:40:41.000,50.5313233,-5.0228100,15.2,1.372
2026-09-15,10:40:46.000,50.5313353,-5.0228975,13.8,1.540
2026-09-15,10:40:51.000,50.5313524,-5.0229809,13.2,1.437
2026-09-15,10:40:56.000,50.5313647,-5.0230661,12.4,1.381
2026-09-15,10:41:01.000,50.5313694,-5.0231168,12.4,1.325
2026-09-15,10:41:06.000,50.5313694,-5.0231194,12.4,0.000
2026-09-15,10:41:11.000,50.5313695,-5.0231195,12.4,0.000
2026-09-15,10:41:16.000,50.5313700,-5.0231194,12.6,0.000
2026-09-15,10:41:21.000,50.5313705,-5.0231193,12.6,0.000
2026-09-15,10:41:26.000,50.5313710,-5.0231193,13.0,0.000
2026-09-15,10:41:31.000,50.5313719,-5.0231191,12.4,0.000
2026-09-15,10:41:36.000,50.5313733,-5.0231187,13.0,0.000
2026-09-15,10:41:41.000,50.5313758,-5.0231226,12.6,0.000
2026-09-15,10:41:46.000,50.5313764,-5.0231239,13.0,0.000
2026-09-15,10:41:51.000,50.5313763,-5.0231243,12.2,0.000
2026-09-15,10:41:56.000,50.5313750,-5.0231265,12.4,0.000
2026-09-15,10:42:01.000,50.5313668,-5.0231652,12.2,0.000
2026-09-15,10:42:06.000,50.5313766,-5.0232235,12.6,0.439
2026-09-15,10:42:11.000,50.5313808,-5.0232348,12.8,0.000
2026-09-15,10:42:16.000,50.5313800,-5.0232338,14.0,0.000
2026-09-15,10:42:21.000,50.5313773,-5.0232254,14.4,0.523
2026-09-15,10:42:26.000,50.5313797,-5.0232261,14.2,0.000
2026-09-15,10:42:31.000,50.5313803,-5.0232270,13.4,0.000
2026-09-15,10:42:36.000,50.5313819,-5.0232298,12.6,0.000
2026-09-15,10:42:41.000,50.5313840,-5.0232386,12.0,0.000
2026-09-15,10:42:46.000,50.5313895,-5.0232699,12.6,0.000
2026-09-15,10:42:51.000,50.5313867,-5.0232602,13.4,0.000
2026-09-15,10:42:56.000,50.5313812,-5.0232412,13.2,0.000
2026-09-15,10:43:01.000,50.5313803,-5.0232276,13.4,0.000
2026-09-15,10:43:06.000,50.5313728,-5.0232664,13.0,0.000
2026-09-15,10:43:11.000,50.5313529,-5.0233240,13.2,0.000
2026-09-15,10:43:16.000,50.5313347,-5.0233923,13.6,1.045
2026-09-15,10:43:21.000,50.5313050,-5.0234451,14.2,1.250
2026-09-15,10:43:26.000,50.5312831,-5.0234643,11.8,1.138
2026-09-15,10:43:31.000,50.5312715,-5.0234836,11.6,0.000
2026-09-15,10:43:36.000,50.5312272,-5.0235233,13.0,1.344
2026-09-15,10:43:41.000,50.5311802,-5.0235691,13.4,1.418
2026-09-15,10:43:46.000,50.5311330,-5.0236132,13.4,1.474
2026-09-15,10:43:51.000,50.5310892,-5.0236518,11.8,1.409
2026-09-15,10:43:56.000,50.5310389,-5.0237011,11.8,1.418
2026-09-15,10:44:01.000,50.5309998,-5.0237484,11.6,1.381
2026-09-15,10:44:06.000,50.5309737,-5.0237780,11.2,1.008
2026-09-15,10:44:11.000,50.5309644,-5.0237846,12.0,0.000
2026-09-15,10:44:16.000,50.5309639,-5.0237849,12.2,0.000
2026-09-15,10:44:21.000,50.5309645,-5.0237842,12.4,0.000
2026-09-15,10:44:26.000,50.5309664,-5.0237823,12.0,0.000
2026-09-15,10:44:31.000,50.5309678,-5.0237807,12.2,0.000
2026-09-15,10:44:36.000,50.5309540,-5.0238022,11.6,0.000
2026-09-15,10:44:41.000,50.5309531,-5.0238076,11.2,0.000
2026-09-15,10:44:46.000,50.5309535,-5.0238071,10.6,0.000
2026-09-15,10:44:51.000,50.5309538,-5.0238067,9.6,0.000
2026-09-15,10:44:56.000,50.5309530,-5.0238069,10.6,0.000
2026-09-15,10:45:01.000,50.5309286,-5.0238195,13.2,0.000
2026-09-15,10:45:06.000,50.5308799,-5.0238573,12.6,1.269
2026-09-15,10:45:11.000,50.5308307,-5.0239051,12.0,1.409
2026-09-15,10:45:16.000,50.5307800,-5.0239501,12.2,1.418
2026-09-15,10:45:21.000,50.5307287,-5.0239753,12.2,1.381
2026-09-15,10:45:26.000,50.5306748,-5.0240104,12.4,1.390
2026-09-15,10:45:31.000,50.5306172,-5.0240533,12.6,1.456
2026-09-15,10:45:36.000,50.5305658,-5.0241041,12.4,1.540
2026-09-15,10:45:41.000,50.5305156,-5.0241616,12.8,1.465
2026-09-15,10:45:46.000,50.5304695,-5.0242299,12.4,1.465
2026-09-15,10:45:51.000,50.5304153,-5.0242971,13.0,1.521
2026-09-15,10:45:56.000,50.5303659,-5.0243553,13.2,1.512
2026-09-15,10:46:01.000,50.5303148,-5.0244160,13.0,1.474
2026-09-15,10:46:06.000,50.5302719,-5.0244747,13.0,1.493
2026-09-15,10:46:11.000,50.5302281,-5.0245330,13.4,1.446
2026-09-15,10:46:16.000,50.5301822,-5.0245848,13.4,1.409
2026-09-15,10:46:21.000,50.5301308,-5.0246479,13.6,1.437
2026-09-15,10:46:26.000,50.5300802,-5.0247046,13.8,1.456
2026-09-15,10:46:31.000,50.5300395,-5.0247630,14.2,1.428
2026-09-15,10:46:36.000,50.5300061,-5.0248153,14.0,1.372
2026-09-15,10:46:41.000,50.5300031,-5.0248276,14.6,0.000
2026-09-15,10:46:46.000,50.5300019,-5.0248252,14.4,0.000
2026-09-15,10:46:51.000,50.5300008,-5.0248260,14.0,0.000
2026-09-15,10:46:56.000,50.5299994,-5.0248268,13.8,0.000
2026-09-15,10:47:01.000,50.5299984,-5.0248281,14.2,0.000
2026-09-15,10:47:06.000,50.5299791,-5.0248608,14.6,0.000
2026-09-15,10:47:11.000,50.5299419,-5.0249172,14.2,1.288
2026-09-15,10:47:16.000,50.5299221,-5.0249520,14.0,0.000
2026-09-15,10:47:21.000,50.5299107,-5.0249744,14.0,0.000
2026-09-15,10:47:26.000,50.5299108,-5.0249737,12.6,0.000
2026-09-15,10:47:31.000,50.5299102,-5.0249739,13.2,0.000
2026-09-15,10:47:36.000,50.5299094,-5.0249733,14.0,0.000
2026-09-15,10:47:41.000,50.5299035,-5.0249749,14.0,0.000
2026-09-15,10:47:46.000,50.5298663,-5.0249929,14.2,0.000
2026-09-15,10:47:51.000,50.5298028,-5.0249908,14.8,1.157
2026-09-15,10:47:56.000,50.5297480,-5.0249571,15.4,1.334
2026-09-15,10:48:01.000,50.5296911,-5.0249294,16.2,1.446
2026-09-15,10:48:06.000,50.5296382,-5.0248934,15.4,1.400
2026-09-15,10:48:11.000,50.5295847,-5.0248650,16.8,1.381
2026-09-15,10:48:16.000,50.5295320,-5.0248345,16.2,1.325
2026-09-15,10:48:21.000,50.5294821,-5.0248003,16.0,1.334
2026-09-15,10:48:26.000,50.5294227,-5.0247685,16.2,1.428
2026-09-15,10:48:31.000,50.5293644,-5.0247402,16.2,1.390
2026-09-15,10:48:36.000,50.5293045,-5.0247000,16.2,1.400
2026-09-15,10:48:41.000,50.5292432,-5.0246650,16.0,1.456
2026-09-15,10:48:46.000,50.5291938,-5.0246331,15.8,1.428
2026-09-15,10:48:51.000,50.5291401,-5.0246005,15.8,1.428
2026-09-15,10:48:56.000,50.5290812,-5.0245669,15.2,1.400
2026-09-15,10:49:01.000,50.5290246,-5.0245337,15.6,1.409
2026-09-15,10:49:06.000,50.5289713,-5.0245018,15.2,1.409
2026-09-15,10:49:11.000,50.5289237,-5.0244631,14.2,1.381
2026-09-15,10:49:16.000,50.5288761,-5.0244294,15.6,1.288
2026-09-15,10:49:21.000,50.5288239,-5.0243922,15.6,1.316
2026-09-15,10:49:26.000,50.5287665,-5.0243625,15.0,1.325
2026-09-15,10:49:31.000,50.5287131,-5.0243194,15.0,1.297
2026-09-15,10:49:36.000,50.5286628,-5.0242827,14.6,1.316
2026-09-15,10:49:41.000,50.5286058,-5.0242475,14.8,1.306
2026-09-15,10:49:46.000,50.5285538,-5.0242250,14.8,1.306
2026-09-15,10:49:51.000,50.5284970,-5.0241969,15.2,1.316
2026-09-15,10:49:56.000,50.5284392,-5.0241627,15.2,1.297
2026-09-15,10:50:01.000,50.5283828,-5.0241308,14.8,1.288
2026-09-15,10:50:06.000,50.5283358,-5.0241053,15.0,1.288
2026-09-15,10:50:11.000,50.5282823,-5.0241319,15.0,1.269
2026-09-15,10:50:16.000,50.5282349,-5.0241651,15.0,1.269
2026-09-15,10:50:21.000,50.5282006,-5.0242107,14.2,1.269
2026-09-15,10:50:26.000,50.5281857,-5.0242836,13.8,1.250
2026-09-15,10:50:31.000,50.5281611,-5.0243379,13.6,1.213
2026-09-15,10:50:36.000,50.5281427,-5.0243381,13.4,1.045
2026-09-15,10:50:41.000,50.5281315,-5.0243738,13.0,0.532
2026-09-15,10:50:46.000,50.5281304,-5.0243788,12.8,0.000
2026-09-15,10:50:51.000,50.5281309,-5.0243775,13.0,0.000
2026-09-15,10:50:56.000,50.5281317,-5.0243744,13.0,0.000
2026-09-15,10:51:01.000,50.5281326,-5.0243708,13.0,0.000
2026-09-15,10:51:06.000,50.5281334,-5.0243678,12.8,0.000
2026-09-15,10:51:11.000,50.5281321,-5.0243767,11.8,0.000
2026-09-15,10:51:16.000,50.5281326,-5.0243786,10.8,0.000
2026-09-15,10:51:21.000,50.5281469,-5.0244017,11.8,0.000
2026-09-15,10:51:26.000,50.5281537,-5.0244588,10.6,0.000
2026-09-15,10:51:31.000,50.5281510,-5.0244800,13.8,0.000
2026-09-15,10:51:36.000,50.5281515,-5.0244804,12.8,0.000
2026-09-15,10:51:41.000,50.5281509,-5.0244810,11.6,0.000
2026-09-15,10:51:46.000,50.5281526,-5.0244802,10.4,0.000
2026-09-15,10:51:51.000,50.5281523,-5.0244803,14.2,0.000
2026-09-15,10:51:56.000,50.5281514,-5.0244810,13.8,0.000
2026-09-15,10:52:01.000,50.5281512,-5.0244811,13.4,0.000
2026-09-15,10:52:06.000,50.5281511,-5.0244812,13.2,0.000
2026-09-15,10:52:11.000,50.5281510,-5.0244813,12.8,0.000
2026-09-15,10:52:16.000,50.5281510,-5.0244813,13.0,0.000
2026-09-15,10:52:21.000,50.5281508,-5.0244811,13.8,0.000
2026-09-15,10:52:26.000,50.5281479,-5.0244704,12.6,0.000
2026-09-15,10:52:31.000,50.5281320,-5.0244153,12.4,0.000
2026-09-15,10:52:36.000,50.5281129,-5.0243612,13.2,0.000
2026-09-15,10:52:41.000,50.5280696,-5.0243201,13.0,0.718
2026-09-15,10:52:46.000,50.5280514,-5.0242742,14.0,1.054
2026-09-15,10:52:51.000,50.5280199,-5.0242281,14.2,0.970
2026-09-15,10:52:56.000,50.5279806,-5.0241651,14.2,1.045
2026-09-15,10:53:01.000,50.5279491,-5.0241128,14.2,1.138
2026-09-15,10:53:06.000,50.5279074,-5.0240472,13.8,1.213
2026-09-15,10:53:11.000,50.5278592,-5.0239861,13.8,1.353
2026-09-15,10:53:16.000,50.5278024,-5.0239312,14.2,1.390
2026-09-15,10:53:21.000,50.5277508,-5.0238792,14.0,1.456
2026-09-15,10:53:26.000,50.5277054,-5.0238087,14.0,1.390
2026-09-15,10:53:31.000,50.5276590,-5.0237530,14.0,1.381
2026-09-15,10:53:36.000,50.5276082,-5.0236954,14.2,1.400
2026-09-15,10:53:41.000,50.5275613,-5.0236282,14.4,1.381
2026-09-15,10:53:46.000,50.5275225,-5.0235702,13.6,1.381
2026-09-15,10:53:51.000,50.5274838,-5.0235143,14.0,1.381
2026-09-15,10:53:56.000,50.5274461,-5.0234526,13.8,1.344
2026-09-15,10:54:01.000,50.5274059,-5.0233943,13.8,1.334
2026-09-15,10:54:06.000,50.5273653,-5.0233281,13.2,1.288
2026-09-15,10:54:11.000,50.5273242,-5.0232714,12.8,1.306
2026-09-15,10:54:16.000,50.5272738,-5.0232365,12.0,1.288
2026-09-15,10:54:21.000,50.5272191,-5.0231968,11.8,1.306
2026-09-15,10:54:26.000,50.5271702,-5.0231431,11.8,1.269
2026-09-15,10:54:31.000,50.5271212,-5.0230902,12.4,1.288
2026-09-15,10:54:36.000,50.5270663,-5.0230330,12.6,1.316
2026-09-15,10:54:41.000,50.5270180,-5.0229823,12.8,1.306
2026-09-15,10:54:46.000,50.5269657,-5.0229281,12.4,1.288
2026-09-15,10:54:51.000,50.5269133,-5.0228756,11.6,1.306
2026-09-15,10:54:56.000,50.5268629,-5.0228044,12.2,1.344
2026-09-15,10:55:01.000,50.5268291,-5.0227402,11.4,1.353
2026-09-15,10:55:06.000,50.5268161,-5.0226725,11.8,1.325
2026-09-15,10:55:11.000,50.5268166,-5.0226460,11.4,1.110
2026-09-15,10:55:16.000,50.5267997,-5.0226466,12.0,0.000
2026-09-15,10:55:21.000,50.5267660,-5.0226462,11.6,0.662
2026-09-15,10:55:26.000,50.5267656,-5.0226406,11.6,0.000
2026-09-15,10:55:31.000,50.5267353,-5.0226355,11.6,0.000
2026-09-15,10:55:36.000,50.5266806,-5.0225888,11.0,1.530
2026-09-15,10:55:41.000,50.5266378,-5.0225232,11.2,1.409
2026-09-15,10:55:46.000,50.5265962,-5.0224560,11.6,1.372
2026-09-15,10:55:51.000,50.5265549,-5.0223906,11.0,1.381
2026-09-15,10:55:56.000,50.5265168,-5.0223270,10.8,1.372
2026-09-15,10:56:01.000,50.5264753,-5.0222520,10.8,1.381
2026-09-15,10:56:06.000,50.5264347,-5.0221853,11.6,1.334
2026-09-15,10:56:11.000,50.5264148,-5.0221532,11.6,1.288
2026-09-15,10:56:16.000,50.5264129,-5.0221514,11.6,0.000
2026-09-15,10:56:21.000,50.5264126,-5.0221509,11.6,0.000
2026-09-15,10:56:26.000,50.5264125,-5.0221499,11.6,0.000
2026-09-15,10:56:31.000,50.5264125,-5.0221486,11.6,0.000
2026-09-15,10:56:36.000,50.5264125,-5.0221472,11.6,0.000
2026-09-15,10:56:41.000,50.5264124,-5.0221457,11.8,0.000
2026-09-15,10:56:46.000,50.5264124,-5.0221444,12.0,0.000
2026-09-15,10:56:51.000,50.5264122,-5.0221435,11.6,0.000
2026-09-15,10:56:56.000,50.5264061,-5.0221441,11.6,0.000
2026-09-15,10:57:01.000,50.5263877,-5.0221318,11.6,0.000
2026-09-15,10:57:06.000,50.5263649,-5.0221012,11.8,0.000
2026-09-15,10:57:11.000,50.5263306,-5.0220533,11.4,0.989
2026-09-15,10:57:16.000,50.5262885,-5.0220008,11.2,1.148
2026-09-15,10:57:21.000,50.5262489,-5.0219606,10.8,1.250
2026-09-15,10:57:26.000,50.5262090,-5.0219387,10.8,1.157
2026-09-15,10:57:31.000,50.5261998,-5.0219329,10.8,1.017
2026-09-15,10:57:36.000,50.5261995,-5.0219330,10.4,0.000
2026-09-15,10:57:41.000,50.5261992,-5.0219336,10.4,0.000
2026-09-15,10:57:46.000,50.5261982,-5.0219345,10.4,0.000
2026-09-15,10:57:51.000,50.5261881,-5.0219412,10.4,0.000
2026-09-15,10:57:56.000,50.5261847,-5.0219430,9.8,0.000
2026-09-15,10:58:01.000,50.5261676,-5.0219778,10.0,0.569
2026-09-15,10:58:06.000,50.5261403,-5.0220401,9.4,1.026
2026-09-15,10:58:11.000,50.5261085,-5.0220970,8.4,1.110
2026-09-15,10:58:16.000,50.5260714,-5.0221391,8.8,1.138
2026-09-15,10:58:21.000,50.5260239,-5.0221654,7.2,1.157
2026-09-15,10:58:26.000,50.5259762,-5.0221838,6.2,1.166
2026-09-15,10:58:31.000,50.5259624,-5.0221885,6.6,0.793
2026-09-15,10:58:36.000,50.5259614,-5.0221895,6.6,0.000
2026-09-15,10:58:41.000,50.5259582,-5.0221918,6.4,0.000
2026-09-15,10:58:46.000,50.5259284,-5.0222165,6.4,0.000
2026-09-15,10:58:51.000,50.5258877,-5.0222630,6.0,1.213
2026-09-15,10:58:56.000,50.5258465,-5.0222993,5.2,1.194
2026-09-15,10:59:01.000,50.5258023,-5.0223360,7.4,1.129
2026-09-15,10:59:06.000,50.5257604,-5.0223789,7.4,1.138
2026-09-15,10:59:11.000,50.5257111,-5.0224310,7.2,1.129
2026-09-15,10:59:16.000,50.5256677,-5.0224802,7.4,1.129
2026-09-15,10:59:21.000,50.5256241,-5.0225163,7.0,1.204
2026-09-15,10:59:26.000,50.5255862,-5.0225684,7.4,1.213
2026-09-15,10:59:31.000,50.5255407,-5.0226176,7.0,1.260
2026-09-15,10:59:36.000,50.5254950,-5.0226607,7.4,1.213
2026-09-15,10:59:41.000,50.5254524,-5.0227110,8.0,1.241
2026-09-15,10:59:46.000,50.5254089,-5.0227598,7.6,1.232
2026-09-15,10:59:51.000,50.5253646,-5.0228080,7.6,1.222
2026-09-15,10:59:56.000,50.5253125,-5.0228577,7.6,1.222
2026-09-15,11:00:01.000,50.5253003,-5.0228878,8.6,1.176
2026-09-15,11:00:06.000,50.5253069,-5.0229577,9.6,1.148
2026-09-15,11:00:11.000,50.5253047,-5.0229768,10.0,1.101
2026-09-15,11:00:16.000,50.5253062,-5.0229888,9.8,0.000
2026-09-15,11:00:21.000,50.5252980,-5.0230664,10.8,0.439
2026-09-15,11:00:26.000,50.5252786,-5.0231260,11.4,0.970
2026-09-15,11:00:31.000,50.5252480,-5.0231693,10.8,0.933
2026-09-15,11:00:36.000,50.5252135,-5.0232104,11.6,1.008
2026-09-15,11:00:41.000,50.5251863,-5.0232368,12.8,0.952
2026-09-15,11:00:46.000,50.5251455,-5.0232586,13.4,0.933
2026-09-15,11:00:51.000,50.5251051,-5.0232832,13.6,0.980
2026-09-15,11:00:56.000,50.5250672,-5.0233158,14.2,0.998
2026-09-15,11:01:01.000,50.5250349,-5.0233416,15.2,0.933
2026-09-15,11:01:06.000,50.5250141,-5.0233726,16.4,0.849
2026-09-15,11:01:11.000,50.5249875,-5.0234198,15.6,0.896
2026-09-15,11:01:16.000,50.5249776,-5.0234586,16.2,0.970
2026-09-15,11:01:21.000,50.5250087,-5.0234116,16.2,0.961
2026-09-15,11:01:26.000,50.5250518,-5.0233982,15.8,1.026
2026-09-15,11:01:31.000,50.5250621,-5.0234083,15.4,0.793
2026-09-15,11:01:36.000,50.5250326,-5.0233911,15.8,0.000
2026-09-15,11:01:41.000,50.5250085,-5.0234177,16.0,0.224
2026-09-15,11:01:46.000,50.5250087,-5.0234464,16.2,0.718
2026-09-15,11:01:51.000,50.5250038,-5.0234462,16.0,0.000
2026-09-15,11:01:56.000,50.5249820,-5.0235022,16.6,0.774
2026-09-15,11:02:01.000,50.5249598,-5.0235596,16.8,1.082
2026-09-15,11:02:06.000,50.5249439,-5.0236383,16.8,1.101
2026-09-15,11:02:11.000,50.5249118,-5.0236960,17.2,1.185
2026-09-15,11:02:16.000,50.5248929,-5.0237713,17.8,1.176
2026-09-15,11:02:21.000,50.5248739,-5.0238396,18.0,1.194
2026-09-15,11:02:26.000,50.5248565,-5.0239181,18.0,1.129
2026-09-15,11:02:31.000,50.5248496,-5.0239974,17.4,1.204
2026-09-15,11:02:36.000,50.5248694,-5.0240879,17.2,1.185
2026-09-15,11:02:41.000,50.5248861,-5.0241847,18.8,1.306
2026-09-15,11:02:46.000,50.5249000,-5.0242697,18.8,1.306
2026-09-15,11:02:51.000,50.5249142,-5.0243482,19.4,1.250
2026-09-15,11:02:56.000,50.5249346,-5.0244345,19.6,1.288
2026-09-15,11:03:01.000,50.5249503,-5.0244911,19.4,1.278
2026-09-15,11:03:06.000,50.5249589,-5.0245154,19.6,1.008
2026-09-15,11:03:11.000,50.5249585,-5.0245195,20.0,0.000
2026-09-15,11:03:16.000,50.5249575,-5.0245178,20.0,0.000
2026-09-15,11:03:21.000,50.5249555,-5.0245144,19.8,0.000
2026-09-15,11:03:26.000,50.5249538,-5.0245262,19.8,0.000
2026-09-15,11:03:31.000,50.5249543,-5.0245290,19.4,0.000
2026-09-15,11:03:36.000,50.5249611,-5.0245583,19.4,0.000
2026-09-15,11:03:41.000,50.5249773,-5.0246408,19.0,0.700
2026-09-15,11:03:46.000,50.5250029,-5.0247150,20.8,1.194
2026-09-15,11:03:51.000,50.5250454,-5.0247930,20.4,1.390
2026-09-15,11:03:56.000,50.5250922,-5.0248481,20.2,1.362
2026-09-15,11:04:01.000,50.5251431,-5.0248935,19.6,1.372
2026-09-15,11:04:06.000,50.5251927,-5.0249357,19.0,1.362
2026-09-15,11:04:11.000,50.5252372,-5.0249863,18.6,1.269
2026-09-15,11:04:16.000,50.5252855,-5.0250480,18.4,1.334
2026-09-15,11:04:21.000,50.5253325,-5.0250989,18.2,1.306
2026-09-15,11:04:26.000,50.5253801,-5.0251620,17.8,1.353
2026-09-15,11:04:31.000,50.5254248,-5.0252255,17.6,1.316
2026-09-15,11:04:36.000,50.5254652,-5.0253016,17.6,1.362
2026-09-15,11:04:41.000,50.5255061,-5.0253750,17.8,1.372
2026-09-15,11:04:46.000,50.5255413,-5.0254465,17.4,1.372
2026-09-15,11:04:51.000,50.5255741,-5.0255249,17.8,1.381
2026-09-15,11:04:56.000,50.5255862,-5.0256150,18.6,1.362
2026-09-15,11:05:01.000,50.5256164,-5.0256890,18.0,1.344
2026-09-15,11:05:06.000,50.5256657,-5.0257630,17.4,1.381
2026-09-15,11:05:11.000,50.5257121,-5.0258242,17.0,1.344
2026-09-15,11:05:16.000,50.5257563,-5.0258858,17.0,1.390
2026-09-15,11:05:21.000,50.5257925,-5.0259519,17.4,1.344
2026-09-15,11:05:26.000,50.5258142,-5.0260430,17.6,1.344
2026-09-15,11:05:31.000,50.5258243,-5.0261261,17.6,1.344
2026-09-15,11:05:36.000,50.5258241,-5.0262133,17.2,1.316
2026-09-15,11:05:41.000,50.5258137,-5.0263146,17.6,1.288
2026-09-15,11:05:46.000,50.5257988,-5.0264053,17.6,1.306
2026-09-15,11:05:51.000,50.5257754,-5.0264791,19.2,1.316
2026-09-15,11:05:56.000,50.5257452,-5.0265442,18.0,1.250
2026-09-15,11:06:01.000,50.5257143,-5.0266065,18.6,1.241
2026-09-15,11:06:06.000,50.5256826,-5.0266801,18.8,1.232
2026-09-15,11:06:11.000,50.5256485,-5.0267410,20.6,1.204
2026-09-15,11:06:16.000,50.5256168,-5.0268079,21.0,1.194
2026-09-15,11:06:21.000,50.5255796,-5.0268717,21.0,1.194
2026-09-15,11:06:26.000,50.5255389,-5.0269383,22.0,1.185
2026-09-15,11:06:31.000,50.5255078,-5.0269810,23.2,1.157
2026-09-15,11:06:36.000,50.5254717,-5.0270427,23.6,1.138
2026-09-15,11:06:41.000,50.5254432,-5.0271274,24.0,1.185
2026-09-15,11:06:46.000,50.5254197,-5.0272012,24.0,1.194
2026-09-15,11:06:51.000,50.5253883,-5.0272705,25.2,1.166
2026-09-15,11:06:56.000,50.5253748,-5.0273090,26.2,1.120
2026-09-15,11:07:01.000,50.5253730,-5.0273129,25.6,0.000
2026-09-15,11:07:06.000,50.5253731,-5.0273125,24.0,0.000
2026-09-15,11:07:11.000,50.5253735,-5.0273115,24.0,0.000
2026-09-15,11:07:16.000,50.5253745,-5.0273112,25.4,0.000
2026-09-15,11:07:21.000,50.5253743,-5.0273181,24.4,0.000
2026-09-15,11:07:26.000,50.5253744,-5.0273171,25.4,0.000
2026-09-15,11:07:31.000,50.5253742,-5.0273163,27.0,0.000
2026-09-15,11:07:36.000,50.5253704,-5.0273213,27.2,0.000
2026-09-15,11:07:41.000,50.5253346,-5.0273918,26.0,0.653
2026-09-15,11:07:46.000,50.5253072,-5.0274677,25.6,1.297
2026-09-15,11:07:51.000,50.5252848,-5.0275409,26.4,1.166
2026-09-15,11:07:56.000,50.5252545,-5.0276223,27.0,1.222
2026-09-15,11:08:01.000,50.5252199,-5.0276910,26.6,1.232
2026-09-15,11:08:06.000,50.5251901,-5.0277601,26.6,1.232
2026-09-15,11:08:11.000,50.5251567,-5.0278386,26.8,1.316
2026-09-15,11:08:16.000,50.5251190,-5.0279135,28.2,1.306
2026-09-15,11:08:21.000,50.5250806,-5.0279938,29.4,1.344
2026-09-15,11:08:26.000,50.5250440,-5.0280729,30.0,1.362
2026-09-15,11:08:31.000,50.5250062,-5.0281461,31.2,1.344
2026-09-15,11:08:36.000,50.5249727,-5.0282227,29.6,1.325
2026-09-15,11:08:41.000,50.5249398,-5.0283087,26.4,1.316
2026-09-15,11:08:46.000,50.5249062,-5.0283864,27.6,1.325
2026-09-15,11:08:51.000,50.5248692,-5.0284390,27.2,1.278
2026-09-15,11:08:56.000,50.5248167,-5.0284486,27.4,1.297
2026-09-15,11:09:01.000,50.5247620,-5.0284335,26.2,1.260
2026-09-15,11:09:06.000,50.5247124,-5.0284173,25.8,1.260
2026-09-15,11:09:11.000,50.5246604,-5.0284051,26.0,1.213
2026-09-15,11:09:16.000,50.5246037,-5.0284080,26.4,1.213
2026-09-15,11:09:21.000,50.5245471,-5.0284131,25.8,1.250
2026-09-15,11:09:26.000,50.5245146,-5.0284154,25.4,1.148
2026-09-15,11:09:31.000,50.5245116,-5.0284135,26.0,0.000
2026-09-15,11:09:36.000,50.5245105,-5.0284118,25.0,0.000
2026-09-15,11:09:41.000,50.5244996,-5.0284000,25.0,0.000
2026-09-15,11:09:46.000,50.5244881,-5.0283367,25.8,0.000
2026-09-15,11:09:51.000,50.5244905,-5.0282525,26.2,1.026
2026-09-15,11:09:56.000,50.5244978,-5.0281585,26.4,1.250
2026-09-15,11:10:01.000,50.5245037,-5.0280748,26.2,1.278
2026-09-15,11:10:06.000,50.5245081,-5.0279906,25.0,1.232
2026-09-15,11:10:11.000,50.5245072,-5.0279086,25.6,1.213
2026-09-15,11:10:16.000,50.5244942,-5.0278285,25.8,1.185
2026-09-15,11:10:21.000,50.5244605,-5.0277463,26.4,1.222
2026-09-15,11:10:26.000,50.5244242,-5.0276612,26.8,1.306
2026-09-15,11:10:31.000,50.5243898,-5.0275840,29.2,1.353
2026-09-15,11:10:36.000,50.5243536,-5.0275088,29.0,1.372
2026-09-15,11:10:41.000,50.5243212,-5.0274483,28.4,1.353
2026-09-15,11:10:46.000,50.5242994,-5.0273887,27.8,1.278
2026-09-15,11:10:51.000,50.5242858,-5.0273169,27.4,1.222
2026-09-15,11:10:56.000,50.5242652,-5.0272383,27.4,1.232
2026-09-15,11:11:01.000,50.5242392,-5.0271462,27.8,1.241
2026-09-15,11:11:06.000,50.5242153,-5.0270603,27.4,1.269
2026-09-15,11:11:11.000,50.5242046,-5.0270354,27.4,1.148
2026-09-15,11:11:16.000,50.5242031,-5.0270240,27.8,0.000
2026-09-15,11:11:21.000,50.5241837,-5.0269826,27.6,0.000
2026-09-15,11:11:26.000,50.5241779,-5.0269784,27.6,0.000
2026-09-15,11:11:31.000,50.5241772,-5.0269701,27.4,0.000
2026-09-15,11:11:36.000,50.5241769,-5.0269621,27.2,0.000
2026-09-15,11:11:41.000,50.5241691,-5.0269493,27.0,0.000
2026-09-15,11:11:46.000,50.5241344,-5.0268919,27.8,0.709
2026-09-15,11:11:51.000,50.5240943,-5.0268120,28.4,1.222
2026-09-15,11:11:56.000,50.5240477,-5.0267440,28.8,1.502
2026-09-15,11:12:01.000,50.5240049,-5.0266868,29.4,1.334
2026-09-15,11:12:06.000,50.5239647,-5.0266331,30.0,1.316
2026-09-15,11:12:11.000,50.5239254,-5.0265648,30.8,1.306
2026-09-15,11:12:16.000,50.5238843,-5.0265006,31.2,1.325
2026-09-15,11:12:21.000,50.5238497,-5.0264492,31.6,1.269
2026-09-15,11:12:26.000,50.5238136,-5.0263989,32.4,1.194
2026-09-15,11:12:31.000,50.5238054,-5.0263952,32.0,0.886
2026-09-15,11:12:36.000,50.5237993,-5.0263729,31.6,0.000
2026-09-15,11:12:41.000,50.5237670,-5.0263263,32.6,0.476
2026-09-15,11:12:46.000,50.5237625,-5.0263259,35.6,0.000
2026-09-15,11:12:51.000,50.5237655,-5.0263275,37.4,0.000
2026-09-15,11:12:56.000,50.5237578,-5.0263184,34.8,0.000
2026-09-15,11:13:01.000,50.5237143,-5.0262662,34.6,0.000
2026-09-15,11:13:06.000,50.5236741,-5.0262066,34.4,0.000
2026-09-15,11:13:11.000,50.5236378,-5.0261510,33.0,1.362
2026-09-15,11:13:16.000,50.5235992,-5.0260849,34.0,1.316
2026-09-15,11:13:21.000,50.5235613,-5.0260251,33.6,1.306
2026-09-15,11:13:26.000,50.5235018,-5.0260113,33.6,1.316
2026-09-15,11:13:31.000,50.5234427,-5.0260322,33.4,1.344
2026-09-15,11:13:36.000,50.5233993,-5.0260958,34.0,1.372
2026-09-15,11:13:41.000,50.5233668,-5.0261666,35.2,1.372
2026-09-15,11:13:46.000,50.5233357,-5.0262408,35.0,1.306
2026-09-15,11:13:51.000,50.5232947,-5.0263070,33.4,1.297
2026-09-15,11:13:56.000,50.5232452,-5.0263746,34.4,1.362
2026-09-15,11:14:01.000,50.5231921,-5.0264294,35.4,1.362
2026-09-15,11:14:06.000,50.5231470,-5.0264822,35.4,1.362
2026-09-15,11:14:11.000,50.5230927,-5.0265293,34.8,1.325
2026-09-15,11:14:16.000,50.5230416,-5.0265668,34.6,1.344
2026-09-15,11:14:21.000,50.5229891,-5.0266080,33.8,1.325
2026-09-15,11:14:26.000,50.5229352,-5.0266397,34.2,1.316
2026-09-15,11:14:31.000,50.5228810,-5.0266723,34.0,1.316
2026-09-15,11:14:36.000,50.5228293,-5.0267090,34.8,1.325
2026-09-15,11:14:41.000,50.5227770,-5.0267191,34.8,1.316
2026-09-15,11:14:46.000,50.5227293,-5.0266865,34.6,1.278
2026-09-15,11:14:51.000,50.5226840,-5.0266352,37.2,1.213
2026-09-15,11:14:56.000,50.5226340,-5.0265866,39.8,1.260
2026-09-15,11:15:01.000,50.5225735,-5.0265407,38.4,1.390
2026-09-15,11:15:06.000,50.5225198,-5.0265080,36.6,1.390
2026-09-15,11:15:11.000,50.5224678,-5.0264931,37.0,1.316
2026-09-15,11:15:16.000,50.5224106,-5.0264961,37.6,1.316
2026-09-15,11:15:21.000,50.5223500,-5.0265001,36.8,1.297
2026-09-15,11:15:26.000,50.5222882,-5.0265040,37.4,1.288
2026-09-15,11:15:31.000,50.5222309,-5.0265236,36.6,1.306
2026-09-15,11:15:36.000,50.5221710,-5.0265611,38.6,1.325
2026-09-15,11:15:41.000,50.5221123,-5.0265970,39.4,1.334
2026-09-15,11:15:46.000,50.5220577,-5.0266433,38.0,1.362
2026-09-15,11:15:51.000,50.5220063,-5.0267079,37.4,1.372
2026-09-15,11:15:56.000,50.5219597,-5.0267747,38.0,1.362
2026-09-15,11:16:01.000,50.5219221,-5.0268540,37.2,1.390
2026-09-15,11:16:06.000,50.5218919,-5.0269380,37.0,1.381
2026-09-15,11:16:11.000,50.5218634,-5.0270225,36.6,1.381
2026-09-15,11:16:16.000,50.5218424,-5.0271131,36.4,1.400
2026-09-15,11:16:21.000,50.5218154,-5.0272065,36.4,1.381
2026-09-15,11:16:26.000,50.5217845,-5.0272918,35.6,1.372
2026-09-15,11:16:31.000,50.5217486,-5.0273786,35.4,1.400
2026-09-15,11:16:36.000,50.5217189,-5.0274576,34.6,1.390
2026-09-15,11:16:41.000,50.5216834,-5.0275493,35.6,1.390
2026-09-15,11:16:46.000,50.5216415,-5.0276309,34.8,1.390
2026-09-15,11:16:51.000,50.5216032,-5.0277073,33.6,1.409
2026-09-15,11:16:56.000,50.5215646,-5.0277873,33.4,1.409
2026-09-15,11:17:01.000,50.5215243,-5.0278622,32.6,1.418
2026-09-15,11:17:06.000,50.5214765,-5.0279346,32.6,1.409
2026-09-15,11:17:11.000,50.5214295,-5.0280082,32.2,1.418
2026-09-15,11:17:16.000,50.5213824,-5.0280741,31.0,1.418
2026-09-15,11:17:21.000,50.5213293,-5.0281446,31.0,1.428
2026-09-15,11:17:26.000,50.5212746,-5.0282005,30.4,1.428
2026-09-15,11:17:31.000,50.5212182,-5.0282471,30.0,1.437
2026-09-15,11:17:36.000,50.5211627,-5.0282867,29.6,1.428
2026-09-15,11:17:41.000,50.5211040,-5.0283238,30.0,1.409
2026-09-15,11:17:46.000,50.5210491,-5.0283549,28.8,1.418
2026-09-15,11:17:51.000,50.5209942,-5.0283816,28.8,1.400
2026-09-15,11:17:56.000,50.5209401,-5.0284025,28.4,1.381
2026-09-15,11:18:01.000,50.5209082,-5.0284211,27.4,1.362
2026-09-15,11:18:06.000,50.5209082,-5.0284215,27.4,0.000
2026-09-15,11:18:11.000,50.5209067,-5.0284222,27.2,0.000
2026-09-15,11:18:16.000,50.5209042,-5.0284232,27.6,0.000
2026-09-15,11:18:21.000,50.5209030,-5.0284241,28.2,0.000
2026-09-15,11:18:26.000,50.5208935,-5.0284228,29.0,0.000
2026-09-15,11:18:31.000,50.5208489,-5.0284223,28.4,0.000
2026-09-15,11:18:36.000,50.5207963,-5.0284292,27.6,1.232
2026-09-15,11:18:41.000,50.5207379,-5.0284288,28.2,1.278
2026-09-15,11:18:46.000,50.5206793,-5.0284215,28.0,1.325
2026-09-15,11:18:51.000,50.5206244,-5.0283948,28.4,1.306
2026-09-15,11:18:56.000,50.5205933,-5.0283705,28.6,1.213
2026-09-15,11:19:01.000,50.5205873,-5.0283703,29.6,0.746
2026-09-15,11:19:06.000,50.5205854,-5.0283878,28.0,0.718
2026-09-15,11:19:11.000,50.5205837,-5.0283912,26.4,0.000
2026-09-15,11:19:16.000,50.5205828,-5.0283916,26.2,0.000
2026-09-15,11:19:21.000,50.5205833,-5.0283924,27.4,0.000
2026-09-15,11:19:26.000,50.5205821,-5.0283962,28.4,0.000
2026-09-15,11:19:31.000,50.5205614,-5.0284026,28.8,0.000
2026-09-15,11:19:36.000,50.5205267,-5.0284254,29.2,0.383
2026-09-15,11:19:41.000,50.5205242,-5.0284178,28.4,0.000
2026-09-15,11:19:46.000,50.5205226,-5.0284095,28.8,0.000
2026-09-15,11:19:51.000,50.5205622,-5.0284049,27.4,0.504
2026-09-15,11:19:56.000,50.5205841,-5.0283890,27.0,0.364
2026-09-15,11:20:01.000,50.5205886,-5.0283867,28.2,0.000
2026-09-15,11:20:06.000,50.5205872,-5.0283873,28.6,0.000
2026-09-15,11:20:11.000,50.5205857,-5.0283837,28.0,0.000
2026-09-15,11:20:16.000,50.5205845,-5.0283815,28.0,0.000
2026-09-15,11:20:21.000,50.5205868,-5.0283814,27.8,0.000
2026-09-15,11:20:26.000,50.5205860,-5.0283802,28.4,0.000
2026-09-15,11:20:31.000,50.5205851,-5.0283815,28.4,0.000
2026-09-15,11:20:36.000,50.5205835,-5.0283836,28.4,0.000
2026-09-15,11:20:41.000,50.5205832,-5.0283842,28.6,0.000
2026-09-15,11:20:46.000,50.5205852,-5.0283814,28.2,0.000
2026-09-15,11:20:51.000,50.5205897,-5.0283793,27.8,0.000
2026-09-15,11:20:56.000,50.5205891,-5.0283737,26.2,0.000
2026-09-15,11:21:01.000,50.5205888,-5.0283738,27.0,0.000
2026-09-15,11:21:06.000,50.5205900,-5.0283718,26.8,0.000
2026-09-15,11:21:11.000,50.5205900,-5.0283723,26.4,0.000
2026-09-15,11:21:16.000,50.5205902,-5.0283726,26.4,0.000
2026-09-15,11:21:21.000,50.5205904,-5.0283729,26.6,0.000
2026-09-15,11:21:26.000,50.5205907,-5.0283730,26.6,0.000
2026-09-15,11:21:31.000,50.5205908,-5.0283733,26.6,0.000
2026-09-15,11:21:36.000,50.5205909,-5.0283735,26.6,0.000
2026-09-15,11:21:41.000,50.5205908,-5.0283739,26.6,0.000
2026-09-15,11:21:46.000,50.5205907,-5.0283742,26.8,0.000
2026-09-15,11:21:51.000,50.5205907,-5.0283760,26.4,0.000
2026-09-15,11:21:56.000,50.5205905,-5.0283763,26.4,0.000
2026-09-15,11:22:01.000,50.5205903,-5.0283763,26.4,0.000
2026-09-15,11:22:06.000,50.5205901,-5.0283763,26.6,0.000
2026-09-15,11:22:11.000,50.5205898,-5.0283762,27.0,0.000
2026-09-15,11:22:16.000,50.5205896,-5.0283762,26.4,0.000
2026-09-15,11:22:21.000,50.5205896,-5.0283762,26.8,0.000
2026-09-15,11:22:26.000,50.5205881,-5.0283752,26.4,0.000
2026-09-15,11:22:31.000,50.5205881,-5.0283748,26.2,0.000
2026-09-15,11:22:36.000,50.5205881,-5.0283740,26.6,0.000
2026-09-15,11:22:41.000,50.5205881,-5.0283733,26.4,0.000
2026-09-15,11:22:46.000,50.5205881,-5.0283727,26.4,0.000
2026-09-15,11:22:51.000,50.5205878,-5.0283722,26.6,0.000
2026-09-15,11:22:56.000,50.5205876,-5.0283718,26.4,0.000
2026-09-15,11:23:01.000,50.5205875,-5.0283717,26.4,0.000
2026-09-15,11:23:06.000,50.5205870,-5.0283744,26.2,0.000
2026-09-15,11:23:11.000,50.5205868,-5.0283753,26.4,0.000
2026-09-15,11:23:16.000,50.5205868,-5.0283754,26.2,0.000
2026-09-15,11:23:21.000,50.5205869,-5.0283755,26.4,0.000
2026-09-15,11:23:26.000,50.5205871,-5.0283756,26.4,0.000
2026-09-15,11:23:31.000,50.5205871,-5.0283758,26.6,0.000
2026-09-15,11:23:36.000,50.5205873,-5.0283758,26.8,0.000
2026-09-15,11:23:41.000,50.5205873,-5.0283758,26.6,0.000
2026-09-15,11:23:46.000,50.5205873,-5.0283758,26.2,0.000
2026-09-15,11:23:51.000,50.5205875,-5.0283758,26.4,0.000
2026-09-15,11:23:56.000,50.5205876,-5.0283759,26.2,0.000
2026-09-15,11:24:01.000,50.5205877,-5.0283760,26.6,0.000
2026-09-15,11:24:06.000,50.5205877,-5.0283760,26.2,0.000
2026-09-15,11:24:11.000,50.5205878,-5.0283761,26.0,0.000
2026-09-15,11:24:16.000,50.5205878,-5.0283761,26.4,0.000
2026-09-15,11:24:21.000,50.5205878,-5.0283762,26.6,0.000
2026-09-15,11:24:26.000,50.5205878,-5.0283762,26.6,0.000
2026-09-15,11:24:31.000,50.5205878,-5.0283762,26.8,0.000
2026-09-15,11:24:36.000,50.5205877,-5.0283763,26.4,0.000
2026-09-15,11:24:41.000,50.5205876,-5.0283762,26.6,0.000
2026-09-15,11:24:46.000,50.5205876,-5.0283762,26.6,0.000
2026-09-15,11:24:51.000,50.5205876,-5.0283762,27.0,0.000
2026-09-15,11:24:56.000,50.5205874,-5.0283761,26.8,0.000
2026-09-15,11:25:01.000,50.5205876,-5.0283760,26.4,0.000
2026-09-15,11:25:06.000,50.5205898,-5.0283735,26.4,0.000
2026-09-15,11:25:11.000,50.5205909,-5.0283734,26.4,0.000
2026-09-15,11:25:16.000,50.5205914,-5.0283688,26.4,0.000
2026-09-15,11:25:21.000,50.5205911,-5.0283683,27.0,0.000
2026-09-15,11:25:26.000,50.5205907,-5.0283675,26.4,0.000
2026-09-15,11:25:31.000,50.5205909,-5.0283719,26.2,0.000
2026-09-15,11:25:36.000,50.5205907,-5.0283725,26.2,0.000
2026-09-15,11:25:41.000,50.5205905,-5.0283725,26.4,0.000
2026-09-15,11:25:46.000,50.5205905,-5.0283725,26.4,0.000
2026-09-15,11:25:51.000,50.5205909,-5.0283724,25.8,0.000
2026-09-15,11:25:56.000,50.5205911,-5.0283727,26.0,0.000
2026-09-15,11:26:01.000,50.5205912,-5.0283729,26.0,0.000
2026-09-15,11:26:06.000,50.5205913,-5.0283729,26.0,0.000
2026-09-15,11:26:11.000,50.5205914,-5.0283729,26.2,0.000
2026-09-15,11:26:16.000,50.5205911,-5.0283724,26.0,0.000
2026-09-15,11:26:21.000,50.5205900,-5.0283709,26.2,0.000
2026-09-15,11:26:26.000,50.5205897,-5.0283706,26.2,0.000
2026-09-15,11:26:31.000,50.5205867,-5.0283688,26.2,0.457
2026-09-15,11:26:36.000,50.5205831,-5.0283721,26.0,0.000
2026-09-15,11:26:41.000,50.5205829,-5.0283720,26.0,0.000
2026-09-15,11:26:46.000,50.5205829,-5.0283724,25.8,0.000
2026-09-15,11:26:51.000,50.5205833,-5.0283740,26.2,0.000
2026-09-15,11:26:56.000,50.5205840,-5.0283777,26.2,0.000
2026-09-15,11:27:01.000,50.5205850,-5.0283820,26.0,0.000
2026-09-15,11:27:06.000,50.5205850,-5.0283828,26.0,0.000
2026-09-15,11:27:11.000,50.5205850,-5.0283833,25.8,0.000
2026-09-15,11:27:16.000,50.5205849,-5.0283836,26.0,0.000
2026-09-15,11:27:21.000,50.5205845,-5.0283838,26.0,0.000
2026-09-15,11:27:26.000,50.5205841,-5.0283838,26.2,0.000
2026-09-15,11:27:31.000,50.5205838,-5.0283838,26.2,0.000
2026-09-15,11:27:36.000,50.5205834,-5.0283833,26.0,0.000
2026-09-15,11:27:41.000,50.5205832,-5.0283829,25.8,0.000
2026-09-15,11:27:46.000,50.5205831,-5.0283825,25.6,0.000
2026-09-15,11:27:51.000,50.5205830,-5.0283822,25.8,0.000
2026-09-15,11:27:56.000,50.5205829,-5.0283818,26.0,0.000
2026-09-15,11:28:01.000,50.5205830,-5.0283817,25.8,0.000
2026-09-15,11:28:06.000,50.5205830,-5.0283814,26.0,0.000
2026-09-15,11:28:11.000,50.5205830,-5.0283812,26.0,0.000
2026-09-15,11:28:16.000,50.5205830,-5.0283807,26.0,0.000
2026-09-15,11:28:21.000,50.5205830,-5.0283802,25.8,0.000
2026-09-15,11:28:26.000,50.5205832,-5.0283796,25.4,0.000
2026-09-15,11:28:31.000,50.5205833,-5.0283786,25.8,0.000
2026-09-15,11:28:36.000,50.5205834,-5.0283774,25.6,0.000
2026-09-15,11:28:41.000,50.5205834,-5.0283756,25.2,0.000
2026-09-15,11:28:46.000,50.5205833,-5.0283735,25.6,0.000
2026-09-15,11:28:51.000,50.5205831,-5.0283714,25.8,0.000
2026-09-15,11:28:56.000,50.5205829,-5.0283693,25.6,0.000
2026-09-15,11:29:01.000,50.5205826,-5.0283679,25.4,0.000
2026-09-15,11:29:06.000,50.5205828,-5.0283693,25.2,0.000
2026-09-15,11:29:11.000,50.5205855,-5.0283894,25.4,0.000
2026-09-15,11:29:16.000,50.5205874,-5.0283922,25.0,0.000
2026-09-15,11:29:21.000,50.5205860,-5.0283913,25.4,0.000
2026-09-15,11:29:26.000,50.5205801,-5.0283931,25.6,0.000
2026-09-15,11:29:31.000,50.5205784,-5.0283984,25.4,0.000
2026-09-15,11:29:36.000,50.5205781,-5.0283990,25.2,0.000
2026-09-15,11:29:41.000,50.5205783,-5.0283994,25.2,0.000
2026-09-15,11:29:46.000,50.5205864,-5.0284005,25.4,0.000
2026-09-15,11:29:51.000,50.5205873,-5.0284006,25.4,0.000
2026-09-15,11:29:56.000,50.5205874,-5.0284008,25.2,0.000
2026-09-15,11:30:01.000,50.5205874,-5.0284010,25.4,0.000
2026-09-15,11:30:06.000,50.5205874,-5.0284014,25.0,0.000
2026-09-15,11:30:11.000,50.5205873,-5.0284019,25.0,0.000
2026-09-15,11:30:16.000,50.5205872,-5.0284025,25.0,0.000
2026-09-15,11:30:21.000,50.5205871,-5.0284025,25.0,0.000
2026-09-15,11:30:26.000,50.5205871,-5.0284025,25.0,0.000
2026-09-15,11:30:31.000,50.5205871,-5.0284025,25.2,0.000
2026-09-15,11:30:36.000,50.5205871,-5.0284023,25.2,0.000
2026-09-15,11:30:41.000,50.5205871,-5.0284021,24.8,0.000
2026-09-15,11:30:46.000,50.5205870,-5.0284018,24.8,0.000
2026-09-15,11:30:51.000,50.5205869,-5.0284014,25.0,0.000
2026-09-15,11:30:56.000,50.5205868,-5.0284013,25.0,0.000
2026-09-15,11:31:01.000,50.5205867,-5.0284015,24.8,0.000
2026-09-15,11:31:06.000,50.5205865,-5.0284021,25.0,0.000
2026-09-15,11:31:11.000,50.5205864,-5.0284029,25.0,0.000
2026-09-15,11:31:16.000,50.5205862,-5.0284035,24.6,0.000
2026-09-15,11:31:21.000,50.5205861,-5.0284040,24.8,0.000
2026-09-15,11:31:26.000,50.5205860,-5.0284045,24.8,0.000
2026-09-15,11:31:31.000,50.5205860,-5.0284046,25.0,0.000
2026-09-15,11:31:36.000,50.5205863,-5.0284030,24.8,0.000
2026-09-15,11:31:41.000,50.5205845,-5.0283998,24.8,0.000
2026-09-15,11:31:46.000,50.5205822,-5.0283976,25.0,0.000
2026-09-15,11:31:51.000,50.5205808,-5.0283969,24.8,0.000
2026-09-15,11:31:56.000,50.5205784,-5.0284007,24.6,0.000
2026-09-15,11:32:01.000,50.5205779,-5.0284001,24.6,0.000
2026-09-15,11:32:06.000,50.5205782,-5.0284007,24.6,0.000
2026-09-15,11:32:11.000,50.5205784,-5.0284013,24.8,0.000
2026-09-15,11:32:16.000,50.5205788,-5.0284017,25.0,0.000
2026-09-15,11:32:21.000,50.5205790,-5.0284019,24.8,0.000
2026-09-15,11:32:26.000,50.5205793,-5.0284024,24.6,0.000
2026-09-15,11:32:31.000,50.5205798,-5.0284027,24.4,0.000
2026-09-15,11:32:36.000,50.5205801,-5.0284030,24.4,0.000
2026-09-15,11:32:41.000,50.5205805,-5.0284034,25.0,0.000
2026-09-15,11:32:46.000,50.5205808,-5.0284035,24.4,0.000
2026-09-15,11:32:51.000,50.5205810,-5.0284036,24.4,0.000
2026-09-15,11:32:56.000,50.5205810,-5.0284035,24.2,0.000
2026-09-15,11:33:01.000,50.5205807,-5.0284028,24.4,0.000
2026-09-15,11:33:06.000,50.5205804,-5.0284024,24.2,0.000
2026-09-15,11:33:11.000,50.5205803,-5.0284024,24.2,0.000
2026-09-15,11:33:16.000,50.5205803,-5.0284025,24.8,0.000
2026-09-15,11:33:21.000,50.5205808,-5.0283981,24.2,0.000
2026-09-15,11:33:26.000,50.5205783,-5.0283960,24.0,0.000
2026-09-15,11:33:31.000,50.5205784,-5.0283950,23.8,0.000
2026-09-15,11:33:36.000,50.5205788,-5.0283950,24.2,0.000
2026-09-15,11:33:41.000,50.5205792,-5.0283949,24.0,0.000
2026-09-15,11:33:46.000,50.5205796,-5.0283948,24.0,0.000
2026-09-15,11:33:51.000,50.5205800,-5.0283948,23.6,0.000
2026-09-15,11:33:56.000,50.5205803,-5.0283947,23.6,0.000
2026-09-15,11:34:01.000,50.5205801,-5.0283948,23.6,0.000
2026-09-15,11:34:06.000,50.5205788,-5.0283939,23.6,0.000
2026-09-15,11:34:11.000,50.5205769,-5.0283976,24.0,0.000
2026-09-15,11:34:16.000,50.5205799,-5.0283997,23.8,0.000
2026-09-15,11:34:21.000,50.5205797,-5.0283983,23.8,0.000
2026-09-15,11:34:26.000,50.5205794,-5.0283994,23.6,0.000
2026-09-15,11:34:31.000,50.5205791,-5.0283994,23.8,0.000
2026-09-15,11:34:36.000,50.5205790,-5.0283957,23.6,0.000
2026-09-15,11:34:41.000,50.5205788,-5.0283961,23.4,0.000
2026-09-15,11:34:46.000,50.5205786,-5.0283968,23.2,0.000
2026-09-15,11:34:51.000,50.5205784,-5.0283975,23.2,0.000
2026-09-15,11:34:56.000,50.5205783,-5.0283987,23.4,0.000
2026-09-15,11:35:01.000,50.5205788,-5.0284005,23.4,0.000
2026-09-15,11:35:06.000,50.5205789,-5.0284003,23.2,0.000
2026-09-15,11:35:11.000,50.5205790,-5.0283978,23.4,0.000
2026-09-15,11:35:16.000,50.5205767,-5.0283883,23.6,0.000
2026-09-15,11:35:21.000,50.5205772,-5.0283920,23.6,0.000
2026-09-15,11:35:26.000,50.5205753,-5.0283905,23.6,0.000
2026-09-15,11:35:31.000,50.5205758,-5.0283899,23.4,0.000
2026-09-15,11:35:36.000,50.5205798,-5.0283909,23.2,0.000
2026-09-15,11:35:41.000,50.5205840,-5.0283930,23.4,0.000
2026-09-15,11:35:46.000,50.5205883,-5.0283978,23.4,0.000
2026-09-15,11:35:51.000,50.5205883,-5.0283894,23.4,0.000
2026-09-15,11:35:56.000,50.5205875,-5.0283890,23.2,0.000
2026-09-15,11:36:01.000,50.5205866,-5.0283890,22.8,0.000
2026-09-15,11:36:06.000,50.5205858,-5.0283890,23.0,0.000
2026-09-15,11:36:11.000,50.5205851,-5.0283890,23.0,0.000
2026-09-15,11:36:16.000,50.5205847,-5.0283890,23.0,0.000
2026-09-15,11:36:21.000,50.5205845,-5.0283890,22.4,0.000
2026-09-15,11:36:26.000,50.5205845,-5.0283888,22.6,0.000
2026-09-15,11:36:31.000,50.5205846,-5.0283887,23.0,0.000
2026-09-15,11:36:36.000,50.5205846,-5.0283886,23.0,0.000
2026-09-15,11:36:41.000,50.5205847,-5.0283885,23.0,0.000
2026-09-15,11:36:46.000,50.5205846,-5.0283885,22.8,0.000
2026-09-15,11:36:51.000,50.5205847,-5.0283885,23.0,0.000
2026-09-15,11:36:56.000,50.5205849,-5.0283885,23.2,0.000
2026-09-15,11:37:01.000,50.5205850,-5.0283885,23.2,0.000
2026-09-15,11:37:06.000,50.5205848,-5.0283885,23.2,0.000
2026-09-15,11:37:11.000,50.5205846,-5.0283885,23.4,0.000
2026-09-15,11:37:16.000,50.5205844,-5.0283886,23.6,0.000
2026-09-15,11:37:21.000,50.5205842,-5.0283887,23.4,0.000
2026-09-15,11:37:26.000,50.5205842,-5.0283888,23.6,0.000
2026-09-15,11:37:31.000,50.5205842,-5.0283889,23.6,0.000
2026-09-15,11:37:36.000,50.5205844,-5.0283890,23.8,0.000
2026-09-15,11:37:41.000,50.5205845,-5.0283891,23.4,0.000
2026-09-15,11:37:46.000,50.5205845,-5.0283894,23.2,0.000
2026-09-15,11:37:51.000,50.5205844,-5.0283896,23.2,0.000
2026-09-15,11:37:56.000,50.5205841,-5.0283900,23.2,0.000
2026-09-15,11:38:01.000,50.5205843,-5.0283902,23.0,0.000
2026-09-15,11:38:06.000,50.5205850,-5.0283901,23.0,0.000
2026-09-15,11:38:11.000,50.5205862,-5.0283900,22.8,0.000
2026-09-15,11:38:16.000,50.5205875,-5.0283898,22.8,0.000
2026-09-15,11:38:21.000,50.5205882,-5.0283898,22.8,0.000
2026-09-15,11:38:26.000,50.5205886,-5.0283899,22.6,0.000
2026-09-15,11:38:31.000,50.5205886,-5.0283900,22.8,0.000
2026-09-15,11:38:36.000,50.5205885,-5.0283902,22.4,0.000
2026-09-15,11:38:41.000,50.5205883,-5.0283905,22.4,0.000
2026-09-15,11:38:46.000,50.5205881,-5.0283907,22.4,0.000
2026-09-15,11:38:51.000,50.5205878,-5.0283909,22.4,0.000
2026-09-15,11:38:56.000,50.5205876,-5.0283911,22.2,0.000
2026-09-15,11:39:01.000,50.5205877,-5.0283911,22.6,0.000
2026-09-15,11:39:06.000,50.5205877,-5.0283912,22.4,0.000
2026-09-15,11:39:11.000,50.5205876,-5.0283913,22.6,0.000
2026-09-15,11:39:16.000,50.5205876,-5.0283912,22.8,0.000
2026-09-15,11:39:21.000,50.5205877,-5.0283911,22.4,0.000
2026-09-15,11:39:26.000,50.5205880,-5.0283911,22.2,0.000
2026-09-15,11:39:31.000,50.5205885,-5.0283909,22.2,0.000
2026-09-15,11:39:36.000,50.5205891,-5.0283906,22.4,0.000
2026-09-15,11:39:41.000,50.5205896,-5.0283905,22.4,0.000
2026-09-15,11:39:46.000,50.5205901,-5.0283904,22.4,0.000
2026-09-15,11:39:51.000,50.5205902,-5.0283904,22.0,0.000
2026-09-15,11:39:56.000,50.5205899,-5.0283905,22.2,0.000
2026-09-15,11:40:01.000,50.5205895,-5.0283907,22.0,0.000
2026-09-15,11:40:06.000,50.5205889,-5.0283910,22.2,0.000
2026-09-15,11:40:11.000,50.5205884,-5.0283912,22.4,0.000
2026-09-15,11:40:16.000,50.5205880,-5.0283915,22.2,0.000
2026-09-15,11:40:21.000,50.5205878,-5.0283916,22.0,0.000
2026-09-15,11:40:26.000,50.5205878,-5.0283917,22.2,0.000
2026-09-15,11:40:31.000,50.5205880,-5.0283917,22.4,0.000
2026-09-15,11:40:36.000,50.5205881,-5.0283916,22.4,0.000
2026-09-15,11:40:41.000,50.5205886,-5.0283912,22.2,0.000
2026-09-15,11:40:46.000,50.5205892,-5.0283909,22.0,0.000
2026-09-15,11:40:51.000,50.5205895,-5.0283908,22.4,0.000
2026-09-15,11:40:56.000,50.5205896,-5.0283908,22.0,0.000
2026-09-15,11:41:01.000,50.5205896,-5.0283909,22.0,0.000
2026-09-15,11:41:06.000,50.5205893,-5.0283910,22.0,0.000
2026-09-15,11:41:11.000,50.5205890,-5.0283911,22.2,0.000
2026-09-15,11:41:16.000,50.5205886,-5.0283912,21.4,0.000
2026-09-15,11:41:21.000,50.5205882,-5.0283914,21.2,0.000
2026-09-15,11:41:26.000,50.5205877,-5.0283916,21.2,0.000
2026-09-15,11:41:31.000,50.5205871,-5.0283918,21.2,0.000
2026-09-15,11:41:36.000,50.5205862,-5.0283921,21.4,0.000
2026-09-15,11:41:41.000,50.5205854,-5.0283923,21.4,0.000
2026-09-15,11:41:46.000,50.5205845,-5.0283926,21.8,0.000
2026-09-15,11:41:51.000,50.5205835,-5.0283928,21.4,0.000
2026-09-15,11:41:56.000,50.5205828,-5.0283930,21.8,0.000
2026-09-15,11:42:01.000,50.5205828,-5.0283931,21.4,0.000
2026-09-15,11:42:06.000,50.5205845,-5.0283935,21.4,0.000
2026-09-15,11:42:11.000,50.5205856,-5.0283916,21.8,0.000
2026-09-15,11:42:16.000,50.5205777,-5.0283916,22.2,0.000
2026-09-15,11:42:21.000,50.5205839,-5.0283579,22.8,0.000
2026-09-15,11:42:26.000,50.5205881,-5.0282853,22.4,0.868
2026-09-15,11:42:31.000,50.5205933,-5.0282097,22.4,0.774
2026-09-15,11:42:36.000,50.5206119,-5.0281257,22.6,1.054
2026-09-15,11:42:41.000,50.5206234,-5.0280527,22.8,1.204
2026-09-15,11:42:46.000,50.5206314,-5.0280032,22.4,1.101
2026-09-15,11:42:51.000,50.5206568,-5.0279243,23.8,1.241
2026-09-15,11:42:56.000,50.5206820,-5.0278449,23.4,1.400
2026-09-15,11:43:01.000,50.5207010,-5.0277820,24.4,1.213
2026-09-15,11:43:06.000,50.5207270,-5.0277024,24.0,1.325
2026-09-15,11:43:11.000,50.5207383,-5.0276673,24.6,1.176
2026-09-15,11:43:16.000,50.5207532,-5.0276167,24.4,0.000
2026-09-15,11:43:21.000,50.5207848,-5.0275183,24.4,1.484
2026-09-15,11:43:26.000,50.5208088,-5.0274263,25.4,1.465
2026-09-15,11:43:31.000,50.5208238,-5.0273348,26.0,1.409
2026-09-15,11:43:36.000,50.5208336,-5.0272444,25.8,1.418
2026-09-15,11:43:41.000,50.5208412,-5.0271525,26.0,1.428
2026-09-15,11:43:46.000,50.5208406,-5.0270843,26.0,1.390
2026-09-15,11:43:51.000,50.5208308,-5.0271404,27.2,1.344
2026-09-15,11:43:56.000,50.5208215,-5.0272255,27.2,1.297
2026-09-15,11:44:01.000,50.5208243,-5.0272592,26.4,1.222
2026-09-15,11:44:06.000,50.5208248,-5.0272491,25.2,0.000
2026-09-15,11:44:11.000,50.5208288,-5.0271796,26.6,0.000
2026-09-15,11:44:16.000,50.5208282,-5.0271384,27.0,0.812
2026-09-15,11:44:21.000,50.5208269,-5.0271323,26.6,0.000
2026-09-15,11:44:26.000,50.5208303,-5.0271244,26.0,0.000
2026-09-15,11:44:31.000,50.5208362,-5.0270463,27.2,0.457
2026-09-15,11:44:36.000,50.5208432,-5.0269614,27.8,1.362
2026-09-15,11:44:41.000,50.5208407,-5.0269259,27.4,0.830
2026-09-15,11:44:46.000,50.5208414,-5.0268409,27.0,0.924
2026-09-15,11:44:51.000,50.5208495,-5.0267531,28.0,1.054
2026-09-15,11:44:56.000,50.5208541,-5.0266612,28.2,1.129
2026-09-15,11:45:01.000,50.5208580,-5.0265651,28.2,1.344
2026-09-15,11:45:06.000,50.5208698,-5.0264803,28.2,1.288
2026-09-15,11:45:11.000,50.5208802,-5.0263931,29.2,1.288
2026-09-15,11:45:16.000,50.5208884,-5.0263102,29.8,1.288
2026-09-15,11:45:21.000,50.5208538,-5.0262366,29.6,1.269
2026-09-15,11:45:26.000,50.5208146,-5.0261677,29.2,1.297
2026-09-15,11:45:31.000,50.5208088,-5.0260802,31.2,1.288
2026-09-15,11:45:36.000,50.5208082,-5.0259943,30.0,1.325
2026-09-15,11:45:41.000,50.5208104,-5.0258945,30.0,1.306
2026-09-15,11:45:46.000,50.5208001,-5.0258017,30.0,1.325
2026-09-15,11:45:51.000,50.5207655,-5.0257352,30.6,1.306
2026-09-15,11:45:56.000,50.5207035,-5.0257034,31.0,1.325
2026-09-15,11:46:01.000,50.5206393,-5.0256752,33.2,1.353
2026-09-15,11:46:06.000,50.5205757,-5.0256526,36.6,1.409
2026-09-15,11:46:11.000,50.5205078,-5.0256300,38.2,1.400
2026-09-15,11:46:16.000,50.5204344,-5.0256135,36.8,1.428
2026-09-15,11:46:21.000,50.5203869,-5.0255992,35.2,1.446
2026-09-15,11:46:26.000,50.5203260,-5.0255613,34.4,1.409
2026-09-15,11:46:31.000,50.5202630,-5.0255460,34.2,1.428
2026-09-15,11:46:36.000,50.5202105,-5.0255525,35.0,1.446
2026-09-15,11:46:41.000,50.5201726,-5.0255652,35.2,1.353
2026-09-15,11:46:46.000,50.5201079,-5.0255973,36.4,1.493
2026-09-15,11:46:51.000,50.5200553,-5.0256259,34.8,1.390
2026-09-15,11:46:56.000,50.5199953,-5.0256744,34.2,1.409
2026-09-15,11:47:01.000,50.5199370,-5.0257259,33.8,1.456
2026-09-15,11:47:06.000,50.5198853,-5.0257752,35.2,1.456
2026-09-15,11:47:11.000,50.5198305,-5.0258398,33.2,1.437
2026-09-15,11:47:16.000,50.5197911,-5.0259233,31.6,1.446
2026-09-15,11:47:21.000,50.5197580,-5.0260096,32.0,1.428
2026-09-15,11:47:26.000,50.5197259,-5.0260885,32.6,1.437
2026-09-15,11:47:31.000,50.5197575,-5.0261459,34.4,1.409
2026-09-15,11:47:36.000,50.5197658,-5.0261615,35.0,1.278
2026-09-15,11:47:41.000,50.5197597,-5.0261682,34.0,0.000
2026-09-15,11:47:46.000,50.5197571,-5.0261823,33.6,0.000
2026-09-15,11:47:51.000,50.5197609,-5.0261898,33.6,0.000
2026-09-15,11:47:56.000,50.5197664,-5.0261978,35.2,0.000
2026-09-15,11:48:01.000,50.5197401,-5.0262257,34.8,0.000
2026-09-15,11:48:06.000,50.5197067,-5.0263179,31.6,1.810
2026-09-15,11:48:11.000,50.5196777,-5.0264264,31.8,1.717
2026-09-15,11:48:16.000,50.5196535,-5.0265202,31.0,1.633
2026-09-15,11:48:21.000,50.5196331,-5.0266168,31.2,1.540
2026-09-15,11:48:26.000,50.5196095,-5.0267199,31.4,1.512
2026-09-15,11:48:31.000,50.5195908,-5.0268241,31.0,1.428
2026-09-15,11:48:36.000,50.5195601,-5.0269150,31.4,1.512
2026-09-15,11:48:41.000,50.5195061,-5.0269413,30.2,1.437
2026-09-15,11:48:46.000,50.5194372,-5.0269661,28.8,1.428
2026-09-15,11:48:51.000,50.5193597,-5.0269830,28.6,1.484
2026-09-15,11:48:56.000,50.5192889,-5.0269975,27.6,1.540
2026-09-15,11:49:01.000,50.5192234,-5.0270157,26.8,1.540
2026-09-15,11:49:06.000,50.5191534,-5.0270575,27.4,1.540
2026-09-15,11:49:11.000,50.5190806,-5.0271074,27.6,1.568
2026-09-15,11:49:16.000,50.5190194,-5.0271401,27.6,1.558
2026-09-15,11:49:21.000,50.5189519,-5.0271520,28.8,1.558
2026-09-15,11:49:26.000,50.5188859,-5.0271629,27.4,1.568
2026-09-15,11:49:31.000,50.5188519,-5.0271666,27.0,1.549
2026-09-15,11:49:36.000,50.5188320,-5.0271739,25.2,1.073
2026-09-15,11:49:41.000,50.5187849,-5.0271887,25.8,0.000
2026-09-15,11:49:46.000,50.5187221,-5.0271933,25.0,1.474
2026-09-15,11:49:51.000,50.5186604,-5.0272059,24.8,1.586
2026-09-15,11:49:56.000,50.5185984,-5.0272147,23.8,1.446
2026-09-15,11:50:01.000,50.5185455,-5.0272141,24.0,1.372
2026-09-15,11:50:06.000,50.5184814,-5.0272155,22.8,1.334
2026-09-15,11:50:11.000,50.5184308,-5.0272018,22.4,1.334
2026-09-15,11:50:16.000,50.5184206,-5.0272047,22.0,1.110
2026-09-15,11:50:21.000,50.5184201,-5.0272053,20.8,0.000
2026-09-15,11:50:26.000,50.5184197,-5.0272053,21.0,0.000
2026-09-15,11:50:31.000,50.5184193,-5.0272051,21.4,0.000
2026-09-15,11:50:36.000,50.5184188,-5.0272049,21.0,0.000
2026-09-15,11:50:41.000,50.5184183,-5.0272047,21.2,0.000
2026-09-15,11:50:46.000,50.5184178,-5.0272045,21.4,0.000
2026-09-15,11:50:51.000,50.5184173,-5.0272043,21.2,0.000
2026-09-15,11:50:56.000,50.5184169,-5.0272041,21.6,0.000
2026-09-15,11:51:01.000,50.5184165,-5.0272039,21.2,0.000
2026-09-15,11:51:06.000,50.5184162,-5.0272038,21.2,0.000
2026-09-15,11:51:11.000,50.5184160,-5.0272038,21.4,0.000
2026-09-15,11:51:16.000,50.5184156,-5.0272039,21.6,0.000
2026-09-15,11:51:21.000,50.5184062,-5.0272072,22.2,0.000
2026-09-15,11:51:26.000,50.5183560,-5.0272126,23.2,0.000
2026-09-15,11:51:31.000,50.5183111,-5.0272235,23.0,1.372
2026-09-15,11:51:36.000,50.5182824,-5.0272610,21.4,0.998
2026-09-15,11:51:41.000,50.5182373,-5.0272522,19.4,1.064
2026-09-15,11:51:46.000,50.5181861,-5.0272386,18.4,1.120
2026-09-15,11:51:51.000,50.5181298,-5.0272306,18.4,1.120
2026-09-15,11:51:56.000,50.5180732,-5.0272271,18.6,1.372
2026-09-15,11:52:01.000,50.5180337,-5.0272509,18.0,1.241
2026-09-15,11:52:06.000,50.5179927,-5.0272876,19.8,1.138
2026-09-15,11:52:11.000,50.5179398,-5.0273099,19.2,1.148
2026-09-15,11:52:16.000,50.5178819,-5.0273166,19.0,1.166
2026-09-15,11:52:21.000,50.5178334,-5.0272820,19.4,1.213
2026-09-15,11:52:26.000,50.5177914,-5.0272287,19.8,1.204
2026-09-15,11:52:31.000,50.5177437,-5.0271810,20.4,1.204
2026-09-15,11:52:36.000,50.5176897,-5.0271267,21.0,1.306
2026-09-15,11:52:41.000,50.5176345,-5.0270850,19.6,1.306
2026-09-15,11:52:46.000,50.5175780,-5.0270587,18.8,1.325
2026-09-15,11:52:51.000,50.5175360,-5.0270369,20.8,1.316
2026-09-15,11:52:56.000,50.5174946,-5.0270128,19.6,1.250
2026-09-15,11:53:01.000,50.5174617,-5.0270018,17.4,1.194
2026-09-15,11:53:06.000,50.5174396,-5.0270476,15.6,0.952
2026-09-15,11:53:11.000,50.5174340,-5.0271349,15.2,1.204
2026-09-15,11:53:16.000,50.5174205,-5.0271980,14.8,0.970
2026-09-15,11:53:21.000,50.5174051,-5.0272554,15.6,0.877
2026-09-15,11:53:26.000,50.5173891,-5.0273053,15.0,0.924
2026-09-15,11:53:31.000,50.5173769,-5.0273296,17.2,0.746
2026-09-15,11:53:36.000,50.5173560,-5.0273637,17.2,0.709
2026-09-15,11:53:41.000,50.5173222,-5.0273913,16.6,0.774
2026-09-15,11:53:46.000,50.5172918,-5.0274221,17.0,0.821
2026-09-15,11:53:51.000,50.5172592,-5.0274397,19.4,0.840
2026-09-15,11:53:56.000,50.5172241,-5.0274514,22.2,0.877
2026-09-15,11:54:01.000,50.5172023,-5.0274707,22.0,0.746
2026-09-15,11:54:06.000,50.5172024,-5.0274726,21.4,0.000
2026-09-15,11:54:11.000,50.5172027,-5.0274724,22.6,0.000
2026-09-15,11:54:16.000,50.5171993,-5.0274721,24.0,0.000
2026-09-15,11:54:21.000,50.5171595,-5.0274866,22.4,0.000
2026-09-15,11:54:26.000,50.5171072,-5.0274918,22.8,1.026
2026-09-15,11:54:31.000,50.5170568,-5.0274971,25.6,1.194
2026-09-15,11:54:36.000,50.5170091,-5.0274872,25.0,1.045
2026-09-15,11:54:41.000,50.5169598,-5.0274591,24.0,1.064
2026-09-15,11:54:46.000,50.5169052,-5.0274296,24.2,1.101
2026-09-15,11:54:51.000,50.5168550,-5.0273972,25.4,1.194
2026-09-15,11:54:56.000,50.5168123,-5.0273584,26.8,1.082
2026-09-15,11:55:01.000,50.5167626,-5.0272969,28.0,1.138
2026-09-15,11:55:06.000,50.5167189,-5.0272245,27.4,1.176
2026-09-15,11:55:11.000,50.5166827,-5.0271424,26.6,1.241
2026-09-15,11:55:16.000,50.5166514,-5.0270553,26.2,1.269
2026-09-15,11:55:21.000,50.5166213,-5.0269732,27.2,1.278
2026-09-15,11:55:26.000,50.5165844,-5.0268960,27.0,1.288
2026-09-15,11:55:31.000,50.5165424,-5.0268241,27.4,1.297
2026-09-15,11:55:36.000,50.5165169,-5.0267426,27.8,1.297
2026-09-15,11:55:41.000,50.5164910,-5.0266619,28.6,1.288
2026-09-15,11:55:46.000,50.5164520,-5.0265861,29.8,1.306
2026-09-15,11:55:51.000,50.5164114,-5.0265304,32.4,1.334
2026-09-15,11:55:56.000,50.5163608,-5.0265052,35.2,1.306
2026-09-15,11:56:01.000,50.5162924,-5.0265335,34.2,1.353
2026-09-15,11:56:06.000,50.5162347,-5.0265662,32.8,1.381
2026-09-15,11:56:11.000,50.5161824,-5.0266154,34.8,1.381
2026-09-15,11:56:16.000,50.5161315,-5.0266705,35.6,1.372
2026-09-15,11:56:21.000,50.5160739,-5.0267390,34.2,1.390
2026-09-15,11:56:26.000,50.5160212,-5.0268029,34.4,1.400
2026-09-15,11:56:31.000,50.5159767,-5.0268570,34.2,1.428
2026-09-15,11:56:36.000,50.5159383,-5.0269319,35.4,1.400
2026-09-15,11:56:41.000,50.5159051,-5.0270106,35.2,1.390
2026-09-15,11:56:46.000,50.5158758,-5.0270997,33.0,1.390
2026-09-15,11:56:51.000,50.5158497,-5.0272100,32.2,1.400
2026-09-15,11:56:56.000,50.5158213,-5.0273070,33.0,1.428
2026-09-15,11:57:01.000,50.5157912,-5.0273896,32.2,1.428
2026-09-15,11:57:06.000,50.5157606,-5.0274800,33.2,1.456
2026-09-15,11:57:11.000,50.5157242,-5.0275596,35.4,1.400
2026-09-15,11:57:16.000,50.5156889,-5.0276456,34.0,1.409
2026-09-15,11:57:21.000,50.5156506,-5.0277176,31.0,1.381
2026-09-15,11:57:26.000,50.5155997,-5.0277792,30.8,1.390
2026-09-15,11:57:31.000,50.5155740,-5.0278044,29.6,1.381
2026-09-15,11:57:36.000,50.5155717,-5.0278166,29.2,1.185
2026-09-15,11:57:41.000,50.5155494,-5.0278452,30.0,0.000
2026-09-15,11:57:46.000,50.5155105,-5.0279011,30.0,0.541
2026-09-15,11:57:51.000,50.5154693,-5.0279649,29.0,1.362
2026-09-15,11:57:56.000,50.5154280,-5.0280318,27.4,1.334
2026-09-15,11:58:01.000,50.5153930,-5.0281063,28.2,1.390
2026-09-15,11:58:06.000,50.5153573,-5.0281846,29.6,1.362
2026-09-15,11:58:11.000,50.5153276,-5.0282729,29.6,1.372
2026-09-15,11:58:16.000,50.5153014,-5.0283535,27.8,1.390
2026-09-15,11:58:21.000,50.5153009,-5.0283848,24.6,1.185
2026-09-15,11:58:26.000,50.5153000,-5.0283859,24.8,0.000
2026-09-15,11:58:31.000,50.5152992,-5.0283855,25.2,0.000
2026-09-15,11:58:36.000,50.5152840,-5.0284300,24.8,0.000
2026-09-15,11:58:41.000,50.5152542,-5.0285045,24.2,1.045
2026-09-15,11:58:46.000,50.5152174,-5.0285777,25.8,1.297
2026-09-15,11:58:51.000,50.5151692,-5.0286581,25.6,1.456
2026-09-15,11:58:56.000,50.5151217,-5.0287320,25.4,1.474
2026-09-15,11:59:01.000,50.5150903,-5.0288135,25.2,1.446
2026-09-15,11:59:06.000,50.5150526,-5.0289065,23.8,1.474
2026-09-15,11:59:11.000,50.5150080,-5.0289678,24.0,1.474
2026-09-15,11:59:16.000,50.5149452,-5.0290009,22.8,1.409
2026-09-15,11:59:21.000,50.5148813,-5.0290396,22.8,1.456
2026-09-15,11:59:26.000,50.5148288,-5.0290312,22.4,1.428
2026-09-15,11:59:31.000,50.5148257,-5.0289543,23.4,1.390
2026-09-15,11:59:36.000,50.5148561,-5.0288657,22.6,1.372
2026-09-15,11:59:41.000,50.5148897,-5.0287801,22.8,1.418
2026-09-15,11:59:46.000,50.5149231,-5.0286905,23.0,1.400
2026-09-15,11:59:51.000,50.5149402,-5.0285939,23.8,1.437
2026-09-15,11:59:56.000,50.5149304,-5.0284973,24.4,1.456
2026-09-15,12:00:01.000,50.5149014,-5.0284172,25.4,1.428
2026-09-15,12:00:06.000,50.5148637,-5.0283389,26.6,1.409
2026-09-15,12:00:11.000,50.5148181,-5.0282746,27.0,1.418
2026-09-15,12:00:16.000,50.5147764,-5.0282135,27.8,1.400
2026-09-15,12:00:21.000,50.5147324,-5.0281437,29.4,1.390
2026-09-15,12:00:26.000,50.5147061,-5.0280675,30.0,1.353
2026-09-15,12:00:31.000,50.5147037,-5.0279799,31.0,1.325
2026-09-15,12:00:36.000,50.5147099,-5.0278832,30.8,1.344
2026-09-15,12:00:41.000,50.5147196,-5.0277851,31.0,1.362
2026-09-15,12:00:46.000,50.5147300,-5.0276941,30.2,1.362
2026-09-15,12:00:51.000,50.5147360,-5.0276002,31.6,1.353
2026-09-15,12:00:56.000,50.5147407,-5.0275083,32.0,1.344
2026-09-15,12:01:01.000,50.5147457,-5.0274151,32.6,1.353
2026-09-15,12:01:06.000,50.5147527,-5.0273165,32.8,1.344
2026-09-15,12:01:11.000,50.5147594,-5.0272224,33.2,1.344
2026-09-15,12:01:16.000,50.5147617,-5.0271416,33.4,1.334
2026-09-15,12:01:21.000,50.5147627,-5.0270358,35.8,1.362
2026-09-15,12:01:26.000,50.5147464,-5.0269441,36.0,1.372
2026-09-15,12:01:31.000,50.5147011,-5.0268808,36.2,1.372
2026-09-15,12:01:36.000,50.5146507,-5.0268324,36.6,1.353
2026-09-15,12:01:41.000,50.5145973,-5.0267970,38.4,1.325
2026-09-15,12:01:46.000,50.5145384,-5.0267687,37.8,1.325
2026-09-15,12:01:51.000,50.5144802,-5.0267473,39.4,1.334
2026-09-15,12:01:56.000,50.5144170,-5.0267191,39.0,1.362
2026-09-15,12:02:01.000,50.5143621,-5.0266961,39.6,1.362
2026-09-15,12:02:06.000,50.5143014,-5.0266706,38.4,1.344
2026-09-15,12:02:11.000,50.5142558,-5.0266090,39.6,1.334
2026-09-15,12:02:16.000,50.5142223,-5.0265270,40.0,1.353
2026-09-15,12:02:21.000,50.5141900,-5.0264406,40.8,1.390
2026-09-15,12:02:26.000,50.5141451,-5.0263639,41.2,1.409
2026-09-15,12:02:31.000,50.5140817,-5.0263340,41.0,1.437
2026-09-15,12:02:36.000,50.5140137,-5.0263393,40.6,1.474
2026-09-15,12:02:41.000,50.5139482,-5.0263682,41.4,1.484
2026-09-15,12:02:46.000,50.5138884,-5.0264140,41.8,1.474
2026-09-15,12:02:51.000,50.5138305,-5.0264589,42.0,1.493
2026-09-15,12:02:56.000,50.5137680,-5.0264926,41.0,1.446
2026-09-15,12:03:01.000,50.5137062,-5.0265224,41.0,1.474
2026-09-15,12:03:06.000,50.5136487,-5.0265433,42.0,1.474
2026-09-15,12:03:11.000,50.5135956,-5.0265686,41.8,1.474
2026-09-15,12:03:16.000,50.5135419,-5.0265882,42.4,1.428
2026-09-15,12:03:21.000,50.5135173,-5.0266154,42.8,1.409
2026-09-15,12:03:26.000,50.5135162,-5.0266187,43.0,0.000
2026-09-15,12:03:31.000,50.5135162,-5.0266213,42.6,0.000
2026-09-15,12:03:36.000,50.5135155,-5.0266221,42.4,0.000
2026-09-15,12:03:41.000,50.5135145,-5.0266231,42.4,0.000
2026-09-15,12:03:46.000,50.5135136,-5.0266239,42.6,0.000
2026-09-15,12:03:51.000,50.5135132,-5.0266244,42.6,0.000
2026-09-15,12:03:56.000,50.5135124,-5.0266349,43.4,0.224
2026-09-15,12:04:01.000,50.5135155,-5.0267091,42.0,0.980
2026-09-15,12:04:06.000,50.5135059,-5.0268130,41.8,1.512
2026-09-15,12:04:11.000,50.5134812,-5.0268957,42.8,1.418
2026-09-15,12:04:16.000,50.5134570,-5.0269759,41.6,1.418
2026-09-15,12:04:21.000,50.5134392,-5.0270843,42.2,1.456
2026-09-15,12:04:26.000,50.5134207,-5.0271809,41.8,1.456
2026-09-15,12:04:31.000,50.5134004,-5.0272681,41.4,1.390
2026-09-15,12:04:36.000,50.5133772,-5.0273901,43.0,1.418
2026-09-15,12:04:41.000,50.5133560,-5.0274877,42.6,1.474
2026-09-15,12:04:46.000,50.5133310,-5.0275732,42.4,1.465
2026-09-15,12:04:51.000,50.5133080,-5.0276630,43.0,1.437
2026-09-15,12:04:56.000,50.5133056,-5.0276971,41.4,1.390
2026-09-15,12:05:01.000,50.5133090,-5.0277034,41.4,0.000
2026-09-15,12:05:06.000,50.5132772,-5.0277454,41.8,0.000
2026-09-15,12:05:11.000,50.5132533,-5.0278334,40.8,1.362
2026-09-15,12:05:16.000,50.5132363,-5.0279257,40.4,1.353
2026-09-15,12:05:21.000,50.5132087,-5.0280046,39.0,1.260
2026-09-15,12:05:26.000,50.5131607,-5.0280701,37.8,1.325
2026-09-15,12:05:31.000,50.5131107,-5.0281188,37.6,1.353
2026-09-15,12:05:36.000,50.5130638,-5.0281600,36.6,1.260
2026-09-15,12:05:41.000,50.5130194,-5.0281827,35.4,1.213
2026-09-15,12:05:46.000,50.5129941,-5.0281917,34.8,1.064
2026-09-15,12:05:51.000,50.5129996,-5.0281972,34.2,0.830
2026-09-15,12:05:56.000,50.5130002,-5.0281983,35.2,0.000
2026-09-15,12:06:01.000,50.5129728,-5.0282012,34.4,0.000
2026-09-15,12:06:06.000,50.5129273,-5.0281870,34.0,0.000
2026-09-15,12:06:11.000,50.5128771,-5.0281740,33.2,1.026
2026-09-15,12:06:16.000,50.5128198,-5.0281523,32.2,1.194
2026-09-15,12:06:21.000,50.5127554,-5.0281150,32.8,1.362
2026-09-15,12:06:26.000,50.5126973,-5.0280895,32.0,1.400
2026-09-15,12:06:31.000,50.5126373,-5.0280408,32.0,1.381
2026-09-15,12:06:36.000,50.5125857,-5.0279829,31.6,1.372
2026-09-15,12:06:41.000,50.5125287,-5.0279603,31.0,1.353
2026-09-15,12:06:46.000,50.5124605,-5.0279325,29.6,1.409
2026-09-15,12:06:51.000,50.5123987,-5.0278905,30.0,1.446
2026-09-15,12:06:56.000,50.5123468,-5.0278479,29.6,1.437
2026-09-15,12:07:01.000,50.5122869,-5.0278172,27.8,1.428
2026-09-15,12:07:06.000,50.5122269,-5.0277920,28.4,1.428
2026-09-15,12:07:11.000,50.5121689,-5.0277339,28.6,1.409
2026-09-15,12:07:16.000,50.5121287,-5.0276565,28.2,1.446
2026-09-15,12:07:21.000,50.5120940,-5.0275788,28.6,1.446
2026-09-15,12:07:26.000,50.5120630,-5.0275002,29.2,1.446
2026-09-15,12:07:31.000,50.5120181,-5.0274152,30.2,1.446
2026-09-15,12:07:36.000,50.5119717,-5.0273363,30.6,1.456
2026-09-15,12:07:41.000,50.5119377,-5.0272688,31.0,1.465
2026-09-15,12:07:46.000,50.5118953,-5.0272035,30.0,1.437
2026-09-15,12:07:51.000,50.5118484,-5.0271365,29.8,1.418
2026-09-15,12:07:56.000,50.5118035,-5.0270733,30.6,1.428
2026-09-15,12:08:01.000,50.5117575,-5.0270142,29.6,1.409
2026-09-15,12:08:06.000,50.5117065,-5.0269639,29.6,1.409
2026-09-15,12:08:11.000,50.5116515,-5.0269039,28.8,1.400
2026-09-15,12:08:16.000,50.5115949,-5.0268488,27.8,1.418
2026-09-15,12:08:21.000,50.5115434,-5.0267887,28.0,1.418
2026-09-15,12:08:26.000,50.5114991,-5.0267217,27.0,1.428
2026-09-15,12:08:31.000,50.5114716,-5.0266370,26.2,1.418
2026-09-15,12:08:36.000,50.5114474,-5.0265633,27.0,1.400
2026-09-15,12:08:41.000,50.5114193,-5.0264742,28.2,1.381
2026-09-15,12:08:46.000,50.5113851,-5.0263822,27.2,1.390
2026-09-15,12:08:51.000,50.5113387,-5.0263032,27.8,1.428
2026-09-15,12:08:56.000,50.5112984,-5.0262427,28.2,1.437
2026-09-15,12:09:01.000,50.5112570,-5.0261619,26.4,1.409
2026-09-15,12:09:06.000,50.5112098,-5.0260880,25.6,1.428
2026-09-15,12:09:11.000,50.5111555,-5.0260205,24.8,1.437
2026-09-15,12:09:16.000,50.5111007,-5.0259564,24.4,1.456
2026-09-15,12:09:21.000,50.5110515,-5.0258859,24.2,1.493
2026-09-15,12:09:26.000,50.5110102,-5.0258241,23.8,1.437
2026-09-15,12:09:31.000,50.5109820,-5.0257806,23.2,1.409
2026-09-15,12:09:36.000,50.5109779,-5.0257819,23.2,1.054
2026-09-15,12:09:41.000,50.5109798,-5.0257738,22.8,0.000
2026-09-15,12:09:46.000,50.5109818,-5.0257760,23.2,0.000
2026-09-15,12:09:51.000,50.5109811,-5.0257806,22.2,0.000
2026-09-15,12:09:56.000,50.5109823,-5.0257861,22.4,0.000
2026-09-15,12:10:01.000,50.5109824,-5.0257853,23.2,0.000
2026-09-15,12:10:06.000,50.5109832,-5.0257837,22.4,0.000
2026-09-15,12:10:11.000,50.5109806,-5.0257720,23.2,0.000
2026-09-15,12:10:16.000,50.5109817,-5.0257689,24.2,0.000
2026-09-15,12:10:21.000,50.5109781,-5.0257674,23.6,0.000
2026-09-15,12:10:26.000,50.5109783,-5.0257670,23.0,0.000
2026-09-15,12:10:31.000,50.5109780,-5.0257677,23.6,0.000
2026-09-15,12:10:36.000,50.5109816,-5.0257727,24.2,0.000
2026-09-15,12:10:41.000,50.5109529,-5.0257327,24.2,0.000
2026-09-15,12:10:46.000,50.5109063,-5.0256643,22.8,1.409
2026-09-15,12:10:51.000,50.5108600,-5.0255937,21.4,1.484
2026-09-15,12:10:56.000,50.5108202,-5.0255253,21.4,1.502
2026-09-15,12:11:01.000,50.5107825,-5.0254543,21.2,1.325
2026-09-15,12:11:06.000,50.5107432,-5.0253768,21.2,1.409
2026-09-15,12:11:11.000,50.5107052,-5.0252903,21.2,1.409
2026-09-15,12:11:16.000,50.5106552,-5.0252215,20.8,1.456
2026-09-15,12:11:21.000,50.5106019,-5.0251511,20.2,1.456
2026-09-15,12:11:26.000,50.5105485,-5.0250741,19.8,1.512
2026-09-15,12:11:31.000,50.5105055,-5.0249994,19.6,1.512
2026-09-15,12:11:36.000,50.5104701,-5.0249125,19.6,1.521
2026-09-15,12:11:41.000,50.5104473,-5.0248205,19.6,1.530
2026-09-15,12:11:46.000,50.5104270,-5.0247252,19.8,1.493
2026-09-15,12:11:51.000,50.5104163,-5.0246262,19.6,1.502
2026-09-15,12:11:56.000,50.5104082,-5.0245216,20.0,1.484
2026-09-15,12:12:01.000,50.5104074,-5.0244255,20.6,1.484
2026-09-15,12:12:06.000,50.5103988,-5.0243258,20.4,1.456
2026-09-15,12:12:11.000,50.5103910,-5.0242353,21.0,1.446
2026-09-15,12:12:16.000,50.5103802,-5.0241498,21.4,1.437
2026-09-15,12:12:21.000,50.5103591,-5.0241006,22.0,1.353
2026-09-15,12:12:26.000,50.5103446,-5.0240894,21.0,1.045
2026-09-15,12:12:31.000,50.5103210,-5.0240450,21.0,0.000
2026-09-15,12:12:36.000,50.5102748,-5.0239913,21.2,1.213
2026-09-15,12:12:41.000,50.5102264,-5.0239340,20.2,1.456
2026-09-15,12:12:46.000,50.5101881,-5.0238782,18.8,1.400
2026-09-15,12:12:51.000,50.5101478,-5.0238160,18.2,1.269
2026-09-15,12:12:56.000,50.5101031,-5.0237549,17.8,1.306
2026-09-15,12:13:01.000,50.5100588,-5.0236938,17.0,1.353
2026-09-15,12:13:06.000,50.5100098,-5.0236321,15.4,1.353
2026-09-15,12:13:11.000,50.5099647,-5.0235803,14.6,1.306
2026-09-15,12:13:16.000,50.5099128,-5.0235135,13.8,1.344
2026-09-15,12:13:21.000,50.5098851,-5.0234546,13.8,1.334
2026-09-15,12:13:26.000,50.5098692,-5.0233933,13.4,1.269
2026-09-15,12:13:31.000,50.5098400,-5.0233167,12.6,1.269
2026-09-15,12:13:36.000,50.5098138,-5.0232429,11.6,1.222
2026-09-15,12:13:41.000,50.5097951,-5.0231631,10.6,1.222
2026-09-15,12:13:46.000,50.5097743,-5.0230841,10.0,1.213
2026-09-15,12:13:51.000,50.5097570,-5.0230320,8.6,1.176
2026-09-15,12:13:56.000,50.5097420,-5.0229952,8.0,1.026
2026-09-15,12:14:01.000,50.5097192,-5.0229369,7.0,0.980
2026-09-15,12:14:06.000,50.5096866,-5.0228571,6.2,1.008
2026-09-15,12:14:11.000,50.5096641,-5.0227894,5.8,1.101
2026-09-15,12:14:16.000,50.5096620,-5.0227848,5.6,1.026
2026-09-15,12:14:21.000,50.5096622,-5.0227849,5.6,0.000
2026-09-15,12:14:26.000,50.5096629,-5.0227851,5.8,0.000
2026-09-15,12:14:31.000,50.5096636,-5.0227853,6.0,0.000
2026-09-15,12:14:36.000,50.5096642,-5.0227853,5.8,0.000
2026-09-15,12:14:41.000,50.5096641,-5.0227826,5.8,0.000
2026-09-15,12:14:46.000,50.5096560,-5.0227288,6.0,0.000
2026-09-15,12:14:51.000,50.5096491,-5.0226380,5.6,1.138
2026-09-15,12:14:56.000,50.5096423,-5.0225295,5.8,1.325
2026-09-15,12:15:01.000,50.5096344,-5.0224365,5.0,1.390
2026-09-15,12:15:06.000,50.5096224,-5.0223363,5.0,1.381
2026-09-15,12:15:11.000,50.5096055,-5.0222469,5.2,1.372
2026-09-15,12:15:16.000,50.5095911,-5.0221506,5.2,1.344
2026-09-15,12:15:21.000,50.5095666,-5.0220582,5.0,1.381
2026-09-15,12:15:26.000,50.5095343,-5.0219515,5.0,1.437
2026-09-15,12:15:31.000,50.5095071,-5.0218676,4.4,1.465
2026-09-15,12:15:36.000,50.5094654,-5.0217802,4.0,1.418
2026-09-15,12:15:41.000,50.5094354,-5.0216934,3.8,1.465
2026-09-15,12:15:46.000,50.5094209,-5.0216507,3.0,1.372
2026-09-15,12:15:51.000,50.5094124,-5.0215959,3.0,1.064
2026-09-15,12:15:56.000,50.5093851,-5.0215190,3.6,0.998
2026-09-15,12:16:01.000,50.5093661,-5.0214953,4.0,0.961
2026-09-15,12:16:06.000,50.5093613,-5.0214821,2.8,0.000
2026-09-15,12:16:11.000,50.5093538,-5.0213952,3.6,0.467
2026-09-15,12:16:16.000,50.5093479,-5.0213067,5.0,1.306
2026-09-15,12:16:21.000,50.5093450,-5.0212238,5.4,1.176
2026-09-15,12:16:26.000,50.5093457,-5.0211379,5.2,1.185
2026-09-15,12:16:31.000,50.5093369,-5.0210615,5.8,1.194
2026-09-15,12:16:36.000,50.5093219,-5.0210357,6.0,1.036
2026-09-15,12:16:41.000,50.5093203,-5.0210339,4.6,0.000
2026-09-15,12:16:46.000,50.5093254,-5.0210369,4.6,0.000
2026-09-15,12:16:51.000,50.5093275,-5.0210389,5.8,0.000
2026-09-15,12:16:56.000,50.5093288,-5.0210411,6.0,0.000
2026-09-15,12:17:01.000,50.5093298,-5.0210434,5.6,0.000
2026-09-15,12:17:06.000,50.5093287,-5.0210426,5.4,0.000
2026-09-15,12:17:11.000,50.5093233,-5.0210390,6.2,0.000
2026-09-15,12:17:16.000,50.5093251,-5.0210348,5.6,0.000
2026-09-15,12:17:21.000,50.5093121,-5.0210311,6.4,0.000
2026-09-15,12:17:26.000,50.5092711,-5.0210599,6.4,0.280
2026-09-15,12:17:31.000,50.5092209,-5.0211363,6.8,1.568
2026-09-15,12:17:36.000,50.5091803,-5.0212113,6.6,1.437
2026-09-15,12:17:41.000,50.5091525,-5.0212612,5.8,1.372
2026-09-15,12:17:46.000,50.5091527,-5.0212596,5.0,1.222
2026-09-15,12:17:51.000,50.5091566,-5.0212590,4.4,0.000
2026-09-15,12:17:56.000,50.5091572,-5.0212595,5.6,0.000
2026-09-15,12:18:01.000,50.5091598,-5.0212610,5.6,0.000
2026-09-15,12:18:06.000,50.5091608,-5.0212619,5.6,0.000
2026-09-15,12:18:11.000,50.5091591,-5.0212622,5.8,0.000
2026-09-15,12:18:16.000,50.5091596,-5.0212627,5.6,0.000
2026-09-15,12:18:21.000,50.5091603,-5.0212632,5.2,0.000
2026-09-15,12:18:26.000,50.5091613,-5.0212634,5.8,0.000
2026-09-15,12:18:31.000,50.5091658,-5.0212577,5.8,0.000
2026-09-15,12:18:36.000,50.5091659,-5.0212574,5.4,0.000
2026-09-15,12:18:41.000,50.5091660,-5.0212583,5.6,0.000
2026-09-15,12:18:46.000,50.5091661,-5.0212596,6.0,0.000
2026-09-15,12:18:51.000,50.5091662,-5.0212607,6.4,0.000
2026-09-15,12:18:56.000,50.5091664,-5.0212617,5.6,0.000
2026-09-15,12:19:01.000,50.5091665,-5.0212626,5.6,0.000
2026-09-15,12:19:06.000,50.5091671,-5.0212656,5.0,0.000
2026-09-15,12:19:11.000,50.5091677,-5.0212686,6.0,0.000
2026-09-15,12:19:16.000,50.5091679,-5.0212713,6.0,0.000
2026-09-15,12:19:21.000,50.5091612,-5.0212607,5.8,0.000
2026-09-15,12:19:26.000,50.5091648,-5.0212661,6.0,0.000
2026-09-15,12:19:31.000,50.5091601,-5.0212650,6.6,0.000
2026-09-15,12:19:36.000,50.5091112,-5.0212670,6.4,0.476
2026-09-15,12:19:41.000,50.5090958,-5.0212794,6.0,0.690
2026-09-15,12:19:46.000,50.5090990,-5.0212646,6.0,0.000
2026-09-15,12:19:51.000,50.5091076,-5.0212586,5.8,0.000
2026-09-15,12:19:56.000,50.5091524,-5.0212622,6.0,0.000
2026-09-15,12:20:01.000,50.5091824,-5.0213084,6.0,0.429
2026-09-15,12:20:06.000,50.5092066,-5.0214016,5.4,1.446
2026-09-15,12:20:11.000,50.5092203,-5.0214886,4.8,1.400
2026-09-15,12:20:16.000,50.5092232,-5.0215689,5.2,1.353
2026-09-15,12:20:21.000,50.5092203,-5.0216501,5.2,1.297
2026-09-15,12:20:26.000,50.5092326,-5.0217170,4.6,1.250
2026-09-15,12:20:31.000,50.5092384,-5.0217792,4.0,0.942
2026-09-15,12:20:36.000,50.5092285,-5.0218366,4.4,0.896
2026-09-15,12:20:41.000,50.5092227,-5.0219144,5.8,0.961
2026-09-15,12:20:46.000,50.5092184,-5.0219987,5.0,1.120
2026-09-15,12:20:51.000,50.5092163,-5.0220459,5.2,1.054
2026-09-15,12:20:56.000,50.5092140,-5.0220984,5.2,0.942
2026-09-15,12:21:01.000,50.5092056,-5.0221684,5.6,0.924
2026-09-15,12:21:06.000,50.5091949,-5.0222361,5.2,1.073
2026-09-15,12:21:11.000,50.5091812,-5.0223038,5.6,1.166
2026-09-15,12:21:16.000,50.5091713,-5.0223756,5.4,1.148
2026-09-15,12:21:21.000,50.5091621,-5.0224533,5.6,1.092
2026-09-15,12:21:26.000,50.5091472,-5.0225263,5.6,1.092
2026-09-15,12:21:31.000,50.5091255,-5.0225962,5.4,1.054
2026-09-15,12:21:36.000,50.5091016,-5.0226649,5.2,1.082
2026-09-15,12:21:41.000,50.5090780,-5.0227334,5.6,1.101
2026-09-15,12:21:46.000,50.5090598,-5.0227942,5.2,1.082
2026-09-15,12:21:51.000,50.5090365,-5.0228423,5.0,1.054
2026-09-15,12:21:56.000,50.5090051,-5.0228986,5.4,1.036
2026-09-15,12:22:01.000,50.5089769,-5.0229475,5.6,1.026
2026-09-15,12:22:06.000,50.5089402,-5.0229934,5.4,1.008
2026-09-15,12:22:11.000,50.5089071,-5.0230462,5.4,0.998
2026-09-15,12:22:16.000,50.5088743,-5.0231024,5.6,1.017
2026-09-15,12:22:21.000,50.5088473,-5.0231682,6.2,1.036
2026-09-15,12:22:26.000,50.5088067,-5.0232067,5.6,1.026
2026-09-15,12:22:31.000,50.5087700,-5.0232376,7.0,1.036
2026-09-15,12:22:36.000,50.5087400,-5.0232409,6.6,0.998
2026-09-15,12:22:41.000,50.5087135,-5.0232084,8.0,0.914
2026-09-15,12:22:46.000,50.5086836,-5.0231621,9.6,0.896
2026-09-15,12:22:51.000,50.5086613,-5.0231080,10.8,0.933
2026-09-15,12:22:56.000,50.5086249,-5.0230761,11.0,0.914
2026-09-15,12:23:01.000,50.5085950,-5.0230260,11.2,0.924
2026-09-15,12:23:06.000,50.5085710,-5.0229734,10.8,0.952
2026-09-15,12:23:11.000,50.5085379,-5.0229354,9.8,0.970
2026-09-15,12:23:16.000,50.5085126,-5.0229169,9.2,0.905
2026-09-15,12:23:21.000,50.5085083,-5.0229162,8.6,0.000
2026-09-15,12:23:26.000,50.5085091,-5.0229176,8.8,0.000
2026-09-15,12:23:31.000,50.5085104,-5.0229213,8.8,0.000
2026-09-15,12:23:36.000,50.5085132,-5.0229261,8.8,0.000
2026-09-15,12:23:41.000,50.5085114,-5.0229249,8.8,0.000
2026-09-15,12:23:46.000,50.5084797,-5.0228870,8.2,0.551
2026-09-15,12:23:51.000,50.5084557,-5.0228132,7.8,0.737
2026-09-15,12:23:56.000,50.5084410,-5.0227200,6.8,1.148
2026-09-15,12:24:01.000,50.5084237,-5.0226409,6.8,1.204
2026-09-15,12:24:06.000,50.5084054,-5.0225869,6.6,1.157
2026-09-15,12:24:11.000,50.5083850,-5.0225129,7.4,1.045
2026-09-15,12:24:16.000,50.5083533,-5.0224350,7.6,1.288
2026-09-15,12:24:21.000,50.5083178,-5.0223796,8.0,1.213
2026-09-15,12:24:26.000,50.5082716,-5.0223116,8.6,1.166
2026-09-15,12:24:31.000,50.5082301,-5.0222630,8.6,1.222
2026-09-15,12:24:36.000,50.5081993,-5.0222083,8.6,1.166
2026-09-15,12:24:41.000,50.5081578,-5.0221485,8.4,1.138
2026-09-15,12:24:46.000,50.5081235,-5.0221131,9.2,1.110
2026-09-15,12:24:51.000,50.5081060,-5.0220374,9.4,1.092
2026-09-15,12:24:56.000,50.5080952,-5.0219435,9.6,1.185
2026-09-15,12:25:01.000,50.5080870,-5.0218580,9.6,1.213
2026-09-15,12:25:06.000,50.5080826,-5.0217689,10.0,1.204
2026-09-15,12:25:11.000,50.5080855,-5.0216854,10.0,1.213
2026-09-15,12:25:16.000,50.5080869,-5.0215985,9.8,1.213
2026-09-15,12:25:21.000,50.5080946,-5.0215134,9.6,1.194
2026-09-15,12:25:26.000,50.5081166,-5.0214487,9.4,1.176
2026-09-15,12:25:31.000,50.5081524,-5.0214006,9.2,1.148
2026-09-15,12:25:36.000,50.5081895,-5.0213808,9.4,1.138
2026-09-15,12:25:41.000,50.5082176,-5.0213849,9.0,0.942
2026-09-15,12:25:46.000,50.5082206,-5.0213956,8.8,0.756
2026-09-15,12:25:51.000,50.5082178,-5.0213964,8.8,0.000
2026-09-15,12:25:56.000,50.5082167,-5.0213953,9.2,0.000
2026-09-15,12:26:01.000,50.5082154,-5.0213944,8.8,0.000
2026-09-15,12:26:06.000,50.5082139,-5.0213928,8.6,0.000
2026-09-15,12:26:11.000,50.5082138,-5.0213692,8.8,0.000
2026-09-15,12:26:16.000,50.5082404,-5.0213253,8.6,0.345
2026-09-15,12:26:21.000,50.5082879,-5.0213037,8.6,0.000
2026-09-15,12:26:26.000,50.5083154,-5.0213153,9.0,0.924
2026-09-15,12:26:31.000,50.5083018,-5.0213123,8.8,0.756
2026-09-15,12:26:36.000,50.5082765,-5.0212917,9.0,0.840
2026-09-15,12:26:41.000,50.5082641,-5.0212902,9.0,0.653
2026-09-15,12:26:46.000,50.5082403,-5.0212834,9.2,0.551
2026-09-15,12:26:51.000,50.5082021,-5.0212887,9.0,0.700
2026-09-15,12:26:56.000,50.5081922,-5.0212933,8.6,0.616
2026-09-15,12:27:01.000,50.5081923,-5.0212902,8.2,0.000
2026-09-15,12:27:06.000,50.5081853,-5.0212895,8.2,0.000
2026-09-15,12:27:11.000,50.5081828,-5.0212926,8.2,0.000
2026-09-15,12:27:16.000,50.5081822,-5.0212948,8.4,0.000
2026-09-15,12:27:21.000,50.5081817,-5.0212967,8.2,0.000
2026-09-15,12:27:26.000,50.5081811,-5.0212975,8.6,0.000
2026-09-15,12:27:31.000,50.5081800,-5.0212943,8.2,0.000
2026-09-15,12:27:36.000,50.5081759,-5.0212969,8.6,0.000
2026-09-15,12:27:41.000,50.5081750,-5.0212968,8.2,0.000
2026-09-15,12:27:46.000,50.5081743,-5.0212967,8.6,0.000
2026-09-15,12:27:51.000,50.5081735,-5.0212972,8.6,0.000
2026-09-15,12:27:56.000,50.5081733,-5.0213069,8.4,0.000
2026-09-15,12:28:01.000,50.5081742,-5.0213097,8.8,0.000
2026-09-15,12:28:06.000,50.5081738,-5.0213091,8.8,0.000
2026-09-15,12:28:11.000,50.5081734,-5.0213083,8.8,0.000
2026-09-15,12:28:16.000,50.5081733,-5.0213088,8.8,0.000
2026-09-15,12:28:21.000,50.5081731,-5.0213113,8.8,0.000
2026-09-15,12:28:26.000,50.5081696,-5.0213243,8.8,0.000
2026-09-15,12:28:31.000,50.5081574,-5.0213519,9.4,0.000
2026-09-15,12:28:36.000,50.5081560,-5.0213535,9.4,0.000
2026-09-15,12:28:41.000,50.5081561,-5.0213542,9.2,0.000
2026-09-15,12:28:46.000,50.5081573,-5.0213555,9.2,0.000
2026-09-15,12:28:51.000,50.5081579,-5.0213562,9.2,0.000
2026-09-15,12:28:56.000,50.5081571,-5.0213570,9.2,0.000
2026-09-15,12:29:01.000,50.5081351,-5.0213741,9.2,0.000
2026-09-15,12:29:06.000,50.5080994,-5.0214415,10.4,1.316
2026-09-15,12:29:11.000,50.5080855,-5.0215176,9.8,1.222
2026-09-15,12:29:16.000,50.5080865,-5.0216046,9.2,1.232
2026-09-15,12:29:21.000,50.5080923,-5.0216918,9.8,1.241
2026-09-15,12:29:26.000,50.5080957,-5.0217598,9.6,1.241
2026-09-15,12:29:31.000,50.5081004,-5.0218422,9.8,1.213
2026-09-15,12:29:36.000,50.5081074,-5.0219248,9.6,1.232
2026-09-15,12:29:41.000,50.5081163,-5.0220168,9.2,1.250
2026-09-15,12:29:46.000,50.5081481,-5.0220960,9.0,1.250
2026-09-15,12:29:51.000,50.5081921,-5.0221611,9.6,1.278
2026-09-15,12:29:56.000,50.5082363,-5.0222169,9.4,1.288
2026-09-15,12:30:01.000,50.5082692,-5.0222819,8.8,1.288
2026-09-15,12:30:06.000,50.5083030,-5.0223620,8.6,1.269
2026-09-15,12:30:11.000,50.5083414,-5.0224360,9.2,1.278
2026-09-15,12:30:16.000,50.5083849,-5.0225057,8.4,1.297
2026-09-15,12:30:21.000,50.5084129,-5.0225781,7.8,1.288
2026-09-15,12:30:26.000,50.5084343,-5.0226564,7.8,1.269
2026-09-15,12:30:31.000,50.5084581,-5.0227501,7.6,1.297
2026-09-15,12:30:36.000,50.5084733,-5.0228246,7.8,1.288
2026-09-15,12:30:41.000,50.5084812,-5.0228886,8.2,1.241
2026-09-15,12:30:46.000,50.5084771,-5.0229629,8.8,1.148
2026-09-15,12:30:51.000,50.5084626,-5.0230416,9.0,1.157
2026-09-15,12:30:56.000,50.5084574,-5.0231164,9.0,1.176
2026-09-15,12:31:01.000,50.5084464,-5.0231971,9.0,1.110
2026-09-15,12:31:06.000,50.5084350,-5.0232668,9.8,1.129
2026-09-15,12:31:11.000,50.5084283,-5.0233380,10.2,1.082
2026-09-15,12:31:16.000,50.5084300,-5.0233990,10.4,1.064
2026-09-15,12:31:21.000,50.5084080,-5.0234152,10.2,0.942
2026-09-15,12:31:26.000,50.5083684,-5.0234218,10.0,0.896
2026-09-15,12:31:31.000,50.5083424,-5.0234781,9.2,1.036
2026-09-15,12:31:36.000,50.5083391,-5.0235580,9.2,1.101
2026-09-15,12:31:41.000,50.5083220,-5.0236320,8.6,1.138
2026-09-15,12:31:46.000,50.5083171,-5.0237178,8.6,1.101
2026-09-15,12:31:51.000,50.5083103,-5.0237873,9.4,1.101
2026-09-15,12:31:56.000,50.5083006,-5.0238477,10.4,0.924
2026-09-15,12:32:01.000,50.5083206,-5.0239125,11.0,0.849
2026-09-15,12:32:06.000,50.5083382,-5.0239591,11.0,0.886
2026-09-15,12:32:11.000,50.5083423,-5.0240134,11.6,0.924
2026-09-15,12:32:16.000,50.5083464,-5.0240916,12.0,0.914
2026-09-15,12:32:21.000,50.5083458,-5.0241679,12.2,1.008
2026-09-15,12:32:26.000,50.5083473,-5.0242442,12.4,1.045
2026-09-15,12:32:31.000,50.5083651,-5.0243336,13.0,1.054
2026-09-15,12:32:36.000,50.5083926,-5.0244024,12.8,1.138
2026-09-15,12:32:41.000,50.5084301,-5.0244687,12.4,1.166
2026-09-15,12:32:46.000,50.5084619,-5.0245441,12.0,1.204
2026-09-15,12:32:51.000,50.5084932,-5.0246164,11.6,1.222
2026-09-15,12:32:56.000,50.5085194,-5.0246953,11.4,1.241
2026-09-15,12:33:01.000,50.5085328,-5.0247657,11.4,1.204
2026-09-15,12:33:06.000,50.5085527,-5.0248650,11.6,1.250
2026-09-15,12:33:11.000,50.5085713,-5.0249437,11.2,1.260
2026-09-15,12:33:16.000,50.5085797,-5.0250360,10.8,1.204
2026-09-15,12:33:21.000,50.5085950,-5.0251307,11.6,1.204
2026-09-15,12:33:26.000,50.5086112,-5.0252028,11.8,1.269
2026-09-15,12:33:31.000,50.5086240,-5.0252846,11.6,1.232
2026-09-15,12:33:36.000,50.5086355,-5.0253683,12.4,1.213
2026-09-15,12:33:41.000,50.5086468,-5.0254384,12.0,1.204
2026-09-15,12:33:46.000,50.5086518,-5.0255016,12.2,1.120
2026-09-15,12:33:51.000,50.5086599,-5.0255730,12.4,1.082
2026-09-15,12:33:56.000,50.5086720,-5.0256503,12.8,1.082
2026-09-15,12:34:01.000,50.5086878,-5.0257288,12.8,1.092
2026-09-15,12:34:06.000,50.5087127,-5.0257819,12.6,1.064
2026-09-15,12:34:11.000,50.5087426,-5.0258501,11.4,1.026
2026-09-15,12:34:16.000,50.5087723,-5.0259284,11.2,1.194
2026-09-15,12:34:21.000,50.5088059,-5.0260067,10.8,1.157
2026-09-15,12:34:26.000,50.5088360,-5.0260925,10.6,1.232
2026-09-15,12:34:31.000,50.5088620,-5.0261786,10.8,1.278
2026-09-15,12:34:36.000,50.5088893,-5.0262568,10.8,1.250
2026-09-15,12:34:41.000,50.5089090,-5.0263543,11.2,1.269
2026-09-15,12:34:46.000,50.5089256,-5.0264345,12.4,1.288
2026-09-15,12:34:51.000,50.5089370,-5.0265244,12.8,1.288
2026-09-15,12:34:56.000,50.5089484,-5.0265910,12.8,1.250
2026-09-15,12:35:01.000,50.5089655,-5.0266713,13.4,1.232
2026-09-15,12:35:06.000,50.5089822,-5.0267453,14.0,1.138
2026-09-15,12:35:11.000,50.5089967,-5.0268202,14.4,1.157
2026-09-15,12:35:16.000,50.5090113,-5.0269007,14.4,1.120
2026-09-15,12:35:21.000,50.5090203,-5.0269863,15.2,1.129
2026-09-15,12:35:26.000,50.5090281,-5.0270570,15.4,1.148
2026-09-15,12:35:31.000,50.5090434,-5.0271386,15.4,1.148
2026-09-15,12:35:36.000,50.5090696,-5.0272088,15.2,1.157
2026-09-15,12:35:41.000,50.5090987,-5.0272861,14.2,1.166
2026-09-15,12:35:46.000,50.5091274,-5.0273618,14.4,1.176
2026-09-15,12:35:51.000,50.5091420,-5.0274392,15.4,1.176
2026-09-15,12:35:56.000,50.5091300,-5.0275126,15.8,1.129
2026-09-15,12:36:01.000,50.5091151,-5.0276120,17.2,1.194
2026-09-15,12:36:06.000,50.5090974,-5.0277152,18.6,1.269
2026-09-15,12:36:11.000,50.5090785,-5.0278073,18.6,1.297
2026-09-15,12:36:16.000,50.5090676,-5.0279006,19.2,1.344
2026-09-15,12:36:21.000,50.5090470,-5.0279878,19.6,1.316
2026-09-15,12:36:26.000,50.5090094,-5.0280558,21.4,1.325
2026-09-15,12:36:31.000,50.5089696,-5.0281264,21.2,1.325
2026-09-15,12:36:36.000,50.5089504,-5.0282255,22.0,1.334
2026-09-15,12:36:41.000,50.5089381,-5.0283243,21.4,1.344
2026-09-15,12:36:46.000,50.5089353,-5.0284188,21.0,1.353
2026-09-15,12:36:51.000,50.5089261,-5.0285146,20.8,1.372
2026-09-15,12:36:56.000,50.5089126,-5.0286092,19.8,1.353
2026-09-15,12:37:01.000,50.5088977,-5.0287148,19.8,1.362
2026-09-15,12:37:06.000,50.5088798,-5.0288151,20.8,1.362
2026-09-15,12:37:11.000,50.5088629,-5.0289197,20.8,1.400
2026-09-15,12:37:16.000,50.5088453,-5.0290080,20.2,1.400
2026-09-15,12:37:21.000,50.5088223,-5.0290993,19.4,1.400
2026-09-15,12:37:26.000,50.5087916,-5.0291713,19.0,1.409
2026-09-15,12:37:31.000,50.5087422,-5.0292120,18.0,1.400
2026-09-15,12:37:36.000,50.5086886,-5.0292095,17.4,1.400
2026-09-15,12:37:41.000,50.5086369,-5.0291911,16.0,1.381
2026-09-15,12:37:46.000,50.5085893,-5.0291972,15.8,1.362
2026-09-15,12:37:51.000,50.5085682,-5.0292223,15.2,1.278
2026-09-15,12:37:56.000,50.5085499,-5.0292151,13.4,1.110
2026-09-15,12:38:01.000,50.5085226,-5.0291911,13.6,0.000
2026-09-15,12:38:06.000,50.5085078,-5.0291819,14.0,0.000
2026-09-15,12:38:11.000,50.5084645,-5.0291799,14.0,0.299
2026-09-15,12:38:16.000,50.5084739,-5.0292339,14.0,0.989
2026-09-15,12:38:21.000,50.5084967,-5.0292979,14.8,1.017
2026-09-15,12:38:26.000,50.5085190,-5.0293710,16.2,1.148
2026-09-15,12:38:31.000,50.5085410,-5.0294489,17.2,1.166
2026-09-15,12:38:36.000,50.5085521,-5.0295410,18.2,1.241
2026-09-15,12:38:41.000,50.5085485,-5.0296249,19.0,1.250
2026-09-15,12:38:46.000,50.5085293,-5.0297038,19.8,1.194
2026-09-15,12:38:51.000,50.5085154,-5.0297947,20.4,1.269
2026-09-15,12:38:56.000,50.5085017,-5.0298778,21.4,1.278
2026-09-15,12:39:01.000,50.5084853,-5.0299573,21.2,1.269
2026-09-15,12:39:06.000,50.5084695,-5.0300392,21.0,1.250
2026-09-15,12:39:11.000,50.5084705,-5.0301295,20.4,1.278
2026-09-15,12:39:16.000,50.5084829,-5.0302067,19.6,1.278
2026-09-15,12:39:21.000,50.5085100,-5.0302980,21.2,1.278
2026-09-15,12:39:26.000,50.5085404,-5.0303738,20.6,1.297
2026-09-15,12:39:31.000,50.5085603,-5.0304460,20.4,1.288
2026-09-15,12:39:36.000,50.5085718,-5.0304592,20.8,1.213
2026-09-15,12:39:41.000,50.5085719,-5.0304592,20.6,0.000
2026-09-15,12:39:46.000,50.5085716,-5.0304595,20.6,0.000
2026-09-15,12:39:51.000,50.5085711,-5.0304598,20.4,0.000
2026-09-15,12:39:56.000,50.5085733,-5.0304600,20.6,0.000
2026-09-15,12:40:01.000,50.5085746,-5.0304535,20.6,0.000
2026-09-15,12:40:06.000,50.5085727,-5.0304535,20.8,0.000
2026-09-15,12:40:11.000,50.5085707,-5.0304570,21.4,0.000
2026-09-15,12:40:16.000,50.5085678,-5.0304609,20.6,0.000
2026-09-15,12:40:21.000,50.5085661,-5.0304611,20.4,0.000
2026-09-15,12:40:26.000,50.5085681,-5.0304584,20.6,0.000
2026-09-15,12:40:31.000,50.5085719,-5.0304556,20.6,0.000
2026-09-15,12:40:36.000,50.5085753,-5.0304527,20.0,0.000
2026-09-15,12:40:41.000,50.5085758,-5.0304522,20.4,0.000
2026-09-15,12:40:46.000,50.5085842,-5.0304734,20.2,0.000
2026-09-15,12:40:51.000,50.5085931,-5.0304678,20.8,0.000
2026-09-15,12:40:56.000,50.5085952,-5.0304657,21.0,0.000
2026-09-15,12:41:01.000,50.5085953,-5.0304659,19.8,0.000
2026-09-15,12:41:06.000,50.5085951,-5.0304683,20.0,0.000
2026-09-15,12:41:11.000,50.5086083,-5.0304510,20.8,0.000
2026-09-15,12:41:16.000,50.5086132,-5.0304449,21.0,0.000
2026-09-15,12:41:21.000,50.5086120,-5.0304485,20.6,0.000
2026-09-15,12:41:26.000,50.5085973,-5.0305039,20.4,0.000
2026-09-15,12:41:31.000,50.5085902,-5.0305807,21.2,1.418
2026-09-15,12:41:36.000,50.5085975,-5.0306679,21.6,1.288
2026-09-15,12:41:41.000,50.5085997,-5.0307638,21.4,1.344
2026-09-15,12:41:46.000,50.5085922,-5.0308706,21.4,1.409
2026-09-15,12:41:51.000,50.5085837,-5.0309672,22.6,1.437
2026-09-15,12:41:56.000,50.5085795,-5.0310687,22.6,1.512
2026-09-15,12:42:01.000,50.5085698,-5.0311616,22.0,1.456
2026-09-15,12:42:06.000,50.5085672,-5.0312660,23.0,1.484
2026-09-15,12:42:11.000,50.5085614,-5.0313579,23.2,1.465
2026-09-15,12:42:16.000,50.5085571,-5.0314514,23.2,1.456
2026-09-15,12:42:21.000,50.5085614,-5.0315585,23.2,1.456
2026-09-15,12:42:26.000,50.5085710,-5.0316603,23.0,1.456
2026-09-15,12:42:31.000,50.5085743,-5.0317599,22.4,1.474
2026-09-15,12:42:36.000,50.5085742,-5.0318605,21.4,1.456
2026-09-15,12:42:41.000,50.5085566,-5.0319403,21.2,1.437
2026-09-15,12:42:46.000,50.5085284,-5.0320245,22.4,1.456
2026-09-15,12:42:51.000,50.5084931,-5.0321023,22.4,1.437
2026-09-15,12:42:56.000,50.5084611,-5.0321861,22.2,1.390
2026-09-15,12:43:01.000,50.5084260,-5.0322726,22.2,1.418
2026-09-15,12:43:06.000,50.5083832,-5.0323564,22.0,1.456
2026-09-15,12:43:11.000,50.5083452,-5.0324233,22.6,1.437
2026-09-15,12:43:16.000,50.5083087,-5.0325058,22.2,1.428
2026-09-15,12:43:21.000,50.5082759,-5.0325841,21.6,1.409
2026-09-15,12:43:26.000,50.5082386,-5.0326588,21.2,1.418
2026-09-15,12:43:31.000,50.5081923,-5.0327007,21.2,1.400
2026-09-15,12:43:36.000,50.5081453,-5.0327472,20.6,1.390
2026-09-15,12:43:41.000,50.5080944,-5.0327986,21.2,1.381
2026-09-15,12:43:46.000,50.5080403,-5.0328510,21.8,1.381
2026-09-15,12:43:51.000,50.5079905,-5.0329060,20.8,1.381
2026-09-15,12:43:56.000,50.5079323,-5.0329623,21.4,1.381
2026-09-15,12:44:01.000,50.5078829,-5.0330218,22.0,1.400
2026-09-15,12:44:06.000,50.5078577,-5.0331059,22.4,1.428
2026-09-15,12:44:11.000,50.5078388,-5.0332086,21.6,1.418
2026-09-15,12:44:16.000,50.5078248,-5.0333155,21.0,1.446
2026-09-15,12:44:21.000,50.5078099,-5.0333966,20.2,1.428
2026-09-15,12:44:26.000,50.5078109,-5.0334930,20.0,1.437
2026-09-15,12:44:31.000,50.5078250,-5.0335919,19.8,1.437
2026-09-15,12:44:36.000,50.5078449,-5.0336847,19.6,1.409
2026-09-15,12:44:41.000,50.5078640,-5.0337876,18.4,1.446
2026-09-15,12:44:46.000,50.5078823,-5.0338661,17.2,1.428
2026-09-15,12:44:51.000,50.5078938,-5.0339540,17.0,1.400
2026-09-15,12:44:56.000,50.5078687,-5.0340187,16.0,1.390
2026-09-15,12:45:01.000,50.5078344,-5.0340600,16.0,1.325
2026-09-15,12:45:06.000,50.5078031,-5.0341061,16.2,1.110
2026-09-15,12:45:11.000,50.5077648,-5.0341640,16.2,1.110
2026-09-15,12:45:16.000,50.5077276,-5.0342234,16.6,1.166
2026-09-15,12:45:21.000,50.5076850,-5.0342838,17.0,1.213
2026-09-15,12:45:26.000,50.5076347,-5.0343401,16.4,1.222
2026-09-15,12:45:31.000,50.5075917,-5.0343861,16.6,1.297
2026-09-15,12:45:36.000,50.5075948,-5.0344176,16.0,1.110
2026-09-15,12:45:41.000,50.5075971,-5.0344134,16.2,0.000
2026-09-15,12:45:46.000,50.5075977,-5.0344109,16.6,0.000
2026-09-15,12:45:51.000,50.5075904,-5.0344015,17.2,0.000
2026-09-15,12:45:56.000,50.5075775,-5.0344096,16.6,0.000
2026-09-15,12:46:01.000,50.5075767,-5.0344105,16.8,0.000
2026-09-15,12:46:06.000,50.5075636,-5.0344145,16.8,0.000
2026-09-15,12:46:11.000,50.5075203,-5.0344601,16.4,0.355
2026-09-15,12:46:16.000,50.5074738,-5.0345074,15.6,1.306
2026-09-15,12:46:21.000,50.5074266,-5.0345579,15.6,1.297
2026-09-15,12:46:26.000,50.5073733,-5.0346010,15.6,1.344
2026-09-15,12:46:31.000,50.5073202,-5.0346369,15.4,1.372
2026-09-15,12:46:36.000,50.5072613,-5.0346807,15.4,1.381
2026-09-15,12:46:41.000,50.5072109,-5.0347365,15.2,1.381
2026-09-15,12:46:46.000,50.5071538,-5.0347947,15.6,1.381
2026-09-15,12:46:51.000,50.5070914,-5.0348157,14.0,1.409
2026-09-15,12:46:56.000,50.5070482,-5.0347760,15.0,1.418
2026-09-15,12:47:01.000,50.5070139,-5.0347040,14.6,1.372
2026-09-15,12:47:06.000,50.5069864,-5.0346327,15.0,1.353
2026-09-15,12:47:11.000,50.5069551,-5.0345522,16.6,1.325
2026-09-15,12:47:16.000,50.5069271,-5.0344683,17.0,1.344
2026-09-15,12:47:21.000,50.5069020,-5.0343942,17.4,1.306
2026-09-15,12:47:26.000,50.5068763,-5.0343161,18.2,1.297
2026-09-15,12:47:31.000,50.5068432,-5.0342390,18.8,1.316
2026-09-15,12:47:36.000,50.5068142,-5.0341593,19.4,1.306
2026-09-15,12:47:41.000,50.5067821,-5.0340862,19.6,1.306
2026-09-15,12:47:46.000,50.5067570,-5.0340099,19.4,1.288
2026-09-15,12:47:51.000,50.5067185,-5.0339407,20.2,1.297
2026-09-15,12:47:56.000,50.5066646,-5.0338881,21.8,1.316
2026-09-15,12:48:01.000,50.5066027,-5.0338778,22.2,1.316
2026-09-15,12:48:06.000,50.5065382,-5.0339001,21.6,1.353
2026-09-15,12:48:11.000,50.5064753,-5.0339171,22.4,1.409
2026-09-15,12:48:16.000,50.5064167,-5.0339430,23.0,1.390
2026-09-15,12:48:21.000,50.5063571,-5.0339755,22.8,1.428
2026-09-15,12:48:26.000,50.5062960,-5.0340213,22.2,1.428
2026-09-15,12:48:31.000,50.5062383,-5.0340540,22.0,1.474
2026-09-15,12:48:36.000,50.5061774,-5.0340873,21.8,1.437
2026-09-15,12:48:41.000,50.5061179,-5.0341218,21.6,1.446
2026-09-15,12:48:46.000,50.5060580,-5.0341545,21.0,1.446
2026-09-15,12:48:51.000,50.5060043,-5.0341832,22.0,1.418
2026-09-15,12:48:56.000,50.5059422,-5.0342185,22.2,1.428
2026-09-15,12:49:01.000,50.5058848,-5.0342554,22.2,1.428
2026-09-15,12:49:06.000,50.5058204,-5.0342873,22.0,1.456
2026-09-15,12:49:11.000,50.5057588,-5.0343118,22.0,1.437
2026-09-15,12:49:16.000,50.5056925,-5.0343290,22.2,1.437
2026-09-15,12:49:21.000,50.5056347,-5.0343493,22.2,1.428
2026-09-15,12:49:26.000,50.5055623,-5.0343641,22.2,1.428
2026-09-15,12:49:31.000,50.5055009,-5.0343653,22.6,1.446
2026-09-15,12:49:36.000,50.5054388,-5.0343625,22.6,1.437
2026-09-15,12:49:41.000,50.5053774,-5.0343495,22.4,1.428
2026-09-15,12:49:46.000,50.5053211,-5.0343321,22.0,1.390
2026-09-15,12:49:51.000,50.5052647,-5.0343146,22.0,1.381
2026-09-15,12:49:56.000,50.5052022,-5.0342917,22.0,1.344
2026-09-15,12:50:01.000,50.5051454,-5.0342729,22.0,1.344
2026-09-15,12:50:06.000,50.5050815,-5.0342474,21.8,1.362
2026-09-15,12:50:11.000,50.5050236,-5.0342290,21.6,1.353
2026-09-15,12:50:16.000,50.5049575,-5.0342084,21.2,1.390
2026-09-15,12:50:21.000,50.5048965,-5.0341936,21.2,1.400
2026-09-15,12:50:26.000,50.5048353,-5.0341663,21.0,1.381
2026-09-15,12:50:31.000,50.5047686,-5.0341372,20.4,1.400
2026-09-15,12:50:36.000,50.5047157,-5.0341140,20.4,1.409
2026-09-15,12:50:41.000,50.5046626,-5.0340880,20.4,1.362
2026-09-15,12:50:46.000,50.5045950,-5.0340625,20.0,1.381
2026-09-15,12:50:51.000,50.5045338,-5.0340297,19.8,1.381
2026-09-15,12:50:56.000,50.5044802,-5.0340072,20.2,1.400
2026-09-15,12:51:01.000,50.5044189,-5.0339830,20.0,1.372
2026-09-15,12:51:06.000,50.5043526,-5.0339549,20.0,1.400
2026-09-15,12:51:11.000,50.5042976,-5.0339410,19.8,1.390
2026-09-15,12:51:16.000,50.5042574,-5.0339229,19.6,1.325
2026-09-15,12:51:21.000,50.5042104,-5.0339020,19.4,1.222
2026-09-15,12:51:26.000,50.5041896,-5.0338449,20.0,1.213
2026-09-15,12:51:31.000,50.5041960,-5.0337962,21.0,1.101
2026-09-15,12:51:36.000,50.5041705,-5.0337563,22.6,1.054
2026-09-15,12:51:41.000,50.5041246,-5.0337317,23.2,0.998
2026-09-15,12:51:46.000,50.5040681,-5.0337322,22.6,1.073
2026-09-15,12:51:51.000,50.5040043,-5.0337530,22.2,1.269
2026-09-15,12:51:56.000,50.5039563,-5.0337713,21.6,1.288
2026-09-15,12:52:01.000,50.5039391,-5.0338026,22.0,1.082
2026-09-15,12:52:06.000,50.5039142,-5.0338181,20.2,0.252
2026-09-15,12:52:11.000,50.5039020,-5.0338478,19.6,0.579
2026-09-15,12:52:16.000,50.5038792,-5.0338692,18.6,0.700
2026-09-15,12:52:21.000,50.5038507,-5.0338841,17.2,0.644
2026-09-15,12:52:26.000,50.5038257,-5.0339157,16.0,0.653
2026-09-15,12:52:31.000,50.5038048,-5.0339364,15.0,0.644
2026-09-15,12:52:36.000,50.5037854,-5.0339591,13.8,0.672
2026-09-15,12:52:41.000,50.5037490,-5.0339913,13.0,0.681
2026-09-15,12:52:46.000,50.5037149,-5.0340170,12.2,0.746
2026-09-15,12:52:51.000,50.5036880,-5.0340306,11.2,0.793
2026-09-15,12:52:56.000,50.5036621,-5.0340489,10.2,0.756
2026-09-15,12:53:01.000,50.5036119,-5.0340573,9.2,0.737
2026-09-15,12:53:06.000,50.5035828,-5.0340610,8.4,1.008
2026-09-15,12:53:11.000,50.5035599,-5.0340748,6.6,0.765
2026-09-15,12:53:16.000,50.5035234,-5.0341163,6.0,0.644
2026-09-15,12:53:21.000,50.5034907,-5.0341767,5.2,0.905
2026-09-15,12:53:26.000,50.5034449,-5.0342085,4.4,1.008
2026-09-15,12:53:31.000,50.5033876,-5.0342284,4.6,1.278
2026-09-15,12:53:36.000,50.5033264,-5.0342397,4.4,1.241
2026-09-15,12:53:41.000,50.5032643,-5.0342507,5.2,1.325
2026-09-15,12:53:46.000,50.5032083,-5.0342604,4.8,1.241
2026-09-15,12:53:51.000,50.5031493,-5.0342678,4.8,1.260
2026-09-15,12:53:56.000,50.5030877,-5.0342508,4.6,1.269
2026-09-15,12:54:01.000,50.5030327,-5.0342282,4.6,1.306
2026-09-15,12:54:06.000,50.5029816,-5.0342093,5.8,1.297
2026-09-15,12:54:11.000,50.5029218,-5.0342007,5.4,1.288
2026-09-15,12:54:16.000,50.5028659,-5.0342293,4.8,1.288
2026-09-15,12:54:21.000,50.5028135,-5.0342565,4.8,1.260
2026-09-15,12:54:26.000,50.5027775,-5.0342915,5.0,1.232
2026-09-15,12:54:31.000,50.5027794,-5.0343245,4.8,0.896
2026-09-15,12:54:36.000,50.5027929,-5.0344040,5.0,1.400
2026-09-15,12:54:41.000,50.5028182,-5.0344875,5.6,1.269
2026-09-15,12:54:46.000,50.5028596,-5.0345249,6.2,1.344
2026-09-15,12:54:51.000,50.5028813,-5.0345517,6.4,0.000
2026-09-15,12:54:56.000,50.5029106,-5.0346108,6.8,0.000
2026-09-15,12:55:01.000,50.5029519,-5.0346704,7.6,1.138
2026-09-15,12:55:06.000,50.5030031,-5.0347165,8.0,1.278
2026-09-15,12:55:11.000,50.5030536,-5.0347623,8.4,1.278
2026-09-15,12:55:16.000,50.5030979,-5.0348185,8.8,1.260
2026-09-15,12:55:21.000,50.5031388,-5.0348741,9.4,1.260
2026-09-15,12:55:26.000,50.5031871,-5.0349288,10.2,1.194
2026-09-15,12:55:31.000,50.5032291,-5.0349805,10.8,1.204
2026-09-15,12:55:36.000,50.5032744,-5.0350355,10.2,1.222
2026-09-15,12:55:41.000,50.5033133,-5.0350922,11.2,1.204
2026-09-15,12:55:46.000,50.5033597,-5.0351454,10.8,1.232
2026-09-15,12:55:51.000,50.5033975,-5.0352049,11.2,1.213
2026-09-15,12:55:56.000,50.5034399,-5.0352636,13.0,1.213
2026-09-15,12:56:01.000,50.5034785,-5.0353169,13.4,1.204
2026-09-15,12:56:06.000,50.5035109,-5.0353700,13.8,1.204
2026-09-15,12:56:11.000,50.5035242,-5.0353951,14.0,1.120
2026-09-15,12:56:16.000,50.5035289,-5.0353939,14.2,0.000
2026-09-15,12:56:21.000,50.5035261,-5.0353787,13.6,0.000
2026-09-15,12:56:26.000,50.5035360,-5.0354183,13.6,0.000
2026-09-15,12:56:31.000,50.5035702,-5.0354598,15.0,0.289
2026-09-15,12:56:36.000,50.5036098,-5.0354976,15.8,1.101
2026-09-15,12:56:41.000,50.5036429,-5.0355335,16.4,0.980
2026-09-15,12:56:46.000,50.5036753,-5.0355717,17.0,0.961
2026-09-15,12:56:51.000,50.5037087,-5.0356157,17.8,0.952
2026-09-15,12:56:56.000,50.5037425,-5.0356584,18.2,0.970
2026-09-15,12:57:01.000,50.5037769,-5.0357104,19.0,0.905
2026-09-15,12:57:06.000,50.5038145,-5.0357518,20.2,1.054
2026-09-15,12:57:11.000,50.5038598,-5.0357833,20.6,1.129
2026-09-15,12:57:16.000,50.5039005,-5.0358193,21.8,1.092
2026-09-15,12:57:21.000,50.5039429,-5.0358618,22.4,1.092
2026-09-15,12:57:26.000,50.5039866,-5.0358939,22.6,1.092
2026-09-15,12:57:31.000,50.5040270,-5.0359030,23.2,1.064
2026-09-15,12:57:36.000,50.5040682,-5.0359163,25.4,1.054
2026-09-15,12:57:41.000,50.5040970,-5.0359696,27.6,1.054
2026-09-15,12:57:46.000,50.5040895,-5.0360459,28.2,1.092
2026-09-15,12:57:51.000,50.5040557,-5.0361306,27.4,1.194
2026-09-15,12:57:56.000,50.5040157,-5.0361938,27.8,1.232
2026-09-15,12:58:01.000,50.5039729,-5.0362589,28.6,1.269
2026-09-15,12:58:06.000,50.5039331,-5.0363213,26.4,1.260
2026-09-15,12:58:11.000,50.5038873,-5.0363767,28.4,1.269
2026-09-15,12:58:16.000,50.5038413,-5.0364248,29.6,1.250
2026-09-15,12:58:21.000,50.5037836,-5.0364663,30.6,1.278
2026-09-15,12:58:26.000,50.5037301,-5.0365158,30.2,1.316
2026-09-15,12:58:31.000,50.5036874,-5.0365561,30.2,1.306
2026-09-15,12:58:36.000,50.5036437,-5.0366115,30.4,1.241
2026-09-15,12:58:41.000,50.5036010,-5.0366662,31.0,1.232
2026-09-15,12:58:46.000,50.5035597,-5.0367206,31.6,1.232
2026-09-15,12:58:51.000,50.5035211,-5.0367866,31.8,1.232
2026-09-15,12:58:56.000,50.5034826,-5.0368448,31.8,1.278
2026-09-15,12:59:01.000,50.5034484,-5.0369096,31.8,1.194
2026-09-15,12:59:06.000,50.5034179,-5.0369985,33.0,1.278
2026-09-15,12:59:11.000,50.5033847,-5.0370753,33.4,1.325
2026-09-15,12:59:16.000,50.5033497,-5.0371480,33.6,1.325
2026-09-15,12:59:21.000,50.5033178,-5.0372297,33.0,1.325
2026-09-15,12:59:26.000,50.5032873,-5.0373107,33.4,1.334
2026-09-15,12:59:31.000,50.5032588,-5.0373832,33.4,1.325
2026-09-15,12:59:36.000,50.5032405,-5.0374304,34.2,1.306
2026-09-15,12:59:41.000,50.5032094,-5.0374901,34.4,1.260
2026-09-15,12:59:46.000,50.5031902,-5.0375645,35.0,1.232
2026-09-15,12:59:51.000,50.5031647,-5.0376469,35.4,1.222
2026-09-15,12:59:56.000,50.5031341,-5.0377261,35.8,1.204
2026-09-15,13:00:01.000,50.5031032,-5.0378138,36.6,1.213
2026-09-15,13:00:06.000,50.5030716,-5.0378971,37.2,1.250
2026-09-15,13:00:11.000,50.5030509,-5.0379700,37.2,1.269
2026-09-15,13:00:16.000,50.5030353,-5.0380525,38.2,1.241
2026-09-15,13:00:21.000,50.5030146,-5.0381395,37.2,1.241
2026-09-15,13:00:26.000,50.5029983,-5.0382174,37.8,1.232
2026-09-15,13:00:31.000,50.5029850,-5.0383039,38.6,1.222
2026-09-15,13:00:36.000,50.5029647,-5.0383975,38.6,1.232
2026-09-15,13:00:41.000,50.5029511,-5.0384811,39.0,1.232
2026-09-15,13:00:46.000,50.5029438,-5.0385652,39.2,1.250
2026-09-15,13:00:51.000,50.5029431,-5.0386532,39.8,1.250
2026-09-15,13:00:56.000,50.5029385,-5.0387332,40.0,1.250
2026-09-15,13:01:01.000,50.5029363,-5.0388119,40.2,1.269
2026-09-15,13:01:06.000,50.5029378,-5.0388171,39.8,0.000
2026-09-15,13:01:11.000,50.5029399,-5.0388170,39.8,0.000
2026-09-15,13:01:16.000,50.5029401,-5.0388072,39.0,0.000
2026-09-15,13:01:21.000,50.5029410,-5.0388132,40.4,0.000
2026-09-15,13:01:26.000,50.5029421,-5.0388136,40.0,0.000
2026-09-15,13:01:31.000,50.5029411,-5.0388158,39.4,0.000
2026-09-15,13:01:36.000,50.5029400,-5.0388127,40.2,0.000
2026-09-15,13:01:41.000,50.5029387,-5.0388132,39.4,0.000
2026-09-15,13:01:46.000,50.5029357,-5.0388165,39.4,0.000
2026-09-15,13:01:51.000,50.5029352,-5.0388135,39.4,0.000
2026-09-15,13:01:56.000,50.5029374,-5.0388154,40.2,0.000
2026-09-15,13:02:01.000,50.5029391,-5.0388152,40.0,0.000
2026-09-15,13:02:06.000,50.5029400,-5.0388155,39.8,0.000
2026-09-15,13:02:11.000,50.5029442,-5.0388169,40.2,0.000
2026-09-15,13:02:16.000,50.5029449,-5.0388173,40.0,0.000
2026-09-15,13:02:21.000,50.5029451,-5.0388174,40.0,0.000
2026-09-15,13:02:26.000,50.5029452,-5.0388175,39.4,0.000
2026-09-15,13:02:31.000,50.5029454,-5.0388177,38.0,0.000
2026-09-15,13:02:36.000,50.5029456,-5.0388178,37.4,0.000
2026-09-15,13:02:41.000,50.5029462,-5.0388145,38.0,0.000
2026-09-15,13:02:46.000,50.5029462,-5.0388136,38.0,0.000
2026-09-15,13:02:51.000,50.5029462,-5.0388134,38.6,0.000
2026-09-15,13:02:56.000,50.5029462,-5.0388134,37.6,0.000
2026-09-15,13:03:01.000,50.5029462,-5.0388136,37.8,0.000
2026-09-15,13:03:06.000,50.5029462,-5.0388137,38.0,0.000
2026-09-15,13:03:11.000,50.5029462,-5.0388137,38.8,0.000
2026-09-15,13:03:16.000,50.5029461,-5.0388136,38.6,0.000
2026-09-15,13:03:21.000,50.5029461,-5.0388136,37.8,0.000
2026-09-15,13:03:26.000,50.5029461,-5.0388139,38.0,0.000
2026-09-15,13:03:31.000,50.5029462,-5.0388146,39.0,0.000
2026-09-15,13:03:36.000,50.5029462,-5.0388156,38.0,0.000
2026-09-15,13:03:41.000,50.5029462,-5.0388167,38.0,0.000
2026-09-15,13:03:46.000,50.5029462,-5.0388176,38.8,0.000
2026-09-15,13:03:51.000,50.5029462,-5.0388181,39.2,0.000
2026-09-15,13:03:56.000,50.5029462,-5.0388186,37.4,0.000
2026-09-15,13:04:01.000,50.5029461,-5.0388186,38.2,0.000
2026-09-15,13:04:06.000,50.5029461,-5.0388183,38.2,0.000
2026-09-15,13:04:11.000,50.5029460,-5.0388178,38.4,0.000
2026-09-15,13:04:16.000,50.5029460,-5.0388174,38.6,0.000
2026-09-15,13:04:21.000,50.5029459,-5.0388170,38.8,0.000
2026-09-15,13:04:26.000,50.5029459,-5.0388170,39.6,0.000
2026-09-15,13:04:31.000,50.5029459,-5.0388170,39.0,0.000
2026-09-15,13:04:36.000,50.5029459,-5.0388173,38.8,0.000
2026-09-15,13:04:41.000,50.5029459,-5.0388174,39.2,0.000
2026-09-15,13:04:46.000,50.5029459,-5.0388173,38.4,0.000
2026-09-15,13:04:51.000,50.5029459,-5.0388170,38.0,0.000
2026-09-15,13:04:56.000,50.5029459,-5.0388165,38.4,0.000
2026-09-15,13:05:01.000,50.5029459,-5.0388162,38.8,0.000
2026-09-15,13:05:06.000,50.5029460,-5.0388161,38.2,0.000
2026-09-15,13:05:11.000,50.5029460,-5.0388164,38.2,0.000
2026-09-15,13:05:16.000,50.5029458,-5.0388166,38.4,0.000
2026-09-15,13:05:21.000,50.5029441,-5.0388206,38.2,0.000
2026-09-15,13:05:26.000,50.5029426,-5.0388225,39.8,0.000
2026-09-15,13:05:31.000,50.5029426,-5.0388264,38.8,0.000
2026-09-15,13:05:36.000,50.5029426,-5.0388269,39.0,0.000
2026-09-15,13:05:41.000,50.5029442,-5.0388274,39.6,0.000
2026-09-15,13:05:46.000,50.5029446,-5.0388269,38.8,0.000
2026-09-15,13:05:51.000,50.5029446,-5.0388269,38.4,0.000
2026-09-15,13:05:56.000,50.5029445,-5.0388269,39.0,0.000
2026-09-15,13:06:01.000,50.5029443,-5.0388269,39.0,0.000
2026-09-15,13:06:06.000,50.5029442,-5.0388269,37.8,0.000
2026-09-15,13:06:11.000,50.5029441,-5.0388270,39.8,0.000
2026-09-15,13:06:16.000,50.5029440,-5.0388271,38.8,0.000
2026-09-15,13:06:21.000,50.5029440,-5.0388270,38.4,0.000
2026-09-15,13:06:26.000,50.5029441,-5.0388269,38.8,0.000
2026-09-15,13:06:31.000,50.5029442,-5.0388269,39.0,0.000
2026-09-15,13:06:36.000,50.5029443,-5.0388267,38.6,0.000
2026-09-15,13:06:41.000,50.5029444,-5.0388266,39.2,0.000
2026-09-15,13:06:46.000,50.5029444,-5.0388266,39.2,0.000
2026-09-15,13:06:51.000,50.5029445,-5.0388266,38.6,0.000
2026-09-15,13:06:56.000,50.5029445,-5.0388266,39.2,0.000
2026-09-15,13:07:01.000,50.5029445,-5.0388267,39.2,0.000
2026-09-15,13:07:06.000,50.5029445,-5.0388267,39.0,0.000
2026-09-15,13:07:11.000,50.5029444,-5.0388268,38.8,0.000
2026-09-15,13:07:16.000,50.5029443,-5.0388268,38.8,0.000
2026-09-15,13:07:21.000,50.5029442,-5.0388269,38.8,0.000
2026-09-15,13:07:26.000,50.5029441,-5.0388268,38.8,0.000
2026-09-15,13:07:31.000,50.5029441,-5.0388267,39.0,0.000
2026-09-15,13:07:36.000,50.5029442,-5.0388265,38.8,0.000
2026-09-15,13:07:41.000,50.5029442,-5.0388264,38.8,0.000
2026-09-15,13:07:46.000,50.5029443,-5.0388263,38.8,0.000
2026-09-15,13:07:51.000,50.5029445,-5.0388262,38.4,0.000
2026-09-15,13:07:56.000,50.5029447,-5.0388262,37.8,0.000
2026-09-15,13:08:01.000,50.5029448,-5.0388260,38.6,0.000
2026-09-15,13:08:06.000,50.5029451,-5.0388258,38.8,0.000
2026-09-15,13:08:11.000,50.5029452,-5.0388255,38.8,0.000
2026-09-15,13:08:16.000,50.5029451,-5.0388256,38.8,0.000
2026-09-15,13:08:21.000,50.5029451,-5.0388259,39.8,0.000
2026-09-15,13:08:26.000,50.5029464,-5.0388269,39.8,0.000
2026-09-15,13:08:31.000,50.5029453,-5.0388314,40.0,0.000
2026-09-15,13:08:36.000,50.5029456,-5.0388326,40.0,0.000
2026-09-15,13:08:41.000,50.5029455,-5.0388324,38.8,0.000
2026-09-15,13:08:46.000,50.5029455,-5.0388324,37.8,0.000
2026-09-15,13:08:51.000,50.5029456,-5.0388326,38.6,0.000
2026-09-15,13:08:56.000,50.5029456,-5.0388328,39.2,0.000
2026-09-15,13:09:01.000,50.5029456,-5.0388331,40.0,0.000
2026-09-15,13:09:06.000,50.5029457,-5.0388332,38.4,0.000
2026-09-15,13:09:11.000,50.5029457,-5.0388333,37.8,0.000
2026-09-15,13:09:16.000,50.5029457,-5.0388331,38.2,0.000
2026-09-15,13:09:21.000,50.5029457,-5.0388329,38.0,0.000
2026-09-15,13:09:26.000,50.5029457,-5.0388326,37.4,0.000
2026-09-15,13:09:31.000,50.5029458,-5.0388324,38.4,0.000
2026-09-15,13:09:36.000,50.5029460,-5.0388322,37.8,0.000
2026-09-15,13:09:41.000,50.5029463,-5.0388321,38.6,0.000
2026-09-15,13:09:46.000,50.5029467,-5.0388320,38.8,0.000
2026-09-15,13:09:51.000,50.5029470,-5.0388323,37.6,0.000
2026-09-15,13:09:56.000,50.5029477,-5.0388327,38.0,0.000
2026-09-15,13:10:01.000,50.5029504,-5.0388299,38.2,0.000
2026-09-15,13:10:06.000,50.5029519,-5.0388277,39.6,0.000
2026-09-15,13:10:11.000,50.5029528,-5.0388277,39.8,0.000
2026-09-15,13:10:16.000,50.5029531,-5.0388279,39.4,0.000
2026-09-15,13:10:21.000,50.5029525,-5.0388284,40.2,0.000
2026-09-15,13:10:26.000,50.5029447,-5.0388263,39.6,0.000
2026-09-15,13:10:31.000,50.5029446,-5.0388228,39.0,0.000
2026-09-15,13:10:36.000,50.5029442,-5.0388222,39.2,0.000
2026-09-15,13:10:41.000,50.5029438,-5.0388230,39.8,0.000
2026-09-15,13:10:46.000,50.5029428,-5.0388238,37.8,0.000
2026-09-15,13:10:51.000,50.5029436,-5.0388248,38.0,0.000
2026-09-15,13:10:56.000,50.5029419,-5.0388213,40.0,0.000
2026-09-15,13:11:01.000,50.5029436,-5.0388259,39.4,0.000
2026-09-15,13:11:06.000,50.5029441,-5.0388263,37.6,0.000
2026-09-15,13:11:11.000,50.5029442,-5.0388263,38.4,0.000
2026-09-15,13:11:16.000,50.5029442,-5.0388262,38.6,0.000
2026-09-15,13:11:21.000,50.5029441,-5.0388262,38.8,0.000
2026-09-15,13:11:26.000,50.5029441,-5.0388261,38.6,0.000
2026-09-15,13:11:31.000,50.5029442,-5.0388261,39.4,0.000
2026-09-15,13:11:36.000,50.5029444,-5.0388260,39.0,0.000
2026-09-15,13:11:41.000,50.5029447,-5.0388259,37.8,0.000
2026-09-15,13:11:46.000,50.5029450,-5.0388259,39.0,0.000
2026-09-15,13:11:51.000,50.5029452,-5.0388259,39.0,0.000
2026-09-15,13:11:56.000,50.5029454,-5.0388259,38.6,0.000
2026-09-15,13:12:01.000,50.5029454,-5.0388259,37.6,0.000
2026-09-15,13:12:06.000,50.5029448,-5.0388255,38.0,0.000
2026-09-15,13:12:11.000,50.5029418,-5.0388307,39.2,0.000
2026-09-15,13:12:16.000,50.5029426,-5.0388244,40.2,0.000
2026-09-15,13:12:21.000,50.5029425,-5.0388252,39.0,0.000
2026-09-15,13:12:26.000,50.5029426,-5.0388253,37.8,0.000
2026-09-15,13:12:31.000,50.5029421,-5.0388252,37.4,0.000
2026-09-15,13:12:36.000,50.5029417,-5.0388251,37.6,0.000
2026-09-15,13:12:41.000,50.5029415,-5.0388250,38.8,0.000
2026-09-15,13:12:46.000,50.5029410,-5.0388250,38.2,0.000
2026-09-15,13:12:51.000,50.5029406,-5.0388249,37.2,0.000
2026-09-15,13:12:56.000,50.5029402,-5.0388249,38.4,0.000
2026-09-15,13:13:01.000,50.5029398,-5.0388249,38.0,0.000
2026-09-15,13:13:06.000,50.5029396,-5.0388249,38.0,0.000
2026-09-15,13:13:11.000,50.5029395,-5.0388248,37.6,0.000
2026-09-15,13:13:16.000,50.5029394,-5.0388248,38.8,0.000
2026-09-15,13:13:21.000,50.5029394,-5.0388248,38.8,0.000
2026-09-15,13:13:26.000,50.5029393,-5.0388248,38.0,0.000
2026-09-15,13:13:31.000,50.5029392,-5.0388248,38.6,0.000
2026-09-15,13:13:36.000,50.5029391,-5.0388248,38.4,0.000
2026-09-15,13:13:41.000,50.5029392,-5.0388248,38.8,0.000
2026-09-15,13:13:46.000,50.5029393,-5.0388248,39.0,0.000
2026-09-15,13:13:51.000,50.5029395,-5.0388248,39.2,0.000
2026-09-15,13:13:56.000,50.5029399,-5.0388247,40.8,0.000
2026-09-15,13:14:01.000,50.5029400,-5.0388247,39.4,0.000
2026-09-15,13:14:06.000,50.5029400,-5.0388246,38.0,0.000
2026-09-15,13:14:11.000,50.5029400,-5.0388245,39.0,0.000
2026-09-15,13:14:16.000,50.5029400,-5.0388243,38.6,0.000
2026-09-15,13:14:21.000,50.5029402,-5.0388243,39.2,0.000
2026-09-15,13:14:26.000,50.5029405,-5.0388243,38.8,0.000
2026-09-15,13:14:31.000,50.5029408,-5.0388243,38.4,0.000
2026-09-15,13:14:36.000,50.5029410,-5.0388243,38.4,0.000
2026-09-15,13:14:41.000,50.5029412,-5.0388244,39.0,0.000
2026-09-15,13:14:46.000,50.5029414,-5.0388244,38.8,0.000
2026-09-15,13:14:51.000,50.5029415,-5.0388243,38.8,0.000
2026-09-15,13:14:56.000,50.5029416,-5.0388243,39.6,0.000
2026-09-15,13:15:01.000,50.5029417,-5.0388242,39.6,0.000
2026-09-15,13:15:06.000,50.5029418,-5.0388242,39.8,0.000
2026-09-15,13:15:11.000,50.5029418,-5.0388242,40.2,0.000
2026-09-15,13:15:16.000,50.5029418,-5.0388241,39.4,0.000
2026-09-15,13:15:21.000,50.5029419,-5.0388241,39.8,0.000
2026-09-15,13:15:26.000,50.5029419,-5.0388241,39.6,0.000
2026-09-15,13:15:31.000,50.5029419,-5.0388242,39.2,0.000
2026-09-15,13:15:36.000,50.5029419,-5.0388243,39.2,0.000
2026-09-15,13:15:41.000,50.5029419,-5.0388244,39.0,0.000
2026-09-15,13:15:46.000,50.5029419,-5.0388245,39.0,0.000
2026-09-15,13:15:51.000,50.5029418,-5.0388245,39.4,0.000
2026-09-15,13:15:56.000,50.5029419,-5.0388245,38.8,0.000
2026-09-15,13:16:01.000,50.5029421,-5.0388245,39.0,0.000
2026-09-15,13:16:06.000,50.5029423,-5.0388245,39.4,0.000
2026-09-15,13:16:11.000,50.5029425,-5.0388246,39.0,0.000
2026-09-15,13:16:16.000,50.5029426,-5.0388246,39.0,0.000
2026-09-15,13:16:21.000,50.5029431,-5.0388231,39.2,0.000
2026-09-15,13:16:26.000,50.5029440,-5.0388186,39.8,0.000
2026-09-15,13:16:31.000,50.5029438,-5.0388186,39.4,0.000
2026-09-15,13:16:36.000,50.5029435,-5.0388189,39.4,0.000
2026-09-15,13:16:41.000,50.5029431,-5.0388191,39.4,0.000
2026-09-15,13:16:46.000,50.5029427,-5.0388195,39.2,0.000
2026-09-15,13:16:51.000,50.5029423,-5.0388198,39.6,0.000
2026-09-15,13:16:56.000,50.5029421,-5.0388202,39.2,0.000
2026-09-15,13:17:01.000,50.5029416,-5.0388205,39.0,0.000
2026-09-15,13:17:06.000,50.5029410,-5.0388209,39.2,0.000
2026-09-15,13:17:11.000,50.5029405,-5.0388212,39.4,0.000
2026-09-15,13:17:16.000,50.5029399,-5.0388217,39.4,0.000
2026-09-15,13:17:21.000,50.5029394,-5.0388220,38.8,0.000
2026-09-15,13:17:26.000,50.5029389,-5.0388222,39.2,0.000
2026-09-15,13:17:31.000,50.5029386,-5.0388224,39.0,0.000
2026-09-15,13:17:36.000,50.5029385,-5.0388226,39.6,0.000
2026-09-15,13:17:41.000,50.5029392,-5.0388227,40.2,0.000
2026-09-15,13:17:46.000,50.5029435,-5.0388077,40.6,0.000
2026-09-15,13:17:51.000,50.5029481,-5.0388093,39.6,0.000
2026-09-15,13:17:56.000,50.5029527,-5.0388082,40.6,0.000
2026-09-15,13:18:01.000,50.5029411,-5.0388023,40.6,0.000
2026-09-15,13:18:06.000,50.5029038,-5.0388018,40.4,0.000
2026-09-15,13:18:11.000,50.5028606,-5.0387742,41.4,0.616
2026-09-15,13:18:16.000,50.5028148,-5.0387573,42.0,1.269
2026-09-15,13:18:21.000,50.5027630,-5.0387697,42.6,1.269
2026-09-15,13:18:26.000,50.5027051,-5.0387865,43.0,1.241
2026-09-15,13:18:31.000,50.5026561,-5.0388230,43.0,1.297
2026-09-15,13:18:36.000,50.5026138,-5.0388591,44.4,1.222
2026-09-15,13:18:41.000,50.5025666,-5.0388837,43.2,1.297
2026-09-15,13:18:46.000,50.5025206,-5.0389227,44.4,1.260
2026-09-15,13:18:51.000,50.5024811,-5.0389680,45.6,1.269
2026-09-15,13:18:56.000,50.5024477,-5.0390057,46.2,1.213
2026-09-15,13:19:01.000,50.5024212,-5.0390484,46.0,1.092
2026-09-15,13:19:06.000,50.5024137,-5.0390747,46.6,0.961
2026-09-15,13:19:11.000,50.5024135,-5.0390763,46.4,0.000
2026-09-15,13:19:16.000,50.5024139,-5.0390763,46.4,0.000
2026-09-15,13:19:21.000,50.5024146,-5.0390763,46.8,0.000
2026-09-15,13:19:26.000,50.5024155,-5.0390772,45.8,0.000
2026-09-15,13:19:31.000,50.5024104,-5.0390952,45.8,0.000
2026-09-15,13:19:36.000,50.5024089,-5.0390973,45.8,0.000
2026-09-15,13:19:41.000,50.5024088,-5.0391066,45.8,0.000
2026-09-15,13:19:46.000,50.5024106,-5.0391445,45.8,0.000
2026-09-15,13:19:51.000,50.5024110,-5.0391469,46.2,0.000
2026-09-15,13:19:56.000,50.5024147,-5.0391891,46.0,0.000
2026-09-15,13:20:01.000,50.5024118,-5.0392664,46.2,1.204
2026-09-15,13:20:06.000,50.5024037,-5.0393537,46.2,1.306
2026-09-15,13:20:11.000,50.5023893,-5.0394304,46.4,1.306
2026-09-15,13:20:16.000,50.5023654,-5.0395095,46.4,1.288
2026-09-15,13:20:21.000,50.5023374,-5.0395837,47.0,1.269
2026-09-15,13:20:26.000,50.5023070,-5.0396639,47.4,1.297
2026-09-15,13:20:31.000,50.5022727,-5.0397349,47.8,1.306
2026-09-15,13:20:36.000,50.5022445,-5.0398127,49.0,1.325
2026-09-15,13:20:41.000,50.5022170,-5.0398937,48.4,1.325
2026-09-15,13:20:46.000,50.5021917,-5.0399744,48.0,1.344
2026-09-15,13:20:51.000,50.5021801,-5.0400656,47.6,1.372
2026-09-15,13:20:56.000,50.5021660,-5.0401555,48.2,1.372
2026-09-15,13:21:01.000,50.5021631,-5.0402494,49.6,1.372
2026-09-15,13:21:06.000,50.5021710,-5.0403412,50.4,1.362
2026-09-15,13:21:11.000,50.5021821,-5.0404363,48.8,1.390
2026-09-15,13:21:16.000,50.5021900,-5.0405235,47.4,1.381
2026-09-15,13:21:21.000,50.5022075,-5.0406182,47.6,1.353
2026-09-15,13:21:26.000,50.5022231,-5.0407127,47.0,1.390
2026-09-15,13:21:31.000,50.5022413,-5.0408052,46.4,1.400
2026-09-15,13:21:36.000,50.5022511,-5.0408966,44.6,1.400
2026-09-15,13:21:41.000,50.5022591,-5.0409936,45.0,1.381
2026-09-15,13:21:46.000,50.5022696,-5.0410928,45.4,1.400
2026-09-15,13:21:51.000,50.5022778,-5.0411890,45.8,1.409
2026-09-15,13:21:56.000,50.5022809,-5.0412880,46.2,1.418
2026-09-15,13:22:01.000,50.5022838,-5.0413751,45.6,1.437
2026-09-15,13:22:06.000,50.5022951,-5.0414625,46.6,1.409
2026-09-15,13:22:11.000,50.5022928,-5.0415432,47.4,1.372
2026-09-15,13:22:16.000,50.5022725,-5.0415993,47.8,1.316
2026-09-15,13:22:21.000,50.5022327,-5.0415962,47.8,1.250
2026-09-15,13:22:26.000,50.5022009,-5.0415651,45.6,1.073
2026-09-15,13:22:31.000,50.5021473,-5.0415168,45.8,1.344
2026-09-15,13:22:36.000,50.5020889,-5.0414758,46.6,1.456
2026-09-15,13:22:41.000,50.5020344,-5.0414396,46.4,1.390
2026-09-15,13:22:46.000,50.5019801,-5.0413918,46.2,1.372
2026-09-15,13:22:51.000,50.5019340,-5.0413541,46.8,1.353
2026-09-15,13:22:56.000,50.5018853,-5.0413177,46.8,1.334
2026-09-15,13:23:01.000,50.5018370,-5.0412863,46.8,1.306
2026-09-15,13:23:06.000,50.5018005,-5.0412662,47.0,1.185
2026-09-15,13:23:11.000,50.5017539,-5.0412444,47.6,1.148
2026-09-15,13:23:16.000,50.5016956,-5.0412282,47.0,1.157
2026-09-15,13:23:21.000,50.5016610,-5.0412295,47.8,1.166
2026-09-15,13:23:26.000,50.5016258,-5.0412138,48.4,0.000
2026-09-15,13:23:31.000,50.5015686,-5.0411921,48.2,1.138
2026-09-15,13:23:36.000,50.5015170,-5.0411830,47.8,1.344
2026-09-15,13:23:41.000,50.5014647,-5.0411614,48.0,1.222
2026-09-15,13:23:46.000,50.5014198,-5.0411339,47.6,1.185
2026-09-15,13:23:51.000,50.5013779,-5.0411059,48.0,1.185
2026-09-15,13:23:56.000,50.5013308,-5.0410716,47.0,1.073
2026-09-15,13:24:01.000,50.5012818,-5.0410361,47.8,1.166
2026-09-15,13:24:06.000,50.5012331,-5.0410222,47.2,1.185
2026-09-15,13:24:11.000,50.5011886,-5.0410743,48.0,1.204
2026-09-15,13:24:16.000,50.5011418,-5.0411207,48.0,1.241
2026-09-15,13:24:21.000,50.5010946,-5.0411693,48.2,1.222
2026-09-15,13:24:26.000,50.5010436,-5.0411825,48.2,1.222
2026-09-15,13:24:31.000,50.5010006,-5.0411486,48.2,1.166
2026-09-15,13:24:36.000,50.5009604,-5.0410991,49.2,1.138
2026-09-15,13:24:41.000,50.5009131,-5.0410521,50.6,1.120
2026-09-15,13:24:46.000,50.5008677,-5.0410023,51.0,1.176
2026-09-15,13:24:51.000,50.5008348,-5.0409312,50.2,1.157
2026-09-15,13:24:56.000,50.5007958,-5.0408565,49.0,1.222
2026-09-15,13:25:01.000,50.5007493,-5.0407817,48.8,1.288
2026-09-15,13:25:06.000,50.5007058,-5.0407109,49.2,1.362
2026-09-15,13:25:11.000,50.5006644,-5.0406379,49.4,1.381
2026-09-15,13:25:16.000,50.5006164,-5.0405772,49.2,1.344
2026-09-15,13:25:21.000,50.5005610,-5.0405404,49.8,1.381
2026-09-15,13:25:26.000,50.5005090,-5.0405026,49.4,1.353
2026-09-15,13:25:31.000,50.5004558,-5.0404713,49.6,1.334
2026-09-15,13:25:36.000,50.5004046,-5.0404234,49.8,1.344
2026-09-15,13:25:41.000,50.5003613,-5.0403652,50.6,1.306
2026-09-15,13:25:46.000,50.5003175,-5.0403100,50.6,1.306
2026-09-15,13:25:51.000,50.5002603,-5.0402872,49.6,1.297
2026-09-15,13:25:56.000,50.5002185,-5.0403166,48.8,1.297
2026-09-15,13:26:01.000,50.5002003,-5.0403321,48.2,1.166
2026-09-15,13:26:06.000,50.5002022,-5.0403312,49.0,0.000
2026-09-15,13:26:11.000,50.5002023,-5.0403314,48.8,0.000
2026-09-15,13:26:16.000,50.5001852,-5.0403388,49.8,0.000
2026-09-15,13:26:21.000,50.5001283,-5.0403551,49.8,0.681
2026-09-15,13:26:26.000,50.5000667,-5.0403715,48.2,1.362
2026-09-15,13:26:31.000,50.5000065,-5.0403857,49.6,1.241
2026-09-15,13:26:36.000,50.4999449,-5.0404017,50.4,1.372
2026-09-15,13:26:41.000,50.4998829,-5.0404195,50.2,1.316
2026-09-15,13:26:46.000,50.4998153,-5.0404396,49.8,1.362
2026-09-15,13:26:51.000,50.4997522,-5.0404586,49.4,1.381
2026-09-15,13:26:56.000,50.4996847,-5.0404860,49.0,1.428
2026-09-15,13:27:01.000,50.4996238,-5.0405083,47.8,1.437
2026-09-15,13:27:06.000,50.4995600,-5.0405270,48.2,1.418
2026-09-15,13:27:11.000,50.4994967,-5.0405533,49.2,1.428
2026-09-15,13:27:16.000,50.4994388,-5.0405826,48.8,1.381
2026-09-15,13:27:21.000,50.4993805,-5.0406172,48.2,1.381
2026-09-15,13:27:26.000,50.4993231,-5.0406447,48.2,1.381
2026-09-15,13:27:31.000,50.4992685,-5.0406729,49.0,1.362
2026-09-15,13:27:36.000,50.4992127,-5.0406949,49.8,1.362
2026-09-15,13:27:41.000,50.4991482,-5.0407102,50.4,1.316
2026-09-15,13:27:46.000,50.4990806,-5.0407227,49.6,1.334
2026-09-15,13:27:51.000,50.4990163,-5.0407410,50.0,1.400
2026-09-15,13:27:56.000,50.4989588,-5.0407543,49.0,1.372
2026-09-15,13:28:01.000,50.4988997,-5.0407670,49.2,1.344
2026-09-15,13:28:06.000,50.4988346,-5.0407885,49.4,1.344
2026-09-15,13:28:11.000,50.4987744,-5.0408194,49.2,1.372
2026-09-15,13:28:16.000,50.4987192,-5.0408486,49.4,1.381
2026-09-15,13:28:21.000,50.4986618,-5.0408859,49.4,1.381
2026-09-15,13:28:26.000,50.4986109,-5.0409142,49.4,1.381
2026-09-15,13:28:31.000,50.4985566,-5.0409623,48.6,1.362
2026-09-15,13:28:36.000,50.4985017,-5.0410196,48.4,1.372
2026-09-15,13:28:41.000,50.4984426,-5.0410443,47.0,1.372
2026-09-15,13:28:46.000,50.4983870,-5.0410432,46.8,1.353
2026-09-15,13:28:51.000,50.4983348,-5.0410163,47.6,1.334
2026-09-15,13:28:56.000,50.4982888,-5.0409727,46.2,1.325
2026-09-15,13:29:01.000,50.4982483,-5.0409064,47.4,1.316
2026-09-15,13:29:06.000,50.4982112,-5.0408282,48.0,1.316
2026-09-15,13:29:11.000,50.4981769,-5.0407503,47.4,1.325
2026-09-15,13:29:16.000,50.4981392,-5.0406703,48.0,1.334
2026-09-15,13:29:21.000,50.4980999,-5.0405892,48.2,1.362
2026-09-15,13:29:26.000,50.4980659,-5.0405119,48.6,1.362
2026-09-15,13:29:31.000,50.4980301,-5.0404367,48.6,1.372
2026-09-15,13:29:36.000,50.4979991,-5.0403524,48.8,1.372
2026-09-15,13:29:41.000,50.4979650,-5.0402725,48.6,1.362
2026-09-15,13:29:46.000,50.4979242,-5.0401896,48.2,1.372
2026-09-15,13:29:51.000,50.4978866,-5.0401136,48.6,1.362
2026-09-15,13:29:56.000,50.4978548,-5.0400239,48.8,1.362
2026-09-15,13:30:01.000,50.4978255,-5.0399572,49.2,1.353
2026-09-15,13:30:06.000,50.4977946,-5.0398715,49.4,1.353
2026-09-15,13:30:11.000,50.4977648,-5.0397965,50.0,1.334
2026-09-15,13:30:16.000,50.4977242,-5.0397213,49.8,1.334
2026-09-15,13:30:21.000,50.4976843,-5.0396412,49.6,1.334
2026-09-15,13:30:26.000,50.4976546,-5.0395630,49.6,1.353
2026-09-15,13:30:31.000,50.4976166,-5.0394889,49.6,1.344
2026-09-15,13:30:36.000,50.4975851,-5.0394133,49.6,1.334
2026-09-15,13:30:41.000,50.4975675,-5.0393234,49.8,1.334
2026-09-15,13:30:46.000,50.4975417,-5.0392429,50.0,1.334
2026-09-15,13:30:51.000,50.4974897,-5.0391854,50.0,1.334
2026-09-15,13:30:56.000,50.4974504,-5.0391136,50.0,1.353
2026-09-15,13:31:01.000,50.4974189,-5.0390344,50.2,1.362
2026-09-15,13:31:06.000,50.4973804,-5.0389550,50.0,1.334
2026-09-15,13:31:11.000,50.4973218,-5.0388914,50.0,1.400
2026-09-15,13:31:16.000,50.4972779,-5.0388253,50.0,1.372
2026-09-15,13:31:21.000,50.4972325,-5.0387575,49.6,1.372
2026-09-15,13:31:26.000,50.4971834,-5.0386917,49.6,1.390
2026-09-15,13:31:31.000,50.4971304,-5.0386312,49.6,1.362
2026-09-15,13:31:36.000,50.4970820,-5.0385626,49.8,1.428
2026-09-15,13:31:41.000,50.4970359,-5.0384917,50.2,1.390
2026-09-15,13:31:46.000,50.4969834,-5.0384185,50.4,1.502
2026-09-15,13:31:51.000,50.4969343,-5.0383606,50.2,1.474
2026-09-15,13:31:56.000,50.4968852,-5.0382922,50.6,1.484
2026-09-15,13:32:01.000,50.4968393,-5.0382134,50.4,1.446
2026-09-15,13:32:06.000,50.4967919,-5.0381469,50.6,1.465
2026-09-15,13:32:11.000,50.4967389,-5.0380758,50.2,1.446
2026-09-15,13:32:16.000,50.4966892,-5.0380054,50.0,1.474
2026-09-15,13:32:21.000,50.4966396,-5.0379287,50.2,1.465
2026-09-15,13:32:26.000,50.4966022,-5.0378323,50.0,1.484
2026-09-15,13:32:31.000,50.4965588,-5.0377583,49.6,1.493
2026-09-15,13:32:36.000,50.4965090,-5.0376792,49.2,1.502
2026-09-15,13:32:41.000,50.4964595,-5.0376037,49.0,1.530
2026-09-15,13:32:46.000,50.4964134,-5.0375360,48.0,1.493
2026-09-15,13:32:51.000,50.4963696,-5.0374545,47.6,1.484
2026-09-15,13:32:56.000,50.4963243,-5.0373745,47.4,1.484
2026-09-15,13:33:01.000,50.4962754,-5.0373016,47.0,1.493
2026-09-15,13:33:06.000,50.4962282,-5.0372233,46.8,1.493
2026-09-15,13:33:11.000,50.4961743,-5.0371405,46.6,1.512
2026-09-15,13:33:16.000,50.4961224,-5.0370702,46.4,1.521
2026-09-15,13:33:21.000,50.4960731,-5.0370047,46.4,1.512
2026-09-15,13:33:26.000,50.4960222,-5.0369305,46.2,1.521
2026-09-15,13:33:31.000,50.4959732,-5.0368498,46.2,1.530
2026-09-15,13:33:36.000,50.4959326,-5.0367828,45.6,1.512
2026-09-15,13:33:41.000,50.4958911,-5.0367189,45.4,1.484
2026-09-15,13:33:46.000,50.4958536,-5.0366720,45.0,1.474
2026-09-15,13:33:51.000,50.4958412,-5.0366492,44.8,0.000
2026-09-15,13:33:56.000,50.4958022,-5.0365842,45.0,1.241
2026-09-15,13:34:01.000,50.4957521,-5.0365147,45.0,1.428
2026-09-15,13:34:06.000,50.4957069,-5.0364497,45.6,1.456
2026-09-15,13:34:11.000,50.4956549,-5.0363865,46.4,1.381
2026-09-15,13:34:16.000,50.4956102,-5.0363138,46.2,1.446
2026-09-15,13:34:21.000,50.4955673,-5.0362441,46.4,1.372
2026-09-15,13:34:26.000,50.4955215,-5.0361823,46.8,1.344
2026-09-15,13:34:31.000,50.4954709,-5.0361195,47.0,1.362
2026-09-15,13:34:36.000,50.4954252,-5.0360588,47.6,1.362
2026-09-15,13:34:41.000,50.4953724,-5.0359973,47.6,1.390
2026-09-15,13:34:46.000,50.4953237,-5.0359461,47.6,1.390
2026-09-15,13:34:51.000,50.4952735,-5.0358875,47.8,1.400
2026-09-15,13:34:56.000,50.4952200,-5.0358356,47.6,1.390
2026-09-15,13:35:01.000,50.4951642,-5.0357816,47.4,1.409
2026-09-15,13:35:06.000,50.4951052,-5.0357389,47.2,1.418
2026-09-15,13:35:11.000,50.4950510,-5.0356970,47.2,1.409
2026-09-15,13:35:16.000,50.4949953,-5.0356520,48.0,1.400
2026-09-15,13:35:21.000,50.4949362,-5.0356237,48.4,1.381
2026-09-15,13:35:26.000,50.4948818,-5.0355991,47.8,1.372
2026-09-15,13:35:31.000,50.4948236,-5.0355640,48.0,1.344
2026-09-15,13:35:36.000,50.4947707,-5.0355445,48.6,1.344
2026-09-15,13:35:41.000,50.4947233,-5.0355221,48.8,1.306
2026-09-15,13:35:46.000,50.4946856,-5.0355011,47.8,1.250
2026-09-15,13:35:51.000,50.4946853,-5.0354947,47.2,0.000
2026-09-15,13:35:56.000,50.4946852,-5.0354955,47.4,0.000
2026-09-15,13:36:01.000,50.4946940,-5.0354847,47.8,0.000
2026-09-15,13:36:06.000,50.4947101,-5.0354383,48.6,0.355
2026-09-15,13:36:11.000,50.4947204,-5.0354164,47.8,0.700
2026-09-15,13:36:16.000,50.4947184,-5.0354137,47.8,0.000
2026-09-15,13:36:21.000,50.4947239,-5.0353911,48.4,0.000
2026-09-15,13:36:26.000,50.4947256,-5.0353520,48.8,0.000
2026-09-15,13:36:31.000,50.4947233,-5.0352912,48.8,0.000
2026-09-15,13:36:36.000,50.4947136,-5.0352129,49.4,0.467
2026-09-15,13:36:41.000,50.4946954,-5.0351344,50.4,1.278
2026-09-15,13:36:46.000,50.4946759,-5.0350485,50.6,1.269
2026-09-15,13:36:51.000,50.4946590,-5.0349594,51.4,1.381
2026-09-15,13:36:56.000,50.4946334,-5.0348705,51.0,1.381
2026-09-15,13:37:01.000,50.4946111,-5.0347879,51.4,1.372
2026-09-15,13:37:06.000,50.4945871,-5.0346955,51.8,1.353
2026-09-15,13:37:11.000,50.4945606,-5.0346136,52.2,1.428
2026-09-15,13:37:16.000,50.4945208,-5.0345445,52.0,1.316
2026-09-15,13:37:21.000,50.4944835,-5.0344768,51.8,1.372
2026-09-15,13:37:26.000,50.4944523,-5.0344077,53.0,1.297
2026-09-15,13:37:31.000,50.4944126,-5.0343334,52.6,1.325
2026-09-15,13:37:36.000,50.4943663,-5.0342734,54.0,1.334
2026-09-15,13:37:41.000,50.4943171,-5.0342211,55.2,1.353
2026-09-15,13:37:46.000,50.4942665,-5.0341658,55.0,1.353
2026-09-15,13:37:51.000,50.4942141,-5.0341085,54.4,1.362
2026-09-15,13:37:56.000,50.4941594,-5.0340519,53.8,1.372
2026-09-15,13:38:01.000,50.4941084,-5.0340052,53.8,1.381
2026-09-15,13:38:06.000,50.4940607,-5.0339471,53.8,1.381
2026-09-15,13:38:11.000,50.4940102,-5.0338944,53.8,1.362
2026-09-15,13:38:16.000,50.4939641,-5.0338455,54.0,1.344
2026-09-15,13:38:21.000,50.4939188,-5.0337906,53.6,1.344
2026-09-15,13:38:26.000,50.4938847,-5.0337404,53.4,1.288
2026-09-15,13:38:31.000,50.4938740,-5.0337167,54.0,1.194
2026-09-15,13:38:36.000,50.4938686,-5.0337038,54.8,0.000
2026-09-15,13:38:41.000,50.4938306,-5.0336896,54.8,0.000
2026-09-15,13:38:46.000,50.4937644,-5.0337079,55.0,1.400
2026-09-15,13:38:51.000,50.4937000,-5.0337272,55.0,1.381
2026-09-15,13:38:56.000,50.4936308,-5.0337490,55.2,1.521
2026-09-15,13:39:01.000,50.4935696,-5.0337655,55.2,1.512
2026-09-15,13:39:06.000,50.4935070,-5.0337802,55.2,1.493
2026-09-15,13:39:11.000,50.4934375,-5.0338018,54.8,1.456
2026-09-15,13:39:16.000,50.4933677,-5.0338277,55.0,1.465
2026-09-15,13:39:21.000,50.4933071,-5.0338459,55.6,1.530
2026-09-15,13:39:26.000,50.4932423,-5.0338638,55.6,1.493
2026-09-15,13:39:31.000,50.4931895,-5.0338818,55.0,1.484
2026-09-15,13:39:36.000,50.4931297,-5.0338995,55.8,1.418
2026-09-15,13:39:41.000,50.4930733,-5.0339151,55.4,1.353
2026-09-15,13:39:46.000,50.4930185,-5.0339232,55.6,1.344
2026-09-15,13:39:51.000,50.4929554,-5.0339405,55.8,1.353
2026-09-15,13:39:56.000,50.4928925,-5.0339607,56.0,1.353
2026-09-15,13:40:01.000,50.4928301,-5.0339956,56.2,1.381
2026-09-15,13:40:06.000,50.4927757,-5.0340410,56.2,1.390
2026-09-15,13:40:11.000,50.4927272,-5.0340807,57.0,1.344
2026-09-15,13:40:16.000,50.4926746,-5.0341078,57.4,1.297
2026-09-15,13:40:21.000,50.4926223,-5.0341483,56.6,1.288
2026-09-15,13:40:26.000,50.4925586,-5.0341974,56.2,1.353
2026-09-15,13:40:31.000,50.4924943,-5.0342241,56.0,1.381
2026-09-15,13:40:36.000,50.4924280,-5.0342611,54.6,1.390
2026-09-15,13:40:41.000,50.4923661,-5.0342962,55.6,1.446
2026-09-15,13:40:46.000,50.4923076,-5.0343397,56.2,1.409
2026-09-15,13:40:51.000,50.4922480,-5.0343912,54.2,1.446
2026-09-15,13:40:56.000,50.4921944,-5.0344311,55.8,1.428
2026-09-15,13:41:01.000,50.4921289,-5.0344539,55.4,1.428
2026-09-15,13:41:06.000,50.4920711,-5.0344867,55.8,1.428
2026-09-15,13:41:11.000,50.4920131,-5.0345172,55.8,1.409
2026-09-15,13:41:16.000,50.4919528,-5.0345533,55.8,1.418
2026-09-15,13:41:21.000,50.4918986,-5.0345891,54.8,1.409
2026-09-15,13:41:26.000,50.4918360,-5.0346242,53.8,1.418
2026-09-15,13:41:31.000,50.4917816,-5.0346543,53.4,1.409
2026-09-15,13:41:36.000,50.4917210,-5.0346854,53.4,1.409
2026-09-15,13:41:41.000,50.4916635,-5.0347131,52.8,1.409
2026-09-15,13:41:46.000,50.4916013,-5.0347585,51.8,1.409
2026-09-15,13:41:51.000,50.4915416,-5.0347907,51.8,1.418
2026-09-15,13:41:56.000,50.4914867,-5.0348240,51.6,1.409
2026-09-15,13:42:01.000,50.4914273,-5.0348578,51.2,1.409
2026-09-15,13:42:06.000,50.4913658,-5.0348916,50.8,1.400
2026-09-15,13:42:11.000,50.4913020,-5.0349150,50.6,1.400
2026-09-15,13:42:16.000,50.4912370,-5.0349370,50.8,1.409
2026-09-15,13:42:21.000,50.4911822,-5.0349608,51.0,1.400
2026-09-15,13:42:26.000,50.4911175,-5.0349651,50.4,1.400
2026-09-15,13:42:31.000,50.4910579,-5.0349650,50.6,1.390
2026-09-15,13:42:36.000,50.4909959,-5.0349522,51.2,1.400
2026-09-15,13:42:41.000,50.4909422,-5.0349427,50.6,1.372
2026-09-15,13:42:46.000,50.4908740,-5.0349273,49.8,1.390
2026-09-15,13:42:51.000,50.4908122,-5.0349188,49.8,1.390
2026-09-15,13:42:56.000,50.4907478,-5.0348914,49.6,1.400
2026-09-15,13:43:01.000,50.4906866,-5.0348780,49.2,1.400
2026-09-15,13:43:06.000,50.4906273,-5.0348318,49.4,1.400
2026-09-15,13:43:11.000,50.4905772,-5.0347820,49.2,1.390
2026-09-15,13:43:16.000,50.4905405,-5.0346997,49.4,1.390
2026-09-15,13:43:21.000,50.4905119,-5.0346227,50.0,1.372
2026-09-15,13:43:26.000,50.4904765,-5.0345637,50.6,1.372
2026-09-15,13:43:31.000,50.4904384,-5.0345365,51.8,1.297
2026-09-15,13:43:36.000,50.4904278,-5.0345264,53.4,0.690
2026-09-15,13:43:41.000,50.4904245,-5.0345256,52.6,0.000
2026-09-15,13:43:46.000,50.4904088,-5.0344899,53.4,0.000
2026-09-15,13:43:51.000,50.4903700,-5.0344283,52.4,1.185
2026-09-15,13:43:56.000,50.4903338,-5.0343728,52.6,1.138
2026-09-15,13:44:01.000,50.4903017,-5.0343213,53.0,1.110
2026-09-15,13:44:06.000,50.4902659,-5.0342587,54.0,1.101
2026-09-15,13:44:11.000,50.4902299,-5.0341915,56.0,1.148
2026-09-15,13:44:16.000,50.4901947,-5.0341320,55.2,1.194
2026-09-15,13:44:21.000,50.4901679,-5.0340586,54.6,1.129
2026-09-15,13:44:26.000,50.4901338,-5.0339917,55.2,1.138
2026-09-15,13:44:31.000,50.4900917,-5.0339213,55.8,1.138
2026-09-15,13:44:36.000,50.4900490,-5.0338566,56.6,1.213
2026-09-15,13:44:41.000,50.4900083,-5.0337927,57.0,1.241
2026-09-15,13:44:46.000,50.4899630,-5.0337299,56.4,1.250
2026-09-15,13:44:51.000,50.4899224,-5.0336551,56.0,1.278
2026-09-15,13:44:56.000,50.4898895,-5.0335770,56.6,1.306
2026-09-15,13:45:01.000,50.4898539,-5.0334995,57.0,1.306
2026-09-15,13:45:06.000,50.4898167,-5.0334220,57.2,1.334
2026-09-15,13:45:11.000,50.4897783,-5.0333494,56.8,1.316
2026-09-15,13:45:16.000,50.4897351,-5.0332788,58.0,1.334
2026-09-15,13:45:21.000,50.4896961,-5.0331966,60.0,1.353
2026-09-15,13:45:26.000,50.4896610,-5.0331280,59.4,1.353
2026-09-15,13:45:31.000,50.4896292,-5.0330562,59.2,1.344
2026-09-15,13:45:36.000,50.4895902,-5.0330083,59.6,1.353
2026-09-15,13:45:41.000,50.4895831,-5.0330137,59.8,1.213
2026-09-15,13:45:46.000,50.4895826,-5.0330155,59.4,0.000
2026-09-15,13:45:51.000,50.4895826,-5.0330168,59.0,0.000
2026-09-15,13:45:56.000,50.4895826,-5.0330171,59.0,0.000
2026-09-15,13:46:01.000,50.4895726,-5.0329956,59.2,0.000
2026-09-15,13:46:06.000,50.4895358,-5.0329344,59.8,0.737
2026-09-15,13:46:11.000,50.4894977,-5.0328755,60.6,1.250
2026-09-15,13:46:16.000,50.4894590,-5.0328048,60.8,1.232
2026-09-15,13:46:21.000,50.4894236,-5.0327312,60.8,1.288
2026-09-15,13:46:26.000,50.4893889,-5.0326551,61.0,1.297
2026-09-15,13:46:31.000,50.4893444,-5.0325926,62.2,1.260
2026-09-15,13:46:36.000,50.4892982,-5.0325231,63.8,1.437
2026-09-15,13:46:41.000,50.4892507,-5.0324515,64.6,1.381
2026-09-15,13:46:46.000,50.4891977,-5.0324051,65.0,1.437
2026-09-15,13:46:51.000,50.4891349,-5.0323794,66.2,1.446
2026-09-15,13:46:56.000,50.4890786,-5.0323633,65.6,1.428
2026-09-15,13:47:01.000,50.4890362,-5.0323124,64.2,1.400
2026-09-15,13:47:06.000,50.4889959,-5.0322767,66.4,1.269
2026-09-15,13:47:11.000,50.4889445,-5.0322485,67.0,1.204
2026-09-15,13:47:16.000,50.4888810,-5.0322221,66.8,1.269
2026-09-15,13:47:21.000,50.4888211,-5.0322169,65.8,1.316
2026-09-15,13:47:26.000,50.4887543,-5.0322197,65.6,1.390
2026-09-15,13:47:31.000,50.4886909,-5.0322234,64.6,1.381
2026-09-15,13:47:36.000,50.4886231,-5.0322324,64.0,1.428
2026-09-15,13:47:41.000,50.4885632,-5.0322504,64.0,1.418
2026-09-15,13:47:46.000,50.4885028,-5.0322706,64.2,1.428
2026-09-15,13:47:51.000,50.4884404,-5.0322661,63.8,1.409
2026-09-15,13:47:56.000,50.4883793,-5.0322642,63.6,1.418
2026-09-15,13:48:01.000,50.4883156,-5.0322659,64.2,1.372
2026-09-15,13:48:06.000,50.4882499,-5.0322595,64.8,1.418
2026-09-15,13:48:11.000,50.4881828,-5.0322586,64.0,1.428
2026-09-15,13:48:16.000,50.4881175,-5.0322469,65.2,1.437
2026-09-15,13:48:21.000,50.4880574,-5.0322518,63.2,1.437
2026-09-15,13:48:26.000,50.4879914,-5.0322766,64.0,1.428
2026-09-15,13:48:31.000,50.4879312,-5.0323088,65.0,1.446
2026-09-15,13:48:36.000,50.4879010,-5.0323339,65.4,1.400
2026-09-15,13:48:41.000,50.4878985,-5.0323349,67.0,0.000
2026-09-15,13:48:46.000,50.4878725,-5.0323549,67.6,0.000
2026-09-15,13:48:51.000,50.4878205,-5.0324084,64.6,1.316
2026-09-15,13:48:56.000,50.4877694,-5.0324801,65.0,1.512
2026-09-15,13:49:01.000,50.4877167,-5.0325477,63.6,1.456
2026-09-15,13:49:06.000,50.4876661,-5.0326108,62.6,1.437
2026-09-15,13:49:11.000,50.4876134,-5.0326755,62.8,1.474
2026-09-15,13:49:16.000,50.4875567,-5.0327274,62.4,1.446
2026-09-15,13:49:21.000,50.4875058,-5.0327864,62.2,1.400
2026-09-15,13:49:26.000,50.4874526,-5.0328428,62.0,1.465
2026-09-15,13:49:31.000,50.4874077,-5.0328862,60.4,1.418
2026-09-15,13:49:36.000,50.4873541,-5.0329062,59.6,1.381
2026-09-15,13:49:41.000,50.4872915,-5.0328950,59.4,1.334
2026-09-15,13:49:46.000,50.4872319,-5.0328729,58.4,1.362
2026-09-15,13:49:51.000,50.4871699,-5.0328474,57.8,1.372
2026-09-15,13:49:56.000,50.4871144,-5.0328154,57.8,1.362
2026-09-15,13:50:01.000,50.4870483,-5.0327850,56.6,1.381
2026-09-15,13:50:06.000,50.4869888,-5.0327542,57.4,1.400
2026-09-15,13:50:11.000,50.4869270,-5.0327263,57.8,1.390
2026-09-15,13:50:16.000,50.4868651,-5.0327000,56.6,1.428
2026-09-15,13:50:21.000,50.4868040,-5.0326777,56.6,1.437
2026-09-15,13:50:26.000,50.4867385,-5.0326459,56.2,1.446
2026-09-15,13:50:31.000,50.4866728,-5.0326311,56.0,1.474
2026-09-15,13:50:36.000,50.4866078,-5.0326049,55.8,1.465
2026-09-15,13:50:41.000,50.4865521,-5.0325610,55.8,1.474
2026-09-15,13:50:46.000,50.4864963,-5.0325404,56.6,1.428
2026-09-15,13:50:51.000,50.4864317,-5.0325330,57.2,1.446
2026-09-15,13:50:56.000,50.4863763,-5.0325175,58.0,1.418
2026-09-15,13:51:01.000,50.4863206,-5.0324886,57.8,1.409
2026-09-15,13:51:06.000,50.4862718,-5.0324681,57.6,1.297
2026-09-15,13:51:11.000,50.4862217,-5.0324585,56.8,1.278
2026-09-15,13:51:16.000,50.4861616,-5.0324478,56.2,1.176
2026-09-15,13:51:21.000,50.4861017,-5.0324610,55.8,1.288
2026-09-15,13:51:26.000,50.4860381,-5.0324831,55.4,1.390
2026-09-15,13:51:31.000,50.4859872,-5.0324975,54.4,1.344
2026-09-15,13:51:36.000,50.4859344,-5.0325145,54.2,1.316
2026-09-15,13:51:41.000,50.4858785,-5.0325336,52.4,1.288
2026-09-15,13:51:46.000,50.4858240,-5.0325408,52.0,1.306
2026-09-15,13:51:51.000,50.4857607,-5.0325512,51.2,1.278
2026-09-15,13:51:56.000,50.4856998,-5.0325818,51.2,1.344
2026-09-15,13:52:01.000,50.4856501,-5.0326353,52.0,1.344
2026-09-15,13:52:06.000,50.4856043,-5.0327017,51.4,1.334
2026-09-15,13:52:11.000,50.4855597,-5.0327700,50.2,1.362
2026-09-15,13:52:16.000,50.4855220,-5.0328321,50.0,1.353
2026-09-15,13:52:21.000,50.4854732,-5.0328528,47.4,1.306
2026-09-15,13:52:26.000,50.4854134,-5.0328493,46.4,1.316
2026-09-15,13:52:31.000,50.4853520,-5.0328579,46.4,1.297
2026-09-15,13:52:36.000,50.4853032,-5.0328517,47.0,1.288
2026-09-15,13:52:41.000,50.4852525,-5.0328537,48.6,1.250
2026-09-15,13:52:46.000,50.4851942,-5.0328610,48.0,1.269
2026-09-15,13:52:51.000,50.4851320,-5.0328893,48.0,1.316
2026-09-15,13:52:56.000,50.4851238,-5.0329019,48.4,1.185
2026-09-15,13:53:01.000,50.4851230,-5.0329062,47.8,0.000
2026-09-15,13:53:06.000,50.4851069,-5.0329165,47.4,0.000
2026-09-15,13:53:11.000,50.4850494,-5.0329529,48.6,1.278
2026-09-15,13:53:16.000,50.4849883,-5.0329592,49.0,1.297
2026-09-15,13:53:21.000,50.4849236,-5.0329631,46.8,1.381
2026-09-15,13:53:26.000,50.4848713,-5.0329778,47.2,1.381
2026-09-15,13:53:31.000,50.4848540,-5.0330252,46.6,1.232
2026-09-15,13:53:36.000,50.4848508,-5.0330859,44.8,1.064
2026-09-15,13:53:41.000,50.4848178,-5.0331470,43.8,1.101
2026-09-15,13:53:46.000,50.4847669,-5.0331807,43.8,1.260
2026-09-15,13:53:51.000,50.4847189,-5.0331903,43.2,1.250
2026-09-15,13:53:56.000,50.4846769,-5.0331874,42.2,1.073
2026-09-15,13:54:01.000,50.4846389,-5.0331713,41.6,0.905
2026-09-15,13:54:06.000,50.4846133,-5.0331463,41.4,0.868
2026-09-15,13:54:11.000,50.4845885,-5.0331250,40.8,0.784
2026-09-15,13:54:16.000,50.4845579,-5.0331117,39.6,0.756
2026-09-15,13:54:21.000,50.4845172,-5.0331107,38.4,0.784
2026-09-15,13:54:26.000,50.4845002,-5.0331172,37.8,0.728
2026-09-15,13:54:31.000,50.4844979,-5.0331188,37.8,0.495
2026-09-15,13:54:36.000,50.4844976,-5.0331197,38.2,0.000
2026-09-15,13:54:41.000,50.4844870,-5.0331288,38.0,0.000
2026-09-15,13:54:46.000,50.4844500,-5.0331489,37.2,0.271
2026-09-15,13:54:51.000,50.4843901,-5.0331553,37.2,1.250
2026-09-15,13:54:56.000,50.4843437,-5.0331301,38.4,1.213
2026-09-15,13:55:01.000,50.4843047,-5.0331081,39.2,1.073
2026-09-15,13:55:06.000,50.4842707,-5.0330695,40.4,1.008
2026-09-15,13:55:11.000,50.4842370,-5.0330477,42.2,0.980
2026-09-15,13:55:16.000,50.4842082,-5.0330117,45.2,0.914
2026-09-15,13:55:21.000,50.4841772,-5.0329906,47.2,0.858
2026-09-15,13:55:26.000,50.4841463,-5.0329746,48.6,0.793
2026-09-15,13:55:31.000,50.4841094,-5.0329642,48.6,0.840
2026-09-15,13:55:36.000,50.4840670,-5.0329635,48.8,0.896
2026-09-15,13:55:41.000,50.4840265,-5.0329544,50.4,0.886
2026-09-15,13:55:46.000,50.4839951,-5.0329350,51.6,0.830
2026-09-15,13:55:51.000,50.4839601,-5.0329185,51.6,0.821
2026-09-15,13:55:56.000,50.4839175,-5.0329124,54.6,0.802
2026-09-15,13:56:01.000,50.4838772,-5.0329152,56.6,0.849
2026-09-15,13:56:06.000,50.4838436,-5.0329217,58.0,0.802
2026-09-15,13:56:11.000,50.4838133,-5.0329376,59.0,0.774
2026-09-15,13:56:16.000,50.4837704,-5.0329666,61.0,0.802
2026-09-15,13:56:21.000,50.4837291,-5.0329970,61.2,0.858
2026-09-15,13:56:26.000,50.4837281,-5.0330107,60.0,0.793
2026-09-15,13:56:31.000,50.4837291,-5.0330120,60.2,0.000
2026-09-15,13:56:36.000,50.4837291,-5.0330144,60.0,0.000
2026-09-15,13:56:41.000,50.4837299,-5.0330088,60.0,0.000
2026-09-15,13:56:46.000,50.4837309,-5.0330102,60.8,0.000
2026-09-15,13:56:51.000,50.4837157,-5.0330131,60.6,0.000
2026-09-15,13:56:56.000,50.4837160,-5.0330146,59.2,0.000
2026-09-15,13:57:01.000,50.4837024,-5.0330077,59.4,0.000
2026-09-15,13:57:06.000,50.4836454,-5.0329763,62.6,1.204
2026-09-15,13:57:11.000,50.4835977,-5.0329618,65.0,1.129
2026-09-15,13:57:16.000,50.4835486,-5.0329459,64.8,1.082
2026-09-15,13:57:21.000,50.4834986,-5.0329315,65.0,1.092
2026-09-15,13:57:26.000,50.4834479,-5.0329167,64.8,1.101
2026-09-15,13:57:31.000,50.4833945,-5.0329045,66.4,1.110
2026-09-15,13:57:36.000,50.4833473,-5.0328868,67.0,1.129
2026-09-15,13:57:41.000,50.4832954,-5.0328724,67.8,1.157
2026-09-15,13:57:46.000,50.4832455,-5.0328518,68.4,1.148
2026-09-15,13:57:51.000,50.4831935,-5.0328250,68.8,1.157
2026-09-15,13:57:56.000,50.4831481,-5.0328043,69.8,1.148
2026-09-15,13:58:01.000,50.4831101,-5.0328014,70.0,1.120
2026-09-15,13:58:06.000,50.4831049,-5.0328009,71.4,0.000
2026-09-15,13:58:11.000,50.4831025,-5.0328057,71.8,0.000
2026-09-15,13:58:16.000,50.4830852,-5.0328430,70.6,0.000
2026-09-15,13:58:21.000,50.4830563,-5.0329059,71.0,0.485
2026-09-15,13:58:26.000,50.4830194,-5.0329615,72.4,1.054
2026-09-15,13:58:31.000,50.4829741,-5.0330134,73.6,1.082
2026-09-15,13:58:36.000,50.4829307,-5.0330568,73.0,1.176
2026-09-15,13:58:41.000,50.4828856,-5.0330951,72.8,1.166
2026-09-15,13:58:46.000,50.4828489,-5.0331248,73.2,1.092
2026-09-15,13:58:51.000,50.4828361,-5.0331406,74.2,0.765
2026-09-15,13:58:56.000,50.4828358,-5.0331400,76.0,0.000
2026-09-15,13:59:01.000,50.4828359,-5.0331393,79.0,0.000
2026-09-15,13:59:06.000,50.4828319,-5.0331423,82.8,0.000
2026-09-15,13:59:11.000,50.4827889,-5.0331687,82.2,0.392
2026-09-15,13:59:16.000,50.4827368,-5.0332010,77.0,1.269
2026-09-15,13:59:21.000,50.4826817,-5.0332269,74.2,1.204
2026-09-15,13:59:26.000,50.4826283,-5.0332391,73.2,1.250
2026-09-15,13:59:31.000,50.4825768,-5.0332585,74.2,1.213
2026-09-15,13:59:36.000,50.4825208,-5.0332809,76.0,1.278
2026-09-15,13:59:41.000,50.4824801,-5.0333036,76.6,1.082
2026-09-15,13:59:46.000,50.4824243,-5.0333285,76.8,1.026
2026-09-15,13:59:51.000,50.4823674,-5.0333596,76.8,1.054
2026-09-15,13:59:56.000,50.4823584,-5.0333597,77.6,0.980
2026-09-15,14:00:01.000,50.4823571,-5.0333555,77.0,0.000
2026-09-15,14:00:06.000,50.4823584,-5.0333540,76.8,0.000
2026-09-15,14:00:11.000,50.4823601,-5.0333546,76.6,0.000
2026-09-15,14:00:16.000,50.4823600,-5.0333517,77.0,0.000
2026-09-15,14:00:21.000,50.4823566,-5.0333495,77.4,0.000
2026-09-15,14:00:26.000,50.4823508,-5.0333550,77.2,0.000
2026-09-15,14:00:31.000,50.4822984,-5.0333956,77.4,0.233
2026-09-15,14:00:36.000,50.4822401,-5.0334363,78.2,1.297
2026-09-15,14:00:41.000,50.4821849,-5.0334709,79.0,1.409
2026-09-15,14:00:46.000,50.4821310,-5.0335016,78.4,1.269
2026-09-15,14:00:51.000,50.4820764,-5.0335402,77.6,1.269
2026-09-15,14:00:56.000,50.4820217,-5.0335966,79.2,1.306
2026-09-15,14:01:01.000,50.4819691,-5.0336678,80.8,1.334
2026-09-15,14:01:06.000,50.4819269,-5.0337426,82.6,1.381
2026-09-15,14:01:11.000,50.4818860,-5.0338171,81.2,1.372
2026-09-15,14:01:16.000,50.4818404,-5.0338866,80.2,1.381
2026-09-15,14:01:21.000,50.4817897,-5.0339342,80.4,1.381
2026-09-15,14:01:26.000,50.4817386,-5.0339954,79.6,1.381
2026-09-15,14:01:31.000,50.4816936,-5.0340518,80.6,1.334
2026-09-15,14:01:36.000,50.4816400,-5.0340945,80.4,1.353
2026-09-15,14:01:41.000,50.4815825,-5.0341305,80.2,1.288
2026-09-15,14:01:46.000,50.4815219,-5.0341691,81.0,1.372
2026-09-15,14:01:51.000,50.4814650,-5.0342056,81.4,1.344
2026-09-15,14:01:56.000,50.4814105,-5.0342374,81.4,1.344
2026-09-15,14:02:01.000,50.4813519,-5.0342758,82.4,1.362
2026-09-15,14:02:06.000,50.4812988,-5.0343124,82.2,1.325
2026-09-15,14:02:11.000,50.4812392,-5.0343441,83.8,1.353
2026-09-15,14:02:16.000,50.4811868,-5.0343767,83.4,1.334
2026-09-15,14:02:21.000,50.4811367,-5.0344180,84.6,1.325
2026-09-15,14:02:26.000,50.4810787,-5.0344692,86.0,1.344
2026-09-15,14:02:31.000,50.4810311,-5.0345203,84.8,1.344
2026-09-15,14:02:36.000,50.4809752,-5.0345443,81.6,1.344
2026-09-15,14:02:41.000,50.4809149,-5.0345508,81.2,1.325
2026-09-15,14:02:46.000,50.4808669,-5.0345670,80.8,1.325
2026-09-15,14:02:51.000,50.4808231,-5.0345997,79.6,1.278
2026-09-15,14:02:56.000,50.4807719,-5.0346367,79.2,1.232
2026-09-15,14:03:01.000,50.4807220,-5.0346847,78.2,1.250
2026-09-15,14:03:06.000,50.4806703,-5.0347345,79.6,1.260
2026-09-15,14:03:11.000,50.4806241,-5.0347858,79.8,1.278
2026-09-15,14:03:16.000,50.4805692,-5.0348440,81.2,1.288
2026-09-15,14:03:21.000,50.4805161,-5.0348864,82.6,1.316
2026-09-15,14:03:26.000,50.4804572,-5.0349274,82.4,1.325
2026-09-15,14:03:31.000,50.4804009,-5.0349666,82.2,1.344
2026-09-15,14:03:36.000,50.4803470,-5.0350082,83.0,1.353
2026-09-15,14:03:41.000,50.4802951,-5.0350444,82.2,1.325
2026-09-15,14:03:46.000,50.4802343,-5.0350847,82.8,1.344
2026-09-15,14:03:51.000,50.4801771,-5.0351078,83.8,1.334
2026-09-15,14:03:56.000,50.4801208,-5.0351242,83.8,1.344
2026-09-15,14:04:01.000,50.4800627,-5.0351457,84.4,1.344
2026-09-15,14:04:06.000,50.4800065,-5.0351571,86.8,1.334
2026-09-15,14:04:11.000,50.4799363,-5.0351713,87.0,1.362
2026-09-15,14:04:16.000,50.4798791,-5.0351894,84.4,1.344
2026-09-15,14:04:21.000,50.4798252,-5.0352273,84.6,1.362
2026-09-15,14:04:26.000,50.4797866,-5.0352738,84.4,1.306
2026-09-15,14:04:31.000,50.4797356,-5.0352882,83.8,1.260
2026-09-15,14:04:36.000,50.4796716,-5.0352763,84.0,1.325
2026-09-15,14:04:41.000,50.4796145,-5.0352861,83.6,1.297
2026-09-15,14:04:46.000,50.4795570,-5.0353036,84.0,1.306
2026-09-15,14:04:51.000,50.4794933,-5.0353082,84.2,1.344
2026-09-15,14:04:56.000,50.4794297,-5.0353189,84.2,1.353
2026-09-15,14:05:01.000,50.4793697,-5.0353195,84.0,1.334
2026-09-15,14:05:06.000,50.4792989,-5.0353340,84.0,1.362
2026-09-15,14:05:11.000,50.4792351,-5.0353381,84.4,1.372
2026-09-15,14:05:16.000,50.4791789,-5.0353351,84.8,1.353
2026-09-15,14:05:21.000,50.4791193,-5.0353344,84.4,1.334
2026-09-15,14:05:26.000,50.4790608,-5.0353375,84.4,1.344
2026-09-15,14:05:31.000,50.4790000,-5.0353618,84.8,1.334
2026-09-15,14:05:36.000,50.4789437,-5.0353795,85.0,1.334
2026-09-15,14:05:41.000,50.4788822,-5.0353871,85.2,1.325
2026-09-15,14:05:46.000,50.4788229,-5.0353775,85.4,1.306
2026-09-15,14:05:51.000,50.4787624,-5.0353619,85.4,1.353
2026-09-15,14:05:56.000,50.4787047,-5.0353571,85.6,1.306
2026-09-15,14:06:01.000,50.4786436,-5.0353516,85.6,1.334
2026-09-15,14:06:06.000,50.4785785,-5.0353475,85.6,1.344
2026-09-15,14:06:11.000,50.4785140,-5.0353395,85.8,1.362
2026-09-15,14:06:16.000,50.4784529,-5.0353340,86.2,1.353
2026-09-15,14:06:21.000,50.4783911,-5.0353350,85.8,1.372
2026-09-15,14:06:26.000,50.4783314,-5.0353418,86.0,1.353
2026-09-15,14:06:31.000,50.4782673,-5.0353485,86.2,1.362
2026-09-15,14:06:36.000,50.4782051,-5.0353545,86.6,1.372
2026-09-15,14:06:41.000,50.4781489,-5.0353644,87.4,1.362
2026-09-15,14:06:46.000,50.4780874,-5.0353728,88.2,1.362
2026-09-15,14:06:51.000,50.4780308,-5.0353824,87.4,1.353
2026-09-15,14:06:56.000,50.4779673,-5.0353933,87.8,1.344
2026-09-15,14:07:01.000,50.4778993,-5.0354061,88.4,1.362
2026-09-15,14:07:06.000,50.4778413,-5.0354198,87.8,1.372
2026-09-15,14:07:11.000,50.4777840,-5.0354146,88.8,1.372
2026-09-15,14:07:16.000,50.4777214,-5.0354071,89.0,1.344
2026-09-15,14:07:21.000,50.4776580,-5.0354025,89.6,1.362
2026-09-15,14:07:26.000,50.4775925,-5.0353969,89.8,1.372
2026-09-15,14:07:31.000,50.4775326,-5.0353971,90.0,1.372
2026-09-15,14:07:36.000,50.4774661,-5.0354022,90.0,1.362
2026-09-15,14:07:41.000,50.4774034,-5.0354105,89.8,1.362
2026-09-15,14:07:46.000,50.4773482,-5.0354266,89.8,1.362
2026-09-15,14:07:51.000,50.4772839,-5.0354347,89.6,1.362
2026-09-15,14:07:56.000,50.4772249,-5.0354336,89.8,1.372
2026-09-15,14:08:01.000,50.4771661,-5.0354176,91.0,1.362
2026-09-15,14:08:06.000,50.4771026,-5.0353959,91.6,1.353
2026-09-15,14:08:11.000,50.4770381,-5.0353880,90.4,1.381
2026-09-15,14:08:16.000,50.4769836,-5.0353749,91.2,1.353
2026-09-15,14:08:21.000,50.4769147,-5.0353787,90.4,1.381
2026-09-15,14:08:26.000,50.4768524,-5.0353756,90.2,1.381
2026-09-15,14:08:31.000,50.4767845,-5.0353741,90.2,1.400
2026-09-15,14:08:36.000,50.4767209,-5.0353917,90.2,1.418
2026-09-15,14:08:41.000,50.4766608,-5.0354300,89.6,1.418
2026-09-15,14:08:46.000,50.4766070,-5.0354716,88.8,1.418
2026-09-15,14:08:51.000,50.4765490,-5.0355236,89.2,1.409
2026-09-15,14:08:56.000,50.4764984,-5.0355847,89.2,1.428
2026-09-15,14:09:01.000,50.4764461,-5.0356453,89.0,1.428
2026-09-15,14:09:06.000,50.4763920,-5.0357017,89.4,1.437
2026-09-15,14:09:11.000,50.4763350,-5.0357441,88.8,1.418
2026-09-15,14:09:16.000,50.4762764,-5.0357972,88.6,1.437
2026-09-15,14:09:21.000,50.4762221,-5.0358440,88.4,1.428
2026-09-15,14:09:26.000,50.4761630,-5.0358920,88.2,1.428
2026-09-15,14:09:31.000,50.4761032,-5.0359307,87.2,1.437
2026-09-15,14:09:36.000,50.4760522,-5.0359228,86.8,1.409
2026-09-15,14:09:41.000,50.4759938,-5.0359183,87.8,1.390
2026-09-15,14:09:46.000,50.4759325,-5.0359371,89.0,1.381
2026-09-15,14:09:51.000,50.4758714,-5.0359716,91.4,1.400
2026-09-15,14:09:56.000,50.4758163,-5.0360056,89.8,1.381
2026-09-15,14:10:01.000,50.4757549,-5.0360271,89.0,1.381
2026-09-15,14:10:06.000,50.4756973,-5.0360296,88.6,1.362
2026-09-15,14:10:11.000,50.4756381,-5.0360529,88.2,1.362
2026-09-15,14:10:16.000,50.4755823,-5.0360905,87.8,1.334
2026-09-15,14:10:21.000,50.4755280,-5.0361522,88.6,1.362
2026-09-15,14:10:26.000,50.4754802,-5.0362203,88.6,1.362
2026-09-15,14:10:31.000,50.4754329,-5.0362870,88.4,1.372
2026-09-15,14:10:36.000,50.4753972,-5.0363591,88.2,1.353
2026-09-15,14:10:41.000,50.4753664,-5.0364405,90.0,1.362
2026-09-15,14:10:46.000,50.4753437,-5.0365244,88.4,1.344
2026-09-15,14:10:51.000,50.4753171,-5.0366066,88.0,1.344
2026-09-15,14:10:56.000,50.4752950,-5.0366982,87.2,1.344
2026-09-15,14:11:01.000,50.4752871,-5.0367837,84.4,1.344
2026-09-15,14:11:06.000,50.4752731,-5.0368687,82.6,1.325
2026-09-15,14:11:11.000,50.4752621,-5.0369232,83.0,1.316
2026-09-15,14:11:16.000,50.4752483,-5.0369719,83.2,1.157
2026-09-15,14:11:21.000,50.4752225,-5.0370503,81.2,1.269
2026-09-15,14:11:26.000,50.4751955,-5.0371156,80.8,1.110
2026-09-15,14:11:31.000,50.4751769,-5.0371873,79.4,1.045
2026-09-15,14:11:36.000,50.4751576,-5.0372392,76.4,0.989
2026-09-15,14:11:41.000,50.4751489,-5.0372863,76.0,0.896
2026-09-15,14:11:46.000,50.4751460,-5.0373401,76.6,0.812
2026-09-15,14:11:51.000,50.4751537,-5.0373848,76.4,0.812
2026-09-15,14:11:56.000,50.4751664,-5.0374060,72.8,0.681
2026-09-15,14:12:01.000,50.4751655,-5.0374467,72.8,0.690
2026-09-15,14:12:06.000,50.4751642,-5.0374651,72.0,0.690
2026-09-15,14:12:11.000,50.4751679,-5.0374805,70.8,0.560
2026-09-15,14:12:16.000,50.4751682,-5.0374767,71.2,0.467
2026-09-15,14:12:21.000,50.4751670,-5.0374758,70.6,0.000
2026-09-15,14:12:26.000,50.4751659,-5.0374761,71.4,0.000
2026-09-15,14:12:31.000,50.4751655,-5.0374764,71.8,0.000
2026-09-15,14:12:36.000,50.4751645,-5.0374772,71.2,0.000
2026-09-15,14:12:41.000,50.4751633,-5.0374835,71.0,0.000
2026-09-15,14:12:46.000,50.4751560,-5.0375364,70.8,0.000
2026-09-15,14:12:51.000,50.4751452,-5.0375893,69.4,0.523
2026-09-15,14:12:56.000,50.4751192,-5.0376080,68.0,0.821
2026-09-15,14:13:01.000,50.4751077,-5.0376074,67.2,0.690
2026-09-15,14:13:06.000,50.4751089,-5.0376067,67.4,0.448
2026-09-15,14:13:11.000,50.4750888,-5.0376052,67.0,0.373
2026-09-15,14:13:16.000,50.4750721,-5.0375909,66.2,0.000
2026-09-15,14:13:21.000,50.4750680,-5.0375746,66.6,0.000
2026-09-15,14:13:26.000,50.4750669,-5.0375692,66.8,0.000
2026-09-15,14:13:31.000,50.4750654,-5.0375636,67.2,0.000
2026-09-15,14:13:36.000,50.4750639,-5.0375590,67.0,0.000
2026-09-15,14:13:41.000,50.4750633,-5.0375580,66.8,0.000
2026-09-15,14:13:46.000,50.4750631,-5.0375547,67.4,0.000
2026-09-15,14:13:51.000,50.4750755,-5.0375882,66.6,0.000
2026-09-15,14:13:56.000,50.4750621,-5.0376840,66.8,1.241
2026-09-15,14:14:01.000,50.4750369,-5.0377316,66.4,1.278
2026-09-15,14:14:06.000,50.4750360,-5.0377315,66.4,0.000
2026-09-15,14:14:11.000,50.4750340,-5.0377348,67.0,0.000
2026-09-15,14:14:16.000,50.4750317,-5.0377366,66.0,0.000
2026-09-15,14:14:21.000,50.4750333,-5.0377432,66.4,0.000
2026-09-15,14:14:26.000,50.4750174,-5.0377464,66.0,0.000
2026-09-15,14:14:31.000,50.4750136,-5.0377485,66.0,0.000
2026-09-15,14:14:36.000,50.4750119,-5.0377501,66.6,0.000
2026-09-15,14:14:41.000,50.4750087,-5.0377421,66.2,0.000
2026-09-15,14:14:46.000,50.4750120,-5.0377489,66.0,0.000
2026-09-15,14:14:51.000,50.4750173,-5.0377497,65.8,0.000
2026-09-15,14:14:56.000,50.4750173,-5.0377581,65.8,0.000
2026-09-15,14:15:01.000,50.4750251,-5.0377556,66.4,0.000
2026-09-15,14:15:06.000,50.4750252,-5.0377553,66.2,0.000
2026-09-15,14:15:11.000,50.4750153,-5.0377580,66.4,0.000
2026-09-15,14:15:16.000,50.4750208,-5.0377568,66.0,0.000
2026-09-15,14:15:21.000,50.4750248,-5.0377532,66.0,0.000
2026-09-15,14:15:26.000,50.4750201,-5.0377562,66.2,0.000
2026-09-15,14:15:31.000,50.4750196,-5.0377559,66.2,0.000
2026-09-15,14:15:36.000,50.4750188,-5.0377512,65.4,0.000
2026-09-15,14:15:41.000,50.4750194,-5.0377500,66.0,0.000
2026-09-15,14:15:46.000,50.4750183,-5.0377515,65.8,0.000
2026-09-15,14:15:51.000,50.4750118,-5.0377564,66.2,0.000
2026-09-15,14:15:56.000,50.4749941,-5.0377639,66.4,0.000
2026-09-15,14:16:01.000,50.4749643,-5.0377657,67.0,0.000
2026-09-15,14:16:06.000,50.4749323,-5.0377593,68.4,0.905
2026-09-15,14:16:11.000,50.4749031,-5.0377458,69.0,0.774
2026-09-15,14:16:16.000,50.4748669,-5.0377344,70.2,0.802
2026-09-15,14:16:21.000,50.4748235,-5.0377240,69.6,0.858
2026-09-15,14:16:26.000,50.4748008,-5.0377260,70.2,0.905
2026-09-15,14:16:31.000,50.4747919,-5.0377246,70.0,0.000
2026-09-15,14:16:36.000,50.4747511,-5.0377201,70.8,0.000
2026-09-15,14:16:41.000,50.4747035,-5.0377171,71.4,1.120
2026-09-15,14:16:46.000,50.4746486,-5.0377272,71.8,1.250
2026-09-15,14:16:51.000,50.4745869,-5.0377415,72.4,1.344
2026-09-15,14:16:56.000,50.4745327,-5.0377311,72.8,1.344
2026-09-15,14:17:01.000,50.4744763,-5.0377143,73.4,1.334
2026-09-15,14:17:06.000,50.4744241,-5.0376882,73.2,1.316
2026-09-15,14:17:11.000,50.4743790,-5.0376477,72.6,1.278
2026-09-15,14:17:16.000,50.4743392,-5.0376039,73.2,1.213
2026-09-15,14:17:21.000,50.4743000,-5.0375460,73.4,1.176
2026-09-15,14:17:26.000,50.4742662,-5.0374794,74.2,1.213
2026-09-15,14:17:31.000,50.4742298,-5.0374304,73.6,1.222
2026-09-15,14:17:36.000,50.4741848,-5.0373822,73.6,1.222
2026-09-15,14:17:41.000,50.4741369,-5.0373333,73.6,1.260
2026-09-15,14:17:46.000,50.4740858,-5.0372783,73.4,1.269
2026-09-15,14:17:51.000,50.4740392,-5.0372275,73.0,1.325
2026-09-15,14:17:56.000,50.4739893,-5.0371804,72.4,1.316
2026-09-15,14:18:01.000,50.4739509,-5.0371346,72.2,1.288
2026-09-15,14:18:06.000,50.4739029,-5.0370921,71.8,1.306
2026-09-15,14:18:11.000,50.4738498,-5.0370465,71.6,1.306
2026-09-15,14:18:16.000,50.4738014,-5.0370046,71.4,1.306
2026-09-15,14:18:21.000,50.4737446,-5.0369615,70.6,1.316
2026-09-15,14:18:26.000,50.4736975,-5.0369130,70.2,1.316
2026-09-15,14:18:31.000,50.4736512,-5.0368488,70.0,1.325
2026-09-15,14:18:36.000,50.4736160,-5.0367787,70.0,1.325
2026-09-15,14:18:41.000,50.4735850,-5.0367205,70.2,1.306
2026-09-15,14:18:46.000,50.4735391,-5.0366855,70.6,1.260
2026-09-15,14:18:51.000,50.4734871,-5.0366624,70.2,1.250
2026-09-15,14:18:56.000,50.4734339,-5.0366475,69.6,1.213
2026-09-15,14:19:01.000,50.4733939,-5.0366258,69.0,1.222
2026-09-15,14:19:06.000,50.4733876,-5.0366213,69.2,1.073
2026-09-15,14:19:11.000,50.4733876,-5.0366233,69.2,0.000
2026-09-15,14:19:16.000,50.4733877,-5.0366244,69.0,0.000
2026-09-15,14:19:21.000,50.4733878,-5.0366253,69.2,0.000
2026-09-15,14:19:26.000,50.4733863,-5.0366237,69.2,0.000
2026-09-15,14:19:31.000,50.4733527,-5.0366038,68.8,0.000
2026-09-15,14:19:36.000,50.4733275,-5.0365922,68.6,0.849
2026-09-15,14:19:41.000,50.4733265,-5.0365887,68.6,0.000
2026-09-15,14:19:46.000,50.4733254,-5.0365843,68.8,0.000
2026-09-15,14:19:51.000,50.4733005,-5.0365551,68.4,0.000
2026-09-15,14:19:56.000,50.4732430,-5.0365002,68.4,1.484
2026-09-15,14:20:01.000,50.4731928,-5.0364545,68.2,1.372
2026-09-15,14:20:06.000,50.4731377,-5.0364124,68.0,1.362
2026-09-15,14:20:11.000,50.4730891,-5.0363653,68.0,1.306
2026-09-15,14:20:16.000,50.4730304,-5.0363226,68.2,1.353
2026-09-15,14:20:21.000,50.4729809,-5.0362806,68.2,1.325
2026-09-15,14:20:26.000,50.4729208,-5.0362383,67.8,1.372
2026-09-15,14:20:31.000,50.4728706,-5.0361968,67.8,1.325
2026-09-15,14:20:36.000,50.4728111,-5.0361505,67.8,1.353
2026-09-15,14:20:41.000,50.4727571,-5.0361095,68.0,1.381
2026-09-15,14:20:46.000,50.4727033,-5.0360695,67.8,1.353
2026-09-15,14:20:51.000,50.4726506,-5.0360239,68.4,1.381
2026-09-15,14:20:56.000,50.4725965,-5.0359766,67.6,1.381
2026-09-15,14:21:01.000,50.4725486,-5.0359346,68.2,1.353
2026-09-15,14:21:06.000,50.4724995,-5.0358859,67.4,1.362
2026-09-15,14:21:11.000,50.4724520,-5.0358473,65.8,1.334
2026-09-15,14:21:16.000,50.4724032,-5.0358096,65.4,1.334
2026-09-15,14:21:21.000,50.4723510,-5.0357682,65.0,1.306
2026-09-15,14:21:26.000,50.4723080,-5.0357299,64.6,1.316
2026-09-15,14:21:31.000,50.4722663,-5.0356886,63.8,1.288
2026-09-15,14:21:36.000,50.4722350,-5.0356558,62.4,1.222
2026-09-15,14:21:41.000,50.4722083,-5.0356271,62.0,1.082
2026-09-15,14:21:46.000,50.4721633,-5.0355886,61.6,1.036
2026-09-15,14:21:51.000,50.4721174,-5.0355519,61.2,1.092
2026-09-15,14:21:56.000,50.4720730,-5.0355073,60.4,1.148
2026-09-15,14:22:01.000,50.4720400,-5.0354421,59.4,1.054
2026-09-15,14:22:06.000,50.4720188,-5.0353569,59.2,1.148
2026-09-15,14:22:11.000,50.4720063,-5.0352647,58.4,1.241
2026-09-15,14:22:16.000,50.4720044,-5.0351741,58.4,1.185
2026-09-15,14:22:21.000,50.4719988,-5.0350778,57.8,1.232
2026-09-15,14:22:26.000,50.4719930,-5.0349907,57.2,1.250
2026-09-15,14:22:31.000,50.4719878,-5.0349238,57.2,1.213
2026-09-15,14:22:36.000,50.4719893,-5.0349002,57.2,0.970
2026-09-15,14:22:41.000,50.4719803,-5.0348366,57.2,0.551
2026-09-15,14:22:46.000,50.4719682,-5.0347406,57.2,1.278
2026-09-15,14:22:51.000,50.4719629,-5.0346580,57.0,1.306
2026-09-15,14:22:56.000,50.4719575,-5.0345629,56.8,1.278
2026-09-15,14:23:01.000,50.4719504,-5.0344812,56.8,1.288
2026-09-15,14:23:06.000,50.4719372,-5.0344150,57.2,1.269
2026-09-15,14:23:11.000,50.4719048,-5.0343860,55.8,1.064
2026-09-15,14:23:16.000,50.4718696,-5.0343384,55.0,1.064
2026-09-15,14:23:21.000,50.4718285,-5.0342829,55.0,1.101
2026-09-15,14:23:26.000,50.4717952,-5.0342316,54.0,1.064
2026-09-15,14:23:31.000,50.4717662,-5.0341985,53.6,1.064
2026-09-15,14:23:36.000,50.4717391,-5.0341750,52.0,0.961
2026-09-15,14:23:41.000,50.4717086,-5.0341416,50.8,0.709
2026-09-15,14:23:46.000,50.4716738,-5.0340845,50.4,0.858
2026-09-15,14:23:51.000,50.4716376,-5.0340288,49.6,1.008
2026-09-15,14:23:56.000,50.4716046,-5.0339918,49.6,0.989
2026-09-15,14:24:01.000,50.4715740,-5.0339613,49.2,0.952
2026-09-15,14:24:06.000,50.4715460,-5.0339406,48.0,0.933
2026-09-15,14:24:11.000,50.4715169,-5.0339276,47.0,0.886
2026-09-15,14:24:16.000,50.4714802,-5.0339171,46.4,0.830
2026-09-15,14:24:21.000,50.4714338,-5.0338973,46.6,0.980
2026-09-15,14:24:26.000,50.4713875,-5.0338876,44.2,1.082
2026-09-15,14:24:31.000,50.4713368,-5.0338894,42.4,1.157
2026-09-15,14:24:36.000,50.4712777,-5.0338769,42.0,1.157
2026-09-15,14:24:41.000,50.4712254,-5.0338681,42.0,1.185
2026-09-15,14:24:46.000,50.4711702,-5.0338551,40.0,1.157
2026-09-15,14:24:51.000,50.4711254,-5.0338468,39.8,1.166
2026-09-15,14:24:56.000,50.4710747,-5.0338270,39.6,1.138
2026-09-15,14:25:01.000,50.4710247,-5.0337774,38.6,1.148
2026-09-15,14:25:06.000,50.4709741,-5.0337182,38.2,1.157
2026-09-15,14:25:11.000,50.4709187,-5.0336700,37.4,1.176
2026-09-15,14:25:16.000,50.4708608,-5.0336131,37.6,1.213
2026-09-15,14:25:21.000,50.4708050,-5.0335561,38.6,1.250
2026-09-15,14:25:26.000,50.4707493,-5.0335087,38.4,1.288
2026-09-15,14:25:31.000,50.4706885,-5.0334898,38.8,1.306
2026-09-15,14:25:36.000,50.4706245,-5.0334613,37.0,1.334
2026-09-15,14:25:41.000,50.4705684,-5.0334190,36.2,1.353
2026-09-15,14:25:46.000,50.4705191,-5.0333709,35.6,1.325
2026-09-15,14:25:51.000,50.4704738,-5.0333148,35.4,1.344
2026-09-15,14:25:56.000,50.4704230,-5.0332794,33.4,1.344
2026-09-15,14:26:01.000,50.4703721,-5.0332508,32.6,1.278
2026-09-15,14:26:06.000,50.4703207,-5.0332251,31.4,1.278
2026-09-15,14:26:11.000,50.4702704,-5.0332050,30.4,1.278
2026-09-15,14:26:16.000,50.4702422,-5.0331991,28.8,1.241
2026-09-15,14:26:21.000,50.4702422,-5.0331990,28.2,0.000
2026-09-15,14:26:26.000,50.4702422,-5.0331992,28.2,0.000
2026-09-15,14:26:31.000,50.4702422,-5.0331997,28.4,0.000
2026-09-15,14:26:36.000,50.4702421,-5.0332000,28.4,0.000
2026-09-15,14:26:41.000,50.4702408,-5.0331999,29.0,0.000
2026-09-15,14:26:46.000,50.4702117,-5.0331891,28.2,0.000
2026-09-15,14:26:51.000,50.4701685,-5.0331619,27.6,1.092
2026-09-15,14:26:56.000,50.4701303,-5.0331316,26.6,0.905
2026-09-15,14:27:01.000,50.4700988,-5.0330987,26.4,0.868
2026-09-15,14:27:06.000,50.4700688,-5.0330666,25.6,0.905
2026-09-15,14:27:11.000,50.4700438,-5.0330443,25.0,0.849
2026-09-15,14:27:16.000,50.4700099,-5.0330161,24.4,0.812
2026-09-15,14:27:21.000,50.4699748,-5.0329883,22.6,0.942
2026-09-15,14:27:26.000,50.4699473,-5.0329720,21.6,0.886
2026-09-15,14:27:31.000,50.4699118,-5.0329563,20.6,0.877
2026-09-15,14:27:36.000,50.4698775,-5.0329430,19.0,0.830
2026-09-15,14:27:41.000,50.4698495,-5.0329350,18.2,0.793
2026-09-15,14:27:46.000,50.4698213,-5.0329209,16.8,0.700
2026-09-15,14:27:51.000,50.4697865,-5.0328958,15.6,0.746
2026-09-15,14:27:56.000,50.4697563,-5.0328575,14.2,0.802
2026-09-15,14:28:01.000,50.4697325,-5.0328049,13.6,0.737
2026-09-15,14:28:06.000,50.4697064,-5.0327443,12.8,0.821
2026-09-15,14:28:11.000,50.4696857,-5.0326883,11.6,0.840
2026-09-15,14:28:16.000,50.4696605,-5.0326346,10.8,0.914
2026-09-15,14:28:21.000,50.4696367,-5.0325779,9.4,0.914
2026-09-15,14:28:26.000,50.4696255,-5.0325196,8.6,0.914
2026-09-15,14:28:31.000,50.4696195,-5.0324358,8.6,0.952
2026-09-15,14:28:36.000,50.4696247,-5.0323523,8.0,0.989
2026-09-15,14:28:41.000,50.4696158,-5.0322658,8.0,1.101
2026-09-15,14:28:46.000,50.4696049,-5.0322192,7.6,1.036
2026-09-15,14:28:51.000,50.4696155,-5.0321794,7.2,0.933
2026-09-15,14:28:56.000,50.4696467,-5.0321492,7.8,0.896
2026-09-15,14:29:01.000,50.4696690,-5.0321157,9.2,0.858
2026-09-15,14:29:06.000,50.4696441,-5.0320786,10.0,0.821
2026-09-15,14:29:11.000,50.4695898,-5.0320907,10.0,0.970
2026-09-15,14:29:16.000,50.4695322,-5.0321209,9.2,1.250
2026-09-15,14:29:21.000,50.4694823,-5.0321389,9.2,1.241
2026-09-15,14:29:26.000,50.4694336,-5.0321209,10.0,1.138
2026-09-15,14:29:31.000,50.4693802,-5.0321164,10.8,1.138
2026-09-15,14:29:36.000,50.4693221,-5.0321218,12.0,1.148
2026-09-15,14:29:41.000,50.4692633,-5.0321403,12.6,1.194
2026-09-15,14:29:46.000,50.4692163,-5.0321544,13.2,1.176
2026-09-15,14:29:51.000,50.4691762,-5.0321448,14.2,1.138
2026-09-15,14:29:56.000,50.4691389,-5.0321339,16.8,0.886
2026-09-15,14:30:01.000,50.4690977,-5.0321295,17.2,0.868
2026-09-15,14:30:06.000,50.4690468,-5.0321060,18.2,1.194
2026-09-15,14:30:11.000,50.4689999,-5.0320653,20.2,1.185
2026-09-15,14:30:16.000,50.4689580,-5.0320234,19.4,1.148
2026-09-15,14:30:21.000,50.4689099,-5.0319928,20.0,1.138
2026-09-15,14:30:26.000,50.4688433,-5.0319763,21.4,1.241
2026-09-15,14:30:31.000,50.4687782,-5.0319512,20.6,1.372
2026-09-15,14:30:36.000,50.4687210,-5.0319211,21.0,1.381
2026-09-15,14:30:41.000,50.4686715,-5.0318908,21.2,1.334
2026-09-15,14:30:46.000,50.4686303,-5.0318537,21.2,1.297
2026-09-15,14:30:51.000,50.4685813,-5.0318389,21.6,1.269
2026-09-15,14:30:56.000,50.4685214,-5.0318358,21.2,1.250
2026-09-15,14:31:01.000,50.4684637,-5.0318385,21.4,1.269
2026-09-15,14:31:06.000,50.4684012,-5.0318445,20.2,1.316
2026-09-15,14:31:11.000,50.4683431,-5.0318452,19.8,1.381
2026-09-15,14:31:16.000,50.4682818,-5.0318202,19.6,1.334
2026-09-15,14:31:21.000,50.4682197,-5.0317897,20.0,1.372
2026-09-15,14:31:26.000,50.4681676,-5.0317603,19.8,1.362
2026-09-15,14:31:31.000,50.4681163,-5.0317247,19.6,1.353
2026-09-15,14:31:36.000,50.4680655,-5.0316954,19.0,1.325
2026-09-15,14:31:41.000,50.4680205,-5.0316517,18.8,1.325
2026-09-15,14:31:46.000,50.4679731,-5.0316233,18.2,1.288
2026-09-15,14:31:51.000,50.4679186,-5.0316090,17.2,1.260
2026-09-15,14:31:56.000,50.4678679,-5.0315813,17.4,1.269
2026-09-15,14:32:01.000,50.4678257,-5.0315608,16.6,1.269
2026-09-15,14:32:06.000,50.4677829,-5.0315307,16.2,1.213
2026-09-15,14:32:11.000,50.4677412,-5.0314913,14.6,1.166
2026-09-15,14:32:16.000,50.4676908,-5.0314519,14.6,1.204
2026-09-15,14:32:21.000,50.4676474,-5.0314250,13.4,1.129
2026-09-15,14:32:26.000,50.4675977,-5.0314008,12.8,1.101
2026-09-15,14:32:31.000,50.4675554,-5.0313834,11.8,1.073
2026-09-15,14:32:36.000,50.4675189,-5.0313745,11.0,0.989
2026-09-15,14:32:41.000,50.4674682,-5.0313497,9.6,0.942
2026-09-15,14:32:46.000,50.4674205,-5.0313021,9.0,1.017
2026-09-15,14:32:51.000,50.4673864,-5.0312417,9.0,1.054
2026-09-15,14:32:56.000,50.4673495,-5.0312067,10.2,1.045
2026-09-15,14:33:01.000,50.4673046,-5.0311765,10.8,1.036
2026-09-15,14:33:06.000,50.4672750,-5.0311519,11.6,0.980
2026-09-15,14:33:11.000,50.4672755,-5.0311518,12.0,0.690
2026-09-15,14:33:16.000,50.4672762,-5.0311516,11.8,0.000
2026-09-15,14:33:21.000,50.4672750,-5.0311515,11.8,0.000
2026-09-15,14:33:26.000,50.4672527,-5.0311399,12.0,0.000
2026-09-15,14:33:31.000,50.4672299,-5.0311236,12.4,0.000
2026-09-15,14:33:36.000,50.4672253,-5.0311234,12.8,0.000
2026-09-15,14:33:41.000,50.4672245,-5.0311236,12.6,0.000
2026-09-15,14:33:46.000,50.4672253,-5.0311236,12.6,0.000
2026-09-15,14:33:51.000,50.4672262,-5.0311234,12.6,0.000
2026-09-15,14:33:56.000,50.4672271,-5.0311231,12.4,0.000
2026-09-15,14:34:01.000,50.4672280,-5.0311228,12.6,0.000
2026-09-15,14:34:06.000,50.4672294,-5.0311222,12.6,0.000
2026-09-15,14:34:11.000,50.4672305,-5.0311215,12.6,0.000
2026-09-15,14:34:16.000,50.4672317,-5.0311208,12.6,0.000
2026-09-15,14:34:21.000,50.4672326,-5.0311201,12.6,0.000
2026-09-15,14:34:26.000,50.4672333,-5.0311196,12.8,0.000
2026-09-15,14:34:31.000,50.4672348,-5.0311191,12.8,0.000
2026-09-15,14:34:36.000,50.4672363,-5.0311173,12.8,0.000
2026-09-15,14:34:41.000,50.4672366,-5.0311172,13.0,0.000
2026-09-15,14:34:46.000,50.4672369,-5.0311170,12.8,0.000
2026-09-15,14:34:51.000,50.4672372,-5.0311169,13.0,0.000
2026-09-15,14:34:56.000,50.4672375,-5.0311173,12.8,0.000
2026-09-15,14:35:01.000,50.4672482,-5.0311292,12.4,0.000
2026-09-15,14:35:06.000,50.4673000,-5.0311616,11.6,0.000
2026-09-15,14:35:11.000,50.4673571,-5.0312037,11.0,1.120
2026-09-15,14:35:16.000,50.4673983,-5.0312501,10.4,1.194
2026-09-15,14:35:21.000,50.4674485,-5.0313047,9.4,1.194
2026-09-15,14:35:26.000,50.4674951,-5.0313510,10.2,1.260
2026-09-15,14:35:31.000,50.4675377,-5.0314059,10.8,1.241
2026-09-15,14:35:36.000,50.4675616,-5.0314494,10.4,0.952
2026-09-15,14:35:41.000,50.4675563,-5.0314718,9.8,0.802
2026-09-15,14:35:46.000,50.4675185,-5.0314561,8.2,0.812
2026-09-15,14:35:51.000,50.4674765,-5.0314659,6.6,0.877
2026-09-15,14:35:56.000,50.4674432,-5.0314707,5.8,0.784
2026-09-15,14:36:01.000,50.4674169,-5.0314819,4.4,0.728
2026-09-15,14:36:06.000,50.4673990,-5.0315216,3.0,0.690
2026-09-15,14:36:11.000,50.4673574,-5.0315785,3.4,0.886
2026-09-15,14:36:16.000,50.4673090,-5.0316211,3.0,1.045
2026-09-15,14:36:21.000,50.4672600,-5.0316336,2.8,1.073
2026-09-15,14:36:26.000,50.4672000,-5.0316470,2.8,1.129
2026-09-15,14:36:31.000,50.4671519,-5.0316628,1.6,1.129
2026-09-15,14:36:36.000,50.4671054,-5.0316798,3.0,1.138
2026-09-15,14:36:41.000,50.4670559,-5.0316910,3.0,1.138
2026-09-15,14:36:46.000,50.4670176,-5.0316979,3.2,1.110
2026-09-15,14:36:51.000,50.4669729,-5.0317108,3.2,1.073
2026-09-15,14:36:56.000,50.4669376,-5.0317160,2.8,1.017
2026-09-15,14:37:01.000,50.4669122,-5.0317290,3.4,0.000
2026-09-15,14:37:06.000,50.4668782,-5.0317706,3.6,0.000
2026-09-15,14:37:11.000,50.4668349,-5.0318108,3.6,0.970
2026-09-15,14:37:16.000,50.4667876,-5.0318375,3.8,1.054
2026-09-15,14:37:21.000,50.4667427,-5.0318472,3.4,1.120
2026-09-15,14:37:26.000,50.4666995,-5.0318521,3.6,1.082
2026-09-15,14:37:31.000,50.4666519,-5.0318537,3.4,1.073
2026-09-15,14:37:36.000,50.4666033,-5.0318466,3.8,1.148
2026-09-15,14:37:41.000,50.4665525,-5.0318290,4.0,1.129
2026-09-15,14:37:46.000,50.4665067,-5.0317952,4.0,1.138
2026-09-15,14:37:51.000,50.4664607,-5.0317557,4.0,1.138
2026-09-15,14:37:56.000,50.4664157,-5.0317126,4.0,1.138
2026-09-15,14:38:01.000,50.4663711,-5.0316643,4.0,1.138
2026-09-15,14:38:06.000,50.4663429,-5.0316042,4.2,1.129
2026-09-15,14:38:11.000,50.4663400,-5.0315545,4.4,1.082
2026-09-15,14:38:16.000,50.4663417,-5.0315349,5.6,0.924
2026-09-15,14:38:21.000,50.4663453,-5.0315017,5.2,0.000
2026-09-15,14:38:26.000,50.4663259,-5.0314594,6.4,0.000
2026-09-15,14:38:31.000,50.4663048,-5.0314281,8.4,0.000
2026-09-15,14:38:36.000,50.4662940,-5.0313878,9.4,0.420
2026-09-15,14:38:41.000,50.4662995,-5.0313541,10.6,0.980
2026-09-15,14:38:46.000,50.4662826,-5.0313461,10.6,0.709
2026-09-15,14:38:51.000,50.4662725,-5.0312898,11.2,0.746
2026-09-15,14:38:56.000,50.4662621,-5.0312061,11.2,0.877
2026-09-15,14:39:01.000,50.4662494,-5.0311300,10.6,0.998
2026-09-15,14:39:06.000,50.4662642,-5.0310566,10.4,1.157
2026-09-15,14:39:11.000,50.4662801,-5.0309825,11.8,1.148
2026-09-15,14:39:16.000,50.4662947,-5.0309159,13.0,1.148
2026-09-15,14:39:21.000,50.4662680,-5.0308607,13.4,1.092
2026-09-15,14:39:26.000,50.4662520,-5.0307863,12.0,1.129
2026-09-15,14:39:31.000,50.4662340,-5.0307315,12.6,1.129
2026-09-15,14:39:36.000,50.4661924,-5.0306978,12.6,1.101
2026-09-15,14:39:41.000,50.4661510,-5.0306805,11.8,1.082
2026-09-15,14:39:46.000,50.4661219,-5.0306878,12.0,0.924
2026-09-15,14:39:51.000,50.4660831,-5.0307019,11.0,0.858
2026-09-15,14:39:56.000,50.4660437,-5.0306796,10.4,0.980
2026-09-15,14:40:01.000,50.4660090,-5.0306268,10.6,0.989
2026-09-15,14:40:06.000,50.4659919,-5.0305574,10.4,1.008
2026-09-15,14:40:11.000,50.4659847,-5.0304957,10.6,1.008
2026-09-15,14:40:16.000,50.4659906,-5.0304801,10.6,0.924
2026-09-15,14:40:21.000,50.4659904,-5.0304783,11.2,0.000
2026-09-15,14:40:26.000,50.4659893,-5.0304826,11.0,0.000
2026-09-15,14:40:31.000,50.4659951,-5.0304946,11.2,0.000
2026-09-15,14:40:36.000,50.4660005,-5.0304967,10.8,0.000
2026-09-15,14:40:41.000,50.4659966,-5.0304966,11.0,0.000
2026-09-15,14:40:46.000,50.4659924,-5.0304921,10.8,0.000
2026-09-15,14:40:51.000,50.4659848,-5.0304953,10.8,0.000
2026-09-15,14:40:56.000,50.4659918,-5.0304836,10.6,0.000
2026-09-15,14:41:01.000,50.4659937,-5.0304745,10.8,0.000
2026-09-15,14:41:06.000,50.4659909,-5.0304831,11.2,0.000
2026-09-15,14:41:11.000,50.4659969,-5.0304934,10.8,0.000
2026-09-15,14:41:16.000,50.4660061,-5.0305043,10.6,0.000
2026-09-15,14:41:21.000,50.4660107,-5.0305224,10.8,0.000
2026-09-15,14:41:26.000,50.4660126,-5.0305278,11.0,0.000
2026-09-15,14:41:31.000,50.4660157,-5.0305358,11.0,0.000
2026-09-15,14:41:36.000,50.4660181,-5.0305351,10.8,0.000
2026-09-15,14:41:41.000,50.4660163,-5.0305243,10.0,0.000
2026-09-15,14:41:46.000,50.4660173,-5.0305137,10.4,0.000
2026-09-15,14:41:51.000,50.4660213,-5.0305032,10.2,0.000
2026-09-15,14:41:56.000,50.4660249,-5.0304918,10.4,0.000
2026-09-15,14:42:01.000,50.4660256,-5.0304810,10.4,0.000
2026-09-15,14:42:06.000,50.4660302,-5.0304749,10.4,0.000
2026-09-15,14:42:11.000,50.4660287,-5.0304699,10.0,0.000
2026-09-15,14:42:16.000,50.4660079,-5.0304723,9.8,0.000
2026-09-15,14:42:21.000,50.4659971,-5.0304715,9.8,0.000
2026-09-15,14:42:26.000,50.4659751,-5.0304748,9.8,0.000
2026-09-15,14:42:31.000,50.4659655,-5.0304784,9.8,0.000
2026-09-15,14:42:36.000,50.4659735,-5.0304848,9.8,0.000
2026-09-15,14:42:41.000,50.4659942,-5.0304915,9.8,0.000
2026-09-15,14:42:46.000,50.4659951,-5.0305137,9.8,0.000
2026-09-15,14:42:51.000,50.4659815,-5.0305261,11.0,0.000
2026-09-15,14:42:56.000,50.4659857,-5.0305283,11.0,0.000
2026-09-15,14:43:01.000,50.4659972,-5.0305335,11.0,0.000
2026-09-15,14:43:06.000,50.4660040,-5.0305118,10.6,0.000
2026-09-15,14:43:11.000,50.4660195,-5.0305003,10.8,0.000
2026-09-15,14:43:16.000,50.4660117,-5.0305245,10.8,0.000
2026-09-15,14:43:21.000,50.4660142,-5.0305400,10.6,0.000
2026-09-15,14:43:26.000,50.4660138,-5.0305318,10.8,0.000
2026-09-15,14:43:31.000,50.4660092,-5.0305194,10.8,0.000
2026-09-15,14:43:36.000,50.4660034,-5.0305299,11.0,0.000
2026-09-15,14:43:41.000,50.4660143,-5.0305185,10.8,0.000
