date,time,lat,lon,ele,sog
2026-09-17,10:54:46.000,50.4130283,-5.0866341,33.2,0.000
2026-09-17,10:54:51.000,50.4130283,-5.0866343,33.2,0.000
2026-09-17,10:54:56.000,50.4130285,-5.0866338,33.2,0.000
2026-09-17,10:55:01.000,50.4130284,-5.0866330,33.6,0.000
2026-09-17,10:55:06.000,50.4130285,-5.0866335,33.4,0.000
2026-09-17,10:55:11.000,50.4130289,-5.0866350,33.4,0.000
2026-09-17,10:55:16.000,50.4130290,-5.0866353,33.2,0.000
2026-09-17,10:55:21.000,50.4130293,-5.0866356,33.2,0.000
2026-09-17,10:55:26.000,50.4130296,-5.0866358,33.2,0.000
2026-09-17,10:55:31.000,50.4130302,-5.0866362,33.4,0.000
2026-09-17,10:55:36.000,50.4130310,-5.0866366,33.8,0.000
2026-09-17,10:55:41.000,50.4130321,-5.0866372,33.6,0.000
2026-09-17,10:55:46.000,50.4130334,-5.0866377,33.4,0.000
2026-09-17,10:55:51.000,50.4130351,-5.0866382,33.4,0.000
2026-09-17,10:55:56.000,50.4130371,-5.0866386,33.4,0.000
2026-09-17,10:56:01.000,50.4130394,-5.0866391,33.4,0.000
2026-09-17,10:56:06.000,50.4130420,-5.0866397,33.4,0.000
2026-09-17,10:56:11.000,50.4130447,-5.0866402,33.6,0.000
2026-09-17,10:56:16.000,50.4130473,-5.0866408,33.6,0.000
2026-09-17,10:56:21.000,50.4130496,-5.0866414,33.6,0.000
2026-09-17,10:56:26.000,50.4130512,-5.0866418,33.6,0.000
2026-09-17,10:56:31.000,50.4130520,-5.0866418,33.6,0.000
2026-09-17,10:56:36.000,50.4130510,-5.0866361,33.4,0.000
2026-09-17,10:56:41.000,50.4130361,-5.0865638,34.0,0.000
2026-09-17,10:56:46.000,50.4130177,-5.0864680,33.6,0.597
2026-09-17,10:56:51.000,50.4129963,-5.0863673,33.8,1.325
2026-09-17,10:56:56.000,50.4129977,-5.0862805,33.4,1.344
2026-09-17,10:57:01.000,50.4130020,-5.0862008,34.0,1.288
2026-09-17,10:57:06.000,50.4130081,-5.0861243,33.8,1.260
2026-09-17,10:57:11.000,50.4130078,-5.0860494,33.6,1.204
2026-09-17,10:57:16.000,50.4130244,-5.0860124,33.6,0.896
2026-09-17,10:57:21.000,50.4130239,-5.0859912,34.2,0.774
2026-09-17,10:57:26.000,50.4130217,-5.0859710,33.6,0.644
2026-09-17,10:57:31.000,50.4130198,-5.0859415,34.4,0.569
2026-09-17,10:57:36.000,50.4130204,-5.0858560,34.0,1.017
2026-09-17,10:57:41.000,50.4130280,-5.0857560,33.8,1.372
2026-09-17,10:57:46.000,50.4130194,-5.0856725,33.6,1.269
2026-09-17,10:57:51.000,50.4129874,-5.0855897,33.4,1.204
2026-09-17,10:57:56.000,50.4129523,-5.0855155,33.6,1.269
2026-09-17,10:58:01.000,50.4129382,-5.0854737,34.4,1.232
2026-09-17,10:58:06.000,50.4129456,-5.0853928,34.2,1.148
2026-09-17,10:58:11.000,50.4129536,-5.0853090,34.0,1.194
2026-09-17,10:58:16.000,50.4129585,-5.0852063,33.8,1.241
2026-09-17,10:58:21.000,50.4129614,-5.0850992,34.2,1.278
2026-09-17,10:58:26.000,50.4129627,-5.0849975,34.4,1.316
2026-09-17,10:58:31.000,50.4129693,-5.0848818,34.8,1.344
2026-09-17,10:58:36.000,50.4129862,-5.0847984,35.6,1.353
2026-09-17,10:58:41.000,50.4129947,-5.0847002,35.8,1.362
2026-09-17,10:58:46.000,50.4130018,-5.0845920,35.2,1.353
2026-09-17,10:58:51.000,50.4130109,-5.0844760,35.4,1.390
2026-09-17,10:58:56.000,50.4130164,-5.0843688,35.0,1.409
2026-09-17,10:59:01.000,50.4130199,-5.0842704,35.2,1.418
2026-09-17,10:59:06.000,50.4130249,-5.0841697,35.0,1.428
2026-09-17,10:59:11.000,50.4130426,-5.0840701,35.0,1.418
2026-09-17,10:59:16.000,50.4130485,-5.0839979,34.8,1.418
2026-09-17,10:59:21.000,50.4130535,-5.0839921,34.6,1.344
2026-09-17,10:59:26.000,50.4130911,-5.0840262,35.4,0.569
2026-09-17,10:59:31.000,50.4131409,-5.0840838,36.0,1.204
2026-09-17,10:59:36.000,50.4131932,-5.0841336,35.8,1.344
2026-09-17,10:59:41.000,50.4132493,-5.0841709,35.2,1.362
2026-09-17,10:59:46.000,50.4133101,-5.0842137,34.4,1.353
2026-09-17,10:59:51.000,50.4133654,-5.0842627,33.4,1.484
2026-09-17,10:59:56.000,50.4134121,-5.0842816,32.8,1.418
2026-09-17,11:00:01.000,50.4134472,-5.0843043,31.8,1.297
2026-09-17,11:00:06.000,50.4134708,-5.0843091,31.6,1.129
2026-09-17,11:00:11.000,50.4135180,-5.0843196,30.4,0.849
2026-09-17,11:00:16.000,50.4135749,-5.0843304,30.0,1.148
2026-09-17,11:00:21.000,50.4136150,-5.0843409,29.8,1.110
2026-09-17,11:00:26.000,50.4136566,-5.0843410,29.6,0.989
2026-09-17,11:00:31.000,50.4136793,-5.0843377,29.8,0.000
2026-09-17,11:00:36.000,50.4136853,-5.0843392,29.8,0.000
2026-09-17,11:00:41.000,50.4137025,-5.0843464,29.4,0.000
2026-09-17,11:00:46.000,50.4137050,-5.0843496,29.6,0.000
2026-09-17,11:00:51.000,50.4136714,-5.0843466,29.6,0.000
2026-09-17,11:00:56.000,50.4136311,-5.0843250,30.6,0.476
2026-09-17,11:01:01.000,50.4136139,-5.0843377,30.2,0.830
2026-09-17,11:01:06.000,50.4136220,-5.0843077,30.2,0.849
2026-09-17,11:01:11.000,50.4136285,-5.0842640,30.2,0.858
2026-09-17,11:01:16.000,50.4136315,-5.0842059,30.6,0.868
2026-09-17,11:01:21.000,50.4136439,-5.0841225,30.6,0.989
2026-09-17,11:01:26.000,50.4136469,-5.0840766,30.4,0.998
2026-09-17,11:01:31.000,50.4136538,-5.0840725,30.4,0.000
2026-09-17,11:01:36.000,50.4136781,-5.0840653,30.2,0.000
2026-09-17,11:01:41.000,50.4136841,-5.0840725,30.4,0.000
2026-09-17,11:01:46.000,50.4136882,-5.0840689,31.2,0.000
2026-09-17,11:01:51.000,50.4137004,-5.0841339,31.6,0.429
2026-09-17,11:02:04.000,50.4134730,-5.0841413,34.0,0.000
2026-09-17,11:02:09.000,50.4135725,-5.0842506,34.0,0.000
2026-09-17,11:02:14.000,50.4134793,-5.0841266,34.6,0.000
2026-09-17,11:02:19.000,50.4134584,-5.0841413,34.4,0.000
2026-09-17,11:02:24.000,50.4134581,-5.0841388,34.2,0.000
2026-09-17,11:02:33.000,50.4134363,-5.0841281,34.2,0.000
2026-09-17,11:02:38.000,50.4134396,-5.0841309,34.6,0.000
2026-09-17,11:02:43.000,50.4134367,-5.0841261,34.6,0.000
2026-09-17,11:02:48.000,50.4134480,-5.0841313,33.8,0.000
2026-09-17,11:02:53.000,50.4134533,-5.0841336,34.0,0.000
2026-09-17,11:02:58.000,50.4134596,-5.0841407,34.4,0.000
2026-09-17,11:03:05.000,50.4134493,-5.0841189,34.0,0.000
2026-09-17,11:03:10.000,50.4134351,-5.0841051,34.2,0.000
2026-09-17,11:03:15.000,50.4134358,-5.0840637,34.4,0.000
2026-09-17,11:03:20.000,50.4134341,-5.0841022,35.0,0.000
2026-09-17,11:03:25.000,50.4134359,-5.0841482,34.8,0.000
2026-09-17,11:03:30.000,50.4134463,-5.0841916,34.8,0.000
2026-09-17,11:03:35.000,50.4134663,-5.0842473,34.8,0.000
2026-09-17,11:03:40.000,50.4134613,-5.0842418,34.8,0.000
2026-09-17,11:03:59.000,50.4136087,-5.0841300,33.0,0.000
2026-09-17,11:04:04.000,50.4136023,-5.0841263,31.8,0.000
2026-09-17,11:04:09.000,50.4135978,-5.0841490,31.6,0.271
2026-09-17,11:04:14.000,50.4136002,-5.0841533,31.4,1.082
2026-09-17,11:04:19.000,50.4135925,-5.0841761,31.0,0.000
2026-09-17,11:04:24.000,50.4135996,-5.0842374,30.6,0.000
2026-09-17,11:04:29.000,50.4136035,-5.0842705,31.4,0.000
2026-09-17,11:04:34.000,50.4136056,-5.0842890,31.2,0.000
2026-09-17,11:04:39.000,50.4136060,-5.0842948,31.0,0.000
2026-09-17,11:04:44.000,50.4136066,-5.0842939,31.2,0.000
2026-09-17,11:04:49.000,50.4136083,-5.0842896,31.4,0.000
2026-09-17,11:04:54.000,50.4136099,-5.0842823,31.4,0.000
2026-09-17,11:04:59.000,50.4136087,-5.0842828,30.4,0.000
2026-09-17,11:05:04.000,50.4136097,-5.0842840,30.6,0.000
2026-09-17,11:05:09.000,50.4136185,-5.0842907,31.4,0.000
2026-09-17,11:05:14.000,50.4136547,-5.0843110,32.0,0.662
2026-09-17,11:05:19.000,50.4137152,-5.0843110,31.0,1.549
2026-09-17,11:05:24.000,50.4137789,-5.0843342,31.0,1.288
2026-09-17,11:05:29.000,50.4137551,-5.0843091,31.2,1.166
2026-09-17,11:05:34.000,50.4136938,-5.0842780,31.4,1.073
2026-09-17,11:05:39.000,50.4136151,-5.0842861,31.4,1.456
2026-09-17,11:05:44.000,50.4135827,-5.0843734,31.4,1.913
2026-09-17,11:05:49.000,50.4135637,-5.0844374,30.8,1.400
2026-09-17,11:05:54.000,50.4135470,-5.0845114,30.8,0.961
2026-09-17,11:05:59.000,50.4135356,-5.0845988,31.0,1.306
2026-09-17,11:06:04.000,50.4135249,-5.0846526,31.0,1.306
2026-09-17,11:06:09.000,50.4135046,-5.0847186,30.6,1.213
2026-09-17,11:06:14.000,50.4134745,-5.0847930,30.4,1.250
2026-09-17,11:06:19.000,50.4134437,-5.0848642,30.6,1.334
2026-09-17,11:06:24.000,50.4134137,-5.0849360,30.4,1.418
2026-09-17,11:06:29.000,50.4133913,-5.0850187,30.8,1.428
2026-09-17,11:06:34.000,50.4133770,-5.0851017,30.6,1.418
2026-09-17,11:06:39.000,50.4133603,-5.0851821,30.4,1.372
2026-09-17,11:06:44.000,50.4133395,-5.0852810,30.6,1.372
2026-09-17,11:06:49.000,50.4133206,-5.0853613,30.6,1.409
2026-09-17,11:06:54.000,50.4133005,-5.0854437,30.6,1.390
2026-09-17,11:06:59.000,50.4132841,-5.0855441,30.4,1.390
2026-09-17,11:07:04.000,50.4132728,-5.0856439,30.6,1.409
2026-09-17,11:07:09.000,50.4132635,-5.0857358,30.8,1.418
2026-09-17,11:07:14.000,50.4132542,-5.0858237,30.4,1.428
2026-09-17,11:07:19.000,50.4132463,-5.0859171,29.8,1.409
2026-09-17,11:07:24.000,50.4132535,-5.0860043,30.0,1.418
2026-09-17,11:07:29.000,50.4132634,-5.0861053,30.0,1.390
2026-09-17,11:07:34.000,50.4132815,-5.0861985,29.4,1.400
2026-09-17,11:07:39.000,50.4132963,-5.0862993,29.0,1.381
2026-09-17,11:07:44.000,50.4133166,-5.0863954,29.0,1.418
2026-09-17,11:07:49.000,50.4133548,-5.0864827,29.8,1.418
2026-09-17,11:07:54.000,50.4133989,-5.0865781,29.8,1.418
2026-09-17,11:07:59.000,50.4134557,-5.0866363,29.4,1.456
2026-09-17,11:08:04.000,50.4135170,-5.0866635,29.6,1.456
2026-09-17,11:08:09.000,50.4135691,-5.0866827,29.6,1.446
2026-09-17,11:08:14.000,50.4136180,-5.0867050,29.8,1.390
2026-09-17,11:08:19.000,50.4136741,-5.0867061,30.6,1.316
2026-09-17,11:08:24.000,50.4137164,-5.0867029,30.4,1.148
2026-09-17,11:08:29.000,50.4137906,-5.0866997,30.2,1.791
2026-09-17,11:08:34.000,50.4138433,-5.0867125,29.6,1.698
2026-09-17,11:08:39.000,50.4138721,-5.0867221,30.8,1.241
2026-09-17,11:08:44.000,50.4139191,-5.0867357,30.4,1.045
2026-09-17,11:08:49.000,50.4139865,-5.0867394,31.4,1.138
2026-09-17,11:08:54.000,50.4140362,-5.0867361,31.8,1.222
2026-09-17,11:08:59.000,50.4140909,-5.0867270,32.0,1.232
2026-09-17,11:09:04.000,50.4141435,-5.0867209,32.2,1.250
2026-09-17,11:09:09.000,50.4141987,-5.0867260,32.8,1.213
2026-09-17,11:09:14.000,50.4142523,-5.0867293,32.6,1.232
2026-09-17,11:09:19.000,50.4143127,-5.0867397,32.6,1.260
2026-09-17,11:09:24.000,50.4143751,-5.0867421,32.6,1.297
2026-09-17,11:09:29.000,50.4144395,-5.0867412,33.0,1.325
2026-09-17,11:09:34.000,50.4144777,-5.0867471,33.0,1.325
2026-09-17,11:09:39.000,50.4145289,-5.0867542,33.2,1.260
2026-09-17,11:09:44.000,50.4145868,-5.0867605,33.6,1.232
2026-09-17,11:09:49.000,50.4146482,-5.0867691,33.2,1.269
2026-09-17,11:09:54.000,50.4146896,-5.0867852,33.4,1.260
2026-09-17,11:09:59.000,50.4147442,-5.0867993,33.0,1.185
2026-09-17,11:10:04.000,50.4147924,-5.0868232,33.2,1.185
2026-09-17,11:10:09.000,50.4148343,-5.0868521,33.2,1.232
2026-09-17,11:10:14.000,50.4148959,-5.0868588,33.4,1.176
2026-09-17,11:10:19.000,50.4149573,-5.0868616,33.2,1.213
2026-09-17,11:10:24.000,50.4149965,-5.0868557,33.0,1.241
2026-09-17,11:10:29.000,50.4150361,-5.0869029,32.8,1.166
2026-09-17,11:10:34.000,50.4150809,-5.0869645,32.8,1.222
2026-09-17,11:10:39.000,50.4151211,-5.0870205,32.6,1.232
2026-09-17,11:10:44.000,50.4151620,-5.0870876,32.8,1.213
2026-09-17,11:10:49.000,50.4152119,-5.0871276,33.2,1.297
2026-09-17,11:10:54.000,50.4152803,-5.0871676,32.6,1.278
2026-09-17,11:10:59.000,50.4153222,-5.0872020,32.4,1.306
2026-09-17,11:11:04.000,50.4153601,-5.0872180,32.4,1.260
2026-09-17,11:11:09.000,50.4154049,-5.0872427,32.2,1.148
2026-09-17,11:11:14.000,50.4154528,-5.0872766,32.2,1.250
2026-09-17,11:11:19.000,50.4155068,-5.0873215,32.4,1.129
2026-09-17,11:11:24.000,50.4155564,-5.0873670,32.8,1.390
2026-09-17,11:11:29.000,50.4155985,-5.0874124,32.2,1.204
2026-09-17,11:11:34.000,50.4156513,-5.0874627,32.4,1.260
2026-09-17,11:11:39.000,50.4157043,-5.0875219,32.2,1.306
2026-09-17,11:11:44.000,50.4157462,-5.0875670,32.2,1.316
2026-09-17,11:11:49.000,50.4157864,-5.0876100,32.8,1.278
2026-09-17,11:11:54.000,50.4158335,-5.0876650,32.6,1.222
2026-09-17,11:11:59.000,50.4158834,-5.0877248,33.0,1.232
2026-09-17,11:12:04.000,50.4159335,-5.0877792,33.0,1.250
2026-09-17,11:12:09.000,50.4159746,-5.0878291,33.0,1.269
2026-09-17,11:12:14.000,50.4160293,-5.0878735,32.6,1.241
2026-09-17,11:12:19.000,50.4160803,-5.0879249,32.0,1.278
2026-09-17,11:12:24.000,50.4161335,-5.0879819,33.6,1.288
2026-09-17,11:12:29.000,50.4161772,-5.0880286,33.0,1.297
2026-09-17,11:12:34.000,50.4162189,-5.0880697,32.6,1.297
2026-09-17,11:12:39.000,50.4162687,-5.0881100,33.2,1.278
2026-09-17,11:12:44.000,50.4163199,-5.0881583,33.0,1.269
2026-09-17,11:12:49.000,50.4163663,-5.0881994,33.6,1.278
2026-09-17,11:12:54.000,50.4164114,-5.0882451,33.4,1.269
2026-09-17,11:12:59.000,50.4164595,-5.0882963,33.4,1.241
2026-09-17,11:13:04.000,50.4165115,-5.0883468,33.6,1.250
2026-09-17,11:13:09.000,50.4165608,-5.0883873,33.8,1.260
2026-09-17,11:13:14.000,50.4166068,-5.0884387,33.4,1.269
2026-09-17,11:13:19.000,50.4166533,-5.0884995,33.4,1.260
2026-09-17,11:13:24.000,50.4167073,-5.0885533,33.6,1.269
2026-09-17,11:13:29.000,50.4167587,-5.0886013,34.0,1.288
2026-09-17,11:13:34.000,50.4168085,-5.0886422,33.6,1.278
2026-09-17,11:13:39.000,50.4168499,-5.0886888,33.6,1.288
2026-09-17,11:13:44.000,50.4168999,-5.0887527,33.2,1.288
2026-09-17,11:13:49.000,50.4169535,-5.0888057,33.4,1.297
2026-09-17,11:13:54.000,50.4170049,-5.0888586,32.8,1.306
2026-09-17,11:13:59.000,50.4170301,-5.0888774,32.8,1.316
2026-09-17,11:14:04.000,50.4170372,-5.0888808,32.8,0.000
2026-09-17,11:14:09.000,50.4170649,-5.0889086,32.0,0.000
2026-09-17,11:14:14.000,50.4171204,-5.0889501,31.8,1.138
2026-09-17,11:14:19.000,50.4171665,-5.0889982,31.8,1.288
2026-09-17,11:14:24.000,50.4172071,-5.0890403,31.4,1.194
2026-09-17,11:14:29.000,50.4172544,-5.0890706,31.2,1.232
2026-09-17,11:14:34.000,50.4173083,-5.0890934,31.4,1.185
2026-09-17,11:14:39.000,50.4173409,-5.0890823,32.0,0.896
2026-09-17,11:14:44.000,50.4173689,-5.0890659,32.4,0.933
2026-09-17,11:14:49.000,50.4174256,-5.0890335,32.2,0.000
2026-09-17,11:14:54.000,50.4174740,-5.0889948,32.2,1.045
2026-09-17,11:14:59.000,50.4175152,-5.0889547,31.6,1.269
2026-09-17,11:15:04.000,50.4175507,-5.0889160,30.8,1.213
2026-09-17,11:15:09.000,50.4175784,-5.0888857,30.4,1.101
2026-09-17,11:15:14.000,50.4176070,-5.0888572,29.6,0.998
2026-09-17,11:15:19.000,50.4176341,-5.0888221,28.6,0.774
2026-09-17,11:15:24.000,50.4176691,-5.0887695,28.2,0.000
2026-09-17,11:15:29.000,50.4176697,-5.0887282,27.8,1.176
2026-09-17,11:15:34.000,50.4176647,-5.0887265,27.8,0.662
2026-09-17,11:15:39.000,50.4176644,-5.0887253,27.4,0.000
2026-09-17,11:15:44.000,50.4176647,-5.0887229,27.0,0.000
2026-09-17,11:15:49.000,50.4176650,-5.0887198,27.0,0.000
2026-09-17,11:15:54.000,50.4176652,-5.0887190,27.8,0.000
2026-09-17,11:15:59.000,50.4176690,-5.0887182,27.6,0.000
2026-09-17,11:16:04.000,50.4176809,-5.0887020,27.6,0.000
2026-09-17,11:16:09.000,50.4177019,-5.0886631,27.4,0.000
2026-09-17,11:16:14.000,50.4177037,-5.0886443,27.4,0.634
2026-09-17,11:16:19.000,50.4177032,-5.0886444,26.8,0.000
2026-09-17,11:16:24.000,50.4176977,-5.0886493,27.0,0.000
2026-09-17,11:16:29.000,50.4176926,-5.0886608,26.2,0.000
2026-09-17,11:16:34.000,50.4176925,-5.0886608,26.2,0.000
2026-09-17,11:16:39.000,50.4176925,-5.0886604,26.2,0.000
2026-09-17,11:16:44.000,50.4176925,-5.0886597,26.4,0.000
2026-09-17,11:16:49.000,50.4176926,-5.0886589,26.4,0.000
2026-09-17,11:16:54.000,50.4176927,-5.0886577,26.4,0.000
2026-09-17,11:16:59.000,50.4176927,-5.0886557,26.2,0.000
2026-09-17,11:17:04.000,50.4176928,-5.0886532,26.4,0.000
2026-09-17,11:17:09.000,50.4176929,-5.0886501,26.0,0.000
2026-09-17,11:17:14.000,50.4176929,-5.0886467,26.2,0.000
2026-09-17,11:17:19.000,50.4176930,-5.0886433,26.2,0.000
2026-09-17,11:17:24.000,50.4176930,-5.0886403,26.8,0.000
2026-09-17,11:17:29.000,50.4176931,-5.0886391,26.2,0.000
2026-09-17,11:17:34.000,50.4176947,-5.0886371,26.0,0.000
2026-09-17,11:17:39.000,50.4177211,-5.0886184,26.0,0.000
2026-09-17,11:17:44.000,50.4177568,-5.0885724,25.8,1.026
2026-09-17,11:17:49.000,50.4177753,-5.0885218,25.4,0.970
2026-09-17,11:17:54.000,50.4178002,-5.0884634,24.8,1.138
2026-09-17,11:17:59.000,50.4178289,-5.0884129,23.8,1.120
2026-09-17,11:18:04.000,50.4178728,-5.0883619,23.0,1.082
2026-09-17,11:18:09.000,50.4179128,-5.0882956,23.0,1.157
2026-09-17,11:18:14.000,50.4179504,-5.0882290,22.0,1.241
2026-09-17,11:18:19.000,50.4179965,-5.0881736,20.6,1.241
2026-09-17,11:18:24.000,50.4180366,-5.0881186,19.8,1.250
2026-09-17,11:18:29.000,50.4180641,-5.0880755,19.4,1.260
2026-09-17,11:18:34.000,50.4180898,-5.0880228,18.6,1.213
2026-09-17,11:18:39.000,50.4181105,-5.0879769,18.0,1.194
2026-09-17,11:18:44.000,50.4181316,-5.0879436,17.8,1.166
2026-09-17,11:18:49.000,50.4181542,-5.0879114,17.8,0.961
2026-09-17,11:18:54.000,50.4181788,-5.0878536,18.2,1.092
2026-09-17,11:18:59.000,50.4182065,-5.0878172,18.0,0.924
2026-09-17,11:19:04.000,50.4182407,-5.0877950,18.6,0.961
2026-09-17,11:19:09.000,50.4182863,-5.0877733,19.2,0.905
2026-09-17,11:19:14.000,50.4183409,-5.0877602,19.4,0.905
2026-09-17,11:19:19.000,50.4184016,-5.0877535,20.0,1.008
2026-09-17,11:19:24.000,50.4184623,-5.0877423,20.6,1.101
2026-09-17,11:19:29.000,50.4185108,-5.0877303,20.8,1.185
2026-09-17,11:19:34.000,50.4185650,-5.0877162,21.2,1.138
2026-09-17,11:19:39.000,50.4186141,-5.0877067,21.0,1.166
2026-09-17,11:19:44.000,50.4186596,-5.0876913,21.0,1.138
2026-09-17,11:19:49.000,50.4187078,-5.0876715,20.6,1.101
2026-09-17,11:19:54.000,50.4187610,-5.0876429,20.2,1.120
2026-09-17,11:19:59.000,50.4187989,-5.0875832,20.2,1.157
2026-09-17,11:20:04.000,50.4188290,-5.0875335,19.4,1.166
2026-09-17,11:20:09.000,50.4188527,-5.0875126,18.6,1.101
2026-09-17,11:20:14.000,50.4188862,-5.0874849,18.4,0.914
2026-09-17,11:20:19.000,50.4188970,-5.0874718,17.6,0.616
2026-09-17,11:20:24.000,50.4189038,-5.0874451,18.2,0.000
2026-09-17,11:20:29.000,50.4189040,-5.0874445,17.2,0.000
2026-09-17,11:20:34.000,50.4189001,-5.0874364,17.6,0.000
2026-09-17,11:20:39.000,50.4188903,-5.0873998,17.4,0.000
2026-09-17,11:20:44.000,50.4188893,-5.0873972,17.4,0.000
2026-09-17,11:20:49.000,50.4188890,-5.0873964,16.8,0.000
2026-09-17,11:20:54.000,50.4188867,-5.0873965,17.2,0.000
2026-09-17,11:20:59.000,50.4188854,-5.0873961,17.8,0.000
2026-09-17,11:21:04.000,50.4188846,-5.0873955,17.6,0.000
2026-09-17,11:21:09.000,50.4188841,-5.0873950,17.0,0.000
2026-09-17,11:21:14.000,50.4188836,-5.0873947,17.0,0.000
2026-09-17,11:21:19.000,50.4188832,-5.0873980,16.8,0.000
2026-09-17,11:21:24.000,50.4188687,-5.0874383,17.0,0.000
2026-09-17,11:21:29.000,50.4188339,-5.0874814,18.0,0.532
2026-09-17,11:21:34.000,50.4187936,-5.0875288,18.2,1.054
2026-09-17,11:21:39.000,50.4187710,-5.0875839,19.8,1.054
2026-09-17,11:21:44.000,50.4187419,-5.0876317,19.6,1.008
2026-09-17,11:21:49.000,50.4186946,-5.0876530,20.4,1.045
2026-09-17,11:21:54.000,50.4186423,-5.0876673,21.4,1.120
2026-09-17,11:21:59.000,50.4185831,-5.0876774,21.0,1.166
2026-09-17,11:22:04.000,50.4185305,-5.0876928,21.0,1.194
2026-09-17,11:22:09.000,50.4184743,-5.0877125,21.4,1.232
2026-09-17,11:22:14.000,50.4184175,-5.0877265,20.6,1.260
2026-09-17,11:22:19.000,50.4183595,-5.0877388,20.6,1.260
2026-09-17,11:22:24.000,50.4183038,-5.0877545,19.8,1.306
2026-09-17,11:22:29.000,50.4182464,-5.0877722,19.2,1.306
2026-09-17,11:22:34.000,50.4181987,-5.0877952,18.6,1.297
2026-09-17,11:22:39.000,50.4181680,-5.0878213,18.4,1.241
2026-09-17,11:22:44.000,50.4181433,-5.0878688,18.2,1.073
2026-09-17,11:22:49.000,50.4181148,-5.0879394,18.4,1.213
2026-09-17,11:22:54.000,50.4180770,-5.0880072,18.0,1.222
2026-09-17,11:22:59.000,50.4180373,-5.0880642,19.0,1.222
2026-09-17,11:23:04.000,50.4179988,-5.0881176,19.8,1.213
2026-09-17,11:23:09.000,50.4179614,-5.0881756,20.0,1.204
2026-09-17,11:23:14.000,50.4179255,-5.0882365,21.0,1.204
2026-09-17,11:23:19.000,50.4178862,-5.0883051,22.2,1.176
2026-09-17,11:23:24.000,50.4178481,-5.0883654,22.6,1.222
2026-09-17,11:23:29.000,50.4178160,-5.0884242,23.2,1.222
2026-09-17,11:23:34.000,50.4177826,-5.0884843,23.8,1.222
2026-09-17,11:23:39.000,50.4177488,-5.0885576,24.4,1.213
2026-09-17,11:23:44.000,50.4177196,-5.0886173,24.6,1.213
2026-09-17,11:23:49.000,50.4176970,-5.0886847,25.8,1.185
2026-09-17,11:23:54.000,50.4176687,-5.0887573,26.4,1.166
2026-09-17,11:23:59.000,50.4176330,-5.0888027,27.0,1.176
2026-09-17,11:24:04.000,50.4175941,-5.0888446,27.8,1.138
2026-09-17,11:24:09.000,50.4175490,-5.0888797,28.4,1.110
2026-09-17,11:24:14.000,50.4175034,-5.0889214,29.0,1.073
2026-09-17,11:24:19.000,50.4174564,-5.0889648,29.4,1.101
2026-09-17,11:24:24.000,50.4174224,-5.0889646,29.4,1.092
2026-09-17,11:24:29.000,50.4174017,-5.0889615,29.6,1.008
2026-09-17,11:24:34.000,50.4174010,-5.0889603,29.8,0.000
2026-09-17,11:24:39.000,50.4174013,-5.0889587,29.6,0.000
2026-09-17,11:24:44.000,50.4174012,-5.0889584,29.6,0.000
2026-09-17,11:24:49.000,50.4173954,-5.0889674,29.6,0.000
2026-09-17,11:24:54.000,50.4173829,-5.0890206,29.6,0.000
2026-09-17,11:24:59.000,50.4173947,-5.0890861,30.0,0.308
2026-09-17,11:25:04.000,50.4174176,-5.0891480,30.4,0.261
2026-09-17,11:25:09.000,50.4174290,-5.0891947,30.6,0.000
2026-09-17,11:25:14.000,50.4174647,-5.0892605,30.6,0.224
2026-09-17,11:25:19.000,50.4175046,-5.0892976,30.8,1.185
2026-09-17,11:25:24.000,50.4175357,-5.0893035,30.8,0.858
2026-09-17,11:25:29.000,50.4175692,-5.0893529,30.8,0.868
2026-09-17,11:25:34.000,50.4176272,-5.0893780,31.6,1.008
2026-09-17,11:25:39.000,50.4176874,-5.0893995,31.8,1.120
2026-09-17,11:25:44.000,50.4177334,-5.0894277,31.8,1.269
2026-09-17,11:25:49.000,50.4177882,-5.0894608,32.2,1.232
2026-09-17,11:25:54.000,50.4178493,-5.0895055,32.0,1.222
2026-09-17,11:25:59.000,50.4179026,-5.0895401,31.4,1.344
2026-09-17,11:26:04.000,50.4179615,-5.0895494,31.2,1.288
2026-09-17,11:26:09.000,50.4180220,-5.0895245,31.4,1.325
2026-09-17,11:26:14.000,50.4180761,-5.0894680,31.8,1.316
2026-09-17,11:26:19.000,50.4181268,-5.0894099,32.2,1.362
2026-09-17,11:26:24.000,50.4181704,-5.0893383,32.6,1.344
2026-09-17,11:26:29.000,50.4182045,-5.0892638,32.4,1.334
2026-09-17,11:26:34.000,50.4182418,-5.0891992,32.0,1.325
2026-09-17,11:26:39.000,50.4182916,-5.0891393,31.8,1.344
2026-09-17,11:26:44.000,50.4183387,-5.0890843,32.0,1.353
2026-09-17,11:26:49.000,50.4183873,-5.0890251,32.2,1.325
2026-09-17,11:26:54.000,50.4184295,-5.0889683,32.2,1.334
2026-09-17,11:26:59.000,50.4184774,-5.0889104,33.2,1.325
2026-09-17,11:27:04.000,50.4185303,-5.0888457,33.8,1.344
2026-09-17,11:27:09.000,50.4185712,-5.0887776,34.4,1.353
2026-09-17,11:27:14.000,50.4186189,-5.0887109,34.6,1.344
2026-09-17,11:27:19.000,50.4186648,-5.0886434,35.2,1.353
2026-09-17,11:27:24.000,50.4186987,-5.0885775,34.8,1.353
2026-09-17,11:27:29.000,50.4187147,-5.0884907,35.0,1.334
2026-09-17,11:27:34.000,50.4187473,-5.0884250,35.0,1.325
2026-09-17,11:27:39.000,50.4187810,-5.0883441,35.4,1.334
2026-09-17,11:27:44.000,50.4188053,-5.0882899,34.8,1.344
2026-09-17,11:27:49.000,50.4188196,-5.0882311,35.0,1.288
2026-09-17,11:27:54.000,50.4188313,-5.0882242,35.4,0.765
2026-09-17,11:27:59.000,50.4188478,-5.0882005,35.4,0.355
2026-09-17,11:28:04.000,50.4188700,-5.0881740,35.8,0.000
2026-09-17,11:28:09.000,50.4189141,-5.0881118,33.8,1.390
2026-09-17,11:28:14.000,50.4189536,-5.0880424,34.8,1.325
2026-09-17,11:28:19.000,50.4189914,-5.0879807,34.0,1.185
2026-09-17,11:28:24.000,50.4190311,-5.0879282,33.2,1.288
2026-09-17,11:28:29.000,50.4190747,-5.0878767,32.8,1.222
2026-09-17,11:28:34.000,50.4191113,-5.0878288,31.2,1.129
2026-09-17,11:28:39.000,50.4191481,-5.0878003,31.0,1.204
2026-09-17,11:28:44.000,50.4191933,-5.0877806,30.4,1.138
2026-09-17,11:28:49.000,50.4192270,-5.0877313,28.6,1.101
2026-09-17,11:28:54.000,50.4192471,-5.0876654,28.8,1.092
2026-09-17,11:28:59.000,50.4192616,-5.0876144,27.0,1.101
2026-09-17,11:29:04.000,50.4192634,-5.0876165,27.2,1.064
2026-09-17,11:29:09.000,50.4192594,-5.0876132,27.4,0.970
2026-09-17,11:29:14.000,50.4192586,-5.0876037,26.8,0.000
2026-09-17,11:29:19.000,50.4192572,-5.0876023,27.0,0.000
2026-09-17,11:29:24.000,50.4192783,-5.0876428,27.6,0.000
2026-09-17,11:29:29.000,50.4193090,-5.0876768,27.2,0.233
2026-09-17,11:29:34.000,50.4193410,-5.0877251,27.2,0.849
2026-09-17,11:29:39.000,50.4193593,-5.0877747,28.6,0.980
2026-09-17,11:29:44.000,50.4193875,-5.0878275,29.4,0.933
2026-09-17,11:29:49.000,50.4194170,-5.0878691,30.2,0.952
2026-09-17,11:29:54.000,50.4194611,-5.0879195,31.0,0.924
2026-09-17,11:29:59.000,50.4195092,-5.0879601,32.0,1.092
2026-09-17,11:30:04.000,50.4195238,-5.0879792,32.6,1.138
2026-09-17,11:30:09.000,50.4195236,-5.0879801,33.0,0.000
2026-09-17,11:30:14.000,50.4195280,-5.0879821,32.4,0.000
2026-09-17,11:30:19.000,50.4195601,-5.0880099,32.4,0.000
2026-09-17,11:30:24.000,50.4196035,-5.0880654,32.8,0.774
2026-09-17,11:30:29.000,50.4196359,-5.0881153,33.0,1.017
2026-09-17,11:30:34.000,50.4196801,-5.0881676,34.0,1.148
2026-09-17,11:30:39.000,50.4197193,-5.0882291,34.2,1.213
2026-09-17,11:30:44.000,50.4197566,-5.0882839,35.0,1.213
2026-09-17,11:30:49.000,50.4197824,-5.0883363,35.4,1.110
2026-09-17,11:30:54.000,50.4198098,-5.0883881,35.8,1.008
2026-09-17,11:30:59.000,50.4198476,-5.0884254,36.2,0.989
2026-09-17,11:31:04.000,50.4198908,-5.0884727,36.6,1.054
2026-09-17,11:31:09.000,50.4199316,-5.0885274,36.0,1.110
2026-09-17,11:31:14.000,50.4199771,-5.0885792,38.0,1.101
2026-09-17,11:31:19.000,50.4200286,-5.0886234,38.2,1.120
2026-09-17,11:31:24.000,50.4200731,-5.0886703,38.4,1.148
2026-09-17,11:31:29.000,50.4201111,-5.0887126,38.8,1.166
2026-09-17,11:31:34.000,50.4201452,-5.0887579,39.2,1.148
2026-09-17,11:31:39.000,50.4201703,-5.0888075,39.6,1.129
2026-09-17,11:31:44.000,50.4201686,-5.0888647,40.6,1.092
2026-09-17,11:31:49.000,50.4201924,-5.0889252,41.8,1.064
2026-09-17,11:31:54.000,50.4202200,-5.0889591,42.0,1.045
2026-09-17,11:31:59.000,50.4202227,-5.0889607,42.0,0.914
2026-09-17,11:32:04.000,50.4202225,-5.0889604,41.8,0.000
2026-09-17,11:32:09.000,50.4202219,-5.0889593,41.4,0.000
2026-09-17,11:32:14.000,50.4202211,-5.0889578,41.4,0.000
2026-09-17,11:32:19.000,50.4202202,-5.0889560,41.2,0.000
2026-09-17,11:32:24.000,50.4202194,-5.0889541,41.2,0.000
2026-09-17,11:32:29.000,50.4202185,-5.0889523,40.6,0.000
2026-09-17,11:32:34.000,50.4202180,-5.0889511,41.4,0.000
2026-09-17,11:32:39.000,50.4202192,-5.0889521,41.2,0.000
2026-09-17,11:32:44.000,50.4202378,-5.0889840,41.6,0.000
2026-09-17,11:32:49.000,50.4202572,-5.0889993,41.8,0.000
2026-09-17,11:32:54.000,50.4202651,-5.0889781,40.6,0.000
2026-09-17,11:32:59.000,50.4202946,-5.0889669,40.4,0.000
2026-09-17,11:33:04.000,50.4203099,-5.0889293,41.2,0.000
2026-09-17,11:33:09.000,50.4202973,-5.0889289,42.2,0.000
2026-09-17,11:33:14.000,50.4202970,-5.0889331,41.4,0.000
2026-09-17,11:33:19.000,50.4202969,-5.0889332,41.8,0.000
2026-09-17,11:33:24.000,50.4202987,-5.0889267,41.6,0.000
2026-09-17,11:33:29.000,50.4203128,-5.0888889,41.2,0.000
2026-09-17,11:33:34.000,50.4203111,-5.0888653,41.4,0.000
2026-09-17,11:33:39.000,50.4202961,-5.0888602,41.6,0.000
2026-09-17,11:33:44.000,50.4202558,-5.0888760,40.6,0.000
2026-09-17,11:33:49.000,50.4202171,-5.0888947,41.0,1.101
2026-09-17,11:33:54.000,50.4202110,-5.0888960,40.6,0.840
2026-09-17,11:33:59.000,50.4202108,-5.0888962,40.2,0.588
2026-09-17,11:34:04.000,50.4202113,-5.0888970,40.4,0.532
2026-09-17,11:34:09.000,50.4202125,-5.0888958,40.4,0.485
2026-09-17,11:34:14.000,50.4202121,-5.0888946,40.0,0.000
2026-09-17,11:34:19.000,50.4202117,-5.0888936,40.0,0.000
2026-09-17,11:34:24.000,50.4202110,-5.0888930,39.6,0.000
2026-09-17,11:34:29.000,50.4201981,-5.0888976,39.4,0.000
2026-09-17,11:34:34.000,50.4201770,-5.0889085,39.6,0.000
2026-09-17,11:34:39.000,50.4201759,-5.0889112,38.8,0.000
2026-09-17,11:34:44.000,50.4201779,-5.0889552,38.6,0.000
2026-09-17,11:34:49.000,50.4201858,-5.0890115,39.2,0.737
2026-09-17,11:34:54.000,50.4202023,-5.0889833,40.6,0.000
2026-09-17,11:34:59.000,50.4202235,-5.0889307,41.2,1.148
2026-09-17,11:35:04.000,50.4202223,-5.0889933,40.4,0.280
2026-09-17,11:35:09.000,50.4202246,-5.0890294,41.2,1.334
2026-09-17,11:35:14.000,50.4202135,-5.0890604,40.0,0.000
2026-09-17,11:35:19.000,50.4202194,-5.0890795,40.4,0.000
2026-09-17,11:35:24.000,50.4202241,-5.0890867,39.4,0.000
2026-09-17,11:35:29.000,50.4202302,-5.0890514,40.2,0.000
2026-09-17,11:35:34.000,50.4202481,-5.0890364,40.6,0.000
2026-09-17,11:35:39.000,50.4202714,-5.0890757,39.0,0.364
2026-09-17,11:35:44.000,50.4202910,-5.0891142,39.2,1.138
2026-09-17,11:35:49.000,50.4203040,-5.0891727,40.0,0.000
2026-09-17,11:35:54.000,50.4203125,-5.0892538,38.2,1.325
2026-09-17,11:35:59.000,50.4203174,-5.0892961,38.8,1.437
2026-09-17,11:36:04.000,50.4203164,-5.0892913,39.8,0.924
2026-09-17,11:36:09.000,50.4203159,-5.0892914,38.6,0.746
2026-09-17,11:36:14.000,50.4203147,-5.0892987,38.8,0.644
2026-09-17,11:36:19.000,50.4203231,-5.0893685,38.2,0.849
2026-09-17,11:36:24.000,50.4203278,-5.0894301,37.8,1.232
2026-09-17,11:36:29.000,50.4203265,-5.0895033,37.8,0.989
2026-09-17,11:36:34.000,50.4203115,-5.0895877,37.4,1.353
2026-09-17,11:36:39.000,50.4202901,-5.0896768,37.0,1.446
2026-09-17,11:36:44.000,50.4202720,-5.0897615,36.6,1.456
2026-09-17,11:36:49.000,50.4202497,-5.0898387,37.2,1.456
2026-09-17,11:36:54.000,50.4202284,-5.0899195,36.6,1.428
2026-09-17,11:36:59.000,50.4202059,-5.0900102,37.0,1.400
2026-09-17,11:37:04.000,50.4201823,-5.0901002,37.2,1.418
2026-09-17,11:37:09.000,50.4201651,-5.0901795,37.8,1.428
2026-09-17,11:37:14.000,50.4201586,-5.0902564,38.4,1.390
2026-09-17,11:37:19.000,50.4201519,-5.0903342,36.6,1.390
2026-09-17,11:37:24.000,50.4201505,-5.0903502,38.0,1.288
2026-09-17,11:37:29.000,50.4201499,-5.0903541,37.8,0.000
2026-09-17,11:37:34.000,50.4201413,-5.0904131,38.2,0.000
2026-09-17,11:37:39.000,50.4201202,-5.0904945,38.0,1.129
2026-09-17,11:37:44.000,50.4201079,-5.0905829,38.0,1.390
2026-09-17,11:37:49.000,50.4200947,-5.0906814,38.0,1.409
2026-09-17,11:37:54.000,50.4200740,-5.0907629,38.6,1.428
2026-09-17,11:37:59.000,50.4200617,-5.0908392,39.8,1.409
2026-09-17,11:38:04.000,50.4200499,-5.0909326,39.2,1.316
2026-09-17,11:38:09.000,50.4200398,-5.0910316,40.6,1.418
2026-09-17,11:38:14.000,50.4200250,-5.0911174,41.6,1.465
2026-09-17,11:38:19.000,50.4200102,-5.0911977,41.0,1.381
2026-09-17,11:38:24.000,50.4200056,-5.0912831,41.2,1.372
2026-09-17,11:38:29.000,50.4200123,-5.0913619,42.2,1.344
2026-09-17,11:38:34.000,50.4200240,-5.0914609,40.6,1.288
2026-09-17,11:38:39.000,50.4200372,-5.0915369,39.4,1.316
2026-09-17,11:38:44.000,50.4200434,-5.0916233,40.0,1.288
2026-09-17,11:38:49.000,50.4200431,-5.0917154,38.8,1.297
2026-09-17,11:38:54.000,50.4200489,-5.0917977,39.2,1.306
2026-09-17,11:38:59.000,50.4200541,-5.0918841,38.8,1.288
2026-09-17,11:39:04.000,50.4200601,-5.0919793,38.0,1.297
2026-09-17,11:39:09.000,50.4200644,-5.0920786,36.6,1.297
2026-09-17,11:39:14.000,50.4200743,-5.0921546,36.0,1.306
2026-09-17,11:39:19.000,50.4200998,-5.0922052,35.6,1.269
2026-09-17,11:39:24.000,50.4201313,-5.0922769,35.2,1.250
2026-09-17,11:39:29.000,50.4201496,-5.0923364,35.0,1.241
2026-09-17,11:39:34.000,50.4201765,-5.0923907,34.0,1.204
2026-09-17,11:39:39.000,50.4201907,-5.0924448,32.2,1.194
2026-09-17,11:39:44.000,50.4202064,-5.0925000,31.6,1.064
2026-09-17,11:39:49.000,50.4202266,-5.0925813,31.4,1.026
2026-09-17,11:39:54.000,50.4202453,-5.0926654,31.2,1.204
2026-09-17,11:39:59.000,50.4202550,-5.0927455,30.6,1.288
2026-09-17,11:40:04.000,50.4202682,-5.0928351,30.2,1.204
2026-09-17,11:40:09.000,50.4202806,-5.0929177,29.8,1.213
2026-09-17,11:40:14.000,50.4202948,-5.0930169,28.6,1.241
2026-09-17,11:40:19.000,50.4203040,-5.0930944,28.2,1.269
2026-09-17,11:40:24.000,50.4203046,-5.0931305,27.6,1.241
2026-09-17,11:40:29.000,50.4203026,-5.0931299,26.8,0.961
2026-09-17,11:40:34.000,50.4203099,-5.0931538,27.2,0.000
2026-09-17,11:40:39.000,50.4203314,-5.0932409,26.8,1.493
2026-09-17,11:40:44.000,50.4203497,-5.0933347,26.8,1.409
2026-09-17,11:40:49.000,50.4203691,-5.0934195,26.4,1.372
2026-09-17,11:40:54.000,50.4203777,-5.0935164,25.2,1.297
2026-09-17,11:40:59.000,50.4203941,-5.0936001,26.0,1.353
2026-09-17,11:41:04.000,50.4204214,-5.0936812,26.2,1.325
2026-09-17,11:41:09.000,50.4204402,-5.0937626,26.0,1.390
2026-09-17,11:41:14.000,50.4204421,-5.0937865,25.0,1.185
2026-09-17,11:41:19.000,50.4204427,-5.0937919,23.8,0.000
2026-09-17,11:41:24.000,50.4204660,-5.0938302,23.4,0.000
2026-09-17,11:41:29.000,50.4204770,-5.0938587,24.4,0.000
2026-09-17,11:41:34.000,50.4204992,-5.0939019,23.2,0.224
2026-09-17,11:41:39.000,50.4205004,-5.0939028,23.0,0.560
2026-09-17,11:41:44.000,50.4204995,-5.0939015,23.2,0.000
2026-09-17,11:41:49.000,50.4204978,-5.0938992,23.2,0.000
2026-09-17,11:41:54.000,50.4204967,-5.0938980,22.8,0.000
2026-09-17,11:41:59.000,50.4205001,-5.0939068,22.6,0.000
2026-09-17,11:42:04.000,50.4205357,-5.0939852,22.4,0.000
2026-09-17,11:42:09.000,50.4205666,-5.0940302,22.0,1.372
2026-09-17,11:42:14.000,50.4206023,-5.0941045,21.8,1.194
2026-09-17,11:42:19.000,50.4206393,-5.0941867,23.0,1.297
2026-09-17,11:42:24.000,50.4206769,-5.0942617,22.4,1.381
2026-09-17,11:42:29.000,50.4207146,-5.0943390,22.6,1.325
2026-09-17,11:42:34.000,50.4207512,-5.0944110,23.0,1.381
2026-09-17,11:42:39.000,50.4207875,-5.0944757,22.2,1.381
2026-09-17,11:42:44.000,50.4208291,-5.0945472,21.8,1.325
2026-09-17,11:42:49.000,50.4208639,-5.0946094,21.8,1.316
2026-09-17,11:42:54.000,50.4209056,-5.0946808,21.8,1.278
2026-09-17,11:42:59.000,50.4209478,-5.0947575,21.8,1.306
2026-09-17,11:43:04.000,50.4209950,-5.0948301,21.6,1.325
2026-09-17,11:43:09.000,50.4210361,-5.0949038,21.6,1.334
2026-09-17,11:43:14.000,50.4210727,-5.0949775,21.6,1.372
2026-09-17,11:43:19.000,50.4211050,-5.0950552,21.8,1.344
2026-09-17,11:43:24.000,50.4211400,-5.0951392,21.8,1.362
2026-09-17,11:43:29.000,50.4211719,-5.0952181,22.2,1.372
2026-09-17,11:43:34.000,50.4212122,-5.0952885,23.0,1.372
2026-09-17,11:43:39.000,50.4212585,-5.0953627,22.8,1.390
2026-09-17,11:43:44.000,50.4213006,-5.0954480,22.6,1.390
2026-09-17,11:43:49.000,50.4213472,-5.0955159,23.0,1.409
2026-09-17,11:43:54.000,50.4213944,-5.0955713,22.4,1.418
2026-09-17,11:43:59.000,50.4214472,-5.0956234,22.4,1.409
2026-09-17,11:44:04.000,50.4215000,-5.0956826,22.4,1.409
2026-09-17,11:44:09.000,50.4215498,-5.0957453,21.8,1.390
2026-09-17,11:44:14.000,50.4215973,-5.0958249,21.2,1.418
2026-09-17,11:44:19.000,50.4216431,-5.0958855,20.8,1.428
2026-09-17,11:44:24.000,50.4216895,-5.0959589,21.0,1.418
2026-09-17,11:44:29.000,50.4217332,-5.0960276,20.6,1.428
2026-09-17,11:44:34.000,50.4217808,-5.0960939,19.8,1.418
2026-09-17,11:44:39.000,50.4218326,-5.0961614,19.6,1.418
2026-09-17,11:44:44.000,50.4218802,-5.0962247,19.6,1.418
2026-09-17,11:44:49.000,50.4219315,-5.0962891,19.2,1.428
2026-09-17,11:44:54.000,50.4219769,-5.0963566,19.2,1.409
2026-09-17,11:44:59.000,50.4220216,-5.0964341,19.0,1.409
2026-09-17,11:45:04.000,50.4220626,-5.0965075,19.0,1.409
2026-09-17,11:45:09.000,50.4221004,-5.0965900,19.2,1.418
2026-09-17,11:45:14.000,50.4221296,-5.0966683,19.2,1.418
2026-09-17,11:45:19.000,50.4221558,-5.0967575,19.2,1.390
2026-09-17,11:45:24.000,50.4221720,-5.0968399,19.4,1.390
2026-09-17,11:45:29.000,50.4221818,-5.0969264,19.6,1.372
2026-09-17,11:45:34.000,50.4221951,-5.0970005,18.4,1.362
2026-09-17,11:45:39.000,50.4222240,-5.0970539,17.6,1.306
2026-09-17,11:45:44.000,50.4222510,-5.0970537,18.2,1.241
2026-09-17,11:45:49.000,50.4222820,-5.0970396,17.8,1.036
2026-09-17,11:45:54.000,50.4222916,-5.0970420,16.8,0.597
2026-09-17,11:45:59.000,50.4222962,-5.0970474,17.2,0.000
2026-09-17,11:46:04.000,50.4222993,-5.0970487,17.4,0.000
2026-09-17,11:46:09.000,50.4223434,-5.0970542,17.6,0.000
2026-09-17,11:46:14.000,50.4223991,-5.0970375,18.0,1.297
2026-09-17,11:46:19.000,50.4224524,-5.0970320,17.6,1.204
2026-09-17,11:46:24.000,50.4225156,-5.0970317,17.2,1.260
2026-09-17,11:46:29.000,50.4225697,-5.0970332,17.6,1.306
2026-09-17,11:46:34.000,50.4226279,-5.0970536,17.2,1.250
2026-09-17,11:46:39.000,50.4226775,-5.0970533,15.8,1.288
2026-09-17,11:46:44.000,50.4227291,-5.0970503,15.2,1.101
2026-09-17,11:46:49.000,50.4227401,-5.0970508,14.2,1.045
2026-09-17,11:46:54.000,50.4227447,-5.0970511,15.0,0.000
2026-09-17,11:46:59.000,50.4227837,-5.0970564,15.8,0.000
2026-09-17,11:47:04.000,50.4228255,-5.0970692,14.8,0.700
2026-09-17,11:47:09.000,50.4228745,-5.0970909,14.6,0.812
2026-09-17,11:47:14.000,50.4229111,-5.0971629,15.6,1.288
2026-09-17,11:47:19.000,50.4229700,-5.0972104,15.0,1.372
2026-09-17,11:47:24.000,50.4230315,-5.0972310,15.0,1.334
2026-09-17,11:47:29.000,50.4230945,-5.0972538,14.2,1.428
2026-09-17,11:47:34.000,50.4231517,-5.0972968,14.0,1.344
2026-09-17,11:47:39.000,50.4232153,-5.0973404,14.2,1.493
2026-09-17,11:47:44.000,50.4232739,-5.0973846,14.8,1.409
2026-09-17,11:47:49.000,50.4233365,-5.0974304,14.4,1.437
2026-09-17,11:47:54.000,50.4233877,-5.0974741,15.0,1.446
2026-09-17,11:47:59.000,50.4234470,-5.0975106,15.8,1.418
2026-09-17,11:48:04.000,50.4234985,-5.0975511,12.8,1.400
2026-09-17,11:48:09.000,50.4235599,-5.0975830,12.6,1.400
2026-09-17,11:48:14.000,50.4236160,-5.0976120,12.6,1.362
2026-09-17,11:48:19.000,50.4236654,-5.0976469,12.6,1.344
2026-09-17,11:48:24.000,50.4237143,-5.0976830,13.4,1.316
2026-09-17,11:48:29.000,50.4237446,-5.0977120,13.2,1.278
2026-09-17,11:48:34.000,50.4237460,-5.0977155,13.2,0.000
2026-09-17,11:48:39.000,50.4237653,-5.0977227,12.8,0.457
2026-09-17,11:48:44.000,50.4237564,-5.0977263,12.6,0.000
2026-09-17,11:48:49.000,50.4237470,-5.0977268,12.6,0.000
2026-09-17,11:48:54.000,50.4237508,-5.0977294,12.0,0.000
2026-09-17,11:48:59.000,50.4237555,-5.0977303,11.8,0.000
2026-09-17,11:49:04.000,50.4237638,-5.0977341,12.4,0.000
2026-09-17,11:49:09.000,50.4237697,-5.0977315,12.4,0.000
2026-09-17,11:49:14.000,50.4237450,-5.0977189,12.4,0.000
2026-09-17,11:49:19.000,50.4237052,-5.0976672,13.6,0.485
2026-09-17,11:49:24.000,50.4236488,-5.0976262,13.4,1.316
2026-09-17,11:49:29.000,50.4235976,-5.0975868,13.2,1.288
2026-09-17,11:49:34.000,50.4235429,-5.0975609,13.6,1.465
2026-09-17,11:49:39.000,50.4235022,-5.0975381,13.8,1.362
2026-09-17,11:49:44.000,50.4234840,-5.0975315,13.8,1.232
2026-09-17,11:49:49.000,50.4234816,-5.0975314,13.4,0.000
2026-09-17,11:49:54.000,50.4234799,-5.0975312,12.2,0.000
2026-09-17,11:49:59.000,50.4234746,-5.0975293,12.2,0.000
2026-09-17,11:50:04.000,50.4234388,-5.0974987,13.6,0.000
2026-09-17,11:50:09.000,50.4233861,-5.0974551,15.0,1.120
2026-09-17,11:50:14.000,50.4233272,-5.0974299,14.2,1.250
2026-09-17,11:50:19.000,50.4232768,-5.0974113,13.8,1.428
2026-09-17,11:50:24.000,50.4232240,-5.0974102,14.2,1.297
2026-09-17,11:50:29.000,50.4231588,-5.0973893,15.4,1.278
2026-09-17,11:50:34.000,50.4231026,-5.0973552,15.0,1.334
2026-09-17,11:50:39.000,50.4230497,-5.0973283,16.0,1.344
2026-09-17,11:50:44.000,50.4229949,-5.0972922,15.4,1.297
2026-09-17,11:50:49.000,50.4229414,-5.0972426,15.4,1.334
2026-09-17,11:50:54.000,50.4228932,-5.0972023,15.0,1.316
2026-09-17,11:50:59.000,50.4228402,-5.0971768,15.4,1.316
2026-09-17,11:51:04.000,50.4227826,-5.0971717,15.2,1.316
2026-09-17,11:51:09.000,50.4227234,-5.0971804,15.4,1.306
2026-09-17,11:51:14.000,50.4226864,-5.0972342,16.4,1.334
2026-09-17,11:51:19.000,50.4226433,-5.0972719,17.8,1.232
2026-09-17,11:51:24.000,50.4225908,-5.0973077,19.0,1.222
2026-09-17,11:51:29.000,50.4225406,-5.0973427,20.8,1.232
2026-09-17,11:51:34.000,50.4224821,-5.0973812,20.4,1.204
2026-09-17,11:51:39.000,50.4224193,-5.0974263,21.6,1.222
2026-09-17,11:51:44.000,50.4223687,-5.0974729,22.8,1.269
2026-09-17,11:51:49.000,50.4223202,-5.0975225,20.4,1.297
2026-09-17,11:51:54.000,50.4222931,-5.0975828,20.6,1.288
2026-09-17,11:51:59.000,50.4222563,-5.0976512,22.6,1.260
2026-09-17,11:52:04.000,50.4222134,-5.0977183,21.2,1.241
2026-09-17,11:52:09.000,50.4221722,-5.0977711,21.0,1.288
2026-09-17,11:52:14.000,50.4221109,-5.0978215,22.4,1.269
2026-09-17,11:52:19.000,50.4220546,-5.0978500,20.0,1.288
2026-09-17,11:52:24.000,50.4219986,-5.0978785,19.2,1.297
2026-09-17,11:52:29.000,50.4219419,-5.0979119,20.0,1.316
2026-09-17,11:52:34.000,50.4218951,-5.0979272,20.8,1.316
2026-09-17,11:52:39.000,50.4218360,-5.0979371,20.6,1.288
2026-09-17,11:52:44.000,50.4217682,-5.0979405,20.6,1.269
2026-09-17,11:52:49.000,50.4217125,-5.0979431,19.0,1.297
2026-09-17,11:52:54.000,50.4216919,-5.0979515,18.6,1.278
2026-09-17,11:52:59.000,50.4216906,-5.0979519,18.0,0.000
2026-09-17,11:53:04.000,50.4216886,-5.0979508,18.6,0.000
2026-09-17,11:53:09.000,50.4216867,-5.0979504,18.4,0.000
2026-09-17,11:53:14.000,50.4216869,-5.0979532,18.2,0.000
2026-09-17,11:53:19.000,50.4216814,-5.0979553,18.4,0.000
2026-09-17,11:53:24.000,50.4216497,-5.0979369,17.8,0.000
2026-09-17,11:53:29.000,50.4215924,-5.0979067,17.6,1.073
2026-09-17,11:53:34.000,50.4215369,-5.0978687,18.2,1.241
2026-09-17,11:53:39.000,50.4214752,-5.0978380,18.2,1.278
2026-09-17,11:53:44.000,50.4214172,-5.0978277,18.4,1.325
2026-09-17,11:53:49.000,50.4213658,-5.0978135,18.0,1.260
2026-09-17,11:53:54.000,50.4213047,-5.0978004,18.4,1.213
2026-09-17,11:53:59.000,50.4212410,-5.0977971,18.4,1.250
2026-09-17,11:54:04.000,50.4211798,-5.0978149,17.8,1.306
2026-09-17,11:54:09.000,50.4211183,-5.0978453,17.0,1.325
2026-09-17,11:54:14.000,50.4210618,-5.0978646,17.2,1.390
2026-09-17,11:54:19.000,50.4210291,-5.0978964,17.2,1.269
2026-09-17,11:54:24.000,50.4210247,-5.0979022,17.0,1.036
2026-09-17,11:54:29.000,50.4210162,-5.0979097,17.2,0.000
2026-09-17,11:54:34.000,50.4209996,-5.0979245,17.8,0.000
2026-09-17,11:54:39.000,50.4209665,-5.0979849,17.8,0.746
2026-09-17,11:54:44.000,50.4209673,-5.0980366,16.6,1.166
2026-09-17,11:54:49.000,50.4209954,-5.0980484,17.2,0.774
2026-09-17,11:54:54.000,50.4210084,-5.0980423,14.4,0.765
2026-09-17,11:54:59.000,50.4210125,-5.0980336,14.0,0.634
2026-09-17,11:55:04.000,50.4210290,-5.0980105,14.0,0.000
2026-09-17,11:55:09.000,50.4210562,-5.0980045,12.0,0.000
2026-09-17,11:55:14.000,50.4210751,-5.0980434,12.0,1.092
2026-09-17,11:55:19.000,50.4210867,-5.0980765,11.6,1.026
2026-09-17,11:55:24.000,50.4211032,-5.0980718,10.0,0.858
2026-09-17,11:55:29.000,50.4211372,-5.0980990,9.0,0.849
2026-09-17,11:55:34.000,50.4211542,-5.0981323,7.6,0.952
2026-09-17,11:55:39.000,50.4211634,-5.0981559,6.6,0.756
2026-09-17,11:55:44.000,50.4211742,-5.0981752,6.2,0.000
2026-09-17,11:55:49.000,50.4211767,-5.0982261,6.0,0.000
2026-09-17,11:55:54.000,50.4211581,-5.0982704,4.8,0.261
2026-09-17,11:55:59.000,50.4211269,-5.0983093,3.6,0.970
2026-09-17,11:56:04.000,50.4211148,-5.0983511,3.8,0.905
2026-09-17,11:56:09.000,50.4211058,-5.0983869,4.8,0.840
2026-09-17,11:56:14.000,50.4211050,-5.0984319,4.8,0.793
2026-09-17,11:56:19.000,50.4211048,-5.0984379,4.0,0.000
2026-09-17,11:56:24.000,50.4211045,-5.0984618,4.2,0.000
2026-09-17,11:56:29.000,50.4210793,-5.0984908,3.6,0.000
2026-09-17,11:56:34.000,50.4210633,-5.0984959,3.6,0.000
2026-09-17,11:56:39.000,50.4210570,-5.0984864,4.2,0.000
2026-09-17,11:56:44.000,50.4210432,-5.0985110,3.8,0.000
2026-09-17,11:56:49.000,50.4210299,-5.0985248,4.2,0.000
2026-09-17,11:56:54.000,50.4210533,-5.0985102,3.8,0.000
2026-09-17,11:56:59.000,50.4210876,-5.0984763,3.4,0.457
2026-09-17,11:57:04.000,50.4210920,-5.0984655,4.2,0.737
2026-09-17,11:57:09.000,50.4210830,-5.0984670,4.2,0.000
2026-09-17,11:57:14.000,50.4210673,-5.0985041,3.8,0.000
2026-09-17,11:57:19.000,50.4210402,-5.0985261,4.0,0.373
2026-09-17,11:57:24.000,50.4210484,-5.0985078,4.0,0.000
2026-09-17,11:57:29.000,50.4210497,-5.0984919,3.8,0.000
2026-09-17,11:57:34.000,50.4210480,-5.0984908,3.6,0.000
2026-09-17,11:57:39.000,50.4210484,-5.0984913,3.8,0.000
2026-09-17,11:57:44.000,50.4210474,-5.0984934,3.6,0.000
2026-09-17,11:57:49.000,50.4210457,-5.0984962,3.6,0.000
2026-09-17,11:57:54.000,50.4210438,-5.0984994,3.6,0.000
2026-09-17,11:57:59.000,50.4210426,-5.0985019,3.6,0.000
2026-09-17,11:58:04.000,50.4210557,-5.0984954,3.8,0.000
2026-09-17,11:58:09.000,50.4210551,-5.0984764,3.2,0.000
2026-09-17,11:58:14.000,50.4210678,-5.0984685,3.2,0.000
2026-09-17,11:58:19.000,50.4210841,-5.0984602,3.4,0.000
2026-09-17,11:58:24.000,50.4210911,-5.0984689,3.8,0.000
2026-09-17,11:58:29.000,50.4210993,-5.0984638,3.4,0.000
2026-09-17,11:58:34.000,50.4210988,-5.0984633,3.6,0.000
2026-09-17,11:58:39.000,50.4210994,-5.0984615,3.6,0.000
2026-09-17,11:58:44.000,50.4211022,-5.0984261,3.8,0.000
2026-09-17,11:58:49.000,50.4211010,-5.0984203,4.0,0.000
2026-09-17,11:58:54.000,50.4210983,-5.0983827,4.2,0.000
2026-09-17,11:58:59.000,50.4210989,-5.0983744,4.6,0.000
2026-09-17,11:59:04.000,50.4211110,-5.0983320,4.4,0.000
2026-09-17,11:59:09.000,50.4211338,-5.0982774,4.0,1.036
2026-09-17,11:59:14.000,50.4211522,-5.0982232,4.0,1.381
2026-09-17,11:59:19.000,50.4211737,-5.0981663,5.0,1.185
2026-09-17,11:59:24.000,50.4211626,-5.0981191,6.0,1.213
2026-09-17,11:59:29.000,50.4211365,-5.0980912,7.0,1.148
2026-09-17,11:59:34.000,50.4211172,-5.0980804,8.2,1.026
2026-09-17,11:59:39.000,50.4211063,-5.0980658,9.2,0.802
2026-09-17,11:59:44.000,50.4210910,-5.0980271,10.6,0.774
2026-09-17,11:59:49.000,50.4210730,-5.0980096,11.8,0.830
2026-09-17,11:59:54.000,50.4210426,-5.0980255,12.8,0.793
2026-09-17,11:59:59.000,50.4210175,-5.0980486,13.8,0.998
2026-09-17,12:00:04.000,50.4209884,-5.0980591,14.8,0.886
2026-09-17,12:00:09.000,50.4209733,-5.0980619,15.8,0.821
2026-09-17,12:00:14.000,50.4209685,-5.0980677,16.4,0.681
2026-09-17,12:00:19.000,50.4209303,-5.0981064,16.0,0.271
2026-09-17,12:00:24.000,50.4208803,-5.0981528,15.0,1.568
2026-09-17,12:00:29.000,50.4208315,-5.0981857,15.0,1.297
2026-09-17,12:00:34.000,50.4207838,-5.0982043,15.0,1.260
2026-09-17,12:00:39.000,50.4207270,-5.0982035,15.8,1.204
2026-09-17,12:00:44.000,50.4206741,-5.0981769,14.4,1.269
2026-09-17,12:00:49.000,50.4206250,-5.0981442,14.2,1.250
2026-09-17,12:00:54.000,50.4205704,-5.0981213,14.6,1.288
2026-09-17,12:00:59.000,50.4205158,-5.0981012,14.2,1.250
2026-09-17,12:01:04.000,50.4204599,-5.0980804,14.0,1.250
2026-09-17,12:01:09.000,50.4204010,-5.0980484,15.0,1.260
2026-09-17,12:01:14.000,50.4203544,-5.0980074,15.0,1.288
2026-09-17,12:01:19.000,50.4202947,-5.0979911,15.0,1.269
2026-09-17,12:01:24.000,50.4202325,-5.0979774,14.6,1.278
2026-09-17,12:01:29.000,50.4201827,-5.0979580,14.4,1.316
2026-09-17,12:01:34.000,50.4201302,-5.0979437,14.2,1.278
2026-09-17,12:01:39.000,50.4200750,-5.0979161,14.2,1.297
2026-09-17,12:01:44.000,50.4200227,-5.0978590,14.2,1.306
2026-09-17,12:01:49.000,50.4199698,-5.0978105,14.0,1.306
2026-09-17,12:01:54.000,50.4199172,-5.0977608,14.2,1.306
2026-09-17,12:01:59.000,50.4198677,-5.0977112,14.0,1.325
2026-09-17,12:02:04.000,50.4198287,-5.0976443,13.6,1.334
2026-09-17,12:02:09.000,50.4197859,-5.0975833,14.2,1.316
2026-09-17,12:02:14.000,50.4197380,-5.0975257,14.4,1.334
2026-09-17,12:02:19.000,50.4196861,-5.0974713,14.6,1.325
2026-09-17,12:02:24.000,50.4196378,-5.0974264,14.6,1.325
2026-09-17,12:02:29.000,50.4195892,-5.0973731,15.0,1.325
2026-09-17,12:02:34.000,50.4195409,-5.0973130,15.2,1.316
2026-09-17,12:02:39.000,50.4194883,-5.0972649,14.0,1.334
2026-09-17,12:02:44.000,50.4194454,-5.0972126,15.6,1.334
2026-09-17,12:02:49.000,50.4194050,-5.0971631,15.0,1.325
2026-09-17,12:02:54.000,50.4193591,-5.0971003,16.2,1.306
2026-09-17,12:02:59.000,50.4193031,-5.0970483,16.2,1.344
2026-09-17,12:03:04.000,50.4192489,-5.0970249,16.6,1.297
2026-09-17,12:03:09.000,50.4191960,-5.0970085,17.4,1.278
2026-09-17,12:03:14.000,50.4191330,-5.0970017,16.8,1.260
2026-09-17,12:03:19.000,50.4191203,-5.0970365,15.4,1.306
2026-09-17,12:03:24.000,50.4190938,-5.0970595,15.8,1.269
2026-09-17,12:03:29.000,50.4190524,-5.0970455,15.0,1.204
2026-09-17,12:03:34.000,50.4189972,-5.0970089,14.6,1.204
2026-09-17,12:03:39.000,50.4189502,-5.0969947,14.4,1.157
2026-09-17,12:03:44.000,50.4188954,-5.0969831,14.2,1.082
2026-09-17,12:03:49.000,50.4188643,-5.0969892,14.4,1.110
2026-09-17,12:03:54.000,50.4188145,-5.0969945,14.4,1.036
2026-09-17,12:03:59.000,50.4187665,-5.0969755,14.6,1.082
2026-09-17,12:04:04.000,50.4187541,-5.0969724,14.4,0.000
2026-09-17,12:04:09.000,50.4187166,-5.0969810,14.4,0.000
2026-09-17,12:04:14.000,50.4186631,-5.0970039,14.6,1.250
2026-09-17,12:04:19.000,50.4186123,-5.0970191,15.0,1.241
2026-09-17,12:04:24.000,50.4185639,-5.0970236,14.6,1.166
2026-09-17,12:04:29.000,50.4185123,-5.0970266,14.8,1.110
2026-09-17,12:04:34.000,50.4184848,-5.0970146,17.6,1.110
2026-09-17,12:04:39.000,50.4184572,-5.0969925,14.8,0.653
2026-09-17,12:04:44.000,50.4184274,-5.0970150,13.2,0.840
2026-09-17,12:04:49.000,50.4184235,-5.0970779,13.2,0.793
2026-09-17,12:04:54.000,50.4184433,-5.0971548,12.8,0.756
2026-09-17,12:04:59.000,50.4184450,-5.0971633,13.2,0.690
2026-09-17,12:05:04.000,50.4184443,-5.0971636,13.0,0.000
2026-09-17,12:05:09.000,50.4184430,-5.0971626,13.0,0.000
2026-09-17,12:05:14.000,50.4184420,-5.0971615,13.0,0.000
2026-09-17,12:05:19.000,50.4184458,-5.0971635,12.6,0.000
2026-09-17,12:05:24.000,50.4184444,-5.0971619,13.0,0.000
2026-09-17,12:05:29.000,50.4184430,-5.0971592,13.2,0.000
2026-09-17,12:05:34.000,50.4184432,-5.0971565,13.4,0.000
2026-09-17,12:05:39.000,50.4184507,-5.0971608,13.2,0.000
2026-09-17,12:05:44.000,50.4184483,-5.0971558,13.2,0.000
2026-09-17,12:05:49.000,50.4184471,-5.0971517,13.0,0.000
2026-09-17,12:05:54.000,50.4184461,-5.0971482,13.4,0.000
2026-09-17,12:05:59.000,50.4184452,-5.0971454,13.8,0.000
2026-09-17,12:06:04.000,50.4184530,-5.0971489,13.8,0.000
2026-09-17,12:06:09.000,50.4184639,-5.0971547,14.0,0.000
2026-09-17,12:06:14.000,50.4184647,-5.0971537,13.6,0.000
2026-09-17,12:06:19.000,50.4184649,-5.0971533,13.8,0.000
2026-09-17,12:06:24.000,50.4184602,-5.0971657,14.0,0.000
2026-09-17,12:06:29.000,50.4184550,-5.0971986,14.2,0.000
2026-09-17,12:06:34.000,50.4184751,-5.0972564,10.4,0.924
2026-09-17,12:06:39.000,50.4184949,-5.0973049,9.6,1.129
2026-09-17,12:06:44.000,50.4184929,-5.0973587,10.2,0.774
2026-09-17,12:06:49.000,50.4184786,-5.0974128,10.4,1.176
2026-09-17,12:06:54.000,50.4184562,-5.0974701,10.2,1.008
2026-09-17,12:06:59.000,50.4184292,-5.0975304,9.8,1.082
2026-09-17,12:07:04.000,50.4184209,-5.0976033,9.6,1.120
2026-09-17,12:07:09.000,50.4184235,-5.0976645,8.8,1.082
2026-09-17,12:07:14.000,50.4184447,-5.0977091,7.8,1.017
2026-09-17,12:07:19.000,50.4184737,-5.0976992,4.6,1.008
2026-09-17,12:07:24.000,50.4185065,-5.0976670,4.2,1.008
2026-09-17,12:07:29.000,50.4185045,-5.0976513,3.8,0.840
2026-09-17,12:07:34.000,50.4185079,-5.0976452,2.8,0.588
2026-09-17,12:07:39.000,50.4185085,-5.0976441,3.4,0.000
2026-09-17,12:07:44.000,50.4185083,-5.0976442,3.6,0.000
2026-09-17,12:07:49.000,50.4185079,-5.0976444,3.2,0.000
2026-09-17,12:07:54.000,50.4185075,-5.0976447,3.4,0.000
2026-09-17,12:07:59.000,50.4185069,-5.0976449,3.6,0.000
2026-09-17,12:08:04.000,50.4185062,-5.0976452,3.2,0.000
2026-09-17,12:08:09.000,50.4185054,-5.0976454,2.2,0.000
2026-09-17,12:08:14.000,50.4185047,-5.0976455,2.2,0.000
2026-09-17,12:08:19.000,50.4185041,-5.0976457,2.8,0.000
2026-09-17,12:08:24.000,50.4185036,-5.0976457,3.0,0.000
2026-09-17,12:08:29.000,50.4185033,-5.0976457,3.6,0.000
2026-09-17,12:08:34.000,50.4185032,-5.0976456,3.4,0.000
2026-09-17,12:08:39.000,50.4185032,-5.0976456,3.0,0.000
2026-09-17,12:08:44.000,50.4185032,-5.0976456,3.4,0.000
2026-09-17,12:08:49.000,50.4185033,-5.0976457,3.6,0.000
2026-09-17,12:08:54.000,50.4185034,-5.0976457,3.2,0.000
2026-09-17,12:08:59.000,50.4185037,-5.0976457,2.8,0.000
2026-09-17,12:09:04.000,50.4185039,-5.0976457,3.2,0.000
2026-09-17,12:09:09.000,50.4185039,-5.0976457,3.2,0.000
2026-09-17,12:09:14.000,50.4185040,-5.0976457,4.0,0.000
2026-09-17,12:09:19.000,50.4185040,-5.0976456,3.8,0.000
2026-09-17,12:09:24.000,50.4185040,-5.0976456,4.0,0.000
2026-09-17,12:09:29.000,50.4185040,-5.0976455,4.2,0.000
2026-09-17,12:09:34.000,50.4185040,-5.0976454,3.6,0.000
2026-09-17,12:09:39.000,50.4185040,-5.0976454,3.4,0.000
2026-09-17,12:09:44.000,50.4185040,-5.0976453,3.4,0.000
2026-09-17,12:09:49.000,50.4185040,-5.0976453,3.4,0.000
2026-09-17,12:09:54.000,50.4185040,-5.0976454,3.8,0.000
2026-09-17,12:09:59.000,50.4185040,-5.0976454,4.0,0.000
2026-09-17,12:10:04.000,50.4185039,-5.0976454,3.4,0.000
2026-09-17,12:10:09.000,50.4185039,-5.0976454,3.0,0.000
2026-09-17,12:10:14.000,50.4185041,-5.0976453,3.8,0.000
2026-09-17,12:10:19.000,50.4185042,-5.0976453,4.2,0.000
2026-09-17,12:10:24.000,50.4185043,-5.0976454,4.0,0.000
2026-09-17,12:10:29.000,50.4185043,-5.0976454,3.4,0.000
2026-09-17,12:10:34.000,50.4185044,-5.0976454,3.6,0.000
2026-09-17,12:10:39.000,50.4185044,-5.0976454,3.6,0.000
2026-09-17,12:10:44.000,50.4185045,-5.0976454,3.8,0.000
2026-09-17,12:10:49.000,50.4185046,-5.0976454,4.2,0.000
2026-09-17,12:10:54.000,50.4185048,-5.0976454,3.4,0.000
2026-09-17,12:10:59.000,50.4185049,-5.0976454,3.4,0.000
2026-09-17,12:11:04.000,50.4185049,-5.0976454,3.8,0.000
2026-09-17,12:11:09.000,50.4185049,-5.0976454,3.8,0.000
2026-09-17,12:11:14.000,50.4185049,-5.0976457,3.6,0.000
2026-09-17,12:11:19.000,50.4185045,-5.0976498,4.0,0.000
2026-09-17,12:11:24.000,50.4185045,-5.0976500,4.4,0.000
2026-09-17,12:11:29.000,50.4185045,-5.0976500,4.0,0.000
2026-09-17,12:11:34.000,50.4185045,-5.0976500,3.8,0.000
2026-09-17,12:11:39.000,50.4185044,-5.0976500,3.4,0.000
2026-09-17,12:11:44.000,50.4185043,-5.0976500,4.4,0.000
2026-09-17,12:11:49.000,50.4185041,-5.0976500,4.0,0.000
2026-09-17,12:11:54.000,50.4185039,-5.0976500,3.8,0.000
2026-09-17,12:11:59.000,50.4185038,-5.0976500,4.0,0.000
2026-09-17,12:12:04.000,50.4185036,-5.0976500,3.8,0.000
2026-09-17,12:12:09.000,50.4185035,-5.0976500,3.8,0.000
2026-09-17,12:12:14.000,50.4185034,-5.0976501,4.0,0.000
2026-09-17,12:12:19.000,50.4185035,-5.0976525,4.0,0.000
2026-09-17,12:12:24.000,50.4185050,-5.0976523,4.0,0.000
2026-09-17,12:12:29.000,50.4185050,-5.0976521,3.6,0.000
2026-09-17,12:12:34.000,50.4185049,-5.0976519,4.2,0.000
2026-09-17,12:12:39.000,50.4185048,-5.0976520,3.8,0.000
2026-09-17,12:12:44.000,50.4185047,-5.0976521,3.8,0.000
2026-09-17,12:12:49.000,50.4185047,-5.0976524,4.0,0.000
2026-09-17,12:12:54.000,50.4185047,-5.0976526,3.8,0.000
2026-09-17,12:12:59.000,50.4185048,-5.0976530,3.2,0.000
2026-09-17,12:13:04.000,50.4185049,-5.0976531,3.2,0.000
2026-09-17,12:13:09.000,50.4185049,-5.0976532,3.4,0.000
2026-09-17,12:13:14.000,50.4185050,-5.0976531,3.0,0.000
2026-09-17,12:13:19.000,50.4185052,-5.0976531,3.0,0.000
2026-09-17,12:13:24.000,50.4185054,-5.0976530,2.8,0.000
2026-09-17,12:13:29.000,50.4185054,-5.0976527,3.2,0.000
2026-09-17,12:13:34.000,50.4185054,-5.0976524,3.6,0.000
2026-09-17,12:13:39.000,50.4185054,-5.0976521,3.4,0.000
2026-09-17,12:13:44.000,50.4185054,-5.0976521,3.8,0.000
2026-09-17,12:13:49.000,50.4185058,-5.0976547,4.4,0.383
2026-09-17,12:13:54.000,50.4185059,-5.0976545,4.2,0.000
2026-09-17,12:13:59.000,50.4185059,-5.0976542,4.0,0.000
2026-09-17,12:14:04.000,50.4185058,-5.0976537,3.8,0.000
2026-09-17,12:14:09.000,50.4185058,-5.0976532,3.0,0.000
2026-09-17,12:14:14.000,50.4185059,-5.0976529,3.2,0.000
2026-09-17,12:14:19.000,50.4185059,-5.0976525,3.6,0.000
2026-09-17,12:14:24.000,50.4185059,-5.0976521,3.4,0.000
2026-09-17,12:14:29.000,50.4185059,-5.0976517,3.2,0.000
2026-09-17,12:14:34.000,50.4185059,-5.0976515,3.0,0.000
2026-09-17,12:14:39.000,50.4185059,-5.0976514,2.6,0.000
2026-09-17,12:14:44.000,50.4185059,-5.0976515,2.4,0.000
2026-09-17,12:14:49.000,50.4185059,-5.0976517,2.6,0.000
2026-09-17,12:14:54.000,50.4185059,-5.0976521,2.2,0.000
2026-09-17,12:14:59.000,50.4185059,-5.0976529,2.6,0.000
2026-09-17,12:15:04.000,50.4185059,-5.0976537,1.8,0.000
2026-09-17,12:15:09.000,50.4185059,-5.0976540,3.2,0.000
2026-09-17,12:15:14.000,50.4185059,-5.0976542,3.0,0.000
2026-09-17,12:15:19.000,50.4185059,-5.0976542,3.4,0.000
2026-09-17,12:15:24.000,50.4185059,-5.0976541,3.6,0.000
2026-09-17,12:15:29.000,50.4185059,-5.0976541,3.2,0.000
2026-09-17,12:15:34.000,50.4185059,-5.0976542,3.4,0.000
2026-09-17,12:15:39.000,50.4185059,-5.0976542,3.0,0.000
2026-09-17,12:15:44.000,50.4185059,-5.0976542,3.6,0.000
2026-09-17,12:15:49.000,50.4185059,-5.0976542,3.4,0.000
2026-09-17,12:15:54.000,50.4185059,-5.0976540,3.0,0.000
2026-09-17,12:15:59.000,50.4185059,-5.0976541,2.8,0.000
2026-09-17,12:16:04.000,50.4185059,-5.0976542,3.4,0.000
2026-09-17,12:16:09.000,50.4185059,-5.0976542,3.2,0.000
2026-09-17,12:16:14.000,50.4185059,-5.0976542,3.0,0.000
2026-09-17,12:16:19.000,50.4185059,-5.0976539,3.2,0.000
2026-09-17,12:16:24.000,50.4185060,-5.0976536,3.0,0.000
2026-09-17,12:16:29.000,50.4185060,-5.0976533,2.8,0.000
2026-09-17,12:16:34.000,50.4185060,-5.0976531,3.4,0.000
2026-09-17,12:16:39.000,50.4185060,-5.0976531,3.2,0.000
2026-09-17,12:16:44.000,50.4185060,-5.0976532,3.2,0.000
2026-09-17,12:16:49.000,50.4185060,-5.0976534,3.4,0.000
2026-09-17,12:16:54.000,50.4185059,-5.0976536,3.6,0.000
2026-09-17,12:16:59.000,50.4185059,-5.0976537,3.4,0.000
2026-09-17,12:17:04.000,50.4185035,-5.0976562,2.8,0.000
2026-09-17,12:17:09.000,50.4184982,-5.0976615,3.2,0.000
2026-09-17,12:17:14.000,50.4184982,-5.0976650,4.6,0.000
2026-09-17,12:17:19.000,50.4184993,-5.0976624,5.4,0.000
2026-09-17,12:17:24.000,50.4185028,-5.0976467,6.0,0.579
2026-09-17,12:17:29.000,50.4185035,-5.0976494,3.6,0.000
2026-09-17,12:17:34.000,50.4185033,-5.0976495,3.4,0.000
2026-09-17,12:17:39.000,50.4185031,-5.0976495,4.2,0.000
2026-09-17,12:17:44.000,50.4185032,-5.0976497,3.4,0.000
2026-09-17,12:17:49.000,50.4185039,-5.0976500,3.0,0.000
2026-09-17,12:17:54.000,50.4185045,-5.0976504,3.2,0.000
2026-09-17,12:17:59.000,50.4185049,-5.0976509,4.0,0.000
2026-09-17,12:18:04.000,50.4185049,-5.0976517,3.6,0.000
2026-09-17,12:18:09.000,50.4185025,-5.0976538,3.2,0.000
2026-09-17,12:18:14.000,50.4185063,-5.0976504,3.8,0.000
2026-09-17,12:18:19.000,50.4185065,-5.0976507,2.6,0.000
2026-09-17,12:18:24.000,50.4185065,-5.0976511,3.4,0.000
2026-09-17,12:18:29.000,50.4185065,-5.0976514,3.4,0.000
2026-09-17,12:18:34.000,50.4185064,-5.0976515,4.0,0.000
2026-09-17,12:18:39.000,50.4185063,-5.0976516,4.4,0.000
2026-09-17,12:18:44.000,50.4185062,-5.0976515,4.2,0.000
2026-09-17,12:18:49.000,50.4185062,-5.0976515,3.8,0.000
2026-09-17,12:18:54.000,50.4185049,-5.0976510,4.4,0.000
2026-09-17,12:18:59.000,50.4185047,-5.0976510,5.4,0.000
2026-09-17,12:19:04.000,50.4185048,-5.0976511,5.4,0.000
2026-09-17,12:19:09.000,50.4185048,-5.0976513,5.2,0.000
2026-09-17,12:19:14.000,50.4185048,-5.0976515,4.4,0.000
2026-09-17,12:19:19.000,50.4185049,-5.0976518,5.8,0.000
2026-09-17,12:19:24.000,50.4185048,-5.0976521,4.8,0.000
2026-09-17,12:19:29.000,50.4185027,-5.0976515,4.4,0.000
2026-09-17,12:19:34.000,50.4185057,-5.0976471,4.8,0.000
2026-09-17,12:19:39.000,50.4185059,-5.0976470,4.4,0.000
2026-09-17,12:19:44.000,50.4185074,-5.0976483,4.4,0.000
2026-09-17,12:19:49.000,50.4185047,-5.0976509,4.0,0.000
2026-09-17,12:19:54.000,50.4185018,-5.0976547,4.6,0.000
2026-09-17,12:19:59.000,50.4185013,-5.0976656,4.6,0.000
2026-09-17,12:20:04.000,50.4185014,-5.0976666,4.8,0.000
2026-09-17,12:20:09.000,50.4185020,-5.0976654,4.8,0.000
2026-09-17,12:20:14.000,50.4185043,-5.0976655,3.6,0.000
2026-09-17,12:20:19.000,50.4185051,-5.0976647,4.6,0.000
2026-09-17,12:20:24.000,50.4185054,-5.0976635,4.4,0.000
2026-09-17,12:20:29.000,50.4185055,-5.0976624,4.6,0.000
2026-09-17,12:20:34.000,50.4185057,-5.0976614,4.2,0.000
2026-09-17,12:20:39.000,50.4185057,-5.0976609,3.8,0.000
2026-09-17,12:20:44.000,50.4185035,-5.0976657,4.0,0.000
2026-09-17,12:20:49.000,50.4184751,-5.0977101,5.6,0.000
2026-09-17,12:20:54.000,50.4184326,-5.0977030,6.0,0.980
2026-09-17,12:20:59.000,50.4184215,-5.0976536,7.4,1.045
2026-09-17,12:21:04.000,50.4184248,-5.0975998,7.8,0.952
2026-09-17,12:21:09.000,50.4184381,-5.0975458,8.8,0.942
2026-09-17,12:21:14.000,50.4184544,-5.0975020,9.8,0.952
2026-09-17,12:21:19.000,50.4184778,-5.0974575,10.2,0.877
2026-09-17,12:21:24.000,50.4185039,-5.0974086,11.8,0.970
2026-09-17,12:21:29.000,50.4185111,-5.0973569,11.8,0.989
2026-09-17,12:21:34.000,50.4184940,-5.0972966,13.4,0.961
2026-09-17,12:21:39.000,50.4184563,-5.0972470,13.6,0.989
2026-09-17,12:21:44.000,50.4184359,-5.0971984,14.0,1.017
2026-09-17,12:21:49.000,50.4184280,-5.0971965,13.8,0.896
2026-09-17,12:21:54.000,50.4184008,-5.0972391,14.0,0.000
2026-09-17,12:21:59.000,50.4183636,-5.0972637,13.2,0.467
2026-09-17,12:22:04.000,50.4183377,-5.0972293,13.6,0.000
2026-09-17,12:22:09.000,50.4183138,-5.0971704,13.8,0.000
2026-09-17,12:22:14.000,50.4182948,-5.0971097,13.8,0.840
2026-09-17,12:22:19.000,50.4182627,-5.0970538,13.6,1.101
2026-09-17,12:22:24.000,50.4182511,-5.0970347,13.8,1.073
2026-09-17,12:22:29.000,50.4182495,-5.0970285,14.0,0.840
2026-09-17,12:22:34.000,50.4182491,-5.0970275,13.8,0.000
2026-09-17,12:22:39.000,50.4182501,-5.0970118,14.2,0.000
2026-09-17,12:22:44.000,50.4182361,-5.0969652,14.4,0.000
2026-09-17,12:22:49.000,50.4182089,-5.0969212,16.0,0.933
2026-09-17,12:22:54.000,50.4181874,-5.0968573,17.4,1.101
2026-09-17,12:22:59.000,50.4181604,-5.0968043,19.0,1.148
2026-09-17,12:23:04.000,50.4181229,-5.0967646,20.4,1.120
2026-09-17,12:23:09.000,50.4180755,-5.0967606,20.6,1.138
2026-09-17,12:23:14.000,50.4180317,-5.0967736,20.2,1.110
2026-09-17,12:23:19.000,50.4179887,-5.0967939,20.8,1.101
2026-09-17,12:23:24.000,50.4179360,-5.0968298,20.8,1.092
2026-09-17,12:23:29.000,50.4178885,-5.0968702,20.4,1.176
2026-09-17,12:23:34.000,50.4178462,-5.0969176,20.0,1.176
2026-09-17,12:23:39.000,50.4178070,-5.0969663,19.2,1.213
2026-09-17,12:23:44.000,50.4177565,-5.0970207,19.2,1.194
2026-09-17,12:23:49.000,50.4177100,-5.0970730,19.2,1.260
2026-09-17,12:23:54.000,50.4176600,-5.0971072,19.6,1.269
2026-09-17,12:23:59.000,50.4176073,-5.0971327,19.2,1.278
2026-09-17,12:24:04.000,50.4175527,-5.0971683,18.6,1.288
2026-09-17,12:24:09.000,50.4174972,-5.0971991,18.6,1.288
2026-09-17,12:24:14.000,50.4174387,-5.0972295,18.8,1.306
2026-09-17,12:24:19.000,50.4173825,-5.0972586,18.6,1.278
2026-09-17,12:24:24.000,50.4173244,-5.0972897,18.8,1.278
2026-09-17,12:24:29.000,50.4172733,-5.0973178,18.8,1.306
2026-09-17,12:24:34.000,50.4172290,-5.0973427,19.2,1.269
2026-09-17,12:24:39.000,50.4171876,-5.0973651,19.2,1.241
2026-09-17,12:24:44.000,50.4171615,-5.0973927,19.6,1.204
2026-09-17,12:24:49.000,50.4171480,-5.0974401,20.0,1.036
2026-09-17,12:24:54.000,50.4171203,-5.0975016,19.8,0.765
2026-09-17,12:24:59.000,50.4170895,-5.0975692,20.2,0.952
2026-09-17,12:25:04.000,50.4170555,-5.0976293,20.4,1.092
2026-09-17,12:25:09.000,50.4170106,-5.0976980,20.8,1.129
2026-09-17,12:25:14.000,50.4169639,-5.0977518,20.6,1.185
2026-09-17,12:25:19.000,50.4169172,-5.0978013,20.2,1.194
2026-09-17,12:25:24.000,50.4168745,-5.0978485,20.4,1.185
2026-09-17,12:25:29.000,50.4168296,-5.0978913,20.6,1.185
2026-09-17,12:25:34.000,50.4167812,-5.0979327,20.8,1.213
2026-09-17,12:25:39.000,50.4167416,-5.0979692,20.8,1.232
2026-09-17,12:25:44.000,50.4167011,-5.0980029,21.4,1.185
2026-09-17,12:25:49.000,50.4166616,-5.0980385,21.2,1.222
2026-09-17,12:25:54.000,50.4166230,-5.0980813,20.6,1.082
2026-09-17,12:25:59.000,50.4165777,-5.0981345,21.4,1.092
2026-09-17,12:26:04.000,50.4165320,-5.0981864,20.2,1.176
2026-09-17,12:26:09.000,50.4164785,-5.0982489,19.4,1.176
2026-09-17,12:26:14.000,50.4164336,-5.0982934,19.4,1.185
2026-09-17,12:26:19.000,50.4163819,-5.0983523,19.4,1.260
2026-09-17,12:26:24.000,50.4163325,-5.0984037,19.6,1.297
2026-09-17,12:26:29.000,50.4162880,-5.0984514,19.6,1.334
2026-09-17,12:26:34.000,50.4162768,-5.0984719,19.6,1.288
2026-09-17,12:26:39.000,50.4162791,-5.0984726,19.6,0.000
2026-09-17,12:26:44.000,50.4162802,-5.0984721,19.4,0.000
2026-09-17,12:26:49.000,50.4162821,-5.0984711,19.4,0.000
2026-09-17,12:26:54.000,50.4162842,-5.0984698,19.4,0.000
2026-09-17,12:26:59.000,50.4162856,-5.0984690,19.0,0.000
2026-09-17,12:27:04.000,50.4162853,-5.0984689,19.6,0.000
2026-09-17,12:27:09.000,50.4162587,-5.0984892,19.4,0.000
2026-09-17,12:27:14.000,50.4162029,-5.0985309,19.0,0.644
2026-09-17,12:27:19.000,50.4161459,-5.0985868,19.6,1.344
2026-09-17,12:27:24.000,50.4160956,-5.0986393,20.0,1.474
2026-09-17,12:27:29.000,50.4160433,-5.0986887,20.4,1.381
2026-09-17,12:27:34.000,50.4159884,-5.0987375,20.6,1.409
2026-09-17,12:27:39.000,50.4159314,-5.0987834,20.0,1.381
2026-09-17,12:27:44.000,50.4158788,-5.0988274,19.2,1.409
2026-09-17,12:27:49.000,50.4158255,-5.0988704,19.0,1.306
2026-09-17,12:27:54.000,50.4157683,-5.0989157,18.6,1.353
2026-09-17,12:27:59.000,50.4157113,-5.0989551,18.4,1.344
2026-09-17,12:28:04.000,50.4156536,-5.0990055,18.4,1.372
2026-09-17,12:28:09.000,50.4156035,-5.0990402,18.8,1.362
2026-09-17,12:28:14.000,50.4155487,-5.0990888,18.6,1.372
2026-09-17,12:28:19.000,50.4154945,-5.0991385,17.8,1.353
2026-09-17,12:28:24.000,50.4154403,-5.0991871,18.2,1.372
2026-09-17,12:28:29.000,50.4153886,-5.0992286,18.2,1.362
2026-09-17,12:28:34.000,50.4153400,-5.0992652,18.2,1.362
2026-09-17,12:28:39.000,50.4152783,-5.0993199,17.8,1.334
2026-09-17,12:28:44.000,50.4152263,-5.0993669,18.0,1.362
2026-09-17,12:28:49.000,50.4151735,-5.0994144,17.8,1.372
2026-09-17,12:28:54.000,50.4151282,-5.0994479,17.6,1.353
2026-09-17,12:28:59.000,50.4150698,-5.0994890,17.6,1.334
2026-09-17,12:29:04.000,50.4150219,-5.0995252,18.0,1.306
2026-09-17,12:29:09.000,50.4149736,-5.0995584,18.4,1.269
2026-09-17,12:29:14.000,50.4149213,-5.0995922,18.2,1.306
2026-09-17,12:29:19.000,50.4148711,-5.0996273,18.4,1.306
2026-09-17,12:29:24.000,50.4148184,-5.0996654,18.2,1.316
2026-09-17,12:29:29.000,50.4147606,-5.0997107,18.6,1.306
2026-09-17,12:29:34.000,50.4147090,-5.0997535,19.4,1.297
2026-09-17,12:29:39.000,50.4146592,-5.0997977,20.0,1.344
2026-09-17,12:29:44.000,50.4146067,-5.0998382,20.4,1.316
2026-09-17,12:29:49.000,50.4145568,-5.0998687,21.6,1.306
2026-09-17,12:29:54.000,50.4145010,-5.0998996,21.6,1.306
2026-09-17,12:29:59.000,50.4144540,-5.0999168,21.8,1.269
2026-09-17,12:30:04.000,50.4144039,-5.0999376,22.8,1.250
2026-09-17,12:30:09.000,50.4143548,-5.0999631,23.2,1.232
2026-09-17,12:30:14.000,50.4143052,-5.0999963,23.4,1.232
2026-09-17,12:30:19.000,50.4142577,-5.1000393,23.4,1.232
2026-09-17,12:30:24.000,50.4142101,-5.1000857,24.4,1.250
2026-09-17,12:30:29.000,50.4141613,-5.1001348,25.4,1.260
2026-09-17,12:30:34.000,50.4141156,-5.1001749,26.2,1.260
2026-09-17,12:30:39.000,50.4140706,-5.1002096,26.8,1.232
2026-09-17,12:30:44.000,50.4140297,-5.1002506,26.4,1.222
2026-09-17,12:30:49.000,50.4139995,-5.1002849,26.4,1.204
2026-09-17,12:30:54.000,50.4140009,-5.1002888,26.4,1.008
2026-09-17,12:30:59.000,50.4139995,-5.1002931,26.4,0.000
2026-09-17,12:31:04.000,50.4139915,-5.1002940,26.4,0.000
2026-09-17,12:31:09.000,50.4139523,-5.1003322,26.2,0.000
2026-09-17,12:31:14.000,50.4139008,-5.1003756,27.6,0.411
2026-09-17,12:31:19.000,50.4138531,-5.1004110,28.6,1.232
2026-09-17,12:31:24.000,50.4138124,-5.1004530,28.6,1.232
2026-09-17,12:31:29.000,50.4137615,-5.1004970,29.2,1.241
2026-09-17,12:31:34.000,50.4137103,-5.1005431,30.2,1.288
2026-09-17,12:31:39.000,50.4136607,-5.1006027,30.0,1.297
2026-09-17,12:31:44.000,50.4136114,-5.1006780,30.6,1.530
2026-09-17,12:31:49.000,50.4135735,-5.1007579,31.4,1.428
2026-09-17,12:31:54.000,50.4135304,-5.1008412,30.4,1.437
2026-09-17,12:31:59.000,50.4134850,-5.1009103,30.0,1.437
2026-09-17,12:32:04.000,50.4134649,-5.1009439,30.0,1.409
2026-09-17,12:32:09.000,50.4134631,-5.1009536,29.4,1.185
2026-09-17,12:32:14.000,50.4134585,-5.1009560,30.0,0.000
2026-09-17,12:32:19.000,50.4134305,-5.1009907,30.0,0.000
2026-09-17,12:32:24.000,50.4133919,-5.1010593,28.8,1.194
2026-09-17,12:32:29.000,50.4133561,-5.1011543,29.6,1.512
2026-09-17,12:32:34.000,50.4133321,-5.1012440,27.6,1.484
2026-09-17,12:32:39.000,50.4133028,-5.1013310,26.6,1.493
2026-09-17,12:32:44.000,50.4132588,-5.1013949,26.0,1.428
2026-09-17,12:32:49.000,50.4132130,-5.1014599,26.6,1.437
2026-09-17,12:32:54.000,50.4131601,-5.1015118,27.0,1.353
2026-09-17,12:32:59.000,50.4131076,-5.1015730,27.4,1.437
2026-09-17,12:33:04.000,50.4130613,-5.1016388,27.4,1.409
2026-09-17,12:33:09.000,50.4130207,-5.1017107,28.0,1.428
2026-09-17,12:33:14.000,50.4129784,-5.1017811,27.4,1.390
2026-09-17,12:33:19.000,50.4129400,-5.1018558,25.8,1.409
2026-09-17,12:33:24.000,50.4129031,-5.1019423,26.8,1.428
2026-09-17,12:33:29.000,50.4128635,-5.1020244,25.6,1.428
2026-09-17,12:33:34.000,50.4128172,-5.1020982,24.0,1.474
2026-09-17,12:33:39.000,50.4127799,-5.1021678,23.6,1.437
2026-09-17,12:33:44.000,50.4127686,-5.1022547,23.0,1.400
2026-09-17,12:33:49.000,50.4127673,-5.1023224,22.8,1.353
2026-09-17,12:33:54.000,50.4127638,-5.1023401,22.0,1.138
2026-09-17,12:33:59.000,50.4127694,-5.1023178,21.4,0.000
2026-09-17,12:34:04.000,50.4127600,-5.1022491,22.6,0.000
2026-09-17,12:34:09.000,50.4127150,-5.1022313,22.6,0.504
2026-09-17,12:34:14.000,50.4126976,-5.1022186,22.8,0.896
2026-09-17,12:34:19.000,50.4126855,-5.1021996,23.2,0.653
2026-09-17,12:34:24.000,50.4126462,-5.1021663,24.0,0.662
2026-09-17,12:34:29.000,50.4126348,-5.1021596,24.0,0.774
2026-09-17,12:34:34.000,50.4126571,-5.1021509,23.8,0.877
2026-09-17,12:34:39.000,50.4126587,-5.1021521,26.2,0.653
2026-09-17,12:34:44.000,50.4126587,-5.1021522,26.0,0.000
2026-09-17,12:34:49.000,50.4126587,-5.1021522,26.0,0.000
2026-09-17,12:34:54.000,50.4126602,-5.1021487,26.0,0.000
2026-09-17,12:34:59.000,50.4126602,-5.1021484,25.4,0.000
2026-09-17,12:35:04.000,50.4126599,-5.1021484,25.4,0.000
2026-09-17,12:35:09.000,50.4126596,-5.1021486,25.4,0.000
2026-09-17,12:35:14.000,50.4126592,-5.1021487,25.4,0.000
2026-09-17,12:35:19.000,50.4126578,-5.1021432,25.2,0.000
2026-09-17,12:35:24.000,50.4126561,-5.1021122,25.2,0.000
2026-09-17,12:35:29.000,50.4126573,-5.1021101,24.6,0.000
2026-09-17,12:35:34.000,50.4126573,-5.1021101,25.4,0.000
2026-09-17,12:35:39.000,50.4126572,-5.1021102,25.6,0.000
2026-09-17,12:35:44.000,50.4126571,-5.1021104,25.6,0.000
2026-09-17,12:35:49.000,50.4126569,-5.1021100,25.2,0.000
2026-09-17,12:35:54.000,50.4126570,-5.1021101,24.6,0.000
2026-09-17,12:35:59.000,50.4126571,-5.1021104,24.8,0.000
2026-09-17,12:36:04.000,50.4126571,-5.1021106,25.0,0.000
2026-09-17,12:36:09.000,50.4126572,-5.1021109,24.6,0.000
2026-09-17,12:36:14.000,50.4126573,-5.1021111,24.6,0.000
2026-09-17,12:36:19.000,50.4126574,-5.1021113,24.6,0.000
2026-09-17,12:36:24.000,50.4126575,-5.1021116,24.8,0.000
2026-09-17,12:36:29.000,50.4126576,-5.1021123,24.8,0.000
2026-09-17,12:36:34.000,50.4126604,-5.1021099,25.0,0.000
2026-09-17,12:36:39.000,50.4126612,-5.1021091,25.0,0.000
2026-09-17,12:36:44.000,50.4126617,-5.1021088,25.2,0.000
2026-09-17,12:36:49.000,50.4126621,-5.1021086,25.2,0.000
2026-09-17,12:36:54.000,50.4126624,-5.1021084,25.0,0.000
2026-09-17,12:36:59.000,50.4126626,-5.1021080,25.0,0.000
2026-09-17,12:37:04.000,50.4126628,-5.1021077,25.0,0.000
2026-09-17,12:37:09.000,50.4126627,-5.1021080,24.8,0.000
2026-09-17,12:37:14.000,50.4126574,-5.1021216,24.8,0.000
2026-09-17,12:37:19.000,50.4126506,-5.1021419,25.2,0.000
2026-09-17,12:37:24.000,50.4126505,-5.1021407,25.2,0.000
2026-09-17,12:37:29.000,50.4126468,-5.1021306,25.4,0.000
2026-09-17,12:37:34.000,50.4126373,-5.1021195,25.2,0.000
2026-09-17,12:37:39.000,50.4126345,-5.1021161,25.4,0.000
2026-09-17,12:37:44.000,50.4126300,-5.1021203,25.2,0.000
2026-09-17,12:37:49.000,50.4126224,-5.1021153,25.4,0.000
2026-09-17,12:37:54.000,50.4126182,-5.1021184,25.6,0.000
2026-09-17,12:37:59.000,50.4126160,-5.1021203,25.4,0.000
2026-09-17,12:38:04.000,50.4126118,-5.1021189,25.2,0.000
2026-09-17,12:38:09.000,50.4126058,-5.1021174,25.4,0.000
2026-09-17,12:38:14.000,50.4126020,-5.1021111,25.2,0.000
2026-09-17,12:38:19.000,50.4126003,-5.1020992,25.2,0.000
2026-09-17,12:38:24.000,50.4126007,-5.1020866,25.4,0.000
2026-09-17,12:38:29.000,50.4126045,-5.1020746,25.2,0.000
2026-09-17,12:38:34.000,50.4126274,-5.1021005,25.4,0.000
2026-09-17,12:38:39.000,50.4126639,-5.1021239,25.4,0.000
2026-09-17,12:38:44.000,50.4126643,-5.1021530,23.8,0.000
2026-09-17,12:38:49.000,50.4126373,-5.1021692,23.2,0.000
2026-09-17,12:38:54.000,50.4126154,-5.1022276,24.6,0.597
2026-09-17,12:38:59.000,50.4126097,-5.1023115,24.6,1.129
2026-09-17,12:39:04.000,50.4126108,-5.1023900,23.8,1.250
2026-09-17,12:39:09.000,50.4125993,-5.1024732,24.0,1.278
2026-09-17,12:39:14.000,50.4125848,-5.1025608,23.8,1.288
2026-09-17,12:39:19.000,50.4125664,-5.1026460,23.0,1.297
2026-09-17,12:39:24.000,50.4125547,-5.1027385,21.8,1.381
2026-09-17,12:39:29.000,50.4125325,-5.1028270,21.4,1.353
2026-09-17,12:39:34.000,50.4125121,-5.1029223,21.4,1.428
2026-09-17,12:39:39.000,50.4124967,-5.1030159,21.4,1.428
2026-09-17,12:39:44.000,50.4124809,-5.1031022,21.2,1.428
2026-09-17,12:39:49.000,50.4124659,-5.1031958,21.6,1.409
2026-09-17,12:39:54.000,50.4124556,-5.1032924,22.0,1.409
2026-09-17,12:39:59.000,50.4124475,-5.1033875,22.2,1.409
2026-09-17,12:40:04.000,50.4124366,-5.1034796,21.4,1.418
2026-09-17,12:40:09.000,50.4124193,-5.1035750,21.2,1.418
2026-09-17,12:40:14.000,50.4124043,-5.1036728,19.6,1.409
2026-09-17,12:40:19.000,50.4123919,-5.1037640,19.2,1.400
2026-09-17,12:40:24.000,50.4123785,-5.1038522,19.4,1.409
2026-09-17,12:40:29.000,50.4123774,-5.1039427,18.2,1.390
2026-09-17,12:40:34.000,50.4123689,-5.1040343,18.6,1.381
2026-09-17,12:40:39.000,50.4123494,-5.1041251,18.2,1.372
2026-09-17,12:40:44.000,50.4123465,-5.1042250,19.4,1.418
2026-09-17,12:40:49.000,50.4123506,-5.1043259,19.6,1.428
2026-09-17,12:40:54.000,50.4123541,-5.1044253,17.8,1.428
2026-09-17,12:40:59.000,50.4123580,-5.1045184,18.6,1.418
2026-09-17,12:41:04.000,50.4123645,-5.1046199,16.8,1.418
2026-09-17,12:41:09.000,50.4123611,-5.1047204,16.8,1.428
2026-09-17,12:41:14.000,50.4123602,-5.1048094,16.6,1.428
2026-09-17,12:41:19.000,50.4123657,-5.1049156,16.0,1.437
2026-09-17,12:41:24.000,50.4123706,-5.1050103,15.6,1.418
2026-09-17,12:41:29.000,50.4123784,-5.1051153,18.4,1.409
2026-09-17,12:41:34.000,50.4123865,-5.1052106,17.4,1.418
2026-09-17,12:41:39.000,50.4123958,-5.1052949,16.2,1.409
2026-09-17,12:41:44.000,50.4124020,-5.1053991,16.2,1.390
2026-09-17,12:41:49.000,50.4124127,-5.1054965,16.2,1.400
2026-09-17,12:41:54.000,50.4124201,-5.1055975,16.2,1.409
2026-09-17,12:41:59.000,50.4124240,-5.1056948,16.8,1.400
2026-09-17,12:42:04.000,50.4124322,-5.1057958,17.0,1.400
2026-09-17,12:42:09.000,50.4124369,-5.1058976,16.2,1.428
2026-09-17,12:42:14.000,50.4124423,-5.1059843,16.0,1.409
2026-09-17,12:42:19.000,50.4124514,-5.1060780,15.6,1.400
2026-09-17,12:42:24.000,50.4124597,-5.1061760,14.0,1.381
2026-09-17,12:42:29.000,50.4124668,-5.1062713,15.6,1.390
2026-09-17,12:42:34.000,50.4124733,-5.1063730,16.2,1.418
2026-09-17,12:42:39.000,50.4124853,-5.1064666,15.8,1.400
2026-09-17,12:42:44.000,50.4124945,-5.1065543,15.8,1.409
2026-09-17,12:42:49.000,50.4125053,-5.1066397,15.8,1.390
2026-09-17,12:42:54.000,50.4125152,-5.1067303,16.2,1.381
2026-09-17,12:42:59.000,50.4125283,-5.1068190,16.4,1.334
2026-09-17,12:43:04.000,50.4125423,-5.1069139,16.4,1.362
2026-09-17,12:43:09.000,50.4125566,-5.1069912,16.8,1.344
2026-09-17,12:43:14.000,50.4125754,-5.1070779,16.8,1.306
2026-09-17,12:43:19.000,50.4125892,-5.1071683,17.8,1.325
2026-09-17,12:43:24.000,50.4125944,-5.1072555,17.8,1.306
2026-09-17,12:43:29.000,50.4126074,-5.1073332,18.2,1.297
2026-09-17,12:43:34.000,50.4126101,-5.1074259,19.0,1.269
2026-09-17,12:43:39.000,50.4125944,-5.1075083,18.8,1.250
2026-09-17,12:43:44.000,50.4125913,-5.1075858,19.8,1.241
2026-09-17,12:43:49.000,50.4126101,-5.1076697,20.2,1.260
2026-09-17,12:43:54.000,50.4126188,-5.1077714,20.4,1.278
2026-09-17,12:43:59.000,50.4126388,-5.1078507,20.6,1.288
2026-09-17,12:44:04.000,50.4126564,-5.1079307,21.0,1.260
2026-09-17,12:44:09.000,50.4126784,-5.1080119,21.0,1.288
2026-09-17,12:44:14.000,50.4126955,-5.1080903,22.0,1.288
2026-09-17,12:44:19.000,50.4127172,-5.1081689,22.0,1.288
2026-09-17,12:44:24.000,50.4127350,-5.1082590,19.8,1.269
2026-09-17,12:44:29.000,50.4127492,-5.1083445,21.0,1.260
2026-09-17,12:44:34.000,50.4127623,-5.1084318,23.6,1.260
2026-09-17,12:44:39.000,50.4127792,-5.1085207,22.8,1.278
2026-09-17,12:44:44.000,50.4127976,-5.1086122,22.4,1.269
2026-09-17,12:44:49.000,50.4128196,-5.1086960,22.2,1.288
2026-09-17,12:44:54.000,50.4128373,-5.1087832,22.4,1.297
2026-09-17,12:44:59.000,50.4128564,-5.1088709,23.4,1.306
2026-09-17,12:45:04.000,50.4128677,-5.1089549,22.8,1.306
2026-09-17,12:45:09.000,50.4128845,-5.1090327,22.2,1.297
2026-09-17,12:45:14.000,50.4129052,-5.1091250,23.2,1.269
2026-09-17,12:45:19.000,50.4129221,-5.1092074,24.6,1.297
2026-09-17,12:45:24.000,50.4129427,-5.1092884,24.0,1.288
2026-09-17,12:45:29.000,50.4129539,-5.1093695,24.4,1.260
2026-09-17,12:45:34.000,50.4129663,-5.1094522,23.2,1.260
2026-09-17,12:45:39.000,50.4129842,-5.1095344,25.6,1.250
2026-09-17,12:45:44.000,50.4129985,-5.1096124,25.4,1.222
2026-09-17,12:45:49.000,50.4130110,-5.1096794,25.4,1.176
2026-09-17,12:45:54.000,50.4130325,-5.1097037,26.2,1.148
2026-09-17,12:45:59.000,50.4130363,-5.1097035,25.6,0.000
2026-09-17,12:46:04.000,50.4130366,-5.1096999,25.4,0.000
2026-09-17,12:46:09.000,50.4130344,-5.1097057,25.0,0.000
2026-09-17,12:46:14.000,50.4130319,-5.1097128,24.6,0.000
2026-09-17,12:46:19.000,50.4130360,-5.1097825,25.0,0.709
2026-09-17,12:46:24.000,50.4130445,-5.1098600,26.6,1.092
2026-09-17,12:46:29.000,50.4130632,-5.1099393,27.4,1.222
2026-09-17,12:46:34.000,50.4130852,-5.1100177,26.8,1.157
2026-09-17,12:46:39.000,50.4130995,-5.1100923,27.6,1.148
2026-09-17,12:46:44.000,50.4131079,-5.1101671,28.4,1.148
2026-09-17,12:46:49.000,50.4131213,-5.1102362,29.0,1.073
2026-09-17,12:46:54.000,50.4131450,-5.1103118,30.8,1.017
2026-09-17,12:46:59.000,50.4131684,-5.1103876,28.8,1.101
2026-09-17,12:47:04.000,50.4131856,-5.1104517,29.2,1.120
2026-09-17,12:47:09.000,50.4131924,-5.1104743,29.0,1.045
2026-09-17,12:47:14.000,50.4132042,-5.1105237,29.6,0.000
2026-09-17,12:47:19.000,50.4132057,-5.1105962,29.4,0.000
2026-09-17,12:47:24.000,50.4132052,-5.1106779,29.6,0.858
2026-09-17,12:47:29.000,50.4131927,-5.1107587,32.2,1.138
2026-09-17,12:47:34.000,50.4131873,-5.1108376,32.2,1.017
2026-09-17,12:47:39.000,50.4131863,-5.1109287,31.6,1.176
2026-09-17,12:47:44.000,50.4131828,-5.1110024,30.4,1.185
2026-09-17,12:47:49.000,50.4131768,-5.1110740,30.6,1.026
2026-09-17,12:47:54.000,50.4131764,-5.1111731,31.8,1.101
2026-09-17,12:47:59.000,50.4131745,-5.1112701,33.2,1.250
2026-09-17,12:48:04.000,50.4131658,-5.1113654,32.8,1.232
2026-09-17,12:48:09.000,50.4131554,-5.1114572,33.2,1.269
2026-09-17,12:48:14.000,50.4131457,-5.1115426,33.0,1.278
2026-09-17,12:48:19.000,50.4131362,-5.1116304,33.6,1.288
2026-09-17,12:48:24.000,50.4131185,-5.1117210,34.8,1.269
2026-09-17,12:48:29.000,50.4130991,-5.1118052,34.8,1.185
2026-09-17,12:48:34.000,50.4130911,-5.1119027,35.2,1.306
2026-09-17,12:48:39.000,50.4130883,-5.1119894,36.0,1.316
2026-09-17,12:48:44.000,50.4130826,-5.1120776,35.4,1.316
2026-09-17,12:48:49.000,50.4130723,-5.1121686,35.0,1.278
2026-09-17,12:48:54.000,50.4130673,-5.1122535,36.0,1.297
2026-09-17,12:48:59.000,50.4130584,-5.1123341,36.2,1.260
2026-09-17,12:49:04.000,50.4130440,-5.1124252,36.8,1.260
2026-09-17,12:49:09.000,50.4130176,-5.1125062,36.2,1.241
2026-09-17,12:49:14.000,50.4129911,-5.1125894,36.8,1.241
2026-09-17,12:49:19.000,50.4129584,-5.1126629,37.6,1.269
2026-09-17,12:49:24.000,50.4129277,-5.1127333,37.8,1.269
2026-09-17,12:49:29.000,50.4128936,-5.1128018,37.6,1.260
2026-09-17,12:49:34.000,50.4128590,-5.1128685,36.6,1.269
2026-09-17,12:49:39.000,50.4128314,-5.1129028,35.2,1.222
2026-09-17,12:49:44.000,50.4127956,-5.1129512,37.4,1.045
2026-09-17,12:49:49.000,50.4127625,-5.1129933,39.0,1.092
2026-09-17,12:49:54.000,50.4127311,-5.1130458,40.4,1.082
2026-09-17,12:49:59.000,50.4126960,-5.1130935,41.2,1.026
2026-09-17,12:50:04.000,50.4126629,-5.1131434,43.2,1.045
2026-09-17,12:50:09.000,50.4126255,-5.1131919,43.6,1.026
2026-09-17,12:50:14.000,50.4125904,-5.1132317,43.4,1.045
2026-09-17,12:50:19.000,50.4125509,-5.1132767,43.8,1.036
2026-09-17,12:50:24.000,50.4125005,-5.1133069,44.2,1.045
2026-09-17,12:50:29.000,50.4124572,-5.1133322,45.0,1.064
2026-09-17,12:50:34.000,50.4124167,-5.1133645,45.8,1.054
2026-09-17,12:50:39.000,50.4123722,-5.1134103,46.2,1.054
2026-09-17,12:50:44.000,50.4123275,-5.1134519,46.8,1.073
2026-09-17,12:50:49.000,50.4122855,-5.1134903,46.6,1.110
2026-09-17,12:50:54.000,50.4122481,-5.1135326,47.0,1.092
2026-09-17,12:50:59.000,50.4122009,-5.1135740,48.0,1.101
2026-09-17,12:51:04.000,50.4121550,-5.1136119,48.4,1.138
2026-09-17,12:51:09.000,50.4121077,-5.1136472,49.0,1.138
2026-09-17,12:51:14.000,50.4120665,-5.1136799,49.0,1.148
2026-09-17,12:51:19.000,50.4120211,-5.1137149,49.0,1.101
2026-09-17,12:51:24.000,50.4119763,-5.1137626,48.4,1.129
2026-09-17,12:51:29.000,50.4119324,-5.1138104,48.8,1.166
2026-09-17,12:51:34.000,50.4118937,-5.1138570,49.6,1.166
2026-09-17,12:51:39.000,50.4118527,-5.1139102,50.0,1.101
2026-09-17,12:51:44.000,50.4118046,-5.1139626,50.4,1.148
2026-09-17,12:51:49.000,50.4117634,-5.1140072,51.0,1.185
2026-09-17,12:51:54.000,50.4117176,-5.1140563,50.6,1.176
2026-09-17,12:51:59.000,50.4116694,-5.1141170,49.8,1.204
2026-09-17,12:52:04.000,50.4116338,-5.1141808,50.8,1.250
2026-09-17,12:52:09.000,50.4115863,-5.1142073,50.0,1.260
2026-09-17,12:52:14.000,50.4115357,-5.1142398,49.6,1.269
2026-09-17,12:52:19.000,50.4114905,-5.1142867,50.4,1.260
2026-09-17,12:52:24.000,50.4114514,-5.1143354,49.2,1.250
2026-09-17,12:52:29.000,50.4114057,-5.1143866,48.6,1.232
2026-09-17,12:52:34.000,50.4113711,-5.1144482,49.6,1.232
2026-09-17,12:52:39.000,50.4113610,-5.1144766,47.8,1.213
2026-09-17,12:52:44.000,50.4113595,-5.1144781,48.2,0.000
2026-09-17,12:52:49.000,50.4113434,-5.1145207,48.0,0.000
2026-09-17,12:52:54.000,50.4113171,-5.1145621,46.4,0.774
2026-09-17,12:52:59.000,50.4112888,-5.1145860,45.4,0.905
2026-09-17,12:53:04.000,50.4112842,-5.1145956,44.8,0.709
2026-09-17,12:53:09.000,50.4112838,-5.1145966,44.6,0.569
2026-09-17,12:53:14.000,50.4112839,-5.1145964,44.6,0.504
2026-09-17,12:53:19.000,50.4112847,-5.1145959,44.8,0.000
2026-09-17,12:53:24.000,50.4112853,-5.1145947,44.8,0.000
2026-09-17,12:53:29.000,50.4112849,-5.1145945,44.6,0.000
2026-09-17,12:53:34.000,50.4112849,-5.1145937,44.6,0.000
2026-09-17,12:53:39.000,50.4112849,-5.1145928,45.0,0.000
2026-09-17,12:53:44.000,50.4112849,-5.1145920,44.6,0.000
2026-09-17,12:53:49.000,50.4112849,-5.1145913,44.6,0.000
2026-09-17,12:53:54.000,50.4112848,-5.1145913,45.0,0.000
2026-09-17,12:53:59.000,50.4112785,-5.1145989,44.2,0.000
2026-09-17,12:54:04.000,50.4112756,-5.1146005,43.4,0.000
2026-09-17,12:54:09.000,50.4112750,-5.1146006,44.2,0.000
2026-09-17,12:54:14.000,50.4112751,-5.1146004,43.8,0.000
2026-09-17,12:54:19.000,50.4112735,-5.1146412,42.8,0.000
2026-09-17,12:54:24.000,50.4112549,-5.1147277,44.4,0.896
2026-09-17,12:54:29.000,50.4112431,-5.1148278,44.4,1.241
2026-09-17,12:54:34.000,50.4112407,-5.1149246,43.2,1.465
2026-09-17,12:54:39.000,50.4112440,-5.1150252,42.6,1.353
2026-09-17,12:54:44.000,50.4112419,-5.1151199,41.4,1.400
2026-09-17,12:54:49.000,50.4112334,-5.1152204,40.8,1.390
2026-09-17,12:54:54.000,50.4112215,-5.1153203,40.0,1.437
2026-09-17,12:54:59.000,50.4112082,-5.1154112,40.0,1.372
2026-09-17,12:55:04.000,50.4112062,-5.1155001,40.0,1.353
2026-09-17,12:55:09.000,50.4112122,-5.1155877,39.6,1.344
2026-09-17,12:55:14.000,50.4112045,-5.1156901,39.0,1.362
2026-09-17,12:55:19.000,50.4111958,-5.1157818,39.2,1.381
2026-09-17,12:55:24.000,50.4111945,-5.1158701,39.4,1.381
2026-09-17,12:55:29.000,50.4112027,-5.1159656,39.2,1.362
2026-09-17,12:55:34.000,50.4112014,-5.1160596,38.8,1.353
2026-09-17,12:55:39.000,50.4111982,-5.1161579,37.4,1.362
2026-09-17,12:55:44.000,50.4111872,-5.1162533,37.8,1.362
2026-09-17,12:55:49.000,50.4111848,-5.1163368,38.0,1.372
2026-09-17,12:55:54.000,50.4111987,-5.1164191,37.4,1.325
2026-09-17,12:55:59.000,50.4112159,-5.1165157,36.8,1.278
2026-09-17,12:56:04.000,50.4112311,-5.1166042,36.6,1.334
2026-09-17,12:56:09.000,50.4112342,-5.1166936,36.2,1.325
2026-09-17,12:56:14.000,50.4112386,-5.1167832,36.2,1.306
2026-09-17,12:56:19.000,50.4112382,-5.1168801,36.0,1.316
2026-09-17,12:56:24.000,50.4112449,-5.1169770,36.0,1.334
2026-09-17,12:56:29.000,50.4112481,-5.1170564,35.2,1.334
2026-09-17,12:56:34.000,50.4112623,-5.1171593,35.4,1.297
2026-09-17,12:56:39.000,50.4112813,-5.1172410,35.2,1.325
2026-09-17,12:56:44.000,50.4112991,-5.1173334,35.2,1.344
2026-09-17,12:56:49.000,50.4113114,-5.1174341,35.6,1.344
2026-09-17,12:56:54.000,50.4113265,-5.1175280,33.6,1.372
2026-09-17,12:56:59.000,50.4113419,-5.1176276,33.8,1.372
2026-09-17,12:57:04.000,50.4113625,-5.1177203,34.0,1.381
2026-09-17,12:57:09.000,50.4113895,-5.1178151,33.8,1.390
2026-09-17,12:57:14.000,50.4114046,-5.1179088,32.4,1.400
2026-09-17,12:57:19.000,50.4114221,-5.1179991,32.6,1.400
2026-09-17,12:57:24.000,50.4114396,-5.1180941,32.2,1.390
2026-09-17,12:57:29.000,50.4114403,-5.1181852,32.0,1.390
2026-09-17,12:57:34.000,50.4114541,-5.1182813,31.8,1.390
2026-09-17,12:57:39.000,50.4114765,-5.1183672,31.8,1.390
2026-09-17,12:57:44.000,50.4114873,-5.1184619,31.4,1.372
2026-09-17,12:57:49.000,50.4114937,-5.1185589,30.8,1.381
2026-09-17,12:57:54.000,50.4115077,-5.1186512,30.6,1.372
2026-09-17,12:57:59.000,50.4115251,-5.1187467,30.8,1.372
2026-09-17,12:58:04.000,50.4115448,-5.1188398,29.6,1.381
2026-09-17,12:58:09.000,50.4115646,-5.1189290,29.8,1.390
2026-09-17,12:58:14.000,50.4115787,-5.1190218,30.2,1.362
2026-09-17,12:58:19.000,50.4115936,-5.1191166,30.2,1.362
2026-09-17,12:58:24.000,50.4116098,-5.1192052,30.4,1.381
2026-09-17,12:58:29.000,50.4116267,-5.1192951,30.4,1.344
2026-09-17,12:58:34.000,50.4116434,-5.1193857,30.6,1.353
2026-09-17,12:58:39.000,50.4116526,-5.1194763,29.6,1.353
2026-09-17,12:58:44.000,50.4116675,-5.1195527,28.8,1.344
2026-09-17,12:58:49.000,50.4116862,-5.1196307,29.2,1.325
2026-09-17,12:58:54.000,50.4116896,-5.1197160,28.6,1.297
2026-09-17,12:58:59.000,50.4116951,-5.1198058,28.6,1.260
2026-09-17,12:59:04.000,50.4117071,-5.1198928,28.8,1.278
2026-09-17,12:59:09.000,50.4117216,-5.1199738,29.6,1.278
2026-09-17,12:59:14.000,50.4117221,-5.1200606,29.6,1.288
2026-09-17,12:59:19.000,50.4117178,-5.1201508,30.4,1.269
2026-09-17,12:59:24.000,50.4117216,-5.1202391,31.2,1.260
2026-09-17,12:59:29.000,50.4117274,-5.1203278,31.8,1.250
2026-09-17,12:59:34.000,50.4117365,-5.1204067,32.8,1.232
2026-09-17,12:59:39.000,50.4117447,-5.1204871,33.4,1.213
2026-09-17,12:59:44.000,50.4117551,-5.1205623,34.2,1.204
2026-09-17,12:59:49.000,50.4117600,-5.1206481,34.6,1.194
2026-09-17,12:59:54.000,50.4117614,-5.1207501,33.8,1.213
2026-09-17,12:59:59.000,50.4117661,-5.1208504,33.6,1.232
2026-09-17,13:00:04.000,50.4117625,-5.1209377,33.6,1.260
2026-09-17,13:00:09.000,50.4117629,-5.1210276,34.4,1.232
2026-09-17,13:00:14.000,50.4117772,-5.1211157,33.8,1.288
2026-09-17,13:00:19.000,50.4117899,-5.1211680,32.4,1.278
2026-09-17,13:00:24.000,50.4117922,-5.1211717,34.0,0.000
2026-09-17,13:00:29.000,50.4117959,-5.1212298,33.4,0.000
2026-09-17,13:00:34.000,50.4117986,-5.1213141,33.6,0.476
2026-09-17,13:00:39.000,50.4118038,-5.1214059,35.8,1.306
2026-09-17,13:00:44.000,50.4118135,-5.1214715,35.6,1.260
2026-09-17,13:00:49.000,50.4118158,-5.1214979,32.6,1.092
2026-09-17,13:00:54.000,50.4118139,-5.1215018,32.2,0.000
2026-09-17,13:00:59.000,50.4118205,-5.1215624,32.6,0.000
2026-09-17,13:01:04.000,50.4118247,-5.1216481,34.8,1.222
2026-09-17,13:01:09.000,50.4118382,-5.1217261,33.8,1.036
2026-09-17,13:01:14.000,50.4118545,-5.1218135,33.6,1.241
2026-09-17,13:01:19.000,50.4118707,-5.1218968,33.0,1.232
2026-09-17,13:01:24.000,50.4119015,-5.1219704,32.2,1.278
2026-09-17,13:01:29.000,50.4119293,-5.1220498,31.8,1.269
2026-09-17,13:01:34.000,50.4119546,-5.1221245,31.0,1.344
2026-09-17,13:01:39.000,50.4119821,-5.1222039,30.6,1.278
2026-09-17,13:01:44.000,50.4120063,-5.1222806,30.8,1.222
2026-09-17,13:01:49.000,50.4120342,-5.1223733,30.8,1.241
2026-09-17,13:01:54.000,50.4120690,-5.1224565,31.2,1.269
2026-09-17,13:01:59.000,50.4121032,-5.1225332,30.4,1.288
2026-09-17,13:02:04.000,50.4121329,-5.1226140,30.0,1.353
2026-09-17,13:02:09.000,50.4121633,-5.1226901,30.2,1.334
2026-09-17,13:02:14.000,50.4121911,-5.1227669,31.2,1.316
2026-09-17,13:02:19.000,50.4122158,-5.1228409,30.6,1.297
2026-09-17,13:02:24.000,50.4122308,-5.1228994,30.0,1.222
2026-09-17,13:02:29.000,50.4122316,-5.1229114,30.8,1.157
2026-09-17,13:02:34.000,50.4122251,-5.1229122,30.6,0.000
2026-09-17,13:02:39.000,50.4122250,-5.1229126,30.0,0.000
2026-09-17,13:02:44.000,50.4122298,-5.1229170,29.2,0.000
2026-09-17,13:02:49.000,50.4122256,-5.1229022,29.6,0.000
2026-09-17,13:02:54.000,50.4122249,-5.1229083,30.2,0.000
2026-09-17,13:02:59.000,50.4122242,-5.1229085,29.4,0.000
2026-09-17,13:03:04.000,50.4122239,-5.1229079,29.4,0.000
2026-09-17,13:03:09.000,50.4122220,-5.1229017,29.4,0.000
2026-09-17,13:03:14.000,50.4122157,-5.1229041,29.6,0.000
2026-09-17,13:03:19.000,50.4122157,-5.1229045,29.4,0.000
2026-09-17,13:03:24.000,50.4122162,-5.1229047,29.4,0.000
2026-09-17,13:03:29.000,50.4122167,-5.1229050,29.4,0.000
2026-09-17,13:03:34.000,50.4122177,-5.1229051,29.0,0.000
2026-09-17,13:03:39.000,50.4122174,-5.1229053,29.8,0.000
2026-09-17,13:03:44.000,50.4122177,-5.1229055,29.4,0.000
2026-09-17,13:03:49.000,50.4122178,-5.1229056,29.4,0.000
2026-09-17,13:03:54.000,50.4122180,-5.1229056,29.2,0.000
2026-09-17,13:03:59.000,50.4122180,-5.1229056,29.0,0.000
2026-09-17,13:04:04.000,50.4122181,-5.1229056,29.0,0.000
2026-09-17,13:04:09.000,50.4122181,-5.1229055,29.0,0.000
2026-09-17,13:04:14.000,50.4122183,-5.1229055,29.6,0.000
2026-09-17,13:04:19.000,50.4122184,-5.1229055,29.6,0.000
2026-09-17,13:04:24.000,50.4122186,-5.1229055,29.0,0.000
2026-09-17,13:04:29.000,50.4122188,-5.1229056,29.0,0.000
2026-09-17,13:04:34.000,50.4122188,-5.1229057,29.4,0.000
2026-09-17,13:04:39.000,50.4122188,-5.1229058,29.6,0.000
2026-09-17,13:04:44.000,50.4122184,-5.1229059,29.4,0.000
2026-09-17,13:04:49.000,50.4122182,-5.1229059,29.4,0.000
2026-09-17,13:04:54.000,50.4122179,-5.1229060,29.4,0.000
2026-09-17,13:04:59.000,50.4122178,-5.1229060,29.4,0.000
2026-09-17,13:05:04.000,50.4122175,-5.1229061,29.2,0.000
2026-09-17,13:05:09.000,50.4122175,-5.1229062,29.4,0.000
2026-09-17,13:05:14.000,50.4122175,-5.1229064,29.2,0.000
2026-09-17,13:05:19.000,50.4122177,-5.1229066,29.2,0.000
2026-09-17,13:05:24.000,50.4122177,-5.1229067,29.0,0.000
2026-09-17,13:05:29.000,50.4122176,-5.1229068,29.4,0.000
2026-09-17,13:05:34.000,50.4122175,-5.1229069,29.2,0.000
2026-09-17,13:05:39.000,50.4122175,-5.1229070,29.0,0.000
2026-09-17,13:05:44.000,50.4122173,-5.1229071,29.0,0.000
2026-09-17,13:05:49.000,50.4122173,-5.1229072,29.0,0.000
2026-09-17,13:05:54.000,50.4122175,-5.1229073,28.8,0.000
2026-09-17,13:05:59.000,50.4122175,-5.1229075,29.0,0.000
2026-09-17,13:06:04.000,50.4122176,-5.1229077,29.0,0.000
2026-09-17,13:06:09.000,50.4122176,-5.1229077,29.2,0.000
2026-09-17,13:06:14.000,50.4122175,-5.1229078,29.2,0.000
2026-09-17,13:06:19.000,50.4122173,-5.1229077,28.6,0.000
2026-09-17,13:06:24.000,50.4122172,-5.1229077,29.2,0.000
2026-09-17,13:06:29.000,50.4122170,-5.1229078,29.2,0.000
2026-09-17,13:06:34.000,50.4122170,-5.1229080,29.0,0.000
2026-09-17,13:06:39.000,50.4122171,-5.1229084,28.8,0.000
2026-09-17,13:06:44.000,50.4122173,-5.1229087,28.8,0.000
2026-09-17,13:06:49.000,50.4122173,-5.1229092,28.8,0.000
2026-09-17,13:06:54.000,50.4122176,-5.1229098,29.0,0.000
2026-09-17,13:06:59.000,50.4122178,-5.1229103,29.0,0.000
2026-09-17,13:07:04.000,50.4122181,-5.1229106,28.8,0.000
2026-09-17,13:07:09.000,50.4122184,-5.1229110,29.0,0.000
2026-09-17,13:07:14.000,50.4122189,-5.1229113,28.8,0.000
2026-09-17,13:07:19.000,50.4122194,-5.1229116,29.0,0.000
2026-09-17,13:07:24.000,50.4122198,-5.1229118,28.8,0.000
2026-09-17,13:07:29.000,50.4122202,-5.1229120,29.0,0.000
2026-09-17,13:07:34.000,50.4122205,-5.1229121,28.8,0.000
2026-09-17,13:07:39.000,50.4122209,-5.1229122,28.8,0.000
2026-09-17,13:07:44.000,50.4122251,-5.1229144,29.4,0.000
2026-09-17,13:07:49.000,50.4122185,-5.1229087,29.6,0.000
2026-09-17,13:07:54.000,50.4122233,-5.1229076,29.6,0.000
2026-09-17,13:07:59.000,50.4122357,-5.1229258,29.8,0.000
2026-09-17,13:08:04.000,50.4122592,-5.1229660,28.4,0.000
2026-09-17,13:08:09.000,50.4122767,-5.1230009,29.8,0.000
2026-09-17,13:08:14.000,50.4123140,-5.1230530,30.2,1.017
2026-09-17,13:08:19.000,50.4123386,-5.1231289,29.8,1.194
2026-09-17,13:08:24.000,50.4123510,-5.1232009,30.2,1.288
2026-09-17,13:08:29.000,50.4123596,-5.1232786,30.6,1.213
2026-09-17,13:08:34.000,50.4123692,-5.1233574,32.6,1.241
2026-09-17,13:08:39.000,50.4123864,-5.1234330,32.4,1.250
2026-09-17,13:08:44.000,50.4123887,-5.1235108,31.8,1.232
2026-09-17,13:08:49.000,50.4123840,-5.1235820,33.0,1.185
2026-09-17,13:08:54.000,50.4123857,-5.1236557,37.8,1.185
2026-09-17,13:08:59.000,50.4123825,-5.1237233,39.2,1.157
2026-09-17,13:09:04.000,50.4123702,-5.1237907,38.6,1.120
2026-09-17,13:09:09.000,50.4123501,-5.1238709,36.6,1.101
2026-09-17,13:09:14.000,50.4123345,-5.1239344,36.4,1.166
2026-09-17,13:09:19.000,50.4123307,-5.1239436,37.0,0.942
2026-09-17,13:09:24.000,50.4123302,-5.1239446,36.8,0.000
2026-09-17,13:09:29.000,50.4123261,-5.1239421,34.2,0.000
2026-09-17,13:09:34.000,50.4123165,-5.1239689,34.6,0.000
2026-09-17,13:09:39.000,50.4122932,-5.1240213,36.8,0.000
2026-09-17,13:09:44.000,50.4122864,-5.1240789,38.8,1.008
2026-09-17,13:09:49.000,50.4122691,-5.1241394,39.2,1.036
2026-09-17,13:09:54.000,50.4122421,-5.1241904,38.8,1.008
2026-09-17,13:09:59.000,50.4122086,-5.1242222,39.2,0.952
2026-09-17,13:10:04.000,50.4121774,-5.1242364,40.6,0.989
2026-09-17,13:10:09.000,50.4121614,-5.1242255,42.2,0.812
2026-09-17,13:10:14.000,50.4121369,-5.1242024,40.8,0.793
2026-09-17,13:10:19.000,50.4121269,-5.1241872,39.8,0.000
2026-09-17,13:10:24.000,50.4121231,-5.1241866,39.2,0.000
2026-09-17,13:10:29.000,50.4121225,-5.1241878,39.4,0.000
2026-09-17,13:10:34.000,50.4121222,-5.1241906,39.4,0.000
2026-09-17,13:10:39.000,50.4121199,-5.1241918,39.2,0.000
2026-09-17,13:10:44.000,50.4120946,-5.1242013,39.6,0.000
2026-09-17,13:10:49.000,50.4120842,-5.1242215,39.4,0.000
2026-09-17,13:10:54.000,50.4120619,-5.1242568,39.8,0.000
2026-09-17,13:10:59.000,50.4120396,-5.1242790,38.6,0.504
2026-09-17,13:11:04.000,50.4120215,-5.1242739,36.4,0.746
2026-09-17,13:11:09.000,50.4120034,-5.1242793,35.2,0.579
2026-09-17,13:11:14.000,50.4119764,-5.1242845,35.2,0.551
2026-09-17,13:11:19.000,50.4119421,-5.1242835,34.8,0.672
2026-09-17,13:11:24.000,50.4119091,-5.1242901,34.6,0.802
2026-09-17,13:11:29.000,50.4118755,-5.1242994,32.6,0.830
2026-09-17,13:11:34.000,50.4118387,-5.1242955,31.0,0.830
2026-09-17,13:11:39.000,50.4118066,-5.1243019,29.6,0.914
2026-09-17,13:11:44.000,50.4117707,-5.1243105,28.2,0.961
2026-09-17,13:11:49.000,50.4117283,-5.1243019,26.8,0.933
2026-09-17,13:11:54.000,50.4116760,-5.1243021,26.2,1.026
2026-09-17,13:11:59.000,50.4116391,-5.1243085,25.0,1.073
2026-09-17,13:12:04.000,50.4115934,-5.1243100,23.4,0.998
2026-09-17,13:12:09.000,50.4115556,-5.1242980,21.8,1.017
2026-09-17,13:12:14.000,50.4115187,-5.1242927,22.2,0.961
2026-09-17,13:12:19.000,50.4115139,-5.1242978,21.4,0.914
2026-09-17,13:12:24.000,50.4115112,-5.1242754,21.8,0.000
2026-09-17,13:12:29.000,50.4114993,-5.1242127,21.8,0.000
2026-09-17,13:12:34.000,50.4114865,-5.1241468,22.0,0.383
2026-09-17,13:12:39.000,50.4114612,-5.1240754,22.4,1.120
2026-09-17,13:12:44.000,50.4114413,-5.1240028,23.0,1.073
2026-09-17,13:12:49.000,50.4114218,-5.1239226,22.6,1.138
2026-09-17,13:12:54.000,50.4114122,-5.1238355,23.0,1.166
2026-09-17,13:12:59.000,50.4114037,-5.1237432,23.4,1.316
2026-09-17,13:13:04.000,50.4113966,-5.1236545,23.8,1.260
2026-09-17,13:13:09.000,50.4113949,-5.1235683,23.0,1.269
2026-09-17,13:13:14.000,50.4113984,-5.1234756,23.0,1.269
2026-09-17,13:13:19.000,50.4113963,-5.1233937,23.2,1.288
2026-09-17,13:13:24.000,50.4114032,-5.1233062,23.4,1.269
2026-09-17,13:13:29.000,50.4114071,-5.1232147,23.6,1.278
2026-09-17,13:13:34.000,50.4114146,-5.1231302,24.0,1.250
2026-09-17,13:13:39.000,50.4114253,-5.1230458,23.8,1.260
2026-09-17,13:13:44.000,50.4114421,-5.1229671,24.4,1.241
2026-09-17,13:13:49.000,50.4114548,-5.1228867,24.6,1.213
2026-09-17,13:13:54.000,50.4114570,-5.1228116,24.6,1.222
2026-09-17,13:13:59.000,50.4114525,-5.1227640,24.6,1.148
2026-09-17,13:14:04.000,50.4114396,-5.1227153,24.4,1.026
2026-09-17,13:14:09.000,50.4114382,-5.1226943,24.0,0.812
2026-09-17,13:14:14.000,50.4114277,-5.1226173,23.6,0.746
2026-09-17,13:14:19.000,50.4114219,-5.1225332,24.2,1.204
2026-09-17,13:14:24.000,50.4114256,-5.1224446,24.4,1.092
2026-09-17,13:14:29.000,50.4114169,-5.1223446,24.0,1.372
2026-09-17,13:14:34.000,50.4114024,-5.1222652,24.0,1.129
2026-09-17,13:14:39.000,50.4113864,-5.1222190,23.8,1.129
2026-09-17,13:14:44.000,50.4113830,-5.1222078,24.4,0.905
2026-09-17,13:14:49.000,50.4113803,-5.1222071,22.6,0.000
2026-09-17,13:14:54.000,50.4113802,-5.1222067,22.8,0.000
2026-09-17,13:14:59.000,50.4113800,-5.1222066,23.4,0.000
2026-09-17,13:15:04.000,50.4113800,-5.1222066,23.2,0.000
2026-09-17,13:15:09.000,50.4113799,-5.1222067,23.6,0.000
2026-09-17,13:15:14.000,50.4113797,-5.1222067,23.6,0.000
2026-09-17,13:15:19.000,50.4113797,-5.1222068,23.4,0.000
2026-09-17,13:15:24.000,50.4113795,-5.1222068,23.4,0.000
2026-09-17,13:15:29.000,50.4113794,-5.1222068,23.6,0.000
2026-09-17,13:15:34.000,50.4113794,-5.1222069,23.8,0.000
2026-09-17,13:15:39.000,50.4113793,-5.1222070,23.6,0.000
2026-09-17,13:15:44.000,50.4113793,-5.1222071,23.4,0.000
2026-09-17,13:15:49.000,50.4113793,-5.1222071,23.6,0.000
2026-09-17,13:15:54.000,50.4113793,-5.1222072,23.6,0.000
2026-09-17,13:15:59.000,50.4113793,-5.1222072,23.8,0.000
2026-09-17,13:16:04.000,50.4113793,-5.1222072,23.8,0.000
2026-09-17,13:16:09.000,50.4113794,-5.1222072,24.0,0.000
2026-09-17,13:16:14.000,50.4113794,-5.1222071,24.2,0.000
2026-09-17,13:16:19.000,50.4113795,-5.1222071,24.2,0.000
2026-09-17,13:16:24.000,50.4113795,-5.1222071,24.6,0.000
2026-09-17,13:16:29.000,50.4113795,-5.1222071,24.2,0.000
2026-09-17,13:16:34.000,50.4113795,-5.1222070,24.0,0.000
2026-09-17,13:16:39.000,50.4113794,-5.1222069,24.4,0.000
2026-09-17,13:16:44.000,50.4113794,-5.1222068,24.4,0.000
2026-09-17,13:16:49.000,50.4113793,-5.1222068,24.2,0.000
2026-09-17,13:16:54.000,50.4113793,-5.1222068,24.2,0.000
2026-09-17,13:16:59.000,50.4113793,-5.1222068,24.6,0.000
2026-09-17,13:17:04.000,50.4113793,-5.1222069,24.8,0.000
2026-09-17,13:17:09.000,50.4113793,-5.1222069,24.4,0.000
2026-09-17,13:17:14.000,50.4113793,-5.1222070,24.4,0.000
2026-09-17,13:17:19.000,50.4113794,-5.1222070,24.4,0.000
2026-09-17,13:17:24.000,50.4113794,-5.1222071,25.0,0.000
2026-09-17,13:17:29.000,50.4113795,-5.1222071,24.4,0.000
2026-09-17,13:17:34.000,50.4113795,-5.1222072,24.8,0.000
2026-09-17,13:17:39.000,50.4113796,-5.1222072,25.0,0.000
2026-09-17,13:17:44.000,50.4113796,-5.1222072,24.8,0.000
2026-09-17,13:17:49.000,50.4113796,-5.1222073,24.8,0.000
2026-09-17,13:17:54.000,50.4113796,-5.1222073,25.2,0.000
2026-09-17,13:17:59.000,50.4113795,-5.1222072,25.2,0.000
2026-09-17,13:18:04.000,50.4113795,-5.1222072,25.0,0.000
2026-09-17,13:18:09.000,50.4113795,-5.1222071,25.0,0.000
2026-09-17,13:18:14.000,50.4113794,-5.1222071,24.8,0.000
2026-09-17,13:18:19.000,50.4113794,-5.1222071,25.0,0.000
2026-09-17,13:18:24.000,50.4113794,-5.1222071,25.0,0.000
2026-09-17,13:18:29.000,50.4113793,-5.1222071,25.2,0.000
2026-09-17,13:18:34.000,50.4113794,-5.1222071,25.2,0.000
2026-09-17,13:18:39.000,50.4113794,-5.1222071,25.2,0.000
2026-09-17,13:18:44.000,50.4113795,-5.1222071,25.0,0.000
2026-09-17,13:18:49.000,50.4113796,-5.1222071,25.4,0.000
2026-09-17,13:18:54.000,50.4113796,-5.1222070,25.2,0.000
2026-09-17,13:18:59.000,50.4113795,-5.1222068,25.4,0.000
2026-09-17,13:19:04.000,50.4113717,-5.1221981,25.2,0.000
2026-09-17,13:19:09.000,50.4113685,-5.1221952,25.0,0.000
2026-09-17,13:19:14.000,50.4113685,-5.1221949,25.6,0.000
2026-09-17,13:19:19.000,50.4113689,-5.1221947,25.6,0.000
2026-09-17,13:19:24.000,50.4113693,-5.1221944,25.8,0.000
2026-09-17,13:19:29.000,50.4113695,-5.1221939,25.6,0.000
2026-09-17,13:19:34.000,50.4113699,-5.1221934,25.6,0.000
2026-09-17,13:19:39.000,50.4113705,-5.1221928,25.6,0.000
2026-09-17,13:19:44.000,50.4113711,-5.1221922,25.6,0.000
2026-09-17,13:19:49.000,50.4113716,-5.1221916,25.6,0.000
2026-09-17,13:19:54.000,50.4113722,-5.1221910,25.6,0.000
2026-09-17,13:19:59.000,50.4113729,-5.1221903,25.8,0.000
2026-09-17,13:20:04.000,50.4113740,-5.1221897,25.8,0.000
2026-09-17,13:20:09.000,50.4113752,-5.1221889,26.2,0.000
2026-09-17,13:20:14.000,50.4113767,-5.1221882,25.2,0.000
2026-09-17,13:20:19.000,50.4113784,-5.1221876,24.8,0.000
2026-09-17,13:20:24.000,50.4113802,-5.1221871,24.8,0.000
2026-09-17,13:20:29.000,50.4113812,-5.1221870,25.8,0.000
2026-09-17,13:20:34.000,50.4113806,-5.1221873,27.0,0.000
2026-09-17,13:20:39.000,50.4113787,-5.1221888,26.4,0.000
2026-09-17,13:20:44.000,50.4113751,-5.1221848,26.4,0.000
2026-09-17,13:20:49.000,50.4113802,-5.1221711,27.4,0.000
2026-09-17,13:20:54.000,50.4113874,-5.1221305,27.6,0.000
2026-09-17,13:20:59.000,50.4113802,-5.1220745,26.8,0.551
2026-09-17,13:21:04.000,50.4113720,-5.1220224,27.2,0.896
2026-09-17,13:21:09.000,50.4113673,-5.1219649,27.4,0.896
2026-09-17,13:21:14.000,50.4113583,-5.1219002,27.6,0.896
2026-09-17,13:21:19.000,50.4113580,-5.1218557,28.0,0.914
2026-09-17,13:21:24.000,50.4113612,-5.1218060,28.6,0.868
2026-09-17,13:21:29.000,50.4113597,-5.1217725,28.4,0.821
2026-09-17,13:21:34.000,50.4113599,-5.1217680,29.2,0.737
2026-09-17,13:21:39.000,50.4113597,-5.1217663,29.6,0.000
2026-09-17,13:21:44.000,50.4113595,-5.1217644,29.4,0.000
2026-09-17,13:21:49.000,50.4113595,-5.1217582,29.2,0.000
2026-09-17,13:21:54.000,50.4113506,-5.1217067,29.0,0.000
2026-09-17,13:21:59.000,50.4113421,-5.1216583,29.6,0.644
2026-09-17,13:22:04.000,50.4113414,-5.1216546,30.0,0.000
2026-09-17,13:22:09.000,50.4113312,-5.1216055,30.2,0.000
2026-09-17,13:22:14.000,50.4113211,-5.1215282,31.0,0.868
2026-09-17,13:22:19.000,50.4113044,-5.1214528,31.6,1.073
2026-09-17,13:22:24.000,50.4112929,-5.1213891,31.4,1.138
2026-09-17,13:22:29.000,50.4112786,-5.1213127,31.0,1.073
2026-09-17,13:22:34.000,50.4112624,-5.1212409,31.6,1.120
2026-09-17,13:22:39.000,50.4112493,-5.1211701,31.8,1.129
2026-09-17,13:22:44.000,50.4112393,-5.1210996,31.8,1.101
2026-09-17,13:22:49.000,50.4112302,-5.1210222,32.4,1.101
2026-09-17,13:22:54.000,50.4112163,-5.1209432,32.4,1.120
2026-09-17,13:22:59.000,50.4111965,-5.1208696,34.0,1.166
2026-09-17,13:23:04.000,50.4111740,-5.1207964,33.8,1.166
2026-09-17,13:23:09.000,50.4111511,-5.1207223,34.0,1.166
2026-09-17,13:23:14.000,50.4111280,-5.1206496,35.2,1.269
2026-09-17,13:23:19.000,50.4111218,-5.1206335,35.0,0.980
2026-09-17,13:23:24.000,50.4111203,-5.1206330,34.0,0.000
2026-09-17,13:23:29.000,50.4111194,-5.1206337,33.6,0.000
2026-09-17,13:23:34.000,50.4111062,-5.1206453,35.8,0.000
2026-09-17,13:23:39.000,50.4110906,-5.1206720,34.2,0.000
2026-09-17,13:23:44.000,50.4110689,-5.1206811,33.6,0.000
2026-09-17,13:23:49.000,50.4110362,-5.1206880,34.2,0.000
2026-09-17,13:23:54.000,50.4109956,-5.1206735,33.4,0.000
2026-09-17,13:23:59.000,50.4109518,-5.1206615,31.6,0.336
2026-09-17,13:24:04.000,50.4109114,-5.1205922,32.8,0.961
2026-09-17,13:24:09.000,50.4108855,-5.1205103,34.0,1.148
2026-09-17,13:24:14.000,50.4108532,-5.1204395,34.2,1.306
2026-09-17,13:24:19.000,50.4108214,-5.1203741,33.6,1.269
2026-09-17,13:24:24.000,50.4107897,-5.1203035,32.4,1.185
2026-09-17,13:24:29.000,50.4107547,-5.1202309,33.0,1.344
2026-09-17,13:24:34.000,50.4107254,-5.1201547,33.0,1.381
2026-09-17,13:24:39.000,50.4107010,-5.1200850,32.8,1.316
2026-09-17,13:24:44.000,50.4106810,-5.1200006,33.0,1.297
2026-09-17,13:24:49.000,50.4106581,-5.1199063,33.0,1.288
2026-09-17,13:24:54.000,50.4106332,-5.1198206,32.8,1.334
2026-09-17,13:24:59.000,50.4106172,-5.1197305,33.4,1.344
2026-09-17,13:25:04.000,50.4106150,-5.1196917,33.2,1.362
2026-09-17,13:25:09.000,50.4106069,-5.1196202,33.6,0.551
2026-09-17,13:25:14.000,50.4105906,-5.1195295,33.6,1.409
2026-09-17,13:25:19.000,50.4105756,-5.1194277,33.8,1.512
2026-09-17,13:25:24.000,50.4105590,-5.1193367,34.0,1.409
2026-09-17,13:25:29.000,50.4105353,-5.1192416,34.4,1.428
2026-09-17,13:25:34.000,50.4105177,-5.1191490,34.6,1.437
2026-09-17,13:25:39.000,50.4105104,-5.1190564,34.0,1.428
2026-09-17,13:25:44.000,50.4104996,-5.1189631,35.2,1.418
2026-09-17,13:25:49.000,50.4104938,-5.1188771,35.2,1.418
2026-09-17,13:25:54.000,50.4104927,-5.1187830,35.4,1.372
2026-09-17,13:25:59.000,50.4104875,-5.1186990,35.4,1.344
2026-09-17,13:26:04.000,50.4104792,-5.1186065,35.4,1.372
2026-09-17,13:26:09.000,50.4104740,-5.1185071,36.0,1.353
2026-09-17,13:26:14.000,50.4104820,-5.1184181,35.6,1.372
2026-09-17,13:26:19.000,50.4104889,-5.1183339,35.6,1.353
2026-09-17,13:26:24.000,50.4104921,-5.1182491,36.0,1.297
2026-09-17,13:26:29.000,50.4104963,-5.1181538,37.0,1.297
2026-09-17,13:26:34.000,50.4104937,-5.1180647,37.0,1.288
2026-09-17,13:26:39.000,50.4104928,-5.1179754,37.6,1.297
2026-09-17,13:26:44.000,50.4104968,-5.1178886,37.8,1.297
2026-09-17,13:26:49.000,50.4104961,-5.1177964,38.0,1.297
2026-09-17,13:26:54.000,50.4104885,-5.1177080,38.2,1.297
2026-09-17,13:26:59.000,50.4104917,-5.1176233,39.2,1.297
2026-09-17,13:27:04.000,50.4104934,-5.1175359,38.4,1.288
2026-09-17,13:27:09.000,50.4104910,-5.1174616,38.4,1.269
2026-09-17,13:27:14.000,50.4104855,-5.1173725,38.4,1.241
2026-09-17,13:27:19.000,50.4104788,-5.1172884,38.2,1.250
2026-09-17,13:27:24.000,50.4104720,-5.1172059,38.0,1.250
2026-09-17,13:27:29.000,50.4104642,-5.1171167,38.0,1.241
2026-09-17,13:27:34.000,50.4104514,-5.1170279,38.0,1.241
2026-09-17,13:27:39.000,50.4104426,-5.1169495,37.8,1.241
2026-09-17,13:27:44.000,50.4104462,-5.1168990,38.2,1.260
2026-09-17,13:27:49.000,50.4104475,-5.1168967,38.4,0.000
2026-09-17,13:27:54.000,50.4104483,-5.1169000,38.0,0.000
2026-09-17,13:27:59.000,50.4104494,-5.1168997,37.8,0.000
2026-09-17,13:28:04.000,50.4104491,-5.1168976,37.6,0.000
2026-09-17,13:28:09.000,50.4104448,-5.1168936,37.4,0.000
2026-09-17,13:28:14.000,50.4104450,-5.1168932,37.0,0.000
2026-09-17,13:28:19.000,50.4104456,-5.1168936,37.8,0.000
2026-09-17,13:28:24.000,50.4104462,-5.1168941,37.8,0.000
2026-09-17,13:28:29.000,50.4104460,-5.1168946,38.2,0.000
2026-09-17,13:28:34.000,50.4104443,-5.1168999,38.4,0.000
2026-09-17,13:28:39.000,50.4104427,-5.1169042,38.2,0.000
2026-09-17,13:28:44.000,50.4104426,-5.1169052,37.8,0.000
2026-09-17,13:28:49.000,50.4104430,-5.1169051,37.6,0.000
2026-09-17,13:28:54.000,50.4104445,-5.1169049,38.0,0.000
2026-09-17,13:28:59.000,50.4104462,-5.1169045,37.6,0.000
2026-09-17,13:29:04.000,50.4104473,-5.1169040,37.6,0.000
2026-09-17,13:29:09.000,50.4104475,-5.1168973,37.6,0.000
2026-09-17,13:29:14.000,50.4104363,-5.1168186,37.6,0.653
2026-09-17,13:29:19.000,50.4104266,-5.1167261,37.8,1.353
2026-09-17,13:29:24.000,50.4104228,-5.1166315,38.6,1.288
2026-09-17,13:29:29.000,50.4104185,-5.1165487,39.2,1.344
2026-09-17,13:29:34.000,50.4104147,-5.1164637,39.0,1.334
2026-09-17,13:29:39.000,50.4104098,-5.1163750,39.4,1.334
2026-09-17,13:29:44.000,50.4104075,-5.1162927,40.0,1.316
2026-09-17,13:29:49.000,50.4104033,-5.1162160,40.0,1.269
2026-09-17,13:29:54.000,50.4103887,-5.1161383,40.0,1.278
2026-09-17,13:29:59.000,50.4103726,-5.1160430,39.8,1.306
2026-09-17,13:30:04.000,50.4103509,-5.1159629,39.6,1.306
2026-09-17,13:30:09.000,50.4103420,-5.1158790,39.6,1.278
2026-09-17,13:30:14.000,50.4103348,-5.1157912,39.2,1.288
2026-09-17,13:30:19.000,50.4103255,-5.1157011,40.2,1.288
2026-09-17,13:30:24.000,50.4103145,-5.1156100,40.0,1.297
2026-09-17,13:30:29.000,50.4103053,-5.1155234,40.4,1.306
2026-09-17,13:30:34.000,50.4102895,-5.1154406,40.2,1.297
2026-09-17,13:30:39.000,50.4102673,-5.1153530,39.4,1.288
2026-09-17,13:30:44.000,50.4102568,-5.1152672,40.8,1.325
2026-09-17,13:30:49.000,50.4102507,-5.1151743,41.2,1.306
2026-09-17,13:30:54.000,50.4102443,-5.1150838,41.4,1.297
2026-09-17,13:30:59.000,50.4102423,-5.1149998,41.4,1.278
2026-09-17,13:31:04.000,50.4102315,-5.1149151,42.6,1.278
2026-09-17,13:31:09.000,50.4102196,-5.1148186,42.4,1.269
2026-09-17,13:31:14.000,50.4102056,-5.1147361,42.4,1.260
2026-09-17,13:31:19.000,50.4101981,-5.1146505,42.2,1.269
2026-09-17,13:31:24.000,50.4101997,-5.1145676,42.8,1.241
2026-09-17,13:31:29.000,50.4101815,-5.1144903,43.0,1.241
2026-09-17,13:31:34.000,50.4101689,-5.1144024,43.0,1.176
2026-09-17,13:31:39.000,50.4101634,-5.1143160,43.8,1.194
2026-09-17,13:31:44.000,50.4101552,-5.1142362,45.0,1.166
2026-09-17,13:31:49.000,50.4101480,-5.1141485,44.8,1.185
2026-09-17,13:31:54.000,50.4101192,-5.1140617,44.8,1.213
2026-09-17,13:31:59.000,50.4100882,-5.1139892,44.4,1.260
2026-09-17,13:32:04.000,50.4100728,-5.1139009,44.4,1.278
2026-09-17,13:32:09.000,50.4100700,-5.1138068,45.2,1.250
2026-09-17,13:32:14.000,50.4100701,-5.1136990,45.0,1.316
2026-09-17,13:32:19.000,50.4100676,-5.1136053,45.8,1.334
2026-09-17,13:32:24.000,50.4100698,-5.1135083,45.4,1.334
2026-09-17,13:32:29.000,50.4100727,-5.1134133,44.8,1.325
2026-09-17,13:32:34.000,50.4100697,-5.1133064,43.6,1.325
2026-09-17,13:32:39.000,50.4100727,-5.1132062,44.0,1.353
2026-09-17,13:32:44.000,50.4100758,-5.1131024,43.6,1.344
2026-09-17,13:32:49.000,50.4100785,-5.1130038,43.2,1.362
2026-09-17,13:32:54.000,50.4100889,-5.1129118,43.4,1.362
2026-09-17,13:32:59.000,50.4100987,-5.1128163,43.6,1.362
2026-09-17,13:33:04.000,50.4101039,-5.1127175,43.8,1.362
2026-09-17,13:33:09.000,50.4101054,-5.1126290,43.4,1.362
2026-09-17,13:33:14.000,50.4101170,-5.1125398,44.4,1.362
2026-09-17,13:33:19.000,50.4101204,-5.1124594,44.6,1.297
2026-09-17,13:33:24.000,50.4101269,-5.1123733,45.4,1.269
2026-09-17,13:33:29.000,50.4101338,-5.1122961,46.4,1.278
2026-09-17,13:33:34.000,50.4101485,-5.1122035,46.4,1.269
2026-09-17,13:33:39.000,50.4101585,-5.1121158,47.8,1.269
2026-09-17,13:33:44.000,50.4101667,-5.1120184,47.8,1.278
2026-09-17,13:33:49.000,50.4101786,-5.1119437,47.6,1.297
2026-09-17,13:33:54.000,50.4101956,-5.1118523,48.4,1.269
2026-09-17,13:33:59.000,50.4102133,-5.1117627,48.2,1.316
2026-09-17,13:34:04.000,50.4102348,-5.1116796,48.4,1.306
2026-09-17,13:34:09.000,50.4102599,-5.1115935,48.8,1.334
2026-09-17,13:34:14.000,50.4102845,-5.1115069,49.0,1.316
2026-09-17,13:34:19.000,50.4103030,-5.1114194,49.0,1.334
2026-09-17,13:34:24.000,50.4103214,-5.1113326,49.0,1.316
2026-09-17,13:34:29.000,50.4103390,-5.1112421,48.8,1.316
2026-09-17,13:34:34.000,50.4103611,-5.1111564,49.6,1.306
2026-09-17,13:34:39.000,50.4103862,-5.1110704,49.2,1.325
2026-09-17,13:34:44.000,50.4104198,-5.1109880,49.2,1.316
2026-09-17,13:34:49.000,50.4104514,-5.1109142,49.8,1.325
2026-09-17,13:34:54.000,50.4104540,-5.1108227,49.0,1.325
2026-09-17,13:34:59.000,50.4104357,-5.1107443,48.6,1.297
2026-09-17,13:35:04.000,50.4104251,-5.1106614,47.6,1.288
2026-09-17,13:35:09.000,50.4104216,-5.1106013,46.6,1.269
2026-09-17,13:35:14.000,50.4104201,-5.1105086,45.8,1.213
2026-09-17,13:35:19.000,50.4104216,-5.1104244,45.6,1.372
2026-09-17,13:35:24.000,50.4104264,-5.1103511,44.8,1.064
2026-09-17,13:35:29.000,50.4104290,-5.1102703,44.8,1.297
2026-09-17,13:35:34.000,50.4104312,-5.1101910,43.6,1.176
2026-09-17,13:35:39.000,50.4104340,-5.1101112,42.8,1.138
2026-09-17,13:35:44.000,50.4104379,-5.1100394,42.2,1.129
2026-09-17,13:35:49.000,50.4104380,-5.1099609,41.6,1.120
2026-09-17,13:35:54.000,50.4104350,-5.1098879,40.6,1.138
2026-09-17,13:35:59.000,50.4104336,-5.1098071,39.6,1.129
2026-09-17,13:36:04.000,50.4104280,-5.1097222,38.4,1.110
2026-09-17,13:36:09.000,50.4104224,-5.1096425,37.8,1.110
2026-09-17,13:36:14.000,50.4104151,-5.1095629,37.2,1.157
2026-09-17,13:36:19.000,50.4104073,-5.1094762,36.6,1.166
2026-09-17,13:36:24.000,50.4104054,-5.1093939,35.6,1.148
2026-09-17,13:36:29.000,50.4103939,-5.1093145,34.8,1.166
2026-09-17,13:36:34.000,50.4103886,-5.1092234,34.4,1.176
2026-09-17,13:36:39.000,50.4103835,-5.1091291,33.8,1.176
2026-09-17,13:36:44.000,50.4103757,-5.1090418,33.2,1.185
2026-09-17,13:36:49.000,50.4103660,-5.1089566,32.8,1.194
2026-09-17,13:36:54.000,50.4103600,-5.1088683,32.2,1.185
2026-09-17,13:36:59.000,50.4103601,-5.1087738,32.4,1.213
2026-09-17,13:37:04.000,50.4103480,-5.1086663,32.2,1.241
2026-09-17,13:37:09.000,50.4103384,-5.1085739,30.8,1.269
2026-09-17,13:37:14.000,50.4103310,-5.1084740,31.0,1.288
2026-09-17,13:37:19.000,50.4103236,-5.1083843,31.2,1.288
2026-09-17,13:37:24.000,50.4103163,-5.1082969,31.4,1.344
2026-09-17,13:37:29.000,50.4103036,-5.1082033,31.0,1.325
2026-09-17,13:37:34.000,50.4102961,-5.1081055,30.8,1.325
2026-09-17,13:37:39.000,50.4102849,-5.1080055,32.2,1.316
2026-09-17,13:37:44.000,50.4102758,-5.1079159,32.0,1.353
2026-09-17,13:37:49.000,50.4102650,-5.1078221,32.0,1.362
2026-09-17,13:37:54.000,50.4102529,-5.1077342,31.6,1.362
2026-09-17,13:37:59.000,50.4102436,-5.1076429,31.8,1.372
2026-09-17,13:38:04.000,50.4102354,-5.1075467,32.4,1.372
2026-09-17,13:38:09.000,50.4102329,-5.1074431,32.6,1.353
2026-09-17,13:38:14.000,50.4102316,-5.1073539,32.4,1.372
2026-09-17,13:38:19.000,50.4102221,-5.1072600,33.0,1.381
2026-09-17,13:38:24.000,50.4102233,-5.1071628,33.4,1.381
2026-09-17,13:38:29.000,50.4102197,-5.1070742,33.4,1.372
2026-09-17,13:38:34.000,50.4101989,-5.1069936,33.8,1.372
2026-09-17,13:38:39.000,50.4101826,-5.1068972,33.8,1.353
2026-09-17,13:38:44.000,50.4101760,-5.1068012,33.4,1.353
2026-09-17,13:38:49.000,50.4101820,-5.1067019,33.6,1.390
2026-09-17,13:38:54.000,50.4101806,-5.1066129,33.8,1.381
2026-09-17,13:38:59.000,50.4101781,-5.1065180,33.4,1.400
2026-09-17,13:39:04.000,50.4101743,-5.1064276,33.4,1.372
2026-09-17,13:39:09.000,50.4101724,-5.1063307,32.6,1.372
2026-09-17,13:39:14.000,50.4101740,-5.1062329,33.2,1.353
2026-09-17,13:39:19.000,50.4101732,-5.1061335,33.8,1.409
2026-09-17,13:39:24.000,50.4101690,-5.1060331,33.8,1.362
2026-09-17,13:39:29.000,50.4101586,-5.1059403,33.6,1.390
2026-09-17,13:39:34.000,50.4101482,-5.1058398,33.0,1.372
2026-09-17,13:39:39.000,50.4101375,-5.1057393,33.8,1.381
2026-09-17,13:39:44.000,50.4101266,-5.1056409,33.8,1.400
2026-09-17,13:39:49.000,50.4101194,-5.1055488,33.6,1.409
2026-09-17,13:39:54.000,50.4101183,-5.1054523,33.8,1.400
2026-09-17,13:39:59.000,50.4101214,-5.1053560,34.2,1.390
2026-09-17,13:40:04.000,50.4101252,-5.1052589,33.8,1.390
2026-09-17,13:40:09.000,50.4101384,-5.1051629,34.0,1.390
2026-09-17,13:40:14.000,50.4101588,-5.1050800,34.6,1.400
2026-09-17,13:40:19.000,50.4101831,-5.1049897,35.4,1.390
2026-09-17,13:40:24.000,50.4102100,-5.1049046,35.4,1.372
2026-09-17,13:40:29.000,50.4102329,-5.1048119,35.4,1.390
2026-09-17,13:40:34.000,50.4102530,-5.1047293,35.6,1.372
2026-09-17,13:40:39.000,50.4102805,-5.1046385,36.2,1.372
2026-09-17,13:40:44.000,50.4103032,-5.1045551,36.4,1.353
2026-09-17,13:40:49.000,50.4102942,-5.1044780,36.8,1.316
2026-09-17,13:40:54.000,50.4102432,-5.1044213,36.0,1.297
2026-09-17,13:40:59.000,50.4101905,-5.1043644,35.2,1.278
2026-09-17,13:41:04.000,50.4101576,-5.1043260,35.4,1.306
2026-09-17,13:41:09.000,50.4101328,-5.1042740,35.6,1.232
2026-09-17,13:41:14.000,50.4100916,-5.1042008,35.0,1.213
2026-09-17,13:41:19.000,50.4100539,-5.1041143,35.2,1.250
2026-09-17,13:41:24.000,50.4100213,-5.1040218,35.6,1.297
2026-09-17,13:41:29.000,50.4099995,-5.1039344,35.8,1.353
2026-09-17,13:41:34.000,50.4099810,-5.1038413,35.6,1.334
2026-09-17,13:41:39.000,50.4099622,-5.1037501,35.4,1.334
2026-09-17,13:41:44.000,50.4099485,-5.1036476,35.2,1.344
2026-09-17,13:41:49.000,50.4099441,-5.1035449,35.2,1.344
2026-09-17,13:41:54.000,50.4099318,-5.1034445,34.8,1.390
2026-09-17,13:41:59.000,50.4099206,-5.1033513,34.8,1.381
2026-09-17,13:42:04.000,50.4099095,-5.1032495,34.6,1.381
2026-09-17,13:42:09.000,50.4098939,-5.1031462,35.2,1.390
2026-09-17,13:42:14.000,50.4098816,-5.1030524,34.4,1.400
2026-09-17,13:42:19.000,50.4098734,-5.1029508,34.4,1.400
2026-09-17,13:42:24.000,50.4098583,-5.1028515,34.4,1.400
2026-09-17,13:42:29.000,50.4098443,-5.1027487,34.8,1.390
2026-09-17,13:42:34.000,50.4098313,-5.1026583,34.4,1.437
2026-09-17,13:42:39.000,50.4098240,-5.1025679,34.6,1.390
2026-09-17,13:42:44.000,50.4098117,-5.1024794,34.2,1.372
2026-09-17,13:42:49.000,50.4098080,-5.1024582,34.2,1.362
2026-09-17,13:42:54.000,50.4098096,-5.1024629,34.0,0.000
2026-09-17,13:42:59.000,50.4098137,-5.1024675,34.0,0.000
2026-09-17,13:43:04.000,50.4098134,-5.1024661,34.6,0.000
2026-09-17,13:43:09.000,50.4098143,-5.1024618,34.6,0.000
2026-09-17,13:43:14.000,50.4098136,-5.1024543,34.4,0.495
2026-09-17,13:43:19.000,50.4098123,-5.1023958,34.6,0.000
2026-09-17,13:43:24.000,50.4098016,-5.1023033,34.2,0.868
2026-09-17,13:43:29.000,50.4097900,-5.1022104,34.2,1.456
2026-09-17,13:43:34.000,50.4097785,-5.1021412,34.8,1.437
2026-09-17,13:43:39.000,50.4097603,-5.1020459,34.2,1.288
2026-09-17,13:43:44.000,50.4097424,-5.1019472,34.4,1.530
2026-09-17,13:43:49.000,50.4097377,-5.1018579,35.2,1.456
2026-09-17,13:43:54.000,50.4097263,-5.1017692,35.4,1.278
2026-09-17,13:43:59.000,50.4097102,-5.1016755,35.4,1.344
2026-09-17,13:44:04.000,50.4096962,-5.1015768,35.4,1.344
2026-09-17,13:44:09.000,50.4096961,-5.1014814,36.2,1.390
2026-09-17,13:44:14.000,50.4096894,-5.1013703,36.4,1.381
2026-09-17,13:44:19.000,50.4096769,-5.1012785,36.6,1.409
2026-09-17,13:44:24.000,50.4096573,-5.1011805,36.0,1.409
2026-09-17,13:44:29.000,50.4096370,-5.1010916,36.4,1.409
2026-09-17,13:44:34.000,50.4096196,-5.1009935,36.6,1.418
2026-09-17,13:44:39.000,50.4096025,-5.1009093,37.0,1.409
2026-09-17,13:44:44.000,50.4095956,-5.1008088,37.2,1.409
2026-09-17,13:44:49.000,50.4095825,-5.1007165,36.6,1.409
2026-09-17,13:44:54.000,50.4095714,-5.1006297,37.0,1.409
2026-09-17,13:44:59.000,50.4095589,-5.1005307,36.8,1.390
2026-09-17,13:45:04.000,50.4095539,-5.1004516,36.6,1.400
2026-09-17,13:45:09.000,50.4095407,-5.1003738,36.4,1.372
2026-09-17,13:45:14.000,50.4095179,-5.1003277,36.2,1.316
2026-09-17,13:45:19.000,50.4095001,-5.1003150,36.6,1.194
2026-09-17,13:45:24.000,50.4094528,-5.1003112,35.8,1.138
2026-09-17,13:45:29.000,50.4094054,-5.1003247,35.6,1.204
2026-09-17,13:45:34.000,50.4093451,-5.1003331,34.4,1.334
2026-09-17,13:45:39.000,50.4092967,-5.1003513,34.0,1.148
2026-09-17,13:45:44.000,50.4092433,-5.1003680,33.2,1.334
2026-09-17,13:45:49.000,50.4091900,-5.1003790,32.4,1.213
2026-09-17,13:45:54.000,50.4091372,-5.1003808,31.2,1.222
2026-09-17,13:45:59.000,50.4090882,-5.1003877,30.4,1.185
2026-09-17,13:46:04.000,50.4090386,-5.1004007,29.4,1.194
2026-09-17,13:46:09.000,50.4089968,-5.1004146,28.4,1.176
2026-09-17,13:46:14.000,50.4089586,-5.1004134,27.6,1.129
2026-09-17,13:46:19.000,50.4089099,-5.1004206,26.4,1.101
2026-09-17,13:46:24.000,50.4088825,-5.1004801,25.2,1.092
2026-09-17,13:46:29.000,50.4088647,-5.1005511,24.2,1.101
2026-09-17,13:46:34.000,50.4088476,-5.1005948,23.4,1.064
2026-09-17,13:46:39.000,50.4088240,-5.1006276,22.2,1.017
2026-09-17,13:46:44.000,50.4088026,-5.1006385,21.6,0.942
2026-09-17,13:46:49.000,50.4087884,-5.1006455,20.6,0.644
2026-09-17,13:46:54.000,50.4087565,-5.1006354,19.2,0.000
2026-09-17,13:46:59.000,50.4087194,-5.1006064,18.2,0.000
2026-09-17,13:47:04.000,50.4086886,-5.1005629,16.6,0.000
2026-09-17,13:47:09.000,50.4086644,-5.1005457,16.4,0.644
2026-09-17,13:47:14.000,50.4086337,-5.1005154,16.2,0.000
2026-09-17,13:47:19.000,50.4086047,-5.1004551,15.6,1.334
2026-09-17,13:47:24.000,50.4085890,-5.1003869,14.8,1.260
2026-09-17,13:47:29.000,50.4085731,-5.1003261,14.0,1.120
2026-09-17,13:47:34.000,50.4085549,-5.1002648,14.4,1.120
2026-09-17,13:47:39.000,50.4085333,-5.1001945,14.2,1.064
2026-09-17,13:47:44.000,50.4085105,-5.1000969,14.4,1.241
2026-09-17,13:47:49.000,50.4084778,-5.1000178,13.6,1.372
2026-09-17,13:47:54.000,50.4084561,-5.0999436,12.6,1.334
2026-09-17,13:47:59.000,50.4084392,-5.0998626,13.0,1.241
2026-09-17,13:48:04.000,50.4084230,-5.0997738,12.2,1.241
2026-09-17,13:48:09.000,50.4083998,-5.0996829,12.2,1.222
2026-09-17,13:48:14.000,50.4083904,-5.0996021,12.6,1.222
2026-09-17,13:48:19.000,50.4083845,-5.0995273,12.2,1.241
2026-09-17,13:48:24.000,50.4083699,-5.0994435,11.6,1.194
2026-09-17,13:48:29.000,50.4083576,-5.0993481,11.8,1.176
2026-09-17,13:48:34.000,50.4083499,-5.0992653,11.2,1.194
2026-09-17,13:48:39.000,50.4083483,-5.0991660,11.2,1.232
2026-09-17,13:48:44.000,50.4083507,-5.0990785,11.8,1.241
2026-09-17,13:48:49.000,50.4083426,-5.0990000,11.8,1.213
2026-09-17,13:48:54.000,50.4083246,-5.0989244,11.4,1.241
2026-09-17,13:48:59.000,50.4083166,-5.0988482,11.2,1.250
2026-09-17,13:49:04.000,50.4083171,-5.0987814,11.6,1.185
2026-09-17,13:49:09.000,50.4082981,-5.0987012,12.2,1.185
2026-09-17,13:49:14.000,50.4082743,-5.0986199,11.4,1.260
2026-09-17,13:49:19.000,50.4082605,-5.0985231,11.2,1.316
2026-09-17,13:49:24.000,50.4082395,-5.0984459,10.8,1.306
2026-09-17,13:49:29.000,50.4082214,-5.0983851,8.8,1.278
2026-09-17,13:49:34.000,50.4082184,-5.0983700,8.6,1.194
2026-09-17,13:49:39.000,50.4082154,-5.0983730,8.4,0.420
2026-09-17,13:49:44.000,50.4082007,-5.0984166,8.4,0.364
2026-09-17,13:49:49.000,50.4081991,-5.0984592,7.6,0.980
2026-09-17,13:49:54.000,50.4081970,-5.0984706,7.2,0.000
2026-09-17,13:49:59.000,50.4081847,-5.0984647,7.2,0.000
2026-09-17,13:50:04.000,50.4081588,-5.0984373,6.0,0.401
2026-09-17,13:50:09.000,50.4081501,-5.0984351,6.0,0.000
2026-09-17,13:50:14.000,50.4081437,-5.0984350,5.4,0.000
2026-09-17,13:50:19.000,50.4081424,-5.0984341,4.8,0.000
2026-09-17,13:50:24.000,50.4081338,-5.0984354,5.6,0.000
2026-09-17,13:50:29.000,50.4081015,-5.0984652,5.8,0.000
2026-09-17,13:50:34.000,50.4080739,-5.0985343,4.6,0.914
2026-09-17,13:50:39.000,50.4080441,-5.0986286,4.6,1.288
2026-09-17,13:50:44.000,50.4080374,-5.0987113,4.4,1.353
2026-09-17,13:50:49.000,50.4080394,-5.0987890,4.8,1.325
2026-09-17,13:50:54.000,50.4080318,-5.0988649,4.4,1.241
2026-09-17,13:50:59.000,50.4080177,-5.0989402,4.2,1.194
2026-09-17,13:51:04.000,50.4079905,-5.0990119,4.6,1.138
2026-09-17,13:51:09.000,50.4079520,-5.0990569,4.6,1.129
2026-09-17,13:51:14.000,50.4078946,-5.0990707,4.4,1.110
2026-09-17,13:51:19.000,50.4078363,-5.0990851,5.6,1.185
2026-09-17,13:51:24.000,50.4077838,-5.0990963,5.0,1.241
2026-09-17,13:51:29.000,50.4077293,-5.0991082,5.8,1.260
2026-09-17,13:51:34.000,50.4076739,-5.0991207,4.4,1.260
2026-09-17,13:51:39.000,50.4076282,-5.0991355,0.2,1.260
2026-09-17,13:51:44.000,50.4075803,-5.0991429,6.2,1.194
2026-09-17,13:51:49.000,50.4075316,-5.0991522,6.6,1.148
2026-09-17,13:51:54.000,50.4074993,-5.0991654,3.8,1.148
2026-09-17,13:51:59.000,50.4074631,-5.0991794,3.0,1.054
2026-09-17,13:52:04.000,50.4074145,-5.0991771,4.8,0.998
2026-09-17,13:52:09.000,50.4073645,-5.0991837,4.4,1.082
2026-09-17,13:52:14.000,50.4073066,-5.0991835,5.0,1.101
2026-09-17,13:52:19.000,50.4072576,-5.0991904,5.4,1.110
2026-09-17,13:52:24.000,50.4072067,-5.0992034,5.0,1.138
2026-09-17,13:52:29.000,50.4071584,-5.0992258,5.6,1.148
2026-09-17,13:52:34.000,50.4071057,-5.0992543,6.2,1.148
2026-09-17,13:52:39.000,50.4070505,-5.0992745,5.6,1.176
2026-09-17,13:52:44.000,50.4069978,-5.0992860,4.8,1.194
2026-09-17,13:52:49.000,50.4069405,-5.0992942,4.0,1.176
2026-09-17,13:52:54.000,50.4068802,-5.0993144,4.0,1.204
2026-09-17,13:52:59.000,50.4068251,-5.0993403,3.8,1.222
2026-09-17,13:53:04.000,50.4067699,-5.0993659,3.4,1.213
2026-09-17,13:53:09.000,50.4067176,-5.0993931,3.4,1.222
2026-09-17,13:53:14.000,50.4066594,-5.0994153,3.0,1.232
2026-09-17,13:53:19.000,50.4066078,-5.0994319,3.2,1.222
2026-09-17,13:53:24.000,50.4065481,-5.0994523,3.2,1.381
2026-09-17,13:53:29.000,50.4064880,-5.0994759,3.0,1.250
2026-09-17,13:53:34.000,50.4064316,-5.0995009,3.2,1.269
2026-09-17,13:53:39.000,50.4063742,-5.0995195,2.8,1.306
2026-09-17,13:53:44.000,50.4063188,-5.0995489,2.6,1.297
2026-09-17,13:53:49.000,50.4062563,-5.0995707,2.4,1.316
2026-09-17,13:53:54.000,50.4062001,-5.0995819,2.8,1.362
2026-09-17,13:53:59.000,50.4061472,-5.0996053,2.6,1.353
2026-09-17,13:54:04.000,50.4060929,-5.0996420,2.2,1.334
2026-09-17,13:54:09.000,50.4060414,-5.0996828,2.6,1.306
2026-09-17,13:54:14.000,50.4059913,-5.0997281,3.0,1.316
2026-09-17,13:54:19.000,50.4059447,-5.0997646,3.2,1.306
2026-09-17,13:54:24.000,50.4058899,-5.0998002,2.6,1.269
2026-09-17,13:54:29.000,50.4058365,-5.0998241,2.6,1.288
2026-09-17,13:54:34.000,50.4057795,-5.0998478,3.0,1.288
2026-09-17,13:54:39.000,50.4057261,-5.0998617,3.6,1.213
2026-09-17,13:54:44.000,50.4056697,-5.0998645,2.8,1.269
2026-09-17,13:54:49.000,50.4056173,-5.0998647,2.8,1.278
2026-09-17,13:54:54.000,50.4056085,-5.0998656,3.0,1.129
2026-09-17,13:54:59.000,50.4056055,-5.0998709,3.0,0.858
2026-09-17,13:55:04.000,50.4056090,-5.0998611,3.6,0.000
2026-09-17,13:55:09.000,50.4056112,-5.0998585,3.6,0.000
2026-09-17,13:55:14.000,50.4055996,-5.0998593,3.4,0.000
2026-09-17,13:55:19.000,50.4055458,-5.0998414,3.4,0.000
2026-09-17,13:55:24.000,50.4054888,-5.0998167,3.4,1.250
2026-09-17,13:55:29.000,50.4054334,-5.0997911,3.2,1.213
2026-09-17,13:55:34.000,50.4053790,-5.0997822,3.4,1.194
2026-09-17,13:55:39.000,50.4053194,-5.0997746,3.8,1.185
2026-09-17,13:55:44.000,50.4052677,-5.0997580,3.8,1.194
2026-09-17,13:55:49.000,50.4052366,-5.0997364,4.0,1.110
2026-09-17,13:55:54.000,50.4051810,-5.0996931,4.2,1.026
2026-09-17,13:55:59.000,50.4051366,-5.0996430,4.4,1.073
2026-09-17,13:56:04.000,50.4050857,-5.0996080,4.0,1.157
2026-09-17,13:56:09.000,50.4050375,-5.0995656,4.2,1.176
2026-09-17,13:56:14.000,50.4049945,-5.0995217,4.2,1.204
2026-09-17,13:56:19.000,50.4049421,-5.0994840,4.4,1.176
2026-09-17,13:56:24.000,50.4048799,-5.0994466,4.4,1.148
2026-09-17,13:56:29.000,50.4048357,-5.0994113,4.4,1.250
2026-09-17,13:56:34.000,50.4048086,-5.0993812,3.8,1.232
2026-09-17,13:56:39.000,50.4048068,-5.0993825,4.6,1.026
2026-09-17,13:56:44.000,50.4048063,-5.0993817,4.8,0.000
2026-09-17,13:56:49.000,50.4047984,-5.0993636,4.4,0.000
2026-09-17,13:56:54.000,50.4047968,-5.0993596,4.8,0.000
2026-09-17,13:56:59.000,50.4047963,-5.0993601,4.4,0.000
2026-09-17,13:57:04.000,50.4047961,-5.0993601,4.4,0.000
2026-09-17,13:57:09.000,50.4047956,-5.0993605,4.6,0.000
2026-09-17,13:57:14.000,50.4047950,-5.0993610,4.6,0.000
2026-09-17,13:57:19.000,50.4047943,-5.0993615,4.6,0.000
2026-09-17,13:57:24.000,50.4047937,-5.0993620,4.8,0.000
2026-09-17,13:57:29.000,50.4047931,-5.0993602,5.2,0.000
2026-09-17,13:57:34.000,50.4047848,-5.0993419,5.0,0.000
2026-09-17,13:57:39.000,50.4047833,-5.0993474,5.4,0.000
2026-09-17,13:57:44.000,50.4047832,-5.0993465,5.4,0.000
2026-09-17,13:57:49.000,50.4047795,-5.0993345,5.4,0.000
2026-09-17,13:57:54.000,50.4047657,-5.0993203,5.4,0.000
2026-09-17,13:57:59.000,50.4047187,-5.0992991,5.0,0.000
2026-09-17,13:58:04.000,50.4046698,-5.0992537,5.2,1.241
2026-09-17,13:58:09.000,50.4046222,-5.0992517,5.2,1.204
2026-09-17,13:58:14.000,50.4045905,-5.0993276,5.2,1.194
2026-09-17,13:58:19.000,50.4045679,-5.0993947,4.8,1.325
2026-09-17,13:58:24.000,50.4045637,-5.0994190,5.0,1.232
2026-09-17,13:58:29.000,50.4045712,-5.0994686,5.2,0.000
2026-09-17,13:58:34.000,50.4045751,-5.0994868,5.8,0.000
2026-09-17,13:58:39.000,50.4045806,-5.0995133,5.6,0.000
2026-09-17,13:58:44.000,50.4045854,-5.0995252,6.2,0.000
2026-09-17,13:58:49.000,50.4046059,-5.0995511,6.4,0.000
2026-09-17,13:58:54.000,50.4046207,-5.0996047,6.4,0.541
2026-09-17,13:58:59.000,50.4046329,-5.0996625,7.0,0.980
2026-09-17,13:59:04.000,50.4046648,-5.0997108,7.4,1.064
2026-09-17,13:59:09.000,50.4046868,-5.0997735,7.6,1.082
2026-09-17,13:59:14.000,50.4046849,-5.0998394,8.0,1.101
2026-09-17,13:59:19.000,50.4046933,-5.0999007,8.8,1.064
2026-09-17,13:59:24.000,50.4047209,-5.0999492,10.0,1.110
2026-09-17,13:59:29.000,50.4047510,-5.0999920,10.6,1.082
2026-09-17,13:59:34.000,50.4047792,-5.1000298,11.4,1.054
2026-09-17,13:59:39.000,50.4047922,-5.1000836,12.0,1.026
2026-09-17,13:59:44.000,50.4047975,-5.1001477,13.0,1.026
2026-09-17,13:59:49.000,50.4048143,-5.1002081,13.8,0.998
2026-09-17,13:59:54.000,50.4048584,-5.1002324,14.8,1.008
2026-09-17,13:59:59.000,50.4049078,-5.1002249,14.2,1.064
2026-09-17,14:00:04.000,50.4049564,-5.1002287,13.2,1.120
2026-09-17,14:00:09.000,50.4050048,-5.1002496,12.8,1.185
2026-09-17,14:00:14.000,50.4050569,-5.1002777,12.6,1.129
2026-09-17,14:00:19.000,50.4050942,-5.1003112,12.8,1.110
2026-09-17,14:00:24.000,50.4051301,-5.1003675,12.8,1.176
2026-09-17,14:00:29.000,50.4051689,-5.1004185,13.2,1.213
2026-09-17,14:00:34.000,50.4052047,-5.1004724,13.6,1.213
2026-09-17,14:00:39.000,50.4052390,-5.1005198,14.4,1.138
2026-09-17,14:00:44.000,50.4052707,-5.1005661,15.2,1.101
2026-09-17,14:00:49.000,50.4053031,-5.1006115,15.8,1.148
2026-09-17,14:00:54.000,50.4053290,-5.1006598,16.6,1.054
2026-09-17,14:00:59.000,50.4053591,-5.1007173,17.6,0.980
2026-09-17,14:01:04.000,50.4053966,-5.1007628,18.2,1.064
2026-09-17,14:01:09.000,50.4054348,-5.1008013,18.4,1.129
2026-09-17,14:01:14.000,50.4054704,-5.1008323,19.0,1.054
2026-09-17,14:01:19.000,50.4055097,-5.1008311,19.0,1.036
2026-09-17,14:01:24.000,50.4055532,-5.1008229,18.2,0.998
2026-09-17,14:01:29.000,50.4056119,-5.1008053,17.4,1.008
2026-09-17,14:01:34.000,50.4056650,-5.1008080,16.6,1.082
2026-09-17,14:01:39.000,50.4057238,-5.1007827,17.6,1.148
2026-09-17,14:01:44.000,50.4057727,-5.1007612,18.0,1.176
2026-09-17,14:01:49.000,50.4058249,-5.1007531,18.2,1.101
2026-09-17,14:01:54.000,50.4058727,-5.1007657,18.0,1.166
2026-09-17,14:01:59.000,50.4059150,-5.1007887,17.8,1.166
2026-09-17,14:02:04.000,50.4059638,-5.1007909,17.0,1.120
2026-09-17,14:02:09.000,50.4060130,-5.1007775,16.0,1.129
2026-09-17,14:02:14.000,50.4060773,-5.1007736,15.2,1.166
2026-09-17,14:02:19.000,50.4061392,-5.1007670,15.0,1.250
2026-09-17,14:02:24.000,50.4061985,-5.1007703,14.8,1.297
2026-09-17,14:02:29.000,50.4062559,-5.1007814,14.8,1.306
2026-09-17,14:02:34.000,50.4063067,-5.1007988,15.0,1.316
2026-09-17,14:02:39.000,50.4063559,-5.1008122,15.4,1.306
2026-09-17,14:02:44.000,50.4064113,-5.1008228,15.4,1.288
2026-09-17,14:02:49.000,50.4064663,-5.1008289,15.6,1.278
2026-09-17,14:02:54.000,50.4065267,-5.1008223,15.2,1.288
2026-09-17,14:02:59.000,50.4065845,-5.1008194,15.0,1.278
2026-09-17,14:03:04.000,50.4066425,-5.1008206,14.6,1.306
2026-09-17,14:03:09.000,50.4066963,-5.1008218,14.4,1.325
2026-09-17,14:03:14.000,50.4067342,-5.1008171,14.0,1.288
2026-09-17,14:03:19.000,50.4067573,-5.1008177,13.0,1.194
2026-09-17,14:03:24.000,50.4068059,-5.1008265,13.6,0.317
2026-09-17,14:03:29.000,50.4068618,-5.1008451,13.6,1.306
2026-09-17,14:03:34.000,50.4069189,-5.1008680,13.4,1.409
2026-09-17,14:03:39.000,50.4069815,-5.1008965,12.2,1.269
2026-09-17,14:03:44.000,50.4070413,-5.1009264,13.0,1.390
2026-09-17,14:03:49.000,50.4070965,-5.1009636,12.4,1.362
2026-09-17,14:03:54.000,50.4071534,-5.1010116,12.0,1.474
2026-09-17,14:03:59.000,50.4072087,-5.1010674,12.2,1.409
2026-09-17,14:04:04.000,50.4072551,-5.1011252,11.8,1.428
2026-09-17,14:04:09.000,50.4072967,-5.1011868,12.0,1.428
2026-09-17,14:04:14.000,50.4073432,-5.1012544,12.2,1.400
2026-09-17,14:04:19.000,50.4073866,-5.1013164,11.4,1.409
2026-09-17,14:04:24.000,50.4074346,-5.1013756,11.2,1.400
2026-09-17,14:04:29.000,50.4074837,-5.1014257,11.0,1.381
2026-09-17,14:04:34.000,50.4075403,-5.1014628,11.0,1.390
2026-09-17,14:04:39.000,50.4076024,-5.1014911,10.2,1.372
2026-09-17,14:04:44.000,50.4076583,-5.1015375,10.2,1.409
2026-09-17,14:04:49.000,50.4077060,-5.1016045,10.4,1.418
2026-09-17,14:04:54.000,50.4077370,-5.1016770,10.6,1.400
2026-09-17,14:04:59.000,50.4077623,-5.1017585,10.8,1.390
2026-09-17,14:05:04.000,50.4077929,-5.1018295,11.2,1.372
2026-09-17,14:05:09.000,50.4078128,-5.1019112,10.0,1.325
2026-09-17,14:05:14.000,50.4078308,-5.1019911,9.8,1.316
2026-09-17,14:05:19.000,50.4078365,-5.1020790,10.2,1.297
2026-09-17,14:05:24.000,50.4078336,-5.1021744,11.4,1.344
2026-09-17,14:05:29.000,50.4078314,-5.1022650,12.0,1.325
2026-09-17,14:05:34.000,50.4078366,-5.1023519,12.2,1.316
2026-09-17,14:05:39.000,50.4078308,-5.1024408,12.8,1.316
2026-09-17,14:05:44.000,50.4078338,-5.1025032,12.8,1.325
2026-09-17,14:05:49.000,50.4078374,-5.1025136,11.2,0.998
2026-09-17,14:05:54.000,50.4078433,-5.1025148,10.8,0.000
2026-09-17,14:05:59.000,50.4078443,-5.1025197,10.6,0.000
2026-09-17,14:06:04.000,50.4078325,-5.1025632,12.4,0.000
2026-09-17,14:06:09.000,50.4078274,-5.1026330,12.6,0.000
2026-09-17,14:06:14.000,50.4078231,-5.1027116,12.6,1.166
2026-09-17,14:06:19.000,50.4078209,-5.1027904,11.4,1.101
2026-09-17,14:06:24.000,50.4078130,-5.1028797,11.4,1.157
2026-09-17,14:06:29.000,50.4077987,-5.1029759,12.8,1.232
2026-09-17,14:06:34.000,50.4077763,-5.1030620,12.0,1.269
2026-09-17,14:06:39.000,50.4077684,-5.1031554,12.4,1.437
2026-09-17,14:06:44.000,50.4077706,-5.1032561,13.2,1.362
2026-09-17,14:06:49.000,50.4077824,-5.1033580,12.2,1.437
2026-09-17,14:06:54.000,50.4077873,-5.1034505,11.2,1.409
2026-09-17,14:06:59.000,50.4077949,-5.1035448,10.0,1.390
2026-09-17,14:07:04.000,50.4077987,-5.1036407,11.2,1.381
2026-09-17,14:07:09.000,50.4078049,-5.1037331,11.8,1.372
2026-09-17,14:07:14.000,50.4078080,-5.1038236,10.6,1.344
2026-09-17,14:07:19.000,50.4078118,-5.1039211,10.4,1.334
2026-09-17,14:07:24.000,50.4078022,-5.1040084,10.6,1.344
2026-09-17,14:07:29.000,50.4077924,-5.1040889,10.2,1.325
2026-09-17,14:07:34.000,50.4077884,-5.1041858,10.8,1.297
2026-09-17,14:07:39.000,50.4077935,-5.1042795,10.8,1.334
2026-09-17,14:07:44.000,50.4078002,-5.1043653,10.2,1.306
2026-09-17,14:07:49.000,50.4078067,-5.1044646,9.6,1.325
2026-09-17,14:07:54.000,50.4078063,-5.1045614,9.8,1.325
2026-09-17,14:07:59.000,50.4078167,-5.1046509,9.8,1.334
2026-09-17,14:08:04.000,50.4078368,-5.1047454,9.4,1.325
2026-09-17,14:08:09.000,50.4078528,-5.1048299,9.2,1.334
2026-09-17,14:08:14.000,50.4078663,-5.1049219,9.6,1.306
2026-09-17,14:08:19.000,50.4078870,-5.1050168,9.2,1.316
2026-09-17,14:08:24.000,50.4079086,-5.1051019,9.2,1.316
2026-09-17,14:08:29.000,50.4079255,-5.1051974,9.2,1.325
2026-09-17,14:08:34.000,50.4079427,-5.1052922,9.6,1.344
2026-09-17,14:08:39.000,50.4079487,-5.1053833,9.4,1.334
2026-09-17,14:08:44.000,50.4079624,-5.1054774,9.8,1.306
2026-09-17,14:08:49.000,50.4079841,-5.1055611,9.6,1.306
2026-09-17,14:08:54.000,50.4080043,-5.1056403,9.6,1.316
2026-09-17,14:08:59.000,50.4080090,-5.1057307,9.2,1.288
2026-09-17,14:09:04.000,50.4079976,-5.1058038,10.0,1.269
2026-09-17,14:09:09.000,50.4079875,-5.1058782,10.2,1.194
2026-09-17,14:09:14.000,50.4079772,-5.1059486,11.0,1.129
2026-09-17,14:09:19.000,50.4079729,-5.1060252,12.2,1.101
2026-09-17,14:09:24.000,50.4079652,-5.1060920,12.8,1.092
2026-09-17,14:09:29.000,50.4079568,-5.1061650,13.6,1.064
2026-09-17,14:09:34.000,50.4079578,-5.1062504,13.8,1.082
2026-09-17,14:09:39.000,50.4079875,-5.1063094,14.2,1.073
2026-09-17,14:09:44.000,50.4080153,-5.1063447,13.0,1.092
2026-09-17,14:09:49.000,50.4080400,-5.1064049,12.4,0.849
2026-09-17,14:09:54.000,50.4080587,-5.1064866,12.0,1.045
2026-09-17,14:09:59.000,50.4080863,-5.1065437,12.0,1.110
2026-09-17,14:10:04.000,50.4081141,-5.1065785,11.0,1.045
2026-09-17,14:10:09.000,50.4081430,-5.1066033,10.8,0.961
2026-09-17,14:10:14.000,50.4081774,-5.1066525,9.0,0.905
2026-09-17,14:10:19.000,50.4082044,-5.1067150,8.4,0.961
2026-09-17,14:10:24.000,50.4082402,-5.1067809,7.6,1.008
2026-09-17,14:10:29.000,50.4082795,-5.1068476,7.2,1.064
2026-09-17,14:10:34.000,50.4083107,-5.1069042,8.0,1.101
2026-09-17,14:10:39.000,50.4083333,-5.1069377,8.2,1.073
2026-09-17,14:10:44.000,50.4083613,-5.1069825,9.2,1.036
2026-09-17,14:10:49.000,50.4083825,-5.1070276,9.4,0.933
2026-09-17,14:10:54.000,50.4083971,-5.1070930,10.2,0.830
2026-09-17,14:10:59.000,50.4084013,-5.1071677,11.2,0.914
2026-09-17,14:11:04.000,50.4084006,-5.1072442,11.6,0.970
2026-09-17,14:11:09.000,50.4084060,-5.1073176,12.6,0.980
2026-09-17,14:11:14.000,50.4084125,-5.1074021,13.6,1.017
2026-09-17,14:11:19.000,50.4084306,-5.1074710,13.6,1.026
2026-09-17,14:11:24.000,50.4084518,-5.1075547,13.8,1.017
2026-09-17,14:11:29.000,50.4084689,-5.1076442,14.6,1.092
2026-09-17,14:11:34.000,50.4084859,-5.1077235,14.2,1.157
2026-09-17,14:11:39.000,50.4084936,-5.1077983,14.6,1.157
2026-09-17,14:11:44.000,50.4085027,-5.1078832,14.8,1.120
2026-09-17,14:11:49.000,50.4085153,-5.1079683,15.4,1.148
2026-09-17,14:11:54.000,50.4085231,-5.1080502,16.0,1.166
2026-09-17,14:11:59.000,50.4085332,-5.1081381,16.2,1.166
2026-09-17,14:12:04.000,50.4085477,-5.1082323,17.4,1.194
2026-09-17,14:12:09.000,50.4085611,-5.1083269,17.4,1.232
2026-09-17,14:12:14.000,50.4085721,-5.1084164,17.4,1.260
2026-09-17,14:12:19.000,50.4085852,-5.1084998,17.4,1.269
2026-09-17,14:12:24.000,50.4086009,-5.1085818,17.6,1.260
2026-09-17,14:12:29.000,50.4086106,-5.1086723,18.0,1.269
2026-09-17,14:12:34.000,50.4086096,-5.1087656,17.4,1.306
2026-09-17,14:12:39.000,50.4086098,-5.1088581,18.0,1.306
2026-09-17,14:12:44.000,50.4086062,-5.1089408,18.0,1.278
2026-09-17,14:12:49.000,50.4086083,-5.1090361,18.2,1.269
2026-09-17,14:12:54.000,50.4086053,-5.1091377,19.0,1.316
2026-09-17,14:12:59.000,50.4085945,-5.1092250,19.2,1.334
2026-09-17,14:13:04.000,50.4085771,-5.1093066,19.8,1.316
2026-09-17,14:13:09.000,50.4085622,-5.1093975,19.6,1.316
2026-09-17,14:13:14.000,50.4085477,-5.1094801,19.8,1.306
2026-09-17,14:13:19.000,50.4085266,-5.1095661,19.4,1.297
2026-09-17,14:13:24.000,50.4085111,-5.1096636,19.4,1.325
2026-09-17,14:13:29.000,50.4084992,-5.1097523,20.0,1.325
2026-09-17,14:13:34.000,50.4084849,-5.1098209,19.8,1.306
2026-09-17,14:13:39.000,50.4084705,-5.1098728,19.2,1.269
2026-09-17,14:13:44.000,50.4084744,-5.1098859,19.4,1.185
2026-09-17,14:13:49.000,50.4084840,-5.1098925,19.2,0.000
2026-09-17,14:13:54.000,50.4084857,-5.1098931,19.8,0.000
2026-09-17,14:13:59.000,50.4084855,-5.1098932,20.0,0.000
2026-09-17,14:14:04.000,50.4084849,-5.1098932,20.0,0.000
2026-09-17,14:14:09.000,50.4084844,-5.1098932,19.8,0.000
2026-09-17,14:14:14.000,50.4084837,-5.1098932,20.6,0.000
2026-09-17,14:14:19.000,50.4084830,-5.1098933,19.8,0.000
2026-09-17,14:14:24.000,50.4084822,-5.1098934,19.4,0.000
2026-09-17,14:14:29.000,50.4084814,-5.1098935,19.2,0.000
2026-09-17,14:14:34.000,50.4084807,-5.1098937,19.8,0.000
2026-09-17,14:14:39.000,50.4084830,-5.1098961,20.0,0.000
2026-09-17,14:14:44.000,50.4084829,-5.1098994,18.8,0.000
2026-09-17,14:14:49.000,50.4084819,-5.1098998,19.2,0.000
2026-09-17,14:14:54.000,50.4084805,-5.1098999,19.8,0.000
2026-09-17,14:14:59.000,50.4084792,-5.1099001,19.6,0.000
2026-09-17,14:15:04.000,50.4084783,-5.1099003,19.0,0.000
2026-09-17,14:15:09.000,50.4084775,-5.1099011,19.2,0.000
2026-09-17,14:15:14.000,50.4084629,-5.1099318,19.0,0.000
2026-09-17,14:15:19.000,50.4084330,-5.1100114,19.4,0.634
2026-09-17,14:15:24.000,50.4084103,-5.1100895,19.6,1.362
2026-09-17,14:15:29.000,50.4083818,-5.1101650,18.8,1.288
2026-09-17,14:15:34.000,50.4083530,-5.1102501,18.4,1.334
2026-09-17,14:15:39.000,50.4083373,-5.1103403,18.0,1.344
2026-09-17,14:15:44.000,50.4083199,-5.1104338,17.6,1.353
2026-09-17,14:15:49.000,50.4082897,-5.1105205,17.8,1.325
2026-09-17,14:15:54.000,50.4082567,-5.1106024,18.0,1.409
2026-09-17,14:15:59.000,50.4082242,-5.1106870,18.0,1.400
2026-09-17,14:16:04.000,50.4081973,-5.1107625,17.6,1.372
2026-09-17,14:16:09.000,50.4081662,-5.1108500,17.4,1.372
2026-09-17,14:16:14.000,50.4081324,-5.1109246,17.0,1.362
2026-09-17,14:16:19.000,50.4080962,-5.1109976,17.2,1.372
2026-09-17,14:16:24.000,50.4080489,-5.1110490,17.0,1.353
2026-09-17,14:16:29.000,50.4079994,-5.1110982,17.0,1.344
2026-09-17,14:16:34.000,50.4079556,-5.1111409,17.4,1.297
2026-09-17,14:16:39.000,50.4079129,-5.1111964,18.2,1.278
2026-09-17,14:16:44.000,50.4078725,-5.1112449,19.0,1.250
2026-09-17,14:16:49.000,50.4078365,-5.1113066,19.2,1.250
2026-09-17,14:16:54.000,50.4078044,-5.1113717,19.8,1.260
2026-09-17,14:16:59.000,50.4077933,-5.1113971,20.2,1.185
2026-09-17,14:17:04.000,50.4077549,-5.1114130,20.4,0.000
2026-09-17,14:17:09.000,50.4077152,-5.1114164,21.4,0.000
2026-09-17,14:17:14.000,50.4076749,-5.1114292,22.8,1.138
2026-09-17,14:17:19.000,50.4076444,-5.1114608,23.6,1.026
2026-09-17,14:17:24.000,50.4076265,-5.1115092,24.0,1.026
2026-09-17,14:17:29.000,50.4076037,-5.1115748,23.8,1.026
2026-09-17,14:17:34.000,50.4075684,-5.1116400,24.0,1.176
2026-09-17,14:17:39.000,50.4075250,-5.1116874,23.6,1.148
2026-09-17,14:17:44.000,50.4074781,-5.1117146,24.0,1.138
2026-09-17,14:17:49.000,50.4074328,-5.1117326,25.2,1.138
2026-09-17,14:17:54.000,50.4073951,-5.1117611,25.6,1.092
2026-09-17,14:17:59.000,50.4073784,-5.1118166,25.4,1.101
2026-09-17,14:18:04.000,50.4073654,-5.1118791,25.0,1.054
2026-09-17,14:18:09.000,50.4073385,-5.1119441,24.4,1.017
2026-09-17,14:18:14.000,50.4073205,-5.1119916,23.6,1.017
2026-09-17,14:18:19.000,50.4073111,-5.1120238,24.0,0.998
2026-09-17,14:18:24.000,50.4073130,-5.1120303,24.2,0.634
2026-09-17,14:18:29.000,50.4073127,-5.1120304,24.2,0.000
2026-09-17,14:18:34.000,50.4073125,-5.1120307,24.6,0.000
2026-09-17,14:18:39.000,50.4073117,-5.1120307,25.2,0.000
2026-09-17,14:18:44.000,50.4073107,-5.1120306,24.6,0.000
2026-09-17,14:18:49.000,50.4073097,-5.1120305,24.8,0.000
2026-09-17,14:18:54.000,50.4073087,-5.1120305,24.4,0.000
2026-09-17,14:18:59.000,50.4073084,-5.1120314,24.0,0.000
2026-09-17,14:19:04.000,50.4073146,-5.1120398,23.8,0.000
2026-09-17,14:19:09.000,50.4073153,-5.1120399,23.4,0.000
2026-09-17,14:19:14.000,50.4073149,-5.1120397,23.4,0.000
2026-09-17,14:19:19.000,50.4073145,-5.1120393,24.2,0.000
2026-09-17,14:19:24.000,50.4073140,-5.1120391,24.2,0.000
2026-09-17,14:19:29.000,50.4073137,-5.1120388,23.4,0.000
2026-09-17,14:19:34.000,50.4073133,-5.1120384,23.4,0.000
2026-09-17,14:19:39.000,50.4073131,-5.1120381,23.4,0.000
2026-09-17,14:19:44.000,50.4073128,-5.1120378,23.2,0.000
2026-09-17,14:19:49.000,50.4073125,-5.1120379,23.6,0.000
2026-09-17,14:19:54.000,50.4073050,-5.1120440,23.6,0.000
2026-09-17,14:19:59.000,50.4072542,-5.1120835,23.4,0.000
2026-09-17,14:20:04.000,50.4072104,-5.1121377,23.0,1.232
2026-09-17,14:20:09.000,50.4071708,-5.1121949,22.8,1.073
2026-09-17,14:20:14.000,50.4071288,-5.1122476,21.0,1.260
2026-09-17,14:20:19.000,50.4070750,-5.1123020,20.4,1.260
2026-09-17,14:20:24.000,50.4070156,-5.1123506,20.0,1.278
2026-09-17,14:20:29.000,50.4069594,-5.1123846,20.0,1.250
2026-09-17,14:20:34.000,50.4069082,-5.1124196,19.0,1.297
2026-09-17,14:20:39.000,50.4068751,-5.1124314,18.6,1.232
2026-09-17,14:20:44.000,50.4068466,-5.1124382,17.8,1.138
2026-09-17,14:20:49.000,50.4068235,-5.1124477,17.4,1.120
2026-09-17,14:20:54.000,50.4068203,-5.1124501,16.8,0.970
2026-09-17,14:20:59.000,50.4068203,-5.1124501,16.6,0.000
2026-09-17,14:21:04.000,50.4068194,-5.1124501,17.0,0.000
2026-09-17,14:21:09.000,50.4068176,-5.1124501,17.0,0.000
2026-09-17,14:21:14.000,50.4068155,-5.1124501,16.8,0.000
2026-09-17,14:21:19.000,50.4068129,-5.1124502,16.8,0.000
2026-09-17,14:21:24.000,50.4068113,-5.1124500,17.0,0.000
2026-09-17,14:21:29.000,50.4068155,-5.1124480,16.4,0.000
2026-09-17,14:21:34.000,50.4068143,-5.1124475,17.0,0.000
2026-09-17,14:21:39.000,50.4068124,-5.1124471,16.6,0.000
2026-09-17,14:21:44.000,50.4068102,-5.1124468,16.0,0.000
2026-09-17,14:21:49.000,50.4068081,-5.1124465,17.4,0.000
2026-09-17,14:21:54.000,50.4068061,-5.1124462,17.2,0.000
2026-09-17,14:21:59.000,50.4068049,-5.1124460,17.2,0.000
2026-09-17,14:22:04.000,50.4068043,-5.1124465,17.4,0.000
2026-09-17,14:22:09.000,50.4067903,-5.1124590,17.4,0.000
2026-09-17,14:22:14.000,50.4067580,-5.1124713,16.6,0.000
2026-09-17,14:22:19.000,50.4067410,-5.1124713,16.2,0.541
2026-09-17,14:22:24.000,50.4067388,-5.1124724,15.6,0.000
2026-09-17,14:22:29.000,50.4067383,-5.1124725,15.8,0.000
2026-09-17,14:22:34.000,50.4067269,-5.1124781,16.0,0.000
2026-09-17,14:22:39.000,50.4066863,-5.1124938,15.2,0.513
2026-09-17,14:22:44.000,50.4066431,-5.1125016,15.0,0.998
2026-09-17,14:22:49.000,50.4065946,-5.1125024,14.2,0.989
2026-09-17,14:22:54.000,50.4065443,-5.1124966,14.2,1.129
2026-09-17,14:22:59.000,50.4064906,-5.1124968,14.2,1.110
2026-09-17,14:23:04.000,50.4064317,-5.1125107,14.0,1.148
2026-09-17,14:23:09.000,50.4063690,-5.1125314,13.8,1.344
2026-09-17,14:23:14.000,50.4063113,-5.1125752,13.2,1.390
2026-09-17,14:23:19.000,50.4062655,-5.1126318,13.8,1.334
2026-09-17,14:23:24.000,50.4062377,-5.1126862,12.4,1.381
2026-09-17,14:23:29.000,50.4062382,-5.1127091,12.4,1.316
2026-09-17,14:23:34.000,50.4062378,-5.1127096,12.2,0.000
2026-09-17,14:23:39.000,50.4062366,-5.1127096,12.2,0.000
2026-09-17,14:23:44.000,50.4062351,-5.1127097,12.4,0.000
2026-09-17,14:23:49.000,50.4062335,-5.1127097,12.2,0.000
2026-09-17,14:23:54.000,50.4062327,-5.1127100,12.4,0.000
2026-09-17,14:23:59.000,50.4062367,-5.1127170,12.2,0.000
2026-09-17,14:24:04.000,50.4062734,-5.1127551,12.0,0.000
2026-09-17,14:24:09.000,50.4062990,-5.1127725,11.4,0.355
2026-09-17,14:24:14.000,50.4063155,-5.1127844,11.0,0.551
2026-09-17,14:24:19.000,50.4063357,-5.1128091,9.4,0.000
2026-09-17,14:24:24.000,50.4063514,-5.1128540,7.8,0.000
2026-09-17,14:24:29.000,50.4063537,-5.1129005,7.2,0.000
2026-09-17,14:24:34.000,50.4063494,-5.1129469,6.6,0.000
2026-09-17,14:24:39.000,50.4063500,-5.1129764,6.6,0.000
2026-09-17,14:24:44.000,50.4063393,-5.1130049,6.2,0.000
2026-09-17,14:24:49.000,50.4063317,-5.1130655,8.2,0.560
2026-09-17,14:24:54.000,50.4063557,-5.1131332,8.6,1.250
2026-09-17,14:24:59.000,50.4063783,-5.1131878,9.2,1.260
2026-09-17,14:25:04.000,50.4063792,-5.1132529,7.4,1.129
2026-09-17,14:25:09.000,50.4063770,-5.1132752,7.8,1.073
2026-09-17,14:25:14.000,50.4063789,-5.1132753,8.2,0.000
2026-09-17,14:25:19.000,50.4063826,-5.1132791,8.0,0.000
2026-09-17,14:25:24.000,50.4063840,-5.1132781,8.0,0.000
2026-09-17,14:25:29.000,50.4063876,-5.1132662,7.8,0.000
2026-09-17,14:25:34.000,50.4063956,-5.1132171,7.4,0.000
2026-09-17,14:25:39.000,50.4064023,-5.1132022,7.0,0.000
2026-09-17,14:25:44.000,50.4064039,-5.1132079,6.4,0.000
2026-09-17,14:25:49.000,50.4064054,-5.1132364,7.8,0.000
2026-09-17,14:25:54.000,50.4064097,-5.1132698,8.4,0.000
2026-09-17,14:25:59.000,50.4064156,-5.1132709,7.0,0.000
2026-09-17,14:26:04.000,50.4064219,-5.1132677,8.4,0.000
2026-09-17,14:26:09.000,50.4064341,-5.1132379,7.6,0.000
2026-09-17,14:26:14.000,50.4064368,-5.1132338,8.0,0.000
2026-09-17,14:26:19.000,50.4064376,-5.1132361,7.8,0.000
2026-09-17,14:26:24.000,50.4064436,-5.1132509,7.6,0.000
2026-09-17,14:26:29.000,50.4064431,-5.1132504,6.4,0.000
2026-09-17,14:26:34.000,50.4064423,-5.1132494,6.0,0.000
2026-09-17,14:26:39.000,50.4064414,-5.1132485,7.2,0.000
2026-09-17,14:26:44.000,50.4064404,-5.1132477,7.2,0.000
2026-09-17,14:26:49.000,50.4064395,-5.1132472,7.2,0.000
2026-09-17,14:26:54.000,50.4064389,-5.1132471,7.0,0.000
2026-09-17,14:26:59.000,50.4064384,-5.1132475,7.0,0.000
2026-09-17,14:27:04.000,50.4064384,-5.1132484,7.6,0.000
2026-09-17,14:27:09.000,50.4064387,-5.1132496,7.2,0.000
2026-09-17,14:27:14.000,50.4064391,-5.1132504,7.6,0.000
2026-09-17,14:27:19.000,50.4064394,-5.1132505,8.0,0.000
2026-09-17,14:27:24.000,50.4064394,-5.1132503,7.4,0.000
2026-09-17,14:27:29.000,50.4064393,-5.1132495,7.8,0.000
2026-09-17,14:27:34.000,50.4064390,-5.1132484,7.2,0.000
2026-09-17,14:27:39.000,50.4064390,-5.1132473,7.4,0.000
2026-09-17,14:27:44.000,50.4064391,-5.1132463,7.4,0.000
2026-09-17,14:27:49.000,50.4064393,-5.1132453,7.8,0.000
2026-09-17,14:27:54.000,50.4064395,-5.1132447,8.0,0.000
2026-09-17,14:27:59.000,50.4064399,-5.1132443,7.6,0.000
2026-09-17,14:28:04.000,50.4064407,-5.1132445,7.4,0.000
2026-09-17,14:28:09.000,50.4064415,-5.1132450,8.4,0.000
2026-09-17,14:28:14.000,50.4064421,-5.1132456,7.4,0.000
2026-09-17,14:28:19.000,50.4064426,-5.1132462,8.2,0.000
2026-09-17,14:28:24.000,50.4064457,-5.1132487,8.4,0.000
2026-09-17,14:28:29.000,50.4064467,-5.1132493,8.6,0.000
2026-09-17,14:28:34.000,50.4064467,-5.1132489,8.2,0.000
2026-09-17,14:28:39.000,50.4064467,-5.1132482,8.2,0.000
2026-09-17,14:28:44.000,50.4064467,-5.1132476,8.4,0.000
2026-09-17,14:28:49.000,50.4064467,-5.1132468,8.6,0.000
2026-09-17,14:28:54.000,50.4064467,-5.1132462,8.4,0.000
2026-09-17,14:28:59.000,50.4064467,-5.1132458,8.6,0.000
2026-09-17,14:29:04.000,50.4064467,-5.1132454,8.4,0.000
2026-09-17,14:29:09.000,50.4064468,-5.1132452,8.8,0.000
2026-09-17,14:29:14.000,50.4064468,-5.1132449,8.4,0.000
2026-09-17,14:29:19.000,50.4064468,-5.1132447,8.8,0.000
2026-09-17,14:29:24.000,50.4064468,-5.1132448,8.6,0.000
2026-09-17,14:29:29.000,50.4064468,-5.1132451,8.8,0.000
2026-09-17,14:29:34.000,50.4064455,-5.1132445,8.8,0.000
2026-09-17,14:29:39.000,50.4064394,-5.1132421,9.4,0.000
2026-09-17,14:29:44.000,50.4064393,-5.1132422,9.6,0.000
2026-09-17,14:29:49.000,50.4064398,-5.1132422,9.2,0.000
2026-09-17,14:29:54.000,50.4064404,-5.1132423,9.6,0.000
2026-09-17,14:29:59.000,50.4064410,-5.1132424,9.4,0.000
2026-09-17,14:30:04.000,50.4064415,-5.1132425,9.6,0.000
2026-09-17,14:30:09.000,50.4064379,-5.1132440,9.0,0.000
2026-09-17,14:30:14.000,50.4064377,-5.1132442,9.0,0.000
2026-09-17,14:30:19.000,50.4064377,-5.1132445,9.2,0.000
2026-09-17,14:30:24.000,50.4064405,-5.1132414,9.0,0.000
2026-09-17,14:30:29.000,50.4064417,-5.1132421,9.2,0.000
2026-09-17,14:30:34.000,50.4064368,-5.1132470,9.6,0.000
2026-09-17,14:30:39.000,50.4064293,-5.1132481,9.4,0.000
2026-09-17,14:30:44.000,50.4063963,-5.1132639,9.6,0.000
2026-09-17,14:30:49.000,50.4063827,-5.1133009,9.8,0.000
2026-09-17,14:30:54.000,50.4063796,-5.1132963,9.2,0.709
2026-09-17,14:30:59.000,50.4063802,-5.1132994,9.6,0.000
2026-09-17,14:31:04.000,50.4063832,-5.1133403,10.4,0.000
2026-09-17,14:31:09.000,50.4063990,-5.1133975,11.0,0.000
2026-09-17,14:31:14.000,50.4064112,-5.1134405,11.4,0.000
2026-09-17,14:31:19.000,50.4064285,-5.1134963,12.6,0.690
2026-09-17,14:31:24.000,50.4064451,-5.1135464,13.2,1.092
2026-09-17,14:31:29.000,50.4064601,-5.1136108,14.8,1.045
2026-09-17,14:31:34.000,50.4064740,-5.1136750,15.6,1.120
2026-09-17,14:31:39.000,50.4064824,-5.1137432,16.6,1.073
2026-09-17,14:31:44.000,50.4064814,-5.1137978,17.2,1.036
2026-09-17,14:31:49.000,50.4064774,-5.1138562,18.4,0.952
2026-09-17,14:31:54.000,50.4064864,-5.1139287,18.8,1.222
2026-09-17,14:31:59.000,50.4065094,-5.1139995,19.4,1.204
2026-09-17,14:32:04.000,50.4065221,-5.1140769,20.2,1.204
2026-09-17,14:32:09.000,50.4065232,-5.1141594,20.8,1.204
2026-09-17,14:32:14.000,50.4065227,-5.1142397,21.4,1.222
2026-09-17,14:32:19.000,50.4065119,-5.1143137,21.6,1.194
2026-09-17,14:32:24.000,50.4065038,-5.1143834,22.6,1.185
2026-09-17,14:32:29.000,50.4064954,-5.1144465,21.4,1.148
2026-09-17,14:32:34.000,50.4064979,-5.1144692,21.8,1.064
2026-09-17,14:32:39.000,50.4065008,-5.1144991,21.8,0.000
2026-09-17,14:32:44.000,50.4064971,-5.1144791,23.2,0.000
2026-09-17,14:32:49.000,50.4064733,-5.1145085,23.0,0.000
2026-09-17,14:32:54.000,50.4064388,-5.1145722,23.4,0.551
2026-09-17,14:32:59.000,50.4064063,-5.1146413,24.6,1.269
2026-09-17,14:33:04.000,50.4063775,-5.1147143,24.8,1.306
2026-09-17,14:33:09.000,50.4063524,-5.1147916,24.6,1.297
2026-09-17,14:33:14.000,50.4063291,-5.1148736,25.2,1.297
2026-09-17,14:33:19.000,50.4063014,-5.1149499,25.2,1.288
2026-09-17,14:33:24.000,50.4062721,-5.1150191,26.0,1.278
2026-09-17,14:33:29.000,50.4062352,-5.1150828,26.4,1.269
2026-09-17,14:33:34.000,50.4062101,-5.1151490,27.4,1.278
2026-09-17,14:33:39.000,50.4061875,-5.1152217,28.0,1.232
2026-09-17,14:33:44.000,50.4061538,-5.1152949,27.8,1.232
2026-09-17,14:33:49.000,50.4061067,-5.1153507,27.6,1.288
2026-09-17,14:33:54.000,50.4060706,-5.1154162,28.2,1.288
2026-09-17,14:33:59.000,50.4060325,-5.1154829,28.4,1.306
2026-09-17,14:34:04.000,50.4059999,-5.1155636,29.0,1.325
2026-09-17,14:34:09.000,50.4059651,-5.1156233,29.8,1.297
2026-09-17,14:34:14.000,50.4059294,-5.1156888,29.8,1.306
2026-09-17,14:34:19.000,50.4058944,-5.1157690,26.4,1.316
2026-09-17,14:34:24.000,50.4058643,-5.1158376,25.8,1.325
2026-09-17,14:34:29.000,50.4058375,-5.1159217,30.2,1.316
2026-09-17,14:34:34.000,50.4058105,-5.1160053,30.6,1.306
2026-09-17,14:34:39.000,50.4057883,-5.1160986,29.0,1.325
2026-09-17,14:34:44.000,50.4057663,-5.1161967,28.6,1.362
2026-09-17,14:34:49.000,50.4057391,-5.1162734,27.8,1.372
2026-09-17,14:34:54.000,50.4057045,-5.1163466,27.2,1.344
2026-09-17,14:34:59.000,50.4056626,-5.1164133,26.4,1.353
2026-09-17,14:35:04.000,50.4056261,-5.1164838,26.8,1.381
2026-09-17,14:35:09.000,50.4056089,-5.1165736,27.0,1.334
2026-09-17,14:35:14.000,50.4055898,-5.1166545,27.0,1.353
2026-09-17,14:35:19.000,50.4055719,-5.1167377,27.0,1.316
2026-09-17,14:35:24.000,50.4055410,-5.1168157,27.8,1.260
2026-09-17,14:35:29.000,50.4055080,-5.1168945,26.6,1.260
2026-09-17,14:35:34.000,50.4054704,-5.1169851,26.6,1.297
2026-09-17,14:35:39.000,50.4054398,-5.1170773,26.8,1.325
2026-09-17,14:35:44.000,50.4054237,-5.1171649,25.4,1.353
2026-09-17,14:35:49.000,50.4054019,-5.1172443,24.0,1.372
2026-09-17,14:35:54.000,50.4053697,-5.1173223,25.2,1.353
2026-09-17,14:35:59.000,50.4053335,-5.1173889,23.4,1.316
2026-09-17,14:36:04.000,50.4052815,-5.1174482,23.0,1.316
2026-09-17,14:36:09.000,50.4052330,-5.1175020,23.6,1.325
2026-09-17,14:36:14.000,50.4051859,-5.1175680,23.0,1.362
2026-09-17,14:36:19.000,50.4051465,-5.1176371,22.2,1.325
2026-09-17,14:36:24.000,50.4051066,-5.1177112,22.6,1.353
2026-09-17,14:36:29.000,50.4050795,-5.1177581,23.0,1.260
2026-09-17,14:36:34.000,50.4050469,-5.1177820,23.6,1.204
2026-09-17,14:36:39.000,50.4050184,-5.1178327,24.6,1.157
2026-09-17,14:36:44.000,50.4049904,-5.1179044,25.0,1.120
2026-09-17,14:36:49.000,50.4049390,-5.1179416,25.8,1.166
2026-09-17,14:36:54.000,50.4048814,-5.1179671,25.0,1.222
2026-09-17,14:36:59.000,50.4048201,-5.1179959,24.2,1.241
2026-09-17,14:37:04.000,50.4047683,-5.1180433,24.0,1.316
2026-09-17,14:37:09.000,50.4047328,-5.1181127,22.4,1.278
2026-09-17,14:37:14.000,50.4047046,-5.1181836,23.0,1.288
2026-09-17,14:37:19.000,50.4046870,-5.1182637,24.0,1.232
2026-09-17,14:37:24.000,50.4046611,-5.1183493,24.8,1.241
2026-09-17,14:37:29.000,50.4046273,-5.1184267,23.4,1.250
2026-09-17,14:37:34.000,50.4045938,-5.1185119,24.0,1.278
2026-09-17,14:37:39.000,50.4045593,-5.1185868,24.0,1.278
2026-09-17,14:37:44.000,50.4045168,-5.1186316,24.4,1.288
2026-09-17,14:37:49.000,50.4044710,-5.1186722,25.0,1.288
2026-09-17,14:37:54.000,50.4044303,-5.1186937,25.0,1.213
2026-09-17,14:37:59.000,50.4044233,-5.1187006,25.4,1.101
2026-09-17,14:38:04.000,50.4044227,-5.1186955,24.8,0.849
2026-09-17,14:38:09.000,50.4044214,-5.1186992,24.8,0.000
2026-09-17,14:38:14.000,50.4044081,-5.1187094,24.8,0.000
2026-09-17,14:38:19.000,50.4043497,-5.1187387,24.8,1.362
2026-09-17,14:38:24.000,50.4043039,-5.1187942,24.4,1.241
2026-09-17,14:38:29.000,50.4042741,-5.1188779,24.6,1.390
2026-09-17,14:38:34.000,50.4042622,-5.1189564,24.8,1.278
2026-09-17,14:38:39.000,50.4042503,-5.1190400,25.6,1.269
2026-09-17,14:38:44.000,50.4042294,-5.1190982,25.8,1.157
2026-09-17,14:38:49.000,50.4042048,-5.1191317,26.0,1.064
2026-09-17,14:38:54.000,50.4042115,-5.1192150,26.2,1.036
2026-09-17,14:38:59.000,50.4042340,-5.1193067,26.2,1.110
2026-09-17,14:39:04.000,50.4042545,-5.1193904,25.0,1.204
2026-09-17,14:39:09.000,50.4042456,-5.1194840,25.4,1.213
2026-09-17,14:39:14.000,50.4042260,-5.1195785,26.0,1.222
2026-09-17,14:39:19.000,50.4042032,-5.1196680,26.0,1.278
2026-09-17,14:39:24.000,50.4041927,-5.1197709,25.8,1.316
2026-09-17,14:39:29.000,50.4041938,-5.1198519,24.6,1.344
2026-09-17,14:39:34.000,50.4041892,-5.1199408,25.8,1.334
2026-09-17,14:39:39.000,50.4041905,-5.1200416,27.2,1.316
2026-09-17,14:39:44.000,50.4042045,-5.1201255,27.0,1.334
2026-09-17,14:39:49.000,50.4042283,-5.1202048,26.6,1.325
2026-09-17,14:39:54.000,50.4042581,-5.1202806,27.4,1.344
2026-09-17,14:39:59.000,50.4042795,-5.1203571,28.0,1.325
2026-09-17,14:40:04.000,50.4042851,-5.1204448,28.8,1.260
2026-09-17,14:40:09.000,50.4042835,-5.1205322,28.0,1.288
2026-09-17,14:40:14.000,50.4042542,-5.1205991,27.8,1.306
2026-09-17,14:40:19.000,50.4042169,-5.1206787,27.4,1.306
2026-09-17,14:40:24.000,50.4041896,-5.1207489,27.2,1.288
2026-09-17,14:40:29.000,50.4041695,-5.1208194,28.0,1.278
2026-09-17,14:40:34.000,50.4041512,-5.1208869,28.6,1.232
2026-09-17,14:40:39.000,50.4041269,-5.1209634,29.0,1.204
2026-09-17,14:40:44.000,50.4040877,-5.1210328,28.4,1.204
2026-09-17,14:40:49.000,50.4040564,-5.1211111,28.6,1.241
2026-09-17,14:40:54.000,50.4040291,-5.1211990,28.0,1.297
2026-09-17,14:40:59.000,50.4040177,-5.1212867,28.2,1.288
2026-09-17,14:41:04.000,50.4040364,-5.1213770,28.0,1.288
2026-09-17,14:41:09.000,50.4040661,-5.1214642,27.8,1.297
2026-09-17,14:41:14.000,50.4040970,-5.1215445,25.6,1.325
2026-09-17,14:41:19.000,50.4041357,-5.1216157,25.0,1.316
2026-09-17,14:41:24.000,50.4041761,-5.1216788,23.6,1.306
2026-09-17,14:41:29.000,50.4041997,-5.1217307,23.0,1.260
2026-09-17,14:41:34.000,50.4042029,-5.1217382,24.2,1.101
2026-09-17,14:41:39.000,50.4042154,-5.1217473,23.6,0.000
2026-09-17,14:41:44.000,50.4042168,-5.1217523,23.2,0.000
2026-09-17,14:41:49.000,50.4042306,-5.1217970,23.6,0.000
2026-09-17,14:41:54.000,50.4042585,-5.1218809,24.8,1.278
2026-09-17,14:41:59.000,50.4042828,-5.1219685,20.8,1.306
2026-09-17,14:42:04.000,50.4043004,-5.1220636,24.4,1.316
2026-09-17,14:42:09.000,50.4043178,-5.1221543,24.2,1.400
2026-09-17,14:42:14.000,50.4043287,-5.1222308,23.4,1.334
2026-09-17,14:42:19.000,50.4043482,-5.1223195,22.8,1.138
2026-09-17,14:42:24.000,50.4043839,-5.1223992,22.6,1.390
2026-09-17,14:42:29.000,50.4044242,-5.1224661,22.0,1.297
2026-09-17,14:42:34.000,50.4044753,-5.1225387,20.6,1.325
2026-09-17,14:42:39.000,50.4045233,-5.1226031,19.6,1.362
2026-09-17,14:42:44.000,50.4045685,-5.1226715,17.4,1.372
2026-09-17,14:42:49.000,50.4045995,-5.1227508,18.6,1.344
2026-09-17,14:42:54.000,50.4046176,-5.1228525,18.8,1.353
2026-09-17,14:42:59.000,50.4046237,-5.1229486,18.8,1.362
2026-09-17,14:43:04.000,50.4046228,-5.1230410,19.2,1.381
2026-09-17,14:43:09.000,50.4046224,-5.1231401,19.8,1.362
2026-09-17,14:43:14.000,50.4046247,-5.1232413,19.2,1.362
2026-09-17,14:43:19.000,50.4046316,-5.1233311,19.4,1.372
2026-09-17,14:43:24.000,50.4046413,-5.1234228,20.2,1.372
2026-09-17,14:43:29.000,50.4046529,-5.1235108,20.4,1.372
2026-09-17,14:43:34.000,50.4046697,-5.1236122,20.4,1.362
2026-09-17,14:43:39.000,50.4046805,-5.1236943,20.4,1.362
2026-09-17,14:43:44.000,50.4046780,-5.1237855,20.4,1.344
2026-09-17,14:43:49.000,50.4046735,-5.1238685,21.6,1.344
2026-09-17,14:43:54.000,50.4046594,-5.1239576,22.0,1.344
2026-09-17,14:43:59.000,50.4046455,-5.1240460,21.8,1.316
2026-09-17,14:44:04.000,50.4046304,-5.1241311,22.2,1.297
2026-09-17,14:44:09.000,50.4046132,-5.1242141,23.6,1.260
2026-09-17,14:44:14.000,50.4045912,-5.1242939,24.4,1.260
2026-09-17,14:44:19.000,50.4045656,-5.1243635,25.0,1.250
2026-09-17,14:44:24.000,50.4045385,-5.1244361,25.0,1.222
2026-09-17,14:44:29.000,50.4045041,-5.1245067,25.6,1.213
2026-09-17,14:44:34.000,50.4044766,-5.1245634,26.6,1.260
2026-09-17,14:44:39.000,50.4044570,-5.1246161,26.2,1.241
2026-09-17,14:44:44.000,50.4044264,-5.1246584,26.6,1.129
2026-09-17,14:44:49.000,50.4043917,-5.1246898,26.4,0.980
2026-09-17,14:44:54.000,50.4043557,-5.1247539,27.8,1.064
2026-09-17,14:44:59.000,50.4043257,-5.1248235,28.4,1.148
2026-09-17,14:45:04.000,50.4043028,-5.1248870,28.2,1.138
2026-09-17,14:45:09.000,50.4042993,-5.1249668,29.4,0.989
2026-09-17,14:45:14.000,50.4043159,-5.1250548,29.8,1.148
2026-09-17,14:45:19.000,50.4043395,-5.1251261,28.0,1.222
2026-09-17,14:45:24.000,50.4043557,-5.1251612,26.2,1.110
2026-09-17,14:45:29.000,50.4043739,-5.1251806,24.4,0.000
2026-09-17,14:45:34.000,50.4043960,-5.1252490,23.0,0.411
2026-09-17,14:45:39.000,50.4043992,-5.1253357,23.2,1.390
2026-09-17,14:45:44.000,50.4043953,-5.1254318,23.8,1.390
2026-09-17,14:45:49.000,50.4043849,-5.1255234,23.2,1.353
2026-09-17,14:45:54.000,50.4043695,-5.1256054,23.8,1.362
2026-09-17,14:45:59.000,50.4043442,-5.1256335,24.4,1.232
2026-09-17,14:46:04.000,50.4043109,-5.1256379,25.8,1.073
2026-09-17,14:46:09.000,50.4042643,-5.1256347,26.0,0.000
2026-09-17,14:46:14.000,50.4042175,-5.1256319,26.6,0.579
2026-09-17,14:46:19.000,50.4041771,-5.1256480,27.2,0.933
2026-09-17,14:46:24.000,50.4041356,-5.1256623,28.2,0.989
2026-09-17,14:46:29.000,50.4040902,-5.1256592,28.6,0.933
2026-09-17,14:46:34.000,50.4040430,-5.1256557,29.6,0.924
2026-09-17,14:46:39.000,50.4039994,-5.1256778,30.4,1.017
2026-09-17,14:46:44.000,50.4039661,-5.1257199,31.6,1.110
2026-09-17,14:46:49.000,50.4039307,-5.1257516,33.0,1.045
2026-09-17,14:46:54.000,50.4038849,-5.1257662,33.0,0.989
2026-09-17,14:46:59.000,50.4038374,-5.1257666,33.4,1.008
2026-09-17,14:47:04.000,50.4038131,-5.1258142,34.2,1.017
2026-09-17,14:47:09.000,50.4038077,-5.1259055,35.0,1.026
2026-09-17,14:47:14.000,50.4038054,-5.1259972,34.4,1.073
2026-09-17,14:47:19.000,50.4038115,-5.1260805,33.0,1.101
2026-09-17,14:47:24.000,50.4038284,-5.1261685,32.8,1.148
2026-09-17,14:47:29.000,50.4038509,-5.1262455,33.4,1.204
2026-09-17,14:47:34.000,50.4038920,-5.1262902,32.4,1.204
2026-09-17,14:47:39.000,50.4039437,-5.1263166,31.4,1.194
2026-09-17,14:47:44.000,50.4039924,-5.1263580,30.6,1.185
2026-09-17,14:47:49.000,50.4040400,-5.1264037,29.8,1.241
2026-09-17,14:47:54.000,50.4040861,-5.1264407,29.0,1.232
2026-09-17,14:47:59.000,50.4041257,-5.1264742,28.0,1.204
2026-09-17,14:48:04.000,50.4041659,-5.1265095,27.2,1.176
2026-09-17,14:48:09.000,50.4042115,-5.1265647,27.0,1.176
2026-09-17,14:48:14.000,50.4042524,-5.1266264,26.0,1.185
2026-09-17,14:48:19.000,50.4042845,-5.1266860,25.6,1.194
2026-09-17,14:48:24.000,50.4043017,-5.1267579,24.8,1.157
2026-09-17,14:48:29.000,50.4043311,-5.1268358,24.2,1.110
2026-09-17,14:48:34.000,50.4043576,-5.1269076,24.2,1.129
2026-09-17,14:48:39.000,50.4043794,-5.1269550,23.0,1.138
2026-09-17,14:48:44.000,50.4044074,-5.1269667,22.2,1.082
2026-09-17,14:48:49.000,50.4044311,-5.1269814,21.8,0.849
2026-09-17,14:48:54.000,50.4044777,-5.1269926,21.0,0.858
2026-09-17,14:48:59.000,50.4045196,-5.1270406,19.8,1.017
2026-09-17,14:49:04.000,50.4045652,-5.1271167,18.8,1.297
2026-09-17,14:49:09.000,50.4045943,-5.1272020,19.0,1.288
2026-09-17,14:49:14.000,50.4046016,-5.1272892,19.2,1.316
2026-09-17,14:49:19.000,50.4045991,-5.1273659,18.2,1.204
2026-09-17,14:49:24.000,50.4045958,-5.1274194,18.0,1.092
2026-09-17,14:49:29.000,50.4045799,-5.1274745,18.0,1.017
2026-09-17,14:49:34.000,50.4045537,-5.1275239,15.6,0.970
2026-09-17,14:49:39.000,50.4045429,-5.1275593,15.4,0.952
2026-09-17,14:49:44.000,50.4045388,-5.1275935,14.2,0.858
2026-09-17,14:49:49.000,50.4045370,-5.1276195,13.0,0.653
2026-09-17,14:49:54.000,50.4045362,-5.1276389,11.6,0.513
2026-09-17,14:49:59.000,50.4045372,-5.1276635,10.2,0.439
2026-09-17,14:50:04.000,50.4045396,-5.1276974,9.8,0.420
2026-09-17,14:50:09.000,50.4045499,-5.1277577,9.0,0.681
2026-09-17,14:50:14.000,50.4045746,-5.1278350,8.6,0.849
2026-09-17,14:50:19.000,50.4046117,-5.1278909,9.2,0.933
2026-09-17,14:50:24.000,50.4046547,-5.1279265,8.8,1.036
2026-09-17,14:50:29.000,50.4046879,-5.1279570,9.4,1.017
2026-09-17,14:50:34.000,50.4047139,-5.1279921,10.0,0.858
2026-09-17,14:50:39.000,50.4047337,-5.1280452,10.8,0.858
2026-09-17,14:50:44.000,50.4047246,-5.1281190,11.8,0.905
2026-09-17,14:50:49.000,50.4047238,-5.1281869,12.8,1.092
2026-09-17,14:50:54.000,50.4047225,-5.1282504,13.2,0.914
2026-09-17,14:50:59.000,50.4047197,-5.1283030,13.4,0.942
2026-09-17,14:51:04.000,50.4047237,-5.1283387,13.8,0.756
2026-09-17,14:51:09.000,50.4047484,-5.1283634,15.2,0.718
2026-09-17,14:51:14.000,50.4047941,-5.1284022,15.0,0.793
2026-09-17,14:51:19.000,50.4048306,-5.1284652,13.6,0.970
2026-09-17,14:51:24.000,50.4048489,-5.1285386,13.4,1.138
2026-09-17,14:51:29.000,50.4048587,-5.1286146,13.0,1.110
2026-09-17,14:51:34.000,50.4048688,-5.1286940,13.0,1.101
2026-09-17,14:51:39.000,50.4048738,-5.1287687,13.6,1.120
2026-09-17,14:51:44.000,50.4048785,-5.1288444,13.8,1.082
2026-09-17,14:51:49.000,50.4048792,-5.1289303,14.0,1.101
2026-09-17,14:51:54.000,50.4048802,-5.1290151,14.6,1.138
2026-09-17,14:51:59.000,50.4048722,-5.1290897,14.8,1.129
2026-09-17,14:52:04.000,50.4048566,-5.1291617,15.2,1.120
2026-09-17,14:52:09.000,50.4048371,-5.1292233,16.2,1.092
2026-09-17,14:52:14.000,50.4048175,-5.1292779,17.0,1.073
2026-09-17,14:52:19.000,50.4047979,-5.1293357,17.8,1.036
2026-09-17,14:52:24.000,50.4047797,-5.1293901,18.6,0.998
2026-09-17,14:52:29.000,50.4047697,-5.1294375,19.4,0.970
2026-09-17,14:52:34.000,50.4047704,-5.1294467,19.8,0.840
2026-09-17,14:52:39.000,50.4047696,-5.1294493,19.0,0.000
2026-09-17,14:52:44.000,50.4047634,-5.1294518,20.0,0.000
2026-09-17,14:52:49.000,50.4047625,-5.1294536,19.6,0.000
2026-09-17,14:52:54.000,50.4047590,-5.1294408,18.8,0.000
2026-09-17,14:52:59.000,50.4047588,-5.1294404,19.0,0.000
2026-09-17,14:53:04.000,50.4047588,-5.1294404,19.0,0.000
2026-09-17,14:53:09.000,50.4047588,-5.1294404,19.0,0.000
2026-09-17,14:53:14.000,50.4047588,-5.1294412,18.8,0.000
2026-09-17,14:53:19.000,50.4047585,-5.1294437,18.0,0.000
2026-09-17,14:53:24.000,50.4047585,-5.1294443,18.8,0.000
2026-09-17,14:53:29.000,50.4047585,-5.1294445,18.6,0.000
2026-09-17,14:53:34.000,50.4047584,-5.1294445,18.8,0.000
2026-09-17,14:53:39.000,50.4047583,-5.1294445,18.6,0.000
2026-09-17,14:53:44.000,50.4047582,-5.1294445,18.8,0.000
2026-09-17,14:53:49.000,50.4047581,-5.1294443,18.8,0.000
2026-09-17,14:53:54.000,50.4047581,-5.1294441,18.6,0.000
2026-09-17,14:53:59.000,50.4047580,-5.1294439,18.4,0.000
2026-09-17,14:54:04.000,50.4047580,-5.1294439,18.8,0.000
2026-09-17,14:54:09.000,50.4047580,-5.1294438,19.0,0.000
2026-09-17,14:54:14.000,50.4047580,-5.1294437,18.6,0.000
2026-09-17,14:54:19.000,50.4047579,-5.1294436,18.6,0.000
2026-09-17,14:54:24.000,50.4047579,-5.1294435,18.6,0.000
2026-09-17,14:54:29.000,50.4047578,-5.1294434,18.4,0.000
2026-09-17,14:54:34.000,50.4047578,-5.1294432,18.6,0.000
2026-09-17,14:54:39.000,50.4047578,-5.1294431,18.8,0.000
2026-09-17,14:54:44.000,50.4047579,-5.1294430,18.6,0.000
2026-09-17,14:54:49.000,50.4047579,-5.1294432,18.4,0.000
2026-09-17,14:54:54.000,50.4047580,-5.1294434,18.4,0.000
2026-09-17,14:54:59.000,50.4047581,-5.1294434,19.0,0.000
2026-09-17,14:55:04.000,50.4047582,-5.1294434,18.6,0.000
2026-09-17,14:55:09.000,50.4047582,-5.1294434,18.2,0.000
2026-09-17,14:55:14.000,50.4047582,-5.1294435,18.6,0.000
2026-09-17,14:55:19.000,50.4047582,-5.1294435,19.0,0.000
2026-09-17,14:55:24.000,50.4047581,-5.1294436,18.4,0.000
2026-09-17,14:55:29.000,50.4047581,-5.1294436,18.4,0.000
2026-09-17,14:55:34.000,50.4047581,-5.1294436,18.4,0.000
2026-09-17,14:55:39.000,50.4047581,-5.1294436,18.6,0.000
2026-09-17,14:55:44.000,50.4047581,-5.1294436,18.6,0.000
2026-09-17,14:55:49.000,50.4047581,-5.1294436,18.6,0.000
2026-09-17,14:55:54.000,50.4047581,-5.1294435,18.2,0.000
2026-09-17,14:55:59.000,50.4047581,-5.1294435,18.4,0.000
2026-09-17,14:56:04.000,50.4047581,-5.1294434,18.6,0.000
2026-09-17,14:56:09.000,50.4047580,-5.1294435,18.4,0.000
2026-09-17,14:56:14.000,50.4047580,-5.1294436,18.6,0.000
2026-09-17,14:56:19.000,50.4047580,-5.1294437,19.0,0.000
2026-09-17,14:56:24.000,50.4047580,-5.1294439,18.6,0.000
2026-09-17,14:56:29.000,50.4047579,-5.1294440,18.2,0.000
2026-09-17,14:56:34.000,50.4047579,-5.1294439,18.8,0.000
2026-09-17,14:56:39.000,50.4047579,-5.1294439,19.0,0.000
2026-09-17,14:56:44.000,50.4047579,-5.1294439,18.6,0.000
2026-09-17,14:56:49.000,50.4047579,-5.1294438,19.0,0.000
2026-09-17,14:56:54.000,50.4047580,-5.1294436,19.0,0.000
2026-09-17,14:56:59.000,50.4047580,-5.1294435,19.0,0.000
2026-09-17,14:57:04.000,50.4047579,-5.1294434,19.0,0.000
2026-09-17,14:57:09.000,50.4047579,-5.1294433,19.4,0.000
2026-09-17,14:57:14.000,50.4047575,-5.1294412,19.2,0.000
2026-09-17,14:57:19.000,50.4047575,-5.1294410,18.8,0.000
2026-09-17,14:57:24.000,50.4047575,-5.1294408,18.6,0.000
2026-09-17,14:57:29.000,50.4047575,-5.1294405,18.6,0.000
2026-09-17,14:57:34.000,50.4047575,-5.1294403,18.8,0.000
2026-09-17,14:57:39.000,50.4047576,-5.1294403,18.8,0.000
2026-09-17,14:57:44.000,50.4047578,-5.1294408,18.6,0.000
2026-09-17,14:57:49.000,50.4047583,-5.1294424,18.6,0.000
2026-09-17,14:57:54.000,50.4047583,-5.1294428,19.0,0.000
2026-09-17,14:57:59.000,50.4047583,-5.1294427,18.8,0.000
2026-09-17,14:58:04.000,50.4047583,-5.1294425,18.4,0.000
2026-09-17,14:58:09.000,50.4047583,-5.1294424,18.8,0.000
2026-09-17,14:58:14.000,50.4047583,-5.1294424,18.8,0.000
2026-09-17,14:58:19.000,50.4047583,-5.1294426,18.6,0.000
2026-09-17,14:58:24.000,50.4047583,-5.1294429,18.8,0.000
2026-09-17,14:58:29.000,50.4047583,-5.1294432,18.8,0.000
2026-09-17,14:58:34.000,50.4047583,-5.1294434,18.8,0.000
2026-09-17,14:58:39.000,50.4047583,-5.1294438,18.8,0.000
2026-09-17,14:58:44.000,50.4047582,-5.1294439,18.8,0.000
2026-09-17,14:58:49.000,50.4047582,-5.1294439,18.8,0.000
2026-09-17,14:58:54.000,50.4047582,-5.1294439,19.0,0.000
2026-09-17,14:58:59.000,50.4047582,-5.1294438,18.6,0.000
2026-09-17,14:59:04.000,50.4047582,-5.1294435,19.0,0.000
2026-09-17,14:59:09.000,50.4047582,-5.1294433,19.0,0.000
2026-09-17,14:59:14.000,50.4047582,-5.1294433,18.8,0.000
2026-09-17,14:59:19.000,50.4047582,-5.1294434,19.2,0.000
2026-09-17,14:59:24.000,50.4047582,-5.1294437,18.8,0.000
2026-09-17,14:59:29.000,50.4047582,-5.1294439,19.2,0.000
2026-09-17,14:59:34.000,50.4047582,-5.1294439,18.8,0.000
2026-09-17,14:59:39.000,50.4047582,-5.1294436,19.0,0.000
2026-09-17,14:59:44.000,50.4047582,-5.1294433,18.4,0.000
2026-09-17,14:59:49.000,50.4047582,-5.1294432,18.8,0.000
2026-09-17,14:59:54.000,50.4047582,-5.1294433,18.6,0.000
2026-09-17,14:59:59.000,50.4047582,-5.1294434,18.4,0.000
2026-09-17,15:00:04.000,50.4047582,-5.1294435,19.0,0.000
2026-09-17,15:00:09.000,50.4047582,-5.1294435,19.2,0.000
2026-09-17,15:00:14.000,50.4047582,-5.1294434,19.0,0.000
2026-09-17,15:00:19.000,50.4047582,-5.1294434,18.6,0.000
2026-09-17,15:00:24.000,50.4047583,-5.1294439,18.6,0.000
2026-09-17,15:00:29.000,50.4047578,-5.1294455,19.0,0.000
2026-09-17,15:00:34.000,50.4047587,-5.1294448,18.6,0.000
2026-09-17,15:00:39.000,50.4047591,-5.1294429,18.8,0.000
2026-09-17,15:00:44.000,50.4047590,-5.1294428,19.2,0.000
2026-09-17,15:00:49.000,50.4047590,-5.1294427,19.0,0.000
2026-09-17,15:00:54.000,50.4047589,-5.1294426,19.0,0.000
2026-09-17,15:00:59.000,50.4047589,-5.1294426,18.8,0.000
2026-09-17,15:01:04.000,50.4047588,-5.1294425,19.2,0.000
2026-09-17,15:01:09.000,50.4047587,-5.1294425,19.0,0.000
2026-09-17,15:01:14.000,50.4047587,-5.1294424,19.0,0.000
2026-09-17,15:01:19.000,50.4047585,-5.1294424,18.6,0.000
2026-09-17,15:01:24.000,50.4047569,-5.1294431,19.2,0.000
2026-09-17,15:01:29.000,50.4047571,-5.1294427,18.8,0.000
2026-09-17,15:01:34.000,50.4047595,-5.1294449,18.4,0.000
2026-09-17,15:01:39.000,50.4047596,-5.1294445,18.6,0.000
2026-09-17,15:01:44.000,50.4047599,-5.1294442,18.8,0.000
2026-09-17,15:01:49.000,50.4047639,-5.1294438,19.0,0.000
2026-09-17,15:01:54.000,50.4047636,-5.1294433,18.8,0.000
2026-09-17,15:01:59.000,50.4047631,-5.1294429,18.8,0.000
2026-09-17,15:02:04.000,50.4047628,-5.1294426,18.8,0.000
2026-09-17,15:02:09.000,50.4047621,-5.1294424,18.6,0.000
2026-09-17,15:02:14.000,50.4047614,-5.1294424,19.0,0.000
2026-09-17,15:02:19.000,50.4047607,-5.1294425,18.8,0.000
2026-09-17,15:02:24.000,50.4047604,-5.1294426,18.6,0.000
2026-09-17,15:02:29.000,50.4047602,-5.1294427,18.4,0.000
2026-09-17,15:02:34.000,50.4047602,-5.1294426,18.8,0.000
2026-09-17,15:02:39.000,50.4047604,-5.1294424,18.8,0.000
2026-09-17,15:02:44.000,50.4047604,-5.1294423,18.8,0.000
2026-09-17,15:02:49.000,50.4047604,-5.1294422,18.8,0.000
2026-09-17,15:02:54.000,50.4047607,-5.1294425,19.0,0.000
2026-09-17,15:02:59.000,50.4047606,-5.1294424,18.6,0.401
2026-09-17,15:03:04.000,50.4047607,-5.1294423,18.8,0.000
2026-09-17,15:03:09.000,50.4047607,-5.1294422,18.8,0.000
2026-09-17,15:03:14.000,50.4047607,-5.1294423,18.8,0.000
2026-09-17,15:03:19.000,50.4047609,-5.1294400,18.8,0.000
2026-09-17,15:03:24.000,50.4047611,-5.1294400,18.6,0.000
2026-09-17,15:03:29.000,50.4047612,-5.1294400,18.2,0.000
2026-09-17,15:03:34.000,50.4047612,-5.1294401,18.4,0.000
2026-09-17,15:03:39.000,50.4047609,-5.1294403,18.0,0.000
2026-09-17,15:03:44.000,50.4047605,-5.1294403,18.4,0.000
2026-09-17,15:03:49.000,50.4047600,-5.1294404,18.6,0.000
2026-09-17,15:03:54.000,50.4047599,-5.1294404,18.2,0.000
2026-09-17,15:03:59.000,50.4047599,-5.1294404,18.4,0.000
2026-09-17,15:04:04.000,50.4047600,-5.1294404,18.4,0.000
2026-09-17,15:04:09.000,50.4047601,-5.1294404,18.4,0.000
2026-09-17,15:04:14.000,50.4047604,-5.1294404,18.4,0.000
2026-09-17,15:04:19.000,50.4047606,-5.1294403,18.8,0.000
2026-09-17,15:04:24.000,50.4047608,-5.1294403,18.4,0.000
2026-09-17,15:04:29.000,50.4047611,-5.1294403,18.6,0.000
2026-09-17,15:04:34.000,50.4047612,-5.1294403,18.4,0.000
2026-09-17,15:04:39.000,50.4047616,-5.1294402,18.4,0.000
2026-09-17,15:04:44.000,50.4047617,-5.1294402,18.6,0.000
2026-09-17,15:04:49.000,50.4047619,-5.1294401,18.4,0.000
2026-09-17,15:04:54.000,50.4047620,-5.1294401,18.6,0.000
2026-09-17,15:04:59.000,50.4047619,-5.1294401,18.6,0.000
2026-09-17,15:05:04.000,50.4047616,-5.1294401,18.6,0.000
2026-09-17,15:05:09.000,50.4047616,-5.1294402,18.4,0.000
2026-09-17,15:05:14.000,50.4047617,-5.1294401,18.6,0.000
2026-09-17,15:05:19.000,50.4047621,-5.1294401,18.6,0.000
2026-09-17,15:05:24.000,50.4047623,-5.1294400,18.6,0.000
2026-09-17,15:05:29.000,50.4047623,-5.1294400,18.8,0.000
2026-09-17,15:05:34.000,50.4047622,-5.1294400,18.6,0.000
2026-09-17,15:05:39.000,50.4047622,-5.1294400,18.8,0.000
2026-09-17,15:05:44.000,50.4047625,-5.1294400,18.8,0.000
2026-09-17,15:05:49.000,50.4047629,-5.1294399,18.8,0.000
2026-09-17,15:05:54.000,50.4047634,-5.1294399,19.0,0.000
2026-09-17,15:05:59.000,50.4047638,-5.1294399,18.4,0.000
2026-09-17,15:06:04.000,50.4047642,-5.1294400,18.8,0.000
2026-09-17,15:06:09.000,50.4047646,-5.1294402,19.0,0.000
2026-09-17,15:06:14.000,50.4047651,-5.1294403,19.0,0.000
2026-09-17,15:06:19.000,50.4047657,-5.1294405,18.6,0.000
2026-09-17,15:06:24.000,50.4047665,-5.1294405,18.8,0.000
2026-09-17,15:06:29.000,50.4047675,-5.1294367,18.6,0.000
2026-09-17,15:06:34.000,50.4047658,-5.1294338,19.0,0.000
2026-09-17,15:06:39.000,50.4047662,-5.1294337,19.2,0.000
2026-09-17,15:06:44.000,50.4047666,-5.1294338,18.8,0.000
2026-09-17,15:06:49.000,50.4047668,-5.1294339,18.8,0.000
2026-09-17,15:06:54.000,50.4047670,-5.1294340,19.0,0.000
2026-09-17,15:06:59.000,50.4047670,-5.1294341,19.0,0.000
2026-09-17,15:07:04.000,50.4047668,-5.1294342,18.8,0.000
2026-09-17,15:07:09.000,50.4047666,-5.1294343,19.2,0.000
2026-09-17,15:07:14.000,50.4047664,-5.1294343,19.0,0.000
2026-09-17,15:07:19.000,50.4047662,-5.1294344,19.0,0.000
2026-09-17,15:07:24.000,50.4047662,-5.1294343,18.8,0.000
2026-09-17,15:07:29.000,50.4047662,-5.1294343,19.0,0.000
2026-09-17,15:07:34.000,50.4047661,-5.1294342,19.0,0.000
2026-09-17,15:07:39.000,50.4047660,-5.1294341,19.2,0.000
2026-09-17,15:07:44.000,50.4047657,-5.1294341,19.2,0.000
2026-09-17,15:07:49.000,50.4047652,-5.1294341,19.0,0.000
2026-09-17,15:07:54.000,50.4047647,-5.1294342,19.2,0.000
2026-09-17,15:07:59.000,50.4047643,-5.1294341,19.2,0.000
2026-09-17,15:08:04.000,50.4047642,-5.1294341,19.2,0.000
2026-09-17,15:08:09.000,50.4047642,-5.1294340,19.2,0.000
2026-09-17,15:08:14.000,50.4047642,-5.1294339,18.8,0.000
2026-09-17,15:08:19.000,50.4047642,-5.1294336,19.0,0.000
2026-09-17,15:08:24.000,50.4047640,-5.1294335,18.8,0.000
2026-09-17,15:08:29.000,50.4047639,-5.1294334,18.4,0.000
2026-09-17,15:08:34.000,50.4047639,-5.1294333,18.8,0.000
2026-09-17,15:08:39.000,50.4047640,-5.1294332,18.8,0.000
2026-09-17,15:08:44.000,50.4047640,-5.1294332,19.0,0.000
2026-09-17,15:08:49.000,50.4047641,-5.1294332,19.0,0.000
2026-09-17,15:08:54.000,50.4047641,-5.1294332,19.2,0.000
2026-09-17,15:08:59.000,50.4047643,-5.1294331,19.0,0.000
2026-09-17,15:09:04.000,50.4047646,-5.1294329,19.0,0.000
2026-09-17,15:09:09.000,50.4047650,-5.1294326,18.8,0.000
2026-09-17,15:09:14.000,50.4047656,-5.1294323,19.0,0.000
2026-09-17,15:09:19.000,50.4047660,-5.1294320,19.0,0.000
2026-09-17,15:09:24.000,50.4047664,-5.1294315,19.2,0.000
2026-09-17,15:09:29.000,50.4047680,-5.1294323,18.8,0.000
2026-09-17,15:09:34.000,50.4047712,-5.1294333,19.2,0.000
2026-09-17,15:09:39.000,50.4047733,-5.1294356,20.0,0.000
2026-09-17,15:09:44.000,50.4047718,-5.1294367,20.4,0.000
2026-09-17,15:09:49.000,50.4047687,-5.1294379,20.0,0.000
2026-09-17,15:09:54.000,50.4047580,-5.1294449,19.4,0.000
2026-09-17,15:09:59.000,50.4047475,-5.1294603,20.4,0.000
2026-09-17,15:10:04.000,50.4047432,-5.1294842,20.8,0.000
2026-09-17,15:10:09.000,50.4047535,-5.1295211,20.4,0.000
2026-09-17,15:10:14.000,50.4047674,-5.1295413,20.4,0.000
2026-09-17,15:10:19.000,50.4047947,-5.1295932,20.2,0.000
2026-09-17,15:10:24.000,50.4048215,-5.1296633,19.6,0.700
2026-09-17,15:10:29.000,50.4048430,-5.1297156,19.4,1.138
2026-09-17,15:10:34.000,50.4048489,-5.1297392,19.8,1.008
2026-09-17,15:10:39.000,50.4048489,-5.1297389,20.6,0.000
2026-09-17,15:10:44.000,50.4048490,-5.1297399,20.0,0.000
2026-09-17,15:10:49.000,50.4048526,-5.1297804,20.2,0.000
2026-09-17,15:10:54.000,50.4048569,-5.1298194,20.2,0.000
2026-09-17,15:10:59.000,50.4048544,-5.1298171,21.2,0.000
2026-09-17,15:11:04.000,50.4048544,-5.1298295,21.0,0.000
2026-09-17,15:11:09.000,50.4048569,-5.1299014,21.2,0.000
2026-09-17,15:11:14.000,50.4048592,-5.1299767,21.6,1.017
2026-09-17,15:11:19.000,50.4048622,-5.1300516,21.8,1.241
2026-09-17,15:11:24.000,50.4048640,-5.1301274,22.0,1.278
2026-09-17,15:11:29.000,50.4048647,-5.1302141,22.0,1.222
2026-09-17,15:11:34.000,50.4048594,-5.1303053,21.6,1.297
2026-09-17,15:11:39.000,50.4048700,-5.1303743,22.0,1.269
2026-09-17,15:11:44.000,50.4048827,-5.1303985,21.4,1.101
2026-09-17,15:11:49.000,50.4048868,-5.1304036,21.8,0.896
2026-09-17,15:11:54.000,50.4048963,-5.1303934,20.8,0.924
2026-09-17,15:11:59.000,50.4049291,-5.1304450,20.6,1.082
2026-09-17,15:12:04.000,50.4049544,-5.1305188,19.6,1.194
2026-09-17,15:12:09.000,50.4049781,-5.1305921,19.4,1.250
2026-09-17,15:12:14.000,50.4050036,-5.1306588,16.8,1.250
2026-09-17,15:12:19.000,50.4050335,-5.1307239,16.0,1.204
2026-09-17,15:12:24.000,50.4050653,-5.1307877,15.8,1.232
2026-09-17,15:12:29.000,50.4050988,-5.1308451,16.0,1.204
2026-09-17,15:12:34.000,50.4051331,-5.1309007,15.4,1.222
2026-09-17,15:12:39.000,50.4051731,-5.1309584,14.2,1.222
2026-09-17,15:12:44.000,50.4051999,-5.1310035,13.4,1.204
2026-09-17,15:12:49.000,50.4052206,-5.1310227,12.6,1.120
2026-09-17,15:12:54.000,50.4052234,-5.1310143,12.2,0.821
2026-09-17,15:12:59.000,50.4052238,-5.1310138,12.6,0.000
2026-09-17,15:13:04.000,50.4052241,-5.1310138,12.4,0.000
2026-09-17,15:13:09.000,50.4052245,-5.1310139,12.6,0.000
2026-09-17,15:13:14.000,50.4052250,-5.1310140,12.6,0.000
2026-09-17,15:13:19.000,50.4052308,-5.1310204,12.6,0.000
2026-09-17,15:13:24.000,50.4052838,-5.1310521,12.6,0.476
2026-09-17,15:13:29.000,50.4053387,-5.1310747,11.4,1.316
2026-09-17,15:13:34.000,50.4053922,-5.1310967,11.2,1.222
2026-09-17,15:13:39.000,50.4054450,-5.1311125,9.6,1.241
2026-09-17,15:13:44.000,50.4054989,-5.1311046,10.2,1.250
2026-09-17,15:13:49.000,50.4055487,-5.1310928,9.6,1.232
2026-09-17,15:13:54.000,50.4055919,-5.1311279,9.6,1.120
2026-09-17,15:13:59.000,50.4056298,-5.1312044,9.0,1.194
2026-09-17,15:14:04.000,50.4056711,-5.1312738,9.4,1.278
2026-09-17,15:14:09.000,50.4056981,-5.1313510,9.8,1.297
2026-09-17,15:14:14.000,50.4057139,-5.1314339,10.4,1.288
2026-09-17,15:14:19.000,50.4057174,-5.1315122,11.2,1.241
2026-09-17,15:14:24.000,50.4057142,-5.1315759,11.8,1.129
2026-09-17,15:14:29.000,50.4057151,-5.1316050,11.8,0.933
2026-09-17,15:14:34.000,50.4057499,-5.1316134,13.6,0.746
2026-09-17,15:14:39.000,50.4058016,-5.1316420,13.4,1.176
2026-09-17,15:14:44.000,50.4058375,-5.1317050,13.6,1.297
2026-09-17,15:14:49.000,50.4058512,-5.1317709,13.8,1.110
2026-09-17,15:14:54.000,50.4058603,-5.1318199,14.8,1.036
2026-09-17,15:14:59.000,50.4058605,-5.1318354,15.6,0.952
2026-09-17,15:15:04.000,50.4058598,-5.1318363,15.8,0.000
2026-09-17,15:15:09.000,50.4058618,-5.1318548,15.8,0.000
2026-09-17,15:15:14.000,50.4058707,-5.1319240,16.4,0.317
2026-09-17,15:15:19.000,50.4058742,-5.1319845,17.4,0.802
2026-09-17,15:15:24.000,50.4058868,-5.1320474,18.2,0.961
2026-09-17,15:15:29.000,50.4059053,-5.1321236,19.0,1.008
2026-09-17,15:15:34.000,50.4059069,-5.1321858,19.8,1.045
2026-09-17,15:15:39.000,50.4059114,-5.1322443,20.8,0.989
2026-09-17,15:15:44.000,50.4059158,-5.1323065,21.6,0.868
2026-09-17,15:15:49.000,50.4059226,-5.1323682,22.6,0.905
2026-09-17,15:15:54.000,50.4059222,-5.1324324,23.4,0.914
2026-09-17,15:15:59.000,50.4059119,-5.1324903,23.6,0.933
2026-09-17,15:16:04.000,50.4059006,-5.1325437,25.0,0.914
2026-09-17,15:16:09.000,50.4058982,-5.1325903,25.8,0.868
2026-09-17,15:16:14.000,50.4059187,-5.1326220,26.2,0.774
2026-09-17,15:16:19.000,50.4059326,-5.1326316,26.4,0.765
2026-09-17,15:16:24.000,50.4059683,-5.1326806,26.2,0.700
2026-09-17,15:16:29.000,50.4060074,-5.1327307,26.4,0.896
2026-09-17,15:16:34.000,50.4060442,-5.1327806,26.2,0.998
2026-09-17,15:16:39.000,50.4060969,-5.1328261,26.2,1.026
2026-09-17,15:16:44.000,50.4061478,-5.1328527,27.4,1.120
2026-09-17,15:16:49.000,50.4061928,-5.1328630,26.8,1.092
2026-09-17,15:16:54.000,50.4062512,-5.1328784,26.2,1.204
2026-09-17,15:16:59.000,50.4063054,-5.1328721,25.6,1.194
2026-09-17,15:17:04.000,50.4063637,-5.1328906,25.2,1.213
2026-09-17,15:17:09.000,50.4064221,-5.1328944,25.0,1.250
2026-09-17,15:17:14.000,50.4064503,-5.1328892,25.6,1.185
2026-09-17,15:17:19.000,50.4064783,-5.1329316,25.4,0.989
2026-09-17,15:17:24.000,50.4065187,-5.1329946,24.8,0.980
2026-09-17,15:17:29.000,50.4065479,-5.1330728,26.0,1.092
2026-09-17,15:17:34.000,50.4065715,-5.1331445,26.2,1.176
2026-09-17,15:17:39.000,50.4066129,-5.1331792,26.8,1.166
2026-09-17,15:17:44.000,50.4066693,-5.1332273,27.4,1.157
2026-09-17,15:17:49.000,50.4067025,-5.1332989,27.4,1.185
2026-09-17,15:17:54.000,50.4067167,-5.1333197,28.2,1.166
2026-09-17,15:17:59.000,50.4067497,-5.1333731,28.4,0.000
2026-09-17,15:18:04.000,50.4067831,-5.1334484,29.4,1.344
2026-09-17,15:18:09.000,50.4068121,-5.1335126,29.0,1.194
2026-09-17,15:18:14.000,50.4068476,-5.1335879,29.8,1.157
2026-09-17,15:18:19.000,50.4068829,-5.1336675,30.6,1.241
2026-09-17,15:18:24.000,50.4069148,-5.1337375,30.0,1.232
2026-09-17,15:18:29.000,50.4069455,-5.1338112,32.0,1.185
2026-09-17,15:18:34.000,50.4069728,-5.1338858,32.0,1.288
2026-09-17,15:18:39.000,50.4069956,-5.1339646,32.8,1.213
2026-09-17,15:18:44.000,50.4070159,-5.1340492,33.0,1.204
2026-09-17,15:18:49.000,50.4070388,-5.1341267,34.4,1.213
2026-09-17,15:18:54.000,50.4070328,-5.1342054,35.4,1.204
2026-09-17,15:18:59.000,50.4070184,-5.1342770,35.2,1.157
2026-09-17,15:19:04.000,50.4070032,-5.1343543,37.0,1.138
2026-09-17,15:19:09.000,50.4070010,-5.1344279,37.8,1.176
2026-09-17,15:19:14.000,50.4069993,-5.1345031,37.8,1.073
2026-09-17,15:19:19.000,50.4070022,-5.1345805,38.2,1.082
2026-09-17,15:19:24.000,50.4070047,-5.1346611,39.4,1.082
2026-09-17,15:19:29.000,50.4070097,-5.1347434,40.4,1.073
2026-09-17,15:19:34.000,50.4070159,-5.1348281,40.4,1.101
2026-09-17,15:19:39.000,50.4070204,-5.1349102,40.4,1.120
2026-09-17,15:19:44.000,50.4070237,-5.1349882,41.8,1.110
2026-09-17,15:19:49.000,50.4070228,-5.1350652,41.2,1.110
2026-09-17,15:19:54.000,50.4070195,-5.1351406,41.2,1.120
2026-09-17,15:19:59.000,50.4070197,-5.1352203,42.4,1.120
2026-09-17,15:20:04.000,50.4070179,-5.1352622,42.4,1.129
2026-09-17,15:20:09.000,50.4070076,-5.1353411,43.2,1.082
2026-09-17,15:20:14.000,50.4069812,-5.1354138,44.0,1.110
2026-09-17,15:20:19.000,50.4069546,-5.1354775,43.6,1.129
2026-09-17,15:20:24.000,50.4069295,-5.1355527,43.4,1.138
2026-09-17,15:20:29.000,50.4069030,-5.1356186,43.6,1.157
2026-09-17,15:20:34.000,50.4068751,-5.1356840,44.4,1.082
2026-09-17,15:20:39.000,50.4068357,-5.1357450,44.6,1.129
2026-09-17,15:20:44.000,50.4067955,-5.1358023,44.4,1.194
2026-09-17,15:20:49.000,50.4067559,-5.1358508,44.8,1.166
2026-09-17,15:20:54.000,50.4067215,-5.1359112,45.0,1.157
2026-09-17,15:20:59.000,50.4066884,-5.1359769,43.6,1.176
2026-09-17,15:21:04.000,50.4066387,-5.1360326,42.8,1.213
2026-09-17,15:21:09.000,50.4065924,-5.1360727,41.6,1.213
2026-09-17,15:21:14.000,50.4065564,-5.1361238,41.0,1.222
2026-09-17,15:21:19.000,50.4065066,-5.1361662,41.6,1.194
2026-09-17,15:21:24.000,50.4064537,-5.1362043,39.2,1.260
2026-09-17,15:21:29.000,50.4064030,-5.1362438,38.4,1.232
2026-09-17,15:21:34.000,50.4063563,-5.1362819,37.6,1.250
2026-09-17,15:21:39.000,50.4063291,-5.1363196,37.6,1.194
2026-09-17,15:21:44.000,50.4063223,-5.1363347,35.8,0.942
2026-09-17,15:21:49.000,50.4063212,-5.1363366,35.6,0.000
2026-09-17,15:21:54.000,50.4063172,-5.1363351,36.6,0.000
2026-09-17,15:21:59.000,50.4063021,-5.1363262,37.2,0.000
2026-09-17,15:22:04.000,50.4062565,-5.1363450,36.4,0.000
2026-09-17,15:22:09.000,50.4061972,-5.1363809,35.0,1.269
2026-09-17,15:22:14.000,50.4061456,-5.1364136,34.6,1.409
2026-09-17,15:22:19.000,50.4060916,-5.1364431,33.6,1.176
2026-09-17,15:22:24.000,50.4060447,-5.1364759,33.8,1.213
2026-09-17,15:22:29.000,50.4059838,-5.1364962,33.0,1.241
2026-09-17,15:22:34.000,50.4059261,-5.1365250,32.4,1.269
2026-09-17,15:22:39.000,50.4058561,-5.1365436,32.4,1.306
2026-09-17,15:22:44.000,50.4057995,-5.1365671,31.8,1.362
2026-09-17,15:22:49.000,50.4057330,-5.1365915,32.0,1.409
2026-09-17,15:22:54.000,50.4056778,-5.1366168,31.0,1.390
2026-09-17,15:22:59.000,50.4056168,-5.1366395,32.8,1.390
2026-09-17,15:23:04.000,50.4055590,-5.1366664,32.4,1.390
2026-09-17,15:23:09.000,50.4055019,-5.1367013,32.6,1.372
2026-09-17,15:23:14.000,50.4054474,-5.1367378,33.8,1.381
2026-09-17,15:23:19.000,50.4053912,-5.1367777,32.4,1.362
2026-09-17,15:23:24.000,50.4053381,-5.1367914,32.2,1.353
2026-09-17,15:23:29.000,50.4052831,-5.1367873,34.2,1.288
2026-09-17,15:23:34.000,50.4052286,-5.1368033,34.2,1.241
2026-09-17,15:23:39.000,50.4051746,-5.1368175,31.4,1.250
2026-09-17,15:23:44.000,50.4051206,-5.1368287,31.2,1.250
2026-09-17,15:23:49.000,50.4050628,-5.1368375,31.8,1.241
2026-09-17,15:23:54.000,50.4050104,-5.1368554,32.0,1.260
2026-09-17,15:23:59.000,50.4049689,-5.1368700,33.2,1.241
2026-09-17,15:24:04.000,50.4049227,-5.1368745,33.0,1.138
2026-09-17,15:24:09.000,50.4048657,-5.1368817,33.8,1.194
2026-09-17,15:24:14.000,50.4048141,-5.1368956,34.0,1.241
2026-09-17,15:24:19.000,50.4047556,-5.1369019,34.4,1.232
2026-09-17,15:24:24.000,50.4046954,-5.1369110,34.8,1.232
2026-09-17,15:24:29.000,50.4046413,-5.1369275,33.6,1.260
2026-09-17,15:24:34.000,50.4045875,-5.1369468,34.2,1.250
2026-09-17,15:24:39.000,50.4045292,-5.1369582,32.8,1.260
2026-09-17,15:24:44.000,50.4044686,-5.1369586,32.0,1.288
2026-09-17,15:24:49.000,50.4044150,-5.1369525,32.4,1.269
2026-09-17,15:24:54.000,50.4043617,-5.1369536,30.6,1.260
2026-09-17,15:24:59.000,50.4043156,-5.1370005,30.4,1.269
2026-09-17,15:25:04.000,50.4042733,-5.1370465,30.4,1.250
2026-09-17,15:25:09.000,50.4042295,-5.1370833,27.6,1.222
2026-09-17,15:25:14.000,50.4041825,-5.1371208,25.6,1.222
2026-09-17,15:25:19.000,50.4041309,-5.1371524,24.4,1.204
2026-09-17,15:25:24.000,50.4040810,-5.1371803,23.2,1.166
2026-09-17,15:25:29.000,50.4040277,-5.1372046,22.0,1.194
2026-09-17,15:25:34.000,50.4039767,-5.1372374,20.4,1.194
2026-09-17,15:25:39.000,50.4039245,-5.1372763,19.0,1.232
2026-09-17,15:25:44.000,50.4038774,-5.1372996,16.6,1.241
2026-09-17,15:25:49.000,50.4038286,-5.1373128,15.2,1.185
2026-09-17,15:25:54.000,50.4037904,-5.1373284,14.6,1.157
2026-09-17,15:25:59.000,50.4037483,-5.1372968,13.4,1.101
2026-09-17,15:26:04.000,50.4036997,-5.1372423,15.0,1.129
2026-09-17,15:26:09.000,50.4036554,-5.1371793,13.6,1.129
2026-09-17,15:26:14.000,50.4036076,-5.1371080,11.8,1.185
2026-09-17,15:26:19.000,50.4035644,-5.1370452,11.4,1.250
2026-09-17,15:26:24.000,50.4035094,-5.1369831,11.8,1.241
2026-09-17,15:26:29.000,50.4034632,-5.1369216,11.4,1.297
2026-09-17,15:26:34.000,50.4034230,-5.1368504,11.4,1.306
2026-09-17,15:26:39.000,50.4033849,-5.1367761,11.4,1.297
2026-09-17,15:26:44.000,50.4033510,-5.1366958,11.2,1.316
2026-09-17,15:26:49.000,50.4033198,-5.1366318,11.8,1.316
2026-09-17,15:26:54.000,50.4032814,-5.1365692,11.4,1.288
2026-09-17,15:26:59.000,50.4032381,-5.1365071,12.6,1.269
2026-09-17,15:27:04.000,50.4031851,-5.1364511,12.4,1.232
2026-09-17,15:27:09.000,50.4031387,-5.1363961,12.0,1.297
2026-09-17,15:27:14.000,50.4030910,-5.1363336,12.4,1.306
2026-09-17,15:27:19.000,50.4030388,-5.1362716,12.6,1.297
2026-09-17,15:27:24.000,50.4029968,-5.1362026,12.2,1.334
2026-09-17,15:27:29.000,50.4029553,-5.1361354,12.2,1.353
2026-09-17,15:27:34.000,50.4029146,-5.1360755,13.0,1.325
2026-09-17,15:27:39.000,50.4028694,-5.1360118,13.2,1.325
2026-09-17,15:27:44.000,50.4028196,-5.1359534,13.6,1.325
2026-09-17,15:27:49.000,50.4027744,-5.1358924,14.0,1.334
2026-09-17,15:27:54.000,50.4027244,-5.1358342,14.0,1.344
2026-09-17,15:27:59.000,50.4026707,-5.1357827,14.2,1.334
2026-09-17,15:28:04.000,50.4026131,-5.1357410,14.4,1.362
2026-09-17,15:28:09.000,50.4025579,-5.1357142,15.0,1.353
2026-09-17,15:28:14.000,50.4025077,-5.1356948,14.2,1.362
2026-09-17,15:28:19.000,50.4024897,-5.1356844,13.0,1.325
2026-09-17,15:28:24.000,50.4024544,-5.1356765,13.4,0.000
2026-09-17,15:28:29.000,50.4023906,-5.1356623,13.0,0.933
2026-09-17,15:28:34.000,50.4023319,-5.1356243,13.0,1.530
2026-09-17,15:28:39.000,50.4022904,-5.1355699,13.2,1.241
2026-09-17,15:28:44.000,50.4022745,-5.1355343,13.4,1.110
2026-09-17,15:28:49.000,50.4022604,-5.1355312,13.8,0.896
2026-09-17,15:28:54.000,50.4022088,-5.1355281,14.0,0.858
2026-09-17,15:28:59.000,50.4021583,-5.1354934,13.6,1.204
2026-09-17,15:29:04.000,50.4021037,-5.1354630,14.0,1.269
2026-09-17,15:29:09.000,50.4020432,-5.1354363,14.4,1.446
2026-09-17,15:29:14.000,50.4019818,-5.1354053,13.4,1.409
2026-09-17,15:29:19.000,50.4019228,-5.1353724,13.0,1.334
2026-09-17,15:29:24.000,50.4018659,-5.1353374,12.4,1.409
2026-09-17,15:29:29.000,50.4018146,-5.1352945,11.8,1.390
2026-09-17,15:29:34.000,50.4017655,-5.1352486,11.0,1.362
2026-09-17,15:29:39.000,50.4017172,-5.1352031,12.0,1.362
2026-09-17,15:29:44.000,50.4016692,-5.1351736,11.8,1.297
2026-09-17,15:29:49.000,50.4016095,-5.1351773,11.0,1.334
2026-09-17,15:29:54.000,50.4015485,-5.1351786,10.2,1.316
2026-09-17,15:29:59.000,50.4014940,-5.1351734,9.2,1.325
2026-09-17,15:30:04.000,50.4014370,-5.1351649,9.4,1.297
2026-09-17,15:30:09.000,50.4013852,-5.1351682,8.2,1.297
2026-09-17,15:30:14.000,50.4013318,-5.1351732,7.8,1.250
2026-09-17,15:30:19.000,50.4012882,-5.1351853,7.2,1.222
2026-09-17,15:30:24.000,50.4012773,-5.1352085,6.6,1.148
2026-09-17,15:30:29.000,50.4012767,-5.1352188,5.8,0.000
2026-09-17,15:30:34.000,50.4012672,-5.1352441,6.2,0.000
2026-09-17,15:30:39.000,50.4012564,-5.1353130,5.8,0.000
2026-09-17,15:30:44.000,50.4012520,-5.1353812,5.2,0.961
2026-09-17,15:30:49.000,50.4012405,-5.1354442,4.8,0.914
2026-09-17,15:30:54.000,50.4012223,-5.1355141,4.6,1.017
2026-09-17,15:30:59.000,50.4011988,-5.1355934,4.0,1.092
2026-09-17,15:31:04.000,50.4011750,-5.1356520,3.6,1.138
2026-09-17,15:31:09.000,50.4011480,-5.1357226,3.2,1.194
2026-09-17,15:31:14.000,50.4011233,-5.1357864,3.2,1.185
2026-09-17,15:31:19.000,50.4010924,-5.1358298,3.4,1.073
2026-09-17,15:31:24.000,50.4010739,-5.1358505,4.0,0.998
2026-09-17,15:31:29.000,50.4010748,-5.1358491,4.4,0.793
2026-09-17,15:31:34.000,50.4010506,-5.1359038,4.6,0.000
2026-09-17,15:31:39.000,50.4010296,-5.1359905,5.0,1.204
2026-09-17,15:31:44.000,50.4010080,-5.1360770,5.0,1.297
2026-09-17,15:31:49.000,50.4009858,-5.1361618,4.8,1.353
2026-09-17,15:31:54.000,50.4009653,-5.1362362,5.0,1.269
2026-09-17,15:31:59.000,50.4009426,-5.1363249,5.6,1.241
2026-09-17,15:32:04.000,50.4009251,-5.1364176,5.6,1.353
2026-09-17,15:32:09.000,50.4009166,-5.1365016,5.8,1.278
2026-09-17,15:32:14.000,50.4009226,-5.1365745,6.4,1.241
2026-09-17,15:32:19.000,50.4009267,-5.1366204,7.0,1.148
2026-09-17,15:32:24.000,50.4009280,-5.1366765,8.6,0.970
2026-09-17,15:32:29.000,50.4009296,-5.1367378,9.4,0.961
2026-09-17,15:32:34.000,50.4009439,-5.1367765,10.6,0.858
2026-09-17,15:32:39.000,50.4009771,-5.1367950,12.2,0.886
2026-09-17,15:32:44.000,50.4010230,-5.1368223,13.0,1.138
2026-09-17,15:32:49.000,50.4010548,-5.1368647,13.8,0.952
2026-09-17,15:32:54.000,50.4010883,-5.1369057,15.0,0.914
2026-09-17,15:32:59.000,50.4011340,-5.1369490,15.4,0.961
2026-09-17,15:33:04.000,50.4011847,-5.1369801,15.8,1.110
2026-09-17,15:33:09.000,50.4012403,-5.1370188,16.0,1.138
2026-09-17,15:33:14.000,50.4012841,-5.1370453,16.8,1.148
2026-09-17,15:33:19.000,50.4013314,-5.1370759,17.4,1.120
2026-09-17,15:33:24.000,50.4013785,-5.1371013,18.4,1.120
2026-09-17,15:33:29.000,50.4014296,-5.1371231,19.2,1.120
2026-09-17,15:33:34.000,50.4014852,-5.1371468,19.4,1.129
2026-09-17,15:33:39.000,50.4015476,-5.1371836,19.2,1.166
2026-09-17,15:33:44.000,50.4015946,-5.1372183,19.6,1.176
2026-09-17,15:33:49.000,50.4016422,-5.1372604,20.0,1.176
2026-09-17,15:33:54.000,50.4016920,-5.1373167,20.4,1.213
2026-09-17,15:33:59.000,50.4017333,-5.1373772,20.4,1.232
2026-09-17,15:34:04.000,50.4017708,-5.1374402,21.0,1.222
2026-09-17,15:34:09.000,50.4018042,-5.1375094,21.2,1.222
2026-09-17,15:34:14.000,50.4018316,-5.1375829,21.4,1.213
2026-09-17,15:34:19.000,50.4018547,-5.1376592,21.8,1.232
2026-09-17,15:34:24.000,50.4018732,-5.1377420,22.0,1.222
2026-09-17,15:34:29.000,50.4018899,-5.1378169,23.0,1.222
2026-09-17,15:34:34.000,50.4019098,-5.1379010,23.0,1.194
2026-09-17,15:34:39.000,50.4019193,-5.1379842,23.6,1.204
2026-09-17,15:34:44.000,50.4019260,-5.1380723,24.6,1.232
2026-09-17,15:34:49.000,50.4019364,-5.1381565,23.4,1.213
2026-09-17,15:34:54.000,50.4019606,-5.1382377,22.6,1.232
2026-09-17,15:34:59.000,50.4019865,-5.1383143,21.8,1.232
2026-09-17,15:35:04.000,50.4020182,-5.1383873,21.0,1.232
2026-09-17,15:35:09.000,50.4020368,-5.1384743,20.6,1.232
2026-09-17,15:35:14.000,50.4020517,-5.1385512,19.6,1.232
2026-09-17,15:35:19.000,50.4020626,-5.1386360,19.0,1.213
2026-09-17,15:35:24.000,50.4020719,-5.1387176,18.6,1.222
2026-09-17,15:35:29.000,50.4020783,-5.1387984,18.2,1.213
2026-09-17,15:35:34.000,50.4020659,-5.1388776,17.0,1.194
2026-09-17,15:35:39.000,50.4020491,-5.1389584,16.4,1.194
2026-09-17,15:35:44.000,50.4020274,-5.1390301,16.0,1.176
2026-09-17,15:35:49.000,50.4019980,-5.1391018,15.2,1.185
2026-09-17,15:35:54.000,50.4019749,-5.1391784,14.0,1.176
2026-09-17,15:35:59.000,50.4019590,-5.1392569,12.8,1.176
2026-09-17,15:36:04.000,50.4019435,-5.1393369,12.0,1.185
2026-09-17,15:36:09.000,50.4019211,-5.1394194,11.8,1.204
2026-09-17,15:36:14.000,50.4019289,-5.1394753,10.8,1.176
2026-09-17,15:36:19.000,50.4019564,-5.1395149,9.6,1.120
2026-09-17,15:36:24.000,50.4019928,-5.1395681,9.2,1.054
2026-09-17,15:36:29.000,50.4020288,-5.1396309,9.8,1.232
2026-09-17,15:36:34.000,50.4020681,-5.1396231,10.0,0.980
2026-09-17,15:36:39.000,50.4021213,-5.1396078,9.4,1.250
2026-09-17,15:36:44.000,50.4021704,-5.1395817,9.4,1.017
2026-09-17,15:36:49.000,50.4022221,-5.1395570,8.6,1.120
2026-09-17,15:36:54.000,50.4022741,-5.1395400,9.2,1.157
2026-09-17,15:36:59.000,50.4023242,-5.1395313,9.2,1.148
2026-09-17,15:37:04.000,50.4023722,-5.1395524,9.8,1.138
2026-09-17,15:37:09.000,50.4024100,-5.1395920,10.8,1.129
2026-09-17,15:37:14.000,50.4024376,-5.1396070,12.4,1.101
2026-09-17,15:37:19.000,50.4024696,-5.1396254,13.6,0.952
2026-09-17,15:37:24.000,50.4025086,-5.1396775,15.2,0.905
2026-09-17,15:37:29.000,50.4025376,-5.1397389,16.4,0.998
2026-09-17,15:37:34.000,50.4025615,-5.1398057,16.2,1.017
2026-09-17,15:37:39.000,50.4025946,-5.1398741,16.8,1.054
2026-09-17,15:37:44.000,50.4026231,-5.1399435,16.2,1.082
2026-09-17,15:37:49.000,50.4026460,-5.1399989,16.2,1.110
2026-09-17,15:37:54.000,50.4026614,-5.1400274,16.2,0.998
2026-09-17,15:37:59.000,50.4026892,-5.1400960,16.8,0.952
2026-09-17,15:38:04.000,50.4027246,-5.1401746,17.0,1.073
2026-09-17,15:38:09.000,50.4027620,-5.1402503,16.4,1.185
2026-09-17,15:38:14.000,50.4027944,-5.1403159,15.0,1.213
2026-09-17,15:38:19.000,50.4028210,-5.1403801,16.6,1.185
2026-09-17,15:38:24.000,50.4028247,-5.1403897,16.8,1.120
2026-09-17,15:38:29.000,50.4028380,-5.1404402,16.6,0.000
2026-09-17,15:38:34.000,50.4028657,-5.1405162,17.0,1.194
2026-09-17,15:38:39.000,50.4028992,-5.1405858,17.6,1.204
2026-09-17,15:38:44.000,50.4029281,-5.1406625,18.0,1.204
2026-09-17,15:38:49.000,50.4029630,-5.1407476,17.8,1.166
2026-09-17,15:38:54.000,50.4029956,-5.1408307,17.6,1.278
2026-09-17,15:38:59.000,50.4030196,-5.1409110,17.2,1.334
2026-09-17,15:39:04.000,50.4030542,-5.1409732,17.8,1.278
2026-09-17,15:39:09.000,50.4030795,-5.1410351,18.0,1.297
2026-09-17,15:39:14.000,50.4031046,-5.1410892,18.0,1.194
2026-09-17,15:39:19.000,50.4031154,-5.1410978,17.0,0.998
2026-09-17,15:39:24.000,50.4031178,-5.1411024,17.0,0.000
2026-09-17,15:39:29.000,50.4031186,-5.1411038,17.2,0.000
2026-09-17,15:39:34.000,50.4031247,-5.1411193,16.6,0.000
2026-09-17,15:39:39.000,50.4031567,-5.1411898,18.8,0.000
2026-09-17,15:39:44.000,50.4031892,-5.1412606,19.0,1.241
2026-09-17,15:39:49.000,50.4032199,-5.1413348,19.0,1.222
2026-09-17,15:39:54.000,50.4032562,-5.1413997,19.2,1.222
2026-09-17,15:39:59.000,50.4032868,-5.1414658,21.0,1.232
2026-09-17,15:40:04.000,50.4033166,-5.1415395,21.8,1.204
2026-09-17,15:40:09.000,50.4033447,-5.1416062,21.8,1.176
2026-09-17,15:40:14.000,50.4033708,-5.1416824,22.0,1.176
2026-09-17,15:40:19.000,50.4033932,-5.1417563,23.4,1.166
2026-09-17,15:40:24.000,50.4034126,-5.1418302,24.0,1.157
2026-09-17,15:40:29.000,50.4034301,-5.1419023,23.4,1.148
2026-09-17,15:40:34.000,50.4034439,-5.1419766,24.6,1.138
2026-09-17,15:40:39.000,50.4034539,-5.1420607,25.2,1.148
2026-09-17,15:40:44.000,50.4034673,-5.1421418,25.4,1.157
2026-09-17,15:40:49.000,50.4034800,-5.1422227,25.4,1.166
2026-09-17,15:40:54.000,50.4034952,-5.1422969,25.0,1.157
2026-09-17,15:40:59.000,50.4035125,-5.1423678,24.8,1.129
2026-09-17,15:41:04.000,50.4035298,-5.1424388,24.4,1.157
2026-09-17,15:41:09.000,50.4035476,-5.1425026,25.2,1.120
2026-09-17,15:41:14.000,50.4035572,-5.1425325,24.4,1.026
2026-09-17,15:41:19.000,50.4035572,-5.1425374,24.0,0.000
2026-09-17,15:41:24.000,50.4035760,-5.1425884,24.4,0.000
2026-09-17,15:41:29.000,50.4035889,-5.1426077,22.8,0.000
2026-09-17,15:41:34.000,50.4035893,-5.1426068,23.4,0.000
2026-09-17,15:41:39.000,50.4035891,-5.1426051,22.8,0.000
2026-09-17,15:41:44.000,50.4035890,-5.1426033,23.8,0.000
2026-09-17,15:41:49.000,50.4035925,-5.1426018,23.2,0.000
2026-09-17,15:41:54.000,50.4036259,-5.1426489,22.0,0.476
2026-09-17,15:41:59.000,50.4036636,-5.1426987,22.4,1.213
2026-09-17,15:42:04.000,50.4037057,-5.1427534,22.4,1.232
2026-09-17,15:42:09.000,50.4037433,-5.1428044,22.0,1.157
2026-09-17,15:42:14.000,50.4037792,-5.1428605,21.8,1.138
2026-09-17,15:42:19.000,50.4038165,-5.1429139,22.0,1.138
2026-09-17,15:42:24.000,50.4038499,-5.1429485,22.0,1.054
2026-09-17,15:42:29.000,50.4038586,-5.1429474,20.8,0.980
2026-09-17,15:42:34.000,50.4038608,-5.1429428,20.4,0.000
2026-09-17,15:42:39.000,50.4038639,-5.1429479,20.2,0.000
2026-09-17,15:42:44.000,50.4038966,-5.1429712,20.4,0.000
2026-09-17,15:42:49.000,50.4039132,-5.1429706,20.4,0.327
2026-09-17,15:42:54.000,50.4039139,-5.1429708,20.2,0.000
2026-09-17,15:42:59.000,50.4039146,-5.1429734,20.2,0.000
2026-09-17,15:43:04.000,50.4039331,-5.1430040,20.6,0.000
2026-09-17,15:43:09.000,50.4039720,-5.1430547,20.4,0.756
2026-09-17,15:43:14.000,50.4040109,-5.1430800,19.4,1.073
2026-09-17,15:43:19.000,50.4040330,-5.1430700,20.2,1.064
2026-09-17,15:43:24.000,50.4040347,-5.1430632,19.8,0.746
2026-09-17,15:43:29.000,50.4040352,-5.1430637,20.2,0.000
2026-09-17,15:43:34.000,50.4040363,-5.1430651,20.4,0.000
2026-09-17,15:43:39.000,50.4040387,-5.1430705,20.8,0.000
2026-09-17,15:43:44.000,50.4040413,-5.1430689,20.0,0.000
2026-09-17,15:43:49.000,50.4040423,-5.1430699,20.8,0.000
2026-09-17,15:43:54.000,50.4040431,-5.1430710,20.6,0.000
2026-09-17,15:43:59.000,50.4040439,-5.1430722,20.0,0.000
2026-09-17,15:44:04.000,50.4040445,-5.1430729,20.0,0.000
2026-09-17,15:44:09.000,50.4040446,-5.1430732,20.2,0.000
2026-09-17,15:44:14.000,50.4040481,-5.1430827,19.6,0.000
2026-09-17,15:44:19.000,50.4040775,-5.1431044,19.6,0.000
2026-09-17,15:44:24.000,50.4041151,-5.1431375,20.0,0.588
2026-09-17,15:44:29.000,50.4041529,-5.1431774,19.8,0.980
2026-09-17,15:44:34.000,50.4041816,-5.1432106,19.8,1.120
2026-09-17,15:44:39.000,50.4041905,-5.1432063,19.4,0.970
2026-09-17,15:44:44.000,50.4042182,-5.1431789,18.8,0.000
2026-09-17,15:44:49.000,50.4042362,-5.1431340,17.4,0.000
2026-09-17,15:44:54.000,50.4042394,-5.1431178,17.0,0.000
2026-09-17,15:44:59.000,50.4042372,-5.1431150,17.8,0.000
2026-09-17,15:45:04.000,50.4042373,-5.1431134,17.8,0.000
2026-09-17,15:45:09.000,50.4042374,-5.1431133,17.6,0.000
2026-09-17,15:45:14.000,50.4042376,-5.1431132,17.2,0.000
2026-09-17,15:45:19.000,50.4042379,-5.1431130,17.2,0.000
2026-09-17,15:45:24.000,50.4042383,-5.1431128,16.8,0.000
2026-09-17,15:45:29.000,50.4042386,-5.1431127,17.4,0.000
2026-09-17,15:45:34.000,50.4042389,-5.1431126,17.4,0.000
2026-09-17,15:45:39.000,50.4042392,-5.1431124,17.6,0.000
2026-09-17,15:45:44.000,50.4042394,-5.1431123,17.4,0.000
2026-09-17,15:45:49.000,50.4042396,-5.1431123,17.2,0.000
2026-09-17,15:45:54.000,50.4042398,-5.1431122,17.0,0.000
2026-09-17,15:45:59.000,50.4042401,-5.1431121,16.8,0.000
2026-09-17,15:46:04.000,50.4042404,-5.1431121,17.2,0.000
2026-09-17,15:46:09.000,50.4042407,-5.1431121,17.0,0.000
2026-09-17,15:46:14.000,50.4042410,-5.1431121,17.0,0.000
2026-09-17,15:46:19.000,50.4042410,-5.1431123,17.2,0.000
2026-09-17,15:46:24.000,50.4042410,-5.1431126,17.0,0.000
2026-09-17,15:46:29.000,50.4042410,-5.1431127,17.2,0.000
2026-09-17,15:46:34.000,50.4042410,-5.1431129,16.8,0.000
2026-09-17,15:46:39.000,50.4042414,-5.1431129,16.8,0.000
2026-09-17,15:46:44.000,50.4042419,-5.1431128,18.0,0.000
2026-09-17,15:46:49.000,50.4042422,-5.1431128,17.2,0.000
2026-09-17,15:46:54.000,50.4042426,-5.1431128,16.8,0.000
2026-09-17,15:46:59.000,50.4042429,-5.1431127,17.2,0.000
2026-09-17,15:47:04.000,50.4042432,-5.1431127,17.0,0.000
2026-09-17,15:47:09.000,50.4042436,-5.1431126,17.2,0.000
2026-09-17,15:47:14.000,50.4042439,-5.1431125,17.2,0.000
2026-09-17,15:47:19.000,50.4042441,-5.1431124,17.6,0.000
2026-09-17,15:47:24.000,50.4042441,-5.1431125,17.0,0.000
2026-09-17,15:47:29.000,50.4042440,-5.1431125,17.6,0.000
2026-09-17,15:47:34.000,50.4042439,-5.1431125,17.6,0.000
2026-09-17,15:47:39.000,50.4042437,-5.1431126,17.6,0.000
2026-09-17,15:47:44.000,50.4042435,-5.1431126,18.0,0.000
2026-09-17,15:47:49.000,50.4042433,-5.1431126,17.6,0.000
2026-09-17,15:47:54.000,50.4042431,-5.1431126,17.0,0.000
2026-09-17,15:47:59.000,50.4042428,-5.1431126,18.4,0.000
2026-09-17,15:48:04.000,50.4042428,-5.1431126,17.6,0.000
2026-09-17,15:48:09.000,50.4042431,-5.1431125,16.8,0.000
2026-09-17,15:48:14.000,50.4042436,-5.1431124,17.0,0.000
2026-09-17,15:48:19.000,50.4042440,-5.1431124,17.2,0.000
2026-09-17,15:48:24.000,50.4042443,-5.1431124,17.2,0.000
2026-09-17,15:48:29.000,50.4042446,-5.1431124,16.8,0.000
2026-09-17,15:48:34.000,50.4042451,-5.1431124,17.8,0.000
2026-09-17,15:48:39.000,50.4042456,-5.1431122,17.2,0.000
2026-09-17,15:48:44.000,50.4042461,-5.1431120,17.2,0.000
2026-09-17,15:48:49.000,50.4042465,-5.1431118,17.0,0.000
2026-09-17,15:48:54.000,50.4042466,-5.1431120,17.4,0.000
2026-09-17,15:48:59.000,50.4042472,-5.1431204,17.2,0.000
2026-09-17,15:49:04.000,50.4042611,-5.1431799,15.2,0.000
2026-09-17,15:49:09.000,50.4043058,-5.1432391,15.2,1.213
2026-09-17,15:49:14.000,50.4043498,-5.1432991,15.4,1.278
2026-09-17,15:49:19.000,50.4043895,-5.1433506,16.0,1.316
2026-09-17,15:49:24.000,50.4044310,-5.1434041,15.8,1.288
2026-09-17,15:49:29.000,50.4044704,-5.1434497,16.6,1.297
2026-09-17,15:49:34.000,50.4045090,-5.1434907,17.4,1.185
2026-09-17,15:49:39.000,50.4045446,-5.1435345,18.2,1.120
2026-09-17,15:49:44.000,50.4045839,-5.1435747,18.8,1.148
2026-09-17,15:49:49.000,50.4046178,-5.1436169,20.0,1.120
2026-09-17,15:49:54.000,50.4046478,-5.1436535,20.4,1.092
2026-09-17,15:49:59.000,50.4046789,-5.1436921,21.6,1.017
2026-09-17,15:50:04.000,50.4047094,-5.1437313,21.6,1.026
2026-09-17,15:50:09.000,50.4047368,-5.1437760,22.8,0.980
2026-09-17,15:50:14.000,50.4047616,-5.1438179,23.8,0.989
2026-09-17,15:50:19.000,50.4047907,-5.1438672,24.4,0.942
2026-09-17,15:50:24.000,50.4048139,-5.1439097,24.8,0.952
2026-09-17,15:50:29.000,50.4048337,-5.1439564,26.6,0.886
2026-09-17,15:50:34.000,50.4048552,-5.1440031,27.0,0.858
2026-09-17,15:50:39.000,50.4048759,-5.1440461,27.6,0.821
2026-09-17,15:50:44.000,50.4048957,-5.1440951,29.0,0.821
2026-09-17,15:50:49.000,50.4049197,-5.1441534,29.2,0.840
2026-09-17,15:50:54.000,50.4049447,-5.1442151,29.6,0.886
2026-09-17,15:50:59.000,50.4049694,-5.1442735,31.4,0.924
2026-09-17,15:51:04.000,50.4049905,-5.1443363,33.8,0.998
2026-09-17,15:51:09.000,50.4049988,-5.1444012,35.4,0.942
2026-09-17,15:51:14.000,50.4049973,-5.1444658,36.2,0.924
2026-09-17,15:51:19.000,50.4049887,-5.1445444,35.8,0.980
2026-09-17,15:51:24.000,50.4049804,-5.1446144,33.2,1.073
2026-09-17,15:51:29.000,50.4049538,-5.1446204,32.8,0.933
2026-09-17,15:51:34.000,50.4049067,-5.1446454,34.2,0.896
2026-09-17,15:51:39.000,50.4048594,-5.1446921,34.6,1.110
2026-09-17,15:51:44.000,50.4048134,-5.1447340,34.0,1.166
2026-09-17,15:51:49.000,50.4047712,-5.1447774,35.0,1.185
2026-09-17,15:51:54.000,50.4047340,-5.1448284,35.2,1.148
2026-09-17,15:51:59.000,50.4047033,-5.1448880,35.4,1.110
2026-09-17,15:52:04.000,50.4046720,-5.1449187,36.2,1.101
2026-09-17,15:52:09.000,50.4046294,-5.1449692,37.6,1.045
2026-09-17,15:52:14.000,50.4045979,-5.1450140,36.8,1.073
2026-09-17,15:52:19.000,50.4045763,-5.1450795,36.0,1.082
2026-09-17,15:52:24.000,50.4045633,-5.1451472,36.4,1.054
2026-09-17,15:52:29.000,50.4045567,-5.1452215,36.4,1.054
2026-09-17,15:52:34.000,50.4045261,-5.1452848,37.4,1.054
2026-09-17,15:52:39.000,50.4044892,-5.1453468,37.6,1.064
2026-09-17,15:52:44.000,50.4044492,-5.1454143,37.8,1.157
2026-09-17,15:52:49.000,50.4044119,-5.1454738,38.6,1.185
2026-09-17,15:52:54.000,50.4043702,-5.1455281,38.4,1.194
2026-09-17,15:52:59.000,50.4043194,-5.1455717,38.2,1.176
2026-09-17,15:53:04.000,50.4042701,-5.1456104,39.0,1.185
2026-09-17,15:53:09.000,50.4042183,-5.1456507,39.4,1.194
2026-09-17,15:53:14.000,50.4041659,-5.1456959,39.4,1.222
2026-09-17,15:53:19.000,50.4041163,-5.1457494,39.4,1.241
2026-09-17,15:53:24.000,50.4040641,-5.1457985,39.8,1.222
2026-09-17,15:53:29.000,50.4040151,-5.1458515,39.2,1.250
2026-09-17,15:53:34.000,50.4039694,-5.1458939,40.0,1.269
2026-09-17,15:53:39.000,50.4039198,-5.1459427,40.8,1.260
2026-09-17,15:53:44.000,50.4038671,-5.1459783,39.8,1.278
2026-09-17,15:53:49.000,50.4038183,-5.1460219,40.8,1.297
2026-09-17,15:53:54.000,50.4037572,-5.1460627,41.0,1.288
2026-09-17,15:53:59.000,50.4037015,-5.1461047,40.6,1.288
2026-09-17,15:54:04.000,50.4036494,-5.1461508,40.6,1.297
2026-09-17,15:54:09.000,50.4035963,-5.1461898,40.0,1.297
2026-09-17,15:54:14.000,50.4035409,-5.1462404,39.8,1.334
2026-09-17,15:54:19.000,50.4034854,-5.1462772,40.0,1.334
2026-09-17,15:54:24.000,50.4034272,-5.1463161,39.6,1.344
2026-09-17,15:54:29.000,50.4033706,-5.1463558,39.2,1.344
2026-09-17,15:54:34.000,50.4033154,-5.1463781,38.2,1.344
2026-09-17,15:54:39.000,50.4032587,-5.1463924,35.6,1.334
2026-09-17,15:54:44.000,50.4032008,-5.1464018,35.8,1.325
2026-09-17,15:54:49.000,50.4031386,-5.1464020,36.0,1.325
2026-09-17,15:54:54.000,50.4030925,-5.1463875,36.8,1.334
2026-09-17,15:54:59.000,50.4030558,-5.1463724,39.6,1.278
2026-09-17,15:55:04.000,50.4030044,-5.1463558,40.6,1.250
2026-09-17,15:55:09.000,50.4029574,-5.1463357,42.2,1.157
2026-09-17,15:55:14.000,50.4029045,-5.1463204,42.4,1.157
2026-09-17,15:55:19.000,50.4028449,-5.1463151,41.6,1.176
2026-09-17,15:55:24.000,50.4027939,-5.1463430,43.2,1.185
2026-09-17,15:55:29.000,50.4027461,-5.1463782,44.2,1.185
2026-09-17,15:55:34.000,50.4027009,-5.1464256,45.4,1.138
2026-09-17,15:55:39.000,50.4026553,-5.1464724,45.4,1.269
2026-09-17,15:55:44.000,50.4026060,-5.1465306,45.8,1.250
2026-09-17,15:55:49.000,50.4025643,-5.1465813,44.0,1.241
2026-09-17,15:55:54.000,50.4025145,-5.1466270,43.6,1.213
2026-09-17,15:55:59.000,50.4024764,-5.1466880,44.0,1.241
2026-09-17,15:56:04.000,50.4024400,-5.1467460,47.2,1.260
2026-09-17,15:56:09.000,50.4024042,-5.1468011,49.8,1.129
2026-09-17,15:56:14.000,50.4023632,-5.1468581,44.4,1.157
2026-09-17,15:56:19.000,50.4023228,-5.1469161,44.4,1.166
2026-09-17,15:56:24.000,50.4022777,-5.1469539,45.4,1.157
2026-09-17,15:56:29.000,50.4022312,-5.1469803,46.8,1.157
2026-09-17,15:56:34.000,50.4021881,-5.1470231,48.0,1.138
2026-09-17,15:56:39.000,50.4021475,-5.1470676,46.4,1.138
2026-09-17,15:56:44.000,50.4020984,-5.1471118,46.6,1.166
2026-09-17,15:56:49.000,50.4020459,-5.1471600,46.2,1.213
2026-09-17,15:56:54.000,50.4019926,-5.1472059,47.2,1.297
2026-09-17,15:56:59.000,50.4019399,-5.1472508,46.6,1.306
2026-09-17,15:57:04.000,50.4018856,-5.1472860,46.2,1.306
2026-09-17,15:57:09.000,50.4018295,-5.1473284,46.0,1.297
2026-09-17,15:57:14.000,50.4017732,-5.1473267,45.6,1.325
2026-09-17,15:57:19.000,50.4017180,-5.1473097,43.4,1.306
2026-09-17,15:57:24.000,50.4016582,-5.1472989,43.6,1.316
2026-09-17,15:57:29.000,50.4016019,-5.1472808,44.0,1.325
2026-09-17,15:57:34.000,50.4015434,-5.1472685,44.0,1.297
2026-09-17,15:57:39.000,50.4014869,-5.1472526,42.2,1.316
2026-09-17,15:57:44.000,50.4014318,-5.1472080,41.8,1.316
2026-09-17,15:57:49.000,50.4013743,-5.1471699,41.4,1.316
2026-09-17,15:57:54.000,50.4013203,-5.1471224,40.2,1.325
2026-09-17,15:57:59.000,50.4012677,-5.1470763,39.0,1.325
2026-09-17,15:58:04.000,50.4012117,-5.1470212,39.2,1.325
2026-09-17,15:58:09.000,50.4011543,-5.1469760,38.8,1.362
2026-09-17,15:58:14.000,50.4010983,-5.1469302,38.4,1.362
2026-09-17,15:58:19.000,50.4010421,-5.1468859,38.0,1.381
2026-09-17,15:58:24.000,50.4009898,-5.1468444,37.2,1.381
2026-09-17,15:58:29.000,50.4009309,-5.1467905,37.4,1.390
2026-09-17,15:58:34.000,50.4008750,-5.1467458,36.8,1.372
2026-09-17,15:58:39.000,50.4008184,-5.1466929,36.2,1.381
2026-09-17,15:58:44.000,50.4007623,-5.1466447,37.6,1.390
2026-09-17,15:58:49.000,50.4007006,-5.1465908,35.6,1.409
2026-09-17,15:58:54.000,50.4006453,-5.1465452,36.0,1.446
2026-09-17,15:58:59.000,50.4006262,-5.1465320,36.4,1.400
2026-09-17,15:59:04.000,50.4006250,-5.1465310,34.8,0.000
2026-09-17,15:59:09.000,50.4006246,-5.1465317,35.2,0.000
2026-09-17,15:59:14.000,50.4006240,-5.1465323,35.2,0.000
2026-09-17,15:59:19.000,50.4006180,-5.1465260,35.4,0.000
2026-09-17,15:59:24.000,50.4005687,-5.1464737,36.0,0.000
2026-09-17,15:59:29.000,50.4005148,-5.1464255,35.2,1.400
2026-09-17,15:59:34.000,50.4004560,-5.1463782,35.2,1.372
2026-09-17,15:59:39.000,50.4003983,-5.1463397,35.8,1.437
2026-09-17,15:59:44.000,50.4003402,-5.1463068,36.6,1.344
2026-09-17,15:59:49.000,50.4002829,-5.1462715,35.6,1.428
2026-09-17,15:59:54.000,50.4002237,-5.1462293,36.0,1.362
2026-09-17,15:59:59.000,50.4001698,-5.1461926,37.0,1.409
2026-09-17,16:00:04.000,50.4001093,-5.1461604,37.6,1.409
2026-09-17,16:00:09.000,50.4000553,-5.1461301,37.8,1.409
2026-09-17,16:00:14.000,50.3999998,-5.1460959,38.0,1.390
2026-09-17,16:00:19.000,50.3999458,-5.1460544,38.6,1.390
2026-09-17,16:00:24.000,50.3998882,-5.1460173,39.4,1.400
2026-09-17,16:00:29.000,50.3998319,-5.1459773,40.2,1.381
2026-09-17,16:00:34.000,50.3997785,-5.1459402,39.0,1.381
2026-09-17,16:00:39.000,50.3997270,-5.1459013,38.8,1.381
2026-09-17,16:00:44.000,50.3996743,-5.1458615,39.8,1.344
2026-09-17,16:00:49.000,50.3996192,-5.1458220,39.2,1.362
2026-09-17,16:00:54.000,50.3995654,-5.1457819,40.2,1.334
2026-09-17,16:00:59.000,50.3995175,-5.1457346,39.6,1.344
2026-09-17,16:01:04.000,50.3994686,-5.1456818,40.2,1.325
2026-09-17,16:01:09.000,50.3994214,-5.1456284,41.0,1.334
2026-09-17,16:01:14.000,50.3993795,-5.1455734,40.2,1.334
2026-09-17,16:01:19.000,50.3993354,-5.1455052,40.6,1.325
2026-09-17,16:01:24.000,50.3992852,-5.1454335,39.0,1.344
2026-09-17,16:01:29.000,50.3992446,-5.1453602,39.6,1.353
2026-09-17,16:01:34.000,50.3992089,-5.1452866,42.4,1.372
2026-09-17,16:01:39.000,50.3991642,-5.1452075,41.2,1.372
2026-09-17,16:01:44.000,50.3991280,-5.1451239,40.4,1.400
2026-09-17,16:01:49.000,50.3990806,-5.1450445,40.6,1.381
2026-09-17,16:01:54.000,50.3990389,-5.1449748,39.2,1.409
2026-09-17,16:01:59.000,50.3990020,-5.1448977,39.2,1.409
2026-09-17,16:02:04.000,50.3989640,-5.1448207,39.4,1.418
2026-09-17,16:02:09.000,50.3989225,-5.1447405,39.2,1.409
2026-09-17,16:02:14.000,50.3988800,-5.1446636,39.8,1.446
2026-09-17,16:02:19.000,50.3988365,-5.1445968,39.0,1.437
2026-09-17,16:02:24.000,50.3987920,-5.1445273,39.0,1.428
2026-09-17,16:02:29.000,50.3987464,-5.1444571,40.4,1.428
2026-09-17,16:02:34.000,50.3986994,-5.1443925,39.6,1.428
2026-09-17,16:02:39.000,50.3986550,-5.1443279,40.4,1.400
2026-09-17,16:02:44.000,50.3986093,-5.1442543,41.4,1.418
2026-09-17,16:02:49.000,50.3985634,-5.1442062,41.0,1.409
2026-09-17,16:02:54.000,50.3985118,-5.1441732,41.4,1.381
2026-09-17,16:02:59.000,50.3984523,-5.1441327,40.6,1.362
2026-09-17,16:03:04.000,50.3983947,-5.1440821,40.6,1.372
2026-09-17,16:03:09.000,50.3983381,-5.1440284,41.0,1.390
2026-09-17,16:03:14.000,50.3982855,-5.1439715,40.8,1.381
2026-09-17,16:03:19.000,50.3982267,-5.1439208,40.4,1.418
2026-09-17,16:03:24.000,50.3981709,-5.1438800,41.2,1.381
2026-09-17,16:03:29.000,50.3981138,-5.1438415,42.0,1.428
2026-09-17,16:03:34.000,50.3980844,-5.1438121,40.0,1.372
2026-09-17,16:03:39.000,50.3980668,-5.1437803,40.0,1.185
2026-09-17,16:03:44.000,50.3980387,-5.1437343,39.8,0.868
2026-09-17,16:03:49.000,50.3980088,-5.1436854,40.6,1.026
2026-09-17,16:03:54.000,50.3979728,-5.1436426,42.4,1.026
2026-09-17,16:03:59.000,50.3979340,-5.1435985,43.0,1.092
2026-09-17,16:04:04.000,50.3978971,-5.1435576,42.8,0.961
2026-09-17,16:04:09.000,50.3978610,-5.1435126,42.2,0.989
2026-09-17,16:04:14.000,50.3978263,-5.1434715,43.0,1.008
2026-09-17,16:04:19.000,50.3977885,-5.1434381,43.0,1.008
2026-09-17,16:04:24.000,50.3977496,-5.1434048,42.4,0.970
2026-09-17,16:04:29.000,50.3977242,-5.1433484,42.6,1.036
2026-09-17,16:04:34.000,50.3976978,-5.1432909,45.0,1.054
2026-09-17,16:04:39.000,50.3976524,-5.1432546,44.4,1.045
2026-09-17,16:04:44.000,50.3975980,-5.1432287,44.4,1.064
2026-09-17,16:04:49.000,50.3975415,-5.1432069,43.0,1.157
2026-09-17,16:04:54.000,50.3974942,-5.1431931,42.2,1.129
2026-09-17,16:04:59.000,50.3974466,-5.1431898,40.8,1.092
2026-09-17,16:05:04.000,50.3973995,-5.1431857,39.6,1.073
2026-09-17,16:05:09.000,50.3973666,-5.1431776,39.8,1.017
2026-09-17,16:05:14.000,50.3973195,-5.1431515,38.0,0.980
2026-09-17,16:05:19.000,50.3972729,-5.1431266,38.2,1.073
2026-09-17,16:05:24.000,50.3972259,-5.1431032,39.2,1.092
2026-09-17,16:05:29.000,50.3971819,-5.1430888,39.4,1.064
2026-09-17,16:05:34.000,50.3971721,-5.1430925,38.4,0.942
2026-09-17,16:05:39.000,50.3971546,-5.1430750,37.2,0.000
2026-09-17,16:05:44.000,50.3971072,-5.1430481,37.8,0.000
2026-09-17,16:05:49.000,50.3970557,-5.1430277,37.4,1.082
2026-09-17,16:05:54.000,50.3970024,-5.1430350,38.0,1.101
2026-09-17,16:05:59.000,50.3969658,-5.1430495,37.0,1.120
2026-09-17,16:06:04.000,50.3969289,-5.1430624,36.4,0.933
2026-09-17,16:06:09.000,50.3968953,-5.1430612,35.4,0.961
2026-09-17,16:06:14.000,50.3968915,-5.1430672,35.6,0.830
2026-09-17,16:06:19.000,50.3968582,-5.1430652,36.4,0.000
2026-09-17,16:06:24.000,50.3968039,-5.1430381,34.0,1.036
2026-09-17,16:06:29.000,50.3967505,-5.1430063,33.2,1.418
2026-09-17,16:06:34.000,50.3967133,-5.1429719,33.2,1.241
2026-09-17,16:06:39.000,50.3966714,-5.1429226,34.8,1.092
2026-09-17,16:06:44.000,50.3966109,-5.1428669,34.4,1.176
2026-09-17,16:06:49.000,50.3965584,-5.1428190,35.0,1.372
2026-09-17,16:06:54.000,50.3965129,-5.1427734,35.2,1.250
2026-09-17,16:06:59.000,50.3964586,-5.1427282,36.0,1.241
2026-09-17,16:07:04.000,50.3964074,-5.1426984,37.6,1.232
2026-09-17,16:07:09.000,50.3963559,-5.1426640,36.4,1.288
2026-09-17,16:07:14.000,50.3963045,-5.1426194,37.8,1.278
2026-09-17,16:07:19.000,50.3962415,-5.1425812,35.6,1.334
2026-09-17,16:07:24.000,50.3961932,-5.1425399,37.4,1.334
2026-09-17,16:07:29.000,50.3961476,-5.1425057,38.8,1.316
2026-09-17,16:07:34.000,50.3960994,-5.1424651,40.6,1.269
2026-09-17,16:07:39.000,50.3960452,-5.1424262,39.6,1.241
2026-09-17,16:07:44.000,50.3959889,-5.1423977,37.4,1.297
2026-09-17,16:07:49.000,50.3959325,-5.1423634,37.6,1.288
2026-09-17,16:07:54.000,50.3958760,-5.1423253,37.0,1.297
2026-09-17,16:07:59.000,50.3958285,-5.1422865,36.2,1.306
2026-09-17,16:08:04.000,50.3957919,-5.1422381,37.2,1.278
2026-09-17,16:08:09.000,50.3957602,-5.1422030,37.8,1.213
2026-09-17,16:08:14.000,50.3957438,-5.1421916,37.4,0.989
2026-09-17,16:08:19.000,50.3957438,-5.1421872,37.2,0.000
2026-09-17,16:08:24.000,50.3957296,-5.1421765,36.8,0.000
2026-09-17,16:08:29.000,50.3956894,-5.1421526,38.8,0.000
2026-09-17,16:08:34.000,50.3956372,-5.1421311,39.2,1.194
2026-09-17,16:08:39.000,50.3955848,-5.1421132,40.2,1.148
2026-09-17,16:08:44.000,50.3955329,-5.1420956,40.2,1.120
2026-09-17,16:08:49.000,50.3954757,-5.1420779,39.4,1.269
2026-09-17,16:08:54.000,50.3954235,-5.1420601,38.6,1.213
2026-09-17,16:08:59.000,50.3953741,-5.1420371,38.0,1.241
2026-09-17,16:09:04.000,50.3953258,-5.1420206,39.4,1.241
2026-09-17,16:09:09.000,50.3952679,-5.1420196,39.8,1.120
2026-09-17,16:09:14.000,50.3952122,-5.1420211,39.2,1.222
2026-09-17,16:09:19.000,50.3951533,-5.1420177,39.0,1.241
2026-09-17,16:09:24.000,50.3951020,-5.1420155,39.0,1.269
2026-09-17,16:09:29.000,50.3950435,-5.1419950,39.4,1.176
2026-09-17,16:09:34.000,50.3949982,-5.1419870,41.0,1.222
2026-09-17,16:09:39.000,50.3949386,-5.1419960,42.4,1.138
2026-09-17,16:09:44.000,50.3948883,-5.1420250,40.6,1.176
2026-09-17,16:09:49.000,50.3948357,-5.1420494,37.6,1.185
2026-09-17,16:09:54.000,50.3947876,-5.1420585,37.8,1.176
2026-09-17,16:09:59.000,50.3947365,-5.1420704,37.4,1.176
2026-09-17,16:10:04.000,50.3946764,-5.1420907,37.0,1.185
2026-09-17,16:10:09.000,50.3946206,-5.1421156,35.8,1.176
2026-09-17,16:10:14.000,50.3945668,-5.1421426,34.8,1.232
2026-09-17,16:10:19.000,50.3945138,-5.1421699,33.4,1.204
2026-09-17,16:10:24.000,50.3944655,-5.1421986,32.8,1.213
2026-09-17,16:10:29.000,50.3944143,-5.1422437,31.4,1.213
2026-09-17,16:10:34.000,50.3943685,-5.1422944,30.6,1.204
2026-09-17,16:10:39.000,50.3943201,-5.1423398,28.8,1.250
2026-09-17,16:10:44.000,50.3942729,-5.1423855,28.0,1.250
2026-09-17,16:10:49.000,50.3942210,-5.1424211,28.6,1.232
2026-09-17,16:10:54.000,50.3941675,-5.1424397,27.4,1.232
2026-09-17,16:10:59.000,50.3941385,-5.1424501,26.2,1.222
2026-09-17,16:11:04.000,50.3941117,-5.1424387,26.0,1.157
2026-09-17,16:11:09.000,50.3940719,-5.1424403,26.6,0.989
2026-09-17,16:11:14.000,50.3940196,-5.1424560,26.0,1.026
2026-09-17,16:11:19.000,50.3939664,-5.1424740,25.8,1.185
2026-09-17,16:11:24.000,50.3939327,-5.1424903,26.2,1.129
2026-09-17,16:11:29.000,50.3938933,-5.1424878,26.8,0.821
2026-09-17,16:11:34.000,50.3938446,-5.1424936,27.2,0.914
2026-09-17,16:11:39.000,50.3937935,-5.1425122,26.8,1.026
2026-09-17,16:11:44.000,50.3937432,-5.1425337,26.6,1.082
2026-09-17,16:11:49.000,50.3936918,-5.1425520,24.2,1.120
2026-09-17,16:11:54.000,50.3936404,-5.1425585,25.0,1.120
2026-09-17,16:11:59.000,50.3935921,-5.1425584,26.0,1.138
2026-09-17,16:12:04.000,50.3935579,-5.1425667,24.8,1.110
2026-09-17,16:12:09.000,50.3935311,-5.1425539,23.4,1.054
2026-09-17,16:12:14.000,50.3935177,-5.1425460,23.0,0.746
2026-09-17,16:12:19.000,50.3935174,-5.1425454,23.2,0.000
2026-09-17,16:12:24.000,50.3935177,-5.1425447,23.0,0.000
2026-09-17,16:12:29.000,50.3935181,-5.1425442,23.2,0.000
2026-09-17,16:12:34.000,50.3935177,-5.1425432,23.4,0.000
2026-09-17,16:12:39.000,50.3935161,-5.1425090,23.4,0.000
2026-09-17,16:12:44.000,50.3935052,-5.1424991,24.4,0.000
2026-09-17,16:12:49.000,50.3935018,-5.1425147,23.8,0.000
2026-09-17,16:12:54.000,50.3934900,-5.1425108,23.8,0.000
2026-09-17,16:12:59.000,50.3934488,-5.1425121,23.8,0.000
2026-09-17,16:13:04.000,50.3934004,-5.1425408,22.2,1.045
2026-09-17,16:13:09.000,50.3933562,-5.1425591,21.4,1.082
2026-09-17,16:13:14.000,50.3933247,-5.1425713,21.2,1.064
2026-09-17,16:13:19.000,50.3932933,-5.1425986,21.6,0.961
2026-09-17,16:13:24.000,50.3932769,-5.1426087,23.8,0.868
2026-09-17,16:13:29.000,50.3932544,-5.1426250,24.2,0.000
2026-09-17,16:13:34.000,50.3932330,-5.1426576,24.8,0.000
2026-09-17,16:13:39.000,50.3932128,-5.1426854,26.4,0.634
2026-09-17,16:13:44.000,50.3931865,-5.1426853,27.6,0.718
2026-09-17,16:13:49.000,50.3931610,-5.1426770,29.2,0.746
2026-09-17,16:13:54.000,50.3931546,-5.1426837,29.4,0.709
2026-09-17,16:13:59.000,50.3931421,-5.1426939,28.8,0.000
2026-09-17,16:14:04.000,50.3931164,-5.1427210,29.2,0.000
2026-09-17,16:14:09.000,50.3930861,-5.1427368,29.4,0.000
2026-09-17,16:14:14.000,50.3930675,-5.1427273,30.6,0.000
2026-09-17,16:14:19.000,50.3930564,-5.1427237,33.6,0.000
2026-09-17,16:14:24.000,50.3930536,-5.1427202,33.2,0.000
2026-09-17,16:14:29.000,50.3930536,-5.1427203,32.2,0.000
2026-09-17,16:14:34.000,50.3930457,-5.1427193,32.8,0.000
2026-09-17,16:14:39.000,50.3930091,-5.1427257,32.2,0.000
2026-09-17,16:14:44.000,50.3929787,-5.1427283,30.4,0.625
2026-09-17,16:14:49.000,50.3929751,-5.1427386,29.0,0.000
2026-09-17,16:14:54.000,50.3929735,-5.1427577,28.6,0.000
2026-09-17,16:14:59.000,50.3929620,-5.1427923,27.2,0.000
2026-09-17,16:15:04.000,50.3929512,-5.1428249,25.2,0.000
2026-09-17,16:15:09.000,50.3929335,-5.1428573,23.0,0.000
2026-09-17,16:15:14.000,50.3929090,-5.1428809,22.2,0.998
2026-09-17,16:15:19.000,50.3928897,-5.1428904,21.8,0.868
2026-09-17,16:15:24.000,50.3928648,-5.1429258,21.2,0.793
2026-09-17,16:15:29.000,50.3928388,-5.1429652,19.8,0.840
2026-09-17,16:15:34.000,50.3928125,-5.1429982,18.0,0.849
2026-09-17,16:15:39.000,50.3927748,-5.1430261,17.4,0.933
2026-09-17,16:15:44.000,50.3927278,-5.1430291,18.8,1.026
2026-09-17,16:15:49.000,50.3926835,-5.1430344,17.2,1.073
2026-09-17,16:15:54.000,50.3926396,-5.1430384,17.6,1.110
2026-09-17,16:15:59.000,50.3926041,-5.1430725,16.6,1.073
2026-09-17,16:16:04.000,50.3925904,-5.1431047,17.0,0.952
2026-09-17,16:16:09.000,50.3925852,-5.1431101,16.8,0.802
2026-09-17,16:16:14.000,50.3925624,-5.1431530,17.4,0.000
2026-09-17,16:16:19.000,50.3925352,-5.1432121,16.2,0.000
2026-09-17,16:16:24.000,50.3925216,-5.1432672,15.4,0.942
2026-09-17,16:16:29.000,50.3924885,-5.1432893,14.6,0.970
2026-09-17,16:16:34.000,50.3924331,-5.1433040,13.2,1.008
2026-09-17,16:16:39.000,50.3923981,-5.1433344,13.6,1.110
2026-09-17,16:16:44.000,50.3923953,-5.1433991,14.4,1.017
2026-09-17,16:16:49.000,50.3924008,-5.1434637,14.8,1.008
2026-09-17,16:16:54.000,50.3923962,-5.1435032,15.2,0.961
2026-09-17,16:16:59.000,50.3923977,-5.1435310,15.6,0.868
2026-09-17,16:17:04.000,50.3923986,-5.1435338,15.8,0.774
2026-09-17,16:17:09.000,50.3923984,-5.1435346,15.6,0.000
2026-09-17,16:17:14.000,50.3923982,-5.1435359,12.6,0.000
2026-09-17,16:17:19.000,50.3923980,-5.1435375,14.2,0.000
2026-09-17,16:17:24.000,50.3923973,-5.1435385,17.8,0.000
2026-09-17,16:17:29.000,50.3923846,-5.1435507,17.4,0.000
2026-09-17,16:17:34.000,50.3923530,-5.1436018,15.6,0.000
2026-09-17,16:17:39.000,50.3923231,-5.1436700,14.8,1.120
2026-09-17,16:17:44.000,50.3922952,-5.1437068,13.8,1.157
2026-09-17,16:17:49.000,50.3922812,-5.1437192,12.6,0.849
2026-09-17,16:17:54.000,50.3922785,-5.1437211,12.8,0.625
2026-09-17,16:17:59.000,50.3922781,-5.1437215,12.6,0.000
2026-09-17,16:18:04.000,50.3922767,-5.1437420,13.2,0.000
2026-09-17,16:18:09.000,50.3922615,-5.1438111,13.4,0.000
2026-09-17,16:18:14.000,50.3922499,-5.1438795,13.8,1.166
2026-09-17,16:18:19.000,50.3922383,-5.1439139,14.4,0.849
2026-09-17,16:18:24.000,50.3922036,-5.1439494,14.2,0.728
2026-09-17,16:18:29.000,50.3921629,-5.1439933,12.4,0.942
2026-09-17,16:18:34.000,50.3921427,-5.1440238,12.4,0.961
2026-09-17,16:18:39.000,50.3921211,-5.1440437,13.8,0.784
2026-09-17,16:18:44.000,50.3920873,-5.1440543,14.6,0.709
2026-09-17,16:18:49.000,50.3920586,-5.1440815,15.2,0.774
2026-09-17,16:18:54.000,50.3920262,-5.1441265,15.6,0.840
2026-09-17,16:18:59.000,50.3919911,-5.1441572,16.0,0.868
2026-09-17,16:19:04.000,50.3919543,-5.1441837,16.8,0.914
2026-09-17,16:19:09.000,50.3919065,-5.1441957,17.2,0.961
2026-09-17,16:19:14.000,50.3918668,-5.1442135,17.4,0.989
2026-09-17,16:19:19.000,50.3918257,-5.1442643,18.2,0.980
2026-09-17,16:19:24.000,50.3917785,-5.1442913,18.0,1.036
2026-09-17,16:19:29.000,50.3917279,-5.1443240,18.0,1.120
2026-09-17,16:19:34.000,50.3916860,-5.1443616,18.2,1.185
2026-09-17,16:19:39.000,50.3916425,-5.1444032,18.4,1.120
2026-09-17,16:19:44.000,50.3916041,-5.1444281,18.4,1.110
2026-09-17,16:19:49.000,50.3915664,-5.1444650,19.6,1.082
2026-09-17,16:19:54.000,50.3915493,-5.1444968,21.0,1.017
2026-09-17,16:19:59.000,50.3915476,-5.1444956,17.8,0.000
2026-09-17,16:20:04.000,50.3915482,-5.1444941,18.4,0.000
2026-09-17,16:20:09.000,50.3915492,-5.1444931,22.6,0.000
2026-09-17,16:20:14.000,50.3915506,-5.1444916,22.0,0.000
2026-09-17,16:20:19.000,50.3915515,-5.1444910,22.2,0.000
2026-09-17,16:20:24.000,50.3915537,-5.1444952,21.2,0.000
2026-09-17,16:20:29.000,50.3915699,-5.1445435,21.2,0.000
2026-09-17,16:20:34.000,50.3915951,-5.1446315,20.4,0.476
2026-09-17,16:20:39.000,50.3916258,-5.1447126,18.0,1.409
2026-09-17,16:20:44.000,50.3916530,-5.1447887,17.0,1.381
2026-09-17,16:20:49.000,50.3916586,-5.1448584,16.4,1.204
2026-09-17,16:20:54.000,50.3916588,-5.1448795,13.8,1.120
2026-09-17,16:20:59.000,50.3916564,-5.1448836,13.8,0.000
2026-09-17,16:21:04.000,50.3916473,-5.1449064,15.8,0.000
2026-09-17,16:21:09.000,50.3916554,-5.1448819,17.4,0.000
2026-09-17,16:21:14.000,50.3916514,-5.1448334,16.4,0.308
2026-09-17,16:21:19.000,50.3916357,-5.1447603,16.8,0.868
2026-09-17,16:21:24.000,50.3916140,-5.1446864,16.4,1.054
2026-09-17,16:21:29.000,50.3915964,-5.1446253,17.2,1.064
2026-09-17,16:21:34.000,50.3915844,-5.1445725,18.4,1.017
2026-09-17,16:21:39.000,50.3915666,-5.1445249,19.2,0.914
2026-09-17,16:21:44.000,50.3915418,-5.1444880,20.2,0.905
2026-09-17,16:21:49.000,50.3915123,-5.1444591,20.4,0.868
2026-09-17,16:21:54.000,50.3914909,-5.1444150,21.0,0.858
2026-09-17,16:21:59.000,50.3914664,-5.1443856,21.0,0.793
2026-09-17,16:22:04.000,50.3914306,-5.1443530,19.2,0.802
2026-09-17,16:22:09.000,50.3913977,-5.1443048,17.8,0.933
2026-09-17,16:22:14.000,50.3913667,-5.1442711,16.8,0.952
2026-09-17,16:22:19.000,50.3913285,-5.1442243,15.8,0.942
2026-09-17,16:22:24.000,50.3912976,-5.1441690,14.2,0.980
2026-09-17,16:22:29.000,50.3912604,-5.1441097,13.2,0.989
2026-09-17,16:22:34.000,50.3912301,-5.1440505,12.2,1.045
2026-09-17,16:22:39.000,50.3911969,-5.1439819,11.2,1.073
2026-09-17,16:22:44.000,50.3911675,-5.1439280,10.6,1.110
2026-09-17,16:22:49.000,50.3911617,-5.1439265,10.2,1.082
2026-09-17,16:22:54.000,50.3911550,-5.1439213,11.2,0.849
2026-09-17,16:22:59.000,50.3911365,-5.1438867,11.4,0.000
2026-09-17,16:23:04.000,50.3911018,-5.1438271,10.2,0.000
2026-09-17,16:23:09.000,50.3910506,-5.1438096,10.6,1.344
2026-09-17,16:23:14.000,50.3909999,-5.1438065,11.0,1.082
2026-09-17,16:23:19.000,50.3909445,-5.1437783,9.8,1.054
2026-09-17,16:23:24.000,50.3908927,-5.1437602,9.2,1.204
2026-09-17,16:23:29.000,50.3908410,-5.1437359,8.6,1.213
2026-09-17,16:23:34.000,50.3907905,-5.1437115,8.4,1.157
2026-09-17,16:23:39.000,50.3907492,-5.1436845,9.0,1.166
2026-09-17,16:23:44.000,50.3907054,-5.1436421,8.8,1.110
2026-09-17,16:23:49.000,50.3906562,-5.1435993,9.4,1.204
2026-09-17,16:23:54.000,50.3906061,-5.1435809,8.8,1.325
2026-09-17,16:23:59.000,50.3905551,-5.1435700,9.4,1.213
2026-09-17,16:24:04.000,50.3905049,-5.1435542,9.6,1.194
2026-09-17,16:24:09.000,50.3904503,-5.1435524,9.2,1.222
2026-09-17,16:24:14.000,50.3903992,-5.1435386,9.0,1.185
2026-09-17,16:24:19.000,50.3903445,-5.1435157,8.8,1.185
2026-09-17,16:24:24.000,50.3902967,-5.1434685,8.4,1.194
2026-09-17,16:24:29.000,50.3902490,-5.1434274,9.8,1.213
2026-09-17,16:24:34.000,50.3902098,-5.1434063,10.0,1.176
2026-09-17,16:24:39.000,50.3901749,-5.1433860,10.2,1.148
2026-09-17,16:24:44.000,50.3901530,-5.1433717,10.2,1.082
2026-09-17,16:24:49.000,50.3901105,-5.1433737,9.8,0.000
2026-09-17,16:24:54.000,50.3900632,-5.1433993,9.0,0.905
2026-09-17,16:24:59.000,50.3900142,-5.1434230,9.4,1.166
2026-09-17,16:25:04.000,50.3899626,-5.1434445,9.4,1.120
2026-09-17,16:25:09.000,50.3899054,-5.1434566,9.0,1.110
2026-09-17,16:25:14.000,50.3898521,-5.1434577,7.8,1.194
2026-09-17,16:25:19.000,50.3898118,-5.1434595,7.4,1.120
2026-09-17,16:25:24.000,50.3898080,-5.1434602,7.4,0.970
2026-09-17,16:25:29.000,50.3898092,-5.1434597,7.0,0.616
2026-09-17,16:25:34.000,50.3898057,-5.1434631,7.2,0.000
2026-09-17,16:25:39.000,50.3898050,-5.1434608,7.0,0.000
2026-09-17,16:25:44.000,50.3898051,-5.1434639,7.4,0.000
2026-09-17,16:25:49.000,50.3898000,-5.1434659,7.6,0.000
2026-09-17,16:25:54.000,50.3897948,-5.1434553,6.6,0.000
2026-09-17,16:25:59.000,50.3897751,-5.1434665,6.8,0.000
2026-09-17,16:26:04.000,50.3897206,-5.1434767,7.4,0.569
2026-09-17,16:26:09.000,50.3896638,-5.1434936,7.2,1.269
2026-09-17,16:26:14.000,50.3896111,-5.1435095,4.8,1.390
2026-09-17,16:26:19.000,50.3895597,-5.1435312,4.2,1.316
2026-09-17,16:26:24.000,50.3895017,-5.1435585,3.8,1.316
2026-09-17,16:26:29.000,50.3894474,-5.1435793,2.8,1.344
2026-09-17,16:26:34.000,50.3893962,-5.1435801,2.8,1.241
2026-09-17,16:26:39.000,50.3893498,-5.1435774,3.2,1.176
2026-09-17,16:26:44.000,50.3892983,-5.1435791,2.8,1.148
2026-09-17,16:26:49.000,50.3892529,-5.1435796,2.2,1.120
2026-09-17,16:26:54.000,50.3892072,-5.1435888,1.6,1.110
2026-09-17,16:26:59.000,50.3891667,-5.1435944,1.0,1.073
2026-09-17,16:27:04.000,50.3891229,-5.1436011,3.4,1.045
2026-09-17,16:27:09.000,50.3890777,-5.1436067,2.8,1.064
2026-09-17,16:27:14.000,50.3890286,-5.1436296,3.0,0.998
2026-09-17,16:27:19.000,50.3889809,-5.1436762,3.0,1.166
2026-09-17,16:27:24.000,50.3889472,-5.1437296,2.8,1.166
2026-09-17,16:27:29.000,50.3889059,-5.1437801,3.8,1.222
2026-09-17,16:27:34.000,50.3888563,-5.1437814,3.0,1.204
2026-09-17,16:27:39.000,50.3888125,-5.1437672,3.4,1.166
2026-09-17,16:27:44.000,50.3887709,-5.1437432,3.8,1.138
2026-09-17,16:27:49.000,50.3887319,-5.1437179,3.6,1.064
2026-09-17,16:27:54.000,50.3886830,-5.1437074,4.6,1.045
2026-09-17,16:27:59.000,50.3886323,-5.1436953,4.2,1.101
2026-09-17,16:28:04.000,50.3885799,-5.1436777,4.8,1.185
2026-09-17,16:28:09.000,50.3885302,-5.1436709,5.0,1.148
2026-09-17,16:28:14.000,50.3884819,-5.1436664,5.4,1.166
2026-09-17,16:28:19.000,50.3884321,-5.1436550,6.0,1.148
2026-09-17,16:28:24.000,50.3883815,-5.1436454,5.6,1.148
2026-09-17,16:28:29.000,50.3883347,-5.1436270,5.6,1.148
2026-09-17,16:28:34.000,50.3882887,-5.1436001,5.6,1.166
2026-09-17,16:28:39.000,50.3882386,-5.1435761,6.0,1.157
2026-09-17,16:28:44.000,50.3881805,-5.1435681,5.6,1.157
2026-09-17,16:28:49.000,50.3881299,-5.1435478,5.6,1.185
2026-09-17,16:28:54.000,50.3880786,-5.1435339,5.2,1.241
2026-09-17,16:28:59.000,50.3880195,-5.1435343,5.4,1.222
2026-09-17,16:29:04.000,50.3879655,-5.1435281,5.4,1.260
2026-09-17,16:29:09.000,50.3879190,-5.1435185,5.6,1.213
2026-09-17,16:29:14.000,50.3878635,-5.1435051,5.6,1.194
2026-09-17,16:29:19.000,50.3878120,-5.1434914,5.4,1.204
2026-09-17,16:29:24.000,50.3877602,-5.1434651,5.4,1.194
2026-09-17,16:29:29.000,50.3877071,-5.1434419,5.4,1.213
2026-09-17,16:29:34.000,50.3876561,-5.1434160,5.2,1.204
2026-09-17,16:29:39.000,50.3876079,-5.1433938,5.4,1.194
2026-09-17,16:29:44.000,50.3875544,-5.1433726,5.2,1.176
2026-09-17,16:29:49.000,50.3874984,-5.1433479,4.4,1.213
2026-09-17,16:29:54.000,50.3874417,-5.1433261,5.2,1.241
2026-09-17,16:29:59.000,50.3873875,-5.1433207,5.4,1.241
2026-09-17,16:30:04.000,50.3873252,-5.1433121,4.4,1.213
2026-09-17,16:30:09.000,50.3872675,-5.1433081,3.6,1.232
2026-09-17,16:30:14.000,50.3872187,-5.1433070,4.2,1.232
2026-09-17,16:30:19.000,50.3871647,-5.1432895,4.8,1.194
2026-09-17,16:30:24.000,50.3871062,-5.1432545,4.8,1.204
2026-09-17,16:30:29.000,50.3870518,-5.1432296,4.4,1.241
2026-09-17,16:30:34.000,50.3870063,-5.1431878,4.4,1.250
2026-09-17,16:30:39.000,50.3869559,-5.1431376,4.6,1.260
2026-09-17,16:30:44.000,50.3868995,-5.1431096,5.4,1.288
2026-09-17,16:30:49.000,50.3868435,-5.1430773,4.6,1.316
2026-09-17,16:30:54.000,50.3867866,-5.1430536,5.2,1.325
2026-09-17,16:30:59.000,50.3867300,-5.1430235,5.6,1.278
2026-09-17,16:31:04.000,50.3866716,-5.1430153,5.2,1.325
2026-09-17,16:31:09.000,50.3866090,-5.1430120,5.4,1.306
2026-09-17,16:31:14.000,50.3865481,-5.1430028,5.0,1.306
2026-09-17,16:31:19.000,50.3864954,-5.1429914,5.4,1.306
2026-09-17,16:31:24.000,50.3864454,-5.1429790,5.6,1.260
2026-09-17,16:31:29.000,50.3863861,-5.1429696,5.6,1.213
2026-09-17,16:31:34.000,50.3863293,-5.1429573,4.8,1.241
2026-09-17,16:31:39.000,50.3862800,-5.1429327,5.4,1.241
2026-09-17,16:31:44.000,50.3862736,-5.1429332,6.0,1.204
2026-09-17,16:31:49.000,50.3862743,-5.1429375,5.4,0.000
2026-09-17,16:31:54.000,50.3862744,-5.1429402,5.6,0.000
2026-09-17,16:31:59.000,50.3862747,-5.1429422,5.4,0.000
2026-09-17,16:32:04.000,50.3862725,-5.1429403,5.6,0.000
2026-09-17,16:32:09.000,50.3862472,-5.1428725,6.2,0.000
2026-09-17,16:32:14.000,50.3862232,-5.1427966,6.4,1.194
2026-09-17,16:32:19.000,50.3861868,-5.1427264,6.4,1.260
2026-09-17,16:32:24.000,50.3861526,-5.1426603,6.4,1.250
2026-09-17,16:32:29.000,50.3861235,-5.1425905,6.2,1.269
2026-09-17,16:32:34.000,50.3860929,-5.1425210,6.2,1.260
2026-09-17,16:32:39.000,50.3860563,-5.1424695,6.2,1.260
2026-09-17,16:32:44.000,50.3860472,-5.1424569,6.0,1.129
2026-09-17,16:32:49.000,50.3860450,-5.1424618,6.0,0.000
2026-09-17,16:32:54.000,50.3860448,-5.1424671,5.8,0.000
2026-09-17,16:32:59.000,50.3860437,-5.1424714,5.8,0.000
2026-09-17,16:33:04.000,50.3860440,-5.1424735,5.6,0.000
2026-09-17,16:33:09.000,50.3860409,-5.1424724,6.0,0.000
2026-09-17,16:33:14.000,50.3860400,-5.1424715,5.8,0.000
2026-09-17,16:33:19.000,50.3860407,-5.1424694,5.8,0.000
2026-09-17,16:33:24.000,50.3860441,-5.1424605,5.8,0.000
2026-09-17,16:33:29.000,50.3860450,-5.1424569,5.8,0.000
2026-09-17,16:33:34.000,50.3860451,-5.1424672,6.0,0.000
2026-09-17,16:33:39.000,50.3860484,-5.1424672,6.0,0.000
2026-09-17,16:33:44.000,50.3860472,-5.1424762,5.8,0.000
2026-09-17,16:33:49.000,50.3860463,-5.1424714,5.8,0.000
2026-09-17,16:33:54.000,50.3860425,-5.1424624,5.8,0.000
2026-09-17,16:33:59.000,50.3860424,-5.1424558,5.4,0.000
2026-09-17,16:34:04.000,50.3860402,-5.1424589,5.4,0.000
2026-09-17,16:34:09.000,50.3860400,-5.1424623,5.6,0.000
2026-09-17,16:34:14.000,50.3860349,-5.1424651,6.0,0.000
2026-09-17,16:34:19.000,50.3860360,-5.1424599,5.8,0.000
2026-09-17,16:34:24.000,50.3860419,-5.1424620,6.2,0.000
2026-09-17,16:34:29.000,50.3860410,-5.1424663,5.4,0.000
2026-09-17,16:34:34.000,50.3860398,-5.1424764,5.8,0.000
2026-09-17,16:34:39.000,50.3860444,-5.1424656,6.0,0.000
