date,time,lat,lon,ele,sog
2026-09-16,10:16:22.000,50.4130016,-5.0862782,32.6,0.000
2026-09-16,10:16:27.000,50.4130038,-5.0862980,32.2,0.000
2026-09-16,10:16:32.000,50.4130047,-5.0862859,32.2,0.000
2026-09-16,10:16:37.000,50.4130047,-5.0862859,32.2,0.000
2026-09-16,10:16:42.000,50.4130068,-5.0863004,32.4,0.000
2026-09-16,10:16:47.000,50.4130174,-5.0862398,32.4,0.579
2026-09-16,10:16:52.000,50.4130357,-5.0861549,32.8,1.110
2026-09-16,10:16:57.000,50.4130406,-5.0860337,32.8,1.428
2026-09-16,10:17:02.000,50.4130325,-5.0860288,32.4,0.000
2026-09-16,10:17:07.000,50.4130325,-5.0860288,32.6,0.000
2026-09-16,10:17:12.000,50.4130393,-5.0860306,32.6,0.000
2026-09-16,10:17:17.000,50.4130325,-5.0860288,32.8,0.000
2026-09-16,10:17:22.000,50.4130198,-5.0860821,32.2,0.644
2026-09-16,10:17:27.000,50.4130068,-5.0861786,32.2,1.250
2026-09-16,10:17:32.000,50.4130156,-5.0862179,32.2,1.101
2026-09-16,10:17:37.000,50.4130169,-5.0862160,31.6,0.000
2026-09-16,10:17:42.000,50.4130169,-5.0862160,32.0,0.000
2026-09-16,10:17:47.000,50.4130169,-5.0862160,31.8,0.000
2026-09-16,10:17:52.000,50.4130169,-5.0862160,31.8,0.000
2026-09-16,10:17:57.000,50.4130169,-5.0862160,31.8,0.000
2026-09-16,10:18:02.000,50.4130169,-5.0862160,31.6,0.000
2026-09-16,10:18:07.000,50.4130169,-5.0862160,31.8,0.000
2026-09-16,10:18:12.000,50.4130169,-5.0862160,31.6,0.000
2026-09-16,10:18:17.000,50.4130169,-5.0862160,31.6,0.000
2026-09-16,10:18:22.000,50.4130169,-5.0862160,31.8,0.000
2026-09-16,10:18:27.000,50.4130169,-5.0862160,31.8,0.000
2026-09-16,10:18:32.000,50.4130169,-5.0862160,31.6,0.000
2026-09-16,10:18:37.000,50.4130169,-5.0862160,31.6,0.000
2026-09-16,10:18:42.000,50.4130169,-5.0862160,31.6,0.000
2026-09-16,10:18:47.000,50.4130169,-5.0862160,31.8,0.000
2026-09-16,10:18:52.000,50.4130169,-5.0862160,31.8,0.000
2026-09-16,10:18:57.000,50.4130169,-5.0862160,31.8,0.000
2026-09-16,10:19:02.000,50.4130169,-5.0862160,31.8,0.000
2026-09-16,10:19:07.000,50.4130169,-5.0862160,31.6,0.000
2026-09-16,10:19:12.000,50.4130169,-5.0862160,31.8,0.000
2026-09-16,10:19:17.000,50.4130169,-5.0862160,31.6,0.000
2026-09-16,10:19:22.000,50.4130169,-5.0862160,31.6,0.000
2026-09-16,10:19:27.000,50.4130169,-5.0862160,31.6,0.000
2026-09-16,10:19:32.000,50.4130169,-5.0862160,31.4,0.000
2026-09-16,10:19:37.000,50.4130169,-5.0862160,31.6,0.000
2026-09-16,10:19:42.000,50.4130169,-5.0862160,31.6,0.000
2026-09-16,10:19:47.000,50.4130169,-5.0862160,31.8,0.000
2026-09-16,10:19:52.000,50.4130169,-5.0862160,31.4,0.000
2026-09-16,10:19:57.000,50.4130169,-5.0862160,31.4,0.000
2026-09-16,10:20:02.000,50.4130169,-5.0862160,31.4,0.000
2026-09-16,10:20:07.000,50.4130169,-5.0862160,31.6,0.000
2026-09-16,10:20:12.000,50.4130169,-5.0862160,31.6,0.000
2026-09-16,10:20:17.000,50.4130169,-5.0862160,31.6,0.000
2026-09-16,10:20:22.000,50.4130169,-5.0862160,31.6,0.000
2026-09-16,10:20:27.000,50.4130169,-5.0862160,31.4,0.000
2026-09-16,10:20:32.000,50.4130169,-5.0862160,31.4,0.000
2026-09-16,10:20:37.000,50.4130169,-5.0862160,31.4,0.000
2026-09-16,10:20:42.000,50.4130169,-5.0862160,31.6,0.000
2026-09-16,10:20:47.000,50.4130169,-5.0862160,31.4,0.000
2026-09-16,10:20:52.000,50.4130169,-5.0862160,31.4,0.000
2026-09-16,10:20:57.000,50.4130169,-5.0862160,31.4,0.000
2026-09-16,10:21:02.000,50.4130169,-5.0862160,31.4,0.000
2026-09-16,10:21:07.000,50.4130169,-5.0862160,31.6,0.000
2026-09-16,10:21:12.000,50.4130169,-5.0862160,31.6,0.000
2026-09-16,10:21:17.000,50.4130169,-5.0862160,31.2,0.000
2026-09-16,10:21:22.000,50.4130169,-5.0862160,31.4,0.000
2026-09-16,10:21:27.000,50.4130169,-5.0862160,31.4,0.000
2026-09-16,10:21:32.000,50.4130169,-5.0862160,31.0,0.000
2026-09-16,10:21:37.000,50.4130155,-5.0862193,32.0,0.000
2026-09-16,10:21:42.000,50.4130161,-5.0862007,32.4,0.000
2026-09-16,10:21:47.000,50.4130163,-5.0862056,32.2,0.000
2026-09-16,10:21:52.000,50.4130113,-5.0861544,31.8,0.970
2026-09-16,10:21:57.000,50.4130259,-5.0861038,32.4,0.000
2026-09-16,10:22:02.000,50.4130269,-5.0860342,32.2,0.858
2026-09-16,10:22:07.000,50.4130335,-5.0859459,32.2,1.428
2026-09-16,10:22:12.000,50.4130299,-5.0858649,32.2,1.297
2026-09-16,10:22:17.000,50.4130393,-5.0857934,31.6,1.204
2026-09-16,10:22:22.000,50.4130451,-5.0857166,32.0,1.157
2026-09-16,10:22:27.000,50.4130331,-5.0856457,32.2,1.176
2026-09-16,10:22:32.000,50.4130076,-5.0855822,32.4,1.129
2026-09-16,10:22:37.000,50.4129652,-5.0855343,32.4,1.129
2026-09-16,10:22:42.000,50.4129408,-5.0854662,33.0,1.129
2026-09-16,10:22:47.000,50.4129421,-5.0853887,33.0,1.204
2026-09-16,10:22:52.000,50.4129524,-5.0853053,33.2,1.204
2026-09-16,10:22:57.000,50.4129634,-5.0852184,33.2,1.222
2026-09-16,10:23:02.000,50.4129732,-5.0851300,33.2,1.250
2026-09-16,10:23:07.000,50.4129811,-5.0850517,33.2,1.222
2026-09-16,10:23:12.000,50.4129868,-5.0849622,33.4,1.213
2026-09-16,10:23:17.000,50.4129886,-5.0848773,33.4,1.222
2026-09-16,10:23:22.000,50.4129978,-5.0848200,33.6,1.185
2026-09-16,10:23:27.000,50.4130117,-5.0847545,34.0,1.148
2026-09-16,10:23:32.000,50.4130230,-5.0846739,34.0,1.176
2026-09-16,10:23:37.000,50.4130279,-5.0845893,33.8,1.194
2026-09-16,10:23:42.000,50.4130326,-5.0845153,33.8,1.194
2026-09-16,10:23:47.000,50.4130334,-5.0844222,33.6,1.232
2026-09-16,10:23:52.000,50.4130358,-5.0843448,33.8,1.204
2026-09-16,10:23:57.000,50.4130337,-5.0842745,33.8,1.166
2026-09-16,10:24:02.000,50.4130373,-5.0842562,33.8,0.000
2026-09-16,10:24:07.000,50.4130321,-5.0842185,33.8,0.000
2026-09-16,10:24:12.000,50.4130298,-5.0842043,33.8,0.000
2026-09-16,10:24:17.000,50.4130298,-5.0842043,34.2,0.000
2026-09-16,10:24:22.000,50.4130298,-5.0842043,34.2,0.000
2026-09-16,10:24:27.000,50.4130298,-5.0842043,34.2,0.000
2026-09-16,10:24:32.000,50.4130298,-5.0842043,34.2,0.000
2026-09-16,10:24:37.000,50.4130212,-5.0841890,34.4,0.000
2026-09-16,10:24:42.000,50.4130078,-5.0841817,34.6,0.000
2026-09-16,10:24:47.000,50.4130362,-5.0841481,34.6,0.000
2026-09-16,10:24:52.000,50.4130539,-5.0840614,34.6,1.372
2026-09-16,10:24:57.000,50.4130654,-5.0840129,34.4,1.092
2026-09-16,10:25:02.000,50.4130634,-5.0840222,34.6,0.634
2026-09-16,10:25:07.000,50.4130634,-5.0840222,35.0,0.000
2026-09-16,10:25:12.000,50.4130634,-5.0840222,35.0,0.000
2026-09-16,10:25:17.000,50.4130634,-5.0840222,35.0,0.000
2026-09-16,10:25:22.000,50.4130634,-5.0840222,35.0,0.000
2026-09-16,10:25:27.000,50.4130634,-5.0840222,35.0,0.000
2026-09-16,10:25:32.000,50.4130634,-5.0840222,35.0,0.000
2026-09-16,10:25:37.000,50.4130634,-5.0840222,35.2,0.000
2026-09-16,10:25:42.000,50.4130634,-5.0840222,35.0,0.000
2026-09-16,10:25:47.000,50.4130634,-5.0840222,35.2,0.000
2026-09-16,10:25:52.000,50.4130634,-5.0840222,35.4,0.000
2026-09-16,10:25:57.000,50.4130634,-5.0840222,35.0,0.000
2026-09-16,10:26:02.000,50.4130634,-5.0840222,35.2,0.000
2026-09-16,10:26:07.000,50.4130634,-5.0840222,35.4,0.000
2026-09-16,10:26:12.000,50.4130669,-5.0840195,35.2,0.000
2026-09-16,10:26:17.000,50.4130634,-5.0840222,35.0,0.000
2026-09-16,10:26:22.000,50.4130634,-5.0840222,35.2,0.000
2026-09-16,10:26:27.000,50.4130634,-5.0840222,35.2,0.000
2026-09-16,10:26:32.000,50.4130634,-5.0840222,35.2,0.000
2026-09-16,10:26:37.000,50.4130634,-5.0840222,35.4,0.000
2026-09-16,10:26:42.000,50.4130634,-5.0840222,35.6,0.000
2026-09-16,10:26:47.000,50.4130634,-5.0840222,35.6,0.000
2026-09-16,10:26:52.000,50.4130634,-5.0840222,35.4,0.000
2026-09-16,10:26:57.000,50.4130634,-5.0840222,35.4,0.000
2026-09-16,10:27:02.000,50.4130634,-5.0840222,35.6,0.000
2026-09-16,10:27:07.000,50.4130672,-5.0840097,35.4,0.000
2026-09-16,10:27:12.000,50.4130714,-5.0839336,35.4,1.250
2026-09-16,10:27:17.000,50.4130929,-5.0838543,35.6,1.250
2026-09-16,10:27:22.000,50.4131123,-5.0837751,35.6,1.269
2026-09-16,10:27:27.000,50.4131259,-5.0836980,35.6,1.241
2026-09-16,10:27:32.000,50.4131391,-5.0836194,35.4,1.222
2026-09-16,10:27:37.000,50.4131541,-5.0835366,35.8,1.288
2026-09-16,10:27:42.000,50.4131593,-5.0834967,35.8,1.026
2026-09-16,10:27:47.000,50.4131593,-5.0834967,35.8,0.000
2026-09-16,10:27:52.000,50.4131347,-5.0835542,35.4,0.504
2026-09-16,10:27:57.000,50.4131143,-5.0836505,35.8,1.428
2026-09-16,10:28:02.000,50.4130941,-5.0837474,35.6,1.465
2026-09-16,10:28:07.000,50.4130681,-5.0838325,35.8,1.502
2026-09-16,10:28:12.000,50.4130575,-5.0839240,36.2,1.428
2026-09-16,10:28:17.000,50.4130339,-5.0840324,36.4,1.456
2026-09-16,10:28:22.000,50.4130329,-5.0840652,36.2,1.054
2026-09-16,10:28:27.000,50.4130503,-5.0839897,36.2,1.054
2026-09-16,10:28:32.000,50.4130743,-5.0839926,36.8,0.868
2026-09-16,10:28:37.000,50.4131145,-5.0840391,37.8,0.924
2026-09-16,10:28:42.000,50.4131597,-5.0840885,37.2,1.045
2026-09-16,10:28:47.000,50.4131931,-5.0841244,37.0,1.092
2026-09-16,10:28:52.000,50.4132404,-5.0841592,36.8,1.082
2026-09-16,10:28:57.000,50.4133041,-5.0842032,36.6,1.157
2026-09-16,10:29:02.000,50.4133543,-5.0842430,35.4,1.222
2026-09-16,10:29:07.000,50.4133927,-5.0842905,34.2,1.194
2026-09-16,10:29:12.000,50.4134312,-5.0843128,33.4,1.166
2026-09-16,10:29:17.000,50.4134507,-5.0843207,32.6,0.989
2026-09-16,10:29:22.000,50.4134504,-5.0843205,32.6,0.000
2026-09-16,10:29:27.000,50.4134504,-5.0843205,32.6,0.000
2026-09-16,10:29:32.000,50.4134504,-5.0843205,32.6,0.000
2026-09-16,10:29:37.000,50.4135242,-5.0843229,32.6,0.709
2026-09-16,10:29:42.000,50.4135859,-5.0843346,32.4,1.400
2026-09-16,10:29:47.000,50.4136314,-5.0843398,32.2,1.260
2026-09-16,10:29:52.000,50.4136939,-5.0843710,31.6,1.185
2026-09-16,10:29:57.000,50.4137685,-5.0843957,31.4,1.362
2026-09-16,10:30:02.000,50.4138284,-5.0844386,31.4,1.400
2026-09-16,10:30:07.000,50.4138590,-5.0844987,31.0,1.278
2026-09-16,10:30:12.000,50.4139052,-5.0845859,30.4,1.344
2026-09-16,10:30:17.000,50.4139525,-5.0846402,30.2,1.390
2026-09-16,10:30:22.000,50.4139772,-5.0847138,29.8,1.325
2026-09-16,10:30:27.000,50.4140080,-5.0848061,29.6,1.353
2026-09-16,10:30:32.000,50.4140425,-5.0849050,28.6,1.372
2026-09-16,10:30:37.000,50.4140718,-5.0849883,28.2,1.390
2026-09-16,10:30:42.000,50.4140977,-5.0850683,27.8,1.381
2026-09-16,10:30:47.000,50.4141226,-5.0851580,27.6,1.390
2026-09-16,10:30:52.000,50.4141456,-5.0852499,27.0,1.390
2026-09-16,10:30:57.000,50.4141736,-5.0853438,26.4,1.400
2026-09-16,10:31:02.000,50.4142000,-5.0854308,25.6,1.418
2026-09-16,10:31:07.000,50.4142213,-5.0855128,25.2,1.390
2026-09-16,10:31:12.000,50.4142495,-5.0856110,24.6,1.400
2026-09-16,10:31:17.000,50.4142678,-5.0856865,23.8,1.390
2026-09-16,10:31:22.000,50.4142950,-5.0857335,23.2,1.316
2026-09-16,10:31:27.000,50.4143610,-5.0857148,22.4,1.381
2026-09-16,10:31:32.000,50.4144189,-5.0856822,21.6,1.418
2026-09-16,10:31:37.000,50.4144741,-5.0856396,21.2,1.278
2026-09-16,10:31:42.000,50.4145270,-5.0856222,20.8,1.353
2026-09-16,10:31:47.000,50.4145888,-5.0856258,19.6,1.297
2026-09-16,10:31:52.000,50.4146438,-5.0855959,19.0,1.306
2026-09-16,10:31:57.000,50.4146982,-5.0855653,18.2,1.269
2026-09-16,10:32:02.000,50.4147452,-5.0855211,17.4,1.297
2026-09-16,10:32:07.000,50.4147965,-5.0854737,16.8,1.288
2026-09-16,10:32:12.000,50.4148503,-5.0854287,16.0,1.288
2026-09-16,10:32:17.000,50.4149037,-5.0853916,15.2,1.288
2026-09-16,10:32:22.000,50.4149604,-5.0853470,14.6,1.288
2026-09-16,10:32:27.000,50.4149829,-5.0853219,14.0,1.241
2026-09-16,10:32:32.000,50.4149970,-5.0852698,13.4,1.017
2026-09-16,10:32:37.000,50.4149892,-5.0851838,13.2,1.101
2026-09-16,10:32:42.000,50.4149684,-5.0850907,12.2,1.241
2026-09-16,10:32:47.000,50.4149474,-5.0850049,11.6,1.278
2026-09-16,10:32:52.000,50.4149264,-5.0849263,10.6,1.194
2026-09-16,10:32:57.000,50.4148998,-5.0848233,10.0,1.381
2026-09-16,10:33:02.000,50.4148749,-5.0847535,9.8,1.297
2026-09-16,10:33:07.000,50.4148617,-5.0846651,10.2,1.288
2026-09-16,10:33:12.000,50.4148612,-5.0846030,10.6,1.157
2026-09-16,10:33:17.000,50.4148555,-5.0845142,11.2,1.194
2026-09-16,10:33:22.000,50.4148581,-5.0844038,11.6,1.306
2026-09-16,10:33:27.000,50.4148703,-5.0843140,11.2,1.306
2026-09-16,10:33:32.000,50.4148762,-5.0842141,11.4,1.306
2026-09-16,10:33:37.000,50.4149044,-5.0841447,11.0,1.260
2026-09-16,10:33:42.000,50.4149185,-5.0841289,11.2,0.000
2026-09-16,10:33:47.000,50.4149185,-5.0841289,11.0,0.000
2026-09-16,10:33:52.000,50.4149185,-5.0841289,11.2,0.000
2026-09-16,10:33:57.000,50.4149185,-5.0841289,11.4,0.000
2026-09-16,10:34:02.000,50.4149121,-5.0841217,11.2,0.000
2026-09-16,10:34:07.000,50.4149114,-5.0840345,11.4,0.429
2026-09-16,10:34:12.000,50.4148986,-5.0839401,11.4,1.241
2026-09-16,10:34:17.000,50.4149011,-5.0838690,11.6,1.157
2026-09-16,10:34:22.000,50.4149038,-5.0837796,11.6,1.176
2026-09-16,10:34:27.000,50.4149019,-5.0836736,11.6,1.269
2026-09-16,10:34:32.000,50.4148967,-5.0835861,11.8,1.260
2026-09-16,10:34:37.000,50.4148936,-5.0834980,12.0,1.232
2026-09-16,10:34:42.000,50.4149044,-5.0834206,11.8,1.176
2026-09-16,10:34:47.000,50.4149257,-5.0833340,11.8,1.166
2026-09-16,10:34:52.000,50.4149312,-5.0832828,12.2,1.110
2026-09-16,10:34:57.000,50.4149398,-5.0832451,13.6,0.924
2026-09-16,10:35:02.000,50.4149447,-5.0832124,14.8,0.625
2026-09-16,10:35:07.000,50.4149507,-5.0831767,16.2,0.653
2026-09-16,10:35:12.000,50.4149462,-5.0831456,17.4,0.653
2026-09-16,10:35:17.000,50.4149357,-5.0831489,18.2,0.485
2026-09-16,10:35:22.000,50.4149211,-5.0831386,19.2,0.411
2026-09-16,10:35:27.000,50.4149013,-5.0831327,20.2,0.457
2026-09-16,10:35:32.000,50.4148717,-5.0831235,22.2,0.541
2026-09-16,10:35:37.000,50.4148545,-5.0831100,23.6,0.513
2026-09-16,10:35:42.000,50.4148391,-5.0830977,24.6,0.485
2026-09-16,10:35:47.000,50.4148037,-5.0830741,24.6,0.569
2026-09-16,10:35:52.000,50.4147515,-5.0830508,24.4,0.774
2026-09-16,10:35:57.000,50.4147165,-5.0829836,24.6,0.914
2026-09-16,10:36:02.000,50.4147371,-5.0829104,25.0,0.989
2026-09-16,10:36:07.000,50.4147550,-5.0828339,25.0,1.045
2026-09-16,10:36:12.000,50.4147720,-5.0827450,24.6,1.073
2026-09-16,10:36:17.000,50.4148017,-5.0826745,25.6,1.120
2026-09-16,10:36:22.000,50.4148314,-5.0826007,26.0,1.129
2026-09-16,10:36:27.000,50.4148674,-5.0825787,26.4,1.064
2026-09-16,10:36:32.000,50.4148733,-5.0825814,26.0,0.774
2026-09-16,10:36:37.000,50.4148733,-5.0825814,26.0,0.000
2026-09-16,10:36:42.000,50.4148733,-5.0825814,26.0,0.000
2026-09-16,10:36:47.000,50.4148733,-5.0825814,26.0,0.000
2026-09-16,10:36:52.000,50.4148733,-5.0825814,26.0,0.000
2026-09-16,10:36:57.000,50.4148763,-5.0825656,27.0,0.000
2026-09-16,10:37:02.000,50.4148791,-5.0825559,26.4,0.000
2026-09-16,10:37:07.000,50.4148783,-5.0825559,26.0,0.000
2026-09-16,10:37:12.000,50.4148796,-5.0825225,26.4,0.000
2026-09-16,10:37:17.000,50.4148933,-5.0824567,27.0,0.560
2026-09-16,10:37:22.000,50.4148925,-5.0823989,27.2,1.120
2026-09-16,10:37:27.000,50.4148841,-5.0823402,27.8,1.064
2026-09-16,10:37:32.000,50.4148748,-5.0822664,28.2,1.026
2026-09-16,10:37:37.000,50.4148747,-5.0821980,28.6,1.026
2026-09-16,10:37:42.000,50.4149133,-5.0821468,29.8,1.054
2026-09-16,10:37:47.000,50.4149449,-5.0820951,30.2,1.204
2026-09-16,10:37:52.000,50.4149741,-5.0820392,29.6,1.101
2026-09-16,10:37:57.000,50.4150141,-5.0819766,30.6,1.120
2026-09-16,10:38:02.000,50.4150402,-5.0819291,31.2,1.045
2026-09-16,10:38:07.000,50.4150477,-5.0819122,31.0,0.830
2026-09-16,10:38:12.000,50.4150477,-5.0819122,30.6,0.000
2026-09-16,10:38:17.000,50.4150823,-5.0818517,32.0,1.288
2026-09-16,10:38:22.000,50.4151228,-5.0817831,32.8,1.269
2026-09-16,10:38:27.000,50.4151606,-5.0817152,32.2,1.278
2026-09-16,10:38:32.000,50.4151956,-5.0816500,32.0,1.269
2026-09-16,10:38:37.000,50.4152273,-5.0815854,32.0,1.241
2026-09-16,10:38:42.000,50.4152595,-5.0815153,32.4,1.250
2026-09-16,10:38:47.000,50.4152965,-5.0814314,32.8,1.297
2026-09-16,10:38:52.000,50.4153347,-5.0813569,33.0,1.316
2026-09-16,10:38:57.000,50.4153818,-5.0813027,33.4,1.278
2026-09-16,10:39:02.000,50.4153887,-5.0812245,34.0,1.288
2026-09-16,10:39:07.000,50.4153875,-5.0811387,33.8,1.278
2026-09-16,10:39:12.000,50.4153538,-5.0810447,34.2,1.325
2026-09-16,10:39:17.000,50.4153015,-5.0809801,34.6,1.381
2026-09-16,10:39:22.000,50.4152541,-5.0809440,35.2,1.362
2026-09-16,10:39:27.000,50.4152100,-5.0809039,35.6,1.316
2026-09-16,10:39:32.000,50.4151553,-5.0808592,36.0,1.316
2026-09-16,10:39:37.000,50.4151005,-5.0808160,36.0,1.325
2026-09-16,10:39:42.000,50.4150499,-5.0807814,36.4,1.316
2026-09-16,10:39:47.000,50.4149995,-5.0807308,36.8,1.278
2026-09-16,10:39:52.000,50.4149643,-5.0806600,37.2,1.306
2026-09-16,10:39:57.000,50.4149845,-5.0805639,37.8,1.213
2026-09-16,10:40:02.000,50.4150074,-5.0804808,37.4,1.316
2026-09-16,10:40:07.000,50.4150306,-5.0804280,37.4,1.232
2026-09-16,10:40:12.000,50.4150423,-5.0804019,37.6,1.017
2026-09-16,10:40:17.000,50.4150423,-5.0804019,37.4,0.000
2026-09-16,10:40:22.000,50.4150425,-5.0803789,37.4,0.000
2026-09-16,10:40:27.000,50.4149995,-5.0803251,37.6,1.372
2026-09-16,10:40:32.000,50.4149490,-5.0803119,38.0,1.082
2026-09-16,10:40:37.000,50.4148820,-5.0802832,38.4,1.316
2026-09-16,10:40:42.000,50.4148350,-5.0802502,38.6,1.372
2026-09-16,10:40:47.000,50.4147869,-5.0802212,39.2,1.306
2026-09-16,10:40:52.000,50.4147272,-5.0802010,39.6,1.400
2026-09-16,10:40:57.000,50.4147187,-5.0801922,39.8,1.120
2026-09-16,10:41:02.000,50.4147202,-5.0801678,39.6,0.000
2026-09-16,10:41:07.000,50.4147169,-5.0801607,38.6,0.000
2026-09-16,10:41:12.000,50.4147169,-5.0801607,38.6,0.000
2026-09-16,10:41:17.000,50.4147110,-5.0801375,38.8,0.000
2026-09-16,10:41:22.000,50.4147272,-5.0800989,37.2,0.000
2026-09-16,10:41:27.000,50.4147386,-5.0800377,36.4,0.784
2026-09-16,10:41:32.000,50.4147630,-5.0799688,36.4,1.110
2026-09-16,10:41:37.000,50.4147933,-5.0798863,36.4,1.297
2026-09-16,10:41:42.000,50.4148162,-5.0798138,36.8,1.204
2026-09-16,10:41:47.000,50.4148408,-5.0797321,37.0,1.232
2026-09-16,10:41:52.000,50.4148667,-5.0796335,37.0,1.390
2026-09-16,10:41:57.000,50.4148953,-5.0795512,37.0,1.344
2026-09-16,10:42:02.000,50.4149237,-5.0794379,37.2,1.456
2026-09-16,10:42:07.000,50.4149449,-5.0793593,37.2,1.428
2026-09-16,10:42:12.000,50.4149646,-5.0792565,37.6,1.465
2026-09-16,10:42:17.000,50.4149762,-5.0791682,37.6,1.428
2026-09-16,10:42:22.000,50.4149946,-5.0790592,37.4,1.456
2026-09-16,10:42:27.000,50.4150101,-5.0789732,37.2,1.456
2026-09-16,10:42:32.000,50.4150186,-5.0788570,37.6,1.465
2026-09-16,10:42:37.000,50.4150321,-5.0787584,38.6,1.465
2026-09-16,10:42:42.000,50.4150407,-5.0786572,37.6,1.456
2026-09-16,10:42:47.000,50.4150456,-5.0785682,38.0,1.465
2026-09-16,10:42:52.000,50.4150491,-5.0784687,38.0,1.437
2026-09-16,10:42:57.000,50.4150489,-5.0783661,37.8,1.446
2026-09-16,10:43:02.000,50.4150499,-5.0782822,38.0,1.428
2026-09-16,10:43:07.000,50.4150467,-5.0781777,38.4,1.437
2026-09-16,10:43:12.000,50.4150345,-5.0780746,37.8,1.437
2026-09-16,10:43:17.000,50.4150264,-5.0779543,38.2,1.493
2026-09-16,10:43:22.000,50.4150228,-5.0778678,38.8,1.474
2026-09-16,10:43:27.000,50.4150240,-5.0777546,38.0,1.484
2026-09-16,10:43:32.000,50.4150230,-5.0776500,38.2,1.484
2026-09-16,10:43:37.000,50.4150165,-5.0775476,38.0,1.484
2026-09-16,10:43:42.000,50.4150043,-5.0774522,38.4,1.484
2026-09-16,10:43:47.000,50.4149990,-5.0773586,38.4,1.400
2026-09-16,10:43:52.000,50.4149796,-5.0772389,38.4,1.484
2026-09-16,10:43:57.000,50.4149658,-5.0771389,38.2,1.474
2026-09-16,10:44:02.000,50.4149484,-5.0770522,38.2,1.446
2026-09-16,10:44:07.000,50.4149312,-5.0769462,38.2,1.437
2026-09-16,10:44:12.000,50.4149220,-5.0768877,38.6,1.353
2026-09-16,10:44:17.000,50.4149144,-5.0768195,38.6,1.250
2026-09-16,10:44:22.000,50.4149096,-5.0768145,39.0,0.000
2026-09-16,10:44:27.000,50.4149096,-5.0768145,39.8,0.000
2026-09-16,10:44:32.000,50.4148853,-5.0767735,39.2,0.000
2026-09-16,10:44:37.000,50.4148454,-5.0766957,39.4,1.316
2026-09-16,10:44:42.000,50.4148204,-5.0766402,39.2,1.045
2026-09-16,10:44:47.000,50.4148107,-5.0766151,39.0,0.812
2026-09-16,10:44:52.000,50.4148108,-5.0766154,38.8,0.000
2026-09-16,10:44:57.000,50.4148108,-5.0766154,39.8,0.000
2026-09-16,10:45:02.000,50.4148108,-5.0766154,39.4,0.000
2026-09-16,10:45:07.000,50.4148108,-5.0766154,39.4,0.000
2026-09-16,10:45:12.000,50.4148108,-5.0766154,39.0,0.000
2026-09-16,10:45:17.000,50.4148108,-5.0766154,39.0,0.000
2026-09-16,10:45:22.000,50.4148108,-5.0766154,39.8,0.000
2026-09-16,10:45:27.000,50.4148340,-5.0765962,39.8,0.000
2026-09-16,10:45:32.000,50.4148772,-5.0765495,39.0,1.316
2026-09-16,10:45:37.000,50.4149126,-5.0765043,38.8,1.101
2026-09-16,10:45:42.000,50.4149600,-5.0764323,38.8,1.306
2026-09-16,10:45:47.000,50.4149982,-5.0763653,38.0,1.372
2026-09-16,10:45:52.000,50.4150378,-5.0763302,36.4,1.288
2026-09-16,10:45:57.000,50.4150985,-5.0762747,36.4,1.437
2026-09-16,10:46:02.000,50.4151417,-5.0762164,36.8,1.325
2026-09-16,10:46:07.000,50.4151984,-5.0761308,37.2,1.381
2026-09-16,10:46:12.000,50.4152305,-5.0760413,37.2,1.456
2026-09-16,10:46:17.000,50.4152509,-5.0759568,36.8,1.446
2026-09-16,10:46:22.000,50.4152495,-5.0758580,36.8,1.409
2026-09-16,10:46:27.000,50.4152759,-5.0757854,36.8,1.381
2026-09-16,10:46:32.000,50.4153197,-5.0757212,36.6,1.372
2026-09-16,10:46:37.000,50.4153819,-5.0757031,36.2,1.372
2026-09-16,10:46:42.000,50.4154372,-5.0757021,36.0,1.390
2026-09-16,10:46:47.000,50.4154827,-5.0757000,35.6,1.316
2026-09-16,10:46:52.000,50.4155234,-5.0756999,36.0,1.148
2026-09-16,10:46:57.000,50.4155551,-5.0756894,35.2,1.054
2026-09-16,10:47:02.000,50.4156039,-5.0756733,35.8,1.045
2026-09-16,10:47:07.000,50.4156746,-5.0756191,35.8,1.232
2026-09-16,10:47:12.000,50.4157384,-5.0755566,36.0,1.400
2026-09-16,10:47:17.000,50.4157833,-5.0754839,36.4,1.334
2026-09-16,10:47:22.000,50.4158358,-5.0754321,36.2,1.278
2026-09-16,10:47:27.000,50.4158930,-5.0753770,35.8,1.353
2026-09-16,10:47:32.000,50.4159610,-5.0753238,36.4,1.484
2026-09-16,10:47:37.000,50.4160068,-5.0752270,35.8,1.624
2026-09-16,10:47:42.000,50.4160128,-5.0751286,36.8,1.549
2026-09-16,10:47:47.000,50.4160291,-5.0750698,36.0,1.390
2026-09-16,10:47:52.000,50.4160642,-5.0749818,35.2,1.474
2026-09-16,10:47:57.000,50.4161004,-5.0749382,35.2,1.250
2026-09-16,10:48:02.000,50.4161253,-5.0748698,34.2,1.194
2026-09-16,10:48:07.000,50.4161617,-5.0747753,35.4,1.465
2026-09-16,10:48:12.000,50.4161810,-5.0746695,36.2,1.465
2026-09-16,10:48:17.000,50.4161861,-5.0745800,36.4,1.418
2026-09-16,10:48:22.000,50.4161838,-5.0744699,36.8,1.437
2026-09-16,10:48:27.000,50.4161941,-5.0744019,36.6,1.334
2026-09-16,10:48:32.000,50.4162031,-5.0743458,36.4,1.157
2026-09-16,10:48:37.000,50.4162464,-5.0742706,37.2,1.372
2026-09-16,10:48:42.000,50.4162911,-5.0742122,37.6,1.409
2026-09-16,10:48:47.000,50.4163244,-5.0741873,37.2,1.138
2026-09-16,10:48:52.000,50.4163801,-5.0741371,39.2,1.334
2026-09-16,10:48:57.000,50.4164085,-5.0740314,37.4,1.493
2026-09-16,10:49:02.000,50.4164277,-5.0739280,37.2,1.521
2026-09-16,10:49:07.000,50.4164439,-5.0738289,37.4,1.493
2026-09-16,10:49:12.000,50.4164661,-5.0737523,37.4,1.428
2026-09-16,10:49:17.000,50.4164947,-5.0736623,37.6,1.390
2026-09-16,10:49:22.000,50.4165265,-5.0735717,38.0,1.390
2026-09-16,10:49:27.000,50.4165679,-5.0735096,38.2,1.390
2026-09-16,10:49:32.000,50.4166168,-5.0734211,38.4,1.409
2026-09-16,10:49:37.000,50.4166364,-5.0734066,38.6,0.000
2026-09-16,10:49:42.000,50.4166463,-5.0733730,38.6,0.000
2026-09-16,10:49:47.000,50.4166763,-5.0733021,38.6,0.644
2026-09-16,10:49:52.000,50.4167073,-5.0732149,39.2,1.446
2026-09-16,10:49:57.000,50.4167380,-5.0731357,39.2,1.297
2026-09-16,10:50:02.000,50.4167715,-5.0730490,40.2,1.353
2026-09-16,10:50:07.000,50.4168039,-5.0729740,40.0,1.344
2026-09-16,10:50:12.000,50.4168322,-5.0728809,41.2,1.353
2026-09-16,10:50:17.000,50.4168655,-5.0728037,40.6,1.353
2026-09-16,10:50:22.000,50.4168986,-5.0727154,40.0,1.344
2026-09-16,10:50:27.000,50.4169357,-5.0726294,39.6,1.381
2026-09-16,10:50:32.000,50.4169690,-5.0725427,39.6,1.390
2026-09-16,10:50:37.000,50.4169982,-5.0724457,39.0,1.400
2026-09-16,10:50:42.000,50.4170374,-5.0723731,39.2,1.400
2026-09-16,10:50:47.000,50.4170659,-5.0722839,39.4,1.409
2026-09-16,10:50:52.000,50.4171213,-5.0722220,39.8,1.400
2026-09-16,10:50:57.000,50.4171653,-5.0721477,39.2,1.409
2026-09-16,10:51:02.000,50.4172114,-5.0720635,39.2,1.418
2026-09-16,10:51:07.000,50.4172642,-5.0719901,39.4,1.428
2026-09-16,10:51:12.000,50.4173069,-5.0719236,39.4,1.418
2026-09-16,10:51:17.000,50.4173453,-5.0718623,39.8,1.409
2026-09-16,10:51:22.000,50.4173881,-5.0717959,40.2,1.400
2026-09-16,10:51:27.000,50.4174283,-5.0717343,40.8,1.372
2026-09-16,10:51:32.000,50.4174886,-5.0716981,41.4,1.362
2026-09-16,10:51:37.000,50.4175378,-5.0716681,41.4,1.353
2026-09-16,10:51:42.000,50.4175633,-5.0716306,41.8,1.288
2026-09-16,10:51:47.000,50.4175574,-5.0716326,41.2,0.000
2026-09-16,10:51:52.000,50.4175574,-5.0716326,41.0,0.000
2026-09-16,10:51:57.000,50.4175574,-5.0716326,41.0,0.000
2026-09-16,10:52:02.000,50.4175574,-5.0716326,40.8,0.000
2026-09-16,10:52:07.000,50.4175574,-5.0716326,41.0,0.000
2026-09-16,10:52:12.000,50.4175574,-5.0716326,40.8,0.000
2026-09-16,10:52:17.000,50.4175574,-5.0716326,41.0,0.000
2026-09-16,10:52:22.000,50.4175640,-5.0716347,40.6,0.000
2026-09-16,10:52:27.000,50.4175942,-5.0716128,40.4,0.000
2026-09-16,10:52:32.000,50.4175885,-5.0716113,40.6,0.000
2026-09-16,10:52:37.000,50.4175885,-5.0716113,40.6,0.000
2026-09-16,10:52:42.000,50.4175885,-5.0716113,40.8,0.000
2026-09-16,10:52:47.000,50.4175885,-5.0716113,40.8,0.000
2026-09-16,10:52:52.000,50.4175885,-5.0716113,40.6,0.000
2026-09-16,10:52:57.000,50.4175885,-5.0716113,40.4,0.000
2026-09-16,10:53:02.000,50.4175885,-5.0716113,40.4,0.000
2026-09-16,10:53:07.000,50.4175885,-5.0716113,40.4,0.000
2026-09-16,10:53:12.000,50.4175885,-5.0716113,40.4,0.000
2026-09-16,10:53:17.000,50.4175885,-5.0716113,40.0,0.000
2026-09-16,10:53:22.000,50.4175885,-5.0716113,40.0,0.000
2026-09-16,10:53:27.000,50.4175885,-5.0716113,40.4,0.000
2026-09-16,10:53:32.000,50.4175885,-5.0716113,40.0,0.000
2026-09-16,10:53:37.000,50.4175885,-5.0716113,40.0,0.000
2026-09-16,10:53:42.000,50.4175885,-5.0716113,39.8,0.000
2026-09-16,10:53:47.000,50.4175885,-5.0716113,40.2,0.000
2026-09-16,10:53:52.000,50.4175885,-5.0716113,40.2,0.000
2026-09-16,10:53:57.000,50.4175885,-5.0716113,40.4,0.000
2026-09-16,10:54:02.000,50.4175883,-5.0716117,40.2,0.000
2026-09-16,10:54:07.000,50.4175887,-5.0716181,40.4,0.000
2026-09-16,10:54:12.000,50.4175948,-5.0716081,40.0,0.000
2026-09-16,10:54:17.000,50.4175885,-5.0716113,40.2,0.000
2026-09-16,10:54:22.000,50.4175885,-5.0716113,40.2,0.000
2026-09-16,10:54:27.000,50.4175885,-5.0716113,40.0,0.000
2026-09-16,10:54:32.000,50.4175885,-5.0716113,40.0,0.000
2026-09-16,10:54:37.000,50.4175885,-5.0716113,39.6,0.000
2026-09-16,10:54:42.000,50.4175885,-5.0716113,39.8,0.000
2026-09-16,10:54:47.000,50.4175987,-5.0716057,39.6,0.000
2026-09-16,10:54:52.000,50.4175902,-5.0716145,39.6,0.000
2026-09-16,10:54:57.000,50.4175712,-5.0716284,39.2,0.000
2026-09-16,10:55:02.000,50.4175718,-5.0716558,40.2,0.000
2026-09-16,10:55:07.000,50.4175818,-5.0716722,39.6,0.000
2026-09-16,10:55:12.000,50.4175815,-5.0716719,38.6,0.000
2026-09-16,10:55:17.000,50.4175815,-5.0716719,39.0,0.000
2026-09-16,10:55:22.000,50.4175815,-5.0716719,38.8,0.000
2026-09-16,10:55:27.000,50.4175797,-5.0716735,39.6,0.000
2026-09-16,10:55:32.000,50.4175293,-5.0717059,39.8,0.830
2026-09-16,10:55:37.000,50.4174729,-5.0717170,39.0,1.241
2026-09-16,10:55:42.000,50.4174238,-5.0717508,38.6,1.334
2026-09-16,10:55:47.000,50.4174028,-5.0717744,38.2,1.334
2026-09-16,10:55:52.000,50.4174021,-5.0717692,37.6,1.166
2026-09-16,10:55:57.000,50.4174021,-5.0717692,37.4,0.000
2026-09-16,10:56:02.000,50.4174021,-5.0717692,36.4,0.000
2026-09-16,10:56:07.000,50.4174021,-5.0717692,37.0,0.000
2026-09-16,10:56:12.000,50.4174021,-5.0717692,37.2,0.000
2026-09-16,10:56:17.000,50.4174021,-5.0717692,37.0,0.000
2026-09-16,10:56:22.000,50.4174021,-5.0717692,36.8,0.000
2026-09-16,10:56:27.000,50.4174021,-5.0717692,37.0,0.000
2026-09-16,10:56:32.000,50.4174021,-5.0717692,36.8,0.000
2026-09-16,10:56:37.000,50.4174021,-5.0717692,36.8,0.000
2026-09-16,10:56:42.000,50.4174021,-5.0717692,36.8,0.000
2026-09-16,10:56:47.000,50.4174021,-5.0717692,37.0,0.000
2026-09-16,10:56:52.000,50.4174021,-5.0717692,37.0,0.000
2026-09-16,10:56:57.000,50.4174021,-5.0717692,36.8,0.000
2026-09-16,10:57:02.000,50.4174021,-5.0717692,36.8,0.000
2026-09-16,10:57:07.000,50.4174021,-5.0717692,36.8,0.000
2026-09-16,10:57:12.000,50.4174021,-5.0717692,36.6,0.000
2026-09-16,10:57:17.000,50.4174021,-5.0717692,37.0,0.000
2026-09-16,10:57:22.000,50.4174021,-5.0717692,37.0,0.000
2026-09-16,10:57:27.000,50.4174021,-5.0717692,36.6,0.000
2026-09-16,10:57:32.000,50.4174021,-5.0717692,37.0,0.000
2026-09-16,10:57:37.000,50.4174021,-5.0717692,37.2,0.000
2026-09-16,10:57:42.000,50.4174075,-5.0717682,37.6,0.000
2026-09-16,10:57:47.000,50.4174021,-5.0717692,37.4,0.000
2026-09-16,10:57:52.000,50.4174021,-5.0717692,37.2,0.000
2026-09-16,10:57:57.000,50.4174021,-5.0717692,37.8,0.000
2026-09-16,10:58:02.000,50.4174021,-5.0717692,37.4,0.000
2026-09-16,10:58:07.000,50.4174021,-5.0717692,37.2,0.000
2026-09-16,10:58:12.000,50.4174021,-5.0717692,37.4,0.000
2026-09-16,10:58:17.000,50.4174021,-5.0717692,37.4,0.000
2026-09-16,10:58:22.000,50.4174021,-5.0717692,37.6,0.000
2026-09-16,10:58:27.000,50.4174021,-5.0717692,37.4,0.000
2026-09-16,10:58:32.000,50.4174021,-5.0717692,37.6,0.000
2026-09-16,10:58:37.000,50.4174021,-5.0717692,37.6,0.000
2026-09-16,10:58:42.000,50.4174021,-5.0717692,37.4,0.000
2026-09-16,10:58:47.000,50.4174021,-5.0717692,37.2,0.000
2026-09-16,10:58:52.000,50.4174021,-5.0717692,37.6,0.000
2026-09-16,10:58:57.000,50.4174021,-5.0717692,37.0,0.000
2026-09-16,10:59:02.000,50.4174021,-5.0717692,37.4,0.000
2026-09-16,10:59:07.000,50.4174021,-5.0717692,37.4,0.000
2026-09-16,10:59:12.000,50.4174021,-5.0717692,37.2,0.000
2026-09-16,10:59:17.000,50.4174021,-5.0717692,37.2,0.000
2026-09-16,10:59:22.000,50.4174021,-5.0717692,37.2,0.000
2026-09-16,10:59:27.000,50.4174021,-5.0717692,37.0,0.000
2026-09-16,10:59:32.000,50.4174021,-5.0717692,37.0,0.000
2026-09-16,10:59:37.000,50.4174021,-5.0717692,37.2,0.000
2026-09-16,10:59:42.000,50.4174021,-5.0717692,37.2,0.000
2026-09-16,10:59:47.000,50.4174021,-5.0717692,37.0,0.000
2026-09-16,10:59:52.000,50.4174021,-5.0717692,36.8,0.000
2026-09-16,10:59:57.000,50.4174021,-5.0717692,37.0,0.000
2026-09-16,11:00:02.000,50.4174021,-5.0717692,37.2,0.000
2026-09-16,11:00:07.000,50.4174021,-5.0717692,37.4,0.000
2026-09-16,11:00:12.000,50.4174021,-5.0717692,37.4,0.000
2026-09-16,11:00:17.000,50.4174021,-5.0717692,37.2,0.000
2026-09-16,11:00:22.000,50.4174021,-5.0717692,37.2,0.000
2026-09-16,11:00:27.000,50.4174021,-5.0717692,37.2,0.000
2026-09-16,11:00:32.000,50.4174021,-5.0717692,37.0,0.000
2026-09-16,11:00:37.000,50.4174021,-5.0717692,37.0,0.000
2026-09-16,11:00:42.000,50.4174021,-5.0717692,37.0,0.000
2026-09-16,11:00:47.000,50.4174021,-5.0717692,37.0,0.000
2026-09-16,11:00:52.000,50.4174021,-5.0717692,36.8,0.000
2026-09-16,11:00:57.000,50.4174021,-5.0717692,37.0,0.000
2026-09-16,11:01:02.000,50.4174021,-5.0717692,37.0,0.000
2026-09-16,11:01:07.000,50.4174075,-5.0717658,37.6,0.000
2026-09-16,11:01:12.000,50.4174311,-5.0718209,37.6,0.495
2026-09-16,11:01:17.000,50.4174157,-5.0718778,37.0,1.232
2026-09-16,11:01:22.000,50.4174179,-5.0718775,36.6,0.000
2026-09-16,11:01:27.000,50.4174136,-5.0718820,36.8,0.000
2026-09-16,11:01:32.000,50.4173887,-5.0718060,37.6,0.690
2026-09-16,11:01:37.000,50.4173849,-5.0717554,37.6,0.737
2026-09-16,11:01:42.000,50.4173874,-5.0717543,37.6,0.000
2026-09-16,11:01:47.000,50.4173874,-5.0717543,37.6,0.000
2026-09-16,11:01:52.000,50.4173874,-5.0717543,37.2,0.000
2026-09-16,11:01:57.000,50.4173874,-5.0717543,37.2,0.000
2026-09-16,11:02:02.000,50.4173874,-5.0717543,38.0,0.000
2026-09-16,11:02:07.000,50.4173874,-5.0717543,37.6,0.000
2026-09-16,11:02:12.000,50.4173917,-5.0717592,37.8,0.289
2026-09-16,11:02:17.000,50.4173874,-5.0717543,37.8,0.000
2026-09-16,11:02:22.000,50.4173874,-5.0717543,37.6,0.000
2026-09-16,11:02:27.000,50.4173874,-5.0717543,37.4,0.000
2026-09-16,11:02:32.000,50.4173874,-5.0717543,37.6,0.000
2026-09-16,11:02:37.000,50.4173874,-5.0717543,38.0,0.000
2026-09-16,11:02:42.000,50.4173874,-5.0717543,38.0,0.000
2026-09-16,11:02:47.000,50.4173874,-5.0717543,37.8,0.000
2026-09-16,11:02:52.000,50.4173874,-5.0717543,37.6,0.000
2026-09-16,11:02:57.000,50.4173876,-5.0717546,37.4,0.000
2026-09-16,11:03:02.000,50.4173876,-5.0717546,37.6,0.000
2026-09-16,11:03:07.000,50.4173876,-5.0717546,37.8,0.000
2026-09-16,11:07:40.000,50.4174042,-5.0717889,35.8,0.000
2026-09-16,11:07:45.000,50.4174042,-5.0717889,36.0,0.000
2026-09-16,11:07:50.000,50.4174042,-5.0717889,36.0,0.000
2026-09-16,11:07:55.000,50.4174042,-5.0717889,35.8,0.000
2026-09-16,11:08:00.000,50.4174042,-5.0717889,35.8,0.000
2026-09-16,11:08:05.000,50.4174042,-5.0717889,36.2,0.000
2026-09-16,11:08:10.000,50.4174042,-5.0717889,36.0,0.000
2026-09-16,11:08:15.000,50.4174042,-5.0717889,35.8,0.000
2026-09-16,11:08:20.000,50.4174042,-5.0717889,36.2,0.000
2026-09-16,11:08:25.000,50.4174042,-5.0717889,36.0,0.000
2026-09-16,11:08:30.000,50.4174042,-5.0717889,36.2,0.000
2026-09-16,11:08:35.000,50.4174042,-5.0717889,36.2,0.000
2026-09-16,11:08:40.000,50.4174042,-5.0717889,36.4,0.000
2026-09-16,11:08:45.000,50.4174042,-5.0717889,36.4,0.000
2026-09-16,11:08:50.000,50.4174042,-5.0717889,36.0,0.000
2026-09-16,11:08:55.000,50.4173955,-5.0717672,37.0,0.000
2026-09-16,11:09:00.000,50.4173910,-5.0717585,37.2,0.000
2026-09-16,11:09:05.000,50.4173930,-5.0717500,37.0,0.000
2026-09-16,11:09:10.000,50.4174061,-5.0717597,36.4,0.000
2026-09-16,11:09:15.000,50.4174406,-5.0717264,36.2,0.000
2026-09-16,11:09:20.000,50.4174992,-5.0717130,36.8,0.317
2026-09-16,11:09:25.000,50.4175450,-5.0717159,37.4,1.176
2026-09-16,11:09:30.000,50.4175974,-5.0717175,37.8,1.241
2026-09-16,11:09:35.000,50.4176441,-5.0717111,37.6,1.194
2026-09-16,11:09:40.000,50.4176921,-5.0717086,37.8,1.166
2026-09-16,11:09:45.000,50.4177191,-5.0716901,38.2,1.120
2026-09-16,11:09:50.000,50.4177520,-5.0716234,38.8,1.092
2026-09-16,11:09:55.000,50.4177806,-5.0715570,38.0,1.120
2026-09-16,11:10:00.000,50.4177776,-5.0714805,38.4,1.138
2026-09-16,11:10:05.000,50.4177828,-5.0714140,38.2,1.157
2026-09-16,11:10:10.000,50.4177807,-5.0713711,38.8,1.054
2026-09-16,11:10:15.000,50.4178249,-5.0714075,36.6,1.045
2026-09-16,11:10:20.000,50.4178315,-5.0714541,37.8,0.877
2026-09-16,11:10:25.000,50.4177920,-5.0715232,38.6,1.334
2026-09-16,11:10:30.000,50.4177645,-5.0715931,38.6,1.288
2026-09-16,11:10:35.000,50.4177320,-5.0716719,38.8,1.316
2026-09-16,11:10:40.000,50.4177913,-5.0717122,38.4,1.362
2026-09-16,11:10:45.000,50.4178542,-5.0717136,39.0,1.353
2026-09-16,11:10:50.000,50.4179123,-5.0717193,39.0,1.344
2026-09-16,11:10:55.000,50.4179657,-5.0717198,39.0,1.334
2026-09-16,11:11:00.000,50.4180293,-5.0717188,39.4,1.334
2026-09-16,11:11:05.000,50.4180810,-5.0717247,39.0,1.306
2026-09-16,11:11:10.000,50.4181496,-5.0717341,39.4,1.334
2026-09-16,11:11:15.000,50.4182139,-5.0717322,39.2,1.353
2026-09-16,11:11:20.000,50.4182357,-5.0717234,39.4,1.250
2026-09-16,11:11:25.000,50.4182537,-5.0717361,39.0,0.000
2026-09-16,11:11:30.000,50.4182991,-5.0717502,38.8,0.000
2026-09-16,11:11:35.000,50.4183442,-5.0717628,39.2,0.970
2026-09-16,11:11:40.000,50.4183593,-5.0717214,39.4,0.812
2026-09-16,11:11:45.000,50.4184032,-5.0716518,39.6,1.064
2026-09-16,11:11:50.000,50.4184464,-5.0716018,40.6,1.232
2026-09-16,11:11:55.000,50.4185107,-5.0715538,40.6,1.278
2026-09-16,11:12:00.000,50.4185669,-5.0715098,41.4,1.381
2026-09-16,11:12:05.000,50.4186127,-5.0714654,42.2,1.297
2026-09-16,11:12:10.000,50.4186705,-5.0714582,42.4,1.316
2026-09-16,11:12:15.000,50.4187256,-5.0714276,41.8,1.316
2026-09-16,11:12:20.000,50.4187706,-5.0713698,40.6,1.325
2026-09-16,11:12:25.000,50.4188046,-5.0713063,40.6,1.316
2026-09-16,11:12:30.000,50.4188463,-5.0712478,40.6,1.306
2026-09-16,11:12:35.000,50.4188869,-5.0711908,40.2,1.306
2026-09-16,11:12:40.000,50.4189288,-5.0711193,40.4,1.306
2026-09-16,11:12:45.000,50.4189659,-5.0710558,40.2,1.306
2026-09-16,11:12:50.000,50.4190081,-5.0709953,38.8,1.297
2026-09-16,11:12:55.000,50.4190487,-5.0709078,38.4,1.325
2026-09-16,11:13:00.000,50.4190930,-5.0708539,36.6,1.325
2026-09-16,11:13:05.000,50.4191352,-5.0707967,37.4,1.325
2026-09-16,11:13:10.000,50.4191825,-5.0707025,39.8,1.362
2026-09-16,11:13:15.000,50.4192355,-5.0706387,38.8,1.362
2026-09-16,11:13:20.000,50.4192789,-5.0705803,39.4,1.381
2026-09-16,11:13:25.000,50.4193228,-5.0705029,40.0,1.390
2026-09-16,11:13:30.000,50.4193557,-5.0704289,39.0,1.400
2026-09-16,11:13:35.000,50.4194045,-5.0703466,39.2,1.418
2026-09-16,11:13:40.000,50.4194380,-5.0702634,38.6,1.400
2026-09-16,11:13:45.000,50.4194843,-5.0701799,38.8,1.418
2026-09-16,11:13:50.000,50.4195448,-5.0701158,39.2,1.446
2026-09-16,11:13:55.000,50.4195823,-5.0700494,39.0,1.446
2026-09-16,11:14:00.000,50.4196271,-5.0699735,39.0,1.446
2026-09-16,11:14:05.000,50.4196702,-5.0698831,40.2,1.474
2026-09-16,11:14:10.000,50.4197106,-5.0698075,40.8,1.446
2026-09-16,11:14:15.000,50.4197420,-5.0697211,40.8,1.474
2026-09-16,11:14:20.000,50.4197720,-5.0696396,41.0,1.465
2026-09-16,11:14:25.000,50.4198131,-5.0695542,40.6,1.484
2026-09-16,11:14:30.000,50.4198535,-5.0694772,40.2,1.493
2026-09-16,11:14:35.000,50.4198890,-5.0693931,40.6,1.474
2026-09-16,11:14:40.000,50.4199017,-5.0692683,41.0,1.549
2026-09-16,11:14:45.000,50.4199097,-5.0691667,42.2,1.549
2026-09-16,11:14:50.000,50.4199083,-5.0690546,42.0,1.558
2026-09-16,11:14:55.000,50.4199331,-5.0689665,41.0,1.549
2026-09-16,11:15:00.000,50.4199585,-5.0688760,41.0,1.512
2026-09-16,11:15:05.000,50.4199878,-5.0687829,41.0,1.521
2026-09-16,11:15:10.000,50.4200108,-5.0686901,41.0,1.493
2026-09-16,11:15:15.000,50.4200382,-5.0685928,41.0,1.502
2026-09-16,11:15:20.000,50.4200684,-5.0684850,40.6,1.530
2026-09-16,11:15:25.000,50.4200921,-5.0684005,40.4,1.530
2026-09-16,11:15:30.000,50.4201209,-5.0683148,40.6,1.474
2026-09-16,11:15:35.000,50.4201556,-5.0682130,40.4,1.502
2026-09-16,11:15:40.000,50.4201770,-5.0681188,41.0,1.502
2026-09-16,11:15:45.000,50.4202106,-5.0680349,40.6,1.474
2026-09-16,11:15:50.000,50.4202361,-5.0679396,40.2,1.484
2026-09-16,11:15:55.000,50.4202666,-5.0678536,41.2,1.484
2026-09-16,11:16:00.000,50.4203003,-5.0677583,40.8,1.484
2026-09-16,11:16:05.000,50.4203347,-5.0676781,41.4,1.465
2026-09-16,11:16:10.000,50.4203760,-5.0675857,41.2,1.474
2026-09-16,11:16:15.000,50.4204088,-5.0675066,41.0,1.456
2026-09-16,11:16:20.000,50.4204375,-5.0674211,42.0,1.446
2026-09-16,11:16:25.000,50.4204759,-5.0673332,42.0,1.437
2026-09-16,11:16:30.000,50.4205090,-5.0672594,42.4,1.418
2026-09-16,11:16:35.000,50.4205531,-5.0671829,41.4,1.428
2026-09-16,11:16:40.000,50.4206023,-5.0671232,41.4,1.418
2026-09-16,11:16:45.000,50.4206574,-5.0670709,41.8,1.428
2026-09-16,11:16:50.000,50.4207229,-5.0670226,40.8,1.437
2026-09-16,11:16:55.000,50.4207714,-5.0669600,40.2,1.446
2026-09-16,11:17:00.000,50.4208323,-5.0668992,39.8,1.456
2026-09-16,11:17:05.000,50.4208815,-5.0668434,40.6,1.456
2026-09-16,11:17:10.000,50.4209314,-5.0667789,38.4,1.437
2026-09-16,11:17:15.000,50.4209783,-5.0667021,36.6,1.456
2026-09-16,11:17:20.000,50.4210248,-5.0666222,35.6,1.465
2026-09-16,11:17:25.000,50.4210648,-5.0665447,35.2,1.456
2026-09-16,11:17:30.000,50.4211134,-5.0664598,35.0,1.474
2026-09-16,11:17:35.000,50.4211488,-5.0663809,35.2,1.465
2026-09-16,11:17:40.000,50.4211758,-5.0662975,35.8,1.456
2026-09-16,11:17:45.000,50.4211780,-5.0662771,35.2,1.409
2026-09-16,11:17:50.000,50.4211780,-5.0662771,35.2,0.000
2026-09-16,11:17:55.000,50.4211780,-5.0662771,35.4,0.000
2026-09-16,11:18:00.000,50.4211780,-5.0662771,35.6,0.000
2026-09-16,11:18:05.000,50.4211756,-5.0662749,35.8,0.000
2026-09-16,11:18:10.000,50.4211785,-5.0662558,35.6,0.000
2026-09-16,11:18:15.000,50.4211781,-5.0662493,35.2,0.000
2026-09-16,11:18:20.000,50.4211781,-5.0662493,36.0,0.000
2026-09-16,11:18:25.000,50.4211781,-5.0662493,35.4,0.000
2026-09-16,11:18:30.000,50.4211781,-5.0662493,36.0,0.000
2026-09-16,11:18:35.000,50.4211972,-5.0662338,35.8,0.000
2026-09-16,11:18:40.000,50.4212212,-5.0661330,35.6,1.577
2026-09-16,11:18:45.000,50.4212403,-5.0660369,35.8,1.708
2026-09-16,11:18:50.000,50.4212483,-5.0659310,36.4,1.521
2026-09-16,11:18:55.000,50.4212544,-5.0658335,36.4,1.474
2026-09-16,11:19:00.000,50.4212593,-5.0657340,36.4,1.465
2026-09-16,11:19:05.000,50.4212611,-5.0656237,37.2,1.530
2026-09-16,11:19:10.000,50.4212633,-5.0655236,37.2,1.521
2026-09-16,11:19:15.000,50.4212598,-5.0654035,38.0,1.558
2026-09-16,11:19:20.000,50.4212513,-5.0653083,38.0,1.540
2026-09-16,11:19:25.000,50.4212534,-5.0652150,38.0,1.484
2026-09-16,11:19:30.000,50.4212469,-5.0651135,38.4,1.512
2026-09-16,11:19:35.000,50.4212381,-5.0650221,39.0,1.456
2026-09-16,11:19:40.000,50.4212338,-5.0649027,39.6,1.484
2026-09-16,11:19:45.000,50.4212363,-5.0647865,39.4,1.493
2026-09-16,11:19:50.000,50.4212400,-5.0646901,39.2,1.493
2026-09-16,11:19:55.000,50.4212480,-5.0645954,38.6,1.465
2026-09-16,11:20:00.000,50.4212622,-5.0645033,38.8,1.446
2026-09-16,11:20:05.000,50.4212798,-5.0644765,39.0,1.362
2026-09-16,11:20:10.000,50.4212798,-5.0644764,39.4,0.000
2026-09-16,11:20:15.000,50.4212798,-5.0644764,39.4,0.000
2026-09-16,11:20:20.000,50.4212798,-5.0644764,39.0,0.000
2026-09-16,11:20:25.000,50.4212794,-5.0644150,38.8,0.000
2026-09-16,11:20:30.000,50.4212810,-5.0643379,38.8,0.000
2026-09-16,11:20:35.000,50.4212712,-5.0642583,39.0,1.166
2026-09-16,11:20:40.000,50.4212946,-5.0641591,38.2,1.493
2026-09-16,11:20:45.000,50.4213407,-5.0640887,38.2,1.446
2026-09-16,11:20:50.000,50.4213778,-5.0639945,37.8,1.493
2026-09-16,11:20:55.000,50.4214116,-5.0639105,37.8,1.465
2026-09-16,11:21:00.000,50.4214671,-5.0638767,38.0,1.409
2026-09-16,11:21:05.000,50.4215123,-5.0638380,37.0,1.316
2026-09-16,11:21:10.000,50.4215759,-5.0637970,36.6,1.353
2026-09-16,11:21:15.000,50.4216335,-5.0637499,36.0,1.362
2026-09-16,11:21:20.000,50.4216933,-5.0637188,35.8,1.390
2026-09-16,11:21:25.000,50.4217476,-5.0636739,35.6,1.381
2026-09-16,11:21:30.000,50.4218112,-5.0636249,35.4,1.400
2026-09-16,11:21:35.000,50.4218670,-5.0635759,35.0,1.418
2026-09-16,11:21:40.000,50.4219313,-5.0635549,33.8,1.409
2026-09-16,11:21:45.000,50.4220019,-5.0635069,34.8,1.418
2026-09-16,11:21:50.000,50.4220724,-5.0634650,36.0,1.484
2026-09-16,11:21:55.000,50.4221382,-5.0634268,34.4,1.558
2026-09-16,11:22:00.000,50.4221991,-5.0633772,32.8,1.549
2026-09-16,11:22:05.000,50.4222605,-5.0633296,32.8,1.512
2026-09-16,11:22:10.000,50.4223230,-5.0632815,32.4,1.549
2026-09-16,11:22:15.000,50.4223807,-5.0632405,32.2,1.530
2026-09-16,11:22:20.000,50.4224371,-5.0631889,31.8,1.530
2026-09-16,11:22:25.000,50.4224890,-5.0631270,31.4,1.521
2026-09-16,11:22:30.000,50.4225421,-5.0630750,30.8,1.493
2026-09-16,11:22:35.000,50.4225915,-5.0630035,30.8,1.502
2026-09-16,11:22:40.000,50.4226447,-5.0629255,30.8,1.502
2026-09-16,11:22:45.000,50.4227042,-5.0628391,29.8,1.549
2026-09-16,11:22:50.000,50.4227550,-5.0627610,30.0,1.549
2026-09-16,11:22:55.000,50.4228005,-5.0626875,29.8,1.558
2026-09-16,11:23:00.000,50.4228495,-5.0626156,29.4,1.540
2026-09-16,11:23:05.000,50.4229032,-5.0625309,29.6,1.558
2026-09-16,11:23:10.000,50.4229440,-5.0624428,29.4,1.568
2026-09-16,11:23:15.000,50.4229907,-5.0623801,29.6,1.540
2026-09-16,11:23:20.000,50.4230427,-5.0622837,30.0,1.568
2026-09-16,11:23:25.000,50.4230756,-5.0622124,29.6,1.549
2026-09-16,11:23:30.000,50.4231307,-5.0621275,29.6,1.558
2026-09-16,11:23:35.000,50.4231682,-5.0620376,29.4,1.568
2026-09-16,11:23:40.000,50.4232048,-5.0619525,29.4,1.558
2026-09-16,11:23:45.000,50.4232356,-5.0618582,29.4,1.549
2026-09-16,11:23:50.000,50.4232674,-5.0617560,29.0,1.558
2026-09-16,11:23:55.000,50.4232924,-5.0616753,28.2,1.558
2026-09-16,11:24:00.000,50.4233349,-5.0616105,28.6,1.521
2026-09-16,11:24:05.000,50.4233826,-5.0615370,28.2,1.512
2026-09-16,11:24:10.000,50.4234213,-5.0614775,27.8,1.474
2026-09-16,11:24:15.000,50.4234550,-5.0613884,26.4,1.456
2026-09-16,11:24:20.000,50.4234936,-5.0613052,26.8,1.456
2026-09-16,11:24:25.000,50.4235142,-5.0611953,26.4,1.502
2026-09-16,11:24:30.000,50.4235238,-5.0610967,26.2,1.484
2026-09-16,11:24:35.000,50.4235291,-5.0609879,25.8,1.484
2026-09-16,11:24:40.000,50.4235326,-5.0608793,25.8,1.502
2026-09-16,11:24:45.000,50.4235400,-5.0607860,25.8,1.484
2026-09-16,11:24:50.000,50.4235467,-5.0606786,25.8,1.474
2026-09-16,11:24:55.000,50.4235447,-5.0605698,25.2,1.474
2026-09-16,11:25:00.000,50.4235272,-5.0604956,25.2,1.418
2026-09-16,11:25:05.000,50.4235384,-5.0604171,25.4,1.353
2026-09-16,11:25:10.000,50.4235592,-5.0603330,25.0,1.353
2026-09-16,11:25:15.000,50.4235967,-5.0602836,25.4,1.353
2026-09-16,11:25:20.000,50.4235925,-5.0602808,25.0,0.000
2026-09-16,11:25:25.000,50.4235925,-5.0602808,25.0,0.000
2026-09-16,11:25:30.000,50.4235925,-5.0602808,25.0,0.000
2026-09-16,11:25:35.000,50.4235925,-5.0602808,25.2,0.000
2026-09-16,11:25:40.000,50.4236103,-5.0603036,25.0,0.000
2026-09-16,11:25:45.000,50.4236487,-5.0603133,24.4,0.000
2026-09-16,11:25:50.000,50.4236166,-5.0603024,24.6,0.299
2026-09-16,11:25:55.000,50.4235960,-5.0602384,25.0,0.224
2026-09-16,11:26:00.000,50.4236204,-5.0601410,24.8,1.418
2026-09-16,11:26:05.000,50.4236359,-5.0600447,24.6,1.418
2026-09-16,11:26:10.000,50.4236539,-5.0599637,24.6,1.409
2026-09-16,11:26:15.000,50.4236671,-5.0598748,24.0,1.381
2026-09-16,11:26:20.000,50.4236916,-5.0597971,22.8,1.344
2026-09-16,11:26:25.000,50.4237161,-5.0597086,22.4,1.344
2026-09-16,11:26:30.000,50.4237400,-5.0596333,21.6,1.325
2026-09-16,11:26:35.000,50.4237593,-5.0595632,20.8,1.278
2026-09-16,11:26:40.000,50.4237960,-5.0594796,20.0,1.269
2026-09-16,11:26:45.000,50.4238353,-5.0594188,18.6,1.297
2026-09-16,11:26:50.000,50.4238652,-5.0593538,17.4,1.278
2026-09-16,11:26:55.000,50.4238771,-5.0593095,17.0,1.232
2026-09-16,11:27:00.000,50.4238965,-5.0592774,16.0,0.830
2026-09-16,11:27:05.000,50.4239046,-5.0591822,15.0,1.166
2026-09-16,11:27:10.000,50.4239053,-5.0590988,15.2,1.176
2026-09-16,11:27:15.000,50.4239159,-5.0590484,15.2,0.905
2026-09-16,11:27:20.000,50.4239394,-5.0589580,14.6,1.185
2026-09-16,11:27:25.000,50.4239472,-5.0588629,13.6,1.344
2026-09-16,11:27:30.000,50.4239469,-5.0587653,13.0,1.316
2026-09-16,11:27:35.000,50.4239472,-5.0586843,11.8,1.316
2026-09-16,11:27:40.000,50.4239501,-5.0585497,11.2,1.390
2026-09-16,11:27:45.000,50.4239560,-5.0584253,11.4,1.465
2026-09-16,11:27:50.000,50.4239588,-5.0583276,11.4,1.390
2026-09-16,11:27:55.000,50.4239451,-5.0582165,11.4,1.493
2026-09-16,11:28:00.000,50.4239294,-5.0581341,11.0,1.381
2026-09-16,11:28:05.000,50.4239000,-5.0580461,10.0,1.353
2026-09-16,11:28:10.000,50.4238820,-5.0579378,10.6,1.428
2026-09-16,11:28:15.000,50.4238533,-5.0578476,10.8,1.474
2026-09-16,11:28:20.000,50.4238241,-5.0577512,10.2,1.474
2026-09-16,11:28:25.000,50.4237838,-5.0576732,10.0,1.456
2026-09-16,11:28:30.000,50.4237535,-5.0575895,9.2,1.446
2026-09-16,11:28:35.000,50.4237159,-5.0575090,8.6,1.437
2026-09-16,11:28:40.000,50.4236787,-5.0574293,7.8,1.428
2026-09-16,11:28:45.000,50.4236428,-5.0573397,6.6,1.437
2026-09-16,11:28:50.000,50.4236039,-5.0572644,5.6,1.437
2026-09-16,11:28:55.000,50.4235692,-5.0571794,5.8,1.428
2026-09-16,11:29:00.000,50.4235590,-5.0570820,6.0,1.418
2026-09-16,11:29:05.000,50.4235501,-5.0570062,6.2,1.390
2026-09-16,11:29:10.000,50.4235592,-5.0569206,6.8,1.353
2026-09-16,11:29:15.000,50.4236105,-5.0568560,6.8,1.362
2026-09-16,11:29:20.000,50.4236615,-5.0568134,7.0,1.344
2026-09-16,11:29:25.000,50.4237216,-5.0567773,7.0,1.390
2026-09-16,11:29:30.000,50.4237817,-5.0567482,7.2,1.344
2026-09-16,11:29:35.000,50.4238010,-5.0567066,6.8,1.278
2026-09-16,11:29:40.000,50.4238420,-5.0566454,6.6,1.157
2026-09-16,11:29:45.000,50.4238973,-5.0566074,6.4,1.204
2026-09-16,11:29:50.000,50.4239355,-5.0565734,6.2,1.176
2026-09-16,11:29:55.000,50.4239787,-5.0565262,6.2,1.120
2026-09-16,11:30:00.000,50.4240248,-5.0564712,6.2,1.148
2026-09-16,11:30:05.000,50.4240538,-5.0564440,6.2,1.101
2026-09-16,11:30:10.000,50.4240889,-5.0564061,5.6,1.045
2026-09-16,11:30:15.000,50.4241342,-5.0563282,6.6,1.082
2026-09-16,11:30:20.000,50.4241821,-5.0562750,6.4,1.194
2026-09-16,11:30:25.000,50.4242236,-5.0562240,6.0,1.213
2026-09-16,11:30:30.000,50.4242686,-5.0561734,6.2,1.204
2026-09-16,11:30:35.000,50.4242917,-5.0561022,6.4,1.185
2026-09-16,11:30:40.000,50.4243149,-5.0560205,5.8,1.194
2026-09-16,11:30:45.000,50.4243389,-5.0559580,5.6,1.176
2026-09-16,11:30:50.000,50.4243650,-5.0558732,6.0,1.176
2026-09-16,11:30:55.000,50.4243971,-5.0557974,6.0,1.194
2026-09-16,11:31:00.000,50.4244184,-5.0557234,6.2,1.194
2026-09-16,11:31:05.000,50.4244430,-5.0556498,7.2,1.194
2026-09-16,11:31:10.000,50.4244683,-5.0555892,7.0,1.166
2026-09-16,11:31:15.000,50.4245029,-5.0555243,6.8,1.157
2026-09-16,11:31:20.000,50.4245471,-5.0554717,6.6,1.157
2026-09-16,11:31:25.000,50.4245990,-5.0554478,5.8,1.204
2026-09-16,11:31:30.000,50.4246522,-5.0553954,6.0,1.213
2026-09-16,11:31:35.000,50.4246937,-5.0553476,6.0,1.176
2026-09-16,11:31:40.000,50.4247389,-5.0552960,5.8,1.204
2026-09-16,11:31:45.000,50.4247879,-5.0552447,5.6,1.222
2026-09-16,11:31:50.000,50.4248316,-5.0552116,5.4,1.213
2026-09-16,11:31:55.000,50.4248567,-5.0551661,5.4,1.129
2026-09-16,11:32:00.000,50.4249061,-5.0551116,5.4,1.148
2026-09-16,11:32:05.000,50.4249521,-5.0550627,5.6,1.222
2026-09-16,11:32:10.000,50.4249917,-5.0550075,5.2,1.194
2026-09-16,11:32:15.000,50.4250367,-5.0549531,5.6,1.213
2026-09-16,11:32:20.000,50.4250763,-5.0549010,5.0,1.204
2026-09-16,11:32:25.000,50.4251204,-5.0548408,5.2,1.222
2026-09-16,11:32:30.000,50.4251587,-5.0547687,5.0,1.222
2026-09-16,11:32:35.000,50.4251845,-5.0547020,5.4,1.222
2026-09-16,11:32:40.000,50.4252182,-5.0546307,5.0,1.222
2026-09-16,11:32:45.000,50.4252390,-5.0545737,5.0,1.204
2026-09-16,11:32:50.000,50.4252578,-5.0545229,4.8,1.157
2026-09-16,11:32:55.000,50.4252872,-5.0544511,4.6,1.138
2026-09-16,11:33:00.000,50.4253178,-5.0543607,4.8,1.185
2026-09-16,11:33:05.000,50.4253467,-5.0542965,4.4,1.176
2026-09-16,11:33:10.000,50.4253796,-5.0542056,4.8,1.232
2026-09-16,11:33:15.000,50.4254118,-5.0541294,5.0,1.222
2026-09-16,11:33:20.000,50.4254291,-5.0540483,5.0,1.232
2026-09-16,11:33:25.000,50.4254493,-5.0539794,5.0,1.204
2026-09-16,11:33:30.000,50.4254644,-5.0539161,4.4,1.204
2026-09-16,11:33:35.000,50.4254759,-5.0538424,4.4,1.166
2026-09-16,11:33:40.000,50.4254869,-5.0537627,4.6,1.148
2026-09-16,11:33:45.000,50.4255105,-5.0537015,5.0,1.110
2026-09-16,11:33:50.000,50.4255828,-5.0537177,5.4,1.148
2026-09-16,11:33:55.000,50.4256423,-5.0537608,5.2,1.176
2026-09-16,11:34:00.000,50.4256856,-5.0538073,5.2,1.204
2026-09-16,11:34:05.000,50.4257241,-5.0538589,4.2,1.204
2026-09-16,11:34:10.000,50.4257649,-5.0539347,4.2,1.222
2026-09-16,11:34:15.000,50.4258068,-5.0540118,4.6,1.241
2026-09-16,11:34:20.000,50.4258446,-5.0540920,4.6,1.269
2026-09-16,11:34:25.000,50.4258770,-5.0541719,5.6,1.278
2026-09-16,11:34:30.000,50.4259119,-5.0542523,5.8,1.325
2026-09-16,11:34:35.000,50.4259536,-5.0543387,5.6,1.409
2026-09-16,11:34:40.000,50.4259951,-5.0544150,5.6,1.418
2026-09-16,11:34:45.000,50.4260300,-5.0545026,5.2,1.418
2026-09-16,11:34:50.000,50.4260571,-5.0545977,5.8,1.456
2026-09-16,11:34:55.000,50.4260719,-5.0546929,6.2,1.437
2026-09-16,11:35:00.000,50.4260834,-5.0547846,6.2,1.437
2026-09-16,11:35:05.000,50.4260922,-5.0548712,6.0,1.409
2026-09-16,11:35:10.000,50.4260951,-5.0549600,6.0,1.390
2026-09-16,11:35:15.000,50.4261038,-5.0550526,6.2,1.381
2026-09-16,11:35:20.000,50.4261161,-5.0551427,6.6,1.372
2026-09-16,11:35:25.000,50.4261261,-5.0552290,7.4,1.353
2026-09-16,11:35:30.000,50.4261357,-5.0553473,7.6,1.362
2026-09-16,11:35:35.000,50.4261458,-5.0554145,8.6,1.325
2026-09-16,11:35:40.000,50.4261551,-5.0554768,8.8,1.278
2026-09-16,11:35:45.000,50.4261624,-5.0555171,10.0,1.120
2026-09-16,11:35:50.000,50.4261709,-5.0555856,10.6,1.110
2026-09-16,11:35:55.000,50.4261937,-5.0556659,11.2,1.110
2026-09-16,11:36:00.000,50.4262252,-5.0557329,11.4,1.185
2026-09-16,11:36:05.000,50.4262703,-5.0558021,12.4,1.250
2026-09-16,11:36:10.000,50.4263123,-5.0558588,13.0,1.250
2026-09-16,11:36:15.000,50.4263472,-5.0559101,13.0,1.222
2026-09-16,11:36:20.000,50.4263839,-5.0559553,12.2,1.194
2026-09-16,11:36:25.000,50.4264077,-5.0560359,13.4,1.138
2026-09-16,11:36:30.000,50.4264109,-5.0561261,13.4,1.185
2026-09-16,11:36:35.000,50.4263996,-5.0562156,13.4,1.260
2026-09-16,11:36:40.000,50.4263880,-5.0562983,13.2,1.222
2026-09-16,11:36:45.000,50.4263665,-5.0564025,13.0,1.297
2026-09-16,11:36:50.000,50.4263436,-5.0564956,13.0,1.306
2026-09-16,11:36:55.000,50.4263110,-5.0565842,12.8,1.325
2026-09-16,11:37:00.000,50.4262644,-5.0566495,12.6,1.334
2026-09-16,11:37:05.000,50.4262209,-5.0567181,12.8,1.344
2026-09-16,11:37:10.000,50.4261849,-5.0567851,12.6,1.344
2026-09-16,11:37:15.000,50.4261513,-5.0568664,12.8,1.353
2026-09-16,11:37:20.000,50.4261190,-5.0569480,12.6,1.344
2026-09-16,11:37:25.000,50.4260813,-5.0570355,12.6,1.372
2026-09-16,11:37:30.000,50.4260395,-5.0571209,12.4,1.390
2026-09-16,11:37:35.000,50.4260071,-5.0572019,12.0,1.390
2026-09-16,11:37:40.000,50.4259733,-5.0572685,11.6,1.362
2026-09-16,11:37:45.000,50.4259383,-5.0573522,11.4,1.362
2026-09-16,11:37:50.000,50.4259089,-5.0574359,11.0,1.344
2026-09-16,11:37:55.000,50.4258892,-5.0575284,10.8,1.362
2026-09-16,11:38:00.000,50.4258821,-5.0576215,11.0,1.353
2026-09-16,11:38:05.000,50.4258811,-5.0577077,11.4,1.344
2026-09-16,11:38:10.000,50.4258834,-5.0578079,11.2,1.344
2026-09-16,11:38:15.000,50.4258871,-5.0578998,11.4,1.325
2026-09-16,11:38:20.000,50.4258962,-5.0579983,11.2,1.334
2026-09-16,11:38:25.000,50.4259014,-5.0580862,11.6,1.344
2026-09-16,11:38:30.000,50.4259130,-5.0581669,11.0,1.325
2026-09-16,11:38:35.000,50.4259278,-5.0582626,11.2,1.325
2026-09-16,11:38:40.000,50.4259443,-5.0583657,11.4,1.334
2026-09-16,11:38:45.000,50.4259650,-5.0584667,12.4,1.353
2026-09-16,11:38:50.000,50.4259970,-5.0585615,12.8,1.372
2026-09-16,11:38:55.000,50.4260175,-5.0586333,13.0,1.344
2026-09-16,11:39:00.000,50.4260562,-5.0587031,13.0,1.334
2026-09-16,11:39:05.000,50.4260824,-5.0587916,13.2,1.316
2026-09-16,11:39:10.000,50.4260965,-5.0588977,13.4,1.344
2026-09-16,11:39:15.000,50.4261084,-5.0589837,13.2,1.334
2026-09-16,11:39:20.000,50.4261238,-5.0590837,13.0,1.353
2026-09-16,11:39:25.000,50.4261387,-5.0591830,13.0,1.362
2026-09-16,11:39:30.000,50.4261561,-5.0592727,13.0,1.362
2026-09-16,11:39:35.000,50.4261917,-5.0593487,13.2,1.334
2026-09-16,11:39:40.000,50.4262380,-5.0594214,13.6,1.362
2026-09-16,11:39:45.000,50.4262858,-5.0594874,13.8,1.362
2026-09-16,11:39:50.000,50.4263228,-5.0595425,14.2,1.297
2026-09-16,11:39:55.000,50.4263511,-5.0596080,15.2,1.260
2026-09-16,11:40:00.000,50.4263859,-5.0596928,15.4,1.288
2026-09-16,11:40:05.000,50.4264289,-5.0597652,15.6,1.334
2026-09-16,11:40:10.000,50.4264664,-5.0598359,15.2,1.316
2026-09-16,11:40:15.000,50.4264797,-5.0599265,15.4,1.325
2026-09-16,11:40:20.000,50.4264778,-5.0600168,15.0,1.316
2026-09-16,11:40:25.000,50.4264712,-5.0601077,13.8,1.306
2026-09-16,11:40:30.000,50.4264745,-5.0602023,12.8,1.306
2026-09-16,11:40:35.000,50.4264714,-5.0602905,12.4,1.306
2026-09-16,11:40:40.000,50.4264621,-5.0603695,12.2,1.306
2026-09-16,11:40:45.000,50.4264515,-5.0604782,12.4,1.306
2026-09-16,11:40:50.000,50.4264609,-5.0605750,11.8,1.325
2026-09-16,11:40:55.000,50.4265208,-5.0605794,11.8,1.325
2026-09-16,11:41:00.000,50.4265656,-5.0606182,12.2,1.334
2026-09-16,11:41:05.000,50.4265654,-5.0606377,12.4,1.129
2026-09-16,11:41:10.000,50.4265560,-5.0606496,12.6,0.000
2026-09-16,11:41:15.000,50.4265532,-5.0606501,11.8,0.000
2026-09-16,11:41:20.000,50.4265532,-5.0606501,11.8,0.000
2026-09-16,11:41:25.000,50.4265697,-5.0606596,11.8,0.000
2026-09-16,11:41:30.000,50.4265749,-5.0606964,12.4,0.000
2026-09-16,11:41:35.000,50.4265757,-5.0607013,12.0,0.000
2026-09-16,11:41:40.000,50.4265751,-5.0607919,12.0,1.194
2026-09-16,11:41:45.000,50.4265765,-5.0608564,12.0,0.952
2026-09-16,11:41:50.000,50.4265739,-5.0609173,13.4,0.896
2026-09-16,11:41:55.000,50.4265713,-5.0609878,15.0,1.036
2026-09-16,11:42:00.000,50.4265766,-5.0610311,14.8,1.064
2026-09-16,11:42:05.000,50.4265406,-5.0610249,14.4,0.886
2026-09-16,11:42:10.000,50.4265173,-5.0610119,14.6,0.681
2026-09-16,11:42:15.000,50.4265254,-5.0610076,13.8,0.662
2026-09-16,11:42:20.000,50.4265563,-5.0610241,14.8,0.728
2026-09-16,11:42:25.000,50.4266116,-5.0610521,14.4,1.073
2026-09-16,11:42:30.000,50.4266640,-5.0610649,14.4,1.213
2026-09-16,11:42:35.000,50.4267033,-5.0610717,14.2,1.166
2026-09-16,11:42:40.000,50.4267519,-5.0611005,14.0,1.082
2026-09-16,11:42:45.000,50.4267722,-5.0611142,15.6,1.026
2026-09-16,11:42:50.000,50.4267801,-5.0611129,14.8,0.942
2026-09-16,11:42:55.000,50.4267790,-5.0611162,15.4,0.000
2026-09-16,11:43:00.000,50.4267790,-5.0611162,15.6,0.000
2026-09-16,11:43:05.000,50.4267790,-5.0611162,15.8,0.000
2026-09-16,11:43:10.000,50.4267790,-5.0611162,15.8,0.000
2026-09-16,11:43:15.000,50.4267790,-5.0611162,16.0,0.000
2026-09-16,11:43:20.000,50.4267790,-5.0611162,16.2,0.000
2026-09-16,11:43:25.000,50.4267790,-5.0611162,16.0,0.000
2026-09-16,11:43:30.000,50.4267754,-5.0611150,15.4,0.000
2026-09-16,11:43:35.000,50.4267324,-5.0610886,15.2,0.364
2026-09-16,11:43:40.000,50.4266725,-5.0610759,15.2,1.316
2026-09-16,11:43:45.000,50.4266124,-5.0610672,14.4,1.278
2026-09-16,11:43:50.000,50.4265706,-5.0610030,14.4,1.288
2026-09-16,11:43:55.000,50.4265638,-5.0609475,14.6,1.129
2026-09-16,11:44:00.000,50.4265697,-5.0609005,14.2,0.942
2026-09-16,11:44:05.000,50.4265716,-5.0608499,13.2,0.877
2026-09-16,11:44:10.000,50.4265739,-5.0607823,11.8,1.064
2026-09-16,11:44:15.000,50.4265774,-5.0607395,11.8,0.000
2026-09-16,11:44:20.000,50.4265760,-5.0606991,12.0,0.000
2026-09-16,11:44:25.000,50.4265702,-5.0606361,12.0,0.000
2026-09-16,11:44:30.000,50.4265773,-5.0605958,12.6,0.737
2026-09-16,11:44:35.000,50.4266110,-5.0605694,13.6,0.877
2026-09-16,11:44:40.000,50.4266419,-5.0605429,14.6,0.886
2026-09-16,11:44:45.000,50.4266733,-5.0605048,15.4,0.868
2026-09-16,11:44:50.000,50.4266977,-5.0604591,16.8,0.924
2026-09-16,11:44:55.000,50.4267387,-5.0604015,17.4,1.148
2026-09-16,11:45:00.000,50.4267705,-5.0603291,17.2,1.269
2026-09-16,11:45:05.000,50.4267814,-5.0602274,17.2,1.400
2026-09-16,11:45:10.000,50.4267892,-5.0601391,16.8,1.372
2026-09-16,11:45:15.000,50.4268028,-5.0600609,17.4,1.325
2026-09-16,11:45:20.000,50.4268244,-5.0600033,17.8,1.213
2026-09-16,11:45:25.000,50.4268613,-5.0599875,17.8,0.998
2026-09-16,11:45:30.000,50.4268884,-5.0599747,17.6,0.924
2026-09-16,11:45:35.000,50.4269241,-5.0599347,17.8,0.980
2026-09-16,11:45:40.000,50.4269331,-5.0599346,18.0,0.000
2026-09-16,11:45:45.000,50.4269125,-5.0599384,18.0,0.000
2026-09-16,11:45:50.000,50.4269089,-5.0599358,19.2,0.000
2026-09-16,11:45:55.000,50.4269089,-5.0599358,18.6,0.000
2026-09-16,11:46:00.000,50.4269089,-5.0599358,18.4,0.000
2026-09-16,11:46:05.000,50.4269089,-5.0599358,18.4,0.000
2026-09-16,11:46:10.000,50.4269147,-5.0599315,18.8,0.000
2026-09-16,11:46:15.000,50.4269058,-5.0599533,18.2,0.000
2026-09-16,11:46:20.000,50.4269206,-5.0599523,17.6,0.000
2026-09-16,11:46:25.000,50.4269206,-5.0599523,17.0,0.000
2026-09-16,11:46:30.000,50.4269206,-5.0599523,17.6,0.000
2026-09-16,11:46:35.000,50.4269206,-5.0599523,17.4,0.000
2026-09-16,11:46:40.000,50.4269206,-5.0599523,17.8,0.000
2026-09-16,11:46:45.000,50.4269206,-5.0599523,18.0,0.000
2026-09-16,11:46:50.000,50.4269206,-5.0599523,17.2,0.000
2026-09-16,11:46:55.000,50.4269206,-5.0599523,17.6,0.000
2026-09-16,11:47:00.000,50.4269166,-5.0599576,17.6,0.327
2026-09-16,11:47:05.000,50.4269206,-5.0599523,17.4,0.000
2026-09-16,11:47:10.000,50.4269206,-5.0599523,16.8,0.000
2026-09-16,11:47:15.000,50.4269206,-5.0599523,17.2,0.000
2026-09-16,11:47:20.000,50.4269206,-5.0599523,17.4,0.000
2026-09-16,11:47:25.000,50.4269206,-5.0599523,17.2,0.000
2026-09-16,11:47:30.000,50.4269206,-5.0599523,17.2,0.000
2026-09-16,11:47:35.000,50.4269206,-5.0599523,17.2,0.000
2026-09-16,11:47:40.000,50.4269206,-5.0599523,17.6,0.000
2026-09-16,11:47:45.000,50.4269206,-5.0599523,17.2,0.000
2026-09-16,11:47:50.000,50.4269206,-5.0599523,17.6,0.000
2026-09-16,11:47:55.000,50.4269206,-5.0599523,17.4,0.000
2026-09-16,11:48:00.000,50.4269206,-5.0599523,17.4,0.000
2026-09-16,11:48:05.000,50.4269206,-5.0599523,17.4,0.000
2026-09-16,11:48:10.000,50.4269206,-5.0599523,17.0,0.000
2026-09-16,11:48:15.000,50.4269206,-5.0599523,17.0,0.000
2026-09-16,11:48:20.000,50.4269206,-5.0599523,17.4,0.000
2026-09-16,11:48:25.000,50.4269206,-5.0599523,17.2,0.000
2026-09-16,11:48:30.000,50.4269206,-5.0599523,16.8,0.000
2026-09-16,11:48:35.000,50.4269206,-5.0599523,17.2,0.000
2026-09-16,11:48:40.000,50.4269206,-5.0599523,17.2,0.000
2026-09-16,11:48:45.000,50.4269206,-5.0599523,17.2,0.000
2026-09-16,11:48:50.000,50.4269206,-5.0599523,17.2,0.000
2026-09-16,11:48:55.000,50.4269206,-5.0599523,17.4,0.000
2026-09-16,11:49:00.000,50.4269206,-5.0599523,17.2,0.000
2026-09-16,11:49:05.000,50.4269206,-5.0599523,17.0,0.000
2026-09-16,11:49:10.000,50.4269206,-5.0599523,17.2,0.000
2026-09-16,11:49:15.000,50.4269206,-5.0599523,17.2,0.000
2026-09-16,11:49:20.000,50.4269206,-5.0599523,17.6,0.000
2026-09-16,11:49:25.000,50.4269206,-5.0599523,17.2,0.000
2026-09-16,11:49:30.000,50.4269206,-5.0599523,17.4,0.000
2026-09-16,11:49:35.000,50.4269206,-5.0599523,17.0,0.000
2026-09-16,11:49:40.000,50.4269206,-5.0599523,16.8,0.000
2026-09-16,11:49:45.000,50.4269206,-5.0599523,17.2,0.000
2026-09-16,11:49:50.000,50.4269206,-5.0599523,17.4,0.000
2026-09-16,11:49:55.000,50.4269206,-5.0599523,17.6,0.000
2026-09-16,11:50:00.000,50.4269206,-5.0599523,17.8,0.000
2026-09-16,11:50:05.000,50.4269206,-5.0599523,17.0,0.000
2026-09-16,11:50:10.000,50.4269206,-5.0599523,17.2,0.000
2026-09-16,11:50:15.000,50.4269206,-5.0599523,17.2,0.000
2026-09-16,11:50:20.000,50.4269206,-5.0599523,16.8,0.000
2026-09-16,11:50:25.000,50.4269206,-5.0599523,17.2,0.000
2026-09-16,11:50:30.000,50.4269206,-5.0599523,17.2,0.000
2026-09-16,11:50:35.000,50.4269206,-5.0599523,17.4,0.000
2026-09-16,11:50:40.000,50.4269206,-5.0599523,17.2,0.000
2026-09-16,11:50:45.000,50.4269206,-5.0599523,17.0,0.000
2026-09-16,11:50:50.000,50.4269206,-5.0599523,17.0,0.000
2026-09-16,11:50:55.000,50.4269206,-5.0599523,17.2,0.000
2026-09-16,11:51:00.000,50.4269206,-5.0599523,17.2,0.000
2026-09-16,11:51:05.000,50.4269206,-5.0599523,17.2,0.000
2026-09-16,11:51:10.000,50.4269206,-5.0599523,17.2,0.000
2026-09-16,11:51:15.000,50.4269206,-5.0599523,17.4,0.000
2026-09-16,11:51:20.000,50.4269206,-5.0599523,17.0,0.000
2026-09-16,11:51:25.000,50.4269206,-5.0599523,17.4,0.000
2026-09-16,11:51:30.000,50.4269206,-5.0599523,16.8,0.000
2026-09-16,11:51:35.000,50.4269206,-5.0599523,17.2,0.000
2026-09-16,11:51:40.000,50.4269206,-5.0599523,16.8,0.000
2026-09-16,11:51:45.000,50.4269206,-5.0599523,17.0,0.000
2026-09-16,11:51:50.000,50.4269206,-5.0599523,17.0,0.000
2026-09-16,11:51:55.000,50.4269206,-5.0599523,17.2,0.000
2026-09-16,11:52:00.000,50.4269206,-5.0599523,17.2,0.000
2026-09-16,11:52:05.000,50.4269206,-5.0599523,16.8,0.000
2026-09-16,11:52:10.000,50.4269206,-5.0599523,17.2,0.000
2026-09-16,11:52:15.000,50.4269206,-5.0599523,17.0,0.000
2026-09-16,11:52:20.000,50.4269206,-5.0599523,17.2,0.000
2026-09-16,11:52:25.000,50.4269206,-5.0599523,17.2,0.000
2026-09-16,11:52:30.000,50.4269206,-5.0599523,17.4,0.000
2026-09-16,11:52:35.000,50.4269206,-5.0599523,17.4,0.000
2026-09-16,11:52:40.000,50.4269206,-5.0599523,17.4,0.000
2026-09-16,11:52:45.000,50.4269206,-5.0599523,17.4,0.000
2026-09-16,11:52:50.000,50.4269206,-5.0599523,17.6,0.000
2026-09-16,11:52:55.000,50.4269206,-5.0599523,17.4,0.000
2026-09-16,11:53:00.000,50.4269206,-5.0599523,17.4,0.000
2026-09-16,11:53:05.000,50.4269206,-5.0599523,17.4,0.000
2026-09-16,11:53:10.000,50.4269206,-5.0599523,17.4,0.000
2026-09-16,11:53:15.000,50.4269206,-5.0599523,17.6,0.000
2026-09-16,11:53:20.000,50.4269206,-5.0599523,17.4,0.000
2026-09-16,11:53:25.000,50.4269206,-5.0599523,17.6,0.000
2026-09-16,11:53:30.000,50.4269206,-5.0599523,17.6,0.000
2026-09-16,11:53:35.000,50.4269206,-5.0599523,17.4,0.000
2026-09-16,11:53:40.000,50.4269206,-5.0599523,17.4,0.000
2026-09-16,11:53:45.000,50.4269206,-5.0599523,17.6,0.000
2026-09-16,11:53:50.000,50.4269206,-5.0599523,17.6,0.000
2026-09-16,11:53:55.000,50.4269206,-5.0599523,17.8,0.000
2026-09-16,11:54:00.000,50.4269206,-5.0599523,17.8,0.000
2026-09-16,11:54:05.000,50.4269206,-5.0599523,17.6,0.000
2026-09-16,11:54:10.000,50.4269206,-5.0599523,18.0,0.000
2026-09-16,11:54:15.000,50.4269206,-5.0599523,17.6,0.000
2026-09-16,11:54:20.000,50.4269206,-5.0599523,17.4,0.000
2026-09-16,11:54:25.000,50.4269206,-5.0599523,17.6,0.000
2026-09-16,11:54:30.000,50.4269206,-5.0599523,17.8,0.000
2026-09-16,11:54:35.000,50.4269206,-5.0599523,18.0,0.000
2026-09-16,11:54:40.000,50.4269206,-5.0599523,17.6,0.000
2026-09-16,11:54:45.000,50.4269206,-5.0599523,17.4,0.000
2026-09-16,11:54:50.000,50.4269206,-5.0599523,17.4,0.000
2026-09-16,11:54:55.000,50.4269206,-5.0599523,17.6,0.000
2026-09-16,11:55:00.000,50.4269206,-5.0599523,17.6,0.000
2026-09-16,11:55:05.000,50.4269206,-5.0599523,17.4,0.000
2026-09-16,11:55:10.000,50.4269206,-5.0599523,17.6,0.000
2026-09-16,11:55:15.000,50.4269206,-5.0599523,17.8,0.000
2026-09-16,11:55:20.000,50.4269206,-5.0599523,17.6,0.000
2026-09-16,11:55:25.000,50.4269206,-5.0599523,17.6,0.000
2026-09-16,11:55:30.000,50.4269206,-5.0599523,17.8,0.000
2026-09-16,11:55:35.000,50.4269206,-5.0599523,18.0,0.000
2026-09-16,11:55:40.000,50.4269206,-5.0599523,17.8,0.000
2026-09-16,11:55:45.000,50.4269206,-5.0599523,17.8,0.000
2026-09-16,11:55:50.000,50.4269206,-5.0599523,18.2,0.000
2026-09-16,11:55:55.000,50.4269206,-5.0599523,17.8,0.000
2026-09-16,11:56:00.000,50.4269206,-5.0599523,17.8,0.000
2026-09-16,11:56:05.000,50.4269206,-5.0599523,18.0,0.000
2026-09-16,11:56:10.000,50.4269206,-5.0599523,19.0,0.000
2026-09-16,11:56:15.000,50.4269206,-5.0599523,18.0,0.000
2026-09-16,11:56:20.000,50.4269206,-5.0599523,18.2,0.000
2026-09-16,11:56:25.000,50.4269109,-5.0599645,18.2,0.000
2026-09-16,11:56:30.000,50.4269206,-5.0599523,18.8,0.000
2026-09-16,11:56:35.000,50.4269206,-5.0599523,18.0,0.000
2026-09-16,11:56:40.000,50.4269206,-5.0599523,19.0,0.000
2026-09-16,11:56:45.000,50.4269206,-5.0599523,18.6,0.000
2026-09-16,11:56:50.000,50.4269206,-5.0599523,18.8,0.000
2026-09-16,11:56:55.000,50.4269206,-5.0599523,18.4,0.000
2026-09-16,11:57:00.000,50.4269206,-5.0599523,18.6,0.000
2026-09-16,11:57:05.000,50.4269206,-5.0599523,18.4,0.000
2026-09-16,11:57:10.000,50.4269206,-5.0599523,18.8,0.000
2026-09-16,11:57:15.000,50.4269206,-5.0599523,18.8,0.000
2026-09-16,11:57:20.000,50.4269206,-5.0599523,18.2,0.000
2026-09-16,11:57:25.000,50.4269206,-5.0599523,18.2,0.000
2026-09-16,11:57:30.000,50.4269206,-5.0599523,18.4,0.000
2026-09-16,11:57:35.000,50.4269206,-5.0599523,18.4,0.000
2026-09-16,11:57:40.000,50.4269206,-5.0599523,18.0,0.000
2026-09-16,11:57:45.000,50.4269206,-5.0599523,18.2,0.000
2026-09-16,11:57:50.000,50.4269206,-5.0599523,18.2,0.000
2026-09-16,11:57:55.000,50.4269206,-5.0599523,18.2,0.000
2026-09-16,11:58:00.000,50.4269206,-5.0599523,18.2,0.000
2026-09-16,11:58:05.000,50.4269206,-5.0599523,18.2,0.000
2026-09-16,11:58:10.000,50.4269206,-5.0599523,18.0,0.000
2026-09-16,11:58:15.000,50.4269206,-5.0599523,18.6,0.000
2026-09-16,11:58:20.000,50.4269206,-5.0599523,18.2,0.000
2026-09-16,11:58:25.000,50.4269206,-5.0599523,18.8,0.000
2026-09-16,11:58:30.000,50.4269206,-5.0599523,18.4,0.000
2026-09-16,11:58:35.000,50.4269206,-5.0599523,18.2,0.000
2026-09-16,11:58:40.000,50.4269206,-5.0599523,18.4,0.000
2026-09-16,11:58:45.000,50.4269206,-5.0599523,18.6,0.000
2026-09-16,11:58:50.000,50.4269206,-5.0599523,18.6,0.000
2026-09-16,11:58:55.000,50.4269206,-5.0599523,18.6,0.000
2026-09-16,11:59:00.000,50.4269206,-5.0599523,18.4,0.000
2026-09-16,11:59:05.000,50.4269206,-5.0599523,18.2,0.000
2026-09-16,11:59:10.000,50.4269206,-5.0599523,18.4,0.000
2026-09-16,11:59:15.000,50.4269206,-5.0599523,18.6,0.000
2026-09-16,11:59:20.000,50.4269206,-5.0599523,18.2,0.000
2026-09-16,11:59:25.000,50.4269206,-5.0599523,18.6,0.000
2026-09-16,11:59:30.000,50.4269206,-5.0599523,18.2,0.000
2026-09-16,11:59:35.000,50.4269206,-5.0599523,18.2,0.000
2026-09-16,11:59:40.000,50.4269206,-5.0599523,18.6,0.000
2026-09-16,11:59:45.000,50.4269206,-5.0599523,18.6,0.000
2026-09-16,11:59:50.000,50.4269206,-5.0599523,18.6,0.000
2026-09-16,11:59:55.000,50.4269206,-5.0599523,18.4,0.000
2026-09-16,12:00:00.000,50.4269206,-5.0599523,18.0,0.000
2026-09-16,12:00:05.000,50.4269206,-5.0599523,18.2,0.000
2026-09-16,12:00:10.000,50.4269206,-5.0599523,18.4,0.000
2026-09-16,12:00:15.000,50.4269206,-5.0599523,18.2,0.000
2026-09-16,12:00:20.000,50.4269206,-5.0599523,18.2,0.000
2026-09-16,12:00:25.000,50.4269206,-5.0599523,18.4,0.000
2026-09-16,12:00:30.000,50.4269206,-5.0599523,18.4,0.000
2026-09-16,12:00:35.000,50.4269206,-5.0599523,18.6,0.000
2026-09-16,12:00:40.000,50.4269206,-5.0599523,18.8,0.000
2026-09-16,12:00:45.000,50.4269206,-5.0599523,18.8,0.000
2026-09-16,12:00:50.000,50.4269206,-5.0599523,18.6,0.000
2026-09-16,12:00:55.000,50.4269206,-5.0599523,18.8,0.000
2026-09-16,12:01:00.000,50.4269206,-5.0599523,18.2,0.000
2026-09-16,12:01:05.000,50.4269183,-5.0599623,18.8,0.000
2026-09-16,12:01:10.000,50.4269206,-5.0599523,19.2,0.000
2026-09-16,12:01:15.000,50.4269206,-5.0599523,18.6,0.000
2026-09-16,12:01:20.000,50.4269219,-5.0599617,19.2,0.000
2026-09-16,12:01:25.000,50.4269086,-5.0599107,19.4,0.000
2026-09-16,12:01:30.000,50.4269494,-5.0598664,19.0,1.157
2026-09-16,12:01:35.000,50.4269994,-5.0598535,19.6,1.213
2026-09-16,12:01:40.000,50.4270580,-5.0598345,20.6,1.297
2026-09-16,12:01:45.000,50.4271157,-5.0597919,22.2,1.334
2026-09-16,12:01:50.000,50.4271650,-5.0597663,23.6,1.316
2026-09-16,12:01:55.000,50.4272180,-5.0597244,22.2,1.381
2026-09-16,12:02:00.000,50.4272608,-5.0596974,22.2,1.316
2026-09-16,12:02:05.000,50.4273173,-5.0596667,23.6,1.306
2026-09-16,12:02:10.000,50.4273618,-5.0596350,24.8,1.288
2026-09-16,12:02:15.000,50.4273915,-5.0595947,24.2,1.241
2026-09-16,12:02:20.000,50.4274112,-5.0595111,23.8,1.232
2026-09-16,12:02:25.000,50.4274105,-5.0594450,26.0,1.176
2026-09-16,12:02:30.000,50.4274017,-5.0593618,27.0,1.176
2026-09-16,12:02:35.000,50.4274002,-5.0592776,28.2,1.204
2026-09-16,12:02:40.000,50.4273949,-5.0591934,28.6,1.269
2026-09-16,12:02:45.000,50.4273891,-5.0591140,29.4,1.241
2026-09-16,12:02:50.000,50.4273868,-5.0590127,29.4,1.334
2026-09-16,12:02:55.000,50.4273784,-5.0589203,29.0,1.297
2026-09-16,12:03:00.000,50.4273722,-5.0588428,29.8,1.306
2026-09-16,12:03:05.000,50.4273668,-5.0587428,30.6,1.297
2026-09-16,12:03:10.000,50.4273291,-5.0586796,30.6,1.334
2026-09-16,12:03:15.000,50.4273120,-5.0586040,29.0,1.297
2026-09-16,12:03:20.000,50.4273069,-5.0585316,28.6,1.260
2026-09-16,12:03:25.000,50.4273092,-5.0584061,29.2,1.325
2026-09-16,12:03:30.000,50.4272957,-5.0582902,29.4,1.428
2026-09-16,12:03:35.000,50.4272857,-5.0582134,28.6,1.260
2026-09-16,12:03:40.000,50.4272707,-5.0581050,29.4,1.446
2026-09-16,12:03:45.000,50.4272517,-5.0580005,30.0,1.250
2026-09-16,12:03:50.000,50.4272253,-5.0578979,29.4,1.540
2026-09-16,12:03:55.000,50.4271950,-5.0578215,28.4,1.465
2026-09-16,12:04:00.000,50.4271817,-5.0577231,28.6,1.456
2026-09-16,12:04:05.000,50.4271647,-5.0576243,28.6,1.474
2026-09-16,12:04:10.000,50.4271620,-5.0575159,28.8,1.456
2026-09-16,12:04:15.000,50.4271583,-5.0574358,30.0,1.418
2026-09-16,12:04:20.000,50.4271491,-5.0573379,31.6,1.409
2026-09-16,12:04:25.000,50.4271625,-5.0572470,29.0,1.400
2026-09-16,12:04:30.000,50.4272000,-5.0571733,30.2,1.390
2026-09-16,12:04:35.000,50.4272398,-5.0571103,30.4,1.372
2026-09-16,12:04:40.000,50.4272862,-5.0570666,30.6,1.362
2026-09-16,12:04:45.000,50.4273403,-5.0570107,30.8,1.344
2026-09-16,12:04:50.000,50.4273857,-5.0569699,31.8,1.334
2026-09-16,12:04:55.000,50.4274333,-5.0569481,31.0,1.316
2026-09-16,12:05:00.000,50.4274564,-5.0568821,31.4,1.269
2026-09-16,12:05:05.000,50.4274389,-5.0567875,31.8,1.456
2026-09-16,12:05:10.000,50.4274270,-5.0566865,32.0,1.353
2026-09-16,12:05:15.000,50.4274464,-5.0565957,32.0,1.400
2026-09-16,12:05:20.000,50.4274577,-5.0565045,32.4,1.381
2026-09-16,12:05:25.000,50.4274711,-5.0564002,34.6,1.418
2026-09-16,12:05:30.000,50.4274720,-5.0563108,33.0,1.400
2026-09-16,12:05:35.000,50.4274731,-5.0562027,32.0,1.390
2026-09-16,12:05:40.000,50.4274662,-5.0560999,32.2,1.409
2026-09-16,12:05:45.000,50.4274670,-5.0560023,32.0,1.409
2026-09-16,12:05:50.000,50.4274680,-5.0559192,31.6,1.344
2026-09-16,12:05:55.000,50.4274653,-5.0558533,31.6,1.269
2026-09-16,12:06:00.000,50.4274465,-5.0557543,31.6,1.232
2026-09-16,12:06:05.000,50.4274513,-5.0557337,31.4,1.008
2026-09-16,12:06:10.000,50.4274402,-5.0557432,31.2,0.000
2026-09-16,12:06:15.000,50.4274546,-5.0557425,31.2,0.000
2026-09-16,12:06:20.000,50.4274665,-5.0557455,31.0,0.000
2026-09-16,12:06:25.000,50.4274662,-5.0557437,31.2,0.000
2026-09-16,12:06:30.000,50.4274616,-5.0557390,31.4,0.000
2026-09-16,12:06:35.000,50.4274576,-5.0557331,31.0,0.000
2026-09-16,12:06:40.000,50.4274592,-5.0556871,30.8,0.000
2026-09-16,12:06:45.000,50.4274858,-5.0556029,31.0,1.101
2026-09-16,12:06:50.000,50.4275056,-5.0555345,32.4,1.129
2026-09-16,12:06:55.000,50.4274681,-5.0554622,32.2,1.213
2026-09-16,12:07:00.000,50.4274333,-5.0553726,31.6,1.278
2026-09-16,12:07:05.000,50.4273992,-5.0552906,31.0,1.297
2026-09-16,12:07:10.000,50.4273945,-5.0552208,31.4,1.269
2026-09-16,12:07:15.000,50.4274344,-5.0551777,32.4,1.008
2026-09-16,12:07:20.000,50.4274811,-5.0551254,33.2,1.110
2026-09-16,12:07:25.000,50.4275375,-5.0550787,33.6,1.213
2026-09-16,12:07:30.000,50.4275849,-5.0550455,34.6,1.213
2026-09-16,12:07:35.000,50.4276289,-5.0550011,35.4,1.241
2026-09-16,12:07:40.000,50.4276762,-5.0549594,36.4,1.241
2026-09-16,12:07:45.000,50.4277354,-5.0549078,36.6,1.278
2026-09-16,12:07:50.000,50.4277930,-5.0548747,36.6,1.288
2026-09-16,12:07:55.000,50.4278466,-5.0548397,37.4,1.316
2026-09-16,12:08:00.000,50.4278812,-5.0548270,38.6,1.250
2026-09-16,12:08:05.000,50.4279066,-5.0548224,38.2,0.364
2026-09-16,12:08:10.000,50.4279633,-5.0547939,38.0,1.278
2026-09-16,12:08:15.000,50.4280145,-5.0547737,38.2,1.241
2026-09-16,12:08:20.000,50.4280584,-5.0547609,41.4,1.204
2026-09-16,12:08:25.000,50.4280859,-5.0548236,41.4,1.157
2026-09-16,12:08:30.000,50.4281321,-5.0548702,41.6,1.026
2026-09-16,12:08:35.000,50.4281404,-5.0548860,41.4,0.681
2026-09-16,12:08:40.000,50.4281689,-5.0548845,41.6,0.662
2026-09-16,12:08:45.000,50.4282136,-5.0548873,42.8,0.970
2026-09-16,12:08:50.000,50.4282426,-5.0548853,43.2,0.830
2026-09-16,12:08:55.000,50.4282441,-5.0548853,41.0,0.000
2026-09-16,12:09:00.000,50.4282456,-5.0548825,41.8,0.000
2026-09-16,12:09:05.000,50.4283080,-5.0549179,41.4,1.306
2026-09-16,12:09:10.000,50.4283602,-5.0549269,41.0,1.204
2026-09-16,12:09:15.000,50.4284071,-5.0549733,41.2,1.194
2026-09-16,12:09:20.000,50.4284300,-5.0549968,41.0,1.148
2026-09-16,12:09:25.000,50.4284200,-5.0549851,40.8,0.000
2026-09-16,12:09:30.000,50.4284200,-5.0549851,40.6,0.000
2026-09-16,12:09:35.000,50.4284200,-5.0549851,40.4,0.000
2026-09-16,12:09:40.000,50.4284203,-5.0549917,40.4,0.000
2026-09-16,12:09:45.000,50.4284200,-5.0549851,40.8,0.000
2026-09-16,12:09:50.000,50.4284200,-5.0549851,41.4,0.000
2026-09-16,12:09:55.000,50.4284320,-5.0549935,41.2,0.000
2026-09-16,12:10:00.000,50.4284772,-5.0550238,41.6,0.392
2026-09-16,12:10:05.000,50.4285436,-5.0550307,41.4,1.474
2026-09-16,12:10:10.000,50.4286010,-5.0550480,41.0,1.400
2026-09-16,12:10:15.000,50.4286666,-5.0550606,41.8,1.381
2026-09-16,12:10:20.000,50.4287332,-5.0550644,42.8,1.428
2026-09-16,12:10:25.000,50.4287971,-5.0550867,43.4,1.437
2026-09-16,12:10:30.000,50.4288568,-5.0550889,43.8,1.316
2026-09-16,12:10:35.000,50.4289190,-5.0551115,43.8,1.409
2026-09-16,12:10:40.000,50.4289917,-5.0551322,44.2,1.484
2026-09-16,12:10:45.000,50.4290429,-5.0551540,44.8,1.418
2026-09-16,12:10:50.000,50.4291032,-5.0551727,44.8,1.400
2026-09-16,12:10:55.000,50.4291603,-5.0552060,45.2,1.400
2026-09-16,12:11:00.000,50.4292068,-5.0552267,46.6,1.372
2026-09-16,12:11:05.000,50.4292289,-5.0552517,45.6,0.980
2026-09-16,12:11:10.000,50.4292316,-5.0552551,45.2,0.000
2026-09-16,12:11:15.000,50.4292371,-5.0552494,45.2,0.000
2026-09-16,12:11:20.000,50.4292852,-5.0552629,46.4,0.439
2026-09-16,12:11:25.000,50.4293412,-5.0552826,46.0,1.138
2026-09-16,12:11:30.000,50.4294069,-5.0552916,45.6,1.334
2026-09-16,12:11:35.000,50.4294627,-5.0553012,46.2,1.325
2026-09-16,12:11:40.000,50.4295328,-5.0552662,47.2,1.446
2026-09-16,12:11:45.000,50.4295866,-5.0552147,47.0,1.428
2026-09-16,12:11:50.000,50.4296413,-5.0551501,47.0,1.502
2026-09-16,12:11:55.000,50.4296791,-5.0550975,47.0,1.390
2026-09-16,12:12:00.000,50.4297284,-5.0550239,48.4,1.418
2026-09-16,12:12:05.000,50.4297717,-5.0549490,48.8,1.418
2026-09-16,12:12:10.000,50.4298130,-5.0548755,49.6,1.400
2026-09-16,12:12:15.000,50.4298498,-5.0548059,49.4,1.409
2026-09-16,12:12:20.000,50.4298850,-5.0547212,50.8,1.400
2026-09-16,12:12:25.000,50.4299094,-5.0546469,51.0,1.372
2026-09-16,12:12:30.000,50.4299378,-5.0545745,51.0,1.353
2026-09-16,12:12:35.000,50.4299747,-5.0544838,51.2,1.362
2026-09-16,12:12:40.000,50.4300093,-5.0544050,51.0,1.362
2026-09-16,12:12:45.000,50.4300353,-5.0543396,51.4,1.334
2026-09-16,12:12:50.000,50.4300633,-5.0542526,51.6,1.325
2026-09-16,12:12:55.000,50.4300781,-5.0541546,51.4,1.334
2026-09-16,12:13:00.000,50.4300876,-5.0540595,52.2,1.316
2026-09-16,12:13:05.000,50.4300851,-5.0539593,52.6,1.334
2026-09-16,12:13:10.000,50.4300765,-5.0538507,52.6,1.344
2026-09-16,12:13:15.000,50.4300721,-5.0537544,52.6,1.344
2026-09-16,12:13:20.000,50.4300688,-5.0536591,54.4,1.362
2026-09-16,12:13:25.000,50.4300783,-5.0535587,55.6,1.362
2026-09-16,12:13:30.000,50.4300966,-5.0534711,55.4,1.344
2026-09-16,12:13:35.000,50.4301208,-5.0533950,55.0,1.334
2026-09-16,12:13:40.000,50.4301540,-5.0533018,55.4,1.353
2026-09-16,12:13:45.000,50.4301867,-5.0532345,55.2,1.353
2026-09-16,12:13:50.000,50.4302257,-5.0531744,55.4,1.325
2026-09-16,12:13:55.000,50.4302847,-5.0531225,55.8,1.344
2026-09-16,12:14:00.000,50.4303368,-5.0530982,56.0,1.288
2026-09-16,12:14:05.000,50.4303894,-5.0530824,56.6,1.278
2026-09-16,12:14:10.000,50.4304466,-5.0530735,57.2,1.306
2026-09-16,12:14:15.000,50.4305048,-5.0530647,57.6,1.297
2026-09-16,12:14:20.000,50.4305622,-5.0530563,58.0,1.344
2026-09-16,12:14:25.000,50.4306264,-5.0530605,57.6,1.297
2026-09-16,12:14:30.000,50.4306898,-5.0530525,58.4,1.316
2026-09-16,12:14:35.000,50.4307474,-5.0530470,58.2,1.362
2026-09-16,12:14:40.000,50.4308082,-5.0530323,58.2,1.344
2026-09-16,12:14:45.000,50.4308534,-5.0530264,58.4,1.344
2026-09-16,12:14:50.000,50.4309143,-5.0530354,58.2,1.288
2026-09-16,12:14:55.000,50.4309665,-5.0530502,58.8,1.278
2026-09-16,12:15:00.000,50.4310296,-5.0530538,59.0,1.316
2026-09-16,12:15:05.000,50.4311082,-5.0530763,59.0,1.381
2026-09-16,12:15:10.000,50.4311748,-5.0530898,59.0,1.465
2026-09-16,12:15:15.000,50.4312304,-5.0531002,60.0,1.456
2026-09-16,12:15:20.000,50.4312875,-5.0531183,60.2,1.381
2026-09-16,12:15:25.000,50.4313459,-5.0530996,60.4,1.437
2026-09-16,12:15:30.000,50.4314097,-5.0530912,61.6,1.400
2026-09-16,12:15:35.000,50.4314752,-5.0530720,62.4,1.400
2026-09-16,12:15:40.000,50.4315293,-5.0530512,62.8,1.362
2026-09-16,12:15:45.000,50.4315844,-5.0530412,63.4,1.344
2026-09-16,12:15:50.000,50.4316374,-5.0530311,64.2,1.316
2026-09-16,12:15:55.000,50.4316969,-5.0530152,64.4,1.316
2026-09-16,12:16:00.000,50.4317448,-5.0529914,65.2,1.278
2026-09-16,12:16:05.000,50.4318024,-5.0529591,66.0,1.260
2026-09-16,12:16:10.000,50.4318529,-5.0529129,66.8,1.269
2026-09-16,12:16:15.000,50.4318923,-5.0528534,68.0,1.241
2026-09-16,12:16:20.000,50.4319222,-5.0527938,68.6,1.232
2026-09-16,12:16:25.000,50.4319639,-5.0527277,68.4,1.222
2026-09-16,12:16:30.000,50.4320036,-5.0526609,67.6,1.232
2026-09-16,12:16:35.000,50.4320555,-5.0525756,67.0,1.250
2026-09-16,12:16:40.000,50.4320995,-5.0525252,68.0,1.260
2026-09-16,12:16:45.000,50.4321432,-5.0524706,68.2,1.260
2026-09-16,12:16:50.000,50.4321884,-5.0524124,67.8,1.250
2026-09-16,12:16:55.000,50.4322385,-5.0523570,68.6,1.278
2026-09-16,12:17:00.000,50.4322842,-5.0523107,69.2,1.269
2026-09-16,12:17:05.000,50.4323230,-5.0522674,69.6,1.232
2026-09-16,12:17:10.000,50.4323822,-5.0522202,69.0,1.260
2026-09-16,12:17:15.000,50.4324446,-5.0521661,69.8,1.250
2026-09-16,12:17:20.000,50.4325002,-5.0521397,70.0,1.278
2026-09-16,12:17:25.000,50.4325545,-5.0521217,70.2,1.288
2026-09-16,12:17:30.000,50.4326161,-5.0521138,70.8,1.288
2026-09-16,12:17:35.000,50.4326782,-5.0520951,71.0,1.297
2026-09-16,12:17:40.000,50.4327259,-5.0520897,71.2,1.278
2026-09-16,12:17:45.000,50.4327723,-5.0520848,71.6,1.260
2026-09-16,12:17:50.000,50.4328374,-5.0520900,72.4,1.241
2026-09-16,12:17:55.000,50.4328906,-5.0520961,74.6,1.241
2026-09-16,12:18:00.000,50.4329420,-5.0520921,76.2,1.232
2026-09-16,12:18:05.000,50.4330031,-5.0520982,75.8,1.241
2026-09-16,12:18:10.000,50.4330636,-5.0521099,75.2,1.250
2026-09-16,12:18:15.000,50.4331191,-5.0520662,74.8,1.269
2026-09-16,12:18:20.000,50.4331472,-5.0519892,73.0,1.278
2026-09-16,12:18:25.000,50.4331979,-5.0519251,73.2,1.306
2026-09-16,12:18:30.000,50.4332367,-5.0519072,72.8,1.232
2026-09-16,12:18:35.000,50.4333076,-5.0519191,73.4,1.306
2026-09-16,12:18:40.000,50.4333682,-5.0519488,73.6,1.353
2026-09-16,12:18:45.000,50.4334087,-5.0519547,73.6,1.278
2026-09-16,12:18:50.000,50.4334576,-5.0519034,73.4,1.269
2026-09-16,12:18:55.000,50.4335081,-5.0518475,73.4,1.278
2026-09-16,12:19:00.000,50.4335521,-5.0517569,74.0,1.325
2026-09-16,12:19:05.000,50.4335309,-5.0516715,75.2,1.344
2026-09-16,12:19:10.000,50.4334941,-5.0515892,74.6,1.344
2026-09-16,12:19:15.000,50.4334539,-5.0515042,74.0,1.390
2026-09-16,12:19:20.000,50.4334187,-5.0514303,74.0,1.381
2026-09-16,12:19:25.000,50.4334012,-5.0513495,73.6,1.362
2026-09-16,12:19:30.000,50.4334173,-5.0512690,73.8,1.334
2026-09-16,12:19:35.000,50.4334500,-5.0511869,73.4,1.316
2026-09-16,12:19:40.000,50.4335130,-5.0511519,73.6,1.325
2026-09-16,12:19:45.000,50.4335824,-5.0511452,73.8,1.325
2026-09-16,12:19:50.000,50.4335919,-5.0511638,73.6,1.241
2026-09-16,12:19:55.000,50.4335913,-5.0511641,73.8,0.000
2026-09-16,12:20:00.000,50.4335913,-5.0511641,73.6,0.000
2026-09-16,12:20:05.000,50.4335913,-5.0511641,73.6,0.000
2026-09-16,12:20:10.000,50.4335913,-5.0511641,73.6,0.000
2026-09-16,12:20:15.000,50.4335913,-5.0511641,73.8,0.000
2026-09-16,12:20:20.000,50.4335913,-5.0511641,73.8,0.000
2026-09-16,12:20:25.000,50.4336088,-5.0511220,73.8,0.000
2026-09-16,12:20:30.000,50.4336053,-5.0511134,73.6,0.000
2026-09-16,12:20:35.000,50.4336117,-5.0510947,73.2,0.000
2026-09-16,12:20:40.000,50.4336469,-5.0510020,73.6,1.465
2026-09-16,12:20:45.000,50.4336693,-5.0509126,73.0,1.400
2026-09-16,12:20:50.000,50.4336890,-5.0508818,72.2,1.185
2026-09-16,12:20:55.000,50.4337006,-5.0508786,72.0,0.886
2026-09-16,12:21:00.000,50.4337006,-5.0508786,72.2,0.000
2026-09-16,12:21:05.000,50.4336794,-5.0508755,72.2,0.429
2026-09-16,12:21:10.000,50.4336742,-5.0508348,72.0,0.000
2026-09-16,12:21:15.000,50.4336894,-5.0507500,72.6,0.896
2026-09-16,12:21:20.000,50.4337025,-5.0506524,72.0,1.222
2026-09-16,12:21:25.000,50.4337151,-5.0505649,72.2,1.260
2026-09-16,12:21:30.000,50.4337395,-5.0504586,71.8,1.344
2026-09-16,12:21:35.000,50.4337736,-5.0503624,71.8,1.521
2026-09-16,12:21:40.000,50.4337976,-5.0502803,70.8,1.437
2026-09-16,12:21:45.000,50.4338302,-5.0501854,70.8,1.540
2026-09-16,12:21:50.000,50.4338613,-5.0501020,70.4,1.484
2026-09-16,12:21:55.000,50.4338928,-5.0500242,70.6,1.437
2026-09-16,12:22:00.000,50.4339334,-5.0499491,70.6,1.437
2026-09-16,12:22:05.000,50.4339831,-5.0498781,71.0,1.474
2026-09-16,12:22:10.000,50.4340311,-5.0498105,70.6,1.465
2026-09-16,12:22:15.000,50.4340907,-5.0497506,70.0,1.465
2026-09-16,12:22:20.000,50.4341513,-5.0497017,70.2,1.484
2026-09-16,12:22:25.000,50.4342071,-5.0496697,69.8,1.484
2026-09-16,12:22:30.000,50.4342655,-5.0496490,69.6,1.465
2026-09-16,12:22:35.000,50.4343176,-5.0496093,69.4,1.456
2026-09-16,12:22:40.000,50.4343744,-5.0495745,69.4,1.418
2026-09-16,12:22:45.000,50.4344239,-5.0495407,70.0,1.390
2026-09-16,12:22:50.000,50.4344792,-5.0495090,70.2,1.372
2026-09-16,12:22:55.000,50.4345337,-5.0494559,70.4,1.381
2026-09-16,12:23:00.000,50.4345958,-5.0494080,70.4,1.400
2026-09-16,12:23:05.000,50.4346601,-5.0493669,70.4,1.437
2026-09-16,12:23:10.000,50.4347177,-5.0493193,70.8,1.428
2026-09-16,12:23:15.000,50.4347678,-5.0492669,71.2,1.437
2026-09-16,12:23:20.000,50.4348212,-5.0492073,71.6,1.446
2026-09-16,12:23:25.000,50.4348662,-5.0491532,71.4,1.409
2026-09-16,12:23:30.000,50.4348789,-5.0490655,71.6,1.400
2026-09-16,12:23:35.000,50.4348799,-5.0489649,72.0,1.409
2026-09-16,12:23:40.000,50.4348903,-5.0488809,71.0,1.381
2026-09-16,12:23:45.000,50.4349398,-5.0488324,70.4,1.344
2026-09-16,12:23:50.000,50.4349994,-5.0487841,70.2,1.353
2026-09-16,12:23:55.000,50.4350574,-5.0487688,70.2,1.334
2026-09-16,12:24:00.000,50.4351208,-5.0487571,70.4,1.372
2026-09-16,12:24:05.000,50.4351786,-5.0487611,70.6,1.362
2026-09-16,12:24:10.000,50.4352463,-5.0487647,70.8,1.381
2026-09-16,12:24:15.000,50.4353014,-5.0487745,71.0,1.334
2026-09-16,12:24:20.000,50.4353694,-5.0487833,70.8,1.353
2026-09-16,12:24:25.000,50.4354302,-5.0488145,70.6,1.372
2026-09-16,12:24:30.000,50.4354839,-5.0488701,70.4,1.390
2026-09-16,12:24:35.000,50.4355439,-5.0488526,70.4,1.362
2026-09-16,12:24:40.000,50.4356018,-5.0488155,70.4,1.372
2026-09-16,12:24:45.000,50.4356572,-5.0487825,69.8,1.372
2026-09-16,12:24:50.000,50.4357162,-5.0487444,68.6,1.381
2026-09-16,12:24:55.000,50.4357633,-5.0486955,69.0,1.372
2026-09-16,12:25:00.000,50.4358075,-5.0486386,71.0,1.372
2026-09-16,12:25:05.000,50.4358539,-5.0485883,70.4,1.362
2026-09-16,12:25:10.000,50.4359065,-5.0485419,69.0,1.353
2026-09-16,12:25:15.000,50.4359497,-5.0485064,69.0,1.316
2026-09-16,12:25:20.000,50.4359969,-5.0484588,69.4,1.297
2026-09-16,12:25:25.000,50.4360437,-5.0484193,68.8,1.278
2026-09-16,12:25:30.000,50.4360986,-5.0483779,68.8,1.269
2026-09-16,12:25:35.000,50.4361521,-5.0483309,68.8,1.288
2026-09-16,12:25:40.000,50.4362051,-5.0482896,69.0,1.288
2026-09-16,12:25:45.000,50.4362607,-5.0482367,68.6,1.325
2026-09-16,12:25:50.000,50.4363138,-5.0481961,68.4,1.344
2026-09-16,12:25:55.000,50.4363652,-5.0481568,68.2,1.325
2026-09-16,12:26:00.000,50.4364303,-5.0481091,67.8,1.334
2026-09-16,12:26:05.000,50.4364778,-5.0480808,67.8,1.325
2026-09-16,12:26:10.000,50.4365291,-5.0480423,67.6,1.316
2026-09-16,12:26:15.000,50.4365871,-5.0479994,67.8,1.334
2026-09-16,12:26:20.000,50.4366293,-5.0479569,67.8,1.325
2026-09-16,12:26:25.000,50.4366815,-5.0478932,67.6,1.325
2026-09-16,12:26:30.000,50.4367280,-5.0478241,67.8,1.325
2026-09-16,12:26:35.000,50.4367798,-5.0477457,68.0,1.353
2026-09-16,12:26:40.000,50.4368223,-5.0476869,67.8,1.344
2026-09-16,12:26:45.000,50.4368663,-5.0476281,67.8,1.344
2026-09-16,12:26:50.000,50.4369104,-5.0475507,67.6,1.353
2026-09-16,12:26:55.000,50.4369583,-5.0474793,68.0,1.353
2026-09-16,12:27:00.000,50.4369884,-5.0473873,68.6,1.362
2026-09-16,12:27:05.000,50.4370071,-5.0472967,69.2,1.372
2026-09-16,12:27:10.000,50.4370184,-5.0472085,69.0,1.372
2026-09-16,12:27:15.000,50.4370160,-5.0470986,68.6,1.390
2026-09-16,12:27:20.000,50.4370365,-5.0470221,68.2,1.362
2026-09-16,12:27:25.000,50.4370811,-5.0469548,68.2,1.362
2026-09-16,12:27:30.000,50.4371275,-5.0468861,67.8,1.353
2026-09-16,12:27:35.000,50.4371764,-5.0468281,68.0,1.362
2026-09-16,12:27:40.000,50.4372237,-5.0467582,67.8,1.372
2026-09-16,12:27:45.000,50.4372736,-5.0467257,68.4,1.362
2026-09-16,12:27:50.000,50.4373377,-5.0467331,68.6,1.362
2026-09-16,12:27:55.000,50.4373876,-5.0467817,68.8,1.362
2026-09-16,12:28:00.000,50.4374526,-5.0468475,68.8,1.400
2026-09-16,12:28:05.000,50.4375006,-5.0468971,68.8,1.409
2026-09-16,12:28:10.000,50.4375558,-5.0469363,69.2,1.409
2026-09-16,12:28:15.000,50.4376117,-5.0469677,69.6,1.381
2026-09-16,12:28:20.000,50.4376778,-5.0469931,69.2,1.400
2026-09-16,12:28:25.000,50.4377314,-5.0470318,66.8,1.390
2026-09-16,12:28:30.000,50.4377881,-5.0470790,65.6,1.400
2026-09-16,12:28:35.000,50.4378513,-5.0471254,65.8,1.409
2026-09-16,12:28:40.000,50.4379082,-5.0471655,64.2,1.418
2026-09-16,12:28:45.000,50.4379723,-5.0471919,65.6,1.428
2026-09-16,12:28:50.000,50.4380358,-5.0472222,66.4,1.437
2026-09-16,12:28:55.000,50.4380914,-5.0472494,66.2,1.428
2026-09-16,12:29:00.000,50.4381463,-5.0472940,65.6,1.418
2026-09-16,12:29:05.000,50.4382081,-5.0473264,65.4,1.418
2026-09-16,12:29:10.000,50.4382802,-5.0473415,65.0,1.428
2026-09-16,12:29:15.000,50.4383479,-5.0473533,64.6,1.437
2026-09-16,12:29:20.000,50.4384073,-5.0473437,64.2,1.437
2026-09-16,12:29:25.000,50.4384687,-5.0473329,64.6,1.428
2026-09-16,12:29:30.000,50.4385317,-5.0473115,64.6,1.437
2026-09-16,12:29:35.000,50.4385813,-5.0473059,64.6,1.418
2026-09-16,12:29:40.000,50.4386485,-5.0472998,64.8,1.390
2026-09-16,12:29:45.000,50.4387143,-5.0472915,64.6,1.390
2026-09-16,12:29:50.000,50.4387648,-5.0472781,65.4,1.362
2026-09-16,12:29:55.000,50.4388311,-5.0472513,66.8,1.390
2026-09-16,12:30:00.000,50.4388762,-5.0472069,65.8,1.334
2026-09-16,12:30:05.000,50.4389348,-5.0471625,65.0,1.381
2026-09-16,12:30:10.000,50.4389886,-5.0471293,66.2,1.372
2026-09-16,12:30:15.000,50.4390538,-5.0470911,65.8,1.418
2026-09-16,12:30:20.000,50.4391107,-5.0470468,66.0,1.409
2026-09-16,12:30:25.000,50.4391628,-5.0469853,66.0,1.418
2026-09-16,12:30:30.000,50.4392198,-5.0469384,66.2,1.409
2026-09-16,12:30:35.000,50.4392748,-5.0468709,66.0,1.437
2026-09-16,12:30:40.000,50.4393266,-5.0468196,66.0,1.428
2026-09-16,12:30:45.000,50.4393785,-5.0467614,65.8,1.437
2026-09-16,12:30:50.000,50.4394310,-5.0467015,65.6,1.428
2026-09-16,12:30:55.000,50.4394869,-5.0466392,66.0,1.437
2026-09-16,12:31:00.000,50.4395415,-5.0465685,65.8,1.456
2026-09-16,12:31:05.000,50.4395952,-5.0465120,66.0,1.446
2026-09-16,12:31:10.000,50.4396537,-5.0464546,66.2,1.465
2026-09-16,12:31:15.000,50.4397042,-5.0464016,66.6,1.456
2026-09-16,12:31:20.000,50.4397565,-5.0463313,66.8,1.456
2026-09-16,12:31:25.000,50.4398059,-5.0462760,66.4,1.446
2026-09-16,12:31:30.000,50.4398509,-5.0462198,66.4,1.456
2026-09-16,12:31:35.000,50.4399021,-5.0461643,65.8,1.446
2026-09-16,12:31:40.000,50.4399531,-5.0461005,65.6,1.446
2026-09-16,12:31:45.000,50.4400002,-5.0460282,65.4,1.456
2026-09-16,12:31:50.000,50.4400497,-5.0459696,65.4,1.437
2026-09-16,12:31:55.000,50.4401013,-5.0459045,65.4,1.446
2026-09-16,12:32:00.000,50.4401564,-5.0458481,65.4,1.446
2026-09-16,12:32:05.000,50.4402064,-5.0457819,65.4,1.456
2026-09-16,12:32:10.000,50.4402606,-5.0457258,65.0,1.465
2026-09-16,12:32:15.000,50.4403193,-5.0456719,64.6,1.456
2026-09-16,12:32:20.000,50.4403687,-5.0456167,64.4,1.456
2026-09-16,12:32:25.000,50.4404210,-5.0455507,64.0,1.456
2026-09-16,12:32:30.000,50.4404697,-5.0454906,63.6,1.446
2026-09-16,12:32:35.000,50.4405233,-5.0454130,63.2,1.465
2026-09-16,12:32:40.000,50.4405698,-5.0453507,63.0,1.465
2026-09-16,12:32:45.000,50.4406164,-5.0452893,63.0,1.465
2026-09-16,12:32:50.000,50.4406659,-5.0452225,63.2,1.456
2026-09-16,12:32:55.000,50.4407110,-5.0451422,63.0,1.465
2026-09-16,12:33:00.000,50.4407471,-5.0450916,62.8,1.446
2026-09-16,12:33:05.000,50.4407488,-5.0450865,62.2,1.325
2026-09-16,12:33:10.000,50.4407497,-5.0450828,62.6,0.000
2026-09-16,12:33:15.000,50.4407497,-5.0450828,62.2,0.000
2026-09-16,12:33:20.000,50.4407497,-5.0450828,62.4,0.000
2026-09-16,12:33:25.000,50.4407497,-5.0450828,62.8,0.000
2026-09-16,12:33:30.000,50.4407497,-5.0450828,62.8,0.000
2026-09-16,12:33:35.000,50.4407497,-5.0450828,63.4,0.000
2026-09-16,12:33:40.000,50.4407405,-5.0450734,62.6,0.000
2026-09-16,12:33:45.000,50.4407585,-5.0450325,62.6,0.000
2026-09-16,12:33:50.000,50.4407774,-5.0449917,62.2,0.000
2026-09-16,12:33:55.000,50.4408049,-5.0449465,62.2,0.868
2026-09-16,12:34:00.000,50.4408099,-5.0449477,62.2,0.000
2026-09-16,12:34:05.000,50.4408157,-5.0449456,63.2,0.000
2026-09-16,12:34:10.000,50.4408686,-5.0448847,63.4,1.400
2026-09-16,12:34:15.000,50.4409130,-5.0447949,63.2,1.558
2026-09-16,12:34:20.000,50.4409536,-5.0447337,64.2,1.474
2026-09-16,12:34:25.000,50.4410013,-5.0446750,62.0,1.446
2026-09-16,12:34:30.000,50.4410506,-5.0446102,61.6,1.465
2026-09-16,12:34:35.000,50.4410979,-5.0445621,59.6,1.381
2026-09-16,12:34:40.000,50.4411479,-5.0445022,59.0,1.390
2026-09-16,12:34:45.000,50.4411793,-5.0444309,58.6,1.390
2026-09-16,12:34:50.000,50.4412005,-5.0443365,58.8,1.428
2026-09-16,12:34:55.000,50.4411801,-5.0442401,57.6,1.446
2026-09-16,12:35:00.000,50.4411646,-5.0441727,57.6,1.334
2026-09-16,12:35:05.000,50.4411694,-5.0440846,58.4,1.288
2026-09-16,12:35:10.000,50.4411727,-5.0440008,61.4,1.316
2026-09-16,12:35:15.000,50.4411871,-5.0439116,60.0,1.306
2026-09-16,12:35:20.000,50.4411831,-5.0438088,61.0,1.325
2026-09-16,12:35:25.000,50.4411769,-5.0437210,60.2,1.306
2026-09-16,12:35:30.000,50.4412048,-5.0436259,60.2,1.353
2026-09-16,12:35:35.000,50.4412509,-5.0435486,59.8,1.381
2026-09-16,12:35:40.000,50.4413048,-5.0435054,59.6,1.372
2026-09-16,12:35:45.000,50.4413650,-5.0434497,59.2,1.400
2026-09-16,12:35:50.000,50.4414219,-5.0434018,59.6,1.400
2026-09-16,12:35:55.000,50.4414645,-5.0433132,59.4,1.418
2026-09-16,12:36:00.000,50.4414963,-5.0432460,58.8,1.409
2026-09-16,12:36:05.000,50.4415342,-5.0431595,58.0,1.418
2026-09-16,12:36:10.000,50.4415786,-5.0430872,57.4,1.409
2026-09-16,12:36:15.000,50.4416323,-5.0430271,57.4,1.418
2026-09-16,12:36:20.000,50.4416827,-5.0429689,56.6,1.418
2026-09-16,12:36:25.000,50.4417349,-5.0429308,55.6,1.400
2026-09-16,12:36:30.000,50.4417918,-5.0428894,54.6,1.381
2026-09-16,12:36:35.000,50.4418510,-5.0428633,53.6,1.400
2026-09-16,12:36:40.000,50.4419164,-5.0428410,52.8,1.372
2026-09-16,12:36:45.000,50.4419642,-5.0427679,51.8,1.418
2026-09-16,12:36:50.000,50.4419959,-5.0426981,50.0,1.390
2026-09-16,12:36:55.000,50.4420364,-5.0426163,49.6,1.390
2026-09-16,12:37:00.000,50.4420795,-5.0425453,49.0,1.390
2026-09-16,12:37:05.000,50.4421275,-5.0424742,48.4,1.400
2026-09-16,12:37:10.000,50.4421772,-5.0424051,48.0,1.409
2026-09-16,12:37:15.000,50.4422332,-5.0423481,47.0,1.418
2026-09-16,12:37:20.000,50.4422990,-5.0423236,46.2,1.409
2026-09-16,12:37:25.000,50.4423632,-5.0423058,44.8,1.428
2026-09-16,12:37:30.000,50.4424202,-5.0422997,44.8,1.428
2026-09-16,12:37:35.000,50.4424833,-5.0422755,44.2,1.418
2026-09-16,12:37:40.000,50.4425498,-5.0422783,43.0,1.418
2026-09-16,12:37:45.000,50.4426203,-5.0422738,42.0,1.437
2026-09-16,12:37:50.000,50.4426867,-5.0422933,42.8,1.437
2026-09-16,12:37:55.000,50.4427556,-5.0422986,41.8,1.437
2026-09-16,12:38:00.000,50.4428134,-5.0423051,41.4,1.437
2026-09-16,12:38:05.000,50.4428757,-5.0423209,40.6,1.437
2026-09-16,12:38:10.000,50.4429405,-5.0423129,39.8,1.428
2026-09-16,12:38:15.000,50.4430012,-5.0422952,39.0,1.428
2026-09-16,12:38:20.000,50.4430640,-5.0422860,38.8,1.428
2026-09-16,12:38:25.000,50.4431264,-5.0422643,38.4,1.409
2026-09-16,12:38:30.000,50.4431912,-5.0422416,37.8,1.446
2026-09-16,12:38:35.000,50.4432440,-5.0421996,37.6,1.409
2026-09-16,12:38:40.000,50.4433107,-5.0421712,37.2,1.428
2026-09-16,12:38:45.000,50.4433768,-5.0421569,37.2,1.437
2026-09-16,12:38:50.000,50.4434374,-5.0421400,36.2,1.409
2026-09-16,12:38:55.000,50.4434969,-5.0421266,34.6,1.409
2026-09-16,12:39:00.000,50.4435510,-5.0421125,33.2,1.390
2026-09-16,12:39:05.000,50.4435944,-5.0420627,32.8,1.334
2026-09-16,12:39:10.000,50.4436197,-5.0419917,32.0,1.306
2026-09-16,12:39:15.000,50.4436447,-5.0419042,31.4,1.316
2026-09-16,12:39:20.000,50.4436755,-5.0418257,31.0,1.334
2026-09-16,12:39:25.000,50.4437201,-5.0417623,30.4,1.325
2026-09-16,12:39:30.000,50.4437725,-5.0416977,29.8,1.325
2026-09-16,12:39:35.000,50.4438203,-5.0416273,29.0,1.353
2026-09-16,12:39:40.000,50.4438531,-5.0415475,28.4,1.372
2026-09-16,12:39:45.000,50.4438983,-5.0414683,27.8,1.390
2026-09-16,12:39:50.000,50.4439077,-5.0414354,27.4,1.316
2026-09-16,12:39:55.000,50.4439068,-5.0414335,27.2,0.000
2026-09-16,12:40:00.000,50.4439068,-5.0414335,27.2,0.000
2026-09-16,12:40:05.000,50.4439068,-5.0414335,27.4,0.000
2026-09-16,12:40:10.000,50.4439226,-5.0413980,27.0,0.439
2026-09-16,12:40:15.000,50.4439665,-5.0413138,27.2,1.605
2026-09-16,12:40:20.000,50.4440055,-5.0412367,26.6,1.456
2026-09-16,12:40:25.000,50.4440380,-5.0411620,26.2,1.381
2026-09-16,12:40:30.000,50.4440795,-5.0410677,25.4,1.446
2026-09-16,12:40:35.000,50.4441216,-5.0409717,25.2,1.465
2026-09-16,12:40:40.000,50.4441620,-5.0409103,24.8,1.381
2026-09-16,12:40:45.000,50.4442076,-5.0408274,24.4,1.437
2026-09-16,12:40:50.000,50.4442479,-5.0407475,23.6,1.446
2026-09-16,12:40:55.000,50.4442906,-5.0406797,22.8,1.418
2026-09-16,12:41:00.000,50.4443113,-5.0405921,22.2,1.446
2026-09-16,12:41:05.000,50.4443441,-5.0405167,21.6,1.428
2026-09-16,12:41:10.000,50.4443744,-5.0404719,21.6,1.381
2026-09-16,12:41:15.000,50.4444231,-5.0404896,21.6,1.241
2026-09-16,12:41:20.000,50.4444889,-5.0404381,21.2,1.474
2026-09-16,12:41:25.000,50.4444611,-5.0403501,21.8,1.353
2026-09-16,12:41:30.000,50.4444355,-5.0402670,21.8,1.306
2026-09-16,12:41:35.000,50.4444370,-5.0401763,22.2,1.297
2026-09-16,12:41:40.000,50.4444246,-5.0400996,22.8,1.316
2026-09-16,12:41:45.000,50.4444080,-5.0400353,23.0,1.148
2026-09-16,12:41:50.000,50.4444145,-5.0400464,23.2,1.017
2026-09-16,12:41:55.000,50.4444341,-5.0400896,23.6,0.000
2026-09-16,12:42:00.000,50.4444362,-5.0400712,23.6,0.000
2026-09-16,12:42:05.000,50.4444432,-5.0400685,23.6,0.000
2026-09-16,12:42:10.000,50.4444498,-5.0400577,23.6,0.000
2026-09-16,12:42:15.000,50.4444505,-5.0400509,23.6,0.000
2026-09-16,12:42:20.000,50.4444505,-5.0400509,23.6,0.000
2026-09-16,12:42:25.000,50.4444629,-5.0400401,23.6,0.000
2026-09-16,12:42:30.000,50.4444626,-5.0400409,23.8,0.000
2026-09-16,12:42:35.000,50.4444567,-5.0400022,23.6,0.000
2026-09-16,12:42:40.000,50.4444629,-5.0399888,23.6,0.000
2026-09-16,12:42:45.000,50.4444522,-5.0399753,23.0,0.000
2026-09-16,12:42:50.000,50.4444522,-5.0399753,23.2,0.000
2026-09-16,12:42:55.000,50.4444522,-5.0399753,23.2,0.000
2026-09-16,12:43:00.000,50.4444522,-5.0399753,23.0,0.000
2026-09-16,12:43:05.000,50.4444522,-5.0399753,23.2,0.000
2026-09-16,12:43:10.000,50.4444522,-5.0399753,23.0,0.000
2026-09-16,12:43:15.000,50.4444522,-5.0399753,23.0,0.000
2026-09-16,12:43:20.000,50.4444522,-5.0399753,23.0,0.000
2026-09-16,12:43:25.000,50.4444522,-5.0399753,22.8,0.000
2026-09-16,12:43:30.000,50.4444522,-5.0399753,22.8,0.000
2026-09-16,12:43:35.000,50.4444522,-5.0399753,22.8,0.000
2026-09-16,12:43:40.000,50.4444522,-5.0399753,23.2,0.000
2026-09-16,12:43:45.000,50.4444522,-5.0399753,23.4,0.000
2026-09-16,12:43:50.000,50.4444522,-5.0399753,23.2,0.000
2026-09-16,12:43:55.000,50.4444522,-5.0399753,23.4,0.000
2026-09-16,12:44:00.000,50.4444522,-5.0399753,23.6,0.000
2026-09-16,12:44:05.000,50.4444522,-5.0399753,23.8,0.000
2026-09-16,12:44:10.000,50.4444522,-5.0399753,23.6,0.000
2026-09-16,12:44:15.000,50.4444522,-5.0399753,23.4,0.000
2026-09-16,12:44:20.000,50.4444522,-5.0399753,23.4,0.000
2026-09-16,12:44:25.000,50.4444522,-5.0399753,23.2,0.000
2026-09-16,12:44:30.000,50.4444522,-5.0399753,23.2,0.000
2026-09-16,12:44:35.000,50.4444522,-5.0399753,23.4,0.000
2026-09-16,12:44:40.000,50.4444522,-5.0399753,23.2,0.000
2026-09-16,12:44:45.000,50.4444522,-5.0399753,23.2,0.000
2026-09-16,12:44:50.000,50.4444522,-5.0399753,23.2,0.000
2026-09-16,12:44:55.000,50.4444522,-5.0399753,23.4,0.000
2026-09-16,12:45:00.000,50.4444522,-5.0399753,23.4,0.000
2026-09-16,12:45:05.000,50.4444522,-5.0399753,23.6,0.000
2026-09-16,12:45:10.000,50.4444522,-5.0399753,23.6,0.000
2026-09-16,12:45:15.000,50.4444522,-5.0399753,23.6,0.000
2026-09-16,12:45:20.000,50.4444522,-5.0399753,23.6,0.000
2026-09-16,12:45:25.000,50.4444522,-5.0399753,23.4,0.000
2026-09-16,12:45:30.000,50.4444531,-5.0399573,23.4,0.000
2026-09-16,12:45:35.000,50.4444522,-5.0399753,23.2,0.000
2026-09-16,12:45:40.000,50.4444522,-5.0399753,22.8,0.000
2026-09-16,12:45:45.000,50.4444522,-5.0399753,23.0,0.000
2026-09-16,12:45:50.000,50.4444593,-5.0399643,23.6,0.000
2026-09-16,12:45:55.000,50.4444522,-5.0399753,23.2,0.000
2026-09-16,12:46:00.000,50.4444522,-5.0399753,23.0,0.000
2026-09-16,12:46:05.000,50.4444658,-5.0399666,23.2,0.000
2026-09-16,12:46:10.000,50.4444522,-5.0399753,23.2,0.000
2026-09-16,12:46:15.000,50.4444522,-5.0399753,23.4,0.000
2026-09-16,12:46:20.000,50.4444522,-5.0399753,23.6,0.000
2026-09-16,12:46:25.000,50.4444522,-5.0399753,23.2,0.579
2026-09-16,12:46:30.000,50.4444522,-5.0399753,23.2,0.000
2026-09-16,12:46:35.000,50.4444522,-5.0399753,23.2,0.000
2026-09-16,12:46:40.000,50.4444522,-5.0399753,23.2,0.000
2026-09-16,12:46:45.000,50.4444522,-5.0399753,23.4,0.000
2026-09-16,12:46:50.000,50.4444522,-5.0399753,23.2,0.000
2026-09-16,12:46:55.000,50.4444522,-5.0399753,23.2,0.000
2026-09-16,12:47:00.000,50.4444522,-5.0399753,23.2,0.000
2026-09-16,12:47:05.000,50.4444522,-5.0399753,23.4,0.000
2026-09-16,12:47:10.000,50.4444613,-5.0399261,23.2,0.905
2026-09-16,12:47:15.000,50.4444483,-5.0398577,23.8,1.409
2026-09-16,12:47:20.000,50.4444435,-5.0398290,23.6,0.980
2026-09-16,12:47:25.000,50.4444687,-5.0397992,23.6,0.924
2026-09-16,12:47:30.000,50.4444703,-5.0397362,23.8,0.961
2026-09-16,12:47:35.000,50.4444719,-5.0397319,24.0,0.756
2026-09-16,12:47:40.000,50.4444719,-5.0397319,24.0,0.000
2026-09-16,12:47:45.000,50.4444719,-5.0397319,23.6,0.000
2026-09-16,12:47:50.000,50.4444719,-5.0397319,23.6,0.000
2026-09-16,12:47:55.000,50.4444719,-5.0397319,23.6,0.000
2026-09-16,12:48:00.000,50.4444719,-5.0397319,23.6,0.000
2026-09-16,12:48:05.000,50.4444719,-5.0397319,23.6,0.000
2026-09-16,12:48:10.000,50.4444719,-5.0397319,23.8,0.000
2026-09-16,12:48:15.000,50.4444719,-5.0397319,23.8,0.000
2026-09-16,12:48:20.000,50.4444719,-5.0397319,23.8,0.000
2026-09-16,12:48:25.000,50.4444719,-5.0397319,23.6,0.000
2026-09-16,12:48:30.000,50.4444719,-5.0397319,23.4,0.000
2026-09-16,12:48:35.000,50.4444719,-5.0397319,23.6,0.000
2026-09-16,12:48:40.000,50.4444719,-5.0397319,23.6,0.000
2026-09-16,12:48:45.000,50.4444719,-5.0397319,23.8,0.000
2026-09-16,12:48:50.000,50.4444719,-5.0397319,23.0,0.000
2026-09-16,12:48:55.000,50.4444719,-5.0397319,23.2,0.000
2026-09-16,12:49:00.000,50.4444719,-5.0397319,23.2,0.000
2026-09-16,12:49:05.000,50.4444719,-5.0397319,23.0,0.000
2026-09-16,12:49:10.000,50.4444681,-5.0397219,23.0,0.000
2026-09-16,12:49:15.000,50.4444706,-5.0398132,22.6,0.700
2026-09-16,12:49:20.000,50.4444819,-5.0398805,22.6,1.148
2026-09-16,12:49:25.000,50.4444915,-5.0399785,22.8,1.353
2026-09-16,12:49:30.000,50.4445188,-5.0400335,23.0,1.166
2026-09-16,12:49:35.000,50.4445328,-5.0401107,23.2,1.232
2026-09-16,12:49:40.000,50.4445488,-5.0401801,23.0,1.222
2026-09-16,12:49:45.000,50.4445382,-5.0402525,22.4,1.138
2026-09-16,12:49:50.000,50.4445186,-5.0403320,22.2,1.213
2026-09-16,12:49:55.000,50.4444942,-5.0403721,21.8,1.129
2026-09-16,12:50:00.000,50.4445139,-5.0404211,21.2,1.054
2026-09-16,12:50:05.000,50.4445158,-5.0405197,20.8,1.213
2026-09-16,12:50:10.000,50.4445257,-5.0405930,21.0,1.176
2026-09-16,12:50:15.000,50.4445367,-5.0406752,21.2,1.185
2026-09-16,12:50:20.000,50.4445820,-5.0406776,21.4,1.138
2026-09-16,12:50:25.000,50.4446223,-5.0407263,21.6,1.166
2026-09-16,12:50:30.000,50.4446699,-5.0407594,22.0,1.185
2026-09-16,12:50:35.000,50.4447236,-5.0407662,23.2,1.157
2026-09-16,12:50:40.000,50.4447701,-5.0407660,24.2,1.110
2026-09-16,12:50:45.000,50.4448110,-5.0407527,24.6,1.082
2026-09-16,12:50:50.000,50.4448617,-5.0407105,25.2,1.120
2026-09-16,12:50:55.000,50.4449009,-5.0406539,25.6,1.148
2026-09-16,12:51:00.000,50.4449497,-5.0405829,26.2,1.204
2026-09-16,12:51:05.000,50.4449851,-5.0405415,26.8,1.176
2026-09-16,12:51:10.000,50.4450075,-5.0404875,27.2,1.138
2026-09-16,12:51:15.000,50.4450493,-5.0404439,28.0,1.120
2026-09-16,12:51:20.000,50.4450948,-5.0404063,28.6,1.157
2026-09-16,12:51:25.000,50.4451306,-5.0403700,29.4,1.082
2026-09-16,12:51:30.000,50.4451699,-5.0403665,30.4,0.980
2026-09-16,12:51:35.000,50.4451928,-5.0404030,31.0,0.942
2026-09-16,12:51:40.000,50.4452047,-5.0404241,31.0,0.802
2026-09-16,12:51:45.000,50.4452159,-5.0404709,32.0,0.765
2026-09-16,12:51:50.000,50.4452263,-5.0405165,33.8,0.821
2026-09-16,12:51:55.000,50.4452525,-5.0405588,33.8,0.886
2026-09-16,12:52:00.000,50.4452614,-5.0406368,33.8,1.054
2026-09-16,12:52:05.000,50.4452749,-5.0407130,34.0,1.222
2026-09-16,12:52:10.000,50.4452804,-5.0407617,35.2,0.886
2026-09-16,12:52:15.000,50.4453073,-5.0407482,36.2,0.746
2026-09-16,12:52:20.000,50.4453425,-5.0407969,37.0,0.961
2026-09-16,12:52:25.000,50.4453275,-5.0408381,37.0,0.765
2026-09-16,12:52:30.000,50.4453197,-5.0408658,37.6,0.000
2026-09-16,12:52:35.000,50.4453193,-5.0408658,37.8,0.000
2026-09-16,12:52:40.000,50.4453193,-5.0408658,38.2,0.000
2026-09-16,12:52:45.000,50.4453193,-5.0408658,38.0,0.000
2026-09-16,12:52:50.000,50.4453193,-5.0408658,38.0,0.000
2026-09-16,12:52:55.000,50.4453193,-5.0408658,38.0,0.000
2026-09-16,12:53:00.000,50.4453193,-5.0408658,38.0,0.000
2026-09-16,12:53:05.000,50.4453130,-5.0409045,38.0,0.000
2026-09-16,12:53:10.000,50.4453144,-5.0409472,39.2,0.597
2026-09-16,12:53:15.000,50.4453131,-5.0409437,39.4,0.000
2026-09-16,12:53:20.000,50.4453131,-5.0409437,39.2,0.000
2026-09-16,12:53:25.000,50.4453131,-5.0409437,39.2,0.000
2026-09-16,12:53:30.000,50.4453237,-5.0409837,39.6,0.000
2026-09-16,12:53:35.000,50.4453334,-5.0410398,40.8,0.000
2026-09-16,12:53:40.000,50.4453473,-5.0411088,42.0,0.905
2026-09-16,12:53:45.000,50.4453551,-5.0411726,43.2,1.008
2026-09-16,12:53:50.000,50.4453626,-5.0412462,44.0,1.008
2026-09-16,12:53:55.000,50.4453700,-5.0412983,44.4,0.970
2026-09-16,12:54:00.000,50.4453729,-5.0413025,44.6,0.000
2026-09-16,12:54:05.000,50.4453805,-5.0413097,44.6,0.000
2026-09-16,12:54:10.000,50.4454119,-5.0413180,45.8,0.000
2026-09-16,12:54:15.000,50.4454413,-5.0413158,47.0,0.840
2026-09-16,12:54:20.000,50.4454785,-5.0413251,48.0,1.054
2026-09-16,12:54:25.000,50.4455093,-5.0413319,49.2,1.110
2026-09-16,12:54:30.000,50.4455290,-5.0413227,49.6,0.858
2026-09-16,12:54:35.000,50.4455661,-5.0413057,50.2,0.858
2026-09-16,12:54:40.000,50.4456006,-5.0413014,50.6,0.886
2026-09-16,12:54:45.000,50.4456331,-5.0412989,51.4,0.868
2026-09-16,12:54:50.000,50.4456758,-5.0412884,52.0,0.868
2026-09-16,12:54:55.000,50.4457460,-5.0412877,52.8,1.120
2026-09-16,12:55:00.000,50.4457926,-5.0412833,53.6,1.157
2026-09-16,12:55:05.000,50.4458425,-5.0412766,54.2,1.064
2026-09-16,12:55:10.000,50.4458814,-5.0412824,54.4,0.998
2026-09-16,12:55:15.000,50.4459195,-5.0412913,54.8,0.896
2026-09-16,12:55:20.000,50.4459177,-5.0412864,55.0,0.625
2026-09-16,12:55:25.000,50.4459177,-5.0412864,54.8,0.000
2026-09-16,12:55:30.000,50.4459110,-5.0412803,54.8,0.000
2026-09-16,12:55:35.000,50.4459264,-5.0412872,55.2,0.000
2026-09-16,12:55:40.000,50.4459392,-5.0412781,55.4,0.000
2026-09-16,12:55:45.000,50.4459403,-5.0412761,55.4,0.000
2026-09-16,12:55:50.000,50.4459403,-5.0412761,54.8,0.000
2026-09-16,12:55:55.000,50.4459403,-5.0412761,54.6,0.000
2026-09-16,12:56:00.000,50.4459403,-5.0412761,55.2,0.000
2026-09-16,12:56:05.000,50.4459403,-5.0412761,55.2,0.000
2026-09-16,12:56:10.000,50.4459403,-5.0412761,55.2,0.000
2026-09-16,12:56:15.000,50.4459387,-5.0412749,55.2,0.000
2026-09-16,12:56:20.000,50.4459403,-5.0412761,55.4,0.000
2026-09-16,12:56:25.000,50.4460049,-5.0412777,55.8,1.521
2026-09-16,12:56:30.000,50.4460641,-5.0412644,56.4,1.297
2026-09-16,12:56:35.000,50.4461157,-5.0412532,57.4,1.334
2026-09-16,12:56:40.000,50.4461672,-5.0412481,57.2,1.204
2026-09-16,12:56:45.000,50.4462159,-5.0412412,56.8,1.250
2026-09-16,12:56:50.000,50.4462656,-5.0412393,57.0,1.278
2026-09-16,12:56:55.000,50.4463206,-5.0412289,57.2,1.297
2026-09-16,12:57:00.000,50.4463817,-5.0412078,57.4,1.288
2026-09-16,12:57:05.000,50.4464526,-5.0411883,57.8,1.344
2026-09-16,12:57:10.000,50.4465077,-5.0411683,58.6,1.325
2026-09-16,12:57:15.000,50.4465624,-5.0411247,58.8,1.344
2026-09-16,12:57:20.000,50.4466208,-5.0410721,59.2,1.362
2026-09-16,12:57:25.000,50.4466672,-5.0410131,59.4,1.353
2026-09-16,12:57:30.000,50.4467072,-5.0409342,59.2,1.372
2026-09-16,12:57:35.000,50.4467522,-5.0408656,59.8,1.362
2026-09-16,12:57:40.000,50.4467819,-5.0407782,62.8,1.390
2026-09-16,12:57:45.000,50.4468134,-5.0407093,62.2,1.362
2026-09-16,12:57:50.000,50.4468415,-5.0406291,60.4,1.316
2026-09-16,12:57:55.000,50.4468836,-5.0405539,60.4,1.334
2026-09-16,12:58:00.000,50.4469452,-5.0404778,60.4,1.437
2026-09-16,12:58:05.000,50.4469879,-5.0404369,60.8,1.418
2026-09-16,12:58:10.000,50.4470472,-5.0404079,60.8,1.372
2026-09-16,12:58:15.000,50.4470914,-5.0403624,61.4,1.362
2026-09-16,12:58:20.000,50.4471508,-5.0403189,61.8,1.372
2026-09-16,12:58:25.000,50.4471918,-5.0402768,62.2,1.344
2026-09-16,12:58:30.000,50.4472450,-5.0402257,62.6,1.297
2026-09-16,12:58:35.000,50.4472926,-5.0401903,62.8,1.316
2026-09-16,12:58:40.000,50.4473355,-5.0401588,63.4,1.194
2026-09-16,12:58:45.000,50.4473870,-5.0401104,64.0,1.250
2026-09-16,12:58:50.000,50.4474488,-5.0400706,64.4,1.278
2026-09-16,12:58:55.000,50.4475082,-5.0400402,65.4,1.316
2026-09-16,12:59:00.000,50.4475594,-5.0400067,66.2,1.306
2026-09-16,12:59:05.000,50.4476219,-5.0399679,66.8,1.372
2026-09-16,12:59:10.000,50.4476715,-5.0399285,67.2,1.353
2026-09-16,12:59:15.000,50.4477186,-5.0398945,67.6,1.288
2026-09-16,12:59:20.000,50.4477773,-5.0398625,68.0,1.278
2026-09-16,12:59:25.000,50.4478320,-5.0398227,68.4,1.306
2026-09-16,12:59:30.000,50.4478767,-5.0397883,69.0,1.297
2026-09-16,12:59:35.000,50.4479242,-5.0397637,69.2,1.250
2026-09-16,12:59:40.000,50.4479932,-5.0397260,69.4,1.269
2026-09-16,12:59:45.000,50.4480483,-5.0396927,69.6,1.297
2026-09-16,12:59:50.000,50.4481075,-5.0396553,69.6,1.316
2026-09-16,12:59:55.000,50.4481577,-5.0396180,70.0,1.306
2026-09-16,13:00:00.000,50.4482142,-5.0395790,70.6,1.297
2026-09-16,13:00:05.000,50.4482739,-5.0395426,70.6,1.316
2026-09-16,13:00:10.000,50.4483304,-5.0395032,70.2,1.344
2026-09-16,13:00:15.000,50.4483951,-5.0394687,69.8,1.353
2026-09-16,13:00:20.000,50.4484505,-5.0394444,69.2,1.344
2026-09-16,13:00:25.000,50.4485178,-5.0394182,68.8,1.372
2026-09-16,13:00:30.000,50.4485825,-5.0393832,68.6,1.400
2026-09-16,13:00:35.000,50.4486353,-5.0393431,68.4,1.409
2026-09-16,13:00:40.000,50.4487064,-5.0392899,67.2,1.446
2026-09-16,13:00:45.000,50.4487545,-5.0392584,66.6,1.409
2026-09-16,13:00:50.000,50.4488166,-5.0392206,66.0,1.390
2026-09-16,13:00:55.000,50.4488733,-5.0391858,65.8,1.428
2026-09-16,13:01:00.000,50.4489336,-5.0391418,65.8,1.409
2026-09-16,13:01:05.000,50.4489875,-5.0391132,66.6,1.390
2026-09-16,13:01:10.000,50.4490402,-5.0390742,67.8,1.362
2026-09-16,13:01:15.000,50.4490925,-5.0390414,68.4,1.325
2026-09-16,13:01:20.000,50.4491447,-5.0390116,70.2,1.297
2026-09-16,13:01:25.000,50.4491868,-5.0389849,70.6,1.232
2026-09-16,13:01:30.000,50.4492295,-5.0389616,70.4,1.185
2026-09-16,13:01:35.000,50.4492726,-5.0389446,72.4,1.166
2026-09-16,13:01:40.000,50.4493125,-5.0389183,73.4,1.110
2026-09-16,13:01:45.000,50.4493669,-5.0388849,74.2,1.092
2026-09-16,13:01:50.000,50.4494114,-5.0388492,74.0,1.129
2026-09-16,13:01:55.000,50.4494451,-5.0388509,75.6,1.064
2026-09-16,13:02:00.000,50.4494668,-5.0388453,75.6,0.905
2026-09-16,13:02:05.000,50.4495193,-5.0388335,76.4,1.045
2026-09-16,13:02:10.000,50.4495731,-5.0388176,77.0,1.213
2026-09-16,13:02:15.000,50.4496258,-5.0388082,77.4,1.138
2026-09-16,13:02:20.000,50.4496632,-5.0387746,78.2,1.129
2026-09-16,13:02:25.000,50.4497066,-5.0387625,78.4,1.045
2026-09-16,13:02:30.000,50.4497130,-5.0387647,78.6,0.000
2026-09-16,13:02:35.000,50.4497130,-5.0387647,78.6,0.000
2026-09-16,13:02:40.000,50.4497485,-5.0387649,79.4,0.000
2026-09-16,13:02:45.000,50.4498048,-5.0387748,80.0,0.793
2026-09-16,13:02:50.000,50.4498595,-5.0387733,80.2,1.148
2026-09-16,13:02:55.000,50.4499102,-5.0387778,81.0,1.054
2026-09-16,13:03:00.000,50.4499713,-5.0387890,81.4,1.204
2026-09-16,13:03:05.000,50.4500291,-5.0387891,81.8,1.241
2026-09-16,13:03:10.000,50.4500842,-5.0387811,82.0,1.222
2026-09-16,13:03:15.000,50.4501356,-5.0387842,82.4,1.166
2026-09-16,13:03:20.000,50.4501867,-5.0387745,82.4,1.110
2026-09-16,13:03:25.000,50.4502408,-5.0387394,82.4,1.101
2026-09-16,13:03:30.000,50.4502824,-5.0387163,82.2,1.129
2026-09-16,13:03:35.000,50.4503494,-5.0386813,82.8,1.250
2026-09-16,13:03:40.000,50.4504028,-5.0386357,83.0,1.269
2026-09-16,13:03:45.000,50.4504442,-5.0386003,82.8,1.241
2026-09-16,13:03:50.000,50.4504961,-5.0385540,83.0,1.232
2026-09-16,13:03:55.000,50.4505459,-5.0384921,83.6,1.260
2026-09-16,13:04:00.000,50.4505936,-5.0384524,83.8,1.250
2026-09-16,13:04:05.000,50.4506368,-5.0384078,84.2,1.232
2026-09-16,13:04:10.000,50.4506866,-5.0383610,84.6,1.232
2026-09-16,13:04:15.000,50.4507409,-5.0383227,84.8,1.241
2026-09-16,13:04:20.000,50.4507914,-5.0383007,85.2,1.232
2026-09-16,13:04:25.000,50.4508500,-5.0382766,85.6,1.232
2026-09-16,13:04:30.000,50.4509012,-5.0382519,85.8,1.213
2026-09-16,13:04:35.000,50.4509277,-5.0382444,86.2,1.166
2026-09-16,13:04:40.000,50.4509277,-5.0382444,86.0,0.000
2026-09-16,13:04:45.000,50.4509277,-5.0382444,85.8,0.000
2026-09-16,13:04:50.000,50.4509277,-5.0382444,85.6,0.000
2026-09-16,13:04:55.000,50.4509277,-5.0382444,85.8,0.000
2026-09-16,13:05:00.000,50.4509453,-5.0382403,85.8,0.000
2026-09-16,13:05:05.000,50.4509637,-5.0382312,86.0,0.345
2026-09-16,13:05:10.000,50.4509611,-5.0382379,85.6,0.000
2026-09-16,13:05:15.000,50.4510182,-5.0382277,86.2,0.532
2026-09-16,13:05:20.000,50.4510818,-5.0382198,86.0,1.278
2026-09-16,13:05:25.000,50.4511428,-5.0382101,86.4,1.381
2026-09-16,13:05:30.000,50.4511910,-5.0382018,86.4,1.241
2026-09-16,13:05:35.000,50.4512428,-5.0381842,86.8,1.204
2026-09-16,13:05:40.000,50.4513058,-5.0381641,86.6,1.278
2026-09-16,13:05:45.000,50.4513576,-5.0381595,86.8,1.204
2026-09-16,13:05:50.000,50.4514218,-5.0381427,86.0,1.372
2026-09-16,13:05:55.000,50.4514775,-5.0381176,86.4,1.297
2026-09-16,13:06:00.000,50.4515288,-5.0380872,86.4,1.316
2026-09-16,13:06:05.000,50.4515849,-5.0380456,86.2,1.297
2026-09-16,13:06:10.000,50.4516597,-5.0380213,86.0,1.381
2026-09-16,13:06:15.000,50.4517175,-5.0380184,85.8,1.390
2026-09-16,13:06:20.000,50.4517870,-5.0380063,85.4,1.409
2026-09-16,13:06:25.000,50.4518324,-5.0380114,85.4,1.362
2026-09-16,13:06:30.000,50.4518994,-5.0380166,85.2,1.372
2026-09-16,13:06:35.000,50.4519487,-5.0380223,85.2,1.353
2026-09-16,13:06:40.000,50.4520165,-5.0380257,84.8,1.362
2026-09-16,13:06:45.000,50.4520754,-5.0380292,84.0,1.334
2026-09-16,13:06:50.000,50.4521271,-5.0380497,84.2,1.334
2026-09-16,13:06:55.000,50.4521890,-5.0380684,84.4,1.334
2026-09-16,13:07:00.000,50.4522492,-5.0380294,83.8,1.372
2026-09-16,13:07:05.000,50.4522956,-5.0380105,83.8,1.288
2026-09-16,13:07:10.000,50.4523514,-5.0379896,84.0,1.250
2026-09-16,13:07:15.000,50.4524199,-5.0379644,83.6,1.372
2026-09-16,13:07:20.000,50.4524831,-5.0379529,83.4,1.362
2026-09-16,13:07:25.000,50.4525262,-5.0379243,83.4,1.306
2026-09-16,13:07:30.000,50.4525614,-5.0378787,82.8,1.204
2026-09-16,13:07:35.000,50.4526176,-5.0378614,83.4,1.185
2026-09-16,13:07:40.000,50.4526848,-5.0378324,84.0,1.269
2026-09-16,13:07:45.000,50.4527448,-5.0378274,83.6,1.269
2026-09-16,13:07:50.000,50.4528152,-5.0378375,83.2,1.306
2026-09-16,13:07:55.000,50.4528666,-5.0378686,83.0,1.316
2026-09-16,13:08:00.000,50.4529007,-5.0379158,82.6,1.269
2026-09-16,13:08:05.000,50.4528780,-5.0379136,82.2,0.000
2026-09-16,13:08:10.000,50.4528780,-5.0379136,82.2,0.000
2026-09-16,13:08:15.000,50.4528780,-5.0379136,82.4,0.000
2026-09-16,13:08:20.000,50.4528780,-5.0379136,82.8,0.000
2026-09-16,13:08:25.000,50.4528953,-5.0379040,82.6,0.000
2026-09-16,13:08:30.000,50.4529277,-5.0379297,82.4,0.000
2026-09-16,13:08:35.000,50.4529634,-5.0379680,82.4,0.299
2026-09-16,13:08:40.000,50.4529765,-5.0379768,82.2,0.000
2026-09-16,13:08:45.000,50.4529765,-5.0379768,82.2,0.000
2026-09-16,13:08:50.000,50.4529780,-5.0379807,82.2,0.000
2026-09-16,13:08:55.000,50.4530246,-5.0380079,82.0,0.000
2026-09-16,13:09:00.000,50.4530756,-5.0380189,81.8,1.334
2026-09-16,13:09:05.000,50.4531270,-5.0380382,81.6,1.185
2026-09-16,13:09:10.000,50.4531883,-5.0380474,81.0,1.362
2026-09-16,13:09:15.000,50.4532395,-5.0380632,80.8,1.288
2026-09-16,13:09:20.000,50.4532944,-5.0380796,80.4,1.269
2026-09-16,13:09:25.000,50.4533539,-5.0381044,80.2,1.381
2026-09-16,13:09:30.000,50.4533971,-5.0381365,80.0,1.185
2026-09-16,13:09:35.000,50.4534546,-5.0381832,79.4,1.288
2026-09-16,13:09:40.000,50.4534996,-5.0382450,79.0,1.306
2026-09-16,13:09:45.000,50.4535048,-5.0382535,79.0,0.000
2026-09-16,13:09:50.000,50.4535134,-5.0383103,78.6,0.700
2026-09-16,13:09:55.000,50.4535260,-5.0384036,78.2,1.316
2026-09-16,13:10:00.000,50.4535386,-5.0384937,77.8,1.288
2026-09-16,13:10:05.000,50.4535690,-5.0385519,77.2,1.269
2026-09-16,13:10:10.000,50.4536094,-5.0386233,77.4,1.316
2026-09-16,13:10:15.000,50.4536540,-5.0386484,77.2,1.157
2026-09-16,13:10:20.000,50.4536979,-5.0386604,76.8,1.054
2026-09-16,13:10:25.000,50.4537567,-5.0386535,78.0,1.372
2026-09-16,13:10:30.000,50.4538120,-5.0386460,78.0,1.241
2026-09-16,13:10:35.000,50.4538740,-5.0386356,78.4,1.278
2026-09-16,13:10:40.000,50.4539382,-5.0386137,78.2,1.353
2026-09-16,13:10:45.000,50.4539834,-5.0385953,78.2,1.278
2026-09-16,13:10:50.000,50.4540269,-5.0385699,78.0,1.250
2026-09-16,13:10:55.000,50.4540236,-5.0385456,77.6,1.110
2026-09-16,13:11:00.000,50.4540342,-5.0385556,77.6,0.000
2026-09-16,13:11:05.000,50.4540350,-5.0385564,77.4,0.000
2026-09-16,13:11:10.000,50.4540546,-5.0385507,77.8,0.000
2026-09-16,13:11:15.000,50.4541018,-5.0385490,78.0,0.457
2026-09-16,13:11:20.000,50.4541567,-5.0385229,77.6,1.092
2026-09-16,13:11:25.000,50.4542208,-5.0385176,77.4,1.446
2026-09-16,13:11:30.000,50.4542790,-5.0385282,77.0,1.456
2026-09-16,13:11:35.000,50.4543402,-5.0385316,76.8,1.372
2026-09-16,13:11:40.000,50.4544054,-5.0385607,76.8,1.390
2026-09-16,13:11:45.000,50.4544469,-5.0385787,76.4,1.232
2026-09-16,13:11:50.000,50.4544815,-5.0386024,76.2,1.110
2026-09-16,13:11:55.000,50.4545294,-5.0386471,75.6,1.213
2026-09-16,13:12:00.000,50.4545820,-5.0386856,75.6,1.288
2026-09-16,13:12:05.000,50.4546270,-5.0387140,75.4,1.194
2026-09-16,13:12:10.000,50.4546793,-5.0387514,75.0,1.204
2026-09-16,13:12:15.000,50.4547305,-5.0387929,74.4,1.250
2026-09-16,13:12:20.000,50.4547754,-5.0388328,74.4,1.213
2026-09-16,13:12:25.000,50.4548262,-5.0388699,74.2,1.232
2026-09-16,13:12:30.000,50.4548868,-5.0389048,73.6,1.250
2026-09-16,13:12:35.000,50.4549242,-5.0389383,73.4,1.213
2026-09-16,13:12:40.000,50.4549687,-5.0389552,72.8,1.176
2026-09-16,13:12:45.000,50.4550253,-5.0389749,72.0,1.204
2026-09-16,13:12:50.000,50.4550635,-5.0390039,72.0,1.176
2026-09-16,13:12:55.000,50.4551003,-5.0390163,71.6,1.138
2026-09-16,13:13:00.000,50.4551115,-5.0390240,71.2,0.933
2026-09-16,13:13:05.000,50.4551118,-5.0390241,71.2,0.000
2026-09-16,13:13:10.000,50.4551118,-5.0390241,71.2,0.000
2026-09-16,13:13:15.000,50.4551118,-5.0390241,71.2,0.000
2026-09-16,13:13:20.000,50.4551118,-5.0390241,71.4,0.000
2026-09-16,13:13:25.000,50.4551118,-5.0390241,71.6,0.000
2026-09-16,13:13:30.000,50.4551685,-5.0390430,71.6,0.457
2026-09-16,13:13:35.000,50.4552289,-5.0390672,71.2,1.390
2026-09-16,13:13:40.000,50.4552834,-5.0390825,70.6,1.260
2026-09-16,13:13:45.000,50.4553441,-5.0391102,71.0,1.288
2026-09-16,13:13:50.000,50.4553990,-5.0391452,70.6,1.288
2026-09-16,13:13:55.000,50.4554547,-5.0391905,69.0,1.278
2026-09-16,13:14:00.000,50.4554918,-5.0392526,69.2,1.232
2026-09-16,13:14:05.000,50.4555309,-5.0393227,69.0,1.288
2026-09-16,13:14:10.000,50.4555664,-5.0394022,68.4,1.288
2026-09-16,13:14:15.000,50.4556062,-5.0394853,68.2,1.306
2026-09-16,13:14:20.000,50.4556518,-5.0395625,68.0,1.334
2026-09-16,13:14:25.000,50.4557016,-5.0396396,68.6,1.381
2026-09-16,13:14:30.000,50.4557389,-5.0397152,68.0,1.381
2026-09-16,13:14:35.000,50.4557736,-5.0398005,68.4,1.400
2026-09-16,13:14:40.000,50.4557980,-5.0398836,68.8,1.390
2026-09-16,13:14:45.000,50.4558139,-5.0399249,68.4,1.045
2026-09-16,13:14:50.000,50.4558443,-5.0400009,68.2,1.054
2026-09-16,13:14:55.000,50.4558834,-5.0400407,69.0,1.073
2026-09-16,13:15:00.000,50.4559089,-5.0401215,70.0,1.101
2026-09-16,13:15:05.000,50.4559130,-5.0402187,69.6,1.185
2026-09-16,13:15:10.000,50.4559404,-5.0402952,69.2,1.194
2026-09-16,13:15:15.000,50.4559718,-5.0403536,69.2,1.194
2026-09-16,13:15:20.000,50.4559717,-5.0404167,69.6,1.120
2026-09-16,13:15:25.000,50.4559690,-5.0404425,69.2,0.952
2026-09-16,13:15:30.000,50.4559532,-5.0404550,68.8,0.215
2026-09-16,13:15:35.000,50.4559447,-5.0404466,69.4,0.000
2026-09-16,13:15:40.000,50.4559477,-5.0404571,69.2,0.000
2026-09-16,13:15:45.000,50.4559503,-5.0404573,69.0,0.000
2026-09-16,13:15:50.000,50.4559499,-5.0404594,69.0,0.000
2026-09-16,13:15:55.000,50.4559503,-5.0404573,69.0,0.000
2026-09-16,13:16:00.000,50.4559503,-5.0404573,69.4,0.000
2026-09-16,13:16:05.000,50.4559503,-5.0404573,69.4,0.000
2026-09-16,13:16:10.000,50.4559503,-5.0404573,69.4,0.000
2026-09-16,13:16:15.000,50.4559503,-5.0404573,69.2,0.000
2026-09-16,13:16:20.000,50.4559503,-5.0404573,68.8,0.000
2026-09-16,13:16:25.000,50.4559503,-5.0404573,68.8,0.000
2026-09-16,13:16:30.000,50.4559503,-5.0404573,68.8,0.000
2026-09-16,13:16:35.000,50.4559503,-5.0404573,68.8,0.000
2026-09-16,13:16:40.000,50.4559503,-5.0404573,68.8,0.000
2026-09-16,13:16:45.000,50.4559503,-5.0404573,68.8,0.000
2026-09-16,13:16:50.000,50.4559503,-5.0404573,68.8,0.000
2026-09-16,13:16:55.000,50.4559503,-5.0404573,68.8,0.000
2026-09-16,13:17:00.000,50.4559499,-5.0404785,69.2,0.000
2026-09-16,13:17:05.000,50.4559498,-5.0404782,69.2,0.000
2026-09-16,13:17:10.000,50.4559498,-5.0404782,69.2,0.000
2026-09-16,13:17:15.000,50.4559498,-5.0404782,69.2,0.000
2026-09-16,13:17:20.000,50.4559549,-5.0404701,69.2,0.000
2026-09-16,13:17:25.000,50.4559498,-5.0404782,69.4,0.000
2026-09-16,13:17:30.000,50.4559498,-5.0404782,69.2,0.000
2026-09-16,13:17:35.000,50.4559498,-5.0404782,69.2,0.000
2026-09-16,13:17:40.000,50.4559498,-5.0404782,69.2,0.000
2026-09-16,13:17:45.000,50.4559498,-5.0404782,69.4,0.000
2026-09-16,13:17:50.000,50.4559498,-5.0404782,69.6,0.000
2026-09-16,13:17:55.000,50.4559498,-5.0404782,69.4,0.000
2026-09-16,13:18:00.000,50.4559498,-5.0404782,69.4,0.000
2026-09-16,13:18:05.000,50.4559498,-5.0404782,69.4,0.000
2026-09-16,13:18:10.000,50.4559498,-5.0404782,69.4,0.000
2026-09-16,13:18:15.000,50.4559498,-5.0404782,69.4,0.000
2026-09-16,13:18:20.000,50.4559498,-5.0404782,69.2,0.000
2026-09-16,13:18:25.000,50.4559498,-5.0404782,69.2,0.000
2026-09-16,13:18:30.000,50.4559498,-5.0404782,69.4,0.000
2026-09-16,13:18:35.000,50.4559498,-5.0404782,69.6,0.000
2026-09-16,13:18:40.000,50.4559498,-5.0404782,69.2,0.000
2026-09-16,13:18:45.000,50.4559498,-5.0404782,69.2,0.000
2026-09-16,13:18:50.000,50.4559498,-5.0404782,69.6,0.000
2026-09-16,13:18:55.000,50.4559498,-5.0404782,69.6,0.000
2026-09-16,13:19:00.000,50.4559498,-5.0404782,69.4,0.000
2026-09-16,13:19:05.000,50.4559498,-5.0404782,69.2,0.000
2026-09-16,13:19:10.000,50.4559498,-5.0404782,69.2,0.000
2026-09-16,13:19:15.000,50.4559498,-5.0404782,69.2,0.000
2026-09-16,13:19:20.000,50.4559498,-5.0404782,69.6,0.000
2026-09-16,13:19:25.000,50.4559498,-5.0404782,69.6,0.000
2026-09-16,13:19:30.000,50.4559498,-5.0404782,69.6,0.000
2026-09-16,13:19:35.000,50.4559498,-5.0404782,69.6,0.000
2026-09-16,13:19:40.000,50.4559498,-5.0404782,69.6,0.000
2026-09-16,13:19:45.000,50.4559498,-5.0404782,69.4,0.000
2026-09-16,13:19:50.000,50.4559498,-5.0404782,69.6,0.000
2026-09-16,13:19:55.000,50.4559498,-5.0404782,69.4,0.000
2026-09-16,13:20:00.000,50.4559498,-5.0404782,69.2,0.000
2026-09-16,13:20:05.000,50.4559498,-5.0404782,69.2,0.000
2026-09-16,13:20:10.000,50.4559498,-5.0404782,69.8,0.000
2026-09-16,13:20:15.000,50.4559498,-5.0404782,69.2,0.000
2026-09-16,13:20:20.000,50.4559498,-5.0404782,69.2,0.000
2026-09-16,13:20:25.000,50.4559574,-5.0404566,69.4,0.000
2026-09-16,13:20:30.000,50.4559574,-5.0404566,69.8,0.000
2026-09-16,13:20:35.000,50.4559574,-5.0404566,69.8,0.000
2026-09-16,13:20:40.000,50.4559574,-5.0404566,69.4,0.000
2026-09-16,13:20:45.000,50.4559574,-5.0404566,69.0,0.000
2026-09-16,13:20:50.000,50.4559574,-5.0404566,69.4,0.000
2026-09-16,13:20:55.000,50.4559574,-5.0404566,69.6,0.000
2026-09-16,13:21:00.000,50.4559574,-5.0404566,69.0,0.000
2026-09-16,13:21:05.000,50.4559574,-5.0404566,69.0,0.000
2026-09-16,13:21:10.000,50.4559574,-5.0404566,69.2,0.000
2026-09-16,13:21:15.000,50.4559574,-5.0404566,69.2,0.000
2026-09-16,13:21:20.000,50.4559574,-5.0404566,69.0,0.000
2026-09-16,13:21:25.000,50.4559574,-5.0404566,69.4,0.000
2026-09-16,13:21:30.000,50.4559574,-5.0404566,69.4,0.000
2026-09-16,13:21:35.000,50.4559574,-5.0404566,69.2,0.000
2026-09-16,13:21:40.000,50.4559574,-5.0404566,69.4,0.000
2026-09-16,13:21:45.000,50.4559574,-5.0404566,69.0,0.000
2026-09-16,13:21:50.000,50.4559574,-5.0404566,69.4,0.000
2026-09-16,13:21:55.000,50.4559574,-5.0404566,69.2,0.000
2026-09-16,13:22:00.000,50.4559574,-5.0404566,69.2,0.000
2026-09-16,13:22:05.000,50.4559574,-5.0404566,69.0,0.000
2026-09-16,13:22:10.000,50.4559574,-5.0404566,69.0,0.000
2026-09-16,13:22:15.000,50.4559574,-5.0404566,69.0,0.000
2026-09-16,13:22:20.000,50.4559574,-5.0404566,68.8,0.000
2026-09-16,13:22:25.000,50.4559574,-5.0404566,68.6,0.000
2026-09-16,13:22:30.000,50.4559574,-5.0404566,68.8,0.000
2026-09-16,13:22:35.000,50.4559574,-5.0404566,69.0,0.000
2026-09-16,13:22:40.000,50.4559574,-5.0404566,68.8,0.000
2026-09-16,13:22:45.000,50.4559574,-5.0404566,69.2,0.000
2026-09-16,13:22:50.000,50.4559574,-5.0404566,69.0,0.000
2026-09-16,13:22:55.000,50.4559574,-5.0404566,69.0,0.000
2026-09-16,13:23:00.000,50.4559574,-5.0404566,69.0,0.000
2026-09-16,13:23:05.000,50.4559574,-5.0404566,69.2,0.000
2026-09-16,13:23:10.000,50.4559574,-5.0404566,69.4,0.000
2026-09-16,13:23:15.000,50.4559574,-5.0404566,69.2,0.000
2026-09-16,13:23:20.000,50.4559574,-5.0404566,69.2,0.000
2026-09-16,13:23:25.000,50.4559574,-5.0404566,69.6,0.000
2026-09-16,13:23:30.000,50.4559574,-5.0404566,70.0,0.000
2026-09-16,13:23:35.000,50.4559574,-5.0404566,69.8,0.000
2026-09-16,13:23:40.000,50.4559574,-5.0404566,69.4,0.000
2026-09-16,13:23:45.000,50.4559574,-5.0404566,69.6,0.000
2026-09-16,13:23:50.000,50.4559574,-5.0404566,69.6,0.000
2026-09-16,13:23:55.000,50.4559574,-5.0404566,69.6,0.000
2026-09-16,13:24:00.000,50.4559574,-5.0404566,69.4,0.000
2026-09-16,13:24:05.000,50.4559443,-5.0404655,69.6,0.000
2026-09-16,13:24:10.000,50.4559443,-5.0404655,68.8,0.000
2026-09-16,13:24:15.000,50.4559443,-5.0404655,69.2,0.000
2026-09-16,13:24:20.000,50.4559443,-5.0404655,69.6,0.000
2026-09-16,13:24:25.000,50.4559443,-5.0404655,69.6,0.000
2026-09-16,13:24:30.000,50.4559443,-5.0404655,69.4,0.000
2026-09-16,13:24:35.000,50.4559443,-5.0404655,69.6,0.000
2026-09-16,13:24:40.000,50.4559443,-5.0404655,69.6,0.000
2026-09-16,13:24:45.000,50.4559443,-5.0404655,69.8,0.000
2026-09-16,13:24:50.000,50.4559443,-5.0404655,69.4,0.000
2026-09-16,13:24:55.000,50.4559454,-5.0404785,70.0,0.000
2026-09-16,13:25:00.000,50.4559443,-5.0404655,70.6,0.000
2026-09-16,13:25:05.000,50.4559640,-5.0404951,70.8,0.000
2026-09-16,13:25:10.000,50.4560188,-5.0404941,69.6,1.194
2026-09-16,13:25:15.000,50.4560708,-5.0405297,68.8,1.362
2026-09-16,13:25:20.000,50.4561299,-5.0405673,70.0,1.456
2026-09-16,13:25:25.000,50.4561820,-5.0405823,71.6,1.372
2026-09-16,13:25:30.000,50.4562451,-5.0405918,71.2,1.372
2026-09-16,13:25:35.000,50.4562901,-5.0405984,71.6,1.316
2026-09-16,13:25:40.000,50.4563381,-5.0405911,70.6,1.157
2026-09-16,13:25:45.000,50.4563968,-5.0405573,71.6,1.288
2026-09-16,13:25:50.000,50.4564497,-5.0405444,71.6,1.278
2026-09-16,13:25:55.000,50.4565155,-5.0405367,71.8,1.297
2026-09-16,13:26:00.000,50.4565644,-5.0405252,71.2,1.316
2026-09-16,13:26:05.000,50.4566250,-5.0405163,70.8,1.316
2026-09-16,13:26:10.000,50.4566964,-5.0405087,70.0,1.362
2026-09-16,13:26:15.000,50.4567556,-5.0404988,69.8,1.400
2026-09-16,13:26:20.000,50.4568235,-5.0404614,69.4,1.409
2026-09-16,13:26:25.000,50.4568748,-5.0404421,69.0,1.409
2026-09-16,13:26:30.000,50.4569361,-5.0404222,68.4,1.390
2026-09-16,13:26:35.000,50.4569949,-5.0404147,68.6,1.353
2026-09-16,13:26:40.000,50.4570626,-5.0403961,68.0,1.409
2026-09-16,13:26:45.000,50.4571167,-5.0403504,68.0,1.418
2026-09-16,13:26:50.000,50.4571710,-5.0403168,67.8,1.400
2026-09-16,13:26:55.000,50.4572279,-5.0402900,67.0,1.400
2026-09-16,13:27:00.000,50.4572707,-5.0402734,66.2,1.278
2026-09-16,13:27:05.000,50.4573111,-5.0402591,65.4,1.241
2026-09-16,13:27:10.000,50.4573706,-5.0402492,64.2,1.241
2026-09-16,13:27:15.000,50.4574282,-5.0402687,63.0,1.260
2026-09-16,13:27:20.000,50.4574677,-5.0402867,62.2,1.176
2026-09-16,13:27:25.000,50.4575086,-5.0402991,61.0,1.138
2026-09-16,13:27:30.000,50.4575554,-5.0403210,60.2,1.129
2026-09-16,13:27:35.000,50.4576021,-5.0403447,59.2,1.110
2026-09-16,13:27:40.000,50.4576547,-5.0403818,58.4,1.148
2026-09-16,13:27:45.000,50.4577015,-5.0404375,56.0,1.194
2026-09-16,13:27:50.000,50.4577561,-5.0404774,56.0,1.222
2026-09-16,13:27:55.000,50.4578089,-5.0405276,55.2,1.232
2026-09-16,13:28:00.000,50.4578520,-5.0406121,54.2,1.297
2026-09-16,13:28:05.000,50.4578924,-5.0406605,54.4,1.288
2026-09-16,13:28:10.000,50.4579294,-5.0407373,54.2,1.306
2026-09-16,13:28:15.000,50.4579430,-5.0407892,53.8,1.278
2026-09-16,13:28:20.000,50.4579412,-5.0407896,54.0,0.000
2026-09-16,13:28:25.000,50.4579412,-5.0407896,53.8,0.000
2026-09-16,13:28:30.000,50.4579412,-5.0407896,54.0,0.000
2026-09-16,13:28:35.000,50.4579681,-5.0408291,54.2,0.000
2026-09-16,13:28:40.000,50.4580340,-5.0408855,54.8,1.558
2026-09-16,13:28:45.000,50.4580819,-5.0409211,54.6,1.297
2026-09-16,13:28:50.000,50.4581336,-5.0409773,54.2,1.334
2026-09-16,13:28:55.000,50.4581679,-5.0410249,54.0,1.241
2026-09-16,13:29:00.000,50.4582148,-5.0410768,53.8,1.241
2026-09-16,13:29:05.000,50.4582556,-5.0411097,52.8,1.148
2026-09-16,13:29:10.000,50.4582951,-5.0411329,51.4,1.008
2026-09-16,13:29:15.000,50.4583328,-5.0411771,50.4,1.017
2026-09-16,13:29:20.000,50.4583679,-5.0411936,49.2,0.952
2026-09-16,13:29:25.000,50.4583989,-5.0412268,48.0,0.933
2026-09-16,13:29:30.000,50.4584311,-5.0412604,46.8,0.942
2026-09-16,13:29:35.000,50.4584645,-5.0413057,45.8,0.933
2026-09-16,13:29:40.000,50.4584913,-5.0413222,44.6,0.802
2026-09-16,13:29:45.000,50.4585274,-5.0413650,43.8,0.840
2026-09-16,13:29:50.000,50.4585629,-5.0414212,43.0,0.989
2026-09-16,13:29:55.000,50.4585931,-5.0414773,42.0,1.017
2026-09-16,13:30:00.000,50.4585982,-5.0414738,41.0,0.933
2026-09-16,13:30:05.000,50.4586165,-5.0415200,40.6,0.000
2026-09-16,13:30:10.000,50.4586320,-5.0415612,39.6,0.000
2026-09-16,13:30:15.000,50.4586616,-5.0415863,38.6,0.812
2026-09-16,13:30:20.000,50.4587025,-5.0416129,36.8,0.924
2026-09-16,13:30:25.000,50.4587209,-5.0416344,36.0,0.905
2026-09-16,13:30:30.000,50.4587441,-5.0416375,34.4,0.802
2026-09-16,13:30:35.000,50.4587674,-5.0416445,32.8,0.709
2026-09-16,13:30:40.000,50.4588027,-5.0416330,31.6,0.877
2026-09-16,13:30:45.000,50.4588254,-5.0415612,29.8,0.952
2026-09-16,13:30:50.000,50.4588409,-5.0414937,29.6,1.008
2026-09-16,13:30:55.000,50.4588385,-5.0414151,29.6,1.045
2026-09-16,13:31:00.000,50.4588458,-5.0413941,29.8,0.821
2026-09-16,13:31:05.000,50.4588404,-5.0413963,30.2,0.000
2026-09-16,13:31:10.000,50.4588404,-5.0413963,30.4,0.000
2026-09-16,13:31:15.000,50.4588404,-5.0413963,30.0,0.000
2026-09-16,13:31:20.000,50.4588404,-5.0413963,29.8,0.000
2026-09-16,13:31:25.000,50.4588404,-5.0413963,29.8,0.000
2026-09-16,13:31:30.000,50.4588404,-5.0413963,30.0,0.000
2026-09-16,13:31:35.000,50.4588501,-5.0413828,29.8,0.000
2026-09-16,13:31:40.000,50.4588582,-5.0413229,30.2,0.336
2026-09-16,13:31:45.000,50.4588580,-5.0412367,30.8,0.970
2026-09-16,13:31:50.000,50.4588571,-5.0411422,31.4,1.148
2026-09-16,13:31:55.000,50.4588534,-5.0410418,31.8,1.232
2026-09-16,13:32:00.000,50.4588537,-5.0409632,32.2,1.241
2026-09-16,13:32:05.000,50.4588694,-5.0408776,32.8,1.232
2026-09-16,13:32:10.000,50.4588871,-5.0407996,32.6,1.260
2026-09-16,13:32:15.000,50.4589038,-5.0407113,33.4,1.232
2026-09-16,13:32:20.000,50.4589285,-5.0406405,34.0,1.213
2026-09-16,13:32:25.000,50.4589457,-5.0405552,34.8,1.176
2026-09-16,13:32:30.000,50.4589431,-5.0404586,35.2,1.306
2026-09-16,13:32:35.000,50.4589603,-5.0403882,35.8,1.250
2026-09-16,13:32:40.000,50.4589668,-5.0403078,37.0,1.232
2026-09-16,13:32:45.000,50.4589701,-5.0402321,37.8,1.204
2026-09-16,13:32:50.000,50.4590065,-5.0402058,38.4,1.110
2026-09-16,13:32:55.000,50.4590278,-5.0401522,39.2,1.054
2026-09-16,13:33:00.000,50.4590391,-5.0400949,40.4,1.026
2026-09-16,13:33:05.000,50.4590449,-5.0400483,41.2,0.980
2026-09-16,13:33:10.000,50.4590184,-5.0399708,42.0,0.998
2026-09-16,13:33:15.000,50.4590177,-5.0399302,42.4,0.924
2026-09-16,13:33:20.000,50.4590163,-5.0399288,42.6,0.000
2026-09-16,13:33:25.000,50.4590163,-5.0399288,42.8,0.000
2026-09-16,13:33:30.000,50.4590163,-5.0399288,42.6,0.000
2026-09-16,13:33:35.000,50.4590038,-5.0398635,42.8,0.000
2026-09-16,13:33:40.000,50.4589874,-5.0397726,43.2,1.260
2026-09-16,13:33:45.000,50.4589726,-5.0396822,43.4,1.316
2026-09-16,13:33:50.000,50.4589661,-5.0396045,43.4,1.269
2026-09-16,13:33:55.000,50.4589666,-5.0395180,44.4,1.213
2026-09-16,13:34:00.000,50.4589446,-5.0394292,45.4,1.213
2026-09-16,13:34:05.000,50.4589320,-5.0393459,45.8,1.101
2026-09-16,13:34:10.000,50.4589163,-5.0392524,46.6,1.213
2026-09-16,13:34:15.000,50.4589066,-5.0391748,47.0,1.213
2026-09-16,13:34:20.000,50.4588850,-5.0390994,47.8,1.185
2026-09-16,13:34:25.000,50.4588769,-5.0390288,49.0,1.138
2026-09-16,13:34:30.000,50.4588700,-5.0389541,49.8,1.110
2026-09-16,13:34:35.000,50.4588666,-5.0388735,50.2,1.092
2026-09-16,13:34:40.000,50.4588694,-5.0388095,50.8,1.073
2026-09-16,13:34:45.000,50.4588721,-5.0387531,52.0,1.036
2026-09-16,13:34:50.000,50.4588609,-5.0386859,53.0,1.008
2026-09-16,13:34:55.000,50.4588532,-5.0386201,53.8,0.998
2026-09-16,13:35:00.000,50.4588533,-5.0385521,54.4,0.980
2026-09-16,13:35:05.000,50.4588609,-5.0384880,55.4,0.961
2026-09-16,13:35:10.000,50.4588651,-5.0384288,56.4,0.942
2026-09-16,13:35:15.000,50.4588783,-5.0383804,59.0,0.886
2026-09-16,13:35:20.000,50.4588882,-5.0383250,59.2,0.858
2026-09-16,13:35:25.000,50.4588881,-5.0382655,59.8,0.858
2026-09-16,13:35:30.000,50.4589033,-5.0382094,60.2,0.858
2026-09-16,13:35:35.000,50.4589263,-5.0381686,60.2,0.830
2026-09-16,13:35:40.000,50.4589468,-5.0381322,61.4,0.793
2026-09-16,13:35:45.000,50.4589708,-5.0381236,62.4,0.737
2026-09-16,13:35:50.000,50.4589950,-5.0381075,63.2,0.653
2026-09-16,13:35:55.000,50.4590223,-5.0380695,64.4,0.718
2026-09-16,13:36:00.000,50.4590385,-5.0380099,65.6,0.849
2026-09-16,13:36:05.000,50.4590548,-5.0379675,66.0,0.737
2026-09-16,13:36:10.000,50.4590695,-5.0379224,66.8,0.709
2026-09-16,13:36:15.000,50.4590842,-5.0378718,67.6,0.746
2026-09-16,13:36:20.000,50.4590966,-5.0378125,68.4,0.746
2026-09-16,13:36:25.000,50.4591170,-5.0377602,69.4,0.737
2026-09-16,13:36:30.000,50.4591358,-5.0377315,69.8,0.718
2026-09-16,13:36:35.000,50.4591597,-5.0376754,71.0,0.765
2026-09-16,13:36:40.000,50.4591888,-5.0376305,71.8,0.840
2026-09-16,13:36:45.000,50.4592086,-5.0375849,72.2,0.812
2026-09-16,13:36:50.000,50.4592374,-5.0375516,73.0,0.774
2026-09-16,13:36:55.000,50.4592687,-5.0375281,74.0,0.784
2026-09-16,13:37:00.000,50.4593042,-5.0375243,74.6,0.784
2026-09-16,13:37:05.000,50.4593464,-5.0375081,74.8,0.849
2026-09-16,13:37:10.000,50.4593738,-5.0374697,76.2,0.849
2026-09-16,13:37:15.000,50.4594052,-5.0374287,78.0,0.886
2026-09-16,13:37:20.000,50.4594441,-5.0373720,78.6,0.952
2026-09-16,13:37:25.000,50.4594800,-5.0373101,78.6,0.989
2026-09-16,13:37:30.000,50.4595073,-5.0372490,79.0,1.036
2026-09-16,13:37:35.000,50.4595357,-5.0371745,79.8,1.054
2026-09-16,13:37:40.000,50.4595633,-5.0371147,80.8,1.054
2026-09-16,13:37:45.000,50.4595965,-5.0370470,81.4,1.073
2026-09-16,13:37:50.000,50.4596405,-5.0370101,80.8,1.064
2026-09-16,13:37:55.000,50.4596851,-5.0369823,82.0,1.054
2026-09-16,13:38:00.000,50.4597305,-5.0369676,82.2,1.045
2026-09-16,13:38:05.000,50.4597912,-5.0369638,82.0,1.073
2026-09-16,13:38:10.000,50.4598371,-5.0369754,82.0,1.092
2026-09-16,13:38:15.000,50.4598819,-5.0369785,82.4,1.064
2026-09-16,13:38:20.000,50.4599394,-5.0369877,83.0,1.082
2026-09-16,13:38:25.000,50.4599871,-5.0370041,83.2,1.073
2026-09-16,13:38:30.000,50.4600332,-5.0370103,84.4,1.092
2026-09-16,13:38:35.000,50.4600887,-5.0370325,85.4,1.110
2026-09-16,13:38:40.000,50.4601420,-5.0370492,85.4,1.120
2026-09-16,13:38:45.000,50.4601959,-5.0370726,85.8,1.138
2026-09-16,13:38:50.000,50.4602503,-5.0370983,86.0,1.157
2026-09-16,13:38:55.000,50.4602961,-5.0371346,86.8,1.157
2026-09-16,13:39:00.000,50.4603384,-5.0371756,87.6,1.148
2026-09-16,13:39:05.000,50.4603912,-5.0372040,87.6,1.166
2026-09-16,13:39:10.000,50.4604359,-5.0372490,87.4,1.185
2026-09-16,13:39:15.000,50.4604811,-5.0372939,88.0,1.241
2026-09-16,13:39:20.000,50.4605222,-5.0373522,87.8,1.185
2026-09-16,13:39:25.000,50.4605572,-5.0374220,89.0,1.194
2026-09-16,13:39:30.000,50.4606011,-5.0374668,89.0,1.213
2026-09-16,13:39:35.000,50.4606555,-5.0375036,89.6,1.222
2026-09-16,13:39:40.000,50.4607115,-5.0375376,89.4,1.241
2026-09-16,13:39:45.000,50.4607652,-5.0375602,89.6,1.241
2026-09-16,13:39:50.000,50.4608216,-5.0375774,88.8,1.269
2026-09-16,13:39:55.000,50.4608775,-5.0376036,88.0,1.269
2026-09-16,13:40:00.000,50.4609304,-5.0376298,88.2,1.260
2026-09-16,13:40:05.000,50.4609855,-5.0376417,88.8,1.288
2026-09-16,13:40:10.000,50.4610475,-5.0376741,89.8,1.316
2026-09-16,13:40:15.000,50.4610955,-5.0377054,89.8,1.316
2026-09-16,13:40:20.000,50.4611545,-5.0377452,88.4,1.316
2026-09-16,13:40:25.000,50.4612117,-5.0377909,89.2,1.325
2026-09-16,13:40:30.000,50.4612655,-5.0378282,89.0,1.344
2026-09-16,13:40:35.000,50.4613131,-5.0378662,88.6,1.325
2026-09-16,13:40:40.000,50.4613713,-5.0379045,86.2,1.325
2026-09-16,13:40:45.000,50.4614229,-5.0379484,86.2,1.325
2026-09-16,13:40:50.000,50.4614607,-5.0380142,85.2,1.325
2026-09-16,13:40:55.000,50.4614798,-5.0380879,84.8,1.297
2026-09-16,13:41:00.000,50.4615235,-5.0381664,84.0,1.306
2026-09-16,13:41:05.000,50.4615462,-5.0382380,83.4,1.288
2026-09-16,13:41:10.000,50.4615550,-5.0383280,83.2,1.288
2026-09-16,13:41:15.000,50.4615573,-5.0384140,82.8,1.297
2026-09-16,13:41:20.000,50.4615357,-5.0384851,81.6,1.232
2026-09-16,13:41:25.000,50.4614988,-5.0385699,80.8,1.297
2026-09-16,13:41:30.000,50.4614712,-5.0386450,80.6,1.269
2026-09-16,13:41:35.000,50.4614456,-5.0387210,79.8,1.250
2026-09-16,13:41:40.000,50.4614215,-5.0388098,79.2,1.250
2026-09-16,13:41:45.000,50.4613993,-5.0388818,78.4,1.232
2026-09-16,13:41:50.000,50.4613818,-5.0389553,77.4,1.213
2026-09-16,13:41:55.000,50.4613505,-5.0390366,76.6,1.194
2026-09-16,13:42:00.000,50.4613346,-5.0391170,75.8,1.213
2026-09-16,13:42:05.000,50.4613330,-5.0391917,75.2,1.194
2026-09-16,13:42:10.000,50.4613338,-5.0392865,74.2,1.204
2026-09-16,13:42:15.000,50.4613425,-5.0393678,73.4,1.194
2026-09-16,13:42:20.000,50.4613391,-5.0394511,72.4,1.185
2026-09-16,13:42:25.000,50.4613360,-5.0395266,71.4,1.176
2026-09-16,13:42:30.000,50.4613562,-5.0395847,70.2,1.148
2026-09-16,13:42:35.000,50.4613729,-5.0396531,69.4,1.129
2026-09-16,13:42:40.000,50.4614228,-5.0397211,68.8,1.166
2026-09-16,13:42:45.000,50.4614692,-5.0397866,67.8,1.241
2026-09-16,13:42:50.000,50.4615189,-5.0398349,67.4,1.232
2026-09-16,13:42:55.000,50.4615589,-5.0399083,66.8,1.269
2026-09-16,13:43:00.000,50.4616004,-5.0399809,66.2,1.250
2026-09-16,13:43:05.000,50.4616454,-5.0400489,65.6,1.288
2026-09-16,13:43:10.000,50.4616833,-5.0401207,65.2,1.288
2026-09-16,13:43:15.000,50.4617235,-5.0401865,64.8,1.288
2026-09-16,13:43:20.000,50.4617674,-5.0402614,64.2,1.362
2026-09-16,13:43:25.000,50.4618147,-5.0403053,64.2,1.316
2026-09-16,13:43:30.000,50.4618758,-5.0403451,64.0,1.325
2026-09-16,13:43:35.000,50.4619245,-5.0403892,64.0,1.325
2026-09-16,13:43:40.000,50.4619903,-5.0404351,63.8,1.372
2026-09-16,13:43:45.000,50.4620400,-5.0404682,64.0,1.381
2026-09-16,13:43:50.000,50.4620894,-5.0404788,64.2,1.344
2026-09-16,13:43:55.000,50.4621227,-5.0404784,65.0,1.129
2026-09-16,13:44:00.000,50.4621225,-5.0404783,65.0,0.000
2026-09-16,13:44:05.000,50.4621341,-5.0404856,65.0,0.000
2026-09-16,13:44:10.000,50.4621785,-5.0405151,65.4,1.101
2026-09-16,13:44:15.000,50.4622265,-5.0405169,65.6,1.101
2026-09-16,13:44:20.000,50.4622741,-5.0405358,66.2,1.092
2026-09-16,13:44:25.000,50.4623197,-5.0405618,67.0,1.082
2026-09-16,13:44:30.000,50.4623757,-5.0405918,67.4,1.101
2026-09-16,13:44:35.000,50.4624346,-5.0406394,67.2,1.194
2026-09-16,13:44:40.000,50.4624905,-5.0406740,66.8,1.241
2026-09-16,13:44:45.000,50.4625443,-5.0407089,66.2,1.278
2026-09-16,13:44:50.000,50.4625886,-5.0407312,66.2,1.232
2026-09-16,13:44:55.000,50.4626637,-5.0407776,66.0,1.297
2026-09-16,13:45:00.000,50.4627155,-5.0408142,66.0,1.325
2026-09-16,13:45:05.000,50.4627650,-5.0408444,66.0,1.297
2026-09-16,13:45:10.000,50.4628176,-5.0408674,66.4,1.288
2026-09-16,13:45:15.000,50.4628746,-5.0409064,66.4,1.297
2026-09-16,13:45:20.000,50.4629350,-5.0409481,66.6,1.344
2026-09-16,13:45:25.000,50.4629911,-5.0409729,66.6,1.353
2026-09-16,13:45:30.000,50.4630692,-5.0410049,64.8,1.428
2026-09-16,13:45:35.000,50.4631309,-5.0410694,65.6,1.493
2026-09-16,13:45:40.000,50.4631607,-5.0411283,65.6,1.446
2026-09-16,13:45:45.000,50.4631817,-5.0412025,62.8,1.390
2026-09-16,13:45:50.000,50.4632057,-5.0412762,61.8,1.353
2026-09-16,13:45:55.000,50.4632484,-5.0412848,61.8,1.269
2026-09-16,13:46:00.000,50.4633157,-5.0412769,61.8,1.353
2026-09-16,13:46:05.000,50.4633817,-5.0412963,62.4,1.334
2026-09-16,13:46:10.000,50.4634506,-5.0413055,62.6,1.334
2026-09-16,13:46:15.000,50.4635189,-5.0413142,62.8,1.409
2026-09-16,13:46:20.000,50.4635827,-5.0413382,62.8,1.400
2026-09-16,13:46:25.000,50.4636427,-5.0413444,63.2,1.400
2026-09-16,13:46:30.000,50.4637024,-5.0413654,63.6,1.400
2026-09-16,13:46:35.000,50.4637549,-5.0413883,63.6,1.362
2026-09-16,13:46:40.000,50.4638128,-5.0414087,63.6,1.381
2026-09-16,13:46:45.000,50.4638701,-5.0414527,63.6,1.362
2026-09-16,13:46:50.000,50.4639251,-5.0414744,63.2,1.400
2026-09-16,13:46:55.000,50.4639809,-5.0414636,63.0,1.353
2026-09-16,13:47:00.000,50.4640327,-5.0414436,62.8,1.334
2026-09-16,13:47:05.000,50.4640794,-5.0414584,61.4,1.250
2026-09-16,13:47:10.000,50.4641079,-5.0414584,63.0,0.000
2026-09-16,13:47:15.000,50.4641585,-5.0414815,62.0,1.325
2026-09-16,13:47:20.000,50.4641870,-5.0414921,61.2,0.970
2026-09-16,13:47:25.000,50.4642273,-5.0414768,60.8,1.092
2026-09-16,13:47:30.000,50.4642490,-5.0414279,61.4,0.998
2026-09-16,13:47:35.000,50.4642794,-5.0413745,61.4,0.980
2026-09-16,13:47:40.000,50.4642788,-5.0413771,61.4,0.000
2026-09-16,13:47:45.000,50.4642788,-5.0413771,61.0,0.000
2026-09-16,13:47:50.000,50.4642788,-5.0413771,61.8,0.000
2026-09-16,13:47:55.000,50.4642788,-5.0413771,61.2,0.000
2026-09-16,13:48:00.000,50.4642788,-5.0413771,62.8,0.000
2026-09-16,13:48:05.000,50.4642806,-5.0413704,62.0,0.000
2026-09-16,13:48:10.000,50.4643105,-5.0413071,61.2,0.000
2026-09-16,13:48:15.000,50.4643409,-5.0412393,61.0,0.998
2026-09-16,13:48:20.000,50.4643752,-5.0411800,59.8,1.157
2026-09-16,13:48:25.000,50.4644089,-5.0411232,59.4,1.110
2026-09-16,13:48:30.000,50.4644529,-5.0410685,58.6,1.166
2026-09-16,13:48:35.000,50.4644855,-5.0409938,56.6,1.213
2026-09-16,13:48:40.000,50.4645145,-5.0409139,54.6,1.353
2026-09-16,13:48:45.000,50.4645477,-5.0408501,54.0,1.250
2026-09-16,13:48:50.000,50.4645832,-5.0407720,54.2,1.250
2026-09-16,13:48:55.000,50.4646227,-5.0406641,53.6,1.381
2026-09-16,13:49:00.000,50.4646506,-5.0405829,53.2,1.381
2026-09-16,13:49:05.000,50.4646826,-5.0404965,53.4,1.381
2026-09-16,13:49:10.000,50.4647054,-5.0404064,53.6,1.409
2026-09-16,13:49:15.000,50.4647238,-5.0403252,54.2,1.362
2026-09-16,13:49:20.000,50.4647378,-5.0402535,54.4,1.334
2026-09-16,13:49:25.000,50.4647542,-5.0401634,55.4,1.316
2026-09-16,13:49:30.000,50.4647572,-5.0401020,56.4,1.232
2026-09-16,13:49:35.000,50.4647600,-5.0400155,57.4,1.213
2026-09-16,13:49:40.000,50.4647648,-5.0399480,58.4,1.148
2026-09-16,13:49:45.000,50.4647668,-5.0398758,59.6,1.101
2026-09-16,13:49:50.000,50.4647662,-5.0398030,60.8,1.101
2026-09-16,13:49:55.000,50.4647721,-5.0397316,61.4,1.054
2026-09-16,13:50:00.000,50.4647741,-5.0396578,62.0,1.045
2026-09-16,13:50:05.000,50.4647824,-5.0396106,62.4,0.989
2026-09-16,13:50:10.000,50.4647922,-5.0395285,63.8,1.008
2026-09-16,13:50:15.000,50.4648078,-5.0394666,64.8,1.026
2026-09-16,13:50:20.000,50.4648204,-5.0394065,65.4,0.961
2026-09-16,13:50:25.000,50.4648352,-5.0393401,66.0,0.961
2026-09-16,13:50:30.000,50.4648434,-5.0392631,67.0,0.989
2026-09-16,13:50:35.000,50.4648444,-5.0391872,68.2,1.008
2026-09-16,13:50:40.000,50.4648536,-5.0391121,68.0,1.017
2026-09-16,13:50:45.000,50.4648670,-5.0390388,68.8,1.026
2026-09-16,13:50:50.000,50.4648815,-5.0389691,70.6,1.036
2026-09-16,13:50:55.000,50.4648925,-5.0388884,73.2,1.045
2026-09-16,13:51:00.000,50.4649032,-5.0388046,73.8,1.092
2026-09-16,13:51:05.000,50.4649221,-5.0387217,74.6,1.101
2026-09-16,13:51:10.000,50.4649497,-5.0386426,75.2,1.166
2026-09-16,13:51:15.000,50.4649784,-5.0385741,76.4,1.166
2026-09-16,13:51:20.000,50.4650239,-5.0385000,75.4,1.213
2026-09-16,13:51:25.000,50.4650570,-5.0384182,74.4,1.260
2026-09-16,13:51:30.000,50.4650904,-5.0383453,73.6,1.269
2026-09-16,13:51:35.000,50.4651337,-5.0382802,74.4,1.269
2026-09-16,13:51:40.000,50.4651807,-5.0382183,72.8,1.278
2026-09-16,13:51:45.000,50.4652310,-5.0381559,71.8,1.278
2026-09-16,13:51:50.000,50.4652773,-5.0380912,71.2,1.297
2026-09-16,13:51:55.000,50.4653269,-5.0380326,70.0,1.316
2026-09-16,13:52:00.000,50.4653699,-5.0380019,69.2,1.288
2026-09-16,13:52:05.000,50.4654212,-5.0379559,68.6,1.288
2026-09-16,13:52:10.000,50.4654818,-5.0378984,68.2,1.306
2026-09-16,13:52:15.000,50.4655441,-5.0378593,68.2,1.325
2026-09-16,13:52:20.000,50.4655937,-5.0378132,67.4,1.344
2026-09-16,13:52:25.000,50.4656550,-5.0377861,66.6,1.344
2026-09-16,13:52:30.000,50.4657213,-5.0377559,66.4,1.381
2026-09-16,13:52:35.000,50.4657724,-5.0377248,66.2,1.400
2026-09-16,13:52:40.000,50.4658158,-5.0376746,66.0,1.344
2026-09-16,13:52:45.000,50.4658541,-5.0375935,65.2,1.381
2026-09-16,13:52:50.000,50.4658809,-5.0375276,64.6,1.353
2026-09-16,13:52:55.000,50.4659236,-5.0374352,64.2,1.372
2026-09-16,13:53:00.000,50.4659596,-5.0373777,63.8,1.353
2026-09-16,13:53:05.000,50.4659795,-5.0373010,63.2,1.325
2026-09-16,13:53:10.000,50.4660113,-5.0372182,63.2,1.325
2026-09-16,13:53:15.000,50.4660196,-5.0372122,63.6,0.000
2026-09-16,13:53:20.000,50.4660461,-5.0371457,62.4,0.980
2026-09-16,13:53:25.000,50.4660588,-5.0370678,61.4,1.194
2026-09-16,13:53:30.000,50.4660819,-5.0369795,61.2,1.288
2026-09-16,13:53:35.000,50.4661105,-5.0368924,60.0,1.334
2026-09-16,13:53:40.000,50.4661413,-5.0368176,58.8,1.316
2026-09-16,13:53:45.000,50.4661709,-5.0367448,58.4,1.297
2026-09-16,13:53:50.000,50.4661926,-5.0366662,57.8,1.269
2026-09-16,13:53:55.000,50.4662142,-5.0365927,58.0,1.241
2026-09-16,13:54:00.000,50.4662372,-5.0365111,56.6,1.222
2026-09-16,13:54:05.000,50.4662444,-5.0364104,55.2,1.260
2026-09-16,13:54:10.000,50.4662506,-5.0363213,55.4,1.269
2026-09-16,13:54:15.000,50.4662497,-5.0362270,55.0,1.278
2026-09-16,13:54:20.000,50.4662060,-5.0361842,54.6,1.269
2026-09-16,13:54:25.000,50.4661904,-5.0360865,54.6,1.269
2026-09-16,13:54:30.000,50.4661782,-5.0360018,54.4,1.278
2026-09-16,13:54:35.000,50.4661669,-5.0359046,53.6,1.297
2026-09-16,13:54:40.000,50.4661561,-5.0358253,53.2,1.297
2026-09-16,13:54:45.000,50.4661359,-5.0357370,52.4,1.297
2026-09-16,13:54:50.000,50.4661165,-5.0356587,51.8,1.297
2026-09-16,13:54:55.000,50.4661141,-5.0356303,51.2,1.082
2026-09-16,13:55:00.000,50.4661141,-5.0356303,51.0,0.000
2026-09-16,13:55:05.000,50.4661141,-5.0356303,51.2,0.000
2026-09-16,13:55:10.000,50.4661141,-5.0356303,51.0,0.000
2026-09-16,13:55:15.000,50.4661141,-5.0356303,51.6,0.000
2026-09-16,13:55:20.000,50.4661151,-5.0356090,51.6,0.000
2026-09-16,13:55:25.000,50.4661100,-5.0355428,50.6,0.588
2026-09-16,13:55:30.000,50.4661098,-5.0354922,48.8,0.812
2026-09-16,13:55:35.000,50.4661154,-5.0354342,46.8,0.868
2026-09-16,13:55:40.000,50.4661064,-5.0353855,45.6,0.886
2026-09-16,13:55:45.000,50.4661088,-5.0353342,44.8,0.821
2026-09-16,13:55:50.000,50.4661039,-5.0352863,43.8,0.812
2026-09-16,13:55:55.000,50.4661074,-5.0352274,42.0,0.821
2026-09-16,13:56:00.000,50.4661028,-5.0351823,41.8,0.793
2026-09-16,13:56:05.000,50.4661023,-5.0351361,40.6,0.765
2026-09-16,13:56:10.000,50.4661021,-5.0350753,39.8,0.784
2026-09-16,13:56:15.000,50.4660990,-5.0350402,38.2,0.756
2026-09-16,13:56:20.000,50.4660997,-5.0349931,36.6,0.756
2026-09-16,13:56:25.000,50.4660951,-5.0349330,35.2,0.756
2026-09-16,13:56:30.000,50.4661017,-5.0348894,34.4,0.756
2026-09-16,13:56:35.000,50.4661031,-5.0348379,32.6,0.765
2026-09-16,13:56:40.000,50.4660957,-5.0347814,31.2,0.821
2026-09-16,13:56:45.000,50.4660943,-5.0347279,30.4,0.802
2026-09-16,13:56:50.000,50.4660943,-5.0346646,29.0,0.858
2026-09-16,13:56:55.000,50.4661100,-5.0346367,28.4,0.830
2026-09-16,13:57:00.000,50.4660830,-5.0345425,27.4,0.942
2026-09-16,13:57:05.000,50.4660488,-5.0344766,26.8,1.064
2026-09-16,13:57:10.000,50.4659981,-5.0343927,25.8,1.194
2026-09-16,13:57:15.000,50.4659593,-5.0343301,25.4,1.232
2026-09-16,13:57:20.000,50.4659080,-5.0342735,24.6,1.250
2026-09-16,13:57:25.000,50.4658698,-5.0341951,24.4,1.288
2026-09-16,13:57:30.000,50.4658272,-5.0341311,23.2,1.288
2026-09-16,13:57:35.000,50.4657794,-5.0340574,23.4,1.325
2026-09-16,13:57:40.000,50.4657343,-5.0339917,22.8,1.316
2026-09-16,13:57:45.000,50.4656936,-5.0339139,22.2,1.334
2026-09-16,13:57:50.000,50.4656502,-5.0338483,21.8,1.344
2026-09-16,13:57:55.000,50.4656027,-5.0337870,21.4,1.353
2026-09-16,13:58:00.000,50.4655809,-5.0337207,21.0,1.316
2026-09-16,13:58:05.000,50.4655496,-5.0336583,20.6,1.288
2026-09-16,13:58:10.000,50.4655100,-5.0335727,20.2,1.325
2026-09-16,13:58:15.000,50.4654640,-5.0335183,19.8,1.353
2026-09-16,13:58:20.000,50.4654089,-5.0334867,19.8,1.334
2026-09-16,13:58:25.000,50.4653584,-5.0334578,20.0,1.316
2026-09-16,13:58:30.000,50.4653107,-5.0334141,20.4,1.325
2026-09-16,13:58:35.000,50.4652723,-5.0333909,21.0,1.241
2026-09-16,13:58:40.000,50.4652513,-5.0333395,21.6,1.129
2026-09-16,13:58:45.000,50.4652380,-5.0333189,21.6,0.896
2026-09-16,13:58:50.000,50.4652357,-5.0333158,21.2,0.000
2026-09-16,13:58:55.000,50.4652363,-5.0333267,21.2,0.000
2026-09-16,13:59:00.000,50.4652357,-5.0333158,21.2,0.000
2026-09-16,13:59:05.000,50.4652357,-5.0333158,21.4,0.000
2026-09-16,13:59:10.000,50.4652357,-5.0333158,21.6,0.000
2026-09-16,13:59:15.000,50.4652357,-5.0333158,21.6,0.000
2026-09-16,13:59:20.000,50.4652357,-5.0333158,21.4,0.000
2026-09-16,13:59:25.000,50.4652357,-5.0333158,21.2,0.000
2026-09-16,13:59:30.000,50.4652357,-5.0333158,21.2,0.000
2026-09-16,13:59:35.000,50.4652357,-5.0333158,21.0,0.000
2026-09-16,13:59:40.000,50.4652261,-5.0332935,21.2,0.000
2026-09-16,13:59:45.000,50.4652259,-5.0332931,21.2,0.000
2026-09-16,13:59:50.000,50.4652259,-5.0332931,21.0,0.000
2026-09-16,13:59:55.000,50.4652259,-5.0332931,21.0,0.000
2026-09-16,14:00:00.000,50.4652259,-5.0332931,21.2,0.000
2026-09-16,14:00:05.000,50.4652259,-5.0332931,21.0,0.000
2026-09-16,14:00:10.000,50.4652259,-5.0332931,21.0,0.000
2026-09-16,14:00:15.000,50.4652259,-5.0332931,20.6,0.000
2026-09-16,14:00:20.000,50.4652168,-5.0332706,21.2,0.000
2026-09-16,14:00:25.000,50.4652168,-5.0332706,21.0,0.000
2026-09-16,14:00:30.000,50.4652081,-5.0332422,20.8,0.000
2026-09-16,14:00:35.000,50.4651856,-5.0331702,20.2,0.737
2026-09-16,14:00:40.000,50.4651538,-5.0330984,19.6,1.297
2026-09-16,14:00:45.000,50.4651419,-5.0330069,19.0,1.362
2026-09-16,14:00:50.000,50.4651164,-5.0329209,18.8,1.344
2026-09-16,14:00:55.000,50.4651142,-5.0328405,18.4,1.381
2026-09-16,14:01:00.000,50.4650717,-5.0327964,17.2,1.241
2026-09-16,14:01:05.000,50.4650268,-5.0327204,16.6,1.241
2026-09-16,14:01:10.000,50.4649987,-5.0326263,16.6,1.334
2026-09-16,14:01:15.000,50.4649618,-5.0325460,16.0,1.344
2026-09-16,14:01:20.000,50.4649305,-5.0324652,15.8,1.353
2026-09-16,14:01:25.000,50.4649066,-5.0324028,15.6,1.316
2026-09-16,14:01:30.000,50.4648775,-5.0323419,15.4,1.241
2026-09-16,14:01:35.000,50.4648590,-5.0322690,15.2,1.204
2026-09-16,14:01:40.000,50.4648622,-5.0321803,15.2,1.260
2026-09-16,14:01:45.000,50.4648725,-5.0320852,15.2,1.269
2026-09-16,14:01:50.000,50.4648927,-5.0320076,15.2,1.260
2026-09-16,14:01:55.000,50.4649122,-5.0319183,15.0,1.297
2026-09-16,14:02:00.000,50.4649239,-5.0318426,14.4,1.269
2026-09-16,14:02:05.000,50.4649429,-5.0317534,14.0,1.278
2026-09-16,14:02:10.000,50.4649722,-5.0316627,14.4,1.297
2026-09-16,14:02:15.000,50.4649969,-5.0316628,14.6,1.288
2026-09-16,14:02:20.000,50.4650218,-5.0317389,15.0,1.260
2026-09-16,14:02:25.000,50.4650620,-5.0317792,14.0,1.222
2026-09-16,14:02:30.000,50.4651140,-5.0317972,13.8,1.204
2026-09-16,14:02:35.000,50.4651679,-5.0317996,13.4,1.194
2026-09-16,14:02:40.000,50.4652161,-5.0318298,12.4,1.204
2026-09-16,14:02:45.000,50.4652791,-5.0318597,12.4,1.278
2026-09-16,14:02:50.000,50.4653335,-5.0318732,12.6,1.306
2026-09-16,14:02:55.000,50.4653881,-5.0318924,12.2,1.297
2026-09-16,14:03:00.000,50.4654496,-5.0318975,12.4,1.325
2026-09-16,14:03:05.000,50.4655117,-5.0318916,12.0,1.325
2026-09-16,14:03:10.000,50.4655634,-5.0318863,11.6,1.334
2026-09-16,14:03:15.000,50.4656280,-5.0318996,11.2,1.325
2026-09-16,14:03:20.000,50.4657021,-5.0318982,11.0,1.390
2026-09-16,14:03:25.000,50.4657448,-5.0318908,11.2,1.344
2026-09-16,14:03:30.000,50.4658000,-5.0318840,11.6,1.325
2026-09-16,14:03:35.000,50.4658645,-5.0318862,12.2,1.353
2026-09-16,14:03:40.000,50.4659215,-5.0318747,12.0,1.334
2026-09-16,14:03:45.000,50.4659713,-5.0318582,12.2,1.306
2026-09-16,14:03:50.000,50.4660274,-5.0318478,12.2,1.306
2026-09-16,14:03:55.000,50.4660841,-5.0318393,12.2,1.297
2026-09-16,14:04:00.000,50.4661297,-5.0318155,12.4,1.278
2026-09-16,14:04:05.000,50.4661807,-5.0318042,12.4,1.260
2026-09-16,14:04:10.000,50.4662232,-5.0317731,12.2,1.222
2026-09-16,14:04:15.000,50.4662673,-5.0317259,12.2,1.204
2026-09-16,14:04:20.000,50.4662882,-5.0317136,12.2,1.064
2026-09-16,14:04:25.000,50.4663183,-5.0316628,12.0,0.998
2026-09-16,14:04:30.000,50.4663391,-5.0315961,12.2,1.008
2026-09-16,14:04:35.000,50.4663507,-5.0315494,12.8,0.980
2026-09-16,14:04:40.000,50.4663327,-5.0315143,13.6,0.886
2026-09-16,14:04:45.000,50.4663195,-5.0314667,14.4,0.812
2026-09-16,14:04:50.000,50.4663116,-5.0314324,15.8,0.756
2026-09-16,14:04:55.000,50.4662984,-5.0314043,16.8,0.700
2026-09-16,14:05:00.000,50.4662996,-5.0313596,18.0,0.690
2026-09-16,14:05:05.000,50.4662703,-5.0313479,18.6,0.662
2026-09-16,14:05:10.000,50.4662644,-5.0312877,19.2,0.718
2026-09-16,14:05:15.000,50.4662508,-5.0312065,19.0,0.877
2026-09-16,14:05:20.000,50.4662396,-5.0311376,19.0,0.952
2026-09-16,14:05:25.000,50.4662550,-5.0310709,19.2,0.980
2026-09-16,14:05:30.000,50.4662673,-5.0310190,19.6,0.924
2026-09-16,14:05:35.000,50.4662830,-5.0309591,20.0,0.905
2026-09-16,14:05:40.000,50.4662908,-5.0309081,20.6,0.868
2026-09-16,14:05:45.000,50.4662599,-5.0308706,20.8,0.849
2026-09-16,14:05:50.000,50.4662488,-5.0307850,20.2,1.017
2026-09-16,14:05:55.000,50.4662395,-5.0307167,21.0,0.989
2026-09-16,14:06:00.000,50.4662019,-5.0306719,20.8,1.092
2026-09-16,14:06:05.000,50.4661452,-5.0306765,20.6,1.129
2026-09-16,14:06:10.000,50.4661172,-5.0306817,20.2,0.998
2026-09-16,14:06:15.000,50.4660820,-5.0307035,19.2,0.933
2026-09-16,14:06:20.000,50.4660442,-5.0306730,18.8,0.970
2026-09-16,14:06:25.000,50.4660245,-5.0305864,18.8,1.036
2026-09-16,14:06:30.000,50.4659780,-5.0305798,18.4,0.980
2026-09-16,14:06:35.000,50.4659758,-5.0305896,18.0,0.000
2026-09-16,14:06:40.000,50.4659758,-5.0305896,18.2,0.000
2026-09-16,14:06:45.000,50.4659758,-5.0305896,18.0,0.000
