date,time,lat,lon,ele,sog
2026-09-14,11:11:01.000,50.5398192,-4.9936608,9.8,0.000
2026-09-14,11:11:06.000,50.5398188,-4.9936602,9.2,0.000
2026-09-14,11:11:11.000,50.5398188,-4.9936602,9.6,0.000
2026-09-14,11:11:16.000,50.5398188,-4.9936602,9.8,0.000
2026-09-14,11:11:21.000,50.5398188,-4.9936602,9.4,0.000
2026-09-14,11:11:26.000,50.5398228,-4.9936797,10.0,0.000
2026-09-14,11:11:31.000,50.5398233,-4.9936918,10.2,0.000
2026-09-14,11:11:36.000,50.5398233,-4.9936918,9.6,0.000
2026-09-14,11:11:41.000,50.5398263,-4.9936847,9.6,0.000
2026-09-14,11:11:46.000,50.5398233,-4.9936918,9.6,0.000
2026-09-14,11:11:51.000,50.5398233,-4.9936918,9.6,0.000
2026-09-14,11:11:56.000,50.5398233,-4.9936918,9.8,0.000
2026-09-14,11:12:01.000,50.5398233,-4.9936918,9.4,0.000
2026-09-14,11:12:06.000,50.5398233,-4.9936918,10.0,0.000
2026-09-14,11:12:11.000,50.5398171,-4.9937451,9.0,0.000
2026-09-14,11:12:16.000,50.5398228,-4.9938065,9.2,0.812
2026-09-14,11:12:21.000,50.5398481,-4.9938674,9.8,1.054
2026-09-14,11:12:26.000,50.5398781,-4.9939103,10.0,1.026
2026-09-14,11:12:31.000,50.5399054,-4.9939801,10.2,1.082
2026-09-14,11:12:36.000,50.5399265,-4.9940586,9.8,1.138
2026-09-14,11:12:41.000,50.5399533,-4.9941323,10.4,1.204
2026-09-14,11:12:46.000,50.5399747,-4.9942154,10.2,1.250
2026-09-14,11:12:51.000,50.5399767,-4.9942857,10.4,1.222
2026-09-14,11:12:56.000,50.5399660,-4.9943531,10.0,1.194
2026-09-14,11:13:01.000,50.5399648,-4.9944259,9.0,1.166
2026-09-14,11:13:06.000,50.5399626,-4.9945054,8.4,1.166
2026-09-14,11:13:11.000,50.5399372,-4.9945754,9.2,1.110
2026-09-14,11:13:16.000,50.5399037,-4.9946358,9.4,1.148
2026-09-14,11:13:21.000,50.5398656,-4.9946912,9.4,1.157
2026-09-14,11:13:26.000,50.5398306,-4.9947459,9.0,1.148
2026-09-14,11:13:31.000,50.5397922,-4.9947867,9.0,1.129
2026-09-14,11:13:36.000,50.5397422,-4.9948322,8.8,1.166
2026-09-14,11:13:41.000,50.5396992,-4.9948737,8.2,1.166
2026-09-14,11:13:46.000,50.5396558,-4.9949161,9.0,1.166
2026-09-14,11:13:51.000,50.5396146,-4.9949411,8.6,1.148
2026-09-14,11:13:56.000,50.5395812,-4.9949028,8.6,1.110
2026-09-14,11:14:01.000,50.5395347,-4.9949257,10.2,1.073
2026-09-14,11:14:06.000,50.5395022,-4.9949894,10.4,1.148
2026-09-14,11:14:11.000,50.5394833,-4.9950619,10.8,1.101
2026-09-14,11:14:16.000,50.5394623,-4.9951302,11.0,1.082
2026-09-14,11:14:21.000,50.5394350,-4.9951946,11.0,1.082
2026-09-14,11:14:26.000,50.5394126,-4.9952474,10.4,1.036
2026-09-14,11:14:31.000,50.5393770,-4.9953268,11.2,1.110
2026-09-14,11:14:36.000,50.5393865,-4.9953660,11.0,1.036
2026-09-14,11:14:41.000,50.5393993,-4.9953962,11.0,0.933
2026-09-14,11:14:46.000,50.5394098,-4.9953822,11.4,0.000
2026-09-14,11:14:51.000,50.5394188,-4.9953555,10.0,0.000
2026-09-14,11:14:56.000,50.5394594,-4.9953176,8.8,0.877
2026-09-14,11:15:01.000,50.5395044,-4.9953404,8.2,1.157
2026-09-14,11:15:06.000,50.5395518,-4.9953880,8.0,1.204
2026-09-14,11:15:11.000,50.5395940,-4.9954361,8.0,1.185
2026-09-14,11:15:16.000,50.5396332,-4.9954720,8.0,1.064
2026-09-14,11:15:21.000,50.5396854,-4.9955083,8.0,1.250
2026-09-14,11:15:26.000,50.5397154,-4.9955588,8.2,1.176
2026-09-14,11:15:31.000,50.5397394,-4.9956271,8.2,1.101
2026-09-14,11:15:36.000,50.5397575,-4.9956603,8.4,1.054
2026-09-14,11:15:41.000,50.5397584,-4.9956632,7.6,0.000
2026-09-14,11:15:46.000,50.5397584,-4.9956632,7.8,0.000
2026-09-14,11:15:51.000,50.5397584,-4.9956632,7.8,0.000
2026-09-14,11:15:56.000,50.5397584,-4.9956632,8.2,0.000
2026-09-14,11:16:01.000,50.5397584,-4.9956632,7.8,0.000
2026-09-14,11:16:06.000,50.5397584,-4.9956632,8.0,0.000
2026-09-14,11:16:11.000,50.5397584,-4.9956632,8.6,0.000
2026-09-14,11:16:16.000,50.5397584,-4.9956632,9.0,0.000
2026-09-14,11:16:21.000,50.5397614,-4.9956978,8.8,0.000
2026-09-14,11:16:26.000,50.5397638,-4.9957695,8.4,0.504
2026-09-14,11:16:31.000,50.5397782,-4.9958368,8.6,1.054
2026-09-14,11:16:36.000,50.5397887,-4.9958973,9.2,1.017
2026-09-14,11:16:41.000,50.5398177,-4.9959688,8.8,1.073
2026-09-14,11:16:46.000,50.5398441,-4.9960337,9.4,1.120
2026-09-14,11:16:51.000,50.5398684,-4.9961030,9.0,1.092
2026-09-14,11:16:56.000,50.5398760,-4.9961755,8.2,1.120
2026-09-14,11:17:01.000,50.5398868,-4.9962560,7.8,1.138
2026-09-14,11:17:06.000,50.5398891,-4.9963211,6.8,1.092
2026-09-14,11:17:11.000,50.5398928,-4.9963974,7.2,1.120
2026-09-14,11:17:16.000,50.5399010,-4.9964936,7.2,1.166
2026-09-14,11:17:21.000,50.5399195,-4.9965832,8.0,1.222
2026-09-14,11:17:26.000,50.5399296,-4.9966613,6.8,1.222
2026-09-14,11:17:31.000,50.5399361,-4.9967463,7.4,1.232
2026-09-14,11:17:36.000,50.5399553,-4.9968302,6.2,1.241
2026-09-14,11:17:41.000,50.5399631,-4.9969194,5.4,1.241
2026-09-14,11:17:46.000,50.5399814,-4.9970022,7.6,1.250
2026-09-14,11:17:51.000,50.5399967,-4.9970779,6.8,1.232
2026-09-14,11:17:56.000,50.5400076,-4.9971639,6.2,1.232
2026-09-14,11:18:01.000,50.5400181,-4.9972577,6.4,1.250
2026-09-14,11:18:06.000,50.5400244,-4.9973398,6.2,1.232
2026-09-14,11:18:11.000,50.5400304,-4.9974163,6.4,1.222
2026-09-14,11:18:16.000,50.5400399,-4.9975114,6.2,1.250
2026-09-14,11:18:21.000,50.5400449,-4.9975897,6.4,1.250
2026-09-14,11:18:26.000,50.5400566,-4.9976736,6.6,1.232
2026-09-14,11:18:31.000,50.5400803,-4.9977406,6.6,1.222
2026-09-14,11:18:36.000,50.5401094,-4.9978272,6.4,1.232
2026-09-14,11:18:41.000,50.5401297,-4.9978875,6.6,1.232
2026-09-14,11:18:46.000,50.5401388,-4.9979784,6.6,1.213
2026-09-14,11:18:51.000,50.5401513,-4.9980647,6.6,1.204
2026-09-14,11:18:56.000,50.5401753,-4.9981458,6.6,1.204
2026-09-14,11:19:01.000,50.5401812,-4.9982248,7.0,1.194
2026-09-14,11:19:06.000,50.5401926,-4.9983035,7.4,1.148
2026-09-14,11:19:11.000,50.5402044,-4.9983880,7.2,1.148
2026-09-14,11:19:16.000,50.5402025,-4.9983965,6.8,0.000
2026-09-14,11:19:21.000,50.5402126,-4.9984524,6.8,0.000
2026-09-14,11:19:26.000,50.5402306,-4.9985179,6.6,0.000
2026-09-14,11:19:31.000,50.5402367,-4.9985691,6.8,0.662
2026-09-14,11:19:36.000,50.5402093,-4.9985967,7.0,0.728
2026-09-14,11:19:41.000,50.5402059,-4.9986078,7.6,0.523
2026-09-14,11:19:46.000,50.5402059,-4.9986078,7.4,0.485
2026-09-14,11:19:51.000,50.5401844,-4.9986366,7.6,0.588
2026-09-14,11:19:56.000,50.5401739,-4.9986927,7.6,0.774
2026-09-14,11:20:01.000,50.5401736,-4.9987444,7.4,0.784
2026-09-14,11:20:06.000,50.5401737,-4.9987493,7.0,0.681
2026-09-14,11:20:11.000,50.5401737,-4.9987493,6.6,0.000
2026-09-14,11:20:16.000,50.5401737,-4.9987493,7.6,0.000
2026-09-14,11:20:21.000,50.5401737,-4.9987493,7.2,0.000
2026-09-14,11:20:26.000,50.5401737,-4.9987493,7.2,0.000
2026-09-14,11:20:31.000,50.5401737,-4.9987493,7.8,0.000
2026-09-14,11:20:36.000,50.5401737,-4.9987493,7.4,0.000
2026-09-14,11:20:41.000,50.5401737,-4.9987493,7.4,0.000
2026-09-14,11:20:46.000,50.5401782,-4.9987991,7.2,0.000
2026-09-14,11:20:51.000,50.5401736,-4.9988869,7.8,1.269
2026-09-14,11:20:56.000,50.5401615,-4.9989568,7.8,1.157
2026-09-14,11:21:01.000,50.5401627,-4.9990526,7.4,1.157
2026-09-14,11:21:06.000,50.5401605,-4.9991381,7.2,1.204
2026-09-14,11:21:11.000,50.5401732,-4.9992103,7.4,1.176
2026-09-14,11:21:16.000,50.5402006,-4.9992767,7.2,1.138
2026-09-14,11:21:21.000,50.5402280,-4.9993402,6.8,1.138
2026-09-14,11:21:26.000,50.5402479,-4.9994104,6.8,1.092
2026-09-14,11:21:31.000,50.5402780,-4.9994752,7.0,1.120
2026-09-14,11:21:36.000,50.5402690,-4.9995317,7.6,1.036
2026-09-14,11:21:41.000,50.5402382,-4.9995632,7.6,0.961
2026-09-14,11:21:46.000,50.5402023,-4.9995847,8.0,0.933
2026-09-14,11:21:51.000,50.5401564,-4.9995995,9.0,0.952
2026-09-14,11:21:56.000,50.5401188,-4.9996145,9.4,0.942
2026-09-14,11:22:01.000,50.5400695,-4.9996208,9.4,0.933
2026-09-14,11:22:06.000,50.5400419,-4.9996093,10.0,0.905
2026-09-14,11:22:11.000,50.5400293,-4.9995922,10.6,0.821
2026-09-14,11:22:16.000,50.5400358,-4.9995949,11.4,0.728
2026-09-14,11:22:21.000,50.5400284,-4.9995840,11.2,0.000
2026-09-14,11:22:26.000,50.5400137,-4.9995884,11.8,0.000
2026-09-14,11:22:31.000,50.5400017,-4.9995991,13.0,0.000
2026-09-14,11:22:36.000,50.5400070,-4.9995923,12.8,0.000
2026-09-14,11:22:41.000,50.5400048,-4.9995891,12.6,0.000
2026-09-14,11:22:46.000,50.5400115,-4.9995968,13.0,0.000
2026-09-14,11:22:51.000,50.5400178,-4.9995858,13.0,0.000
2026-09-14,11:22:56.000,50.5400098,-4.9995956,13.0,0.000
2026-09-14,11:23:01.000,50.5399987,-4.9996020,12.6,0.000
2026-09-14,11:23:06.000,50.5400060,-4.9995900,12.6,0.000
2026-09-14,11:23:11.000,50.5400060,-4.9995900,12.6,0.000
2026-09-14,11:23:16.000,50.5400060,-4.9995900,12.4,0.000
2026-09-14,11:23:21.000,50.5400060,-4.9995900,12.4,0.000
2026-09-14,11:23:26.000,50.5400060,-4.9995900,12.4,0.000
2026-09-14,11:23:31.000,50.5400060,-4.9995900,12.6,0.000
2026-09-14,11:23:36.000,50.5400060,-4.9995900,12.4,0.000
2026-09-14,11:23:41.000,50.5400060,-4.9995900,12.6,0.000
2026-09-14,11:23:46.000,50.5399816,-4.9995965,12.6,0.000
2026-09-14,11:23:51.000,50.5399520,-4.9996084,14.0,0.000
2026-09-14,11:23:56.000,50.5399153,-4.9996302,14.2,0.000
2026-09-14,11:24:01.000,50.5398860,-4.9996876,16.2,0.000
2026-09-14,11:24:06.000,50.5398906,-4.9997660,16.0,0.299
2026-09-14,11:24:11.000,50.5399005,-4.9998367,16.4,1.101
2026-09-14,11:24:16.000,50.5399217,-4.9999152,16.4,1.278
2026-09-14,11:24:21.000,50.5399554,-4.9999799,16.6,1.269
2026-09-14,11:24:26.000,50.5399954,-5.0000466,16.4,1.306
2026-09-14,11:24:31.000,50.5400287,-5.0001068,16.6,1.297
2026-09-14,11:24:36.000,50.5400663,-5.0001704,17.0,1.250
2026-09-14,11:24:41.000,50.5401090,-5.0002340,17.4,1.306
2026-09-14,11:24:46.000,50.5401498,-5.0002835,17.4,1.306
2026-09-14,11:24:51.000,50.5401810,-5.0003460,17.8,1.288
2026-09-14,11:24:56.000,50.5401910,-5.0004232,18.0,1.241
2026-09-14,11:25:01.000,50.5402008,-5.0005159,17.6,1.260
2026-09-14,11:25:06.000,50.5402014,-5.0005941,18.8,1.250
2026-09-14,11:25:11.000,50.5402033,-5.0006829,18.6,1.260
2026-09-14,11:25:16.000,50.5402030,-5.0007789,17.0,1.288
2026-09-14,11:25:21.000,50.5402082,-5.0008718,16.8,1.344
2026-09-14,11:25:26.000,50.5402200,-5.0009641,17.0,1.334
2026-09-14,11:25:31.000,50.5402362,-5.0010467,17.8,1.316
2026-09-14,11:25:36.000,50.5402508,-5.0011418,17.6,1.316
2026-09-14,11:25:41.000,50.5402672,-5.0012283,17.4,1.316
2026-09-14,11:25:46.000,50.5402802,-5.0013235,17.8,1.353
2026-09-14,11:25:51.000,50.5403040,-5.0014048,17.0,1.344
2026-09-14,11:25:56.000,50.5403393,-5.0014847,16.8,1.428
2026-09-14,11:26:01.000,50.5403660,-5.0015540,17.2,1.353
2026-09-14,11:26:06.000,50.5404009,-5.0016340,17.4,1.334
2026-09-14,11:26:11.000,50.5404199,-5.0017094,17.2,1.297
2026-09-14,11:26:16.000,50.5404387,-5.0017950,17.2,1.278
2026-09-14,11:26:21.000,50.5404637,-5.0018898,16.4,1.306
2026-09-14,11:26:26.000,50.5404833,-5.0019725,16.0,1.316
2026-09-14,11:26:31.000,50.5405068,-5.0020521,16.2,1.297
2026-09-14,11:26:36.000,50.5405361,-5.0021269,16.0,1.297
2026-09-14,11:26:41.000,50.5405767,-5.0021852,14.2,1.288
2026-09-14,11:26:46.000,50.5406409,-5.0022378,15.4,1.306
2026-09-14,11:26:51.000,50.5406947,-5.0022581,15.4,1.306
2026-09-14,11:26:56.000,50.5407491,-5.0022858,15.6,1.288
2026-09-14,11:27:01.000,50.5408024,-5.0023155,15.6,1.288
2026-09-14,11:27:06.000,50.5408480,-5.0023588,16.0,1.260
2026-09-14,11:27:11.000,50.5408506,-5.0023765,16.6,1.120
2026-09-14,11:27:16.000,50.5408506,-5.0023941,16.2,0.000
2026-09-14,11:27:21.000,50.5408579,-5.0024231,15.8,0.280
2026-09-14,11:27:26.000,50.5409078,-5.0024302,15.8,0.970
2026-09-14,11:27:31.000,50.5409596,-5.0024453,15.8,1.129
2026-09-14,11:27:36.000,50.5409874,-5.0025154,15.4,1.166
2026-09-14,11:27:41.000,50.5410203,-5.0026015,14.8,1.250
2026-09-14,11:27:46.000,50.5410563,-5.0026691,15.0,1.250
2026-09-14,11:27:51.000,50.5410890,-5.0027430,15.0,1.232
2026-09-14,11:27:56.000,50.5411255,-5.0028098,14.8,1.241
2026-09-14,11:28:01.000,50.5411640,-5.0028760,15.0,1.278
2026-09-14,11:28:06.000,50.5411964,-5.0029449,15.0,1.278
2026-09-14,11:28:11.000,50.5411945,-5.0030199,15.0,1.176
2026-09-14,11:28:16.000,50.5411801,-5.0030933,15.4,1.176
2026-09-14,11:28:21.000,50.5411674,-5.0031822,16.2,1.194
2026-09-14,11:28:26.000,50.5411495,-5.0032669,16.2,1.213
2026-09-14,11:28:31.000,50.5411635,-5.0033526,16.8,1.222
2026-09-14,11:28:36.000,50.5411996,-5.0034150,16.6,1.222
2026-09-14,11:28:41.000,50.5412382,-5.0034861,16.4,1.241
2026-09-14,11:28:46.000,50.5412769,-5.0035494,16.6,1.241
2026-09-14,11:28:51.000,50.5413081,-5.0035989,16.6,1.166
2026-09-14,11:28:56.000,50.5413539,-5.0036109,16.6,1.101
2026-09-14,11:29:01.000,50.5414056,-5.0035629,16.6,1.213
2026-09-14,11:29:06.000,50.5414501,-5.0035202,16.0,1.176
2026-09-14,11:29:11.000,50.5414996,-5.0035425,14.8,1.176
2026-09-14,11:29:16.000,50.5415582,-5.0035838,14.4,1.288
2026-09-14,11:29:21.000,50.5416079,-5.0036181,14.6,1.269
2026-09-14,11:29:26.000,50.5416584,-5.0036506,14.4,1.241
2026-09-14,11:29:31.000,50.5416950,-5.0036898,14.2,1.166
2026-09-14,11:29:36.000,50.5416952,-5.0036950,14.0,0.000
2026-09-14,11:29:41.000,50.5417051,-5.0037063,14.0,0.000
2026-09-14,11:29:46.000,50.5417558,-5.0036762,13.8,0.000
2026-09-14,11:29:51.000,50.5418115,-5.0036829,14.0,1.353
2026-09-14,11:29:56.000,50.5418606,-5.0037157,14.2,1.278
2026-09-14,11:30:01.000,50.5418970,-5.0037422,14.2,1.082
2026-09-14,11:30:06.000,50.5419197,-5.0037480,14.0,1.008
2026-09-14,11:30:11.000,50.5419229,-5.0037544,14.6,0.000
2026-09-14,11:30:16.000,50.5419229,-5.0037544,15.0,0.000
2026-09-14,11:30:21.000,50.5419229,-5.0037544,14.4,0.000
2026-09-14,11:30:26.000,50.5419229,-5.0037544,14.8,0.000
2026-09-14,11:30:31.000,50.5419229,-5.0037544,14.6,0.000
2026-09-14,11:30:36.000,50.5419229,-5.0037544,14.4,0.000
2026-09-14,11:30:41.000,50.5419723,-5.0038112,13.6,1.437
2026-09-14,11:30:46.000,50.5420348,-5.0038493,14.2,1.390
2026-09-14,11:30:51.000,50.5420945,-5.0038907,14.0,1.484
2026-09-14,11:30:56.000,50.5421449,-5.0039273,13.8,1.446
2026-09-14,11:31:01.000,50.5422045,-5.0039694,13.6,1.400
2026-09-14,11:31:06.000,50.5422584,-5.0040105,13.6,1.353
2026-09-14,11:31:11.000,50.5423124,-5.0040508,13.4,1.306
2026-09-14,11:31:16.000,50.5423715,-5.0040904,13.2,1.334
2026-09-14,11:31:21.000,50.5424199,-5.0041347,13.0,1.353
2026-09-14,11:31:26.000,50.5424726,-5.0041705,13.4,1.344
2026-09-14,11:31:31.000,50.5425294,-5.0042153,12.6,1.306
2026-09-14,11:31:36.000,50.5425786,-5.0042570,13.4,1.306
2026-09-14,11:31:41.000,50.5426376,-5.0043227,13.0,1.353
2026-09-14,11:31:46.000,50.5426807,-5.0043653,13.2,1.325
2026-09-14,11:31:51.000,50.5427304,-5.0044145,12.8,1.353
2026-09-14,11:31:56.000,50.5427936,-5.0044525,13.0,1.362
2026-09-14,11:32:01.000,50.5428445,-5.0045003,12.8,1.353
2026-09-14,11:32:06.000,50.5428743,-5.0045825,12.4,1.353
2026-09-14,11:32:11.000,50.5429003,-5.0046693,13.0,1.353
2026-09-14,11:32:16.000,50.5429269,-5.0047486,13.0,1.325
2026-09-14,11:32:21.000,50.5429521,-5.0048236,13.6,1.297
2026-09-14,11:32:26.000,50.5429919,-5.0048898,14.0,1.297
2026-09-14,11:32:31.000,50.5430513,-5.0049252,13.8,1.288
2026-09-14,11:32:36.000,50.5430681,-5.0049211,14.2,1.250
2026-09-14,11:32:41.000,50.5430735,-5.0049176,13.6,0.000
2026-09-14,11:32:46.000,50.5430734,-5.0049177,14.0,0.000
2026-09-14,11:32:51.000,50.5430734,-5.0049177,14.2,0.000
2026-09-14,11:32:56.000,50.5430840,-5.0049387,13.8,0.000
2026-09-14,11:33:01.000,50.5431215,-5.0049661,14.0,0.812
2026-09-14,11:33:06.000,50.5431576,-5.0049783,14.2,0.905
2026-09-14,11:33:11.000,50.5431860,-5.0049822,14.0,0.802
2026-09-14,11:33:16.000,50.5431920,-5.0049849,13.8,0.625
2026-09-14,11:33:21.000,50.5431961,-5.0049931,13.8,0.513
2026-09-14,11:33:26.000,50.5432318,-5.0050045,13.8,0.765
2026-09-14,11:33:31.000,50.5432782,-5.0050132,13.8,0.989
2026-09-14,11:33:36.000,50.5433190,-5.0050107,13.8,1.064
2026-09-14,11:33:41.000,50.5433365,-5.0050321,14.2,0.728
2026-09-14,11:33:46.000,50.5433826,-5.0050260,14.4,0.989
2026-09-14,11:33:51.000,50.5434318,-5.0049842,14.4,1.082
2026-09-14,11:33:56.000,50.5434773,-5.0049537,14.0,1.129
2026-09-14,11:34:01.000,50.5435154,-5.0048837,14.0,1.176
2026-09-14,11:34:06.000,50.5435432,-5.0048563,14.2,1.045
2026-09-14,11:34:11.000,50.5435358,-5.0048651,13.6,0.000
2026-09-14,11:34:16.000,50.5435712,-5.0048133,14.2,0.000
2026-09-14,11:34:21.000,50.5436247,-5.0047703,14.0,0.551
2026-09-14,11:34:26.000,50.5436753,-5.0047465,14.2,1.008
2026-09-14,11:34:31.000,50.5437256,-5.0047500,14.2,1.157
2026-09-14,11:34:36.000,50.5437760,-5.0047715,14.2,1.185
2026-09-14,11:34:41.000,50.5438115,-5.0047916,13.8,1.138
2026-09-14,11:34:46.000,50.5438618,-5.0048172,14.2,1.110
2026-09-14,11:34:51.000,50.5439023,-5.0048255,14.6,0.933
2026-09-14,11:34:56.000,50.5439327,-5.0048423,13.8,0.849
2026-09-14,11:35:01.000,50.5439603,-5.0048776,14.0,0.858
2026-09-14,11:35:06.000,50.5439706,-5.0048768,14.6,0.644
2026-09-14,11:35:11.000,50.5439830,-5.0048972,14.6,0.000
2026-09-14,11:35:16.000,50.5439961,-5.0049172,15.4,0.000
2026-09-14,11:35:21.000,50.5440440,-5.0049029,15.0,0.000
2026-09-14,11:35:26.000,50.5440920,-5.0048945,15.4,0.886
2026-09-14,11:35:31.000,50.5441487,-5.0048815,16.0,1.157
2026-09-14,11:35:36.000,50.5442009,-5.0048792,16.4,1.166
2026-09-14,11:35:41.000,50.5442545,-5.0048915,16.8,1.129
2026-09-14,11:35:46.000,50.5443041,-5.0049172,17.0,1.166
2026-09-14,11:35:51.000,50.5443527,-5.0049210,17.2,1.157
2026-09-14,11:35:56.000,50.5444023,-5.0049174,17.4,1.064
2026-09-14,11:36:01.000,50.5444489,-5.0048895,17.8,1.120
2026-09-14,11:36:06.000,50.5444874,-5.0048521,18.0,1.082
2026-09-14,11:36:11.000,50.5444935,-5.0048463,18.2,0.737
2026-09-14,11:36:16.000,50.5444935,-5.0048463,18.0,0.000
2026-09-14,11:36:21.000,50.5444935,-5.0048463,18.0,0.000
2026-09-14,11:36:26.000,50.5444935,-5.0048463,18.0,0.000
2026-09-14,11:36:31.000,50.5444935,-5.0048463,18.0,0.000
2026-09-14,11:36:36.000,50.5444935,-5.0048463,18.0,0.000
2026-09-14,11:36:41.000,50.5444935,-5.0048463,18.0,0.000
2026-09-14,11:36:46.000,50.5445067,-5.0048095,18.2,0.000
2026-09-14,11:36:51.000,50.5445495,-5.0047232,18.0,1.269
2026-09-14,11:36:56.000,50.5445893,-5.0046614,17.8,1.297
2026-09-14,11:37:01.000,50.5446336,-5.0045916,18.0,1.334
2026-09-14,11:37:06.000,50.5446771,-5.0045170,17.8,1.344
2026-09-14,11:37:11.000,50.5447239,-5.0044505,17.8,1.362
2026-09-14,11:37:16.000,50.5447612,-5.0043735,17.6,1.474
2026-09-14,11:37:21.000,50.5448040,-5.0042953,17.6,1.372
2026-09-14,11:37:26.000,50.5448341,-5.0042261,17.2,1.344
2026-09-14,11:37:31.000,50.5448719,-5.0041477,17.4,1.353
2026-09-14,11:37:36.000,50.5449086,-5.0040763,17.0,1.344
2026-09-14,11:37:41.000,50.5449463,-5.0039943,16.0,1.362
2026-09-14,11:37:46.000,50.5449791,-5.0039228,15.8,1.353
2026-09-14,11:37:51.000,50.5450154,-5.0038596,16.4,1.325
2026-09-14,11:37:56.000,50.5450599,-5.0038016,16.0,1.316
2026-09-14,11:38:01.000,50.5450996,-5.0037479,15.0,1.269
2026-09-14,11:38:06.000,50.5451427,-5.0037157,14.8,1.222
2026-09-14,11:38:11.000,50.5452086,-5.0037068,14.6,1.232
2026-09-14,11:38:16.000,50.5452400,-5.0037842,14.8,1.213
2026-09-14,11:38:21.000,50.5452609,-5.0038570,15.4,1.222
2026-09-14,11:38:26.000,50.5452773,-5.0039291,15.2,1.148
2026-09-14,11:38:31.000,50.5452845,-5.0040174,16.8,1.157
2026-09-14,11:38:36.000,50.5452905,-5.0041084,17.2,1.157
2026-09-14,11:38:41.000,50.5453107,-5.0041867,17.8,1.185
2026-09-14,11:38:46.000,50.5453277,-5.0042713,18.6,1.166
2026-09-14,11:38:51.000,50.5453449,-5.0043499,19.4,1.157
2026-09-14,11:38:56.000,50.5453651,-5.0044260,19.6,1.166
2026-09-14,11:39:01.000,50.5453855,-5.0044938,20.2,1.148
2026-09-14,11:39:06.000,50.5454232,-5.0045347,20.4,1.110
2026-09-14,11:39:11.000,50.5454760,-5.0045664,21.0,1.129
2026-09-14,11:39:16.000,50.5455304,-5.0045835,21.4,1.148
2026-09-14,11:39:21.000,50.5455861,-5.0045963,21.8,1.148
2026-09-14,11:39:26.000,50.5456380,-5.0046147,22.2,1.166
2026-09-14,11:39:31.000,50.5456808,-5.0046293,22.8,1.148
2026-09-14,11:39:36.000,50.5457230,-5.0046719,23.2,1.129
2026-09-14,11:39:41.000,50.5457544,-5.0047412,23.6,1.129
2026-09-14,11:39:46.000,50.5457865,-5.0048117,24.2,1.166
2026-09-14,11:39:51.000,50.5458215,-5.0048811,24.6,1.166
2026-09-14,11:39:56.000,50.5458571,-5.0049212,25.2,1.138
2026-09-14,11:40:01.000,50.5459083,-5.0049663,25.8,1.120
2026-09-14,11:40:06.000,50.5459234,-5.0049794,26.8,1.017
2026-09-14,11:40:11.000,50.5459524,-5.0049967,27.0,0.392
2026-09-14,11:40:16.000,50.5459526,-5.0050009,27.6,0.000
2026-09-14,11:40:21.000,50.5459529,-5.0049992,26.6,0.000
2026-09-14,11:40:26.000,50.5459529,-5.0049992,26.6,0.000
2026-09-14,11:40:31.000,50.5459529,-5.0049992,26.8,0.000
2026-09-14,11:40:36.000,50.5459529,-5.0049992,26.6,0.000
2026-09-14,11:40:41.000,50.5459529,-5.0049992,26.8,0.000
2026-09-14,11:40:46.000,50.5459494,-5.0049997,26.8,0.000
2026-09-14,11:40:51.000,50.5459529,-5.0049992,27.2,0.000
2026-09-14,11:40:56.000,50.5459529,-5.0049992,27.0,0.000
2026-09-14,11:41:01.000,50.5459529,-5.0049992,26.8,0.000
2026-09-14,11:41:06.000,50.5459526,-5.0050253,26.6,0.000
2026-09-14,11:41:11.000,50.5459487,-5.0051093,27.2,0.914
2026-09-14,11:41:16.000,50.5459452,-5.0051806,27.4,1.008
2026-09-14,11:41:21.000,50.5459583,-5.0052552,28.2,1.166
2026-09-14,11:41:26.000,50.5459600,-5.0053337,29.0,1.138
2026-09-14,11:41:31.000,50.5459585,-5.0054054,29.2,1.101
2026-09-14,11:41:36.000,50.5459498,-5.0054837,29.2,1.092
2026-09-14,11:41:41.000,50.5459268,-5.0055605,29.8,1.138
2026-09-14,11:41:46.000,50.5459035,-5.0056343,30.2,1.120
2026-09-14,11:41:51.000,50.5458817,-5.0057125,29.4,1.166
2026-09-14,11:41:56.000,50.5458563,-5.0057821,29.6,1.185
2026-09-14,11:42:01.000,50.5458308,-5.0058567,29.8,1.176
2026-09-14,11:42:06.000,50.5458136,-5.0059355,30.0,1.166
2026-09-14,11:42:11.000,50.5458139,-5.0060155,30.0,1.157
2026-09-14,11:42:16.000,50.5457929,-5.0060886,31.0,1.138
2026-09-14,11:42:21.000,50.5457661,-5.0061723,31.0,1.176
2026-09-14,11:42:26.000,50.5457412,-5.0062467,30.8,1.204
2026-09-14,11:42:31.000,50.5457175,-5.0063202,30.8,1.176
2026-09-14,11:42:36.000,50.5456796,-5.0063967,30.4,1.250
2026-09-14,11:42:41.000,50.5456544,-5.0064574,30.8,1.213
2026-09-14,11:42:46.000,50.5456231,-5.0065403,31.0,1.241
2026-09-14,11:42:51.000,50.5456101,-5.0066214,31.2,1.278
2026-09-14,11:42:56.000,50.5455806,-5.0067002,31.4,1.260
2026-09-14,11:43:01.000,50.5455565,-5.0067741,31.6,1.241
2026-09-14,11:43:06.000,50.5455305,-5.0068567,32.2,1.213
2026-09-14,11:43:11.000,50.5454967,-5.0069344,32.2,1.278
2026-09-14,11:43:16.000,50.5454705,-5.0070209,31.6,1.288
2026-09-14,11:43:21.000,50.5454505,-5.0071192,31.6,1.334
2026-09-14,11:43:26.000,50.5454350,-5.0071937,31.6,1.288
2026-09-14,11:43:31.000,50.5454139,-5.0072822,31.4,1.278
2026-09-14,11:43:36.000,50.5453922,-5.0073625,31.6,1.288
2026-09-14,11:43:41.000,50.5453683,-5.0074495,31.0,1.306
2026-09-14,11:43:46.000,50.5453558,-5.0075457,30.8,1.316
2026-09-14,11:43:51.000,50.5453498,-5.0076325,30.4,1.297
2026-09-14,11:43:56.000,50.5453505,-5.0077224,29.4,1.306
2026-09-14,11:44:01.000,50.5453482,-5.0078115,28.2,1.316
2026-09-14,11:44:06.000,50.5453314,-5.0079072,29.4,1.325
2026-09-14,11:44:11.000,50.5453186,-5.0080001,29.6,1.316
2026-09-14,11:44:16.000,50.5452956,-5.0080799,29.6,1.306
2026-09-14,11:44:21.000,50.5452801,-5.0081726,30.2,1.316
2026-09-14,11:44:26.000,50.5452557,-5.0082625,30.2,1.344
2026-09-14,11:44:31.000,50.5452345,-5.0083480,29.8,1.334
2026-09-14,11:44:36.000,50.5452184,-5.0084301,29.4,1.306
2026-09-14,11:44:41.000,50.5451946,-5.0085142,29.4,1.297
2026-09-14,11:44:46.000,50.5451772,-5.0086035,29.2,1.316
2026-09-14,11:44:51.000,50.5451541,-5.0086793,28.2,1.260
2026-09-14,11:44:56.000,50.5451698,-5.0087383,28.0,1.222
2026-09-14,11:45:01.000,50.5451677,-5.0087387,28.4,0.000
2026-09-14,11:45:06.000,50.5451677,-5.0087387,28.0,0.000
2026-09-14,11:45:11.000,50.5451450,-5.0088087,28.2,0.653
2026-09-14,11:45:16.000,50.5451236,-5.0088940,28.0,1.344
2026-09-14,11:45:21.000,50.5450841,-5.0089745,28.4,1.353
2026-09-14,11:45:26.000,50.5450576,-5.0090618,28.8,1.353
2026-09-14,11:45:31.000,50.5450310,-5.0091517,28.6,1.344
2026-09-14,11:45:36.000,50.5450110,-5.0092381,28.4,1.344
2026-09-14,11:45:41.000,50.5449858,-5.0093138,28.2,1.194
2026-09-14,11:45:46.000,50.5449565,-5.0094035,28.8,1.269
2026-09-14,11:45:51.000,50.5449209,-5.0094842,28.8,1.306
2026-09-14,11:45:56.000,50.5449019,-5.0095663,28.6,1.306
2026-09-14,11:46:01.000,50.5448766,-5.0096379,28.4,1.269
2026-09-14,11:46:06.000,50.5448612,-5.0097287,28.6,1.288
2026-09-14,11:46:11.000,50.5448308,-5.0098202,28.6,1.297
2026-09-14,11:46:16.000,50.5448029,-5.0099007,27.8,1.297
2026-09-14,11:46:21.000,50.5447783,-5.0099971,28.6,1.325
2026-09-14,11:46:26.000,50.5447581,-5.0100807,28.4,1.325
2026-09-14,11:46:31.000,50.5447287,-5.0101763,27.6,1.344
2026-09-14,11:46:36.000,50.5447057,-5.0102561,28.0,1.325
2026-09-14,11:46:41.000,50.5446756,-5.0103303,27.8,1.316
2026-09-14,11:46:46.000,50.5446623,-5.0104313,27.0,1.325
2026-09-14,11:46:51.000,50.5446557,-5.0105315,27.0,1.353
2026-09-14,11:46:56.000,50.5446740,-5.0106051,27.2,1.325
2026-09-14,11:47:01.000,50.5447167,-5.0106646,27.6,1.297
2026-09-14,11:47:06.000,50.5447586,-5.0107278,28.2,1.260
2026-09-14,11:47:11.000,50.5447996,-5.0108019,28.4,1.241
2026-09-14,11:47:16.000,50.5448531,-5.0108493,28.6,1.250
2026-09-14,11:47:21.000,50.5449048,-5.0108871,29.2,1.232
2026-09-14,11:47:26.000,50.5449071,-5.0109416,29.4,1.176
2026-09-14,11:47:31.000,50.5448834,-5.0110066,29.0,1.148
2026-09-14,11:47:36.000,50.5448710,-5.0110850,28.6,1.157
2026-09-14,11:47:41.000,50.5448574,-5.0111683,29.6,1.157
2026-09-14,11:47:46.000,50.5448465,-5.0112633,28.2,1.222
2026-09-14,11:47:51.000,50.5448267,-5.0113477,28.6,1.269
2026-09-14,11:47:56.000,50.5448320,-5.0114205,28.4,1.232
2026-09-14,11:48:01.000,50.5448178,-5.0115080,28.6,1.176
2026-09-14,11:48:06.000,50.5448051,-5.0116048,29.6,1.213
2026-09-14,11:48:11.000,50.5448238,-5.0116966,29.0,1.288
2026-09-14,11:48:16.000,50.5448225,-5.0117680,29.0,1.232
2026-09-14,11:48:21.000,50.5448343,-5.0118463,29.0,1.185
2026-09-14,11:48:26.000,50.5448327,-5.0119422,28.2,1.278
2026-09-14,11:48:31.000,50.5448341,-5.0120421,27.8,1.297
2026-09-14,11:48:36.000,50.5448439,-5.0121269,27.2,1.278
2026-09-14,11:48:41.000,50.5448558,-5.0122195,26.8,1.325
2026-09-14,11:48:46.000,50.5448470,-5.0123013,27.6,1.222
2026-09-14,11:48:51.000,50.5448614,-5.0123542,27.6,1.092
2026-09-14,11:48:56.000,50.5448625,-5.0124188,27.0,1.054
2026-09-14,11:49:01.000,50.5448785,-5.0124534,26.2,0.961
2026-09-14,11:49:06.000,50.5448948,-5.0125192,25.2,0.952
2026-09-14,11:49:11.000,50.5448924,-5.0125259,25.0,0.802
2026-09-14,11:49:16.000,50.5448953,-5.0125291,25.2,0.000
2026-09-14,11:49:21.000,50.5448924,-5.0125259,25.8,0.000
2026-09-14,11:49:26.000,50.5448924,-5.0125259,25.0,0.000
2026-09-14,11:49:31.000,50.5448924,-5.0125259,24.8,0.000
2026-09-14,11:49:36.000,50.5448922,-5.0125473,25.0,0.000
2026-09-14,11:49:41.000,50.5448919,-5.0125850,25.0,0.000
2026-09-14,11:49:46.000,50.5448909,-5.0126519,24.2,0.737
2026-09-14,11:49:51.000,50.5448858,-5.0127244,22.8,1.185
2026-09-14,11:49:56.000,50.5448648,-5.0128007,22.4,1.166
2026-09-14,11:50:01.000,50.5448549,-5.0128798,22.2,1.148
2026-09-14,11:50:06.000,50.5448486,-5.0129621,21.4,1.166
2026-09-14,11:50:11.000,50.5448343,-5.0130398,20.2,1.176
2026-09-14,11:50:16.000,50.5448209,-5.0131143,19.6,1.129
2026-09-14,11:50:21.000,50.5448119,-5.0131846,19.2,1.092
2026-09-14,11:50:26.000,50.5447875,-5.0132548,18.6,1.101
2026-09-14,11:50:31.000,50.5447759,-5.0133253,17.6,1.101
2026-09-14,11:50:36.000,50.5447560,-5.0134087,17.6,1.120
2026-09-14,11:50:41.000,50.5447315,-5.0134712,17.2,1.092
2026-09-14,11:50:46.000,50.5447098,-5.0135056,16.6,0.924
2026-09-14,11:50:51.000,50.5446859,-5.0135514,15.4,0.970
2026-09-14,11:50:56.000,50.5446693,-5.0136112,14.2,0.905
2026-09-14,11:51:01.000,50.5446588,-5.0136651,13.0,0.868
2026-09-14,11:51:06.000,50.5446441,-5.0136964,11.4,0.840
2026-09-14,11:51:11.000,50.5445921,-5.0136788,11.4,0.840
2026-09-14,11:51:16.000,50.5445433,-5.0136909,10.4,0.970
2026-09-14,11:51:21.000,50.5445100,-5.0137269,10.4,0.942
2026-09-14,11:51:26.000,50.5444870,-5.0137226,11.4,0.886
2026-09-14,11:51:31.000,50.5444648,-5.0137750,12.6,1.176
2026-09-14,11:51:36.000,50.5444403,-5.0138313,14.0,0.942
2026-09-14,11:51:41.000,50.5444405,-5.0138829,15.2,0.830
2026-09-14,11:51:46.000,50.5444438,-5.0139645,16.0,0.952
2026-09-14,11:51:51.000,50.5444350,-5.0140335,16.8,0.933
2026-09-14,11:51:56.000,50.5444158,-5.0141090,17.8,0.980
2026-09-14,11:52:01.000,50.5443881,-5.0141829,18.4,1.026
2026-09-14,11:52:06.000,50.5443648,-5.0142553,18.4,1.045
2026-09-14,11:52:11.000,50.5443161,-5.0143164,19.0,1.073
2026-09-14,11:52:16.000,50.5442745,-5.0143670,19.6,1.138
2026-09-14,11:52:21.000,50.5442299,-5.0144225,19.8,1.157
2026-09-14,11:52:26.000,50.5441810,-5.0144858,19.8,1.204
2026-09-14,11:52:31.000,50.5441439,-5.0145504,20.0,1.204
2026-09-14,11:52:36.000,50.5440971,-5.0146034,19.8,1.204
2026-09-14,11:52:41.000,50.5440469,-5.0146633,19.8,1.232
2026-09-14,11:52:46.000,50.5439998,-5.0147063,20.2,1.241
2026-09-14,11:52:51.000,50.5439519,-5.0147477,20.6,1.232
2026-09-14,11:52:56.000,50.5438964,-5.0147880,20.4,1.232
2026-09-14,11:53:01.000,50.5438471,-5.0148524,20.2,1.222
2026-09-14,11:53:06.000,50.5438040,-5.0149246,20.2,1.241
2026-09-14,11:53:11.000,50.5437863,-5.0150159,20.0,1.250
2026-09-14,11:53:16.000,50.5438113,-5.0151052,20.2,1.250
2026-09-14,11:53:21.000,50.5438452,-5.0151709,20.0,1.250
2026-09-14,11:53:26.000,50.5438758,-5.0152706,19.4,1.269
2026-09-14,11:53:31.000,50.5438849,-5.0153621,19.6,1.288
2026-09-14,11:53:36.000,50.5438767,-5.0154560,19.4,1.306
2026-09-14,11:53:41.000,50.5438591,-5.0155463,19.4,1.306
2026-09-14,11:53:46.000,50.5438305,-5.0156324,19.4,1.325
2026-09-14,11:53:51.000,50.5437964,-5.0157067,19.4,1.325
2026-09-14,11:53:56.000,50.5437431,-5.0157254,19.8,1.297
2026-09-14,11:54:01.000,50.5436898,-5.0157552,20.0,1.297
2026-09-14,11:54:06.000,50.5436465,-5.0157751,20.0,1.260
2026-09-14,11:54:11.000,50.5436188,-5.0157880,19.4,1.194
2026-09-14,11:54:16.000,50.5435868,-5.0158338,18.2,1.054
2026-09-14,11:54:21.000,50.5435323,-5.0158630,19.2,1.241
2026-09-14,11:54:26.000,50.5434753,-5.0158649,20.0,1.073
2026-09-14,11:54:31.000,50.5434538,-5.0159189,20.0,1.157
2026-09-14,11:54:36.000,50.5435063,-5.0159103,20.2,1.110
2026-09-14,11:54:41.000,50.5435232,-5.0159124,20.6,0.952
2026-09-14,11:54:46.000,50.5435282,-5.0159399,20.8,0.000
2026-09-14,11:54:51.000,50.5435971,-5.0159619,21.4,0.746
2026-09-14,11:54:56.000,50.5436507,-5.0159633,21.0,1.054
2026-09-14,11:55:01.000,50.5437078,-5.0159713,20.4,1.297
2026-09-14,11:55:06.000,50.5437580,-5.0159816,20.0,1.138
2026-09-14,11:55:11.000,50.5437980,-5.0160348,19.4,1.148
2026-09-14,11:55:16.000,50.5438459,-5.0160917,19.4,1.194
2026-09-14,11:55:21.000,50.5438903,-5.0161446,19.4,1.250
2026-09-14,11:55:26.000,50.5439363,-5.0162049,19.2,1.269
2026-09-14,11:55:31.000,50.5439844,-5.0162516,18.8,1.278
2026-09-14,11:55:36.000,50.5440317,-5.0163169,18.4,1.278
2026-09-14,11:55:41.000,50.5440788,-5.0163636,18.0,1.278
2026-09-14,11:55:46.000,50.5441307,-5.0164270,17.6,1.297
2026-09-14,11:55:51.000,50.5441727,-5.0164713,17.6,1.250
2026-09-14,11:55:56.000,50.5441924,-5.0165581,17.8,1.250
2026-09-14,11:56:01.000,50.5442092,-5.0166571,17.2,1.269
2026-09-14,11:56:06.000,50.5442290,-5.0167527,16.6,1.297
2026-09-14,11:56:11.000,50.5442424,-5.0168455,16.4,1.316
2026-09-14,11:56:16.000,50.5442584,-5.0169384,16.2,1.334
2026-09-14,11:56:21.000,50.5442695,-5.0170405,16.0,1.334
2026-09-14,11:56:26.000,50.5442825,-5.0171367,16.0,1.353
2026-09-14,11:56:31.000,50.5443012,-5.0172371,15.8,1.362
2026-09-14,11:56:36.000,50.5443150,-5.0173222,16.2,1.353
2026-09-14,11:56:41.000,50.5443280,-5.0174242,15.8,1.362
2026-09-14,11:56:46.000,50.5443413,-5.0175116,15.8,1.362
2026-09-14,11:56:51.000,50.5443610,-5.0175928,15.4,1.362
2026-09-14,11:56:56.000,50.5443818,-5.0176807,15.8,1.344
2026-09-14,11:57:01.000,50.5443907,-5.0177278,15.6,1.306
2026-09-14,11:57:06.000,50.5443997,-5.0177715,15.8,0.000
2026-09-14,11:57:11.000,50.5444166,-5.0178620,15.6,1.120
2026-09-14,11:57:16.000,50.5444289,-5.0179578,15.6,1.390
2026-09-14,11:57:21.000,50.5444467,-5.0180568,15.8,1.316
2026-09-14,11:57:26.000,50.5444574,-5.0181522,15.8,1.362
2026-09-14,11:57:31.000,50.5444702,-5.0182382,15.8,1.381
2026-09-14,11:57:36.000,50.5444857,-5.0183353,16.2,1.353
2026-09-14,11:57:41.000,50.5444998,-5.0184251,16.4,1.334
2026-09-14,11:57:46.000,50.5445350,-5.0184971,16.2,1.344
2026-09-14,11:57:51.000,50.5445561,-5.0185787,15.8,1.325
2026-09-14,11:57:56.000,50.5446029,-5.0186222,16.0,1.297
2026-09-14,11:58:01.000,50.5446387,-5.0186836,16.0,1.278
2026-09-14,11:58:06.000,50.5446766,-5.0187618,16.0,1.325
2026-09-14,11:58:11.000,50.5447316,-5.0188123,15.8,1.316
2026-09-14,11:58:16.000,50.5447785,-5.0188142,15.8,1.269
2026-09-14,11:58:21.000,50.5448440,-5.0188012,16.0,1.306
2026-09-14,11:58:26.000,50.5448953,-5.0187935,15.8,1.288
2026-09-14,11:58:31.000,50.5449613,-5.0188015,15.0,1.334
2026-09-14,11:58:36.000,50.5450156,-5.0188199,13.8,1.325
2026-09-14,11:58:41.000,50.5450633,-5.0188225,14.4,1.288
2026-09-14,11:58:46.000,50.5451009,-5.0188836,14.4,1.278
2026-09-14,11:58:51.000,50.5451071,-5.0189273,13.6,1.176
2026-09-14,11:58:56.000,50.5451126,-5.0189359,14.2,0.000
2026-09-14,11:59:01.000,50.5451203,-5.0189378,13.6,0.000
2026-09-14,11:59:06.000,50.5451203,-5.0189378,13.6,0.000
2026-09-14,11:59:11.000,50.5451203,-5.0189378,13.6,0.000
2026-09-14,11:59:16.000,50.5451203,-5.0189378,13.6,0.000
2026-09-14,11:59:21.000,50.5451203,-5.0189378,14.0,0.000
2026-09-14,11:59:26.000,50.5451203,-5.0189378,13.6,0.000
2026-09-14,11:59:31.000,50.5451203,-5.0189378,13.8,0.000
2026-09-14,11:59:36.000,50.5451147,-5.0189348,14.0,0.000
2026-09-14,11:59:41.000,50.5451203,-5.0189378,13.6,0.000
2026-09-14,11:59:46.000,50.5451203,-5.0189378,13.4,0.000
2026-09-14,11:59:51.000,50.5451203,-5.0189378,13.4,0.000
2026-09-14,11:59:56.000,50.5451203,-5.0189378,13.8,0.000
2026-09-14,12:00:01.000,50.5451203,-5.0189378,13.8,0.000
2026-09-14,12:00:06.000,50.5451203,-5.0189378,13.6,0.000
2026-09-14,12:00:11.000,50.5451203,-5.0189378,13.8,0.000
2026-09-14,12:00:16.000,50.5451203,-5.0189378,13.4,0.000
2026-09-14,12:00:21.000,50.5451203,-5.0189378,13.2,0.000
2026-09-14,12:00:26.000,50.5451203,-5.0189378,13.2,0.000
2026-09-14,12:00:31.000,50.5451203,-5.0189378,13.8,0.000
2026-09-14,12:00:36.000,50.5451081,-5.0189472,14.0,0.000
2026-09-14,12:00:41.000,50.5451159,-5.0189357,13.8,0.000
2026-09-14,12:00:46.000,50.5451376,-5.0189684,14.0,0.000
2026-09-14,12:00:51.000,50.5451499,-5.0190271,14.4,0.000
2026-09-14,12:00:56.000,50.5451423,-5.0190809,13.8,0.000
2026-09-14,12:01:01.000,50.5451265,-5.0191511,14.6,0.000
2026-09-14,12:01:06.000,50.5451478,-5.0192262,14.6,1.129
2026-09-14,12:01:11.000,50.5451796,-5.0193072,15.0,1.260
2026-09-14,12:01:16.000,50.5452097,-5.0193805,15.0,1.334
2026-09-14,12:01:21.000,50.5452405,-5.0194404,15.0,1.306
2026-09-14,12:01:26.000,50.5452778,-5.0195107,15.2,1.288
2026-09-14,12:01:31.000,50.5453203,-5.0195739,15.6,1.334
2026-09-14,12:01:36.000,50.5453675,-5.0196320,15.6,1.362
2026-09-14,12:01:41.000,50.5454139,-5.0196499,15.6,1.297
2026-09-14,12:01:46.000,50.5454635,-5.0196437,15.8,1.260
2026-09-14,12:01:51.000,50.5454875,-5.0196867,15.6,1.129
2026-09-14,12:01:56.000,50.5455033,-5.0197230,15.6,1.026
2026-09-14,12:02:01.000,50.5455038,-5.0197234,15.6,0.000
2026-09-14,12:02:06.000,50.5455038,-5.0197234,15.6,0.000
2026-09-14,12:02:11.000,50.5455038,-5.0197234,15.6,0.000
2026-09-14,12:02:16.000,50.5455396,-5.0197591,15.8,0.000
2026-09-14,12:02:21.000,50.5455908,-5.0198113,15.6,1.278
2026-09-14,12:02:26.000,50.5456229,-5.0198807,16.2,1.241
2026-09-14,12:02:31.000,50.5456621,-5.0199525,16.6,1.269
2026-09-14,12:02:36.000,50.5456962,-5.0200164,16.8,1.250
2026-09-14,12:02:41.000,50.5457173,-5.0200828,17.0,1.222
2026-09-14,12:02:46.000,50.5457290,-5.0201451,17.6,1.082
2026-09-14,12:02:51.000,50.5457289,-5.0201949,17.6,0.802
2026-09-14,12:02:56.000,50.5457094,-5.0202697,17.8,1.008
2026-09-14,12:03:01.000,50.5457234,-5.0203413,18.2,1.045
2026-09-14,12:03:06.000,50.5457587,-5.0204039,18.2,1.064
2026-09-14,12:03:11.000,50.5457980,-5.0204520,18.4,1.101
2026-09-14,12:03:16.000,50.5458304,-5.0205194,18.6,1.082
2026-09-14,12:03:21.000,50.5458764,-5.0205771,18.6,1.148
2026-09-14,12:03:26.000,50.5459279,-5.0206081,19.0,1.157
2026-09-14,12:03:31.000,50.5459759,-5.0206447,19.0,1.222
2026-09-14,12:03:36.000,50.5460286,-5.0206852,19.0,1.213
2026-09-14,12:03:41.000,50.5460778,-5.0207028,19.4,1.222
2026-09-14,12:03:46.000,50.5461261,-5.0207448,19.4,1.232
2026-09-14,12:03:51.000,50.5461774,-5.0207983,19.6,1.260
2026-09-14,12:03:56.000,50.5462278,-5.0208397,19.8,1.250
2026-09-14,12:04:01.000,50.5462762,-5.0208663,20.2,1.232
2026-09-14,12:04:06.000,50.5463254,-5.0209037,20.4,1.241
2026-09-14,12:04:11.000,50.5463674,-5.0209464,20.6,1.222
2026-09-14,12:04:16.000,50.5464114,-5.0209946,20.8,1.213
2026-09-14,12:04:21.000,50.5464593,-5.0210415,21.0,1.204
2026-09-14,12:04:26.000,50.5465014,-5.0211030,21.4,1.213
2026-09-14,12:04:31.000,50.5465409,-5.0211527,21.8,1.194
2026-09-14,12:04:36.000,50.5465847,-5.0211917,22.2,1.185
2026-09-14,12:04:41.000,50.5466210,-5.0212328,22.6,1.157
2026-09-14,12:04:46.000,50.5466545,-5.0212887,22.4,1.138
2026-09-14,12:04:51.000,50.5466866,-5.0213408,23.0,1.082
2026-09-14,12:04:56.000,50.5467131,-5.0213969,23.6,1.054
2026-09-14,12:05:01.000,50.5467483,-5.0214767,24.0,1.110
2026-09-14,12:05:06.000,50.5467888,-5.0215400,24.2,1.204
2026-09-14,12:05:11.000,50.5468223,-5.0216010,24.2,1.204
2026-09-14,12:05:16.000,50.5468424,-5.0216643,24.6,1.176
2026-09-14,12:05:21.000,50.5468478,-5.0217384,25.2,1.138
2026-09-14,12:05:26.000,50.5468578,-5.0218009,25.6,1.092
2026-09-14,12:05:31.000,50.5468559,-5.0218015,25.8,0.000
2026-09-14,12:05:36.000,50.5468696,-5.0218464,26.0,0.336
2026-09-14,12:05:41.000,50.5468644,-5.0218803,25.6,0.485
2026-09-14,12:05:46.000,50.5468667,-5.0218854,25.4,0.000
2026-09-14,12:05:51.000,50.5468667,-5.0218854,25.4,0.000
2026-09-14,12:05:56.000,50.5468743,-5.0219361,25.4,0.000
2026-09-14,12:06:01.000,50.5469104,-5.0219922,25.8,1.204
2026-09-14,12:06:06.000,50.5469501,-5.0220463,26.0,1.222
2026-09-14,12:06:11.000,50.5469861,-5.0221089,26.4,1.204
2026-09-14,12:06:16.000,50.5470181,-5.0221685,26.8,1.166
2026-09-14,12:06:21.000,50.5470522,-5.0222306,27.2,1.166
2026-09-14,12:06:26.000,50.5470963,-5.0222832,27.4,1.166
2026-09-14,12:06:31.000,50.5471382,-5.0223521,28.0,1.250
2026-09-14,12:06:36.000,50.5471750,-5.0224125,28.6,1.269
2026-09-14,12:06:41.000,50.5471824,-5.0224613,29.2,1.092
2026-09-14,12:06:46.000,50.5471749,-5.0225275,29.4,1.045
2026-09-14,12:06:51.000,50.5472254,-5.0225467,30.0,1.064
2026-09-14,12:06:56.000,50.5472788,-5.0225607,30.4,1.148
2026-09-14,12:07:01.000,50.5473189,-5.0225870,30.4,1.082
2026-09-14,12:07:06.000,50.5473555,-5.0226198,30.6,1.017
2026-09-14,12:07:11.000,50.5473966,-5.0226750,30.8,1.082
2026-09-14,12:07:16.000,50.5474331,-5.0227302,31.0,1.120
2026-09-14,12:07:21.000,50.5474725,-5.0227903,31.4,1.120
2026-09-14,12:07:26.000,50.5475060,-5.0228409,32.0,1.101
2026-09-14,12:07:31.000,50.5475425,-5.0228835,32.4,1.073
2026-09-14,12:07:36.000,50.5475769,-5.0229385,32.6,1.082
2026-09-14,12:07:41.000,50.5476223,-5.0229970,32.8,1.082
2026-09-14,12:07:46.000,50.5476631,-5.0230512,33.4,1.101
2026-09-14,12:07:51.000,50.5476998,-5.0231063,33.8,1.120
2026-09-14,12:07:56.000,50.5477314,-5.0231652,34.2,1.138
2026-09-14,12:08:01.000,50.5477733,-5.0232163,35.2,1.129
2026-09-14,12:08:06.000,50.5478110,-5.0232823,35.6,1.138
2026-09-14,12:08:11.000,50.5478547,-5.0233300,36.0,1.157
2026-09-14,12:08:16.000,50.5478934,-5.0233801,36.2,1.166
2026-09-14,12:08:21.000,50.5479301,-5.0234382,37.0,1.157
2026-09-14,12:08:26.000,50.5479667,-5.0234854,37.8,1.148
2026-09-14,12:08:31.000,50.5480063,-5.0235443,38.2,1.148
2026-09-14,12:08:36.000,50.5480503,-5.0235984,38.6,1.157
2026-09-14,12:08:41.000,50.5480948,-5.0236621,39.2,1.166
2026-09-14,12:08:46.000,50.5481299,-5.0237214,39.6,1.166
2026-09-14,12:08:51.000,50.5481653,-5.0237823,40.2,1.157
2026-09-14,12:08:56.000,50.5481991,-5.0238352,40.8,1.166
2026-09-14,12:09:01.000,50.5482434,-5.0238830,41.2,1.157
2026-09-14,12:09:06.000,50.5482925,-5.0239003,42.2,1.166
2026-09-14,12:09:11.000,50.5483352,-5.0239368,42.8,1.148
2026-09-14,12:09:16.000,50.5483685,-5.0239978,43.0,1.148
2026-09-14,12:09:21.000,50.5484045,-5.0240445,43.6,1.129
2026-09-14,12:09:26.000,50.5484358,-5.0240958,44.4,1.120
2026-09-14,12:09:31.000,50.5484731,-5.0241488,44.8,1.082
2026-09-14,12:09:36.000,50.5485011,-5.0241988,45.4,1.054
2026-09-14,12:09:41.000,50.5485399,-5.0242480,45.8,1.064
2026-09-14,12:09:46.000,50.5485829,-5.0243097,46.2,1.101
2026-09-14,12:09:51.000,50.5486272,-5.0243610,46.6,1.157
2026-09-14,12:09:56.000,50.5486565,-5.0244225,47.4,1.157
2026-09-14,12:10:01.000,50.5486924,-5.0244708,48.0,1.129
2026-09-14,12:10:06.000,50.5487352,-5.0245296,48.4,1.166
2026-09-14,12:10:11.000,50.5487593,-5.0245785,48.8,1.138
2026-09-14,12:10:16.000,50.5487641,-5.0245840,48.8,0.000
2026-09-14,12:10:21.000,50.5487672,-5.0245807,48.4,0.000
2026-09-14,12:10:26.000,50.5487888,-5.0245981,49.6,0.000
2026-09-14,12:10:31.000,50.5488128,-5.0246387,49.8,0.467
2026-09-14,12:10:36.000,50.5488114,-5.0246376,49.8,0.000
2026-09-14,12:10:41.000,50.5488401,-5.0246895,49.8,0.000
2026-09-14,12:10:46.000,50.5488880,-5.0247634,51.0,1.250
2026-09-14,12:10:51.000,50.5489349,-5.0248250,51.8,1.316
2026-09-14,12:10:56.000,50.5489740,-5.0248914,52.4,1.306
2026-09-14,12:11:01.000,50.5490088,-5.0249470,53.2,1.278
2026-09-14,12:11:06.000,50.5490438,-5.0250160,53.6,1.250
2026-09-14,12:11:11.000,50.5490748,-5.0250646,54.6,1.101
2026-09-14,12:11:16.000,50.5491148,-5.0251219,55.2,1.129
2026-09-14,12:11:21.000,50.5491455,-5.0251767,55.8,1.110
2026-09-14,12:11:26.000,50.5491779,-5.0252373,56.6,1.110
2026-09-14,12:11:31.000,50.5492171,-5.0252971,57.2,1.138
2026-09-14,12:11:36.000,50.5492615,-5.0253545,57.8,1.166
2026-09-14,12:11:41.000,50.5493046,-5.0254152,58.6,1.204
2026-09-14,12:11:46.000,50.5493461,-5.0254768,59.2,1.222
2026-09-14,12:11:51.000,50.5493850,-5.0255262,60.0,1.194
2026-09-14,12:11:56.000,50.5494218,-5.0255740,60.6,1.213
2026-09-14,12:12:01.000,50.5494256,-5.0255859,61.0,0.000
2026-09-14,12:12:06.000,50.5494332,-5.0256003,61.2,0.000
2026-09-14,12:12:11.000,50.5494682,-5.0256586,61.0,1.185
2026-09-14,12:12:16.000,50.5495057,-5.0257181,60.6,1.222
2026-09-14,12:12:21.000,50.5495521,-5.0257977,60.2,1.372
2026-09-14,12:12:26.000,50.5495930,-5.0258664,60.0,1.334
2026-09-14,12:12:31.000,50.5496432,-5.0259399,59.8,1.381
2026-09-14,12:12:36.000,50.5496905,-5.0260016,59.2,1.344
2026-09-14,12:12:41.000,50.5497294,-5.0260651,58.0,1.334
2026-09-14,12:12:46.000,50.5497757,-5.0261430,58.2,1.381
2026-09-14,12:12:51.000,50.5498220,-5.0262077,58.2,1.418
2026-09-14,12:12:56.000,50.5498642,-5.0262715,58.0,1.400
2026-09-14,12:13:01.000,50.5499112,-5.0263406,58.0,1.400
2026-09-14,12:13:06.000,50.5499528,-5.0264149,58.6,1.400
2026-09-14,12:13:11.000,50.5499914,-5.0264905,58.6,1.400
2026-09-14,12:13:16.000,50.5500398,-5.0265665,58.8,1.428
2026-09-14,12:13:21.000,50.5500810,-5.0266255,59.2,1.400
2026-09-14,12:13:26.000,50.5501323,-5.0266804,59.6,1.381
2026-09-14,12:13:31.000,50.5501711,-5.0267413,59.8,1.353
2026-09-14,12:13:36.000,50.5502070,-5.0268034,60.2,1.297
2026-09-14,12:13:41.000,50.5502456,-5.0268690,60.4,1.288
2026-09-14,12:13:46.000,50.5502768,-5.0269333,61.2,1.269
2026-09-14,12:13:51.000,50.5502877,-5.0269593,61.2,1.110
2026-09-14,12:13:56.000,50.5502884,-5.0270310,61.8,0.532
2026-09-14,12:14:01.000,50.5502969,-5.0270888,62.6,0.849
2026-09-14,12:14:06.000,50.5503097,-5.0271587,63.0,0.970
2026-09-14,12:14:11.000,50.5503340,-5.0272307,63.6,1.073
2026-09-14,12:14:16.000,50.5503585,-5.0273067,63.8,1.129
2026-09-14,12:14:21.000,50.5503690,-5.0273949,64.0,1.129
2026-09-14,12:14:26.000,50.5503725,-5.0274786,64.6,1.176
2026-09-14,12:14:31.000,50.5503856,-5.0275456,65.2,1.148
2026-09-14,12:14:36.000,50.5503911,-5.0276136,65.0,1.120
2026-09-14,12:14:41.000,50.5503837,-5.0276914,65.2,1.092
2026-09-14,12:14:46.000,50.5503633,-5.0277599,67.2,1.082
2026-09-14,12:14:51.000,50.5503436,-5.0278462,65.6,1.166
2026-09-14,12:14:56.000,50.5503211,-5.0279105,65.8,1.101
2026-09-14,12:15:01.000,50.5503017,-5.0280020,66.2,1.241
2026-09-14,12:15:06.000,50.5502776,-5.0280873,66.0,1.260
2026-09-14,12:15:11.000,50.5502463,-5.0281574,66.2,1.260
2026-09-14,12:15:16.000,50.5502188,-5.0282435,66.0,1.288
2026-09-14,12:15:21.000,50.5501847,-5.0283146,66.4,1.269
2026-09-14,12:15:26.000,50.5501614,-5.0283955,66.8,1.260
2026-09-14,12:15:31.000,50.5501340,-5.0284764,67.0,1.260
2026-09-14,12:15:36.000,50.5501141,-5.0285484,67.2,1.250
2026-09-14,12:15:41.000,50.5500845,-5.0286319,67.6,1.260
2026-09-14,12:15:46.000,50.5500590,-5.0286989,68.0,1.250
2026-09-14,12:15:51.000,50.5500261,-5.0287748,68.6,1.241
2026-09-14,12:15:56.000,50.5500009,-5.0288457,69.0,1.232
2026-09-14,12:16:01.000,50.5499784,-5.0289236,69.0,1.222
2026-09-14,12:16:06.000,50.5499487,-5.0289907,69.6,1.222
2026-09-14,12:16:11.000,50.5499250,-5.0290636,69.8,1.213
2026-09-14,12:16:16.000,50.5499052,-5.0291420,70.2,1.204
2026-09-14,12:16:21.000,50.5498955,-5.0292203,70.6,1.194
2026-09-14,12:16:26.000,50.5498765,-5.0293064,70.6,1.213
2026-09-14,12:16:31.000,50.5498586,-5.0293918,70.8,1.222
2026-09-14,12:16:36.000,50.5498393,-5.0294648,71.4,1.185
2026-09-14,12:16:41.000,50.5498246,-5.0295554,72.0,1.185
2026-09-14,12:16:46.000,50.5498022,-5.0296197,72.6,1.148
2026-09-14,12:16:51.000,50.5497881,-5.0296771,73.4,1.073
2026-09-14,12:16:56.000,50.5497772,-5.0297581,73.4,1.092
2026-09-14,12:17:01.000,50.5497705,-5.0298420,73.8,1.082
2026-09-14,12:17:06.000,50.5497843,-5.0299102,73.2,1.082
2026-09-14,12:17:11.000,50.5497792,-5.0299891,73.4,1.110
2026-09-14,12:17:16.000,50.5497654,-5.0300648,72.6,1.073
2026-09-14,12:17:21.000,50.5497510,-5.0301320,72.2,1.082
2026-09-14,12:17:26.000,50.5497375,-5.0301964,72.0,1.073
2026-09-14,12:17:31.000,50.5497362,-5.0302777,71.6,1.082
2026-09-14,12:17:36.000,50.5497234,-5.0303553,71.4,1.082
2026-09-14,12:17:41.000,50.5497076,-5.0304462,71.0,1.110
2026-09-14,12:17:46.000,50.5496909,-5.0305264,70.6,1.129
2026-09-14,12:17:51.000,50.5496733,-5.0306003,70.0,1.120
2026-09-14,12:17:56.000,50.5496502,-5.0306702,69.4,1.120
2026-09-14,12:18:01.000,50.5496299,-5.0307577,69.2,1.129
2026-09-14,12:18:06.000,50.5496227,-5.0308532,68.8,1.148
2026-09-14,12:18:11.000,50.5496153,-5.0309428,68.8,1.166
2026-09-14,12:18:16.000,50.5496001,-5.0310341,68.4,1.194
2026-09-14,12:18:21.000,50.5496036,-5.0311227,68.0,1.204
2026-09-14,12:18:26.000,50.5496246,-5.0312041,67.0,1.194
2026-09-14,12:18:31.000,50.5496366,-5.0312272,66.4,1.120
2026-09-14,12:18:36.000,50.5496366,-5.0312272,66.8,0.000
2026-09-14,12:18:41.000,50.5496366,-5.0312272,66.6,0.000
2026-09-14,12:18:46.000,50.5496366,-5.0312272,66.4,0.000
2026-09-14,12:18:51.000,50.5496366,-5.0312272,66.2,0.000
2026-09-14,12:18:56.000,50.5496400,-5.0312318,66.2,0.000
2026-09-14,12:19:01.000,50.5496326,-5.0312450,66.6,0.000
2026-09-14,12:19:06.000,50.5496352,-5.0312671,66.6,0.000
2026-09-14,12:19:11.000,50.5496342,-5.0313233,66.0,1.064
2026-09-14,12:19:16.000,50.5496209,-5.0314216,65.8,1.428
2026-09-14,12:19:21.000,50.5496027,-5.0315023,66.4,1.241
2026-09-14,12:19:26.000,50.5495869,-5.0315822,66.0,1.232
2026-09-14,12:19:31.000,50.5495910,-5.0316079,66.4,1.101
2026-09-14,12:19:36.000,50.5495913,-5.0316079,66.6,0.000
2026-09-14,12:19:41.000,50.5495828,-5.0316592,66.2,0.000
2026-09-14,12:19:46.000,50.5495736,-5.0317464,66.0,1.148
2026-09-14,12:19:51.000,50.5495660,-5.0318388,66.2,1.381
2026-09-14,12:19:56.000,50.5495473,-5.0319231,66.8,1.344
2026-09-14,12:20:01.000,50.5495380,-5.0320016,67.0,1.269
2026-09-14,12:20:06.000,50.5495295,-5.0320834,67.0,1.250
2026-09-14,12:20:11.000,50.5495086,-5.0321746,67.2,1.288
2026-09-14,12:20:16.000,50.5494931,-5.0322538,67.2,1.316
2026-09-14,12:20:21.000,50.5494723,-5.0323440,67.6,1.325
2026-09-14,12:20:26.000,50.5494440,-5.0324238,67.6,1.297
2026-09-14,12:20:31.000,50.5494292,-5.0324990,68.0,1.297
2026-09-14,12:20:36.000,50.5494035,-5.0325725,67.6,1.288
2026-09-14,12:20:41.000,50.5493799,-5.0326556,67.2,1.297
2026-09-14,12:20:46.000,50.5493527,-5.0327404,67.4,1.306
2026-09-14,12:20:51.000,50.5493236,-5.0328232,67.4,1.316
2026-09-14,12:20:56.000,50.5493030,-5.0329083,67.4,1.306
2026-09-14,12:21:01.000,50.5492736,-5.0330022,67.8,1.334
2026-09-14,12:21:06.000,50.5492392,-5.0330801,68.2,1.325
2026-09-14,12:21:11.000,50.5492098,-5.0331590,68.2,1.344
2026-09-14,12:21:16.000,50.5491795,-5.0332415,68.0,1.353
2026-09-14,12:21:21.000,50.5491502,-5.0333266,68.2,1.353
2026-09-14,12:21:26.000,50.5491304,-5.0333981,68.4,1.325
2026-09-14,12:21:31.000,50.5490972,-5.0334681,68.6,1.306
2026-09-14,12:21:36.000,50.5490961,-5.0334892,67.6,1.260
2026-09-14,12:21:41.000,50.5490873,-5.0334950,68.0,0.000
2026-09-14,12:21:46.000,50.5490724,-5.0335539,68.8,0.420
2026-09-14,12:21:51.000,50.5490435,-5.0336242,68.6,1.138
2026-09-14,12:21:56.000,50.5490096,-5.0336931,68.8,1.344
2026-09-14,12:22:01.000,50.5489784,-5.0337722,68.0,1.325
2026-09-14,12:22:06.000,50.5489768,-5.0338462,67.4,1.288
2026-09-14,12:22:11.000,50.5489522,-5.0339184,67.4,1.232
2026-09-14,12:22:16.000,50.5489447,-5.0339980,66.4,1.194
2026-09-14,12:22:21.000,50.5489337,-5.0340960,65.4,1.306
2026-09-14,12:22:26.000,50.5489091,-5.0341825,65.2,1.316
2026-09-14,12:22:31.000,50.5488891,-5.0342716,64.6,1.344
2026-09-14,12:22:36.000,50.5488653,-5.0343458,63.6,1.306
2026-09-14,12:22:41.000,50.5488322,-5.0344305,62.8,1.316
2026-09-14,12:22:46.000,50.5487945,-5.0344956,62.6,1.325
2026-09-14,12:22:51.000,50.5487642,-5.0345720,61.4,1.306
2026-09-14,12:22:56.000,50.5487202,-5.0346404,61.2,1.316
2026-09-14,12:23:01.000,50.5486873,-5.0346850,61.0,1.297
2026-09-14,12:23:06.000,50.5486551,-5.0347669,61.4,1.250
2026-09-14,12:23:11.000,50.5486167,-5.0347838,62.4,1.120
2026-09-14,12:23:16.000,50.5485794,-5.0348111,62.0,1.054
2026-09-14,12:23:21.000,50.5485346,-5.0348149,59.6,0.980
2026-09-14,12:23:26.000,50.5484819,-5.0348123,58.2,1.045
2026-09-14,12:23:31.000,50.5484290,-5.0348071,57.4,1.092
2026-09-14,12:23:36.000,50.5483824,-5.0347783,56.0,1.129
2026-09-14,12:23:41.000,50.5483506,-5.0347789,55.4,1.045
2026-09-14,12:23:46.000,50.5483186,-5.0348006,54.6,0.942
2026-09-14,12:23:51.000,50.5482768,-5.0348353,53.6,0.952
2026-09-14,12:23:56.000,50.5482577,-5.0348536,54.6,0.802
2026-09-14,12:24:01.000,50.5482382,-5.0348509,55.8,0.653
2026-09-14,12:24:06.000,50.5482382,-5.0348509,54.0,0.000
2026-09-14,12:24:11.000,50.5482382,-5.0348509,54.2,0.000
2026-09-14,12:24:16.000,50.5482382,-5.0348509,54.6,0.000
2026-09-14,12:24:21.000,50.5482382,-5.0348509,56.2,0.000
2026-09-14,12:24:26.000,50.5482382,-5.0348509,55.2,0.000
2026-09-14,12:24:31.000,50.5482169,-5.0348212,54.4,0.000
2026-09-14,12:24:36.000,50.5481647,-5.0347818,56.0,1.129
2026-09-14,12:24:41.000,50.5481188,-5.0347533,55.6,1.082
2026-09-14,12:24:46.000,50.5481099,-5.0347481,55.4,0.625
2026-09-14,12:24:51.000,50.5480558,-5.0347085,55.8,0.924
2026-09-14,12:24:56.000,50.5480067,-5.0346697,56.8,1.017
2026-09-14,12:25:01.000,50.5479533,-5.0346318,56.4,1.176
2026-09-14,12:25:06.000,50.5479242,-5.0346019,56.8,1.092
2026-09-14,12:25:11.000,50.5479124,-5.0345932,56.2,0.000
2026-09-14,12:25:16.000,50.5479124,-5.0345932,56.0,0.000
2026-09-14,12:25:21.000,50.5479124,-5.0345932,56.2,0.000
2026-09-14,12:25:26.000,50.5479124,-5.0345932,56.8,0.000
2026-09-14,12:25:31.000,50.5479124,-5.0345932,56.8,0.000
2026-09-14,12:25:36.000,50.5479124,-5.0345932,56.4,0.000
2026-09-14,12:25:41.000,50.5479124,-5.0345932,56.2,0.000
2026-09-14,12:25:46.000,50.5479124,-5.0345932,56.2,0.000
2026-09-14,12:25:51.000,50.5479124,-5.0345932,56.6,0.000
2026-09-14,12:25:56.000,50.5479124,-5.0345932,56.6,0.000
2026-09-14,12:26:01.000,50.5479106,-5.0345965,56.6,0.000
2026-09-14,12:26:06.000,50.5478681,-5.0345688,56.8,0.392
2026-09-14,12:26:11.000,50.5478226,-5.0345762,56.2,0.355
2026-09-14,12:26:16.000,50.5477825,-5.0346004,54.8,1.101
2026-09-14,12:26:21.000,50.5477349,-5.0346191,54.2,1.166
2026-09-14,12:26:26.000,50.5476804,-5.0346506,53.2,1.148
2026-09-14,12:26:31.000,50.5476406,-5.0346893,52.2,1.138
2026-09-14,12:26:36.000,50.5476054,-5.0347403,50.8,1.166
2026-09-14,12:26:41.000,50.5475964,-5.0347771,50.0,0.812
2026-09-14,12:26:46.000,50.5475891,-5.0348060,48.0,0.718
2026-09-14,12:26:51.000,50.5475945,-5.0348324,46.2,0.625
2026-09-14,12:26:56.000,50.5475733,-5.0348750,45.2,0.681
2026-09-14,12:27:01.000,50.5475484,-5.0349255,43.8,0.765
2026-09-14,12:27:06.000,50.5475019,-5.0349772,43.2,1.026
2026-09-14,12:27:11.000,50.5474448,-5.0349953,43.8,1.129
2026-09-14,12:27:16.000,50.5473701,-5.0349941,43.2,1.222
2026-09-14,12:27:21.000,50.5473112,-5.0350049,43.2,1.278
2026-09-14,12:27:26.000,50.5472488,-5.0350558,43.6,1.372
2026-09-14,12:27:31.000,50.5472045,-5.0350998,43.6,1.334
2026-09-14,12:27:36.000,50.5471703,-5.0351673,43.6,1.306
2026-09-14,12:27:41.000,50.5471237,-5.0352353,43.4,1.316
2026-09-14,12:27:46.000,50.5470814,-5.0353060,43.4,1.316
2026-09-14,12:27:51.000,50.5470440,-5.0353716,43.6,1.297
2026-09-14,12:27:56.000,50.5470140,-5.0354317,44.0,1.269
2026-09-14,12:28:01.000,50.5469798,-5.0354712,44.0,1.138
2026-09-14,12:28:06.000,50.5469698,-5.0354684,44.0,0.765
2026-09-14,12:28:11.000,50.5469698,-5.0354684,44.2,0.000
2026-09-14,12:28:16.000,50.5469698,-5.0354684,44.0,0.000
2026-09-14,12:28:21.000,50.5469698,-5.0354684,44.0,0.000
2026-09-14,12:28:26.000,50.5469698,-5.0354684,44.0,0.000
2026-09-14,12:28:31.000,50.5469698,-5.0354684,44.0,0.000
2026-09-14,12:28:36.000,50.5469698,-5.0354684,44.0,0.000
2026-09-14,12:28:41.000,50.5469698,-5.0354684,43.8,0.000
2026-09-14,12:28:46.000,50.5469698,-5.0354684,43.8,0.000
2026-09-14,12:28:51.000,50.5469698,-5.0354684,43.8,0.000
2026-09-14,12:28:56.000,50.5469698,-5.0354684,43.8,0.000
2026-09-14,12:29:01.000,50.5469698,-5.0354684,43.8,0.000
2026-09-14,12:29:06.000,50.5469698,-5.0354684,43.8,0.000
2026-09-14,12:29:11.000,50.5469698,-5.0354684,43.8,0.000
2026-09-14,12:29:16.000,50.5469698,-5.0354684,43.8,0.000
2026-09-14,12:29:21.000,50.5469698,-5.0354684,43.6,0.000
2026-09-14,12:29:26.000,50.5469698,-5.0354684,43.8,0.000
2026-09-14,12:29:31.000,50.5469698,-5.0354684,43.6,0.000
2026-09-14,12:29:36.000,50.5469698,-5.0354684,43.8,0.000
2026-09-14,12:29:41.000,50.5469698,-5.0354684,43.6,0.000
2026-09-14,12:29:46.000,50.5469698,-5.0354684,43.8,0.000
2026-09-14,12:29:51.000,50.5469698,-5.0354684,43.6,0.000
2026-09-14,12:29:56.000,50.5469698,-5.0354684,43.8,0.000
2026-09-14,12:30:01.000,50.5469698,-5.0354684,43.8,0.000
2026-09-14,12:30:06.000,50.5469698,-5.0354684,44.0,0.000
2026-09-14,12:30:11.000,50.5469698,-5.0354684,44.0,0.000
2026-09-14,12:30:16.000,50.5469698,-5.0354684,43.6,0.000
2026-09-14,12:30:21.000,50.5469698,-5.0354684,43.6,0.000
2026-09-14,12:30:26.000,50.5469698,-5.0354684,43.6,0.000
2026-09-14,12:30:31.000,50.5469698,-5.0354684,43.6,0.000
2026-09-14,12:30:36.000,50.5469698,-5.0354684,43.6,0.000
2026-09-14,12:30:41.000,50.5469698,-5.0354684,43.6,0.000
2026-09-14,12:30:46.000,50.5469698,-5.0354684,43.6,0.000
2026-09-14,12:30:51.000,50.5469698,-5.0354684,43.4,0.000
2026-09-14,12:30:56.000,50.5469698,-5.0354684,43.6,0.000
2026-09-14,12:31:01.000,50.5469698,-5.0354684,43.8,0.000
2026-09-14,12:31:06.000,50.5469698,-5.0354684,44.0,0.000
2026-09-14,12:31:11.000,50.5469698,-5.0354684,44.0,0.000
2026-09-14,12:31:16.000,50.5469698,-5.0354684,44.0,0.000
2026-09-14,12:31:21.000,50.5469698,-5.0354684,43.8,0.000
2026-09-14,12:31:26.000,50.5469717,-5.0354711,43.8,0.000
2026-09-14,12:31:31.000,50.5469289,-5.0354610,44.0,0.000
2026-09-14,12:31:36.000,50.5468799,-5.0354656,44.4,0.961
2026-09-14,12:31:41.000,50.5468597,-5.0354881,44.6,0.774
2026-09-14,12:31:46.000,50.5468541,-5.0354916,45.4,0.000
2026-09-14,12:31:51.000,50.5468037,-5.0355023,45.6,0.420
2026-09-14,12:31:56.000,50.5467534,-5.0355205,43.6,1.148
2026-09-14,12:32:01.000,50.5466998,-5.0355241,42.8,1.194
2026-09-14,12:32:06.000,50.5466527,-5.0355328,42.8,1.213
2026-09-14,12:32:11.000,50.5465987,-5.0355536,42.2,1.232
2026-09-14,12:32:16.000,50.5465421,-5.0355971,42.2,1.278
2026-09-14,12:32:21.000,50.5465021,-5.0356468,41.6,1.204
2026-09-14,12:32:26.000,50.5464667,-5.0356939,41.0,1.185
2026-09-14,12:32:31.000,50.5464248,-5.0357478,40.2,1.204
2026-09-14,12:32:36.000,50.5463927,-5.0358009,39.4,1.166
2026-09-14,12:32:41.000,50.5463720,-5.0358343,38.2,1.101
2026-09-14,12:32:46.000,50.5463575,-5.0358948,35.6,1.054
2026-09-14,12:32:51.000,50.5463265,-5.0359611,35.4,1.073
2026-09-14,12:32:56.000,50.5462959,-5.0360249,34.8,1.073
2026-09-14,12:33:01.000,50.5462666,-5.0360895,33.6,1.082
2026-09-14,12:33:06.000,50.5462368,-5.0361620,32.4,1.120
2026-09-14,12:33:11.000,50.5462057,-5.0362351,32.2,1.129
2026-09-14,12:33:16.000,50.5461695,-5.0363049,32.0,1.138
2026-09-14,12:33:21.000,50.5461255,-5.0363753,32.2,1.232
2026-09-14,12:33:26.000,50.5460825,-5.0364327,32.4,1.213
2026-09-14,12:33:31.000,50.5460648,-5.0365053,32.2,1.194
2026-09-14,12:33:36.000,50.5460428,-5.0365978,32.0,1.204
2026-09-14,12:33:41.000,50.5460216,-5.0366864,32.6,1.241
2026-09-14,12:33:46.000,50.5460073,-5.0367703,32.8,1.241
2026-09-14,12:33:51.000,50.5459971,-5.0368563,33.0,1.250
2026-09-14,12:33:56.000,50.5459773,-5.0369403,33.4,1.241
2026-09-14,12:34:01.000,50.5459578,-5.0370234,34.0,1.241
2026-09-14,12:34:06.000,50.5459332,-5.0370852,35.2,1.222
2026-09-14,12:34:11.000,50.5459113,-5.0371512,35.8,1.176
2026-09-14,12:34:16.000,50.5458793,-5.0372070,36.6,1.129
2026-09-14,12:34:21.000,50.5458477,-5.0372620,38.2,1.092
2026-09-14,12:34:26.000,50.5458231,-5.0373291,38.2,1.082
2026-09-14,12:34:31.000,50.5458173,-5.0373928,38.8,1.073
2026-09-14,12:34:36.000,50.5458033,-5.0374677,40.0,1.036
2026-09-14,12:34:41.000,50.5457784,-5.0375396,40.8,1.045
2026-09-14,12:34:46.000,50.5457580,-5.0376074,41.8,1.054
2026-09-14,12:34:51.000,50.5457344,-5.0376476,43.2,0.970
2026-09-14,12:34:56.000,50.5457179,-5.0377138,44.6,0.952
2026-09-14,12:35:01.000,50.5456936,-5.0377804,45.2,0.989
2026-09-14,12:35:06.000,50.5456737,-5.0378575,45.4,1.026
2026-09-14,12:35:11.000,50.5456541,-5.0379375,45.8,1.045
2026-09-14,12:35:16.000,50.5456396,-5.0380136,46.4,1.092
2026-09-14,12:35:21.000,50.5456281,-5.0380882,47.2,1.092
2026-09-14,12:35:26.000,50.5456056,-5.0381460,48.0,1.073
2026-09-14,12:35:31.000,50.5455825,-5.0382025,48.8,1.017
2026-09-14,12:35:36.000,50.5455620,-5.0382347,49.0,0.933
2026-09-14,12:35:41.000,50.5455615,-5.0382349,48.4,0.000
2026-09-14,12:35:46.000,50.5455411,-5.0382436,47.6,0.000
2026-09-14,12:35:51.000,50.5455332,-5.0382514,49.0,0.000
2026-09-14,12:35:56.000,50.5455332,-5.0382514,49.8,0.000
2026-09-14,12:36:01.000,50.5455332,-5.0382514,49.6,0.000
2026-09-14,12:36:06.000,50.5455590,-5.0382399,49.0,0.000
2026-09-14,12:36:11.000,50.5455925,-5.0381961,48.2,0.000
2026-09-14,12:36:16.000,50.5456183,-5.0381335,47.6,1.148
2026-09-14,12:36:21.000,50.5456328,-5.0380716,46.6,0.998
2026-09-14,12:36:26.000,50.5456419,-5.0380126,45.8,0.980
2026-09-14,12:36:31.000,50.5456549,-5.0379503,45.2,1.008
2026-09-14,12:36:36.000,50.5456702,-5.0378900,44.6,1.017
2026-09-14,12:36:41.000,50.5456890,-5.0378215,44.6,1.120
2026-09-14,12:36:46.000,50.5457103,-5.0377585,43.8,1.092
2026-09-14,12:36:51.000,50.5457341,-5.0377019,43.4,1.045
2026-09-14,12:36:56.000,50.5457606,-5.0376445,42.6,1.008
2026-09-14,12:37:01.000,50.5457732,-5.0375924,41.6,0.970
2026-09-14,12:37:06.000,50.5457927,-5.0375381,40.6,0.980
2026-09-14,12:37:11.000,50.5458169,-5.0374765,39.6,0.980
2026-09-14,12:37:16.000,50.5458354,-5.0374151,38.6,0.961
2026-09-14,12:37:21.000,50.5458556,-5.0373486,37.6,1.017
2026-09-14,12:37:26.000,50.5458820,-5.0372751,36.8,1.054
2026-09-14,12:37:31.000,50.5459057,-5.0372177,35.8,1.026
2026-09-14,12:37:36.000,50.5459276,-5.0371603,35.2,1.036
2026-09-14,12:37:41.000,50.5459526,-5.0370837,34.6,1.054
2026-09-14,12:37:46.000,50.5459688,-5.0370151,33.4,1.054
2026-09-14,12:37:51.000,50.5459949,-5.0369072,33.0,1.148
2026-09-14,12:37:56.000,50.5460131,-5.0368248,32.4,1.176
2026-09-14,12:38:01.000,50.5460232,-5.0367262,32.2,1.213
2026-09-14,12:38:06.000,50.5460391,-5.0366306,32.0,1.241
2026-09-14,12:38:11.000,50.5460507,-5.0365396,31.6,1.269
2026-09-14,12:38:16.000,50.5460716,-5.0364472,31.6,1.297
2026-09-14,12:38:21.000,50.5460724,-5.0363568,31.0,1.306
2026-09-14,12:38:26.000,50.5460889,-5.0362543,30.6,1.334
2026-09-14,12:38:31.000,50.5461145,-5.0361809,30.8,1.334
2026-09-14,12:38:36.000,50.5461325,-5.0361012,31.6,1.269
2026-09-14,12:38:41.000,50.5461401,-5.0360327,32.4,1.194
2026-09-14,12:38:46.000,50.5461555,-5.0359664,33.2,1.082
2026-09-14,12:38:51.000,50.5461657,-5.0359041,34.0,1.036
2026-09-14,12:38:56.000,50.5461757,-5.0358380,34.8,1.026
2026-09-14,12:39:01.000,50.5461853,-5.0357889,35.8,1.008
2026-09-14,12:39:06.000,50.5461945,-5.0357544,37.0,0.896
2026-09-14,12:39:11.000,50.5462088,-5.0357081,37.6,0.914
2026-09-14,12:39:16.000,50.5462172,-5.0356482,38.4,0.952
2026-09-14,12:39:21.000,50.5462213,-5.0356071,39.4,0.830
2026-09-14,12:39:26.000,50.5462364,-5.0355541,40.4,0.821
2026-09-14,12:39:31.000,50.5462306,-5.0355104,41.2,0.774
2026-09-14,12:39:36.000,50.5462344,-5.0354611,42.2,0.812
2026-09-14,12:39:41.000,50.5462244,-5.0354174,43.4,0.802
2026-09-14,12:39:46.000,50.5462269,-5.0353832,44.4,0.784
2026-09-14,12:39:51.000,50.5462109,-5.0353355,45.4,0.746
2026-09-14,12:39:56.000,50.5462151,-5.0352692,46.6,0.868
2026-09-14,12:40:01.000,50.5462151,-5.0352128,47.6,0.896
2026-09-14,12:40:06.000,50.5462170,-5.0351597,49.0,0.877
2026-09-14,12:40:11.000,50.5462265,-5.0350910,50.2,0.868
2026-09-14,12:40:16.000,50.5462270,-5.0350263,50.2,0.849
2026-09-14,12:40:21.000,50.5462411,-5.0349690,51.0,0.765
2026-09-14,12:40:26.000,50.5462205,-5.0349247,50.4,0.877
2026-09-14,12:40:31.000,50.5461939,-5.0348697,51.2,0.924
2026-09-14,12:40:36.000,50.5461583,-5.0348261,51.8,0.998
2026-09-14,12:40:41.000,50.5461204,-5.0347516,50.0,1.064
2026-09-14,12:40:46.000,50.5460886,-5.0346876,49.8,1.054
2026-09-14,12:40:51.000,50.5460613,-5.0346343,49.6,1.026
2026-09-14,12:40:56.000,50.5460074,-5.0345730,49.0,1.073
2026-09-14,12:41:01.000,50.5459580,-5.0345185,47.8,1.129
2026-09-14,12:41:06.000,50.5459225,-5.0344473,46.8,1.166
2026-09-14,12:41:11.000,50.5458727,-5.0343925,46.6,1.176
2026-09-14,12:41:16.000,50.5458243,-5.0343376,45.4,1.204
2026-09-14,12:41:21.000,50.5457740,-5.0342668,46.0,1.250
2026-09-14,12:41:26.000,50.5457282,-5.0342122,45.8,1.250
2026-09-14,12:41:31.000,50.5456753,-5.0341415,44.0,1.278
2026-09-14,12:41:36.000,50.5456308,-5.0340954,43.6,1.278
2026-09-14,12:41:41.000,50.5455834,-5.0340317,43.2,1.297
2026-09-14,12:41:46.000,50.5455369,-5.0339695,43.2,1.306
2026-09-14,12:41:51.000,50.5454912,-5.0339093,43.2,1.316
2026-09-14,12:41:56.000,50.5454399,-5.0338626,43.6,1.334
2026-09-14,12:42:01.000,50.5453845,-5.0338252,43.0,1.316
2026-09-14,12:42:06.000,50.5453310,-5.0337857,42.2,1.325
2026-09-14,12:42:11.000,50.5452704,-5.0337566,41.2,1.334
2026-09-14,12:42:16.000,50.5452145,-5.0337367,40.6,1.334
2026-09-14,12:42:21.000,50.5451580,-5.0337191,39.8,1.334
2026-09-14,12:42:26.000,50.5451028,-5.0337184,39.2,1.325
2026-09-14,12:42:31.000,50.5450758,-5.0337498,38.6,1.278
2026-09-14,12:42:36.000,50.5450446,-5.0337799,38.4,0.998
2026-09-14,12:42:41.000,50.5450381,-5.0337790,37.0,0.000
2026-09-14,12:42:46.000,50.5450372,-5.0337794,37.2,0.000
2026-09-14,12:42:51.000,50.5450372,-5.0337794,38.2,0.000
2026-09-14,12:42:56.000,50.5450235,-5.0337771,38.0,0.000
2026-09-14,12:43:01.000,50.5449771,-5.0337431,37.4,0.373
2026-09-14,12:43:06.000,50.5449211,-5.0337451,37.0,1.241
2026-09-14,12:43:11.000,50.5448663,-5.0337483,36.6,1.176
2026-09-14,12:43:16.000,50.5448036,-5.0337624,36.6,1.325
2026-09-14,12:43:21.000,50.5447477,-5.0337702,36.0,1.288
2026-09-14,12:43:26.000,50.5446917,-5.0337742,35.2,1.306
2026-09-14,12:43:31.000,50.5446390,-5.0337664,35.0,1.232
2026-09-14,12:43:36.000,50.5445788,-5.0337547,34.2,1.241
2026-09-14,12:43:41.000,50.5445210,-5.0337474,33.6,1.278
2026-09-14,12:43:46.000,50.5444782,-5.0336958,32.6,1.288
2026-09-14,12:43:51.000,50.5444333,-5.0336386,32.4,1.269
2026-09-14,12:43:56.000,50.5443778,-5.0335929,31.6,1.306
2026-09-14,12:44:01.000,50.5443243,-5.0335515,31.0,1.297
2026-09-14,12:44:06.000,50.5442756,-5.0335028,31.6,1.316
2026-09-14,12:44:11.000,50.5442340,-5.0334448,30.4,1.297
2026-09-14,12:44:16.000,50.5441907,-5.0333757,29.6,1.306
2026-09-14,12:44:21.000,50.5441381,-5.0333231,29.2,1.325
2026-09-14,12:44:26.000,50.5440885,-5.0332791,28.6,1.325
2026-09-14,12:44:31.000,50.5440337,-5.0332370,27.8,1.362
2026-09-14,12:44:36.000,50.5439820,-5.0332054,27.0,1.316
2026-09-14,12:44:41.000,50.5439363,-5.0331410,26.6,1.334
2026-09-14,12:44:46.000,50.5438985,-5.0330722,26.4,1.297
2026-09-14,12:44:51.000,50.5438709,-5.0329885,26.0,1.325
2026-09-14,12:44:56.000,50.5438286,-5.0329107,25.4,1.306
2026-09-14,12:45:01.000,50.5437948,-5.0328426,25.0,1.316
2026-09-14,12:45:06.000,50.5437587,-5.0327607,24.4,1.316
2026-09-14,12:45:11.000,50.5437241,-5.0326994,24.4,1.297
2026-09-14,12:45:16.000,50.5436851,-5.0326165,23.8,1.325
2026-09-14,12:45:21.000,50.5436435,-5.0325474,23.8,1.334
2026-09-14,12:45:26.000,50.5435966,-5.0324779,22.6,1.344
2026-09-14,12:45:31.000,50.5435605,-5.0324138,22.6,1.353
2026-09-14,12:45:36.000,50.5435119,-5.0323488,22.6,1.344
2026-09-14,12:45:41.000,50.5434693,-5.0322730,22.4,1.362
2026-09-14,12:45:46.000,50.5434375,-5.0321925,21.8,1.353
2026-09-14,12:45:51.000,50.5434054,-5.0321119,21.0,1.362
2026-09-14,12:45:56.000,50.5433797,-5.0320392,21.0,1.316
2026-09-14,12:46:01.000,50.5433545,-5.0319622,20.4,1.297
2026-09-14,12:46:06.000,50.5433173,-5.0318912,20.4,1.297
2026-09-14,12:46:11.000,50.5432663,-5.0318384,19.4,1.288
2026-09-14,12:46:16.000,50.5432302,-5.0317458,18.8,1.334
2026-09-14,12:46:21.000,50.5431989,-5.0316814,18.4,1.306
2026-09-14,12:46:26.000,50.5431669,-5.0315893,18.0,1.334
2026-09-14,12:46:31.000,50.5431505,-5.0315107,17.6,1.316
2026-09-14,12:46:36.000,50.5431259,-5.0314269,17.6,1.316
2026-09-14,12:46:41.000,50.5430981,-5.0313339,17.2,1.325
2026-09-14,12:46:46.000,50.5430714,-5.0312546,16.6,1.325
2026-09-14,12:46:51.000,50.5430389,-5.0311646,16.0,1.344
2026-09-14,12:46:56.000,50.5430080,-5.0310890,16.0,1.334
2026-09-14,12:47:01.000,50.5429843,-5.0309948,15.4,1.344
2026-09-14,12:47:06.000,50.5429588,-5.0309179,15.2,1.334
2026-09-14,12:47:11.000,50.5429490,-5.0308153,14.8,1.353
2026-09-14,12:47:16.000,50.5429132,-5.0307363,14.8,1.362
2026-09-14,12:47:21.000,50.5428738,-5.0306753,14.8,1.353
2026-09-14,12:47:26.000,50.5428294,-5.0306011,14.4,1.353
2026-09-14,12:47:31.000,50.5427882,-5.0305313,14.0,1.353
2026-09-14,12:47:36.000,50.5427495,-5.0304470,13.8,1.362
2026-09-14,12:47:41.000,50.5427164,-5.0303693,13.4,1.362
2026-09-14,12:47:46.000,50.5426828,-5.0302788,13.2,1.390
2026-09-14,12:47:51.000,50.5426615,-5.0301976,13.0,1.362
2026-09-14,12:47:56.000,50.5426377,-5.0301140,13.0,1.353
2026-09-14,12:48:01.000,50.5426230,-5.0300248,13.2,1.353
2026-09-14,12:48:06.000,50.5425888,-5.0299555,13.4,1.325
2026-09-14,12:48:11.000,50.5425369,-5.0298914,12.8,1.344
2026-09-14,12:48:16.000,50.5425204,-5.0299132,12.8,1.269
2026-09-14,12:48:21.000,50.5425091,-5.0298656,13.0,0.467
2026-09-14,12:48:26.000,50.5424627,-5.0298210,12.8,1.157
2026-09-14,12:48:31.000,50.5424090,-5.0297662,12.2,1.409
2026-09-14,12:48:36.000,50.5423610,-5.0297023,11.8,1.390
2026-09-14,12:48:41.000,50.5423147,-5.0296388,10.8,1.400
2026-09-14,12:48:46.000,50.5422730,-5.0295887,11.6,1.316
2026-09-14,12:48:51.000,50.5422320,-5.0295219,11.6,1.316
2026-09-14,12:48:56.000,50.5421801,-5.0294603,11.4,1.344
2026-09-14,12:49:01.000,50.5421394,-5.0293989,11.4,1.344
2026-09-14,12:49:06.000,50.5421048,-5.0293256,11.2,1.344
2026-09-14,12:49:11.000,50.5420753,-5.0292499,11.4,1.316
2026-09-14,12:49:16.000,50.5420451,-5.0291748,11.4,1.316
2026-09-14,12:49:21.000,50.5420205,-5.0290970,11.4,1.297
2026-09-14,12:49:26.000,50.5419987,-5.0290101,11.4,1.316
2026-09-14,12:49:31.000,50.5419844,-5.0289267,11.2,1.278
2026-09-14,12:49:36.000,50.5419768,-5.0288350,10.8,1.297
2026-09-14,12:49:41.000,50.5419683,-5.0287318,10.4,1.316
2026-09-14,12:49:46.000,50.5419643,-5.0286546,10.6,1.288
2026-09-14,12:49:51.000,50.5419618,-5.0285563,10.4,1.306
2026-09-14,12:49:56.000,50.5419653,-5.0284837,10.2,1.260
2026-09-14,12:50:01.000,50.5419744,-5.0284003,10.4,1.241
2026-09-14,12:50:06.000,50.5419770,-5.0283031,10.2,1.260
2026-09-14,12:50:11.000,50.5419841,-5.0282189,10.0,1.260
2026-09-14,12:50:16.000,50.5419925,-5.0281355,9.8,1.250
2026-09-14,12:50:21.000,50.5420002,-5.0280352,9.8,1.269
2026-09-14,12:50:26.000,50.5420113,-5.0279523,10.0,1.260
2026-09-14,12:50:31.000,50.5420202,-5.0278669,10.2,1.250
2026-09-14,12:50:36.000,50.5420145,-5.0277850,10.6,1.250
2026-09-14,12:50:41.000,50.5420284,-5.0276928,10.2,1.260
2026-09-14,12:50:46.000,50.5420338,-5.0276027,9.4,1.260
2026-09-14,12:50:51.000,50.5420321,-5.0275077,8.8,1.278
2026-09-14,12:50:56.000,50.5420440,-5.0274041,8.2,1.297
2026-09-14,12:51:01.000,50.5420484,-5.0273118,8.6,1.316
2026-09-14,12:51:06.000,50.5420322,-5.0272144,9.4,1.334
2026-09-14,12:51:11.000,50.5420088,-5.0271463,10.2,1.222
2026-09-14,12:51:16.000,50.5419726,-5.0270758,10.4,1.269
2026-09-14,12:51:21.000,50.5419399,-5.0270100,10.4,1.260
2026-09-14,12:51:26.000,50.5419261,-5.0269241,10.8,1.232
2026-09-14,12:51:31.000,50.5419161,-5.0268356,11.2,1.222
2026-09-14,12:51:36.000,50.5419161,-5.0267444,11.2,1.222
2026-09-14,12:51:41.000,50.5419165,-5.0266505,11.4,1.250
2026-09-14,12:51:46.000,50.5419146,-5.0265599,11.6,1.250
2026-09-14,12:51:51.000,50.5419057,-5.0264592,11.4,1.288
2026-09-14,12:51:56.000,50.5419032,-5.0263668,11.6,1.297
2026-09-14,12:52:01.000,50.5418990,-5.0262817,12.0,1.288
2026-09-14,12:52:06.000,50.5418752,-5.0261975,11.8,1.250
2026-09-14,12:52:11.000,50.5418557,-5.0261255,11.2,1.213
2026-09-14,12:52:16.000,50.5418467,-5.0260847,11.4,1.073
2026-09-14,12:52:21.000,50.5418467,-5.0260864,11.8,0.000
2026-09-14,12:52:26.000,50.5418467,-5.0260864,11.4,0.000
2026-09-14,12:52:31.000,50.5418467,-5.0260864,11.4,0.000
2026-09-14,12:52:36.000,50.5418467,-5.0260864,11.6,0.000
2026-09-14,12:52:41.000,50.5418467,-5.0260864,11.4,0.000
2026-09-14,12:52:46.000,50.5418467,-5.0260864,11.6,0.000
2026-09-14,12:52:51.000,50.5418467,-5.0260864,11.6,0.000
2026-09-14,12:52:56.000,50.5418467,-5.0260864,11.6,0.000
2026-09-14,12:53:01.000,50.5418467,-5.0260864,11.8,0.000
2026-09-14,12:53:06.000,50.5418467,-5.0260864,12.2,0.000
2026-09-14,12:53:11.000,50.5418467,-5.0260864,12.4,0.000
2026-09-14,12:53:16.000,50.5418467,-5.0260864,12.4,0.000
2026-09-14,12:53:21.000,50.5418467,-5.0260864,12.4,0.000
2026-09-14,12:53:26.000,50.5418310,-5.0260787,12.4,0.000
2026-09-14,12:53:31.000,50.5418062,-5.0260378,11.8,0.000
2026-09-14,12:53:36.000,50.5417987,-5.0260026,12.0,0.000
2026-09-14,12:53:41.000,50.5417980,-5.0259979,12.0,0.000
2026-09-14,12:53:46.000,50.5417968,-5.0259834,11.8,0.634
2026-09-14,12:53:51.000,50.5418022,-5.0259793,12.4,0.000
2026-09-14,12:53:56.000,50.5418022,-5.0259793,12.4,0.000
2026-09-14,12:54:01.000,50.5418022,-5.0259793,11.8,0.000
2026-09-14,12:54:06.000,50.5418022,-5.0259793,11.0,0.000
2026-09-14,12:54:11.000,50.5418022,-5.0259793,11.6,0.000
2026-09-14,12:54:16.000,50.5418022,-5.0259793,12.0,0.000
2026-09-14,12:54:21.000,50.5418083,-5.0259660,12.2,0.000
2026-09-14,12:54:26.000,50.5418022,-5.0259793,12.4,0.000
2026-09-14,12:54:31.000,50.5418022,-5.0259793,12.4,0.000
2026-09-14,12:54:36.000,50.5418022,-5.0259793,12.6,0.000
2026-09-14,12:54:41.000,50.5418022,-5.0259793,12.2,0.000
2026-09-14,12:54:46.000,50.5418022,-5.0259793,12.6,0.000
2026-09-14,12:54:51.000,50.5417991,-5.0259739,12.4,0.000
2026-09-14,12:54:56.000,50.5417258,-5.0259547,12.0,1.819
2026-09-14,12:55:01.000,50.5416642,-5.0259328,11.8,1.493
2026-09-14,12:55:06.000,50.5416183,-5.0258751,12.2,1.381
2026-09-14,12:55:11.000,50.5415953,-5.0258138,11.6,1.297
2026-09-14,12:55:16.000,50.5415591,-5.0257442,11.4,1.306
2026-09-14,12:55:21.000,50.5415197,-5.0256607,11.4,1.400
2026-09-14,12:55:26.000,50.5414820,-5.0255904,11.2,1.372
2026-09-14,12:55:31.000,50.5414353,-5.0255180,11.0,1.428
2026-09-14,12:55:36.000,50.5414028,-5.0254443,11.0,1.372
2026-09-14,12:55:41.000,50.5413655,-5.0253656,10.4,1.400
2026-09-14,12:55:46.000,50.5413202,-5.0252975,10.0,1.390
2026-09-14,12:55:51.000,50.5412743,-5.0252506,9.8,1.372
2026-09-14,12:55:56.000,50.5412202,-5.0251948,9.8,1.372
2026-09-14,12:56:01.000,50.5411719,-5.0251310,9.6,1.390
2026-09-14,12:56:06.000,50.5411054,-5.0251229,9.8,1.400
2026-09-14,12:56:11.000,50.5410437,-5.0251363,9.8,1.409
2026-09-14,12:56:16.000,50.5409826,-5.0251344,9.0,1.381
2026-09-14,12:56:21.000,50.5409194,-5.0251193,8.4,1.456
2026-09-14,12:56:26.000,50.5408840,-5.0251064,9.0,1.325
2026-09-14,12:56:31.000,50.5408233,-5.0251143,9.8,1.325
2026-09-14,12:56:36.000,50.5407563,-5.0250957,9.4,1.400
2026-09-14,12:56:41.000,50.5406993,-5.0250860,9.2,1.390
2026-09-14,12:56:46.000,50.5406411,-5.0250440,9.4,1.325
2026-09-14,12:56:51.000,50.5405859,-5.0250095,9.6,1.334
2026-09-14,12:56:56.000,50.5405262,-5.0249691,10.0,1.353
2026-09-14,12:57:01.000,50.5404636,-5.0249329,9.8,1.372
2026-09-14,12:57:06.000,50.5404035,-5.0249052,9.8,1.390
2026-09-14,12:57:11.000,50.5403460,-5.0248614,9.8,1.381
2026-09-14,12:57:16.000,50.5402897,-5.0248319,10.0,1.390
2026-09-14,12:57:21.000,50.5402292,-5.0247924,10.0,1.390
2026-09-14,12:57:26.000,50.5401665,-5.0247616,10.0,1.400
2026-09-14,12:57:31.000,50.5401145,-5.0247146,10.4,1.409
2026-09-14,12:57:36.000,50.5400578,-5.0246650,10.6,1.400
2026-09-14,12:57:41.000,50.5399964,-5.0246472,10.8,1.400
2026-09-14,12:57:46.000,50.5399368,-5.0246070,10.6,1.418
2026-09-14,12:57:51.000,50.5398813,-5.0245510,10.8,1.400
2026-09-14,12:57:56.000,50.5398326,-5.0244828,11.2,1.409
2026-09-14,12:58:01.000,50.5397793,-5.0244234,11.2,1.418
2026-09-14,12:58:06.000,50.5397216,-5.0244070,11.4,1.418
2026-09-14,12:58:11.000,50.5396580,-5.0244022,11.4,1.409
2026-09-14,12:58:16.000,50.5395955,-5.0243820,11.4,1.409
2026-09-14,12:58:21.000,50.5395378,-5.0243672,10.8,1.400
2026-09-14,12:58:26.000,50.5394784,-5.0243516,11.0,1.372
2026-09-14,12:58:31.000,50.5394336,-5.0243098,11.0,1.316
2026-09-14,12:58:36.000,50.5394004,-5.0242464,11.4,1.306
2026-09-14,12:58:41.000,50.5393482,-5.0241853,11.0,1.316
2026-09-14,12:58:46.000,50.5392933,-5.0241470,11.0,1.316
2026-09-14,12:58:51.000,50.5392263,-5.0241097,10.2,1.353
2026-09-14,12:58:56.000,50.5391843,-5.0240910,10.2,1.316
2026-09-14,12:59:01.000,50.5391453,-5.0240908,10.4,1.204
2026-09-14,12:59:06.000,50.5391246,-5.0240949,10.6,1.082
2026-09-14,12:59:11.000,50.5391246,-5.0240949,10.4,0.000
2026-09-14,12:59:16.000,50.5391086,-5.0240963,10.8,0.000
2026-09-14,12:59:21.000,50.5390534,-5.0240899,11.4,0.541
2026-09-14,12:59:26.000,50.5389901,-5.0240786,11.4,1.344
2026-09-14,12:59:31.000,50.5389311,-5.0240817,11.6,1.297
2026-09-14,12:59:36.000,50.5388645,-5.0240702,10.6,1.409
2026-09-14,12:59:41.000,50.5388067,-5.0240538,10.6,1.344
2026-09-14,12:59:46.000,50.5387423,-5.0240475,10.4,1.390
2026-09-14,12:59:51.000,50.5386784,-5.0240719,10.2,1.418
2026-09-14,12:59:56.000,50.5386184,-5.0240921,10.2,1.474
2026-09-14,13:00:01.000,50.5385600,-5.0241258,10.4,1.502
2026-09-14,13:00:06.000,50.5384989,-5.0241413,10.0,1.390
2026-09-14,13:00:11.000,50.5384364,-5.0241471,9.2,1.409
2026-09-14,13:00:16.000,50.5383788,-5.0241624,10.0,1.390
2026-09-14,13:00:21.000,50.5383177,-5.0241760,10.0,1.390
2026-09-14,13:00:26.000,50.5382526,-5.0241959,10.2,1.390
2026-09-14,13:00:31.000,50.5382008,-5.0242169,10.0,1.353
2026-09-14,13:00:36.000,50.5381375,-5.0242551,9.8,1.372
2026-09-14,13:00:41.000,50.5380834,-5.0242894,10.0,1.344
2026-09-14,13:00:46.000,50.5380265,-5.0243002,10.2,1.344
2026-09-14,13:00:51.000,50.5379605,-5.0243236,10.4,1.381
2026-09-14,13:00:56.000,50.5379005,-5.0243648,10.0,1.428
2026-09-14,13:01:01.000,50.5378397,-5.0244057,10.2,1.437
2026-09-14,13:01:06.000,50.5377826,-5.0244314,10.4,1.400
2026-09-14,13:01:11.000,50.5377206,-5.0244666,10.0,1.409
2026-09-14,13:01:16.000,50.5376675,-5.0244975,10.2,1.381
2026-09-14,13:01:21.000,50.5376108,-5.0245318,10.4,1.372
2026-09-14,13:01:26.000,50.5375580,-5.0245487,10.6,1.325
2026-09-14,13:01:31.000,50.5374970,-5.0245650,10.4,1.372
2026-09-14,13:01:36.000,50.5374400,-5.0245764,9.6,1.344
2026-09-14,13:01:41.000,50.5373911,-5.0245428,9.6,1.316
2026-09-14,13:01:46.000,50.5373482,-5.0245022,10.8,1.250
2026-09-14,13:01:51.000,50.5372889,-5.0244666,10.8,1.260
2026-09-14,13:01:56.000,50.5372312,-5.0244314,11.2,1.260
2026-09-14,13:02:01.000,50.5371758,-5.0243944,11.0,1.250
2026-09-14,13:02:06.000,50.5371410,-5.0243407,11.4,1.232
2026-09-14,13:02:11.000,50.5371297,-5.0242552,11.4,1.222
2026-09-14,13:02:16.000,50.5371458,-5.0241735,11.4,1.166
2026-09-14,13:02:21.000,50.5371512,-5.0240887,11.6,1.166
2026-09-14,13:02:26.000,50.5371381,-5.0240210,11.4,1.157
2026-09-14,13:02:31.000,50.5371149,-5.0239768,10.4,1.017
2026-09-14,13:02:36.000,50.5370655,-5.0239361,8.8,1.082
2026-09-14,13:02:41.000,50.5370051,-5.0239177,7.6,1.138
2026-09-14,13:02:46.000,50.5369457,-5.0239098,6.6,1.176
2026-09-14,13:02:51.000,50.5368781,-5.0239041,6.0,1.288
2026-09-14,13:02:56.000,50.5368203,-5.0239054,5.8,1.316
2026-09-14,13:03:01.000,50.5367665,-5.0239061,5.4,1.278
2026-09-14,13:03:06.000,50.5367148,-5.0239093,5.4,1.269
2026-09-14,13:03:11.000,50.5366588,-5.0238958,5.2,1.241
2026-09-14,13:03:16.000,50.5366033,-5.0239041,5.0,1.232
2026-09-14,13:03:21.000,50.5365451,-5.0238809,4.4,1.213
2026-09-14,13:03:26.000,50.5364951,-5.0238490,5.0,1.241
2026-09-14,13:03:31.000,50.5364454,-5.0238145,4.6,1.222
2026-09-14,13:03:36.000,50.5363872,-5.0237714,4.2,1.222
2026-09-14,13:03:41.000,50.5363348,-5.0237462,4.2,1.222
2026-09-14,13:03:46.000,50.5362793,-5.0237232,4.0,1.241
2026-09-14,13:03:51.000,50.5362189,-5.0237070,4.2,1.250
2026-09-14,13:03:56.000,50.5361705,-5.0236861,4.0,1.241
2026-09-14,13:04:01.000,50.5361157,-5.0236603,3.2,1.241
2026-09-14,13:04:06.000,50.5360625,-5.0236256,3.6,1.250
2026-09-14,13:04:11.000,50.5360056,-5.0235953,3.4,1.185
2026-09-14,13:04:16.000,50.5359513,-5.0235669,3.4,1.241
2026-09-14,13:04:21.000,50.5358974,-5.0235379,3.6,1.297
2026-09-14,13:04:26.000,50.5358461,-5.0235172,3.4,1.260
2026-09-14,13:04:31.000,50.5357864,-5.0234762,3.2,1.260
2026-09-14,13:04:36.000,50.5357414,-5.0234415,3.2,1.241
2026-09-14,13:04:41.000,50.5356845,-5.0234120,3.4,1.250
2026-09-14,13:04:46.000,50.5356296,-5.0233830,3.4,1.260
2026-09-14,13:04:51.000,50.5355762,-5.0233627,3.2,1.222
2026-09-14,13:04:56.000,50.5355206,-5.0233425,3.2,1.232
2026-09-14,13:05:01.000,50.5354659,-5.0233146,2.6,1.260
2026-09-14,13:05:06.000,50.5354119,-5.0233023,2.8,1.260
2026-09-14,13:05:11.000,50.5353567,-5.0232857,3.0,1.250
2026-09-14,13:05:16.000,50.5353074,-5.0232645,3.2,1.250
2026-09-14,13:05:21.000,50.5352543,-5.0232415,3.2,1.232
2026-09-14,13:05:26.000,50.5352023,-5.0232400,3.0,1.222
2026-09-14,13:05:31.000,50.5351378,-5.0232281,2.6,1.241
2026-09-14,13:05:36.000,50.5350777,-5.0232272,3.2,1.250
2026-09-14,13:05:41.000,50.5350287,-5.0232157,3.2,1.194
2026-09-14,13:05:46.000,50.5349805,-5.0232117,3.4,1.176
2026-09-14,13:05:51.000,50.5349167,-5.0232080,3.4,1.213
2026-09-14,13:05:56.000,50.5348588,-5.0232115,3.4,1.213
2026-09-14,13:06:01.000,50.5347990,-5.0232065,3.0,1.213
2026-09-14,13:06:06.000,50.5347458,-5.0232112,2.2,1.222
2026-09-14,13:06:11.000,50.5346930,-5.0232183,2.2,1.213
2026-09-14,13:06:16.000,50.5346414,-5.0232209,2.4,1.204
2026-09-14,13:06:21.000,50.5345874,-5.0232227,2.8,1.194
2026-09-14,13:06:26.000,50.5345380,-5.0232209,2.8,1.185
2026-09-14,13:06:31.000,50.5344863,-5.0232188,2.8,1.176
2026-09-14,13:06:36.000,50.5344298,-5.0232238,2.6,1.176
2026-09-14,13:06:41.000,50.5343844,-5.0232239,2.6,1.176
2026-09-14,13:06:46.000,50.5343364,-5.0232311,2.6,1.157
2026-09-14,13:06:51.000,50.5342897,-5.0232348,2.4,1.138
2026-09-14,13:06:56.000,50.5342407,-5.0232287,2.6,1.129
2026-09-14,13:07:01.000,50.5341863,-5.0232205,3.4,1.129
2026-09-14,13:07:06.000,50.5341386,-5.0232052,3.4,1.120
2026-09-14,13:07:11.000,50.5341123,-5.0232169,3.0,1.008
2026-09-14,13:07:16.000,50.5340806,-5.0232106,3.2,0.924
2026-09-14,13:07:21.000,50.5340255,-5.0232138,3.4,1.232
2026-09-14,13:07:26.000,50.5339714,-5.0232170,3.4,1.250
2026-09-14,13:07:31.000,50.5339225,-5.0232039,3.4,1.232
2026-09-14,13:07:36.000,50.5338673,-5.0231856,3.0,1.232
2026-09-14,13:07:41.000,50.5338003,-5.0231550,3.2,1.269
2026-09-14,13:07:46.000,50.5337462,-5.0231262,3.0,1.288
2026-09-14,13:07:51.000,50.5336903,-5.0231101,3.2,1.288
2026-09-14,13:07:56.000,50.5336437,-5.0231013,3.2,1.222
2026-09-14,13:08:01.000,50.5335918,-5.0230913,3.2,1.194
2026-09-14,13:08:06.000,50.5335351,-5.0230949,3.4,1.185
2026-09-14,13:08:11.000,50.5334820,-5.0230934,3.4,1.176
2026-09-14,13:08:16.000,50.5334235,-5.0230873,3.2,1.185
2026-09-14,13:08:21.000,50.5333633,-5.0230778,3.2,1.213
2026-09-14,13:08:26.000,50.5333111,-5.0230801,3.2,1.194
2026-09-14,13:08:31.000,50.5332590,-5.0230715,3.6,1.194
2026-09-14,13:08:36.000,50.5332060,-5.0230645,3.6,1.185
2026-09-14,13:08:41.000,50.5331467,-5.0230707,3.6,1.222
2026-09-14,13:08:46.000,50.5330927,-5.0230672,3.8,1.213
2026-09-14,13:08:51.000,50.5330342,-5.0230729,3.8,1.241
2026-09-14,13:08:56.000,50.5329949,-5.0230637,4.0,1.129
2026-09-14,13:09:01.000,50.5329415,-5.0230459,3.8,1.120
2026-09-14,13:09:06.000,50.5328901,-5.0230395,3.8,1.138
2026-09-14,13:09:11.000,50.5328409,-5.0230312,4.0,1.120
2026-09-14,13:09:16.000,50.5327940,-5.0230245,4.2,1.092
2026-09-14,13:09:21.000,50.5327468,-5.0230294,4.2,1.054
2026-09-14,13:09:26.000,50.5326928,-5.0230233,4.0,1.082
2026-09-14,13:09:31.000,50.5326427,-5.0230333,4.4,1.110
2026-09-14,13:09:36.000,50.5325894,-5.0230392,4.4,1.120
2026-09-14,13:09:41.000,50.5325296,-5.0230429,4.2,1.138
2026-09-14,13:09:46.000,50.5324848,-5.0230380,4.2,1.138
2026-09-14,13:09:51.000,50.5324298,-5.0230272,4.2,1.157
2026-09-14,13:09:56.000,50.5323801,-5.0230334,4.4,1.148
2026-09-14,13:10:01.000,50.5323251,-5.0230380,4.4,1.157
2026-09-14,13:10:06.000,50.5322772,-5.0230382,4.8,1.138
2026-09-14,13:10:11.000,50.5322177,-5.0230248,4.8,1.148
2026-09-14,13:10:16.000,50.5321673,-5.0230274,5.2,1.157
2026-09-14,13:10:21.000,50.5321235,-5.0230234,5.4,1.138
2026-09-14,13:10:26.000,50.5320728,-5.0230212,5.6,1.138
2026-09-14,13:10:31.000,50.5320346,-5.0230181,5.6,1.073
2026-09-14,13:10:36.000,50.5319857,-5.0230303,6.0,1.064
2026-09-14,13:10:41.000,50.5319400,-5.0230242,5.8,1.017
2026-09-14,13:10:46.000,50.5318942,-5.0230198,6.0,1.026
2026-09-14,13:10:51.000,50.5318563,-5.0230104,6.2,0.970
2026-09-14,13:10:56.000,50.5317996,-5.0229986,6.8,1.045
2026-09-14,13:11:01.000,50.5317458,-5.0229929,6.8,1.092
2026-09-14,13:11:06.000,50.5316977,-5.0229784,7.2,1.101
2026-09-14,13:11:11.000,50.5316505,-5.0229669,7.6,1.064
2026-09-14,13:11:16.000,50.5315981,-5.0229670,8.0,1.054
2026-09-14,13:11:21.000,50.5315505,-5.0229581,8.8,1.082
2026-09-14,13:11:26.000,50.5315015,-5.0229587,9.2,1.064
2026-09-14,13:11:31.000,50.5314596,-5.0229762,9.8,1.008
2026-09-14,13:11:36.000,50.5314160,-5.0229891,10.2,0.952
2026-09-14,13:11:41.000,50.5313803,-5.0230021,10.8,0.952
2026-09-14,13:11:46.000,50.5313479,-5.0229794,11.2,0.905
2026-09-14,13:11:51.000,50.5313401,-5.0229212,11.4,0.858
2026-09-14,13:11:56.000,50.5313273,-5.0228665,11.8,0.868
2026-09-14,13:12:01.000,50.5313196,-5.0227966,12.0,0.905
2026-09-14,13:12:06.000,50.5313032,-5.0227167,12.6,1.008
2026-09-14,13:12:11.000,50.5312861,-5.0226353,13.0,1.082
2026-09-14,13:12:16.000,50.5312800,-5.0225506,13.2,1.138
2026-09-14,13:12:21.000,50.5312760,-5.0224711,13.4,1.138
2026-09-14,13:12:26.000,50.5312653,-5.0223762,13.0,1.185
2026-09-14,13:12:31.000,50.5312587,-5.0223055,12.8,1.120
2026-09-14,13:12:36.000,50.5312318,-5.0222208,12.4,1.157
2026-09-14,13:12:41.000,50.5311965,-5.0221706,12.0,1.110
2026-09-14,13:12:46.000,50.5311665,-5.0221489,12.2,1.073
2026-09-14,13:12:51.000,50.5311378,-5.0221616,12.0,1.008
2026-09-14,13:12:56.000,50.5311312,-5.0221559,12.4,0.914
2026-09-14,13:13:01.000,50.5311348,-5.0221487,12.2,0.000
2026-09-14,13:13:06.000,50.5311042,-5.0221014,12.6,0.252
2026-09-14,13:13:11.000,50.5311095,-5.0221003,12.4,0.000
2026-09-14,13:13:16.000,50.5311256,-5.0221318,12.4,0.000
2026-09-14,13:13:21.000,50.5311342,-5.0221417,12.4,0.000
2026-09-14,13:13:26.000,50.5311755,-5.0221397,12.4,0.000
2026-09-14,13:13:31.000,50.5311758,-5.0221379,12.2,0.000
2026-09-14,13:13:36.000,50.5311648,-5.0221484,12.2,0.000
2026-09-14,13:13:41.000,50.5311618,-5.0221489,12.2,0.000
2026-09-14,13:13:46.000,50.5311629,-5.0221490,12.2,0.000
2026-09-14,13:13:51.000,50.5311629,-5.0221490,12.4,0.000
2026-09-14,13:13:56.000,50.5311629,-5.0221490,12.2,0.000
2026-09-14,13:14:01.000,50.5311456,-5.0221610,11.6,0.000
2026-09-14,13:14:06.000,50.5311272,-5.0221209,12.2,0.000
2026-09-14,13:14:11.000,50.5311286,-5.0220784,12.2,0.560
2026-09-14,13:14:16.000,50.5311377,-5.0220709,12.2,0.000
2026-09-14,13:14:21.000,50.5311467,-5.0220711,12.4,0.000
2026-09-14,13:14:26.000,50.5311353,-5.0220822,12.4,0.000
2026-09-14,13:14:31.000,50.5311234,-5.0220686,12.6,0.000
2026-09-14,13:14:36.000,50.5311226,-5.0220675,12.6,0.000
2026-09-14,13:14:41.000,50.5311226,-5.0220675,12.6,0.000
2026-09-14,13:14:46.000,50.5311226,-5.0220675,12.4,0.000
2026-09-14,13:14:51.000,50.5311226,-5.0220675,12.4,0.000
2026-09-14,13:14:56.000,50.5311226,-5.0220675,12.4,0.000
2026-09-14,13:15:01.000,50.5311226,-5.0220675,12.6,0.000
2026-09-14,13:15:06.000,50.5311226,-5.0220675,12.4,0.000
2026-09-14,13:15:11.000,50.5311226,-5.0220675,12.6,0.000
2026-09-14,13:15:16.000,50.5311226,-5.0220675,12.6,0.000
2026-09-14,13:15:21.000,50.5311226,-5.0220675,12.6,0.000
2026-09-14,13:15:26.000,50.5311226,-5.0220675,12.4,0.000
2026-09-14,13:15:31.000,50.5311226,-5.0220675,12.6,0.000
2026-09-14,13:15:36.000,50.5311226,-5.0220675,12.4,0.000
2026-09-14,13:15:41.000,50.5311226,-5.0220675,12.4,0.000
2026-09-14,13:15:46.000,50.5311226,-5.0220675,12.4,0.000
2026-09-14,13:15:51.000,50.5311226,-5.0220675,12.4,0.000
2026-09-14,13:15:56.000,50.5311226,-5.0220675,12.4,0.000
2026-09-14,13:16:01.000,50.5311193,-5.0220747,12.4,0.000
2026-09-14,13:16:06.000,50.5311099,-5.0220752,12.2,0.000
2026-09-14,13:16:11.000,50.5311192,-5.0220966,12.4,0.000
2026-09-14,13:16:16.000,50.5311343,-5.0221251,12.4,0.000
2026-09-14,13:16:21.000,50.5311356,-5.0221295,12.2,0.000
2026-09-14,13:16:26.000,50.5311400,-5.0221394,12.0,0.308
2026-09-14,13:16:31.000,50.5311356,-5.0221295,12.0,0.252
2026-09-14,13:16:36.000,50.5311310,-5.0221348,12.4,0.000
2026-09-14,13:16:41.000,50.5311484,-5.0221532,12.2,0.000
2026-09-14,13:16:46.000,50.5311804,-5.0221527,12.0,0.000
2026-09-14,13:16:51.000,50.5311941,-5.0221231,12.2,0.000
2026-09-14,13:16:56.000,50.5312088,-5.0220418,12.0,0.840
2026-09-14,13:17:01.000,50.5311857,-5.0219762,12.0,1.166
2026-09-14,13:17:06.000,50.5311837,-5.0219879,12.2,0.961
2026-09-14,13:17:11.000,50.5312037,-5.0220182,12.2,0.886
2026-09-14,13:17:16.000,50.5312206,-5.0220799,11.6,0.952
2026-09-14,13:17:21.000,50.5312255,-5.0220978,11.6,0.000
2026-09-14,13:17:26.000,50.5312256,-5.0220961,11.8,0.000
2026-09-14,13:17:31.000,50.5312197,-5.0221050,12.2,0.000
2026-09-14,13:17:36.000,50.5311933,-5.0220977,12.2,0.000
2026-09-14,13:17:41.000,50.5311933,-5.0220977,12.2,0.000
2026-09-14,13:17:46.000,50.5311933,-5.0220977,12.4,0.000
2026-09-14,13:17:51.000,50.5311933,-5.0220977,12.0,0.000
2026-09-14,13:17:56.000,50.5311933,-5.0220977,12.4,0.000
2026-09-14,13:18:01.000,50.5311933,-5.0220977,12.4,0.000
2026-09-14,13:18:06.000,50.5311933,-5.0220977,12.6,0.000
2026-09-14,13:18:11.000,50.5311933,-5.0220977,12.6,0.000
2026-09-14,13:18:16.000,50.5311933,-5.0220977,12.6,0.000
2026-09-14,13:18:21.000,50.5311933,-5.0220977,12.6,0.000
2026-09-14,13:18:26.000,50.5311933,-5.0220977,12.8,0.000
2026-09-14,13:18:31.000,50.5311933,-5.0220977,12.6,0.000
2026-09-14,13:18:36.000,50.5312193,-5.0221019,12.6,0.000
2026-09-14,13:18:41.000,50.5312459,-5.0221764,12.8,0.896
2026-09-14,13:18:46.000,50.5312721,-5.0222464,13.0,1.185
2026-09-14,13:18:51.000,50.5312897,-5.0223246,13.4,1.269
2026-09-14,13:18:56.000,50.5312986,-5.0224050,13.8,1.213
2026-09-14,13:19:01.000,50.5312980,-5.0224889,14.4,1.232
2026-09-14,13:19:06.000,50.5313092,-5.0225857,14.4,1.334
2026-09-14,13:19:11.000,50.5313126,-5.0226778,13.8,1.381
2026-09-14,13:19:16.000,50.5313225,-5.0227678,13.4,1.400
2026-09-14,13:19:21.000,50.5313286,-5.0228577,13.0,1.437
2026-09-14,13:19:26.000,50.5313539,-5.0229425,12.4,1.400
2026-09-14,13:19:31.000,50.5313544,-5.0230001,12.2,1.325
2026-09-14,13:19:36.000,50.5313627,-5.0230081,12.0,0.000
2026-09-14,13:19:41.000,50.5314017,-5.0230380,11.6,0.905
2026-09-14,13:19:46.000,50.5314310,-5.0230369,11.6,0.000
2026-09-14,13:19:51.000,50.5314417,-5.0230431,10.8,0.000
2026-09-14,13:19:56.000,50.5314419,-5.0230428,10.6,0.000
2026-09-14,13:20:01.000,50.5314419,-5.0230428,10.8,0.000
2026-09-14,13:20:06.000,50.5314419,-5.0230428,10.6,0.000
2026-09-14,13:20:11.000,50.5314419,-5.0230428,10.6,0.000
2026-09-14,13:20:16.000,50.5314419,-5.0230428,10.6,0.000
2026-09-14,13:20:21.000,50.5314419,-5.0230428,10.8,0.000
2026-09-14,13:20:26.000,50.5314419,-5.0230428,10.8,0.000
2026-09-14,13:20:31.000,50.5314419,-5.0230428,10.6,0.000
2026-09-14,13:20:36.000,50.5314419,-5.0230428,10.8,0.000
2026-09-14,13:20:41.000,50.5314263,-5.0230216,11.4,0.000
2026-09-14,13:20:46.000,50.5313746,-5.0230339,11.6,0.000
2026-09-14,13:20:51.000,50.5313599,-5.0230595,11.6,0.000
2026-09-14,13:20:56.000,50.5313550,-5.0230804,11.6,0.000
2026-09-14,13:21:01.000,50.5313551,-5.0230817,11.8,0.000
2026-09-14,13:21:06.000,50.5313551,-5.0230817,11.8,0.000
2026-09-14,13:21:11.000,50.5313551,-5.0230817,11.8,0.000
2026-09-14,13:21:16.000,50.5313551,-5.0230817,12.2,0.000
2026-09-14,13:21:21.000,50.5313551,-5.0230817,12.0,0.000
2026-09-14,13:21:26.000,50.5313551,-5.0230817,12.2,0.000
2026-09-14,13:21:31.000,50.5313551,-5.0230817,12.2,0.000
2026-09-14,13:21:36.000,50.5313551,-5.0230817,12.2,0.000
2026-09-14,13:21:41.000,50.5313551,-5.0230817,12.2,0.000
2026-09-14,13:21:46.000,50.5313551,-5.0230817,12.2,0.000
2026-09-14,13:21:51.000,50.5313551,-5.0230817,12.2,0.000
2026-09-14,13:21:56.000,50.5313551,-5.0230817,12.2,0.000
2026-09-14,13:22:01.000,50.5313551,-5.0230817,12.2,0.000
2026-09-14,13:22:06.000,50.5313551,-5.0230817,12.2,0.000
2026-09-14,13:22:11.000,50.5313520,-5.0230857,12.0,0.000
2026-09-14,13:22:16.000,50.5313586,-5.0231060,12.2,0.000
2026-09-14,13:22:21.000,50.5313588,-5.0231063,12.0,0.000
2026-09-14,13:22:26.000,50.5313588,-5.0231063,12.0,0.000
2026-09-14,13:22:31.000,50.5313588,-5.0231063,11.6,0.000
2026-09-14,13:22:36.000,50.5313588,-5.0231063,11.8,0.000
2026-09-14,13:22:41.000,50.5313588,-5.0231063,11.8,0.000
2026-09-14,13:22:46.000,50.5313588,-5.0231063,12.0,0.000
2026-09-14,13:22:51.000,50.5313588,-5.0231063,12.0,0.000
2026-09-14,13:22:56.000,50.5313731,-5.0231173,12.0,0.000
2026-09-14,13:23:01.000,50.5313752,-5.0231190,12.0,0.000
2026-09-14,13:23:06.000,50.5313752,-5.0231190,12.2,0.000
2026-09-14,13:23:11.000,50.5313752,-5.0231190,12.0,0.000
2026-09-14,13:23:16.000,50.5313752,-5.0231190,12.0,0.000
2026-09-14,13:23:21.000,50.5313746,-5.0231040,11.8,0.000
2026-09-14,13:23:26.000,50.5313616,-5.0231257,11.8,0.000
2026-09-14,13:23:31.000,50.5313591,-5.0232126,12.4,1.278
2026-09-14,13:23:36.000,50.5313627,-5.0232850,12.2,1.316
2026-09-14,13:23:41.000,50.5313762,-5.0233257,12.6,1.092
2026-09-14,13:23:46.000,50.5313770,-5.0233249,12.2,0.000
2026-09-14,13:23:51.000,50.5313770,-5.0233249,12.2,0.000
2026-09-14,13:23:56.000,50.5313770,-5.0233249,12.6,0.000
2026-09-14,13:24:01.000,50.5313770,-5.0233249,12.6,0.000
2026-09-14,13:24:06.000,50.5313664,-5.0233123,12.8,0.000
2026-09-14,13:24:11.000,50.5313541,-5.0234016,12.6,0.541
2026-09-14,13:24:16.000,50.5313616,-5.0234209,12.4,0.000
2026-09-14,13:24:21.000,50.5313593,-5.0234198,12.4,0.000
2026-09-14,13:24:26.000,50.5313593,-5.0234198,12.6,0.000
2026-09-14,13:24:31.000,50.5313593,-5.0234198,12.6,0.000
2026-09-14,13:24:36.000,50.5313593,-5.0234198,12.4,0.000
2026-09-14,13:24:41.000,50.5313580,-5.0234529,12.4,0.000
2026-09-14,13:24:46.000,50.5313615,-5.0234605,12.8,0.000
2026-09-14,13:24:51.000,50.5313615,-5.0234605,12.6,0.000
2026-09-14,13:24:56.000,50.5313615,-5.0234605,12.4,0.000
2026-09-14,13:25:01.000,50.5313615,-5.0234605,12.6,0.000
2026-09-14,13:25:06.000,50.5313615,-5.0234605,12.6,0.000
2026-09-14,13:25:11.000,50.5313615,-5.0234605,12.4,0.000
2026-09-14,13:25:16.000,50.5313615,-5.0234605,12.4,0.000
2026-09-14,13:25:21.000,50.5313615,-5.0234605,12.4,0.000
2026-09-14,13:25:26.000,50.5313615,-5.0234605,12.2,0.000
2026-09-14,13:25:31.000,50.5313615,-5.0234605,12.2,0.000
2026-09-14,13:25:36.000,50.5313621,-5.0234503,12.2,0.000
2026-09-14,13:25:41.000,50.5313580,-5.0233768,12.0,0.401
2026-09-14,13:25:46.000,50.5313594,-5.0232735,12.0,1.540
2026-09-14,13:25:51.000,50.5313588,-5.0231985,12.0,1.325
2026-09-14,13:25:56.000,50.5313619,-5.0231172,12.0,1.288
2026-09-14,13:26:01.000,50.5313747,-5.0230364,11.8,1.306
2026-09-14,13:26:06.000,50.5314185,-5.0230206,11.6,1.232
2026-09-14,13:26:11.000,50.5314604,-5.0229967,10.8,1.204
2026-09-14,13:26:16.000,50.5314962,-5.0229797,10.6,1.008
2026-09-14,13:26:21.000,50.5315422,-5.0229899,9.8,1.036
2026-09-14,13:26:26.000,50.5315817,-5.0230014,9.2,0.998
2026-09-14,13:26:31.000,50.5316220,-5.0230110,8.6,1.008
2026-09-14,13:26:36.000,50.5316715,-5.0230222,7.6,1.092
2026-09-14,13:26:41.000,50.5317180,-5.0230246,7.6,1.129
2026-09-14,13:26:46.000,50.5317716,-5.0230429,7.2,1.148
2026-09-14,13:26:51.000,50.5318258,-5.0230372,7.4,1.157
2026-09-14,13:26:56.000,50.5318689,-5.0230119,7.2,1.176
2026-09-14,13:27:01.000,50.5319129,-5.0230122,7.0,1.073
2026-09-14,13:27:06.000,50.5319438,-5.0230235,6.8,0.980
2026-09-14,13:27:11.000,50.5319828,-5.0230348,6.6,0.933
2026-09-14,13:27:16.000,50.5320103,-5.0230476,6.4,0.896
2026-09-14,13:27:21.000,50.5320446,-5.0230828,5.8,0.886
2026-09-14,13:27:26.000,50.5320873,-5.0231157,5.0,0.970
2026-09-14,13:27:31.000,50.5321448,-5.0231302,5.0,1.148
2026-09-14,13:27:36.000,50.5321920,-5.0231389,4.6,1.157
2026-09-14,13:27:41.000,50.5322383,-5.0231578,4.6,1.082
2026-09-14,13:27:46.000,50.5322964,-5.0231821,4.4,1.120
2026-09-14,13:27:51.000,50.5323511,-5.0231882,4.4,1.166
2026-09-14,13:27:56.000,50.5324079,-5.0231953,4.4,1.176
2026-09-14,13:28:01.000,50.5324602,-5.0232024,4.0,1.176
2026-09-14,13:28:06.000,50.5325130,-5.0232068,3.8,1.204
2026-09-14,13:28:11.000,50.5325632,-5.0232016,4.0,1.194
2026-09-14,13:28:16.000,50.5326070,-5.0231982,4.0,1.176
2026-09-14,13:28:21.000,50.5326711,-5.0231882,4.2,1.185
2026-09-14,13:28:26.000,50.5327267,-5.0231846,4.2,1.194
2026-09-14,13:28:31.000,50.5327743,-5.0231896,4.0,1.185
2026-09-14,13:28:36.000,50.5328241,-5.0231905,4.0,1.176
2026-09-14,13:28:41.000,50.5328777,-5.0231793,3.8,1.176
2026-09-14,13:28:46.000,50.5329325,-5.0231674,3.6,1.176
2026-09-14,13:28:51.000,50.5329840,-5.0231607,3.6,1.185
2026-09-14,13:28:56.000,50.5330322,-5.0231540,3.8,1.185
2026-09-14,13:29:01.000,50.5330910,-5.0231514,4.0,1.194
2026-09-14,13:29:06.000,50.5331503,-5.0231476,4.0,1.204
2026-09-14,13:29:11.000,50.5331989,-5.0231544,3.8,1.185
2026-09-14,13:29:16.000,50.5332540,-5.0231565,3.6,1.194
2026-09-14,13:29:21.000,50.5333058,-5.0231677,3.8,1.166
2026-09-14,13:29:26.000,50.5333615,-5.0231640,3.4,1.185
2026-09-14,13:29:31.000,50.5334159,-5.0231760,3.4,1.204
2026-09-14,13:29:36.000,50.5334714,-5.0231509,3.6,1.204
2026-09-14,13:29:41.000,50.5335207,-5.0231022,3.4,1.213
2026-09-14,13:29:46.000,50.5335756,-5.0231024,3.2,1.222
2026-09-14,13:29:51.000,50.5336052,-5.0231070,3.4,1.185
2026-09-14,13:29:56.000,50.5336052,-5.0231068,3.0,0.000
2026-09-14,13:30:01.000,50.5336052,-5.0231068,3.2,0.000
2026-09-14,13:30:06.000,50.5336052,-5.0231068,3.0,0.000
2026-09-14,13:30:11.000,50.5336052,-5.0231068,3.2,0.000
2026-09-14,13:30:16.000,50.5336052,-5.0231068,3.8,0.000
2026-09-14,13:30:21.000,50.5336052,-5.0231068,4.0,0.000
2026-09-14,13:30:26.000,50.5336265,-5.0231300,3.4,0.000
2026-09-14,13:30:31.000,50.5336668,-5.0231291,3.6,0.000
2026-09-14,13:30:36.000,50.5337168,-5.0231421,3.6,0.961
2026-09-14,13:30:41.000,50.5337644,-5.0231381,3.6,1.110
2026-09-14,13:30:46.000,50.5338071,-5.0231415,3.6,1.101
2026-09-14,13:30:51.000,50.5338542,-5.0231467,4.0,1.101
2026-09-14,13:30:56.000,50.5339075,-5.0231493,4.0,1.148
2026-09-14,13:31:01.000,50.5339558,-5.0231556,4.4,1.073
2026-09-14,13:31:06.000,50.5340038,-5.0231559,4.0,1.138
2026-09-14,13:31:11.000,50.5340558,-5.0231569,4.2,1.073
2026-09-14,13:31:16.000,50.5341047,-5.0231637,4.2,1.120
2026-09-14,13:31:21.000,50.5341582,-5.0231601,4.4,1.157
2026-09-14,13:31:26.000,50.5342101,-5.0231644,4.4,1.176
2026-09-14,13:31:31.000,50.5342563,-5.0231713,3.8,1.129
2026-09-14,13:31:36.000,50.5343094,-5.0231804,4.2,1.176
2026-09-14,13:31:41.000,50.5343631,-5.0231794,4.4,1.176
2026-09-14,13:31:46.000,50.5344091,-5.0231839,4.4,1.138
2026-09-14,13:31:51.000,50.5344618,-5.0232019,4.4,1.138
2026-09-14,13:31:56.000,50.5345225,-5.0232048,4.2,1.166
2026-09-14,13:32:01.000,50.5345744,-5.0232169,4.0,1.185
2026-09-14,13:32:06.000,50.5346241,-5.0232151,4.4,1.148
2026-09-14,13:32:11.000,50.5346813,-5.0232208,4.0,1.194
2026-09-14,13:32:16.000,50.5347375,-5.0232198,3.8,1.194
2026-09-14,13:32:21.000,50.5347892,-5.0232240,4.4,1.222
2026-09-14,13:32:26.000,50.5348534,-5.0232182,4.0,1.232
2026-09-14,13:32:31.000,50.5349053,-5.0232242,3.8,1.260
2026-09-14,13:32:36.000,50.5349620,-5.0232201,4.2,1.213
2026-09-14,13:32:41.000,50.5350255,-5.0232214,4.0,1.260
2026-09-14,13:32:46.000,50.5350855,-5.0232349,4.0,1.269
2026-09-14,13:32:51.000,50.5351400,-5.0232550,3.4,1.297
2026-09-14,13:32:56.000,50.5351945,-5.0232788,3.4,1.260
2026-09-14,13:33:01.000,50.5352488,-5.0232869,3.6,1.325
2026-09-14,13:33:06.000,50.5352993,-5.0233098,3.4,1.278
2026-09-14,13:33:11.000,50.5353477,-5.0233427,3.6,1.278
2026-09-14,13:33:16.000,50.5354132,-5.0233686,3.6,1.306
2026-09-14,13:33:21.000,50.5354586,-5.0233807,3.6,1.269
2026-09-14,13:33:26.000,50.5355099,-5.0234010,3.8,1.269
2026-09-14,13:33:31.000,50.5355767,-5.0234130,3.8,1.278
2026-09-14,13:33:36.000,50.5356253,-5.0234441,4.2,1.269
2026-09-14,13:33:41.000,50.5356869,-5.0234753,3.8,1.288
2026-09-14,13:33:46.000,50.5357328,-5.0235031,4.0,1.260
2026-09-14,13:33:51.000,50.5357807,-5.0235381,4.0,1.250
2026-09-14,13:33:56.000,50.5358382,-5.0235698,4.0,1.250
2026-09-14,13:34:01.000,50.5358901,-5.0235932,4.4,1.232
2026-09-14,13:34:06.000,50.5359388,-5.0236109,4.2,1.241
2026-09-14,13:34:11.000,50.5359947,-5.0236383,4.2,1.260
2026-09-14,13:34:16.000,50.5360460,-5.0236759,4.2,1.232
2026-09-14,13:34:21.000,50.5360907,-5.0237043,4.4,1.222
2026-09-14,13:34:26.000,50.5361379,-5.0237409,4.2,1.222
2026-09-14,13:34:31.000,50.5361926,-5.0237806,4.0,1.241
2026-09-14,13:34:36.000,50.5362325,-5.0238237,4.2,1.222
2026-09-14,13:34:41.000,50.5362765,-5.0238823,4.4,1.232
2026-09-14,13:34:46.000,50.5363192,-5.0239124,4.6,1.166
2026-09-14,13:34:51.000,50.5363708,-5.0239367,5.2,1.157
2026-09-14,13:34:56.000,50.5364159,-5.0239640,5.0,1.110
2026-09-14,13:35:01.000,50.5364579,-5.0239711,5.2,1.026
2026-09-14,13:35:06.000,50.5365102,-5.0239735,5.8,1.101
2026-09-14,13:35:11.000,50.5365564,-5.0239798,6.0,1.054
2026-09-14,13:35:16.000,50.5365781,-5.0239731,6.4,0.774
2026-09-14,13:35:21.000,50.5366255,-5.0239747,6.4,0.392
2026-09-14,13:35:26.000,50.5366723,-5.0239978,6.4,1.194
2026-09-14,13:35:31.000,50.5367122,-5.0239927,6.8,0.868
2026-09-14,13:35:36.000,50.5367518,-5.0240092,7.0,0.970
2026-09-14,13:35:41.000,50.5367566,-5.0240030,6.2,0.765
2026-09-14,13:35:46.000,50.5367566,-5.0240030,7.0,0.000
2026-09-14,13:35:51.000,50.5367730,-5.0240114,6.8,0.000
2026-09-14,13:35:56.000,50.5367730,-5.0240114,6.8,0.000
2026-09-14,13:36:01.000,50.5367947,-5.0240494,5.8,0.457
2026-09-14,13:36:06.000,50.5368249,-5.0241118,6.0,0.942
2026-09-14,13:36:11.000,50.5368412,-5.0241573,5.6,0.858
2026-09-14,13:36:16.000,50.5368660,-5.0242164,5.8,0.961
2026-09-14,13:36:21.000,50.5368984,-5.0242733,5.6,0.980
2026-09-14,13:36:26.000,50.5369161,-5.0243320,5.4,0.989
2026-09-14,13:36:31.000,50.5369364,-5.0244039,5.4,0.998
2026-09-14,13:36:36.000,50.5369525,-5.0244606,5.4,0.989
2026-09-14,13:36:41.000,50.5369576,-5.0244852,5.4,0.877
2026-09-14,13:36:46.000,50.5369574,-5.0244839,6.2,0.000
2026-09-14,13:36:51.000,50.5369822,-5.0245117,6.2,0.000
2026-09-14,13:36:56.000,50.5370014,-5.0245205,5.8,0.000
2026-09-14,13:37:01.000,50.5370014,-5.0245205,5.8,0.000
2026-09-14,13:37:06.000,50.5370347,-5.0245101,5.8,0.000
2026-09-14,13:37:11.000,50.5370697,-5.0245203,5.8,0.952
2026-09-14,13:37:16.000,50.5370869,-5.0245495,6.0,0.000
2026-09-14,13:37:21.000,50.5370990,-5.0245579,5.8,0.000
2026-09-14,13:37:26.000,50.5370990,-5.0245579,5.8,0.000
2026-09-14,13:37:31.000,50.5370990,-5.0245579,5.6,0.000
2026-09-14,13:37:36.000,50.5370990,-5.0245579,5.8,0.000
2026-09-14,13:37:41.000,50.5370990,-5.0245579,5.8,0.000
2026-09-14,13:37:46.000,50.5370990,-5.0245579,5.4,0.000
2026-09-14,13:37:51.000,50.5370990,-5.0245579,5.8,0.000
2026-09-14,13:37:56.000,50.5371267,-5.0245834,6.0,0.000
2026-09-14,13:38:01.000,50.5371472,-5.0246070,6.6,0.840
2026-09-14,13:38:06.000,50.5371701,-5.0246229,7.2,0.000
2026-09-14,13:38:11.000,50.5371985,-5.0246371,7.4,0.000
2026-09-14,13:38:16.000,50.5372330,-5.0245876,7.6,0.457
2026-09-14,13:38:21.000,50.5372436,-5.0245808,9.0,0.000
2026-09-14,13:38:26.000,50.5372718,-5.0246189,8.6,0.000
2026-09-14,13:38:31.000,50.5373138,-5.0246152,10.8,0.000
2026-09-14,13:38:36.000,50.5373618,-5.0246091,11.2,1.213
2026-09-14,13:38:41.000,50.5374173,-5.0246011,11.6,1.297
2026-09-14,13:38:46.000,50.5374649,-5.0245904,11.6,1.241
2026-09-14,13:38:51.000,50.5375081,-5.0245802,12.0,1.185
2026-09-14,13:38:56.000,50.5375365,-5.0245756,12.4,1.120
2026-09-14,13:39:01.000,50.5375464,-5.0245936,12.6,0.000
2026-09-14,13:39:06.000,50.5375464,-5.0245936,13.2,0.000
2026-09-14,13:39:11.000,50.5375582,-5.0245875,12.8,0.000
2026-09-14,13:39:16.000,50.5375630,-5.0245809,12.4,0.000
2026-09-14,13:39:21.000,50.5375788,-5.0245694,12.4,0.000
2026-09-14,13:39:26.000,50.5376146,-5.0245475,13.0,0.000
2026-09-14,13:39:31.000,50.5376524,-5.0245269,12.4,0.952
2026-09-14,13:39:36.000,50.5376956,-5.0245069,11.8,1.082
2026-09-14,13:39:41.000,50.5377288,-5.0244876,11.6,0.989
2026-09-14,13:39:46.000,50.5377548,-5.0244854,11.2,0.924
2026-09-14,13:39:51.000,50.5377575,-5.0245061,10.2,0.746
2026-09-14,13:39:56.000,50.5377577,-5.0245120,10.2,0.000
2026-09-14,13:40:01.000,50.5377585,-5.0245151,10.0,0.000
2026-09-14,13:40:06.000,50.5377583,-5.0245150,10.2,0.000
2026-09-14,13:40:11.000,50.5377577,-5.0245120,10.4,0.000
2026-09-14,13:40:16.000,50.5377577,-5.0245120,10.2,0.000
2026-09-14,13:40:21.000,50.5377577,-5.0245120,10.2,0.000
2026-09-14,13:40:26.000,50.5377577,-5.0245120,10.0,0.000
2026-09-14,13:40:31.000,50.5377577,-5.0245120,9.6,0.000
2026-09-14,13:40:36.000,50.5377577,-5.0245120,9.8,0.000
2026-09-14,13:40:41.000,50.5377577,-5.0245120,10.6,0.000
2026-09-14,13:40:46.000,50.5377577,-5.0245120,10.2,0.000
2026-09-14,13:40:51.000,50.5377577,-5.0245120,10.0,0.000
2026-09-14,13:40:56.000,50.5377577,-5.0245120,10.0,0.000
2026-09-14,13:41:01.000,50.5377577,-5.0245120,10.4,0.000
2026-09-14,13:41:06.000,50.5377602,-5.0244802,11.0,0.000
2026-09-14,13:41:11.000,50.5378131,-5.0244543,11.4,0.588
2026-09-14,13:41:16.000,50.5378572,-5.0244113,11.4,1.194
2026-09-14,13:41:21.000,50.5379112,-5.0243622,10.8,1.418
2026-09-14,13:41:26.000,50.5379490,-5.0243328,10.6,1.316
2026-09-14,13:41:31.000,50.5379932,-5.0243157,10.8,1.260
2026-09-14,13:41:36.000,50.5380408,-5.0242998,11.2,1.204
2026-09-14,13:41:41.000,50.5380485,-5.0242894,11.4,0.000
2026-09-14,13:41:46.000,50.5380485,-5.0242894,11.4,0.000
2026-09-14,13:41:51.000,50.5380485,-5.0242894,11.6,0.000
2026-09-14,13:41:56.000,50.5380485,-5.0242894,11.8,0.000
2026-09-14,13:42:01.000,50.5380579,-5.0242854,11.2,0.000
2026-09-14,13:42:06.000,50.5380628,-5.0242808,10.8,0.000
2026-09-14,13:42:11.000,50.5380636,-5.0242815,11.4,0.000
2026-09-14,13:42:16.000,50.5380636,-5.0242815,11.4,0.000
2026-09-14,13:42:21.000,50.5380636,-5.0242815,11.4,0.000
2026-09-14,13:42:26.000,50.5380636,-5.0242815,11.4,0.000
2026-09-14,13:42:31.000,50.5380636,-5.0242815,11.4,0.000
2026-09-14,13:42:36.000,50.5380636,-5.0242815,11.2,0.000
2026-09-14,13:42:41.000,50.5380717,-5.0242863,11.4,0.000
2026-09-14,13:42:46.000,50.5381284,-5.0242709,11.2,0.569
2026-09-14,13:42:51.000,50.5381906,-5.0242452,11.2,1.456
2026-09-14,13:42:56.000,50.5382400,-5.0242176,11.2,1.297
2026-09-14,13:43:01.000,50.5382947,-5.0242025,11.2,1.334
2026-09-14,13:43:06.000,50.5383548,-5.0241750,11.0,1.306
2026-09-14,13:43:11.000,50.5384095,-5.0241680,11.2,1.278
2026-09-14,13:43:16.000,50.5384719,-5.0241735,11.2,1.381
2026-09-14,13:43:21.000,50.5385172,-5.0241799,11.0,1.250
2026-09-14,13:43:26.000,50.5385745,-5.0241601,11.0,1.269
2026-09-14,13:43:31.000,50.5386249,-5.0241300,11.0,1.306
2026-09-14,13:43:36.000,50.5386641,-5.0240913,11.0,1.250
2026-09-14,13:43:41.000,50.5387159,-5.0240619,11.4,1.241
2026-09-14,13:43:46.000,50.5387708,-5.0240807,11.2,1.241
2026-09-14,13:43:51.000,50.5388258,-5.0240947,11.6,1.241
2026-09-14,13:43:56.000,50.5388812,-5.0240893,11.6,1.232
2026-09-14,13:44:01.000,50.5389357,-5.0241017,11.4,1.222
2026-09-14,13:44:06.000,50.5389933,-5.0241035,11.8,1.269
2026-09-14,13:44:11.000,50.5390506,-5.0241082,12.2,1.260
2026-09-14,13:44:16.000,50.5391038,-5.0241070,11.6,1.297
2026-09-14,13:44:21.000,50.5391570,-5.0241124,11.6,1.288
2026-09-14,13:44:26.000,50.5392163,-5.0241284,11.2,1.269
2026-09-14,13:44:31.000,50.5392655,-5.0241589,10.8,1.241
2026-09-14,13:44:36.000,50.5393012,-5.0242086,11.2,1.213
2026-09-14,13:44:41.000,50.5393560,-5.0242258,13.0,1.232
2026-09-14,13:44:46.000,50.5394079,-5.0242722,12.0,1.260
2026-09-14,13:44:51.000,50.5394664,-5.0243153,11.6,1.297
2026-09-14,13:44:56.000,50.5395053,-5.0243547,11.2,1.269
2026-09-14,13:45:01.000,50.5395628,-5.0244014,11.8,1.278
2026-09-14,13:45:06.000,50.5396204,-5.0244209,12.2,1.260
2026-09-14,13:45:11.000,50.5396855,-5.0244141,12.4,1.288
2026-09-14,13:45:16.000,50.5397425,-5.0244190,12.2,1.297
2026-09-14,13:45:21.000,50.5397861,-5.0244620,12.4,1.288
2026-09-14,13:45:26.000,50.5398242,-5.0245195,12.0,1.269
2026-09-14,13:45:31.000,50.5398666,-5.0245660,11.6,1.269
2026-09-14,13:45:36.000,50.5399185,-5.0246058,11.8,1.269
2026-09-14,13:45:41.000,50.5399078,-5.0246324,12.6,1.017
2026-09-14,13:45:46.000,50.5399052,-5.0246351,12.6,0.000
2026-09-14,13:45:51.000,50.5399052,-5.0246436,12.2,0.000
2026-09-14,13:45:56.000,50.5399108,-5.0246790,12.2,0.000
2026-09-14,13:46:01.000,50.5399093,-5.0246742,11.8,0.000
2026-09-14,13:46:06.000,50.5399114,-5.0247028,11.6,0.000
2026-09-14,13:46:11.000,50.5399360,-5.0247029,12.2,0.411
2026-09-14,13:46:16.000,50.5399850,-5.0246867,12.4,1.185
2026-09-14,13:46:21.000,50.5400387,-5.0246785,12.0,1.138
2026-09-14,13:46:26.000,50.5400974,-5.0247189,11.8,1.250
2026-09-14,13:46:31.000,50.5401419,-5.0247598,11.6,1.260
2026-09-14,13:46:36.000,50.5402130,-5.0247954,11.4,1.344
2026-09-14,13:46:41.000,50.5402680,-5.0248233,11.2,1.316
2026-09-14,13:46:46.000,50.5403229,-5.0248608,11.2,1.390
2026-09-14,13:46:51.000,50.5403760,-5.0249025,11.0,1.372
2026-09-14,13:46:56.000,50.5404308,-5.0249374,11.0,1.372
2026-09-14,13:47:01.000,50.5404864,-5.0249701,10.8,1.372
2026-09-14,13:47:06.000,50.5405207,-5.0250246,10.4,1.334
2026-09-14,13:47:11.000,50.5405729,-5.0250775,9.8,1.325
2026-09-14,13:47:16.000,50.5406225,-5.0250962,10.4,1.316
2026-09-14,13:47:21.000,50.5406724,-5.0251323,9.8,1.325
2026-09-14,13:47:26.000,50.5407206,-5.0251694,9.2,1.269
2026-09-14,13:47:31.000,50.5407703,-5.0251687,9.0,1.250
2026-09-14,13:47:36.000,50.5407654,-5.0251797,9.4,1.008
2026-09-14,13:47:41.000,50.5407636,-5.0251796,8.4,0.000
2026-09-14,13:47:46.000,50.5407636,-5.0251796,9.2,0.000
2026-09-14,13:47:51.000,50.5407641,-5.0251670,8.6,0.000
2026-09-14,13:47:56.000,50.5407648,-5.0251672,9.6,0.000
2026-09-14,13:48:01.000,50.5407641,-5.0251648,9.0,0.000
2026-09-14,13:48:06.000,50.5407636,-5.0251796,8.8,0.000
2026-09-14,13:48:11.000,50.5407636,-5.0251796,8.4,0.000
2026-09-14,13:48:16.000,50.5407636,-5.0251796,8.4,0.000
2026-09-14,13:48:21.000,50.5407636,-5.0251796,8.6,0.000
2026-09-14,13:48:26.000,50.5407801,-5.0251641,8.2,0.000
2026-09-14,13:48:31.000,50.5407801,-5.0251641,8.0,0.000
2026-09-14,13:48:36.000,50.5407801,-5.0251641,8.0,0.000
2026-09-14,13:48:41.000,50.5407801,-5.0251641,8.0,0.000
2026-09-14,13:48:46.000,50.5407801,-5.0251641,7.8,0.000
2026-09-14,13:48:51.000,50.5407801,-5.0251641,8.0,0.000
2026-09-14,13:48:56.000,50.5407801,-5.0251641,7.8,0.000
2026-09-14,13:49:01.000,50.5407801,-5.0251641,7.8,0.000
2026-09-14,13:49:06.000,50.5407801,-5.0251641,7.8,0.000
2026-09-14,13:49:11.000,50.5407801,-5.0251641,7.8,0.000
2026-09-14,13:49:16.000,50.5407801,-5.0251641,8.0,0.000
2026-09-14,13:49:21.000,50.5407801,-5.0251641,8.0,0.000
2026-09-14,13:49:26.000,50.5407801,-5.0251641,7.8,0.000
2026-09-14,13:49:31.000,50.5407801,-5.0251641,7.8,0.000
2026-09-14,13:49:36.000,50.5407801,-5.0251641,8.0,0.000
2026-09-14,13:49:41.000,50.5407801,-5.0251641,7.8,0.000
2026-09-14,13:49:46.000,50.5407801,-5.0251641,7.8,0.000
2026-09-14,13:49:51.000,50.5407801,-5.0251641,7.8,0.000
2026-09-14,13:49:56.000,50.5407801,-5.0251641,7.6,0.000
2026-09-14,13:50:01.000,50.5407801,-5.0251641,7.8,0.000
2026-09-14,13:50:06.000,50.5407801,-5.0251641,7.6,0.000
2026-09-14,13:50:11.000,50.5407801,-5.0251641,8.0,0.000
2026-09-14,13:50:16.000,50.5407801,-5.0251641,8.0,0.000
2026-09-14,13:50:21.000,50.5407801,-5.0251641,8.0,0.000
2026-09-14,13:50:26.000,50.5407801,-5.0251641,8.0,0.000
2026-09-14,13:50:31.000,50.5407801,-5.0251641,7.8,0.000
2026-09-14,13:50:36.000,50.5407801,-5.0251641,7.8,0.000
2026-09-14,13:50:41.000,50.5407801,-5.0251641,8.0,0.000
2026-09-14,13:50:46.000,50.5407801,-5.0251641,8.6,0.000
2026-09-14,13:50:51.000,50.5407801,-5.0251641,8.6,0.000
2026-09-14,13:50:56.000,50.5407801,-5.0251641,8.8,0.000
2026-09-14,13:51:01.000,50.5407801,-5.0251641,8.2,0.000
2026-09-14,13:51:06.000,50.5407801,-5.0251641,8.0,0.000
2026-09-14,13:51:11.000,50.5407801,-5.0251641,8.4,0.000
2026-09-14,13:51:16.000,50.5407801,-5.0251641,8.4,0.000
2026-09-14,13:51:21.000,50.5407801,-5.0251641,8.6,0.000
2026-09-14,13:51:26.000,50.5407801,-5.0251641,8.2,0.000
2026-09-14,13:51:31.000,50.5407801,-5.0251641,8.4,0.000
2026-09-14,13:51:36.000,50.5407801,-5.0251641,8.0,0.000
2026-09-14,13:51:41.000,50.5407801,-5.0251641,8.0,0.000
2026-09-14,13:51:46.000,50.5407801,-5.0251641,8.4,0.000
2026-09-14,13:51:51.000,50.5407801,-5.0251641,8.6,0.000
2026-09-14,13:51:56.000,50.5407801,-5.0251641,8.4,0.000
2026-09-14,13:52:01.000,50.5407801,-5.0251641,8.6,0.000
2026-09-14,13:52:06.000,50.5407801,-5.0251641,8.4,0.000
2026-09-14,13:52:11.000,50.5407801,-5.0251641,8.6,0.000
2026-09-14,13:52:16.000,50.5407801,-5.0251641,8.2,0.000
2026-09-14,13:52:21.000,50.5407801,-5.0251641,8.6,0.000
2026-09-14,13:52:26.000,50.5407801,-5.0251641,8.4,0.000
2026-09-14,13:52:31.000,50.5407801,-5.0251641,8.4,0.000
2026-09-14,13:52:36.000,50.5407801,-5.0251641,8.2,0.000
2026-09-14,13:52:41.000,50.5407801,-5.0251641,8.0,0.000
2026-09-14,13:52:46.000,50.5407801,-5.0251641,8.0,0.000
2026-09-14,13:52:51.000,50.5407801,-5.0251641,8.6,0.000
2026-09-14,13:52:56.000,50.5407801,-5.0251641,8.4,0.000
2026-09-14,13:53:01.000,50.5407801,-5.0251641,8.2,0.000
2026-09-14,13:53:06.000,50.5407801,-5.0251641,8.4,0.000
2026-09-14,13:53:11.000,50.5407801,-5.0251641,8.0,0.000
2026-09-14,13:53:16.000,50.5407801,-5.0251641,8.0,0.000
2026-09-14,13:53:21.000,50.5407801,-5.0251641,8.2,0.000
2026-09-14,13:53:26.000,50.5407801,-5.0251641,7.6,0.000
2026-09-14,13:53:31.000,50.5407801,-5.0251641,7.8,0.000
2026-09-14,13:53:36.000,50.5407801,-5.0251641,7.8,0.000
2026-09-14,13:53:41.000,50.5407801,-5.0251641,7.6,0.000
2026-09-14,13:53:46.000,50.5407801,-5.0251641,7.8,0.000
2026-09-14,13:53:51.000,50.5407801,-5.0251641,7.6,0.000
2026-09-14,13:53:56.000,50.5407801,-5.0251641,7.8,0.000
2026-09-14,13:54:01.000,50.5407801,-5.0251641,8.0,0.000
2026-09-14,13:54:06.000,50.5407801,-5.0251641,8.0,0.000
2026-09-14,13:54:11.000,50.5407801,-5.0251641,8.0,0.000
2026-09-14,13:54:16.000,50.5407801,-5.0251641,7.6,0.000
2026-09-14,13:54:21.000,50.5407801,-5.0251641,8.0,0.000
2026-09-14,13:54:26.000,50.5407801,-5.0251641,8.0,0.000
2026-09-14,13:54:31.000,50.5407801,-5.0251641,8.2,0.000
2026-09-14,13:54:36.000,50.5407801,-5.0251641,8.2,0.000
2026-09-14,13:54:41.000,50.5407801,-5.0251641,8.0,0.000
2026-09-14,13:54:46.000,50.5407801,-5.0251641,8.4,0.000
2026-09-14,13:54:51.000,50.5407801,-5.0251641,8.2,0.000
2026-09-14,13:54:56.000,50.5407801,-5.0251641,8.2,0.000
2026-09-14,13:55:01.000,50.5407801,-5.0251641,8.4,0.000
2026-09-14,13:55:06.000,50.5407801,-5.0251641,8.4,0.000
2026-09-14,13:55:11.000,50.5407801,-5.0251641,8.4,0.000
2026-09-14,13:55:16.000,50.5407801,-5.0251641,8.2,0.000
2026-09-14,13:55:21.000,50.5407801,-5.0251641,8.2,0.000
2026-09-14,13:55:26.000,50.5407801,-5.0251641,8.2,0.000
2026-09-14,13:55:31.000,50.5407801,-5.0251641,8.2,0.000
2026-09-14,13:55:36.000,50.5407801,-5.0251641,8.4,0.000
2026-09-14,13:55:41.000,50.5407801,-5.0251641,8.6,0.000
2026-09-14,13:55:46.000,50.5407801,-5.0251641,8.2,0.000
2026-09-14,13:55:51.000,50.5407801,-5.0251641,9.2,0.000
2026-09-14,13:55:56.000,50.5407801,-5.0251641,8.6,0.000
2026-09-14,13:56:01.000,50.5407801,-5.0251641,8.4,0.000
2026-09-14,13:56:06.000,50.5407801,-5.0251641,8.4,0.000
2026-09-14,13:56:11.000,50.5407801,-5.0251641,8.6,0.000
2026-09-14,13:56:16.000,50.5407801,-5.0251641,8.6,0.000
2026-09-14,13:56:21.000,50.5407801,-5.0251641,8.4,0.000
2026-09-14,13:56:26.000,50.5407801,-5.0251641,8.6,0.000
2026-09-14,13:56:31.000,50.5407801,-5.0251641,8.6,0.000
2026-09-14,13:56:36.000,50.5407801,-5.0251641,8.4,0.000
2026-09-14,13:56:41.000,50.5407801,-5.0251641,9.0,0.000
2026-09-14,13:56:46.000,50.5407801,-5.0251641,8.8,0.000
2026-09-14,13:56:51.000,50.5407801,-5.0251641,8.8,0.000
2026-09-14,13:56:56.000,50.5407801,-5.0251641,8.6,0.000
2026-09-14,13:57:01.000,50.5407801,-5.0251641,9.0,0.000
2026-09-14,13:57:06.000,50.5407801,-5.0251641,8.8,0.000
2026-09-14,13:57:11.000,50.5407801,-5.0251641,9.0,0.000
2026-09-14,13:57:16.000,50.5407801,-5.0251641,8.8,0.000
2026-09-14,13:57:21.000,50.5407801,-5.0251641,9.0,0.000
2026-09-14,13:57:26.000,50.5407801,-5.0251641,9.0,0.000
2026-09-14,13:57:31.000,50.5407801,-5.0251641,8.8,0.000
2026-09-14,13:57:36.000,50.5407801,-5.0251641,8.8,0.000
2026-09-14,13:57:41.000,50.5407801,-5.0251641,8.6,0.000
2026-09-14,13:57:46.000,50.5407801,-5.0251641,9.0,0.000
2026-09-14,13:57:51.000,50.5407801,-5.0251641,9.0,0.000
2026-09-14,13:57:56.000,50.5407801,-5.0251641,8.8,0.000
2026-09-14,13:58:01.000,50.5407801,-5.0251641,8.6,0.000
2026-09-14,13:58:06.000,50.5407801,-5.0251641,9.0,0.000
2026-09-14,13:58:11.000,50.5407801,-5.0251641,9.0,0.000
2026-09-14,13:58:16.000,50.5407801,-5.0251641,8.8,0.000
2026-09-14,13:58:21.000,50.5407801,-5.0251641,8.8,0.000
2026-09-14,13:58:26.000,50.5407801,-5.0251641,8.4,0.000
2026-09-14,13:58:31.000,50.5407801,-5.0251641,8.6,0.000
2026-09-14,13:58:36.000,50.5407801,-5.0251641,8.6,0.000
2026-09-14,13:58:41.000,50.5407801,-5.0251641,8.8,0.000
2026-09-14,13:58:46.000,50.5407801,-5.0251641,8.8,0.000
2026-09-14,13:58:51.000,50.5407801,-5.0251641,8.6,0.000
2026-09-14,13:58:56.000,50.5407801,-5.0251641,8.8,0.000
2026-09-14,13:59:01.000,50.5407801,-5.0251641,8.8,0.000
2026-09-14,13:59:06.000,50.5407801,-5.0251641,8.8,0.000
2026-09-14,13:59:11.000,50.5407801,-5.0251641,8.8,0.000
2026-09-14,13:59:16.000,50.5407801,-5.0251641,8.6,0.000
2026-09-14,13:59:21.000,50.5407801,-5.0251641,8.8,0.000
2026-09-14,13:59:26.000,50.5407801,-5.0251641,8.8,0.000
2026-09-14,13:59:31.000,50.5407801,-5.0251641,8.6,0.000
2026-09-14,13:59:36.000,50.5407801,-5.0251641,8.6,0.000
2026-09-14,13:59:41.000,50.5407801,-5.0251641,8.8,0.000
2026-09-14,13:59:46.000,50.5407801,-5.0251641,8.6,0.000
2026-09-14,13:59:51.000,50.5407801,-5.0251641,9.0,0.000
2026-09-14,13:59:56.000,50.5407801,-5.0251641,9.0,0.000
2026-09-14,14:00:01.000,50.5407801,-5.0251641,9.2,0.000
2026-09-14,14:00:06.000,50.5407801,-5.0251641,8.6,0.000
2026-09-14,14:00:11.000,50.5407801,-5.0251641,8.6,0.000
2026-09-14,14:00:16.000,50.5407801,-5.0251641,8.6,0.000
2026-09-14,14:00:21.000,50.5407773,-5.0251641,8.4,0.000
2026-09-14,14:00:26.000,50.5407801,-5.0251641,8.4,0.000
2026-09-14,14:00:31.000,50.5407801,-5.0251641,8.2,0.000
2026-09-14,14:00:36.000,50.5407801,-5.0251641,7.6,0.000
2026-09-14,14:00:41.000,50.5407801,-5.0251641,8.0,0.000
2026-09-14,14:00:46.000,50.5407801,-5.0251641,8.0,0.000
2026-09-14,14:00:51.000,50.5407801,-5.0251641,8.0,0.000
2026-09-14,14:00:56.000,50.5407801,-5.0251641,8.4,0.000
2026-09-14,14:01:01.000,50.5407801,-5.0251641,8.0,0.000
2026-09-14,14:01:06.000,50.5407801,-5.0251641,8.4,0.000
2026-09-14,14:01:11.000,50.5407801,-5.0251641,8.2,0.000
2026-09-14,14:01:16.000,50.5407801,-5.0251641,7.8,0.000
2026-09-14,14:01:21.000,50.5407801,-5.0251641,8.2,0.000
2026-09-14,14:01:26.000,50.5407801,-5.0251641,7.8,0.000
2026-09-14,14:01:31.000,50.5407801,-5.0251641,7.8,0.000
2026-09-14,14:01:36.000,50.5407801,-5.0251641,7.8,0.000
2026-09-14,14:01:41.000,50.5407801,-5.0251641,8.0,0.000
2026-09-14,14:01:46.000,50.5407801,-5.0251641,8.0,0.000
2026-09-14,14:01:51.000,50.5407801,-5.0251641,8.2,0.000
2026-09-14,14:01:56.000,50.5407801,-5.0251641,8.0,0.000
2026-09-14,14:02:01.000,50.5407801,-5.0251641,8.0,0.000
2026-09-14,14:02:06.000,50.5407801,-5.0251641,7.8,0.000
2026-09-14,14:02:11.000,50.5407801,-5.0251641,8.2,0.000
2026-09-14,14:02:16.000,50.5407801,-5.0251641,7.8,0.000
2026-09-14,14:02:21.000,50.5407801,-5.0251641,7.8,0.000
2026-09-14,14:02:26.000,50.5407801,-5.0251641,7.8,0.000
2026-09-14,14:02:31.000,50.5407801,-5.0251641,8.0,0.000
2026-09-14,14:02:36.000,50.5407799,-5.0251650,8.0,0.000
2026-09-14,14:02:41.000,50.5407801,-5.0251641,8.0,0.000
2026-09-14,14:02:46.000,50.5407801,-5.0251641,7.8,0.000
2026-09-14,14:02:51.000,50.5407801,-5.0251641,8.6,0.000
2026-09-14,14:02:56.000,50.5407801,-5.0251641,8.6,0.000
2026-09-14,14:03:01.000,50.5407801,-5.0251641,8.6,0.000
2026-09-14,14:03:06.000,50.5407801,-5.0251641,7.8,0.000
2026-09-14,14:03:11.000,50.5407801,-5.0251641,7.8,0.000
2026-09-14,14:03:16.000,50.5407801,-5.0251641,8.2,0.000
2026-09-14,14:03:21.000,50.5407801,-5.0251641,7.8,0.000
2026-09-14,14:03:26.000,50.5407801,-5.0251641,7.6,0.000
2026-09-14,14:03:31.000,50.5407801,-5.0251641,7.6,0.000
2026-09-14,14:03:36.000,50.5407801,-5.0251641,8.0,0.000
2026-09-14,14:03:41.000,50.5407801,-5.0251641,8.0,0.000
2026-09-14,14:03:46.000,50.5407801,-5.0251641,9.0,0.000
2026-09-14,14:03:51.000,50.5407801,-5.0251641,8.6,0.000
2026-09-14,14:03:56.000,50.5407801,-5.0251641,8.2,0.000
2026-09-14,14:04:01.000,50.5407801,-5.0251641,9.0,0.000
2026-09-14,14:04:06.000,50.5407801,-5.0251641,8.6,0.000
2026-09-14,14:04:11.000,50.5407801,-5.0251641,8.6,0.000
2026-09-14,14:04:16.000,50.5407801,-5.0251641,8.4,0.000
2026-09-14,14:04:21.000,50.5407801,-5.0251641,8.2,0.000
2026-09-14,14:04:26.000,50.5407801,-5.0251641,8.2,0.000
2026-09-14,14:04:31.000,50.5407801,-5.0251641,8.6,0.000
2026-09-14,14:04:36.000,50.5407801,-5.0251641,8.4,0.000
2026-09-14,14:04:41.000,50.5407801,-5.0251641,8.6,0.000
2026-09-14,14:04:46.000,50.5407801,-5.0251641,8.8,0.000
2026-09-14,14:04:51.000,50.5407733,-5.0251745,8.2,0.000
2026-09-14,14:04:56.000,50.5407801,-5.0251641,8.0,0.000
2026-09-14,14:05:01.000,50.5407801,-5.0251641,8.0,0.000
2026-09-14,14:05:06.000,50.5407801,-5.0251641,8.2,0.000
2026-09-14,14:05:11.000,50.5407801,-5.0251641,8.0,0.000
2026-09-14,14:05:16.000,50.5407801,-5.0251641,8.0,0.000
2026-09-14,14:05:21.000,50.5407801,-5.0251641,8.2,0.000
2026-09-14,14:05:26.000,50.5407801,-5.0251641,8.2,0.000
2026-09-14,14:05:31.000,50.5407801,-5.0251641,8.0,0.000
2026-09-14,14:05:36.000,50.5407801,-5.0251641,8.0,0.000
2026-09-14,14:05:41.000,50.5407801,-5.0251641,7.8,0.000
2026-09-14,14:05:46.000,50.5407801,-5.0251641,7.8,0.000
2026-09-14,14:05:51.000,50.5407801,-5.0251641,8.0,0.000
2026-09-14,14:05:56.000,50.5407801,-5.0251641,8.0,0.000
2026-09-14,14:06:01.000,50.5407801,-5.0251641,8.0,0.000
2026-09-14,14:06:06.000,50.5407801,-5.0251641,7.8,0.000
2026-09-14,14:06:11.000,50.5407801,-5.0251641,8.0,0.000
2026-09-14,14:06:16.000,50.5407801,-5.0251641,7.8,0.000
2026-09-14,14:06:21.000,50.5407801,-5.0251641,7.8,0.000
2026-09-14,14:06:26.000,50.5407801,-5.0251641,7.6,0.000
2026-09-14,14:06:31.000,50.5407801,-5.0251641,7.4,0.000
2026-09-14,14:06:36.000,50.5407801,-5.0251641,7.6,0.000
2026-09-14,14:06:41.000,50.5407801,-5.0251641,7.6,0.000
2026-09-14,14:06:46.000,50.5407735,-5.0251674,8.0,0.000
2026-09-14,14:06:51.000,50.5407644,-5.0251719,9.2,0.000
2026-09-14,14:06:56.000,50.5407610,-5.0251918,9.0,0.000
2026-09-14,14:07:01.000,50.5407636,-5.0251924,8.4,0.000
2026-09-14,14:07:06.000,50.5407610,-5.0251917,8.6,0.000
2026-09-14,14:07:11.000,50.5407610,-5.0251917,8.6,0.000
2026-09-14,14:07:16.000,50.5407610,-5.0251917,8.4,0.000
2026-09-14,14:07:21.000,50.5407610,-5.0251917,8.4,0.000
2026-09-14,14:07:26.000,50.5407610,-5.0251917,8.4,0.000
2026-09-14,14:07:31.000,50.5407610,-5.0251917,8.6,0.000
2026-09-14,14:07:36.000,50.5407610,-5.0251917,8.4,0.000
2026-09-14,14:07:41.000,50.5407610,-5.0251917,8.4,0.000
2026-09-14,14:07:46.000,50.5407610,-5.0251917,8.2,0.000
2026-09-14,14:07:51.000,50.5407610,-5.0251917,8.4,0.000
2026-09-14,14:07:56.000,50.5407777,-5.0251882,8.6,0.000
2026-09-14,14:08:01.000,50.5408018,-5.0251296,10.0,0.000
2026-09-14,14:08:06.000,50.5408318,-5.0251096,10.0,0.280
2026-09-14,14:08:11.000,50.5408531,-5.0251134,10.2,0.000
2026-09-14,14:08:16.000,50.5408736,-5.0251259,10.2,0.000
2026-09-14,14:08:21.000,50.5408927,-5.0251309,9.4,0.000
2026-09-14,14:08:26.000,50.5409536,-5.0251461,8.6,1.568
2026-09-14,14:08:31.000,50.5410213,-5.0251538,9.4,1.530
2026-09-14,14:08:36.000,50.5410664,-5.0251513,10.2,1.222
2026-09-14,14:08:41.000,50.5411153,-5.0251271,10.4,1.204
2026-09-14,14:08:46.000,50.5411563,-5.0251475,10.0,1.185
2026-09-14,14:08:51.000,50.5411877,-5.0252131,10.4,1.204
2026-09-14,14:08:56.000,50.5412417,-5.0252654,10.6,1.288
2026-09-14,14:09:01.000,50.5412916,-5.0252979,10.8,1.260
2026-09-14,14:09:06.000,50.5413299,-5.0253452,10.6,1.297
2026-09-14,14:09:11.000,50.5413605,-5.0254165,12.0,1.288
2026-09-14,14:09:16.000,50.5413953,-5.0254949,11.6,1.288
2026-09-14,14:09:21.000,50.5414350,-5.0255665,11.8,1.297
2026-09-14,14:09:26.000,50.5414420,-5.0255541,12.2,1.204
2026-09-14,14:09:31.000,50.5414419,-5.0255542,12.2,0.000
2026-09-14,14:09:36.000,50.5414419,-5.0255542,12.2,0.000
2026-09-14,14:09:41.000,50.5414419,-5.0255542,12.2,0.000
2026-09-14,14:09:46.000,50.5414679,-5.0256228,11.6,0.000
2026-09-14,14:09:51.000,50.5415152,-5.0256744,11.6,1.474
2026-09-14,14:09:56.000,50.5415498,-5.0257397,12.2,1.232
2026-09-14,14:10:01.000,50.5416038,-5.0257939,12.2,1.418
2026-09-14,14:10:06.000,50.5416442,-5.0258312,12.8,1.297
2026-09-14,14:10:11.000,50.5416941,-5.0258896,12.6,1.325
2026-09-14,14:10:16.000,50.5417320,-5.0259446,12.8,1.316
2026-09-14,14:10:21.000,50.5417676,-5.0260315,13.0,1.400
2026-09-14,14:10:26.000,50.5417959,-5.0260838,13.6,1.269
2026-09-14,14:10:31.000,50.5418293,-5.0261294,13.8,1.250
2026-09-14,14:10:36.000,50.5418497,-5.0261517,14.2,1.008
2026-09-14,14:10:41.000,50.5418279,-5.0261574,14.2,0.840
2026-09-14,14:10:46.000,50.5418279,-5.0261574,13.8,0.000
2026-09-14,14:10:51.000,50.5418279,-5.0261574,14.0,0.000
2026-09-14,14:10:56.000,50.5418279,-5.0261574,13.8,0.000
2026-09-14,14:11:01.000,50.5418319,-5.0261089,13.8,0.000
2026-09-14,14:11:06.000,50.5418651,-5.0260295,13.8,1.344
2026-09-14,14:11:11.000,50.5419021,-5.0259524,13.8,1.297
2026-09-14,14:11:16.000,50.5419257,-5.0259000,14.2,1.269
2026-09-14,14:11:21.000,50.5419287,-5.0258915,14.2,0.000
2026-09-14,14:11:26.000,50.5419627,-5.0258263,14.4,1.222
2026-09-14,14:11:31.000,50.5419943,-5.0257513,14.8,1.269
2026-09-14,14:11:36.000,50.5420240,-5.0256937,15.2,1.166
2026-09-14,14:11:41.000,50.5420586,-5.0256285,15.4,1.166
2026-09-14,14:11:46.000,50.5420945,-5.0255811,15.6,1.176
2026-09-14,14:11:51.000,50.5421242,-5.0255352,15.4,1.017
2026-09-14,14:11:56.000,50.5421663,-5.0254743,15.8,1.166
2026-09-14,14:12:01.000,50.5422065,-5.0254054,15.8,1.194
2026-09-14,14:12:06.000,50.5422450,-5.0253389,16.0,1.185
2026-09-14,14:12:11.000,50.5422777,-5.0252813,16.0,1.176
2026-09-14,14:12:16.000,50.5423005,-5.0252514,16.6,1.129
2026-09-14,14:12:21.000,50.5423286,-5.0251923,16.6,1.082
2026-09-14,14:12:26.000,50.5423580,-5.0251310,16.8,1.045
2026-09-14,14:12:31.000,50.5423828,-5.0250655,17.2,1.073
2026-09-14,14:12:36.000,50.5424026,-5.0250317,17.0,0.000
2026-09-14,14:12:41.000,50.5424394,-5.0249722,17.2,1.222
2026-09-14,14:12:46.000,50.5424702,-5.0249264,17.2,1.110
2026-09-14,14:12:51.000,50.5425176,-5.0248420,17.6,1.250
2026-09-14,14:12:56.000,50.5425609,-5.0247810,17.8,1.250
2026-09-14,14:13:01.000,50.5425844,-5.0247266,18.0,1.194
2026-09-14,14:13:06.000,50.5426103,-5.0246596,17.8,1.166
2026-09-14,14:13:11.000,50.5426387,-5.0245853,18.0,1.194
2026-09-14,14:13:16.000,50.5426786,-5.0245187,18.4,1.213
2026-09-14,14:13:21.000,50.5427192,-5.0244539,18.4,1.222
2026-09-14,14:13:26.000,50.5427501,-5.0244049,18.4,1.213
2026-09-14,14:13:31.000,50.5427830,-5.0243421,18.6,1.194
2026-09-14,14:13:36.000,50.5428165,-5.0242593,18.8,1.213
2026-09-14,14:13:41.000,50.5428511,-5.0241871,19.0,1.222
2026-09-14,14:13:46.000,50.5428852,-5.0241175,19.2,1.222
2026-09-14,14:13:51.000,50.5429200,-5.0240575,19.2,1.213
2026-09-14,14:13:56.000,50.5429540,-5.0239855,19.6,1.213
2026-09-14,14:14:01.000,50.5429923,-5.0239250,19.8,1.204
2026-09-14,14:14:06.000,50.5430267,-5.0238585,19.6,1.213
2026-09-14,14:14:11.000,50.5430656,-5.0237879,19.8,1.232
2026-09-14,14:14:16.000,50.5431041,-5.0237286,20.0,1.222
2026-09-14,14:14:21.000,50.5431377,-5.0236657,20.2,1.204
2026-09-14,14:14:26.000,50.5431776,-5.0236010,20.2,1.232
2026-09-14,14:14:31.000,50.5432044,-5.0235392,20.2,1.176
2026-09-14,14:14:36.000,50.5432386,-5.0234748,20.2,1.185
2026-09-14,14:14:41.000,50.5432689,-5.0234223,20.6,1.129
2026-09-14,14:14:46.000,50.5433016,-5.0233541,20.8,1.148
2026-09-14,14:14:51.000,50.5433268,-5.0232835,20.8,1.157
2026-09-14,14:14:56.000,50.5433679,-5.0231900,21.2,1.232
2026-09-14,14:15:01.000,50.5433950,-5.0231199,21.6,1.241
2026-09-14,14:15:06.000,50.5434252,-5.0230848,21.8,1.157
2026-09-14,14:15:11.000,50.5434604,-5.0230501,22.2,1.092
2026-09-14,14:15:16.000,50.5434679,-5.0230300,22.0,0.000
2026-09-14,14:15:21.000,50.5435034,-5.0229815,22.0,0.401
2026-09-14,14:15:26.000,50.5435371,-5.0229224,22.8,1.101
2026-09-14,14:15:31.000,50.5435589,-5.0228696,22.8,1.026
2026-09-14,14:15:36.000,50.5435865,-5.0228188,22.8,0.980
2026-09-14,14:15:41.000,50.5436147,-5.0227587,23.2,0.989
2026-09-14,14:15:46.000,50.5436520,-5.0226893,23.0,1.064
2026-09-14,14:15:51.000,50.5436919,-5.0226215,23.2,1.232
2026-09-14,14:15:56.000,50.5437188,-5.0225584,23.4,1.241
2026-09-14,14:16:01.000,50.5437557,-5.0224940,23.8,1.204
2026-09-14,14:16:06.000,50.5437958,-5.0224152,24.2,1.250
2026-09-14,14:16:11.000,50.5438357,-5.0223500,24.6,1.260
2026-09-14,14:16:16.000,50.5438811,-5.0222942,24.4,1.278
2026-09-14,14:16:21.000,50.5439290,-5.0222272,24.2,1.297
2026-09-14,14:16:26.000,50.5439832,-5.0221677,24.8,1.306
2026-09-14,14:16:31.000,50.5440245,-5.0220941,24.6,1.325
2026-09-14,14:16:36.000,50.5440664,-5.0220394,24.8,1.316
2026-09-14,14:16:41.000,50.5441051,-5.0219843,25.0,1.278
2026-09-14,14:16:46.000,50.5441506,-5.0219199,25.0,1.288
2026-09-14,14:16:51.000,50.5441866,-5.0218686,25.2,1.297
2026-09-14,14:16:56.000,50.5442213,-5.0218188,25.2,1.250
2026-09-14,14:17:01.000,50.5442767,-5.0217323,25.0,1.288
2026-09-14,14:17:06.000,50.5443249,-5.0216703,24.8,1.316
2026-09-14,14:17:11.000,50.5443676,-5.0216411,24.8,1.297
2026-09-14,14:17:16.000,50.5444201,-5.0216166,24.8,1.278
2026-09-14,14:17:21.000,50.5444646,-5.0216026,24.8,1.260
2026-09-14,14:17:26.000,50.5444880,-5.0215801,25.0,0.000
2026-09-14,14:17:31.000,50.5444950,-5.0215775,24.4,0.000
2026-09-14,14:17:36.000,50.5444988,-5.0215624,24.4,0.000
2026-09-14,14:17:41.000,50.5445301,-5.0215015,24.4,0.000
2026-09-14,14:17:46.000,50.5445339,-5.0214984,24.8,0.000
2026-09-14,14:17:51.000,50.5445398,-5.0214779,24.8,0.000
2026-09-14,14:17:56.000,50.5445632,-5.0213979,24.8,1.120
2026-09-14,14:18:01.000,50.5445919,-5.0213114,24.8,1.316
2026-09-14,14:18:06.000,50.5446411,-5.0212605,24.4,1.344
2026-09-14,14:18:11.000,50.5446859,-5.0212156,24.2,1.316
2026-09-14,14:18:16.000,50.5447327,-5.0211710,24.2,1.278
2026-09-14,14:18:21.000,50.5447843,-5.0211277,24.2,1.269
2026-09-14,14:18:26.000,50.5448340,-5.0210752,24.0,1.353
2026-09-14,14:18:31.000,50.5448852,-5.0210292,23.8,1.325
2026-09-14,14:18:36.000,50.5449334,-5.0209880,23.8,1.316
2026-09-14,14:18:41.000,50.5449887,-5.0209353,23.6,1.325
2026-09-14,14:18:46.000,50.5450451,-5.0208950,23.8,1.344
2026-09-14,14:18:51.000,50.5451065,-5.0208312,23.6,1.400
2026-09-14,14:18:56.000,50.5451513,-5.0207929,23.4,1.381
2026-09-14,14:19:01.000,50.5452028,-5.0207470,23.2,1.334
2026-09-14,14:19:06.000,50.5452532,-5.0207112,23.2,1.269
2026-09-14,14:19:11.000,50.5453151,-5.0206582,23.0,1.362
2026-09-14,14:19:16.000,50.5453684,-5.0206145,22.8,1.372
2026-09-14,14:19:21.000,50.5454130,-5.0205644,22.6,1.334
2026-09-14,14:19:26.000,50.5454603,-5.0205221,22.6,1.334
2026-09-14,14:19:31.000,50.5455076,-5.0204743,22.2,1.316
2026-09-14,14:19:36.000,50.5455493,-5.0204347,21.6,1.288
2026-09-14,14:19:41.000,50.5455976,-5.0203931,21.2,1.269
2026-09-14,14:19:46.000,50.5456464,-5.0203613,21.6,1.232
2026-09-14,14:19:51.000,50.5456826,-5.0203265,21.2,1.204
2026-09-14,14:19:56.000,50.5457005,-5.0203234,20.2,0.000
2026-09-14,14:20:01.000,50.5456964,-5.0203162,20.6,0.000
2026-09-14,14:20:06.000,50.5456928,-5.0202713,20.8,0.000
2026-09-14,14:20:11.000,50.5456928,-5.0202713,20.8,0.000
2026-09-14,14:20:16.000,50.5456928,-5.0202713,20.6,0.000
2026-09-14,14:20:21.000,50.5457018,-5.0202138,20.4,0.000
2026-09-14,14:20:26.000,50.5457089,-5.0201444,20.4,0.662
2026-09-14,14:20:31.000,50.5457223,-5.0201082,20.4,0.644
2026-09-14,14:20:36.000,50.5457199,-5.0200811,20.0,0.000
2026-09-14,14:20:41.000,50.5457211,-5.0200491,19.6,0.000
2026-09-14,14:20:46.000,50.5457245,-5.0200474,19.2,0.000
2026-09-14,14:20:51.000,50.5457245,-5.0200474,19.2,0.000
2026-09-14,14:20:56.000,50.5457245,-5.0200474,19.2,0.000
2026-09-14,14:21:01.000,50.5457245,-5.0200474,19.2,0.000
2026-09-14,14:21:06.000,50.5457245,-5.0200474,19.2,0.000
2026-09-14,14:21:11.000,50.5457245,-5.0200474,19.0,0.000
2026-09-14,14:21:16.000,50.5457245,-5.0200474,19.2,0.000
2026-09-14,14:21:21.000,50.5457245,-5.0200474,19.2,0.000
2026-09-14,14:21:26.000,50.5457245,-5.0200474,19.2,0.000
2026-09-14,14:21:31.000,50.5457245,-5.0200474,19.2,0.000
2026-09-14,14:21:36.000,50.5457245,-5.0200474,19.2,0.000
2026-09-14,14:21:41.000,50.5457245,-5.0200474,19.2,0.000
2026-09-14,14:21:46.000,50.5457245,-5.0200474,19.0,0.000
2026-09-14,14:21:51.000,50.5457245,-5.0200474,19.0,0.000
2026-09-14,14:21:56.000,50.5457287,-5.0200328,19.0,0.000
2026-09-14,14:22:01.000,50.5457308,-5.0200265,18.6,0.000
2026-09-14,14:22:06.000,50.5457308,-5.0200265,18.6,0.000
2026-09-14,14:22:11.000,50.5457308,-5.0200265,18.8,0.000
2026-09-14,14:22:16.000,50.5457308,-5.0200265,18.8,0.000
2026-09-14,14:22:21.000,50.5457167,-5.0200079,18.8,0.000
2026-09-14,14:22:26.000,50.5457167,-5.0200079,18.6,0.000
2026-09-14,14:22:31.000,50.5457167,-5.0200079,18.8,0.000
2026-09-14,14:22:36.000,50.5457167,-5.0200079,18.8,0.000
2026-09-14,14:22:41.000,50.5457137,-5.0199936,18.8,0.000
2026-09-14,14:22:46.000,50.5456908,-5.0199494,18.6,0.000
2026-09-14,14:22:51.000,50.5456834,-5.0199144,18.4,0.000
2026-09-14,14:22:56.000,50.5456712,-5.0198751,18.0,0.000
2026-09-14,14:23:01.000,50.5456334,-5.0198239,17.8,0.457
2026-09-14,14:23:06.000,50.5455973,-5.0197706,17.8,1.036
2026-09-14,14:23:11.000,50.5455387,-5.0197385,18.2,1.418
2026-09-14,14:23:16.000,50.5454933,-5.0196892,17.6,1.418
2026-09-14,14:23:21.000,50.5454695,-5.0196354,17.2,1.306
2026-09-14,14:23:26.000,50.5454703,-5.0196362,17.4,0.000
2026-09-14,14:23:31.000,50.5454703,-5.0196362,17.4,0.000
2026-09-14,14:23:36.000,50.5454703,-5.0196362,17.4,0.000
2026-09-14,14:23:41.000,50.5454703,-5.0196362,17.6,0.000
2026-09-14,14:23:46.000,50.5454703,-5.0196362,17.6,0.000
2026-09-14,14:23:51.000,50.5454515,-5.0196239,17.4,0.000
2026-09-14,14:23:56.000,50.5454168,-5.0196398,17.0,0.000
2026-09-14,14:24:01.000,50.5453685,-5.0196035,17.4,0.914
2026-09-14,14:24:06.000,50.5453275,-5.0195504,17.2,1.250
2026-09-14,14:24:11.000,50.5452874,-5.0194916,17.0,1.316
2026-09-14,14:24:16.000,50.5452586,-5.0194479,17.0,1.064
2026-09-14,14:24:21.000,50.5452578,-5.0194505,17.4,0.000
2026-09-14,14:24:26.000,50.5452227,-5.0194008,17.2,0.644
2026-09-14,14:24:31.000,50.5451940,-5.0193239,16.8,1.344
2026-09-14,14:24:36.000,50.5451618,-5.0192529,16.8,1.325
2026-09-14,14:24:41.000,50.5451325,-5.0191744,16.6,1.325
2026-09-14,14:24:46.000,50.5451356,-5.0190960,16.6,1.306
2026-09-14,14:24:51.000,50.5451403,-5.0190301,16.2,1.269
2026-09-14,14:24:56.000,50.5451188,-5.0189463,16.0,1.297
2026-09-14,14:25:01.000,50.5450923,-5.0188732,16.0,1.316
2026-09-14,14:25:06.000,50.5450565,-5.0188041,16.4,1.288
2026-09-14,14:25:11.000,50.5450096,-5.0187986,15.6,1.306
2026-09-14,14:25:16.000,50.5449594,-5.0187837,17.0,1.260
2026-09-14,14:25:21.000,50.5449010,-5.0187768,17.6,1.269
2026-09-14,14:25:26.000,50.5448453,-5.0187858,17.8,1.297
2026-09-14,14:25:31.000,50.5447969,-5.0187887,18.0,1.250
2026-09-14,14:25:36.000,50.5447262,-5.0187920,18.0,1.278
2026-09-14,14:25:41.000,50.5446766,-5.0187509,18.0,1.297
2026-09-14,14:25:46.000,50.5446433,-5.0186780,17.4,1.353
2026-09-14,14:25:51.000,50.5445984,-5.0186193,17.4,1.316
2026-09-14,14:25:56.000,50.5445441,-5.0185629,18.2,1.306
2026-09-14,14:26:01.000,50.5445378,-5.0184644,18.2,1.390
2026-09-14,14:26:06.000,50.5445060,-5.0184178,18.4,1.260
2026-09-14,14:26:11.000,50.5445082,-5.0183803,18.2,1.064
2026-09-14,14:26:16.000,50.5444900,-5.0182871,17.6,1.269
2026-09-14,14:26:21.000,50.5444774,-5.0182004,18.0,1.269
2026-09-14,14:26:26.000,50.5444604,-5.0181154,18.0,1.250
2026-09-14,14:26:31.000,50.5444523,-5.0180264,18.0,1.269
2026-09-14,14:26:36.000,50.5444352,-5.0179361,17.8,1.297
2026-09-14,14:26:41.000,50.5444166,-5.0178467,17.8,1.288
2026-09-14,14:26:46.000,50.5443995,-5.0177631,17.8,1.297
2026-09-14,14:26:51.000,50.5443912,-5.0177257,17.6,1.241
2026-09-14,14:26:56.000,50.5443912,-5.0177288,17.2,0.000
2026-09-14,14:27:01.000,50.5443912,-5.0177288,17.2,0.000
2026-09-14,14:27:06.000,50.5443912,-5.0177288,17.0,0.000
2026-09-14,14:27:11.000,50.5443886,-5.0177278,17.6,0.000
2026-09-14,14:27:16.000,50.5443912,-5.0177288,17.0,0.000
2026-09-14,14:27:21.000,50.5443891,-5.0176807,17.4,0.000
2026-09-14,14:27:26.000,50.5443636,-5.0175761,17.8,1.428
2026-09-14,14:27:31.000,50.5443539,-5.0174829,17.8,1.306
2026-09-14,14:27:36.000,50.5443383,-5.0173761,17.6,1.456
2026-09-14,14:27:41.000,50.5443233,-5.0172813,17.8,1.418
2026-09-14,14:27:46.000,50.5443044,-5.0171854,17.8,1.465
2026-09-14,14:27:51.000,50.5442896,-5.0171000,17.6,1.344
2026-09-14,14:27:56.000,50.5442690,-5.0169933,18.0,1.446
2026-09-14,14:28:01.000,50.5442567,-5.0169089,18.2,1.372
2026-09-14,14:28:06.000,50.5442394,-5.0168244,18.2,1.372
2026-09-14,14:28:11.000,50.5442230,-5.0167449,18.0,1.306
2026-09-14,14:28:16.000,50.5442113,-5.0166611,18.0,1.269
2026-09-14,14:28:21.000,50.5441933,-5.0165701,18.6,1.278
2026-09-14,14:28:26.000,50.5441813,-5.0164794,19.2,1.232
2026-09-14,14:28:31.000,50.5441406,-5.0164173,19.8,1.269
2026-09-14,14:28:36.000,50.5440938,-5.0163667,19.6,1.288
2026-09-14,14:28:41.000,50.5440635,-5.0163151,19.2,1.194
2026-09-14,14:28:46.000,50.5440633,-5.0163238,20.0,0.000
2026-09-14,14:28:51.000,50.5440607,-5.0163181,19.8,0.000
2026-09-14,14:28:56.000,50.5440633,-5.0163238,19.8,0.000
2026-09-14,14:29:01.000,50.5440633,-5.0163238,19.8,0.000
2026-09-14,14:29:06.000,50.5440633,-5.0163238,19.8,0.000
2026-09-14,14:29:11.000,50.5440633,-5.0163238,19.8,0.000
2026-09-14,14:29:16.000,50.5440633,-5.0163238,20.0,0.000
2026-09-14,14:29:21.000,50.5440633,-5.0163238,19.4,0.000
2026-09-14,14:29:26.000,50.5440633,-5.0163238,19.6,0.000
2026-09-14,14:29:31.000,50.5440633,-5.0163238,19.6,0.000
2026-09-14,14:29:36.000,50.5440633,-5.0163238,19.6,0.000
2026-09-14,14:29:41.000,50.5440633,-5.0163238,19.6,0.000
2026-09-14,14:29:46.000,50.5440633,-5.0163238,19.4,0.000
2026-09-14,14:29:51.000,50.5440633,-5.0163238,19.6,0.000
2026-09-14,14:29:56.000,50.5440633,-5.0163238,19.6,0.000
2026-09-14,14:30:01.000,50.5440633,-5.0163238,19.6,0.000
2026-09-14,14:30:06.000,50.5440633,-5.0163238,19.6,0.000
2026-09-14,14:30:11.000,50.5440633,-5.0163238,19.4,0.000
2026-09-14,14:30:16.000,50.5440633,-5.0163238,19.4,0.000
2026-09-14,14:30:21.000,50.5440633,-5.0163238,19.4,0.000
2026-09-14,14:30:26.000,50.5440632,-5.0163162,19.6,0.000
2026-09-14,14:30:31.000,50.5440167,-5.0162956,20.2,0.364
2026-09-14,14:30:36.000,50.5439732,-5.0162323,20.2,1.334
2026-09-14,14:30:41.000,50.5439321,-5.0161876,20.6,1.250
2026-09-14,14:30:46.000,50.5438893,-5.0161448,20.6,1.222
2026-09-14,14:30:51.000,50.5438324,-5.0160746,21.2,1.344
2026-09-14,14:30:56.000,50.5437916,-5.0160142,21.4,1.316
2026-09-14,14:31:01.000,50.5437404,-5.0159630,21.4,1.428
2026-09-14,14:31:06.000,50.5436881,-5.0159615,22.0,1.306
2026-09-14,14:31:11.000,50.5436117,-5.0159534,22.4,1.390
2026-09-14,14:31:16.000,50.5435520,-5.0159533,23.0,1.372
2026-09-14,14:31:21.000,50.5435118,-5.0159287,22.8,1.316
2026-09-14,14:31:26.000,50.5435068,-5.0159081,22.0,0.989
2026-09-14,14:31:31.000,50.5435078,-5.0159060,22.0,0.000
2026-09-14,14:31:36.000,50.5434621,-5.0158938,22.0,0.000
2026-09-14,14:31:41.000,50.5434564,-5.0158811,21.4,0.551
2026-09-14,14:31:46.000,50.5435088,-5.0158610,20.4,1.306
2026-09-14,14:31:51.000,50.5435514,-5.0158408,19.8,1.241
2026-09-14,14:31:56.000,50.5435831,-5.0158181,18.8,1.138
2026-09-14,14:32:01.000,50.5435834,-5.0157962,19.2,0.980
2026-09-14,14:32:06.000,50.5436030,-5.0157758,20.0,0.606
2026-09-14,14:32:11.000,50.5436424,-5.0157625,20.6,0.849
2026-09-14,14:32:16.000,50.5436950,-5.0157429,20.4,1.092
2026-09-14,14:32:21.000,50.5437516,-5.0157029,20.2,1.148
2026-09-14,14:32:26.000,50.5437909,-5.0156385,20.6,1.185
2026-09-14,14:32:31.000,50.5438216,-5.0155653,20.6,1.232
2026-09-14,14:32:36.000,50.5438389,-5.0154897,20.4,1.232
2026-09-14,14:32:41.000,50.5438604,-5.0154080,20.4,1.278
2026-09-14,14:32:46.000,50.5438628,-5.0153169,20.6,1.288
2026-09-14,14:32:51.000,50.5438525,-5.0152453,20.6,1.250
2026-09-14,14:32:56.000,50.5438296,-5.0151729,20.6,1.241
2026-09-14,14:33:01.000,50.5437978,-5.0150962,20.4,1.241
2026-09-14,14:33:06.000,50.5437735,-5.0150191,21.2,1.222
2026-09-14,14:33:11.000,50.5437894,-5.0149307,21.4,1.232
2026-09-14,14:33:16.000,50.5438213,-5.0148631,21.0,1.250
2026-09-14,14:33:21.000,50.5438628,-5.0148007,21.2,1.250
2026-09-14,14:33:26.000,50.5439146,-5.0147497,21.4,1.260
2026-09-14,14:33:31.000,50.5439733,-5.0147062,21.4,1.297
2026-09-14,14:33:36.000,50.5440136,-5.0146548,21.0,1.288
2026-09-14,14:33:41.000,50.5440637,-5.0146003,20.8,1.297
2026-09-14,14:33:46.000,50.5441228,-5.0145346,21.2,1.334
2026-09-14,14:33:51.000,50.5441554,-5.0144802,20.2,1.334
2026-09-14,14:33:56.000,50.5442108,-5.0144064,21.0,1.344
2026-09-14,14:34:01.000,50.5442544,-5.0143488,20.8,1.344
2026-09-14,14:34:06.000,50.5443114,-5.0142837,20.4,1.372
2026-09-14,14:34:11.000,50.5443530,-5.0142240,19.6,1.372
2026-09-14,14:34:16.000,50.5443823,-5.0141223,19.4,1.390
2026-09-14,14:34:21.000,50.5443974,-5.0140463,19.2,1.353
2026-09-14,14:34:26.000,50.5444165,-5.0139695,18.2,1.278
2026-09-14,14:34:31.000,50.5444280,-5.0139262,17.2,1.138
2026-09-14,14:34:36.000,50.5444316,-5.0138586,16.6,1.101
2026-09-14,14:34:41.000,50.5444362,-5.0138011,15.8,0.961
2026-09-14,14:34:46.000,50.5444441,-5.0137452,14.4,0.914
2026-09-14,14:34:51.000,50.5444607,-5.0137118,13.4,0.840
2026-09-14,14:34:56.000,50.5444895,-5.0137018,12.2,0.756
2026-09-14,14:35:01.000,50.5445445,-5.0136579,12.0,0.914
2026-09-14,14:35:06.000,50.5445961,-5.0136619,12.4,0.980
2026-09-14,14:35:11.000,50.5446398,-5.0136759,13.2,1.017
2026-09-14,14:35:16.000,50.5446445,-5.0136320,13.6,0.802
2026-09-14,14:35:21.000,50.5446507,-5.0135826,15.2,0.728
2026-09-14,14:35:26.000,50.5446647,-5.0135433,16.4,0.765
2026-09-14,14:35:31.000,50.5446986,-5.0134807,17.4,0.914
2026-09-14,14:35:36.000,50.5447097,-5.0134475,18.2,0.634
2026-09-14,14:35:41.000,50.5447149,-5.0134422,18.4,0.000
2026-09-14,14:35:46.000,50.5447352,-5.0133692,18.8,0.858
2026-09-14,14:35:51.000,50.5447527,-5.0132997,19.6,1.017
2026-09-14,14:35:56.000,50.5447684,-5.0132494,20.2,0.924
2026-09-14,14:36:01.000,50.5447825,-5.0131877,20.8,0.886
2026-09-14,14:36:06.000,50.5447994,-5.0131208,21.4,0.942
2026-09-14,14:36:11.000,50.5448085,-5.0130658,22.2,0.924
2026-09-14,14:36:16.000,50.5448247,-5.0129861,22.0,0.998
2026-09-14,14:36:21.000,50.5448304,-5.0129093,22.2,1.054
2026-09-14,14:36:26.000,50.5448382,-5.0128420,23.2,1.017
2026-09-14,14:36:31.000,50.5448543,-5.0127720,24.2,1.026
2026-09-14,14:36:36.000,50.5448704,-5.0126926,25.0,1.054
2026-09-14,14:36:41.000,50.5448670,-5.0126168,25.6,1.064
2026-09-14,14:36:46.000,50.5448754,-5.0125487,26.4,1.054
2026-09-14,14:36:51.000,50.5448715,-5.0125291,26.4,0.961
2026-09-14,14:36:56.000,50.5448737,-5.0125285,25.6,0.000
2026-09-14,14:37:01.000,50.5448737,-5.0125285,25.8,0.000
2026-09-14,14:37:06.000,50.5448737,-5.0125285,25.8,0.000
2026-09-14,14:37:11.000,50.5448737,-5.0125285,25.8,0.000
2026-09-14,14:37:16.000,50.5448737,-5.0125285,25.6,0.000
2026-09-14,14:37:21.000,50.5448737,-5.0125285,25.6,0.000
2026-09-14,14:37:26.000,50.5448737,-5.0125285,25.8,0.000
2026-09-14,14:37:31.000,50.5448737,-5.0125285,25.8,0.000
2026-09-14,14:37:36.000,50.5448737,-5.0125285,25.8,0.000
2026-09-14,14:37:41.000,50.5448737,-5.0125285,25.6,0.000
2026-09-14,14:37:46.000,50.5448737,-5.0125285,25.6,0.000
2026-09-14,14:37:51.000,50.5448737,-5.0125285,25.6,0.000
2026-09-14,14:37:56.000,50.5448737,-5.0125285,25.6,0.000
2026-09-14,14:38:01.000,50.5448737,-5.0125285,25.6,0.000
2026-09-14,14:38:06.000,50.5448737,-5.0125285,25.4,0.000
2026-09-14,14:38:11.000,50.5448737,-5.0125285,25.2,0.000
2026-09-14,14:38:16.000,50.5448737,-5.0125285,25.4,0.000
2026-09-14,14:38:21.000,50.5448737,-5.0125285,25.4,0.000
2026-09-14,14:38:26.000,50.5448737,-5.0125285,25.2,0.000
2026-09-14,14:38:31.000,50.5448737,-5.0125285,25.4,0.000
2026-09-14,14:38:36.000,50.5448737,-5.0125285,25.4,0.000
2026-09-14,14:38:41.000,50.5448737,-5.0125285,25.4,0.000
2026-09-14,14:38:46.000,50.5448737,-5.0125285,25.4,0.000
2026-09-14,14:38:51.000,50.5448737,-5.0125285,25.4,0.000
2026-09-14,14:38:56.000,50.5448737,-5.0125285,25.2,0.000
2026-09-14,14:39:01.000,50.5448737,-5.0125285,25.0,0.000
2026-09-14,14:39:06.000,50.5448737,-5.0125285,25.2,0.000
2026-09-14,14:39:11.000,50.5448737,-5.0125285,25.2,0.000
2026-09-14,14:39:16.000,50.5448737,-5.0125285,25.2,0.000
2026-09-14,14:39:21.000,50.5448737,-5.0125285,25.2,0.000
2026-09-14,14:39:26.000,50.5448737,-5.0125285,25.0,0.000
2026-09-14,14:39:31.000,50.5448737,-5.0125285,25.0,0.000
2026-09-14,14:39:36.000,50.5448737,-5.0125285,25.0,0.000
2026-09-14,14:39:41.000,50.5448737,-5.0125285,25.0,0.000
2026-09-14,14:39:46.000,50.5448737,-5.0125285,25.0,0.000
2026-09-14,14:39:51.000,50.5448737,-5.0125285,24.8,0.000
2026-09-14,14:39:56.000,50.5448737,-5.0125285,25.0,0.000
2026-09-14,14:40:01.000,50.5448737,-5.0125285,25.0,0.000
2026-09-14,14:40:06.000,50.5448737,-5.0125285,24.8,0.000
2026-09-14,14:40:11.000,50.5448737,-5.0125285,24.8,0.000
2026-09-14,14:40:16.000,50.5448737,-5.0125285,24.8,0.000
2026-09-14,14:40:21.000,50.5448737,-5.0125285,24.8,0.000
2026-09-14,14:40:26.000,50.5448737,-5.0125285,24.8,0.000
2026-09-14,14:40:31.000,50.5448737,-5.0125285,24.8,0.000
2026-09-14,14:40:36.000,50.5448737,-5.0125285,24.8,0.000
2026-09-14,14:40:41.000,50.5448737,-5.0125285,24.8,0.000
2026-09-14,14:40:46.000,50.5448737,-5.0125285,24.6,0.000
2026-09-14,14:40:51.000,50.5448737,-5.0125285,24.8,0.000
2026-09-14,14:40:56.000,50.5448737,-5.0125285,24.8,0.000
2026-09-14,14:41:01.000,50.5448737,-5.0125285,24.8,0.000
2026-09-14,14:41:06.000,50.5448737,-5.0125285,24.6,0.000
2026-09-14,14:41:11.000,50.5448737,-5.0125285,25.2,0.000
2026-09-14,14:41:16.000,50.5448737,-5.0125285,25.0,0.000
2026-09-14,14:41:21.000,50.5448737,-5.0125285,24.6,0.000
2026-09-14,14:41:26.000,50.5448737,-5.0125285,24.6,0.000
2026-09-14,14:41:31.000,50.5448737,-5.0125285,24.8,0.000
2026-09-14,14:41:36.000,50.5448737,-5.0125285,24.8,0.000
2026-09-14,14:41:41.000,50.5448737,-5.0125285,24.6,0.000
2026-09-14,14:41:46.000,50.5448737,-5.0125285,24.6,0.000
2026-09-14,14:41:51.000,50.5448737,-5.0125285,24.6,0.000
2026-09-14,14:41:56.000,50.5448737,-5.0125285,24.6,0.000
2026-09-14,14:42:01.000,50.5448737,-5.0125285,24.6,0.000
2026-09-14,14:42:06.000,50.5448737,-5.0125285,24.4,0.000
2026-09-14,14:42:11.000,50.5448737,-5.0125285,24.4,0.000
2026-09-14,14:42:16.000,50.5448737,-5.0125285,24.2,0.000
2026-09-14,14:42:21.000,50.5448737,-5.0125285,24.2,0.000
2026-09-14,14:42:26.000,50.5448737,-5.0125285,24.2,0.000
2026-09-14,14:42:31.000,50.5448737,-5.0125285,24.0,0.000
2026-09-14,14:42:36.000,50.5448737,-5.0125285,24.2,0.000
2026-09-14,14:42:41.000,50.5448737,-5.0125285,24.2,0.000
2026-09-14,14:42:46.000,50.5448737,-5.0125285,24.2,0.000
2026-09-14,14:42:51.000,50.5448737,-5.0125285,24.0,0.000
2026-09-14,14:42:56.000,50.5448737,-5.0125285,23.8,0.000
2026-09-14,14:43:01.000,50.5448737,-5.0125285,23.8,0.000
2026-09-14,14:43:06.000,50.5448736,-5.0125285,23.8,0.000
2026-09-14,14:43:11.000,50.5448736,-5.0125285,23.6,0.000
2026-09-14,14:43:16.000,50.5448736,-5.0125285,23.8,0.000
2026-09-14,14:43:21.000,50.5448736,-5.0125285,23.8,0.000
2026-09-14,14:43:26.000,50.5448737,-5.0125285,23.8,0.000
2026-09-14,14:43:31.000,50.5448737,-5.0125285,24.0,0.000
2026-09-14,14:43:36.000,50.5448737,-5.0125285,23.8,0.000
2026-09-14,14:43:41.000,50.5448737,-5.0125285,23.8,0.000
2026-09-14,14:43:46.000,50.5448737,-5.0125285,23.6,0.000
2026-09-14,14:43:51.000,50.5448737,-5.0125285,23.8,0.000
2026-09-14,14:43:56.000,50.5448737,-5.0125285,23.6,0.000
2026-09-14,14:44:01.000,50.5448737,-5.0125285,23.8,0.000
2026-09-14,14:44:06.000,50.5448737,-5.0125285,23.6,0.000
2026-09-14,14:44:11.000,50.5448737,-5.0125285,23.6,0.000
2026-09-14,14:44:16.000,50.5448737,-5.0125285,23.8,0.000
2026-09-14,14:44:21.000,50.5448737,-5.0125285,23.8,0.000
2026-09-14,14:44:26.000,50.5448737,-5.0125285,23.4,0.000
2026-09-14,14:44:31.000,50.5448764,-5.0125361,23.2,0.000
2026-09-14,14:44:36.000,50.5448737,-5.0125285,24.2,0.000
2026-09-14,14:44:41.000,50.5448828,-5.0125389,23.8,0.000
2026-09-14,14:44:46.000,50.5448737,-5.0125285,24.0,0.000
2026-09-14,14:44:51.000,50.5448563,-5.0124836,24.6,0.000
2026-09-14,14:44:56.000,50.5448525,-5.0124239,25.0,0.821
2026-09-14,14:45:01.000,50.5448494,-5.0123690,25.8,0.896
2026-09-14,14:45:06.000,50.5448338,-5.0123193,26.8,0.886
2026-09-14,14:45:11.000,50.5448370,-5.0122402,26.8,1.008
2026-09-14,14:45:16.000,50.5448377,-5.0121539,26.4,1.129
2026-09-14,14:45:21.000,50.5448361,-5.0120762,26.0,1.204
2026-09-14,14:45:26.000,50.5448309,-5.0119840,26.6,1.250
2026-09-14,14:45:31.000,50.5448282,-5.0119033,27.0,1.241
2026-09-14,14:45:36.000,50.5448268,-5.0118226,27.6,1.185
2026-09-14,14:45:41.000,50.5448242,-5.0117355,28.2,1.213
2026-09-14,14:45:46.000,50.5448188,-5.0116653,28.4,1.194
2026-09-14,14:45:51.000,50.5448134,-5.0115825,28.2,1.185
2026-09-14,14:45:56.000,50.5448097,-5.0114989,27.4,1.241
2026-09-14,14:46:01.000,50.5448182,-5.0114004,27.2,1.306
2026-09-14,14:46:06.000,50.5448247,-5.0113123,26.8,1.297
2026-09-14,14:46:11.000,50.5448361,-5.0112268,27.0,1.316
2026-09-14,14:46:16.000,50.5448555,-5.0111481,27.0,1.306
2026-09-14,14:46:21.000,50.5448596,-5.0110590,27.4,1.288
2026-09-14,14:46:26.000,50.5448843,-5.0109752,27.2,1.288
2026-09-14,14:46:31.000,50.5449002,-5.0108975,27.4,1.269
2026-09-14,14:46:36.000,50.5448701,-5.0108458,27.6,1.157
2026-09-14,14:46:41.000,50.5448389,-5.0107863,27.4,1.129
2026-09-14,14:46:46.000,50.5447952,-5.0107600,27.2,1.148
2026-09-14,14:46:51.000,50.5447460,-5.0106957,26.6,1.241
2026-09-14,14:46:56.000,50.5447046,-5.0106373,26.4,1.232
2026-09-14,14:47:01.000,50.5446631,-5.0105785,26.2,1.232
2026-09-14,14:47:06.000,50.5446507,-5.0104980,26.0,1.241
2026-09-14,14:47:11.000,50.5446485,-5.0103998,25.4,1.232
2026-09-14,14:47:16.000,50.5446580,-5.0103402,25.6,1.213
2026-09-14,14:47:21.000,50.5446781,-5.0102633,25.8,1.176
2026-09-14,14:47:26.000,50.5446984,-5.0101857,26.2,1.176
2026-09-14,14:47:31.000,50.5446931,-5.0101656,26.6,1.036
2026-09-14,14:47:36.000,50.5446931,-5.0101656,26.4,0.000
2026-09-14,14:47:41.000,50.5446931,-5.0101656,26.4,0.000
2026-09-14,14:47:46.000,50.5446931,-5.0101656,26.4,0.000
2026-09-14,14:47:51.000,50.5446931,-5.0101656,26.4,0.000
2026-09-14,14:47:56.000,50.5446931,-5.0101656,26.6,0.000
2026-09-14,14:48:01.000,50.5447119,-5.0101291,26.8,0.000
2026-09-14,14:48:06.000,50.5447401,-5.0100387,27.2,1.213
2026-09-14,14:48:11.000,50.5447649,-5.0099572,27.6,1.288
2026-09-14,14:48:16.000,50.5447844,-5.0098634,27.6,1.334
2026-09-14,14:48:21.000,50.5448176,-5.0097723,27.6,1.353
2026-09-14,14:48:26.000,50.5448446,-5.0096808,27.6,1.409
2026-09-14,14:48:31.000,50.5448771,-5.0096000,27.8,1.353
2026-09-14,14:48:36.000,50.5449112,-5.0095160,27.4,1.400
2026-09-14,14:48:41.000,50.5449397,-5.0094259,27.6,1.381
2026-09-14,14:48:46.000,50.5449585,-5.0093815,27.4,1.260
2026-09-14,14:48:51.000,50.5449884,-5.0093600,27.2,0.933
2026-09-14,14:48:56.000,50.5449895,-5.0093593,27.0,0.000
2026-09-14,14:49:01.000,50.5449895,-5.0093593,27.0,0.000
2026-09-14,14:49:06.000,50.5449895,-5.0093593,26.8,0.000
2026-09-14,14:49:11.000,50.5449895,-5.0093593,27.2,0.000
2026-09-14,14:49:16.000,50.5449895,-5.0093593,26.2,0.000
2026-09-14,14:49:21.000,50.5449895,-5.0093593,26.2,0.373
2026-09-14,14:49:26.000,50.5449895,-5.0093593,26.2,0.000
2026-09-14,14:49:31.000,50.5449810,-5.0093759,26.4,0.000
2026-09-14,14:49:36.000,50.5449745,-5.0093787,26.4,0.000
2026-09-14,14:49:41.000,50.5449745,-5.0093787,26.2,0.000
2026-09-14,14:49:46.000,50.5449745,-5.0093787,26.8,0.000
2026-09-14,14:49:51.000,50.5449745,-5.0093787,26.4,0.000
2026-09-14,14:49:56.000,50.5449745,-5.0093787,26.6,0.000
2026-09-14,14:50:01.000,50.5449745,-5.0093787,26.6,0.000
2026-09-14,14:50:06.000,50.5449745,-5.0093787,26.6,0.000
2026-09-14,14:50:11.000,50.5449817,-5.0093780,26.4,0.000
2026-09-14,14:50:16.000,50.5449745,-5.0093787,26.4,0.000
2026-09-14,14:50:21.000,50.5449745,-5.0093787,26.6,0.000
2026-09-14,14:50:26.000,50.5449745,-5.0093787,26.4,0.000
2026-09-14,14:50:31.000,50.5449745,-5.0093787,26.4,0.000
2026-09-14,14:50:36.000,50.5449745,-5.0093787,26.6,0.000
2026-09-14,14:50:41.000,50.5449745,-5.0093787,26.6,0.000
2026-09-14,14:50:46.000,50.5449745,-5.0093787,26.4,0.000
2026-09-14,14:50:51.000,50.5449745,-5.0093787,26.4,0.000
2026-09-14,14:50:56.000,50.5449745,-5.0093787,26.4,0.000
2026-09-14,14:51:01.000,50.5449745,-5.0093787,26.8,0.000
2026-09-14,14:51:06.000,50.5449745,-5.0093787,26.8,0.000
2026-09-14,14:51:11.000,50.5449745,-5.0093787,26.6,0.000
2026-09-14,14:51:16.000,50.5449745,-5.0093787,26.8,0.000
2026-09-14,14:51:21.000,50.5449745,-5.0093787,26.8,0.000
2026-09-14,14:51:26.000,50.5449745,-5.0093787,27.0,0.000
2026-09-14,14:51:31.000,50.5449745,-5.0093787,27.2,0.000
2026-09-14,14:51:36.000,50.5449745,-5.0093787,26.6,0.000
2026-09-14,14:51:41.000,50.5449745,-5.0093787,27.0,0.000
2026-09-14,14:51:46.000,50.5449745,-5.0093787,27.0,0.000
2026-09-14,14:51:51.000,50.5449745,-5.0093787,27.2,0.000
2026-09-14,14:51:56.000,50.5449745,-5.0093787,27.4,0.000
2026-09-14,14:52:01.000,50.5449745,-5.0093787,27.0,0.000
2026-09-14,14:52:06.000,50.5449745,-5.0093787,27.0,0.000
2026-09-14,14:52:11.000,50.5449745,-5.0093787,27.0,0.000
2026-09-14,14:52:16.000,50.5449745,-5.0093787,27.0,0.000
2026-09-14,14:52:21.000,50.5449745,-5.0093787,27.2,0.000
2026-09-14,14:52:26.000,50.5449745,-5.0093787,27.0,0.000
2026-09-14,14:52:31.000,50.5449745,-5.0093787,27.0,0.000
2026-09-14,14:52:36.000,50.5449745,-5.0093787,27.0,0.000
2026-09-14,14:52:41.000,50.5449745,-5.0093787,27.0,0.000
2026-09-14,14:52:46.000,50.5449745,-5.0093787,27.2,0.000
2026-09-14,14:52:51.000,50.5449745,-5.0093787,27.2,0.000
2026-09-14,14:52:56.000,50.5449745,-5.0093787,27.2,0.000
2026-09-14,14:53:01.000,50.5449745,-5.0093787,27.2,0.000
2026-09-14,14:53:06.000,50.5449745,-5.0093787,27.0,0.000
2026-09-14,14:53:11.000,50.5449745,-5.0093787,27.0,0.000
2026-09-14,14:53:16.000,50.5449745,-5.0093787,27.0,0.000
2026-09-14,14:53:21.000,50.5449745,-5.0093787,27.2,0.000
2026-09-14,14:53:26.000,50.5449745,-5.0093787,27.2,0.000
2026-09-14,14:53:31.000,50.5449745,-5.0093787,27.0,0.000
2026-09-14,14:53:36.000,50.5449745,-5.0093787,27.0,0.000
2026-09-14,14:53:41.000,50.5449745,-5.0093787,27.0,0.000
2026-09-14,14:53:46.000,50.5449745,-5.0093787,27.0,0.000
2026-09-14,14:53:51.000,50.5449745,-5.0093787,27.2,0.000
2026-09-14,14:53:56.000,50.5449824,-5.0093807,27.2,0.000
2026-09-14,14:54:01.000,50.5449878,-5.0093721,27.6,0.000
2026-09-14,14:54:06.000,50.5449745,-5.0093787,27.6,0.000
2026-09-14,14:54:11.000,50.5449745,-5.0093787,27.6,0.000
2026-09-14,14:54:16.000,50.5449838,-5.0093630,27.6,0.000
2026-09-14,14:54:21.000,50.5449838,-5.0093630,27.8,0.000
2026-09-14,14:54:26.000,50.5449885,-5.0093524,27.6,0.690
2026-09-14,14:54:31.000,50.5449838,-5.0093630,28.6,0.000
2026-09-14,14:54:36.000,50.5449838,-5.0093630,27.8,0.000
2026-09-14,14:54:41.000,50.5449838,-5.0093630,27.8,0.000
2026-09-14,14:54:46.000,50.5449838,-5.0093630,28.6,0.000
2026-09-14,14:54:51.000,50.5449838,-5.0093630,28.2,0.000
2026-09-14,14:54:56.000,50.5449827,-5.0093677,28.8,0.000
2026-09-14,14:55:01.000,50.5449859,-5.0092815,28.4,1.446
2026-09-14,14:55:06.000,50.5450116,-5.0092064,28.4,1.241
2026-09-14,14:55:11.000,50.5450280,-5.0091136,28.2,1.372
2026-09-14,14:55:16.000,50.5450547,-5.0090356,28.4,1.353
2026-09-14,14:55:21.000,50.5450694,-5.0089444,28.8,1.409
2026-09-14,14:55:26.000,50.5450999,-5.0088547,27.6,1.372
2026-09-14,14:55:31.000,50.5451194,-5.0087735,28.6,1.353
2026-09-14,14:55:36.000,50.5451445,-5.0086776,28.6,1.390
2026-09-14,14:55:41.000,50.5451712,-5.0085991,28.8,1.390
2026-09-14,14:55:46.000,50.5451994,-5.0085177,29.0,1.381
2026-09-14,14:55:51.000,50.5452175,-5.0084287,29.4,1.390
2026-09-14,14:55:56.000,50.5452220,-5.0083403,29.8,1.381
2026-09-14,14:56:01.000,50.5452374,-5.0082461,30.0,1.362
2026-09-14,14:56:06.000,50.5452666,-5.0081700,30.8,1.362
2026-09-14,14:56:11.000,50.5452901,-5.0080824,30.4,1.362
2026-09-14,14:56:16.000,50.5453110,-5.0079945,29.4,1.353
2026-09-14,14:56:21.000,50.5453294,-5.0078955,29.8,1.372
2026-09-14,14:56:26.000,50.5453407,-5.0077981,29.6,1.428
2026-09-14,14:56:31.000,50.5453511,-5.0077171,30.4,1.362
2026-09-14,14:56:36.000,50.5453486,-5.0076209,30.8,1.353
2026-09-14,14:56:41.000,50.5453535,-5.0075289,30.8,1.325
2026-09-14,14:56:46.000,50.5453700,-5.0074315,31.2,1.344
2026-09-14,14:56:51.000,50.5453902,-5.0073472,31.8,1.362
2026-09-14,14:56:56.000,50.5454090,-5.0072516,31.2,1.372
2026-09-14,14:57:01.000,50.5454307,-5.0071697,31.8,1.353
2026-09-14,14:57:06.000,50.5454591,-5.0070729,32.0,1.372
2026-09-14,14:57:11.000,50.5454800,-5.0069849,32.0,1.353
2026-09-14,14:57:16.000,50.5455095,-5.0068963,32.2,1.362
2026-09-14,14:57:21.000,50.5455353,-5.0068195,32.4,1.362
2026-09-14,14:57:26.000,50.5455629,-5.0067421,31.8,1.344
2026-09-14,14:57:31.000,50.5455959,-5.0066389,31.4,1.362
2026-09-14,14:57:36.000,50.5456201,-5.0065549,31.2,1.362
2026-09-14,14:57:41.000,50.5456361,-5.0064480,31.2,1.381
2026-09-14,14:57:46.000,50.5456512,-5.0063596,31.0,1.381
2026-09-14,14:57:51.000,50.5456722,-5.0062635,31.0,1.390
2026-09-14,14:57:56.000,50.5456971,-5.0061797,30.8,1.372
2026-09-14,14:58:01.000,50.5457219,-5.0060871,30.8,1.390
2026-09-14,14:58:06.000,50.5457525,-5.0059963,30.6,1.390
2026-09-14,14:58:11.000,50.5457793,-5.0059137,30.2,1.390
2026-09-14,14:58:16.000,50.5458051,-5.0058229,29.8,1.400
2026-09-14,14:58:21.000,50.5458249,-5.0057473,29.6,1.390
2026-09-14,14:58:26.000,50.5458629,-5.0056601,29.6,1.372
2026-09-14,14:58:31.000,50.5459080,-5.0055938,29.4,1.372
2026-09-14,14:58:36.000,50.5459417,-5.0055173,29.8,1.390
2026-09-14,14:58:41.000,50.5459631,-5.0054291,29.6,1.400
2026-09-14,14:58:46.000,50.5459629,-5.0053210,28.4,1.390
2026-09-14,14:58:51.000,50.5459580,-5.0052339,28.2,1.381
2026-09-14,14:58:56.000,50.5459456,-5.0051513,28.0,1.372
2026-09-14,14:59:01.000,50.5459271,-5.0050671,27.2,1.344
2026-09-14,14:59:06.000,50.5459074,-5.0049889,26.4,1.325
2026-09-14,14:59:11.000,50.5458718,-5.0049073,25.8,1.306
2026-09-14,14:59:16.000,50.5458292,-5.0048402,25.2,1.297
2026-09-14,14:59:21.000,50.5457936,-5.0047639,24.6,1.306
2026-09-14,14:59:26.000,50.5457610,-5.0046956,23.8,1.306
2026-09-14,14:59:31.000,50.5457270,-5.0046139,23.4,1.306
2026-09-14,14:59:36.000,50.5456572,-5.0045675,22.8,1.334
2026-09-14,14:59:41.000,50.5455913,-5.0045471,22.0,1.362
2026-09-14,14:59:46.000,50.5455347,-5.0045434,21.8,1.353
2026-09-14,14:59:51.000,50.5454674,-5.0045155,21.2,1.372
2026-09-14,14:59:56.000,50.5454134,-5.0044801,20.6,1.353
2026-09-14,15:00:01.000,50.5453678,-5.0044066,20.0,1.372
2026-09-14,15:00:06.000,50.5453334,-5.0043513,19.4,1.334
2026-09-14,15:00:11.000,50.5453146,-5.0042708,19.2,1.316
2026-09-14,15:00:16.000,50.5453022,-5.0041680,18.0,1.325
2026-09-14,15:00:21.000,50.5452961,-5.0040856,17.2,1.316
2026-09-14,15:00:26.000,50.5452927,-5.0039856,16.6,1.334
2026-09-14,15:00:31.000,50.5452812,-5.0039012,15.6,1.297
2026-09-14,15:00:36.000,50.5452610,-5.0038001,14.8,1.325
2026-09-14,15:00:41.000,50.5452360,-5.0037188,14.4,1.334
2026-09-14,15:00:46.000,50.5451713,-5.0036838,14.0,1.334
2026-09-14,15:00:51.000,50.5451084,-5.0037068,13.8,1.353
2026-09-14,15:00:56.000,50.5450563,-5.0037577,14.2,1.353
2026-09-14,15:01:01.000,50.5450175,-5.0038107,14.4,1.325
2026-09-14,15:01:06.000,50.5449801,-5.0038853,14.6,1.306
2026-09-14,15:01:11.000,50.5449486,-5.0039522,14.8,1.288
2026-09-14,15:01:16.000,50.5449195,-5.0040228,15.4,1.278
2026-09-14,15:01:21.000,50.5448749,-5.0041161,16.0,1.316
2026-09-14,15:01:26.000,50.5448378,-5.0041839,15.8,1.316
2026-09-14,15:01:31.000,50.5447957,-5.0042593,16.4,1.325
2026-09-14,15:01:36.000,50.5447537,-5.0043409,16.4,1.353
2026-09-14,15:01:41.000,50.5447094,-5.0044088,16.8,1.353
2026-09-14,15:01:46.000,50.5446712,-5.0044940,16.4,1.362
2026-09-14,15:01:51.000,50.5446337,-5.0045723,16.4,1.372
2026-09-14,15:01:56.000,50.5445872,-5.0046340,17.0,1.372
2026-09-14,15:02:01.000,50.5445448,-5.0047142,16.8,1.381
2026-09-14,15:02:06.000,50.5445073,-5.0047840,16.6,1.381
2026-09-14,15:02:11.000,50.5444704,-5.0048491,16.8,1.372
2026-09-14,15:02:16.000,50.5444211,-5.0048919,16.6,1.344
2026-09-14,15:02:21.000,50.5443649,-5.0048967,16.0,1.325
2026-09-14,15:02:26.000,50.5443012,-5.0048861,15.8,1.325
2026-09-14,15:02:31.000,50.5442465,-5.0048592,15.4,1.316
2026-09-14,15:02:36.000,50.5441820,-5.0048546,15.0,1.344
2026-09-14,15:02:41.000,50.5441258,-5.0048588,14.8,1.334
2026-09-14,15:02:46.000,50.5440842,-5.0048709,14.4,1.316
2026-09-14,15:02:51.000,50.5440285,-5.0048890,14.4,1.278
2026-09-14,15:02:56.000,50.5439920,-5.0048604,13.8,1.176
2026-09-14,15:03:01.000,50.5439434,-5.0048157,12.4,1.157
2026-09-14,15:03:06.000,50.5438940,-5.0047796,12.4,1.129
2026-09-14,15:03:11.000,50.5438417,-5.0047538,13.0,1.157
2026-09-14,15:03:16.000,50.5437864,-5.0047277,12.8,1.194
2026-09-14,15:03:21.000,50.5437271,-5.0047177,12.4,1.222
2026-09-14,15:03:26.000,50.5436694,-5.0047111,12.2,1.232
2026-09-14,15:03:31.000,50.5436074,-5.0047242,12.2,1.250
2026-09-14,15:03:36.000,50.5435607,-5.0047498,12.2,1.194
2026-09-14,15:03:41.000,50.5435380,-5.0048080,12.4,1.166
2026-09-14,15:03:46.000,50.5435465,-5.0048361,12.2,0.970
2026-09-14,15:03:51.000,50.5435412,-5.0048625,11.8,0.000
2026-09-14,15:03:56.000,50.5435395,-5.0048957,12.0,0.000
2026-09-14,15:04:01.000,50.5435400,-5.0048975,11.6,0.000
2026-09-14,15:04:06.000,50.5435285,-5.0048954,11.4,0.000
2026-09-14,15:04:11.000,50.5435105,-5.0048927,11.4,0.000
2026-09-14,15:04:16.000,50.5435105,-5.0048927,11.4,0.000
2026-09-14,15:04:21.000,50.5435105,-5.0048927,11.4,0.000
2026-09-14,15:04:26.000,50.5435189,-5.0048822,11.6,0.000
2026-09-14,15:04:31.000,50.5435231,-5.0048904,11.6,0.000
2026-09-14,15:04:36.000,50.5435105,-5.0048927,11.6,0.000
2026-09-14,15:04:41.000,50.5435105,-5.0048927,11.8,0.000
2026-09-14,15:04:46.000,50.5435105,-5.0048927,11.6,0.000
2026-09-14,15:04:51.000,50.5435105,-5.0048927,12.0,0.000
2026-09-14,15:04:56.000,50.5435105,-5.0048927,11.8,0.000
2026-09-14,15:05:01.000,50.5434800,-5.0049315,11.0,1.194
2026-09-14,15:05:06.000,50.5434327,-5.0049633,11.0,1.222
2026-09-14,15:05:11.000,50.5433868,-5.0050064,11.6,1.213
2026-09-14,15:05:16.000,50.5433566,-5.0050121,12.0,1.054
2026-09-14,15:05:21.000,50.5433163,-5.0049942,12.2,1.017
2026-09-14,15:05:26.000,50.5432682,-5.0049936,12.0,0.989
2026-09-14,15:05:31.000,50.5432129,-5.0049757,11.2,1.194
2026-09-14,15:05:37.000,50.5431619,-5.0049537,11.2,0.896
2026-09-14,15:05:42.000,50.5430990,-5.0049231,11.6,1.241
2026-09-14,15:05:47.000,50.5430390,-5.0048984,11.4,1.288
2026-09-14,15:05:52.000,50.5429775,-5.0048542,12.4,1.344
2026-09-14,15:05:57.000,50.5429410,-5.0047740,12.4,1.362
2026-09-14,15:06:02.000,50.5429187,-5.0047017,11.0,1.372
2026-09-14,15:06:07.000,50.5429001,-5.0046221,10.8,1.297
2026-09-14,15:06:12.000,50.5428715,-5.0045427,10.2,1.278
2026-09-14,15:06:17.000,50.5428386,-5.0044786,10.6,1.306
2026-09-14,15:06:22.000,50.5427850,-5.0044384,10.0,1.278
2026-09-14,15:06:27.000,50.5427246,-5.0043967,9.8,1.306
2026-09-14,15:06:32.000,50.5426727,-5.0043489,9.6,1.334
2026-09-14,15:06:37.000,50.5426272,-5.0042943,11.0,1.334
2026-09-14,15:06:42.000,50.5425867,-5.0042465,11.0,1.316
2026-09-14,15:06:47.000,50.5425298,-5.0042010,11.4,1.297
2026-09-14,15:06:52.000,50.5424630,-5.0041529,9.8,1.353
2026-09-14,15:06:57.000,50.5424014,-5.0041125,10.8,1.362
2026-09-14,15:07:02.000,50.5423496,-5.0040746,10.8,1.372
2026-09-14,15:07:07.000,50.5422922,-5.0040160,11.2,1.381
2026-09-14,15:07:12.000,50.5422414,-5.0039846,11.4,1.372
2026-09-14,15:07:17.000,50.5421963,-5.0039386,11.2,1.353
2026-09-14,15:07:22.000,50.5421304,-5.0039019,11.2,1.353
2026-09-14,15:07:27.000,50.5421213,-5.0039037,11.4,1.288
2026-09-14,15:07:32.000,50.5420762,-5.0038612,11.0,1.120
2026-09-14,15:07:37.000,50.5420190,-5.0038242,11.4,1.381
2026-09-14,15:07:42.000,50.5419673,-5.0037873,11.6,1.390
2026-09-14,15:07:47.000,50.5419355,-5.0037461,11.6,1.054
2026-09-14,15:07:52.000,50.5418823,-5.0036958,11.2,1.278
2026-09-14,15:07:57.000,50.5418607,-5.0036773,12.2,1.017
2026-09-14,15:08:02.000,50.5418262,-5.0036416,12.0,1.334
2026-09-14,15:08:07.000,50.5417664,-5.0036314,12.6,1.306
2026-09-14,15:08:12.000,50.5417239,-5.0036628,11.8,1.120
2026-09-14,15:08:17.000,50.5417102,-5.0036504,12.0,0.756
2026-09-14,15:08:22.000,50.5417112,-5.0036476,11.6,0.644
2026-09-14,15:08:27.000,50.5416791,-5.0036077,12.2,0.700
2026-09-14,15:08:32.000,50.5416326,-5.0035906,13.2,1.120
2026-09-14,15:08:37.000,50.5415782,-5.0035639,12.8,1.129
2026-09-14,15:08:42.000,50.5415322,-5.0035312,12.8,1.120
2026-09-14,15:08:47.000,50.5414847,-5.0034988,13.2,1.157
2026-09-14,15:08:52.000,50.5414326,-5.0034963,13.8,1.148
2026-09-14,15:08:57.000,50.5413996,-5.0035585,14.0,1.185
2026-09-14,15:09:02.000,50.5413418,-5.0035690,13.8,1.129
2026-09-14,15:09:07.000,50.5413017,-5.0035188,13.6,1.110
2026-09-14,15:09:12.000,50.5412541,-5.0034571,13.8,1.129
2026-09-14,15:09:17.000,50.5412076,-5.0033919,13.8,1.185
2026-09-14,15:09:22.000,50.5411621,-5.0033239,13.4,1.222
2026-09-14,15:09:27.000,50.5411577,-5.0032327,13.6,1.241
2026-09-14,15:09:32.000,50.5411748,-5.0031412,13.4,1.288
2026-09-14,15:09:37.000,50.5411867,-5.0030544,13.0,1.288
2026-09-14,15:09:42.000,50.5412002,-5.0029649,12.4,1.278
2026-09-14,15:09:47.000,50.5411752,-5.0028819,11.4,1.278
2026-09-14,15:09:52.000,50.5411404,-5.0028107,11.2,1.288
2026-09-14,15:09:57.000,50.5411372,-5.0028023,11.8,0.000
2026-09-14,15:10:02.000,50.5411372,-5.0028023,12.0,0.000
2026-09-14,15:10:07.000,50.5411284,-5.0027744,12.2,0.000
2026-09-14,15:10:12.000,50.5410997,-5.0027055,11.8,1.204
2026-09-14,15:10:17.000,50.5410644,-5.0026320,12.0,1.241
2026-09-14,15:10:22.000,50.5410381,-5.0025564,12.6,1.269
2026-09-14,15:10:27.000,50.5410064,-5.0024798,12.6,1.278
2026-09-14,15:10:32.000,50.5409680,-5.0024140,12.6,1.288
2026-09-14,15:10:37.000,50.5409086,-5.0023996,13.4,1.362
2026-09-14,15:10:42.000,50.5408801,-5.0024073,12.8,1.213
2026-09-14,15:10:47.000,50.5408880,-5.0023999,12.4,0.000
2026-09-14,15:10:52.000,50.5408782,-5.0023678,13.0,0.000
2026-09-14,15:10:57.000,50.5408739,-5.0023222,13.6,0.000
2026-09-14,15:11:02.000,50.5408313,-5.0022912,13.2,0.000
2026-09-14,15:11:07.000,50.5407864,-5.0022663,13.0,0.886
2026-09-14,15:11:12.000,50.5407326,-5.0022335,12.8,1.110
2026-09-14,15:11:17.000,50.5406718,-5.0021913,12.6,1.176
2026-09-14,15:11:22.000,50.5406161,-5.0021580,12.6,1.222
2026-09-14,15:11:27.000,50.5405620,-5.0020988,13.0,1.362
2026-09-14,15:11:32.000,50.5405242,-5.0020149,13.4,1.502
2026-09-14,15:11:37.000,50.5404937,-5.0019355,13.2,1.474
2026-09-14,15:11:42.000,50.5404729,-5.0018421,13.8,1.456
2026-09-14,15:11:47.000,50.5404496,-5.0017558,13.4,1.456
2026-09-14,15:11:52.000,50.5404279,-5.0016617,15.4,1.418
2026-09-14,15:11:57.000,50.5404015,-5.0015842,15.0,1.418
2026-09-14,15:12:02.000,50.5403764,-5.0014992,15.0,1.418
2026-09-14,15:12:07.000,50.5403479,-5.0014131,14.8,1.418
2026-09-14,15:12:12.000,50.5403184,-5.0013143,14.4,1.502
2026-09-14,15:12:17.000,50.5402922,-5.0012365,15.0,1.465
2026-09-14,15:12:22.000,50.5402756,-5.0011582,15.6,1.362
2026-09-14,15:12:27.000,50.5402525,-5.0010642,14.8,1.409
2026-09-14,15:12:32.000,50.5402377,-5.0009721,14.4,1.400
2026-09-14,15:12:37.000,50.5402220,-5.0008706,14.2,1.418
2026-09-14,15:12:42.000,50.5402217,-5.0007648,14.8,1.418
2026-09-14,15:12:47.000,50.5402185,-5.0006644,15.4,1.474
2026-09-14,15:12:52.000,50.5402196,-5.0005852,15.0,1.418
2026-09-14,15:12:57.000,50.5402213,-5.0004929,14.8,1.400
2026-09-14,15:13:02.000,50.5402174,-5.0004097,15.0,1.353
2026-09-14,15:13:07.000,50.5402003,-5.0003046,14.8,1.400
2026-09-14,15:13:12.000,50.5401564,-5.0002455,14.0,1.390
2026-09-14,15:13:17.000,50.5401177,-5.0001774,14.0,1.362
2026-09-14,15:13:22.000,50.5400696,-5.0001036,14.4,1.390
2026-09-14,15:13:27.000,50.5400303,-5.0000328,14.0,1.390
2026-09-14,15:13:32.000,50.5399892,-4.9999645,14.2,1.400
2026-09-14,15:13:37.000,50.5399515,-4.9999042,13.8,1.362
2026-09-14,15:13:42.000,50.5399209,-4.9998129,13.4,1.372
2026-09-14,15:13:47.000,50.5399069,-4.9997341,13.0,1.344
2026-09-14,15:13:52.000,50.5399026,-4.9996301,12.4,1.362
2026-09-14,15:13:57.000,50.5398783,-4.9996185,12.0,1.325
2026-09-14,15:14:02.000,50.5399060,-4.9996343,12.0,1.250
2026-09-14,15:14:07.000,50.5399262,-4.9996146,11.4,1.082
2026-09-14,15:14:12.000,50.5399525,-4.9995918,10.4,0.765
2026-09-14,15:14:17.000,50.5399825,-4.9995811,9.4,0.634
2026-09-14,15:14:22.000,50.5400128,-4.9995829,8.6,0.000
2026-09-14,15:14:27.000,50.5400354,-4.9995930,7.8,0.569
2026-09-14,15:14:32.000,50.5400502,-4.9996074,6.4,0.000
2026-09-14,15:14:37.000,50.5401004,-4.9996198,6.2,0.579
2026-09-14,15:14:42.000,50.5401440,-4.9996071,5.6,1.129
2026-09-14,15:14:47.000,50.5401813,-4.9995736,5.2,1.036
2026-09-14,15:14:52.000,50.5402219,-4.9995219,5.0,1.092
2026-09-14,15:14:57.000,50.5402819,-4.9994621,4.6,1.176
2026-09-14,15:15:02.000,50.5402821,-4.9993763,4.2,1.176
2026-09-14,15:15:07.000,50.5402514,-4.9992944,4.0,1.316
2026-09-14,15:15:12.000,50.5402333,-4.9992204,4.0,1.278
2026-09-14,15:15:17.000,50.5402202,-4.9991488,4.0,1.232
2026-09-14,15:15:22.000,50.5401989,-4.9990536,4.0,1.260
2026-09-14,15:15:27.000,50.5401715,-4.9989716,4.0,1.269
2026-09-14,15:15:32.000,50.5401629,-4.9988923,4.0,1.269
2026-09-14,15:15:37.000,50.5401585,-4.9988111,4.2,1.241
2026-09-14,15:15:42.000,50.5401481,-4.9987288,4.2,1.232
2026-09-14,15:15:47.000,50.5401425,-4.9986548,4.6,1.204
2026-09-14,15:15:52.000,50.5401304,-4.9985600,4.6,1.213
2026-09-14,15:15:57.000,50.5401378,-4.9984827,4.8,1.194
2026-09-14,15:16:02.000,50.5401380,-4.9984035,5.4,1.194
2026-09-14,15:16:07.000,50.5401392,-4.9983123,5.2,1.204
2026-09-14,15:16:12.000,50.5401461,-4.9982373,4.8,1.194
2026-09-14,15:16:17.000,50.5401632,-4.9981719,4.6,1.157
2026-09-14,15:16:22.000,50.5401658,-4.9980901,4.2,1.185
2026-09-14,15:16:27.000,50.5401521,-4.9980170,4.2,1.157
2026-09-14,15:16:32.000,50.5401485,-4.9979336,4.4,1.148
2026-09-14,15:16:37.000,50.5401484,-4.9978575,4.2,1.110
2026-09-14,15:16:42.000,50.5401369,-4.9977637,3.8,1.204
2026-09-14,15:16:47.000,50.5401118,-4.9976906,3.8,1.166
2026-09-14,15:16:52.000,50.5400890,-4.9976126,3.8,1.157
2026-09-14,15:16:57.000,50.5400886,-4.9975138,4.0,1.194
2026-09-14,15:17:02.000,50.5400871,-4.9974151,4.0,1.213
2026-09-14,15:17:07.000,50.5400901,-4.9973374,3.8,1.232
2026-09-14,15:17:12.000,50.5400894,-4.9972413,4.0,1.250
2026-09-14,15:17:17.000,50.5400782,-4.9971606,3.8,1.232
2026-09-14,15:17:22.000,50.5400743,-4.9970840,4.0,1.232
2026-09-14,15:17:27.000,50.5400636,-4.9969995,4.0,1.222
2026-09-14,15:17:32.000,50.5400663,-4.9968981,3.8,1.222
2026-09-14,15:17:37.000,50.5400691,-4.9968054,4.0,1.232
2026-09-14,15:17:42.000,50.5400663,-4.9967108,4.0,1.250
2026-09-14,15:17:47.000,50.5400612,-4.9966208,4.2,1.260
2026-09-14,15:17:52.000,50.5400659,-4.9965483,4.2,1.250
2026-09-14,15:17:57.000,50.5400593,-4.9964699,4.4,1.241
2026-09-14,15:18:02.000,50.5400518,-4.9963819,4.4,1.213
2026-09-14,15:18:07.000,50.5400446,-4.9962887,4.6,1.222
2026-09-14,15:18:12.000,50.5400383,-4.9962038,4.4,1.222
2026-09-14,15:18:17.000,50.5400393,-4.9961323,5.0,1.204
2026-09-14,15:18:22.000,50.5400343,-4.9960579,5.0,1.194
2026-09-14,15:18:27.000,50.5400333,-4.9959687,4.8,1.176
2026-09-14,15:18:32.000,50.5400370,-4.9958803,4.8,1.185
2026-09-14,15:18:37.000,50.5400387,-4.9957968,5.0,1.185
2026-09-14,15:18:42.000,50.5400441,-4.9957268,5.4,1.176
2026-09-14,15:18:47.000,50.5400488,-4.9956391,5.2,1.176
2026-09-14,15:18:52.000,50.5400629,-4.9955563,5.4,1.176
2026-09-14,15:18:57.000,50.5400714,-4.9954731,5.4,1.166
2026-09-14,15:19:02.000,50.5400590,-4.9953948,5.4,1.176
2026-09-14,15:19:07.000,50.5400625,-4.9953243,5.2,1.148
2026-09-14,15:19:12.000,50.5400613,-4.9952439,6.4,1.138
2026-09-14,15:19:17.000,50.5400678,-4.9951742,6.8,1.073
2026-09-14,15:19:22.000,50.5400684,-4.9951105,7.0,1.026
2026-09-14,15:19:27.000,50.5400735,-4.9950365,7.0,1.054
2026-09-14,15:19:32.000,50.5400785,-4.9949698,6.8,1.017
2026-09-14,15:19:37.000,50.5400663,-4.9949011,6.6,1.017
2026-09-14,15:19:42.000,50.5400560,-4.9948128,6.4,1.054
2026-09-14,15:19:47.000,50.5400450,-4.9947368,6.6,1.120
2026-09-14,15:19:52.000,50.5400327,-4.9946565,6.8,1.148
2026-09-14,15:19:57.000,50.5400209,-4.9945804,7.0,1.148
2026-09-14,15:20:02.000,50.5400077,-4.9944957,6.8,1.148
2026-09-14,15:20:07.000,50.5399935,-4.9944183,6.8,1.148
2026-09-14,15:20:12.000,50.5399836,-4.9943462,7.4,1.092
2026-09-14,15:20:17.000,50.5399799,-4.9942748,8.2,1.073
2026-09-14,15:20:22.000,50.5399677,-4.9941940,9.0,1.092
2026-09-14,15:20:27.000,50.5399538,-4.9941197,9.4,1.092
2026-09-14,15:20:32.000,50.5399378,-4.9940377,9.2,1.092
2026-09-14,15:20:37.000,50.5399106,-4.9939587,9.2,1.129
2026-09-14,15:20:42.000,50.5398868,-4.9938877,9.2,1.129
2026-09-14,15:20:47.000,50.5398676,-4.9938077,9.4,1.129
2026-09-14,15:20:52.000,50.5398411,-4.9937212,8.8,1.148
2026-09-14,15:20:57.000,50.5398188,-4.9936673,8.6,1.148
