<?xml version="1.0" encoding="UTF-8"?>
<gpx xmlns="http://www.topografix.com/GPX/1/0" xmlns:xsi="http://www.w3.org/2001/XMLSchema-instance" creator="GPS Wizard - https://github.com/Logiqx/gps-wizard" version="1.0" xsi:schemaLocation="http://www.topografix.com/GPX/1/0 http://www.topografix.com/GPX/1/0/gpx.xsd">
  <trk>
    <trkseg>
      <trkpt lat="50.5398192" lon="-4.9936608">
        <ele>9.8</ele>
        <time>2026-09-14T11:11:01.000Z</time>
        <speed>0.000</speed>
      </trkpt>
      <trkpt lat="50.5398188" lon="-4.9936602">
        <ele>9.2</ele>
        <time>2026-09-14T11:11:06.000Z</time>
        <speed>0.000</speed>
      </trkpt>
      <trkpt lat="50.5398188" lon="-4.9936602">
        <ele>9.6</ele>
        <time>2026-09-14T11:11:11.000Z</time>
        <speed>0.000</speed>
      </trkpt>
      <trkpt lat="50.5398188" lon="-4.9936602">
        <ele>9.8</ele>
        <time>2026-09-14T11:11:16.000Z</time>
        <speed>0.000</speed>
      </trkpt>
      <trkpt lat="50.5398188" lon="-4.9936602">
        <ele>9.4</ele>
        <time>2026-09-14T11:11:21.000Z</time>
        <speed>0.000</speed>
      </trkpt>
      <trkpt lat="50.5398228" lon="-4.9936797">
        <ele>10.0</ele>
        <time>2026-09-14T11:11:26.000Z</time>
        <speed>0.000</speed>
      </trkpt>
      <trkpt lat="50.5398233" lon="-4.9936918">
        <ele>10.2</ele>
        <time>2026-09-14T11:11:31.000Z</time>
        <speed>0.000</speed>
      </trkpt>
      <trkpt lat="50.5398233" lon="-4.9936918">
        <ele>9.6</ele>
        <time>2026-09-14T11:11:36.000Z</time>
        <speed>0.000</speed>
      </trkpt>
      <trkpt lat="50.5398263" lon="-4.9936847">
        <ele>9.6</ele>
        <time>2026-09-14T11:11:41.000Z</time>
        <speed>0.000</speed>
      </trkpt>
      <trkpt lat="50.5398233" lon="-4.9936918">
        <ele>9.6</ele>
        <time>2026-09-14T11:11:46.000Z</time>
        <speed>0.000</speed>
      </trkpt>
      <trkpt lat="50.5398233" lon="-4.9936918">
        <ele>9.6</ele>
        <time>2026-09-14T11:11:51.000Z</time>
        <speed>0.000</speed>
      </trkpt>
      <trkpt lat="50.5398233" lon="-4.9936918">
        <ele>9.8</ele>
        <time>2026-09-14T11:11:56.000Z</time>
        <speed>0.000</speed>
      </trkpt>
      <trkpt lat="50.5398233" lon="-4.9936918">
        <ele>9.4</ele>
        <time>2026-09-14T11:12:01.000Z</time>
        <speed>0.000</speed>
      </trkpt>
      <trkpt lat="50.5398233" lon="-4.9936918">
        <ele>10.0</ele>
        <time>2026-09-14T11:12:06.000Z</time>
        <speed>0.000</speed>
      </trkpt>
      <trkpt lat="50.5398171" lon="-4.9937451">
        <ele>9.0</ele>
        <time>2026-09-14T11:12:11.000Z</time>
        <speed>0.000</speed>
      </trkpt>
      <trkpt lat="50.5398228" lon="-4.9938065">
        <ele>9.2</ele>
        <time>2026-09-14T11:12:16.000Z</time>
        <speed>0.812</speed>
      </trkpt>
      <trkpt lat="50.5398481" lon="-4.9938674">
        <ele>9.8</ele>
        <time>2026-09-14T11:12:21.000Z</time>
        <speed>1.054</speed>
      </trkpt>
      <trkpt lat="50.5398781" lon="-4.9939103">
        <ele>10.0</ele>
        <time>2026-09-14T11:12:26.000Z</time>
        <speed>1.026</speed>
      </trkpt>
      <trkpt lat="50.5399054" lon="-4.9939801">
        <ele>10.2</ele>
        <time>2026-09-14T11:12:31.000Z</time>
        <speed>1.082</speed>
      </trkpt>
      <trkpt lat="50.5399265" lon="-4.9940586">
        <ele>9.8</ele>
        <time>2026-09-14T11:12:36.000Z</time>
        <speed>1.138</speed>
      </trkpt>
      <trkpt lat="50.5399533" lon="-4.9941323">
        <ele>10.4</ele>
        <time>2026-09-14T11:12:41.000Z</time>
        <speed>1.204</speed>
      </trkpt>
      <trkpt lat="50.5399747" lon="-4.9942154">
        <ele>10.2</ele>
        <time>2026-09-14T11:12:46.000Z</time>
        <speed>1.250</speed>
      </trkpt>
      <trkpt lat="50.5399767" lon="-4.9942857">
        <ele>10.4</ele>
        <time>2026-09-14T11:12:51.000Z</time>
        <speed>1.222</speed>
      </trkpt>
      <trkpt lat="50.5399660" lon="-4.9943531">
        <ele>10.0</ele>
        <time>2026-09-14T11:12:56.000Z</time>
        <speed>1.194</speed>
      </trkpt>
      <trkpt lat="50.5399648" lon="-4.9944259">
        <ele>9.0</ele>
        <time>2026-09-14T11:13:01.000Z</time>
        <speed>1.166</speed>
      </trkpt>
      <trkpt lat="50.5399626" lon="-4.9945054">
        <ele>8.4</ele>
        <time>2026-09-14T11:13:06.000Z</time>
        <speed>1.166</speed>
      </trkpt>
      <trkpt lat="50.5399372" lon="-4.9945754">
        <ele>9.2</ele>
        <time>2026-09-14T11:13:11.000Z</time>
        <speed>1.110</speed>
      </trkpt>
      <trkpt lat="50.5399037" lon="-4.9946358">
        <ele>9.4</ele>
        <time>2026-09-14T11:13:16.000Z</time>
        <speed>1.148</speed>
      </trkpt>
      <trkpt lat="50.5398656" lon="-4.9946912">
        <ele>9.4</ele>
        <time>2026-09-14T11:13:21.000Z</time>
        <speed>1.157</speed>
      </trkpt>
      <trkpt lat="50.5398306" lon="-4.9947459">
        <ele>9.0</ele>
        <time>2026-09-14T11:13:26.000Z</time>
        <speed>1.148</speed>
      </trkpt>
      <trkpt lat="50.5397922" lon="-4.9947867">
        <ele>9.0</ele>
        <time>2026-09-14T11:13:31.000Z</time>
        <speed>1.129</speed>
      </trkpt>
      <trkpt lat="50.5397422" lon="-4.9948322">
        <ele>8.8</ele>
        <time>2026-09-14T11:13:36.000Z</time>
        <speed>1.166</speed>
      </trkpt>
      <trkpt lat="50.5396992" lon="-4.9948737">
        <ele>8.2</ele>
        <time>2026-09-14T11:13:41.000Z</time>
        <speed>1.166</speed>
      </trkpt>
      <trkpt lat="50.5396558" lon="-4.9949161">
        <ele>9.0</ele>
        <time>2026-09-14T11:13:46.000Z</time>
        <speed>1.166</speed>
      </trkpt>
      <trkpt lat="50.5396146" lon="-4.9949411">
        <ele>8.6</ele>
        <time>2026-09-14T11:13:51.000Z</time>
        <speed>1.148</speed>
      </trkpt>
      <trkpt lat="50.5395812" lon="-4.9949028">
        <ele>8.6</ele>
        <time>2026-09-14T11:13:56.000Z</time>
        <speed>1.110</speed>
      </trkpt>
      <trkpt lat="50.5395347" lon="-4.9949257">
        <ele>10.2</ele>
        <time>2026-09-14T11:14:01.000Z</time>
        <speed>1.073</speed>
      </trkpt>
      <trkpt lat="50.5395022" lon="-4.9949894">
        <ele>10.4</ele>
        <time>2026-09-14T11:14:06.000Z</time>
        <speed>1.148</speed>
      </trkpt>
      <trkpt lat="50.5394833" lon="-4.9950619">
        <ele>10.8</ele>
        <time>2026-09-14T11:14:11.000Z</time>
        <speed>1.101</speed>
      </trkpt>
      <trkpt lat="50.5394623" lon="-4.9951302">
        <ele>11.0</ele>
        <time>2026-09-14T11:14:16.000Z</time>
        <speed>1.082</speed>
      </trkpt>
      <trkpt lat="50.5394350" lon="-4.9951946">
        <ele>11.0</ele>
        <time>2026-09-14T11:14:21.000Z</time>
        <speed>1.082</speed>
      </trkpt>
      <trkpt lat="50.5394126" lon="-4.9952474">
        <ele>10.4</ele>
        <time>2026-09-14T11:14:26.000Z</time>
        <speed>1.036</speed>
      </trkpt>
      <trkpt lat="50.5393770" lon="-4.9953268">
        <ele>11.2</ele>
        <time>2026-09-14T11:14:31.000Z</time>
        <speed>1.110</speed>
      </trkpt>
      <trkpt lat="50.5393865" lon="-4.9953660">
        <ele>11.0</ele>
        <time>2026-09-14T11:14:36.000Z</time>
        <speed>1.036</speed>
      </trkpt>
      <trkpt lat="50.5393993" lon="-4.9953962">
        <ele>11.0</ele>
        <time>2026-09-14T11:14:41.000Z</time>
        <speed>0.933</speed>
      </trkpt>
      <trkpt lat="50.5394098" lon="-4.9953822">
        <ele>11.4</ele>
        <time>2026-09-14T11:14:46.000Z</time>
        <speed>0.000</speed>
      </trkpt>
      <trkpt lat="50.5394188" lon="-4.9953555">
        <ele>10.0</ele>
        <time>2026-09-14T11:14:51.000Z</time>
        <speed>0.000</speed>
      </trkpt>
      <trkpt lat="50.5394594" lon="-4.9953176">
        <ele>8.8</ele>
        <time>2026-09-14T11:14:56.000Z</time>
        <speed>0.877</speed>
      </trkpt>
      <trkpt lat="50.5395044" lon="-4.9953404">
        <ele>8.2</ele>
        <time>2026-09-14T11:15:01.000Z</time>
        <speed>1.157</speed>
      </trkpt>
      <trkpt lat="50.5395518" lon="-4.9953880">
        <ele>8.0</ele>
        <time>2026-09-14T11:15:06.000Z</time>
        <speed>1.204</speed>
      </trkpt>
      <trkpt lat="50.5395940" lon="-4.9954361">
        <ele>8.0</ele>
        <time>2026-09-14T11:15:11.000Z</time>
        <speed>1.185</speed>
      </trkpt>
      <trkpt lat="50.5396332" lon="-4.9954720">
        <ele>8.0</ele>
        <time>2026-09-14T11:15:16.000Z</time>
        <speed>1.064</speed>
      </trkpt>
      <trkpt lat="50.5396854" lon="-4.9955083">
        <ele>8.0</ele>
        <time>2026-09-14T11:15:21.000Z</time>
        <speed>1.250</speed>
      </trkpt>
      <trkpt lat="50.5397154" lon="-4.9955588">
        <ele>8.2</ele>
        <time>2026-09-14T11:15:26.000Z</time>
        <speed>1.176</speed>
      </trkpt>
      <trkpt lat="50.5397394" lon="-4.9956271">
        <ele>8.2</ele>
        <time>2026-09-14T11:15:31.000Z</time>
        <speed>1.101</speed>
      </trkpt>
      <trkpt lat="50.5397575" lon="-4.9956603">
        <ele>8.4</ele>
        <time>2026-09-14T11:15:36.000Z</time>
        <speed>1.054</speed>
      </trkpt>
      <trkpt lat="50.5397584" lon="-4.9956632">
        <ele>7.6</ele>
        <time>2026-09-14T11:15:41.000Z</time>
        <speed>0.000</speed>
      </trkpt>
      <trkpt lat="50.5397584" lon="-4.9956632">
        <ele>7.8</ele>
        <time>2026-09-14T11:15:46.000Z</time>
        <speed>0.000</speed>
      </trkpt>
      <trkpt lat="50.5397584" lon="-4.9956632">
        <ele>7.8</ele>
        <time>2026-09-14T11:15:51.000Z</time>
        <speed>0.000</speed>
      </trkpt>
      <trkpt lat="50.5397584" lon="-4.9956632">
        <ele>8.2</ele>
        <time>2026-09-14T11:15:56.000Z</time>
        <speed>0.000</speed>
      </trkpt>
      <trkpt lat="50.5397584" lon="-4.9956632">
        <ele>7.8</ele>
        <time>2026-09-14T11:16:01.000Z</time>
        <speed>0.000</speed>
      </trkpt>
      <trkpt lat="50.5397584" lon="-4.9956632">
        <ele>8.0</ele>
        <time>2026-09-14T11:16:06.000Z</time>
        <speed>0.000</speed>
      </trkpt>
      <trkpt lat="50.5397584" lon="-4.9956632">
        <ele>8.6</ele>
        <time>2026-09-14T11:16:11.000Z</time>
        <speed>0.000</speed>
      </trkpt>
      <trkpt lat="50.5397584" lon="-4.9956632">
        <ele>9.0</ele>
        <time>2026-09-14T11:16:16.000Z</time>
        <speed>0.000</speed>
      </trkpt>
      <trkpt lat="50.5397614" lon="-4.9956978">
        <ele>8.8</ele>
        <time>2026-09-14T11:16:21.000Z</time>
        <speed>0.000</speed>
      </trkpt>
      <trkpt lat="50.5397638" lon="-4.9957695">
        <ele>8.4</ele>
        <time>2026-09-14T11:16:26.000Z</time>
        <speed>0.504</speed>
      </trkpt>
      <trkpt lat="50.5397782" lon="-4.9958368">
        <ele>8.6</ele>
        <time>2026-09-14T11:16:31.000Z</time>
        <speed>1.054</speed>
      </trkpt>
      <trkpt lat="50.5397887" lon="-4.9958973">
        <ele>9.2</ele>
        <time>2026-09-14T11:16:36.000Z</time>
        <speed>1.017</speed>
      </trkpt>
      <trkpt lat="50.5398177" lon="-4.9959688">
        <ele>8.8</ele>
        <time>2026-09-14T11:16:41.000Z</time>
        <speed>1.073</speed>
      </trkpt>
      <trkpt lat="50.5398441" lon="-4.9960337">
        <ele>9.4</ele>
        <time>2026-09-14T11:16:46.000Z</time>
        <speed>1.120</speed>
      </trkpt>
      <trkpt lat="50.5398684" lon="-4.9961030">
        <ele>9.0</ele>
        <time>2026-09-14T11:16:51.000Z</time>
        <speed>1.092</speed>
      </trkpt>
      <trkpt lat="50.5398760" lon="-4.9961755">
        <ele>8.2</ele>
        <time>2026-09-14T11:16:56.000Z</time>
        <speed>1.120</speed>
      </trkpt>
      <trkpt lat="50.5398868" lon="-4.9962560">
        <ele>7.8</ele>
        <time>2026-09-14T11:17:01.000Z</time>
        <speed>1.138</speed>
      </trkpt>
      <trkpt lat="50.5398891" lon="-4.9963211">
        <ele>6.8</ele>
        <time>2026-09-14T11:17:06.000Z</time>
        <speed>1.092</speed>
      </trkpt>
      <trkpt lat="50.5398928" lon="-4.9963974">
        <ele>7.2</ele>
        <time>2026-09-14T11:17:11.000Z</time>
        <speed>1.120</speed>
      </trkpt>
      <trkpt lat="50.5399010" lon="-4.9964936">
        <ele>7.2</ele>
        <time>2026-09-14T11:17:16.000Z</time>
        <speed>1.166</speed>
      </trkpt>
      <trkpt lat="50.5399195" lon="-4.9965832">
        <ele>8.0</ele>
        <time>2026-09-14T11:17:21.000Z</time>
        <speed>1.222</speed>
      </trkpt>
      <trkpt lat="50.5399296" lon="-4.9966613">
        <ele>6.8</ele>
        <time>2026-09-14T11:17:26.000Z</time>
        <speed>1.222</speed>
      </trkpt>
      <trkpt lat="50.5399361" lon="-4.9967463">
        <ele>7.4</ele>
        <time>2026-09-14T11:17:31.000Z</time>
        <speed>1.232</speed>
      </trkpt>
      <trkpt lat="50.5399553" lon="-4.9968302">
        <ele>6.2</ele>
        <time>2026-09-14T11:17:36.000Z</time>
        <speed>1.241</speed>
      </trkpt>
      <trkpt lat="50.5399631" lon="-4.9969194">
        <ele>5.4</ele>
        <time>2026-09-14T11:17:41.000Z</time>
        <speed>1.241</speed>
      </trkpt>
      <trkpt lat="50.5399814" lon="-4.9970022">
        <ele>7.6</ele>
        <time>2026-09-14T11:17:46.000Z</time>
        <speed>1.250</speed>
      </trkpt>
      <trkpt lat="50.5399967" lon="-4.9970779">
        <ele>6.8</ele>
        <time>2026-09-14T11:17:51.000Z</time>
        <speed>1.232</speed>
      </trkpt>
      <trkpt lat="50.5400076" lon="-4.9971639">
        <ele>6.2</ele>
        <time>2026-09-14T11:17:56.000Z</time>
        <speed>1.232</speed>
      </trkpt>
      <trkpt lat="50.5400181" lon="-4.9972577">
        <ele>6.4</ele>
        <time>2026-09-14T11:18:01.000Z</time>
        <speed>1.250</speed>
      </trkpt>
      <trkpt lat="50.5400244" lon="-4.9973398">
        <ele>6.2</ele>
        <time>2026-09-14T11:18:06.000Z</time>
        <speed>1.232</speed>
      </trkpt>
      <trkpt lat="50.5400304" lon="-4.9974163">
        <ele>6.4</ele>
        <time>2026-09-14T11:18:11.000Z</time>
        <speed>1.222</speed>
      </trkpt>
      <trkpt lat="50.5400399" lon="-4.9975114">
        <ele>6.2</ele>
        <time>2026-09-14T11:18:16.000Z</time>
        <speed>1.250</speed>
      </trkpt>
      <trkpt lat="50.5400449" lon="-4.9975897">
        <ele>6.4</ele>
        <time>2026-09-14T11:18:21.000Z</time>
        <speed>1.250</speed>
      </trkpt>
      <trkpt lat="50.5400566" lon="-4.9976736">
        <ele>6.6</ele>
        <time>2026-09-14T11:18:26.000Z</time>
        <speed>1.232</speed>
      </trkpt>
      <trkpt lat="50.5400803" lon="-4.9977406">
        <ele>6.6</ele>
        <time>2026-09-14T11:18:31.000Z</time>
        <speed>1.222</speed>
      </trkpt>
      <trkpt lat="50.5401094" lon="-4.9978272">
        <ele>6.4</ele>
        <time>2026-09-14T11:18:36.000Z</time>
        <speed>1.232</speed>
      </trkpt>
      <trkpt lat="50.5401297" lon="-4.9978875">
        <ele>6.6</ele>
        <time>2026-09-14T11:18:41.000Z</time>
        <speed>1.232</speed>
      </trkpt>
      <trkpt lat="50.5401388" lon="-4.9979784">
        <ele>6.6</ele>
        <time>2026-09-14T11:18:46.000Z</time>
        <speed>1.213</speed>
      </trkpt>
      <trkpt lat="50.5401513" lon="-4.9980647">
        <ele>6.6</ele>
        <time>2026-09-14T11:18:51.000Z</time>
        <speed>1.204</speed>
      </trkpt>
      <trkpt lat="50.5401753" lon="-4.9981458">
        <ele>6.6</ele>
        <time>2026-09-14T11:18:56.000Z</time>
        <speed>1.204</speed>
      </trkpt>
      <trkpt lat="50.5401812" lon="-4.9982248">
        <ele>7.0</ele>
        <time>2026-09-14T11:19:01.000Z</time>
        <speed>1.194</speed>
      </trkpt>
      <trkpt lat="50.5401926" lon="-4.9983035">
        <ele>7.4</ele>
        <time>2026-09-14T11:19:06.000Z</time>
        <speed>1.148</speed>
      </trkpt>
      <trkpt lat="50.5402044" lon="-4.9983880">
        <ele>7.2</ele>
        <time>2026-09-14T11:19:11.000Z</time>
        <speed>1.148</speed>
      </trkpt>
      <trkpt lat="50.5402025" lon="-4.9983965">
        <ele>6.8</ele>
        <time>2026-09-14T11:19:16.000Z</time>
        <speed>0.000</speed>
      </trkpt>
      <trkpt lat="50.5402126" lon="-4.9984524">
        <ele>6.8</ele>
        <time>2026-09-14T11:19:21.000Z</time>
        <speed>0.000</speed>
      </trkpt>
      <trkpt lat="50.5402306" lon="-4.9985179">
        <ele>6.6</ele>
        <time>2026-09-14T11:19:26.000Z</time>
        <speed>0.000</speed>
      </trkpt>
      <trkpt lat="50.5402367" lon="-4.9985691">
        <ele>6.8</ele>
        <time>2026-09-14T11:19:31.000Z</time>
        <speed>0.662</speed>
      </trkpt>
      <trkpt lat="50.5402093" lon="-4.9985967">
        <ele>7.0</ele>
        <time>2026-09-14T11:19:36.000Z</time>
        <speed>0.728</speed>
      </trkpt>
      <trkpt lat="50.5402059" lon="-4.9986078">
        <ele>7.6</ele>
        <time>2026-09-14T11:19:41.000Z</time>
        <speed>0.523</speed>
      </trkpt>
      <trkpt lat="50.5402059" lon="-4.9986078">
        <ele>7.4</ele>
        <time>2026-09-14T11:19:46.000Z</time>
        <speed>0.485</speed>
      </trkpt>
      <trkpt lat="50.5401844" lon="-4.9986366">
        <ele>7.6</ele>
        <time>2026-09-14T11:19:51.000Z</time>
        <speed>0.588</speed>
      </trkpt>
      <trkpt lat="50.5401739" lon="-4.9986927">
        <ele>7.6</ele>
        <time>2026-09-14T11:19:56.000Z</time>
        <speed>0.774</speed>
      </trkpt>
      <trkpt lat="50.5401736" lon="-4.9987444">
        <ele>7.4</ele>
        <time>2026-09-14T11:20:01.000Z</time>
        <speed>0.784</speed>
      </trkpt>
      <trkpt lat="50.5401737" lon="-4.9987493">
        <ele>7.0</ele>
        <time>2026-09-14T11:20:06.000Z</time>
        <speed>0.681</speed>
      </trkpt>
      <trkpt lat="50.5401737" lon="-4.9987493">
        <ele>6.6</ele>
        <time>2026-09-14T11:20:11.000Z</time>
        <speed>0.000</speed>
      </trkpt>
      <trkpt lat="50.5401737" lon="-4.9987493">
        <ele>7.6</ele>
        <time>2026-09-14T11:20:16.000Z</time>
        <speed>0.000</speed>
      </trkpt>
      <trkpt lat="50.5401737" lon="-4.9987493">
        <ele>7.2</ele>
        <time>2026-09-14T11:20:21.000Z</time>
        <speed>0.000</speed>
      </trkpt>
      <trkpt lat="50.5401737" lon="-4.9987493">
        <ele>7.2</ele>
        <time>2026-09-14T11:20:26.000Z</time>
        <speed>0.000</speed>
      </trkpt>
      <trkpt lat="50.5401737" lon="-4.9987493">
        <ele>7.8</ele>
        <time>2026-09-14T11:20:31.000Z</time>
        <speed>0.000</speed>
      </trkpt>
      <trkpt lat="50.5401737" lon="-4.9987493">
        <ele>7.4</ele>
        <time>2026-09-14T11:20:36.000Z</time>
        <speed>0.000</speed>
      </trkpt>
      <trkpt lat="50.5401737" lon="-4.9987493">
        <ele>7.4</ele>
        <time>2026-09-14T11:20:41.000Z</time>
        <speed>0.000</speed>
      </trkpt>
      <trkpt lat="50.5401782" lon="-4.9987991">
        <ele>7.2</ele>
        <time>2026-09-14T11:20:46.000Z</time>
        <speed>0.000</speed>
      </trkpt>
      <trkpt lat="50.5401736" lon="-4.9988869">
        <ele>7.8</ele>
        <time>2026-09-14T11:20:51.000Z</time>
        <speed>1.269</speed>
      </trkpt>
      <trkpt lat="50.5401615" lon="-4.9989568">
        <ele>7.8</ele>
        <time>2026-09-14T11:20:56.000Z</time>
        <speed>1.157</speed>
      </trkpt>
      <trkpt lat="50.5401627" lon="-4.9990526">
        <ele>7.4</ele>
        <time>2026-09-14T11:21:01.000Z</time>
        <speed>1.157</speed>
      </trkpt>
      <trkpt lat="50.5401605" lon="-4.9991381">
        <ele>7.2</ele>
        <time>2026-09-14T11:21:06.000Z</time>
        <speed>1.204</speed>
      </trkpt>
      <trkpt lat="50.5401732" lon="-4.9992103">
        <ele>7.4</ele>
        <time>2026-09-14T11:21:11.000Z</time>
        <speed>1.176</speed>
      </trkpt>
      <trkpt lat="50.5402006" lon="-4.9992767">
        <ele>7.2</ele>
        <time>2026-09-14T11:21:16.000Z</time>
        <speed>1.138</speed>
      </trkpt>
      <trkpt lat="50.5402280" lon="-4.9993402">
        <ele>6.8</ele>
        <time>2026-09-14T11:21:21.000Z</time>
        <speed>1.138</speed>
      </trkpt>
      <trkpt lat="50.5402479" lon="-4.9994104">
        <ele>6.8</ele>
        <time>2026-09-14T11:21:26.000Z</time>
        <speed>1.092</speed>
      </trkpt>
      <trkpt lat="50.5402780" lon="-4.9994752">
        <ele>7.0</ele>
        <time>2026-09-14T11:21:31.000Z</time>
        <speed>1.120</speed>
      </trkpt>
      <trkpt lat="50.5402690" lon="-4.9995317">
        <ele>7.6</ele>
        <time>2026-09-14T11:21:36.000Z</time>
        <speed>1.036</speed>
      </trkpt>
      <trkpt lat="50.5402382" lon="-4.9995632">
        <ele>7.6</ele>
        <time>2026-09-14T11:21:41.000Z</time>
        <speed>0.961</speed>
      </trkpt>
      <trkpt lat="50.5402023" lon="-4.9995847">
        <ele>8.0</ele>
        <time>2026-09-14T11:21:46.000Z</time>
        <speed>0.933</speed>
      </trkpt>
      <trkpt lat="50.5401564" lon="-4.9995995">
        <ele>9.0</ele>
        <time>2026-09-14T11:21:51.000Z</time>
        <speed>0.952</speed>
      </trkpt>
      <trkpt lat="50.5401188" lon="-4.9996145">
        <ele>9.4</ele>
        <time>2026-09-14T11:21:56.000Z</time>
        <speed>0.942</speed>
      </trkpt>
      <trkpt lat="50.5400695" lon="-4.9996208">
        <ele>9.4</ele>
        <time>2026-09-14T11:22:01.000Z</time>
        <speed>0.933</speed>
      </trkpt>
      <trkpt lat="50.5400419" lon="-4.9996093">
        <ele>10.0</ele>
        <time>2026-09-14T11:22:06.000Z</time>
        <speed>0.905</speed>
      </trkpt>
      <trkpt lat="50.5400293" lon="-4.9995922">
        <ele>10.6</ele>
        <time>2026-09-14T11:22:11.000Z</time>
        <speed>0.821</speed>
      </trkpt>
      <trkpt lat="50.5400358" lon="-4.9995949">
        <ele>11.4</ele>
        <time>2026-09-14T11:22:16.000Z</time>
        <speed>0.728</speed>
      </trkpt>
      <trkpt lat="50.5400284" lon="-4.9995840">
        <ele>11.2</ele>
        <time>2026-09-14T11:22:21.000Z</time>
        <speed>0.000</speed>
      </trkpt>
      <trkpt lat="50.5400137" lon="-4.9995884">
        <ele>11.8</ele>
        <time>2026-09-14T11:22:26.000Z</time>
        <speed>0.000</speed>
      </trkpt>
      <trkpt lat="50.5400017" lon="-4.9995991">
        <ele>13.0</ele>
        <time>2026-09-14T11:22:31.000Z</time>
        <speed>0.000</speed>
      </trkpt>
      <trkpt lat="50.5400070" lon="-4.9995923">
        <ele>12.8</ele>
        <time>2026-09-14T11:22:36.000Z</time>
        <speed>0.000</speed>
      </trkpt>
      <trkpt lat="50.5400048" lon="-4.9995891">
        <ele>12.6</ele>
        <time>2026-09-14T11:22:41.000Z</time>
        <speed>0.000</speed>
      </trkpt>
      <trkpt lat="50.5400115" lon="-4.9995968">
        <ele>13.0</ele>
        <time>2026-09-14T11:22:46.000Z</time>
        <speed>0.000</speed>
      </trkpt>
      <trkpt lat="50.5400178" lon="-4.9995858">
        <ele>13.0</ele>
        <time>2026-09-14T11:22:51.000Z</time>
        <speed>0.000</speed>
      </trkpt>
      <trkpt lat="50.5400098" lon="-4.9995956">
        <ele>13.0</ele>
        <time>2026-09-14T11:22:56.000Z</time>
        <speed>0.000</speed>
      </trkpt>
      <trkpt lat="50.5399987" lon="-4.9996020">
        <ele>12.6</ele>
        <time>2026-09-14T11:23:01.000Z</time>
        <speed>0.000</speed>
      </trkpt>
      <trkpt lat="50.5400060" lon="-4.9995900">
        <ele>12.6</ele>
        <time>2026-09-14T11:23:06.000Z</time>
        <speed>0.000</speed>
      </trkpt>
      <trkpt lat="50.5400060" lon="-4.9995900">
        <ele>12.6</ele>
        <time>2026-09-14T11:23:11.000Z</time>
        <speed>0.000</speed>
      </trkpt>
      <trkpt lat="50.5400060" lon="-4.9995900">
        <ele>12.4</ele>
        <time>2026-09-14T11:23:16.000Z</time>
        <speed>0.000</speed>
      </trkpt>
      <trkpt lat="50.5400060" lon="-4.9995900">
        <ele>12.4</ele>
        <time>2026-09-14T11:23:21.000Z</time>
        <speed>0.000</speed>
      </trkpt>
      <trkpt lat="50.5400060" lon="-4.9995900">
        <ele>12.4</ele>
        <time>2026-09-14T11:23:26.000Z</time>
        <speed>0.000</speed>
      </trkpt>
      <trkpt lat="50.5400060" lon="-4.9995900">
        <ele>12.6</ele>
        <time>2026-09-14T11:23:31.000Z</time>
        <speed>0.000</speed>
      </trkpt>
      <trkpt lat="50.5400060" lon="-4.9995900">
        <ele>12.4</ele>
        <time>2026-09-14T11:23:36.000Z</time>
        <speed>0.000</speed>
      </trkpt>
      <trkpt lat="50.5400060" lon="-4.9995900">
        <ele>12.6</ele>
        <time>2026-09-14T11:23:41.000Z</time>
        <speed>0.000</speed>
      </trkpt>
      <trkpt lat="50.5399816" lon="-4.9995965">
        <ele>12.6</ele>
        <time>2026-09-14T11:23:46.000Z</time>
        <speed>0.000</speed>
      </trkpt>
      <trkpt lat="50.5399520" lon="-4.9996084">
        <ele>14.0</ele>
        <time>2026-09-14T11:23:51.000Z</time>
        <speed>0.000</speed>
      </trkpt>
      <trkpt lat="50.5399153" lon="-4.9996302">
        <ele>14.2</ele>
        <time>2026-09-14T11:23:56.000Z</time>
        <speed>0.000</speed>
      </trkpt>
      <trkpt lat="50.5398860" lon="-4.9996876">
        <ele>16.2</ele>
        <time>2026-09-14T11:24:01.000Z</time>
        <speed>0.000</speed>
      </trkpt>
      <trkpt lat="50.5398906" lon="-4.9997660">
        <ele>16.0</ele>
        <time>2026-09-14T11:24:06.000Z</time>
        <speed>0.299</speed>
      </trkpt>
      <trkpt lat="50.5399005" lon="-4.9998367">
        <ele>16.4</ele>
        <time>2026-09-14T11:24:11.000Z</time>
        <speed>1.101</speed>
      </trkpt>
      <trkpt lat="50.5399217" lon="-4.9999152">
        <ele>16.4</ele>
        <time>2026-09-14T11:24:16.000Z</time>
        <speed>1.278</speed>
      </trkpt>
      <trkpt lat="50.5399554" lon="-4.9999799">
        <ele>16.6</ele>
        <time>2026-09-14T11:24:21.000Z</time>
        <speed>1.269</speed>
      </trkpt>
      <trkpt lat="50.5399954" lon="-5.0000466">
        <ele>16.4</ele>
        <time>2026-09-14T11:24:26.000Z</time>
        <speed>1.306</speed>
      </trkpt>
      <trkpt lat="50.5400287" lon="-5.0001068">
        <ele>16.6</ele>
        <time>2026-09-14T11:24:31.000Z</time>
        <speed>1.297</speed>
      </trkpt>
      <trkpt lat="50.5400663" lon="-5.0001704">
        <ele>17.0</ele>
        <time>2026-09-14T11:24:36.000Z</time>
        <speed>1.250</speed>
      </trkpt>
      <trkpt lat="50.5401090" lon="-5.0002340">
        <ele>17.4</ele>
        <time>2026-09-14T11:24:41.000Z</time>
        <speed>1.306</speed>
      </trkpt>
      <trkpt lat="50.5401498" lon="-5.0002835">
        <ele>17.4</ele>
        <time>2026-09-14T11:24:46.000Z</time>
        <speed>1.306</speed>
      </trkpt>
      <trkpt lat="50.5401810" lon="-5.0003460">
        <ele>17.8</ele>
        <time>2026-09-14T11:24:51.000Z</time>
        <speed>1.288</speed>
      </trkpt>
      <trkpt lat="50.5401910" lon="-5.0004232">
        <ele>18.0</ele>
        <time>2026-09-14T11:24:56.000Z</time>
        <speed>1.241</speed>
      </trkpt>
      <trkpt lat="50.5402008" lon="-5.0005159">
        <ele>17.6</ele>
        <time>2026-09-14T11:25:01.000Z</time>
        <speed>1.260</speed>
      </trkpt>
      <trkpt lat="50.5402014" lon="-5.0005941">
        <ele>18.8</ele>
        <time>2026-09-14T11:25:06.000Z</time>
        <speed>1.250</speed>
      </trkpt>
      <trkpt lat="50.5402033" lon="-5.0006829">
        <ele>18.6</ele>
        <time>2026-09-14T11:25:11.000Z</time>
        <speed>1.260</speed>
      </trkpt>
      <trkpt lat="50.5402030" lon="-5.0007789">
        <ele>17.0</ele>
        <time>2026-09-14T11:25:16.000Z</time>
        <speed>1.288</speed>
      </trkpt>
      <trkpt lat="50.5402082" lon="-5.0008718">
        <ele>16.8</ele>
        <time>2026-09-14T11:25:21.000Z</time>
        <speed>1.344</speed>
      </trkpt>
      <trkpt lat="50.5402200" lon="-5.0009641">
        <ele>17.0</ele>
        <time>2026-09-14T11:25:26.000Z</time>
        <speed>1.334</speed>
      </trkpt>
      <trkpt lat="50.5402362" lon="-5.0010467">
        <ele>17.8</ele>
        <time>2026-09-14T11:25:31.000Z</time>
        <speed>1.316</speed>
      </trkpt>
      <trkpt lat="50.5402508" lon="-5.0011418">
        <ele>17.6</ele>
        <time>2026-09-14T11:25:36.000Z</time>
        <speed>1.316</speed>
      </trkpt>
      <trkpt lat="50.5402672" lon="-5.0012283">
        <ele>17.4</ele>
        <time>2026-09-14T11:25:41.000Z</time>
        <speed>1.316</speed>
      </trkpt>
      <trkpt lat="50.5402802" lon="-5.0013235">
        <ele>17.8</ele>
        <time>2026-09-14T11:25:46.000Z</time>
        <speed>1.353</speed>
      </trkpt>
      <trkpt lat="50.5403040" lon="-5.0014048">
        <ele>17.0</ele>
        <time>2026-09-14T11:25:51.000Z</time>
        <speed>1.344</speed>
      </trkpt>
      <trkpt lat="50.5403393" lon="-5.0014847">
        <ele>16.8</ele>
        <time>2026-09-14T11:25:56.000Z</time>
        <speed>1.428</speed>
      </trkpt>
      <trkpt lat="50.5403660" lon="-5.0015540">
        <ele>17.2</ele>
        <time>2026-09-14T11:26:01.000Z</time>
        <speed>1.353</speed>
      </trkpt>
      <trkpt lat="50.5404009" lon="-5.0016340">
        <ele>17.4</ele>
        <time>2026-09-14T11:26:06.000Z</time>
        <speed>1.334</speed>
      </trkpt>
      <trkpt lat="50.5404199" lon="-5.0017094">
        <ele>17.2</ele>
        <time>2026-09-14T11:26:11.000Z</time>
        <speed>1.297</speed>
      </trkpt>
      <trkpt lat="50.5404387" lon="-5.0017950">
        <ele>17.2</ele>
        <time>2026-09-14T11:26:16.000Z</time>
        <speed>1.278</speed>
      </trkpt>
      <trkpt lat="50.5404637" lon="-5.0018898">
        <ele>16.4</ele>
        <time>2026-09-14T11:26:21.000Z</time>
        <speed>1.306</speed>
      </trkpt>
      <trkpt lat="50.5404833" lon="-5.0019725">
        <ele>16.0</ele>
        <time>2026-09-14T11:26:26.000Z</time>
        <speed>1.316</speed>
      </trkpt>
      <trkpt lat="50.5405068" lon="-5.0020521">
        <ele>16.2</ele>
        <time>2026-09-14T11:26:31.000Z</time>
        <speed>1.297</speed>
      </trkpt>
      <trkpt lat="50.5405361" lon="-5.0021269">
        <ele>16.0</ele>
        <time>2026-09-14T11:26:36.000Z</time>
        <speed>1.297</speed>
      </trkpt>
      <trkpt lat="50.5405767" lon="-5.0021852">
        <ele>14.2</ele>
        <time>2026-09-14T11:26:41.000Z</time>
        <speed>1.288</speed>
      </trkpt>
      <trkpt lat="50.5406409" lon="-5.0022378">
        <ele>15.4</ele>
        <time>2026-09-14T11:26:46.000Z</time>
        <speed>1.306</speed>
      </trkpt>
      <trkpt lat="50.5406947" lon="-5.0022581">
        <ele>15.4</ele>
        <time>2026-09-14T11:26:51.000Z</time>
        <speed>1.306</speed>
      </trkpt>
      <trkpt lat="50.5407491" lon="-5.0022858">
        <ele>15.6</ele>
        <time>2026-09-14T11:26:56.000Z</time>
        <speed>1.288</speed>
      </trkpt>
      <trkpt lat="50.5408024" lon="-5.0023155">
        <ele>15.6</ele>
        <time>2026-09-14T11:27:01.000Z</time>
        <speed>1.288</speed>
      </trkpt>
      <trkpt lat="50.5408480" lon="-5.0023588">
        <ele>16.0</ele>
        <time>2026-09-14T11:27:06.000Z</time>
        <speed>1.260</speed>
      </trkpt>
      <trkpt lat="50.5408506" lon="-5.0023765">
        <ele>16.6</ele>
        <time>2026-09-14T11:27:11.000Z</time>
        <speed>1.120</speed>
      </trkpt>
      <trkpt lat="50.5408506" lon="-5.0023941">
        <ele>16.2</ele>
        <time>2026-09-14T11:27:16.000Z</time>
        <speed>0.000</speed>
      </trkpt>
      <trkpt lat="50.5408579" lon="-5.0024231">
        <ele>15.8</ele>
        <time>2026-09-14T11:27:21.000Z</time>
        <speed>0.280</speed>
      </trkpt>
      <trkpt lat="50.5409078" lon="-5.0024302">
        <ele>15.8</ele>
        <time>2026-09-14T11:27:26.000Z</time>
        <speed>0.970</speed>
      </trkpt>
      <trkpt lat="50.5409596" lon="-5.0024453">
        <ele>15.8</ele>
        <time>2026-09-14T11:27:31.000Z</time>
        <speed>1.129</speed>
      </trkpt>
      <trkpt lat="50.5409874" lon="-5.0025154">
        <ele>15.4</ele>
        <time>2026-09-14T11:27:36.000Z</time>
        <speed>1.166</speed>
      </trkpt>
      <trkpt lat="50.5410203" lon="-5.0026015">
        <ele>14.8</ele>
        <time>2026-09-14T11:27:41.000Z</time>
        <speed>1.250</speed>
      </trkpt>
      <trkpt lat="50.5410563" lon="-5.0026691">
        <ele>15.0</ele>
        <time>2026-09-14T11:27:46.000Z</time>
        <speed>1.250</speed>
      </trkpt>
      <trkpt lat="50.5410890" lon="-5.0027430">
        <ele>15.0</ele>
        <time>2026-09-14T11:27:51.000Z</time>
        <speed>1.232</speed>
      </trkpt>
      <trkpt lat="50.5411255" lon="-5.0028098">
        <ele>14.8</ele>
        <time>2026-09-14T11:27:56.000Z</time>
        <speed>1.241</speed>
      </trkpt>
      <trkpt lat="50.5411640" lon="-5.0028760">
        <ele>15.0</ele>
        <time>2026-09-14T11:28:01.000Z</time>
        <speed>1.278</speed>
      </trkpt>
      <trkpt lat="50.5411964" lon="-5.0029449">
        <ele>15.0</ele>
        <time>2026-09-14T11:28:06.000Z</time>
        <speed>1.278</speed>
      </trkpt>
      <trkpt lat="50.5411945" lon="-5.0030199">
        <ele>15.0</ele>
        <time>2026-09-14T11:28:11.000Z</time>
        <speed>1.176</speed>
      </trkpt>
      <trkpt lat="50.5411801" lon="-5.0030933">
        <ele>15.4</ele>
        <time>2026-09-14T11:28:16.000Z</time>
        <speed>1.176</speed>
      </trkpt>
      <trkpt lat="50.5411674" lon="-5.0031822">
        <ele>16.2</ele>
        <time>2026-09-14T11:28:21.000Z</time>
        <speed>1.194</speed>
      </trkpt>
      <trkpt lat="50.5411495" lon="-5.0032669">
        <ele>16.2</ele>
        <time>2026-09-14T11:28:26.000Z</time>
        <speed>1.213</speed>
      </trkpt>
      <trkpt lat="50.5411635" lon="-5.0033526">
        <ele>16.8</ele>
        <time>2026-09-14T11:28:31.000Z</time>
        <speed>1.222</speed>
      </trkpt>
      <trkpt lat="50.5411996" lon="-5.0034150">
        <ele>16.6</ele>
        <time>2026-09-14T11:28:36.000Z</time>
        <speed>1.222</speed>
      </trkpt>
      <trkpt lat="50.5412382" lon="-5.0034861">
        <ele>16.4</ele>
        <time>2026-09-14T11:28:41.000Z</time>
        <speed>1.241</speed>
      </trkpt>
      <trkpt lat="50.5412769" lon="-5.0035494">
        <ele>16.6</ele>
        <time>2026-09-14T11:28:46.000Z</time>
        <speed>1.241</speed>
      </trkpt>
      <trkpt lat="50.5413081" lon="-5.0035989">
        <ele>16.6</ele>
        <time>2026-09-14T11:28:51.000Z</time>
        <speed>1.166</speed>
      </trkpt>
      <trkpt lat="50.5413539" lon="-5.0036109">
        <ele>16.6</ele>
        <time>2026-09-14T11:28:56.000Z</time>
        <speed>1.101</speed>
      </trkpt>
      <trkpt lat="50.5414056" lon="-5.0035629">
        <ele>16.6</ele>
        <time>2026-09-14T11:29:01.000Z</time>
        <speed>1.213</speed>
      </trkpt>
      <trkpt lat="50.5414501" lon="-5.0035202">
        <ele>16.0</ele>
        <time>2026-09-14T11:29:06.000Z</time>
        <speed>1.176</speed>
      </trkpt>
      <trkpt lat="50.5414996" lon="-5.0035425">
        <ele>14.8</ele>
        <time>2026-09-14T11:29:11.000Z</time>
        <speed>1.176</speed>
      </trkpt>
      <trkpt lat="50.5415582" lon="-5.0035838">
        <ele>14.4</ele>
        <time>2026-09-14T11:29:16.000Z</time>
        <speed>1.288</speed>
      </trkpt>
      <trkpt lat="50.5416079" lon="-5.0036181">
        <ele>14.6</ele>
        <time>2026-09-14T11:29:21.000Z</time>
        <speed>1.269</speed>
      </trkpt>
      <trkpt lat="50.5416584" lon="-5.0036506">
        <ele>14.4</ele>
        <time>2026-09-14T11:29:26.000Z</time>
        <speed>1.241</speed>
      </trkpt>
      <trkpt lat="50.5416950" lon="-5.0036898">
        <ele>14.2</ele>
        <time>2026-09-14T11:29:31.000Z</time>
        <speed>1.166</speed>
      </trkpt>
      <trkpt lat="50.5416952" lon="-5.0036950">
        <ele>14.0</ele>
        <time>2026-09-14T11:29:36.000Z</time>
        <speed>0.000</speed>
      </trkpt>
      <trkpt lat="50.5417051" lon="-5.0037063">
        <ele>14.0</ele>
        <time>2026-09-14T11:29:41.000Z</time>
        <speed>0.000</speed>
      </trkpt>
      <trkpt lat="50.5417558" lon="-5.0036762">
        <ele>13.8</ele>
        <time>2026-09-14T11:29:46.000Z</time>
        <speed>0.000</speed>
      </trkpt>
      <trkpt lat="50.5418115" lon="-5.0036829">
        <ele>14.0</ele>
        <time>2026-09-14T11:29:51.000Z</time>
        <speed>1.353</speed>
      </trkpt>
      <trkpt lat="50.5418606" lon="-5.0037157">
        <ele>14.2</ele>
        <time>2026-09-14T11:29:56.000Z</time>
        <speed>1.278</speed>
      </trkpt>
      <trkpt lat="50.5418970" lon="-5.0037422">
        <ele>14.2</ele>
        <time>2026-09-14T11:30:01.000Z</time>
        <speed>1.082</speed>
      </trkpt>
      <trkpt lat="50.5419197" lon="-5.0037480">
        <ele>14.0</ele>
        <time>2026-09-14T11:30:06.000Z</time>
        <speed>1.008</speed>
      </trkpt>
      <trkpt lat="50.5419229" lon="-5.0037544">
        <ele>14.6</ele>
        <time>2026-09-14T11:30:11.000Z</time>
        <speed>0.000</speed>
      </trkpt>
      <trkpt lat="50.5419229" lon="-5.0037544">
        <ele>15.0</ele>
        <time>2026-09-14T11:30:16.000Z</time>
        <speed>0.000</speed>
      </trkpt>
      <trkpt lat="50.5419229" lon="-5.0037544">
        <ele>14.4</ele>
        <time>2026-09-14T11:30:21.000Z</time>
        <speed>0.000</speed>
      </trkpt>
      <trkpt lat="50.5419229" lon="-5.0037544">
        <ele>14.8</ele>
        <time>2026-09-14T11:30:26.000Z</time>
        <speed>0.000</speed>
      </trkpt>
      <trkpt lat="50.5419229" lon="-5.0037544">
        <ele>14.6</ele>
        <time>2026-09-14T11:30:31.000Z</time>
        <speed>0.000</speed>
      </trkpt>
      <trkpt lat="50.5419229" lon="-5.0037544">
        <ele>14.4</ele>
        <time>2026-09-14T11:30:36.000Z</time>
        <speed>0.000</speed>
      </trkpt>
      <trkpt lat="50.5419723" lon="-5.0038112">
        <ele>13.6</ele>
        <time>2026-09-14T11:30:41.000Z</time>
        <speed>1.437</speed>
      </trkpt>
      <trkpt lat="50.5420348" lon="-5.0038493">
        <ele>14.2</ele>
        <time>2026-09-14T11:30:46.000Z</time>
        <speed>1.390</speed>
      </trkpt>
      <trkpt lat="50.5420945" lon="-5.0038907">
        <ele>14.0</ele>
        <time>2026-09-14T11:30:51.000Z</time>
        <speed>1.484</speed>
      </trkpt>
      <trkpt lat="50.5421449" lon="-5.0039273">
        <ele>13.8</ele>
        <time>2026-09-14T11:30:56.000Z</time>
        <speed>1.446</speed>
      </trkpt>
      <trkpt lat="50.5422045" lon="-5.0039694">
        <ele>13.6</ele>
        <time>2026-09-14T11:31:01.000Z</time>
        <speed>1.400</speed>
      </trkpt>
      <trkpt lat="50.5422584" lon="-5.0040105">
        <ele>13.6</ele>
        <time>2026-09-14T11:31:06.000Z</time>
        <speed>1.353</speed>
      </trkpt>
      <trkpt lat="50.5423124" lon="-5.0040508">
        <ele>13.4</ele>
        <time>2026-09-14T11:31:11.000Z</time>
        <speed>1.306</speed>
      </trkpt>
      <trkpt lat="50.5423715" lon="-5.0040904">
        <ele>13.2</ele>
        <time>2026-09-14T11:31:16.000Z</time>
        <speed>1.334</speed>
      </trkpt>
      <trkpt lat="50.5424199" lon="-5.0041347">
        <ele>13.0</ele>
        <time>2026-09-14T11:31:21.000Z</time>
        <speed>1.353</speed>
      </trkpt>
      <trkpt lat="50.5424726" lon="-5.0041705">
        <ele>13.4</ele>
        <time>2026-09-14T11:31:26.000Z</time>
        <speed>1.344</speed>
      </trkpt>
      <trkpt lat="50.5425294" lon="-5.0042153">
        <ele>12.6</ele>
        <time>2026-09-14T11:31:31.000Z</time>
        <speed>1.306</speed>
      </trkpt>
      <trkpt lat="50.5425786" lon="-5.0042570">
        <ele>13.4</ele>
        <time>2026-09-14T11:31:36.000Z</time>
        <speed>1.306</speed>
      </trkpt>
      <trkpt lat="50.5426376" lon="-5.0043227">
        <ele>13.0</ele>
        <time>2026-09-14T11:31:41.000Z</time>
        <speed>1.353</speed>
      </trkpt>
      <trkpt lat="50.5426807" lon="-5.0043653">
        <ele>13.2</ele>
        <time>2026-09-14T11:31:46.000Z</time>
        <speed>1.325</speed>
      </trkpt>
      <trkpt lat="50.5427304" lon="-5.0044145">
        <ele>12.8</ele>
        <time>2026-09-14T11:31:51.000Z</time>
        <speed>1.353</speed>
      </trkpt>
      <trkpt lat="50.5427936" lon="-5.0044525">
        <ele>13.0</ele>
        <time>2026-09-14T11:31:56.000Z</time>
        <speed>1.362</speed>
      </trkpt>
      <trkpt lat="50.5428445" lon="-5.0045003">
        <ele>12.8</ele>
        <time>2026-09-14T11:32:01.000Z</time>
        <speed>1.353</speed>
      </trkpt>
      <trkpt lat="50.5428743" lon="-5.0045825">
        <ele>12.4</ele>
        <time>2026-09-14T11:32:06.000Z</time>
        <speed>1.353</speed>
      </trkpt>
      <trkpt lat="50.5429003" lon="-5.0046693">
        <ele>13.0</ele>
        <time>2026-09-14T11:32:11.000Z</time>
        <speed>1.353</speed>
      </trkpt>
      <trkpt lat="50.5429269" lon="-5.0047486">
        <ele>13.0</ele>
        <time>2026-09-14T11:32:16.000Z</time>
        <speed>1.325</speed>
      </trkpt>
      <trkpt lat="50.5429521" lon="-5.0048236">
        <ele>13.6</ele>
        <time>2026-09-14T11:32:21.000Z</time>
        <speed>1.297</speed>
      </trkpt>
      <trkpt lat="50.5429919" lon="-5.0048898">
        <ele>14.0</ele>
        <time>2026-09-14T11:32:26.000Z</time>
        <speed>1.297</speed>
      </trkpt>
      <trkpt lat="50.5430513" lon="-5.0049252">
        <ele>13.8</ele>
        <time>2026-09-14T11:32:31.000Z</time>
        <speed>1.288</speed>
      </trkpt>
      <trkpt lat="50.5430681" lon="-5.0049211">
        <ele>14.2</ele>
        <time>2026-09-14T11:32:36.000Z</time>
        <speed>1.250</speed>
      </trkpt>
      <trkpt lat="50.5430735" lon="-5.0049176">
        <ele>13.6</ele>
        <time>2026-09-14T11:32:41.000Z</time>
        <speed>0.000</speed>
      </trkpt>
      <trkpt lat="50.5430734" lon="-5.0049177">
        <ele>14.0</ele>
        <time>2026-09-14T11:32:46.000Z</time>
        <speed>0.000</speed>
      </trkpt>
      <trkpt lat="50.5430734" lon="-5.0049177">
        <ele>14.2</ele>
        <time>2026-09-14T11:32:51.000Z</time>
        <speed>0.000</speed>
      </trkpt>
      <trkpt lat="50.5430840" lon="-5.0049387">
        <ele>13.8</ele>
        <time>2026-09-14T11:32:56.000Z</time>
        <speed>0.000</speed>
      </trkpt>
      <trkpt lat="50.5431215" lon="-5.0049661">
        <ele>14.0</ele>
        <time>2026-09-14T11:33:01.000Z</time>
        <speed>0.812</speed>
      </trkpt>
      <trkpt lat="50.5431576" lon="-5.0049783">
        <ele>14.2</ele>
        <time>2026-09-14T11:33:06.000Z</time>
        <speed>0.905</speed>
      </trkpt>
      <trkpt lat="50.5431860" lon="-5.0049822">
        <ele>14.0</ele>
        <time>2026-09-14T11:33:11.000Z</time>
        <speed>0.802</speed>
      </trkpt>
      <trkpt lat="50.5431920" lon="-5.0049849">
        <ele>13.8</ele>
        <time>2026-09-14T11:33:16.000Z</time>
        <speed>0.625</speed>
      </trkpt>
      <trkpt lat="50.5431961" lon="-5.0049931">
        <ele>13.8</ele>
        <time>2026-09-14T11:33:21.000Z</time>
        <speed>0.513</speed>
      </trkpt>
      <trkpt lat="50.5432318" lon="-5.0050045">
        <ele>13.8</ele>
        <time>2026-09-14T11:33:26.000Z</time>
        <speed>0.765</speed>
      </trkpt>
      <trkpt lat="50.5432782" lon="-5.0050132">
        <ele>13.8</ele>
        <time>2026-09-14T11:33:31.000Z</time>
        <speed>0.989</speed>
      </trkpt>
      <trkpt lat="50.5433190" lon="-5.0050107">
        <ele>13.8</ele>
        <time>2026-09-14T11:33:36.000Z</time>
        <speed>1.064</speed>
      </trkpt>
      <trkpt lat="50.5433365" lon="-5.0050321">
        <ele>14.2</ele>
        <time>2026-09-14T11:33:41.000Z</time>
        <speed>0.728</speed>
      </trkpt>
      <trkpt lat="50.5433826" lon="-5.0050260">
        <ele>14.4</ele>
        <time>2026-09-14T11:33:46.000Z</time>
        <speed>0.989</speed>
      </trkpt>
      <trkpt lat="50.5434318" lon="-5.0049842">
        <ele>14.4</ele>
        <time>2026-09-14T11:33:51.000Z</time>
        <speed>1.082</speed>
      </trkpt>
      <trkpt lat="50.5434773" lon="-5.0049537">
        <ele>14.0</ele>
        <time>2026-09-14T11:33:56.000Z</time>
        <speed>1.129</speed>
      </trkpt>
      <trkpt lat="50.5435154" lon="-5.0048837">
        <ele>14.0</ele>
        <time>2026-09-14T11:34:01.000Z</time>
        <speed>1.176</speed>
      </trkpt>
      <trkpt lat="50.5435432" lon="-5.0048563">
        <ele>14.2</ele>
        <time>2026-09-14T11:34:06.000Z</time>
        <speed>1.045</speed>
      </trkpt>
      <trkpt lat="50.5435358" lon="-5.0048651">
        <ele>13.6</ele>
        <time>2026-09-14T11:34:11.000Z</time>
        <speed>0.000</speed>
      </trkpt>
      <trkpt lat="50.5435712" lon="-5.0048133">
        <ele>14.2</ele>
        <time>2026-09-14T11:34:16.000Z</time>
        <speed>0.000</speed>
      </trkpt>
      <trkpt lat="50.5436247" lon="-5.0047703">
        <ele>14.0</ele>
        <time>2026-09-14T11:34:21.000Z</time>
        <speed>0.551</speed>
      </trkpt>
      <trkpt lat="50.5436753" lon="-5.0047465">
        <ele>14.2</ele>
        <time>2026-09-14T11:34:26.000Z</time>
        <speed>1.008</speed>
      </trkpt>
      <trkpt lat="50.5437256" lon="-5.0047500">
        <ele>14.2</ele>
        <time>2026-09-14T11:34:31.000Z</time>
        <speed>1.157</speed>
      </trkpt>
      <trkpt lat="50.5437760" lon="-5.0047715">
        <ele>14.2</ele>
        <time>2026-09-14T11:34:36.000Z</time>
        <speed>1.185</speed>
      </trkpt>
      <trkpt lat="50.5438115" lon="-5.0047916">
        <ele>13.8</ele>
        <time>2026-09-14T11:34:41.000Z</time>
        <speed>1.138</speed>
      </trkpt>
      <trkpt lat="50.5438618" lon="-5.0048172">
        <ele>14.2</ele>
        <time>2026-09-14T11:34:46.000Z</time>
        <speed>1.110</speed>
      </trkpt>
      <trkpt lat="50.5439023" lon="-5.0048255">
        <ele>14.6</ele>
        <time>2026-09-14T11:34:51.000Z</time>
        <speed>0.933</speed>
      </trkpt>
      <trkpt lat="50.5439327" lon="-5.0048423">
        <ele>13.8</ele>
        <time>2026-09-14T11:34:56.000Z</time>
        <speed>0.849</speed>
      </trkpt>
      <trkpt lat="50.5439603" lon="-5.0048776">
        <ele>14.0</ele>
        <time>2026-09-14T11:35:01.000Z</time>
        <speed>0.858</speed>
      </trkpt>
      <trkpt lat="50.5439706" lon="-5.0048768">
        <ele>14.6</ele>
        <time>2026-09-14T11:35:06.000Z</time>
        <speed>0.644</speed>
      </trkpt>
      <trkpt lat="50.5439830" lon="-5.0048972">
        <ele>14.6</ele>
        <time>2026-09-14T11:35:11.000Z</time>
        <speed>0.000</speed>
      </trkpt>
      <trkpt lat="50.5439961" lon="-5.0049172">
        <ele>15.4</ele>
        <time>2026-09-14T11:35:16.000Z</time>
        <speed>0.000</speed>
      </trkpt>
      <trkpt lat="50.5440440" lon="-5.0049029">
        <ele>15.0</ele>
        <time>2026-09-14T11:35:21.000Z</time>
        <speed>0.000</speed>
      </trkpt>
      <trkpt lat="50.5440920" lon="-5.0048945">
        <ele>15.4</ele>
        <time>2026-09-14T11:35:26.000Z</time>
        <speed>0.886</speed>
      </trkpt>
      <trkpt lat="50.5441487" lon="-5.0048815">
        <ele>16.0</ele>
        <time>2026-09-14T11:35:31.000Z</time>
        <speed>1.157</speed>
      </trkpt>
      <trkpt lat="50.5442009" lon="-5.0048792">
        <ele>16.4</ele>
        <time>2026-09-14T11:35:36.000Z</time>
        <speed>1.166</speed>
      </trkpt>
      <trkpt lat="50.5442545" lon="-5.0048915">
        <ele>16.8</ele>
        <time>2026-09-14T11:35:41.000Z</time>
        <speed>1.129</speed>
      </trkpt>
      <trkpt lat="50.5443041" lon="-5.0049172">
        <ele>17.0</ele>
        <time>2026-09-14T11:35:46.000Z</time>
        <speed>1.166</speed>
      </trkpt>
      <trkpt lat="50.5443527" lon="-5.0049210">
        <ele>17.2</ele>
        <time>2026-09-14T11:35:51.000Z</time>
        <speed>1.157</speed>
      </trkpt>
      <trkpt lat="50.5444023" lon="-5.0049174">
        <ele>17.4</ele>
        <time>2026-09-14T11:35:56.000Z</time>
        <speed>1.064</speed>
      </trkpt>
      <trkpt lat="50.5444489" lon="-5.0048895">
        <ele>17.8</ele>
        <time>2026-09-14T11:36:01.000Z</time>
        <speed>1.120</speed>
      </trkpt>
      <trkpt lat="50.5444874" lon="-5.0048521">
        <ele>18.0</ele>
        <time>2026-09-14T11:36:06.000Z</time>
        <speed>1.082</speed>
      </trkpt>
      <trkpt lat="50.5444935" lon="-5.0048463">
        <ele>18.2</ele>
        <time>2026-09-14T11:36:11.000Z</time>
        <speed>0.737</speed>
      </trkpt>
      <trkpt lat="50.5444935" lon="-5.0048463">
        <ele>18.0</ele>
        <time>2026-09-14T11:36:16.000Z</time>
        <speed>0.000</speed>
      </trkpt>
      <trkpt lat="50.5444935" lon="-5.0048463">
        <ele>18.0</ele>
        <time>2026-09-14T11:36:21.000Z</time>
        <speed>0.000</speed>
      </trkpt>
      <trkpt lat="50.5444935" lon="-5.0048463">
        <ele>18.0</ele>
        <time>2026-09-14T11:36:26.000Z</time>
        <speed>0.000</speed>
      </trkpt>
      <trkpt lat="50.5444935" lon="-5.0048463">
        <ele>18.0</ele>
        <time>2026-09-14T11:36:31.000Z</time>
        <speed>0.000</speed>
      </trkpt>
      <trkpt lat="50.5444935" lon="-5.0048463">
        <ele>18.0</ele>
        <time>2026-09-14T11:36:36.000Z</time>
        <speed>0.000</speed>
      </trkpt>
      <trkpt lat="50.5444935" lon="-5.0048463">
        <ele>18.0</ele>
        <time>2026-09-14T11:36:41.000Z</time>
        <speed>0.000</speed>
      </trkpt>
      <trkpt lat="50.5445067" lon="-5.0048095">
        <ele>18.2</ele>
        <time>2026-09-14T11:36:46.000Z</time>
        <speed>0.000</speed>
      </trkpt>
      <trkpt lat="50.5445495" lon="-5.0047232">
        <ele>18.0</ele>
        <time>2026-09-14T11:36:51.000Z</time>
        <speed>1.269</speed>
      </trkpt>
      <trkpt lat="50.5445893" lon="-5.0046614">
        <ele>17.8</ele>
        <time>2026-09-14T11:36:56.000Z</time>
        <speed>1.297</speed>
      </trkpt>
      <trkpt lat="50.5446336" lon="-5.0045916">
        <ele>18.0</ele>
        <time>2026-09-14T11:37:01.000Z</time>
        <speed>1.334</speed>
      </trkpt>
      <trkpt lat="50.5446771" lon="-5.0045170">
        <ele>17.8</ele>
        <time>2026-09-14T11:37:06.000Z</time>
        <speed>1.344</speed>
      </trkpt>
      <trkpt lat="50.5447239" lon="-5.0044505">
        <ele>17.8</ele>
        <time>2026-09-14T11:37:11.000Z</time>
        <speed>1.362</speed>
      </trkpt>
      <trkpt lat="50.5447612" lon="-5.0043735">
        <ele>17.6</ele>
        <time>2026-09-14T11:37:16.000Z</time>
        <speed>1.474</speed>
      </trkpt>
      <trkpt lat="50.5448040" lon="-5.0042953">
        <ele>17.6</ele>
        <time>2026-09-14T11:37:21.000Z</time>
        <speed>1.372</speed>
      </trkpt>
      <trkpt lat="50.5448341" lon="-5.0042261">
        <ele>17.2</ele>
        <time>2026-09-14T11:37:26.000Z</time>
        <speed>1.344</speed>
      </trkpt>
      <trkpt lat="50.5448719" lon="-5.0041477">
        <ele>17.4</ele>
        <time>2026-09-14T11:37:31.000Z</time>
        <speed>1.353</speed>
      </trkpt>
      <trkpt lat="50.5449086" lon="-5.0040763">
        <ele>17.0</ele>
        <time>2026-09-14T11:37:36.000Z</time>
        <speed>1.344</speed>
      </trkpt>
      <trkpt lat="50.5449463" lon="-5.0039943">
        <ele>16.0</ele>
        <time>2026-09-14T11:37:41.000Z</time>
        <speed>1.362</speed>
      </trkpt>
      <trkpt lat="50.5449791" lon="-5.0039228">
        <ele>15.8</ele>
        <time>2026-09-14T11:37:46.000Z</time>
        <speed>1.353</speed>
      </trkpt>
      <trkpt lat="50.5450154" lon="-5.0038596">
        <ele>16.4</ele>
        <time>2026-09-14T11:37:51.000Z</time>
        <speed>1.325</speed>
      </trkpt>
      <trkpt lat="50.5450599" lon="-5.0038016">
        <ele>16.0</ele>
        <time>2026-09-14T11:37:56.000Z</time>
        <speed>1.316</speed>
      </trkpt>
      <trkpt lat="50.5450996" lon="-5.0037479">
        <ele>15.0</ele>
        <time>2026-09-14T11:38:01.000Z</time>
        <speed>1.269</speed>
      </trkpt>
      <trkpt lat="50.5451427" lon="-5.0037157">
        <ele>14.8</ele>
        <time>2026-09-14T11:38:06.000Z</time>
        <speed>1.222</speed>
      </trkpt>
      <trkpt lat="50.5452086" lon="-5.0037068">
        <ele>14.6</ele>
        <time>2026-09-14T11:38:11.000Z</time>
        <speed>1.232</speed>
      </trkpt>
      <trkpt lat="50.5452400" lon="-5.0037842">
        <ele>14.8</ele>
        <time>2026-09-14T11:38:16.000Z</time>
        <speed>1.213</speed>
      </trkpt>
      <trkpt lat="50.5452609" lon="-5.0038570">
        <ele>15.4</ele>
        <time>2026-09-14T11:38:21.000Z</time>
        <speed>1.222</speed>
      </trkpt>
      <trkpt lat="50.5452773" lon="-5.0039291">
        <ele>15.2</ele>
        <time>2026-09-14T11:38:26.000Z</time>
        <speed>1.148</speed>
      </trkpt>
      <trkpt lat="50.5452845" lon="-5.0040174">
        <ele>16.8</ele>
        <time>2026-09-14T11:38:31.000Z</time>
        <speed>1.157</speed>
      </trkpt>
      <trkpt lat="50.5452905" lon="-5.0041084">
        <ele>17.2</ele>
        <time>2026-09-14T11:38:36.000Z</time>
        <speed>1.157</speed>
      </trkpt>
      <trkpt lat="50.5453107" lon="-5.0041867">
        <ele>17.8</ele>
        <time>2026-09-14T11:38:41.000Z</time>
        <speed>1.185</speed>
      </trkpt>
      <trkpt lat="50.5453277" lon="-5.0042713">
        <ele>18.6</ele>
        <time>2026-09-14T11:38:46.000Z</time>
        <speed>1.166</speed>
      </trkpt>
      <trkpt lat="50.5453449" lon="-5.0043499">
        <ele>19.4</ele>
        <time>2026-09-14T11:38:51.000Z</time>
        <speed>1.157</speed>
      </trkpt>
      <trkpt lat="50.5453651" lon="-5.0044260">
        <ele>19.6</ele>
        <time>2026-09-14T11:38:56.000Z</time>
        <speed>1.166</speed>
      </trkpt>
      <trkpt lat="50.5453855" lon="-5.0044938">
        <ele>20.2</ele>
        <time>2026-09-14T11:39:01.000Z</time>
        <speed>1.148</speed>
      </trkpt>
      <trkpt lat="50.5454232" lon="-5.0045347">
        <ele>20.4</ele>
        <time>2026-09-14T11:39:06.000Z</time>
        <speed>1.110</speed>
      </trkpt>
      <trkpt lat="50.5454760" lon="-5.0045664">
        <ele>21.0</ele>
        <time>2026-09-14T11:39:11.000Z</time>
        <speed>1.129</speed>
      </trkpt>
      <trkpt lat="50.5455304" lon="-5.0045835">
        <ele>21.4</ele>
        <time>2026-09-14T11:39:16.000Z</time>
        <speed>1.148</speed>
      </trkpt>
      <trkpt lat="50.5455861" lon="-5.0045963">
        <ele>21.8</ele>
        <time>2026-09-14T11:39:21.000Z</time>
        <speed>1.148</speed>
      </trkpt>
      <trkpt lat="50.5456380" lon="-5.0046147">
        <ele>22.2</ele>
        <time>2026-09-14T11:39:26.000Z</time>
        <speed>1.166</speed>
      </trkpt>
      <trkpt lat="50.5456808" lon="-5.0046293">
        <ele>22.8</ele>
        <time>2026-09-14T11:39:31.000Z</time>
        <speed>1.148</speed>
      </trkpt>
      <trkpt lat="50.5457230" lon="-5.0046719">
        <ele>23.2</ele>
        <time>2026-09-14T11:39:36.000Z</time>
        <speed>1.129</speed>
      </trkpt>
      <trkpt lat="50.5457544" lon="-5.0047412">
        <ele>23.6</ele>
        <time>2026-09-14T11:39:41.000Z</time>
        <speed>1.129</speed>
      </trkpt>
      <trkpt lat="50.5457865" lon="-5.0048117">
        <ele>24.2</ele>
        <time>2026-09-14T11:39:46.000Z</time>
        <speed>1.166</speed>
      </trkpt>
      <trkpt lat="50.5458215" lon="-5.0048811">
        <ele>24.6</ele>
        <time>2026-09-14T11:39:51.000Z</time>
        <speed>1.166</speed>
      </trkpt>
      <trkpt lat="50.5458571" lon="-5.0049212">
        <ele>25.2</ele>
        <time>2026-09-14T11:39:56.000Z</time>
        <speed>1.138</speed>
      </trkpt>
      <trkpt lat="50.5459083" lon="-5.0049663">
        <ele>25.8</ele>
        <time>2026-09-14T11:40:01.000Z</time>
        <speed>1.120</speed>
      </trkpt>
      <trkpt lat="50.5459234" lon="-5.0049794">
        <ele>26.8</ele>
        <time>2026-09-14T11:40:06.000Z</time>
        <speed>1.017</speed>
      </trkpt>
      <trkpt lat="50.5459524" lon="-5.0049967">
        <ele>27.0</ele>
        <time>2026-09-14T11:40:11.000Z</time>
        <speed>0.392</speed>
      </trkpt>
      <trkpt lat="50.5459526" lon="-5.0050009">
        <ele>27.6</ele>
        <time>2026-09-14T11:40:16.000Z</time>
        <speed>0.000</speed>
      </trkpt>
      <trkpt lat="50.5459529" lon="-5.0049992">
        <ele>26.6</ele>
        <time>2026-09-14T11:40:21.000Z</time>
        <speed>0.000</speed>
      </trkpt>
      <trkpt lat="50.5459529" lon="-5.0049992">
        <ele>26.6</ele>
        <time>2026-09-14T11:40:26.000Z</time>
        <speed>0.000</speed>
      </trkpt>
      <trkpt lat="50.5459529" lon="-5.0049992">
        <ele>26.8</ele>
        <time>2026-09-14T11:40:31.000Z</time>
        <speed>0.000</speed>
      </trkpt>
      <trkpt lat="50.5459529" lon="-5.0049992">
        <ele>26.6</ele>
        <time>2026-09-14T11:40:36.000Z</time>
        <speed>0.000</speed>
      </trkpt>
      <trkpt lat="50.5459529" lon="-5.0049992">
        <ele>26.8</ele>
        <time>2026-09-14T11:40:41.000Z</time>
        <speed>0.000</speed>
      </trkpt>
      <trkpt lat="50.5459494" lon="-5.0049997">
        <ele>26.8</ele>
        <time>2026-09-14T11:40:46.000Z</time>
        <speed>0.000</speed>
      </trkpt>
      <trkpt lat="50.5459529" lon="-5.0049992">
        <ele>27.2</ele>
        <time>2026-09-14T11:40:51.000Z</time>
        <speed>0.000</speed>
      </trkpt>
      <trkpt lat="50.5459529" lon="-5.0049992">
        <ele>27.0</ele>
        <time>2026-09-14T11:40:56.000Z</time>
        <speed>0.000</speed>
      </trkpt>
      <trkpt lat="50.5459529" lon="-5.0049992">
        <ele>26.8</ele>
        <time>2026-09-14T11:41:01.000Z</time>
        <speed>0.000</speed>
      </trkpt>
      <trkpt lat="50.5459526" lon="-5.0050253">
        <ele>26.6</ele>
        <time>2026-09-14T11:41:06.000Z</time>
        <speed>0.000</speed>
      </trkpt>
      <trkpt lat="50.5459487" lon="-5.0051093">
        <ele>27.2</ele>
        <time>2026-09-14T11:41:11.000Z</time>
        <speed>0.914</speed>
      </trkpt>
      <trkpt lat="50.5459452" lon="-5.0051806">
        <ele>27.4</ele>
        <time>2026-09-14T11:41:16.000Z</time>
        <speed>1.008</speed>
      </trkpt>
      <trkpt lat="50.5459583" lon="-5.0052552">
        <ele>28.2</ele>
        <time>2026-09-14T11:41:21.000Z</time>
        <speed>1.166</speed>
      </trkpt>
      <trkpt lat="50.5459600" lon="-5.0053337">
        <ele>29.0</ele>
        <time>2026-09-14T11:41:26.000Z</time>
        <speed>1.138</speed>
      </trkpt>
      <trkpt lat="50.5459585" lon="-5.0054054">
        <ele>29.2</ele>
        <time>2026-09-14T11:41:31.000Z</time>
        <speed>1.101</speed>
      </trkpt>
      <trkpt lat="50.5459498" lon="-5.0054837">
        <ele>29.2</ele>
        <time>2026-09-14T11:41:36.000Z</time>
        <speed>1.092</speed>
      </trkpt>
      <trkpt lat="50.5459268" lon="-5.0055605">
        <ele>29.8</ele>
        <time>2026-09-14T11:41:41.000Z</time>
        <speed>1.138</speed>
      </trkpt>
      <trkpt lat="50.5459035" lon="-5.0056343">
        <ele>30.2</ele>
        <time>2026-09-14T11:41:46.000Z</time>
        <speed>1.120</speed>
      </trkpt>
      <trkpt lat="50.5458817" lon="-5.0057125">
        <ele>29.4</ele>
        <time>2026-09-14T11:41:51.000Z</time>
        <speed>1.166</speed>
      </trkpt>
      <trkpt lat="50.5458563" lon="-5.0057821">
        <ele>29.6</ele>
        <time>2026-09-14T11:41:56.000Z</time>
        <speed>1.185</speed>
      </trkpt>
      <trkpt lat="50.5458308" lon="-5.0058567">
        <ele>29.8</ele>
        <time>2026-09-14T11:42:01.000Z</time>
        <speed>1.176</speed>
      </trkpt>
      <trkpt lat="50.5458136" lon="-5.0059355">
        <ele>30.0</ele>
        <time>2026-09-14T11:42:06.000Z</time>
        <speed>1.166</speed>
      </trkpt>
      <trkpt lat="50.5458139" lon="-5.0060155">
        <ele>30.0</ele>
        <time>2026-09-14T11:42:11.000Z</time>
        <speed>1.157</speed>
      </trkpt>
      <trkpt lat="50.5457929" lon="-5.0060886">
        <ele>31.0</ele>
        <time>2026-09-14T11:42:16.000Z</time>
        <speed>1.138</speed>
      </trkpt>
      <trkpt lat="50.5457661" lon="-5.0061723">
        <ele>31.0</ele>
        <time>2026-09-14T11:42:21.000Z</time>
        <speed>1.176</speed>
      </trkpt>
      <trkpt lat="50.5457412" lon="-5.0062467">
        <ele>30.8</ele>
        <time>2026-09-14T11:42:26.000Z</time>
        <speed>1.204</speed>
      </trkpt>
      <trkpt lat="50.5457175" lon="-5.0063202">
        <ele>30.8</ele>
        <time>2026-09-14T11:42:31.000Z</time>
        <speed>1.176</speed>
      </trkpt>
      <trkpt lat="50.5456796" lon="-5.0063967">
        <ele>30.4</ele>
        <time>2026-09-14T11:42:36.000Z</time>
        <speed>1.250</speed>
      </trkpt>
      <trkpt lat="50.5456544" lon="-5.0064574">
        <ele>30.8</ele>
        <time>2026-09-14T11:42:41.000Z</time>
        <speed>1.213</speed>
      </trkpt>
      <trkpt lat="50.5456231" lon="-5.0065403">
        <ele>31.0</ele>
        <time>2026-09-14T11:42:46.000Z</time>
        <speed>1.241</speed>
      </trkpt>
      <trkpt lat="50.5456101" lon="-5.0066214">
        <ele>31.2</ele>
        <time>2026-09-14T11:42:51.000Z</time>
        <speed>1.278</speed>
      </trkpt>
      <trkpt lat="50.5455806" lon="-5.0067002">
        <ele>31.4</ele>
        <time>2026-09-14T11:42:56.000Z</time>
        <speed>1.260</speed>
      </trkpt>
      <trkpt lat="50.5455565" lon="-5.0067741">
        <ele>31.6</ele>
        <time>2026-09-14T11:43:01.000Z</time>
        <speed>1.241</speed>
      </trkpt>
      <trkpt lat="50.5455305" lon="-5.0068567">
        <ele>32.2</ele>
        <time>2026-09-14T11:43:06.000Z</time>
        <speed>1.213</speed>
      </trkpt>
      <trkpt lat="50.5454967" lon="-5.0069344">
        <ele>32.2</ele>
        <time>2026-09-14T11:43:11.000Z</time>
        <speed>1.278</speed>
      </trkpt>
      <trkpt lat="50.5454705" lon="-5.0070209">
        <ele>31.6</ele>
        <time>2026-09-14T11:43:16.000Z</time>
        <speed>1.288</speed>
      </trkpt>
      <trkpt lat="50.5454505" lon="-5.0071192">
        <ele>31.6</ele>
        <time>2026-09-14T11:43:21.000Z</time>
        <speed>1.334</speed>
      </trkpt>
      <trkpt lat="50.5454350" lon="-5.0071937">
        <ele>31.6</ele>
        <time>2026-09-14T11:43:26.000Z</time>
        <speed>1.288</speed>
      </trkpt>
      <trkpt lat="50.5454139" lon="-5.0072822">
        <ele>31.4</ele>
        <time>2026-09-14T11:43:31.000Z</time>
        <speed>1.278</speed>
      </trkpt>
      <trkpt lat="50.5453922" lon="-5.0073625">
        <ele>31.6</ele>
        <time>2026-09-14T11:43:36.000Z</time>
        <speed>1.288</speed>
      </trkpt>
      <trkpt lat="50.5453683" lon="-5.0074495">
        <ele>31.0</ele>
        <time>2026-09-14T11:43:41.000Z</time>
        <speed>1.306</speed>
      </trkpt>
      <trkpt lat="50.5453558" lon="-5.0075457">
        <ele>30.8</ele>
        <time>2026-09-14T11:43:46.000Z</time>
        <speed>1.316</speed>
      </trkpt>
      <trkpt lat="50.5453498" lon="-5.0076325">
        <ele>30.4</ele>
        <time>2026-09-14T11:43:51.000Z</time>
        <speed>1.297</speed>
      </trkpt>
      <trkpt lat="50.5453505" lon="-5.0077224">
        <ele>29.4</ele>
        <time>2026-09-14T11:43:56.000Z</time>
        <speed>1.306</speed>
      </trkpt>
      <trkpt lat="50.5453482" lon="-5.0078115">
        <ele>28.2</ele>
        <time>2026-09-14T11:44:01.000Z</time>
        <speed>1.316</speed>
      </trkpt>
      <trkpt lat="50.5453314" lon="-5.0079072">
        <ele>29.4</ele>
        <time>2026-09-14T11:44:06.000Z</time>
        <speed>1.325</speed>
      </trkpt>
      <trkpt lat="50.5453186" lon="-5.0080001">
        <ele>29.6</ele>
        <time>2026-09-14T11:44:11.000Z</time>
        <speed>1.316</speed>
      </trkpt>
      <trkpt lat="50.5452956" lon="-5.0080799">
        <ele>29.6</ele>
        <time>2026-09-14T11:44:16.000Z</time>
        <speed>1.306</speed>
      </trkpt>
      <trkpt lat="50.5452801" lon="-5.0081726">
        <ele>30.2</ele>
        <time>2026-09-14T11:44:21.000Z</time>
        <speed>1.316</speed>
      </trkpt>
      <trkpt lat="50.5452557" lon="-5.0082625">
        <ele>30.2</ele>
        <time>2026-09-14T11:44:26.000Z</time>
        <speed>1.344</speed>
      </trkpt>
      <trkpt lat="50.5452345" lon="-5.0083480">
        <ele>29.8</ele>
        <time>2026-09-14T11:44:31.000Z</time>
        <speed>1.334</speed>
      </trkpt>
      <trkpt lat="50.5452184" lon="-5.0084301">
        <ele>29.4</ele>
        <time>2026-09-14T11:44:36.000Z</time>
        <speed>1.306</speed>
      </trkpt>
      <trkpt lat="50.5451946" lon="-5.0085142">
        <ele>29.4</ele>
        <time>2026-09-14T11:44:41.000Z</time>
        <speed>1.297</speed>
      </trkpt>
      <trkpt lat="50.5451772" lon="-5.0086035">
        <ele>29.2</ele>
        <time>2026-09-14T11:44:46.000Z</time>
        <speed>1.316</speed>
      </trkpt>
      <trkpt lat="50.5451541" lon="-5.0086793">
        <ele>28.2</ele>
        <time>2026-09-14T11:44:51.000Z</time>
        <speed>1.260</speed>
      </trkpt>
      <trkpt lat="50.5451698" lon="-5.0087383">
        <ele>28.0</ele>
        <time>2026-09-14T11:44:56.000Z</time>
        <speed>1.222</speed>
      </trkpt>
      <trkpt lat="50.5451677" lon="-5.0087387">
        <ele>28.4</ele>
        <time>2026-09-14T11:45:01.000Z</time>
        <speed>0.000</speed>
      </trkpt>
      <trkpt lat="50.5451677" lon="-5.0087387">
        <ele>28.0</ele>
        <time>2026-09-14T11:45:06.000Z</time>
        <speed>0.000</speed>
      </trkpt>
      <trkpt lat="50.5451450" lon="-5.0088087">
        <ele>28.2</ele>
        <time>2026-09-14T11:45:11.000Z</time>
        <speed>0.653</speed>
      </trkpt>
      <trkpt lat="50.5451236" lon="-5.0088940">
        <ele>28.0</ele>
        <time>2026-09-14T11:45:16.000Z</time>
        <speed>1.344</speed>
      </trkpt>
      <trkpt lat="50.5450841" lon="-5.0089745">
        <ele>28.4</ele>
        <time>2026-09-14T11:45:21.000Z</time>
        <speed>1.353</speed>
      </trkpt>
      <trkpt lat="50.5450576" lon="-5.0090618">
        <ele>28.8</ele>
        <time>2026-09-14T11:45:26.000Z</time>
        <speed>1.353</speed>
      </trkpt>
      <trkpt lat="50.5450310" lon="-5.0091517">
        <ele>28.6</ele>
        <time>2026-09-14T11:45:31.000Z</time>
        <speed>1.344</speed>
      </trkpt>
      <trkpt lat="50.5450110" lon="-5.0092381">
        <ele>28.4</ele>
        <time>2026-09-14T11:45:36.000Z</time>
        <speed>1.344</speed>
      </trkpt>
      <trkpt lat="50.5449858" lon="-5.0093138">
        <ele>28.2</ele>
        <time>2026-09-14T11:45:41.000Z</time>
        <speed>1.194</speed>
      </trkpt>
      <trkpt lat="50.5449565" lon="-5.0094035">
        <ele>28.8</ele>
        <time>2026-09-14T11:45:46.000Z</time>
        <speed>1.269</speed>
      </trkpt>
      <trkpt lat="50.5449209" lon="-5.0094842">
        <ele>28.8</ele>
        <time>2026-09-14T11:45:51.000Z</time>
        <speed>1.306</speed>
      </trkpt>
      <trkpt lat="50.5449019" lon="-5.0095663">
        <ele>28.6</ele>
        <time>2026-09-14T11:45:56.000Z</time>
        <speed>1.306</speed>
      </trkpt>
      <trkpt lat="50.5448766" lon="-5.0096379">
        <ele>28.4</ele>
        <time>2026-09-14T11:46:01.000Z</time>
        <speed>1.269</speed>
      </trkpt>
      <trkpt lat="50.5448612" lon="-5.0097287">
        <ele>28.6</ele>
        <time>2026-09-14T11:46:06.000Z</time>
        <speed>1.288</speed>
      </trkpt>
      <trkpt lat="50.5448308" lon="-5.0098202">
        <ele>28.6</ele>
        <time>2026-09-14T11:46:11.000Z</time>
        <speed>1.297</speed>
      </trkpt>
      <trkpt lat="50.5448029" lon="-5.0099007">
        <ele>27.8</ele>
        <time>2026-09-14T11:46:16.000Z</time>
        <speed>1.297</speed>
      </trkpt>
      <trkpt lat="50.5447783" lon="-5.0099971">
        <ele>28.6</ele>
        <time>2026-09-14T11:46:21.000Z</time>
        <speed>1.325</speed>
      </trkpt>
      <trkpt lat="50.5447581" lon="-5.0100807">
        <ele>28.4</ele>
        <time>2026-09-14T11:46:26.000Z</time>
        <speed>1.325</speed>
      </trkpt>
      <trkpt lat="50.5447287" lon="-5.0101763">
        <ele>27.6</ele>
        <time>2026-09-14T11:46:31.000Z</time>
        <speed>1.344</speed>
      </trkpt>
      <trkpt lat="50.5447057" lon="-5.0102561">
        <ele>28.0</ele>
        <time>2026-09-14T11:46:36.000Z</time>
        <speed>1.325</speed>
      </trkpt>
      <trkpt lat="50.5446756" lon="-5.0103303">
        <ele>27.8</ele>
        <time>2026-09-14T11:46:41.000Z</time>
        <speed>1.316</speed>
      </trkpt>
      <trkpt lat="50.5446623" lon="-5.0104313">
        <ele>27.0</ele>
        <time>2026-09-14T11:46:46.000Z</time>
        <speed>1.325</speed>
      </trkpt>
      <trkpt lat="50.5446557" lon="-5.0105315">
        <ele>27.0</ele>
        <time>2026-09-14T11:46:51.000Z</time>
        <speed>1.353</speed>
      </trkpt>
      <trkpt lat="50.5446740" lon="-5.0106051">
        <ele>27.2</ele>
        <time>2026-09-14T11:46:56.000Z</time>
        <speed>1.325</speed>
      </trkpt>
      <trkpt lat="50.5447167" lon="-5.0106646">
        <ele>27.6</ele>
        <time>2026-09-14T11:47:01.000Z</time>
        <speed>1.297</speed>
      </trkpt>
      <trkpt lat="50.5447586" lon="-5.0107278">
        <ele>28.2</ele>
        <time>2026-09-14T11:47:06.000Z</time>
        <speed>1.260</speed>
      </trkpt>
      <trkpt lat="50.5447996" lon="-5.0108019">
        <ele>28.4</ele>
        <time>2026-09-14T11:47:11.000Z</time>
        <speed>1.241</speed>
      </trkpt>
      <trkpt lat="50.5448531" lon="-5.0108493">
        <ele>28.6</ele>
        <time>2026-09-14T11:47:16.000Z</time>
        <speed>1.250</speed>
      </trkpt>
      <trkpt lat="50.5449048" lon="-5.0108871">
        <ele>29.2</ele>
        <time>2026-09-14T11:47:21.000Z</time>
        <speed>1.232</speed>
      </trkpt>
      <trkpt lat="50.5449071" lon="-5.0109416">
        <ele>29.4</ele>
        <time>2026-09-14T11:47:26.000Z</time>
        <speed>1.176</speed>
      </trkpt>
      <trkpt lat="50.5448834" lon="-5.0110066">
        <ele>29.0</ele>
        <time>2026-09-14T11:47:31.000Z</time>
        <speed>1.148</speed>
      </trkpt>
      <trkpt lat="50.5448710" lon="-5.0110850">
        <ele>28.6</ele>
        <time>2026-09-14T11:47:36.000Z</time>
        <speed>1.157</speed>
      </trkpt>
      <trkpt lat="50.5448574" lon="-5.0111683">
        <ele>29.6</ele>
        <time>2026-09-14T11:47:41.000Z</time>
        <speed>1.157</speed>
      </trkpt>
      <trkpt lat="50.5448465" lon="-5.0112633">
        <ele>28.2</ele>
        <time>2026-09-14T11:47:46.000Z</time>
        <speed>1.222</speed>
      </trkpt>
      <trkpt lat="50.5448267" lon="-5.0113477">
        <ele>28.6</ele>
        <time>2026-09-14T11:47:51.000Z</time>
        <speed>1.269</speed>
      </trkpt>
      <trkpt lat="50.5448320" lon="-5.0114205">
        <ele>28.4</ele>
        <time>2026-09-14T11:47:56.000Z</time>
        <speed>1.232</speed>
      </trkpt>
      <trkpt lat="50.5448178" lon="-5.0115080">
        <ele>28.6</ele>
        <time>2026-09-14T11:48:01.000Z</time>
        <speed>1.176</speed>
      </trkpt>
      <trkpt lat="50.5448051" lon="-5.0116048">
        <ele>29.6</ele>
        <time>2026-09-14T11:48:06.000Z</time>
        <speed>1.213</speed>
      </trkpt>
      <trkpt lat="50.5448238" lon="-5.0116966">
        <ele>29.0</ele>
        <time>2026-09-14T11:48:11.000Z</time>
        <speed>1.288</speed>
      </trkpt>
      <trkpt lat="50.5448225" lon="-5.0117680">
        <ele>29.0</ele>
        <time>2026-09-14T11:48:16.000Z</time>
        <speed>1.232</speed>
      </trkpt>
      <trkpt lat="50.5448343" lon="-5.0118463">
        <ele>29.0</ele>
        <time>2026-09-14T11:48:21.000Z</time>
        <speed>1.185</speed>
      </trkpt>
      <trkpt lat="50.5448327" lon="-5.0119422">
        <ele>28.2</ele>
        <time>2026-09-14T11:48:26.000Z</time>
        <speed>1.278</speed>
      </trkpt>
      <trkpt lat="50.5448341" lon="-5.0120421">
        <ele>27.8</ele>
        <time>2026-09-14T11:48:31.000Z</time>
        <speed>1.297</speed>
      </trkpt>
      <trkpt lat="50.5448439" lon="-5.0121269">
        <ele>27.2</ele>
        <time>2026-09-14T11:48:36.000Z</time>
        <speed>1.278</speed>
      </trkpt>
      <trkpt lat="50.5448558" lon="-5.0122195">
        <ele>26.8</ele>
        <time>2026-09-14T11:48:41.000Z</time>
        <speed>1.325</speed>
      </trkpt>
      <trkpt lat="50.5448470" lon="-5.0123013">
        <ele>27.6</ele>
        <time>2026-09-14T11:48:46.000Z</time>
        <speed>1.222</speed>
      </trkpt>
      <trkpt lat="50.5448614" lon="-5.0123542">
        <ele>27.6</ele>
        <time>2026-09-14T11:48:51.000Z</time>
        <speed>1.092</speed>
      </trkpt>
      <trkpt lat="50.5448625" lon="-5.0124188">
        <ele>27.0</ele>
        <time>2026-09-14T11:48:56.000Z</time>
        <speed>1.054</speed>
      </trkpt>
      <trkpt lat="50.5448785" lon="-5.0124534">
        <ele>26.2</ele>
        <time>2026-09-14T11:49:01.000Z</time>
        <speed>0.961</speed>
      </trkpt>
      <trkpt lat="50.5448948" lon="-5.0125192">
        <ele>25.2</ele>
        <time>2026-09-14T11:49:06.000Z</time>
        <speed>0.952</speed>
      </trkpt>
      <trkpt lat="50.5448924" lon="-5.0125259">
        <ele>25.0</ele>
        <time>2026-09-14T11:49:11.000Z</time>
        <speed>0.802</speed>
      </trkpt>
      <trkpt lat="50.5448953" lon="-5.0125291">
        <ele>25.2</ele>
        <time>2026-09-14T11:49:16.000Z</time>
        <speed>0.000</speed>
      </trkpt>
      <trkpt lat="50.5448924" lon="-5.0125259">
        <ele>25.8</ele>
        <time>2026-09-14T11:49:21.000Z</time>
        <speed>0.000</speed>
      </trkpt>
      <trkpt lat="50.5448924" lon="-5.0125259">
        <ele>25.0</ele>
        <time>2026-09-14T11:49:26.000Z</time>
        <speed>0.000</speed>
      </trkpt>
      <trkpt lat="50.5448924" lon="-5.0125259">
        <ele>24.8</ele>
        <time>2026-09-14T11:49:31.000Z</time>
        <speed>0.000</speed>
      </trkpt>
      <trkpt lat="50.5448922" lon="-5.0125473">
        <ele>25.0</ele>
        <time>2026-09-14T11:49:36.000Z</time>
        <speed>0.000</speed>
      </trkpt>
      <trkpt lat="50.5448919" lon="-5.0125850">
        <ele>25.0</ele>
        <time>2026-09-14T11:49:41.000Z</time>
        <speed>0.000</speed>
      </trkpt>
      <trkpt lat="50.5448909" lon="-5.0126519">
        <ele>24.2</ele>
        <time>2026-09-14T11:49:46.000Z</time>
        <speed>0.737</speed>
      </trkpt>
      <trkpt lat="50.5448858" lon="-5.0127244">
        <ele>22.8</ele>
        <time>2026-09-14T11:49:51.000Z</time>
        <speed>1.185</speed>
      </trkpt>
      <trkpt lat="50.5448648" lon="-5.0128007">
        <ele>22.4</ele>
        <time>2026-09-14T11:49:56.000Z</time>
        <speed>1.166</speed>
      </trkpt>
      <trkpt lat="50.5448549" lon="-5.0128798">
        <ele>22.2</ele>
        <time>2026-09-14T11:50:01.000Z</time>
        <speed>1.148</speed>
      </trkpt>
      <trkpt lat="50.5448486" lon="-5.0129621">
        <ele>21.4</ele>
        <time>2026-09-14T11:50:06.000Z</time>
        <speed>1.166</speed>
      </trkpt>
      <trkpt lat="50.5448343" lon="-5.0130398">
        <ele>20.2</ele>
        <time>2026-09-14T11:50:11.000Z</time>
        <speed>1.176</speed>
      </trkpt>
      <trkpt lat="50.5448209" lon="-5.0131143">
        <ele>19.6</ele>
        <time>2026-09-14T11:50:16.000Z</time>
        <speed>1.129</speed>
      </trkpt>
      <trkpt lat="50.5448119" lon="-5.0131846">
        <ele>19.2</ele>
        <time>2026-09-14T11:50:21.000Z</time>
        <speed>1.092</speed>
      </trkpt>
      <trkpt lat="50.5447875" lon="-5.0132548">
        <ele>18.6</ele>
        <time>2026-09-14T11:50:26.000Z</time>
        <speed>1.101</speed>
      </trkpt>
      <trkpt lat="50.5447759" lon="-5.0133253">
        <ele>17.6</ele>
        <time>2026-09-14T11:50:31.000Z</time>
        <speed>1.101</speed>
      </trkpt>
      <trkpt lat="50.5447560" lon="-5.0134087">
        <ele>17.6</ele>
        <time>2026-09-14T11:50:36.000Z</time>
        <speed>1.120</speed>
      </trkpt>
      <trkpt lat="50.5447315" lon="-5.0134712">
        <ele>17.2</ele>
        <time>2026-09-14T11:50:41.000Z</time>
        <speed>1.092</speed>
      </trkpt>
      <trkpt lat="50.5447098" lon="-5.0135056">
        <ele>16.6</ele>
        <time>2026-09-14T11:50:46.000Z</time>
        <speed>0.924</speed>
      </trkpt>
      <trkpt lat="50.5446859" lon="-5.0135514">
        <ele>15.4</ele>
        <time>2026-09-14T11:50:51.000Z</time>
        <speed>0.970</speed>
      </trkpt>
      <trkpt lat="50.5446693" lon="-5.0136112">
        <ele>14.2</ele>
        <time>2026-09-14T11:50:56.000Z</time>
        <speed>0.905</speed>
      </trkpt>
      <trkpt lat="50.5446588" lon="-5.0136651">
        <ele>13.0</ele>
        <time>2026-09-14T11:51:01.000Z</time>
        <speed>0.868</speed>
      </trkpt>
      <trkpt lat="50.5446441" lon="-5.0136964">
        <ele>11.4</ele>
        <time>2026-09-14T11:51:06.000Z</time>
        <speed>0.840</speed>
      </trkpt>
      <trkpt lat="50.5445921" lon="-5.0136788">
        <ele>11.4</ele>
        <time>2026-09-14T11:51:11.000Z</time>
        <speed>0.840</speed>
      </trkpt>
      <trkpt lat="50.5445433" lon="-5.0136909">
        <ele>10.4</ele>
        <time>2026-09-14T11:51:16.000Z</time>
        <speed>0.970</speed>
      </trkpt>
      <trkpt lat="50.5445100" lon="-5.0137269">
        <ele>10.4</ele>
        <time>2026-09-14T11:51:21.000Z</time>
        <speed>0.942</speed>
      </trkpt>
      <trkpt lat="50.5444870" lon="-5.0137226">
        <ele>11.4</ele>
        <time>2026-09-14T11:51:26.000Z</time>
        <speed>0.886</speed>
      </trkpt>
      <trkpt lat="50.5444648" lon="-5.0137750">
        <ele>12.6</ele>
        <time>2026-09-14T11:51:31.000Z</time>
        <speed>1.176</speed>
      </trkpt>
      <trkpt lat="50.5444403" lon="-5.0138313">
        <ele>14.0</ele>
        <time>2026-09-14T11:51:36.000Z</time>
        <speed>0.942</speed>
      </trkpt>
      <trkpt lat="50.5444405" lon="-5.0138829">
        <ele>15.2</ele>
        <time>2026-09-14T11:51:41.000Z</time>
        <speed>0.830</speed>
      </trkpt>
      <trkpt lat="50.5444438" lon="-5.0139645">
        <ele>16.0</ele>
        <time>2026-09-14T11:51:46.000Z</time>
        <speed>0.952</speed>
      </trkpt>
      <trkpt lat="50.5444350" lon="-5.0140335">
        <ele>16.8</ele>
        <time>2026-09-14T11:51:51.000Z</time>
        <speed>0.933</speed>
      </trkpt>
      <trkpt lat="50.5444158" lon="-5.0141090">
        <ele>17.8</ele>
        <time>2026-09-14T11:51:56.000Z</time>
        <speed>0.980</speed>
      </trkpt>
      <trkpt lat="50.5443881" lon="-5.0141829">
        <ele>18.4</ele>
        <time>2026-09-14T11:52:01.000Z</time>
        <speed>1.026</speed>
      </trkpt>
      <trkpt lat="50.5443648" lon="-5.0142553">
        <ele>18.4</ele>
        <time>2026-09-14T11:52:06.000Z</time>
        <speed>1.045</speed>
      </trkpt>
      <trkpt lat="50.5443161" lon="-5.0143164">
        <ele>19.0</ele>
        <time>2026-09-14T11:52:11.000Z</time>
        <speed>1.073</speed>
      </trkpt>
      <trkpt lat="50.5442745" lon="-5.0143670">
        <ele>19.6</ele>
        <time>2026-09-14T11:52:16.000Z</time>
        <speed>1.138</speed>
      </trkpt>
      <trkpt lat="50.5442299" lon="-5.0144225">
        <ele>19.8</ele>
        <time>2026-09-14T11:52:21.000Z</time>
        <speed>1.157</speed>
      </trkpt>
      <trkpt lat="50.5441810" lon="-5.0144858">
        <ele>19.8</ele>
        <time>2026-09-14T11:52:26.000Z</time>
        <speed>1.204</speed>
      </trkpt>
      <trkpt lat="50.5441439" lon="-5.0145504">
        <ele>20.0</ele>
        <time>2026-09-14T11:52:31.000Z</time>
        <speed>1.204</speed>
      </trkpt>
      <trkpt lat="50.5440971" lon="-5.0146034">
        <ele>19.8</ele>
        <time>2026-09-14T11:52:36.000Z</time>
        <speed>1.204</speed>
      </trkpt>
      <trkpt lat="50.5440469" lon="-5.0146633">
        <ele>19.8</ele>
        <time>2026-09-14T11:52:41.000Z</time>
        <speed>1.232</speed>
      </trkpt>
      <trkpt lat="50.5439998" lon="-5.0147063">
        <ele>20.2</ele>
        <time>2026-09-14T11:52:46.000Z</time>
        <speed>1.241</speed>
      </trkpt>
      <trkpt lat="50.5439519" lon="-5.0147477">
        <ele>20.6</ele>
        <time>2026-09-14T11:52:51.000Z</time>
        <speed>1.232</speed>
      </trkpt>
      <trkpt lat="50.5438964" lon="-5.0147880">
        <ele>20.4</ele>
        <time>2026-09-14T11:52:56.000Z</time>
        <speed>1.232</speed>
      </trkpt>
      <trkpt lat="50.5438471" lon="-5.0148524">
        <ele>20.2</ele>
        <time>2026-09-14T11:53:01.000Z</time>
        <speed>1.222</speed>
      </trkpt>
      <trkpt lat="50.5438040" lon="-5.0149246">
        <ele>20.2</ele>
        <time>2026-09-14T11:53:06.000Z</time>
        <speed>1.241</speed>
      </trkpt>
      <trkpt lat="50.5437863" lon="-5.0150159">
        <ele>20.0</ele>
        <time>2026-09-14T11:53:11.000Z</time>
        <speed>1.250</speed>
      </trkpt>
      <trkpt lat="50.5438113" lon="-5.0151052">
        <ele>20.2</ele>
        <time>2026-09-14T11:53:16.000Z</time>
        <speed>1.250</speed>
      </trkpt>
      <trkpt lat="50.5438452" lon="-5.0151709">
        <ele>20.0</ele>
        <time>2026-09-14T11:53:21.000Z</time>
        <speed>1.250</speed>
      </trkpt>
      <trkpt lat="50.5438758" lon="-5.0152706">
        <ele>19.4</ele>
        <time>2026-09-14T11:53:26.000Z</time>
        <speed>1.269</speed>
      </trkpt>
      <trkpt lat="50.5438849" lon="-5.0153621">
        <ele>19.6</ele>
        <time>2026-09-14T11:53:31.000Z</time>
        <speed>1.288</speed>
      </trkpt>
      <trkpt lat="50.5438767" lon="-5.0154560">
        <ele>19.4</ele>
        <time>2026-09-14T11:53:36.000Z</time>
        <speed>1.306</speed>
      </trkpt>
      <trkpt lat="50.5438591" lon="-5.0155463">
        <ele>19.4</ele>
        <time>2026-09-14T11:53:41.000Z</time>
        <speed>1.306</speed>
      </trkpt>
      <trkpt lat="50.5438305" lon="-5.0156324">
        <ele>19.4</ele>
        <time>2026-09-14T11:53:46.000Z</time>
        <speed>1.325</speed>
      </trkpt>
      <trkpt lat="50.5437964" lon="-5.0157067">
        <ele>19.4</ele>
        <time>2026-09-14T11:53:51.000Z</time>
        <speed>1.325</speed>
      </trkpt>
      <trkpt lat="50.5437431" lon="-5.0157254">
        <ele>19.8</ele>
        <time>2026-09-14T11:53:56.000Z</time>
        <speed>1.297</speed>
      </trkpt>
      <trkpt lat="50.5436898" lon="-5.0157552">
        <ele>20.0</ele>
        <time>2026-09-14T11:54:01.000Z</time>
        <speed>1.297</speed>
      </trkpt>
      <trkpt lat="50.5436465" lon="-5.0157751">
        <ele>20.0</ele>
        <time>2026-09-14T11:54:06.000Z</time>
        <speed>1.260</speed>
      </trkpt>
      <trkpt lat="50.5436188" lon="-5.0157880">
        <ele>19.4</ele>
        <time>2026-09-14T11:54:11.000Z</time>
        <speed>1.194</speed>
      </trkpt>
      <trkpt lat="50.5435868" lon="-5.0158338">
        <ele>18.2</ele>
        <time>2026-09-14T11:54:16.000Z</time>
        <speed>1.054</speed>
      </trkpt>
      <trkpt lat="50.5435323" lon="-5.0158630">
        <ele>19.2</ele>
        <time>2026-09-14T11:54:21.000Z</time>
        <speed>1.241</speed>
      </trkpt>
      <trkpt lat="50.5434753" lon="-5.0158649">
        <ele>20.0</ele>
        <time>2026-09-14T11:54:26.000Z</time>
        <speed>1.073</speed>
      </trkpt>
      <trkpt lat="50.5434538" lon="-5.0159189">
        <ele>20.0</ele>
        <time>2026-09-14T11:54:31.000Z</time>
        <speed>1.157</speed>
      </trkpt>
      <trkpt lat="50.5435063" lon="-5.0159103">
        <ele>20.2</ele>
        <time>2026-09-14T11:54:36.000Z</time>
        <speed>1.110</speed>
      </trkpt>
      <trkpt lat="50.5435232" lon="-5.0159124">
        <ele>20.6</ele>
        <time>2026-09-14T11:54:41.000Z</time>
        <speed>0.952</speed>
      </trkpt>
      <trkpt lat="50.5435282" lon="-5.0159399">
        <ele>20.8</ele>
        <time>2026-09-14T11:54:46.000Z</time>
        <speed>0.000</speed>
      </trkpt>
      <trkpt lat="50.5435971" lon="-5.0159619">
        <ele>21.4</ele>
        <time>2026-09-14T11:54:51.000Z</time>
        <speed>0.746</speed>
      </trkpt>
      <trkpt lat="50.5436507" lon="-5.0159633">
        <ele>21.0</ele>
        <time>2026-09-14T11:54:56.000Z</time>
        <speed>1.054</speed>
      </trkpt>
      <trkpt lat="50.5437078" lon="-5.0159713">
        <ele>20.4</ele>
        <time>2026-09-14T11:55:01.000Z</time>
        <speed>1.297</speed>
      </trkpt>
      <trkpt lat="50.5437580" lon="-5.0159816">
        <ele>20.0</ele>
        <time>2026-09-14T11:55:06.000Z</time>
        <speed>1.138</speed>
      </trkpt>
      <trkpt lat="50.5437980" lon="-5.0160348">
        <ele>19.4</ele>
        <time>2026-09-14T11:55:11.000Z</time>
        <speed>1.148</speed>
      </trkpt>
      <trkpt lat="50.5438459" lon="-5.0160917">
        <ele>19.4</ele>
        <time>2026-09-14T11:55:16.000Z</time>
        <speed>1.194</speed>
      </trkpt>
      <trkpt lat="50.5438903" lon="-5.0161446">
        <ele>19.4</ele>
        <time>2026-09-14T11:55:21.000Z</time>
        <speed>1.250</speed>
      </trkpt>
      <trkpt lat="50.5439363" lon="-5.0162049">
        <ele>19.2</ele>
        <time>2026-09-14T11:55:26.000Z</time>
        <speed>1.269</speed>
      </trkpt>
      <trkpt lat="50.5439844" lon="-5.0162516">
        <ele>18.8</ele>
        <time>2026-09-14T11:55:31.000Z</time>
        <speed>1.278</speed>
      </trkpt>
      <trkpt lat="50.5440317" lon="-5.0163169">
        <ele>18.4</ele>
        <time>2026-09-14T11:55:36.000Z</time>
        <speed>1.278</speed>
      </trkpt>
      <trkpt lat="50.5440788" lon="-5.0163636">
        <ele>18.0</ele>
        <time>2026-09-14T11:55:41.000Z</time>
        <speed>1.278</speed>
      </trkpt>
      <trkpt lat="50.5441307" lon="-5.0164270">
        <ele>17.6</ele>
        <time>2026-09-14T11:55:46.000Z</time>
        <speed>1.297</speed>
      </trkpt>
      <trkpt lat="50.5441727" lon="-5.0164713">
        <ele>17.6</ele>
        <time>2026-09-14T11:55:51.000Z</time>
        <speed>1.250</speed>
      </trkpt>
      <trkpt lat="50.5441924" lon="-5.0165581">
        <ele>17.8</ele>
        <time>2026-09-14T11:55:56.000Z</time>
        <speed>1.250</speed>
      </trkpt>
      <trkpt lat="50.5442092" lon="-5.0166571">
        <ele>17.2</ele>
        <time>2026-09-14T11:56:01.000Z</time>
        <speed>1.269</speed>
      </trkpt>
      <trkpt lat="50.5442290" lon="-5.0167527">
        <ele>16.6</ele>
        <time>2026-09-14T11:56:06.000Z</time>
        <speed>1.297</speed>
      </trkpt>
      <trkpt lat="50.5442424" lon="-5.0168455">
        <ele>16.4</ele>
        <time>2026-09-14T11:56:11.000Z</time>
        <speed>1.316</speed>
      </trkpt>
      <trkpt lat="50.5442584" lon="-5.0169384">
        <ele>16.2</ele>
        <time>2026-09-14T11:56:16.000Z</time>
        <speed>1.334</speed>
      </trkpt>
      <trkpt lat="50.5442695" lon="-5.0170405">
        <ele>16.0</ele>
        <time>2026-09-14T11:56:21.000Z</time>
        <speed>1.334</speed>
      </trkpt>
      <trkpt lat="50.5442825" lon="-5.0171367">
        <ele>16.0</ele>
        <time>2026-09-14T11:56:26.000Z</time>
        <speed>1.353</speed>
      </trkpt>
      <trkpt lat="50.5443012" lon="-5.0172371">
        <ele>15.8</ele>
        <time>2026-09-14T11:56:31.000Z</time>
        <speed>1.362</speed>
      </trkpt>
      <trkpt lat="50.5443150" lon="-5.0173222">
        <ele>16.2</ele>
        <time>2026-09-14T11:56:36.000Z</time>
        <speed>1.353</speed>
      </trkpt>
      <trkpt lat="50.5443280" lon="-5.0174242">
        <ele>15.8</ele>
        <time>2026-09-14T11:56:41.000Z</time>
        <speed>1.362</speed>
      </trkpt>
      <trkpt lat="50.5443413" lon="-5.0175116">
        <ele>15.8</ele>
        <time>2026-09-14T11:56:46.000Z</time>
        <speed>1.362</speed>
      </trkpt>
      <trkpt lat="50.5443610" lon="-5.0175928">
        <ele>15.4</ele>
        <time>2026-09-14T11:56:51.000Z</time>
        <speed>1.362</speed>
      </trkpt>
      <trkpt lat="50.5443818" lon="-5.0176807">
        <ele>15.8</ele>
        <time>2026-09-14T11:56:56.000Z</time>
        <speed>1.344</speed>
      </trkpt>
      <trkpt lat="50.5443907" lon="-5.0177278">
        <ele>15.6</ele>
        <time>2026-09-14T11:57:01.000Z</time>
        <speed>1.306</speed>
      </trkpt>
      <trkpt lat="50.5443997" lon="-5.0177715">
        <ele>15.8</ele>
        <time>2026-09-14T11:57:06.000Z</time>
        <speed>0.000</speed>
      </trkpt>
      <trkpt lat="50.5444166" lon="-5.0178620">
        <ele>15.6</ele>
        <time>2026-09-14T11:57:11.000Z</time>
        <speed>1.120</speed>
      </trkpt>
      <trkpt lat="50.5444289" lon="-5.0179578">
        <ele>15.6</ele>
        <time>2026-09-14T11:57:16.000Z</time>
        <speed>1.390</speed>
      </trkpt>
      <trkpt lat="50.5444467" lon="-5.0180568">
        <ele>15.8</ele>
        <time>2026-09-14T11:57:21.000Z</time>
        <speed>1.316</speed>
      </trkpt>
      <trkpt lat="50.5444574" lon="-5.0181522">
        <ele>15.8</ele>
        <time>2026-09-14T11:57:26.000Z</time>
        <speed>1.362</speed>
      </trkpt>
      <trkpt lat="50.5444702" lon="-5.0182382">
        <ele>15.8</ele>
        <time>2026-09-14T11:57:31.000Z</time>
        <speed>1.381</speed>
      </trkpt>
      <trkpt lat="50.5444857" lon="-5.0183353">
        <ele>16.2</ele>
        <time>2026-09-14T11:57:36.000Z</time>
        <speed>1.353</speed>
      </trkpt>
      <trkpt lat="50.5444998" lon="-5.0184251">
        <ele>16.4</ele>
        <time>2026-09-14T11:57:41.000Z</time>
        <speed>1.334</speed>
      </trkpt>
      <trkpt lat="50.5445350" lon="-5.0184971">
        <ele>16.2</ele>
        <time>2026-09-14T11:57:46.000Z</time>
        <speed>1.344</speed>
      </trkpt>
      <trkpt lat="50.5445561" lon="-5.0185787">
        <ele>15.8</ele>
        <time>2026-09-14T11:57:51.000Z</time>
        <speed>1.325</speed>
      </trkpt>
      <trkpt lat="50.5446029" lon="-5.0186222">
        <ele>16.0</ele>
        <time>2026-09-14T11:57:56.000Z</time>
        <speed>1.297</speed>
      </trkpt>
      <trkpt lat="50.5446387" lon="-5.0186836">
        <ele>16.0</ele>
        <time>2026-09-14T11:58:01.000Z</time>
        <speed>1.278</speed>
      </trkpt>
      <trkpt lat="50.5446766" lon="-5.0187618">
        <ele>16.0</ele>
        <time>2026-09-14T11:58:06.000Z</time>
        <speed>1.325</speed>
      </trkpt>
      <trkpt lat="50.5447316" lon="-5.0188123">
        <ele>15.8</ele>
        <time>2026-09-14T11:58:11.000Z</time>
        <speed>1.316</speed>
      </trkpt>
      <trkpt lat="50.5447785" lon="-5.0188142">
        <ele>15.8</ele>
        <time>2026-09-14T11:58:16.000Z</time>
        <speed>1.269</speed>
      </trkpt>
      <trkpt lat="50.5448440" lon="-5.0188012">
        <ele>16.0</ele>
        <time>2026-09-14T11:58:21.000Z</time>
        <speed>1.306</speed>
      </trkpt>
      <trkpt lat="50.5448953" lon="-5.0187935">
        <ele>15.8</ele>
        <time>2026-09-14T11:58:26.000Z</time>
        <speed>1.288</speed>
      </trkpt>
      <trkpt lat="50.5449613" lon="-5.0188015">
        <ele>15.0</ele>
        <time>2026-09-14T11:58:31.000Z</time>
        <speed>1.334</speed>
      </trkpt>
      <trkpt lat="50.5450156" lon="-5.0188199">
        <ele>13.8</ele>
        <time>2026-09-14T11:58:36.000Z</time>
        <speed>1.325</speed>
      </trkpt>
      <trkpt lat="50.5450633" lon="-5.0188225">
        <ele>14.4</ele>
        <time>2026-09-14T11:58:41.000Z</time>
        <speed>1.288</speed>
      </trkpt>
      <trkpt lat="50.5451009" lon="-5.0188836">
        <ele>14.4</ele>
        <time>2026-09-14T11:58:46.000Z</time>
        <speed>1.278</speed>
      </trkpt>
      <trkpt lat="50.5451071" lon="-5.0189273">
        <ele>13.6</ele>
        <time>2026-09-14T11:58:51.000Z</time>
        <speed>1.176</speed>
      </trkpt>
      <trkpt lat="50.5451126" lon="-5.0189359">
        <ele>14.2</ele>
        <time>2026-09-14T11:58:56.000Z</time>
        <speed>0.000</speed>
      </trkpt>
      <trkpt lat="50.5451203" lon="-5.0189378">
        <ele>13.6</ele>
        <time>2026-09-14T11:59:01.000Z</time>
        <speed>0.000</speed>
      </trkpt>
      <trkpt lat="50.5451203" lon="-5.0189378">
        <ele>13.6</ele>
        <time>2026-09-14T11:59:06.000Z</time>
        <speed>0.000</speed>
      </trkpt>
      <trkpt lat="50.5451203" lon="-5.0189378">
        <ele>13.6</ele>
        <time>2026-09-14T11:59:11.000Z</time>
        <speed>0.000</speed>
      </trkpt>
      <trkpt lat="50.5451203" lon="-5.0189378">
        <ele>13.6</ele>
        <time>2026-09-14T11:59:16.000Z</time>
        <speed>0.000</speed>
      </trkpt>
      <trkpt lat="50.5451203" lon="-5.0189378">
        <ele>14.0</ele>
        <time>2026-09-14T11:59:21.000Z</time>
        <speed>0.000</speed>
      </trkpt>
      <trkpt lat="50.5451203" lon="-5.0189378">
        <ele>13.6</ele>
        <time>2026-09-14T11:59:26.000Z</time>
        <speed>0.000</speed>
      </trkpt>
      <trkpt lat="50.5451203" lon="-5.0189378">
        <ele>13.8</ele>
        <time>2026-09-14T11:59:31.000Z</time>
        <speed>0.000</speed>
      </trkpt>
      <trkpt lat="50.5451147" lon="-5.0189348">
        <ele>14.0</ele>
        <time>2026-09-14T11:59:36.000Z</time>
        <speed>0.000</speed>
      </trkpt>
      <trkpt lat="50.5451203" lon="-5.0189378">
        <ele>13.6</ele>
        <time>2026-09-14T11:59:41.000Z</time>
        <speed>0.000</speed>
      </trkpt>
      <trkpt lat="50.5451203" lon="-5.0189378">
        <ele>13.4</ele>
        <time>2026-09-14T11:59:46.000Z</time>
        <speed>0.000</speed>
      </trkpt>
      <trkpt lat="50.5451203" lon="-5.0189378">
        <ele>13.4</ele>
        <time>2026-09-14T11:59:51.000Z</time>
        <speed>0.000</speed>
      </trkpt>
      <trkpt lat="50.5451203" lon="-5.0189378">
        <ele>13.8</ele>
        <time>2026-09-14T11:59:56.000Z</time>
        <speed>0.000</speed>
      </trkpt>
      <trkpt lat="50.5451203" lon="-5.0189378">
        <ele>13.8</ele>
        <time>2026-09-14T12:00:01.000Z</time>
        <speed>0.000</speed>
      </trkpt>
      <trkpt lat="50.5451203" lon="-5.0189378">
        <ele>13.6</ele>
        <time>2026-09-14T12:00:06.000Z</time>
        <speed>0.000</speed>
      </trkpt>
      <trkpt lat="50.5451203" lon="-5.0189378">
        <ele>13.8</ele>
        <time>2026-09-14T12:00:11.000Z</time>
        <speed>0.000</speed>
      </trkpt>
      <trkpt lat="50.5451203" lon="-5.0189378">
        <ele>13.4</ele>
        <time>2026-09-14T12:00:16.000Z</time>
        <speed>0.000</speed>
      </trkpt>
      <trkpt lat="50.5451203" lon="-5.0189378">
        <ele>13.2</ele>
        <time>2026-09-14T12:00:21.000Z</time>
        <speed>0.000</speed>
      </trkpt>
      <trkpt lat="50.5451203" lon="-5.0189378">
        <ele>13.2</ele>
        <time>2026-09-14T12:00:26.000Z</time>
        <speed>0.000</speed>
      </trkpt>
      <trkpt lat="50.5451203" lon="-5.0189378">
        <ele>13.8</ele>
        <time>2026-09-14T12:00:31.000Z</time>
        <speed>0.000</speed>
      </trkpt>
      <trkpt lat="50.5451081" lon="-5.0189472">
        <ele>14.0</ele>
        <time>2026-09-14T12:00:36.000Z</time>
        <speed>0.000</speed>
      </trkpt>
      <trkpt lat="50.5451159" lon="-5.0189357">
        <ele>13.8</ele>
        <time>2026-09-14T12:00:41.000Z</time>
        <speed>0.000</speed>
      </trkpt>
      <trkpt lat="50.5451376" lon="-5.0189684">
        <ele>14.0</ele>
        <time>2026-09-14T12:00:46.000Z</time>
        <speed>0.000</speed>
      </trkpt>
      <trkpt lat="50.5451499" lon="-5.0190271">
        <ele>14.4</ele>
        <time>2026-09-14T12:00:51.000Z</time>
        <speed>0.000</speed>
      </trkpt>
      <trkpt lat="50.5451423" lon="-5.0190809">
        <ele>13.8</ele>
        <time>2026-09-14T12:00:56.000Z</time>
        <speed>0.000</speed>
      </trkpt>
      <trkpt lat="50.5451265" lon="-5.0191511">
        <ele>14.6</ele>
        <time>2026-09-14T12:01:01.000Z</time>
        <speed>0.000</speed>
      </trkpt>
      <trkpt lat="50.5451478" lon="-5.0192262">
        <ele>14.6</ele>
        <time>2026-09-14T12:01:06.000Z</time>
        <speed>1.129</speed>
      </trkpt>
      <trkpt lat="50.5451796" lon="-5.0193072">
        <ele>15.0</ele>
        <time>2026-09-14T12:01:11.000Z</time>
        <speed>1.260</speed>
      </trkpt>
      <trkpt lat="50.5452097" lon="-5.0193805">
        <ele>15.0</ele>
        <time>2026-09-14T12:01:16.000Z</time>
        <speed>1.334</speed>
      </trkpt>
      <trkpt lat="50.5452405" lon="-5.0194404">
        <ele>15.0</ele>
        <time>2026-09-14T12:01:21.000Z</time>
        <speed>1.306</speed>
      </trkpt>
      <trkpt lat="50.5452778" lon="-5.0195107">
        <ele>15.2</ele>
        <time>2026-09-14T12:01:26.000Z</time>
        <speed>1.288</speed>
      </trkpt>
      <trkpt lat="50.5453203" lon="-5.0195739">
        <ele>15.6</ele>
        <time>2026-09-14T12:01:31.000Z</time>
        <speed>1.334</speed>
      </trkpt>
      <trkpt lat="50.5453675" lon="-5.0196320">
        <ele>15.6</ele>
        <time>2026-09-14T12:01:36.000Z</time>
        <speed>1.362</speed>
      </trkpt>
      <trkpt lat="50.5454139" lon="-5.0196499">
        <ele>15.6</ele>
        <time>2026-09-14T12:01:41.000Z</time>
        <speed>1.297</speed>
      </trkpt>
      <trkpt lat="50.5454635" lon="-5.0196437">
        <ele>15.8</ele>
        <time>2026-09-14T12:01:46.000Z</time>
        <speed>1.260</speed>
      </trkpt>
      <trkpt lat="50.5454875" lon="-5.0196867">
        <ele>15.6</ele>
        <time>2026-09-14T12:01:51.000Z</time>
        <speed>1.129</speed>
      </trkpt>
      <trkpt lat="50.5455033" lon="-5.0197230">
        <ele>15.6</ele>
        <time>2026-09-14T12:01:56.000Z</time>
        <speed>1.026</speed>
      </trkpt>
      <trkpt lat="50.5455038" lon="-5.0197234">
        <ele>15.6</ele>
        <time>2026-09-14T12:02:01.000Z</time>
        <speed>0.000</speed>
      </trkpt>
      <trkpt lat="50.5455038" lon="-5.0197234">
        <ele>15.6</ele>
        <time>2026-09-14T12:02:06.000Z</time>
        <speed>0.000</speed>
      </trkpt>
      <trkpt lat="50.5455038" lon="-5.0197234">
        <ele>15.6</ele>
        <time>2026-09-14T12:02:11.000Z</time>
        <speed>0.000</speed>
      </trkpt>
      <trkpt lat="50.5455396" lon="-5.0197591">
        <ele>15.8</ele>
        <time>2026-09-14T12:02:16.000Z</time>
        <speed>0.000</speed>
      </trkpt>
      <trkpt lat="50.5455908" lon="-5.0198113">
        <ele>15.6</ele>
        <time>2026-09-14T12:02:21.000Z</time>
        <speed>1.278</speed>
      </trkpt>
      <trkpt lat="50.5456229" lon="-5.0198807">
        <ele>16.2</ele>
        <time>2026-09-14T12:02:26.000Z</time>
        <speed>1.241</speed>
      </trkpt>
      <trkpt lat="50.5456621" lon="-5.0199525">
        <ele>16.6</ele>
        <time>2026-09-14T12:02:31.000Z</time>
        <speed>1.269</speed>
      </trkpt>
      <trkpt lat="50.5456962" lon="-5.0200164">
        <ele>16.8</ele>
        <time>2026-09-14T12:02:36.000Z</time>
        <speed>1.250</speed>
      </trkpt>
      <trkpt lat="50.5457173" lon="-5.0200828">
        <ele>17.0</ele>
        <time>2026-09-14T12:02:41.000Z</time>
        <speed>1.222</speed>
      </trkpt>
      <trkpt lat="50.5457290" lon="-5.0201451">
        <ele>17.6</ele>
        <time>2026-09-14T12:02:46.000Z</time>
        <speed>1.082</speed>
      </trkpt>
      <trkpt lat="50.5457289" lon="-5.0201949">
        <ele>17.6</ele>
        <time>2026-09-14T12:02:51.000Z</time>
        <speed>0.802</speed>
      </trkpt>
      <trkpt lat="50.5457094" lon="-5.0202697">
        <ele>17.8</ele>
        <time>2026-09-14T12:02:56.000Z</time>
        <speed>1.008</speed>
      </trkpt>
      <trkpt lat="50.5457234" lon="-5.0203413">
        <ele>18.2</ele>
        <time>2026-09-14T12:03:01.000Z</time>
        <speed>1.045</speed>
      </trkpt>
      <trkpt lat="50.5457587" lon="-5.0204039">
        <ele>18.2</ele>
        <time>2026-09-14T12:03:06.000Z</time>
        <speed>1.064</speed>
      </trkpt>
      <trkpt lat="50.5457980" lon="-5.0204520">
        <ele>18.4</ele>
        <time>2026-09-14T12:03:11.000Z</time>
        <speed>1.101</speed>
      </trkpt>
      <trkpt lat="50.5458304" lon="-5.0205194">
        <ele>18.6</ele>
        <time>2026-09-14T12:03:16.000Z</time>
        <speed>1.082</speed>
      </trkpt>
      <trkpt lat="50.5458764" lon="-5.0205771">
        <ele>18.6</ele>
        <time>2026-09-14T12:03:21.000Z</time>
        <speed>1.148</speed>
      </trkpt>
      <trkpt lat="50.5459279" lon="-5.0206081">
        <ele>19.0</ele>
        <time>2026-09-14T12:03:26.000Z</time>
        <speed>1.157</speed>
      </trkpt>
      <trkpt lat="50.5459759" lon="-5.0206447">
        <ele>19.0</ele>
        <time>2026-09-14T12:03:31.000Z</time>
        <speed>1.222</speed>
      </trkpt>
      <trkpt lat="50.5460286" lon="-5.0206852">
        <ele>19.0</ele>
        <time>2026-09-14T12:03:36.000Z</time>
        <speed>1.213</speed>
      </trkpt>
      <trkpt lat="50.5460778" lon="-5.0207028">
        <ele>19.4</ele>
        <time>2026-09-14T12:03:41.000Z</time>
        <speed>1.222</speed>
      </trkpt>
      <trkpt lat="50.5461261" lon="-5.0207448">
        <ele>19.4</ele>
        <time>2026-09-14T12:03:46.000Z</time>
        <speed>1.232</speed>
      </trkpt>
      <trkpt lat="50.5461774" lon="-5.0207983">
        <ele>19.6</ele>
        <time>2026-09-14T12:03:51.000Z</time>
        <speed>1.260</speed>
      </trkpt>
      <trkpt lat="50.5462278" lon="-5.0208397">
        <ele>19.8</ele>
        <time>2026-09-14T12:03:56.000Z</time>
        <speed>1.250</speed>
      </trkpt>
      <trkpt lat="50.5462762" lon="-5.0208663">
        <ele>20.2</ele>
        <time>2026-09-14T12:04:01.000Z</time>
        <speed>1.232</speed>
      </trkpt>
      <trkpt lat="50.5463254" lon="-5.0209037">
        <ele>20.4</ele>
        <time>2026-09-14T12:04:06.000Z</time>
        <speed>1.241</speed>
      </trkpt>
      <trkpt lat="50.5463674" lon="-5.0209464">
        <ele>20.6</ele>
        <time>2026-09-14T12:04:11.000Z</time>
        <speed>1.222</speed>
      </trkpt>
      <trkpt lat="50.5464114" lon="-5.0209946">
        <ele>20.8</ele>
        <time>2026-09-14T12:04:16.000Z</time>
        <speed>1.213</speed>
      </trkpt>
      <trkpt lat="50.5464593" lon="-5.0210415">
        <ele>21.0</ele>
        <time>2026-09-14T12:04:21.000Z</time>
        <speed>1.204</speed>
      </trkpt>
      <trkpt lat="50.5465014" lon="-5.0211030">
        <ele>21.4</ele>
        <time>2026-09-14T12:04:26.000Z</time>
        <speed>1.213</speed>
      </trkpt>
      <trkpt lat="50.5465409" lon="-5.0211527">
        <ele>21.8</ele>
        <time>2026-09-14T12:04:31.000Z</time>
        <speed>1.194</speed>
      </trkpt>
      <trkpt lat="50.5465847" lon="-5.0211917">
        <ele>22.2</ele>
        <time>2026-09-14T12:04:36.000Z</time>
        <speed>1.185</speed>
      </trkpt>
      <trkpt lat="50.5466210" lon="-5.0212328">
        <ele>22.6</ele>
        <time>2026-09-14T12:04:41.000Z</time>
        <speed>1.157</speed>
      </trkpt>
      <trkpt lat="50.5466545" lon="-5.0212887">
        <ele>22.4</ele>
        <time>2026-09-14T12:04:46.000Z</time>
        <speed>1.138</speed>
      </trkpt>
      <trkpt lat="50.5466866" lon="-5.0213408">
        <ele>23.0</ele>
        <time>2026-09-14T12:04:51.000Z</time>
        <speed>1.082</speed>
      </trkpt>
      <trkpt lat="50.5467131" lon="-5.0213969">
        <ele>23.6</ele>
        <time>2026-09-14T12:04:56.000Z</time>
        <speed>1.054</speed>
      </trkpt>
      <trkpt lat="50.5467483" lon="-5.0214767">
        <ele>24.0</ele>
        <time>2026-09-14T12:05:01.000Z</time>
        <speed>1.110</speed>
      </trkpt>
      <trkpt lat="50.5467888" lon="-5.0215400">
        <ele>24.2</ele>
        <time>2026-09-14T12:05:06.000Z</time>
        <speed>1.204</speed>
      </trkpt>
      <trkpt lat="50.5468223" lon="-5.0216010">
        <ele>24.2</ele>
        <time>2026-09-14T12:05:11.000Z</time>
        <speed>1.204</speed>
      </trkpt>
      <trkpt lat="50.5468424" lon="-5.0216643">
        <ele>24.6</ele>
        <time>2026-09-14T12:05:16.000Z</time>
        <speed>1.176</speed>
      </trkpt>
      <trkpt lat="50.5468478" lon="-5.0217384">
        <ele>25.2</ele>
        <time>2026-09-14T12:05:21.000Z</time>
        <speed>1.138</speed>
      </trkpt>
      <trkpt lat="50.5468578" lon="-5.0218009">
        <ele>25.6</ele>
        <time>2026-09-14T12:05:26.000Z</time>
        <speed>1.092</speed>
      </trkpt>
      <trkpt lat="50.5468559" lon="-5.0218015">
        <ele>25.8</ele>
        <time>2026-09-14T12:05:31.000Z</time>
        <speed>0.000</speed>
      </trkpt>
      <trkpt lat="50.5468696" lon="-5.0218464">
        <ele>26.0</ele>
        <time>2026-09-14T12:05:36.000Z</time>
        <speed>0.336</speed>
      </trkpt>
      <trkpt lat="50.5468644" lon="-5.0218803">
        <ele>25.6</ele>
        <time>2026-09-14T12:05:41.000Z</time>
        <speed>0.485</speed>
      </trkpt>
      <trkpt lat="50.5468667" lon="-5.0218854">
        <ele>25.4</ele>
        <time>2026-09-14T12:05:46.000Z</time>
        <speed>0.000</speed>
      </trkpt>
      <trkpt lat="50.5468667" lon="-5.0218854">
        <ele>25.4</ele>
        <time>2026-09-14T12:05:51.000Z</time>
        <speed>0.000</speed>
      </trkpt>
      <trkpt lat="50.5468743" lon="-5.0219361">
        <ele>25.4</ele>
        <time>2026-09-14T12:05:56.000Z</time>
        <speed>0.000</speed>
      </trkpt>
      <trkpt lat="50.5469104" lon="-5.0219922">
        <ele>25.8</ele>
        <time>2026-09-14T12:06:01.000Z</time>
        <speed>1.204</speed>
      </trkpt>
      <trkpt lat="50.5469501" lon="-5.0220463">
        <ele>26.0</ele>
        <time>2026-09-14T12:06:06.000Z</time>
        <speed>1.222</speed>
      </trkpt>
      <trkpt lat="50.5469861" lon="-5.0221089">
        <ele>26.4</ele>
        <time>2026-09-14T12:06:11.000Z</time>
        <speed>1.204</speed>
      </trkpt>
      <trkpt lat="50.5470181" lon="-5.0221685">
        <ele>26.8</ele>
        <time>2026-09-14T12:06:16.000Z</time>
        <speed>1.166</speed>
      </trkpt>
      <trkpt lat="50.5470522" lon="-5.0222306">
        <ele>27.2</ele>
        <time>2026-09-14T12:06:21.000Z</time>
        <speed>1.166</speed>
      </trkpt>
      <trkpt lat="50.5470963" lon="-5.0222832">
        <ele>27.4</ele>
        <time>2026-09-14T12:06:26.000Z</time>
        <speed>1.166</speed>
      </trkpt>
      <trkpt lat="50.5471382" lon="-5.0223521">
        <ele>28.0</ele>
        <time>2026-09-14T12:06:31.000Z</time>
        <speed>1.250</speed>
      </trkpt>
      <trkpt lat="50.5471750" lon="-5.0224125">
        <ele>28.6</ele>
        <time>2026-09-14T12:06:36.000Z</time>
        <speed>1.269</speed>
      </trkpt>
      <trkpt lat="50.5471824" lon="-5.0224613">
        <ele>29.2</ele>
        <time>2026-09-14T12:06:41.000Z</time>
        <speed>1.092</speed>
      </trkpt>
      <trkpt lat="50.5471749" lon="-5.0225275">
        <ele>29.4</ele>
        <time>2026-09-14T12:06:46.000Z</time>
        <speed>1.045</speed>
      </trkpt>
      <trkpt lat="50.5472254" lon="-5.0225467">
        <ele>30.0</ele>
        <time>2026-09-14T12:06:51.000Z</time>
        <speed>1.064</speed>
      </trkpt>
      <trkpt lat="50.5472788" lon="-5.0225607">
        <ele>30.4</ele>
        <time>2026-09-14T12:06:56.000Z</time>
        <speed>1.148</speed>
      </trkpt>
      <trkpt lat="50.5473189" lon="-5.0225870">
        <ele>30.4</ele>
        <time>2026-09-14T12:07:01.000Z</time>
        <speed>1.082</speed>
      </trkpt>
      <trkpt lat="50.5473555" lon="-5.0226198">
        <ele>30.6</ele>
        <time>2026-09-14T12:07:06.000Z</time>
        <speed>1.017</speed>
      </trkpt>
      <trkpt lat="50.5473966" lon="-5.0226750">
        <ele>30.8</ele>
        <time>2026-09-14T12:07:11.000Z</time>
        <speed>1.082</speed>
      </trkpt>
      <trkpt lat="50.5474331" lon="-5.0227302">
        <ele>31.0</ele>
        <time>2026-09-14T12:07:16.000Z</time>
        <speed>1.120</speed>
      </trkpt>
      <trkpt lat="50.5474725" lon="-5.0227903">
        <ele>31.4</ele>
        <time>2026-09-14T12:07:21.000Z</time>
        <speed>1.120</speed>
      </trkpt>
      <trkpt lat="50.5475060" lon="-5.0228409">
        <ele>32.0</ele>
        <time>2026-09-14T12:07:26.000Z</time>
        <speed>1.101</speed>
      </trkpt>
      <trkpt lat="50.5475425" lon="-5.0228835">
        <ele>32.4</ele>
        <time>2026-09-14T12:07:31.000Z</time>
        <speed>1.073</speed>
      </trkpt>
      <trkpt lat="50.5475769" lon="-5.0229385">
        <ele>32.6</ele>
        <time>2026-09-14T12:07:36.000Z</time>
        <speed>1.082</speed>
      </trkpt>
      <trkpt lat="50.5476223" lon="-5.0229970">
        <ele>32.8</ele>
        <time>2026-09-14T12:07:41.000Z</time>
        <speed>1.082</speed>
      </trkpt>
      <trkpt lat="50.5476631" lon="-5.0230512">
        <ele>33.4</ele>
        <time>2026-09-14T12:07:46.000Z</time>
        <speed>1.101</speed>
      </trkpt>
      <trkpt lat="50.5476998" lon="-5.0231063">
        <ele>33.8</ele>
        <time>2026-09-14T12:07:51.000Z</time>
        <speed>1.120</speed>
      </trkpt>
      <trkpt lat="50.5477314" lon="-5.0231652">
        <ele>34.2</ele>
        <time>2026-09-14T12:07:56.000Z</time>
        <speed>1.138</speed>
      </trkpt>
      <trkpt lat="50.5477733" lon="-5.0232163">
        <ele>35.2</ele>
        <time>2026-09-14T12:08:01.000Z</time>
        <speed>1.129</speed>
      </trkpt>
      <trkpt lat="50.5478110" lon="-5.0232823">
        <ele>35.6</ele>
        <time>2026-09-14T12:08:06.000Z</time>
        <speed>1.138</speed>
      </trkpt>
      <trkpt lat="50.5478547" lon="-5.0233300">
        <ele>36.0</ele>
        <time>2026-09-14T12:08:11.000Z</time>
        <speed>1.157</speed>
      </trkpt>
      <trkpt lat="50.5478934" lon="-5.0233801">
        <ele>36.2</ele>
        <time>2026-09-14T12:08:16.000Z</time>
        <speed>1.166</speed>
      </trkpt>
      <trkpt lat="50.5479301" lon="-5.0234382">
        <ele>37.0</ele>
        <time>2026-09-14T12:08:21.000Z</time>
        <speed>1.157</speed>
      </trkpt>
      <trkpt lat="50.5479667" lon="-5.0234854">
        <ele>37.8</ele>
        <time>2026-09-14T12:08:26.000Z</time>
        <speed>1.148</speed>
      </trkpt>
      <trkpt lat="50.5480063" lon="-5.0235443">
        <ele>38.2</ele>
        <time>2026-09-14T12:08:31.000Z</time>
        <speed>1.148</speed>
      </trkpt>
      <trkpt lat="50.5480503" lon="-5.0235984">
        <ele>38.6</ele>
        <time>2026-09-14T12:08:36.000Z</time>
        <speed>1.157</speed>
      </trkpt>
      <trkpt lat="50.5480948" lon="-5.0236621">
        <ele>39.2</ele>
        <time>2026-09-14T12:08:41.000Z</time>
        <speed>1.166</speed>
      </trkpt>
      <trkpt lat="50.5481299" lon="-5.0237214">
        <ele>39.6</ele>
        <time>2026-09-14T12:08:46.000Z</time>
        <speed>1.166</speed>
      </trkpt>
      <trkpt lat="50.5481653" lon="-5.0237823">
        <ele>40.2</ele>
        <time>2026-09-14T12:08:51.000Z</time>
        <speed>1.157</speed>
      </trkpt>
      <trkpt lat="50.5481991" lon="-5.0238352">
        <ele>40.8</ele>
        <time>2026-09-14T12:08:56.000Z</time>
        <speed>1.166</speed>
      </trkpt>
      <trkpt lat="50.5482434" lon="-5.0238830">
        <ele>41.2</ele>
        <time>2026-09-14T12:09:01.000Z</time>
        <speed>1.157</speed>
      </trkpt>
      <trkpt lat="50.5482925" lon="-5.0239003">
        <ele>42.2</ele>
        <time>2026-09-14T12:09:06.000Z</time>
        <speed>1.166</speed>
      </trkpt>
      <trkpt lat="50.5483352" lon="-5.0239368">
        <ele>42.8</ele>
        <time>2026-09-14T12:09:11.000Z</time>
        <speed>1.148</speed>
      </trkpt>
      <trkpt lat="50.5483685" lon="-5.0239978">
        <ele>43.0</ele>
        <time>2026-09-14T12:09:16.000Z</time>
        <speed>1.148</speed>
      </trkpt>
      <trkpt lat="50.5484045" lon="-5.0240445">
        <ele>43.6</ele>
        <time>2026-09-14T12:09:21.000Z</time>
        <speed>1.129</speed>
      </trkpt>
      <trkpt lat="50.5484358" lon="-5.0240958">
        <ele>44.4</ele>
        <time>2026-09-14T12:09:26.000Z</time>
        <speed>1.120</speed>
      </trkpt>
      <trkpt lat="50.5484731" lon="-5.0241488">
        <ele>44.8</ele>
        <time>2026-09-14T12:09:31.000Z</time>
        <speed>1.082</speed>
      </trkpt>
      <trkpt lat="50.5485011" lon="-5.0241988">
        <ele>45.4</ele>
        <time>2026-09-14T12:09:36.000Z</time>
        <speed>1.054</speed>
      </trkpt>
      <trkpt lat="50.5485399" lon="-5.0242480">
        <ele>45.8</ele>
        <time>2026-09-14T12:09:41.000Z</time>
        <speed>1.064</speed>
      </trkpt>
      <trkpt lat="50.5485829" lon="-5.0243097">
        <ele>46.2</ele>
        <time>2026-09-14T12:09:46.000Z</time>
        <speed>1.101</speed>
      </trkpt>
      <trkpt lat="50.5486272" lon="-5.0243610">
        <ele>46.6</ele>
        <time>2026-09-14T12:09:51.000Z</time>
        <speed>1.157</speed>
      </trkpt>
      <trkpt lat="50.5486565" lon="-5.0244225">
        <ele>47.4</ele>
        <time>2026-09-14T12:09:56.000Z</time>
        <speed>1.157</speed>
      </trkpt>
      <trkpt lat="50.5486924" lon="-5.0244708">
        <ele>48.0</ele>
        <time>2026-09-14T12:10:01.000Z</time>
        <speed>1.129</speed>
      </trkpt>
      <trkpt lat="50.5487352" lon="-5.0245296">
        <ele>48.4</ele>
        <time>2026-09-14T12:10:06.000Z</time>
        <speed>1.166</speed>
      </trkpt>
      <trkpt lat="50.5487593" lon="-5.0245785">
        <ele>48.8</ele>
        <time>2026-09-14T12:10:11.000Z</time>
        <speed>1.138</speed>
      </trkpt>
      <trkpt lat="50.5487641" lon="-5.0245840">
        <ele>48.8</ele>
        <time>2026-09-14T12:10:16.000Z</time>
        <speed>0.000</speed>
      </trkpt>
      <trkpt lat="50.5487672" lon="-5.0245807">
        <ele>48.4</ele>
        <time>2026-09-14T12:10:21.000Z</time>
        <speed>0.000</speed>
      </trkpt>
      <trkpt lat="50.5487888" lon="-5.0245981">
        <ele>49.6</ele>
        <time>2026-09-14T12:10:26.000Z</time>
        <speed>0.000</speed>
      </trkpt>
      <trkpt lat="50.5488128" lon="-5.0246387">
        <ele>49.8</ele>
        <time>2026-09-14T12:10:31.000Z</time>
        <speed>0.467</speed>
      </trkpt>
      <trkpt lat="50.5488114" lon="-5.0246376">
        <ele>49.8</ele>
        <time>2026-09-14T12:10:36.000Z</time>
        <speed>0.000</speed>
      </trkpt>
      <trkpt lat="50.5488401" lon="-5.0246895">
        <ele>49.8</ele>
        <time>2026-09-14T12:10:41.000Z</time>
        <speed>0.000</speed>
      </trkpt>
      <trkpt lat="50.5488880" lon="-5.0247634">
        <ele>51.0</ele>
        <time>2026-09-14T12:10:46.000Z</time>
        <speed>1.250</speed>
      </trkpt>
      <trkpt lat="50.5489349" lon="-5.0248250">
        <ele>51.8</ele>
        <time>2026-09-14T12:10:51.000Z</time>
        <speed>1.316</speed>
      </trkpt>
      <trkpt lat="50.5489740" lon="-5.0248914">
        <ele>52.4</ele>
        <time>2026-09-14T12:10:56.000Z</time>
        <speed>1.306</speed>
      </trkpt>
      <trkpt lat="50.5490088" lon="-5.0249470">
        <ele>53.2</ele>
        <time>2026-09-14T12:11:01.000Z</time>
        <speed>1.278</speed>
      </trkpt>
      <trkpt lat="50.5490438" lon="-5.0250160">
        <ele>53.6</ele>
        <time>2026-09-14T12:11:06.000Z</time>
        <speed>1.250</speed>
      </trkpt>
      <trkpt lat="50.5490748" lon="-5.0250646">
        <ele>54.6</ele>
        <time>2026-09-14T12:11:11.000Z</time>
        <speed>1.101</speed>
      </trkpt>
      <trkpt lat="50.5491148" lon="-5.0251219">
        <ele>55.2</ele>
        <time>2026-09-14T12:11:16.000Z</time>
        <speed>1.129</speed>
      </trkpt>
      <trkpt lat="50.5491455" lon="-5.0251767">
        <ele>55.8</ele>
        <time>2026-09-14T12:11:21.000Z</time>
        <speed>1.110</speed>
      </trkpt>
      <trkpt lat="50.5491779" lon="-5.0252373">
        <ele>56.6</ele>
        <time>2026-09-14T12:11:26.000Z</time>
        <speed>1.110</speed>
      </trkpt>
      <trkpt lat="50.5492171" lon="-5.0252971">
        <ele>57.2</ele>
        <time>2026-09-14T12:11:31.000Z</time>
        <speed>1.138</speed>
      </trkpt>
      <trkpt lat="50.5492615" lon="-5.0253545">
        <ele>57.8</ele>
        <time>2026-09-14T12:11:36.000Z</time>
        <speed>1.166</speed>
      </trkpt>
      <trkpt lat="50.5493046" lon="-5.0254152">
        <ele>58.6</ele>
        <time>2026-09-14T12:11:41.000Z</time>
        <speed>1.204</speed>
      </trkpt>
      <trkpt lat="50.5493461" lon="-5.0254768">
        <ele>59.2</ele>
        <time>2026-09-14T12:11:46.000Z</time>
        <speed>1.222</speed>
      </trkpt>
      <trkpt lat="50.5493850" lon="-5.0255262">
        <ele>60.0</ele>
        <time>2026-09-14T12:11:51.000Z</time>
        <speed>1.194</speed>
      </trkpt>
      <trkpt lat="50.5494218" lon="-5.0255740">
        <ele>60.6</ele>
        <time>2026-09-14T12:11:56.000Z</time>
        <speed>1.213</speed>
      </trkpt>
      <trkpt lat="50.5494256" lon="-5.0255859">
        <ele>61.0</ele>
        <time>2026-09-14T12:12:01.000Z</time>
        <speed>0.000</speed>
      </trkpt>
      <trkpt lat="50.5494332" lon="-5.0256003">
        <ele>61.2</ele>
        <time>2026-09-14T12:12:06.000Z</time>
        <speed>0.000</speed>
      </trkpt>
      <trkpt lat="50.5494682" lon="-5.0256586">
        <ele>61.0</ele>
        <time>2026-09-14T12:12:11.000Z</time>
        <speed>1.185</speed>
      </trkpt>
      <trkpt lat="50.5495057" lon="-5.0257181">
        <ele>60.6</ele>
        <time>2026-09-14T12:12:16.000Z</time>
        <speed>1.222</speed>
      </trkpt>
      <trkpt lat="50.5495521" lon="-5.0257977">
        <ele>60.2</ele>
        <time>2026-09-14T12:12:21.000Z</time>
        <speed>1.372</speed>
      </trkpt>
      <trkpt lat="50.5495930" lon="-5.0258664">
        <ele>60.0</ele>
        <time>2026-09-14T12:12:26.000Z</time>
        <speed>1.334</speed>
      </trkpt>
      <trkpt lat="50.5496432" lon="-5.0259399">
        <ele>59.8</ele>
        <time>2026-09-14T12:12:31.000Z</time>
        <speed>1.381</speed>
      </trkpt>
      <trkpt lat="50.5496905" lon="-5.0260016">
        <ele>59.2</ele>
        <time>2026-09-14T12:12:36.000Z</time>
        <speed>1.344</speed>
      </trkpt>
      <trkpt lat="50.5497294" lon="-5.0260651">
        <ele>58.0</ele>
        <time>2026-09-14T12:12:41.000Z</time>
        <speed>1.334</speed>
      </trkpt>
      <trkpt lat="50.5497757" lon="-5.0261430">
        <ele>58.2</ele>
        <time>2026-09-14T12:12:46.000Z</time>
        <speed>1.381</speed>
      </trkpt>
      <trkpt lat="50.5498220" lon="-5.0262077">
        <ele>58.2</ele>
        <time>2026-09-14T12:12:51.000Z</time>
        <speed>1.418</speed>
      </trkpt>
      <trkpt lat="50.5498642" lon="-5.0262715">
        <ele>58.0</ele>
        <time>2026-09-14T12:12:56.000Z</time>
        <speed>1.400</speed>
      </trkpt>
      <trkpt lat="50.5499112" lon="-5.0263406">
        <ele>58.0</ele>
        <time>2026-09-14T12:13:01.000Z</time>
        <speed>1.400</speed>
      </trkpt>
      <trkpt lat="50.5499528" lon="-5.0264149">
        <ele>58.6</ele>
        <time>2026-09-14T12:13:06.000Z</time>
        <speed>1.400</speed>
      </trkpt>
      <trkpt lat="50.5499914" lon="-5.0264905">
        <ele>58.6</ele>
        <time>2026-09-14T12:13:11.000Z</time>
        <speed>1.400</speed>
      </trkpt>
      <trkpt lat="50.5500398" lon="-5.0265665">
        <ele>58.8</ele>
        <time>2026-09-14T12:13:16.000Z</time>
        <speed>1.428</speed>
      </trkpt>
      <trkpt lat="50.5500810" lon="-5.0266255">
        <ele>59.2</ele>
        <time>2026-09-14T12:13:21.000Z</time>
        <speed>1.400</speed>
      </trkpt>
      <trkpt lat="50.5501323" lon="-5.0266804">
        <ele>59.6</ele>
        <time>2026-09-14T12:13:26.000Z</time>
        <speed>1.381</speed>
      </trkpt>
      <trkpt lat="50.5501711" lon="-5.0267413">
        <ele>59.8</ele>
        <time>2026-09-14T12:13:31.000Z</time>
        <speed>1.353</speed>
      </trkpt>
      <trkpt lat="50.5502070" lon="-5.0268034">
        <ele>60.2</ele>
        <time>2026-09-14T12:13:36.000Z</time>
        <speed>1.297</speed>
      </trkpt>
      <trkpt lat="50.5502456" lon="-5.0268690">
        <ele>60.4</ele>
        <time>2026-09-14T12:13:41.000Z</time>
        <speed>1.288</speed>
      </trkpt>
      <trkpt lat="50.5502768" lon="-5.0269333">
        <ele>61.2</ele>
        <time>2026-09-14T12:13:46.000Z</time>
        <speed>1.269</speed>
      </trkpt>
      <trkpt lat="50.5502877" lon="-5.0269593">
        <ele>61.2</ele>
        <time>2026-09-14T12:13:51.000Z</time>
        <speed>1.110</speed>
      </trkpt>
      <trkpt lat="50.5502884" lon="-5.0270310">
        <ele>61.8</ele>
        <time>2026-09-14T12:13:56.000Z</time>
        <speed>0.532</speed>
      </trkpt>
      <trkpt lat="50.5502969" lon="-5.0270888">
        <ele>62.6</ele>
        <time>2026-09-14T12:14:01.000Z</time>
        <speed>0.849</speed>
      </trkpt>
      <trkpt lat="50.5503097" lon="-5.0271587">
        <ele>63.0</ele>
        <time>2026-09-14T12:14:06.000Z</time>
        <speed>0.970</speed>
      </trkpt>
      <trkpt lat="50.5503340" lon="-5.0272307">
        <ele>63.6</ele>
        <time>2026-09-14T12:14:11.000Z</time>
        <speed>1.073</speed>
      </trkpt>
      <trkpt lat="50.5503585" lon="-5.0273067">
        <ele>63.8</ele>
        <time>2026-09-14T12:14:16.000Z</time>
        <speed>1.129</speed>
      </trkpt>
      <trkpt lat="50.5503690" lon="-5.0273949">
        <ele>64.0</ele>
        <time>2026-09-14T12:14:21.000Z</time>
        <speed>1.129</speed>
      </trkpt>
      <trkpt lat="50.5503725" lon="-5.0274786">
        <ele>64.6</ele>
        <time>2026-09-14T12:14:26.000Z</time>
        <speed>1.176</speed>
      </trkpt>
      <trkpt lat="50.5503856" lon="-5.0275456">
        <ele>65.2</ele>
        <time>2026-09-14T12:14:31.000Z</time>
        <speed>1.148</speed>
      </trkpt>
      <trkpt lat="50.5503911" lon="-5.0276136">
        <ele>65.0</ele>
        <time>2026-09-14T12:14:36.000Z</time>
        <speed>1.120</speed>
      </trkpt>
      <trkpt lat="50.5503837" lon="-5.0276914">
        <ele>65.2</ele>
        <time>2026-09-14T12:14:41.000Z</time>
        <speed>1.092</speed>
      </trkpt>
      <trkpt lat="50.5503633" lon="-5.0277599">
        <ele>67.2</ele>
        <time>2026-09-14T12:14:46.000Z</time>
        <speed>1.082</speed>
      </trkpt>
      <trkpt lat="50.5503436" lon="-5.0278462">
        <ele>65.6</ele>
        <time>2026-09-14T12:14:51.000Z</time>
        <speed>1.166</speed>
      </trkpt>
      <trkpt lat="50.5503211" lon="-5.0279105">
        <ele>65.8</ele>
        <time>2026-09-14T12:14:56.000Z</time>
        <speed>1.101</speed>
      </trkpt>
      <trkpt lat="50.5503017" lon="-5.0280020">
        <ele>66.2</ele>
        <time>2026-09-14T12:15:01.000Z</time>
        <speed>1.241</speed>
      </trkpt>
      <trkpt lat="50.5502776" lon="-5.0280873">
        <ele>66.0</ele>
        <time>2026-09-14T12:15:06.000Z</time>
        <speed>1.260</speed>
      </trkpt>
      <trkpt lat="50.5502463" lon="-5.0281574">
        <ele>66.2</ele>
        <time>2026-09-14T12:15:11.000Z</time>
        <speed>1.260</speed>
      </trkpt>
      <trkpt lat="50.5502188" lon="-5.0282435">
        <ele>66.0</ele>
        <time>2026-09-14T12:15:16.000Z</time>
        <speed>1.288</speed>
      </trkpt>
      <trkpt lat="50.5501847" lon="-5.0283146">
        <ele>66.4</ele>
        <time>2026-09-14T12:15:21.000Z</time>
        <speed>1.269</speed>
      </trkpt>
      <trkpt lat="50.5501614" lon="-5.0283955">
        <ele>66.8</ele>
        <time>2026-09-14T12:15:26.000Z</time>
        <speed>1.260</speed>
      </trkpt>
      <trkpt lat="50.5501340" lon="-5.0284764">
        <ele>67.0</ele>
        <time>2026-09-14T12:15:31.000Z</time>
        <speed>1.260</speed>
      </trkpt>
      <trkpt lat="50.5501141" lon="-5.0285484">
        <ele>67.2</ele>
        <time>2026-09-14T12:15:36.000Z</time>
        <speed>1.250</speed>
      </trkpt>
      <trkpt lat="50.5500845" lon="-5.0286319">
        <ele>67.6</ele>
        <time>2026-09-14T12:15:41.000Z</time>
        <speed>1.260</speed>
      </trkpt>
      <trkpt lat="50.5500590" lon="-5.0286989">
        <ele>68.0</ele>
        <time>2026-09-14T12:15:46.000Z</time>
        <speed>1.250</speed>
      </trkpt>
      <trkpt lat="50.5500261" lon="-5.0287748">
        <ele>68.6</ele>
        <time>2026-09-14T12:15:51.000Z</time>
        <speed>1.241</speed>
      </trkpt>
      <trkpt lat="50.5500009" lon="-5.0288457">
        <ele>69.0</ele>
        <time>2026-09-14T12:15:56.000Z</time>
        <speed>1.232</speed>
      </trkpt>
      <trkpt lat="50.5499784" lon="-5.0289236">
        <ele>69.0</ele>
        <time>2026-09-14T12:16:01.000Z</time>
        <speed>1.222</speed>
      </trkpt>
      <trkpt lat="50.5499487" lon="-5.0289907">
        <ele>69.6</ele>
        <time>2026-09-14T12:16:06.000Z</time>
        <speed>1.222</speed>
      </trkpt>
      <trkpt lat="50.5499250" lon="-5.0290636">
        <ele>69.8</ele>
        <time>2026-09-14T12:16:11.000Z</time>
        <speed>1.213</speed>
      </trkpt>
      <trkpt lat="50.5499052" lon="-5.0291420">
        <ele>70.2</ele>
        <time>2026-09-14T12:16:16.000Z</time>
        <speed>1.204</speed>
      </trkpt>
      <trkpt lat="50.5498955" lon="-5.0292203">
        <ele>70.6</ele>
        <time>2026-09-14T12:16:21.000Z</time>
        <speed>1.194</speed>
      </trkpt>
      <trkpt lat="50.5498765" lon="-5.0293064">
        <ele>70.6</ele>
        <time>2026-09-14T12:16:26.000Z</time>
        <speed>1.213</speed>
      </trkpt>
      <trkpt lat="50.5498586" lon="-5.0293918">
        <ele>70.8</ele>
        <time>2026-09-14T12:16:31.000Z</time>
        <speed>1.222</speed>
      </trkpt>
      <trkpt lat="50.5498393" lon="-5.0294648">
        <ele>71.4</ele>
        <time>2026-09-14T12:16:36.000Z</time>
        <speed>1.185</speed>
      </trkpt>
      <trkpt lat="50.5498246" lon="-5.0295554">
        <ele>72.0</ele>
        <time>2026-09-14T12:16:41.000Z</time>
        <speed>1.185</speed>
      </trkpt>
      <trkpt lat="50.5498022" lon="-5.0296197">
        <ele>72.6</ele>
        <time>2026-09-14T12:16:46.000Z</time>
        <speed>1.148</speed>
      </trkpt>
      <trkpt lat="50.5497881" lon="-5.0296771">
        <ele>73.4</ele>
        <time>2026-09-14T12:16:51.000Z</time>
        <speed>1.073</speed>
      </trkpt>
      <trkpt lat="50.5497772" lon="-5.0297581">
        <ele>73.4</ele>
        <time>2026-09-14T12:16:56.000Z</time>
        <speed>1.092</speed>
      </trkpt>
      <trkpt lat="50.5497705" lon="-5.0298420">
        <ele>73.8</ele>
        <time>2026-09-14T12:17:01.000Z</time>
        <speed>1.082</speed>
      </trkpt>
      <trkpt lat="50.5497843" lon="-5.0299102">
        <ele>73.2</ele>
        <time>2026-09-14T12:17:06.000Z</time>
        <speed>1.082</speed>
      </trkpt>
      <trkpt lat="50.5497792" lon="-5.0299891">
        <ele>73.4</ele>
        <time>2026-09-14T12:17:11.000Z</time>
        <speed>1.110</speed>
      </trkpt>
      <trkpt lat="50.5497654" lon="-5.0300648">
        <ele>72.6</ele>
        <time>2026-09-14T12:17:16.000Z</time>
        <speed>1.073</speed>
      </trkpt>
      <trkpt lat="50.5497510" lon="-5.0301320">
        <ele>72.2</ele>
        <time>2026-09-14T12:17:21.000Z</time>
        <speed>1.082</speed>
      </trkpt>
      <trkpt lat="50.5497375" lon="-5.0301964">
        <ele>72.0</ele>
        <time>2026-09-14T12:17:26.000Z</time>
        <speed>1.073</speed>
      </trkpt>
      <trkpt lat="50.5497362" lon="-5.0302777">
        <ele>71.6</ele>
        <time>2026-09-14T12:17:31.000Z</time>
        <speed>1.082</speed>
      </trkpt>
      <trkpt lat="50.5497234" lon="-5.0303553">
        <ele>71.4</ele>
        <time>2026-09-14T12:17:36.000Z</time>
        <speed>1.082</speed>
      </trkpt>
      <trkpt lat="50.5497076" lon="-5.0304462">
        <ele>71.0</ele>
        <time>2026-09-14T12:17:41.000Z</time>
        <speed>1.110</speed>
      </trkpt>
      <trkpt lat="50.5496909" lon="-5.0305264">
        <ele>70.6</ele>
        <time>2026-09-14T12:17:46.000Z</time>
        <speed>1.129</speed>
      </trkpt>
      <trkpt lat="50.5496733" lon="-5.0306003">
        <ele>70.0</ele>
        <time>2026-09-14T12:17:51.000Z</time>
        <speed>1.120</speed>
      </trkpt>
      <trkpt lat="50.5496502" lon="-5.0306702">
        <ele>69.4</ele>
        <time>2026-09-14T12:17:56.000Z</time>
        <speed>1.120</speed>
      </trkpt>
      <trkpt lat="50.5496299" lon="-5.0307577">
        <ele>69.2</ele>
        <time>2026-09-14T12:18:01.000Z</time>
        <speed>1.129</speed>
      </trkpt>
      <trkpt lat="50.5496227" lon="-5.0308532">
        <ele>68.8</ele>
        <time>2026-09-14T12:18:06.000Z</time>
        <speed>1.148</speed>
      </trkpt>
      <trkpt lat="50.5496153" lon="-5.0309428">
        <ele>68.8</ele>
        <time>2026-09-14T12:18:11.000Z</time>
        <speed>1.166</speed>
      </trkpt>
      <trkpt lat="50.5496001" lon="-5.0310341">
        <ele>68.4</ele>
        <time>2026-09-14T12:18:16.000Z</time>
        <speed>1.194</speed>
      </trkpt>
      <trkpt lat="50.5496036" lon="-5.0311227">
        <ele>68.0</ele>
        <time>2026-09-14T12:18:21.000Z</time>
        <speed>1.204</speed>
      </trkpt>
      <trkpt lat="50.5496246" lon="-5.0312041">
        <ele>67.0</ele>
        <time>2026-09-14T12:18:26.000Z</time>
        <speed>1.194</speed>
      </trkpt>
      <trkpt lat="50.5496366" lon="-5.0312272">
        <ele>66.4</ele>
        <time>2026-09-14T12:18:31.000Z</time>
        <speed>1.120</speed>
      </trkpt>
      <trkpt lat="50.5496366" lon="-5.0312272">
        <ele>66.8</ele>
        <time>2026-09-14T12:18:36.000Z</time>
        <speed>0.000</speed>
      </trkpt>
      <trkpt lat="50.5496366" lon="-5.0312272">
        <ele>66.6</ele>
        <time>2026-09-14T12:18:41.000Z</time>
        <speed>0.000</speed>
      </trkpt>
      <trkpt lat="50.5496366" lon="-5.0312272">
        <ele>66.4</ele>
        <time>2026-09-14T12:18:46.000Z</time>
        <speed>0.000</speed>
      </trkpt>
      <trkpt lat="50.5496366" lon="-5.0312272">
        <ele>66.2</ele>
        <time>2026-09-14T12:18:51.000Z</time>
        <speed>0.000</speed>
      </trkpt>
      <trkpt lat="50.5496400" lon="-5.0312318">
        <ele>66.2</ele>
        <time>2026-09-14T12:18:56.000Z</time>
        <speed>0.000</speed>
      </trkpt>
      <trkpt lat="50.5496326" lon="-5.0312450">
        <ele>66.6</ele>
        <time>2026-09-14T12:19:01.000Z</time>
        <speed>0.000</speed>
      </trkpt>
      <trkpt lat="50.5496352" lon="-5.0312671">
        <ele>66.6</ele>
        <time>2026-09-14T12:19:06.000Z</time>
        <speed>0.000</speed>
      </trkpt>
      <trkpt lat="50.5496342" lon="-5.0313233">
        <ele>66.0</ele>
        <time>2026-09-14T12:19:11.000Z</time>
        <speed>1.064</speed>
      </trkpt>
      <trkpt lat="50.5496209" lon="-5.0314216">
        <ele>65.8</ele>
        <time>2026-09-14T12:19:16.000Z</time>
        <speed>1.428</speed>
      </trkpt>
      <trkpt lat="50.5496027" lon="-5.0315023">
        <ele>66.4</ele>
        <time>2026-09-14T12:19:21.000Z</time>
        <speed>1.241</speed>
      </trkpt>
      <trkpt lat="50.5495869" lon="-5.0315822">
        <ele>66.0</ele>
        <time>2026-09-14T12:19:26.000Z</time>
        <speed>1.232</speed>
      </trkpt>
      <trkpt lat="50.5495910" lon="-5.0316079">
        <ele>66.4</ele>
        <time>2026-09-14T12:19:31.000Z</time>
        <speed>1.101</speed>
      </trkpt>
      <trkpt lat="50.5495913" lon="-5.0316079">
        <ele>66.6</ele>
        <time>2026-09-14T12:19:36.000Z</time>
        <speed>0.000</speed>
      </trkpt>
      <trkpt lat="50.5495828" lon="-5.0316592">
        <ele>66.2</ele>
        <time>2026-09-14T12:19:41.000Z</time>
        <speed>0.000</speed>
      </trkpt>
      <trkpt lat="50.5495736" lon="-5.0317464">
        <ele>66.0</ele>
        <time>2026-09-14T12:19:46.000Z</time>
        <speed>1.148</speed>
      </trkpt>
      <trkpt lat="50.5495660" lon="-5.0318388">
        <ele>66.2</ele>
        <time>2026-09-14T12:19:51.000Z</time>
        <speed>1.381</speed>
      </trkpt>
      <trkpt lat="50.5495473" lon="-5.0319231">
        <ele>66.8</ele>
        <time>2026-09-14T12:19:56.000Z</time>
        <speed>1.344</speed>
      </trkpt>
      <trkpt lat="50.5495380" lon="-5.0320016">
        <ele>67.0</ele>
        <time>2026-09-14T12:20:01.000Z</time>
        <speed>1.269</speed>
      </trkpt>
      <trkpt lat="50.5495295" lon="-5.0320834">
        <ele>67.0</ele>
        <time>2026-09-14T12:20:06.000Z</time>
        <speed>1.250</speed>
      </trkpt>
      <trkpt lat="50.5495086" lon="-5.0321746">
        <ele>67.2</ele>
        <time>2026-09-14T12:20:11.000Z</time>
        <speed>1.288</speed>
      </trkpt>
      <trkpt lat="50.5494931" lon="-5.0322538">
        <ele>67.2</ele>
        <time>2026-09-14T12:20:16.000Z</time>
        <speed>1.316</speed>
      </trkpt>
      <trkpt lat="50.5494723" lon="-5.0323440">
        <ele>67.6</ele>
        <time>2026-09-14T12:20:21.000Z</time>
        <speed>1.325</speed>
      </trkpt>
      <trkpt lat="50.5494440" lon="-5.0324238">
        <ele>67.6</ele>
        <time>2026-09-14T12:20:26.000Z</time>
        <speed>1.297</speed>
      </trkpt>
      <trkpt lat="50.5494292" lon="-5.0324990">
        <ele>68.0</ele>
        <time>2026-09-14T12:20:31.000Z</time>
        <speed>1.297</speed>
      </trkpt>
      <trkpt lat="50.5494035" lon="-5.0325725">
        <ele>67.6</ele>
        <time>2026-09-14T12:20:36.000Z</time>
        <speed>1.288</speed>
      </trkpt>
      <trkpt lat="50.5493799" lon="-5.0326556">
        <ele>67.2</ele>
        <time>2026-09-14T12:20:41.000Z</time>
        <speed>1.297</speed>
      </trkpt>
      <trkpt lat="50.5493527" lon="-5.0327404">
        <ele>67.4</ele>
        <time>2026-09-14T12:20:46.000Z</time>
        <speed>1.306</speed>
      </trkpt>
      <trkpt lat="50.5493236" lon="-5.0328232">
        <ele>67.4</ele>
        <time>2026-09-14T12:20:51.000Z</time>
        <speed>1.316</speed>
      </trkpt>
      <trkpt lat="50.5493030" lon="-5.0329083">
        <ele>67.4</ele>
        <time>2026-09-14T12:20:56.000Z</time>
        <speed>1.306</speed>
      </trkpt>
      <trkpt lat="50.5492736" lon="-5.0330022">
        <ele>67.8</ele>
        <time>2026-09-14T12:21:01.000Z</time>
        <speed>1.334</speed>
      </trkpt>
      <trkpt lat="50.5492392" lon="-5.0330801">
        <ele>68.2</ele>
        <time>2026-09-14T12:21:06.000Z</time>
        <speed>1.325</speed>
      </trkpt>
      <trkpt lat="50.5492098" lon="-5.0331590">
        <ele>68.2</ele>
        <time>2026-09-14T12:21:11.000Z</time>
        <speed>1.344</speed>
      </trkpt>
      <trkpt lat="50.5491795" lon="-5.0332415">
        <ele>68.0</ele>
        <time>2026-09-14T12:21:16.000Z</time>
        <speed>1.353</speed>
      </trkpt>
      <trkpt lat="50.5491502" lon="-5.0333266">
        <ele>68.2</ele>
        <time>2026-09-14T12:21:21.000Z</time>
        <speed>1.353</speed>
      </trkpt>
      <trkpt lat="50.5491304" lon="-5.0333981">
        <ele>68.4</ele>
        <time>2026-09-14T12:21:26.000Z</time>
        <speed>1.325</speed>
      </trkpt>
      <trkpt lat="50.5490972" lon="-5.0334681">
        <ele>68.6</ele>
        <time>2026-09-14T12:21:31.000Z</time>
        <speed>1.306</speed>
      </trkpt>
      <trkpt lat="50.5490961" lon="-5.0334892">
        <ele>67.6</ele>
        <time>2026-09-14T12:21:36.000Z</time>
        <speed>1.260</speed>
      </trkpt>
      <trkpt lat="50.5490873" lon="-5.0334950">
        <ele>68.0</ele>
        <time>2026-09-14T12:21:41.000Z</time>
        <speed>0.000</speed>
      </trkpt>
      <trkpt lat="50.5490724" lon="-5.0335539">
        <ele>68.8</ele>
        <time>2026-09-14T12:21:46.000Z</time>
        <speed>0.420</speed>
      </trkpt>
      <trkpt lat="50.5490435" lon="-5.0336242">
        <ele>68.6</ele>
        <time>2026-09-14T12:21:51.000Z</time>
        <speed>1.138</speed>
      </trkpt>
      <trkpt lat="50.5490096" lon="-5.0336931">
        <ele>68.8</ele>
        <time>2026-09-14T12:21:56.000Z</time>
        <speed>1.344</speed>
      </trkpt>
      <trkpt lat="50.5489784" lon="-5.0337722">
        <ele>68.0</ele>
        <time>2026-09-14T12:22:01.000Z</time>
        <speed>1.325</speed>
      </trkpt>
      <trkpt lat="50.5489768" lon="-5.0338462">
        <ele>67.4</ele>
        <time>2026-09-14T12:22:06.000Z</time>
        <speed>1.288</speed>
      </trkpt>
      <trkpt lat="50.5489522" lon="-5.0339184">
        <ele>67.4</ele>
        <time>2026-09-14T12:22:11.000Z</time>
        <speed>1.232</speed>
      </trkpt>
      <trkpt lat="50.5489447" lon="-5.0339980">
        <ele>66.4</ele>
        <time>2026-09-14T12:22:16.000Z</time>
        <speed>1.194</speed>
      </trkpt>
      <trkpt lat="50.5489337" lon="-5.0340960">
        <ele>65.4</ele>
        <time>2026-09-14T12:22:21.000Z</time>
        <speed>1.306</speed>
      </trkpt>
      <trkpt lat="50.5489091" lon="-5.0341825">
        <ele>65.2</ele>
        <time>2026-09-14T12:22:26.000Z</time>
        <speed>1.316</speed>
      </trkpt>
      <trkpt lat="50.5488891" lon="-5.0342716">
        <ele>64.6</ele>
        <time>2026-09-14T12:22:31.000Z</time>
        <speed>1.344</speed>
      </trkpt>
      <trkpt lat="50.5488653" lon="-5.0343458">
        <ele>63.6</ele>
        <time>2026-09-14T12:22:36.000Z</time>
        <speed>1.306</speed>
      </trkpt>
      <trkpt lat="50.5488322" lon="-5.0344305">
        <ele>62.8</ele>
        <time>2026-09-14T12:22:41.000Z</time>
        <speed>1.316</speed>
      </trkpt>
      <trkpt lat="50.5487945" lon="-5.0344956">
        <ele>62.6</ele>
        <time>2026-09-14T12:22:46.000Z</time>
        <speed>1.325</speed>
      </trkpt>
      <trkpt lat="50.5487642" lon="-5.0345720">
        <ele>61.4</ele>
        <time>2026-09-14T12:22:51.000Z</time>
        <speed>1.306</speed>
      </trkpt>
      <trkpt lat="50.5487202" lon="-5.0346404">
        <ele>61.2</ele>
        <time>2026-09-14T12:22:56.000Z</time>
        <speed>1.316</speed>
      </trkpt>
      <trkpt lat="50.5486873" lon="-5.0346850">
        <ele>61.0</ele>
        <time>2026-09-14T12:23:01.000Z</time>
        <speed>1.297</speed>
      </trkpt>
      <trkpt lat="50.5486551" lon="-5.0347669">
        <ele>61.4</ele>
        <time>2026-09-14T12:23:06.000Z</time>
        <speed>1.250</speed>
      </trkpt>
      <trkpt lat="50.5486167" lon="-5.0347838">
        <ele>62.4</ele>
        <time>2026-09-14T12:23:11.000Z</time>
        <speed>1.120</speed>
      </trkpt>
      <trkpt lat="50.5485794" lon="-5.0348111">
        <ele>62.0</ele>
        <time>2026-09-14T12:23:16.000Z</time>
        <speed>1.054</speed>
      </trkpt>
      <trkpt lat="50.5485346" lon="-5.0348149">
        <ele>59.6</ele>
        <time>2026-09-14T12:23:21.000Z</time>
        <speed>0.980</speed>
      </trkpt>
      <trkpt lat="50.5484819" lon="-5.0348123">
        <ele>58.2</ele>
        <time>2026-09-14T12:23:26.000Z</time>
        <speed>1.045</speed>
      </trkpt>
      <trkpt lat="50.5484290" lon="-5.0348071">
        <ele>57.4</ele>
        <time>2026-09-14T12:23:31.000Z</time>
        <speed>1.092</speed>
      </trkpt>
      <trkpt lat="50.5483824" lon="-5.0347783">
        <ele>56.0</ele>
        <time>2026-09-14T12:23:36.000Z</time>
        <speed>1.129</speed>
      </trkpt>
      <trkpt lat="50.5483506" lon="-5.0347789">
        <ele>55.4</ele>
        <time>2026-09-14T12:23:41.000Z</time>
        <speed>1.045</speed>
      </trkpt>
      <trkpt lat="50.5483186" lon="-5.0348006">
        <ele>54.6</ele>
        <time>2026-09-14T12:23:46.000Z</time>
        <speed>0.942</speed>
      </trkpt>
      <trkpt lat="50.5482768" lon="-5.0348353">
        <ele>53.6</ele>
        <time>2026-09-14T12:23:51.000Z</time>
        <speed>0.952</speed>
      </trkpt>
      <trkpt lat="50.5482577" lon="-5.0348536">
        <ele>54.6</ele>
        <time>2026-09-14T12:23:56.000Z</time>
        <speed>0.802</speed>
      </trkpt>
      <trkpt lat="50.5482382" lon="-5.0348509">
        <ele>55.8</ele>
        <time>2026-09-14T12:24:01.000Z</time>
        <speed>0.653</speed>
      </trkpt>
      <trkpt lat="50.5482382" lon="-5.0348509">
        <ele>54.0</ele>
        <time>2026-09-14T12:24:06.000Z</time>
        <speed>0.000</speed>
      </trkpt>
      <trkpt lat="50.5482382" lon="-5.0348509">
        <ele>54.2</ele>
        <time>2026-09-14T12:24:11.000Z</time>
        <speed>0.000</speed>
      </trkpt>
      <trkpt lat="50.5482382" lon="-5.0348509">
        <ele>54.6</ele>
        <time>2026-09-14T12:24:16.000Z</time>
        <speed>0.000</speed>
      </trkpt>
      <trkpt lat="50.5482382" lon="-5.0348509">
        <ele>56.2</ele>
        <time>2026-09-14T12:24:21.000Z</time>
        <speed>0.000</speed>
      </trkpt>
      <trkpt lat="50.5482382" lon="-5.0348509">
        <ele>55.2</ele>
        <time>2026-09-14T12:24:26.000Z</time>
        <speed>0.000</speed>
      </trkpt>
      <trkpt lat="50.5482169" lon="-5.0348212">
        <ele>54.4</ele>
        <time>2026-09-14T12:24:31.000Z</time>
        <speed>0.000</speed>
      </trkpt>
      <trkpt lat="50.5481647" lon="-5.0347818">
        <ele>56.0</ele>
        <time>2026-09-14T12:24:36.000Z</time>
        <speed>1.129</speed>
      </trkpt>
      <trkpt lat="50.5481188" lon="-5.0347533">
        <ele>55.6</ele>
        <time>2026-09-14T12:24:41.000Z</time>
        <speed>1.082</speed>
      </trkpt>
      <trkpt lat="50.5481099" lon="-5.0347481">
        <ele>55.4</ele>
        <time>2026-09-14T12:24:46.000Z</time>
        <speed>0.625</speed>
      </trkpt>
      <trkpt lat="50.5480558" lon="-5.0347085">
        <ele>55.8</ele>
        <time>2026-09-14T12:24:51.000Z</time>
        <speed>0.924</speed>
      </trkpt>
      <trkpt lat="50.5480067" lon="-5.0346697">
        <ele>56.8</ele>
        <time>2026-09-14T12:24:56.000Z</time>
        <speed>1.017</speed>
      </trkpt>
      <trkpt lat="50.5479533" lon="-5.0346318">
        <ele>56.4</ele>
        <time>2026-09-14T12:25:01.000Z</time>
        <speed>1.176</speed>
      </trkpt>
      <trkpt lat="50.5479242" lon="-5.0346019">
        <ele>56.8</ele>
        <time>2026-09-14T12:25:06.000Z</time>
        <speed>1.092</speed>
      </trkpt>
      <trkpt lat="50.5479124" lon="-5.0345932">
        <ele>56.2</ele>
        <time>2026-09-14T12:25:11.000Z</time>
        <speed>0.000</speed>
      </trkpt>
      <trkpt lat="50.5479124" lon="-5.0345932">
        <ele>56.0</ele>
        <time>2026-09-14T12:25:16.000Z</time>
        <speed>0.000</speed>
      </trkpt>
      <trkpt lat="50.5479124" lon="-5.0345932">
        <ele>56.2</ele>
        <time>2026-09-14T12:25:21.000Z</time>
        <speed>0.000</speed>
      </trkpt>
      <trkpt lat="50.5479124" lon="-5.0345932">
        <ele>56.8</ele>
        <time>2026-09-14T12:25:26.000Z</time>
        <speed>0.000</speed>
      </trkpt>
      <trkpt lat="50.5479124" lon="-5.0345932">
        <ele>56.8</ele>
        <time>2026-09-14T12:25:31.000Z</time>
        <speed>0.000</speed>
      </trkpt>
      <trkpt lat="50.5479124" lon="-5.0345932">
        <ele>56.4</ele>
        <time>2026-09-14T12:25:36.000Z</time>
        <speed>0.000</speed>
      </trkpt>
      <trkpt lat="50.5479124" lon="-5.0345932">
        <ele>56.2</ele>
        <time>2026-09-14T12:25:41.000Z</time>
        <speed>0.000</speed>
      </trkpt>
      <trkpt lat="50.5479124" lon="-5.0345932">
        <ele>56.2</ele>
        <time>2026-09-14T12:25:46.000Z</time>
        <speed>0.000</speed>
      </trkpt>
      <trkpt lat="50.5479124" lon="-5.0345932">
        <ele>56.6</ele>
        <time>2026-09-14T12:25:51.000Z</time>
        <speed>0.000</speed>
      </trkpt>
      <trkpt lat="50.5479124" lon="-5.0345932">
        <ele>56.6</ele>
        <time>2026-09-14T12:25:56.000Z</time>
        <speed>0.000</speed>
      </trkpt>
      <trkpt lat="50.5479106" lon="-5.0345965">
        <ele>56.6</ele>
        <time>2026-09-14T12:26:01.000Z</time>
        <speed>0.000</speed>
      </trkpt>
      <trkpt lat="50.5478681" lon="-5.0345688">
        <ele>56.8</ele>
        <time>2026-09-14T12:26:06.000Z</time>
        <speed>0.392</speed>
      </trkpt>
      <trkpt lat="50.5478226" lon="-5.0345762">
        <ele>56.2</ele>
        <time>2026-09-14T12:26:11.000Z</time>
        <speed>0.355</speed>
      </trkpt>
      <trkpt lat="50.5477825" lon="-5.0346004">
        <ele>54.8</ele>
        <time>2026-09-14T12:26:16.000Z</time>
        <speed>1.101</speed>
      </trkpt>
      <trkpt lat="50.5477349" lon="-5.0346191">
        <ele>54.2</ele>
        <time>2026-09-14T12:26:21.000Z</time>
        <speed>1.166</speed>
      </trkpt>
      <trkpt lat="50.5476804" lon="-5.0346506">
        <ele>53.2</ele>
        <time>2026-09-14T12:26:26.000Z</time>
        <speed>1.148</speed>
      </trkpt>
      <trkpt lat="50.5476406" lon="-5.0346893">
        <ele>52.2</ele>
        <time>2026-09-14T12:26:31.000Z</time>
        <speed>1.138</speed>
      </trkpt>
      <trkpt lat="50.5476054" lon="-5.0347403">
        <ele>50.8</ele>
        <time>2026-09-14T12:26:36.000Z</time>
        <speed>1.166</speed>
      </trkpt>
      <trkpt lat="50.5475964" lon="-5.0347771">
        <ele>50.0</ele>
        <time>2026-09-14T12:26:41.000Z</time>
        <speed>0.812</speed>
      </trkpt>
      <trkpt lat="50.5475891" lon="-5.0348060">
        <ele>48.0</ele>
        <time>2026-09-14T12:26:46.000Z</time>
        <speed>0.718</speed>
      </trkpt>
      <trkpt lat="50.5475945" lon="-5.0348324">
        <ele>46.2</ele>
        <time>2026-09-14T12:26:51.000Z</time>
        <speed>0.625</speed>
      </trkpt>
      <trkpt lat="50.5475733" lon="-5.0348750">
        <ele>45.2</ele>
        <time>2026-09-14T12:26:56.000Z</time>
        <speed>0.681</speed>
      </trkpt>
      <trkpt lat="50.5475484" lon="-5.0349255">
        <ele>43.8</ele>
        <time>2026-09-14T12:27:01.000Z</time>
        <speed>0.765</speed>
      </trkpt>
      <trkpt lat="50.5475019" lon="-5.0349772">
        <ele>43.2</ele>
        <time>2026-09-14T12:27:06.000Z</time>
        <speed>1.026</speed>
      </trkpt>
      <trkpt lat="50.5474448" lon="-5.0349953">
        <ele>43.8</ele>
        <time>2026-09-14T12:27:11.000Z</time>
        <speed>1.129</speed>
      </trkpt>
      <trkpt lat="50.5473701" lon="-5.0349941">
        <ele>43.2</ele>
        <time>2026-09-14T12:27:16.000Z</time>
        <speed>1.222</speed>
      </trkpt>
      <trkpt lat="50.5473112" lon="-5.0350049">
        <ele>43.2</ele>
        <time>2026-09-14T12:27:21.000Z</time>
        <speed>1.278</speed>
      </trkpt>
      <trkpt lat="50.5472488" lon="-5.0350558">
        <ele>43.6</ele>
        <time>2026-09-14T12:27:26.000Z</time>
        <speed>1.372</speed>
      </trkpt>
      <trkpt lat="50.5472045" lon="-5.0350998">
        <ele>43.6</ele>
        <time>2026-09-14T12:27:31.000Z</time>
        <speed>1.334</speed>
      </trkpt>
      <trkpt lat="50.5471703" lon="-5.0351673">
        <ele>43.6</ele>
        <time>2026-09-14T12:27:36.000Z</time>
        <speed>1.306</speed>
      </trkpt>
      <trkpt lat="50.5471237" lon="-5.0352353">
        <ele>43.4</ele>
        <time>2026-09-14T12:27:41.000Z</time>
        <speed>1.316</speed>
      </trkpt>
      <trkpt lat="50.5470814" lon="-5.0353060">
        <ele>43.4</ele>
        <time>2026-09-14T12:27:46.000Z</time>
        <speed>1.316</speed>
      </trkpt>
      <trkpt lat="50.5470440" lon="-5.0353716">
        <ele>43.6</ele>
        <time>2026-09-14T12:27:51.000Z</time>
        <speed>1.297</speed>
      </trkpt>
      <trkpt lat="50.5470140" lon="-5.0354317">
        <ele>44.0</ele>
        <time>2026-09-14T12:27:56.000Z</time>
        <speed>1.269</speed>
      </trkpt>
      <trkpt lat="50.5469798" lon="-5.0354712">
        <ele>44.0</ele>
        <time>2026-09-14T12:28:01.000Z</time>
        <speed>1.138</speed>
      </trkpt>
      <trkpt lat="50.5469698" lon="-5.0354684">
        <ele>44.0</ele>
        <time>2026-09-14T12:28:06.000Z</time>
        <speed>0.765</speed>
      </trkpt>
      <trkpt lat="50.5469698" lon="-5.0354684">
        <ele>44.2</ele>
        <time>2026-09-14T12:28:11.000Z</time>
        <speed>0.000</speed>
      </trkpt>
      <trkpt lat="50.5469698" lon="-5.0354684">
        <ele>44.0</ele>
        <time>2026-09-14T12:28:16.000Z</time>
        <speed>0.000</speed>
      </trkpt>
      <trkpt lat="50.5469698" lon="-5.0354684">
        <ele>44.0</ele>
        <time>2026-09-14T12:28:21.000Z</time>
        <speed>0.000</speed>
      </trkpt>
      <trkpt lat="50.5469698" lon="-5.0354684">
        <ele>44.0</ele>
        <time>2026-09-14T12:28:26.000Z</time>
        <speed>0.000</speed>
      </trkpt>
      <trkpt lat="50.5469698" lon="-5.0354684">
        <ele>44.0</ele>
        <time>2026-09-14T12:28:31.000Z</time>
        <speed>0.000</speed>
      </trkpt>
      <trkpt lat="50.5469698" lon="-5.0354684">
        <ele>44.0</ele>
        <time>2026-09-14T12:28:36.000Z</time>
        <speed>0.000</speed>
      </trkpt>
      <trkpt lat="50.5469698" lon="-5.0354684">
        <ele>43.8</ele>
        <time>2026-09-14T12:28:41.000Z</time>
        <speed>0.000</speed>
      </trkpt>
      <trkpt lat="50.5469698" lon="-5.0354684">
        <ele>43.8</ele>
        <time>2026-09-14T12:28:46.000Z</time>
        <speed>0.000</speed>
      </trkpt>
      <trkpt lat="50.5469698" lon="-5.0354684">
        <ele>43.8</ele>
        <time>2026-09-14T12:28:51.000Z</time>
        <speed>0.000</speed>
      </trkpt>
      <trkpt lat="50.5469698" lon="-5.0354684">
        <ele>43.8</ele>
        <time>2026-09-14T12:28:56.000Z</time>
        <speed>0.000</speed>
      </trkpt>
      <trkpt lat="50.5469698" lon="-5.0354684">
        <ele>43.8</ele>
        <time>2026-09-14T12:29:01.000Z</time>
        <speed>0.000</speed>
      </trkpt>
      <trkpt lat="50.5469698" lon="-5.0354684">
        <ele>43.8</ele>
        <time>2026-09-14T12:29:06.000Z</time>
        <speed>0.000</speed>
      </trkpt>
      <trkpt lat="50.5469698" lon="-5.0354684">
        <ele>43.8</ele>
        <time>2026-09-14T12:29:11.000Z</time>
        <speed>0.000</speed>
      </trkpt>
      <trkpt lat="50.5469698" lon="-5.0354684">
        <ele>43.8</ele>
        <time>2026-09-14T12:29:16.000Z</time>
        <speed>0.000</speed>
      </trkpt>
      <trkpt lat="50.5469698" lon="-5.0354684">
        <ele>43.6</ele>
        <time>2026-09-14T12:29:21.000Z</time>
        <speed>0.000</speed>
      </trkpt>
      <trkpt lat="50.5469698" lon="-5.0354684">
        <ele>43.8</ele>
        <time>2026-09-14T12:29:26.000Z</time>
        <speed>0.000</speed>
      </trkpt>
      <trkpt lat="50.5469698" lon="-5.0354684">
        <ele>43.6</ele>
        <time>2026-09-14T12:29:31.000Z</time>
        <speed>0.000</speed>
      </trkpt>
      <trkpt lat="50.5469698" lon="-5.0354684">
        <ele>43.8</ele>
        <time>2026-09-14T12:29:36.000Z</time>
        <speed>0.000</speed>
      </trkpt>
      <trkpt lat="50.5469698" lon="-5.0354684">
        <ele>43.6</ele>
        <time>2026-09-14T12:29:41.000Z</time>
        <speed>0.000</speed>
      </trkpt>
      <trkpt lat="50.5469698" lon="-5.0354684">
        <ele>43.8</ele>
        <time>2026-09-14T12:29:46.000Z</time>
        <speed>0.000</speed>
      </trkpt>
      <trkpt lat="50.5469698" lon="-5.0354684">
        <ele>43.6</ele>
        <time>2026-09-14T12:29:51.000Z</time>
        <speed>0.000</speed>
      </trkpt>
      <trkpt lat="50.5469698" lon="-5.0354684">
        <ele>43.8</ele>
        <time>2026-09-14T12:29:56.000Z</time>
        <speed>0.000</speed>
      </trkpt>
      <trkpt lat="50.5469698" lon="-5.0354684">
        <ele>43.8</ele>
        <time>2026-09-14T12:30:01.000Z</time>
        <speed>0.000</speed>
      </trkpt>
      <trkpt lat="50.5469698" lon="-5.0354684">
        <ele>44.0</ele>
        <time>2026-09-14T12:30:06.000Z</time>
        <speed>0.000</speed>
      </trkpt>
      <trkpt lat="50.5469698" lon="-5.0354684">
        <ele>44.0</ele>
        <time>2026-09-14T12:30:11.000Z</time>
        <speed>0.000</speed>
      </trkpt>
      <trkpt lat="50.5469698" lon="-5.0354684">
        <ele>43.6</ele>
        <time>2026-09-14T12:30:16.000Z</time>
        <speed>0.000</speed>
      </trkpt>
      <trkpt lat="50.5469698" lon="-5.0354684">
        <ele>43.6</ele>
        <time>2026-09-14T12:30:21.000Z</time>
        <speed>0.000</speed>
      </trkpt>
      <trkpt lat="50.5469698" lon="-5.0354684">
        <ele>43.6</ele>
        <time>2026-09-14T12:30:26.000Z</time>
        <speed>0.000</speed>
      </trkpt>
      <trkpt lat="50.5469698" lon="-5.0354684">
        <ele>43.6</ele>
        <time>2026-09-14T12:30:31.000Z</time>
        <speed>0.000</speed>
      </trkpt>
      <trkpt lat="50.5469698" lon="-5.0354684">
        <ele>43.6</ele>
        <time>2026-09-14T12:30:36.000Z</time>
        <speed>0.000</speed>
      </trkpt>
      <trkpt lat="50.5469698" lon="-5.0354684">
        <ele>43.6</ele>
        <time>2026-09-14T12:30:41.000Z</time>
        <speed>0.000</speed>
      </trkpt>
      <trkpt lat="50.5469698" lon="-5.0354684">
        <ele>43.6</ele>
        <time>2026-09-14T12:30:46.000Z</time>
        <speed>0.000</speed>
      </trkpt>
      <trkpt lat="50.5469698" lon="-5.0354684">
        <ele>43.4</ele>
        <time>2026-09-14T12:30:51.000Z</time>
        <speed>0.000</speed>
      </trkpt>
      <trkpt lat="50.5469698" lon="-5.0354684">
        <ele>43.6</ele>
        <time>2026-09-14T12:30:56.000Z</time>
        <speed>0.000</speed>
      </trkpt>
      <trkpt lat="50.5469698" lon="-5.0354684">
        <ele>43.8</ele>
        <time>2026-09-14T12:31:01.000Z</time>
        <speed>0.000</speed>
      </trkpt>
      <trkpt lat="50.5469698" lon="-5.0354684">
        <ele>44.0</ele>
        <time>2026-09-14T12:31:06.000Z</time>
        <speed>0.000</speed>
      </trkpt>
      <trkpt lat="50.5469698" lon="-5.0354684">
        <ele>44.0</ele>
        <time>2026-09-14T12:31:11.000Z</time>
        <speed>0.000</speed>
      </trkpt>
      <trkpt lat="50.5469698" lon="-5.0354684">
        <ele>44.0</ele>
        <time>2026-09-14T12:31:16.000Z</time>
        <speed>0.000</speed>
      </trkpt>
      <trkpt lat="50.5469698" lon="-5.0354684">
        <ele>43.8</ele>
        <time>2026-09-14T12:31:21.000Z</time>
        <speed>0.000</speed>
      </trkpt>
      <trkpt lat="50.5469717" lon="-5.0354711">
        <ele>43.8</ele>
        <time>2026-09-14T12:31:26.000Z</time>
        <speed>0.000</speed>
      </trkpt>
      <trkpt lat="50.5469289" lon="-5.0354610">
        <ele>44.0</ele>
        <time>2026-09-14T12:31:31.000Z</time>
        <speed>0.000</speed>
      </trkpt>
      <trkpt lat="50.5468799" lon="-5.0354656">
        <ele>44.4</ele>
        <time>2026-09-14T12:31:36.000Z</time>
        <speed>0.961</speed>
      </trkpt>
      <trkpt lat="50.5468597" lon="-5.0354881">
        <ele>44.6</ele>
        <time>2026-09-14T12:31:41.000Z</time>
        <speed>0.774</speed>
      </trkpt>
      <trkpt lat="50.5468541" lon="-5.0354916">
        <ele>45.4</ele>
        <time>2026-09-14T12:31:46.000Z</time>
        <speed>0.000</speed>
      </trkpt>
      <trkpt lat="50.5468037" lon="-5.0355023">
        <ele>45.6</ele>
        <time>2026-09-14T12:31:51.000Z</time>
        <speed>0.420</speed>
      </trkpt>
      <trkpt lat="50.5467534" lon="-5.0355205">
        <ele>43.6</ele>
        <time>2026-09-14T12:31:56.000Z</time>
        <speed>1.148</speed>
      </trkpt>
      <trkpt lat="50.5466998" lon="-5.0355241">
        <ele>42.8</ele>
        <time>2026-09-14T12:32:01.000Z</time>
        <speed>1.194</speed>
      </trkpt>
      <trkpt lat="50.5466527" lon="-5.0355328">
        <ele>42.8</ele>
        <time>2026-09-14T12:32:06.000Z</time>
        <speed>1.213</speed>
      </trkpt>
      <trkpt lat="50.5465987" lon="-5.0355536">
        <ele>42.2</ele>
        <time>2026-09-14T12:32:11.000Z</time>
        <speed>1.232</speed>
      </trkpt>
      <trkpt lat="50.5465421" lon="-5.0355971">
        <ele>42.2</ele>
        <time>2026-09-14T12:32:16.000Z</time>
        <speed>1.278</speed>
      </trkpt>
      <trkpt lat="50.5465021" lon="-5.0356468">
        <ele>41.6</ele>
        <time>2026-09-14T12:32:21.000Z</time>
        <speed>1.204</speed>
      </trkpt>
      <trkpt lat="50.5464667" lon="-5.0356939">
        <ele>41.0</ele>
        <time>2026-09-14T12:32:26.000Z</time>
        <speed>1.185</speed>
      </trkpt>
      <trkpt lat="50.5464248" lon="-5.0357478">
        <ele>40.2</ele>
        <time>2026-09-14T12:32:31.000Z</time>
        <speed>1.204</speed>
      </trkpt>
      <trkpt lat="50.5463927" lon="-5.0358009">
        <ele>39.4</ele>
        <time>2026-09-14T12:32:36.000Z</time>
        <speed>1.166</speed>
      </trkpt>
      <trkpt lat="50.5463720" lon="-5.0358343">
        <ele>38.2</ele>
        <time>2026-09-14T12:32:41.000Z</time>
        <speed>1.101</speed>
      </trkpt>
      <trkpt lat="50.5463575" lon="-5.0358948">
        <ele>35.6</ele>
        <time>2026-09-14T12:32:46.000Z</time>
        <speed>1.054</speed>
      </trkpt>
      <trkpt lat="50.5463265" lon="-5.0359611">
        <ele>35.4</ele>
        <time>2026-09-14T12:32:51.000Z</time>
        <speed>1.073</speed>
      </trkpt>
      <trkpt lat="50.5462959" lon="-5.0360249">
        <ele>34.8</ele>
        <time>2026-09-14T12:32:56.000Z</time>
        <speed>1.073</speed>
      </trkpt>
      <trkpt lat="50.5462666" lon="-5.0360895">
        <ele>33.6</ele>
        <time>2026-09-14T12:33:01.000Z</time>
        <speed>1.082</speed>
      </trkpt>
      <trkpt lat="50.5462368" lon="-5.0361620">
        <ele>32.4</ele>
        <time>2026-09-14T12:33:06.000Z</time>
        <speed>1.120</speed>
      </trkpt>
      <trkpt lat="50.5462057" lon="-5.0362351">
        <ele>32.2</ele>
        <time>2026-09-14T12:33:11.000Z</time>
        <speed>1.129</speed>
      </trkpt>
      <trkpt lat="50.5461695" lon="-5.0363049">
        <ele>32.0</ele>
        <time>2026-09-14T12:33:16.000Z</time>
        <speed>1.138</speed>
      </trkpt>
      <trkpt lat="50.5461255" lon="-5.0363753">
        <ele>32.2</ele>
        <time>2026-09-14T12:33:21.000Z</time>
        <speed>1.232</speed>
      </trkpt>
      <trkpt lat="50.5460825" lon="-5.0364327">
        <ele>32.4</ele>
        <time>2026-09-14T12:33:26.000Z</time>
        <speed>1.213</speed>
      </trkpt>
      <trkpt lat="50.5460648" lon="-5.0365053">
        <ele>32.2</ele>
        <time>2026-09-14T12:33:31.000Z</time>
        <speed>1.194</speed>
      </trkpt>
      <trkpt lat="50.5460428" lon="-5.0365978">
        <ele>32.0</ele>
        <time>2026-09-14T12:33:36.000Z</time>
        <speed>1.204</speed>
      </trkpt>
      <trkpt lat="50.5460216" lon="-5.0366864">
        <ele>32.6</ele>
        <time>2026-09-14T12:33:41.000Z</time>
        <speed>1.241</speed>
      </trkpt>
      <trkpt lat="50.5460073" lon="-5.0367703">
        <ele>32.8</ele>
        <time>2026-09-14T12:33:46.000Z</time>
        <speed>1.241</speed>
      </trkpt>
      <trkpt lat="50.5459971" lon="-5.0368563">
        <ele>33.0</ele>
        <time>2026-09-14T12:33:51.000Z</time>
        <speed>1.250</speed>
      </trkpt>
      <trkpt lat="50.5459773" lon="-5.0369403">
        <ele>33.4</ele>
        <time>2026-09-14T12:33:56.000Z</time>
        <speed>1.241</speed>
      </trkpt>
      <trkpt lat="50.5459578" lon="-5.0370234">
        <ele>34.0</ele>
        <time>2026-09-14T12:34:01.000Z</time>
        <speed>1.241</speed>
      </trkpt>
      <trkpt lat="50.5459332" lon="-5.0370852">
        <ele>35.2</ele>
        <time>2026-09-14T12:34:06.000Z</time>
        <speed>1.222</speed>
      </trkpt>
      <trkpt lat="50.5459113" lon="-5.0371512">
        <ele>35.8</ele>
        <time>2026-09-14T12:34:11.000Z</time>
        <speed>1.176</speed>
      </trkpt>
      <trkpt lat="50.5458793" lon="-5.0372070">
        <ele>36.6</ele>
        <time>2026-09-14T12:34:16.000Z</time>
        <speed>1.129</speed>
      </trkpt>
      <trkpt lat="50.5458477" lon="-5.0372620">
        <ele>38.2</ele>
        <time>2026-09-14T12:34:21.000Z</time>
        <speed>1.092</speed>
      </trkpt>
      <trkpt lat="50.5458231" lon="-5.0373291">
        <ele>38.2</ele>
        <time>2026-09-14T12:34:26.000Z</time>
        <speed>1.082</speed>
      </trkpt>
      <trkpt lat="50.5458173" lon="-5.0373928">
        <ele>38.8</ele>
        <time>2026-09-14T12:34:31.000Z</time>
        <speed>1.073</speed>
      </trkpt>
      <trkpt lat="50.5458033" lon="-5.0374677">
        <ele>40.0</ele>
        <time>2026-09-14T12:34:36.000Z</time>
        <speed>1.036</speed>
      </trkpt>
      <trkpt lat="50.5457784" lon="-5.0375396">
        <ele>40.8</ele>
        <time>2026-09-14T12:34:41.000Z</time>
        <speed>1.045</speed>
      </trkpt>
      <trkpt lat="50.5457580" lon="-5.0376074">
        <ele>41.8</ele>
        <time>2026-09-14T12:34:46.000Z</time>
        <speed>1.054</speed>
      </trkpt>
      <trkpt lat="50.5457344" lon="-5.0376476">
        <ele>43.2</ele>
        <time>2026-09-14T12:34:51.000Z</time>
        <speed>0.970</speed>
      </trkpt>
      <trkpt lat="50.5457179" lon="-5.0377138">
        <ele>44.6</ele>
        <time>2026-09-14T12:34:56.000Z</time>
        <speed>0.952</speed>
      </trkpt>
      <trkpt lat="50.5456936" lon="-5.0377804">
        <ele>45.2</ele>
        <time>2026-09-14T12:35:01.000Z</time>
        <speed>0.989</speed>
      </trkpt>
      <trkpt lat="50.5456737" lon="-5.0378575">
        <ele>45.4</ele>
        <time>2026-09-14T12:35:06.000Z</time>
        <speed>1.026</speed>
      </trkpt>
      <trkpt lat="50.5456541" lon="-5.0379375">
        <ele>45.8</ele>
        <time>2026-09-14T12:35:11.000Z</time>
        <speed>1.045</speed>
      </trkpt>
      <trkpt lat="50.5456396" lon="-5.0380136">
        <ele>46.4</ele>
        <time>2026-09-14T12:35:16.000Z</time>
        <speed>1.092</speed>
      </trkpt>
      <trkpt lat="50.5456281" lon="-5.0380882">
        <ele>47.2</ele>
        <time>2026-09-14T12:35:21.000Z</time>
        <speed>1.092</speed>
      </trkpt>
      <trkpt lat="50.5456056" lon="-5.0381460">
        <ele>48.0</ele>
        <time>2026-09-14T12:35:26.000Z</time>
        <speed>1.073</speed>
      </trkpt>
      <trkpt lat="50.5455825" lon="-5.0382025">
        <ele>48.8</ele>
        <time>2026-09-14T12:35:31.000Z</time>
        <speed>1.017</speed>
      </trkpt>
      <trkpt lat="50.5455620" lon="-5.0382347">
        <ele>49.0</ele>
        <time>2026-09-14T12:35:36.000Z</time>
        <speed>0.933</speed>
      </trkpt>
      <trkpt lat="50.5455615" lon="-5.0382349">
        <ele>48.4</ele>
        <time>2026-09-14T12:35:41.000Z</time>
        <speed>0.000</speed>
      </trkpt>
      <trkpt lat="50.5455411" lon="-5.0382436">
        <ele>47.6</ele>
        <time>2026-09-14T12:35:46.000Z</time>
        <speed>0.000</speed>
      </trkpt>
      <trkpt lat="50.5455332" lon="-5.0382514">
        <ele>49.0</ele>
        <time>2026-09-14T12:35:51.000Z</time>
        <speed>0.000</speed>
      </trkpt>
      <trkpt lat="50.5455332" lon="-5.0382514">
        <ele>49.8</ele>
        <time>2026-09-14T12:35:56.000Z</time>
        <speed>0.000</speed>
      </trkpt>
      <trkpt lat="50.5455332" lon="-5.0382514">
        <ele>49.6</ele>
        <time>2026-09-14T12:36:01.000Z</time>
        <speed>0.000</speed>
      </trkpt>
      <trkpt lat="50.5455590" lon="-5.0382399">
        <ele>49.0</ele>
        <time>2026-09-14T12:36:06.000Z</time>
        <speed>0.000</speed>
      </trkpt>
      <trkpt lat="50.5455925" lon="-5.0381961">
        <ele>48.2</ele>
        <time>2026-09-14T12:36:11.000Z</time>
        <speed>0.000</speed>
      </trkpt>
      <trkpt lat="50.5456183" lon="-5.0381335">
        <ele>47.6</ele>
        <time>2026-09-14T12:36:16.000Z</time>
        <speed>1.148</speed>
      </trkpt>
      <trkpt lat="50.5456328" lon="-5.0380716">
        <ele>46.6</ele>
        <time>2026-09-14T12:36:21.000Z</time>
        <speed>0.998</speed>
      </trkpt>
      <trkpt lat="50.5456419" lon="-5.0380126">
        <ele>45.8</ele>
        <time>2026-09-14T12:36:26.000Z</time>
        <speed>0.980</speed>
      </trkpt>
      <trkpt lat="50.5456549" lon="-5.0379503">
        <ele>45.2</ele>
        <time>2026-09-14T12:36:31.000Z</time>
        <speed>1.008</speed>
      </trkpt>
      <trkpt lat="50.5456702" lon="-5.0378900">
        <ele>44.6</ele>
        <time>2026-09-14T12:36:36.000Z</time>
        <speed>1.017</speed>
      </trkpt>
      <trkpt lat="50.5456890" lon="-5.0378215">
        <ele>44.6</ele>
        <time>2026-09-14T12:36:41.000Z</time>
        <speed>1.120</speed>
      </trkpt>
      <trkpt lat="50.5457103" lon="-5.0377585">
        <ele>43.8</ele>
        <time>2026-09-14T12:36:46.000Z</time>
        <speed>1.092</speed>
      </trkpt>
      <trkpt lat="50.5457341" lon="-5.0377019">
        <ele>43.4</ele>
        <time>2026-09-14T12:36:51.000Z</time>
        <speed>1.045</speed>
      </trkpt>
      <trkpt lat="50.5457606" lon="-5.0376445">
        <ele>42.6</ele>
        <time>2026-09-14T12:36:56.000Z</time>
        <speed>1.008</speed>
      </trkpt>
      <trkpt lat="50.5457732" lon="-5.0375924">
        <ele>41.6</ele>
        <time>2026-09-14T12:37:01.000Z</time>
        <speed>0.970</speed>
      </trkpt>
      <trkpt lat="50.5457927" lon="-5.0375381">
        <ele>40.6</ele>
        <time>2026-09-14T12:37:06.000Z</time>
        <speed>0.980</speed>
      </trkpt>
      <trkpt lat="50.5458169" lon="-5.0374765">
        <ele>39.6</ele>
        <time>2026-09-14T12:37:11.000Z</time>
        <speed>0.980</speed>
      </trkpt>
      <trkpt lat="50.5458354" lon="-5.0374151">
        <ele>38.6</ele>
        <time>2026-09-14T12:37:16.000Z</time>
        <speed>0.961</speed>
      </trkpt>
      <trkpt lat="50.5458556" lon="-5.0373486">
        <ele>37.6</ele>
        <time>2026-09-14T12:37:21.000Z</time>
        <speed>1.017</speed>
      </trkpt>
      <trkpt lat="50.5458820" lon="-5.0372751">
        <ele>36.8</ele>
        <time>2026-09-14T12:37:26.000Z</time>
        <speed>1.054</speed>
      </trkpt>
      <trkpt lat="50.5459057" lon="-5.0372177">
        <ele>35.8</ele>
        <time>2026-09-14T12:37:31.000Z</time>
        <speed>1.026</speed>
      </trkpt>
      <trkpt lat="50.5459276" lon="-5.0371603">
        <ele>35.2</ele>
        <time>2026-09-14T12:37:36.000Z</time>
        <speed>1.036</speed>
      </trkpt>
      <trkpt lat="50.5459526" lon="-5.0370837">
        <ele>34.6</ele>
        <time>2026-09-14T12:37:41.000Z</time>
        <speed>1.054</speed>
      </trkpt>
      <trkpt lat="50.5459688" lon="-5.0370151">
        <ele>33.4</ele>
        <time>2026-09-14T12:37:46.000Z</time>
        <speed>1.054</speed>
      </trkpt>
      <trkpt lat="50.5459949" lon="-5.0369072">
        <ele>33.0</ele>
        <time>2026-09-14T12:37:51.000Z</time>
        <speed>1.148</speed>
      </trkpt>
      <trkpt lat="50.5460131" lon="-5.0368248">
        <ele>32.4</ele>
        <time>2026-09-14T12:37:56.000Z</time>
        <speed>1.176</speed>
      </trkpt>
      <trkpt lat="50.5460232" lon="-5.0367262">
        <ele>32.2</ele>
        <time>2026-09-14T12:38:01.000Z</time>
        <speed>1.213</speed>
      </trkpt>
      <trkpt lat="50.5460391" lon="-5.0366306">
        <ele>32.0</ele>
        <time>2026-09-14T12:38:06.000Z</time>
        <speed>1.241</speed>
      </trkpt>
      <trkpt lat="50.5460507" lon="-5.0365396">
        <ele>31.6</ele>
        <time>2026-09-14T12:38:11.000Z</time>
        <speed>1.269</speed>
      </trkpt>
      <trkpt lat="50.5460716" lon="-5.0364472">
        <ele>31.6</ele>
        <time>2026-09-14T12:38:16.000Z</time>
        <speed>1.297</speed>
      </trkpt>
      <trkpt lat="50.5460724" lon="-5.0363568">
        <ele>31.0</ele>
        <time>2026-09-14T12:38:21.000Z</time>
        <speed>1.306</speed>
      </trkpt>
      <trkpt lat="50.5460889" lon="-5.0362543">
        <ele>30.6</ele>
        <time>2026-09-14T12:38:26.000Z</time>
        <speed>1.334</speed>
      </trkpt>
      <trkpt lat="50.5461145" lon="-5.0361809">
        <ele>30.8</ele>
        <time>2026-09-14T12:38:31.000Z</time>
        <speed>1.334</speed>
      </trkpt>
      <trkpt lat="50.5461325" lon="-5.0361012">
        <ele>31.6</ele>
        <time>2026-09-14T12:38:36.000Z</time>
        <speed>1.269</speed>
      </trkpt>
      <trkpt lat="50.5461401" lon="-5.0360327">
        <ele>32.4</ele>
        <time>2026-09-14T12:38:41.000Z</time>
        <speed>1.194</speed>
      </trkpt>
      <trkpt lat="50.5461555" lon="-5.0359664">
        <ele>33.2</ele>
        <time>2026-09-14T12:38:46.000Z</time>
        <speed>1.082</speed>
      </trkpt>
      <trkpt lat="50.5461657" lon="-5.0359041">
        <ele>34.0</ele>
        <time>2026-09-14T12:38:51.000Z</time>
        <speed>1.036</speed>
      </trkpt>
      <trkpt lat="50.5461757" lon="-5.0358380">
        <ele>34.8</ele>
        <time>2026-09-14T12:38:56.000Z</time>
        <speed>1.026</speed>
      </trkpt>
      <trkpt lat="50.5461853" lon="-5.0357889">
        <ele>35.8</ele>
        <time>2026-09-14T12:39:01.000Z</time>
        <speed>1.008</speed>
      </trkpt>
      <trkpt lat="50.5461945" lon="-5.0357544">
        <ele>37.0</ele>
        <time>2026-09-14T12:39:06.000Z</time>
        <speed>0.896</speed>
      </trkpt>
      <trkpt lat="50.5462088" lon="-5.0357081">
        <ele>37.6</ele>
        <time>2026-09-14T12:39:11.000Z</time>
        <speed>0.914</speed>
      </trkpt>
      <trkpt lat="50.5462172" lon="-5.0356482">
        <ele>38.4</ele>
        <time>2026-09-14T12:39:16.000Z</time>
        <speed>0.952</speed>
      </trkpt>
      <trkpt lat="50.5462213" lon="-5.0356071">
        <ele>39.4</ele>
        <time>2026-09-14T12:39:21.000Z</time>
        <speed>0.830</speed>
      </trkpt>
      <trkpt lat="50.5462364" lon="-5.0355541">
        <ele>40.4</ele>
        <time>2026-09-14T12:39:26.000Z</time>
        <speed>0.821</speed>
      </trkpt>
      <trkpt lat="50.5462306" lon="-5.0355104">
        <ele>41.2</ele>
        <time>2026-09-14T12:39:31.000Z</time>
        <speed>0.774</speed>
      </trkpt>
      <trkpt lat="50.5462344" lon="-5.0354611">
        <ele>42.2</ele>
        <time>2026-09-14T12:39:36.000Z</time>
        <speed>0.812</speed>
      </trkpt>
      <trkpt lat="50.5462244" lon="-5.0354174">
        <ele>43.4</ele>
        <time>2026-09-14T12:39:41.000Z</time>
        <speed>0.802</speed>
      </trkpt>
      <trkpt lat="50.5462269" lon="-5.0353832">
        <ele>44.4</ele>
        <time>2026-09-14T12:39:46.000Z</time>
        <speed>0.784</speed>
      </trkpt>
      <trkpt lat="50.5462109" lon="-5.0353355">
        <ele>45.4</ele>
        <time>2026-09-14T12:39:51.000Z</time>
        <speed>0.746</speed>
      </trkpt>
      <trkpt lat="50.5462151" lon="-5.0352692">
        <ele>46.6</ele>
        <time>2026-09-14T12:39:56.000Z</time>
        <speed>0.868</speed>
      </trkpt>
      <trkpt lat="50.5462151" lon="-5.0352128">
        <ele>47.6</ele>
        <time>2026-09-14T12:40:01.000Z</time>
        <speed>0.896</speed>
      </trkpt>
      <trkpt lat="50.5462170" lon="-5.0351597">
        <ele>49.0</ele>
        <time>2026-09-14T12:40:06.000Z</time>
        <speed>0.877</speed>
      </trkpt>
      <trkpt lat="50.5462265" lon="-5.0350910">
        <ele>50.2</ele>
        <time>2026-09-14T12:40:11.000Z</time>
        <speed>0.868</speed>
      </trkpt>
      <trkpt lat="50.5462270" lon="-5.0350263">
        <ele>50.2</ele>
        <time>2026-09-14T12:40:16.000Z</time>
        <speed>0.849</speed>
      </trkpt>
      <trkpt lat="50.5462411" lon="-5.0349690">
        <ele>51.0</ele>
        <time>2026-09-14T12:40:21.000Z</time>
        <speed>0.765</speed>
      </trkpt>
      <trkpt lat="50.5462205" lon="-5.0349247">
        <ele>50.4</ele>
        <time>2026-09-14T12:40:26.000Z</time>
        <speed>0.877</speed>
      </trkpt>
      <trkpt lat="50.5461939" lon="-5.0348697">
        <ele>51.2</ele>
        <time>2026-09-14T12:40:31.000Z</time>
        <speed>0.924</speed>
      </trkpt>
      <trkpt lat="50.5461583" lon="-5.0348261">
        <ele>51.8</ele>
        <time>2026-09-14T12:40:36.000Z</time>
        <speed>0.998</speed>
      </trkpt>
      <trkpt lat="50.5461204" lon="-5.0347516">
        <ele>50.0</ele>
        <time>2026-09-14T12:40:41.000Z</time>
        <speed>1.064</speed>
      </trkpt>
      <trkpt lat="50.5460886" lon="-5.0346876">
        <ele>49.8</ele>
        <time>2026-09-14T12:40:46.000Z</time>
        <speed>1.054</speed>
      </trkpt>
      <trkpt lat="50.5460613" lon="-5.0346343">
        <ele>49.6</ele>
        <time>2026-09-14T12:40:51.000Z</time>
        <speed>1.026</speed>
      </trkpt>
      <trkpt lat="50.5460074" lon="-5.0345730">
        <ele>49.0</ele>
        <time>2026-09-14T12:40:56.000Z</time>
        <speed>1.073</speed>
      </trkpt>
      <trkpt lat="50.5459580" lon="-5.0345185">
        <ele>47.8</ele>
        <time>2026-09-14T12:41:01.000Z</time>
        <speed>1.129</speed>
      </trkpt>
      <trkpt lat="50.5459225" lon="-5.0344473">
        <ele>46.8</ele>
        <time>2026-09-14T12:41:06.000Z</time>
        <speed>1.166</speed>
      </trkpt>
      <trkpt lat="50.5458727" lon="-5.0343925">
        <ele>46.6</ele>
        <time>2026-09-14T12:41:11.000Z</time>
        <speed>1.176</speed>
      </trkpt>
      <trkpt lat="50.5458243" lon="-5.0343376">
        <ele>45.4</ele>
        <time>2026-09-14T12:41:16.000Z</time>
        <speed>1.204</speed>
      </trkpt>
      <trkpt lat="50.5457740" lon="-5.0342668">
        <ele>46.0</ele>
        <time>2026-09-14T12:41:21.000Z</time>
        <speed>1.250</speed>
      </trkpt>
      <trkpt lat="50.5457282" lon="-5.0342122">
        <ele>45.8</ele>
        <time>2026-09-14T12:41:26.000Z</time>
        <speed>1.250</speed>
      </trkpt>
      <trkpt lat="50.5456753" lon="-5.0341415">
        <ele>44.0</ele>
        <time>2026-09-14T12:41:31.000Z</time>
        <speed>1.278</speed>
      </trkpt>
      <trkpt lat="50.5456308" lon="-5.0340954">
        <ele>43.6</ele>
        <time>2026-09-14T12:41:36.000Z</time>
        <speed>1.278</speed>
      </trkpt>
      <trkpt lat="50.5455834" lon="-5.0340317">
        <ele>43.2</ele>
        <time>2026-09-14T12:41:41.000Z</time>
        <speed>1.297</speed>
      </trkpt>
      <trkpt lat="50.5455369" lon="-5.0339695">
        <ele>43.2</ele>
        <time>2026-09-14T12:41:46.000Z</time>
        <speed>1.306</speed>
      </trkpt>
      <trkpt lat="50.5454912" lon="-5.0339093">
        <ele>43.2</ele>
        <time>2026-09-14T12:41:51.000Z</time>
        <speed>1.316</speed>
      </trkpt>
      <trkpt lat="50.5454399" lon="-5.0338626">
        <ele>43.6</ele>
        <time>2026-09-14T12:41:56.000Z</time>
        <speed>1.334</speed>
      </trkpt>
      <trkpt lat="50.5453845" lon="-5.0338252">
        <ele>43.0</ele>
        <time>2026-09-14T12:42:01.000Z</time>
        <speed>1.316</speed>
      </trkpt>
      <trkpt lat="50.5453310" lon="-5.0337857">
        <ele>42.2</ele>
        <time>2026-09-14T12:42:06.000Z</time>
        <speed>1.325</speed>
      </trkpt>
      <trkpt lat="50.5452704" lon="-5.0337566">
        <ele>41.2</ele>
        <time>2026-09-14T12:42:11.000Z</time>
        <speed>1.334</speed>
      </trkpt>
      <trkpt lat="50.5452145" lon="-5.0337367">
        <ele>40.6</ele>
        <time>2026-09-14T12:42:16.000Z</time>
        <speed>1.334</speed>
      </trkpt>
      <trkpt lat="50.5451580" lon="-5.0337191">
        <ele>39.8</ele>
        <time>2026-09-14T12:42:21.000Z</time>
        <speed>1.334</speed>
      </trkpt>
      <trkpt lat="50.5451028" lon="-5.0337184">
        <ele>39.2</ele>
        <time>2026-09-14T12:42:26.000Z</time>
        <speed>1.325</speed>
      </trkpt>
      <trkpt lat="50.5450758" lon="-5.0337498">
        <ele>38.6</ele>
        <time>2026-09-14T12:42:31.000Z</time>
        <speed>1.278</speed>
      </trkpt>
      <trkpt lat="50.5450446" lon="-5.0337799">
        <ele>38.4</ele>
        <time>2026-09-14T12:42:36.000Z</time>
        <speed>0.998</speed>
      </trkpt>
      <trkpt lat="50.5450381" lon="-5.0337790">
        <ele>37.0</ele>
        <time>2026-09-14T12:42:41.000Z</time>
        <speed>0.000</speed>
      </trkpt>
      <trkpt lat="50.5450372" lon="-5.0337794">
        <ele>37.2</ele>
        <time>2026-09-14T12:42:46.000Z</time>
        <speed>0.000</speed>
      </trkpt>
      <trkpt lat="50.5450372" lon="-5.0337794">
        <ele>38.2</ele>
        <time>2026-09-14T12:42:51.000Z</time>
        <speed>0.000</speed>
      </trkpt>
      <trkpt lat="50.5450235" lon="-5.0337771">
        <ele>38.0</ele>
        <time>2026-09-14T12:42:56.000Z</time>
        <speed>0.000</speed>
      </trkpt>
      <trkpt lat="50.5449771" lon="-5.0337431">
        <ele>37.4</ele>
        <time>2026-09-14T12:43:01.000Z</time>
        <speed>0.373</speed>
      </trkpt>
      <trkpt lat="50.5449211" lon="-5.0337451">
        <ele>37.0</ele>
        <time>2026-09-14T12:43:06.000Z</time>
        <speed>1.241</speed>
      </trkpt>
      <trkpt lat="50.5448663" lon="-5.0337483">
        <ele>36.6</ele>
        <time>2026-09-14T12:43:11.000Z</time>
        <speed>1.176</speed>
      </trkpt>
      <trkpt lat="50.5448036" lon="-5.0337624">
        <ele>36.6</ele>
        <time>2026-09-14T12:43:16.000Z</time>
        <speed>1.325</speed>
      </trkpt>
      <trkpt lat="50.5447477" lon="-5.0337702">
        <ele>36.0</ele>
        <time>2026-09-14T12:43:21.000Z</time>
        <speed>1.288</speed>
      </trkpt>
      <trkpt lat="50.5446917" lon="-5.0337742">
        <ele>35.2</ele>
        <time>2026-09-14T12:43:26.000Z</time>
        <speed>1.306</speed>
      </trkpt>
      <trkpt lat="50.5446390" lon="-5.0337664">
        <ele>35.0</ele>
        <time>2026-09-14T12:43:31.000Z</time>
        <speed>1.232</speed>
      </trkpt>
      <trkpt lat="50.5445788" lon="-5.0337547">
        <ele>34.2</ele>
        <time>2026-09-14T12:43:36.000Z</time>
        <speed>1.241</speed>
      </trkpt>
      <trkpt lat="50.5445210" lon="-5.0337474">
        <ele>33.6</ele>
        <time>2026-09-14T12:43:41.000Z</time>
        <speed>1.278</speed>
      </trkpt>
      <trkpt lat="50.5444782" lon="-5.0336958">
        <ele>32.6</ele>
        <time>2026-09-14T12:43:46.000Z</time>
        <speed>1.288</speed>
      </trkpt>
      <trkpt lat="50.5444333" lon="-5.0336386">
        <ele>32.4</ele>
        <time>2026-09-14T12:43:51.000Z</time>
        <speed>1.269</speed>
      </trkpt>
      <trkpt lat="50.5443778" lon="-5.0335929">
        <ele>31.6</ele>
        <time>2026-09-14T12:43:56.000Z</time>
        <speed>1.306</speed>
      </trkpt>
      <trkpt lat="50.5443243" lon="-5.0335515">
        <ele>31.0</ele>
        <time>2026-09-14T12:44:01.000Z</time>
        <speed>1.297</speed>
      </trkpt>
      <trkpt lat="50.5442756" lon="-5.0335028">
        <ele>31.6</ele>
        <time>2026-09-14T12:44:06.000Z</time>
        <speed>1.316</speed>
      </trkpt>
      <trkpt lat="50.5442340" lon="-5.0334448">
        <ele>30.4</ele>
        <time>2026-09-14T12:44:11.000Z</time>
        <speed>1.297</speed>
      </trkpt>
      <trkpt lat="50.5441907" lon="-5.0333757">
        <ele>29.6</ele>
        <time>2026-09-14T12:44:16.000Z</time>
        <speed>1.306</speed>
      </trkpt>
      <trkpt lat="50.5441381" lon="-5.0333231">
        <ele>29.2</ele>
        <time>2026-09-14T12:44:21.000Z</time>
        <speed>1.325</speed>
      </trkpt>
      <trkpt lat="50.5440885" lon="-5.0332791">
        <ele>28.6</ele>
        <time>2026-09-14T12:44:26.000Z</time>
        <speed>1.325</speed>
      </trkpt>
      <trkpt lat="50.5440337" lon="-5.0332370">
        <ele>27.8</ele>
        <time>2026-09-14T12:44:31.000Z</time>
        <speed>1.362</speed>
      </trkpt>
      <trkpt lat="50.5439820" lon="-5.0332054">
        <ele>27.0</ele>
        <time>2026-09-14T12:44:36.000Z</time>
        <speed>1.316</speed>
      </trkpt>
      <trkpt lat="50.5439363" lon="-5.0331410">
        <ele>26.6</ele>
        <time>2026-09-14T12:44:41.000Z</time>
        <speed>1.334</speed>
      </trkpt>
      <trkpt lat="50.5438985" lon="-5.0330722">
        <ele>26.4</ele>
        <time>2026-09-14T12:44:46.000Z</time>
        <speed>1.297</speed>
      </trkpt>
      <trkpt lat="50.5438709" lon="-5.0329885">
        <ele>26.0</ele>
        <time>2026-09-14T12:44:51.000Z</time>
        <speed>1.325</speed>
      </trkpt>
      <trkpt lat="50.5438286" lon="-5.0329107">
        <ele>25.4</ele>
        <time>2026-09-14T12:44:56.000Z</time>
        <speed>1.306</speed>
      </trkpt>
      <trkpt lat="50.5437948" lon="-5.0328426">
        <ele>25.0</ele>
        <time>2026-09-14T12:45:01.000Z</time>
        <speed>1.316</speed>
      </trkpt>
      <trkpt lat="50.5437587" lon="-5.0327607">
        <ele>24.4</ele>
        <time>2026-09-14T12:45:06.000Z</time>
        <speed>1.316</speed>
      </trkpt>
      <trkpt lat="50.5437241" lon="-5.0326994">
        <ele>24.4</ele>
        <time>2026-09-14T12:45:11.000Z</time>
        <speed>1.297</speed>
      </trkpt>
      <trkpt lat="50.5436851" lon="-5.0326165">
        <ele>23.8</ele>
        <time>2026-09-14T12:45:16.000Z</time>
        <speed>1.325</speed>
      </trkpt>
      <trkpt lat="50.5436435" lon="-5.0325474">
        <ele>23.8</ele>
        <time>2026-09-14T12:45:21.000Z</time>
        <speed>1.334</speed>
      </trkpt>
      <trkpt lat="50.5435966" lon="-5.0324779">
        <ele>22.6</ele>
        <time>2026-09-14T12:45:26.000Z</time>
        <speed>1.344</speed>
      </trkpt>
      <trkpt lat="50.5435605" lon="-5.0324138">
        <ele>22.6</ele>
        <time>2026-09-14T12:45:31.000Z</time>
        <speed>1.353</speed>
      </trkpt>
      <trkpt lat="50.5435119" lon="-5.0323488">
        <ele>22.6</ele>
        <time>2026-09-14T12:45:36.000Z</time>
        <speed>1.344</speed>
      </trkpt>
      <trkpt lat="50.5434693" lon="-5.0322730">
        <ele>22.4</ele>
        <time>2026-09-14T12:45:41.000Z</time>
        <speed>1.362</speed>
      </trkpt>
      <trkpt lat="50.5434375" lon="-5.0321925">
        <ele>21.8</ele>
        <time>2026-09-14T12:45:46.000Z</time>
        <speed>1.353</speed>
      </trkpt>
      <trkpt lat="50.5434054" lon="-5.0321119">
        <ele>21.0</ele>
        <time>2026-09-14T12:45:51.000Z</time>
        <speed>1.362</speed>
      </trkpt>
      <trkpt lat="50.5433797" lon="-5.0320392">
        <ele>21.0</ele>
        <time>2026-09-14T12:45:56.000Z</time>
        <speed>1.316</speed>
      </trkpt>
      <trkpt lat="50.5433545" lon="-5.0319622">
        <ele>20.4</ele>
        <time>2026-09-14T12:46:01.000Z</time>
        <speed>1.297</speed>
      </trkpt>
      <trkpt lat="50.5433173" lon="-5.0318912">
        <ele>20.4</ele>
        <time>2026-09-14T12:46:06.000Z</time>
        <speed>1.297</speed>
      </trkpt>
      <trkpt lat="50.5432663" lon="-5.0318384">
        <ele>19.4</ele>
        <time>2026-09-14T12:46:11.000Z</time>
        <speed>1.288</speed>
      </trkpt>
      <trkpt lat="50.5432302" lon="-5.0317458">
        <ele>18.8</ele>
        <time>2026-09-14T12:46:16.000Z</time>
        <speed>1.334</speed>
      </trkpt>
      <trkpt lat="50.5431989" lon="-5.0316814">
        <ele>18.4</ele>
        <time>2026-09-14T12:46:21.000Z</time>
        <speed>1.306</speed>
      </trkpt>
      <trkpt lat="50.5431669" lon="-5.0315893">
        <ele>18.0</ele>
        <time>2026-09-14T12:46:26.000Z</time>
        <speed>1.334</speed>
      </trkpt>
      <trkpt lat="50.5431505" lon="-5.0315107">
        <ele>17.6</ele>
        <time>2026-09-14T12:46:31.000Z</time>
        <speed>1.316</speed>
      </trkpt>
      <trkpt lat="50.5431259" lon="-5.0314269">
        <ele>17.6</ele>
        <time>2026-09-14T12:46:36.000Z</time>
        <speed>1.316</speed>
      </trkpt>
      <trkpt lat="50.5430981" lon="-5.0313339">
        <ele>17.2</ele>
        <time>2026-09-14T12:46:41.000Z</time>
        <speed>1.325</speed>
      </trkpt>
      <trkpt lat="50.5430714" lon="-5.0312546">
        <ele>16.6</ele>
        <time>2026-09-14T12:46:46.000Z</time>
        <speed>1.325</speed>
      </trkpt>
      <trkpt lat="50.5430389" lon="-5.0311646">
        <ele>16.0</ele>
        <time>2026-09-14T12:46:51.000Z</time>
        <speed>1.344</speed>
      </trkpt>
      <trkpt lat="50.5430080" lon="-5.0310890">
        <ele>16.0</ele>
        <time>2026-09-14T12:46:56.000Z</time>
        <speed>1.334</speed>
      </trkpt>
      <trkpt lat="50.5429843" lon="-5.0309948">
        <ele>15.4</ele>
        <time>2026-09-14T12:47:01.000Z</time>
        <speed>1.344</speed>
      </trkpt>
      <trkpt lat="50.5429588" lon="-5.0309179">
        <ele>15.2</ele>
        <time>2026-09-14T12:47:06.000Z</time>
        <speed>1.334</speed>
      </trkpt>
      <trkpt lat="50.5429490" lon="-5.0308153">
        <ele>14.8</ele>
        <time>2026-09-14T12:47:11.000Z</time>
        <speed>1.353</speed>
      </trkpt>
      <trkpt lat="50.5429132" lon="-5.0307363">
        <ele>14.8</ele>
        <time>2026-09-14T12:47:16.000Z</time>
        <speed>1.362</speed>
      </trkpt>
      <trkpt lat="50.5428738" lon="-5.0306753">
        <ele>14.8</ele>
        <time>2026-09-14T12:47:21.000Z</time>
        <speed>1.353</speed>
      </trkpt>
      <trkpt lat="50.5428294" lon="-5.0306011">
        <ele>14.4</ele>
        <time>2026-09-14T12:47:26.000Z</time>
        <speed>1.353</speed>
      </trkpt>
      <trkpt lat="50.5427882" lon="-5.0305313">
        <ele>14.0</ele>
        <time>2026-09-14T12:47:31.000Z</time>
        <speed>1.353</speed>
      </trkpt>
      <trkpt lat="50.5427495" lon="-5.0304470">
        <ele>13.8</ele>
        <time>2026-09-14T12:47:36.000Z</time>
        <speed>1.362</speed>
      </trkpt>
      <trkpt lat="50.5427164" lon="-5.0303693">
        <ele>13.4</ele>
        <time>2026-09-14T12:47:41.000Z</time>
        <speed>1.362</speed>
      </trkpt>
      <trkpt lat="50.5426828" lon="-5.0302788">
        <ele>13.2</ele>
        <time>2026-09-14T12:47:46.000Z</time>
        <speed>1.390</speed>
      </trkpt>
      <trkpt lat="50.5426615" lon="-5.0301976">
        <ele>13.0</ele>
        <time>2026-09-14T12:47:51.000Z</time>
        <speed>1.362</speed>
      </trkpt>
      <trkpt lat="50.5426377" lon="-5.0301140">
        <ele>13.0</ele>
        <time>2026-09-14T12:47:56.000Z</time>
        <speed>1.353</speed>
      </trkpt>
      <trkpt lat="50.5426230" lon="-5.0300248">
        <ele>13.2</ele>
        <time>2026-09-14T12:48:01.000Z</time>
        <speed>1.353</speed>
      </trkpt>
      <trkpt lat="50.5425888" lon="-5.0299555">
        <ele>13.4</ele>
        <time>2026-09-14T12:48:06.000Z</time>
        <speed>1.325</speed>
      </trkpt>
      <trkpt lat="50.5425369" lon="-5.0298914">
        <ele>12.8</ele>
        <time>2026-09-14T12:48:11.000Z</time>
        <speed>1.344</speed>
      </trkpt>
      <trkpt lat="50.5425204" lon="-5.0299132">
        <ele>12.8</ele>
        <time>2026-09-14T12:48:16.000Z</time>
        <speed>1.269</speed>
      </trkpt>
      <trkpt lat="50.5425091" lon="-5.0298656">
        <ele>13.0</ele>
        <time>2026-09-14T12:48:21.000Z</time>
        <speed>0.467</speed>
      </trkpt>
      <trkpt lat="50.5424627" lon="-5.0298210">
        <ele>12.8</ele>
        <time>2026-09-14T12:48:26.000Z</time>
        <speed>1.157</speed>
      </trkpt>
      <trkpt lat="50.5424090" lon="-5.0297662">
        <ele>12.2</ele>
        <time>2026-09-14T12:48:31.000Z</time>
        <speed>1.409</speed>
      </trkpt>
      <trkpt lat="50.5423610" lon="-5.0297023">
        <ele>11.8</ele>
        <time>2026-09-14T12:48:36.000Z</time>
        <speed>1.390</speed>
      </trkpt>
      <trkpt lat="50.5423147" lon="-5.0296388">
        <ele>10.8</ele>
        <time>2026-09-14T12:48:41.000Z</time>
        <speed>1.400</speed>
      </trkpt>
      <trkpt lat="50.5422730" lon="-5.0295887">
        <ele>11.6</ele>
        <time>2026-09-14T12:48:46.000Z</time>
        <speed>1.316</speed>
      </trkpt>
      <trkpt lat="50.5422320" lon="-5.0295219">
        <ele>11.6</ele>
        <time>2026-09-14T12:48:51.000Z</time>
        <speed>1.316</speed>
      </trkpt>
      <trkpt lat="50.5421801" lon="-5.0294603">
        <ele>11.4</ele>
        <time>2026-09-14T12:48:56.000Z</time>
        <speed>1.344</speed>
      </trkpt>
      <trkpt lat="50.5421394" lon="-5.0293989">
        <ele>11.4</ele>
        <time>2026-09-14T12:49:01.000Z</time>
        <speed>1.344</speed>
      </trkpt>
      <trkpt lat="50.5421048" lon="-5.0293256">
        <ele>11.2</ele>
        <time>2026-09-14T12:49:06.000Z</time>
        <speed>1.344</speed>
      </trkpt>
      <trkpt lat="50.5420753" lon="-5.0292499">
        <ele>11.4</ele>
        <time>2026-09-14T12:49:11.000Z</time>
        <speed>1.316</speed>
      </trkpt>
      <trkpt lat="50.5420451" lon="-5.0291748">
        <ele>11.4</ele>
        <time>2026-09-14T12:49:16.000Z</time>
        <speed>1.316</speed>
      </trkpt>
      <trkpt lat="50.5420205" lon="-5.0290970">
        <ele>11.4</ele>
        <time>2026-09-14T12:49:21.000Z</time>
        <speed>1.297</speed>
      </trkpt>
      <trkpt lat="50.5419987" lon="-5.0290101">
        <ele>11.4</ele>
        <time>2026-09-14T12:49:26.000Z</time>
        <speed>1.316</speed>
      </trkpt>
      <trkpt lat="50.5419844" lon="-5.0289267">
        <ele>11.2</ele>
        <time>2026-09-14T12:49:31.000Z</time>
        <speed>1.278</speed>
      </trkpt>
      <trkpt lat="50.5419768" lon="-5.0288350">
        <ele>10.8</ele>
        <time>2026-09-14T12:49:36.000Z</time>
        <speed>1.297</speed>
      </trkpt>
      <trkpt lat="50.5419683" lon="-5.0287318">
        <ele>10.4</ele>
        <time>2026-09-14T12:49:41.000Z</time>
        <speed>1.316</speed>
      </trkpt>
      <trkpt lat="50.5419643" lon="-5.0286546">
        <ele>10.6</ele>
        <time>2026-09-14T12:49:46.000Z</time>
        <speed>1.288</speed>
      </trkpt>
      <trkpt lat="50.5419618" lon="-5.0285563">
        <ele>10.4</ele>
        <time>2026-09-14T12:49:51.000Z</time>
        <speed>1.306</speed>
      </trkpt>
      <trkpt lat="50.5419653" lon="-5.0284837">
        <ele>10.2</ele>
        <time>2026-09-14T12:49:56.000Z</time>
        <speed>1.260</speed>
      </trkpt>
      <trkpt lat="50.5419744" lon="-5.0284003">
        <ele>10.4</ele>
        <time>2026-09-14T12:50:01.000Z</time>
        <speed>1.241</speed>
      </trkpt>
      <trkpt lat="50.5419770" lon="-5.0283031">
        <ele>10.2</ele>
        <time>2026-09-14T12:50:06.000Z</time>
        <speed>1.260</speed>
      </trkpt>
      <trkpt lat="50.5419841" lon="-5.0282189">
        <ele>10.0</ele>
        <time>2026-09-14T12:50:11.000Z</time>
        <speed>1.260</speed>
      </trkpt>
      <trkpt lat="50.5419925" lon="-5.0281355">
        <ele>9.8</ele>
        <time>2026-09-14T12:50:16.000Z</time>
        <speed>1.250</speed>
      </trkpt>
      <trkpt lat="50.5420002" lon="-5.0280352">
        <ele>9.8</ele>
        <time>2026-09-14T12:50:21.000Z</time>
        <speed>1.269</speed>
      </trkpt>
      <trkpt lat="50.5420113" lon="-5.0279523">
        <ele>10.0</ele>
        <time>2026-09-14T12:50:26.000Z</time>
        <speed>1.260</speed>
      </trkpt>
      <trkpt lat="50.5420202" lon="-5.0278669">
        <ele>10.2</ele>
        <time>2026-09-14T12:50:31.000Z</time>
        <speed>1.250</speed>
      </trkpt>
      <trkpt lat="50.5420145" lon="-5.0277850">
        <ele>10.6</ele>
        <time>2026-09-14T12:50:36.000Z</time>
        <speed>1.250</speed>
      </trkpt>
      <trkpt lat="50.5420284" lon="-5.0276928">
        <ele>10.2</ele>
        <time>2026-09-14T12:50:41.000Z</time>
        <speed>1.260</speed>
      </trkpt>
      <trkpt lat="50.5420338" lon="-5.0276027">
        <ele>9.4</ele>
        <time>2026-09-14T12:50:46.000Z</time>
        <speed>1.260</speed>
      </trkpt>
      <trkpt lat="50.5420321" lon="-5.0275077">
        <ele>8.8</ele>
        <time>2026-09-14T12:50:51.000Z</time>
        <speed>1.278</speed>
      </trkpt>
      <trkpt lat="50.5420440" lon="-5.0274041">
        <ele>8.2</ele>
        <time>2026-09-14T12:50:56.000Z</time>
        <speed>1.297</speed>
      </trkpt>
      <trkpt lat="50.5420484" lon="-5.0273118">
        <ele>8.6</ele>
        <time>2026-09-14T12:51:01.000Z</time>
        <speed>1.316</speed>
      </trkpt>
      <trkpt lat="50.5420322" lon="-5.0272144">
        <ele>9.4</ele>
        <time>2026-09-14T12:51:06.000Z</time>
        <speed>1.334</speed>
      </trkpt>
      <trkpt lat="50.5420088" lon="-5.0271463">
        <ele>10.2</ele>
        <time>2026-09-14T12:51:11.000Z</time>
        <speed>1.222</speed>
      </trkpt>
      <trkpt lat="50.5419726" lon="-5.0270758">
        <ele>10.4</ele>
        <time>2026-09-14T12:51:16.000Z</time>
        <speed>1.269</speed>
      </trkpt>
      <trkpt lat="50.5419399" lon="-5.0270100">
        <ele>10.4</ele>
        <time>2026-09-14T12:51:21.000Z</time>
        <speed>1.260</speed>
      </trkpt>
      <trkpt lat="50.5419261" lon="-5.0269241">
        <ele>10.8</ele>
        <time>2026-09-14T12:51:26.000Z</time>
        <speed>1.232</speed>
      </trkpt>
      <trkpt lat="50.5419161" lon="-5.0268356">
        <ele>11.2</ele>
        <time>2026-09-14T12:51:31.000Z</time>
        <speed>1.222</speed>
      </trkpt>
      <trkpt lat="50.5419161" lon="-5.0267444">
        <ele>11.2</ele>
        <time>2026-09-14T12:51:36.000Z</time>
        <speed>1.222</speed>
      </trkpt>
      <trkpt lat="50.5419165" lon="-5.0266505">
        <ele>11.4</ele>
        <time>2026-09-14T12:51:41.000Z</time>
        <speed>1.250</speed>
      </trkpt>
      <trkpt lat="50.5419146" lon="-5.0265599">
        <ele>11.6</ele>
        <time>2026-09-14T12:51:46.000Z</time>
        <speed>1.250</speed>
      </trkpt>
      <trkpt lat="50.5419057" lon="-5.0264592">
        <ele>11.4</ele>
        <time>2026-09-14T12:51:51.000Z</time>
        <speed>1.288</speed>
      </trkpt>
      <trkpt lat="50.5419032" lon="-5.0263668">
        <ele>11.6</ele>
        <time>2026-09-14T12:51:56.000Z</time>
        <speed>1.297</speed>
      </trkpt>
      <trkpt lat="50.5418990" lon="-5.0262817">
        <ele>12.0</ele>
        <time>2026-09-14T12:52:01.000Z</time>
        <speed>1.288</speed>
      </trkpt>
      <trkpt lat="50.5418752" lon="-5.0261975">
        <ele>11.8</ele>
        <time>2026-09-14T12:52:06.000Z</time>
        <speed>1.250</speed>
      </trkpt>
      <trkpt lat="50.5418557" lon="-5.0261255">
        <ele>11.2</ele>
        <time>2026-09-14T12:52:11.000Z</time>
        <speed>1.213</speed>
      </trkpt>
      <trkpt lat="50.5418467" lon="-5.0260847">
        <ele>11.4</ele>
        <time>2026-09-14T12:52:16.000Z</time>
        <speed>1.073</speed>
      </trkpt>
      <trkpt lat="50.5418467" lon="-5.0260864">
        <ele>11.8</ele>
        <time>2026-09-14T12:52:21.000Z</time>
        <speed>0.000</speed>
      </trkpt>
      <trkpt lat="50.5418467" lon="-5.0260864">
        <ele>11.4</ele>
        <time>2026-09-14T12:52:26.000Z</time>
        <speed>0.000</speed>
      </trkpt>
      <trkpt lat="50.5418467" lon="-5.0260864">
        <ele>11.4</ele>
        <time>2026-09-14T12:52:31.000Z</time>
        <speed>0.000</speed>
      </trkpt>
      <trkpt lat="50.5418467" lon="-5.0260864">
        <ele>11.6</ele>
        <time>2026-09-14T12:52:36.000Z</time>
        <speed>0.000</speed>
      </trkpt>
      <trkpt lat="50.5418467" lon="-5.0260864">
        <ele>11.4</ele>
        <time>2026-09-14T12:52:41.000Z</time>
        <speed>0.000</speed>
      </trkpt>
      <trkpt lat="50.5418467" lon="-5.0260864">
        <ele>11.6</ele>
        <time>2026-09-14T12:52:46.000Z</time>
        <speed>0.000</speed>
      </trkpt>
      <trkpt lat="50.5418467" lon="-5.0260864">
        <ele>11.6</ele>
        <time>2026-09-14T12:52:51.000Z</time>
        <speed>0.000</speed>
      </trkpt>
      <trkpt lat="50.5418467" lon="-5.0260864">
        <ele>11.6</ele>
        <time>2026-09-14T12:52:56.000Z</time>
        <speed>0.000</speed>
      </trkpt>
      <trkpt lat="50.5418467" lon="-5.0260864">
        <ele>11.8</ele>
        <time>2026-09-14T12:53:01.000Z</time>
        <speed>0.000</speed>
      </trkpt>
      <trkpt lat="50.5418467" lon="-5.0260864">
        <ele>12.2</ele>
        <time>2026-09-14T12:53:06.000Z</time>
        <speed>0.000</speed>
      </trkpt>
      <trkpt lat="50.5418467" lon="-5.0260864">
        <ele>12.4</ele>
        <time>2026-09-14T12:53:11.000Z</time>
        <speed>0.000</speed>
      </trkpt>
      <trkpt lat="50.5418467" lon="-5.0260864">
        <ele>12.4</ele>
        <time>2026-09-14T12:53:16.000Z</time>
        <speed>0.000</speed>
      </trkpt>
      <trkpt lat="50.5418467" lon="-5.0260864">
        <ele>12.4</ele>
        <time>2026-09-14T12:53:21.000Z</time>
        <speed>0.000</speed>
      </trkpt>
      <trkpt lat="50.5418310" lon="-5.0260787">
        <ele>12.4</ele>
        <time>2026-09-14T12:53:26.000Z</time>
        <speed>0.000</speed>
      </trkpt>
      <trkpt lat="50.5418062" lon="-5.0260378">
        <ele>11.8</ele>
        <time>2026-09-14T12:53:31.000Z</time>
        <speed>0.000</speed>
      </trkpt>
      <trkpt lat="50.5417987" lon="-5.0260026">
        <ele>12.0</ele>
        <time>2026-09-14T12:53:36.000Z</time>
        <speed>0.000</speed>
      </trkpt>
      <trkpt lat="50.5417980" lon="-5.0259979">
        <ele>12.0</ele>
        <time>2026-09-14T12:53:41.000Z</time>
        <speed>0.000</speed>
      </trkpt>
      <trkpt lat="50.5417968" lon="-5.0259834">
        <ele>11.8</ele>
        <time>2026-09-14T12:53:46.000Z</time>
        <speed>0.634</speed>
      </trkpt>
      <trkpt lat="50.5418022" lon="-5.0259793">
        <ele>12.4</ele>
        <time>2026-09-14T12:53:51.000Z</time>
        <speed>0.000</speed>
      </trkpt>
      <trkpt lat="50.5418022" lon="-5.0259793">
        <ele>12.4</ele>
        <time>2026-09-14T12:53:56.000Z</time>
        <speed>0.000</speed>
      </trkpt>
      <trkpt lat="50.5418022" lon="-5.0259793">
        <ele>11.8</ele>
        <time>2026-09-14T12:54:01.000Z</time>
        <speed>0.000</speed>
      </trkpt>
      <trkpt lat="50.5418022" lon="-5.0259793">
        <ele>11.0</ele>
        <time>2026-09-14T12:54:06.000Z</time>
        <speed>0.000</speed>
      </trkpt>
      <trkpt lat="50.5418022" lon="-5.0259793">
        <ele>11.6</ele>
        <time>2026-09-14T12:54:11.000Z</time>
        <speed>0.000</speed>
      </trkpt>
      <trkpt lat="50.5418022" lon="-5.0259793">
        <ele>12.0</ele>
        <time>2026-09-14T12:54:16.000Z</time>
        <speed>0.000</speed>
      </trkpt>
      <trkpt lat="50.5418083" lon="-5.0259660">
        <ele>12.2</ele>
        <time>2026-09-14T12:54:21.000Z</time>
        <speed>0.000</speed>
      </trkpt>
      <trkpt lat="50.5418022" lon="-5.0259793">
        <ele>12.4</ele>
        <time>2026-09-14T12:54:26.000Z</time>
        <speed>0.000</speed>
      </trkpt>
      <trkpt lat="50.5418022" lon="-5.0259793">
        <ele>12.4</ele>
        <time>2026-09-14T12:54:31.000Z</time>
        <speed>0.000</speed>
      </trkpt>
      <trkpt lat="50.5418022" lon="-5.0259793">
        <ele>12.6</ele>
        <time>2026-09-14T12:54:36.000Z</time>
        <speed>0.000</speed>
      </trkpt>
      <trkpt lat="50.5418022" lon="-5.0259793">
        <ele>12.2</ele>
        <time>2026-09-14T12:54:41.000Z</time>
        <speed>0.000</speed>
      </trkpt>
      <trkpt lat="50.5418022" lon="-5.0259793">
        <ele>12.6</ele>
        <time>2026-09-14T12:54:46.000Z</time>
        <speed>0.000</speed>
      </trkpt>
      <trkpt lat="50.5417991" lon="-5.0259739">
        <ele>12.4</ele>
        <time>2026-09-14T12:54:51.000Z</time>
        <speed>0.000</speed>
      </trkpt>
      <trkpt lat="50.5417258" lon="-5.0259547">
        <ele>12.0</ele>
        <time>2026-09-14T12:54:56.000Z</time>
        <speed>1.819</speed>
      </trkpt>
      <trkpt lat="50.5416642" lon="-5.0259328">
        <ele>11.8</ele>
        <time>2026-09-14T12:55:01.000Z</time>
        <speed>1.493</speed>
      </trkpt>
      <trkpt lat="50.5416183" lon="-5.0258751">
        <ele>12.2</ele>
        <time>2026-09-14T12:55:06.000Z</time>
        <speed>1.381</speed>
      </trkpt>
      <trkpt lat="50.5415953" lon="-5.0258138">
        <ele>11.6</ele>
        <time>2026-09-14T12:55:11.000Z</time>
        <speed>1.297</speed>
      </trkpt>
      <trkpt lat="50.5415591" lon="-5.0257442">
        <ele>11.4</ele>
        <time>2026-09-14T12:55:16.000Z</time>
        <speed>1.306</speed>
      </trkpt>
      <trkpt lat="50.5415197" lon="-5.0256607">
        <ele>11.4</ele>
        <time>2026-09-14T12:55:21.000Z</time>
        <speed>1.400</speed>
      </trkpt>
      <trkpt lat="50.5414820" lon="-5.0255904">
        <ele>11.2</ele>
        <time>2026-09-14T12:55:26.000Z</time>
        <speed>1.372</speed>
      </trkpt>
      <trkpt lat="50.5414353" lon="-5.0255180">
        <ele>11.0</ele>
        <time>2026-09-14T12:55:31.000Z</time>
        <speed>1.428</speed>
      </trkpt>
      <trkpt lat="50.5414028" lon="-5.0254443">
        <ele>11.0</ele>
        <time>2026-09-14T12:55:36.000Z</time>
        <speed>1.372</speed>
      </trkpt>
      <trkpt lat="50.5413655" lon="-5.0253656">
        <ele>10.4</ele>
        <time>2026-09-14T12:55:41.000Z</time>
        <speed>1.400</speed>
      </trkpt>
      <trkpt lat="50.5413202" lon="-5.0252975">
        <ele>10.0</ele>
        <time>2026-09-14T12:55:46.000Z</time>
        <speed>1.390</speed>
      </trkpt>
      <trkpt lat="50.5412743" lon="-5.0252506">
        <ele>9.8</ele>
        <time>2026-09-14T12:55:51.000Z</time>
        <speed>1.372</speed>
      </trkpt>
      <trkpt lat="50.5412202" lon="-5.0251948">
        <ele>9.8</ele>
        <time>2026-09-14T12:55:56.000Z</time>
        <speed>1.372</speed>
      </trkpt>
      <trkpt lat="50.5411719" lon="-5.0251310">
        <ele>9.6</ele>
        <time>2026-09-14T12:56:01.000Z</time>
        <speed>1.390</speed>
      </trkpt>
      <trkpt lat="50.5411054" lon="-5.0251229">
        <ele>9.8</ele>
        <time>2026-09-14T12:56:06.000Z</time>
        <speed>1.400</speed>
      </trkpt>
      <trkpt lat="50.5410437" lon="-5.0251363">
        <ele>9.8</ele>
        <time>2026-09-14T12:56:11.000Z</time>
        <speed>1.409</speed>
      </trkpt>
      <trkpt lat="50.5409826" lon="-5.0251344">
        <ele>9.0</ele>
        <time>2026-09-14T12:56:16.000Z</time>
        <speed>1.381</speed>
      </trkpt>
      <trkpt lat="50.5409194" lon="-5.0251193">
        <ele>8.4</ele>
        <time>2026-09-14T12:56:21.000Z</time>
        <speed>1.456</speed>
      </trkpt>
      <trkpt lat="50.5408840" lon="-5.0251064">
        <ele>9.0</ele>
        <time>2026-09-14T12:56:26.000Z</time>
        <speed>1.325</speed>
      </trkpt>
      <trkpt lat="50.5408233" lon="-5.0251143">
        <ele>9.8</ele>
        <time>2026-09-14T12:56:31.000Z</time>
        <speed>1.325</speed>
      </trkpt>
      <trkpt lat="50.5407563" lon="-5.0250957">
        <ele>9.4</ele>
        <time>2026-09-14T12:56:36.000Z</time>
        <speed>1.400</speed>
      </trkpt>
      <trkpt lat="50.5406993" lon="-5.0250860">
        <ele>9.2</ele>
        <time>2026-09-14T12:56:41.000Z</time>
        <speed>1.390</speed>
      </trkpt>
      <trkpt lat="50.5406411" lon="-5.0250440">
        <ele>9.4</ele>
        <time>2026-09-14T12:56:46.000Z</time>
        <speed>1.325</speed>
      </trkpt>
      <trkpt lat="50.5405859" lon="-5.0250095">
        <ele>9.6</ele>
        <time>2026-09-14T12:56:51.000Z</time>
        <speed>1.334</speed>
      </trkpt>
      <trkpt lat="50.5405262" lon="-5.0249691">
        <ele>10.0</ele>
        <time>2026-09-14T12:56:56.000Z</time>
        <speed>1.353</speed>
      </trkpt>
      <trkpt lat="50.5404636" lon="-5.0249329">
        <ele>9.8</ele>
        <time>2026-09-14T12:57:01.000Z</time>
        <speed>1.372</speed>
      </trkpt>
      <trkpt lat="50.5404035" lon="-5.0249052">
        <ele>9.8</ele>
        <time>2026-09-14T12:57:06.000Z</time>
        <speed>1.390</speed>
      </trkpt>
      <trkpt lat="50.5403460" lon="-5.0248614">
        <ele>9.8</ele>
        <time>2026-09-14T12:57:11.000Z</time>
        <speed>1.381</speed>
      </trkpt>
      <trkpt lat="50.5402897" lon="-5.0248319">
        <ele>10.0</ele>
        <time>2026-09-14T12:57:16.000Z</time>
        <speed>1.390</speed>
      </trkpt>
      <trkpt lat="50.5402292" lon="-5.0247924">
        <ele>10.0</ele>
        <time>2026-09-14T12:57:21.000Z</time>
        <speed>1.390</speed>
      </trkpt>
      <trkpt lat="50.5401665" lon="-5.0247616">
        <ele>10.0</ele>
        <time>2026-09-14T12:57:26.000Z</time>
        <speed>1.400</speed>
      </trkpt>
      <trkpt lat="50.5401145" lon="-5.0247146">
        <ele>10.4</ele>
        <time>2026-09-14T12:57:31.000Z</time>
        <speed>1.409</speed>
      </trkpt>
      <trkpt lat="50.5400578" lon="-5.0246650">
        <ele>10.6</ele>
        <time>2026-09-14T12:57:36.000Z</time>
        <speed>1.400</speed>
      </trkpt>
      <trkpt lat="50.5399964" lon="-5.0246472">
        <ele>10.8</ele>
        <time>2026-09-14T12:57:41.000Z</time>
        <speed>1.400</speed>
      </trkpt>
      <trkpt lat="50.5399368" lon="-5.0246070">
        <ele>10.6</ele>
        <time>2026-09-14T12:57:46.000Z</time>
        <speed>1.418</speed>
      </trkpt>
      <trkpt lat="50.5398813" lon="-5.0245510">
        <ele>10.8</ele>
        <time>2026-09-14T12:57:51.000Z</time>
        <speed>1.400</speed>
      </trkpt>
      <trkpt lat="50.5398326" lon="-5.0244828">
        <ele>11.2</ele>
        <time>2026-09-14T12:57:56.000Z</time>
        <speed>1.409</speed>
      </trkpt>
      <trkpt lat="50.5397793" lon="-5.0244234">
        <ele>11.2</ele>
        <time>2026-09-14T12:58:01.000Z</time>
        <speed>1.418</speed>
      </trkpt>
      <trkpt lat="50.5397216" lon="-5.0244070">
        <ele>11.4</ele>
        <time>2026-09-14T12:58:06.000Z</time>
        <speed>1.418</speed>
      </trkpt>
      <trkpt lat="50.5396580" lon="-5.0244022">
        <ele>11.4</ele>
        <time>2026-09-14T12:58:11.000Z</time>
        <speed>1.409</speed>
      </trkpt>
      <trkpt lat="50.5395955" lon="-5.0243820">
        <ele>11.4</ele>
        <time>2026-09-14T12:58:16.000Z</time>
        <speed>1.409</speed>
      </trkpt>
      <trkpt lat="50.5395378" lon="-5.0243672">
        <ele>10.8</ele>
        <time>2026-09-14T12:58:21.000Z</time>
        <speed>1.400</speed>
      </trkpt>
      <trkpt lat="50.5394784" lon="-5.0243516">
        <ele>11.0</ele>
        <time>2026-09-14T12:58:26.000Z</time>
        <speed>1.372</speed>
      </trkpt>
      <trkpt lat="50.5394336" lon="-5.0243098">
        <ele>11.0</ele>
        <time>2026-09-14T12:58:31.000Z</time>
        <speed>1.316</speed>
      </trkpt>
      <trkpt lat="50.5394004" lon="-5.0242464">
        <ele>11.4</ele>
        <time>2026-09-14T12:58:36.000Z</time>
        <speed>1.306</speed>
      </trkpt>
      <trkpt lat="50.5393482" lon="-5.0241853">
        <ele>11.0</ele>
        <time>2026-09-14T12:58:41.000Z</time>
        <speed>1.316</speed>
      </trkpt>
      <trkpt lat="50.5392933" lon="-5.0241470">
        <ele>11.0</ele>
        <time>2026-09-14T12:58:46.000Z</time>
        <speed>1.316</speed>
      </trkpt>
      <trkpt lat="50.5392263" lon="-5.0241097">
        <ele>10.2</ele>
        <time>2026-09-14T12:58:51.000Z</time>
        <speed>1.353</speed>
      </trkpt>
      <trkpt lat="50.5391843" lon="-5.0240910">
        <ele>10.2</ele>
        <time>2026-09-14T12:58:56.000Z</time>
        <speed>1.316</speed>
      </trkpt>
      <trkpt lat="50.5391453" lon="-5.0240908">
        <ele>10.4</ele>
        <time>2026-09-14T12:59:01.000Z</time>
        <speed>1.204</speed>
      </trkpt>
      <trkpt lat="50.5391246" lon="-5.0240949">
        <ele>10.6</ele>
        <time>2026-09-14T12:59:06.000Z</time>
        <speed>1.082</speed>
      </trkpt>
      <trkpt lat="50.5391246" lon="-5.0240949">
        <ele>10.4</ele>
        <time>2026-09-14T12:59:11.000Z</time>
        <speed>0.000</speed>
      </trkpt>
      <trkpt lat="50.5391086" lon="-5.0240963">
        <ele>10.8</ele>
        <time>2026-09-14T12:59:16.000Z</time>
        <speed>0.000</speed>
      </trkpt>
      <trkpt lat="50.5390534" lon="-5.0240899">
        <ele>11.4</ele>
        <time>2026-09-14T12:59:21.000Z</time>
        <speed>0.541</speed>
      </trkpt>
      <trkpt lat="50.5389901" lon="-5.0240786">
        <ele>11.4</ele>
        <time>2026-09-14T12:59:26.000Z</time>
        <speed>1.344</speed>
      </trkpt>
      <trkpt lat="50.5389311" lon="-5.0240817">
        <ele>11.6</ele>
        <time>2026-09-14T12:59:31.000Z</time>
        <speed>1.297</speed>
      </trkpt>
      <trkpt lat="50.5388645" lon="-5.0240702">
        <ele>10.6</ele>
        <time>2026-09-14T12:59:36.000Z</time>
        <speed>1.409</speed>
      </trkpt>
      <trkpt lat="50.5388067" lon="-5.0240538">
        <ele>10.6</ele>
        <time>2026-09-14T12:59:41.000Z</time>
        <speed>1.344</speed>
      </trkpt>
      <trkpt lat="50.5387423" lon="-5.0240475">
        <ele>10.4</ele>
        <time>2026-09-14T12:59:46.000Z</time>
        <speed>1.390</speed>
      </trkpt>
      <trkpt lat="50.5386784" lon="-5.0240719">
        <ele>10.2</ele>
        <time>2026-09-14T12:59:51.000Z</time>
        <speed>1.418</speed>
      </trkpt>
      <trkpt lat="50.5386184" lon="-5.0240921">
        <ele>10.2</ele>
        <time>2026-09-14T12:59:56.000Z</time>
        <speed>1.474</speed>
      </trkpt>
      <trkpt lat="50.5385600" lon="-5.0241258">
        <ele>10.4</ele>
        <time>2026-09-14T13:00:01.000Z</time>
        <speed>1.502</speed>
      </trkpt>
      <trkpt lat="50.5384989" lon="-5.0241413">
        <ele>10.0</ele>
        <time>2026-09-14T13:00:06.000Z</time>
        <speed>1.390</speed>
      </trkpt>
      <trkpt lat="50.5384364" lon="-5.0241471">
        <ele>9.2</ele>
        <time>2026-09-14T13:00:11.000Z</time>
        <speed>1.409</speed>
      </trkpt>
      <trkpt lat="50.5383788" lon="-5.0241624">
        <ele>10.0</ele>
        <time>2026-09-14T13:00:16.000Z</time>
        <speed>1.390</speed>
      </trkpt>
      <trkpt lat="50.5383177" lon="-5.0241760">
        <ele>10.0</ele>
        <time>2026-09-14T13:00:21.000Z</time>
        <speed>1.390</speed>
      </trkpt>
      <trkpt lat="50.5382526" lon="-5.0241959">
        <ele>10.2</ele>
        <time>2026-09-14T13:00:26.000Z</time>
        <speed>1.390</speed>
      </trkpt>
      <trkpt lat="50.5382008" lon="-5.0242169">
        <ele>10.0</ele>
        <time>2026-09-14T13:00:31.000Z</time>
        <speed>1.353</speed>
      </trkpt>
      <trkpt lat="50.5381375" lon="-5.0242551">
        <ele>9.8</ele>
        <time>2026-09-14T13:00:36.000Z</time>
        <speed>1.372</speed>
      </trkpt>
      <trkpt lat="50.5380834" lon="-5.0242894">
        <ele>10.0</ele>
        <time>2026-09-14T13:00:41.000Z</time>
        <speed>1.344</speed>
      </trkpt>
      <trkpt lat="50.5380265" lon="-5.0243002">
        <ele>10.2</ele>
        <time>2026-09-14T13:00:46.000Z</time>
        <speed>1.344</speed>
      </trkpt>
      <trkpt lat="50.5379605" lon="-5.0243236">
        <ele>10.4</ele>
        <time>2026-09-14T13:00:51.000Z</time>
        <speed>1.381</speed>
      </trkpt>
      <trkpt lat="50.5379005" lon="-5.0243648">
        <ele>10.0</ele>
        <time>2026-09-14T13:00:56.000Z</time>
        <speed>1.428</speed>
      </trkpt>
      <trkpt lat="50.5378397" lon="-5.0244057">
        <ele>10.2</ele>
        <time>2026-09-14T13:01:01.000Z</time>
        <speed>1.437</speed>
      </trkpt>
      <trkpt lat="50.5377826" lon="-5.0244314">
        <ele>10.4</ele>
        <time>2026-09-14T13:01:06.000Z</time>
        <speed>1.400</speed>
      </trkpt>
      <trkpt lat="50.5377206" lon="-5.0244666">
        <ele>10.0</ele>
        <time>2026-09-14T13:01:11.000Z</time>
        <speed>1.409</speed>
      </trkpt>
      <trkpt lat="50.5376675" lon="-5.0244975">
        <ele>10.2</ele>
        <time>2026-09-14T13:01:16.000Z</time>
        <speed>1.381</speed>
      </trkpt>
      <trkpt lat="50.5376108" lon="-5.0245318">
        <ele>10.4</ele>
        <time>2026-09-14T13:01:21.000Z</time>
        <speed>1.372</speed>
      </trkpt>
      <trkpt lat="50.5375580" lon="-5.0245487">
        <ele>10.6</ele>
        <time>2026-09-14T13:01:26.000Z</time>
        <speed>1.325</speed>
      </trkpt>
      <trkpt lat="50.5374970" lon="-5.0245650">
        <ele>10.4</ele>
        <time>2026-09-14T13:01:31.000Z</time>
        <speed>1.372</speed>
      </trkpt>
      <trkpt lat="50.5374400" lon="-5.0245764">
        <ele>9.6</ele>
        <time>2026-09-14T13:01:36.000Z</time>
        <speed>1.344</speed>
      </trkpt>
      <trkpt lat="50.5373911" lon="-5.0245428">
        <ele>9.6</ele>
        <time>2026-09-14T13:01:41.000Z</time>
        <speed>1.316</speed>
      </trkpt>
      <trkpt lat="50.5373482" lon="-5.0245022">
        <ele>10.8</ele>
        <time>2026-09-14T13:01:46.000Z</time>
        <speed>1.250</speed>
      </trkpt>
      <trkpt lat="50.5372889" lon="-5.0244666">
        <ele>10.8</ele>
        <time>2026-09-14T13:01:51.000Z</time>
        <speed>1.260</speed>
      </trkpt>
      <trkpt lat="50.5372312" lon="-5.0244314">
        <ele>11.2</ele>
        <time>2026-09-14T13:01:56.000Z</time>
        <speed>1.260</speed>
      </trkpt>
      <trkpt lat="50.5371758" lon="-5.0243944">
        <ele>11.0</ele>
        <time>2026-09-14T13:02:01.000Z</time>
        <speed>1.250</speed>
      </trkpt>
      <trkpt lat="50.5371410" lon="-5.0243407">
        <ele>11.4</ele>
        <time>2026-09-14T13:02:06.000Z</time>
        <speed>1.232</speed>
      </trkpt>
      <trkpt lat="50.5371297" lon="-5.0242552">
        <ele>11.4</ele>
        <time>2026-09-14T13:02:11.000Z</time>
        <speed>1.222</speed>
      </trkpt>
      <trkpt lat="50.5371458" lon="-5.0241735">
        <ele>11.4</ele>
        <time>2026-09-14T13:02:16.000Z</time>
        <speed>1.166</speed>
      </trkpt>
      <trkpt lat="50.5371512" lon="-5.0240887">
        <ele>11.6</ele>
        <time>2026-09-14T13:02:21.000Z</time>
        <speed>1.166</speed>
      </trkpt>
      <trkpt lat="50.5371381" lon="-5.0240210">
        <ele>11.4</ele>
        <time>2026-09-14T13:02:26.000Z</time>
        <speed>1.157</speed>
      </trkpt>
      <trkpt lat="50.5371149" lon="-5.0239768">
        <ele>10.4</ele>
        <time>2026-09-14T13:02:31.000Z</time>
        <speed>1.017</speed>
      </trkpt>
      <trkpt lat="50.5370655" lon="-5.0239361">
        <ele>8.8</ele>
        <time>2026-09-14T13:02:36.000Z</time>
        <speed>1.082</speed>
      </trkpt>
      <trkpt lat="50.5370051" lon="-5.0239177">
        <ele>7.6</ele>
        <time>2026-09-14T13:02:41.000Z</time>
        <speed>1.138</speed>
      </trkpt>
      <trkpt lat="50.5369457" lon="-5.0239098">
        <ele>6.6</ele>
        <time>2026-09-14T13:02:46.000Z</time>
        <speed>1.176</speed>
      </trkpt>
      <trkpt lat="50.5368781" lon="-5.0239041">
        <ele>6.0</ele>
        <time>2026-09-14T13:02:51.000Z</time>
        <speed>1.288</speed>
      </trkpt>
      <trkpt lat="50.5368203" lon="-5.0239054">
        <ele>5.8</ele>
        <time>2026-09-14T13:02:56.000Z</time>
        <speed>1.316</speed>
      </trkpt>
      <trkpt lat="50.5367665" lon="-5.0239061">
        <ele>5.4</ele>
        <time>2026-09-14T13:03:01.000Z</time>
        <speed>1.278</speed>
      </trkpt>
      <trkpt lat="50.5367148" lon="-5.0239093">
        <ele>5.4</ele>
        <time>2026-09-14T13:03:06.000Z</time>
        <speed>1.269</speed>
      </trkpt>
      <trkpt lat="50.5366588" lon="-5.0238958">
        <ele>5.2</ele>
        <time>2026-09-14T13:03:11.000Z</time>
        <speed>1.241</speed>
      </trkpt>
      <trkpt lat="50.5366033" lon="-5.0239041">
        <ele>5.0</ele>
        <time>2026-09-14T13:03:16.000Z</time>
        <speed>1.232</speed>
      </trkpt>
      <trkpt lat="50.5365451" lon="-5.0238809">
        <ele>4.4</ele>
        <time>2026-09-14T13:03:21.000Z</time>
        <speed>1.213</speed>
      </trkpt>
      <trkpt lat="50.5364951" lon="-5.0238490">
        <ele>5.0</ele>
        <time>2026-09-14T13:03:26.000Z</time>
        <speed>1.241</speed>
      </trkpt>
      <trkpt lat="50.5364454" lon="-5.0238145">
        <ele>4.6</ele>
        <time>2026-09-14T13:03:31.000Z</time>
        <speed>1.222</speed>
      </trkpt>
      <trkpt lat="50.5363872" lon="-5.0237714">
        <ele>4.2</ele>
        <time>2026-09-14T13:03:36.000Z</time>
        <speed>1.222</speed>
      </trkpt>
      <trkpt lat="50.5363348" lon="-5.0237462">
        <ele>4.2</ele>
        <time>2026-09-14T13:03:41.000Z</time>
        <speed>1.222</speed>
      </trkpt>
      <trkpt lat="50.5362793" lon="-5.0237232">
        <ele>4.0</ele>
        <time>2026-09-14T13:03:46.000Z</time>
        <speed>1.241</speed>
      </trkpt>
      <trkpt lat="50.5362189" lon="-5.0237070">
        <ele>4.2</ele>
        <time>2026-09-14T13:03:51.000Z</time>
        <speed>1.250</speed>
      </trkpt>
      <trkpt lat="50.5361705" lon="-5.0236861">
        <ele>4.0</ele>
        <time>2026-09-14T13:03:56.000Z</time>
        <speed>1.241</speed>
      </trkpt>
      <trkpt lat="50.5361157" lon="-5.0236603">
        <ele>3.2</ele>
        <time>2026-09-14T13:04:01.000Z</time>
        <speed>1.241</speed>
      </trkpt>
      <trkpt lat="50.5360625" lon="-5.0236256">
        <ele>3.6</ele>
        <time>2026-09-14T13:04:06.000Z</time>
        <speed>1.250</speed>
      </trkpt>
      <trkpt lat="50.5360056" lon="-5.0235953">
        <ele>3.4</ele>
        <time>2026-09-14T13:04:11.000Z</time>
        <speed>1.185</speed>
      </trkpt>
      <trkpt lat="50.5359513" lon="-5.0235669">
        <ele>3.4</ele>
        <time>2026-09-14T13:04:16.000Z</time>
        <speed>1.241</speed>
      </trkpt>
      <trkpt lat="50.5358974" lon="-5.0235379">
        <ele>3.6</ele>
        <time>2026-09-14T13:04:21.000Z</time>
        <speed>1.297</speed>
      </trkpt>
      <trkpt lat="50.5358461" lon="-5.0235172">
        <ele>3.4</ele>
        <time>2026-09-14T13:04:26.000Z</time>
        <speed>1.260</speed>
      </trkpt>
      <trkpt lat="50.5357864" lon="-5.0234762">
        <ele>3.2</ele>
        <time>2026-09-14T13:04:31.000Z</time>
        <speed>1.260</speed>
      </trkpt>
      <trkpt lat="50.5357414" lon="-5.0234415">
        <ele>3.2</ele>
        <time>2026-09-14T13:04:36.000Z</time>
        <speed>1.241</speed>
      </trkpt>
      <trkpt lat="50.5356845" lon="-5.0234120">
        <ele>3.4</ele>
        <time>2026-09-14T13:04:41.000Z</time>
        <speed>1.250</speed>
      </trkpt>
      <trkpt lat="50.5356296" lon="-5.0233830">
        <ele>3.4</ele>
        <time>2026-09-14T13:04:46.000Z</time>
        <speed>1.260</speed>
      </trkpt>
      <trkpt lat="50.5355762" lon="-5.0233627">
        <ele>3.2</ele>
        <time>2026-09-14T13:04:51.000Z</time>
        <speed>1.222</speed>
      </trkpt>
      <trkpt lat="50.5355206" lon="-5.0233425">
        <ele>3.2</ele>
        <time>2026-09-14T13:04:56.000Z</time>
        <speed>1.232</speed>
      </trkpt>
      <trkpt lat="50.5354659" lon="-5.0233146">
        <ele>2.6</ele>
        <time>2026-09-14T13:05:01.000Z</time>
        <speed>1.260</speed>
      </trkpt>
      <trkpt lat="50.5354119" lon="-5.0233023">
        <ele>2.8</ele>
        <time>2026-09-14T13:05:06.000Z</time>
        <speed>1.260</speed>
      </trkpt>
      <trkpt lat="50.5353567" lon="-5.0232857">
        <ele>3.0</ele>
        <time>2026-09-14T13:05:11.000Z</time>
        <speed>1.250</speed>
      </trkpt>
      <trkpt lat="50.5353074" lon="-5.0232645">
        <ele>3.2</ele>
        <time>2026-09-14T13:05:16.000Z</time>
        <speed>1.250</speed>
      </trkpt>
      <trkpt lat="50.5352543" lon="-5.0232415">
        <ele>3.2</ele>
        <time>2026-09-14T13:05:21.000Z</time>
        <speed>1.232</speed>
      </trkpt>
      <trkpt lat="50.5352023" lon="-5.0232400">
        <ele>3.0</ele>
        <time>2026-09-14T13:05:26.000Z</time>
        <speed>1.222</speed>
      </trkpt>
      <trkpt lat="50.5351378" lon="-5.0232281">
        <ele>2.6</ele>
        <time>2026-09-14T13:05:31.000Z</time>
        <speed>1.241</speed>
      </trkpt>
      <trkpt lat="50.5350777" lon="-5.0232272">
        <ele>3.2</ele>
        <time>2026-09-14T13:05:36.000Z</time>
        <speed>1.250</speed>
      </trkpt>
      <trkpt lat="50.5350287" lon="-5.0232157">
        <ele>3.2</ele>
        <time>2026-09-14T13:05:41.000Z</time>
        <speed>1.194</speed>
      </trkpt>
      <trkpt lat="50.5349805" lon="-5.0232117">
        <ele>3.4</ele>
        <time>2026-09-14T13:05:46.000Z</time>
        <speed>1.176</speed>
      </trkpt>
      <trkpt lat="50.5349167" lon="-5.0232080">
        <ele>3.4</ele>
        <time>2026-09-14T13:05:51.000Z</time>
        <speed>1.213</speed>
      </trkpt>
      <trkpt lat="50.5348588" lon="-5.0232115">
        <ele>3.4</ele>
        <time>2026-09-14T13:05:56.000Z</time>
        <speed>1.213</speed>
      </trkpt>
      <trkpt lat="50.5347990" lon="-5.0232065">
        <ele>3.0</ele>
        <time>2026-09-14T13:06:01.000Z</time>
        <speed>1.213</speed>
      </trkpt>
      <trkpt lat="50.5347458" lon="-5.0232112">
        <ele>2.2</ele>
        <time>2026-09-14T13:06:06.000Z</time>
        <speed>1.222</speed>
      </trkpt>
      <trkpt lat="50.5346930" lon="-5.0232183">
        <ele>2.2</ele>
        <time>2026-09-14T13:06:11.000Z</time>
        <speed>1.213</speed>
      </trkpt>
      <trkpt lat="50.5346414" lon="-5.0232209">
        <ele>2.4</ele>
        <time>2026-09-14T13:06:16.000Z</time>
        <speed>1.204</speed>
      </trkpt>
      <trkpt lat="50.5345874" lon="-5.0232227">
        <ele>2.8</ele>
        <time>2026-09-14T13:06:21.000Z</time>
        <speed>1.194</speed>
      </trkpt>
      <trkpt lat="50.5345380" lon="-5.0232209">
        <ele>2.8</ele>
        <time>2026-09-14T13:06:26.000Z</time>
        <speed>1.185</speed>
      </trkpt>
      <trkpt lat="50.5344863" lon="-5.0232188">
        <ele>2.8</ele>
        <time>2026-09-14T13:06:31.000Z</time>
        <speed>1.176</speed>
      </trkpt>
      <trkpt lat="50.5344298" lon="-5.0232238">
        <ele>2.6</ele>
        <time>2026-09-14T13:06:36.000Z</time>
        <speed>1.176</speed>
      </trkpt>
      <trkpt lat="50.5343844" lon="-5.0232239">
        <ele>2.6</ele>
        <time>2026-09-14T13:06:41.000Z</time>
        <speed>1.176</speed>
      </trkpt>
      <trkpt lat="50.5343364" lon="-5.0232311">
        <ele>2.6</ele>
        <time>2026-09-14T13:06:46.000Z</time>
        <speed>1.157</speed>
      </trkpt>
      <trkpt lat="50.5342897" lon="-5.0232348">
        <ele>2.4</ele>
        <time>2026-09-14T13:06:51.000Z</time>
        <speed>1.138</speed>
      </trkpt>
      <trkpt lat="50.5342407" lon="-5.0232287">
        <ele>2.6</ele>
        <time>2026-09-14T13:06:56.000Z</time>
        <speed>1.129</speed>
      </trkpt>
      <trkpt lat="50.5341863" lon="-5.0232205">
        <ele>3.4</ele>
        <time>2026-09-14T13:07:01.000Z</time>
        <speed>1.129</speed>
      </trkpt>
      <trkpt lat="50.5341386" lon="-5.0232052">
        <ele>3.4</ele>
        <time>2026-09-14T13:07:06.000Z</time>
        <speed>1.120</speed>
      </trkpt>
      <trkpt lat="50.5341123" lon="-5.0232169">
        <ele>3.0</ele>
        <time>2026-09-14T13:07:11.000Z</time>
        <speed>1.008</speed>
      </trkpt>
      <trkpt lat="50.5340806" lon="-5.0232106">
        <ele>3.2</ele>
        <time>2026-09-14T13:07:16.000Z</time>
        <speed>0.924</speed>
      </trkpt>
      <trkpt lat="50.5340255" lon="-5.0232138">
        <ele>3.4</ele>
        <time>2026-09-14T13:07:21.000Z</time>
        <speed>1.232</speed>
      </trkpt>
      <trkpt lat="50.5339714" lon="-5.0232170">
        <ele>3.4</ele>
        <time>2026-09-14T13:07:26.000Z</time>
        <speed>1.250</speed>
      </trkpt>
      <trkpt lat="50.5339225" lon="-5.0232039">
        <ele>3.4</ele>
        <time>2026-09-14T13:07:31.000Z</time>
        <speed>1.232</speed>
      </trkpt>
      <trkpt lat="50.5338673" lon="-5.0231856">
        <ele>3.0</ele>
        <time>2026-09-14T13:07:36.000Z</time>
        <speed>1.232</speed>
      </trkpt>
      <trkpt lat="50.5338003" lon="-5.0231550">
        <ele>3.2</ele>
        <time>2026-09-14T13:07:41.000Z</time>
        <speed>1.269</speed>
      </trkpt>
      <trkpt lat="50.5337462" lon="-5.0231262">
        <ele>3.0</ele>
        <time>2026-09-14T13:07:46.000Z</time>
        <speed>1.288</speed>
      </trkpt>
      <trkpt lat="50.5336903" lon="-5.0231101">
        <ele>3.2</ele>
        <time>2026-09-14T13:07:51.000Z</time>
        <speed>1.288</speed>
      </trkpt>
      <trkpt lat="50.5336437" lon="-5.0231013">
        <ele>3.2</ele>
        <time>2026-09-14T13:07:56.000Z</time>
        <speed>1.222</speed>
      </trkpt>
      <trkpt lat="50.5335918" lon="-5.0230913">
        <ele>3.2</ele>
        <time>2026-09-14T13:08:01.000Z</time>
        <speed>1.194</speed>
      </trkpt>
      <trkpt lat="50.5335351" lon="-5.0230949">
        <ele>3.4</ele>
        <time>2026-09-14T13:08:06.000Z</time>
        <speed>1.185</speed>
      </trkpt>
      <trkpt lat="50.5334820" lon="-5.0230934">
        <ele>3.4</ele>
        <time>2026-09-14T13:08:11.000Z</time>
        <speed>1.176</speed>
      </trkpt>
      <trkpt lat="50.5334235" lon="-5.0230873">
        <ele>3.2</ele>
        <time>2026-09-14T13:08:16.000Z</time>
        <speed>1.185</speed>
      </trkpt>
      <trkpt lat="50.5333633" lon="-5.0230778">
        <ele>3.2</ele>
        <time>2026-09-14T13:08:21.000Z</time>
        <speed>1.213</speed>
      </trkpt>
      <trkpt lat="50.5333111" lon="-5.0230801">
        <ele>3.2</ele>
        <time>2026-09-14T13:08:26.000Z</time>
        <speed>1.194</speed>
      </trkpt>
      <trkpt lat="50.5332590" lon="-5.0230715">
        <ele>3.6</ele>
        <time>2026-09-14T13:08:31.000Z</time>
        <speed>1.194</speed>
      </trkpt>
      <trkpt lat="50.5332060" lon="-5.0230645">
        <ele>3.6</ele>
        <time>2026-09-14T13:08:36.000Z</time>
        <speed>1.185</speed>
      </trkpt>
      <trkpt lat="50.5331467" lon="-5.0230707">
        <ele>3.6</ele>
        <time>2026-09-14T13:08:41.000Z</time>
        <speed>1.222</speed>
      </trkpt>
      <trkpt lat="50.5330927" lon="-5.0230672">
        <ele>3.8</ele>
        <time>2026-09-14T13:08:46.000Z</time>
        <speed>1.213</speed>
      </trkpt>
      <trkpt lat="50.5330342" lon="-5.0230729">
        <ele>3.8</ele>
        <time>2026-09-14T13:08:51.000Z</time>
        <speed>1.241</speed>
      </trkpt>
      <trkpt lat="50.5329949" lon="-5.0230637">
        <ele>4.0</ele>
        <time>2026-09-14T13:08:56.000Z</time>
        <speed>1.129</speed>
      </trkpt>
      <trkpt lat="50.5329415" lon="-5.0230459">
        <ele>3.8</ele>
        <time>2026-09-14T13:09:01.000Z</time>
        <speed>1.120</speed>
      </trkpt>
      <trkpt lat="50.5328901" lon="-5.0230395">
        <ele>3.8</ele>
        <time>2026-09-14T13:09:06.000Z</time>
        <speed>1.138</speed>
      </trkpt>
      <trkpt lat="50.5328409" lon="-5.0230312">
        <ele>4.0</ele>
        <time>2026-09-14T13:09:11.000Z</time>
        <speed>1.120</speed>
      </trkpt>
      <trkpt lat="50.5327940" lon="-5.0230245">
        <ele>4.2</ele>
        <time>2026-09-14T13:09:16.000Z</time>
        <speed>1.092</speed>
      </trkpt>
      <trkpt lat="50.5327468" lon="-5.0230294">
        <ele>4.2</ele>
        <time>2026-09-14T13:09:21.000Z</time>
        <speed>1.054</speed>
      </trkpt>
      <trkpt lat="50.5326928" lon="-5.0230233">
        <ele>4.0</ele>
        <time>2026-09-14T13:09:26.000Z</time>
        <speed>1.082</speed>
      </trkpt>
      <trkpt lat="50.5326427" lon="-5.0230333">
        <ele>4.4</ele>
        <time>2026-09-14T13:09:31.000Z</time>
        <speed>1.110</speed>
      </trkpt>
      <trkpt lat="50.5325894" lon="-5.0230392">
        <ele>4.4</ele>
        <time>2026-09-14T13:09:36.000Z</time>
        <speed>1.120</speed>
      </trkpt>
      <trkpt lat="50.5325296" lon="-5.0230429">
        <ele>4.2</ele>
        <time>2026-09-14T13:09:41.000Z</time>
        <speed>1.138</speed>
      </trkpt>
      <trkpt lat="50.5324848" lon="-5.0230380">
        <ele>4.2</ele>
        <time>2026-09-14T13:09:46.000Z</time>
        <speed>1.138</speed>
      </trkpt>
      <trkpt lat="50.5324298" lon="-5.0230272">
        <ele>4.2</ele>
        <time>2026-09-14T13:09:51.000Z</time>
        <speed>1.157</speed>
      </trkpt>
      <trkpt lat="50.5323801" lon="-5.0230334">
        <ele>4.4</ele>
        <time>2026-09-14T13:09:56.000Z</time>
        <speed>1.148</speed>
      </trkpt>
      <trkpt lat="50.5323251" lon="-5.0230380">
        <ele>4.4</ele>
        <time>2026-09-14T13:10:01.000Z</time>
        <speed>1.157</speed>
      </trkpt>
      <trkpt lat="50.5322772" lon="-5.0230382">
        <ele>4.8</ele>
        <time>2026-09-14T13:10:06.000Z</time>
        <speed>1.138</speed>
      </trkpt>
      <trkpt lat="50.5322177" lon="-5.0230248">
        <ele>4.8</ele>
        <time>2026-09-14T13:10:11.000Z</time>
        <speed>1.148</speed>
      </trkpt>
      <trkpt lat="50.5321673" lon="-5.0230274">
        <ele>5.2</ele>
        <time>2026-09-14T13:10:16.000Z</time>
        <speed>1.157</speed>
      </trkpt>
      <trkpt lat="50.5321235" lon="-5.0230234">
        <ele>5.4</ele>
        <time>2026-09-14T13:10:21.000Z</time>
        <speed>1.138</speed>
      </trkpt>
      <trkpt lat="50.5320728" lon="-5.0230212">
        <ele>5.6</ele>
        <time>2026-09-14T13:10:26.000Z</time>
        <speed>1.138</speed>
      </trkpt>
      <trkpt lat="50.5320346" lon="-5.0230181">
        <ele>5.6</ele>
        <time>2026-09-14T13:10:31.000Z</time>
        <speed>1.073</speed>
      </trkpt>
      <trkpt lat="50.5319857" lon="-5.0230303">
        <ele>6.0</ele>
        <time>2026-09-14T13:10:36.000Z</time>
        <speed>1.064</speed>
      </trkpt>
      <trkpt lat="50.5319400" lon="-5.0230242">
        <ele>5.8</ele>
        <time>2026-09-14T13:10:41.000Z</time>
        <speed>1.017</speed>
      </trkpt>
      <trkpt lat="50.5318942" lon="-5.0230198">
        <ele>6.0</ele>
        <time>2026-09-14T13:10:46.000Z</time>
        <speed>1.026</speed>
      </trkpt>
      <trkpt lat="50.5318563" lon="-5.0230104">
        <ele>6.2</ele>
        <time>2026-09-14T13:10:51.000Z</time>
        <speed>0.970</speed>
      </trkpt>
      <trkpt lat="50.5317996" lon="-5.0229986">
        <ele>6.8</ele>
        <time>2026-09-14T13:10:56.000Z</time>
        <speed>1.045</speed>
      </trkpt>
      <trkpt lat="50.5317458" lon="-5.0229929">
        <ele>6.8</ele>
        <time>2026-09-14T13:11:01.000Z</time>
        <speed>1.092</speed>
      </trkpt>
      <trkpt lat="50.5316977" lon="-5.0229784">
        <ele>7.2</ele>
        <time>2026-09-14T13:11:06.000Z</time>
        <speed>1.101</speed>
      </trkpt>
      <trkpt lat="50.5316505" lon="-5.0229669">
        <ele>7.6</ele>
        <time>2026-09-14T13:11:11.000Z</time>
        <speed>1.064</speed>
      </trkpt>
      <trkpt lat="50.5315981" lon="-5.0229670">
        <ele>8.0</ele>
        <time>2026-09-14T13:11:16.000Z</time>
        <speed>1.054</speed>
      </trkpt>
      <trkpt lat="50.5315505" lon="-5.0229581">
        <ele>8.8</ele>
        <time>2026-09-14T13:11:21.000Z</time>
        <speed>1.082</speed>
      </trkpt>
      <trkpt lat="50.5315015" lon="-5.0229587">
        <ele>9.2</ele>
        <time>2026-09-14T13:11:26.000Z</time>
        <speed>1.064</speed>
      </trkpt>
      <trkpt lat="50.5314596" lon="-5.0229762">
        <ele>9.8</ele>
        <time>2026-09-14T13:11:31.000Z</time>
        <speed>1.008</speed>
      </trkpt>
      <trkpt lat="50.5314160" lon="-5.0229891">
        <ele>10.2</ele>
        <time>2026-09-14T13:11:36.000Z</time>
        <speed>0.952</speed>
      </trkpt>
      <trkpt lat="50.5313803" lon="-5.0230021">
        <ele>10.8</ele>
        <time>2026-09-14T13:11:41.000Z</time>
        <speed>0.952</speed>
      </trkpt>
      <trkpt lat="50.5313479" lon="-5.0229794">
        <ele>11.2</ele>
        <time>2026-09-14T13:11:46.000Z</time>
        <speed>0.905</speed>
      </trkpt>
      <trkpt lat="50.5313401" lon="-5.0229212">
        <ele>11.4</ele>
        <time>2026-09-14T13:11:51.000Z</time>
        <speed>0.858</speed>
      </trkpt>
      <trkpt lat="50.5313273" lon="-5.0228665">
        <ele>11.8</ele>
        <time>2026-09-14T13:11:56.000Z</time>
        <speed>0.868</speed>
      </trkpt>
      <trkpt lat="50.5313196" lon="-5.0227966">
        <ele>12.0</ele>
        <time>2026-09-14T13:12:01.000Z</time>
        <speed>0.905</speed>
      </trkpt>
      <trkpt lat="50.5313032" lon="-5.0227167">
        <ele>12.6</ele>
        <time>2026-09-14T13:12:06.000Z</time>
        <speed>1.008</speed>
      </trkpt>
      <trkpt lat="50.5312861" lon="-5.0226353">
        <ele>13.0</ele>
        <time>2026-09-14T13:12:11.000Z</time>
        <speed>1.082</speed>
      </trkpt>
      <trkpt lat="50.5312800" lon="-5.0225506">
        <ele>13.2</ele>
        <time>2026-09-14T13:12:16.000Z</time>
        <speed>1.138</speed>
      </trkpt>
      <trkpt lat="50.5312760" lon="-5.0224711">
        <ele>13.4</ele>
        <time>2026-09-14T13:12:21.000Z</time>
        <speed>1.138</speed>
      </trkpt>
      <trkpt lat="50.5312653" lon="-5.0223762">
        <ele>13.0</ele>
        <time>2026-09-14T13:12:26.000Z</time>
        <speed>1.185</speed>
      </trkpt>
      <trkpt lat="50.5312587" lon="-5.0223055">
        <ele>12.8</ele>
        <time>2026-09-14T13:12:31.000Z</time>
        <speed>1.120</speed>
      </trkpt>
      <trkpt lat="50.5312318" lon="-5.0222208">
        <ele>12.4</ele>
        <time>2026-09-14T13:12:36.000Z</time>
        <speed>1.157</speed>
      </trkpt>
      <trkpt lat="50.5311965" lon="-5.0221706">
        <ele>12.0</ele>
        <time>2026-09-14T13:12:41.000Z</time>
        <speed>1.110</speed>
      </trkpt>
      <trkpt lat="50.5311665" lon="-5.0221489">
        <ele>12.2</ele>
        <time>2026-09-14T13:12:46.000Z</time>
        <speed>1.073</speed>
      </trkpt>
      <trkpt lat="50.5311378" lon="-5.0221616">
        <ele>12.0</ele>
        <time>2026-09-14T13:12:51.000Z</time>
        <speed>1.008</speed>
      </trkpt>
      <trkpt lat="50.5311312" lon="-5.0221559">
        <ele>12.4</ele>
        <time>2026-09-14T13:12:56.000Z</time>
        <speed>0.914</speed>
      </trkpt>
      <trkpt lat="50.5311348" lon="-5.0221487">
        <ele>12.2</ele>
        <time>2026-09-14T13:13:01.000Z</time>
        <speed>0.000</speed>
      </trkpt>
      <trkpt lat="50.5311042" lon="-5.0221014">
        <ele>12.6</ele>
        <time>2026-09-14T13:13:06.000Z</time>
        <speed>0.252</speed>
      </trkpt>
      <trkpt lat="50.5311095" lon="-5.0221003">
        <ele>12.4</ele>
        <time>2026-09-14T13:13:11.000Z</time>
        <speed>0.000</speed>
      </trkpt>
      <trkpt lat="50.5311256" lon="-5.0221318">
        <ele>12.4</ele>
        <time>2026-09-14T13:13:16.000Z</time>
        <speed>0.000</speed>
      </trkpt>
      <trkpt lat="50.5311342" lon="-5.0221417">
        <ele>12.4</ele>
        <time>2026-09-14T13:13:21.000Z</time>
        <speed>0.000</speed>
      </trkpt>
      <trkpt lat="50.5311755" lon="-5.0221397">
        <ele>12.4</ele>
        <time>2026-09-14T13:13:26.000Z</time>
        <speed>0.000</speed>
      </trkpt>
      <trkpt lat="50.5311758" lon="-5.0221379">
        <ele>12.2</ele>
        <time>2026-09-14T13:13:31.000Z</time>
        <speed>0.000</speed>
      </trkpt>
      <trkpt lat="50.5311648" lon="-5.0221484">
        <ele>12.2</ele>
        <time>2026-09-14T13:13:36.000Z</time>
        <speed>0.000</speed>
      </trkpt>
      <trkpt lat="50.5311618" lon="-5.0221489">
        <ele>12.2</ele>
        <time>2026-09-14T13:13:41.000Z</time>
        <speed>0.000</speed>
      </trkpt>
      <trkpt lat="50.5311629" lon="-5.0221490">
        <ele>12.2</ele>
        <time>2026-09-14T13:13:46.000Z</time>
        <speed>0.000</speed>
      </trkpt>
      <trkpt lat="50.5311629" lon="-5.0221490">
        <ele>12.4</ele>
        <time>2026-09-14T13:13:51.000Z</time>
        <speed>0.000</speed>
      </trkpt>
      <trkpt lat="50.5311629" lon="-5.0221490">
        <ele>12.2</ele>
        <time>2026-09-14T13:13:56.000Z</time>
        <speed>0.000</speed>
      </trkpt>
      <trkpt lat="50.5311456" lon="-5.0221610">
        <ele>11.6</ele>
        <time>2026-09-14T13:14:01.000Z</time>
        <speed>0.000</speed>
      </trkpt>
      <trkpt lat="50.5311272" lon="-5.0221209">
        <ele>12.2</ele>
        <time>2026-09-14T13:14:06.000Z</time>
        <speed>0.000</speed>
      </trkpt>
      <trkpt lat="50.5311286" lon="-5.0220784">
        <ele>12.2</ele>
        <time>2026-09-14T13:14:11.000Z</time>
        <speed>0.560</speed>
      </trkpt>
      <trkpt lat="50.5311377" lon="-5.0220709">
        <ele>12.2</ele>
        <time>2026-09-14T13:14:16.000Z</time>
        <speed>0.000</speed>
      </trkpt>
      <trkpt lat="50.5311467" lon="-5.0220711">
        <ele>12.4</ele>
        <time>2026-09-14T13:14:21.000Z</time>
        <speed>0.000</speed>
      </trkpt>
      <trkpt lat="50.5311353" lon="-5.0220822">
        <ele>12.4</ele>
        <time>2026-09-14T13:14:26.000Z</time>
        <speed>0.000</speed>
      </trkpt>
      <trkpt lat="50.5311234" lon="-5.0220686">
        <ele>12.6</ele>
        <time>2026-09-14T13:14:31.000Z</time>
        <speed>0.000</speed>
      </trkpt>
      <trkpt lat="50.5311226" lon="-5.0220675">
        <ele>12.6</ele>
        <time>2026-09-14T13:14:36.000Z</time>
        <speed>0.000</speed>
      </trkpt>
      <trkpt lat="50.5311226" lon="-5.0220675">
        <ele>12.6</ele>
        <time>2026-09-14T13:14:41.000Z</time>
        <speed>0.000</speed>
      </trkpt>
      <trkpt lat="50.5311226" lon="-5.0220675">
        <ele>12.4</ele>
        <time>2026-09-14T13:14:46.000Z</time>
        <speed>0.000</speed>
      </trkpt>
      <trkpt lat="50.5311226" lon="-5.0220675">
        <ele>12.4</ele>
        <time>2026-09-14T13:14:51.000Z</time>
        <speed>0.000</speed>
      </trkpt>
      <trkpt lat="50.5311226" lon="-5.0220675">
        <ele>12.4</ele>
        <time>2026-09-14T13:14:56.000Z</time>
        <speed>0.000</speed>
      </trkpt>
      <trkpt lat="50.5311226" lon="-5.0220675">
        <ele>12.6</ele>
        <time>2026-09-14T13:15:01.000Z</time>
        <speed>0.000</speed>
      </trkpt>
      <trkpt lat="50.5311226" lon="-5.0220675">
        <ele>12.4</ele>
        <time>2026-09-14T13:15:06.000Z</time>
        <speed>0.000</speed>
      </trkpt>
      <trkpt lat="50.5311226" lon="-5.0220675">
        <ele>12.6</ele>
        <time>2026-09-14T13:15:11.000Z</time>
        <speed>0.000</speed>
      </trkpt>
      <trkpt lat="50.5311226" lon="-5.0220675">
        <ele>12.6</ele>
        <time>2026-09-14T13:15:16.000Z</time>
        <speed>0.000</speed>
      </trkpt>
      <trkpt lat="50.5311226" lon="-5.0220675">
        <ele>12.6</ele>
        <time>2026-09-14T13:15:21.000Z</time>
        <speed>0.000</speed>
      </trkpt>
      <trkpt lat="50.5311226" lon="-5.0220675">
        <ele>12.4</ele>
        <time>2026-09-14T13:15:26.000Z</time>
        <speed>0.000</speed>
      </trkpt>
      <trkpt lat="50.5311226" lon="-5.0220675">
        <ele>12.6</ele>
        <time>2026-09-14T13:15:31.000Z</time>
        <speed>0.000</speed>
      </trkpt>
      <trkpt lat="50.5311226" lon="-5.0220675">
        <ele>12.4</ele>
        <time>2026-09-14T13:15:36.000Z</time>
        <speed>0.000</speed>
      </trkpt>
      <trkpt lat="50.5311226" lon="-5.0220675">
        <ele>12.4</ele>
        <time>2026-09-14T13:15:41.000Z</time>
        <speed>0.000</speed>
      </trkpt>
      <trkpt lat="50.5311226" lon="-5.0220675">
        <ele>12.4</ele>
        <time>2026-09-14T13:15:46.000Z</time>
        <speed>0.000</speed>
      </trkpt>
      <trkpt lat="50.5311226" lon="-5.0220675">
        <ele>12.4</ele>
        <time>2026-09-14T13:15:51.000Z</time>
        <speed>0.000</speed>
      </trkpt>
      <trkpt lat="50.5311226" lon="-5.0220675">
        <ele>12.4</ele>
        <time>2026-09-14T13:15:56.000Z</time>
        <speed>0.000</speed>
      </trkpt>
      <trkpt lat="50.5311193" lon="-5.0220747">
        <ele>12.4</ele>
        <time>2026-09-14T13:16:01.000Z</time>
        <speed>0.000</speed>
      </trkpt>
      <trkpt lat="50.5311099" lon="-5.0220752">
        <ele>12.2</ele>
        <time>2026-09-14T13:16:06.000Z</time>
        <speed>0.000</speed>
      </trkpt>
      <trkpt lat="50.5311192" lon="-5.0220966">
        <ele>12.4</ele>
        <time>2026-09-14T13:16:11.000Z</time>
        <speed>0.000</speed>
      </trkpt>
      <trkpt lat="50.5311343" lon="-5.0221251">
        <ele>12.4</ele>
        <time>2026-09-14T13:16:16.000Z</time>
        <speed>0.000</speed>
      </trkpt>
      <trkpt lat="50.5311356" lon="-5.0221295">
        <ele>12.2</ele>
        <time>2026-09-14T13:16:21.000Z</time>
        <speed>0.000</speed>
      </trkpt>
      <trkpt lat="50.5311400" lon="-5.0221394">
        <ele>12.0</ele>
        <time>2026-09-14T13:16:26.000Z</time>
        <speed>0.308</speed>
      </trkpt>
      <trkpt lat="50.5311356" lon="-5.0221295">
        <ele>12.0</ele>
        <time>2026-09-14T13:16:31.000Z</time>
        <speed>0.252</speed>
      </trkpt>
      <trkpt lat="50.5311310" lon="-5.0221348">
        <ele>12.4</ele>
        <time>2026-09-14T13:16:36.000Z</time>
        <speed>0.000</speed>
      </trkpt>
      <trkpt lat="50.5311484" lon="-5.0221532">
        <ele>12.2</ele>
        <time>2026-09-14T13:16:41.000Z</time>
        <speed>0.000</speed>
      </trkpt>
      <trkpt lat="50.5311804" lon="-5.0221527">
        <ele>12.0</ele>
        <time>2026-09-14T13:16:46.000Z</time>
        <speed>0.000</speed>
      </trkpt>
      <trkpt lat="50.5311941" lon="-5.0221231">
        <ele>12.2</ele>
        <time>2026-09-14T13:16:51.000Z</time>
        <speed>0.000</speed>
      </trkpt>
      <trkpt lat="50.5312088" lon="-5.0220418">
        <ele>12.0</ele>
        <time>2026-09-14T13:16:56.000Z</time>
        <speed>0.840</speed>
      </trkpt>
      <trkpt lat="50.5311857" lon="-5.0219762">
        <ele>12.0</ele>
        <time>2026-09-14T13:17:01.000Z</time>
        <speed>1.166</speed>
      </trkpt>
      <trkpt lat="50.5311837" lon="-5.0219879">
        <ele>12.2</ele>
        <time>2026-09-14T13:17:06.000Z</time>
        <speed>0.961</speed>
      </trkpt>
      <trkpt lat="50.5312037" lon="-5.0220182">
        <ele>12.2</ele>
        <time>2026-09-14T13:17:11.000Z</time>
        <speed>0.886</speed>
      </trkpt>
      <trkpt lat="50.5312206" lon="-5.0220799">
        <ele>11.6</ele>
        <time>2026-09-14T13:17:16.000Z</time>
        <speed>0.952</speed>
      </trkpt>
      <trkpt lat="50.5312255" lon="-5.0220978">
        <ele>11.6</ele>
        <time>2026-09-14T13:17:21.000Z</time>
        <speed>0.000</speed>
      </trkpt>
      <trkpt lat="50.5312256" lon="-5.0220961">
        <ele>11.8</ele>
        <time>2026-09-14T13:17:26.000Z</time>
        <speed>0.000</speed>
      </trkpt>
      <trkpt lat="50.5312197" lon="-5.0221050">
        <ele>12.2</ele>
        <time>2026-09-14T13:17:31.000Z</time>
        <speed>0.000</speed>
      </trkpt>
      <trkpt lat="50.5311933" lon="-5.0220977">
        <ele>12.2</ele>
        <time>2026-09-14T13:17:36.000Z</time>
        <speed>0.000</speed>
      </trkpt>
      <trkpt lat="50.5311933" lon="-5.0220977">
        <ele>12.2</ele>
        <time>2026-09-14T13:17:41.000Z</time>
        <speed>0.000</speed>
      </trkpt>
      <trkpt lat="50.5311933" lon="-5.0220977">
        <ele>12.4</ele>
        <time>2026-09-14T13:17:46.000Z</time>
        <speed>0.000</speed>
      </trkpt>
      <trkpt lat="50.5311933" lon="-5.0220977">
        <ele>12.0</ele>
        <time>2026-09-14T13:17:51.000Z</time>
        <speed>0.000</speed>
      </trkpt>
      <trkpt lat="50.5311933" lon="-5.0220977">
        <ele>12.4</ele>
        <time>2026-09-14T13:17:56.000Z</time>
        <speed>0.000</speed>
      </trkpt>
      <trkpt lat="50.5311933" lon="-5.0220977">
        <ele>12.4</ele>
        <time>2026-09-14T13:18:01.000Z</time>
        <speed>0.000</speed>
      </trkpt>
      <trkpt lat="50.5311933" lon="-5.0220977">
        <ele>12.6</ele>
        <time>2026-09-14T13:18:06.000Z</time>
        <speed>0.000</speed>
      </trkpt>
      <trkpt lat="50.5311933" lon="-5.0220977">
        <ele>12.6</ele>
        <time>2026-09-14T13:18:11.000Z</time>
        <speed>0.000</speed>
      </trkpt>
      <trkpt lat="50.5311933" lon="-5.0220977">
        <ele>12.6</ele>
        <time>2026-09-14T13:18:16.000Z</time>
        <speed>0.000</speed>
      </trkpt>
      <trkpt lat="50.5311933" lon="-5.0220977">
        <ele>12.6</ele>
        <time>2026-09-14T13:18:21.000Z</time>
        <speed>0.000</speed>
      </trkpt>
      <trkpt lat="50.5311933" lon="-5.0220977">
        <ele>12.8</ele>
        <time>2026-09-14T13:18:26.000Z</time>
        <speed>0.000</speed>
      </trkpt>
      <trkpt lat="50.5311933" lon="-5.0220977">
        <ele>12.6</ele>
        <time>2026-09-14T13:18:31.000Z</time>
        <speed>0.000</speed>
      </trkpt>
      <trkpt lat="50.5312193" lon="-5.0221019">
        <ele>12.6</ele>
        <time>2026-09-14T13:18:36.000Z</time>
        <speed>0.000</speed>
      </trkpt>
      <trkpt lat="50.5312459" lon="-5.0221764">
        <ele>12.8</ele>
        <time>2026-09-14T13:18:41.000Z</time>
        <speed>0.896</speed>
      </trkpt>
      <trkpt lat="50.5312721" lon="-5.0222464">
        <ele>13.0</ele>
        <time>2026-09-14T13:18:46.000Z</time>
        <speed>1.185</speed>
      </trkpt>
      <trkpt lat="50.5312897" lon="-5.0223246">
        <ele>13.4</ele>
        <time>2026-09-14T13:18:51.000Z</time>
        <speed>1.269</speed>
      </trkpt>
      <trkpt lat="50.5312986" lon="-5.0224050">
        <ele>13.8</ele>
        <time>2026-09-14T13:18:56.000Z</time>
        <speed>1.213</speed>
      </trkpt>
      <trkpt lat="50.5312980" lon="-5.0224889">
        <ele>14.4</ele>
        <time>2026-09-14T13:19:01.000Z</time>
        <speed>1.232</speed>
      </trkpt>
      <trkpt lat="50.5313092" lon="-5.0225857">
        <ele>14.4</ele>
        <time>2026-09-14T13:19:06.000Z</time>
        <speed>1.334</speed>
      </trkpt>
      <trkpt lat="50.5313126" lon="-5.0226778">
        <ele>13.8</ele>
        <time>2026-09-14T13:19:11.000Z</time>
        <speed>1.381</speed>
      </trkpt>
      <trkpt lat="50.5313225" lon="-5.0227678">
        <ele>13.4</ele>
        <time>2026-09-14T13:19:16.000Z</time>
        <speed>1.400</speed>
      </trkpt>
      <trkpt lat="50.5313286" lon="-5.0228577">
        <ele>13.0</ele>
        <time>2026-09-14T13:19:21.000Z</time>
        <speed>1.437</speed>
      </trkpt>
      <trkpt lat="50.5313539" lon="-5.0229425">
        <ele>12.4</ele>
        <time>2026-09-14T13:19:26.000Z</time>
        <speed>1.400</speed>
      </trkpt>
      <trkpt lat="50.5313544" lon="-5.0230001">
        <ele>12.2</ele>
        <time>2026-09-14T13:19:31.000Z</time>
        <speed>1.325</speed>
      </trkpt>
      <trkpt lat="50.5313627" lon="-5.0230081">
        <ele>12.0</ele>
        <time>2026-09-14T13:19:36.000Z</time>
        <speed>0.000</speed>
      </trkpt>
      <trkpt lat="50.5314017" lon="-5.0230380">
        <ele>11.6</ele>
        <time>2026-09-14T13:19:41.000Z</time>
        <speed>0.905</speed>
      </trkpt>
      <trkpt lat="50.5314310" lon="-5.0230369">
        <ele>11.6</ele>
        <time>2026-09-14T13:19:46.000Z</time>
        <speed>0.000</speed>
      </trkpt>
      <trkpt lat="50.5314417" lon="-5.0230431">
        <ele>10.8</ele>
        <time>2026-09-14T13:19:51.000Z</time>
        <speed>0.000</speed>
      </trkpt>
      <trkpt lat="50.5314419" lon="-5.0230428">
        <ele>10.6</ele>
        <time>2026-09-14T13:19:56.000Z</time>
        <speed>0.000</speed>
      </trkpt>
      <trkpt lat="50.5314419" lon="-5.0230428">
        <ele>10.8</ele>
        <time>2026-09-14T13:20:01.000Z</time>
        <speed>0.000</speed>
      </trkpt>
      <trkpt lat="50.5314419" lon="-5.0230428">
        <ele>10.6</ele>
        <time>2026-09-14T13:20:06.000Z</time>
        <speed>0.000</speed>
      </trkpt>
      <trkpt lat="50.5314419" lon="-5.0230428">
        <ele>10.6</ele>
        <time>2026-09-14T13:20:11.000Z</time>
        <speed>0.000</speed>
      </trkpt>
      <trkpt lat="50.5314419" lon="-5.0230428">
        <ele>10.6</ele>
        <time>2026-09-14T13:20:16.000Z</time>
        <speed>0.000</speed>
      </trkpt>
      <trkpt lat="50.5314419" lon="-5.0230428">
        <ele>10.8</ele>
        <time>2026-09-14T13:20:21.000Z</time>
        <speed>0.000</speed>
      </trkpt>
      <trkpt lat="50.5314419" lon="-5.0230428">
        <ele>10.8</ele>
        <time>2026-09-14T13:20:26.000Z</time>
        <speed>0.000</speed>
      </trkpt>
      <trkpt lat="50.5314419" lon="-5.0230428">
        <ele>10.6</ele>
        <time>2026-09-14T13:20:31.000Z</time>
        <speed>0.000</speed>
      </trkpt>
      <trkpt lat="50.5314419" lon="-5.0230428">
        <ele>10.8</ele>
        <time>2026-09-14T13:20:36.000Z</time>
        <speed>0.000</speed>
      </trkpt>
      <trkpt lat="50.5314263" lon="-5.0230216">
        <ele>11.4</ele>
        <time>2026-09-14T13:20:41.000Z</time>
        <speed>0.000</speed>
      </trkpt>
      <trkpt lat="50.5313746" lon="-5.0230339">
        <ele>11.6</ele>
        <time>2026-09-14T13:20:46.000Z</time>
        <speed>0.000</speed>
      </trkpt>
      <trkpt lat="50.5313599" lon="-5.0230595">
        <ele>11.6</ele>
        <time>2026-09-14T13:20:51.000Z</time>
        <speed>0.000</speed>
      </trkpt>
      <trkpt lat="50.5313550" lon="-5.0230804">
        <ele>11.6</ele>
        <time>2026-09-14T13:20:56.000Z</time>
        <speed>0.000</speed>
      </trkpt>
      <trkpt lat="50.5313551" lon="-5.0230817">
        <ele>11.8</ele>
        <time>2026-09-14T13:21:01.000Z</time>
        <speed>0.000</speed>
      </trkpt>
      <trkpt lat="50.5313551" lon="-5.0230817">
        <ele>11.8</ele>
        <time>2026-09-14T13:21:06.000Z</time>
        <speed>0.000</speed>
      </trkpt>
      <trkpt lat="50.5313551" lon="-5.0230817">
        <ele>11.8</ele>
        <time>2026-09-14T13:21:11.000Z</time>
        <speed>0.000</speed>
      </trkpt>
      <trkpt lat="50.5313551" lon="-5.0230817">
        <ele>12.2</ele>
        <time>2026-09-14T13:21:16.000Z</time>
        <speed>0.000</speed>
      </trkpt>
      <trkpt lat="50.5313551" lon="-5.0230817">
        <ele>12.0</ele>
        <time>2026-09-14T13:21:21.000Z</time>
        <speed>0.000</speed>
      </trkpt>
      <trkpt lat="50.5313551" lon="-5.0230817">
        <ele>12.2</ele>
        <time>2026-09-14T13:21:26.000Z</time>
        <speed>0.000</speed>
      </trkpt>
      <trkpt lat="50.5313551" lon="-5.0230817">
        <ele>12.2</ele>
        <time>2026-09-14T13:21:31.000Z</time>
        <speed>0.000</speed>
      </trkpt>
      <trkpt lat="50.5313551" lon="-5.0230817">
        <ele>12.2</ele>
        <time>2026-09-14T13:21:36.000Z</time>
        <speed>0.000</speed>
      </trkpt>
      <trkpt lat="50.5313551" lon="-5.0230817">
        <ele>12.2</ele>
        <time>2026-09-14T13:21:41.000Z</time>
        <speed>0.000</speed>
      </trkpt>
      <trkpt lat="50.5313551" lon="-5.0230817">
        <ele>12.2</ele>
        <time>2026-09-14T13:21:46.000Z</time>
        <speed>0.000</speed>
      </trkpt>
      <trkpt lat="50.5313551" lon="-5.0230817">
        <ele>12.2</ele>
        <time>2026-09-14T13:21:51.000Z</time>
        <speed>0.000</speed>
      </trkpt>
      <trkpt lat="50.5313551" lon="-5.0230817">
        <ele>12.2</ele>
        <time>2026-09-14T13:21:56.000Z</time>
        <speed>0.000</speed>
      </trkpt>
      <trkpt lat="50.5313551" lon="-5.0230817">
        <ele>12.2</ele>
        <time>2026-09-14T13:22:01.000Z</time>
        <speed>0.000</speed>
      </trkpt>
      <trkpt lat="50.5313551" lon="-5.0230817">
        <ele>12.2</ele>
        <time>2026-09-14T13:22:06.000Z</time>
        <speed>0.000</speed>
      </trkpt>
      <trkpt lat="50.5313520" lon="-5.0230857">
        <ele>12.0</ele>
        <time>2026-09-14T13:22:11.000Z</time>
        <speed>0.000</speed>
      </trkpt>
      <trkpt lat="50.5313586" lon="-5.0231060">
        <ele>12.2</ele>
        <time>2026-09-14T13:22:16.000Z</time>
        <speed>0.000</speed>
      </trkpt>
      <trkpt lat="50.5313588" lon="-5.0231063">
        <ele>12.0</ele>
        <time>2026-09-14T13:22:21.000Z</time>
        <speed>0.000</speed>
      </trkpt>
      <trkpt lat="50.5313588" lon="-5.0231063">
        <ele>12.0</ele>
        <time>2026-09-14T13:22:26.000Z</time>
        <speed>0.000</speed>
      </trkpt>
      <trkpt lat="50.5313588" lon="-5.0231063">
        <ele>11.6</ele>
        <time>2026-09-14T13:22:31.000Z</time>
        <speed>0.000</speed>
      </trkpt>
      <trkpt lat="50.5313588" lon="-5.0231063">
        <ele>11.8</ele>
        <time>2026-09-14T13:22:36.000Z</time>
        <speed>0.000</speed>
      </trkpt>
      <trkpt lat="50.5313588" lon="-5.0231063">
        <ele>11.8</ele>
        <time>2026-09-14T13:22:41.000Z</time>
        <speed>0.000</speed>
      </trkpt>
      <trkpt lat="50.5313588" lon="-5.0231063">
        <ele>12.0</ele>
        <time>2026-09-14T13:22:46.000Z</time>
        <speed>0.000</speed>
      </trkpt>
      <trkpt lat="50.5313588" lon="-5.0231063">
        <ele>12.0</ele>
        <time>2026-09-14T13:22:51.000Z</time>
        <speed>0.000</speed>
      </trkpt>
      <trkpt lat="50.5313731" lon="-5.0231173">
        <ele>12.0</ele>
        <time>2026-09-14T13:22:56.000Z</time>
        <speed>0.000</speed>
      </trkpt>
      <trkpt lat="50.5313752" lon="-5.0231190">
        <ele>12.0</ele>
        <time>2026-09-14T13:23:01.000Z</time>
        <speed>0.000</speed>
      </trkpt>
      <trkpt lat="50.5313752" lon="-5.0231190">
        <ele>12.2</ele>
        <time>2026-09-14T13:23:06.000Z</time>
        <speed>0.000</speed>
      </trkpt>
      <trkpt lat="50.5313752" lon="-5.0231190">
        <ele>12.0</ele>
        <time>2026-09-14T13:23:11.000Z</time>
        <speed>0.000</speed>
      </trkpt>
      <trkpt lat="50.5313752" lon="-5.0231190">
        <ele>12.0</ele>
        <time>2026-09-14T13:23:16.000Z</time>
        <speed>0.000</speed>
      </trkpt>
      <trkpt lat="50.5313746" lon="-5.0231040">
        <ele>11.8</ele>
        <time>2026-09-14T13:23:21.000Z</time>
        <speed>0.000</speed>
      </trkpt>
      <trkpt lat="50.5313616" lon="-5.0231257">
        <ele>11.8</ele>
        <time>2026-09-14T13:23:26.000Z</time>
        <speed>0.000</speed>
      </trkpt>
      <trkpt lat="50.5313591" lon="-5.0232126">
        <ele>12.4</ele>
        <time>2026-09-14T13:23:31.000Z</time>
        <speed>1.278</speed>
      </trkpt>
      <trkpt lat="50.5313627" lon="-5.0232850">
        <ele>12.2</ele>
        <time>2026-09-14T13:23:36.000Z</time>
        <speed>1.316</speed>
      </trkpt>
      <trkpt lat="50.5313762" lon="-5.0233257">
        <ele>12.6</ele>
        <time>2026-09-14T13:23:41.000Z</time>
        <speed>1.092</speed>
      </trkpt>
      <trkpt lat="50.5313770" lon="-5.0233249">
        <ele>12.2</ele>
        <time>2026-09-14T13:23:46.000Z</time>
        <speed>0.000</speed>
      </trkpt>
      <trkpt lat="50.5313770" lon="-5.0233249">
        <ele>12.2</ele>
        <time>2026-09-14T13:23:51.000Z</time>
        <speed>0.000</speed>
      </trkpt>
      <trkpt lat="50.5313770" lon="-5.0233249">
        <ele>12.6</ele>
        <time>2026-09-14T13:23:56.000Z</time>
        <speed>0.000</speed>
      </trkpt>
      <trkpt lat="50.5313770" lon="-5.0233249">
        <ele>12.6</ele>
        <time>2026-09-14T13:24:01.000Z</time>
        <speed>0.000</speed>
      </trkpt>
      <trkpt lat="50.5313664" lon="-5.0233123">
        <ele>12.8</ele>
        <time>2026-09-14T13:24:06.000Z</time>
        <speed>0.000</speed>
      </trkpt>
      <trkpt lat="50.5313541" lon="-5.0234016">
        <ele>12.6</ele>
        <time>2026-09-14T13:24:11.000Z</time>
        <speed>0.541</speed>
      </trkpt>
      <trkpt lat="50.5313616" lon="-5.0234209">
        <ele>12.4</ele>
        <time>2026-09-14T13:24:16.000Z</time>
        <speed>0.000</speed>
      </trkpt>
      <trkpt lat="50.5313593" lon="-5.0234198">
        <ele>12.4</ele>
        <time>2026-09-14T13:24:21.000Z</time>
        <speed>0.000</speed>
      </trkpt>
      <trkpt lat="50.5313593" lon="-5.0234198">
        <ele>12.6</ele>
        <time>2026-09-14T13:24:26.000Z</time>
        <speed>0.000</speed>
      </trkpt>
      <trkpt lat="50.5313593" lon="-5.0234198">
        <ele>12.6</ele>
        <time>2026-09-14T13:24:31.000Z</time>
        <speed>0.000</speed>
      </trkpt>
      <trkpt lat="50.5313593" lon="-5.0234198">
        <ele>12.4</ele>
        <time>2026-09-14T13:24:36.000Z</time>
        <speed>0.000</speed>
      </trkpt>
      <trkpt lat="50.5313580" lon="-5.0234529">
        <ele>12.4</ele>
        <time>2026-09-14T13:24:41.000Z</time>
        <speed>0.000</speed>
      </trkpt>
      <trkpt lat="50.5313615" lon="-5.0234605">
        <ele>12.8</ele>
        <time>2026-09-14T13:24:46.000Z</time>
        <speed>0.000</speed>
      </trkpt>
      <trkpt lat="50.5313615" lon="-5.0234605">
        <ele>12.6</ele>
        <time>2026-09-14T13:24:51.000Z</time>
        <speed>0.000</speed>
      </trkpt>
      <trkpt lat="50.5313615" lon="-5.0234605">
        <ele>12.4</ele>
        <time>2026-09-14T13:24:56.000Z</time>
        <speed>0.000</speed>
      </trkpt>
      <trkpt lat="50.5313615" lon="-5.0234605">
        <ele>12.6</ele>
        <time>2026-09-14T13:25:01.000Z</time>
        <speed>0.000</speed>
      </trkpt>
      <trkpt lat="50.5313615" lon="-5.0234605">
        <ele>12.6</ele>
        <time>2026-09-14T13:25:06.000Z</time>
        <speed>0.000</speed>
      </trkpt>
      <trkpt lat="50.5313615" lon="-5.0234605">
        <ele>12.4</ele>
        <time>2026-09-14T13:25:11.000Z</time>
        <speed>0.000</speed>
      </trkpt>
      <trkpt lat="50.5313615" lon="-5.0234605">
        <ele>12.4</ele>
        <time>2026-09-14T13:25:16.000Z</time>
        <speed>0.000</speed>
      </trkpt>
      <trkpt lat="50.5313615" lon="-5.0234605">
        <ele>12.4</ele>
        <time>2026-09-14T13:25:21.000Z</time>
        <speed>0.000</speed>
      </trkpt>
      <trkpt lat="50.5313615" lon="-5.0234605">
        <ele>12.2</ele>
        <time>2026-09-14T13:25:26.000Z</time>
        <speed>0.000</speed>
      </trkpt>
      <trkpt lat="50.5313615" lon="-5.0234605">
        <ele>12.2</ele>
        <time>2026-09-14T13:25:31.000Z</time>
        <speed>0.000</speed>
      </trkpt>
      <trkpt lat="50.5313621" lon="-5.0234503">
        <ele>12.2</ele>
        <time>2026-09-14T13:25:36.000Z</time>
        <speed>0.000</speed>
      </trkpt>
      <trkpt lat="50.5313580" lon="-5.0233768">
        <ele>12.0</ele>
        <time>2026-09-14T13:25:41.000Z</time>
        <speed>0.401</speed>
      </trkpt>
      <trkpt lat="50.5313594" lon="-5.0232735">
        <ele>12.0</ele>
        <time>2026-09-14T13:25:46.000Z</time>
        <speed>1.540</speed>
      </trkpt>
      <trkpt lat="50.5313588" lon="-5.0231985">
        <ele>12.0</ele>
        <time>2026-09-14T13:25:51.000Z</time>
        <speed>1.325</speed>
      </trkpt>
      <trkpt lat="50.5313619" lon="-5.0231172">
        <ele>12.0</ele>
        <time>2026-09-14T13:25:56.000Z</time>
        <speed>1.288</speed>
      </trkpt>
      <trkpt lat="50.5313747" lon="-5.0230364">
        <ele>11.8</ele>
        <time>2026-09-14T13:26:01.000Z</time>
        <speed>1.306</speed>
      </trkpt>
      <trkpt lat="50.5314185" lon="-5.0230206">
        <ele>11.6</ele>
        <time>2026-09-14T13:26:06.000Z</time>
        <speed>1.232</speed>
      </trkpt>
      <trkpt lat="50.5314604" lon="-5.0229967">
        <ele>10.8</ele>
        <time>2026-09-14T13:26:11.000Z</time>
        <speed>1.204</speed>
      </trkpt>
      <trkpt lat="50.5314962" lon="-5.0229797">
        <ele>10.6</ele>
        <time>2026-09-14T13:26:16.000Z</time>
        <speed>1.008</speed>
      </trkpt>
      <trkpt lat="50.5315422" lon="-5.0229899">
        <ele>9.8</ele>
        <time>2026-09-14T13:26:21.000Z</time>
        <speed>1.036</speed>
      </trkpt>
      <trkpt lat="50.5315817" lon="-5.0230014">
        <ele>9.2</ele>
        <time>2026-09-14T13:26:26.000Z</time>
        <speed>0.998</speed>
      </trkpt>
      <trkpt lat="50.5316220" lon="-5.0230110">
        <ele>8.6</ele>
        <time>2026-09-14T13:26:31.000Z</time>
        <speed>1.008</speed>
      </trkpt>
      <trkpt lat="50.5316715" lon="-5.0230222">
        <ele>7.6</ele>
        <time>2026-09-14T13:26:36.000Z</time>
        <speed>1.092</speed>
      </trkpt>
      <trkpt lat="50.5317180" lon="-5.0230246">
        <ele>7.6</ele>
        <time>2026-09-14T13:26:41.000Z</time>
        <speed>1.129</speed>
      </trkpt>
      <trkpt lat="50.5317716" lon="-5.0230429">
        <ele>7.2</ele>
        <time>2026-09-14T13:26:46.000Z</time>
        <speed>1.148</speed>
      </trkpt>
      <trkpt lat="50.5318258" lon="-5.0230372">
        <ele>7.4</ele>
        <time>2026-09-14T13:26:51.000Z</time>
        <speed>1.157</speed>
      </trkpt>
      <trkpt lat="50.5318689" lon="-5.0230119">
        <ele>7.2</ele>
        <time>2026-09-14T13:26:56.000Z</time>
        <speed>1.176</speed>
      </trkpt>
      <trkpt lat="50.5319129" lon="-5.0230122">
        <ele>7.0</ele>
        <time>2026-09-14T13:27:01.000Z</time>
        <speed>1.073</speed>
      </trkpt>
      <trkpt lat="50.5319438" lon="-5.0230235">
        <ele>6.8</ele>
        <time>2026-09-14T13:27:06.000Z</time>
        <speed>0.980</speed>
      </trkpt>
      <trkpt lat="50.5319828" lon="-5.0230348">
        <ele>6.6</ele>
        <time>2026-09-14T13:27:11.000Z</time>
        <speed>0.933</speed>
      </trkpt>
      <trkpt lat="50.5320103" lon="-5.0230476">
        <ele>6.4</ele>
        <time>2026-09-14T13:27:16.000Z</time>
        <speed>0.896</speed>
      </trkpt>
      <trkpt lat="50.5320446" lon="-5.0230828">
        <ele>5.8</ele>
        <time>2026-09-14T13:27:21.000Z</time>
        <speed>0.886</speed>
      </trkpt>
      <trkpt lat="50.5320873" lon="-5.0231157">
        <ele>5.0</ele>
        <time>2026-09-14T13:27:26.000Z</time>
        <speed>0.970</speed>
      </trkpt>
      <trkpt lat="50.5321448" lon="-5.0231302">
        <ele>5.0</ele>
        <time>2026-09-14T13:27:31.000Z</time>
        <speed>1.148</speed>
      </trkpt>
      <trkpt lat="50.5321920" lon="-5.0231389">
        <ele>4.6</ele>
        <time>2026-09-14T13:27:36.000Z</time>
        <speed>1.157</speed>
      </trkpt>
      <trkpt lat="50.5322383" lon="-5.0231578">
        <ele>4.6</ele>
        <time>2026-09-14T13:27:41.000Z</time>
        <speed>1.082</speed>
      </trkpt>
      <trkpt lat="50.5322964" lon="-5.0231821">
        <ele>4.4</ele>
        <time>2026-09-14T13:27:46.000Z</time>
        <speed>1.120</speed>
      </trkpt>
      <trkpt lat="50.5323511" lon="-5.0231882">
        <ele>4.4</ele>
        <time>2026-09-14T13:27:51.000Z</time>
        <speed>1.166</speed>
      </trkpt>
      <trkpt lat="50.5324079" lon="-5.0231953">
        <ele>4.4</ele>
        <time>2026-09-14T13:27:56.000Z</time>
        <speed>1.176</speed>
      </trkpt>
      <trkpt lat="50.5324602" lon="-5.0232024">
        <ele>4.0</ele>
        <time>2026-09-14T13:28:01.000Z</time>
        <speed>1.176</speed>
      </trkpt>
      <trkpt lat="50.5325130" lon="-5.0232068">
        <ele>3.8</ele>
        <time>2026-09-14T13:28:06.000Z</time>
        <speed>1.204</speed>
      </trkpt>
      <trkpt lat="50.5325632" lon="-5.0232016">
        <ele>4.0</ele>
        <time>2026-09-14T13:28:11.000Z</time>
        <speed>1.194</speed>
      </trkpt>
      <trkpt lat="50.5326070" lon="-5.0231982">
        <ele>4.0</ele>
        <time>2026-09-14T13:28:16.000Z</time>
        <speed>1.176</speed>
      </trkpt>
      <trkpt lat="50.5326711" lon="-5.0231882">
        <ele>4.2</ele>
        <time>2026-09-14T13:28:21.000Z</time>
        <speed>1.185</speed>
      </trkpt>
      <trkpt lat="50.5327267" lon="-5.0231846">
        <ele>4.2</ele>
        <time>2026-09-14T13:28:26.000Z</time>
        <speed>1.194</speed>
      </trkpt>
      <trkpt lat="50.5327743" lon="-5.0231896">
        <ele>4.0</ele>
        <time>2026-09-14T13:28:31.000Z</time>
        <speed>1.185</speed>
      </trkpt>
      <trkpt lat="50.5328241" lon="-5.0231905">
        <ele>4.0</ele>
        <time>2026-09-14T13:28:36.000Z</time>
        <speed>1.176</speed>
      </trkpt>
      <trkpt lat="50.5328777" lon="-5.0231793">
        <ele>3.8</ele>
        <time>2026-09-14T13:28:41.000Z</time>
        <speed>1.176</speed>
      </trkpt>
      <trkpt lat="50.5329325" lon="-5.0231674">
        <ele>3.6</ele>
        <time>2026-09-14T13:28:46.000Z</time>
        <speed>1.176</speed>
      </trkpt>
      <trkpt lat="50.5329840" lon="-5.0231607">
        <ele>3.6</ele>
        <time>2026-09-14T13:28:51.000Z</time>
        <speed>1.185</speed>
      </trkpt>
      <trkpt lat="50.5330322" lon="-5.0231540">
        <ele>3.8</ele>
        <time>2026-09-14T13:28:56.000Z</time>
        <speed>1.185</speed>
      </trkpt>
      <trkpt lat="50.5330910" lon="-5.0231514">
        <ele>4.0</ele>
        <time>2026-09-14T13:29:01.000Z</time>
        <speed>1.194</speed>
      </trkpt>
      <trkpt lat="50.5331503" lon="-5.0231476">
        <ele>4.0</ele>
        <time>2026-09-14T13:29:06.000Z</time>
        <speed>1.204</speed>
      </trkpt>
      <trkpt lat="50.5331989" lon="-5.0231544">
        <ele>3.8</ele>
        <time>2026-09-14T13:29:11.000Z</time>
        <speed>1.185</speed>
      </trkpt>
      <trkpt lat="50.5332540" lon="-5.0231565">
        <ele>3.6</ele>
        <time>2026-09-14T13:29:16.000Z</time>
        <speed>1.194</speed>
      </trkpt>
      <trkpt lat="50.5333058" lon="-5.0231677">
        <ele>3.8</ele>
        <time>2026-09-14T13:29:21.000Z</time>
        <speed>1.166</speed>
      </trkpt>
      <trkpt lat="50.5333615" lon="-5.0231640">
        <ele>3.4</ele>
        <time>2026-09-14T13:29:26.000Z</time>
        <speed>1.185</speed>
      </trkpt>
      <trkpt lat="50.5334159" lon="-5.0231760">
        <ele>3.4</ele>
        <time>2026-09-14T13:29:31.000Z</time>
        <speed>1.204</speed>
      </trkpt>
      <trkpt lat="50.5334714" lon="-5.0231509">
        <ele>3.6</ele>
        <time>2026-09-14T13:29:36.000Z</time>
        <speed>1.204</speed>
      </trkpt>
      <trkpt lat="50.5335207" lon="-5.0231022">
        <ele>3.4</ele>
        <time>2026-09-14T13:29:41.000Z</time>
        <speed>1.213</speed>
      </trkpt>
      <trkpt lat="50.5335756" lon="-5.0231024">
        <ele>3.2</ele>
        <time>2026-09-14T13:29:46.000Z</time>
        <speed>1.222</speed>
      </trkpt>
      <trkpt lat="50.5336052" lon="-5.0231070">
        <ele>3.4</ele>
        <time>2026-09-14T13:29:51.000Z</time>
        <speed>1.185</speed>
      </trkpt>
      <trkpt lat="50.5336052" lon="-5.0231068">
        <ele>3.0</ele>
        <time>2026-09-14T13:29:56.000Z</time>
        <speed>0.000</speed>
      </trkpt>
      <trkpt lat="50.5336052" lon="-5.0231068">
        <ele>3.2</ele>
        <time>2026-09-14T13:30:01.000Z</time>
        <speed>0.000</speed>
      </trkpt>
      <trkpt lat="50.5336052" lon="-5.0231068">
        <ele>3.0</ele>
        <time>2026-09-14T13:30:06.000Z</time>
        <speed>0.000</speed>
      </trkpt>
      <trkpt lat="50.5336052" lon="-5.0231068">
        <ele>3.2</ele>
        <time>2026-09-14T13:30:11.000Z</time>
        <speed>0.000</speed>
      </trkpt>
      <trkpt lat="50.5336052" lon="-5.0231068">
        <ele>3.8</ele>
        <time>2026-09-14T13:30:16.000Z</time>
        <speed>0.000</speed>
      </trkpt>
      <trkpt lat="50.5336052" lon="-5.0231068">
        <ele>4.0</ele>
        <time>2026-09-14T13:30:21.000Z</time>
        <speed>0.000</speed>
      </trkpt>
      <trkpt lat="50.5336265" lon="-5.0231300">
        <ele>3.4</ele>
        <time>2026-09-14T13:30:26.000Z</time>
        <speed>0.000</speed>
      </trkpt>
      <trkpt lat="50.5336668" lon="-5.0231291">
        <ele>3.6</ele>
        <time>2026-09-14T13:30:31.000Z</time>
        <speed>0.000</speed>
      </trkpt>
      <trkpt lat="50.5337168" lon="-5.0231421">
        <ele>3.6</ele>
        <time>2026-09-14T13:30:36.000Z</time>
        <speed>0.961</speed>
      </trkpt>
      <trkpt lat="50.5337644" lon="-5.0231381">
        <ele>3.6</ele>
        <time>2026-09-14T13:30:41.000Z</time>
        <speed>1.110</speed>
      </trkpt>
      <trkpt lat="50.5338071" lon="-5.0231415">
        <ele>3.6</ele>
        <time>2026-09-14T13:30:46.000Z</time>
        <speed>1.101</speed>
      </trkpt>
      <trkpt lat="50.5338542" lon="-5.0231467">
        <ele>4.0</ele>
        <time>2026-09-14T13:30:51.000Z</time>
        <speed>1.101</speed>
      </trkpt>
      <trkpt lat="50.5339075" lon="-5.0231493">
        <ele>4.0</ele>
        <time>2026-09-14T13:30:56.000Z</time>
        <speed>1.148</speed>
      </trkpt>
      <trkpt lat="50.5339558" lon="-5.0231556">
        <ele>4.4</ele>
        <time>2026-09-14T13:31:01.000Z</time>
        <speed>1.073</speed>
      </trkpt>
      <trkpt lat="50.5340038" lon="-5.0231559">
        <ele>4.0</ele>
        <time>2026-09-14T13:31:06.000Z</time>
        <speed>1.138</speed>
      </trkpt>
      <trkpt lat="50.5340558" lon="-5.0231569">
        <ele>4.2</ele>
        <time>2026-09-14T13:31:11.000Z</time>
        <speed>1.073</speed>
      </trkpt>
      <trkpt lat="50.5341047" lon="-5.0231637">
        <ele>4.2</ele>
        <time>2026-09-14T13:31:16.000Z</time>
        <speed>1.120</speed>
      </trkpt>
      <trkpt lat="50.5341582" lon="-5.0231601">
        <ele>4.4</ele>
        <time>2026-09-14T13:31:21.000Z</time>
        <speed>1.157</speed>
      </trkpt>
      <trkpt lat="50.5342101" lon="-5.0231644">
        <ele>4.4</ele>
        <time>2026-09-14T13:31:26.000Z</time>
        <speed>1.176</speed>
      </trkpt>
      <trkpt lat="50.5342563" lon="-5.0231713">
        <ele>3.8</ele>
        <time>2026-09-14T13:31:31.000Z</time>
        <speed>1.129</speed>
      </trkpt>
      <trkpt lat="50.5343094" lon="-5.0231804">
        <ele>4.2</ele>
        <time>2026-09-14T13:31:36.000Z</time>
        <speed>1.176</speed>
      </trkpt>
      <trkpt lat="50.5343631" lon="-5.0231794">
        <ele>4.4</ele>
        <time>2026-09-14T13:31:41.000Z</time>
        <speed>1.176</speed>
      </trkpt>
      <trkpt lat="50.5344091" lon="-5.0231839">
        <ele>4.4</ele>
        <time>2026-09-14T13:31:46.000Z</time>
        <speed>1.138</speed>
      </trkpt>
      <trkpt lat="50.5344618" lon="-5.0232019">
        <ele>4.4</ele>
        <time>2026-09-14T13:31:51.000Z</time>
        <speed>1.138</speed>
      </trkpt>
      <trkpt lat="50.5345225" lon="-5.0232048">
        <ele>4.2</ele>
        <time>2026-09-14T13:31:56.000Z</time>
        <speed>1.166</speed>
      </trkpt>
      <trkpt lat="50.5345744" lon="-5.0232169">
        <ele>4.0</ele>
        <time>2026-09-14T13:32:01.000Z</time>
        <speed>1.185</speed>
      </trkpt>
      <trkpt lat="50.5346241" lon="-5.0232151">
        <ele>4.4</ele>
        <time>2026-09-14T13:32:06.000Z</time>
        <speed>1.148</speed>
      </trkpt>
      <trkpt lat="50.5346813" lon="-5.0232208">
        <ele>4.0</ele>
        <time>2026-09-14T13:32:11.000Z</time>
        <speed>1.194</speed>
      </trkpt>
      <trkpt lat="50.5347375" lon="-5.0232198">
        <ele>3.8</ele>
        <time>2026-09-14T13:32:16.000Z</time>
        <speed>1.194</speed>
      </trkpt>
      <trkpt lat="50.5347892" lon="-5.0232240">
        <ele>4.4</ele>
        <time>2026-09-14T13:32:21.000Z</time>
        <speed>1.222</speed>
      </trkpt>
      <trkpt lat="50.5348534" lon="-5.0232182">
        <ele>4.0</ele>
        <time>2026-09-14T13:32:26.000Z</time>
        <speed>1.232</speed>
      </trkpt>
      <trkpt lat="50.5349053" lon="-5.0232242">
        <ele>3.8</ele>
        <time>2026-09-14T13:32:31.000Z</time>
        <speed>1.260</speed>
      </trkpt>
      <trkpt lat="50.5349620" lon="-5.0232201">
        <ele>4.2</ele>
        <time>2026-09-14T13:32:36.000Z</time>
        <speed>1.213</speed>
      </trkpt>
      <trkpt lat="50.5350255" lon="-5.0232214">
        <ele>4.0</ele>
        <time>2026-09-14T13:32:41.000Z</time>
        <speed>1.260</speed>
      </trkpt>
      <trkpt lat="50.5350855" lon="-5.0232349">
        <ele>4.0</ele>
        <time>2026-09-14T13:32:46.000Z</time>
        <speed>1.269</speed>
      </trkpt>
      <trkpt lat="50.5351400" lon="-5.0232550">
        <ele>3.4</ele>
        <time>2026-09-14T13:32:51.000Z</time>
        <speed>1.297</speed>
      </trkpt>
      <trkpt lat="50.5351945" lon="-5.0232788">
        <ele>3.4</ele>
        <time>2026-09-14T13:32:56.000Z</time>
        <speed>1.260</speed>
      </trkpt>
      <trkpt lat="50.5352488" lon="-5.0232869">
        <ele>3.6</ele>
        <time>2026-09-14T13:33:01.000Z</time>
        <speed>1.325</speed>
      </trkpt>
      <trkpt lat="50.5352993" lon="-5.0233098">
        <ele>3.4</ele>
        <time>2026-09-14T13:33:06.000Z</time>
        <speed>1.278</speed>
      </trkpt>
      <trkpt lat="50.5353477" lon="-5.0233427">
        <ele>3.6</ele>
        <time>2026-09-14T13:33:11.000Z</time>
        <speed>1.278</speed>
      </trkpt>
      <trkpt lat="50.5354132" lon="-5.0233686">
        <ele>3.6</ele>
        <time>2026-09-14T13:33:16.000Z</time>
        <speed>1.306</speed>
      </trkpt>
      <trkpt lat="50.5354586" lon="-5.0233807">
        <ele>3.6</ele>
        <time>2026-09-14T13:33:21.000Z</time>
        <speed>1.269</speed>
      </trkpt>
      <trkpt lat="50.5355099" lon="-5.0234010">
        <ele>3.8</ele>
        <time>2026-09-14T13:33:26.000Z</time>
        <speed>1.269</speed>
      </trkpt>
      <trkpt lat="50.5355767" lon="-5.0234130">
        <ele>3.8</ele>
        <time>2026-09-14T13:33:31.000Z</time>
        <speed>1.278</speed>
      </trkpt>
      <trkpt lat="50.5356253" lon="-5.0234441">
        <ele>4.2</ele>
        <time>2026-09-14T13:33:36.000Z</time>
        <speed>1.269</speed>
      </trkpt>
      <trkpt lat="50.5356869" lon="-5.0234753">
        <ele>3.8</ele>
        <time>2026-09-14T13:33:41.000Z</time>
        <speed>1.288</speed>
      </trkpt>
      <trkpt lat="50.5357328" lon="-5.0235031">
        <ele>4.0</ele>
        <time>2026-09-14T13:33:46.000Z</time>
        <speed>1.260</speed>
      </trkpt>
      <trkpt lat="50.5357807" lon="-5.0235381">
        <ele>4.0</ele>
        <time>2026-09-14T13:33:51.000Z</time>
        <speed>1.250</speed>
      </trkpt>
      <trkpt lat="50.5358382" lon="-5.0235698">
        <ele>4.0</ele>
        <time>2026-09-14T13:33:56.000Z</time>
        <speed>1.250</speed>
      </trkpt>
      <trkpt lat="50.5358901" lon="-5.0235932">
        <ele>4.4</ele>
        <time>2026-09-14T13:34:01.000Z</time>
        <speed>1.232</speed>
      </trkpt>
      <trkpt lat="50.5359388" lon="-5.0236109">
        <ele>4.2</ele>
        <time>2026-09-14T13:34:06.000Z</time>
        <speed>1.241</speed>
      </trkpt>
      <trkpt lat="50.5359947" lon="-5.0236383">
        <ele>4.2</ele>
        <time>2026-09-14T13:34:11.000Z</time>
        <speed>1.260</speed>
      </trkpt>
      <trkpt lat="50.5360460" lon="-5.0236759">
        <ele>4.2</ele>
        <time>2026-09-14T13:34:16.000Z</time>
        <speed>1.232</speed>
      </trkpt>
      <trkpt lat="50.5360907" lon="-5.0237043">
        <ele>4.4</ele>
        <time>2026-09-14T13:34:21.000Z</time>
        <speed>1.222</speed>
      </trkpt>
      <trkpt lat="50.5361379" lon="-5.0237409">
        <ele>4.2</ele>
        <time>2026-09-14T13:34:26.000Z</time>
        <speed>1.222</speed>
      </trkpt>
      <trkpt lat="50.5361926" lon="-5.0237806">
        <ele>4.0</ele>
        <time>2026-09-14T13:34:31.000Z</time>
        <speed>1.241</speed>
      </trkpt>
      <trkpt lat="50.5362325" lon="-5.0238237">
        <ele>4.2</ele>
        <time>2026-09-14T13:34:36.000Z</time>
        <speed>1.222</speed>
      </trkpt>
      <trkpt lat="50.5362765" lon="-5.0238823">
        <ele>4.4</ele>
        <time>2026-09-14T13:34:41.000Z</time>
        <speed>1.232</speed>
      </trkpt>
      <trkpt lat="50.5363192" lon="-5.0239124">
        <ele>4.6</ele>
        <time>2026-09-14T13:34:46.000Z</time>
        <speed>1.166</speed>
      </trkpt>
      <trkpt lat="50.5363708" lon="-5.0239367">
        <ele>5.2</ele>
        <time>2026-09-14T13:34:51.000Z</time>
        <speed>1.157</speed>
      </trkpt>
      <trkpt lat="50.5364159" lon="-5.0239640">
        <ele>5.0</ele>
        <time>2026-09-14T13:34:56.000Z</time>
        <speed>1.110</speed>
      </trkpt>
      <trkpt lat="50.5364579" lon="-5.0239711">
        <ele>5.2</ele>
        <time>2026-09-14T13:35:01.000Z</time>
        <speed>1.026</speed>
      </trkpt>
      <trkpt lat="50.5365102" lon="-5.0239735">
        <ele>5.8</ele>
        <time>2026-09-14T13:35:06.000Z</time>
        <speed>1.101</speed>
      </trkpt>
      <trkpt lat="50.5365564" lon="-5.0239798">
        <ele>6.0</ele>
        <time>2026-09-14T13:35:11.000Z</time>
        <speed>1.054</speed>
      </trkpt>
      <trkpt lat="50.5365781" lon="-5.0239731">
        <ele>6.4</ele>
        <time>2026-09-14T13:35:16.000Z</time>
        <speed>0.774</speed>
      </trkpt>
      <trkpt lat="50.5366255" lon="-5.0239747">
        <ele>6.4</ele>
        <time>2026-09-14T13:35:21.000Z</time>
        <speed>0.392</speed>
      </trkpt>
      <trkpt lat="50.5366723" lon="-5.0239978">
        <ele>6.4</ele>
        <time>2026-09-14T13:35:26.000Z</time>
        <speed>1.194</speed>
      </trkpt>
      <trkpt lat="50.5367122" lon="-5.0239927">
        <ele>6.8</ele>
        <time>2026-09-14T13:35:31.000Z</time>
        <speed>0.868</speed>
      </trkpt>
      <trkpt lat="50.5367518" lon="-5.0240092">
        <ele>7.0</ele>
        <time>2026-09-14T13:35:36.000Z</time>
        <speed>0.970</speed>
      </trkpt>
      <trkpt lat="50.5367566" lon="-5.0240030">
        <ele>6.2</ele>
        <time>2026-09-14T13:35:41.000Z</time>
        <speed>0.765</speed>
      </trkpt>
      <trkpt lat="50.5367566" lon="-5.0240030">
        <ele>7.0</ele>
        <time>2026-09-14T13:35:46.000Z</time>
        <speed>0.000</speed>
      </trkpt>
      <trkpt lat="50.5367730" lon="-5.0240114">
        <ele>6.8</ele>
        <time>2026-09-14T13:35:51.000Z</time>
        <speed>0.000</speed>
      </trkpt>
      <trkpt lat="50.5367730" lon="-5.0240114">
        <ele>6.8</ele>
        <time>2026-09-14T13:35:56.000Z</time>
        <speed>0.000</speed>
      </trkpt>
      <trkpt lat="50.5367947" lon="-5.0240494">
        <ele>5.8</ele>
        <time>2026-09-14T13:36:01.000Z</time>
        <speed>0.457</speed>
      </trkpt>
      <trkpt lat="50.5368249" lon="-5.0241118">
        <ele>6.0</ele>
        <time>2026-09-14T13:36:06.000Z</time>
        <speed>0.942</speed>
      </trkpt>
      <trkpt lat="50.5368412" lon="-5.0241573">
        <ele>5.6</ele>
        <time>2026-09-14T13:36:11.000Z</time>
        <speed>0.858</speed>
      </trkpt>
      <trkpt lat="50.5368660" lon="-5.0242164">
        <ele>5.8</ele>
        <time>2026-09-14T13:36:16.000Z</time>
        <speed>0.961</speed>
      </trkpt>
      <trkpt lat="50.5368984" lon="-5.0242733">
        <ele>5.6</ele>
        <time>2026-09-14T13:36:21.000Z</time>
        <speed>0.980</speed>
      </trkpt>
      <trkpt lat="50.5369161" lon="-5.0243320">
        <ele>5.4</ele>
        <time>2026-09-14T13:36:26.000Z</time>
        <speed>0.989</speed>
      </trkpt>
      <trkpt lat="50.5369364" lon="-5.0244039">
        <ele>5.4</ele>
        <time>2026-09-14T13:36:31.000Z</time>
        <speed>0.998</speed>
      </trkpt>
      <trkpt lat="50.5369525" lon="-5.0244606">
        <ele>5.4</ele>
        <time>2026-09-14T13:36:36.000Z</time>
        <speed>0.989</speed>
      </trkpt>
      <trkpt lat="50.5369576" lon="-5.0244852">
        <ele>5.4</ele>
        <time>2026-09-14T13:36:41.000Z</time>
        <speed>0.877</speed>
      </trkpt>
      <trkpt lat="50.5369574" lon="-5.0244839">
        <ele>6.2</ele>
        <time>2026-09-14T13:36:46.000Z</time>
        <speed>0.000</speed>
      </trkpt>
      <trkpt lat="50.5369822" lon="-5.0245117">
        <ele>6.2</ele>
        <time>2026-09-14T13:36:51.000Z</time>
        <speed>0.000</speed>
      </trkpt>
      <trkpt lat="50.5370014" lon="-5.0245205">
        <ele>5.8</ele>
        <time>2026-09-14T13:36:56.000Z</time>
        <speed>0.000</speed>
      </trkpt>
      <trkpt lat="50.5370014" lon="-5.0245205">
        <ele>5.8</ele>
        <time>2026-09-14T13:37:01.000Z</time>
        <speed>0.000</speed>
      </trkpt>
      <trkpt lat="50.5370347" lon="-5.0245101">
        <ele>5.8</ele>
        <time>2026-09-14T13:37:06.000Z</time>
        <speed>0.000</speed>
      </trkpt>
      <trkpt lat="50.5370697" lon="-5.0245203">
        <ele>5.8</ele>
        <time>2026-09-14T13:37:11.000Z</time>
        <speed>0.952</speed>
      </trkpt>
      <trkpt lat="50.5370869" lon="-5.0245495">
        <ele>6.0</ele>
        <time>2026-09-14T13:37:16.000Z</time>
        <speed>0.000</speed>
      </trkpt>
      <trkpt lat="50.5370990" lon="-5.0245579">
        <ele>5.8</ele>
        <time>2026-09-14T13:37:21.000Z</time>
        <speed>0.000</speed>
      </trkpt>
      <trkpt lat="50.5370990" lon="-5.0245579">
        <ele>5.8</ele>
        <time>2026-09-14T13:37:26.000Z</time>
        <speed>0.000</speed>
      </trkpt>
      <trkpt lat="50.5370990" lon="-5.0245579">
        <ele>5.6</ele>
        <time>2026-09-14T13:37:31.000Z</time>
        <speed>0.000</speed>
      </trkpt>
      <trkpt lat="50.5370990" lon="-5.0245579">
        <ele>5.8</ele>
        <time>2026-09-14T13:37:36.000Z</time>
        <speed>0.000</speed>
      </trkpt>
      <trkpt lat="50.5370990" lon="-5.0245579">
        <ele>5.8</ele>
        <time>2026-09-14T13:37:41.000Z</time>
        <speed>0.000</speed>
      </trkpt>
      <trkpt lat="50.5370990" lon="-5.0245579">
        <ele>5.4</ele>
        <time>2026-09-14T13:37:46.000Z</time>
        <speed>0.000</speed>
      </trkpt>
      <trkpt lat="50.5370990" lon="-5.0245579">
        <ele>5.8</ele>
        <time>2026-09-14T13:37:51.000Z</time>
        <speed>0.000</speed>
      </trkpt>
      <trkpt lat="50.5371267" lon="-5.0245834">
        <ele>6.0</ele>
        <time>2026-09-14T13:37:56.000Z</time>
        <speed>0.000</speed>
      </trkpt>
      <trkpt lat="50.5371472" lon="-5.0246070">
        <ele>6.6</ele>
        <time>2026-09-14T13:38:01.000Z</time>
        <speed>0.840</speed>
      </trkpt>
      <trkpt lat="50.5371701" lon="-5.0246229">
        <ele>7.2</ele>
        <time>2026-09-14T13:38:06.000Z</time>
        <speed>0.000</speed>
      </trkpt>
      <trkpt lat="50.5371985" lon="-5.0246371">
        <ele>7.4</ele>
        <time>2026-09-14T13:38:11.000Z</time>
        <speed>0.000</speed>
      </trkpt>
      <trkpt lat="50.5372330" lon="-5.0245876">
        <ele>7.6</ele>
        <time>2026-09-14T13:38:16.000Z</time>
        <speed>0.457</speed>
      </trkpt>
      <trkpt lat="50.5372436" lon="-5.0245808">
        <ele>9.0</ele>
        <time>2026-09-14T13:38:21.000Z</time>
        <speed>0.000</speed>
      </trkpt>
      <trkpt lat="50.5372718" lon="-5.0246189">
        <ele>8.6</ele>
        <time>2026-09-14T13:38:26.000Z</time>
        <speed>0.000</speed>
      </trkpt>
      <trkpt lat="50.5373138" lon="-5.0246152">
        <ele>10.8</ele>
        <time>2026-09-14T13:38:31.000Z</time>
        <speed>0.000</speed>
      </trkpt>
      <trkpt lat="50.5373618" lon="-5.0246091">
        <ele>11.2</ele>
        <time>2026-09-14T13:38:36.000Z</time>
        <speed>1.213</speed>
      </trkpt>
      <trkpt lat="50.5374173" lon="-5.0246011">
        <ele>11.6</ele>
        <time>2026-09-14T13:38:41.000Z</time>
        <speed>1.297</speed>
      </trkpt>
      <trkpt lat="50.5374649" lon="-5.0245904">
        <ele>11.6</ele>
        <time>2026-09-14T13:38:46.000Z</time>
        <speed>1.241</speed>
      </trkpt>
      <trkpt lat="50.5375081" lon="-5.0245802">
        <ele>12.0</ele>
        <time>2026-09-14T13:38:51.000Z</time>
        <speed>1.185</speed>
      </trkpt>
      <trkpt lat="50.5375365" lon="-5.0245756">
        <ele>12.4</ele>
        <time>2026-09-14T13:38:56.000Z</time>
        <speed>1.120</speed>
      </trkpt>
      <trkpt lat="50.5375464" lon="-5.0245936">
        <ele>12.6</ele>
        <time>2026-09-14T13:39:01.000Z</time>
        <speed>0.000</speed>
      </trkpt>
      <trkpt lat="50.5375464" lon="-5.0245936">
        <ele>13.2</ele>
        <time>2026-09-14T13:39:06.000Z</time>
        <speed>0.000</speed>
      </trkpt>
      <trkpt lat="50.5375582" lon="-5.0245875">
        <ele>12.8</ele>
        <time>2026-09-14T13:39:11.000Z</time>
        <speed>0.000</speed>
      </trkpt>
      <trkpt lat="50.5375630" lon="-5.0245809">
        <ele>12.4</ele>
        <time>2026-09-14T13:39:16.000Z</time>
        <speed>0.000</speed>
      </trkpt>
      <trkpt lat="50.5375788" lon="-5.0245694">
        <ele>12.4</ele>
        <time>2026-09-14T13:39:21.000Z</time>
        <speed>0.000</speed>
      </trkpt>
      <trkpt lat="50.5376146" lon="-5.0245475">
        <ele>13.0</ele>
        <time>2026-09-14T13:39:26.000Z</time>
        <speed>0.000</speed>
      </trkpt>
      <trkpt lat="50.5376524" lon="-5.0245269">
        <ele>12.4</ele>
        <time>2026-09-14T13:39:31.000Z</time>
        <speed>0.952</speed>
      </trkpt>
      <trkpt lat="50.5376956" lon="-5.0245069">
        <ele>11.8</ele>
        <time>2026-09-14T13:39:36.000Z</time>
        <speed>1.082</speed>
      </trkpt>
      <trkpt lat="50.5377288" lon="-5.0244876">
        <ele>11.6</ele>
        <time>2026-09-14T13:39:41.000Z</time>
        <speed>0.989</speed>
      </trkpt>
      <trkpt lat="50.5377548" lon="-5.0244854">
        <ele>11.2</ele>
        <time>2026-09-14T13:39:46.000Z</time>
        <speed>0.924</speed>
      </trkpt>
      <trkpt lat="50.5377575" lon="-5.0245061">
        <ele>10.2</ele>
        <time>2026-09-14T13:39:51.000Z</time>
        <speed>0.746</speed>
      </trkpt>
      <trkpt lat="50.5377577" lon="-5.0245120">
        <ele>10.2</ele>
        <time>2026-09-14T13:39:56.000Z</time>
        <speed>0.000</speed>
      </trkpt>
      <trkpt lat="50.5377585" lon="-5.0245151">
        <ele>10.0</ele>
        <time>2026-09-14T13:40:01.000Z</time>
        <speed>0.000</speed>
      </trkpt>
      <trkpt lat="50.5377583" lon="-5.0245150">
        <ele>10.2</ele>
        <time>2026-09-14T13:40:06.000Z</time>
        <speed>0.000</speed>
      </trkpt>
      <trkpt lat="50.5377577" lon="-5.0245120">
        <ele>10.4</ele>
        <time>2026-09-14T13:40:11.000Z</time>
        <speed>0.000</speed>
      </trkpt>
      <trkpt lat="50.5377577" lon="-5.0245120">
        <ele>10.2</ele>
        <time>2026-09-14T13:40:16.000Z</time>
        <speed>0.000</speed>
      </trkpt>
      <trkpt lat="50.5377577" lon="-5.0245120">
        <ele>10.2</ele>
        <time>2026-09-14T13:40:21.000Z</time>
        <speed>0.000</speed>
      </trkpt>
      <trkpt lat="50.5377577" lon="-5.0245120">
        <ele>10.0</ele>
        <time>2026-09-14T13:40:26.000Z</time>
        <speed>0.000</speed>
      </trkpt>
      <trkpt lat="50.5377577" lon="-5.0245120">
        <ele>9.6</ele>
        <time>2026-09-14T13:40:31.000Z</time>
        <speed>0.000</speed>
      </trkpt>
      <trkpt lat="50.5377577" lon="-5.0245120">
        <ele>9.8</ele>
        <time>2026-09-14T13:40:36.000Z</time>
        <speed>0.000</speed>
      </trkpt>
      <trkpt lat="50.5377577" lon="-5.0245120">
        <ele>10.6</ele>
        <time>2026-09-14T13:40:41.000Z</time>
        <speed>0.000</speed>
      </trkpt>
      <trkpt lat="50.5377577" lon="-5.0245120">
        <ele>10.2</ele>
        <time>2026-09-14T13:40:46.000Z</time>
        <speed>0.000</speed>
      </trkpt>
      <trkpt lat="50.5377577" lon="-5.0245120">
        <ele>10.0</ele>
        <time>2026-09-14T13:40:51.000Z</time>
        <speed>0.000</speed>
      </trkpt>
      <trkpt lat="50.5377577" lon="-5.0245120">
        <ele>10.0</ele>
        <time>2026-09-14T13:40:56.000Z</time>
        <speed>0.000</speed>
      </trkpt>
      <trkpt lat="50.5377577" lon="-5.0245120">
        <ele>10.4</ele>
        <time>2026-09-14T13:41:01.000Z</time>
        <speed>0.000</speed>
      </trkpt>
      <trkpt lat="50.5377602" lon="-5.0244802">
        <ele>11.0</ele>
        <time>2026-09-14T13:41:06.000Z</time>
        <speed>0.000</speed>
      </trkpt>
      <trkpt lat="50.5378131" lon="-5.0244543">
        <ele>11.4</ele>
        <time>2026-09-14T13:41:11.000Z</time>
        <speed>0.588</speed>
      </trkpt>
      <trkpt lat="50.5378572" lon="-5.0244113">
        <ele>11.4</ele>
        <time>2026-09-14T13:41:16.000Z</time>
        <speed>1.194</speed>
      </trkpt>
      <trkpt lat="50.5379112" lon="-5.0243622">
        <ele>10.8</ele>
        <time>2026-09-14T13:41:21.000Z</time>
        <speed>1.418</speed>
      </trkpt>
      <trkpt lat="50.5379490" lon="-5.0243328">
        <ele>10.6</ele>
        <time>2026-09-14T13:41:26.000Z</time>
        <speed>1.316</speed>
      </trkpt>
      <trkpt lat="50.5379932" lon="-5.0243157">
        <ele>10.8</ele>
        <time>2026-09-14T13:41:31.000Z</time>
        <speed>1.260</speed>
      </trkpt>
      <trkpt lat="50.5380408" lon="-5.0242998">
        <ele>11.2</ele>
        <time>2026-09-14T13:41:36.000Z</time>
        <speed>1.204</speed>
      </trkpt>
      <trkpt lat="50.5380485" lon="-5.0242894">
        <ele>11.4</ele>
        <time>2026-09-14T13:41:41.000Z</time>
        <speed>0.000</speed>
      </trkpt>
      <trkpt lat="50.5380485" lon="-5.0242894">
        <ele>11.4</ele>
        <time>2026-09-14T13:41:46.000Z</time>
        <speed>0.000</speed>
      </trkpt>
      <trkpt lat="50.5380485" lon="-5.0242894">
        <ele>11.6</ele>
        <time>2026-09-14T13:41:51.000Z</time>
        <speed>0.000</speed>
      </trkpt>
      <trkpt lat="50.5380485" lon="-5.0242894">
        <ele>11.8</ele>
        <time>2026-09-14T13:41:56.000Z</time>
        <speed>0.000</speed>
      </trkpt>
      <trkpt lat="50.5380579" lon="-5.0242854">
        <ele>11.2</ele>
        <time>2026-09-14T13:42:01.000Z</time>
        <speed>0.000</speed>
      </trkpt>
      <trkpt lat="50.5380628" lon="-5.0242808">
        <ele>10.8</ele>
        <time>2026-09-14T13:42:06.000Z</time>
        <speed>0.000</speed>
      </trkpt>
      <trkpt lat="50.5380636" lon="-5.0242815">
        <ele>11.4</ele>
        <time>2026-09-14T13:42:11.000Z</time>
        <speed>0.000</speed>
      </trkpt>
      <trkpt lat="50.5380636" lon="-5.0242815">
        <ele>11.4</ele>
        <time>2026-09-14T13:42:16.000Z</time>
        <speed>0.000</speed>
      </trkpt>
      <trkpt lat="50.5380636" lon="-5.0242815">
        <ele>11.4</ele>
        <time>2026-09-14T13:42:21.000Z</time>
        <speed>0.000</speed>
      </trkpt>
      <trkpt lat="50.5380636" lon="-5.0242815">
        <ele>11.4</ele>
        <time>2026-09-14T13:42:26.000Z</time>
        <speed>0.000</speed>
      </trkpt>
      <trkpt lat="50.5380636" lon="-5.0242815">
        <ele>11.4</ele>
        <time>2026-09-14T13:42:31.000Z</time>
        <speed>0.000</speed>
      </trkpt>
      <trkpt lat="50.5380636" lon="-5.0242815">
        <ele>11.2</ele>
        <time>2026-09-14T13:42:36.000Z</time>
        <speed>0.000</speed>
      </trkpt>
      <trkpt lat="50.5380717" lon="-5.0242863">
        <ele>11.4</ele>
        <time>2026-09-14T13:42:41.000Z</time>
        <speed>0.000</speed>
      </trkpt>
      <trkpt lat="50.5381284" lon="-5.0242709">
        <ele>11.2</ele>
        <time>2026-09-14T13:42:46.000Z</time>
        <speed>0.569</speed>
      </trkpt>
      <trkpt lat="50.5381906" lon="-5.0242452">
        <ele>11.2</ele>
        <time>2026-09-14T13:42:51.000Z</time>
        <speed>1.456</speed>
      </trkpt>
      <trkpt lat="50.5382400" lon="-5.0242176">
        <ele>11.2</ele>
        <time>2026-09-14T13:42:56.000Z</time>
        <speed>1.297</speed>
      </trkpt>
      <trkpt lat="50.5382947" lon="-5.0242025">
        <ele>11.2</ele>
        <time>2026-09-14T13:43:01.000Z</time>
        <speed>1.334</speed>
      </trkpt>
      <trkpt lat="50.5383548" lon="-5.0241750">
        <ele>11.0</ele>
        <time>2026-09-14T13:43:06.000Z</time>
        <speed>1.306</speed>
      </trkpt>
      <trkpt lat="50.5384095" lon="-5.0241680">
        <ele>11.2</ele>
        <time>2026-09-14T13:43:11.000Z</time>
        <speed>1.278</speed>
      </trkpt>
      <trkpt lat="50.5384719" lon="-5.0241735">
        <ele>11.2</ele>
        <time>2026-09-14T13:43:16.000Z</time>
        <speed>1.381</speed>
      </trkpt>
      <trkpt lat="50.5385172" lon="-5.0241799">
        <ele>11.0</ele>
        <time>2026-09-14T13:43:21.000Z</time>
        <speed>1.250</speed>
      </trkpt>
      <trkpt lat="50.5385745" lon="-5.0241601">
        <ele>11.0</ele>
        <time>2026-09-14T13:43:26.000Z</time>
        <speed>1.269</speed>
      </trkpt>
      <trkpt lat="50.5386249" lon="-5.0241300">
        <ele>11.0</ele>
        <time>2026-09-14T13:43:31.000Z</time>
        <speed>1.306</speed>
      </trkpt>
      <trkpt lat="50.5386641" lon="-5.0240913">
        <ele>11.0</ele>
        <time>2026-09-14T13:43:36.000Z</time>
        <speed>1.250</speed>
      </trkpt>
      <trkpt lat="50.5387159" lon="-5.0240619">
        <ele>11.4</ele>
        <time>2026-09-14T13:43:41.000Z</time>
        <speed>1.241</speed>
      </trkpt>
      <trkpt lat="50.5387708" lon="-5.0240807">
        <ele>11.2</ele>
        <time>2026-09-14T13:43:46.000Z</time>
        <speed>1.241</speed>
      </trkpt>
      <trkpt lat="50.5388258" lon="-5.0240947">
        <ele>11.6</ele>
        <time>2026-09-14T13:43:51.000Z</time>
        <speed>1.241</speed>
      </trkpt>
      <trkpt lat="50.5388812" lon="-5.0240893">
        <ele>11.6</ele>
        <time>2026-09-14T13:43:56.000Z</time>
        <speed>1.232</speed>
      </trkpt>
      <trkpt lat="50.5389357" lon="-5.0241017">
        <ele>11.4</ele>
        <time>2026-09-14T13:44:01.000Z</time>
        <speed>1.222</speed>
      </trkpt>
      <trkpt lat="50.5389933" lon="-5.0241035">
        <ele>11.8</ele>
        <time>2026-09-14T13:44:06.000Z</time>
        <speed>1.269</speed>
      </trkpt>
      <trkpt lat="50.5390506" lon="-5.0241082">
        <ele>12.2</ele>
        <time>2026-09-14T13:44:11.000Z</time>
        <speed>1.260</speed>
      </trkpt>
      <trkpt lat="50.5391038" lon="-5.0241070">
        <ele>11.6</ele>
        <time>2026-09-14T13:44:16.000Z</time>
        <speed>1.297</speed>
      </trkpt>
      <trkpt lat="50.5391570" lon="-5.0241124">
        <ele>11.6</ele>
        <time>2026-09-14T13:44:21.000Z</time>
        <speed>1.288</speed>
      </trkpt>
      <trkpt lat="50.5392163" lon="-5.0241284">
        <ele>11.2</ele>
        <time>2026-09-14T13:44:26.000Z</time>
        <speed>1.269</speed>
      </trkpt>
      <trkpt lat="50.5392655" lon="-5.0241589">
        <ele>10.8</ele>
        <time>2026-09-14T13:44:31.000Z</time>
        <speed>1.241</speed>
      </trkpt>
      <trkpt lat="50.5393012" lon="-5.0242086">
        <ele>11.2</ele>
        <time>2026-09-14T13:44:36.000Z</time>
        <speed>1.213</speed>
      </trkpt>
      <trkpt lat="50.5393560" lon="-5.0242258">
        <ele>13.0</ele>
        <time>2026-09-14T13:44:41.000Z</time>
        <speed>1.232</speed>
      </trkpt>
      <trkpt lat="50.5394079" lon="-5.0242722">
        <ele>12.0</ele>
        <time>2026-09-14T13:44:46.000Z</time>
        <speed>1.260</speed>
      </trkpt>
      <trkpt lat="50.5394664" lon="-5.0243153">
        <ele>11.6</ele>
        <time>2026-09-14T13:44:51.000Z</time>
        <speed>1.297</speed>
      </trkpt>
      <trkpt lat="50.5395053" lon="-5.0243547">
        <ele>11.2</ele>
        <time>2026-09-14T13:44:56.000Z</time>
        <speed>1.269</speed>
      </trkpt>
      <trkpt lat="50.5395628" lon="-5.0244014">
        <ele>11.8</ele>
        <time>2026-09-14T13:45:01.000Z</time>
        <speed>1.278</speed>
      </trkpt>
      <trkpt lat="50.5396204" lon="-5.0244209">
        <ele>12.2</ele>
        <time>2026-09-14T13:45:06.000Z</time>
        <speed>1.260</speed>
      </trkpt>
      <trkpt lat="50.5396855" lon="-5.0244141">
        <ele>12.4</ele>
        <time>2026-09-14T13:45:11.000Z</time>
        <speed>1.288</speed>
      </trkpt>
      <trkpt lat="50.5397425" lon="-5.0244190">
        <ele>12.2</ele>
        <time>2026-09-14T13:45:16.000Z</time>
        <speed>1.297</speed>
      </trkpt>
      <trkpt lat="50.5397861" lon="-5.0244620">
        <ele>12.4</ele>
        <time>2026-09-14T13:45:21.000Z</time>
        <speed>1.288</speed>
      </trkpt>
      <trkpt lat="50.5398242" lon="-5.0245195">
        <ele>12.0</ele>
        <time>2026-09-14T13:45:26.000Z</time>
        <speed>1.269</speed>
      </trkpt>
      <trkpt lat="50.5398666" lon="-5.0245660">
        <ele>11.6</ele>
        <time>2026-09-14T13:45:31.000Z</time>
        <speed>1.269</speed>
      </trkpt>
      <trkpt lat="50.5399185" lon="-5.0246058">
        <ele>11.8</ele>
        <time>2026-09-14T13:45:36.000Z</time>
        <speed>1.269</speed>
      </trkpt>
      <trkpt lat="50.5399078" lon="-5.0246324">
        <ele>12.6</ele>
        <time>2026-09-14T13:45:41.000Z</time>
        <speed>1.017</speed>
      </trkpt>
      <trkpt lat="50.5399052" lon="-5.0246351">
        <ele>12.6</ele>
        <time>2026-09-14T13:45:46.000Z</time>
        <speed>0.000</speed>
      </trkpt>
      <trkpt lat="50.5399052" lon="-5.0246436">
        <ele>12.2</ele>
        <time>2026-09-14T13:45:51.000Z</time>
        <speed>0.000</speed>
      </trkpt>
      <trkpt lat="50.5399108" lon="-5.0246790">
        <ele>12.2</ele>
        <time>2026-09-14T13:45:56.000Z</time>
        <speed>0.000</speed>
      </trkpt>
      <trkpt lat="50.5399093" lon="-5.0246742">
        <ele>11.8</ele>
        <time>2026-09-14T13:46:01.000Z</time>
        <speed>0.000</speed>
      </trkpt>
      <trkpt lat="50.5399114" lon="-5.0247028">
        <ele>11.6</ele>
        <time>2026-09-14T13:46:06.000Z</time>
        <speed>0.000</speed>
      </trkpt>
      <trkpt lat="50.5399360" lon="-5.0247029">
        <ele>12.2</ele>
        <time>2026-09-14T13:46:11.000Z</time>
        <speed>0.411</speed>
      </trkpt>
      <trkpt lat="50.5399850" lon="-5.0246867">
        <ele>12.4</ele>
        <time>2026-09-14T13:46:16.000Z</time>
        <speed>1.185</speed>
      </trkpt>
      <trkpt lat="50.5400387" lon="-5.0246785">
        <ele>12.0</ele>
        <time>2026-09-14T13:46:21.000Z</time>
        <speed>1.138</speed>
      </trkpt>
      <trkpt lat="50.5400974" lon="-5.0247189">
        <ele>11.8</ele>
        <time>2026-09-14T13:46:26.000Z</time>
        <speed>1.250</speed>
      </trkpt>
      <trkpt lat="50.5401419" lon="-5.0247598">
        <ele>11.6</ele>
        <time>2026-09-14T13:46:31.000Z</time>
        <speed>1.260</speed>
      </trkpt>
      <trkpt lat="50.5402130" lon="-5.0247954">
        <ele>11.4</ele>
        <time>2026-09-14T13:46:36.000Z</time>
        <speed>1.344</speed>
      </trkpt>
      <trkpt lat="50.5402680" lon="-5.0248233">
        <ele>11.2</ele>
        <time>2026-09-14T13:46:41.000Z</time>
        <speed>1.316</speed>
      </trkpt>
      <trkpt lat="50.5403229" lon="-5.0248608">
        <ele>11.2</ele>
        <time>2026-09-14T13:46:46.000Z</time>
        <speed>1.390</speed>
      </trkpt>
      <trkpt lat="50.5403760" lon="-5.0249025">
        <ele>11.0</ele>
        <time>2026-09-14T13:46:51.000Z</time>
        <speed>1.372</speed>
      </trkpt>
      <trkpt lat="50.5404308" lon="-5.0249374">
        <ele>11.0</ele>
        <time>2026-09-14T13:46:56.000Z</time>
        <speed>1.372</speed>
      </trkpt>
      <trkpt lat="50.5404864" lon="-5.0249701">
        <ele>10.8</ele>
        <time>2026-09-14T13:47:01.000Z</time>
        <speed>1.372</speed>
      </trkpt>
      <trkpt lat="50.5405207" lon="-5.0250246">
        <ele>10.4</ele>
        <time>2026-09-14T13:47:06.000Z</time>
        <speed>1.334</speed>
      </trkpt>
      <trkpt lat="50.5405729" lon="-5.0250775">
        <ele>9.8</ele>
        <time>2026-09-14T13:47:11.000Z</time>
        <speed>1.325</speed>
      </trkpt>
      <trkpt lat="50.5406225" lon="-5.0250962">
        <ele>10.4</ele>
        <time>2026-09-14T13:47:16.000Z</time>
        <speed>1.316</speed>
      </trkpt>
      <trkpt lat="50.5406724" lon="-5.0251323">
        <ele>9.8</ele>
        <time>2026-09-14T13:47:21.000Z</time>
        <speed>1.325</speed>
      </trkpt>
      <trkpt lat="50.5407206" lon="-5.0251694">
        <ele>9.2</ele>
        <time>2026-09-14T13:47:26.000Z</time>
        <speed>1.269</speed>
      </trkpt>
      <trkpt lat="50.5407703" lon="-5.0251687">
        <ele>9.0</ele>
        <time>2026-09-14T13:47:31.000Z</time>
        <speed>1.250</speed>
      </trkpt>
      <trkpt lat="50.5407654" lon="-5.0251797">
        <ele>9.4</ele>
        <time>2026-09-14T13:47:36.000Z</time>
        <speed>1.008</speed>
      </trkpt>
      <trkpt lat="50.5407636" lon="-5.0251796">
        <ele>8.4</ele>
        <time>2026-09-14T13:47:41.000Z</time>
        <speed>0.000</speed>
      </trkpt>
      <trkpt lat="50.5407636" lon="-5.0251796">
        <ele>9.2</ele>
        <time>2026-09-14T13:47:46.000Z</time>
        <speed>0.000</speed>
      </trkpt>
      <trkpt lat="50.5407641" lon="-5.0251670">
        <ele>8.6</ele>
        <time>2026-09-14T13:47:51.000Z</time>
        <speed>0.000</speed>
      </trkpt>
      <trkpt lat="50.5407648" lon="-5.0251672">
        <ele>9.6</ele>
        <time>2026-09-14T13:47:56.000Z</time>
        <speed>0.000</speed>
      </trkpt>
      <trkpt lat="50.5407641" lon="-5.0251648">
        <ele>9.0</ele>
        <time>2026-09-14T13:48:01.000Z</time>
        <speed>0.000</speed>
      </trkpt>
      <trkpt lat="50.5407636" lon="-5.0251796">
        <ele>8.8</ele>
        <time>2026-09-14T13:48:06.000Z</time>
        <speed>0.000</speed>
      </trkpt>
      <trkpt lat="50.5407636" lon="-5.0251796">
        <ele>8.4</ele>
        <time>2026-09-14T13:48:11.000Z</time>
        <speed>0.000</speed>
      </trkpt>
      <trkpt lat="50.5407636" lon="-5.0251796">
        <ele>8.4</ele>
        <time>2026-09-14T13:48:16.000Z</time>
        <speed>0.000</speed>
      </trkpt>
      <trkpt lat="50.5407636" lon="-5.0251796">
        <ele>8.6</ele>
        <time>2026-09-14T13:48:21.000Z</time>
        <speed>0.000</speed>
      </trkpt>
      <trkpt lat="50.5407801" lon="-5.0251641">
        <ele>8.2</ele>
        <time>2026-09-14T13:48:26.000Z</time>
        <speed>0.000</speed>
      </trkpt>
      <trkpt lat="50.5407801" lon="-5.0251641">
        <ele>8.0</ele>
        <time>2026-09-14T13:48:31.000Z</time>
        <speed>0.000</speed>
      </trkpt>
      <trkpt lat="50.5407801" lon="-5.0251641">
        <ele>8.0</ele>
        <time>2026-09-14T13:48:36.000Z</time>
        <speed>0.000</speed>
      </trkpt>
      <trkpt lat="50.5407801" lon="-5.0251641">
        <ele>8.0</ele>
        <time>2026-09-14T13:48:41.000Z</time>
        <speed>0.000</speed>
      </trkpt>
      <trkpt lat="50.5407801" lon="-5.0251641">
        <ele>7.8</ele>
        <time>2026-09-14T13:48:46.000Z</time>
        <speed>0.000</speed>
      </trkpt>
      <trkpt lat="50.5407801" lon="-5.0251641">
        <ele>8.0</ele>
        <time>2026-09-14T13:48:51.000Z</time>
        <speed>0.000</speed>
      </trkpt>
      <trkpt lat="50.5407801" lon="-5.0251641">
        <ele>7.8</ele>
        <time>2026-09-14T13:48:56.000Z</time>
        <speed>0.000</speed>
      </trkpt>
      <trkpt lat="50.5407801" lon="-5.0251641">
        <ele>7.8</ele>
        <time>2026-09-14T13:49:01.000Z</time>
        <speed>0.000</speed>
      </trkpt>
      <trkpt lat="50.5407801" lon="-5.0251641">
        <ele>7.8</ele>
        <time>2026-09-14T13:49:06.000Z</time>
        <speed>0.000</speed>
      </trkpt>
      <trkpt lat="50.5407801" lon="-5.0251641">
        <ele>7.8</ele>
        <time>2026-09-14T13:49:11.000Z</time>
        <speed>0.000</speed>
      </trkpt>
      <trkpt lat="50.5407801" lon="-5.0251641">
        <ele>8.0</ele>
        <time>2026-09-14T13:49:16.000Z</time>
        <speed>0.000</speed>
      </trkpt>
      <trkpt lat="50.5407801" lon="-5.0251641">
        <ele>8.0</ele>
        <time>2026-09-14T13:49:21.000Z</time>
        <speed>0.000</speed>
      </trkpt>
      <trkpt lat="50.5407801" lon="-5.0251641">
        <ele>7.8</ele>
        <time>2026-09-14T13:49:26.000Z</time>
        <speed>0.000</speed>
      </trkpt>
      <trkpt lat="50.5407801" lon="-5.0251641">
        <ele>7.8</ele>
        <time>2026-09-14T13:49:31.000Z</time>
        <speed>0.000</speed>
      </trkpt>
      <trkpt lat="50.5407801" lon="-5.0251641">
        <ele>8.0</ele>
        <time>2026-09-14T13:49:36.000Z</time>
        <speed>0.000</speed>
      </trkpt>
      <trkpt lat="50.5407801" lon="-5.0251641">
        <ele>7.8</ele>
        <time>2026-09-14T13:49:41.000Z</time>
        <speed>0.000</speed>
      </trkpt>
      <trkpt lat="50.5407801" lon="-5.0251641">
        <ele>7.8</ele>
        <time>2026-09-14T13:49:46.000Z</time>
        <speed>0.000</speed>
      </trkpt>
      <trkpt lat="50.5407801" lon="-5.0251641">
        <ele>7.8</ele>
        <time>2026-09-14T13:49:51.000Z</time>
        <speed>0.000</speed>
      </trkpt>
      <trkpt lat="50.5407801" lon="-5.0251641">
        <ele>7.6</ele>
        <time>2026-09-14T13:49:56.000Z</time>
        <speed>0.000</speed>
      </trkpt>
      <trkpt lat="50.5407801" lon="-5.0251641">
        <ele>7.8</ele>
        <time>2026-09-14T13:50:01.000Z</time>
        <speed>0.000</speed>
      </trkpt>
      <trkpt lat="50.5407801" lon="-5.0251641">
        <ele>7.6</ele>
        <time>2026-09-14T13:50:06.000Z</time>
        <speed>0.000</speed>
      </trkpt>
      <trkpt lat="50.5407801" lon="-5.0251641">
        <ele>8.0</ele>
        <time>2026-09-14T13:50:11.000Z</time>
        <speed>0.000</speed>
      </trkpt>
      <trkpt lat="50.5407801" lon="-5.0251641">
        <ele>8.0</ele>
        <time>2026-09-14T13:50:16.000Z</time>
        <speed>0.000</speed>
      </trkpt>
      <trkpt lat="50.5407801" lon="-5.0251641">
        <ele>8.0</ele>
        <time>2026-09-14T13:50:21.000Z</time>
        <speed>0.000</speed>
      </trkpt>
      <trkpt lat="50.5407801" lon="-5.0251641">
        <ele>8.0</ele>
        <time>2026-09-14T13:50:26.000Z</time>
        <speed>0.000</speed>
      </trkpt>
      <trkpt lat="50.5407801" lon="-5.0251641">
        <ele>7.8</ele>
        <time>2026-09-14T13:50:31.000Z</time>
        <speed>0.000</speed>
      </trkpt>
      <trkpt lat="50.5407801" lon="-5.0251641">
        <ele>7.8</ele>
        <time>2026-09-14T13:50:36.000Z</time>
        <speed>0.000</speed>
      </trkpt>
      <trkpt lat="50.5407801" lon="-5.0251641">
        <ele>8.0</ele>
        <time>2026-09-14T13:50:41.000Z</time>
        <speed>0.000</speed>
      </trkpt>
      <trkpt lat="50.5407801" lon="-5.0251641">
        <ele>8.6</ele>
        <time>2026-09-14T13:50:46.000Z</time>
        <speed>0.000</speed>
      </trkpt>
      <trkpt lat="50.5407801" lon="-5.0251641">
        <ele>8.6</ele>
        <time>2026-09-14T13:50:51.000Z</time>
        <speed>0.000</speed>
      </trkpt>
      <trkpt lat="50.5407801" lon="-5.0251641">
        <ele>8.8</ele>
        <time>2026-09-14T13:50:56.000Z</time>
        <speed>0.000</speed>
      </trkpt>
      <trkpt lat="50.5407801" lon="-5.0251641">
        <ele>8.2</ele>
        <time>2026-09-14T13:51:01.000Z</time>
        <speed>0.000</speed>
      </trkpt>
      <trkpt lat="50.5407801" lon="-5.0251641">
        <ele>8.0</ele>
        <time>2026-09-14T13:51:06.000Z</time>
        <speed>0.000</speed>
      </trkpt>
      <trkpt lat="50.5407801" lon="-5.0251641">
        <ele>8.4</ele>
        <time>2026-09-14T13:51:11.000Z</time>
        <speed>0.000</speed>
      </trkpt>
      <trkpt lat="50.5407801" lon="-5.0251641">
        <ele>8.4</ele>
        <time>2026-09-14T13:51:16.000Z</time>
        <speed>0.000</speed>
      </trkpt>
      <trkpt lat="50.5407801" lon="-5.0251641">
        <ele>8.6</ele>
        <time>2026-09-14T13:51:21.000Z</time>
        <speed>0.000</speed>
      </trkpt>
      <trkpt lat="50.5407801" lon="-5.0251641">
        <ele>8.2</ele>
        <time>2026-09-14T13:51:26.000Z</time>
        <speed>0.000</speed>
      </trkpt>
      <trkpt lat="50.5407801" lon="-5.0251641">
        <ele>8.4</ele>
        <time>2026-09-14T13:51:31.000Z</time>
        <speed>0.000</speed>
      </trkpt>
      <trkpt lat="50.5407801" lon="-5.0251641">
        <ele>8.0</ele>
        <time>2026-09-14T13:51:36.000Z</time>
        <speed>0.000</speed>
      </trkpt>
      <trkpt lat="50.5407801" lon="-5.0251641">
        <ele>8.0</ele>
        <time>2026-09-14T13:51:41.000Z</time>
        <speed>0.000</speed>
      </trkpt>
      <trkpt lat="50.5407801" lon="-5.0251641">
        <ele>8.4</ele>
        <time>2026-09-14T13:51:46.000Z</time>
        <speed>0.000</speed>
      </trkpt>
      <trkpt lat="50.5407801" lon="-5.0251641">
        <ele>8.6</ele>
        <time>2026-09-14T13:51:51.000Z</time>
        <speed>0.000</speed>
      </trkpt>
      <trkpt lat="50.5407801" lon="-5.0251641">
        <ele>8.4</ele>
        <time>2026-09-14T13:51:56.000Z</time>
        <speed>0.000</speed>
      </trkpt>
      <trkpt lat="50.5407801" lon="-5.0251641">
        <ele>8.6</ele>
        <time>2026-09-14T13:52:01.000Z</time>
        <speed>0.000</speed>
      </trkpt>
      <trkpt lat="50.5407801" lon="-5.0251641">
        <ele>8.4</ele>
        <time>2026-09-14T13:52:06.000Z</time>
        <speed>0.000</speed>
      </trkpt>
      <trkpt lat="50.5407801" lon="-5.0251641">
        <ele>8.6</ele>
        <time>2026-09-14T13:52:11.000Z</time>
        <speed>0.000</speed>
      </trkpt>
      <trkpt lat="50.5407801" lon="-5.0251641">
        <ele>8.2</ele>
        <time>2026-09-14T13:52:16.000Z</time>
        <speed>0.000</speed>
      </trkpt>
      <trkpt lat="50.5407801" lon="-5.0251641">
        <ele>8.6</ele>
        <time>2026-09-14T13:52:21.000Z</time>
        <speed>0.000</speed>
      </trkpt>
      <trkpt lat="50.5407801" lon="-5.0251641">
        <ele>8.4</ele>
        <time>2026-09-14T13:52:26.000Z</time>
        <speed>0.000</speed>
      </trkpt>
      <trkpt lat="50.5407801" lon="-5.0251641">
        <ele>8.4</ele>
        <time>2026-09-14T13:52:31.000Z</time>
        <speed>0.000</speed>
      </trkpt>
      <trkpt lat="50.5407801" lon="-5.0251641">
        <ele>8.2</ele>
        <time>2026-09-14T13:52:36.000Z</time>
        <speed>0.000</speed>
      </trkpt>
      <trkpt lat="50.5407801" lon="-5.0251641">
        <ele>8.0</ele>
        <time>2026-09-14T13:52:41.000Z</time>
        <speed>0.000</speed>
      </trkpt>
      <trkpt lat="50.5407801" lon="-5.0251641">
        <ele>8.0</ele>
        <time>2026-09-14T13:52:46.000Z</time>
        <speed>0.000</speed>
      </trkpt>
      <trkpt lat="50.5407801" lon="-5.0251641">
        <ele>8.6</ele>
        <time>2026-09-14T13:52:51.000Z</time>
        <speed>0.000</speed>
      </trkpt>
      <trkpt lat="50.5407801" lon="-5.0251641">
        <ele>8.4</ele>
        <time>2026-09-14T13:52:56.000Z</time>
        <speed>0.000</speed>
      </trkpt>
      <trkpt lat="50.5407801" lon="-5.0251641">
        <ele>8.2</ele>
        <time>2026-09-14T13:53:01.000Z</time>
        <speed>0.000</speed>
      </trkpt>
      <trkpt lat="50.5407801" lon="-5.0251641">
        <ele>8.4</ele>
        <time>2026-09-14T13:53:06.000Z</time>
        <speed>0.000</speed>
      </trkpt>
      <trkpt lat="50.5407801" lon="-5.0251641">
        <ele>8.0</ele>
        <time>2026-09-14T13:53:11.000Z</time>
        <speed>0.000</speed>
      </trkpt>
      <trkpt lat="50.5407801" lon="-5.0251641">
        <ele>8.0</ele>
        <time>2026-09-14T13:53:16.000Z</time>
        <speed>0.000</speed>
      </trkpt>
      <trkpt lat="50.5407801" lon="-5.0251641">
        <ele>8.2</ele>
        <time>2026-09-14T13:53:21.000Z</time>
        <speed>0.000</speed>
      </trkpt>
      <trkpt lat="50.5407801" lon="-5.0251641">
        <ele>7.6</ele>
        <time>2026-09-14T13:53:26.000Z</time>
        <speed>0.000</speed>
      </trkpt>
      <trkpt lat="50.5407801" lon="-5.0251641">
        <ele>7.8</ele>
        <time>2026-09-14T13:53:31.000Z</time>
        <speed>0.000</speed>
      </trkpt>
      <trkpt lat="50.5407801" lon="-5.0251641">
        <ele>7.8</ele>
        <time>2026-09-14T13:53:36.000Z</time>
        <speed>0.000</speed>
      </trkpt>
      <trkpt lat="50.5407801" lon="-5.0251641">
        <ele>7.6</ele>
        <time>2026-09-14T13:53:41.000Z</time>
        <speed>0.000</speed>
      </trkpt>
      <trkpt lat="50.5407801" lon="-5.0251641">
        <ele>7.8</ele>
        <time>2026-09-14T13:53:46.000Z</time>
        <speed>0.000</speed>
      </trkpt>
      <trkpt lat="50.5407801" lon="-5.0251641">
        <ele>7.6</ele>
        <time>2026-09-14T13:53:51.000Z</time>
        <speed>0.000</speed>
      </trkpt>
      <trkpt lat="50.5407801" lon="-5.0251641">
        <ele>7.8</ele>
        <time>2026-09-14T13:53:56.000Z</time>
        <speed>0.000</speed>
      </trkpt>
      <trkpt lat="50.5407801" lon="-5.0251641">
        <ele>8.0</ele>
        <time>2026-09-14T13:54:01.000Z</time>
        <speed>0.000</speed>
      </trkpt>
      <trkpt lat="50.5407801" lon="-5.0251641">
        <ele>8.0</ele>
        <time>2026-09-14T13:54:06.000Z</time>
        <speed>0.000</speed>
      </trkpt>
      <trkpt lat="50.5407801" lon="-5.0251641">
        <ele>8.0</ele>
        <time>2026-09-14T13:54:11.000Z</time>
        <speed>0.000</speed>
      </trkpt>
      <trkpt lat="50.5407801" lon="-5.0251641">
        <ele>7.6</ele>
        <time>2026-09-14T13:54:16.000Z</time>
        <speed>0.000</speed>
      </trkpt>
      <trkpt lat="50.5407801" lon="-5.0251641">
        <ele>8.0</ele>
        <time>2026-09-14T13:54:21.000Z</time>
        <speed>0.000</speed>
      </trkpt>
      <trkpt lat="50.5407801" lon="-5.0251641">
        <ele>8.0</ele>
        <time>2026-09-14T13:54:26.000Z</time>
        <speed>0.000</speed>
      </trkpt>
      <trkpt lat="50.5407801" lon="-5.0251641">
        <ele>8.2</ele>
        <time>2026-09-14T13:54:31.000Z</time>
        <speed>0.000</speed>
      </trkpt>
      <trkpt lat="50.5407801" lon="-5.0251641">
        <ele>8.2</ele>
        <time>2026-09-14T13:54:36.000Z</time>
        <speed>0.000</speed>
      </trkpt>
      <trkpt lat="50.5407801" lon="-5.0251641">
        <ele>8.0</ele>
        <time>2026-09-14T13:54:41.000Z</time>
        <speed>0.000</speed>
      </trkpt>
      <trkpt lat="50.5407801" lon="-5.0251641">
        <ele>8.4</ele>
        <time>2026-09-14T13:54:46.000Z</time>
        <speed>0.000</speed>
      </trkpt>
      <trkpt lat="50.5407801" lon="-5.0251641">
        <ele>8.2</ele>
        <time>2026-09-14T13:54:51.000Z</time>
        <speed>0.000</speed>
      </trkpt>
      <trkpt lat="50.5407801" lon="-5.0251641">
        <ele>8.2</ele>
        <time>2026-09-14T13:54:56.000Z</time>
        <speed>0.000</speed>
      </trkpt>
      <trkpt lat="50.5407801" lon="-5.0251641">
        <ele>8.4</ele>
        <time>2026-09-14T13:55:01.000Z</time>
        <speed>0.000</speed>
      </trkpt>
      <trkpt lat="50.5407801" lon="-5.0251641">
        <ele>8.4</ele>
        <time>2026-09-14T13:55:06.000Z</time>
        <speed>0.000</speed>
      </trkpt>
      <trkpt lat="50.5407801" lon="-5.0251641">
        <ele>8.4</ele>
        <time>2026-09-14T13:55:11.000Z</time>
        <speed>0.000</speed>
      </trkpt>
      <trkpt lat="50.5407801" lon="-5.0251641">
        <ele>8.2</ele>
        <time>2026-09-14T13:55:16.000Z</time>
        <speed>0.000</speed>
      </trkpt>
      <trkpt lat="50.5407801" lon="-5.0251641">
        <ele>8.2</ele>
        <time>2026-09-14T13:55:21.000Z</time>
        <speed>0.000</speed>
      </trkpt>
      <trkpt lat="50.5407801" lon="-5.0251641">
        <ele>8.2</ele>
        <time>2026-09-14T13:55:26.000Z</time>
        <speed>0.000</speed>
      </trkpt>
      <trkpt lat="50.5407801" lon="-5.0251641">
        <ele>8.2</ele>
        <time>2026-09-14T13:55:31.000Z</time>
        <speed>0.000</speed>
      </trkpt>
      <trkpt lat="50.5407801" lon="-5.0251641">
        <ele>8.4</ele>
        <time>2026-09-14T13:55:36.000Z</time>
        <speed>0.000</speed>
      </trkpt>
      <trkpt lat="50.5407801" lon="-5.0251641">
        <ele>8.6</ele>
        <time>2026-09-14T13:55:41.000Z</time>
        <speed>0.000</speed>
      </trkpt>
      <trkpt lat="50.5407801" lon="-5.0251641">
        <ele>8.2</ele>
        <time>2026-09-14T13:55:46.000Z</time>
        <speed>0.000</speed>
      </trkpt>
      <trkpt lat="50.5407801" lon="-5.0251641">
        <ele>9.2</ele>
        <time>2026-09-14T13:55:51.000Z</time>
        <speed>0.000</speed>
      </trkpt>
      <trkpt lat="50.5407801" lon="-5.0251641">
        <ele>8.6</ele>
        <time>2026-09-14T13:55:56.000Z</time>
        <speed>0.000</speed>
      </trkpt>
      <trkpt lat="50.5407801" lon="-5.0251641">
        <ele>8.4</ele>
        <time>2026-09-14T13:56:01.000Z</time>
        <speed>0.000</speed>
      </trkpt>
      <trkpt lat="50.5407801" lon="-5.0251641">
        <ele>8.4</ele>
        <time>2026-09-14T13:56:06.000Z</time>
        <speed>0.000</speed>
      </trkpt>
      <trkpt lat="50.5407801" lon="-5.0251641">
        <ele>8.6</ele>
        <time>2026-09-14T13:56:11.000Z</time>
        <speed>0.000</speed>
      </trkpt>
      <trkpt lat="50.5407801" lon="-5.0251641">
        <ele>8.6</ele>
        <time>2026-09-14T13:56:16.000Z</time>
        <speed>0.000</speed>
      </trkpt>
      <trkpt lat="50.5407801" lon="-5.0251641">
        <ele>8.4</ele>
        <time>2026-09-14T13:56:21.000Z</time>
        <speed>0.000</speed>
      </trkpt>
      <trkpt lat="50.5407801" lon="-5.0251641">
        <ele>8.6</ele>
        <time>2026-09-14T13:56:26.000Z</time>
        <speed>0.000</speed>
      </trkpt>
      <trkpt lat="50.5407801" lon="-5.0251641">
        <ele>8.6</ele>
        <time>2026-09-14T13:56:31.000Z</time>
        <speed>0.000</speed>
      </trkpt>
      <trkpt lat="50.5407801" lon="-5.0251641">
        <ele>8.4</ele>
        <time>2026-09-14T13:56:36.000Z</time>
        <speed>0.000</speed>
      </trkpt>
      <trkpt lat="50.5407801" lon="-5.0251641">
        <ele>9.0</ele>
        <time>2026-09-14T13:56:41.000Z</time>
        <speed>0.000</speed>
      </trkpt>
      <trkpt lat="50.5407801" lon="-5.0251641">
        <ele>8.8</ele>
        <time>2026-09-14T13:56:46.000Z</time>
        <speed>0.000</speed>
      </trkpt>
      <trkpt lat="50.5407801" lon="-5.0251641">
        <ele>8.8</ele>
        <time>2026-09-14T13:56:51.000Z</time>
        <speed>0.000</speed>
      </trkpt>
      <trkpt lat="50.5407801" lon="-5.0251641">
        <ele>8.6</ele>
        <time>2026-09-14T13:56:56.000Z</time>
        <speed>0.000</speed>
      </trkpt>
      <trkpt lat="50.5407801" lon="-5.0251641">
        <ele>9.0</ele>
        <time>2026-09-14T13:57:01.000Z</time>
        <speed>0.000</speed>
      </trkpt>
      <trkpt lat="50.5407801" lon="-5.0251641">
        <ele>8.8</ele>
        <time>2026-09-14T13:57:06.000Z</time>
        <speed>0.000</speed>
      </trkpt>
      <trkpt lat="50.5407801" lon="-5.0251641">
        <ele>9.0</ele>
        <time>2026-09-14T13:57:11.000Z</time>
        <speed>0.000</speed>
      </trkpt>
      <trkpt lat="50.5407801" lon="-5.0251641">
        <ele>8.8</ele>
        <time>2026-09-14T13:57:16.000Z</time>
        <speed>0.000</speed>
      </trkpt>
      <trkpt lat="50.5407801" lon="-5.0251641">
        <ele>9.0</ele>
        <time>2026-09-14T13:57:21.000Z</time>
        <speed>0.000</speed>
      </trkpt>
      <trkpt lat="50.5407801" lon="-5.0251641">
        <ele>9.0</ele>
        <time>2026-09-14T13:57:26.000Z</time>
        <speed>0.000</speed>
      </trkpt>
      <trkpt lat="50.5407801" lon="-5.0251641">
        <ele>8.8</ele>
        <time>2026-09-14T13:57:31.000Z</time>
        <speed>0.000</speed>
      </trkpt>
      <trkpt lat="50.5407801" lon="-5.0251641">
        <ele>8.8</ele>
        <time>2026-09-14T13:57:36.000Z</time>
        <speed>0.000</speed>
      </trkpt>
      <trkpt lat="50.5407801" lon="-5.0251641">
        <ele>8.6</ele>
        <time>2026-09-14T13:57:41.000Z</time>
        <speed>0.000</speed>
      </trkpt>
      <trkpt lat="50.5407801" lon="-5.0251641">
        <ele>9.0</ele>
        <time>2026-09-14T13:57:46.000Z</time>
        <speed>0.000</speed>
      </trkpt>
      <trkpt lat="50.5407801" lon="-5.0251641">
        <ele>9.0</ele>
        <time>2026-09-14T13:57:51.000Z</time>
        <speed>0.000</speed>
      </trkpt>
      <trkpt lat="50.5407801" lon="-5.0251641">
        <ele>8.8</ele>
        <time>2026-09-14T13:57:56.000Z</time>
        <speed>0.000</speed>
      </trkpt>
      <trkpt lat="50.5407801" lon="-5.0251641">
        <ele>8.6</ele>
        <time>2026-09-14T13:58:01.000Z</time>
        <speed>0.000</speed>
      </trkpt>
      <trkpt lat="50.5407801" lon="-5.0251641">
        <ele>9.0</ele>
        <time>2026-09-14T13:58:06.000Z</time>
        <speed>0.000</speed>
      </trkpt>
      <trkpt lat="50.5407801" lon="-5.0251641">
        <ele>9.0</ele>
        <time>2026-09-14T13:58:11.000Z</time>
        <speed>0.000</speed>
      </trkpt>
      <trkpt lat="50.5407801" lon="-5.0251641">
        <ele>8.8</ele>
        <time>2026-09-14T13:58:16.000Z</time>
        <speed>0.000</speed>
      </trkpt>
      <trkpt lat="50.5407801" lon="-5.0251641">
        <ele>8.8</ele>
        <time>2026-09-14T13:58:21.000Z</time>
        <speed>0.000</speed>
      </trkpt>
      <trkpt lat="50.5407801" lon="-5.0251641">
        <ele>8.4</ele>
        <time>2026-09-14T13:58:26.000Z</time>
        <speed>0.000</speed>
      </trkpt>
      <trkpt lat="50.5407801" lon="-5.0251641">
        <ele>8.6</ele>
        <time>2026-09-14T13:58:31.000Z</time>
        <speed>0.000</speed>
      </trkpt>
      <trkpt lat="50.5407801" lon="-5.0251641">
        <ele>8.6</ele>
        <time>2026-09-14T13:58:36.000Z</time>
        <speed>0.000</speed>
      </trkpt>
      <trkpt lat="50.5407801" lon="-5.0251641">
        <ele>8.8</ele>
        <time>2026-09-14T13:58:41.000Z</time>
        <speed>0.000</speed>
      </trkpt>
      <trkpt lat="50.5407801" lon="-5.0251641">
        <ele>8.8</ele>
        <time>2026-09-14T13:58:46.000Z</time>
        <speed>0.000</speed>
      </trkpt>
      <trkpt lat="50.5407801" lon="-5.0251641">
        <ele>8.6</ele>
        <time>2026-09-14T13:58:51.000Z</time>
        <speed>0.000</speed>
      </trkpt>
      <trkpt lat="50.5407801" lon="-5.0251641">
        <ele>8.8</ele>
        <time>2026-09-14T13:58:56.000Z</time>
        <speed>0.000</speed>
      </trkpt>
      <trkpt lat="50.5407801" lon="-5.0251641">
        <ele>8.8</ele>
        <time>2026-09-14T13:59:01.000Z</time>
        <speed>0.000</speed>
      </trkpt>
      <trkpt lat="50.5407801" lon="-5.0251641">
        <ele>8.8</ele>
        <time>2026-09-14T13:59:06.000Z</time>
        <speed>0.000</speed>
      </trkpt>
      <trkpt lat="50.5407801" lon="-5.0251641">
        <ele>8.8</ele>
        <time>2026-09-14T13:59:11.000Z</time>
        <speed>0.000</speed>
      </trkpt>
      <trkpt lat="50.5407801" lon="-5.0251641">
        <ele>8.6</ele>
        <time>2026-09-14T13:59:16.000Z</time>
        <speed>0.000</speed>
      </trkpt>
      <trkpt lat="50.5407801" lon="-5.0251641">
        <ele>8.8</ele>
        <time>2026-09-14T13:59:21.000Z</time>
        <speed>0.000</speed>
      </trkpt>
      <trkpt lat="50.5407801" lon="-5.0251641">
        <ele>8.8</ele>
        <time>2026-09-14T13:59:26.000Z</time>
        <speed>0.000</speed>
      </trkpt>
      <trkpt lat="50.5407801" lon="-5.0251641">
        <ele>8.6</ele>
        <time>2026-09-14T13:59:31.000Z</time>
        <speed>0.000</speed>
      </trkpt>
      <trkpt lat="50.5407801" lon="-5.0251641">
        <ele>8.6</ele>
        <time>2026-09-14T13:59:36.000Z</time>
        <speed>0.000</speed>
      </trkpt>
      <trkpt lat="50.5407801" lon="-5.0251641">
        <ele>8.8</ele>
        <time>2026-09-14T13:59:41.000Z</time>
        <speed>0.000</speed>
      </trkpt>
      <trkpt lat="50.5407801" lon="-5.0251641">
        <ele>8.6</ele>
        <time>2026-09-14T13:59:46.000Z</time>
        <speed>0.000</speed>
      </trkpt>
      <trkpt lat="50.5407801" lon="-5.0251641">
        <ele>9.0</ele>
        <time>2026-09-14T13:59:51.000Z</time>
        <speed>0.000</speed>
      </trkpt>
      <trkpt lat="50.5407801" lon="-5.0251641">
        <ele>9.0</ele>
        <time>2026-09-14T13:59:56.000Z</time>
        <speed>0.000</speed>
      </trkpt>
      <trkpt lat="50.5407801" lon="-5.0251641">
        <ele>9.2</ele>
        <time>2026-09-14T14:00:01.000Z</time>
        <speed>0.000</speed>
      </trkpt>
      <trkpt lat="50.5407801" lon="-5.0251641">
        <ele>8.6</ele>
        <time>2026-09-14T14:00:06.000Z</time>
        <speed>0.000</speed>
      </trkpt>
      <trkpt lat="50.5407801" lon="-5.0251641">
        <ele>8.6</ele>
        <time>2026-09-14T14:00:11.000Z</time>
        <speed>0.000</speed>
      </trkpt>
      <trkpt lat="50.5407801" lon="-5.0251641">
        <ele>8.6</ele>
        <time>2026-09-14T14:00:16.000Z</time>
        <speed>0.000</speed>
      </trkpt>
      <trkpt lat="50.5407773" lon="-5.0251641">
        <ele>8.4</ele>
        <time>2026-09-14T14:00:21.000Z</time>
        <speed>0.000</speed>
      </trkpt>
      <trkpt lat="50.5407801" lon="-5.0251641">
        <ele>8.4</ele>
        <time>2026-09-14T14:00:26.000Z</time>
        <speed>0.000</speed>
      </trkpt>
      <trkpt lat="50.5407801" lon="-5.0251641">
        <ele>8.2</ele>
        <time>2026-09-14T14:00:31.000Z</time>
        <speed>0.000</speed>
      </trkpt>
      <trkpt lat="50.5407801" lon="-5.0251641">
        <ele>7.6</ele>
        <time>2026-09-14T14:00:36.000Z</time>
        <speed>0.000</speed>
      </trkpt>
      <trkpt lat="50.5407801" lon="-5.0251641">
        <ele>8.0</ele>
        <time>2026-09-14T14:00:41.000Z</time>
        <speed>0.000</speed>
      </trkpt>
      <trkpt lat="50.5407801" lon="-5.0251641">
        <ele>8.0</ele>
        <time>2026-09-14T14:00:46.000Z</time>
        <speed>0.000</speed>
      </trkpt>
      <trkpt lat="50.5407801" lon="-5.0251641">
        <ele>8.0</ele>
        <time>2026-09-14T14:00:51.000Z</time>
        <speed>0.000</speed>
      </trkpt>
      <trkpt lat="50.5407801" lon="-5.0251641">
        <ele>8.4</ele>
        <time>2026-09-14T14:00:56.000Z</time>
        <speed>0.000</speed>
      </trkpt>
      <trkpt lat="50.5407801" lon="-5.0251641">
        <ele>8.0</ele>
        <time>2026-09-14T14:01:01.000Z</time>
        <speed>0.000</speed>
      </trkpt>
      <trkpt lat="50.5407801" lon="-5.0251641">
        <ele>8.4</ele>
        <time>2026-09-14T14:01:06.000Z</time>
        <speed>0.000</speed>
      </trkpt>
      <trkpt lat="50.5407801" lon="-5.0251641">
        <ele>8.2</ele>
        <time>2026-09-14T14:01:11.000Z</time>
        <speed>0.000</speed>
      </trkpt>
      <trkpt lat="50.5407801" lon="-5.0251641">
        <ele>7.8</ele>
        <time>2026-09-14T14:01:16.000Z</time>
        <speed>0.000</speed>
      </trkpt>
      <trkpt lat="50.5407801" lon="-5.0251641">
        <ele>8.2</ele>
        <time>2026-09-14T14:01:21.000Z</time>
        <speed>0.000</speed>
      </trkpt>
      <trkpt lat="50.5407801" lon="-5.0251641">
        <ele>7.8</ele>
        <time>2026-09-14T14:01:26.000Z</time>
        <speed>0.000</speed>
      </trkpt>
      <trkpt lat="50.5407801" lon="-5.0251641">
        <ele>7.8</ele>
        <time>2026-09-14T14:01:31.000Z</time>
        <speed>0.000</speed>
      </trkpt>
      <trkpt lat="50.5407801" lon="-5.0251641">
        <ele>7.8</ele>
        <time>2026-09-14T14:01:36.000Z</time>
        <speed>0.000</speed>
      </trkpt>
      <trkpt lat="50.5407801" lon="-5.0251641">
        <ele>8.0</ele>
        <time>2026-09-14T14:01:41.000Z</time>
        <speed>0.000</speed>
      </trkpt>
      <trkpt lat="50.5407801" lon="-5.0251641">
        <ele>8.0</ele>
        <time>2026-09-14T14:01:46.000Z</time>
        <speed>0.000</speed>
      </trkpt>
      <trkpt lat="50.5407801" lon="-5.0251641">
        <ele>8.2</ele>
        <time>2026-09-14T14:01:51.000Z</time>
        <speed>0.000</speed>
      </trkpt>
      <trkpt lat="50.5407801" lon="-5.0251641">
        <ele>8.0</ele>
        <time>2026-09-14T14:01:56.000Z</time>
        <speed>0.000</speed>
      </trkpt>
      <trkpt lat="50.5407801" lon="-5.0251641">
        <ele>8.0</ele>
        <time>2026-09-14T14:02:01.000Z</time>
        <speed>0.000</speed>
      </trkpt>
      <trkpt lat="50.5407801" lon="-5.0251641">
        <ele>7.8</ele>
        <time>2026-09-14T14:02:06.000Z</time>
        <speed>0.000</speed>
      </trkpt>
      <trkpt lat="50.5407801" lon="-5.0251641">
        <ele>8.2</ele>
        <time>2026-09-14T14:02:11.000Z</time>
        <speed>0.000</speed>
      </trkpt>
      <trkpt lat="50.5407801" lon="-5.0251641">
        <ele>7.8</ele>
        <time>2026-09-14T14:02:16.000Z</time>
        <speed>0.000</speed>
      </trkpt>
      <trkpt lat="50.5407801" lon="-5.0251641">
        <ele>7.8</ele>
        <time>2026-09-14T14:02:21.000Z</time>
        <speed>0.000</speed>
      </trkpt>
      <trkpt lat="50.5407801" lon="-5.0251641">
        <ele>7.8</ele>
        <time>2026-09-14T14:02:26.000Z</time>
        <speed>0.000</speed>
      </trkpt>
      <trkpt lat="50.5407801" lon="-5.0251641">
        <ele>8.0</ele>
        <time>2026-09-14T14:02:31.000Z</time>
        <speed>0.000</speed>
      </trkpt>
      <trkpt lat="50.5407799" lon="-5.0251650">
        <ele>8.0</ele>
        <time>2026-09-14T14:02:36.000Z</time>
        <speed>0.000</speed>
      </trkpt>
      <trkpt lat="50.5407801" lon="-5.0251641">
        <ele>8.0</ele>
        <time>2026-09-14T14:02:41.000Z</time>
        <speed>0.000</speed>
      </trkpt>
      <trkpt lat="50.5407801" lon="-5.0251641">
        <ele>7.8</ele>
        <time>2026-09-14T14:02:46.000Z</time>
        <speed>0.000</speed>
      </trkpt>
      <trkpt lat="50.5407801" lon="-5.0251641">
        <ele>8.6</ele>
        <time>2026-09-14T14:02:51.000Z</time>
        <speed>0.000</speed>
      </trkpt>
      <trkpt lat="50.5407801" lon="-5.0251641">
        <ele>8.6</ele>
        <time>2026-09-14T14:02:56.000Z</time>
        <speed>0.000</speed>
      </trkpt>
      <trkpt lat="50.5407801" lon="-5.0251641">
        <ele>8.6</ele>
        <time>2026-09-14T14:03:01.000Z</time>
        <speed>0.000</speed>
      </trkpt>
      <trkpt lat="50.5407801" lon="-5.0251641">
        <ele>7.8</ele>
        <time>2026-09-14T14:03:06.000Z</time>
        <speed>0.000</speed>
      </trkpt>
      <trkpt lat="50.5407801" lon="-5.0251641">
        <ele>7.8</ele>
        <time>2026-09-14T14:03:11.000Z</time>
        <speed>0.000</speed>
      </trkpt>
      <trkpt lat="50.5407801" lon="-5.0251641">
        <ele>8.2</ele>
        <time>2026-09-14T14:03:16.000Z</time>
        <speed>0.000</speed>
      </trkpt>
      <trkpt lat="50.5407801" lon="-5.0251641">
        <ele>7.8</ele>
        <time>2026-09-14T14:03:21.000Z</time>
        <speed>0.000</speed>
      </trkpt>
      <trkpt lat="50.5407801" lon="-5.0251641">
        <ele>7.6</ele>
        <time>2026-09-14T14:03:26.000Z</time>
        <speed>0.000</speed>
      </trkpt>
      <trkpt lat="50.5407801" lon="-5.0251641">
        <ele>7.6</ele>
        <time>2026-09-14T14:03:31.000Z</time>
        <speed>0.000</speed>
      </trkpt>
      <trkpt lat="50.5407801" lon="-5.0251641">
        <ele>8.0</ele>
        <time>2026-09-14T14:03:36.000Z</time>
        <speed>0.000</speed>
      </trkpt>
      <trkpt lat="50.5407801" lon="-5.0251641">
        <ele>8.0</ele>
        <time>2026-09-14T14:03:41.000Z</time>
        <speed>0.000</speed>
      </trkpt>
      <trkpt lat="50.5407801" lon="-5.0251641">
        <ele>9.0</ele>
        <time>2026-09-14T14:03:46.000Z</time>
        <speed>0.000</speed>
      </trkpt>
      <trkpt lat="50.5407801" lon="-5.0251641">
        <ele>8.6</ele>
        <time>2026-09-14T14:03:51.000Z</time>
        <speed>0.000</speed>
      </trkpt>
      <trkpt lat="50.5407801" lon="-5.0251641">
        <ele>8.2</ele>
        <time>2026-09-14T14:03:56.000Z</time>
        <speed>0.000</speed>
      </trkpt>
      <trkpt lat="50.5407801" lon="-5.0251641">
        <ele>9.0</ele>
        <time>2026-09-14T14:04:01.000Z</time>
        <speed>0.000</speed>
      </trkpt>
      <trkpt lat="50.5407801" lon="-5.0251641">
        <ele>8.6</ele>
        <time>2026-09-14T14:04:06.000Z</time>
        <speed>0.000</speed>
      </trkpt>
      <trkpt lat="50.5407801" lon="-5.0251641">
        <ele>8.6</ele>
        <time>2026-09-14T14:04:11.000Z</time>
        <speed>0.000</speed>
      </trkpt>
      <trkpt lat="50.5407801" lon="-5.0251641">
        <ele>8.4</ele>
        <time>2026-09-14T14:04:16.000Z</time>
        <speed>0.000</speed>
      </trkpt>
      <trkpt lat="50.5407801" lon="-5.0251641">
        <ele>8.2</ele>
        <time>2026-09-14T14:04:21.000Z</time>
        <speed>0.000</speed>
      </trkpt>
      <trkpt lat="50.5407801" lon="-5.0251641">
        <ele>8.2</ele>
        <time>2026-09-14T14:04:26.000Z</time>
        <speed>0.000</speed>
      </trkpt>
      <trkpt lat="50.5407801" lon="-5.0251641">
        <ele>8.6</ele>
        <time>2026-09-14T14:04:31.000Z</time>
        <speed>0.000</speed>
      </trkpt>
      <trkpt lat="50.5407801" lon="-5.0251641">
        <ele>8.4</ele>
        <time>2026-09-14T14:04:36.000Z</time>
        <speed>0.000</speed>
      </trkpt>
      <trkpt lat="50.5407801" lon="-5.0251641">
        <ele>8.6</ele>
        <time>2026-09-14T14:04:41.000Z</time>
        <speed>0.000</speed>
      </trkpt>
      <trkpt lat="50.5407801" lon="-5.0251641">
        <ele>8.8</ele>
        <time>2026-09-14T14:04:46.000Z</time>
        <speed>0.000</speed>
      </trkpt>
      <trkpt lat="50.5407733" lon="-5.0251745">
        <ele>8.2</ele>
        <time>2026-09-14T14:04:51.000Z</time>
        <speed>0.000</speed>
      </trkpt>
      <trkpt lat="50.5407801" lon="-5.0251641">
        <ele>8.0</ele>
        <time>2026-09-14T14:04:56.000Z</time>
        <speed>0.000</speed>
      </trkpt>
      <trkpt lat="50.5407801" lon="-5.0251641">
        <ele>8.0</ele>
        <time>2026-09-14T14:05:01.000Z</time>
        <speed>0.000</speed>
      </trkpt>
      <trkpt lat="50.5407801" lon="-5.0251641">
        <ele>8.2</ele>
        <time>2026-09-14T14:05:06.000Z</time>
        <speed>0.000</speed>
      </trkpt>
      <trkpt lat="50.5407801" lon="-5.0251641">
        <ele>8.0</ele>
        <time>2026-09-14T14:05:11.000Z</time>
        <speed>0.000</speed>
      </trkpt>
      <trkpt lat="50.5407801" lon="-5.0251641">
        <ele>8.0</ele>
        <time>2026-09-14T14:05:16.000Z</time>
        <speed>0.000</speed>
      </trkpt>
      <trkpt lat="50.5407801" lon="-5.0251641">
        <ele>8.2</ele>
        <time>2026-09-14T14:05:21.000Z</time>
        <speed>0.000</speed>
      </trkpt>
      <trkpt lat="50.5407801" lon="-5.0251641">
        <ele>8.2</ele>
        <time>2026-09-14T14:05:26.000Z</time>
        <speed>0.000</speed>
      </trkpt>
      <trkpt lat="50.5407801" lon="-5.0251641">
        <ele>8.0</ele>
        <time>2026-09-14T14:05:31.000Z</time>
        <speed>0.000</speed>
      </trkpt>
      <trkpt lat="50.5407801" lon="-5.0251641">
        <ele>8.0</ele>
        <time>2026-09-14T14:05:36.000Z</time>
        <speed>0.000</speed>
      </trkpt>
      <trkpt lat="50.5407801" lon="-5.0251641">
        <ele>7.8</ele>
        <time>2026-09-14T14:05:41.000Z</time>
        <speed>0.000</speed>
      </trkpt>
      <trkpt lat="50.5407801" lon="-5.0251641">
        <ele>7.8</ele>
        <time>2026-09-14T14:05:46.000Z</time>
        <speed>0.000</speed>
      </trkpt>
      <trkpt lat="50.5407801" lon="-5.0251641">
        <ele>8.0</ele>
        <time>2026-09-14T14:05:51.000Z</time>
        <speed>0.000</speed>
      </trkpt>
      <trkpt lat="50.5407801" lon="-5.0251641">
        <ele>8.0</ele>
        <time>2026-09-14T14:05:56.000Z</time>
        <speed>0.000</speed>
      </trkpt>
      <trkpt lat="50.5407801" lon="-5.0251641">
        <ele>8.0</ele>
        <time>2026-09-14T14:06:01.000Z</time>
        <speed>0.000</speed>
      </trkpt>
      <trkpt lat="50.5407801" lon="-5.0251641">
        <ele>7.8</ele>
        <time>2026-09-14T14:06:06.000Z</time>
        <speed>0.000</speed>
      </trkpt>
      <trkpt lat="50.5407801" lon="-5.0251641">
        <ele>8.0</ele>
        <time>2026-09-14T14:06:11.000Z</time>
        <speed>0.000</speed>
      </trkpt>
      <trkpt lat="50.5407801" lon="-5.0251641">
        <ele>7.8</ele>
        <time>2026-09-14T14:06:16.000Z</time>
        <speed>0.000</speed>
      </trkpt>
      <trkpt lat="50.5407801" lon="-5.0251641">
        <ele>7.8</ele>
        <time>2026-09-14T14:06:21.000Z</time>
        <speed>0.000</speed>
      </trkpt>
      <trkpt lat="50.5407801" lon="-5.0251641">
        <ele>7.6</ele>
        <time>2026-09-14T14:06:26.000Z</time>
        <speed>0.000</speed>
      </trkpt>
      <trkpt lat="50.5407801" lon="-5.0251641">
        <ele>7.4</ele>
        <time>2026-09-14T14:06:31.000Z</time>
        <speed>0.000</speed>
      </trkpt>
      <trkpt lat="50.5407801" lon="-5.0251641">
        <ele>7.6</ele>
        <time>2026-09-14T14:06:36.000Z</time>
        <speed>0.000</speed>
      </trkpt>
      <trkpt lat="50.5407801" lon="-5.0251641">
        <ele>7.6</ele>
        <time>2026-09-14T14:06:41.000Z</time>
        <speed>0.000</speed>
      </trkpt>
      <trkpt lat="50.5407735" lon="-5.0251674">
        <ele>8.0</ele>
        <time>2026-09-14T14:06:46.000Z</time>
        <speed>0.000</speed>
      </trkpt>
      <trkpt lat="50.5407644" lon="-5.0251719">
        <ele>9.2</ele>
        <time>2026-09-14T14:06:51.000Z</time>
        <speed>0.000</speed>
      </trkpt>
      <trkpt lat="50.5407610" lon="-5.0251918">
        <ele>9.0</ele>
        <time>2026-09-14T14:06:56.000Z</time>
        <speed>0.000</speed>
      </trkpt>
      <trkpt lat="50.5407636" lon="-5.0251924">
        <ele>8.4</ele>
        <time>2026-09-14T14:07:01.000Z</time>
        <speed>0.000</speed>
      </trkpt>
      <trkpt lat="50.5407610" lon="-5.0251917">
        <ele>8.6</ele>
        <time>2026-09-14T14:07:06.000Z</time>
        <speed>0.000</speed>
      </trkpt>
      <trkpt lat="50.5407610" lon="-5.0251917">
        <ele>8.6</ele>
        <time>2026-09-14T14:07:11.000Z</time>
        <speed>0.000</speed>
      </trkpt>
      <trkpt lat="50.5407610" lon="-5.0251917">
        <ele>8.4</ele>
        <time>2026-09-14T14:07:16.000Z</time>
        <speed>0.000</speed>
      </trkpt>
      <trkpt lat="50.5407610" lon="-5.0251917">
        <ele>8.4</ele>
        <time>2026-09-14T14:07:21.000Z</time>
        <speed>0.000</speed>
      </trkpt>
      <trkpt lat="50.5407610" lon="-5.0251917">
        <ele>8.4</ele>
        <time>2026-09-14T14:07:26.000Z</time>
        <speed>0.000</speed>
      </trkpt>
      <trkpt lat="50.5407610" lon="-5.0251917">
        <ele>8.6</ele>
        <time>2026-09-14T14:07:31.000Z</time>
        <speed>0.000</speed>
      </trkpt>
      <trkpt lat="50.5407610" lon="-5.0251917">
        <ele>8.4</ele>
        <time>2026-09-14T14:07:36.000Z</time>
        <speed>0.000</speed>
      </trkpt>
      <trkpt lat="50.5407610" lon="-5.0251917">
        <ele>8.4</ele>
        <time>2026-09-14T14:07:41.000Z</time>
        <speed>0.000</speed>
      </trkpt>
      <trkpt lat="50.5407610" lon="-5.0251917">
        <ele>8.2</ele>
        <time>2026-09-14T14:07:46.000Z</time>
        <speed>0.000</speed>
      </trkpt>
      <trkpt lat="50.5407610" lon="-5.0251917">
        <ele>8.4</ele>
        <time>2026-09-14T14:07:51.000Z</time>
        <speed>0.000</speed>
      </trkpt>
      <trkpt lat="50.5407777" lon="-5.0251882">
        <ele>8.6</ele>
        <time>2026-09-14T14:07:56.000Z</time>
        <speed>0.000</speed>
      </trkpt>
      <trkpt lat="50.5408018" lon="-5.0251296">
        <ele>10.0</ele>
        <time>2026-09-14T14:08:01.000Z</time>
        <speed>0.000</speed>
      </trkpt>
      <trkpt lat="50.5408318" lon="-5.0251096">
        <ele>10.0</ele>
        <time>2026-09-14T14:08:06.000Z</time>
        <speed>0.280</speed>
      </trkpt>
      <trkpt lat="50.5408531" lon="-5.0251134">
        <ele>10.2</ele>
        <time>2026-09-14T14:08:11.000Z</time>
        <speed>0.000</speed>
      </trkpt>
      <trkpt lat="50.5408736" lon="-5.0251259">
        <ele>10.2</ele>
        <time>2026-09-14T14:08:16.000Z</time>
        <speed>0.000</speed>
      </trkpt>
      <trkpt lat="50.5408927" lon="-5.0251309">
        <ele>9.4</ele>
        <time>2026-09-14T14:08:21.000Z</time>
        <speed>0.000</speed>
      </trkpt>
      <trkpt lat="50.5409536" lon="-5.0251461">
        <ele>8.6</ele>
        <time>2026-09-14T14:08:26.000Z</time>
        <speed>1.568</speed>
      </trkpt>
      <trkpt lat="50.5410213" lon="-5.0251538">
        <ele>9.4</ele>
        <time>2026-09-14T14:08:31.000Z</time>
        <speed>1.530</speed>
      </trkpt>
      <trkpt lat="50.5410664" lon="-5.0251513">
        <ele>10.2</ele>
        <time>2026-09-14T14:08:36.000Z</time>
        <speed>1.222</speed>
      </trkpt>
      <trkpt lat="50.5411153" lon="-5.0251271">
        <ele>10.4</ele>
        <time>2026-09-14T14:08:41.000Z</time>
        <speed>1.204</speed>
      </trkpt>
      <trkpt lat="50.5411563" lon="-5.0251475">
        <ele>10.0</ele>
        <time>2026-09-14T14:08:46.000Z</time>
        <speed>1.185</speed>
      </trkpt>
      <trkpt lat="50.5411877" lon="-5.0252131">
        <ele>10.4</ele>
        <time>2026-09-14T14:08:51.000Z</time>
        <speed>1.204</speed>
      </trkpt>
      <trkpt lat="50.5412417" lon="-5.0252654">
        <ele>10.6</ele>
        <time>2026-09-14T14:08:56.000Z</time>
        <speed>1.288</speed>
      </trkpt>
      <trkpt lat="50.5412916" lon="-5.0252979">
        <ele>10.8</ele>
        <time>2026-09-14T14:09:01.000Z</time>
        <speed>1.260</speed>
      </trkpt>
      <trkpt lat="50.5413299" lon="-5.0253452">
        <ele>10.6</ele>
        <time>2026-09-14T14:09:06.000Z</time>
        <speed>1.297</speed>
      </trkpt>
      <trkpt lat="50.5413605" lon="-5.0254165">
        <ele>12.0</ele>
        <time>2026-09-14T14:09:11.000Z</time>
        <speed>1.288</speed>
      </trkpt>
      <trkpt lat="50.5413953" lon="-5.0254949">
        <ele>11.6</ele>
        <time>2026-09-14T14:09:16.000Z</time>
        <speed>1.288</speed>
      </trkpt>
      <trkpt lat="50.5414350" lon="-5.0255665">
        <ele>11.8</ele>
        <time>2026-09-14T14:09:21.000Z</time>
        <speed>1.297</speed>
      </trkpt>
      <trkpt lat="50.5414420" lon="-5.0255541">
        <ele>12.2</ele>
        <time>2026-09-14T14:09:26.000Z</time>
        <speed>1.204</speed>
      </trkpt>
      <trkpt lat="50.5414419" lon="-5.0255542">
        <ele>12.2</ele>
        <time>2026-09-14T14:09:31.000Z</time>
        <speed>0.000</speed>
      </trkpt>
      <trkpt lat="50.5414419" lon="-5.0255542">
        <ele>12.2</ele>
        <time>2026-09-14T14:09:36.000Z</time>
        <speed>0.000</speed>
      </trkpt>
      <trkpt lat="50.5414419" lon="-5.0255542">
        <ele>12.2</ele>
        <time>2026-09-14T14:09:41.000Z</time>
        <speed>0.000</speed>
      </trkpt>
      <trkpt lat="50.5414679" lon="-5.0256228">
        <ele>11.6</ele>
        <time>2026-09-14T14:09:46.000Z</time>
        <speed>0.000</speed>
      </trkpt>
      <trkpt lat="50.5415152" lon="-5.0256744">
        <ele>11.6</ele>
        <time>2026-09-14T14:09:51.000Z</time>
        <speed>1.474</speed>
      </trkpt>
      <trkpt lat="50.5415498" lon="-5.0257397">
        <ele>12.2</ele>
        <time>2026-09-14T14:09:56.000Z</time>
        <speed>1.232</speed>
      </trkpt>
      <trkpt lat="50.5416038" lon="-5.0257939">
        <ele>12.2</ele>
        <time>2026-09-14T14:10:01.000Z</time>
        <speed>1.418</speed>
      </trkpt>
      <trkpt lat="50.5416442" lon="-5.0258312">
        <ele>12.8</ele>
        <time>2026-09-14T14:10:06.000Z</time>
        <speed>1.297</speed>
      </trkpt>
      <trkpt lat="50.5416941" lon="-5.0258896">
        <ele>12.6</ele>
        <time>2026-09-14T14:10:11.000Z</time>
        <speed>1.325</speed>
      </trkpt>
      <trkpt lat="50.5417320" lon="-5.0259446">
        <ele>12.8</ele>
        <time>2026-09-14T14:10:16.000Z</time>
        <speed>1.316</speed>
      </trkpt>
      <trkpt lat="50.5417676" lon="-5.0260315">
        <ele>13.0</ele>
        <time>2026-09-14T14:10:21.000Z</time>
        <speed>1.400</speed>
      </trkpt>
      <trkpt lat="50.5417959" lon="-5.0260838">
        <ele>13.6</ele>
        <time>2026-09-14T14:10:26.000Z</time>
        <speed>1.269</speed>
      </trkpt>
      <trkpt lat="50.5418293" lon="-5.0261294">
        <ele>13.8</ele>
        <time>2026-09-14T14:10:31.000Z</time>
        <speed>1.250</speed>
      </trkpt>
      <trkpt lat="50.5418497" lon="-5.0261517">
        <ele>14.2</ele>
        <time>2026-09-14T14:10:36.000Z</time>
        <speed>1.008</speed>
      </trkpt>
      <trkpt lat="50.5418279" lon="-5.0261574">
        <ele>14.2</ele>
        <time>2026-09-14T14:10:41.000Z</time>
        <speed>0.840</speed>
      </trkpt>
      <trkpt lat="50.5418279" lon="-5.0261574">
        <ele>13.8</ele>
        <time>2026-09-14T14:10:46.000Z</time>
        <speed>0.000</speed>
      </trkpt>
      <trkpt lat="50.5418279" lon="-5.0261574">
        <ele>14.0</ele>
        <time>2026-09-14T14:10:51.000Z</time>
        <speed>0.000</speed>
      </trkpt>
      <trkpt lat="50.5418279" lon="-5.0261574">
        <ele>13.8</ele>
        <time>2026-09-14T14:10:56.000Z</time>
        <speed>0.000</speed>
      </trkpt>
      <trkpt lat="50.5418319" lon="-5.0261089">
        <ele>13.8</ele>
        <time>2026-09-14T14:11:01.000Z</time>
        <speed>0.000</speed>
      </trkpt>
      <trkpt lat="50.5418651" lon="-5.0260295">
        <ele>13.8</ele>
        <time>2026-09-14T14:11:06.000Z</time>
        <speed>1.344</speed>
      </trkpt>
      <trkpt lat="50.5419021" lon="-5.0259524">
        <ele>13.8</ele>
        <time>2026-09-14T14:11:11.000Z</time>
        <speed>1.297</speed>
      </trkpt>
      <trkpt lat="50.5419257" lon="-5.0259000">
        <ele>14.2</ele>
        <time>2026-09-14T14:11:16.000Z</time>
        <speed>1.269</speed>
      </trkpt>
      <trkpt lat="50.5419287" lon="-5.0258915">
        <ele>14.2</ele>
        <time>2026-09-14T14:11:21.000Z</time>
        <speed>0.000</speed>
      </trkpt>
      <trkpt lat="50.5419627" lon="-5.0258263">
        <ele>14.4</ele>
        <time>2026-09-14T14:11:26.000Z</time>
        <speed>1.222</speed>
      </trkpt>
      <trkpt lat="50.5419943" lon="-5.0257513">
        <ele>14.8</ele>
        <time>2026-09-14T14:11:31.000Z</time>
        <speed>1.269</speed>
      </trkpt>
      <trkpt lat="50.5420240" lon="-5.0256937">
        <ele>15.2</ele>
        <time>2026-09-14T14:11:36.000Z</time>
        <speed>1.166</speed>
      </trkpt>
      <trkpt lat="50.5420586" lon="-5.0256285">
        <ele>15.4</ele>
        <time>2026-09-14T14:11:41.000Z</time>
        <speed>1.166</speed>
      </trkpt>
      <trkpt lat="50.5420945" lon="-5.0255811">
        <ele>15.6</ele>
        <time>2026-09-14T14:11:46.000Z</time>
        <speed>1.176</speed>
      </trkpt>
      <trkpt lat="50.5421242" lon="-5.0255352">
        <ele>15.4</ele>
        <time>2026-09-14T14:11:51.000Z</time>
        <speed>1.017</speed>
      </trkpt>
      <trkpt lat="50.5421663" lon="-5.0254743">
        <ele>15.8</ele>
        <time>2026-09-14T14:11:56.000Z</time>
        <speed>1.166</speed>
      </trkpt>
      <trkpt lat="50.5422065" lon="-5.0254054">
        <ele>15.8</ele>
        <time>2026-09-14T14:12:01.000Z</time>
        <speed>1.194</speed>
      </trkpt>
      <trkpt lat="50.5422450" lon="-5.0253389">
        <ele>16.0</ele>
        <time>2026-09-14T14:12:06.000Z</time>
        <speed>1.185</speed>
      </trkpt>
      <trkpt lat="50.5422777" lon="-5.0252813">
        <ele>16.0</ele>
        <time>2026-09-14T14:12:11.000Z</time>
        <speed>1.176</speed>
      </trkpt>
      <trkpt lat="50.5423005" lon="-5.0252514">
        <ele>16.6</ele>
        <time>2026-09-14T14:12:16.000Z</time>
        <speed>1.129</speed>
      </trkpt>
      <trkpt lat="50.5423286" lon="-5.0251923">
        <ele>16.6</ele>
        <time>2026-09-14T14:12:21.000Z</time>
        <speed>1.082</speed>
      </trkpt>
      <trkpt lat="50.5423580" lon="-5.0251310">
        <ele>16.8</ele>
        <time>2026-09-14T14:12:26.000Z</time>
        <speed>1.045</speed>
      </trkpt>
      <trkpt lat="50.5423828" lon="-5.0250655">
        <ele>17.2</ele>
        <time>2026-09-14T14:12:31.000Z</time>
        <speed>1.073</speed>
      </trkpt>
      <trkpt lat="50.5424026" lon="-5.0250317">
        <ele>17.0</ele>
        <time>2026-09-14T14:12:36.000Z</time>
        <speed>0.000</speed>
      </trkpt>
      <trkpt lat="50.5424394" lon="-5.0249722">
        <ele>17.2</ele>
        <time>2026-09-14T14:12:41.000Z</time>
        <speed>1.222</speed>
      </trkpt>
      <trkpt lat="50.5424702" lon="-5.0249264">
        <ele>17.2</ele>
        <time>2026-09-14T14:12:46.000Z</time>
        <speed>1.110</speed>
      </trkpt>
      <trkpt lat="50.5425176" lon="-5.0248420">
        <ele>17.6</ele>
        <time>2026-09-14T14:12:51.000Z</time>
        <speed>1.250</speed>
      </trkpt>
      <trkpt lat="50.5425609" lon="-5.0247810">
        <ele>17.8</ele>
        <time>2026-09-14T14:12:56.000Z</time>
        <speed>1.250</speed>
      </trkpt>
      <trkpt lat="50.5425844" lon="-5.0247266">
        <ele>18.0</ele>
        <time>2026-09-14T14:13:01.000Z</time>
        <speed>1.194</speed>
      </trkpt>
      <trkpt lat="50.5426103" lon="-5.0246596">
        <ele>17.8</ele>
        <time>2026-09-14T14:13:06.000Z</time>
        <speed>1.166</speed>
      </trkpt>
      <trkpt lat="50.5426387" lon="-5.0245853">
        <ele>18.0</ele>
        <time>2026-09-14T14:13:11.000Z</time>
        <speed>1.194</speed>
      </trkpt>
      <trkpt lat="50.5426786" lon="-5.0245187">
        <ele>18.4</ele>
        <time>2026-09-14T14:13:16.000Z</time>
        <speed>1.213</speed>
      </trkpt>
      <trkpt lat="50.5427192" lon="-5.0244539">
        <ele>18.4</ele>
        <time>2026-09-14T14:13:21.000Z</time>
        <speed>1.222</speed>
      </trkpt>
      <trkpt lat="50.5427501" lon="-5.0244049">
        <ele>18.4</ele>
        <time>2026-09-14T14:13:26.000Z</time>
        <speed>1.213</speed>
      </trkpt>
      <trkpt lat="50.5427830" lon="-5.0243421">
        <ele>18.6</ele>
        <time>2026-09-14T14:13:31.000Z</time>
        <speed>1.194</speed>
      </trkpt>
      <trkpt lat="50.5428165" lon="-5.0242593">
        <ele>18.8</ele>
        <time>2026-09-14T14:13:36.000Z</time>
        <speed>1.213</speed>
      </trkpt>
      <trkpt lat="50.5428511" lon="-5.0241871">
        <ele>19.0</ele>
        <time>2026-09-14T14:13:41.000Z</time>
        <speed>1.222</speed>
      </trkpt>
      <trkpt lat="50.5428852" lon="-5.0241175">
        <ele>19.2</ele>
        <time>2026-09-14T14:13:46.000Z</time>
        <speed>1.222</speed>
      </trkpt>
      <trkpt lat="50.5429200" lon="-5.0240575">
        <ele>19.2</ele>
        <time>2026-09-14T14:13:51.000Z</time>
        <speed>1.213</speed>
      </trkpt>
      <trkpt lat="50.5429540" lon="-5.0239855">
        <ele>19.6</ele>
        <time>2026-09-14T14:13:56.000Z</time>
        <speed>1.213</speed>
      </trkpt>
      <trkpt lat="50.5429923" lon="-5.0239250">
        <ele>19.8</ele>
        <time>2026-09-14T14:14:01.000Z</time>
        <speed>1.204</speed>
      </trkpt>
      <trkpt lat="50.5430267" lon="-5.0238585">
        <ele>19.6</ele>
        <time>2026-09-14T14:14:06.000Z</time>
        <speed>1.213</speed>
      </trkpt>
      <trkpt lat="50.5430656" lon="-5.0237879">
        <ele>19.8</ele>
        <time>2026-09-14T14:14:11.000Z</time>
        <speed>1.232</speed>
      </trkpt>
      <trkpt lat="50.5431041" lon="-5.0237286">
        <ele>20.0</ele>
        <time>2026-09-14T14:14:16.000Z</time>
        <speed>1.222</speed>
      </trkpt>
      <trkpt lat="50.5431377" lon="-5.0236657">
        <ele>20.2</ele>
        <time>2026-09-14T14:14:21.000Z</time>
        <speed>1.204</speed>
      </trkpt>
      <trkpt lat="50.5431776" lon="-5.0236010">
        <ele>20.2</ele>
        <time>2026-09-14T14:14:26.000Z</time>
        <speed>1.232</speed>
      </trkpt>
      <trkpt lat="50.5432044" lon="-5.0235392">
        <ele>20.2</ele>
        <time>2026-09-14T14:14:31.000Z</time>
        <speed>1.176</speed>
      </trkpt>
      <trkpt lat="50.5432386" lon="-5.0234748">
        <ele>20.2</ele>
        <time>2026-09-14T14:14:36.000Z</time>
        <speed>1.185</speed>
      </trkpt>
      <trkpt lat="50.5432689" lon="-5.0234223">
        <ele>20.6</ele>
        <time>2026-09-14T14:14:41.000Z</time>
        <speed>1.129</speed>
      </trkpt>
      <trkpt lat="50.5433016" lon="-5.0233541">
        <ele>20.8</ele>
        <time>2026-09-14T14:14:46.000Z</time>
        <speed>1.148</speed>
      </trkpt>
      <trkpt lat="50.5433268" lon="-5.0232835">
        <ele>20.8</ele>
        <time>2026-09-14T14:14:51.000Z</time>
        <speed>1.157</speed>
      </trkpt>
      <trkpt lat="50.5433679" lon="-5.0231900">
        <ele>21.2</ele>
        <time>2026-09-14T14:14:56.000Z</time>
        <speed>1.232</speed>
      </trkpt>
      <trkpt lat="50.5433950" lon="-5.0231199">
        <ele>21.6</ele>
        <time>2026-09-14T14:15:01.000Z</time>
        <speed>1.241</speed>
      </trkpt>
      <trkpt lat="50.5434252" lon="-5.0230848">
        <ele>21.8</ele>
        <time>2026-09-14T14:15:06.000Z</time>
        <speed>1.157</speed>
      </trkpt>
      <trkpt lat="50.5434604" lon="-5.0230501">
        <ele>22.2</ele>
        <time>2026-09-14T14:15:11.000Z</time>
        <speed>1.092</speed>
      </trkpt>
      <trkpt lat="50.5434679" lon="-5.0230300">
        <ele>22.0</ele>
        <time>2026-09-14T14:15:16.000Z</time>
        <speed>0.000</speed>
      </trkpt>
      <trkpt lat="50.5435034" lon="-5.0229815">
        <ele>22.0</ele>
        <time>2026-09-14T14:15:21.000Z</time>
        <speed>0.401</speed>
      </trkpt>
      <trkpt lat="50.5435371" lon="-5.0229224">
        <ele>22.8</ele>
        <time>2026-09-14T14:15:26.000Z</time>
        <speed>1.101</speed>
      </trkpt>
      <trkpt lat="50.5435589" lon="-5.0228696">
        <ele>22.8</ele>
        <time>2026-09-14T14:15:31.000Z</time>
        <speed>1.026</speed>
      </trkpt>
      <trkpt lat="50.5435865" lon="-5.0228188">
        <ele>22.8</ele>
        <time>2026-09-14T14:15:36.000Z</time>
        <speed>0.980</speed>
      </trkpt>
      <trkpt lat="50.5436147" lon="-5.0227587">
        <ele>23.2</ele>
        <time>2026-09-14T14:15:41.000Z</time>
        <speed>0.989</speed>
      </trkpt>
      <trkpt lat="50.5436520" lon="-5.0226893">
        <ele>23.0</ele>
        <time>2026-09-14T14:15:46.000Z</time>
        <speed>1.064</speed>
      </trkpt>
      <trkpt lat="50.5436919" lon="-5.0226215">
        <ele>23.2</ele>
        <time>2026-09-14T14:15:51.000Z</time>
        <speed>1.232</speed>
      </trkpt>
      <trkpt lat="50.5437188" lon="-5.0225584">
        <ele>23.4</ele>
        <time>2026-09-14T14:15:56.000Z</time>
        <speed>1.241</speed>
      </trkpt>
      <trkpt lat="50.5437557" lon="-5.0224940">
        <ele>23.8</ele>
        <time>2026-09-14T14:16:01.000Z</time>
        <speed>1.204</speed>
      </trkpt>
      <trkpt lat="50.5437958" lon="-5.0224152">
        <ele>24.2</ele>
        <time>2026-09-14T14:16:06.000Z</time>
        <speed>1.250</speed>
      </trkpt>
      <trkpt lat="50.5438357" lon="-5.0223500">
        <ele>24.6</ele>
        <time>2026-09-14T14:16:11.000Z</time>
        <speed>1.260</speed>
      </trkpt>
      <trkpt lat="50.5438811" lon="-5.0222942">
        <ele>24.4</ele>
        <time>2026-09-14T14:16:16.000Z</time>
        <speed>1.278</speed>
      </trkpt>
      <trkpt lat="50.5439290" lon="-5.0222272">
        <ele>24.2</ele>
        <time>2026-09-14T14:16:21.000Z</time>
        <speed>1.297</speed>
      </trkpt>
      <trkpt lat="50.5439832" lon="-5.0221677">
        <ele>24.8</ele>
        <time>2026-09-14T14:16:26.000Z</time>
        <speed>1.306</speed>
      </trkpt>
      <trkpt lat="50.5440245" lon="-5.0220941">
        <ele>24.6</ele>
        <time>2026-09-14T14:16:31.000Z</time>
        <speed>1.325</speed>
      </trkpt>
      <trkpt lat="50.5440664" lon="-5.0220394">
        <ele>24.8</ele>
        <time>2026-09-14T14:16:36.000Z</time>
        <speed>1.316</speed>
      </trkpt>
      <trkpt lat="50.5441051" lon="-5.0219843">
        <ele>25.0</ele>
        <time>2026-09-14T14:16:41.000Z</time>
        <speed>1.278</speed>
      </trkpt>
      <trkpt lat="50.5441506" lon="-5.0219199">
        <ele>25.0</ele>
        <time>2026-09-14T14:16:46.000Z</time>
        <speed>1.288</speed>
      </trkpt>
      <trkpt lat="50.5441866" lon="-5.0218686">
        <ele>25.2</ele>
        <time>2026-09-14T14:16:51.000Z</time>
        <speed>1.297</speed>
      </trkpt>
      <trkpt lat="50.5442213" lon="-5.0218188">
        <ele>25.2</ele>
        <time>2026-09-14T14:16:56.000Z</time>
        <speed>1.250</speed>
      </trkpt>
      <trkpt lat="50.5442767" lon="-5.0217323">
        <ele>25.0</ele>
        <time>2026-09-14T14:17:01.000Z</time>
        <speed>1.288</speed>
      </trkpt>
      <trkpt lat="50.5443249" lon="-5.0216703">
        <ele>24.8</ele>
        <time>2026-09-14T14:17:06.000Z</time>
        <speed>1.316</speed>
      </trkpt>
      <trkpt lat="50.5443676" lon="-5.0216411">
        <ele>24.8</ele>
        <time>2026-09-14T14:17:11.000Z</time>
        <speed>1.297</speed>
      </trkpt>
      <trkpt lat="50.5444201" lon="-5.0216166">
        <ele>24.8</ele>
        <time>2026-09-14T14:17:16.000Z</time>
        <speed>1.278</speed>
      </trkpt>
      <trkpt lat="50.5444646" lon="-5.0216026">
        <ele>24.8</ele>
        <time>2026-09-14T14:17:21.000Z</time>
        <speed>1.260</speed>
      </trkpt>
      <trkpt lat="50.5444880" lon="-5.0215801">
        <ele>25.0</ele>
        <time>2026-09-14T14:17:26.000Z</time>
        <speed>0.000</speed>
      </trkpt>
      <trkpt lat="50.5444950" lon="-5.0215775">
        <ele>24.4</ele>
        <time>2026-09-14T14:17:31.000Z</time>
        <speed>0.000</speed>
      </trkpt>
      <trkpt lat="50.5444988" lon="-5.0215624">
        <ele>24.4</ele>
        <time>2026-09-14T14:17:36.000Z</time>
        <speed>0.000</speed>
      </trkpt>
      <trkpt lat="50.5445301" lon="-5.0215015">
        <ele>24.4</ele>
        <time>2026-09-14T14:17:41.000Z</time>
        <speed>0.000</speed>
      </trkpt>
      <trkpt lat="50.5445339" lon="-5.0214984">
        <ele>24.8</ele>
        <time>2026-09-14T14:17:46.000Z</time>
        <speed>0.000</speed>
      </trkpt>
      <trkpt lat="50.5445398" lon="-5.0214779">
        <ele>24.8</ele>
        <time>2026-09-14T14:17:51.000Z</time>
        <speed>0.000</speed>
      </trkpt>
      <trkpt lat="50.5445632" lon="-5.0213979">
        <ele>24.8</ele>
        <time>2026-09-14T14:17:56.000Z</time>
        <speed>1.120</speed>
      </trkpt>
      <trkpt lat="50.5445919" lon="-5.0213114">
        <ele>24.8</ele>
        <time>2026-09-14T14:18:01.000Z</time>
        <speed>1.316</speed>
      </trkpt>
      <trkpt lat="50.5446411" lon="-5.0212605">
        <ele>24.4</ele>
        <time>2026-09-14T14:18:06.000Z</time>
        <speed>1.344</speed>
      </trkpt>
      <trkpt lat="50.5446859" lon="-5.0212156">
        <ele>24.2</ele>
        <time>2026-09-14T14:18:11.000Z</time>
        <speed>1.316</speed>
      </trkpt>
      <trkpt lat="50.5447327" lon="-5.0211710">
        <ele>24.2</ele>
        <time>2026-09-14T14:18:16.000Z</time>
        <speed>1.278</speed>
      </trkpt>
      <trkpt lat="50.5447843" lon="-5.0211277">
        <ele>24.2</ele>
        <time>2026-09-14T14:18:21.000Z</time>
        <speed>1.269</speed>
      </trkpt>
      <trkpt lat="50.5448340" lon="-5.0210752">
        <ele>24.0</ele>
        <time>2026-09-14T14:18:26.000Z</time>
        <speed>1.353</speed>
      </trkpt>
      <trkpt lat="50.5448852" lon="-5.0210292">
        <ele>23.8</ele>
        <time>2026-09-14T14:18:31.000Z</time>
        <speed>1.325</speed>
      </trkpt>
      <trkpt lat="50.5449334" lon="-5.0209880">
        <ele>23.8</ele>
        <time>2026-09-14T14:18:36.000Z</time>
        <speed>1.316</speed>
      </trkpt>
      <trkpt lat="50.5449887" lon="-5.0209353">
        <ele>23.6</ele>
        <time>2026-09-14T14:18:41.000Z</time>
        <speed>1.325</speed>
      </trkpt>
      <trkpt lat="50.5450451" lon="-5.0208950">
        <ele>23.8</ele>
        <time>2026-09-14T14:18:46.000Z</time>
        <speed>1.344</speed>
      </trkpt>
      <trkpt lat="50.5451065" lon="-5.0208312">
        <ele>23.6</ele>
        <time>2026-09-14T14:18:51.000Z</time>
        <speed>1.400</speed>
      </trkpt>
      <trkpt lat="50.5451513" lon="-5.0207929">
        <ele>23.4</ele>
        <time>2026-09-14T14:18:56.000Z</time>
        <speed>1.381</speed>
      </trkpt>
      <trkpt lat="50.5452028" lon="-5.0207470">
        <ele>23.2</ele>
        <time>2026-09-14T14:19:01.000Z</time>
        <speed>1.334</speed>
      </trkpt>
      <trkpt lat="50.5452532" lon="-5.0207112">
        <ele>23.2</ele>
        <time>2026-09-14T14:19:06.000Z</time>
        <speed>1.269</speed>
      </trkpt>
      <trkpt lat="50.5453151" lon="-5.0206582">
        <ele>23.0</ele>
        <time>2026-09-14T14:19:11.000Z</time>
        <speed>1.362</speed>
      </trkpt>
      <trkpt lat="50.5453684" lon="-5.0206145">
        <ele>22.8</ele>
        <time>2026-09-14T14:19:16.000Z</time>
        <speed>1.372</speed>
      </trkpt>
      <trkpt lat="50.5454130" lon="-5.0205644">
        <ele>22.6</ele>
        <time>2026-09-14T14:19:21.000Z</time>
        <speed>1.334</speed>
      </trkpt>
      <trkpt lat="50.5454603" lon="-5.0205221">
        <ele>22.6</ele>
        <time>2026-09-14T14:19:26.000Z</time>
        <speed>1.334</speed>
      </trkpt>
      <trkpt lat="50.5455076" lon="-5.0204743">
        <ele>22.2</ele>
        <time>2026-09-14T14:19:31.000Z</time>
        <speed>1.316</speed>
      </trkpt>
      <trkpt lat="50.5455493" lon="-5.0204347">
        <ele>21.6</ele>
        <time>2026-09-14T14:19:36.000Z</time>
        <speed>1.288</speed>
      </trkpt>
      <trkpt lat="50.5455976" lon="-5.0203931">
        <ele>21.2</ele>
        <time>2026-09-14T14:19:41.000Z</time>
        <speed>1.269</speed>
      </trkpt>
      <trkpt lat="50.5456464" lon="-5.0203613">
        <ele>21.6</ele>
        <time>2026-09-14T14:19:46.000Z</time>
        <speed>1.232</speed>
      </trkpt>
      <trkpt lat="50.5456826" lon="-5.0203265">
        <ele>21.2</ele>
        <time>2026-09-14T14:19:51.000Z</time>
        <speed>1.204</speed>
      </trkpt>
      <trkpt lat="50.5457005" lon="-5.0203234">
        <ele>20.2</ele>
        <time>2026-09-14T14:19:56.000Z</time>
        <speed>0.000</speed>
      </trkpt>
      <trkpt lat="50.5456964" lon="-5.0203162">
        <ele>20.6</ele>
        <time>2026-09-14T14:20:01.000Z</time>
        <speed>0.000</speed>
      </trkpt>
      <trkpt lat="50.5456928" lon="-5.0202713">
        <ele>20.8</ele>
        <time>2026-09-14T14:20:06.000Z</time>
        <speed>0.000</speed>
      </trkpt>
      <trkpt lat="50.5456928" lon="-5.0202713">
        <ele>20.8</ele>
        <time>2026-09-14T14:20:11.000Z</time>
        <speed>0.000</speed>
      </trkpt>
      <trkpt lat="50.5456928" lon="-5.0202713">
        <ele>20.6</ele>
        <time>2026-09-14T14:20:16.000Z</time>
        <speed>0.000</speed>
      </trkpt>
      <trkpt lat="50.5457018" lon="-5.0202138">
        <ele>20.4</ele>
        <time>2026-09-14T14:20:21.000Z</time>
        <speed>0.000</speed>
      </trkpt>
      <trkpt lat="50.5457089" lon="-5.0201444">
        <ele>20.4</ele>
        <time>2026-09-14T14:20:26.000Z</time>
        <speed>0.662</speed>
      </trkpt>
      <trkpt lat="50.5457223" lon="-5.0201082">
        <ele>20.4</ele>
        <time>2026-09-14T14:20:31.000Z</time>
        <speed>0.644</speed>
      </trkpt>
      <trkpt lat="50.5457199" lon="-5.0200811">
        <ele>20.0</ele>
        <time>2026-09-14T14:20:36.000Z</time>
        <speed>0.000</speed>
      </trkpt>
      <trkpt lat="50.5457211" lon="-5.0200491">
        <ele>19.6</ele>
        <time>2026-09-14T14:20:41.000Z</time>
        <speed>0.000</speed>
      </trkpt>
      <trkpt lat="50.5457245" lon="-5.0200474">
        <ele>19.2</ele>
        <time>2026-09-14T14:20:46.000Z</time>
        <speed>0.000</speed>
      </trkpt>
      <trkpt lat="50.5457245" lon="-5.0200474">
        <ele>19.2</ele>
        <time>2026-09-14T14:20:51.000Z</time>
        <speed>0.000</speed>
      </trkpt>
      <trkpt lat="50.5457245" lon="-5.0200474">
        <ele>19.2</ele>
        <time>2026-09-14T14:20:56.000Z</time>
        <speed>0.000</speed>
      </trkpt>
      <trkpt lat="50.5457245" lon="-5.0200474">
        <ele>19.2</ele>
        <time>2026-09-14T14:21:01.000Z</time>
        <speed>0.000</speed>
      </trkpt>
      <trkpt lat="50.5457245" lon="-5.0200474">
        <ele>19.2</ele>
        <time>2026-09-14T14:21:06.000Z</time>
        <speed>0.000</speed>
      </trkpt>
      <trkpt lat="50.5457245" lon="-5.0200474">
        <ele>19.0</ele>
        <time>2026-09-14T14:21:11.000Z</time>
        <speed>0.000</speed>
      </trkpt>
      <trkpt lat="50.5457245" lon="-5.0200474">
        <ele>19.2</ele>
        <time>2026-09-14T14:21:16.000Z</time>
        <speed>0.000</speed>
      </trkpt>
      <trkpt lat="50.5457245" lon="-5.0200474">
        <ele>19.2</ele>
        <time>2026-09-14T14:21:21.000Z</time>
        <speed>0.000</speed>
      </trkpt>
      <trkpt lat="50.5457245" lon="-5.0200474">
        <ele>19.2</ele>
        <time>2026-09-14T14:21:26.000Z</time>
        <speed>0.000</speed>
      </trkpt>
      <trkpt lat="50.5457245" lon="-5.0200474">
        <ele>19.2</ele>
        <time>2026-09-14T14:21:31.000Z</time>
        <speed>0.000</speed>
      </trkpt>
      <trkpt lat="50.5457245" lon="-5.0200474">
        <ele>19.2</ele>
        <time>2026-09-14T14:21:36.000Z</time>
        <speed>0.000</speed>
      </trkpt>
      <trkpt lat="50.5457245" lon="-5.0200474">
        <ele>19.2</ele>
        <time>2026-09-14T14:21:41.000Z</time>
        <speed>0.000</speed>
      </trkpt>
      <trkpt lat="50.5457245" lon="-5.0200474">
        <ele>19.0</ele>
        <time>2026-09-14T14:21:46.000Z</time>
        <speed>0.000</speed>
      </trkpt>
      <trkpt lat="50.5457245" lon="-5.0200474">
        <ele>19.0</ele>
        <time>2026-09-14T14:21:51.000Z</time>
        <speed>0.000</speed>
      </trkpt>
      <trkpt lat="50.5457287" lon="-5.0200328">
        <ele>19.0</ele>
        <time>2026-09-14T14:21:56.000Z</time>
        <speed>0.000</speed>
      </trkpt>
      <trkpt lat="50.5457308" lon="-5.0200265">
        <ele>18.6</ele>
        <time>2026-09-14T14:22:01.000Z</time>
        <speed>0.000</speed>
      </trkpt>
      <trkpt lat="50.5457308" lon="-5.0200265">
        <ele>18.6</ele>
        <time>2026-09-14T14:22:06.000Z</time>
        <speed>0.000</speed>
      </trkpt>
      <trkpt lat="50.5457308" lon="-5.0200265">
        <ele>18.8</ele>
        <time>2026-09-14T14:22:11.000Z</time>
        <speed>0.000</speed>
      </trkpt>
      <trkpt lat="50.5457308" lon="-5.0200265">
        <ele>18.8</ele>
        <time>2026-09-14T14:22:16.000Z</time>
        <speed>0.000</speed>
      </trkpt>
      <trkpt lat="50.5457167" lon="-5.0200079">
        <ele>18.8</ele>
        <time>2026-09-14T14:22:21.000Z</time>
        <speed>0.000</speed>
      </trkpt>
      <trkpt lat="50.5457167" lon="-5.0200079">
        <ele>18.6</ele>
        <time>2026-09-14T14:22:26.000Z</time>
        <speed>0.000</speed>
      </trkpt>
      <trkpt lat="50.5457167" lon="-5.0200079">
        <ele>18.8</ele>
        <time>2026-09-14T14:22:31.000Z</time>
        <speed>0.000</speed>
      </trkpt>
      <trkpt lat="50.5457167" lon="-5.0200079">
        <ele>18.8</ele>
        <time>2026-09-14T14:22:36.000Z</time>
        <speed>0.000</speed>
      </trkpt>
      <trkpt lat="50.5457137" lon="-5.0199936">
        <ele>18.8</ele>
        <time>2026-09-14T14:22:41.000Z</time>
        <speed>0.000</speed>
      </trkpt>
      <trkpt lat="50.5456908" lon="-5.0199494">
        <ele>18.6</ele>
        <time>2026-09-14T14:22:46.000Z</time>
        <speed>0.000</speed>
      </trkpt>
      <trkpt lat="50.5456834" lon="-5.0199144">
        <ele>18.4</ele>
        <time>2026-09-14T14:22:51.000Z</time>
        <speed>0.000</speed>
      </trkpt>
      <trkpt lat="50.5456712" lon="-5.0198751">
        <ele>18.0</ele>
        <time>2026-09-14T14:22:56.000Z</time>
        <speed>0.000</speed>
      </trkpt>
      <trkpt lat="50.5456334" lon="-5.0198239">
        <ele>17.8</ele>
        <time>2026-09-14T14:23:01.000Z</time>
        <speed>0.457</speed>
      </trkpt>
      <trkpt lat="50.5455973" lon="-5.0197706">
        <ele>17.8</ele>
        <time>2026-09-14T14:23:06.000Z</time>
        <speed>1.036</speed>
      </trkpt>
      <trkpt lat="50.5455387" lon="-5.0197385">
        <ele>18.2</ele>
        <time>2026-09-14T14:23:11.000Z</time>
        <speed>1.418</speed>
      </trkpt>
      <trkpt lat="50.5454933" lon="-5.0196892">
        <ele>17.6</ele>
        <time>2026-09-14T14:23:16.000Z</time>
        <speed>1.418</speed>
      </trkpt>
      <trkpt lat="50.5454695" lon="-5.0196354">
        <ele>17.2</ele>
        <time>2026-09-14T14:23:21.000Z</time>
        <speed>1.306</speed>
      </trkpt>
      <trkpt lat="50.5454703" lon="-5.0196362">
        <ele>17.4</ele>
        <time>2026-09-14T14:23:26.000Z</time>
        <speed>0.000</speed>
      </trkpt>
      <trkpt lat="50.5454703" lon="-5.0196362">
        <ele>17.4</ele>
        <time>2026-09-14T14:23:31.000Z</time>
        <speed>0.000</speed>
      </trkpt>
      <trkpt lat="50.5454703" lon="-5.0196362">
        <ele>17.4</ele>
        <time>2026-09-14T14:23:36.000Z</time>
        <speed>0.000</speed>
      </trkpt>
      <trkpt lat="50.5454703" lon="-5.0196362">
        <ele>17.6</ele>
        <time>2026-09-14T14:23:41.000Z</time>
        <speed>0.000</speed>
      </trkpt>
      <trkpt lat="50.5454703" lon="-5.0196362">
        <ele>17.6</ele>
        <time>2026-09-14T14:23:46.000Z</time>
        <speed>0.000</speed>
      </trkpt>
      <trkpt lat="50.5454515" lon="-5.0196239">
        <ele>17.4</ele>
        <time>2026-09-14T14:23:51.000Z</time>
        <speed>0.000</speed>
      </trkpt>
      <trkpt lat="50.5454168" lon="-5.0196398">
        <ele>17.0</ele>
        <time>2026-09-14T14:23:56.000Z</time>
        <speed>0.000</speed>
      </trkpt>
      <trkpt lat="50.5453685" lon="-5.0196035">
        <ele>17.4</ele>
        <time>2026-09-14T14:24:01.000Z</time>
        <speed>0.914</speed>
      </trkpt>
      <trkpt lat="50.5453275" lon="-5.0195504">
        <ele>17.2</ele>
        <time>2026-09-14T14:24:06.000Z</time>
        <speed>1.250</speed>
      </trkpt>
      <trkpt lat="50.5452874" lon="-5.0194916">
        <ele>17.0</ele>
        <time>2026-09-14T14:24:11.000Z</time>
        <speed>1.316</speed>
      </trkpt>
      <trkpt lat="50.5452586" lon="-5.0194479">
        <ele>17.0</ele>
        <time>2026-09-14T14:24:16.000Z</time>
        <speed>1.064</speed>
      </trkpt>
      <trkpt lat="50.5452578" lon="-5.0194505">
        <ele>17.4</ele>
        <time>2026-09-14T14:24:21.000Z</time>
        <speed>0.000</speed>
      </trkpt>
      <trkpt lat="50.5452227" lon="-5.0194008">
        <ele>17.2</ele>
        <time>2026-09-14T14:24:26.000Z</time>
        <speed>0.644</speed>
      </trkpt>
      <trkpt lat="50.5451940" lon="-5.0193239">
        <ele>16.8</ele>
        <time>2026-09-14T14:24:31.000Z</time>
        <speed>1.344</speed>
      </trkpt>
      <trkpt lat="50.5451618" lon="-5.0192529">
        <ele>16.8</ele>
        <time>2026-09-14T14:24:36.000Z</time>
        <speed>1.325</speed>
      </trkpt>
      <trkpt lat="50.5451325" lon="-5.0191744">
        <ele>16.6</ele>
        <time>2026-09-14T14:24:41.000Z</time>
        <speed>1.325</speed>
      </trkpt>
      <trkpt lat="50.5451356" lon="-5.0190960">
        <ele>16.6</ele>
        <time>2026-09-14T14:24:46.000Z</time>
        <speed>1.306</speed>
      </trkpt>
      <trkpt lat="50.5451403" lon="-5.0190301">
        <ele>16.2</ele>
        <time>2026-09-14T14:24:51.000Z</time>
        <speed>1.269</speed>
      </trkpt>
      <trkpt lat="50.5451188" lon="-5.0189463">
        <ele>16.0</ele>
        <time>2026-09-14T14:24:56.000Z</time>
        <speed>1.297</speed>
      </trkpt>
      <trkpt lat="50.5450923" lon="-5.0188732">
        <ele>16.0</ele>
        <time>2026-09-14T14:25:01.000Z</time>
        <speed>1.316</speed>
      </trkpt>
      <trkpt lat="50.5450565" lon="-5.0188041">
        <ele>16.4</ele>
        <time>2026-09-14T14:25:06.000Z</time>
        <speed>1.288</speed>
      </trkpt>
      <trkpt lat="50.5450096" lon="-5.0187986">
        <ele>15.6</ele>
        <time>2026-09-14T14:25:11.000Z</time>
        <speed>1.306</speed>
      </trkpt>
      <trkpt lat="50.5449594" lon="-5.0187837">
        <ele>17.0</ele>
        <time>2026-09-14T14:25:16.000Z</time>
        <speed>1.260</speed>
      </trkpt>
      <trkpt lat="50.5449010" lon="-5.0187768">
        <ele>17.6</ele>
        <time>2026-09-14T14:25:21.000Z</time>
        <speed>1.269</speed>
      </trkpt>
      <trkpt lat="50.5448453" lon="-5.0187858">
        <ele>17.8</ele>
        <time>2026-09-14T14:25:26.000Z</time>
        <speed>1.297</speed>
      </trkpt>
      <trkpt lat="50.5447969" lon="-5.0187887">
        <ele>18.0</ele>
        <time>2026-09-14T14:25:31.000Z</time>
        <speed>1.250</speed>
      </trkpt>
      <trkpt lat="50.5447262" lon="-5.0187920">
        <ele>18.0</ele>
        <time>2026-09-14T14:25:36.000Z</time>
        <speed>1.278</speed>
      </trkpt>
      <trkpt lat="50.5446766" lon="-5.0187509">
        <ele>18.0</ele>
        <time>2026-09-14T14:25:41.000Z</time>
        <speed>1.297</speed>
      </trkpt>
      <trkpt lat="50.5446433" lon="-5.0186780">
        <ele>17.4</ele>
        <time>2026-09-14T14:25:46.000Z</time>
        <speed>1.353</speed>
      </trkpt>
      <trkpt lat="50.5445984" lon="-5.0186193">
        <ele>17.4</ele>
        <time>2026-09-14T14:25:51.000Z</time>
        <speed>1.316</speed>
      </trkpt>
      <trkpt lat="50.5445441" lon="-5.0185629">
        <ele>18.2</ele>
        <time>2026-09-14T14:25:56.000Z</time>
        <speed>1.306</speed>
      </trkpt>
      <trkpt lat="50.5445378" lon="-5.0184644">
        <ele>18.2</ele>
        <time>2026-09-14T14:26:01.000Z</time>
        <speed>1.390</speed>
      </trkpt>
      <trkpt lat="50.5445060" lon="-5.0184178">
        <ele>18.4</ele>
        <time>2026-09-14T14:26:06.000Z</time>
        <speed>1.260</speed>
      </trkpt>
      <trkpt lat="50.5445082" lon="-5.0183803">
        <ele>18.2</ele>
        <time>2026-09-14T14:26:11.000Z</time>
        <speed>1.064</speed>
      </trkpt>
      <trkpt lat="50.5444900" lon="-5.0182871">
        <ele>17.6</ele>
        <time>2026-09-14T14:26:16.000Z</time>
        <speed>1.269</speed>
      </trkpt>
      <trkpt lat="50.5444774" lon="-5.0182004">
        <ele>18.0</ele>
        <time>2026-09-14T14:26:21.000Z</time>
        <speed>1.269</speed>
      </trkpt>
      <trkpt lat="50.5444604" lon="-5.0181154">
        <ele>18.0</ele>
        <time>2026-09-14T14:26:26.000Z</time>
        <speed>1.250</speed>
      </trkpt>
      <trkpt lat="50.5444523" lon="-5.0180264">
        <ele>18.0</ele>
        <time>2026-09-14T14:26:31.000Z</time>
        <speed>1.269</speed>
      </trkpt>
      <trkpt lat="50.5444352" lon="-5.0179361">
        <ele>17.8</ele>
        <time>2026-09-14T14:26:36.000Z</time>
        <speed>1.297</speed>
      </trkpt>
      <trkpt lat="50.5444166" lon="-5.0178467">
        <ele>17.8</ele>
        <time>2026-09-14T14:26:41.000Z</time>
        <speed>1.288</speed>
      </trkpt>
      <trkpt lat="50.5443995" lon="-5.0177631">
        <ele>17.8</ele>
        <time>2026-09-14T14:26:46.000Z</time>
        <speed>1.297</speed>
      </trkpt>
      <trkpt lat="50.5443912" lon="-5.0177257">
        <ele>17.6</ele>
        <time>2026-09-14T14:26:51.000Z</time>
        <speed>1.241</speed>
      </trkpt>
      <trkpt lat="50.5443912" lon="-5.0177288">
        <ele>17.2</ele>
        <time>2026-09-14T14:26:56.000Z</time>
        <speed>0.000</speed>
      </trkpt>
      <trkpt lat="50.5443912" lon="-5.0177288">
        <ele>17.2</ele>
        <time>2026-09-14T14:27:01.000Z</time>
        <speed>0.000</speed>
      </trkpt>
      <trkpt lat="50.5443912" lon="-5.0177288">
        <ele>17.0</ele>
        <time>2026-09-14T14:27:06.000Z</time>
        <speed>0.000</speed>
      </trkpt>
      <trkpt lat="50.5443886" lon="-5.0177278">
        <ele>17.6</ele>
        <time>2026-09-14T14:27:11.000Z</time>
        <speed>0.000</speed>
      </trkpt>
      <trkpt lat="50.5443912" lon="-5.0177288">
        <ele>17.0</ele>
        <time>2026-09-14T14:27:16.000Z</time>
        <speed>0.000</speed>
      </trkpt>
      <trkpt lat="50.5443891" lon="-5.0176807">
        <ele>17.4</ele>
        <time>2026-09-14T14:27:21.000Z</time>
        <speed>0.000</speed>
      </trkpt>
      <trkpt lat="50.5443636" lon="-5.0175761">
        <ele>17.8</ele>
        <time>2026-09-14T14:27:26.000Z</time>
        <speed>1.428</speed>
      </trkpt>
      <trkpt lat="50.5443539" lon="-5.0174829">
        <ele>17.8</ele>
        <time>2026-09-14T14:27:31.000Z</time>
        <speed>1.306</speed>
      </trkpt>
      <trkpt lat="50.5443383" lon="-5.0173761">
        <ele>17.6</ele>
        <time>2026-09-14T14:27:36.000Z</time>
        <speed>1.456</speed>
      </trkpt>
      <trkpt lat="50.5443233" lon="-5.0172813">
        <ele>17.8</ele>
        <time>2026-09-14T14:27:41.000Z</time>
        <speed>1.418</speed>
      </trkpt>
      <trkpt lat="50.5443044" lon="-5.0171854">
        <ele>17.8</ele>
        <time>2026-09-14T14:27:46.000Z</time>
        <speed>1.465</speed>
      </trkpt>
      <trkpt lat="50.5442896" lon="-5.0171000">
        <ele>17.6</ele>
        <time>2026-09-14T14:27:51.000Z</time>
        <speed>1.344</speed>
      </trkpt>
      <trkpt lat="50.5442690" lon="-5.0169933">
        <ele>18.0</ele>
        <time>2026-09-14T14:27:56.000Z</time>
        <speed>1.446</speed>
      </trkpt>
      <trkpt lat="50.5442567" lon="-5.0169089">
        <ele>18.2</ele>
        <time>2026-09-14T14:28:01.000Z</time>
        <speed>1.372</speed>
      </trkpt>
      <trkpt lat="50.5442394" lon="-5.0168244">
        <ele>18.2</ele>
        <time>2026-09-14T14:28:06.000Z</time>
        <speed>1.372</speed>
      </trkpt>
      <trkpt lat="50.5442230" lon="-5.0167449">
        <ele>18.0</ele>
        <time>2026-09-14T14:28:11.000Z</time>
        <speed>1.306</speed>
      </trkpt>
      <trkpt lat="50.5442113" lon="-5.0166611">
        <ele>18.0</ele>
        <time>2026-09-14T14:28:16.000Z</time>
        <speed>1.269</speed>
      </trkpt>
      <trkpt lat="50.5441933" lon="-5.0165701">
        <ele>18.6</ele>
        <time>2026-09-14T14:28:21.000Z</time>
        <speed>1.278</speed>
      </trkpt>
      <trkpt lat="50.5441813" lon="-5.0164794">
        <ele>19.2</ele>
        <time>2026-09-14T14:28:26.000Z</time>
        <speed>1.232</speed>
      </trkpt>
      <trkpt lat="50.5441406" lon="-5.0164173">
        <ele>19.8</ele>
        <time>2026-09-14T14:28:31.000Z</time>
        <speed>1.269</speed>
      </trkpt>
      <trkpt lat="50.5440938" lon="-5.0163667">
        <ele>19.6</ele>
        <time>2026-09-14T14:28:36.000Z</time>
        <speed>1.288</speed>
      </trkpt>
      <trkpt lat="50.5440635" lon="-5.0163151">
        <ele>19.2</ele>
        <time>2026-09-14T14:28:41.000Z</time>
        <speed>1.194</speed>
      </trkpt>
      <trkpt lat="50.5440633" lon="-5.0163238">
        <ele>20.0</ele>
        <time>2026-09-14T14:28:46.000Z</time>
        <speed>0.000</speed>
      </trkpt>
      <trkpt lat="50.5440607" lon="-5.0163181">
        <ele>19.8</ele>
        <time>2026-09-14T14:28:51.000Z</time>
        <speed>0.000</speed>
      </trkpt>
      <trkpt lat="50.5440633" lon="-5.0163238">
        <ele>19.8</ele>
        <time>2026-09-14T14:28:56.000Z</time>
        <speed>0.000</speed>
      </trkpt>
      <trkpt lat="50.5440633" lon="-5.0163238">
        <ele>19.8</ele>
        <time>2026-09-14T14:29:01.000Z</time>
        <speed>0.000</speed>
      </trkpt>
      <trkpt lat="50.5440633" lon="-5.0163238">
        <ele>19.8</ele>
        <time>2026-09-14T14:29:06.000Z</time>
        <speed>0.000</speed>
      </trkpt>
      <trkpt lat="50.5440633" lon="-5.0163238">
        <ele>19.8</ele>
        <time>2026-09-14T14:29:11.000Z</time>
        <speed>0.000</speed>
      </trkpt>
      <trkpt lat="50.5440633" lon="-5.0163238">
        <ele>20.0</ele>
        <time>2026-09-14T14:29:16.000Z</time>
        <speed>0.000</speed>
      </trkpt>
      <trkpt lat="50.5440633" lon="-5.0163238">
        <ele>19.4</ele>
        <time>2026-09-14T14:29:21.000Z</time>
        <speed>0.000</speed>
      </trkpt>
      <trkpt lat="50.5440633" lon="-5.0163238">
        <ele>19.6</ele>
        <time>2026-09-14T14:29:26.000Z</time>
        <speed>0.000</speed>
      </trkpt>
      <trkpt lat="50.5440633" lon="-5.0163238">
        <ele>19.6</ele>
        <time>2026-09-14T14:29:31.000Z</time>
        <speed>0.000</speed>
      </trkpt>
      <trkpt lat="50.5440633" lon="-5.0163238">
        <ele>19.6</ele>
        <time>2026-09-14T14:29:36.000Z</time>
        <speed>0.000</speed>
      </trkpt>
      <trkpt lat="50.5440633" lon="-5.0163238">
        <ele>19.6</ele>
        <time>2026-09-14T14:29:41.000Z</time>
        <speed>0.000</speed>
      </trkpt>
      <trkpt lat="50.5440633" lon="-5.0163238">
        <ele>19.4</ele>
        <time>2026-09-14T14:29:46.000Z</time>
        <speed>0.000</speed>
      </trkpt>
      <trkpt lat="50.5440633" lon="-5.0163238">
        <ele>19.6</ele>
        <time>2026-09-14T14:29:51.000Z</time>
        <speed>0.000</speed>
      </trkpt>
      <trkpt lat="50.5440633" lon="-5.0163238">
        <ele>19.6</ele>
        <time>2026-09-14T14:29:56.000Z</time>
        <speed>0.000</speed>
      </trkpt>
      <trkpt lat="50.5440633" lon="-5.0163238">
        <ele>19.6</ele>
        <time>2026-09-14T14:30:01.000Z</time>
        <speed>0.000</speed>
      </trkpt>
      <trkpt lat="50.5440633" lon="-5.0163238">
        <ele>19.6</ele>
        <time>2026-09-14T14:30:06.000Z</time>
        <speed>0.000</speed>
      </trkpt>
      <trkpt lat="50.5440633" lon="-5.0163238">
        <ele>19.4</ele>
        <time>2026-09-14T14:30:11.000Z</time>
        <speed>0.000</speed>
      </trkpt>
      <trkpt lat="50.5440633" lon="-5.0163238">
        <ele>19.4</ele>
        <time>2026-09-14T14:30:16.000Z</time>
        <speed>0.000</speed>
      </trkpt>
      <trkpt lat="50.5440633" lon="-5.0163238">
        <ele>19.4</ele>
        <time>2026-09-14T14:30:21.000Z</time>
        <speed>0.000</speed>
      </trkpt>
      <trkpt lat="50.5440632" lon="-5.0163162">
        <ele>19.6</ele>
        <time>2026-09-14T14:30:26.000Z</time>
        <speed>0.000</speed>
      </trkpt>
      <trkpt lat="50.5440167" lon="-5.0162956">
        <ele>20.2</ele>
        <time>2026-09-14T14:30:31.000Z</time>
        <speed>0.364</speed>
      </trkpt>
      <trkpt lat="50.5439732" lon="-5.0162323">
        <ele>20.2</ele>
        <time>2026-09-14T14:30:36.000Z</time>
        <speed>1.334</speed>
      </trkpt>
      <trkpt lat="50.5439321" lon="-5.0161876">
        <ele>20.6</ele>
        <time>2026-09-14T14:30:41.000Z</time>
        <speed>1.250</speed>
      </trkpt>
      <trkpt lat="50.5438893" lon="-5.0161448">
        <ele>20.6</ele>
        <time>2026-09-14T14:30:46.000Z</time>
        <speed>1.222</speed>
      </trkpt>
      <trkpt lat="50.5438324" lon="-5.0160746">
        <ele>21.2</ele>
        <time>2026-09-14T14:30:51.000Z</time>
        <speed>1.344</speed>
      </trkpt>
      <trkpt lat="50.5437916" lon="-5.0160142">
        <ele>21.4</ele>
        <time>2026-09-14T14:30:56.000Z</time>
        <speed>1.316</speed>
      </trkpt>
      <trkpt lat="50.5437404" lon="-5.0159630">
        <ele>21.4</ele>
        <time>2026-09-14T14:31:01.000Z</time>
        <speed>1.428</speed>
      </trkpt>
      <trkpt lat="50.5436881" lon="-5.0159615">
        <ele>22.0</ele>
        <time>2026-09-14T14:31:06.000Z</time>
        <speed>1.306</speed>
      </trkpt>
      <trkpt lat="50.5436117" lon="-5.0159534">
        <ele>22.4</ele>
        <time>2026-09-14T14:31:11.000Z</time>
        <speed>1.390</speed>
      </trkpt>
      <trkpt lat="50.5435520" lon="-5.0159533">
        <ele>23.0</ele>
        <time>2026-09-14T14:31:16.000Z</time>
        <speed>1.372</speed>
      </trkpt>
      <trkpt lat="50.5435118" lon="-5.0159287">
        <ele>22.8</ele>
        <time>2026-09-14T14:31:21.000Z</time>
        <speed>1.316</speed>
      </trkpt>
      <trkpt lat="50.5435068" lon="-5.0159081">
        <ele>22.0</ele>
        <time>2026-09-14T14:31:26.000Z</time>
        <speed>0.989</speed>
      </trkpt>
      <trkpt lat="50.5435078" lon="-5.0159060">
        <ele>22.0</ele>
        <time>2026-09-14T14:31:31.000Z</time>
        <speed>0.000</speed>
      </trkpt>
      <trkpt lat="50.5434621" lon="-5.0158938">
        <ele>22.0</ele>
        <time>2026-09-14T14:31:36.000Z</time>
        <speed>0.000</speed>
      </trkpt>
      <trkpt lat="50.5434564" lon="-5.0158811">
        <ele>21.4</ele>
        <time>2026-09-14T14:31:41.000Z</time>
        <speed>0.551</speed>
      </trkpt>
      <trkpt lat="50.5435088" lon="-5.0158610">
        <ele>20.4</ele>
        <time>2026-09-14T14:31:46.000Z</time>
        <speed>1.306</speed>
      </trkpt>
      <trkpt lat="50.5435514" lon="-5.0158408">
        <ele>19.8</ele>
        <time>2026-09-14T14:31:51.000Z</time>
        <speed>1.241</speed>
      </trkpt>
      <trkpt lat="50.5435831" lon="-5.0158181">
        <ele>18.8</ele>
        <time>2026-09-14T14:31:56.000Z</time>
        <speed>1.138</speed>
      </trkpt>
      <trkpt lat="50.5435834" lon="-5.0157962">
        <ele>19.2</ele>
        <time>2026-09-14T14:32:01.000Z</time>
        <speed>0.980</speed>
      </trkpt>
      <trkpt lat="50.5436030" lon="-5.0157758">
        <ele>20.0</ele>
        <time>2026-09-14T14:32:06.000Z</time>
        <speed>0.606</speed>
      </trkpt>
      <trkpt lat="50.5436424" lon="-5.0157625">
        <ele>20.6</ele>
        <time>2026-09-14T14:32:11.000Z</time>
        <speed>0.849</speed>
      </trkpt>
      <trkpt lat="50.5436950" lon="-5.0157429">
        <ele>20.4</ele>
        <time>2026-09-14T14:32:16.000Z</time>
        <speed>1.092</speed>
      </trkpt>
      <trkpt lat="50.5437516" lon="-5.0157029">
        <ele>20.2</ele>
        <time>2026-09-14T14:32:21.000Z</time>
        <speed>1.148</speed>
      </trkpt>
      <trkpt lat="50.5437909" lon="-5.0156385">
        <ele>20.6</ele>
        <time>2026-09-14T14:32:26.000Z</time>
        <speed>1.185</speed>
      </trkpt>
      <trkpt lat="50.5438216" lon="-5.0155653">
        <ele>20.6</ele>
        <time>2026-09-14T14:32:31.000Z</time>
        <speed>1.232</speed>
      </trkpt>
      <trkpt lat="50.5438389" lon="-5.0154897">
        <ele>20.4</ele>
        <time>2026-09-14T14:32:36.000Z</time>
        <speed>1.232</speed>
      </trkpt>
      <trkpt lat="50.5438604" lon="-5.0154080">
        <ele>20.4</ele>
        <time>2026-09-14T14:32:41.000Z</time>
        <speed>1.278</speed>
      </trkpt>
      <trkpt lat="50.5438628" lon="-5.0153169">
        <ele>20.6</ele>
        <time>2026-09-14T14:32:46.000Z</time>
        <speed>1.288</speed>
      </trkpt>
      <trkpt lat="50.5438525" lon="-5.0152453">
        <ele>20.6</ele>
        <time>2026-09-14T14:32:51.000Z</time>
        <speed>1.250</speed>
      </trkpt>
      <trkpt lat="50.5438296" lon="-5.0151729">
        <ele>20.6</ele>
        <time>2026-09-14T14:32:56.000Z</time>
        <speed>1.241</speed>
      </trkpt>
      <trkpt lat="50.5437978" lon="-5.0150962">
        <ele>20.4</ele>
        <time>2026-09-14T14:33:01.000Z</time>
        <speed>1.241</speed>
      </trkpt>
      <trkpt lat="50.5437735" lon="-5.0150191">
        <ele>21.2</ele>
        <time>2026-09-14T14:33:06.000Z</time>
        <speed>1.222</speed>
      </trkpt>
      <trkpt lat="50.5437894" lon="-5.0149307">
        <ele>21.4</ele>
        <time>2026-09-14T14:33:11.000Z</time>
        <speed>1.232</speed>
      </trkpt>
      <trkpt lat="50.5438213" lon="-5.0148631">
        <ele>21.0</ele>
        <time>2026-09-14T14:33:16.000Z</time>
        <speed>1.250</speed>
      </trkpt>
      <trkpt lat="50.5438628" lon="-5.0148007">
        <ele>21.2</ele>
        <time>2026-09-14T14:33:21.000Z</time>
        <speed>1.250</speed>
      </trkpt>
      <trkpt lat="50.5439146" lon="-5.0147497">
        <ele>21.4</ele>
        <time>2026-09-14T14:33:26.000Z</time>
        <speed>1.260</speed>
      </trkpt>
      <trkpt lat="50.5439733" lon="-5.0147062">
        <ele>21.4</ele>
        <time>2026-09-14T14:33:31.000Z</time>
        <speed>1.297</speed>
      </trkpt>
      <trkpt lat="50.5440136" lon="-5.0146548">
        <ele>21.0</ele>
        <time>2026-09-14T14:33:36.000Z</time>
        <speed>1.288</speed>
      </trkpt>
      <trkpt lat="50.5440637" lon="-5.0146003">
        <ele>20.8</ele>
        <time>2026-09-14T14:33:41.000Z</time>
        <speed>1.297</speed>
      </trkpt>
      <trkpt lat="50.5441228" lon="-5.0145346">
        <ele>21.2</ele>
        <time>2026-09-14T14:33:46.000Z</time>
        <speed>1.334</speed>
      </trkpt>
      <trkpt lat="50.5441554" lon="-5.0144802">
        <ele>20.2</ele>
        <time>2026-09-14T14:33:51.000Z</time>
        <speed>1.334</speed>
      </trkpt>
      <trkpt lat="50.5442108" lon="-5.0144064">
        <ele>21.0</ele>
        <time>2026-09-14T14:33:56.000Z</time>
        <speed>1.344</speed>
      </trkpt>
      <trkpt lat="50.5442544" lon="-5.0143488">
        <ele>20.8</ele>
        <time>2026-09-14T14:34:01.000Z</time>
        <speed>1.344</speed>
      </trkpt>
      <trkpt lat="50.5443114" lon="-5.0142837">
        <ele>20.4</ele>
        <time>2026-09-14T14:34:06.000Z</time>
        <speed>1.372</speed>
      </trkpt>
      <trkpt lat="50.5443530" lon="-5.0142240">
        <ele>19.6</ele>
        <time>2026-09-14T14:34:11.000Z</time>
        <speed>1.372</speed>
      </trkpt>
      <trkpt lat="50.5443823" lon="-5.0141223">
        <ele>19.4</ele>
        <time>2026-09-14T14:34:16.000Z</time>
        <speed>1.390</speed>
      </trkpt>
      <trkpt lat="50.5443974" lon="-5.0140463">
        <ele>19.2</ele>
        <time>2026-09-14T14:34:21.000Z</time>
        <speed>1.353</speed>
      </trkpt>
      <trkpt lat="50.5444165" lon="-5.0139695">
        <ele>18.2</ele>
        <time>2026-09-14T14:34:26.000Z</time>
        <speed>1.278</speed>
      </trkpt>
      <trkpt lat="50.5444280" lon="-5.0139262">
        <ele>17.2</ele>
        <time>2026-09-14T14:34:31.000Z</time>
        <speed>1.138</speed>
      </trkpt>
      <trkpt lat="50.5444316" lon="-5.0138586">
        <ele>16.6</ele>
        <time>2026-09-14T14:34:36.000Z</time>
        <speed>1.101</speed>
      </trkpt>
      <trkpt lat="50.5444362" lon="-5.0138011">
        <ele>15.8</ele>
        <time>2026-09-14T14:34:41.000Z</time>
        <speed>0.961</speed>
      </trkpt>
      <trkpt lat="50.5444441" lon="-5.0137452">
        <ele>14.4</ele>
        <time>2026-09-14T14:34:46.000Z</time>
        <speed>0.914</speed>
      </trkpt>
      <trkpt lat="50.5444607" lon="-5.0137118">
        <ele>13.4</ele>
        <time>2026-09-14T14:34:51.000Z</time>
        <speed>0.840</speed>
      </trkpt>
      <trkpt lat="50.5444895" lon="-5.0137018">
        <ele>12.2</ele>
        <time>2026-09-14T14:34:56.000Z</time>
        <speed>0.756</speed>
      </trkpt>
      <trkpt lat="50.5445445" lon="-5.0136579">
        <ele>12.0</ele>
        <time>2026-09-14T14:35:01.000Z</time>
        <speed>0.914</speed>
      </trkpt>
      <trkpt lat="50.5445961" lon="-5.0136619">
        <ele>12.4</ele>
        <time>2026-09-14T14:35:06.000Z</time>
        <speed>0.980</speed>
      </trkpt>
      <trkpt lat="50.5446398" lon="-5.0136759">
        <ele>13.2</ele>
        <time>2026-09-14T14:35:11.000Z</time>
        <speed>1.017</speed>
      </trkpt>
      <trkpt lat="50.5446445" lon="-5.0136320">
        <ele>13.6</ele>
        <time>2026-09-14T14:35:16.000Z</time>
        <speed>0.802</speed>
      </trkpt>
      <trkpt lat="50.5446507" lon="-5.0135826">
        <ele>15.2</ele>
        <time>2026-09-14T14:35:21.000Z</time>
        <speed>0.728</speed>
      </trkpt>
      <trkpt lat="50.5446647" lon="-5.0135433">
        <ele>16.4</ele>
        <time>2026-09-14T14:35:26.000Z</time>
        <speed>0.765</speed>
      </trkpt>
      <trkpt lat="50.5446986" lon="-5.0134807">
        <ele>17.4</ele>
        <time>2026-09-14T14:35:31.000Z</time>
        <speed>0.914</speed>
      </trkpt>
      <trkpt lat="50.5447097" lon="-5.0134475">
        <ele>18.2</ele>
        <time>2026-09-14T14:35:36.000Z</time>
        <speed>0.634</speed>
      </trkpt>
      <trkpt lat="50.5447149" lon="-5.0134422">
        <ele>18.4</ele>
        <time>2026-09-14T14:35:41.000Z</time>
        <speed>0.000</speed>
      </trkpt>
      <trkpt lat="50.5447352" lon="-5.0133692">
        <ele>18.8</ele>
        <time>2026-09-14T14:35:46.000Z</time>
        <speed>0.858</speed>
      </trkpt>
      <trkpt lat="50.5447527" lon="-5.0132997">
        <ele>19.6</ele>
        <time>2026-09-14T14:35:51.000Z</time>
        <speed>1.017</speed>
      </trkpt>
      <trkpt lat="50.5447684" lon="-5.0132494">
        <ele>20.2</ele>
        <time>2026-09-14T14:35:56.000Z</time>
        <speed>0.924</speed>
      </trkpt>
      <trkpt lat="50.5447825" lon="-5.0131877">
        <ele>20.8</ele>
        <time>2026-09-14T14:36:01.000Z</time>
        <speed>0.886</speed>
      </trkpt>
      <trkpt lat="50.5447994" lon="-5.0131208">
        <ele>21.4</ele>
        <time>2026-09-14T14:36:06.000Z</time>
        <speed>0.942</speed>
      </trkpt>
      <trkpt lat="50.5448085" lon="-5.0130658">
        <ele>22.2</ele>
        <time>2026-09-14T14:36:11.000Z</time>
        <speed>0.924</speed>
      </trkpt>
      <trkpt lat="50.5448247" lon="-5.0129861">
        <ele>22.0</ele>
        <time>2026-09-14T14:36:16.000Z</time>
        <speed>0.998</speed>
      </trkpt>
      <trkpt lat="50.5448304" lon="-5.0129093">
        <ele>22.2</ele>
        <time>2026-09-14T14:36:21.000Z</time>
        <speed>1.054</speed>
      </trkpt>
      <trkpt lat="50.5448382" lon="-5.0128420">
        <ele>23.2</ele>
        <time>2026-09-14T14:36:26.000Z</time>
        <speed>1.017</speed>
      </trkpt>
      <trkpt lat="50.5448543" lon="-5.0127720">
        <ele>24.2</ele>
        <time>2026-09-14T14:36:31.000Z</time>
        <speed>1.026</speed>
      </trkpt>
      <trkpt lat="50.5448704" lon="-5.0126926">
        <ele>25.0</ele>
        <time>2026-09-14T14:36:36.000Z</time>
        <speed>1.054</speed>
      </trkpt>
      <trkpt lat="50.5448670" lon="-5.0126168">
        <ele>25.6</ele>
        <time>2026-09-14T14:36:41.000Z</time>
        <speed>1.064</speed>
      </trkpt>
      <trkpt lat="50.5448754" lon="-5.0125487">
        <ele>26.4</ele>
        <time>2026-09-14T14:36:46.000Z</time>
        <speed>1.054</speed>
      </trkpt>
      <trkpt lat="50.5448715" lon="-5.0125291">
        <ele>26.4</ele>
        <time>2026-09-14T14:36:51.000Z</time>
        <speed>0.961</speed>
      </trkpt>
      <trkpt lat="50.5448737" lon="-5.0125285">
        <ele>25.6</ele>
        <time>2026-09-14T14:36:56.000Z</time>
        <speed>0.000</speed>
      </trkpt>
      <trkpt lat="50.5448737" lon="-5.0125285">
        <ele>25.8</ele>
        <time>2026-09-14T14:37:01.000Z</time>
        <speed>0.000</speed>
      </trkpt>
      <trkpt lat="50.5448737" lon="-5.0125285">
        <ele>25.8</ele>
        <time>2026-09-14T14:37:06.000Z</time>
        <speed>0.000</speed>
      </trkpt>
      <trkpt lat="50.5448737" lon="-5.0125285">
        <ele>25.8</ele>
        <time>2026-09-14T14:37:11.000Z</time>
        <speed>0.000</speed>
      </trkpt>
      <trkpt lat="50.5448737" lon="-5.0125285">
        <ele>25.6</ele>
        <time>2026-09-14T14:37:16.000Z</time>
        <speed>0.000</speed>
      </trkpt>
      <trkpt lat="50.5448737" lon="-5.0125285">
        <ele>25.6</ele>
        <time>2026-09-14T14:37:21.000Z</time>
        <speed>0.000</speed>
      </trkpt>
      <trkpt lat="50.5448737" lon="-5.0125285">
        <ele>25.8</ele>
        <time>2026-09-14T14:37:26.000Z</time>
        <speed>0.000</speed>
      </trkpt>
      <trkpt lat="50.5448737" lon="-5.0125285">
        <ele>25.8</ele>
        <time>2026-09-14T14:37:31.000Z</time>
        <speed>0.000</speed>
      </trkpt>
      <trkpt lat="50.5448737" lon="-5.0125285">
        <ele>25.8</ele>
        <time>2026-09-14T14:37:36.000Z</time>
        <speed>0.000</speed>
      </trkpt>
      <trkpt lat="50.5448737" lon="-5.0125285">
        <ele>25.6</ele>
        <time>2026-09-14T14:37:41.000Z</time>
        <speed>0.000</speed>
      </trkpt>
      <trkpt lat="50.5448737" lon="-5.0125285">
        <ele>25.6</ele>
        <time>2026-09-14T14:37:46.000Z</time>
        <speed>0.000</speed>
      </trkpt>
      <trkpt lat="50.5448737" lon="-5.0125285">
        <ele>25.6</ele>
        <time>2026-09-14T14:37:51.000Z</time>
        <speed>0.000</speed>
      </trkpt>
      <trkpt lat="50.5448737" lon="-5.0125285">
        <ele>25.6</ele>
        <time>2026-09-14T14:37:56.000Z</time>
        <speed>0.000</speed>
      </trkpt>
      <trkpt lat="50.5448737" lon="-5.0125285">
        <ele>25.6</ele>
        <time>2026-09-14T14:38:01.000Z</time>
        <speed>0.000</speed>
      </trkpt>
      <trkpt lat="50.5448737" lon="-5.0125285">
        <ele>25.4</ele>
        <time>2026-09-14T14:38:06.000Z</time>
        <speed>0.000</speed>
      </trkpt>
      <trkpt lat="50.5448737" lon="-5.0125285">
        <ele>25.2</ele>
        <time>2026-09-14T14:38:11.000Z</time>
        <speed>0.000</speed>
      </trkpt>
      <trkpt lat="50.5448737" lon="-5.0125285">
        <ele>25.4</ele>
        <time>2026-09-14T14:38:16.000Z</time>
        <speed>0.000</speed>
      </trkpt>
      <trkpt lat="50.5448737" lon="-5.0125285">
        <ele>25.4</ele>
        <time>2026-09-14T14:38:21.000Z</time>
        <speed>0.000</speed>
      </trkpt>
      <trkpt lat="50.5448737" lon="-5.0125285">
        <ele>25.2</ele>
        <time>2026-09-14T14:38:26.000Z</time>
        <speed>0.000</speed>
      </trkpt>
      <trkpt lat="50.5448737" lon="-5.0125285">
        <ele>25.4</ele>
        <time>2026-09-14T14:38:31.000Z</time>
        <speed>0.000</speed>
      </trkpt>
      <trkpt lat="50.5448737" lon="-5.0125285">
        <ele>25.4</ele>
        <time>2026-09-14T14:38:36.000Z</time>
        <speed>0.000</speed>
      </trkpt>
      <trkpt lat="50.5448737" lon="-5.0125285">
        <ele>25.4</ele>
        <time>2026-09-14T14:38:41.000Z</time>
        <speed>0.000</speed>
      </trkpt>
      <trkpt lat="50.5448737" lon="-5.0125285">
        <ele>25.4</ele>
        <time>2026-09-14T14:38:46.000Z</time>
        <speed>0.000</speed>
      </trkpt>
      <trkpt lat="50.5448737" lon="-5.0125285">
        <ele>25.4</ele>
        <time>2026-09-14T14:38:51.000Z</time>
        <speed>0.000</speed>
      </trkpt>
      <trkpt lat="50.5448737" lon="-5.0125285">
        <ele>25.2</ele>
        <time>2026-09-14T14:38:56.000Z</time>
        <speed>0.000</speed>
      </trkpt>
      <trkpt lat="50.5448737" lon="-5.0125285">
        <ele>25.0</ele>
        <time>2026-09-14T14:39:01.000Z</time>
        <speed>0.000</speed>
      </trkpt>
      <trkpt lat="50.5448737" lon="-5.0125285">
        <ele>25.2</ele>
        <time>2026-09-14T14:39:06.000Z</time>
        <speed>0.000</speed>
      </trkpt>
      <trkpt lat="50.5448737" lon="-5.0125285">
        <ele>25.2</ele>
        <time>2026-09-14T14:39:11.000Z</time>
        <speed>0.000</speed>
      </trkpt>
      <trkpt lat="50.5448737" lon="-5.0125285">
        <ele>25.2</ele>
        <time>2026-09-14T14:39:16.000Z</time>
        <speed>0.000</speed>
      </trkpt>
      <trkpt lat="50.5448737" lon="-5.0125285">
        <ele>25.2</ele>
        <time>2026-09-14T14:39:21.000Z</time>
        <speed>0.000</speed>
      </trkpt>
      <trkpt lat="50.5448737" lon="-5.0125285">
        <ele>25.0</ele>
        <time>2026-09-14T14:39:26.000Z</time>
        <speed>0.000</speed>
      </trkpt>
      <trkpt lat="50.5448737" lon="-5.0125285">
        <ele>25.0</ele>
        <time>2026-09-14T14:39:31.000Z</time>
        <speed>0.000</speed>
      </trkpt>
      <trkpt lat="50.5448737" lon="-5.0125285">
        <ele>25.0</ele>
        <time>2026-09-14T14:39:36.000Z</time>
        <speed>0.000</speed>
      </trkpt>
      <trkpt lat="50.5448737" lon="-5.0125285">
        <ele>25.0</ele>
        <time>2026-09-14T14:39:41.000Z</time>
        <speed>0.000</speed>
      </trkpt>
      <trkpt lat="50.5448737" lon="-5.0125285">
        <ele>25.0</ele>
        <time>2026-09-14T14:39:46.000Z</time>
        <speed>0.000</speed>
      </trkpt>
      <trkpt lat="50.5448737" lon="-5.0125285">
        <ele>24.8</ele>
        <time>2026-09-14T14:39:51.000Z</time>
        <speed>0.000</speed>
      </trkpt>
      <trkpt lat="50.5448737" lon="-5.0125285">
        <ele>25.0</ele>
        <time>2026-09-14T14:39:56.000Z</time>
        <speed>0.000</speed>
      </trkpt>
      <trkpt lat="50.5448737" lon="-5.0125285">
        <ele>25.0</ele>
        <time>2026-09-14T14:40:01.000Z</time>
        <speed>0.000</speed>
      </trkpt>
      <trkpt lat="50.5448737" lon="-5.0125285">
        <ele>24.8</ele>
        <time>2026-09-14T14:40:06.000Z</time>
        <speed>0.000</speed>
      </trkpt>
      <trkpt lat="50.5448737" lon="-5.0125285">
        <ele>24.8</ele>
        <time>2026-09-14T14:40:11.000Z</time>
        <speed>0.000</speed>
      </trkpt>
      <trkpt lat="50.5448737" lon="-5.0125285">
        <ele>24.8</ele>
        <time>2026-09-14T14:40:16.000Z</time>
        <speed>0.000</speed>
      </trkpt>
      <trkpt lat="50.5448737" lon="-5.0125285">
        <ele>24.8</ele>
        <time>2026-09-14T14:40:21.000Z</time>
        <speed>0.000</speed>
      </trkpt>
      <trkpt lat="50.5448737" lon="-5.0125285">
        <ele>24.8</ele>
        <time>2026-09-14T14:40:26.000Z</time>
        <speed>0.000</speed>
      </trkpt>
      <trkpt lat="50.5448737" lon="-5.0125285">
        <ele>24.8</ele>
        <time>2026-09-14T14:40:31.000Z</time>
        <speed>0.000</speed>
      </trkpt>
      <trkpt lat="50.5448737" lon="-5.0125285">
        <ele>24.8</ele>
        <time>2026-09-14T14:40:36.000Z</time>
        <speed>0.000</speed>
      </trkpt>
      <trkpt lat="50.5448737" lon="-5.0125285">
        <ele>24.8</ele>
        <time>2026-09-14T14:40:41.000Z</time>
        <speed>0.000</speed>
      </trkpt>
      <trkpt lat="50.5448737" lon="-5.0125285">
        <ele>24.6</ele>
        <time>2026-09-14T14:40:46.000Z</time>
        <speed>0.000</speed>
      </trkpt>
      <trkpt lat="50.5448737" lon="-5.0125285">
        <ele>24.8</ele>
        <time>2026-09-14T14:40:51.000Z</time>
        <speed>0.000</speed>
      </trkpt>
      <trkpt lat="50.5448737" lon="-5.0125285">
        <ele>24.8</ele>
        <time>2026-09-14T14:40:56.000Z</time>
        <speed>0.000</speed>
      </trkpt>
      <trkpt lat="50.5448737" lon="-5.0125285">
        <ele>24.8</ele>
        <time>2026-09-14T14:41:01.000Z</time>
        <speed>0.000</speed>
      </trkpt>
      <trkpt lat="50.5448737" lon="-5.0125285">
        <ele>24.6</ele>
        <time>2026-09-14T14:41:06.000Z</time>
        <speed>0.000</speed>
      </trkpt>
      <trkpt lat="50.5448737" lon="-5.0125285">
        <ele>25.2</ele>
        <time>2026-09-14T14:41:11.000Z</time>
        <speed>0.000</speed>
      </trkpt>
      <trkpt lat="50.5448737" lon="-5.0125285">
        <ele>25.0</ele>
        <time>2026-09-14T14:41:16.000Z</time>
        <speed>0.000</speed>
      </trkpt>
      <trkpt lat="50.5448737" lon="-5.0125285">
        <ele>24.6</ele>
        <time>2026-09-14T14:41:21.000Z</time>
        <speed>0.000</speed>
      </trkpt>
      <trkpt lat="50.5448737" lon="-5.0125285">
        <ele>24.6</ele>
        <time>2026-09-14T14:41:26.000Z</time>
        <speed>0.000</speed>
      </trkpt>
      <trkpt lat="50.5448737" lon="-5.0125285">
        <ele>24.8</ele>
        <time>2026-09-14T14:41:31.000Z</time>
        <speed>0.000</speed>
      </trkpt>
      <trkpt lat="50.5448737" lon="-5.0125285">
        <ele>24.8</ele>
        <time>2026-09-14T14:41:36.000Z</time>
        <speed>0.000</speed>
      </trkpt>
      <trkpt lat="50.5448737" lon="-5.0125285">
        <ele>24.6</ele>
        <time>2026-09-14T14:41:41.000Z</time>
        <speed>0.000</speed>
      </trkpt>
      <trkpt lat="50.5448737" lon="-5.0125285">
        <ele>24.6</ele>
        <time>2026-09-14T14:41:46.000Z</time>
        <speed>0.000</speed>
      </trkpt>
      <trkpt lat="50.5448737" lon="-5.0125285">
        <ele>24.6</ele>
        <time>2026-09-14T14:41:51.000Z</time>
        <speed>0.000</speed>
      </trkpt>
      <trkpt lat="50.5448737" lon="-5.0125285">
        <ele>24.6</ele>
        <time>2026-09-14T14:41:56.000Z</time>
        <speed>0.000</speed>
      </trkpt>
      <trkpt lat="50.5448737" lon="-5.0125285">
        <ele>24.6</ele>
        <time>2026-09-14T14:42:01.000Z</time>
        <speed>0.000</speed>
      </trkpt>
      <trkpt lat="50.5448737" lon="-5.0125285">
        <ele>24.4</ele>
        <time>2026-09-14T14:42:06.000Z</time>
        <speed>0.000</speed>
      </trkpt>
      <trkpt lat="50.5448737" lon="-5.0125285">
        <ele>24.4</ele>
        <time>2026-09-14T14:42:11.000Z</time>
        <speed>0.000</speed>
      </trkpt>
      <trkpt lat="50.5448737" lon="-5.0125285">
        <ele>24.2</ele>
        <time>2026-09-14T14:42:16.000Z</time>
        <speed>0.000</speed>
      </trkpt>
      <trkpt lat="50.5448737" lon="-5.0125285">
        <ele>24.2</ele>
        <time>2026-09-14T14:42:21.000Z</time>
        <speed>0.000</speed>
      </trkpt>
      <trkpt lat="50.5448737" lon="-5.0125285">
        <ele>24.2</ele>
        <time>2026-09-14T14:42:26.000Z</time>
        <speed>0.000</speed>
      </trkpt>
      <trkpt lat="50.5448737" lon="-5.0125285">
        <ele>24.0</ele>
        <time>2026-09-14T14:42:31.000Z</time>
        <speed>0.000</speed>
      </trkpt>
      <trkpt lat="50.5448737" lon="-5.0125285">
        <ele>24.2</ele>
        <time>2026-09-14T14:42:36.000Z</time>
        <speed>0.000</speed>
      </trkpt>
      <trkpt lat="50.5448737" lon="-5.0125285">
        <ele>24.2</ele>
        <time>2026-09-14T14:42:41.000Z</time>
        <speed>0.000</speed>
      </trkpt>
      <trkpt lat="50.5448737" lon="-5.0125285">
        <ele>24.2</ele>
        <time>2026-09-14T14:42:46.000Z</time>
        <speed>0.000</speed>
      </trkpt>
      <trkpt lat="50.5448737" lon="-5.0125285">
        <ele>24.0</ele>
        <time>2026-09-14T14:42:51.000Z</time>
        <speed>0.000</speed>
      </trkpt>
      <trkpt lat="50.5448737" lon="-5.0125285">
        <ele>23.8</ele>
        <time>2026-09-14T14:42:56.000Z</time>
        <speed>0.000</speed>
      </trkpt>
      <trkpt lat="50.5448737" lon="-5.0125285">
        <ele>23.8</ele>
        <time>2026-09-14T14:43:01.000Z</time>
        <speed>0.000</speed>
      </trkpt>
      <trkpt lat="50.5448736" lon="-5.0125285">
        <ele>23.8</ele>
        <time>2026-09-14T14:43:06.000Z</time>
        <speed>0.000</speed>
      </trkpt>
      <trkpt lat="50.5448736" lon="-5.0125285">
        <ele>23.6</ele>
        <time>2026-09-14T14:43:11.000Z</time>
        <speed>0.000</speed>
      </trkpt>
      <trkpt lat="50.5448736" lon="-5.0125285">
        <ele>23.8</ele>
        <time>2026-09-14T14:43:16.000Z</time>
        <speed>0.000</speed>
      </trkpt>
      <trkpt lat="50.5448736" lon="-5.0125285">
        <ele>23.8</ele>
        <time>2026-09-14T14:43:21.000Z</time>
        <speed>0.000</speed>
      </trkpt>
      <trkpt lat="50.5448737" lon="-5.0125285">
        <ele>23.8</ele>
        <time>2026-09-14T14:43:26.000Z</time>
        <speed>0.000</speed>
      </trkpt>
      <trkpt lat="50.5448737" lon="-5.0125285">
        <ele>24.0</ele>
        <time>2026-09-14T14:43:31.000Z</time>
        <speed>0.000</speed>
      </trkpt>
      <trkpt lat="50.5448737" lon="-5.0125285">
        <ele>23.8</ele>
        <time>2026-09-14T14:43:36.000Z</time>
        <speed>0.000</speed>
      </trkpt>
      <trkpt lat="50.5448737" lon="-5.0125285">
        <ele>23.8</ele>
        <time>2026-09-14T14:43:41.000Z</time>
        <speed>0.000</speed>
      </trkpt>
      <trkpt lat="50.5448737" lon="-5.0125285">
        <ele>23.6</ele>
        <time>2026-09-14T14:43:46.000Z</time>
        <speed>0.000</speed>
      </trkpt>
      <trkpt lat="50.5448737" lon="-5.0125285">
        <ele>23.8</ele>
        <time>2026-09-14T14:43:51.000Z</time>
        <speed>0.000</speed>
      </trkpt>
      <trkpt lat="50.5448737" lon="-5.0125285">
        <ele>23.6</ele>
        <time>2026-09-14T14:43:56.000Z</time>
        <speed>0.000</speed>
      </trkpt>
      <trkpt lat="50.5448737" lon="-5.0125285">
        <ele>23.8</ele>
        <time>2026-09-14T14:44:01.000Z</time>
        <speed>0.000</speed>
      </trkpt>
      <trkpt lat="50.5448737" lon="-5.0125285">
        <ele>23.6</ele>
        <time>2026-09-14T14:44:06.000Z</time>
        <speed>0.000</speed>
      </trkpt>
      <trkpt lat="50.5448737" lon="-5.0125285">
        <ele>23.6</ele>
        <time>2026-09-14T14:44:11.000Z</time>
        <speed>0.000</speed>
      </trkpt>
      <trkpt lat="50.5448737" lon="-5.0125285">
        <ele>23.8</ele>
        <time>2026-09-14T14:44:16.000Z</time>
        <speed>0.000</speed>
      </trkpt>
      <trkpt lat="50.5448737" lon="-5.0125285">
        <ele>23.8</ele>
        <time>2026-09-14T14:44:21.000Z</time>
        <speed>0.000</speed>
      </trkpt>
      <trkpt lat="50.5448737" lon="-5.0125285">
        <ele>23.4</ele>
        <time>2026-09-14T14:44:26.000Z</time>
        <speed>0.000</speed>
      </trkpt>
      <trkpt lat="50.5448764" lon="-5.0125361">
        <ele>23.2</ele>
        <time>2026-09-14T14:44:31.000Z</time>
        <speed>0.000</speed>
      </trkpt>
      <trkpt lat="50.5448737" lon="-5.0125285">
        <ele>24.2</ele>
        <time>2026-09-14T14:44:36.000Z</time>
        <speed>0.000</speed>
      </trkpt>
      <trkpt lat="50.5448828" lon="-5.0125389">
        <ele>23.8</ele>
        <time>2026-09-14T14:44:41.000Z</time>
        <speed>0.000</speed>
      </trkpt>
      <trkpt lat="50.5448737" lon="-5.0125285">
        <ele>24.0</ele>
        <time>2026-09-14T14:44:46.000Z</time>
        <speed>0.000</speed>
      </trkpt>
      <trkpt lat="50.5448563" lon="-5.0124836">
        <ele>24.6</ele>
        <time>2026-09-14T14:44:51.000Z</time>
        <speed>0.000</speed>
      </trkpt>
      <trkpt lat="50.5448525" lon="-5.0124239">
        <ele>25.0</ele>
        <time>2026-09-14T14:44:56.000Z</time>
        <speed>0.821</speed>
      </trkpt>
      <trkpt lat="50.5448494" lon="-5.0123690">
        <ele>25.8</ele>
        <time>2026-09-14T14:45:01.000Z</time>
        <speed>0.896</speed>
      </trkpt>
      <trkpt lat="50.5448338" lon="-5.0123193">
        <ele>26.8</ele>
        <time>2026-09-14T14:45:06.000Z</time>
        <speed>0.886</speed>
      </trkpt>
      <trkpt lat="50.5448370" lon="-5.0122402">
        <ele>26.8</ele>
        <time>2026-09-14T14:45:11.000Z</time>
        <speed>1.008</speed>
      </trkpt>
      <trkpt lat="50.5448377" lon="-5.0121539">
        <ele>26.4</ele>
        <time>2026-09-14T14:45:16.000Z</time>
        <speed>1.129</speed>
      </trkpt>
      <trkpt lat="50.5448361" lon="-5.0120762">
        <ele>26.0</ele>
        <time>2026-09-14T14:45:21.000Z</time>
        <speed>1.204</speed>
      </trkpt>
      <trkpt lat="50.5448309" lon="-5.0119840">
        <ele>26.6</ele>
        <time>2026-09-14T14:45:26.000Z</time>
        <speed>1.250</speed>
      </trkpt>
      <trkpt lat="50.5448282" lon="-5.0119033">
        <ele>27.0</ele>
        <time>2026-09-14T14:45:31.000Z</time>
        <speed>1.241</speed>
      </trkpt>
      <trkpt lat="50.5448268" lon="-5.0118226">
        <ele>27.6</ele>
        <time>2026-09-14T14:45:36.000Z</time>
        <speed>1.185</speed>
      </trkpt>
      <trkpt lat="50.5448242" lon="-5.0117355">
        <ele>28.2</ele>
        <time>2026-09-14T14:45:41.000Z</time>
        <speed>1.213</speed>
      </trkpt>
      <trkpt lat="50.5448188" lon="-5.0116653">
        <ele>28.4</ele>
        <time>2026-09-14T14:45:46.000Z</time>
        <speed>1.194</speed>
      </trkpt>
      <trkpt lat="50.5448134" lon="-5.0115825">
        <ele>28.2</ele>
        <time>2026-09-14T14:45:51.000Z</time>
        <speed>1.185</speed>
      </trkpt>
      <trkpt lat="50.5448097" lon="-5.0114989">
        <ele>27.4</ele>
        <time>2026-09-14T14:45:56.000Z</time>
        <speed>1.241</speed>
      </trkpt>
      <trkpt lat="50.5448182" lon="-5.0114004">
        <ele>27.2</ele>
        <time>2026-09-14T14:46:01.000Z</time>
        <speed>1.306</speed>
      </trkpt>
      <trkpt lat="50.5448247" lon="-5.0113123">
        <ele>26.8</ele>
        <time>2026-09-14T14:46:06.000Z</time>
        <speed>1.297</speed>
      </trkpt>
      <trkpt lat="50.5448361" lon="-5.0112268">
        <ele>27.0</ele>
        <time>2026-09-14T14:46:11.000Z</time>
        <speed>1.316</speed>
      </trkpt>
      <trkpt lat="50.5448555" lon="-5.0111481">
        <ele>27.0</ele>
        <time>2026-09-14T14:46:16.000Z</time>
        <speed>1.306</speed>
      </trkpt>
      <trkpt lat="50.5448596" lon="-5.0110590">
        <ele>27.4</ele>
        <time>2026-09-14T14:46:21.000Z</time>
        <speed>1.288</speed>
      </trkpt>
      <trkpt lat="50.5448843" lon="-5.0109752">
        <ele>27.2</ele>
        <time>2026-09-14T14:46:26.000Z</time>
        <speed>1.288</speed>
      </trkpt>
      <trkpt lat="50.5449002" lon="-5.0108975">
        <ele>27.4</ele>
        <time>2026-09-14T14:46:31.000Z</time>
        <speed>1.269</speed>
      </trkpt>
      <trkpt lat="50.5448701" lon="-5.0108458">
        <ele>27.6</ele>
        <time>2026-09-14T14:46:36.000Z</time>
        <speed>1.157</speed>
      </trkpt>
      <trkpt lat="50.5448389" lon="-5.0107863">
        <ele>27.4</ele>
        <time>2026-09-14T14:46:41.000Z</time>
        <speed>1.129</speed>
      </trkpt>
      <trkpt lat="50.5447952" lon="-5.0107600">
        <ele>27.2</ele>
        <time>2026-09-14T14:46:46.000Z</time>
        <speed>1.148</speed>
      </trkpt>
      <trkpt lat="50.5447460" lon="-5.0106957">
        <ele>26.6</ele>
        <time>2026-09-14T14:46:51.000Z</time>
        <speed>1.241</speed>
      </trkpt>
      <trkpt lat="50.5447046" lon="-5.0106373">
        <ele>26.4</ele>
        <time>2026-09-14T14:46:56.000Z</time>
        <speed>1.232</speed>
      </trkpt>
      <trkpt lat="50.5446631" lon="-5.0105785">
        <ele>26.2</ele>
        <time>2026-09-14T14:47:01.000Z</time>
        <speed>1.232</speed>
      </trkpt>
      <trkpt lat="50.5446507" lon="-5.0104980">
        <ele>26.0</ele>
        <time>2026-09-14T14:47:06.000Z</time>
        <speed>1.241</speed>
      </trkpt>
      <trkpt lat="50.5446485" lon="-5.0103998">
        <ele>25.4</ele>
        <time>2026-09-14T14:47:11.000Z</time>
        <speed>1.232</speed>
      </trkpt>
      <trkpt lat="50.5446580" lon="-5.0103402">
        <ele>25.6</ele>
        <time>2026-09-14T14:47:16.000Z</time>
        <speed>1.213</speed>
      </trkpt>
      <trkpt lat="50.5446781" lon="-5.0102633">
        <ele>25.8</ele>
        <time>2026-09-14T14:47:21.000Z</time>
        <speed>1.176</speed>
      </trkpt>
      <trkpt lat="50.5446984" lon="-5.0101857">
        <ele>26.2</ele>
        <time>2026-09-14T14:47:26.000Z</time>
        <speed>1.176</speed>
      </trkpt>
      <trkpt lat="50.5446931" lon="-5.0101656">
        <ele>26.6</ele>
        <time>2026-09-14T14:47:31.000Z</time>
        <speed>1.036</speed>
      </trkpt>
      <trkpt lat="50.5446931" lon="-5.0101656">
        <ele>26.4</ele>
        <time>2026-09-14T14:47:36.000Z</time>
        <speed>0.000</speed>
      </trkpt>
      <trkpt lat="50.5446931" lon="-5.0101656">
        <ele>26.4</ele>
        <time>2026-09-14T14:47:41.000Z</time>
        <speed>0.000</speed>
      </trkpt>
      <trkpt lat="50.5446931" lon="-5.0101656">
        <ele>26.4</ele>
        <time>2026-09-14T14:47:46.000Z</time>
        <speed>0.000</speed>
      </trkpt>
      <trkpt lat="50.5446931" lon="-5.0101656">
        <ele>26.4</ele>
        <time>2026-09-14T14:47:51.000Z</time>
        <speed>0.000</speed>
      </trkpt>
      <trkpt lat="50.5446931" lon="-5.0101656">
        <ele>26.6</ele>
        <time>2026-09-14T14:47:56.000Z</time>
        <speed>0.000</speed>
      </trkpt>
      <trkpt lat="50.5447119" lon="-5.0101291">
        <ele>26.8</ele>
        <time>2026-09-14T14:48:01.000Z</time>
        <speed>0.000</speed>
      </trkpt>
      <trkpt lat="50.5447401" lon="-5.0100387">
        <ele>27.2</ele>
        <time>2026-09-14T14:48:06.000Z</time>
        <speed>1.213</speed>
      </trkpt>
      <trkpt lat="50.5447649" lon="-5.0099572">
        <ele>27.6</ele>
        <time>2026-09-14T14:48:11.000Z</time>
        <speed>1.288</speed>
      </trkpt>
      <trkpt lat="50.5447844" lon="-5.0098634">
        <ele>27.6</ele>
        <time>2026-09-14T14:48:16.000Z</time>
        <speed>1.334</speed>
      </trkpt>
      <trkpt lat="50.5448176" lon="-5.0097723">
        <ele>27.6</ele>
        <time>2026-09-14T14:48:21.000Z</time>
        <speed>1.353</speed>
      </trkpt>
      <trkpt lat="50.5448446" lon="-5.0096808">
        <ele>27.6</ele>
        <time>2026-09-14T14:48:26.000Z</time>
        <speed>1.409</speed>
      </trkpt>
      <trkpt lat="50.5448771" lon="-5.0096000">
        <ele>27.8</ele>
        <time>2026-09-14T14:48:31.000Z</time>
        <speed>1.353</speed>
      </trkpt>
      <trkpt lat="50.5449112" lon="-5.0095160">
        <ele>27.4</ele>
        <time>2026-09-14T14:48:36.000Z</time>
        <speed>1.400</speed>
      </trkpt>
      <trkpt lat="50.5449397" lon="-5.0094259">
        <ele>27.6</ele>
        <time>2026-09-14T14:48:41.000Z</time>
        <speed>1.381</speed>
      </trkpt>
      <trkpt lat="50.5449585" lon="-5.0093815">
        <ele>27.4</ele>
        <time>2026-09-14T14:48:46.000Z</time>
        <speed>1.260</speed>
      </trkpt>
      <trkpt lat="50.5449884" lon="-5.0093600">
        <ele>27.2</ele>
        <time>2026-09-14T14:48:51.000Z</time>
        <speed>0.933</speed>
      </trkpt>
      <trkpt lat="50.5449895" lon="-5.0093593">
        <ele>27.0</ele>
        <time>2026-09-14T14:48:56.000Z</time>
        <speed>0.000</speed>
      </trkpt>
      <trkpt lat="50.5449895" lon="-5.0093593">
        <ele>27.0</ele>
        <time>2026-09-14T14:49:01.000Z</time>
        <speed>0.000</speed>
      </trkpt>
      <trkpt lat="50.5449895" lon="-5.0093593">
        <ele>26.8</ele>
        <time>2026-09-14T14:49:06.000Z</time>
        <speed>0.000</speed>
      </trkpt>
      <trkpt lat="50.5449895" lon="-5.0093593">
        <ele>27.2</ele>
        <time>2026-09-14T14:49:11.000Z</time>
        <speed>0.000</speed>
      </trkpt>
      <trkpt lat="50.5449895" lon="-5.0093593">
        <ele>26.2</ele>
        <time>2026-09-14T14:49:16.000Z</time>
        <speed>0.000</speed>
      </trkpt>
      <trkpt lat="50.5449895" lon="-5.0093593">
        <ele>26.2</ele>
        <time>2026-09-14T14:49:21.000Z</time>
        <speed>0.373</speed>
      </trkpt>
      <trkpt lat="50.5449895" lon="-5.0093593">
        <ele>26.2</ele>
        <time>2026-09-14T14:49:26.000Z</time>
        <speed>0.000</speed>
      </trkpt>
      <trkpt lat="50.5449810" lon="-5.0093759">
        <ele>26.4</ele>
        <time>2026-09-14T14:49:31.000Z</time>
        <speed>0.000</speed>
      </trkpt>
      <trkpt lat="50.5449745" lon="-5.0093787">
        <ele>26.4</ele>
        <time>2026-09-14T14:49:36.000Z</time>
        <speed>0.000</speed>
      </trkpt>
      <trkpt lat="50.5449745" lon="-5.0093787">
        <ele>26.2</ele>
        <time>2026-09-14T14:49:41.000Z</time>
        <speed>0.000</speed>
      </trkpt>
      <trkpt lat="50.5449745" lon="-5.0093787">
        <ele>26.8</ele>
        <time>2026-09-14T14:49:46.000Z</time>
        <speed>0.000</speed>
      </trkpt>
      <trkpt lat="50.5449745" lon="-5.0093787">
        <ele>26.4</ele>
        <time>2026-09-14T14:49:51.000Z</time>
        <speed>0.000</speed>
      </trkpt>
      <trkpt lat="50.5449745" lon="-5.0093787">
        <ele>26.6</ele>
        <time>2026-09-14T14:49:56.000Z</time>
        <speed>0.000</speed>
      </trkpt>
      <trkpt lat="50.5449745" lon="-5.0093787">
        <ele>26.6</ele>
        <time>2026-09-14T14:50:01.000Z</time>
        <speed>0.000</speed>
      </trkpt>
      <trkpt lat="50.5449745" lon="-5.0093787">
        <ele>26.6</ele>
        <time>2026-09-14T14:50:06.000Z</time>
        <speed>0.000</speed>
      </trkpt>
      <trkpt lat="50.5449817" lon="-5.0093780">
        <ele>26.4</ele>
        <time>2026-09-14T14:50:11.000Z</time>
        <speed>0.000</speed>
      </trkpt>
      <trkpt lat="50.5449745" lon="-5.0093787">
        <ele>26.4</ele>
        <time>2026-09-14T14:50:16.000Z</time>
        <speed>0.000</speed>
      </trkpt>
      <trkpt lat="50.5449745" lon="-5.0093787">
        <ele>26.6</ele>
        <time>2026-09-14T14:50:21.000Z</time>
        <speed>0.000</speed>
      </trkpt>
      <trkpt lat="50.5449745" lon="-5.0093787">
        <ele>26.4</ele>
        <time>2026-09-14T14:50:26.000Z</time>
        <speed>0.000</speed>
      </trkpt>
      <trkpt lat="50.5449745" lon="-5.0093787">
        <ele>26.4</ele>
        <time>2026-09-14T14:50:31.000Z</time>
        <speed>0.000</speed>
      </trkpt>
      <trkpt lat="50.5449745" lon="-5.0093787">
        <ele>26.6</ele>
        <time>2026-09-14T14:50:36.000Z</time>
        <speed>0.000</speed>
      </trkpt>
      <trkpt lat="50.5449745" lon="-5.0093787">
        <ele>26.6</ele>
        <time>2026-09-14T14:50:41.000Z</time>
        <speed>0.000</speed>
      </trkpt>
      <trkpt lat="50.5449745" lon="-5.0093787">
        <ele>26.4</ele>
        <time>2026-09-14T14:50:46.000Z</time>
        <speed>0.000</speed>
      </trkpt>
      <trkpt lat="50.5449745" lon="-5.0093787">
        <ele>26.4</ele>
        <time>2026-09-14T14:50:51.000Z</time>
        <speed>0.000</speed>
      </trkpt>
      <trkpt lat="50.5449745" lon="-5.0093787">
        <ele>26.4</ele>
        <time>2026-09-14T14:50:56.000Z</time>
        <speed>0.000</speed>
      </trkpt>
      <trkpt lat="50.5449745" lon="-5.0093787">
        <ele>26.8</ele>
        <time>2026-09-14T14:51:01.000Z</time>
        <speed>0.000</speed>
      </trkpt>
      <trkpt lat="50.5449745" lon="-5.0093787">
        <ele>26.8</ele>
        <time>2026-09-14T14:51:06.000Z</time>
        <speed>0.000</speed>
      </trkpt>
      <trkpt lat="50.5449745" lon="-5.0093787">
        <ele>26.6</ele>
        <time>2026-09-14T14:51:11.000Z</time>
        <speed>0.000</speed>
      </trkpt>
      <trkpt lat="50.5449745" lon="-5.0093787">
        <ele>26.8</ele>
        <time>2026-09-14T14:51:16.000Z</time>
        <speed>0.000</speed>
      </trkpt>
      <trkpt lat="50.5449745" lon="-5.0093787">
        <ele>26.8</ele>
        <time>2026-09-14T14:51:21.000Z</time>
        <speed>0.000</speed>
      </trkpt>
      <trkpt lat="50.5449745" lon="-5.0093787">
        <ele>27.0</ele>
        <time>2026-09-14T14:51:26.000Z</time>
        <speed>0.000</speed>
      </trkpt>
      <trkpt lat="50.5449745" lon="-5.0093787">
        <ele>27.2</ele>
        <time>2026-09-14T14:51:31.000Z</time>
        <speed>0.000</speed>
      </trkpt>
      <trkpt lat="50.5449745" lon="-5.0093787">
        <ele>26.6</ele>
        <time>2026-09-14T14:51:36.000Z</time>
        <speed>0.000</speed>
      </trkpt>
      <trkpt lat="50.5449745" lon="-5.0093787">
        <ele>27.0</ele>
        <time>2026-09-14T14:51:41.000Z</time>
        <speed>0.000</speed>
      </trkpt>
      <trkpt lat="50.5449745" lon="-5.0093787">
        <ele>27.0</ele>
        <time>2026-09-14T14:51:46.000Z</time>
        <speed>0.000</speed>
      </trkpt>
      <trkpt lat="50.5449745" lon="-5.0093787">
        <ele>27.2</ele>
        <time>2026-09-14T14:51:51.000Z</time>
        <speed>0.000</speed>
      </trkpt>
      <trkpt lat="50.5449745" lon="-5.0093787">
        <ele>27.4</ele>
        <time>2026-09-14T14:51:56.000Z</time>
        <speed>0.000</speed>
      </trkpt>
      <trkpt lat="50.5449745" lon="-5.0093787">
        <ele>27.0</ele>
        <time>2026-09-14T14:52:01.000Z</time>
        <speed>0.000</speed>
      </trkpt>
      <trkpt lat="50.5449745" lon="-5.0093787">
        <ele>27.0</ele>
        <time>2026-09-14T14:52:06.000Z</time>
        <speed>0.000</speed>
      </trkpt>
      <trkpt lat="50.5449745" lon="-5.0093787">
        <ele>27.0</ele>
        <time>2026-09-14T14:52:11.000Z</time>
        <speed>0.000</speed>
      </trkpt>
      <trkpt lat="50.5449745" lon="-5.0093787">
        <ele>27.0</ele>
        <time>2026-09-14T14:52:16.000Z</time>
        <speed>0.000</speed>
      </trkpt>
      <trkpt lat="50.5449745" lon="-5.0093787">
        <ele>27.2</ele>
        <time>2026-09-14T14:52:21.000Z</time>
        <speed>0.000</speed>
      </trkpt>
      <trkpt lat="50.5449745" lon="-5.0093787">
        <ele>27.0</ele>
        <time>2026-09-14T14:52:26.000Z</time>
        <speed>0.000</speed>
      </trkpt>
      <trkpt lat="50.5449745" lon="-5.0093787">
        <ele>27.0</ele>
        <time>2026-09-14T14:52:31.000Z</time>
        <speed>0.000</speed>
      </trkpt>
      <trkpt lat="50.5449745" lon="-5.0093787">
        <ele>27.0</ele>
        <time>2026-09-14T14:52:36.000Z</time>
        <speed>0.000</speed>
      </trkpt>
      <trkpt lat="50.5449745" lon="-5.0093787">
        <ele>27.0</ele>
        <time>2026-09-14T14:52:41.000Z</time>
        <speed>0.000</speed>
      </trkpt>
      <trkpt lat="50.5449745" lon="-5.0093787">
        <ele>27.2</ele>
        <time>2026-09-14T14:52:46.000Z</time>
        <speed>0.000</speed>
      </trkpt>
      <trkpt lat="50.5449745" lon="-5.0093787">
        <ele>27.2</ele>
        <time>2026-09-14T14:52:51.000Z</time>
        <speed>0.000</speed>
      </trkpt>
      <trkpt lat="50.5449745" lon="-5.0093787">
        <ele>27.2</ele>
        <time>2026-09-14T14:52:56.000Z</time>
        <speed>0.000</speed>
      </trkpt>
      <trkpt lat="50.5449745" lon="-5.0093787">
        <ele>27.2</ele>
        <time>2026-09-14T14:53:01.000Z</time>
        <speed>0.000</speed>
      </trkpt>
      <trkpt lat="50.5449745" lon="-5.0093787">
        <ele>27.0</ele>
        <time>2026-09-14T14:53:06.000Z</time>
        <speed>0.000</speed>
      </trkpt>
      <trkpt lat="50.5449745" lon="-5.0093787">
        <ele>27.0</ele>
        <time>2026-09-14T14:53:11.000Z</time>
        <speed>0.000</speed>
      </trkpt>
      <trkpt lat="50.5449745" lon="-5.0093787">
        <ele>27.0</ele>
        <time>2026-09-14T14:53:16.000Z</time>
        <speed>0.000</speed>
      </trkpt>
      <trkpt lat="50.5449745" lon="-5.0093787">
        <ele>27.2</ele>
        <time>2026-09-14T14:53:21.000Z</time>
        <speed>0.000</speed>
      </trkpt>
      <trkpt lat="50.5449745" lon="-5.0093787">
        <ele>27.2</ele>
        <time>2026-09-14T14:53:26.000Z</time>
        <speed>0.000</speed>
      </trkpt>
      <trkpt lat="50.5449745" lon="-5.0093787">
        <ele>27.0</ele>
        <time>2026-09-14T14:53:31.000Z</time>
        <speed>0.000</speed>
      </trkpt>
      <trkpt lat="50.5449745" lon="-5.0093787">
        <ele>27.0</ele>
        <time>2026-09-14T14:53:36.000Z</time>
        <speed>0.000</speed>
      </trkpt>
      <trkpt lat="50.5449745" lon="-5.0093787">
        <ele>27.0</ele>
        <time>2026-09-14T14:53:41.000Z</time>
        <speed>0.000</speed>
      </trkpt>
      <trkpt lat="50.5449745" lon="-5.0093787">
        <ele>27.0</ele>
        <time>2026-09-14T14:53:46.000Z</time>
        <speed>0.000</speed>
      </trkpt>
      <trkpt lat="50.5449745" lon="-5.0093787">
        <ele>27.2</ele>
        <time>2026-09-14T14:53:51.000Z</time>
        <speed>0.000</speed>
      </trkpt>
      <trkpt lat="50.5449824" lon="-5.0093807">
        <ele>27.2</ele>
        <time>2026-09-14T14:53:56.000Z</time>
        <speed>0.000</speed>
      </trkpt>
      <trkpt lat="50.5449878" lon="-5.0093721">
        <ele>27.6</ele>
        <time>2026-09-14T14:54:01.000Z</time>
        <speed>0.000</speed>
      </trkpt>
      <trkpt lat="50.5449745" lon="-5.0093787">
        <ele>27.6</ele>
        <time>2026-09-14T14:54:06.000Z</time>
        <speed>0.000</speed>
      </trkpt>
      <trkpt lat="50.5449745" lon="-5.0093787">
        <ele>27.6</ele>
        <time>2026-09-14T14:54:11.000Z</time>
        <speed>0.000</speed>
      </trkpt>
      <trkpt lat="50.5449838" lon="-5.0093630">
        <ele>27.6</ele>
        <time>2026-09-14T14:54:16.000Z</time>
        <speed>0.000</speed>
      </trkpt>
      <trkpt lat="50.5449838" lon="-5.0093630">
        <ele>27.8</ele>
        <time>2026-09-14T14:54:21.000Z</time>
        <speed>0.000</speed>
      </trkpt>
      <trkpt lat="50.5449885" lon="-5.0093524">
        <ele>27.6</ele>
        <time>2026-09-14T14:54:26.000Z</time>
        <speed>0.690</speed>
      </trkpt>
      <trkpt lat="50.5449838" lon="-5.0093630">
        <ele>28.6</ele>
        <time>2026-09-14T14:54:31.000Z</time>
        <speed>0.000</speed>
      </trkpt>
      <trkpt lat="50.5449838" lon="-5.0093630">
        <ele>27.8</ele>
        <time>2026-09-14T14:54:36.000Z</time>
        <speed>0.000</speed>
      </trkpt>
      <trkpt lat="50.5449838" lon="-5.0093630">
        <ele>27.8</ele>
        <time>2026-09-14T14:54:41.000Z</time>
        <speed>0.000</speed>
      </trkpt>
      <trkpt lat="50.5449838" lon="-5.0093630">
        <ele>28.6</ele>
        <time>2026-09-14T14:54:46.000Z</time>
        <speed>0.000</speed>
      </trkpt>
      <trkpt lat="50.5449838" lon="-5.0093630">
        <ele>28.2</ele>
        <time>2026-09-14T14:54:51.000Z</time>
        <speed>0.000</speed>
      </trkpt>
      <trkpt lat="50.5449827" lon="-5.0093677">
        <ele>28.8</ele>
        <time>2026-09-14T14:54:56.000Z</time>
        <speed>0.000</speed>
      </trkpt>
      <trkpt lat="50.5449859" lon="-5.0092815">
        <ele>28.4</ele>
        <time>2026-09-14T14:55:01.000Z</time>
        <speed>1.446</speed>
      </trkpt>
      <trkpt lat="50.5450116" lon="-5.0092064">
        <ele>28.4</ele>
        <time>2026-09-14T14:55:06.000Z</time>
        <speed>1.241</speed>
      </trkpt>
      <trkpt lat="50.5450280" lon="-5.0091136">
        <ele>28.2</ele>
        <time>2026-09-14T14:55:11.000Z</time>
        <speed>1.372</speed>
      </trkpt>
      <trkpt lat="50.5450547" lon="-5.0090356">
        <ele>28.4</ele>
        <time>2026-09-14T14:55:16.000Z</time>
        <speed>1.353</speed>
      </trkpt>
      <trkpt lat="50.5450694" lon="-5.0089444">
        <ele>28.8</ele>
        <time>2026-09-14T14:55:21.000Z</time>
        <speed>1.409</speed>
      </trkpt>
      <trkpt lat="50.5450999" lon="-5.0088547">
        <ele>27.6</ele>
        <time>2026-09-14T14:55:26.000Z</time>
        <speed>1.372</speed>
      </trkpt>
      <trkpt lat="50.5451194" lon="-5.0087735">
        <ele>28.6</ele>
        <time>2026-09-14T14:55:31.000Z</time>
        <speed>1.353</speed>
      </trkpt>
      <trkpt lat="50.5451445" lon="-5.0086776">
        <ele>28.6</ele>
        <time>2026-09-14T14:55:36.000Z</time>
        <speed>1.390</speed>
      </trkpt>
      <trkpt lat="50.5451712" lon="-5.0085991">
        <ele>28.8</ele>
        <time>2026-09-14T14:55:41.000Z</time>
        <speed>1.390</speed>
      </trkpt>
      <trkpt lat="50.5451994" lon="-5.0085177">
        <ele>29.0</ele>
        <time>2026-09-14T14:55:46.000Z</time>
        <speed>1.381</speed>
      </trkpt>
      <trkpt lat="50.5452175" lon="-5.0084287">
        <ele>29.4</ele>
        <time>2026-09-14T14:55:51.000Z</time>
        <speed>1.390</speed>
      </trkpt>
      <trkpt lat="50.5452220" lon="-5.0083403">
        <ele>29.8</ele>
        <time>2026-09-14T14:55:56.000Z</time>
        <speed>1.381</speed>
      </trkpt>
      <trkpt lat="50.5452374" lon="-5.0082461">
        <ele>30.0</ele>
        <time>2026-09-14T14:56:01.000Z</time>
        <speed>1.362</speed>
      </trkpt>
      <trkpt lat="50.5452666" lon="-5.0081700">
        <ele>30.8</ele>
        <time>2026-09-14T14:56:06.000Z</time>
        <speed>1.362</speed>
      </trkpt>
      <trkpt lat="50.5452901" lon="-5.0080824">
        <ele>30.4</ele>
        <time>2026-09-14T14:56:11.000Z</time>
        <speed>1.362</speed>
      </trkpt>
      <trkpt lat="50.5453110" lon="-5.0079945">
        <ele>29.4</ele>
        <time>2026-09-14T14:56:16.000Z</time>
        <speed>1.353</speed>
      </trkpt>
      <trkpt lat="50.5453294" lon="-5.0078955">
        <ele>29.8</ele>
        <time>2026-09-14T14:56:21.000Z</time>
        <speed>1.372</speed>
      </trkpt>
      <trkpt lat="50.5453407" lon="-5.0077981">
        <ele>29.6</ele>
        <time>2026-09-14T14:56:26.000Z</time>
        <speed>1.428</speed>
      </trkpt>
      <trkpt lat="50.5453511" lon="-5.0077171">
        <ele>30.4</ele>
        <time>2026-09-14T14:56:31.000Z</time>
        <speed>1.362</speed>
      </trkpt>
      <trkpt lat="50.5453486" lon="-5.0076209">
        <ele>30.8</ele>
        <time>2026-09-14T14:56:36.000Z</time>
        <speed>1.353</speed>
      </trkpt>
      <trkpt lat="50.5453535" lon="-5.0075289">
        <ele>30.8</ele>
        <time>2026-09-14T14:56:41.000Z</time>
        <speed>1.325</speed>
      </trkpt>
      <trkpt lat="50.5453700" lon="-5.0074315">
        <ele>31.2</ele>
        <time>2026-09-14T14:56:46.000Z</time>
        <speed>1.344</speed>
      </trkpt>
      <trkpt lat="50.5453902" lon="-5.0073472">
        <ele>31.8</ele>
        <time>2026-09-14T14:56:51.000Z</time>
        <speed>1.362</speed>
      </trkpt>
      <trkpt lat="50.5454090" lon="-5.0072516">
        <ele>31.2</ele>
        <time>2026-09-14T14:56:56.000Z</time>
        <speed>1.372</speed>
      </trkpt>
      <trkpt lat="50.5454307" lon="-5.0071697">
        <ele>31.8</ele>
        <time>2026-09-14T14:57:01.000Z</time>
        <speed>1.353</speed>
      </trkpt>
      <trkpt lat="50.5454591" lon="-5.0070729">
        <ele>32.0</ele>
        <time>2026-09-14T14:57:06.000Z</time>
        <speed>1.372</speed>
      </trkpt>
      <trkpt lat="50.5454800" lon="-5.0069849">
        <ele>32.0</ele>
        <time>2026-09-14T14:57:11.000Z</time>
        <speed>1.353</speed>
      </trkpt>
      <trkpt lat="50.5455095" lon="-5.0068963">
        <ele>32.2</ele>
        <time>2026-09-14T14:57:16.000Z</time>
        <speed>1.362</speed>
      </trkpt>
      <trkpt lat="50.5455353" lon="-5.0068195">
        <ele>32.4</ele>
        <time>2026-09-14T14:57:21.000Z</time>
        <speed>1.362</speed>
      </trkpt>
      <trkpt lat="50.5455629" lon="-5.0067421">
        <ele>31.8</ele>
        <time>2026-09-14T14:57:26.000Z</time>
        <speed>1.344</speed>
      </trkpt>
      <trkpt lat="50.5455959" lon="-5.0066389">
        <ele>31.4</ele>
        <time>2026-09-14T14:57:31.000Z</time>
        <speed>1.362</speed>
      </trkpt>
      <trkpt lat="50.5456201" lon="-5.0065549">
        <ele>31.2</ele>
        <time>2026-09-14T14:57:36.000Z</time>
        <speed>1.362</speed>
      </trkpt>
      <trkpt lat="50.5456361" lon="-5.0064480">
        <ele>31.2</ele>
        <time>2026-09-14T14:57:41.000Z</time>
        <speed>1.381</speed>
      </trkpt>
      <trkpt lat="50.5456512" lon="-5.0063596">
        <ele>31.0</ele>
        <time>2026-09-14T14:57:46.000Z</time>
        <speed>1.381</speed>
      </trkpt>
      <trkpt lat="50.5456722" lon="-5.0062635">
        <ele>31.0</ele>
        <time>2026-09-14T14:57:51.000Z</time>
        <speed>1.390</speed>
      </trkpt>
      <trkpt lat="50.5456971" lon="-5.0061797">
        <ele>30.8</ele>
        <time>2026-09-14T14:57:56.000Z</time>
        <speed>1.372</speed>
      </trkpt>
      <trkpt lat="50.5457219" lon="-5.0060871">
        <ele>30.8</ele>
        <time>2026-09-14T14:58:01.000Z</time>
        <speed>1.390</speed>
      </trkpt>
      <trkpt lat="50.5457525" lon="-5.0059963">
        <ele>30.6</ele>
        <time>2026-09-14T14:58:06.000Z</time>
        <speed>1.390</speed>
      </trkpt>
      <trkpt lat="50.5457793" lon="-5.0059137">
        <ele>30.2</ele>
        <time>2026-09-14T14:58:11.000Z</time>
        <speed>1.390</speed>
      </trkpt>
      <trkpt lat="50.5458051" lon="-5.0058229">
        <ele>29.8</ele>
        <time>2026-09-14T14:58:16.000Z</time>
        <speed>1.400</speed>
      </trkpt>
      <trkpt lat="50.5458249" lon="-5.0057473">
        <ele>29.6</ele>
        <time>2026-09-14T14:58:21.000Z</time>
        <speed>1.390</speed>
      </trkpt>
      <trkpt lat="50.5458629" lon="-5.0056601">
        <ele>29.6</ele>
        <time>2026-09-14T14:58:26.000Z</time>
        <speed>1.372</speed>
      </trkpt>
      <trkpt lat="50.5459080" lon="-5.0055938">
        <ele>29.4</ele>
        <time>2026-09-14T14:58:31.000Z</time>
        <speed>1.372</speed>
      </trkpt>
      <trkpt lat="50.5459417" lon="-5.0055173">
        <ele>29.8</ele>
        <time>2026-09-14T14:58:36.000Z</time>
        <speed>1.390</speed>
      </trkpt>
      <trkpt lat="50.5459631" lon="-5.0054291">
        <ele>29.6</ele>
        <time>2026-09-14T14:58:41.000Z</time>
        <speed>1.400</speed>
      </trkpt>
      <trkpt lat="50.5459629" lon="-5.0053210">
        <ele>28.4</ele>
        <time>2026-09-14T14:58:46.000Z</time>
        <speed>1.390</speed>
      </trkpt>
      <trkpt lat="50.5459580" lon="-5.0052339">
        <ele>28.2</ele>
        <time>2026-09-14T14:58:51.000Z</time>
        <speed>1.381</speed>
      </trkpt>
      <trkpt lat="50.5459456" lon="-5.0051513">
        <ele>28.0</ele>
        <time>2026-09-14T14:58:56.000Z</time>
        <speed>1.372</speed>
      </trkpt>
      <trkpt lat="50.5459271" lon="-5.0050671">
        <ele>27.2</ele>
        <time>2026-09-14T14:59:01.000Z</time>
        <speed>1.344</speed>
      </trkpt>
      <trkpt lat="50.5459074" lon="-5.0049889">
        <ele>26.4</ele>
        <time>2026-09-14T14:59:06.000Z</time>
        <speed>1.325</speed>
      </trkpt>
      <trkpt lat="50.5458718" lon="-5.0049073">
        <ele>25.8</ele>
        <time>2026-09-14T14:59:11.000Z</time>
        <speed>1.306</speed>
      </trkpt>
      <trkpt lat="50.5458292" lon="-5.0048402">
        <ele>25.2</ele>
        <time>2026-09-14T14:59:16.000Z</time>
        <speed>1.297</speed>
      </trkpt>
      <trkpt lat="50.5457936" lon="-5.0047639">
        <ele>24.6</ele>
        <time>2026-09-14T14:59:21.000Z</time>
        <speed>1.306</speed>
      </trkpt>
      <trkpt lat="50.5457610" lon="-5.0046956">
        <ele>23.8</ele>
        <time>2026-09-14T14:59:26.000Z</time>
        <speed>1.306</speed>
      </trkpt>
      <trkpt lat="50.5457270" lon="-5.0046139">
        <ele>23.4</ele>
        <time>2026-09-14T14:59:31.000Z</time>
        <speed>1.306</speed>
      </trkpt>
      <trkpt lat="50.5456572" lon="-5.0045675">
        <ele>22.8</ele>
        <time>2026-09-14T14:59:36.000Z</time>
        <speed>1.334</speed>
      </trkpt>
      <trkpt lat="50.5455913" lon="-5.0045471">
        <ele>22.0</ele>
        <time>2026-09-14T14:59:41.000Z</time>
        <speed>1.362</speed>
      </trkpt>
      <trkpt lat="50.5455347" lon="-5.0045434">
        <ele>21.8</ele>
        <time>2026-09-14T14:59:46.000Z</time>
        <speed>1.353</speed>
      </trkpt>
      <trkpt lat="50.5454674" lon="-5.0045155">
        <ele>21.2</ele>
        <time>2026-09-14T14:59:51.000Z</time>
        <speed>1.372</speed>
      </trkpt>
      <trkpt lat="50.5454134" lon="-5.0044801">
        <ele>20.6</ele>
        <time>2026-09-14T14:59:56.000Z</time>
        <speed>1.353</speed>
      </trkpt>
      <trkpt lat="50.5453678" lon="-5.0044066">
        <ele>20.0</ele>
        <time>2026-09-14T15:00:01.000Z</time>
        <speed>1.372</speed>
      </trkpt>
      <trkpt lat="50.5453334" lon="-5.0043513">
        <ele>19.4</ele>
        <time>2026-09-14T15:00:06.000Z</time>
        <speed>1.334</speed>
      </trkpt>
      <trkpt lat="50.5453146" lon="-5.0042708">
        <ele>19.2</ele>
        <time>2026-09-14T15:00:11.000Z</time>
        <speed>1.316</speed>
      </trkpt>
      <trkpt lat="50.5453022" lon="-5.0041680">
        <ele>18.0</ele>
        <time>2026-09-14T15:00:16.000Z</time>
        <speed>1.325</speed>
      </trkpt>
      <trkpt lat="50.5452961" lon="-5.0040856">
        <ele>17.2</ele>
        <time>2026-09-14T15:00:21.000Z</time>
        <speed>1.316</speed>
      </trkpt>
      <trkpt lat="50.5452927" lon="-5.0039856">
        <ele>16.6</ele>
        <time>2026-09-14T15:00:26.000Z</time>
        <speed>1.334</speed>
      </trkpt>
      <trkpt lat="50.5452812" lon="-5.0039012">
        <ele>15.6</ele>
        <time>2026-09-14T15:00:31.000Z</time>
        <speed>1.297</speed>
      </trkpt>
      <trkpt lat="50.5452610" lon="-5.0038001">
        <ele>14.8</ele>
        <time>2026-09-14T15:00:36.000Z</time>
        <speed>1.325</speed>
      </trkpt>
      <trkpt lat="50.5452360" lon="-5.0037188">
        <ele>14.4</ele>
        <time>2026-09-14T15:00:41.000Z</time>
        <speed>1.334</speed>
      </trkpt>
      <trkpt lat="50.5451713" lon="-5.0036838">
        <ele>14.0</ele>
        <time>2026-09-14T15:00:46.000Z</time>
        <speed>1.334</speed>
      </trkpt>
      <trkpt lat="50.5451084" lon="-5.0037068">
        <ele>13.8</ele>
        <time>2026-09-14T15:00:51.000Z</time>
        <speed>1.353</speed>
      </trkpt>
      <trkpt lat="50.5450563" lon="-5.0037577">
        <ele>14.2</ele>
        <time>2026-09-14T15:00:56.000Z</time>
        <speed>1.353</speed>
      </trkpt>
      <trkpt lat="50.5450175" lon="-5.0038107">
        <ele>14.4</ele>
        <time>2026-09-14T15:01:01.000Z</time>
        <speed>1.325</speed>
      </trkpt>
      <trkpt lat="50.5449801" lon="-5.0038853">
        <ele>14.6</ele>
        <time>2026-09-14T15:01:06.000Z</time>
        <speed>1.306</speed>
      </trkpt>
      <trkpt lat="50.5449486" lon="-5.0039522">
        <ele>14.8</ele>
        <time>2026-09-14T15:01:11.000Z</time>
        <speed>1.288</speed>
      </trkpt>
      <trkpt lat="50.5449195" lon="-5.0040228">
        <ele>15.4</ele>
        <time>2026-09-14T15:01:16.000Z</time>
        <speed>1.278</speed>
      </trkpt>
      <trkpt lat="50.5448749" lon="-5.0041161">
        <ele>16.0</ele>
        <time>2026-09-14T15:01:21.000Z</time>
        <speed>1.316</speed>
      </trkpt>
      <trkpt lat="50.5448378" lon="-5.0041839">
        <ele>15.8</ele>
        <time>2026-09-14T15:01:26.000Z</time>
        <speed>1.316</speed>
      </trkpt>
      <trkpt lat="50.5447957" lon="-5.0042593">
        <ele>16.4</ele>
        <time>2026-09-14T15:01:31.000Z</time>
        <speed>1.325</speed>
      </trkpt>
      <trkpt lat="50.5447537" lon="-5.0043409">
        <ele>16.4</ele>
        <time>2026-09-14T15:01:36.000Z</time>
        <speed>1.353</speed>
      </trkpt>
      <trkpt lat="50.5447094" lon="-5.0044088">
        <ele>16.8</ele>
        <time>2026-09-14T15:01:41.000Z</time>
        <speed>1.353</speed>
      </trkpt>
      <trkpt lat="50.5446712" lon="-5.0044940">
        <ele>16.4</ele>
        <time>2026-09-14T15:01:46.000Z</time>
        <speed>1.362</speed>
      </trkpt>
      <trkpt lat="50.5446337" lon="-5.0045723">
        <ele>16.4</ele>
        <time>2026-09-14T15:01:51.000Z</time>
        <speed>1.372</speed>
      </trkpt>
      <trkpt lat="50.5445872" lon="-5.0046340">
        <ele>17.0</ele>
        <time>2026-09-14T15:01:56.000Z</time>
        <speed>1.372</speed>
      </trkpt>
      <trkpt lat="50.5445448" lon="-5.0047142">
        <ele>16.8</ele>
        <time>2026-09-14T15:02:01.000Z</time>
        <speed>1.381</speed>
      </trkpt>
      <trkpt lat="50.5445073" lon="-5.0047840">
        <ele>16.6</ele>
        <time>2026-09-14T15:02:06.000Z</time>
        <speed>1.381</speed>
      </trkpt>
      <trkpt lat="50.5444704" lon="-5.0048491">
        <ele>16.8</ele>
        <time>2026-09-14T15:02:11.000Z</time>
        <speed>1.372</speed>
      </trkpt>
      <trkpt lat="50.5444211" lon="-5.0048919">
        <ele>16.6</ele>
        <time>2026-09-14T15:02:16.000Z</time>
        <speed>1.344</speed>
      </trkpt>
      <trkpt lat="50.5443649" lon="-5.0048967">
        <ele>16.0</ele>
        <time>2026-09-14T15:02:21.000Z</time>
        <speed>1.325</speed>
      </trkpt>
      <trkpt lat="50.5443012" lon="-5.0048861">
        <ele>15.8</ele>
        <time>2026-09-14T15:02:26.000Z</time>
        <speed>1.325</speed>
      </trkpt>
      <trkpt lat="50.5442465" lon="-5.0048592">
        <ele>15.4</ele>
        <time>2026-09-14T15:02:31.000Z</time>
        <speed>1.316</speed>
      </trkpt>
      <trkpt lat="50.5441820" lon="-5.0048546">
        <ele>15.0</ele>
        <time>2026-09-14T15:02:36.000Z</time>
        <speed>1.344</speed>
      </trkpt>
      <trkpt lat="50.5441258" lon="-5.0048588">
        <ele>14.8</ele>
        <time>2026-09-14T15:02:41.000Z</time>
        <speed>1.334</speed>
      </trkpt>
      <trkpt lat="50.5440842" lon="-5.0048709">
        <ele>14.4</ele>
        <time>2026-09-14T15:02:46.000Z</time>
        <speed>1.316</speed>
      </trkpt>
      <trkpt lat="50.5440285" lon="-5.0048890">
        <ele>14.4</ele>
        <time>2026-09-14T15:02:51.000Z</time>
        <speed>1.278</speed>
      </trkpt>
      <trkpt lat="50.5439920" lon="-5.0048604">
        <ele>13.8</ele>
        <time>2026-09-14T15:02:56.000Z</time>
        <speed>1.176</speed>
      </trkpt>
      <trkpt lat="50.5439434" lon="-5.0048157">
        <ele>12.4</ele>
        <time>2026-09-14T15:03:01.000Z</time>
        <speed>1.157</speed>
      </trkpt>
      <trkpt lat="50.5438940" lon="-5.0047796">
        <ele>12.4</ele>
        <time>2026-09-14T15:03:06.000Z</time>
        <speed>1.129</speed>
      </trkpt>
      <trkpt lat="50.5438417" lon="-5.0047538">
        <ele>13.0</ele>
        <time>2026-09-14T15:03:11.000Z</time>
        <speed>1.157</speed>
      </trkpt>
      <trkpt lat="50.5437864" lon="-5.0047277">
        <ele>12.8</ele>
        <time>2026-09-14T15:03:16.000Z</time>
        <speed>1.194</speed>
      </trkpt>
      <trkpt lat="50.5437271" lon="-5.0047177">
        <ele>12.4</ele>
        <time>2026-09-14T15:03:21.000Z</time>
        <speed>1.222</speed>
      </trkpt>
      <trkpt lat="50.5436694" lon="-5.0047111">
        <ele>12.2</ele>
        <time>2026-09-14T15:03:26.000Z</time>
        <speed>1.232</speed>
      </trkpt>
      <trkpt lat="50.5436074" lon="-5.0047242">
        <ele>12.2</ele>
        <time>2026-09-14T15:03:31.000Z</time>
        <speed>1.250</speed>
      </trkpt>
      <trkpt lat="50.5435607" lon="-5.0047498">
        <ele>12.2</ele>
        <time>2026-09-14T15:03:36.000Z</time>
        <speed>1.194</speed>
      </trkpt>
      <trkpt lat="50.5435380" lon="-5.0048080">
        <ele>12.4</ele>
        <time>2026-09-14T15:03:41.000Z</time>
        <speed>1.166</speed>
      </trkpt>
      <trkpt lat="50.5435465" lon="-5.0048361">
        <ele>12.2</ele>
        <time>2026-09-14T15:03:46.000Z</time>
        <speed>0.970</speed>
      </trkpt>
      <trkpt lat="50.5435412" lon="-5.0048625">
        <ele>11.8</ele>
        <time>2026-09-14T15:03:51.000Z</time>
        <speed>0.000</speed>
      </trkpt>
      <trkpt lat="50.5435395" lon="-5.0048957">
        <ele>12.0</ele>
        <time>2026-09-14T15:03:56.000Z</time>
        <speed>0.000</speed>
      </trkpt>
      <trkpt lat="50.5435400" lon="-5.0048975">
        <ele>11.6</ele>
        <time>2026-09-14T15:04:01.000Z</time>
        <speed>0.000</speed>
      </trkpt>
      <trkpt lat="50.5435285" lon="-5.0048954">
        <ele>11.4</ele>
        <time>2026-09-14T15:04:06.000Z</time>
        <speed>0.000</speed>
      </trkpt>
      <trkpt lat="50.5435105" lon="-5.0048927">
        <ele>11.4</ele>
        <time>2026-09-14T15:04:11.000Z</time>
        <speed>0.000</speed>
      </trkpt>
      <trkpt lat="50.5435105" lon="-5.0048927">
        <ele>11.4</ele>
        <time>2026-09-14T15:04:16.000Z</time>
        <speed>0.000</speed>
      </trkpt>
      <trkpt lat="50.5435105" lon="-5.0048927">
        <ele>11.4</ele>
        <time>2026-09-14T15:04:21.000Z</time>
        <speed>0.000</speed>
      </trkpt>
      <trkpt lat="50.5435189" lon="-5.0048822">
        <ele>11.6</ele>
        <time>2026-09-14T15:04:26.000Z</time>
        <speed>0.000</speed>
      </trkpt>
      <trkpt lat="50.5435231" lon="-5.0048904">
        <ele>11.6</ele>
        <time>2026-09-14T15:04:31.000Z</time>
        <speed>0.000</speed>
      </trkpt>
      <trkpt lat="50.5435105" lon="-5.0048927">
        <ele>11.6</ele>
        <time>2026-09-14T15:04:36.000Z</time>
        <speed>0.000</speed>
      </trkpt>
      <trkpt lat="50.5435105" lon="-5.0048927">
        <ele>11.8</ele>
        <time>2026-09-14T15:04:41.000Z</time>
        <speed>0.000</speed>
      </trkpt>
      <trkpt lat="50.5435105" lon="-5.0048927">
        <ele>11.6</ele>
        <time>2026-09-14T15:04:46.000Z</time>
        <speed>0.000</speed>
      </trkpt>
      <trkpt lat="50.5435105" lon="-5.0048927">
        <ele>12.0</ele>
        <time>2026-09-14T15:04:51.000Z</time>
        <speed>0.000</speed>
      </trkpt>
      <trkpt lat="50.5435105" lon="-5.0048927">
        <ele>11.8</ele>
        <time>2026-09-14T15:04:56.000Z</time>
        <speed>0.000</speed>
      </trkpt>
      <trkpt lat="50.5434800" lon="-5.0049315">
        <ele>11.0</ele>
        <time>2026-09-14T15:05:01.000Z</time>
        <speed>1.194</speed>
      </trkpt>
      <trkpt lat="50.5434327" lon="-5.0049633">
        <ele>11.0</ele>
        <time>2026-09-14T15:05:06.000Z</time>
        <speed>1.222</speed>
      </trkpt>
      <trkpt lat="50.5433868" lon="-5.0050064">
        <ele>11.6</ele>
        <time>2026-09-14T15:05:11.000Z</time>
        <speed>1.213</speed>
      </trkpt>
      <trkpt lat="50.5433566" lon="-5.0050121">
        <ele>12.0</ele>
        <time>2026-09-14T15:05:16.000Z</time>
        <speed>1.054</speed>
      </trkpt>
      <trkpt lat="50.5433163" lon="-5.0049942">
        <ele>12.2</ele>
        <time>2026-09-14T15:05:21.000Z</time>
        <speed>1.017</speed>
      </trkpt>
      <trkpt lat="50.5432682" lon="-5.0049936">
        <ele>12.0</ele>
        <time>2026-09-14T15:05:26.000Z</time>
        <speed>0.989</speed>
      </trkpt>
      <trkpt lat="50.5432129" lon="-5.0049757">
        <ele>11.2</ele>
        <time>2026-09-14T15:05:31.000Z</time>
        <speed>1.194</speed>
      </trkpt>
      <trkpt lat="50.5431619" lon="-5.0049537">
        <ele>11.2</ele>
        <time>2026-09-14T15:05:37.000Z</time>
        <speed>0.896</speed>
      </trkpt>
      <trkpt lat="50.5430990" lon="-5.0049231">
        <ele>11.6</ele>
        <time>2026-09-14T15:05:42.000Z</time>
        <speed>1.241</speed>
      </trkpt>
      <trkpt lat="50.5430390" lon="-5.0048984">
        <ele>11.4</ele>
        <time>2026-09-14T15:05:47.000Z</time>
        <speed>1.288</speed>
      </trkpt>
      <trkpt lat="50.5429775" lon="-5.0048542">
        <ele>12.4</ele>
        <time>2026-09-14T15:05:52.000Z</time>
        <speed>1.344</speed>
      </trkpt>
      <trkpt lat="50.5429410" lon="-5.0047740">
        <ele>12.4</ele>
        <time>2026-09-14T15:05:57.000Z</time>
        <speed>1.362</speed>
      </trkpt>
      <trkpt lat="50.5429187" lon="-5.0047017">
        <ele>11.0</ele>
        <time>2026-09-14T15:06:02.000Z</time>
        <speed>1.372</speed>
      </trkpt>
      <trkpt lat="50.5429001" lon="-5.0046221">
        <ele>10.8</ele>
        <time>2026-09-14T15:06:07.000Z</time>
        <speed>1.297</speed>
      </trkpt>
      <trkpt lat="50.5428715" lon="-5.0045427">
        <ele>10.2</ele>
        <time>2026-09-14T15:06:12.000Z</time>
        <speed>1.278</speed>
      </trkpt>
      <trkpt lat="50.5428386" lon="-5.0044786">
        <ele>10.6</ele>
        <time>2026-09-14T15:06:17.000Z</time>
        <speed>1.306</speed>
      </trkpt>
      <trkpt lat="50.5427850" lon="-5.0044384">
        <ele>10.0</ele>
        <time>2026-09-14T15:06:22.000Z</time>
        <speed>1.278</speed>
      </trkpt>
      <trkpt lat="50.5427246" lon="-5.0043967">
        <ele>9.8</ele>
        <time>2026-09-14T15:06:27.000Z</time>
        <speed>1.306</speed>
      </trkpt>
      <trkpt lat="50.5426727" lon="-5.0043489">
        <ele>9.6</ele>
        <time>2026-09-14T15:06:32.000Z</time>
        <speed>1.334</speed>
      </trkpt>
      <trkpt lat="50.5426272" lon="-5.0042943">
        <ele>11.0</ele>
        <time>2026-09-14T15:06:37.000Z</time>
        <speed>1.334</speed>
      </trkpt>
      <trkpt lat="50.5425867" lon="-5.0042465">
        <ele>11.0</ele>
        <time>2026-09-14T15:06:42.000Z</time>
        <speed>1.316</speed>
      </trkpt>
      <trkpt lat="50.5425298" lon="-5.0042010">
        <ele>11.4</ele>
        <time>2026-09-14T15:06:47.000Z</time>
        <speed>1.297</speed>
      </trkpt>
      <trkpt lat="50.5424630" lon="-5.0041529">
        <ele>9.8</ele>
        <time>2026-09-14T15:06:52.000Z</time>
        <speed>1.353</speed>
      </trkpt>
      <trkpt lat="50.5424014" lon="-5.0041125">
        <ele>10.8</ele>
        <time>2026-09-14T15:06:57.000Z</time>
        <speed>1.362</speed>
      </trkpt>
      <trkpt lat="50.5423496" lon="-5.0040746">
        <ele>10.8</ele>
        <time>2026-09-14T15:07:02.000Z</time>
        <speed>1.372</speed>
      </trkpt>
      <trkpt lat="50.5422922" lon="-5.0040160">
        <ele>11.2</ele>
        <time>2026-09-14T15:07:07.000Z</time>
        <speed>1.381</speed>
      </trkpt>
      <trkpt lat="50.5422414" lon="-5.0039846">
        <ele>11.4</ele>
        <time>2026-09-14T15:07:12.000Z</time>
        <speed>1.372</speed>
      </trkpt>
      <trkpt lat="50.5421963" lon="-5.0039386">
        <ele>11.2</ele>
        <time>2026-09-14T15:07:17.000Z</time>
        <speed>1.353</speed>
      </trkpt>
      <trkpt lat="50.5421304" lon="-5.0039019">
        <ele>11.2</ele>
        <time>2026-09-14T15:07:22.000Z</time>
        <speed>1.353</speed>
      </trkpt>
      <trkpt lat="50.5421213" lon="-5.0039037">
        <ele>11.4</ele>
        <time>2026-09-14T15:07:27.000Z</time>
        <speed>1.288</speed>
      </trkpt>
      <trkpt lat="50.5420762" lon="-5.0038612">
        <ele>11.0</ele>
        <time>2026-09-14T15:07:32.000Z</time>
        <speed>1.120</speed>
      </trkpt>
      <trkpt lat="50.5420190" lon="-5.0038242">
        <ele>11.4</ele>
        <time>2026-09-14T15:07:37.000Z</time>
        <speed>1.381</speed>
      </trkpt>
      <trkpt lat="50.5419673" lon="-5.0037873">
        <ele>11.6</ele>
        <time>2026-09-14T15:07:42.000Z</time>
        <speed>1.390</speed>
      </trkpt>
      <trkpt lat="50.5419355" lon="-5.0037461">
        <ele>11.6</ele>
        <time>2026-09-14T15:07:47.000Z</time>
        <speed>1.054</speed>
      </trkpt>
      <trkpt lat="50.5418823" lon="-5.0036958">
        <ele>11.2</ele>
        <time>2026-09-14T15:07:52.000Z</time>
        <speed>1.278</speed>
      </trkpt>
      <trkpt lat="50.5418607" lon="-5.0036773">
        <ele>12.2</ele>
        <time>2026-09-14T15:07:57.000Z</time>
        <speed>1.017</speed>
      </trkpt>
      <trkpt lat="50.5418262" lon="-5.0036416">
        <ele>12.0</ele>
        <time>2026-09-14T15:08:02.000Z</time>
        <speed>1.334</speed>
      </trkpt>
      <trkpt lat="50.5417664" lon="-5.0036314">
        <ele>12.6</ele>
        <time>2026-09-14T15:08:07.000Z</time>
        <speed>1.306</speed>
      </trkpt>
      <trkpt lat="50.5417239" lon="-5.0036628">
        <ele>11.8</ele>
        <time>2026-09-14T15:08:12.000Z</time>
        <speed>1.120</speed>
      </trkpt>
      <trkpt lat="50.5417102" lon="-5.0036504">
        <ele>12.0</ele>
        <time>2026-09-14T15:08:17.000Z</time>
        <speed>0.756</speed>
      </trkpt>
      <trkpt lat="50.5417112" lon="-5.0036476">
        <ele>11.6</ele>
        <time>2026-09-14T15:08:22.000Z</time>
        <speed>0.644</speed>
      </trkpt>
      <trkpt lat="50.5416791" lon="-5.0036077">
        <ele>12.2</ele>
        <time>2026-09-14T15:08:27.000Z</time>
        <speed>0.700</speed>
      </trkpt>
      <trkpt lat="50.5416326" lon="-5.0035906">
        <ele>13.2</ele>
        <time>2026-09-14T15:08:32.000Z</time>
        <speed>1.120</speed>
      </trkpt>
      <trkpt lat="50.5415782" lon="-5.0035639">
        <ele>12.8</ele>
        <time>2026-09-14T15:08:37.000Z</time>
        <speed>1.129</speed>
      </trkpt>
      <trkpt lat="50.5415322" lon="-5.0035312">
        <ele>12.8</ele>
        <time>2026-09-14T15:08:42.000Z</time>
        <speed>1.120</speed>
      </trkpt>
      <trkpt lat="50.5414847" lon="-5.0034988">
        <ele>13.2</ele>
        <time>2026-09-14T15:08:47.000Z</time>
        <speed>1.157</speed>
      </trkpt>
      <trkpt lat="50.5414326" lon="-5.0034963">
        <ele>13.8</ele>
        <time>2026-09-14T15:08:52.000Z</time>
        <speed>1.148</speed>
      </trkpt>
      <trkpt lat="50.5413996" lon="-5.0035585">
        <ele>14.0</ele>
        <time>2026-09-14T15:08:57.000Z</time>
        <speed>1.185</speed>
      </trkpt>
      <trkpt lat="50.5413418" lon="-5.0035690">
        <ele>13.8</ele>
        <time>2026-09-14T15:09:02.000Z</time>
        <speed>1.129</speed>
      </trkpt>
      <trkpt lat="50.5413017" lon="-5.0035188">
        <ele>13.6</ele>
        <time>2026-09-14T15:09:07.000Z</time>
        <speed>1.110</speed>
      </trkpt>
      <trkpt lat="50.5412541" lon="-5.0034571">
        <ele>13.8</ele>
        <time>2026-09-14T15:09:12.000Z</time>
        <speed>1.129</speed>
      </trkpt>
      <trkpt lat="50.5412076" lon="-5.0033919">
        <ele>13.8</ele>
        <time>2026-09-14T15:09:17.000Z</time>
        <speed>1.185</speed>
      </trkpt>
      <trkpt lat="50.5411621" lon="-5.0033239">
        <ele>13.4</ele>
        <time>2026-09-14T15:09:22.000Z</time>
        <speed>1.222</speed>
      </trkpt>
      <trkpt lat="50.5411577" lon="-5.0032327">
        <ele>13.6</ele>
        <time>2026-09-14T15:09:27.000Z</time>
        <speed>1.241</speed>
      </trkpt>
      <trkpt lat="50.5411748" lon="-5.0031412">
        <ele>13.4</ele>
        <time>2026-09-14T15:09:32.000Z</time>
        <speed>1.288</speed>
      </trkpt>
      <trkpt lat="50.5411867" lon="-5.0030544">
        <ele>13.0</ele>
        <time>2026-09-14T15:09:37.000Z</time>
        <speed>1.288</speed>
      </trkpt>
      <trkpt lat="50.5412002" lon="-5.0029649">
        <ele>12.4</ele>
        <time>2026-09-14T15:09:42.000Z</time>
        <speed>1.278</speed>
      </trkpt>
      <trkpt lat="50.5411752" lon="-5.0028819">
        <ele>11.4</ele>
        <time>2026-09-14T15:09:47.000Z</time>
        <speed>1.278</speed>
      </trkpt>
      <trkpt lat="50.5411404" lon="-5.0028107">
        <ele>11.2</ele>
        <time>2026-09-14T15:09:52.000Z</time>
        <speed>1.288</speed>
      </trkpt>
      <trkpt lat="50.5411372" lon="-5.0028023">
        <ele>11.8</ele>
        <time>2026-09-14T15:09:57.000Z</time>
        <speed>0.000</speed>
      </trkpt>
      <trkpt lat="50.5411372" lon="-5.0028023">
        <ele>12.0</ele>
        <time>2026-09-14T15:10:02.000Z</time>
        <speed>0.000</speed>
      </trkpt>
      <trkpt lat="50.5411284" lon="-5.0027744">
        <ele>12.2</ele>
        <time>2026-09-14T15:10:07.000Z</time>
        <speed>0.000</speed>
      </trkpt>
      <trkpt lat="50.5410997" lon="-5.0027055">
        <ele>11.8</ele>
        <time>2026-09-14T15:10:12.000Z</time>
        <speed>1.204</speed>
      </trkpt>
      <trkpt lat="50.5410644" lon="-5.0026320">
        <ele>12.0</ele>
        <time>2026-09-14T15:10:17.000Z</time>
        <speed>1.241</speed>
      </trkpt>
      <trkpt lat="50.5410381" lon="-5.0025564">
        <ele>12.6</ele>
        <time>2026-09-14T15:10:22.000Z</time>
        <speed>1.269</speed>
      </trkpt>
      <trkpt lat="50.5410064" lon="-5.0024798">
        <ele>12.6</ele>
        <time>2026-09-14T15:10:27.000Z</time>
        <speed>1.278</speed>
      </trkpt>
      <trkpt lat="50.5409680" lon="-5.0024140">
        <ele>12.6</ele>
        <time>2026-09-14T15:10:32.000Z</time>
        <speed>1.288</speed>
      </trkpt>
      <trkpt lat="50.5409086" lon="-5.0023996">
        <ele>13.4</ele>
        <time>2026-09-14T15:10:37.000Z</time>
        <speed>1.362</speed>
      </trkpt>
      <trkpt lat="50.5408801" lon="-5.0024073">
        <ele>12.8</ele>
        <time>2026-09-14T15:10:42.000Z</time>
        <speed>1.213</speed>
      </trkpt>
      <trkpt lat="50.5408880" lon="-5.0023999">
        <ele>12.4</ele>
        <time>2026-09-14T15:10:47.000Z</time>
        <speed>0.000</speed>
      </trkpt>
      <trkpt lat="50.5408782" lon="-5.0023678">
        <ele>13.0</ele>
        <time>2026-09-14T15:10:52.000Z</time>
        <speed>0.000</speed>
      </trkpt>
      <trkpt lat="50.5408739" lon="-5.0023222">
        <ele>13.6</ele>
        <time>2026-09-14T15:10:57.000Z</time>
        <speed>0.000</speed>
      </trkpt>
      <trkpt lat="50.5408313" lon="-5.0022912">
        <ele>13.2</ele>
        <time>2026-09-14T15:11:02.000Z</time>
        <speed>0.000</speed>
      </trkpt>
      <trkpt lat="50.5407864" lon="-5.0022663">
        <ele>13.0</ele>
        <time>2026-09-14T15:11:07.000Z</time>
        <speed>0.886</speed>
      </trkpt>
      <trkpt lat="50.5407326" lon="-5.0022335">
        <ele>12.8</ele>
        <time>2026-09-14T15:11:12.000Z</time>
        <speed>1.110</speed>
      </trkpt>
      <trkpt lat="50.5406718" lon="-5.0021913">
        <ele>12.6</ele>
        <time>2026-09-14T15:11:17.000Z</time>
        <speed>1.176</speed>
      </trkpt>
      <trkpt lat="50.5406161" lon="-5.0021580">
        <ele>12.6</ele>
        <time>2026-09-14T15:11:22.000Z</time>
        <speed>1.222</speed>
      </trkpt>
      <trkpt lat="50.5405620" lon="-5.0020988">
        <ele>13.0</ele>
        <time>2026-09-14T15:11:27.000Z</time>
        <speed>1.362</speed>
      </trkpt>
      <trkpt lat="50.5405242" lon="-5.0020149">
        <ele>13.4</ele>
        <time>2026-09-14T15:11:32.000Z</time>
        <speed>1.502</speed>
      </trkpt>
      <trkpt lat="50.5404937" lon="-5.0019355">
        <ele>13.2</ele>
        <time>2026-09-14T15:11:37.000Z</time>
        <speed>1.474</speed>
      </trkpt>
      <trkpt lat="50.5404729" lon="-5.0018421">
        <ele>13.8</ele>
        <time>2026-09-14T15:11:42.000Z</time>
        <speed>1.456</speed>
      </trkpt>
      <trkpt lat="50.5404496" lon="-5.0017558">
        <ele>13.4</ele>
        <time>2026-09-14T15:11:47.000Z</time>
        <speed>1.456</speed>
      </trkpt>
      <trkpt lat="50.5404279" lon="-5.0016617">
        <ele>15.4</ele>
        <time>2026-09-14T15:11:52.000Z</time>
        <speed>1.418</speed>
      </trkpt>
      <trkpt lat="50.5404015" lon="-5.0015842">
        <ele>15.0</ele>
        <time>2026-09-14T15:11:57.000Z</time>
        <speed>1.418</speed>
      </trkpt>
      <trkpt lat="50.5403764" lon="-5.0014992">
        <ele>15.0</ele>
        <time>2026-09-14T15:12:02.000Z</time>
        <speed>1.418</speed>
      </trkpt>
      <trkpt lat="50.5403479" lon="-5.0014131">
        <ele>14.8</ele>
        <time>2026-09-14T15:12:07.000Z</time>
        <speed>1.418</speed>
      </trkpt>
      <trkpt lat="50.5403184" lon="-5.0013143">
        <ele>14.4</ele>
        <time>2026-09-14T15:12:12.000Z</time>
        <speed>1.502</speed>
      </trkpt>
      <trkpt lat="50.5402922" lon="-5.0012365">
        <ele>15.0</ele>
        <time>2026-09-14T15:12:17.000Z</time>
        <speed>1.465</speed>
      </trkpt>
      <trkpt lat="50.5402756" lon="-5.0011582">
        <ele>15.6</ele>
        <time>2026-09-14T15:12:22.000Z</time>
        <speed>1.362</speed>
      </trkpt>
      <trkpt lat="50.5402525" lon="-5.0010642">
        <ele>14.8</ele>
        <time>2026-09-14T15:12:27.000Z</time>
        <speed>1.409</speed>
      </trkpt>
      <trkpt lat="50.5402377" lon="-5.0009721">
        <ele>14.4</ele>
        <time>2026-09-14T15:12:32.000Z</time>
        <speed>1.400</speed>
      </trkpt>
      <trkpt lat="50.5402220" lon="-5.0008706">
        <ele>14.2</ele>
        <time>2026-09-14T15:12:37.000Z</time>
        <speed>1.418</speed>
      </trkpt>
      <trkpt lat="50.5402217" lon="-5.0007648">
        <ele>14.8</ele>
        <time>2026-09-14T15:12:42.000Z</time>
        <speed>1.418</speed>
      </trkpt>
      <trkpt lat="50.5402185" lon="-5.0006644">
        <ele>15.4</ele>
        <time>2026-09-14T15:12:47.000Z</time>
        <speed>1.474</speed>
      </trkpt>
      <trkpt lat="50.5402196" lon="-5.0005852">
        <ele>15.0</ele>
        <time>2026-09-14T15:12:52.000Z</time>
        <speed>1.418</speed>
      </trkpt>
      <trkpt lat="50.5402213" lon="-5.0004929">
        <ele>14.8</ele>
        <time>2026-09-14T15:12:57.000Z</time>
        <speed>1.400</speed>
      </trkpt>
      <trkpt lat="50.5402174" lon="-5.0004097">
        <ele>15.0</ele>
        <time>2026-09-14T15:13:02.000Z</time>
        <speed>1.353</speed>
      </trkpt>
      <trkpt lat="50.5402003" lon="-5.0003046">
        <ele>14.8</ele>
        <time>2026-09-14T15:13:07.000Z</time>
        <speed>1.400</speed>
      </trkpt>
      <trkpt lat="50.5401564" lon="-5.0002455">
        <ele>14.0</ele>
        <time>2026-09-14T15:13:12.000Z</time>
        <speed>1.390</speed>
      </trkpt>
      <trkpt lat="50.5401177" lon="-5.0001774">
        <ele>14.0</ele>
        <time>2026-09-14T15:13:17.000Z</time>
        <speed>1.362</speed>
      </trkpt>
      <trkpt lat="50.5400696" lon="-5.0001036">
        <ele>14.4</ele>
        <time>2026-09-14T15:13:22.000Z</time>
        <speed>1.390</speed>
      </trkpt>
      <trkpt lat="50.5400303" lon="-5.0000328">
        <ele>14.0</ele>
        <time>2026-09-14T15:13:27.000Z</time>
        <speed>1.390</speed>
      </trkpt>
      <trkpt lat="50.5399892" lon="-4.9999645">
        <ele>14.2</ele>
        <time>2026-09-14T15:13:32.000Z</time>
        <speed>1.400</speed>
      </trkpt>
      <trkpt lat="50.5399515" lon="-4.9999042">
        <ele>13.8</ele>
        <time>2026-09-14T15:13:37.000Z</time>
        <speed>1.362</speed>
      </trkpt>
      <trkpt lat="50.5399209" lon="-4.9998129">
        <ele>13.4</ele>
        <time>2026-09-14T15:13:42.000Z</time>
        <speed>1.372</speed>
      </trkpt>
      <trkpt lat="50.5399069" lon="-4.9997341">
        <ele>13.0</ele>
        <time>2026-09-14T15:13:47.000Z</time>
        <speed>1.344</speed>
      </trkpt>
      <trkpt lat="50.5399026" lon="-4.9996301">
        <ele>12.4</ele>
        <time>2026-09-14T15:13:52.000Z</time>
        <speed>1.362</speed>
      </trkpt>
      <trkpt lat="50.5398783" lon="-4.9996185">
        <ele>12.0</ele>
        <time>2026-09-14T15:13:57.000Z</time>
        <speed>1.325</speed>
      </trkpt>
      <trkpt lat="50.5399060" lon="-4.9996343">
        <ele>12.0</ele>
        <time>2026-09-14T15:14:02.000Z</time>
        <speed>1.250</speed>
      </trkpt>
      <trkpt lat="50.5399262" lon="-4.9996146">
        <ele>11.4</ele>
        <time>2026-09-14T15:14:07.000Z</time>
        <speed>1.082</speed>
      </trkpt>
      <trkpt lat="50.5399525" lon="-4.9995918">
        <ele>10.4</ele>
        <time>2026-09-14T15:14:12.000Z</time>
        <speed>0.765</speed>
      </trkpt>
      <trkpt lat="50.5399825" lon="-4.9995811">
        <ele>9.4</ele>
        <time>2026-09-14T15:14:17.000Z</time>
        <speed>0.634</speed>
      </trkpt>
      <trkpt lat="50.5400128" lon="-4.9995829">
        <ele>8.6</ele>
        <time>2026-09-14T15:14:22.000Z</time>
        <speed>0.000</speed>
      </trkpt>
      <trkpt lat="50.5400354" lon="-4.9995930">
        <ele>7.8</ele>
        <time>2026-09-14T15:14:27.000Z</time>
        <speed>0.569</speed>
      </trkpt>
      <trkpt lat="50.5400502" lon="-4.9996074">
        <ele>6.4</ele>
        <time>2026-09-14T15:14:32.000Z</time>
        <speed>0.000</speed>
      </trkpt>
      <trkpt lat="50.5401004" lon="-4.9996198">
        <ele>6.2</ele>
        <time>2026-09-14T15:14:37.000Z</time>
        <speed>0.579</speed>
      </trkpt>
      <trkpt lat="50.5401440" lon="-4.9996071">
        <ele>5.6</ele>
        <time>2026-09-14T15:14:42.000Z</time>
        <speed>1.129</speed>
      </trkpt>
      <trkpt lat="50.5401813" lon="-4.9995736">
        <ele>5.2</ele>
        <time>2026-09-14T15:14:47.000Z</time>
        <speed>1.036</speed>
      </trkpt>
      <trkpt lat="50.5402219" lon="-4.9995219">
        <ele>5.0</ele>
        <time>2026-09-14T15:14:52.000Z</time>
        <speed>1.092</speed>
      </trkpt>
      <trkpt lat="50.5402819" lon="-4.9994621">
        <ele>4.6</ele>
        <time>2026-09-14T15:14:57.000Z</time>
        <speed>1.176</speed>
      </trkpt>
      <trkpt lat="50.5402821" lon="-4.9993763">
        <ele>4.2</ele>
        <time>2026-09-14T15:15:02.000Z</time>
        <speed>1.176</speed>
      </trkpt>
      <trkpt lat="50.5402514" lon="-4.9992944">
        <ele>4.0</ele>
        <time>2026-09-14T15:15:07.000Z</time>
        <speed>1.316</speed>
      </trkpt>
      <trkpt lat="50.5402333" lon="-4.9992204">
        <ele>4.0</ele>
        <time>2026-09-14T15:15:12.000Z</time>
        <speed>1.278</speed>
      </trkpt>
      <trkpt lat="50.5402202" lon="-4.9991488">
        <ele>4.0</ele>
        <time>2026-09-14T15:15:17.000Z</time>
        <speed>1.232</speed>
      </trkpt>
      <trkpt lat="50.5401989" lon="-4.9990536">
        <ele>4.0</ele>
        <time>2026-09-14T15:15:22.000Z</time>
        <speed>1.260</speed>
      </trkpt>
      <trkpt lat="50.5401715" lon="-4.9989716">
        <ele>4.0</ele>
        <time>2026-09-14T15:15:27.000Z</time>
        <speed>1.269</speed>
      </trkpt>
      <trkpt lat="50.5401629" lon="-4.9988923">
        <ele>4.0</ele>
        <time>2026-09-14T15:15:32.000Z</time>
        <speed>1.269</speed>
      </trkpt>
      <trkpt lat="50.5401585" lon="-4.9988111">
        <ele>4.2</ele>
        <time>2026-09-14T15:15:37.000Z</time>
        <speed>1.241</speed>
      </trkpt>
      <trkpt lat="50.5401481" lon="-4.9987288">
        <ele>4.2</ele>
        <time>2026-09-14T15:15:42.000Z</time>
        <speed>1.232</speed>
      </trkpt>
      <trkpt lat="50.5401425" lon="-4.9986548">
        <ele>4.6</ele>
        <time>2026-09-14T15:15:47.000Z</time>
        <speed>1.204</speed>
      </trkpt>
      <trkpt lat="50.5401304" lon="-4.9985600">
        <ele>4.6</ele>
        <time>2026-09-14T15:15:52.000Z</time>
        <speed>1.213</speed>
      </trkpt>
      <trkpt lat="50.5401378" lon="-4.9984827">
        <ele>4.8</ele>
        <time>2026-09-14T15:15:57.000Z</time>
        <speed>1.194</speed>
      </trkpt>
      <trkpt lat="50.5401380" lon="-4.9984035">
        <ele>5.4</ele>
        <time>2026-09-14T15:16:02.000Z</time>
        <speed>1.194</speed>
      </trkpt>
      <trkpt lat="50.5401392" lon="-4.9983123">
        <ele>5.2</ele>
        <time>2026-09-14T15:16:07.000Z</time>
        <speed>1.204</speed>
      </trkpt>
      <trkpt lat="50.5401461" lon="-4.9982373">
        <ele>4.8</ele>
        <time>2026-09-14T15:16:12.000Z</time>
        <speed>1.194</speed>
      </trkpt>
      <trkpt lat="50.5401632" lon="-4.9981719">
        <ele>4.6</ele>
        <time>2026-09-14T15:16:17.000Z</time>
        <speed>1.157</speed>
      </trkpt>
      <trkpt lat="50.5401658" lon="-4.9980901">
        <ele>4.2</ele>
        <time>2026-09-14T15:16:22.000Z</time>
        <speed>1.185</speed>
      </trkpt>
      <trkpt lat="50.5401521" lon="-4.9980170">
        <ele>4.2</ele>
        <time>2026-09-14T15:16:27.000Z</time>
        <speed>1.157</speed>
      </trkpt>
      <trkpt lat="50.5401485" lon="-4.9979336">
        <ele>4.4</ele>
        <time>2026-09-14T15:16:32.000Z</time>
        <speed>1.148</speed>
      </trkpt>
      <trkpt lat="50.5401484" lon="-4.9978575">
        <ele>4.2</ele>
        <time>2026-09-14T15:16:37.000Z</time>
        <speed>1.110</speed>
      </trkpt>
      <trkpt lat="50.5401369" lon="-4.9977637">
        <ele>3.8</ele>
        <time>2026-09-14T15:16:42.000Z</time>
        <speed>1.204</speed>
      </trkpt>
      <trkpt lat="50.5401118" lon="-4.9976906">
        <ele>3.8</ele>
        <time>2026-09-14T15:16:47.000Z</time>
        <speed>1.166</speed>
      </trkpt>
      <trkpt lat="50.5400890" lon="-4.9976126">
        <ele>3.8</ele>
        <time>2026-09-14T15:16:52.000Z</time>
        <speed>1.157</speed>
      </trkpt>
      <trkpt lat="50.5400886" lon="-4.9975138">
        <ele>4.0</ele>
        <time>2026-09-14T15:16:57.000Z</time>
        <speed>1.194</speed>
      </trkpt>
      <trkpt lat="50.5400871" lon="-4.9974151">
        <ele>4.0</ele>
        <time>2026-09-14T15:17:02.000Z</time>
        <speed>1.213</speed>
      </trkpt>
      <trkpt lat="50.5400901" lon="-4.9973374">
        <ele>3.8</ele>
        <time>2026-09-14T15:17:07.000Z</time>
        <speed>1.232</speed>
      </trkpt>
      <trkpt lat="50.5400894" lon="-4.9972413">
        <ele>4.0</ele>
        <time>2026-09-14T15:17:12.000Z</time>
        <speed>1.250</speed>
      </trkpt>
      <trkpt lat="50.5400782" lon="-4.9971606">
        <ele>3.8</ele>
        <time>2026-09-14T15:17:17.000Z</time>
        <speed>1.232</speed>
      </trkpt>
      <trkpt lat="50.5400743" lon="-4.9970840">
        <ele>4.0</ele>
        <time>2026-09-14T15:17:22.000Z</time>
        <speed>1.232</speed>
      </trkpt>
      <trkpt lat="50.5400636" lon="-4.9969995">
        <ele>4.0</ele>
        <time>2026-09-14T15:17:27.000Z</time>
        <speed>1.222</speed>
      </trkpt>
      <trkpt lat="50.5400663" lon="-4.9968981">
        <ele>3.8</ele>
        <time>2026-09-14T15:17:32.000Z</time>
        <speed>1.222</speed>
      </trkpt>
      <trkpt lat="50.5400691" lon="-4.9968054">
        <ele>4.0</ele>
        <time>2026-09-14T15:17:37.000Z</time>
        <speed>1.232</speed>
      </trkpt>
      <trkpt lat="50.5400663" lon="-4.9967108">
        <ele>4.0</ele>
        <time>2026-09-14T15:17:42.000Z</time>
        <speed>1.250</speed>
      </trkpt>
      <trkpt lat="50.5400612" lon="-4.9966208">
        <ele>4.2</ele>
        <time>2026-09-14T15:17:47.000Z</time>
        <speed>1.260</speed>
      </trkpt>
      <trkpt lat="50.5400659" lon="-4.9965483">
        <ele>4.2</ele>
        <time>2026-09-14T15:17:52.000Z</time>
        <speed>1.250</speed>
      </trkpt>
      <trkpt lat="50.5400593" lon="-4.9964699">
        <ele>4.4</ele>
        <time>2026-09-14T15:17:57.000Z</time>
        <speed>1.241</speed>
      </trkpt>
      <trkpt lat="50.5400518" lon="-4.9963819">
        <ele>4.4</ele>
        <time>2026-09-14T15:18:02.000Z</time>
        <speed>1.213</speed>
      </trkpt>
      <trkpt lat="50.5400446" lon="-4.9962887">
        <ele>4.6</ele>
        <time>2026-09-14T15:18:07.000Z</time>
        <speed>1.222</speed>
      </trkpt>
      <trkpt lat="50.5400383" lon="-4.9962038">
        <ele>4.4</ele>
        <time>2026-09-14T15:18:12.000Z</time>
        <speed>1.222</speed>
      </trkpt>
      <trkpt lat="50.5400393" lon="-4.9961323">
        <ele>5.0</ele>
        <time>2026-09-14T15:18:17.000Z</time>
        <speed>1.204</speed>
      </trkpt>
      <trkpt lat="50.5400343" lon="-4.9960579">
        <ele>5.0</ele>
        <time>2026-09-14T15:18:22.000Z</time>
        <speed>1.194</speed>
      </trkpt>
      <trkpt lat="50.5400333" lon="-4.9959687">
        <ele>4.8</ele>
        <time>2026-09-14T15:18:27.000Z</time>
        <speed>1.176</speed>
      </trkpt>
      <trkpt lat="50.5400370" lon="-4.9958803">
        <ele>4.8</ele>
        <time>2026-09-14T15:18:32.000Z</time>
        <speed>1.185</speed>
      </trkpt>
      <trkpt lat="50.5400387" lon="-4.9957968">
        <ele>5.0</ele>
        <time>2026-09-14T15:18:37.000Z</time>
        <speed>1.185</speed>
      </trkpt>
      <trkpt lat="50.5400441" lon="-4.9957268">
        <ele>5.4</ele>
        <time>2026-09-14T15:18:42.000Z</time>
        <speed>1.176</speed>
      </trkpt>
      <trkpt lat="50.5400488" lon="-4.9956391">
        <ele>5.2</ele>
        <time>2026-09-14T15:18:47.000Z</time>
        <speed>1.176</speed>
      </trkpt>
      <trkpt lat="50.5400629" lon="-4.9955563">
        <ele>5.4</ele>
        <time>2026-09-14T15:18:52.000Z</time>
        <speed>1.176</speed>
      </trkpt>
      <trkpt lat="50.5400714" lon="-4.9954731">
        <ele>5.4</ele>
        <time>2026-09-14T15:18:57.000Z</time>
        <speed>1.166</speed>
      </trkpt>
      <trkpt lat="50.5400590" lon="-4.9953948">
        <ele>5.4</ele>
        <time>2026-09-14T15:19:02.000Z</time>
        <speed>1.176</speed>
      </trkpt>
      <trkpt lat="50.5400625" lon="-4.9953243">
        <ele>5.2</ele>
        <time>2026-09-14T15:19:07.000Z</time>
        <speed>1.148</speed>
      </trkpt>
      <trkpt lat="50.5400613" lon="-4.9952439">
        <ele>6.4</ele>
        <time>2026-09-14T15:19:12.000Z</time>
        <speed>1.138</speed>
      </trkpt>
      <trkpt lat="50.5400678" lon="-4.9951742">
        <ele>6.8</ele>
        <time>2026-09-14T15:19:17.000Z</time>
        <speed>1.073</speed>
      </trkpt>
      <trkpt lat="50.5400684" lon="-4.9951105">
        <ele>7.0</ele>
        <time>2026-09-14T15:19:22.000Z</time>
        <speed>1.026</speed>
      </trkpt>
      <trkpt lat="50.5400735" lon="-4.9950365">
        <ele>7.0</ele>
        <time>2026-09-14T15:19:27.000Z</time>
        <speed>1.054</speed>
      </trkpt>
      <trkpt lat="50.5400785" lon="-4.9949698">
        <ele>6.8</ele>
        <time>2026-09-14T15:19:32.000Z</time>
        <speed>1.017</speed>
      </trkpt>
      <trkpt lat="50.5400663" lon="-4.9949011">
        <ele>6.6</ele>
        <time>2026-09-14T15:19:37.000Z</time>
        <speed>1.017</speed>
      </trkpt>
      <trkpt lat="50.5400560" lon="-4.9948128">
        <ele>6.4</ele>
        <time>2026-09-14T15:19:42.000Z</time>
        <speed>1.054</speed>
      </trkpt>
      <trkpt lat="50.5400450" lon="-4.9947368">
        <ele>6.6</ele>
        <time>2026-09-14T15:19:47.000Z</time>
        <speed>1.120</speed>
      </trkpt>
      <trkpt lat="50.5400327" lon="-4.9946565">
        <ele>6.8</ele>
        <time>2026-09-14T15:19:52.000Z</time>
        <speed>1.148</speed>
      </trkpt>
      <trkpt lat="50.5400209" lon="-4.9945804">
        <ele>7.0</ele>
        <time>2026-09-14T15:19:57.000Z</time>
        <speed>1.148</speed>
      </trkpt>
      <trkpt lat="50.5400077" lon="-4.9944957">
        <ele>6.8</ele>
        <time>2026-09-14T15:20:02.000Z</time>
        <speed>1.148</speed>
      </trkpt>
      <trkpt lat="50.5399935" lon="-4.9944183">
        <ele>6.8</ele>
        <time>2026-09-14T15:20:07.000Z</time>
        <speed>1.148</speed>
      </trkpt>
      <trkpt lat="50.5399836" lon="-4.9943462">
        <ele>7.4</ele>
        <time>2026-09-14T15:20:12.000Z</time>
        <speed>1.092</speed>
      </trkpt>
      <trkpt lat="50.5399799" lon="-4.9942748">
        <ele>8.2</ele>
        <time>2026-09-14T15:20:17.000Z</time>
        <speed>1.073</speed>
      </trkpt>
      <trkpt lat="50.5399677" lon="-4.9941940">
        <ele>9.0</ele>
        <time>2026-09-14T15:20:22.000Z</time>
        <speed>1.092</speed>
      </trkpt>
      <trkpt lat="50.5399538" lon="-4.9941197">
        <ele>9.4</ele>
        <time>2026-09-14T15:20:27.000Z</time>
        <speed>1.092</speed>
      </trkpt>
      <trkpt lat="50.5399378" lon="-4.9940377">
        <ele>9.2</ele>
        <time>2026-09-14T15:20:32.000Z</time>
        <speed>1.092</speed>
      </trkpt>
      <trkpt lat="50.5399106" lon="-4.9939587">
        <ele>9.2</ele>
        <time>2026-09-14T15:20:37.000Z</time>
        <speed>1.129</speed>
      </trkpt>
      <trkpt lat="50.5398868" lon="-4.9938877">
        <ele>9.2</ele>
        <time>2026-09-14T15:20:42.000Z</time>
        <speed>1.129</speed>
      </trkpt>
      <trkpt lat="50.5398676" lon="-4.9938077">
        <ele>9.4</ele>
        <time>2026-09-14T15:20:47.000Z</time>
        <speed>1.129</speed>
      </trkpt>
      <trkpt lat="50.5398411" lon="-4.9937212">
        <ele>8.8</ele>
        <time>2026-09-14T15:20:52.000Z</time>
        <speed>1.148</speed>
      </trkpt>
      <trkpt lat="50.5398188" lon="-4.9936673">
        <ele>8.6</ele>
        <time>2026-09-14T15:20:57.000Z</time>
        <speed>1.148</speed>
      </trkpt>
    </trkseg>
  </trk>
</gpx>
