<?xml version="1.0" encoding="UTF-8"?>
<gpx xmlns="http://www.topografix.com/GPX/1/0" xmlns:xsi="http://www.w3.org/2001/XMLSchema-instance" creator="GPS Wizard - https://github.com/Logiqx/gps-wizard" version="1.0" xsi:schemaLocation="http://www.topografix.com/GPX/1/0 http://www.topografix.com/GPX/1/0/gpx.xsd">
  <trk>
    <trkseg>
      <trkpt lat="50.4130016" lon="-5.0862782">
        <ele>32.6</ele>
        <time>2026-09-16T10:16:22.000Z</time>
        <speed>0.000</speed>
      </trkpt>
      <trkpt lat="50.4130038" lon="-5.0862980">
        <ele>32.2</ele>
        <time>2026-09-16T10:16:27.000Z</time>
        <speed>0.000</speed>
      </trkpt>
      <trkpt lat="50.4130047" lon="-5.0862859">
        <ele>32.2</ele>
        <time>2026-09-16T10:16:32.000Z</time>
        <speed>0.000</speed>
      </trkpt>
      <trkpt lat="50.4130047" lon="-5.0862859">
        <ele>32.2</ele>
        <time>2026-09-16T10:16:37.000Z</time>
        <speed>0.000</speed>
      </trkpt>
      <trkpt lat="50.4130068" lon="-5.0863004">
        <ele>32.4</ele>
        <time>2026-09-16T10:16:42.000Z</time>
        <speed>0.000</speed>
      </trkpt>
      <trkpt lat="50.4130174" lon="-5.0862398">
        <ele>32.4</ele>
        <time>2026-09-16T10:16:47.000Z</time>
        <speed>0.579</speed>
      </trkpt>
      <trkpt lat="50.4130357" lon="-5.0861549">
        <ele>32.8</ele>
        <time>2026-09-16T10:16:52.000Z</time>
        <speed>1.110</speed>
      </trkpt>
      <trkpt lat="50.4130406" lon="-5.0860337">
        <ele>32.8</ele>
        <time>2026-09-16T10:16:57.000Z</time>
        <speed>1.428</speed>
      </trkpt>
      <trkpt lat="50.4130325" lon="-5.0860288">
        <ele>32.4</ele>
        <time>2026-09-16T10:17:02.000Z</time>
        <speed>0.000</speed>
      </trkpt>
      <trkpt lat="50.4130325" lon="-5.0860288">
        <ele>32.6</ele>
        <time>2026-09-16T10:17:07.000Z</time>
        <speed>0.000</speed>
      </trkpt>
      <trkpt lat="50.4130393" lon="-5.0860306">
        <ele>32.6</ele>
        <time>2026-09-16T10:17:12.000Z</time>
        <speed>0.000</speed>
      </trkpt>
      <trkpt lat="50.4130325" lon="-5.0860288">
        <ele>32.8</ele>
        <time>2026-09-16T10:17:17.000Z</time>
        <speed>0.000</speed>
      </trkpt>
      <trkpt lat="50.4130198" lon="-5.0860821">
        <ele>32.2</ele>
        <time>2026-09-16T10:17:22.000Z</time>
        <speed>0.644</speed>
      </trkpt>
      <trkpt lat="50.4130068" lon="-5.0861786">
        <ele>32.2</ele>
        <time>2026-09-16T10:17:27.000Z</time>
        <speed>1.250</speed>
      </trkpt>
      <trkpt lat="50.4130156" lon="-5.0862179">
        <ele>32.2</ele>
        <time>2026-09-16T10:17:32.000Z</time>
        <speed>1.101</speed>
      </trkpt>
      <trkpt lat="50.4130169" lon="-5.0862160">
        <ele>31.6</ele>
        <time>2026-09-16T10:17:37.000Z</time>
        <speed>0.000</speed>
      </trkpt>
      <trkpt lat="50.4130169" lon="-5.0862160">
        <ele>32.0</ele>
        <time>2026-09-16T10:17:42.000Z</time>
        <speed>0.000</speed>
      </trkpt>
      <trkpt lat="50.4130169" lon="-5.0862160">
        <ele>31.8</ele>
        <time>2026-09-16T10:17:47.000Z</time>
        <speed>0.000</speed>
      </trkpt>
      <trkpt lat="50.4130169" lon="-5.0862160">
        <ele>31.8</ele>
        <time>2026-09-16T10:17:52.000Z</time>
        <speed>0.000</speed>
      </trkpt>
      <trkpt lat="50.4130169" lon="-5.0862160">
        <ele>31.8</ele>
        <time>2026-09-16T10:17:57.000Z</time>
        <speed>0.000</speed>
      </trkpt>
      <trkpt lat="50.4130169" lon="-5.0862160">
        <ele>31.6</ele>
        <time>2026-09-16T10:18:02.000Z</time>
        <speed>0.000</speed>
      </trkpt>
      <trkpt lat="50.4130169" lon="-5.0862160">
        <ele>31.8</ele>
        <time>2026-09-16T10:18:07.000Z</time>
        <speed>0.000</speed>
      </trkpt>
      <trkpt lat="50.4130169" lon="-5.0862160">
        <ele>31.6</ele>
        <time>2026-09-16T10:18:12.000Z</time>
        <speed>0.000</speed>
      </trkpt>
      <trkpt lat="50.4130169" lon="-5.0862160">
        <ele>31.6</ele>
        <time>2026-09-16T10:18:17.000Z</time>
        <speed>0.000</speed>
      </trkpt>
      <trkpt lat="50.4130169" lon="-5.0862160">
        <ele>31.8</ele>
        <time>2026-09-16T10:18:22.000Z</time>
        <speed>0.000</speed>
      </trkpt>
      <trkpt lat="50.4130169" lon="-5.0862160">
        <ele>31.8</ele>
        <time>2026-09-16T10:18:27.000Z</time>
        <speed>0.000</speed>
      </trkpt>
      <trkpt lat="50.4130169" lon="-5.0862160">
        <ele>31.6</ele>
        <time>2026-09-16T10:18:32.000Z</time>
        <speed>0.000</speed>
      </trkpt>
      <trkpt lat="50.4130169" lon="-5.0862160">
        <ele>31.6</ele>
        <time>2026-09-16T10:18:37.000Z</time>
        <speed>0.000</speed>
      </trkpt>
      <trkpt lat="50.4130169" lon="-5.0862160">
        <ele>31.6</ele>
        <time>2026-09-16T10:18:42.000Z</time>
        <speed>0.000</speed>
      </trkpt>
      <trkpt lat="50.4130169" lon="-5.0862160">
        <ele>31.8</ele>
        <time>2026-09-16T10:18:47.000Z</time>
        <speed>0.000</speed>
      </trkpt>
      <trkpt lat="50.4130169" lon="-5.0862160">
        <ele>31.8</ele>
        <time>2026-09-16T10:18:52.000Z</time>
        <speed>0.000</speed>
      </trkpt>
      <trkpt lat="50.4130169" lon="-5.0862160">
        <ele>31.8</ele>
        <time>2026-09-16T10:18:57.000Z</time>
        <speed>0.000</speed>
      </trkpt>
      <trkpt lat="50.4130169" lon="-5.0862160">
        <ele>31.8</ele>
        <time>2026-09-16T10:19:02.000Z</time>
        <speed>0.000</speed>
      </trkpt>
      <trkpt lat="50.4130169" lon="-5.0862160">
        <ele>31.6</ele>
        <time>2026-09-16T10:19:07.000Z</time>
        <speed>0.000</speed>
      </trkpt>
      <trkpt lat="50.4130169" lon="-5.0862160">
        <ele>31.8</ele>
        <time>2026-09-16T10:19:12.000Z</time>
        <speed>0.000</speed>
      </trkpt>
      <trkpt lat="50.4130169" lon="-5.0862160">
        <ele>31.6</ele>
        <time>2026-09-16T10:19:17.000Z</time>
        <speed>0.000</speed>
      </trkpt>
      <trkpt lat="50.4130169" lon="-5.0862160">
        <ele>31.6</ele>
        <time>2026-09-16T10:19:22.000Z</time>
        <speed>0.000</speed>
      </trkpt>
      <trkpt lat="50.4130169" lon="-5.0862160">
        <ele>31.6</ele>
        <time>2026-09-16T10:19:27.000Z</time>
        <speed>0.000</speed>
      </trkpt>
      <trkpt lat="50.4130169" lon="-5.0862160">
        <ele>31.4</ele>
        <time>2026-09-16T10:19:32.000Z</time>
        <speed>0.000</speed>
      </trkpt>
      <trkpt lat="50.4130169" lon="-5.0862160">
        <ele>31.6</ele>
        <time>2026-09-16T10:19:37.000Z</time>
        <speed>0.000</speed>
      </trkpt>
      <trkpt lat="50.4130169" lon="-5.0862160">
        <ele>31.6</ele>
        <time>2026-09-16T10:19:42.000Z</time>
        <speed>0.000</speed>
      </trkpt>
      <trkpt lat="50.4130169" lon="-5.0862160">
        <ele>31.8</ele>
        <time>2026-09-16T10:19:47.000Z</time>
        <speed>0.000</speed>
      </trkpt>
      <trkpt lat="50.4130169" lon="-5.0862160">
        <ele>31.4</ele>
        <time>2026-09-16T10:19:52.000Z</time>
        <speed>0.000</speed>
      </trkpt>
      <trkpt lat="50.4130169" lon="-5.0862160">
        <ele>31.4</ele>
        <time>2026-09-16T10:19:57.000Z</time>
        <speed>0.000</speed>
      </trkpt>
      <trkpt lat="50.4130169" lon="-5.0862160">
        <ele>31.4</ele>
        <time>2026-09-16T10:20:02.000Z</time>
        <speed>0.000</speed>
      </trkpt>
      <trkpt lat="50.4130169" lon="-5.0862160">
        <ele>31.6</ele>
        <time>2026-09-16T10:20:07.000Z</time>
        <speed>0.000</speed>
      </trkpt>
      <trkpt lat="50.4130169" lon="-5.0862160">
        <ele>31.6</ele>
        <time>2026-09-16T10:20:12.000Z</time>
        <speed>0.000</speed>
      </trkpt>
      <trkpt lat="50.4130169" lon="-5.0862160">
        <ele>31.6</ele>
        <time>2026-09-16T10:20:17.000Z</time>
        <speed>0.000</speed>
      </trkpt>
      <trkpt lat="50.4130169" lon="-5.0862160">
        <ele>31.6</ele>
        <time>2026-09-16T10:20:22.000Z</time>
        <speed>0.000</speed>
      </trkpt>
      <trkpt lat="50.4130169" lon="-5.0862160">
        <ele>31.4</ele>
        <time>2026-09-16T10:20:27.000Z</time>
        <speed>0.000</speed>
      </trkpt>
      <trkpt lat="50.4130169" lon="-5.0862160">
        <ele>31.4</ele>
        <time>2026-09-16T10:20:32.000Z</time>
        <speed>0.000</speed>
      </trkpt>
      <trkpt lat="50.4130169" lon="-5.0862160">
        <ele>31.4</ele>
        <time>2026-09-16T10:20:37.000Z</time>
        <speed>0.000</speed>
      </trkpt>
      <trkpt lat="50.4130169" lon="-5.0862160">
        <ele>31.6</ele>
        <time>2026-09-16T10:20:42.000Z</time>
        <speed>0.000</speed>
      </trkpt>
      <trkpt lat="50.4130169" lon="-5.0862160">
        <ele>31.4</ele>
        <time>2026-09-16T10:20:47.000Z</time>
        <speed>0.000</speed>
      </trkpt>
      <trkpt lat="50.4130169" lon="-5.0862160">
        <ele>31.4</ele>
        <time>2026-09-16T10:20:52.000Z</time>
        <speed>0.000</speed>
      </trkpt>
      <trkpt lat="50.4130169" lon="-5.0862160">
        <ele>31.4</ele>
        <time>2026-09-16T10:20:57.000Z</time>
        <speed>0.000</speed>
      </trkpt>
      <trkpt lat="50.4130169" lon="-5.0862160">
        <ele>31.4</ele>
        <time>2026-09-16T10:21:02.000Z</time>
        <speed>0.000</speed>
      </trkpt>
      <trkpt lat="50.4130169" lon="-5.0862160">
        <ele>31.6</ele>
        <time>2026-09-16T10:21:07.000Z</time>
        <speed>0.000</speed>
      </trkpt>
      <trkpt lat="50.4130169" lon="-5.0862160">
        <ele>31.6</ele>
        <time>2026-09-16T10:21:12.000Z</time>
        <speed>0.000</speed>
      </trkpt>
      <trkpt lat="50.4130169" lon="-5.0862160">
        <ele>31.2</ele>
        <time>2026-09-16T10:21:17.000Z</time>
        <speed>0.000</speed>
      </trkpt>
      <trkpt lat="50.4130169" lon="-5.0862160">
        <ele>31.4</ele>
        <time>2026-09-16T10:21:22.000Z</time>
        <speed>0.000</speed>
      </trkpt>
      <trkpt lat="50.4130169" lon="-5.0862160">
        <ele>31.4</ele>
        <time>2026-09-16T10:21:27.000Z</time>
        <speed>0.000</speed>
      </trkpt>
      <trkpt lat="50.4130169" lon="-5.0862160">
        <ele>31.0</ele>
        <time>2026-09-16T10:21:32.000Z</time>
        <speed>0.000</speed>
      </trkpt>
      <trkpt lat="50.4130155" lon="-5.0862193">
        <ele>32.0</ele>
        <time>2026-09-16T10:21:37.000Z</time>
        <speed>0.000</speed>
      </trkpt>
      <trkpt lat="50.4130161" lon="-5.0862007">
        <ele>32.4</ele>
        <time>2026-09-16T10:21:42.000Z</time>
        <speed>0.000</speed>
      </trkpt>
      <trkpt lat="50.4130163" lon="-5.0862056">
        <ele>32.2</ele>
        <time>2026-09-16T10:21:47.000Z</time>
        <speed>0.000</speed>
      </trkpt>
      <trkpt lat="50.4130113" lon="-5.0861544">
        <ele>31.8</ele>
        <time>2026-09-16T10:21:52.000Z</time>
        <speed>0.970</speed>
      </trkpt>
      <trkpt lat="50.4130259" lon="-5.0861038">
        <ele>32.4</ele>
        <time>2026-09-16T10:21:57.000Z</time>
        <speed>0.000</speed>
      </trkpt>
      <trkpt lat="50.4130269" lon="-5.0860342">
        <ele>32.2</ele>
        <time>2026-09-16T10:22:02.000Z</time>
        <speed>0.858</speed>
      </trkpt>
      <trkpt lat="50.4130335" lon="-5.0859459">
        <ele>32.2</ele>
        <time>2026-09-16T10:22:07.000Z</time>
        <speed>1.428</speed>
      </trkpt>
      <trkpt lat="50.4130299" lon="-5.0858649">
        <ele>32.2</ele>
        <time>2026-09-16T10:22:12.000Z</time>
        <speed>1.297</speed>
      </trkpt>
      <trkpt lat="50.4130393" lon="-5.0857934">
        <ele>31.6</ele>
        <time>2026-09-16T10:22:17.000Z</time>
        <speed>1.204</speed>
      </trkpt>
      <trkpt lat="50.4130451" lon="-5.0857166">
        <ele>32.0</ele>
        <time>2026-09-16T10:22:22.000Z</time>
        <speed>1.157</speed>
      </trkpt>
      <trkpt lat="50.4130331" lon="-5.0856457">
        <ele>32.2</ele>
        <time>2026-09-16T10:22:27.000Z</time>
        <speed>1.176</speed>
      </trkpt>
      <trkpt lat="50.4130076" lon="-5.0855822">
        <ele>32.4</ele>
        <time>2026-09-16T10:22:32.000Z</time>
        <speed>1.129</speed>
      </trkpt>
      <trkpt lat="50.4129652" lon="-5.0855343">
        <ele>32.4</ele>
        <time>2026-09-16T10:22:37.000Z</time>
        <speed>1.129</speed>
      </trkpt>
      <trkpt lat="50.4129408" lon="-5.0854662">
        <ele>33.0</ele>
        <time>2026-09-16T10:22:42.000Z</time>
        <speed>1.129</speed>
      </trkpt>
      <trkpt lat="50.4129421" lon="-5.0853887">
        <ele>33.0</ele>
        <time>2026-09-16T10:22:47.000Z</time>
        <speed>1.204</speed>
      </trkpt>
      <trkpt lat="50.4129524" lon="-5.0853053">
        <ele>33.2</ele>
        <time>2026-09-16T10:22:52.000Z</time>
        <speed>1.204</speed>
      </trkpt>
      <trkpt lat="50.4129634" lon="-5.0852184">
        <ele>33.2</ele>
        <time>2026-09-16T10:22:57.000Z</time>
        <speed>1.222</speed>
      </trkpt>
      <trkpt lat="50.4129732" lon="-5.0851300">
        <ele>33.2</ele>
        <time>2026-09-16T10:23:02.000Z</time>
        <speed>1.250</speed>
      </trkpt>
      <trkpt lat="50.4129811" lon="-5.0850517">
        <ele>33.2</ele>
        <time>2026-09-16T10:23:07.000Z</time>
        <speed>1.222</speed>
      </trkpt>
      <trkpt lat="50.4129868" lon="-5.0849622">
        <ele>33.4</ele>
        <time>2026-09-16T10:23:12.000Z</time>
        <speed>1.213</speed>
      </trkpt>
      <trkpt lat="50.4129886" lon="-5.0848773">
        <ele>33.4</ele>
        <time>2026-09-16T10:23:17.000Z</time>
        <speed>1.222</speed>
      </trkpt>
      <trkpt lat="50.4129978" lon="-5.0848200">
        <ele>33.6</ele>
        <time>2026-09-16T10:23:22.000Z</time>
        <speed>1.185</speed>
      </trkpt>
      <trkpt lat="50.4130117" lon="-5.0847545">
        <ele>34.0</ele>
        <time>2026-09-16T10:23:27.000Z</time>
        <speed>1.148</speed>
      </trkpt>
      <trkpt lat="50.4130230" lon="-5.0846739">
        <ele>34.0</ele>
        <time>2026-09-16T10:23:32.000Z</time>
        <speed>1.176</speed>
      </trkpt>
      <trkpt lat="50.4130279" lon="-5.0845893">
        <ele>33.8</ele>
        <time>2026-09-16T10:23:37.000Z</time>
        <speed>1.194</speed>
      </trkpt>
      <trkpt lat="50.4130326" lon="-5.0845153">
        <ele>33.8</ele>
        <time>2026-09-16T10:23:42.000Z</time>
        <speed>1.194</speed>
      </trkpt>
      <trkpt lat="50.4130334" lon="-5.0844222">
        <ele>33.6</ele>
        <time>2026-09-16T10:23:47.000Z</time>
        <speed>1.232</speed>
      </trkpt>
      <trkpt lat="50.4130358" lon="-5.0843448">
        <ele>33.8</ele>
        <time>2026-09-16T10:23:52.000Z</time>
        <speed>1.204</speed>
      </trkpt>
      <trkpt lat="50.4130337" lon="-5.0842745">
        <ele>33.8</ele>
        <time>2026-09-16T10:23:57.000Z</time>
        <speed>1.166</speed>
      </trkpt>
      <trkpt lat="50.4130373" lon="-5.0842562">
        <ele>33.8</ele>
        <time>2026-09-16T10:24:02.000Z</time>
        <speed>0.000</speed>
      </trkpt>
      <trkpt lat="50.4130321" lon="-5.0842185">
        <ele>33.8</ele>
        <time>2026-09-16T10:24:07.000Z</time>
        <speed>0.000</speed>
      </trkpt>
      <trkpt lat="50.4130298" lon="-5.0842043">
        <ele>33.8</ele>
        <time>2026-09-16T10:24:12.000Z</time>
        <speed>0.000</speed>
      </trkpt>
      <trkpt lat="50.4130298" lon="-5.0842043">
        <ele>34.2</ele>
        <time>2026-09-16T10:24:17.000Z</time>
        <speed>0.000</speed>
      </trkpt>
      <trkpt lat="50.4130298" lon="-5.0842043">
        <ele>34.2</ele>
        <time>2026-09-16T10:24:22.000Z</time>
        <speed>0.000</speed>
      </trkpt>
      <trkpt lat="50.4130298" lon="-5.0842043">
        <ele>34.2</ele>
        <time>2026-09-16T10:24:27.000Z</time>
        <speed>0.000</speed>
      </trkpt>
      <trkpt lat="50.4130298" lon="-5.0842043">
        <ele>34.2</ele>
        <time>2026-09-16T10:24:32.000Z</time>
        <speed>0.000</speed>
      </trkpt>
      <trkpt lat="50.4130212" lon="-5.0841890">
        <ele>34.4</ele>
        <time>2026-09-16T10:24:37.000Z</time>
        <speed>0.000</speed>
      </trkpt>
      <trkpt lat="50.4130078" lon="-5.0841817">
        <ele>34.6</ele>
        <time>2026-09-16T10:24:42.000Z</time>
        <speed>0.000</speed>
      </trkpt>
      <trkpt lat="50.4130362" lon="-5.0841481">
        <ele>34.6</ele>
        <time>2026-09-16T10:24:47.000Z</time>
        <speed>0.000</speed>
      </trkpt>
      <trkpt lat="50.4130539" lon="-5.0840614">
        <ele>34.6</ele>
        <time>2026-09-16T10:24:52.000Z</time>
        <speed>1.372</speed>
      </trkpt>
      <trkpt lat="50.4130654" lon="-5.0840129">
        <ele>34.4</ele>
        <time>2026-09-16T10:24:57.000Z</time>
        <speed>1.092</speed>
      </trkpt>
      <trkpt lat="50.4130634" lon="-5.0840222">
        <ele>34.6</ele>
        <time>2026-09-16T10:25:02.000Z</time>
        <speed>0.634</speed>
      </trkpt>
      <trkpt lat="50.4130634" lon="-5.0840222">
        <ele>35.0</ele>
        <time>2026-09-16T10:25:07.000Z</time>
        <speed>0.000</speed>
      </trkpt>
      <trkpt lat="50.4130634" lon="-5.0840222">
        <ele>35.0</ele>
        <time>2026-09-16T10:25:12.000Z</time>
        <speed>0.000</speed>
      </trkpt>
      <trkpt lat="50.4130634" lon="-5.0840222">
        <ele>35.0</ele>
        <time>2026-09-16T10:25:17.000Z</time>
        <speed>0.000</speed>
      </trkpt>
      <trkpt lat="50.4130634" lon="-5.0840222">
        <ele>35.0</ele>
        <time>2026-09-16T10:25:22.000Z</time>
        <speed>0.000</speed>
      </trkpt>
      <trkpt lat="50.4130634" lon="-5.0840222">
        <ele>35.0</ele>
        <time>2026-09-16T10:25:27.000Z</time>
        <speed>0.000</speed>
      </trkpt>
      <trkpt lat="50.4130634" lon="-5.0840222">
        <ele>35.0</ele>
        <time>2026-09-16T10:25:32.000Z</time>
        <speed>0.000</speed>
      </trkpt>
      <trkpt lat="50.4130634" lon="-5.0840222">
        <ele>35.2</ele>
        <time>2026-09-16T10:25:37.000Z</time>
        <speed>0.000</speed>
      </trkpt>
      <trkpt lat="50.4130634" lon="-5.0840222">
        <ele>35.0</ele>
        <time>2026-09-16T10:25:42.000Z</time>
        <speed>0.000</speed>
      </trkpt>
      <trkpt lat="50.4130634" lon="-5.0840222">
        <ele>35.2</ele>
        <time>2026-09-16T10:25:47.000Z</time>
        <speed>0.000</speed>
      </trkpt>
      <trkpt lat="50.4130634" lon="-5.0840222">
        <ele>35.4</ele>
        <time>2026-09-16T10:25:52.000Z</time>
        <speed>0.000</speed>
      </trkpt>
      <trkpt lat="50.4130634" lon="-5.0840222">
        <ele>35.0</ele>
        <time>2026-09-16T10:25:57.000Z</time>
        <speed>0.000</speed>
      </trkpt>
      <trkpt lat="50.4130634" lon="-5.0840222">
        <ele>35.2</ele>
        <time>2026-09-16T10:26:02.000Z</time>
        <speed>0.000</speed>
      </trkpt>
      <trkpt lat="50.4130634" lon="-5.0840222">
        <ele>35.4</ele>
        <time>2026-09-16T10:26:07.000Z</time>
        <speed>0.000</speed>
      </trkpt>
      <trkpt lat="50.4130669" lon="-5.0840195">
        <ele>35.2</ele>
        <time>2026-09-16T10:26:12.000Z</time>
        <speed>0.000</speed>
      </trkpt>
      <trkpt lat="50.4130634" lon="-5.0840222">
        <ele>35.0</ele>
        <time>2026-09-16T10:26:17.000Z</time>
        <speed>0.000</speed>
      </trkpt>
      <trkpt lat="50.4130634" lon="-5.0840222">
        <ele>35.2</ele>
        <time>2026-09-16T10:26:22.000Z</time>
        <speed>0.000</speed>
      </trkpt>
      <trkpt lat="50.4130634" lon="-5.0840222">
        <ele>35.2</ele>
        <time>2026-09-16T10:26:27.000Z</time>
        <speed>0.000</speed>
      </trkpt>
      <trkpt lat="50.4130634" lon="-5.0840222">
        <ele>35.2</ele>
        <time>2026-09-16T10:26:32.000Z</time>
        <speed>0.000</speed>
      </trkpt>
      <trkpt lat="50.4130634" lon="-5.0840222">
        <ele>35.4</ele>
        <time>2026-09-16T10:26:37.000Z</time>
        <speed>0.000</speed>
      </trkpt>
      <trkpt lat="50.4130634" lon="-5.0840222">
        <ele>35.6</ele>
        <time>2026-09-16T10:26:42.000Z</time>
        <speed>0.000</speed>
      </trkpt>
      <trkpt lat="50.4130634" lon="-5.0840222">
        <ele>35.6</ele>
        <time>2026-09-16T10:26:47.000Z</time>
        <speed>0.000</speed>
      </trkpt>
      <trkpt lat="50.4130634" lon="-5.0840222">
        <ele>35.4</ele>
        <time>2026-09-16T10:26:52.000Z</time>
        <speed>0.000</speed>
      </trkpt>
      <trkpt lat="50.4130634" lon="-5.0840222">
        <ele>35.4</ele>
        <time>2026-09-16T10:26:57.000Z</time>
        <speed>0.000</speed>
      </trkpt>
      <trkpt lat="50.4130634" lon="-5.0840222">
        <ele>35.6</ele>
        <time>2026-09-16T10:27:02.000Z</time>
        <speed>0.000</speed>
      </trkpt>
      <trkpt lat="50.4130672" lon="-5.0840097">
        <ele>35.4</ele>
        <time>2026-09-16T10:27:07.000Z</time>
        <speed>0.000</speed>
      </trkpt>
      <trkpt lat="50.4130714" lon="-5.0839336">
        <ele>35.4</ele>
        <time>2026-09-16T10:27:12.000Z</time>
        <speed>1.250</speed>
      </trkpt>
      <trkpt lat="50.4130929" lon="-5.0838543">
        <ele>35.6</ele>
        <time>2026-09-16T10:27:17.000Z</time>
        <speed>1.250</speed>
      </trkpt>
      <trkpt lat="50.4131123" lon="-5.0837751">
        <ele>35.6</ele>
        <time>2026-09-16T10:27:22.000Z</time>
        <speed>1.269</speed>
      </trkpt>
      <trkpt lat="50.4131259" lon="-5.0836980">
        <ele>35.6</ele>
        <time>2026-09-16T10:27:27.000Z</time>
        <speed>1.241</speed>
      </trkpt>
      <trkpt lat="50.4131391" lon="-5.0836194">
        <ele>35.4</ele>
        <time>2026-09-16T10:27:32.000Z</time>
        <speed>1.222</speed>
      </trkpt>
      <trkpt lat="50.4131541" lon="-5.0835366">
        <ele>35.8</ele>
        <time>2026-09-16T10:27:37.000Z</time>
        <speed>1.288</speed>
      </trkpt>
      <trkpt lat="50.4131593" lon="-5.0834967">
        <ele>35.8</ele>
        <time>2026-09-16T10:27:42.000Z</time>
        <speed>1.026</speed>
      </trkpt>
      <trkpt lat="50.4131593" lon="-5.0834967">
        <ele>35.8</ele>
        <time>2026-09-16T10:27:47.000Z</time>
        <speed>0.000</speed>
      </trkpt>
      <trkpt lat="50.4131347" lon="-5.0835542">
        <ele>35.4</ele>
        <time>2026-09-16T10:27:52.000Z</time>
        <speed>0.504</speed>
      </trkpt>
      <trkpt lat="50.4131143" lon="-5.0836505">
        <ele>35.8</ele>
        <time>2026-09-16T10:27:57.000Z</time>
        <speed>1.428</speed>
      </trkpt>
      <trkpt lat="50.4130941" lon="-5.0837474">
        <ele>35.6</ele>
        <time>2026-09-16T10:28:02.000Z</time>
        <speed>1.465</speed>
      </trkpt>
      <trkpt lat="50.4130681" lon="-5.0838325">
        <ele>35.8</ele>
        <time>2026-09-16T10:28:07.000Z</time>
        <speed>1.502</speed>
      </trkpt>
      <trkpt lat="50.4130575" lon="-5.0839240">
        <ele>36.2</ele>
        <time>2026-09-16T10:28:12.000Z</time>
        <speed>1.428</speed>
      </trkpt>
      <trkpt lat="50.4130339" lon="-5.0840324">
        <ele>36.4</ele>
        <time>2026-09-16T10:28:17.000Z</time>
        <speed>1.456</speed>
      </trkpt>
      <trkpt lat="50.4130329" lon="-5.0840652">
        <ele>36.2</ele>
        <time>2026-09-16T10:28:22.000Z</time>
        <speed>1.054</speed>
      </trkpt>
      <trkpt lat="50.4130503" lon="-5.0839897">
        <ele>36.2</ele>
        <time>2026-09-16T10:28:27.000Z</time>
        <speed>1.054</speed>
      </trkpt>
      <trkpt lat="50.4130743" lon="-5.0839926">
        <ele>36.8</ele>
        <time>2026-09-16T10:28:32.000Z</time>
        <speed>0.868</speed>
      </trkpt>
      <trkpt lat="50.4131145" lon="-5.0840391">
        <ele>37.8</ele>
        <time>2026-09-16T10:28:37.000Z</time>
        <speed>0.924</speed>
      </trkpt>
      <trkpt lat="50.4131597" lon="-5.0840885">
        <ele>37.2</ele>
        <time>2026-09-16T10:28:42.000Z</time>
        <speed>1.045</speed>
      </trkpt>
      <trkpt lat="50.4131931" lon="-5.0841244">
        <ele>37.0</ele>
        <time>2026-09-16T10:28:47.000Z</time>
        <speed>1.092</speed>
      </trkpt>
      <trkpt lat="50.4132404" lon="-5.0841592">
        <ele>36.8</ele>
        <time>2026-09-16T10:28:52.000Z</time>
        <speed>1.082</speed>
      </trkpt>
      <trkpt lat="50.4133041" lon="-5.0842032">
        <ele>36.6</ele>
        <time>2026-09-16T10:28:57.000Z</time>
        <speed>1.157</speed>
      </trkpt>
      <trkpt lat="50.4133543" lon="-5.0842430">
        <ele>35.4</ele>
        <time>2026-09-16T10:29:02.000Z</time>
        <speed>1.222</speed>
      </trkpt>
      <trkpt lat="50.4133927" lon="-5.0842905">
        <ele>34.2</ele>
        <time>2026-09-16T10:29:07.000Z</time>
        <speed>1.194</speed>
      </trkpt>
      <trkpt lat="50.4134312" lon="-5.0843128">
        <ele>33.4</ele>
        <time>2026-09-16T10:29:12.000Z</time>
        <speed>1.166</speed>
      </trkpt>
      <trkpt lat="50.4134507" lon="-5.0843207">
        <ele>32.6</ele>
        <time>2026-09-16T10:29:17.000Z</time>
        <speed>0.989</speed>
      </trkpt>
      <trkpt lat="50.4134504" lon="-5.0843205">
        <ele>32.6</ele>
        <time>2026-09-16T10:29:22.000Z</time>
        <speed>0.000</speed>
      </trkpt>
      <trkpt lat="50.4134504" lon="-5.0843205">
        <ele>32.6</ele>
        <time>2026-09-16T10:29:27.000Z</time>
        <speed>0.000</speed>
      </trkpt>
      <trkpt lat="50.4134504" lon="-5.0843205">
        <ele>32.6</ele>
        <time>2026-09-16T10:29:32.000Z</time>
        <speed>0.000</speed>
      </trkpt>
      <trkpt lat="50.4135242" lon="-5.0843229">
        <ele>32.6</ele>
        <time>2026-09-16T10:29:37.000Z</time>
        <speed>0.709</speed>
      </trkpt>
      <trkpt lat="50.4135859" lon="-5.0843346">
        <ele>32.4</ele>
        <time>2026-09-16T10:29:42.000Z</time>
        <speed>1.400</speed>
      </trkpt>
      <trkpt lat="50.4136314" lon="-5.0843398">
        <ele>32.2</ele>
        <time>2026-09-16T10:29:47.000Z</time>
        <speed>1.260</speed>
      </trkpt>
      <trkpt lat="50.4136939" lon="-5.0843710">
        <ele>31.6</ele>
        <time>2026-09-16T10:29:52.000Z</time>
        <speed>1.185</speed>
      </trkpt>
      <trkpt lat="50.4137685" lon="-5.0843957">
        <ele>31.4</ele>
        <time>2026-09-16T10:29:57.000Z</time>
        <speed>1.362</speed>
      </trkpt>
      <trkpt lat="50.4138284" lon="-5.0844386">
        <ele>31.4</ele>
        <time>2026-09-16T10:30:02.000Z</time>
        <speed>1.400</speed>
      </trkpt>
      <trkpt lat="50.4138590" lon="-5.0844987">
        <ele>31.0</ele>
        <time>2026-09-16T10:30:07.000Z</time>
        <speed>1.278</speed>
      </trkpt>
      <trkpt lat="50.4139052" lon="-5.0845859">
        <ele>30.4</ele>
        <time>2026-09-16T10:30:12.000Z</time>
        <speed>1.344</speed>
      </trkpt>
      <trkpt lat="50.4139525" lon="-5.0846402">
        <ele>30.2</ele>
        <time>2026-09-16T10:30:17.000Z</time>
        <speed>1.390</speed>
      </trkpt>
      <trkpt lat="50.4139772" lon="-5.0847138">
        <ele>29.8</ele>
        <time>2026-09-16T10:30:22.000Z</time>
        <speed>1.325</speed>
      </trkpt>
      <trkpt lat="50.4140080" lon="-5.0848061">
        <ele>29.6</ele>
        <time>2026-09-16T10:30:27.000Z</time>
        <speed>1.353</speed>
      </trkpt>
      <trkpt lat="50.4140425" lon="-5.0849050">
        <ele>28.6</ele>
        <time>2026-09-16T10:30:32.000Z</time>
        <speed>1.372</speed>
      </trkpt>
      <trkpt lat="50.4140718" lon="-5.0849883">
        <ele>28.2</ele>
        <time>2026-09-16T10:30:37.000Z</time>
        <speed>1.390</speed>
      </trkpt>
      <trkpt lat="50.4140977" lon="-5.0850683">
        <ele>27.8</ele>
        <time>2026-09-16T10:30:42.000Z</time>
        <speed>1.381</speed>
      </trkpt>
      <trkpt lat="50.4141226" lon="-5.0851580">
        <ele>27.6</ele>
        <time>2026-09-16T10:30:47.000Z</time>
        <speed>1.390</speed>
      </trkpt>
      <trkpt lat="50.4141456" lon="-5.0852499">
        <ele>27.0</ele>
        <time>2026-09-16T10:30:52.000Z</time>
        <speed>1.390</speed>
      </trkpt>
      <trkpt lat="50.4141736" lon="-5.0853438">
        <ele>26.4</ele>
        <time>2026-09-16T10:30:57.000Z</time>
        <speed>1.400</speed>
      </trkpt>
      <trkpt lat="50.4142000" lon="-5.0854308">
        <ele>25.6</ele>
        <time>2026-09-16T10:31:02.000Z</time>
        <speed>1.418</speed>
      </trkpt>
      <trkpt lat="50.4142213" lon="-5.0855128">
        <ele>25.2</ele>
        <time>2026-09-16T10:31:07.000Z</time>
        <speed>1.390</speed>
      </trkpt>
      <trkpt lat="50.4142495" lon="-5.0856110">
        <ele>24.6</ele>
        <time>2026-09-16T10:31:12.000Z</time>
        <speed>1.400</speed>
      </trkpt>
      <trkpt lat="50.4142678" lon="-5.0856865">
        <ele>23.8</ele>
        <time>2026-09-16T10:31:17.000Z</time>
        <speed>1.390</speed>
      </trkpt>
      <trkpt lat="50.4142950" lon="-5.0857335">
        <ele>23.2</ele>
        <time>2026-09-16T10:31:22.000Z</time>
        <speed>1.316</speed>
      </trkpt>
      <trkpt lat="50.4143610" lon="-5.0857148">
        <ele>22.4</ele>
        <time>2026-09-16T10:31:27.000Z</time>
        <speed>1.381</speed>
      </trkpt>
      <trkpt lat="50.4144189" lon="-5.0856822">
        <ele>21.6</ele>
        <time>2026-09-16T10:31:32.000Z</time>
        <speed>1.418</speed>
      </trkpt>
      <trkpt lat="50.4144741" lon="-5.0856396">
        <ele>21.2</ele>
        <time>2026-09-16T10:31:37.000Z</time>
        <speed>1.278</speed>
      </trkpt>
      <trkpt lat="50.4145270" lon="-5.0856222">
        <ele>20.8</ele>
        <time>2026-09-16T10:31:42.000Z</time>
        <speed>1.353</speed>
      </trkpt>
      <trkpt lat="50.4145888" lon="-5.0856258">
        <ele>19.6</ele>
        <time>2026-09-16T10:31:47.000Z</time>
        <speed>1.297</speed>
      </trkpt>
      <trkpt lat="50.4146438" lon="-5.0855959">
        <ele>19.0</ele>
        <time>2026-09-16T10:31:52.000Z</time>
        <speed>1.306</speed>
      </trkpt>
      <trkpt lat="50.4146982" lon="-5.0855653">
        <ele>18.2</ele>
        <time>2026-09-16T10:31:57.000Z</time>
        <speed>1.269</speed>
      </trkpt>
      <trkpt lat="50.4147452" lon="-5.0855211">
        <ele>17.4</ele>
        <time>2026-09-16T10:32:02.000Z</time>
        <speed>1.297</speed>
      </trkpt>
      <trkpt lat="50.4147965" lon="-5.0854737">
        <ele>16.8</ele>
        <time>2026-09-16T10:32:07.000Z</time>
        <speed>1.288</speed>
      </trkpt>
      <trkpt lat="50.4148503" lon="-5.0854287">
        <ele>16.0</ele>
        <time>2026-09-16T10:32:12.000Z</time>
        <speed>1.288</speed>
      </trkpt>
      <trkpt lat="50.4149037" lon="-5.0853916">
        <ele>15.2</ele>
        <time>2026-09-16T10:32:17.000Z</time>
        <speed>1.288</speed>
      </trkpt>
      <trkpt lat="50.4149604" lon="-5.0853470">
        <ele>14.6</ele>
        <time>2026-09-16T10:32:22.000Z</time>
        <speed>1.288</speed>
      </trkpt>
      <trkpt lat="50.4149829" lon="-5.0853219">
        <ele>14.0</ele>
        <time>2026-09-16T10:32:27.000Z</time>
        <speed>1.241</speed>
      </trkpt>
      <trkpt lat="50.4149970" lon="-5.0852698">
        <ele>13.4</ele>
        <time>2026-09-16T10:32:32.000Z</time>
        <speed>1.017</speed>
      </trkpt>
      <trkpt lat="50.4149892" lon="-5.0851838">
        <ele>13.2</ele>
        <time>2026-09-16T10:32:37.000Z</time>
        <speed>1.101</speed>
      </trkpt>
      <trkpt lat="50.4149684" lon="-5.0850907">
        <ele>12.2</ele>
        <time>2026-09-16T10:32:42.000Z</time>
        <speed>1.241</speed>
      </trkpt>
      <trkpt lat="50.4149474" lon="-5.0850049">
        <ele>11.6</ele>
        <time>2026-09-16T10:32:47.000Z</time>
        <speed>1.278</speed>
      </trkpt>
      <trkpt lat="50.4149264" lon="-5.0849263">
        <ele>10.6</ele>
        <time>2026-09-16T10:32:52.000Z</time>
        <speed>1.194</speed>
      </trkpt>
      <trkpt lat="50.4148998" lon="-5.0848233">
        <ele>10.0</ele>
        <time>2026-09-16T10:32:57.000Z</time>
        <speed>1.381</speed>
      </trkpt>
      <trkpt lat="50.4148749" lon="-5.0847535">
        <ele>9.8</ele>
        <time>2026-09-16T10:33:02.000Z</time>
        <speed>1.297</speed>
      </trkpt>
      <trkpt lat="50.4148617" lon="-5.0846651">
        <ele>10.2</ele>
        <time>2026-09-16T10:33:07.000Z</time>
        <speed>1.288</speed>
      </trkpt>
      <trkpt lat="50.4148612" lon="-5.0846030">
        <ele>10.6</ele>
        <time>2026-09-16T10:33:12.000Z</time>
        <speed>1.157</speed>
      </trkpt>
      <trkpt lat="50.4148555" lon="-5.0845142">
        <ele>11.2</ele>
        <time>2026-09-16T10:33:17.000Z</time>
        <speed>1.194</speed>
      </trkpt>
      <trkpt lat="50.4148581" lon="-5.0844038">
        <ele>11.6</ele>
        <time>2026-09-16T10:33:22.000Z</time>
        <speed>1.306</speed>
      </trkpt>
      <trkpt lat="50.4148703" lon="-5.0843140">
        <ele>11.2</ele>
        <time>2026-09-16T10:33:27.000Z</time>
        <speed>1.306</speed>
      </trkpt>
      <trkpt lat="50.4148762" lon="-5.0842141">
        <ele>11.4</ele>
        <time>2026-09-16T10:33:32.000Z</time>
        <speed>1.306</speed>
      </trkpt>
      <trkpt lat="50.4149044" lon="-5.0841447">
        <ele>11.0</ele>
        <time>2026-09-16T10:33:37.000Z</time>
        <speed>1.260</speed>
      </trkpt>
      <trkpt lat="50.4149185" lon="-5.0841289">
        <ele>11.2</ele>
        <time>2026-09-16T10:33:42.000Z</time>
        <speed>0.000</speed>
      </trkpt>
      <trkpt lat="50.4149185" lon="-5.0841289">
        <ele>11.0</ele>
        <time>2026-09-16T10:33:47.000Z</time>
        <speed>0.000</speed>
      </trkpt>
      <trkpt lat="50.4149185" lon="-5.0841289">
        <ele>11.2</ele>
        <time>2026-09-16T10:33:52.000Z</time>
        <speed>0.000</speed>
      </trkpt>
      <trkpt lat="50.4149185" lon="-5.0841289">
        <ele>11.4</ele>
        <time>2026-09-16T10:33:57.000Z</time>
        <speed>0.000</speed>
      </trkpt>
      <trkpt lat="50.4149121" lon="-5.0841217">
        <ele>11.2</ele>
        <time>2026-09-16T10:34:02.000Z</time>
        <speed>0.000</speed>
      </trkpt>
      <trkpt lat="50.4149114" lon="-5.0840345">
        <ele>11.4</ele>
        <time>2026-09-16T10:34:07.000Z</time>
        <speed>0.429</speed>
      </trkpt>
      <trkpt lat="50.4148986" lon="-5.0839401">
        <ele>11.4</ele>
        <time>2026-09-16T10:34:12.000Z</time>
        <speed>1.241</speed>
      </trkpt>
      <trkpt lat="50.4149011" lon="-5.0838690">
        <ele>11.6</ele>
        <time>2026-09-16T10:34:17.000Z</time>
        <speed>1.157</speed>
      </trkpt>
      <trkpt lat="50.4149038" lon="-5.0837796">
        <ele>11.6</ele>
        <time>2026-09-16T10:34:22.000Z</time>
        <speed>1.176</speed>
      </trkpt>
      <trkpt lat="50.4149019" lon="-5.0836736">
        <ele>11.6</ele>
        <time>2026-09-16T10:34:27.000Z</time>
        <speed>1.269</speed>
      </trkpt>
      <trkpt lat="50.4148967" lon="-5.0835861">
        <ele>11.8</ele>
        <time>2026-09-16T10:34:32.000Z</time>
        <speed>1.260</speed>
      </trkpt>
      <trkpt lat="50.4148936" lon="-5.0834980">
        <ele>12.0</ele>
        <time>2026-09-16T10:34:37.000Z</time>
        <speed>1.232</speed>
      </trkpt>
      <trkpt lat="50.4149044" lon="-5.0834206">
        <ele>11.8</ele>
        <time>2026-09-16T10:34:42.000Z</time>
        <speed>1.176</speed>
      </trkpt>
      <trkpt lat="50.4149257" lon="-5.0833340">
        <ele>11.8</ele>
        <time>2026-09-16T10:34:47.000Z</time>
        <speed>1.166</speed>
      </trkpt>
      <trkpt lat="50.4149312" lon="-5.0832828">
        <ele>12.2</ele>
        <time>2026-09-16T10:34:52.000Z</time>
        <speed>1.110</speed>
      </trkpt>
      <trkpt lat="50.4149398" lon="-5.0832451">
        <ele>13.6</ele>
        <time>2026-09-16T10:34:57.000Z</time>
        <speed>0.924</speed>
      </trkpt>
      <trkpt lat="50.4149447" lon="-5.0832124">
        <ele>14.8</ele>
        <time>2026-09-16T10:35:02.000Z</time>
        <speed>0.625</speed>
      </trkpt>
      <trkpt lat="50.4149507" lon="-5.0831767">
        <ele>16.2</ele>
        <time>2026-09-16T10:35:07.000Z</time>
        <speed>0.653</speed>
      </trkpt>
      <trkpt lat="50.4149462" lon="-5.0831456">
        <ele>17.4</ele>
        <time>2026-09-16T10:35:12.000Z</time>
        <speed>0.653</speed>
      </trkpt>
      <trkpt lat="50.4149357" lon="-5.0831489">
        <ele>18.2</ele>
        <time>2026-09-16T10:35:17.000Z</time>
        <speed>0.485</speed>
      </trkpt>
      <trkpt lat="50.4149211" lon="-5.0831386">
        <ele>19.2</ele>
        <time>2026-09-16T10:35:22.000Z</time>
        <speed>0.411</speed>
      </trkpt>
      <trkpt lat="50.4149013" lon="-5.0831327">
        <ele>20.2</ele>
        <time>2026-09-16T10:35:27.000Z</time>
        <speed>0.457</speed>
      </trkpt>
      <trkpt lat="50.4148717" lon="-5.0831235">
        <ele>22.2</ele>
        <time>2026-09-16T10:35:32.000Z</time>
        <speed>0.541</speed>
      </trkpt>
      <trkpt lat="50.4148545" lon="-5.0831100">
        <ele>23.6</ele>
        <time>2026-09-16T10:35:37.000Z</time>
        <speed>0.513</speed>
      </trkpt>
      <trkpt lat="50.4148391" lon="-5.0830977">
        <ele>24.6</ele>
        <time>2026-09-16T10:35:42.000Z</time>
        <speed>0.485</speed>
      </trkpt>
      <trkpt lat="50.4148037" lon="-5.0830741">
        <ele>24.6</ele>
        <time>2026-09-16T10:35:47.000Z</time>
        <speed>0.569</speed>
      </trkpt>
      <trkpt lat="50.4147515" lon="-5.0830508">
        <ele>24.4</ele>
        <time>2026-09-16T10:35:52.000Z</time>
        <speed>0.774</speed>
      </trkpt>
      <trkpt lat="50.4147165" lon="-5.0829836">
        <ele>24.6</ele>
        <time>2026-09-16T10:35:57.000Z</time>
        <speed>0.914</speed>
      </trkpt>
      <trkpt lat="50.4147371" lon="-5.0829104">
        <ele>25.0</ele>
        <time>2026-09-16T10:36:02.000Z</time>
        <speed>0.989</speed>
      </trkpt>
      <trkpt lat="50.4147550" lon="-5.0828339">
        <ele>25.0</ele>
        <time>2026-09-16T10:36:07.000Z</time>
        <speed>1.045</speed>
      </trkpt>
      <trkpt lat="50.4147720" lon="-5.0827450">
        <ele>24.6</ele>
        <time>2026-09-16T10:36:12.000Z</time>
        <speed>1.073</speed>
      </trkpt>
      <trkpt lat="50.4148017" lon="-5.0826745">
        <ele>25.6</ele>
        <time>2026-09-16T10:36:17.000Z</time>
        <speed>1.120</speed>
      </trkpt>
      <trkpt lat="50.4148314" lon="-5.0826007">
        <ele>26.0</ele>
        <time>2026-09-16T10:36:22.000Z</time>
        <speed>1.129</speed>
      </trkpt>
      <trkpt lat="50.4148674" lon="-5.0825787">
        <ele>26.4</ele>
        <time>2026-09-16T10:36:27.000Z</time>
        <speed>1.064</speed>
      </trkpt>
      <trkpt lat="50.4148733" lon="-5.0825814">
        <ele>26.0</ele>
        <time>2026-09-16T10:36:32.000Z</time>
        <speed>0.774</speed>
      </trkpt>
      <trkpt lat="50.4148733" lon="-5.0825814">
        <ele>26.0</ele>
        <time>2026-09-16T10:36:37.000Z</time>
        <speed>0.000</speed>
      </trkpt>
      <trkpt lat="50.4148733" lon="-5.0825814">
        <ele>26.0</ele>
        <time>2026-09-16T10:36:42.000Z</time>
        <speed>0.000</speed>
      </trkpt>
      <trkpt lat="50.4148733" lon="-5.0825814">
        <ele>26.0</ele>
        <time>2026-09-16T10:36:47.000Z</time>
        <speed>0.000</speed>
      </trkpt>
      <trkpt lat="50.4148733" lon="-5.0825814">
        <ele>26.0</ele>
        <time>2026-09-16T10:36:52.000Z</time>
        <speed>0.000</speed>
      </trkpt>
      <trkpt lat="50.4148763" lon="-5.0825656">
        <ele>27.0</ele>
        <time>2026-09-16T10:36:57.000Z</time>
        <speed>0.000</speed>
      </trkpt>
      <trkpt lat="50.4148791" lon="-5.0825559">
        <ele>26.4</ele>
        <time>2026-09-16T10:37:02.000Z</time>
        <speed>0.000</speed>
      </trkpt>
      <trkpt lat="50.4148783" lon="-5.0825559">
        <ele>26.0</ele>
        <time>2026-09-16T10:37:07.000Z</time>
        <speed>0.000</speed>
      </trkpt>
      <trkpt lat="50.4148796" lon="-5.0825225">
        <ele>26.4</ele>
        <time>2026-09-16T10:37:12.000Z</time>
        <speed>0.000</speed>
      </trkpt>
      <trkpt lat="50.4148933" lon="-5.0824567">
        <ele>27.0</ele>
        <time>2026-09-16T10:37:17.000Z</time>
        <speed>0.560</speed>
      </trkpt>
      <trkpt lat="50.4148925" lon="-5.0823989">
        <ele>27.2</ele>
        <time>2026-09-16T10:37:22.000Z</time>
        <speed>1.120</speed>
      </trkpt>
      <trkpt lat="50.4148841" lon="-5.0823402">
        <ele>27.8</ele>
        <time>2026-09-16T10:37:27.000Z</time>
        <speed>1.064</speed>
      </trkpt>
      <trkpt lat="50.4148748" lon="-5.0822664">
        <ele>28.2</ele>
        <time>2026-09-16T10:37:32.000Z</time>
        <speed>1.026</speed>
      </trkpt>
      <trkpt lat="50.4148747" lon="-5.0821980">
        <ele>28.6</ele>
        <time>2026-09-16T10:37:37.000Z</time>
        <speed>1.026</speed>
      </trkpt>
      <trkpt lat="50.4149133" lon="-5.0821468">
        <ele>29.8</ele>
        <time>2026-09-16T10:37:42.000Z</time>
        <speed>1.054</speed>
      </trkpt>
      <trkpt lat="50.4149449" lon="-5.0820951">
        <ele>30.2</ele>
        <time>2026-09-16T10:37:47.000Z</time>
        <speed>1.204</speed>
      </trkpt>
      <trkpt lat="50.4149741" lon="-5.0820392">
        <ele>29.6</ele>
        <time>2026-09-16T10:37:52.000Z</time>
        <speed>1.101</speed>
      </trkpt>
      <trkpt lat="50.4150141" lon="-5.0819766">
        <ele>30.6</ele>
        <time>2026-09-16T10:37:57.000Z</time>
        <speed>1.120</speed>
      </trkpt>
      <trkpt lat="50.4150402" lon="-5.0819291">
        <ele>31.2</ele>
        <time>2026-09-16T10:38:02.000Z</time>
        <speed>1.045</speed>
      </trkpt>
      <trkpt lat="50.4150477" lon="-5.0819122">
        <ele>31.0</ele>
        <time>2026-09-16T10:38:07.000Z</time>
        <speed>0.830</speed>
      </trkpt>
      <trkpt lat="50.4150477" lon="-5.0819122">
        <ele>30.6</ele>
        <time>2026-09-16T10:38:12.000Z</time>
        <speed>0.000</speed>
      </trkpt>
      <trkpt lat="50.4150823" lon="-5.0818517">
        <ele>32.0</ele>
        <time>2026-09-16T10:38:17.000Z</time>
        <speed>1.288</speed>
      </trkpt>
      <trkpt lat="50.4151228" lon="-5.0817831">
        <ele>32.8</ele>
        <time>2026-09-16T10:38:22.000Z</time>
        <speed>1.269</speed>
      </trkpt>
      <trkpt lat="50.4151606" lon="-5.0817152">
        <ele>32.2</ele>
        <time>2026-09-16T10:38:27.000Z</time>
        <speed>1.278</speed>
      </trkpt>
      <trkpt lat="50.4151956" lon="-5.0816500">
        <ele>32.0</ele>
        <time>2026-09-16T10:38:32.000Z</time>
        <speed>1.269</speed>
      </trkpt>
      <trkpt lat="50.4152273" lon="-5.0815854">
        <ele>32.0</ele>
        <time>2026-09-16T10:38:37.000Z</time>
        <speed>1.241</speed>
      </trkpt>
      <trkpt lat="50.4152595" lon="-5.0815153">
        <ele>32.4</ele>
        <time>2026-09-16T10:38:42.000Z</time>
        <speed>1.250</speed>
      </trkpt>
      <trkpt lat="50.4152965" lon="-5.0814314">
        <ele>32.8</ele>
        <time>2026-09-16T10:38:47.000Z</time>
        <speed>1.297</speed>
      </trkpt>
      <trkpt lat="50.4153347" lon="-5.0813569">
        <ele>33.0</ele>
        <time>2026-09-16T10:38:52.000Z</time>
        <speed>1.316</speed>
      </trkpt>
      <trkpt lat="50.4153818" lon="-5.0813027">
        <ele>33.4</ele>
        <time>2026-09-16T10:38:57.000Z</time>
        <speed>1.278</speed>
      </trkpt>
      <trkpt lat="50.4153887" lon="-5.0812245">
        <ele>34.0</ele>
        <time>2026-09-16T10:39:02.000Z</time>
        <speed>1.288</speed>
      </trkpt>
      <trkpt lat="50.4153875" lon="-5.0811387">
        <ele>33.8</ele>
        <time>2026-09-16T10:39:07.000Z</time>
        <speed>1.278</speed>
      </trkpt>
      <trkpt lat="50.4153538" lon="-5.0810447">
        <ele>34.2</ele>
        <time>2026-09-16T10:39:12.000Z</time>
        <speed>1.325</speed>
      </trkpt>
      <trkpt lat="50.4153015" lon="-5.0809801">
        <ele>34.6</ele>
        <time>2026-09-16T10:39:17.000Z</time>
        <speed>1.381</speed>
      </trkpt>
      <trkpt lat="50.4152541" lon="-5.0809440">
        <ele>35.2</ele>
        <time>2026-09-16T10:39:22.000Z</time>
        <speed>1.362</speed>
      </trkpt>
      <trkpt lat="50.4152100" lon="-5.0809039">
        <ele>35.6</ele>
        <time>2026-09-16T10:39:27.000Z</time>
        <speed>1.316</speed>
      </trkpt>
      <trkpt lat="50.4151553" lon="-5.0808592">
        <ele>36.0</ele>
        <time>2026-09-16T10:39:32.000Z</time>
        <speed>1.316</speed>
      </trkpt>
      <trkpt lat="50.4151005" lon="-5.0808160">
        <ele>36.0</ele>
        <time>2026-09-16T10:39:37.000Z</time>
        <speed>1.325</speed>
      </trkpt>
      <trkpt lat="50.4150499" lon="-5.0807814">
        <ele>36.4</ele>
        <time>2026-09-16T10:39:42.000Z</time>
        <speed>1.316</speed>
      </trkpt>
      <trkpt lat="50.4149995" lon="-5.0807308">
        <ele>36.8</ele>
        <time>2026-09-16T10:39:47.000Z</time>
        <speed>1.278</speed>
      </trkpt>
      <trkpt lat="50.4149643" lon="-5.0806600">
        <ele>37.2</ele>
        <time>2026-09-16T10:39:52.000Z</time>
        <speed>1.306</speed>
      </trkpt>
      <trkpt lat="50.4149845" lon="-5.0805639">
        <ele>37.8</ele>
        <time>2026-09-16T10:39:57.000Z</time>
        <speed>1.213</speed>
      </trkpt>
      <trkpt lat="50.4150074" lon="-5.0804808">
        <ele>37.4</ele>
        <time>2026-09-16T10:40:02.000Z</time>
        <speed>1.316</speed>
      </trkpt>
      <trkpt lat="50.4150306" lon="-5.0804280">
        <ele>37.4</ele>
        <time>2026-09-16T10:40:07.000Z</time>
        <speed>1.232</speed>
      </trkpt>
      <trkpt lat="50.4150423" lon="-5.0804019">
        <ele>37.6</ele>
        <time>2026-09-16T10:40:12.000Z</time>
        <speed>1.017</speed>
      </trkpt>
      <trkpt lat="50.4150423" lon="-5.0804019">
        <ele>37.4</ele>
        <time>2026-09-16T10:40:17.000Z</time>
        <speed>0.000</speed>
      </trkpt>
      <trkpt lat="50.4150425" lon="-5.0803789">
        <ele>37.4</ele>
        <time>2026-09-16T10:40:22.000Z</time>
        <speed>0.000</speed>
      </trkpt>
      <trkpt lat="50.4149995" lon="-5.0803251">
        <ele>37.6</ele>
        <time>2026-09-16T10:40:27.000Z</time>
        <speed>1.372</speed>
      </trkpt>
      <trkpt lat="50.4149490" lon="-5.0803119">
        <ele>38.0</ele>
        <time>2026-09-16T10:40:32.000Z</time>
        <speed>1.082</speed>
      </trkpt>
      <trkpt lat="50.4148820" lon="-5.0802832">
        <ele>38.4</ele>
        <time>2026-09-16T10:40:37.000Z</time>
        <speed>1.316</speed>
      </trkpt>
      <trkpt lat="50.4148350" lon="-5.0802502">
        <ele>38.6</ele>
        <time>2026-09-16T10:40:42.000Z</time>
        <speed>1.372</speed>
      </trkpt>
      <trkpt lat="50.4147869" lon="-5.0802212">
        <ele>39.2</ele>
        <time>2026-09-16T10:40:47.000Z</time>
        <speed>1.306</speed>
      </trkpt>
      <trkpt lat="50.4147272" lon="-5.0802010">
        <ele>39.6</ele>
        <time>2026-09-16T10:40:52.000Z</time>
        <speed>1.400</speed>
      </trkpt>
      <trkpt lat="50.4147187" lon="-5.0801922">
        <ele>39.8</ele>
        <time>2026-09-16T10:40:57.000Z</time>
        <speed>1.120</speed>
      </trkpt>
      <trkpt lat="50.4147202" lon="-5.0801678">
        <ele>39.6</ele>
        <time>2026-09-16T10:41:02.000Z</time>
        <speed>0.000</speed>
      </trkpt>
      <trkpt lat="50.4147169" lon="-5.0801607">
        <ele>38.6</ele>
        <time>2026-09-16T10:41:07.000Z</time>
        <speed>0.000</speed>
      </trkpt>
      <trkpt lat="50.4147169" lon="-5.0801607">
        <ele>38.6</ele>
        <time>2026-09-16T10:41:12.000Z</time>
        <speed>0.000</speed>
      </trkpt>
      <trkpt lat="50.4147110" lon="-5.0801375">
        <ele>38.8</ele>
        <time>2026-09-16T10:41:17.000Z</time>
        <speed>0.000</speed>
      </trkpt>
      <trkpt lat="50.4147272" lon="-5.0800989">
        <ele>37.2</ele>
        <time>2026-09-16T10:41:22.000Z</time>
        <speed>0.000</speed>
      </trkpt>
      <trkpt lat="50.4147386" lon="-5.0800377">
        <ele>36.4</ele>
        <time>2026-09-16T10:41:27.000Z</time>
        <speed>0.784</speed>
      </trkpt>
      <trkpt lat="50.4147630" lon="-5.0799688">
        <ele>36.4</ele>
        <time>2026-09-16T10:41:32.000Z</time>
        <speed>1.110</speed>
      </trkpt>
      <trkpt lat="50.4147933" lon="-5.0798863">
        <ele>36.4</ele>
        <time>2026-09-16T10:41:37.000Z</time>
        <speed>1.297</speed>
      </trkpt>
      <trkpt lat="50.4148162" lon="-5.0798138">
        <ele>36.8</ele>
        <time>2026-09-16T10:41:42.000Z</time>
        <speed>1.204</speed>
      </trkpt>
      <trkpt lat="50.4148408" lon="-5.0797321">
        <ele>37.0</ele>
        <time>2026-09-16T10:41:47.000Z</time>
        <speed>1.232</speed>
      </trkpt>
      <trkpt lat="50.4148667" lon="-5.0796335">
        <ele>37.0</ele>
        <time>2026-09-16T10:41:52.000Z</time>
        <speed>1.390</speed>
      </trkpt>
      <trkpt lat="50.4148953" lon="-5.0795512">
        <ele>37.0</ele>
        <time>2026-09-16T10:41:57.000Z</time>
        <speed>1.344</speed>
      </trkpt>
      <trkpt lat="50.4149237" lon="-5.0794379">
        <ele>37.2</ele>
        <time>2026-09-16T10:42:02.000Z</time>
        <speed>1.456</speed>
      </trkpt>
      <trkpt lat="50.4149449" lon="-5.0793593">
        <ele>37.2</ele>
        <time>2026-09-16T10:42:07.000Z</time>
        <speed>1.428</speed>
      </trkpt>
      <trkpt lat="50.4149646" lon="-5.0792565">
        <ele>37.6</ele>
        <time>2026-09-16T10:42:12.000Z</time>
        <speed>1.465</speed>
      </trkpt>
      <trkpt lat="50.4149762" lon="-5.0791682">
        <ele>37.6</ele>
        <time>2026-09-16T10:42:17.000Z</time>
        <speed>1.428</speed>
      </trkpt>
      <trkpt lat="50.4149946" lon="-5.0790592">
        <ele>37.4</ele>
        <time>2026-09-16T10:42:22.000Z</time>
        <speed>1.456</speed>
      </trkpt>
      <trkpt lat="50.4150101" lon="-5.0789732">
        <ele>37.2</ele>
        <time>2026-09-16T10:42:27.000Z</time>
        <speed>1.456</speed>
      </trkpt>
      <trkpt lat="50.4150186" lon="-5.0788570">
        <ele>37.6</ele>
        <time>2026-09-16T10:42:32.000Z</time>
        <speed>1.465</speed>
      </trkpt>
      <trkpt lat="50.4150321" lon="-5.0787584">
        <ele>38.6</ele>
        <time>2026-09-16T10:42:37.000Z</time>
        <speed>1.465</speed>
      </trkpt>
      <trkpt lat="50.4150407" lon="-5.0786572">
        <ele>37.6</ele>
        <time>2026-09-16T10:42:42.000Z</time>
        <speed>1.456</speed>
      </trkpt>
      <trkpt lat="50.4150456" lon="-5.0785682">
        <ele>38.0</ele>
        <time>2026-09-16T10:42:47.000Z</time>
        <speed>1.465</speed>
      </trkpt>
      <trkpt lat="50.4150491" lon="-5.0784687">
        <ele>38.0</ele>
        <time>2026-09-16T10:42:52.000Z</time>
        <speed>1.437</speed>
      </trkpt>
      <trkpt lat="50.4150489" lon="-5.0783661">
        <ele>37.8</ele>
        <time>2026-09-16T10:42:57.000Z</time>
        <speed>1.446</speed>
      </trkpt>
      <trkpt lat="50.4150499" lon="-5.0782822">
        <ele>38.0</ele>
        <time>2026-09-16T10:43:02.000Z</time>
        <speed>1.428</speed>
      </trkpt>
      <trkpt lat="50.4150467" lon="-5.0781777">
        <ele>38.4</ele>
        <time>2026-09-16T10:43:07.000Z</time>
        <speed>1.437</speed>
      </trkpt>
      <trkpt lat="50.4150345" lon="-5.0780746">
        <ele>37.8</ele>
        <time>2026-09-16T10:43:12.000Z</time>
        <speed>1.437</speed>
      </trkpt>
      <trkpt lat="50.4150264" lon="-5.0779543">
        <ele>38.2</ele>
        <time>2026-09-16T10:43:17.000Z</time>
        <speed>1.493</speed>
      </trkpt>
      <trkpt lat="50.4150228" lon="-5.0778678">
        <ele>38.8</ele>
        <time>2026-09-16T10:43:22.000Z</time>
        <speed>1.474</speed>
      </trkpt>
      <trkpt lat="50.4150240" lon="-5.0777546">
        <ele>38.0</ele>
        <time>2026-09-16T10:43:27.000Z</time>
        <speed>1.484</speed>
      </trkpt>
      <trkpt lat="50.4150230" lon="-5.0776500">
        <ele>38.2</ele>
        <time>2026-09-16T10:43:32.000Z</time>
        <speed>1.484</speed>
      </trkpt>
      <trkpt lat="50.4150165" lon="-5.0775476">
        <ele>38.0</ele>
        <time>2026-09-16T10:43:37.000Z</time>
        <speed>1.484</speed>
      </trkpt>
      <trkpt lat="50.4150043" lon="-5.0774522">
        <ele>38.4</ele>
        <time>2026-09-16T10:43:42.000Z</time>
        <speed>1.484</speed>
      </trkpt>
      <trkpt lat="50.4149990" lon="-5.0773586">
        <ele>38.4</ele>
        <time>2026-09-16T10:43:47.000Z</time>
        <speed>1.400</speed>
      </trkpt>
      <trkpt lat="50.4149796" lon="-5.0772389">
        <ele>38.4</ele>
        <time>2026-09-16T10:43:52.000Z</time>
        <speed>1.484</speed>
      </trkpt>
      <trkpt lat="50.4149658" lon="-5.0771389">
        <ele>38.2</ele>
        <time>2026-09-16T10:43:57.000Z</time>
        <speed>1.474</speed>
      </trkpt>
      <trkpt lat="50.4149484" lon="-5.0770522">
        <ele>38.2</ele>
        <time>2026-09-16T10:44:02.000Z</time>
        <speed>1.446</speed>
      </trkpt>
      <trkpt lat="50.4149312" lon="-5.0769462">
        <ele>38.2</ele>
        <time>2026-09-16T10:44:07.000Z</time>
        <speed>1.437</speed>
      </trkpt>
      <trkpt lat="50.4149220" lon="-5.0768877">
        <ele>38.6</ele>
        <time>2026-09-16T10:44:12.000Z</time>
        <speed>1.353</speed>
      </trkpt>
      <trkpt lat="50.4149144" lon="-5.0768195">
        <ele>38.6</ele>
        <time>2026-09-16T10:44:17.000Z</time>
        <speed>1.250</speed>
      </trkpt>
      <trkpt lat="50.4149096" lon="-5.0768145">
        <ele>39.0</ele>
        <time>2026-09-16T10:44:22.000Z</time>
        <speed>0.000</speed>
      </trkpt>
      <trkpt lat="50.4149096" lon="-5.0768145">
        <ele>39.8</ele>
        <time>2026-09-16T10:44:27.000Z</time>
        <speed>0.000</speed>
      </trkpt>
      <trkpt lat="50.4148853" lon="-5.0767735">
        <ele>39.2</ele>
        <time>2026-09-16T10:44:32.000Z</time>
        <speed>0.000</speed>
      </trkpt>
      <trkpt lat="50.4148454" lon="-5.0766957">
        <ele>39.4</ele>
        <time>2026-09-16T10:44:37.000Z</time>
        <speed>1.316</speed>
      </trkpt>
      <trkpt lat="50.4148204" lon="-5.0766402">
        <ele>39.2</ele>
        <time>2026-09-16T10:44:42.000Z</time>
        <speed>1.045</speed>
      </trkpt>
      <trkpt lat="50.4148107" lon="-5.0766151">
        <ele>39.0</ele>
        <time>2026-09-16T10:44:47.000Z</time>
        <speed>0.812</speed>
      </trkpt>
      <trkpt lat="50.4148108" lon="-5.0766154">
        <ele>38.8</ele>
        <time>2026-09-16T10:44:52.000Z</time>
        <speed>0.000</speed>
      </trkpt>
      <trkpt lat="50.4148108" lon="-5.0766154">
        <ele>39.8</ele>
        <time>2026-09-16T10:44:57.000Z</time>
        <speed>0.000</speed>
      </trkpt>
      <trkpt lat="50.4148108" lon="-5.0766154">
        <ele>39.4</ele>
        <time>2026-09-16T10:45:02.000Z</time>
        <speed>0.000</speed>
      </trkpt>
      <trkpt lat="50.4148108" lon="-5.0766154">
        <ele>39.4</ele>
        <time>2026-09-16T10:45:07.000Z</time>
        <speed>0.000</speed>
      </trkpt>
      <trkpt lat="50.4148108" lon="-5.0766154">
        <ele>39.0</ele>
        <time>2026-09-16T10:45:12.000Z</time>
        <speed>0.000</speed>
      </trkpt>
      <trkpt lat="50.4148108" lon="-5.0766154">
        <ele>39.0</ele>
        <time>2026-09-16T10:45:17.000Z</time>
        <speed>0.000</speed>
      </trkpt>
      <trkpt lat="50.4148108" lon="-5.0766154">
        <ele>39.8</ele>
        <time>2026-09-16T10:45:22.000Z</time>
        <speed>0.000</speed>
      </trkpt>
      <trkpt lat="50.4148340" lon="-5.0765962">
        <ele>39.8</ele>
        <time>2026-09-16T10:45:27.000Z</time>
        <speed>0.000</speed>
      </trkpt>
      <trkpt lat="50.4148772" lon="-5.0765495">
        <ele>39.0</ele>
        <time>2026-09-16T10:45:32.000Z</time>
        <speed>1.316</speed>
      </trkpt>
      <trkpt lat="50.4149126" lon="-5.0765043">
        <ele>38.8</ele>
        <time>2026-09-16T10:45:37.000Z</time>
        <speed>1.101</speed>
      </trkpt>
      <trkpt lat="50.4149600" lon="-5.0764323">
        <ele>38.8</ele>
        <time>2026-09-16T10:45:42.000Z</time>
        <speed>1.306</speed>
      </trkpt>
      <trkpt lat="50.4149982" lon="-5.0763653">
        <ele>38.0</ele>
        <time>2026-09-16T10:45:47.000Z</time>
        <speed>1.372</speed>
      </trkpt>
      <trkpt lat="50.4150378" lon="-5.0763302">
        <ele>36.4</ele>
        <time>2026-09-16T10:45:52.000Z</time>
        <speed>1.288</speed>
      </trkpt>
      <trkpt lat="50.4150985" lon="-5.0762747">
        <ele>36.4</ele>
        <time>2026-09-16T10:45:57.000Z</time>
        <speed>1.437</speed>
      </trkpt>
      <trkpt lat="50.4151417" lon="-5.0762164">
        <ele>36.8</ele>
        <time>2026-09-16T10:46:02.000Z</time>
        <speed>1.325</speed>
      </trkpt>
      <trkpt lat="50.4151984" lon="-5.0761308">
        <ele>37.2</ele>
        <time>2026-09-16T10:46:07.000Z</time>
        <speed>1.381</speed>
      </trkpt>
      <trkpt lat="50.4152305" lon="-5.0760413">
        <ele>37.2</ele>
        <time>2026-09-16T10:46:12.000Z</time>
        <speed>1.456</speed>
      </trkpt>
      <trkpt lat="50.4152509" lon="-5.0759568">
        <ele>36.8</ele>
        <time>2026-09-16T10:46:17.000Z</time>
        <speed>1.446</speed>
      </trkpt>
      <trkpt lat="50.4152495" lon="-5.0758580">
        <ele>36.8</ele>
        <time>2026-09-16T10:46:22.000Z</time>
        <speed>1.409</speed>
      </trkpt>
      <trkpt lat="50.4152759" lon="-5.0757854">
        <ele>36.8</ele>
        <time>2026-09-16T10:46:27.000Z</time>
        <speed>1.381</speed>
      </trkpt>
      <trkpt lat="50.4153197" lon="-5.0757212">
        <ele>36.6</ele>
        <time>2026-09-16T10:46:32.000Z</time>
        <speed>1.372</speed>
      </trkpt>
      <trkpt lat="50.4153819" lon="-5.0757031">
        <ele>36.2</ele>
        <time>2026-09-16T10:46:37.000Z</time>
        <speed>1.372</speed>
      </trkpt>
      <trkpt lat="50.4154372" lon="-5.0757021">
        <ele>36.0</ele>
        <time>2026-09-16T10:46:42.000Z</time>
        <speed>1.390</speed>
      </trkpt>
      <trkpt lat="50.4154827" lon="-5.0757000">
        <ele>35.6</ele>
        <time>2026-09-16T10:46:47.000Z</time>
        <speed>1.316</speed>
      </trkpt>
      <trkpt lat="50.4155234" lon="-5.0756999">
        <ele>36.0</ele>
        <time>2026-09-16T10:46:52.000Z</time>
        <speed>1.148</speed>
      </trkpt>
      <trkpt lat="50.4155551" lon="-5.0756894">
        <ele>35.2</ele>
        <time>2026-09-16T10:46:57.000Z</time>
        <speed>1.054</speed>
      </trkpt>
      <trkpt lat="50.4156039" lon="-5.0756733">
        <ele>35.8</ele>
        <time>2026-09-16T10:47:02.000Z</time>
        <speed>1.045</speed>
      </trkpt>
      <trkpt lat="50.4156746" lon="-5.0756191">
        <ele>35.8</ele>
        <time>2026-09-16T10:47:07.000Z</time>
        <speed>1.232</speed>
      </trkpt>
      <trkpt lat="50.4157384" lon="-5.0755566">
        <ele>36.0</ele>
        <time>2026-09-16T10:47:12.000Z</time>
        <speed>1.400</speed>
      </trkpt>
      <trkpt lat="50.4157833" lon="-5.0754839">
        <ele>36.4</ele>
        <time>2026-09-16T10:47:17.000Z</time>
        <speed>1.334</speed>
      </trkpt>
      <trkpt lat="50.4158358" lon="-5.0754321">
        <ele>36.2</ele>
        <time>2026-09-16T10:47:22.000Z</time>
        <speed>1.278</speed>
      </trkpt>
      <trkpt lat="50.4158930" lon="-5.0753770">
        <ele>35.8</ele>
        <time>2026-09-16T10:47:27.000Z</time>
        <speed>1.353</speed>
      </trkpt>
      <trkpt lat="50.4159610" lon="-5.0753238">
        <ele>36.4</ele>
        <time>2026-09-16T10:47:32.000Z</time>
        <speed>1.484</speed>
      </trkpt>
      <trkpt lat="50.4160068" lon="-5.0752270">
        <ele>35.8</ele>
        <time>2026-09-16T10:47:37.000Z</time>
        <speed>1.624</speed>
      </trkpt>
      <trkpt lat="50.4160128" lon="-5.0751286">
        <ele>36.8</ele>
        <time>2026-09-16T10:47:42.000Z</time>
        <speed>1.549</speed>
      </trkpt>
      <trkpt lat="50.4160291" lon="-5.0750698">
        <ele>36.0</ele>
        <time>2026-09-16T10:47:47.000Z</time>
        <speed>1.390</speed>
      </trkpt>
      <trkpt lat="50.4160642" lon="-5.0749818">
        <ele>35.2</ele>
        <time>2026-09-16T10:47:52.000Z</time>
        <speed>1.474</speed>
      </trkpt>
      <trkpt lat="50.4161004" lon="-5.0749382">
        <ele>35.2</ele>
        <time>2026-09-16T10:47:57.000Z</time>
        <speed>1.250</speed>
      </trkpt>
      <trkpt lat="50.4161253" lon="-5.0748698">
        <ele>34.2</ele>
        <time>2026-09-16T10:48:02.000Z</time>
        <speed>1.194</speed>
      </trkpt>
      <trkpt lat="50.4161617" lon="-5.0747753">
        <ele>35.4</ele>
        <time>2026-09-16T10:48:07.000Z</time>
        <speed>1.465</speed>
      </trkpt>
      <trkpt lat="50.4161810" lon="-5.0746695">
        <ele>36.2</ele>
        <time>2026-09-16T10:48:12.000Z</time>
        <speed>1.465</speed>
      </trkpt>
      <trkpt lat="50.4161861" lon="-5.0745800">
        <ele>36.4</ele>
        <time>2026-09-16T10:48:17.000Z</time>
        <speed>1.418</speed>
      </trkpt>
      <trkpt lat="50.4161838" lon="-5.0744699">
        <ele>36.8</ele>
        <time>2026-09-16T10:48:22.000Z</time>
        <speed>1.437</speed>
      </trkpt>
      <trkpt lat="50.4161941" lon="-5.0744019">
        <ele>36.6</ele>
        <time>2026-09-16T10:48:27.000Z</time>
        <speed>1.334</speed>
      </trkpt>
      <trkpt lat="50.4162031" lon="-5.0743458">
        <ele>36.4</ele>
        <time>2026-09-16T10:48:32.000Z</time>
        <speed>1.157</speed>
      </trkpt>
      <trkpt lat="50.4162464" lon="-5.0742706">
        <ele>37.2</ele>
        <time>2026-09-16T10:48:37.000Z</time>
        <speed>1.372</speed>
      </trkpt>
      <trkpt lat="50.4162911" lon="-5.0742122">
        <ele>37.6</ele>
        <time>2026-09-16T10:48:42.000Z</time>
        <speed>1.409</speed>
      </trkpt>
      <trkpt lat="50.4163244" lon="-5.0741873">
        <ele>37.2</ele>
        <time>2026-09-16T10:48:47.000Z</time>
        <speed>1.138</speed>
      </trkpt>
      <trkpt lat="50.4163801" lon="-5.0741371">
        <ele>39.2</ele>
        <time>2026-09-16T10:48:52.000Z</time>
        <speed>1.334</speed>
      </trkpt>
      <trkpt lat="50.4164085" lon="-5.0740314">
        <ele>37.4</ele>
        <time>2026-09-16T10:48:57.000Z</time>
        <speed>1.493</speed>
      </trkpt>
      <trkpt lat="50.4164277" lon="-5.0739280">
        <ele>37.2</ele>
        <time>2026-09-16T10:49:02.000Z</time>
        <speed>1.521</speed>
      </trkpt>
      <trkpt lat="50.4164439" lon="-5.0738289">
        <ele>37.4</ele>
        <time>2026-09-16T10:49:07.000Z</time>
        <speed>1.493</speed>
      </trkpt>
      <trkpt lat="50.4164661" lon="-5.0737523">
        <ele>37.4</ele>
        <time>2026-09-16T10:49:12.000Z</time>
        <speed>1.428</speed>
      </trkpt>
      <trkpt lat="50.4164947" lon="-5.0736623">
        <ele>37.6</ele>
        <time>2026-09-16T10:49:17.000Z</time>
        <speed>1.390</speed>
      </trkpt>
      <trkpt lat="50.4165265" lon="-5.0735717">
        <ele>38.0</ele>
        <time>2026-09-16T10:49:22.000Z</time>
        <speed>1.390</speed>
      </trkpt>
      <trkpt lat="50.4165679" lon="-5.0735096">
        <ele>38.2</ele>
        <time>2026-09-16T10:49:27.000Z</time>
        <speed>1.390</speed>
      </trkpt>
      <trkpt lat="50.4166168" lon="-5.0734211">
        <ele>38.4</ele>
        <time>2026-09-16T10:49:32.000Z</time>
        <speed>1.409</speed>
      </trkpt>
      <trkpt lat="50.4166364" lon="-5.0734066">
        <ele>38.6</ele>
        <time>2026-09-16T10:49:37.000Z</time>
        <speed>0.000</speed>
      </trkpt>
      <trkpt lat="50.4166463" lon="-5.0733730">
        <ele>38.6</ele>
        <time>2026-09-16T10:49:42.000Z</time>
        <speed>0.000</speed>
      </trkpt>
      <trkpt lat="50.4166763" lon="-5.0733021">
        <ele>38.6</ele>
        <time>2026-09-16T10:49:47.000Z</time>
        <speed>0.644</speed>
      </trkpt>
      <trkpt lat="50.4167073" lon="-5.0732149">
        <ele>39.2</ele>
        <time>2026-09-16T10:49:52.000Z</time>
        <speed>1.446</speed>
      </trkpt>
      <trkpt lat="50.4167380" lon="-5.0731357">
        <ele>39.2</ele>
        <time>2026-09-16T10:49:57.000Z</time>
        <speed>1.297</speed>
      </trkpt>
      <trkpt lat="50.4167715" lon="-5.0730490">
        <ele>40.2</ele>
        <time>2026-09-16T10:50:02.000Z</time>
        <speed>1.353</speed>
      </trkpt>
      <trkpt lat="50.4168039" lon="-5.0729740">
        <ele>40.0</ele>
        <time>2026-09-16T10:50:07.000Z</time>
        <speed>1.344</speed>
      </trkpt>
      <trkpt lat="50.4168322" lon="-5.0728809">
        <ele>41.2</ele>
        <time>2026-09-16T10:50:12.000Z</time>
        <speed>1.353</speed>
      </trkpt>
      <trkpt lat="50.4168655" lon="-5.0728037">
        <ele>40.6</ele>
        <time>2026-09-16T10:50:17.000Z</time>
        <speed>1.353</speed>
      </trkpt>
      <trkpt lat="50.4168986" lon="-5.0727154">
        <ele>40.0</ele>
        <time>2026-09-16T10:50:22.000Z</time>
        <speed>1.344</speed>
      </trkpt>
      <trkpt lat="50.4169357" lon="-5.0726294">
        <ele>39.6</ele>
        <time>2026-09-16T10:50:27.000Z</time>
        <speed>1.381</speed>
      </trkpt>
      <trkpt lat="50.4169690" lon="-5.0725427">
        <ele>39.6</ele>
        <time>2026-09-16T10:50:32.000Z</time>
        <speed>1.390</speed>
      </trkpt>
      <trkpt lat="50.4169982" lon="-5.0724457">
        <ele>39.0</ele>
        <time>2026-09-16T10:50:37.000Z</time>
        <speed>1.400</speed>
      </trkpt>
      <trkpt lat="50.4170374" lon="-5.0723731">
        <ele>39.2</ele>
        <time>2026-09-16T10:50:42.000Z</time>
        <speed>1.400</speed>
      </trkpt>
      <trkpt lat="50.4170659" lon="-5.0722839">
        <ele>39.4</ele>
        <time>2026-09-16T10:50:47.000Z</time>
        <speed>1.409</speed>
      </trkpt>
      <trkpt lat="50.4171213" lon="-5.0722220">
        <ele>39.8</ele>
        <time>2026-09-16T10:50:52.000Z</time>
        <speed>1.400</speed>
      </trkpt>
      <trkpt lat="50.4171653" lon="-5.0721477">
        <ele>39.2</ele>
        <time>2026-09-16T10:50:57.000Z</time>
        <speed>1.409</speed>
      </trkpt>
      <trkpt lat="50.4172114" lon="-5.0720635">
        <ele>39.2</ele>
        <time>2026-09-16T10:51:02.000Z</time>
        <speed>1.418</speed>
      </trkpt>
      <trkpt lat="50.4172642" lon="-5.0719901">
        <ele>39.4</ele>
        <time>2026-09-16T10:51:07.000Z</time>
        <speed>1.428</speed>
      </trkpt>
      <trkpt lat="50.4173069" lon="-5.0719236">
        <ele>39.4</ele>
        <time>2026-09-16T10:51:12.000Z</time>
        <speed>1.418</speed>
      </trkpt>
      <trkpt lat="50.4173453" lon="-5.0718623">
        <ele>39.8</ele>
        <time>2026-09-16T10:51:17.000Z</time>
        <speed>1.409</speed>
      </trkpt>
      <trkpt lat="50.4173881" lon="-5.0717959">
        <ele>40.2</ele>
        <time>2026-09-16T10:51:22.000Z</time>
        <speed>1.400</speed>
      </trkpt>
      <trkpt lat="50.4174283" lon="-5.0717343">
        <ele>40.8</ele>
        <time>2026-09-16T10:51:27.000Z</time>
        <speed>1.372</speed>
      </trkpt>
      <trkpt lat="50.4174886" lon="-5.0716981">
        <ele>41.4</ele>
        <time>2026-09-16T10:51:32.000Z</time>
        <speed>1.362</speed>
      </trkpt>
      <trkpt lat="50.4175378" lon="-5.0716681">
        <ele>41.4</ele>
        <time>2026-09-16T10:51:37.000Z</time>
        <speed>1.353</speed>
      </trkpt>
      <trkpt lat="50.4175633" lon="-5.0716306">
        <ele>41.8</ele>
        <time>2026-09-16T10:51:42.000Z</time>
        <speed>1.288</speed>
      </trkpt>
      <trkpt lat="50.4175574" lon="-5.0716326">
        <ele>41.2</ele>
        <time>2026-09-16T10:51:47.000Z</time>
        <speed>0.000</speed>
      </trkpt>
      <trkpt lat="50.4175574" lon="-5.0716326">
        <ele>41.0</ele>
        <time>2026-09-16T10:51:52.000Z</time>
        <speed>0.000</speed>
      </trkpt>
      <trkpt lat="50.4175574" lon="-5.0716326">
        <ele>41.0</ele>
        <time>2026-09-16T10:51:57.000Z</time>
        <speed>0.000</speed>
      </trkpt>
      <trkpt lat="50.4175574" lon="-5.0716326">
        <ele>40.8</ele>
        <time>2026-09-16T10:52:02.000Z</time>
        <speed>0.000</speed>
      </trkpt>
      <trkpt lat="50.4175574" lon="-5.0716326">
        <ele>41.0</ele>
        <time>2026-09-16T10:52:07.000Z</time>
        <speed>0.000</speed>
      </trkpt>
      <trkpt lat="50.4175574" lon="-5.0716326">
        <ele>40.8</ele>
        <time>2026-09-16T10:52:12.000Z</time>
        <speed>0.000</speed>
      </trkpt>
      <trkpt lat="50.4175574" lon="-5.0716326">
        <ele>41.0</ele>
        <time>2026-09-16T10:52:17.000Z</time>
        <speed>0.000</speed>
      </trkpt>
      <trkpt lat="50.4175640" lon="-5.0716347">
        <ele>40.6</ele>
        <time>2026-09-16T10:52:22.000Z</time>
        <speed>0.000</speed>
      </trkpt>
      <trkpt lat="50.4175942" lon="-5.0716128">
        <ele>40.4</ele>
        <time>2026-09-16T10:52:27.000Z</time>
        <speed>0.000</speed>
      </trkpt>
      <trkpt lat="50.4175885" lon="-5.0716113">
        <ele>40.6</ele>
        <time>2026-09-16T10:52:32.000Z</time>
        <speed>0.000</speed>
      </trkpt>
      <trkpt lat="50.4175885" lon="-5.0716113">
        <ele>40.6</ele>
        <time>2026-09-16T10:52:37.000Z</time>
        <speed>0.000</speed>
      </trkpt>
      <trkpt lat="50.4175885" lon="-5.0716113">
        <ele>40.8</ele>
        <time>2026-09-16T10:52:42.000Z</time>
        <speed>0.000</speed>
      </trkpt>
      <trkpt lat="50.4175885" lon="-5.0716113">
        <ele>40.8</ele>
        <time>2026-09-16T10:52:47.000Z</time>
        <speed>0.000</speed>
      </trkpt>
      <trkpt lat="50.4175885" lon="-5.0716113">
        <ele>40.6</ele>
        <time>2026-09-16T10:52:52.000Z</time>
        <speed>0.000</speed>
      </trkpt>
      <trkpt lat="50.4175885" lon="-5.0716113">
        <ele>40.4</ele>
        <time>2026-09-16T10:52:57.000Z</time>
        <speed>0.000</speed>
      </trkpt>
      <trkpt lat="50.4175885" lon="-5.0716113">
        <ele>40.4</ele>
        <time>2026-09-16T10:53:02.000Z</time>
        <speed>0.000</speed>
      </trkpt>
      <trkpt lat="50.4175885" lon="-5.0716113">
        <ele>40.4</ele>
        <time>2026-09-16T10:53:07.000Z</time>
        <speed>0.000</speed>
      </trkpt>
      <trkpt lat="50.4175885" lon="-5.0716113">
        <ele>40.4</ele>
        <time>2026-09-16T10:53:12.000Z</time>
        <speed>0.000</speed>
      </trkpt>
      <trkpt lat="50.4175885" lon="-5.0716113">
        <ele>40.0</ele>
        <time>2026-09-16T10:53:17.000Z</time>
        <speed>0.000</speed>
      </trkpt>
      <trkpt lat="50.4175885" lon="-5.0716113">
        <ele>40.0</ele>
        <time>2026-09-16T10:53:22.000Z</time>
        <speed>0.000</speed>
      </trkpt>
      <trkpt lat="50.4175885" lon="-5.0716113">
        <ele>40.4</ele>
        <time>2026-09-16T10:53:27.000Z</time>
        <speed>0.000</speed>
      </trkpt>
      <trkpt lat="50.4175885" lon="-5.0716113">
        <ele>40.0</ele>
        <time>2026-09-16T10:53:32.000Z</time>
        <speed>0.000</speed>
      </trkpt>
      <trkpt lat="50.4175885" lon="-5.0716113">
        <ele>40.0</ele>
        <time>2026-09-16T10:53:37.000Z</time>
        <speed>0.000</speed>
      </trkpt>
      <trkpt lat="50.4175885" lon="-5.0716113">
        <ele>39.8</ele>
        <time>2026-09-16T10:53:42.000Z</time>
        <speed>0.000</speed>
      </trkpt>
      <trkpt lat="50.4175885" lon="-5.0716113">
        <ele>40.2</ele>
        <time>2026-09-16T10:53:47.000Z</time>
        <speed>0.000</speed>
      </trkpt>
      <trkpt lat="50.4175885" lon="-5.0716113">
        <ele>40.2</ele>
        <time>2026-09-16T10:53:52.000Z</time>
        <speed>0.000</speed>
      </trkpt>
      <trkpt lat="50.4175885" lon="-5.0716113">
        <ele>40.4</ele>
        <time>2026-09-16T10:53:57.000Z</time>
        <speed>0.000</speed>
      </trkpt>
      <trkpt lat="50.4175883" lon="-5.0716117">
        <ele>40.2</ele>
        <time>2026-09-16T10:54:02.000Z</time>
        <speed>0.000</speed>
      </trkpt>
      <trkpt lat="50.4175887" lon="-5.0716181">
        <ele>40.4</ele>
        <time>2026-09-16T10:54:07.000Z</time>
        <speed>0.000</speed>
      </trkpt>
      <trkpt lat="50.4175948" lon="-5.0716081">
        <ele>40.0</ele>
        <time>2026-09-16T10:54:12.000Z</time>
        <speed>0.000</speed>
      </trkpt>
      <trkpt lat="50.4175885" lon="-5.0716113">
        <ele>40.2</ele>
        <time>2026-09-16T10:54:17.000Z</time>
        <speed>0.000</speed>
      </trkpt>
      <trkpt lat="50.4175885" lon="-5.0716113">
        <ele>40.2</ele>
        <time>2026-09-16T10:54:22.000Z</time>
        <speed>0.000</speed>
      </trkpt>
      <trkpt lat="50.4175885" lon="-5.0716113">
        <ele>40.0</ele>
        <time>2026-09-16T10:54:27.000Z</time>
        <speed>0.000</speed>
      </trkpt>
      <trkpt lat="50.4175885" lon="-5.0716113">
        <ele>40.0</ele>
        <time>2026-09-16T10:54:32.000Z</time>
        <speed>0.000</speed>
      </trkpt>
      <trkpt lat="50.4175885" lon="-5.0716113">
        <ele>39.6</ele>
        <time>2026-09-16T10:54:37.000Z</time>
        <speed>0.000</speed>
      </trkpt>
      <trkpt lat="50.4175885" lon="-5.0716113">
        <ele>39.8</ele>
        <time>2026-09-16T10:54:42.000Z</time>
        <speed>0.000</speed>
      </trkpt>
      <trkpt lat="50.4175987" lon="-5.0716057">
        <ele>39.6</ele>
        <time>2026-09-16T10:54:47.000Z</time>
        <speed>0.000</speed>
      </trkpt>
      <trkpt lat="50.4175902" lon="-5.0716145">
        <ele>39.6</ele>
        <time>2026-09-16T10:54:52.000Z</time>
        <speed>0.000</speed>
      </trkpt>
      <trkpt lat="50.4175712" lon="-5.0716284">
        <ele>39.2</ele>
        <time>2026-09-16T10:54:57.000Z</time>
        <speed>0.000</speed>
      </trkpt>
      <trkpt lat="50.4175718" lon="-5.0716558">
        <ele>40.2</ele>
        <time>2026-09-16T10:55:02.000Z</time>
        <speed>0.000</speed>
      </trkpt>
      <trkpt lat="50.4175818" lon="-5.0716722">
        <ele>39.6</ele>
        <time>2026-09-16T10:55:07.000Z</time>
        <speed>0.000</speed>
      </trkpt>
      <trkpt lat="50.4175815" lon="-5.0716719">
        <ele>38.6</ele>
        <time>2026-09-16T10:55:12.000Z</time>
        <speed>0.000</speed>
      </trkpt>
      <trkpt lat="50.4175815" lon="-5.0716719">
        <ele>39.0</ele>
        <time>2026-09-16T10:55:17.000Z</time>
        <speed>0.000</speed>
      </trkpt>
      <trkpt lat="50.4175815" lon="-5.0716719">
        <ele>38.8</ele>
        <time>2026-09-16T10:55:22.000Z</time>
        <speed>0.000</speed>
      </trkpt>
      <trkpt lat="50.4175797" lon="-5.0716735">
        <ele>39.6</ele>
        <time>2026-09-16T10:55:27.000Z</time>
        <speed>0.000</speed>
      </trkpt>
      <trkpt lat="50.4175293" lon="-5.0717059">
        <ele>39.8</ele>
        <time>2026-09-16T10:55:32.000Z</time>
        <speed>0.830</speed>
      </trkpt>
      <trkpt lat="50.4174729" lon="-5.0717170">
        <ele>39.0</ele>
        <time>2026-09-16T10:55:37.000Z</time>
        <speed>1.241</speed>
      </trkpt>
      <trkpt lat="50.4174238" lon="-5.0717508">
        <ele>38.6</ele>
        <time>2026-09-16T10:55:42.000Z</time>
        <speed>1.334</speed>
      </trkpt>
      <trkpt lat="50.4174028" lon="-5.0717744">
        <ele>38.2</ele>
        <time>2026-09-16T10:55:47.000Z</time>
        <speed>1.334</speed>
      </trkpt>
      <trkpt lat="50.4174021" lon="-5.0717692">
        <ele>37.6</ele>
        <time>2026-09-16T10:55:52.000Z</time>
        <speed>1.166</speed>
      </trkpt>
      <trkpt lat="50.4174021" lon="-5.0717692">
        <ele>37.4</ele>
        <time>2026-09-16T10:55:57.000Z</time>
        <speed>0.000</speed>
      </trkpt>
      <trkpt lat="50.4174021" lon="-5.0717692">
        <ele>36.4</ele>
        <time>2026-09-16T10:56:02.000Z</time>
        <speed>0.000</speed>
      </trkpt>
      <trkpt lat="50.4174021" lon="-5.0717692">
        <ele>37.0</ele>
        <time>2026-09-16T10:56:07.000Z</time>
        <speed>0.000</speed>
      </trkpt>
      <trkpt lat="50.4174021" lon="-5.0717692">
        <ele>37.2</ele>
        <time>2026-09-16T10:56:12.000Z</time>
        <speed>0.000</speed>
      </trkpt>
      <trkpt lat="50.4174021" lon="-5.0717692">
        <ele>37.0</ele>
        <time>2026-09-16T10:56:17.000Z</time>
        <speed>0.000</speed>
      </trkpt>
      <trkpt lat="50.4174021" lon="-5.0717692">
        <ele>36.8</ele>
        <time>2026-09-16T10:56:22.000Z</time>
        <speed>0.000</speed>
      </trkpt>
      <trkpt lat="50.4174021" lon="-5.0717692">
        <ele>37.0</ele>
        <time>2026-09-16T10:56:27.000Z</time>
        <speed>0.000</speed>
      </trkpt>
      <trkpt lat="50.4174021" lon="-5.0717692">
        <ele>36.8</ele>
        <time>2026-09-16T10:56:32.000Z</time>
        <speed>0.000</speed>
      </trkpt>
      <trkpt lat="50.4174021" lon="-5.0717692">
        <ele>36.8</ele>
        <time>2026-09-16T10:56:37.000Z</time>
        <speed>0.000</speed>
      </trkpt>
      <trkpt lat="50.4174021" lon="-5.0717692">
        <ele>36.8</ele>
        <time>2026-09-16T10:56:42.000Z</time>
        <speed>0.000</speed>
      </trkpt>
      <trkpt lat="50.4174021" lon="-5.0717692">
        <ele>37.0</ele>
        <time>2026-09-16T10:56:47.000Z</time>
        <speed>0.000</speed>
      </trkpt>
      <trkpt lat="50.4174021" lon="-5.0717692">
        <ele>37.0</ele>
        <time>2026-09-16T10:56:52.000Z</time>
        <speed>0.000</speed>
      </trkpt>
      <trkpt lat="50.4174021" lon="-5.0717692">
        <ele>36.8</ele>
        <time>2026-09-16T10:56:57.000Z</time>
        <speed>0.000</speed>
      </trkpt>
      <trkpt lat="50.4174021" lon="-5.0717692">
        <ele>36.8</ele>
        <time>2026-09-16T10:57:02.000Z</time>
        <speed>0.000</speed>
      </trkpt>
      <trkpt lat="50.4174021" lon="-5.0717692">
        <ele>36.8</ele>
        <time>2026-09-16T10:57:07.000Z</time>
        <speed>0.000</speed>
      </trkpt>
      <trkpt lat="50.4174021" lon="-5.0717692">
        <ele>36.6</ele>
        <time>2026-09-16T10:57:12.000Z</time>
        <speed>0.000</speed>
      </trkpt>
      <trkpt lat="50.4174021" lon="-5.0717692">
        <ele>37.0</ele>
        <time>2026-09-16T10:57:17.000Z</time>
        <speed>0.000</speed>
      </trkpt>
      <trkpt lat="50.4174021" lon="-5.0717692">
        <ele>37.0</ele>
        <time>2026-09-16T10:57:22.000Z</time>
        <speed>0.000</speed>
      </trkpt>
      <trkpt lat="50.4174021" lon="-5.0717692">
        <ele>36.6</ele>
        <time>2026-09-16T10:57:27.000Z</time>
        <speed>0.000</speed>
      </trkpt>
      <trkpt lat="50.4174021" lon="-5.0717692">
        <ele>37.0</ele>
        <time>2026-09-16T10:57:32.000Z</time>
        <speed>0.000</speed>
      </trkpt>
      <trkpt lat="50.4174021" lon="-5.0717692">
        <ele>37.2</ele>
        <time>2026-09-16T10:57:37.000Z</time>
        <speed>0.000</speed>
      </trkpt>
      <trkpt lat="50.4174075" lon="-5.0717682">
        <ele>37.6</ele>
        <time>2026-09-16T10:57:42.000Z</time>
        <speed>0.000</speed>
      </trkpt>
      <trkpt lat="50.4174021" lon="-5.0717692">
        <ele>37.4</ele>
        <time>2026-09-16T10:57:47.000Z</time>
        <speed>0.000</speed>
      </trkpt>
      <trkpt lat="50.4174021" lon="-5.0717692">
        <ele>37.2</ele>
        <time>2026-09-16T10:57:52.000Z</time>
        <speed>0.000</speed>
      </trkpt>
      <trkpt lat="50.4174021" lon="-5.0717692">
        <ele>37.8</ele>
        <time>2026-09-16T10:57:57.000Z</time>
        <speed>0.000</speed>
      </trkpt>
      <trkpt lat="50.4174021" lon="-5.0717692">
        <ele>37.4</ele>
        <time>2026-09-16T10:58:02.000Z</time>
        <speed>0.000</speed>
      </trkpt>
      <trkpt lat="50.4174021" lon="-5.0717692">
        <ele>37.2</ele>
        <time>2026-09-16T10:58:07.000Z</time>
        <speed>0.000</speed>
      </trkpt>
      <trkpt lat="50.4174021" lon="-5.0717692">
        <ele>37.4</ele>
        <time>2026-09-16T10:58:12.000Z</time>
        <speed>0.000</speed>
      </trkpt>
      <trkpt lat="50.4174021" lon="-5.0717692">
        <ele>37.4</ele>
        <time>2026-09-16T10:58:17.000Z</time>
        <speed>0.000</speed>
      </trkpt>
      <trkpt lat="50.4174021" lon="-5.0717692">
        <ele>37.6</ele>
        <time>2026-09-16T10:58:22.000Z</time>
        <speed>0.000</speed>
      </trkpt>
      <trkpt lat="50.4174021" lon="-5.0717692">
        <ele>37.4</ele>
        <time>2026-09-16T10:58:27.000Z</time>
        <speed>0.000</speed>
      </trkpt>
      <trkpt lat="50.4174021" lon="-5.0717692">
        <ele>37.6</ele>
        <time>2026-09-16T10:58:32.000Z</time>
        <speed>0.000</speed>
      </trkpt>
      <trkpt lat="50.4174021" lon="-5.0717692">
        <ele>37.6</ele>
        <time>2026-09-16T10:58:37.000Z</time>
        <speed>0.000</speed>
      </trkpt>
      <trkpt lat="50.4174021" lon="-5.0717692">
        <ele>37.4</ele>
        <time>2026-09-16T10:58:42.000Z</time>
        <speed>0.000</speed>
      </trkpt>
      <trkpt lat="50.4174021" lon="-5.0717692">
        <ele>37.2</ele>
        <time>2026-09-16T10:58:47.000Z</time>
        <speed>0.000</speed>
      </trkpt>
      <trkpt lat="50.4174021" lon="-5.0717692">
        <ele>37.6</ele>
        <time>2026-09-16T10:58:52.000Z</time>
        <speed>0.000</speed>
      </trkpt>
      <trkpt lat="50.4174021" lon="-5.0717692">
        <ele>37.0</ele>
        <time>2026-09-16T10:58:57.000Z</time>
        <speed>0.000</speed>
      </trkpt>
      <trkpt lat="50.4174021" lon="-5.0717692">
        <ele>37.4</ele>
        <time>2026-09-16T10:59:02.000Z</time>
        <speed>0.000</speed>
      </trkpt>
      <trkpt lat="50.4174021" lon="-5.0717692">
        <ele>37.4</ele>
        <time>2026-09-16T10:59:07.000Z</time>
        <speed>0.000</speed>
      </trkpt>
      <trkpt lat="50.4174021" lon="-5.0717692">
        <ele>37.2</ele>
        <time>2026-09-16T10:59:12.000Z</time>
        <speed>0.000</speed>
      </trkpt>
      <trkpt lat="50.4174021" lon="-5.0717692">
        <ele>37.2</ele>
        <time>2026-09-16T10:59:17.000Z</time>
        <speed>0.000</speed>
      </trkpt>
      <trkpt lat="50.4174021" lon="-5.0717692">
        <ele>37.2</ele>
        <time>2026-09-16T10:59:22.000Z</time>
        <speed>0.000</speed>
      </trkpt>
      <trkpt lat="50.4174021" lon="-5.0717692">
        <ele>37.0</ele>
        <time>2026-09-16T10:59:27.000Z</time>
        <speed>0.000</speed>
      </trkpt>
      <trkpt lat="50.4174021" lon="-5.0717692">
        <ele>37.0</ele>
        <time>2026-09-16T10:59:32.000Z</time>
        <speed>0.000</speed>
      </trkpt>
      <trkpt lat="50.4174021" lon="-5.0717692">
        <ele>37.2</ele>
        <time>2026-09-16T10:59:37.000Z</time>
        <speed>0.000</speed>
      </trkpt>
      <trkpt lat="50.4174021" lon="-5.0717692">
        <ele>37.2</ele>
        <time>2026-09-16T10:59:42.000Z</time>
        <speed>0.000</speed>
      </trkpt>
      <trkpt lat="50.4174021" lon="-5.0717692">
        <ele>37.0</ele>
        <time>2026-09-16T10:59:47.000Z</time>
        <speed>0.000</speed>
      </trkpt>
      <trkpt lat="50.4174021" lon="-5.0717692">
        <ele>36.8</ele>
        <time>2026-09-16T10:59:52.000Z</time>
        <speed>0.000</speed>
      </trkpt>
      <trkpt lat="50.4174021" lon="-5.0717692">
        <ele>37.0</ele>
        <time>2026-09-16T10:59:57.000Z</time>
        <speed>0.000</speed>
      </trkpt>
      <trkpt lat="50.4174021" lon="-5.0717692">
        <ele>37.2</ele>
        <time>2026-09-16T11:00:02.000Z</time>
        <speed>0.000</speed>
      </trkpt>
      <trkpt lat="50.4174021" lon="-5.0717692">
        <ele>37.4</ele>
        <time>2026-09-16T11:00:07.000Z</time>
        <speed>0.000</speed>
      </trkpt>
      <trkpt lat="50.4174021" lon="-5.0717692">
        <ele>37.4</ele>
        <time>2026-09-16T11:00:12.000Z</time>
        <speed>0.000</speed>
      </trkpt>
      <trkpt lat="50.4174021" lon="-5.0717692">
        <ele>37.2</ele>
        <time>2026-09-16T11:00:17.000Z</time>
        <speed>0.000</speed>
      </trkpt>
      <trkpt lat="50.4174021" lon="-5.0717692">
        <ele>37.2</ele>
        <time>2026-09-16T11:00:22.000Z</time>
        <speed>0.000</speed>
      </trkpt>
      <trkpt lat="50.4174021" lon="-5.0717692">
        <ele>37.2</ele>
        <time>2026-09-16T11:00:27.000Z</time>
        <speed>0.000</speed>
      </trkpt>
      <trkpt lat="50.4174021" lon="-5.0717692">
        <ele>37.0</ele>
        <time>2026-09-16T11:00:32.000Z</time>
        <speed>0.000</speed>
      </trkpt>
      <trkpt lat="50.4174021" lon="-5.0717692">
        <ele>37.0</ele>
        <time>2026-09-16T11:00:37.000Z</time>
        <speed>0.000</speed>
      </trkpt>
      <trkpt lat="50.4174021" lon="-5.0717692">
        <ele>37.0</ele>
        <time>2026-09-16T11:00:42.000Z</time>
        <speed>0.000</speed>
      </trkpt>
      <trkpt lat="50.4174021" lon="-5.0717692">
        <ele>37.0</ele>
        <time>2026-09-16T11:00:47.000Z</time>
        <speed>0.000</speed>
      </trkpt>
      <trkpt lat="50.4174021" lon="-5.0717692">
        <ele>36.8</ele>
        <time>2026-09-16T11:00:52.000Z</time>
        <speed>0.000</speed>
      </trkpt>
      <trkpt lat="50.4174021" lon="-5.0717692">
        <ele>37.0</ele>
        <time>2026-09-16T11:00:57.000Z</time>
        <speed>0.000</speed>
      </trkpt>
      <trkpt lat="50.4174021" lon="-5.0717692">
        <ele>37.0</ele>
        <time>2026-09-16T11:01:02.000Z</time>
        <speed>0.000</speed>
      </trkpt>
      <trkpt lat="50.4174075" lon="-5.0717658">
        <ele>37.6</ele>
        <time>2026-09-16T11:01:07.000Z</time>
        <speed>0.000</speed>
      </trkpt>
      <trkpt lat="50.4174311" lon="-5.0718209">
        <ele>37.6</ele>
        <time>2026-09-16T11:01:12.000Z</time>
        <speed>0.495</speed>
      </trkpt>
      <trkpt lat="50.4174157" lon="-5.0718778">
        <ele>37.0</ele>
        <time>2026-09-16T11:01:17.000Z</time>
        <speed>1.232</speed>
      </trkpt>
      <trkpt lat="50.4174179" lon="-5.0718775">
        <ele>36.6</ele>
        <time>2026-09-16T11:01:22.000Z</time>
        <speed>0.000</speed>
      </trkpt>
      <trkpt lat="50.4174136" lon="-5.0718820">
        <ele>36.8</ele>
        <time>2026-09-16T11:01:27.000Z</time>
        <speed>0.000</speed>
      </trkpt>
      <trkpt lat="50.4173887" lon="-5.0718060">
        <ele>37.6</ele>
        <time>2026-09-16T11:01:32.000Z</time>
        <speed>0.690</speed>
      </trkpt>
      <trkpt lat="50.4173849" lon="-5.0717554">
        <ele>37.6</ele>
        <time>2026-09-16T11:01:37.000Z</time>
        <speed>0.737</speed>
      </trkpt>
      <trkpt lat="50.4173874" lon="-5.0717543">
        <ele>37.6</ele>
        <time>2026-09-16T11:01:42.000Z</time>
        <speed>0.000</speed>
      </trkpt>
      <trkpt lat="50.4173874" lon="-5.0717543">
        <ele>37.6</ele>
        <time>2026-09-16T11:01:47.000Z</time>
        <speed>0.000</speed>
      </trkpt>
      <trkpt lat="50.4173874" lon="-5.0717543">
        <ele>37.2</ele>
        <time>2026-09-16T11:01:52.000Z</time>
        <speed>0.000</speed>
      </trkpt>
      <trkpt lat="50.4173874" lon="-5.0717543">
        <ele>37.2</ele>
        <time>2026-09-16T11:01:57.000Z</time>
        <speed>0.000</speed>
      </trkpt>
      <trkpt lat="50.4173874" lon="-5.0717543">
        <ele>38.0</ele>
        <time>2026-09-16T11:02:02.000Z</time>
        <speed>0.000</speed>
      </trkpt>
      <trkpt lat="50.4173874" lon="-5.0717543">
        <ele>37.6</ele>
        <time>2026-09-16T11:02:07.000Z</time>
        <speed>0.000</speed>
      </trkpt>
      <trkpt lat="50.4173917" lon="-5.0717592">
        <ele>37.8</ele>
        <time>2026-09-16T11:02:12.000Z</time>
        <speed>0.289</speed>
      </trkpt>
      <trkpt lat="50.4173874" lon="-5.0717543">
        <ele>37.8</ele>
        <time>2026-09-16T11:02:17.000Z</time>
        <speed>0.000</speed>
      </trkpt>
      <trkpt lat="50.4173874" lon="-5.0717543">
        <ele>37.6</ele>
        <time>2026-09-16T11:02:22.000Z</time>
        <speed>0.000</speed>
      </trkpt>
      <trkpt lat="50.4173874" lon="-5.0717543">
        <ele>37.4</ele>
        <time>2026-09-16T11:02:27.000Z</time>
        <speed>0.000</speed>
      </trkpt>
      <trkpt lat="50.4173874" lon="-5.0717543">
        <ele>37.6</ele>
        <time>2026-09-16T11:02:32.000Z</time>
        <speed>0.000</speed>
      </trkpt>
      <trkpt lat="50.4173874" lon="-5.0717543">
        <ele>38.0</ele>
        <time>2026-09-16T11:02:37.000Z</time>
        <speed>0.000</speed>
      </trkpt>
      <trkpt lat="50.4173874" lon="-5.0717543">
        <ele>38.0</ele>
        <time>2026-09-16T11:02:42.000Z</time>
        <speed>0.000</speed>
      </trkpt>
      <trkpt lat="50.4173874" lon="-5.0717543">
        <ele>37.8</ele>
        <time>2026-09-16T11:02:47.000Z</time>
        <speed>0.000</speed>
      </trkpt>
      <trkpt lat="50.4173874" lon="-5.0717543">
        <ele>37.6</ele>
        <time>2026-09-16T11:02:52.000Z</time>
        <speed>0.000</speed>
      </trkpt>
      <trkpt lat="50.4173876" lon="-5.0717546">
        <ele>37.4</ele>
        <time>2026-09-16T11:02:57.000Z</time>
        <speed>0.000</speed>
      </trkpt>
      <trkpt lat="50.4173876" lon="-5.0717546">
        <ele>37.6</ele>
        <time>2026-09-16T11:03:02.000Z</time>
        <speed>0.000</speed>
      </trkpt>
      <trkpt lat="50.4173876" lon="-5.0717546">
        <ele>37.8</ele>
        <time>2026-09-16T11:03:07.000Z</time>
        <speed>0.000</speed>
      </trkpt>
      <trkpt lat="50.4174042" lon="-5.0717889">
        <ele>35.8</ele>
        <time>2026-09-16T11:07:40.000Z</time>
        <speed>0.000</speed>
      </trkpt>
      <trkpt lat="50.4174042" lon="-5.0717889">
        <ele>36.0</ele>
        <time>2026-09-16T11:07:45.000Z</time>
        <speed>0.000</speed>
      </trkpt>
      <trkpt lat="50.4174042" lon="-5.0717889">
        <ele>36.0</ele>
        <time>2026-09-16T11:07:50.000Z</time>
        <speed>0.000</speed>
      </trkpt>
      <trkpt lat="50.4174042" lon="-5.0717889">
        <ele>35.8</ele>
        <time>2026-09-16T11:07:55.000Z</time>
        <speed>0.000</speed>
      </trkpt>
      <trkpt lat="50.4174042" lon="-5.0717889">
        <ele>35.8</ele>
        <time>2026-09-16T11:08:00.000Z</time>
        <speed>0.000</speed>
      </trkpt>
      <trkpt lat="50.4174042" lon="-5.0717889">
        <ele>36.2</ele>
        <time>2026-09-16T11:08:05.000Z</time>
        <speed>0.000</speed>
      </trkpt>
      <trkpt lat="50.4174042" lon="-5.0717889">
        <ele>36.0</ele>
        <time>2026-09-16T11:08:10.000Z</time>
        <speed>0.000</speed>
      </trkpt>
      <trkpt lat="50.4174042" lon="-5.0717889">
        <ele>35.8</ele>
        <time>2026-09-16T11:08:15.000Z</time>
        <speed>0.000</speed>
      </trkpt>
      <trkpt lat="50.4174042" lon="-5.0717889">
        <ele>36.2</ele>
        <time>2026-09-16T11:08:20.000Z</time>
        <speed>0.000</speed>
      </trkpt>
      <trkpt lat="50.4174042" lon="-5.0717889">
        <ele>36.0</ele>
        <time>2026-09-16T11:08:25.000Z</time>
        <speed>0.000</speed>
      </trkpt>
      <trkpt lat="50.4174042" lon="-5.0717889">
        <ele>36.2</ele>
        <time>2026-09-16T11:08:30.000Z</time>
        <speed>0.000</speed>
      </trkpt>
      <trkpt lat="50.4174042" lon="-5.0717889">
        <ele>36.2</ele>
        <time>2026-09-16T11:08:35.000Z</time>
        <speed>0.000</speed>
      </trkpt>
      <trkpt lat="50.4174042" lon="-5.0717889">
        <ele>36.4</ele>
        <time>2026-09-16T11:08:40.000Z</time>
        <speed>0.000</speed>
      </trkpt>
      <trkpt lat="50.4174042" lon="-5.0717889">
        <ele>36.4</ele>
        <time>2026-09-16T11:08:45.000Z</time>
        <speed>0.000</speed>
      </trkpt>
      <trkpt lat="50.4174042" lon="-5.0717889">
        <ele>36.0</ele>
        <time>2026-09-16T11:08:50.000Z</time>
        <speed>0.000</speed>
      </trkpt>
      <trkpt lat="50.4173955" lon="-5.0717672">
        <ele>37.0</ele>
        <time>2026-09-16T11:08:55.000Z</time>
        <speed>0.000</speed>
      </trkpt>
      <trkpt lat="50.4173910" lon="-5.0717585">
        <ele>37.2</ele>
        <time>2026-09-16T11:09:00.000Z</time>
        <speed>0.000</speed>
      </trkpt>
      <trkpt lat="50.4173930" lon="-5.0717500">
        <ele>37.0</ele>
        <time>2026-09-16T11:09:05.000Z</time>
        <speed>0.000</speed>
      </trkpt>
      <trkpt lat="50.4174061" lon="-5.0717597">
        <ele>36.4</ele>
        <time>2026-09-16T11:09:10.000Z</time>
        <speed>0.000</speed>
      </trkpt>
      <trkpt lat="50.4174406" lon="-5.0717264">
        <ele>36.2</ele>
        <time>2026-09-16T11:09:15.000Z</time>
        <speed>0.000</speed>
      </trkpt>
      <trkpt lat="50.4174992" lon="-5.0717130">
        <ele>36.8</ele>
        <time>2026-09-16T11:09:20.000Z</time>
        <speed>0.317</speed>
      </trkpt>
      <trkpt lat="50.4175450" lon="-5.0717159">
        <ele>37.4</ele>
        <time>2026-09-16T11:09:25.000Z</time>
        <speed>1.176</speed>
      </trkpt>
      <trkpt lat="50.4175974" lon="-5.0717175">
        <ele>37.8</ele>
        <time>2026-09-16T11:09:30.000Z</time>
        <speed>1.241</speed>
      </trkpt>
      <trkpt lat="50.4176441" lon="-5.0717111">
        <ele>37.6</ele>
        <time>2026-09-16T11:09:35.000Z</time>
        <speed>1.194</speed>
      </trkpt>
      <trkpt lat="50.4176921" lon="-5.0717086">
        <ele>37.8</ele>
        <time>2026-09-16T11:09:40.000Z</time>
        <speed>1.166</speed>
      </trkpt>
      <trkpt lat="50.4177191" lon="-5.0716901">
        <ele>38.2</ele>
        <time>2026-09-16T11:09:45.000Z</time>
        <speed>1.120</speed>
      </trkpt>
      <trkpt lat="50.4177520" lon="-5.0716234">
        <ele>38.8</ele>
        <time>2026-09-16T11:09:50.000Z</time>
        <speed>1.092</speed>
      </trkpt>
      <trkpt lat="50.4177806" lon="-5.0715570">
        <ele>38.0</ele>
        <time>2026-09-16T11:09:55.000Z</time>
        <speed>1.120</speed>
      </trkpt>
      <trkpt lat="50.4177776" lon="-5.0714805">
        <ele>38.4</ele>
        <time>2026-09-16T11:10:00.000Z</time>
        <speed>1.138</speed>
      </trkpt>
      <trkpt lat="50.4177828" lon="-5.0714140">
        <ele>38.2</ele>
        <time>2026-09-16T11:10:05.000Z</time>
        <speed>1.157</speed>
      </trkpt>
      <trkpt lat="50.4177807" lon="-5.0713711">
        <ele>38.8</ele>
        <time>2026-09-16T11:10:10.000Z</time>
        <speed>1.054</speed>
      </trkpt>
      <trkpt lat="50.4178249" lon="-5.0714075">
        <ele>36.6</ele>
        <time>2026-09-16T11:10:15.000Z</time>
        <speed>1.045</speed>
      </trkpt>
      <trkpt lat="50.4178315" lon="-5.0714541">
        <ele>37.8</ele>
        <time>2026-09-16T11:10:20.000Z</time>
        <speed>0.877</speed>
      </trkpt>
      <trkpt lat="50.4177920" lon="-5.0715232">
        <ele>38.6</ele>
        <time>2026-09-16T11:10:25.000Z</time>
        <speed>1.334</speed>
      </trkpt>
      <trkpt lat="50.4177645" lon="-5.0715931">
        <ele>38.6</ele>
        <time>2026-09-16T11:10:30.000Z</time>
        <speed>1.288</speed>
      </trkpt>
      <trkpt lat="50.4177320" lon="-5.0716719">
        <ele>38.8</ele>
        <time>2026-09-16T11:10:35.000Z</time>
        <speed>1.316</speed>
      </trkpt>
      <trkpt lat="50.4177913" lon="-5.0717122">
        <ele>38.4</ele>
        <time>2026-09-16T11:10:40.000Z</time>
        <speed>1.362</speed>
      </trkpt>
      <trkpt lat="50.4178542" lon="-5.0717136">
        <ele>39.0</ele>
        <time>2026-09-16T11:10:45.000Z</time>
        <speed>1.353</speed>
      </trkpt>
      <trkpt lat="50.4179123" lon="-5.0717193">
        <ele>39.0</ele>
        <time>2026-09-16T11:10:50.000Z</time>
        <speed>1.344</speed>
      </trkpt>
      <trkpt lat="50.4179657" lon="-5.0717198">
        <ele>39.0</ele>
        <time>2026-09-16T11:10:55.000Z</time>
        <speed>1.334</speed>
      </trkpt>
      <trkpt lat="50.4180293" lon="-5.0717188">
        <ele>39.4</ele>
        <time>2026-09-16T11:11:00.000Z</time>
        <speed>1.334</speed>
      </trkpt>
      <trkpt lat="50.4180810" lon="-5.0717247">
        <ele>39.0</ele>
        <time>2026-09-16T11:11:05.000Z</time>
        <speed>1.306</speed>
      </trkpt>
      <trkpt lat="50.4181496" lon="-5.0717341">
        <ele>39.4</ele>
        <time>2026-09-16T11:11:10.000Z</time>
        <speed>1.334</speed>
      </trkpt>
      <trkpt lat="50.4182139" lon="-5.0717322">
        <ele>39.2</ele>
        <time>2026-09-16T11:11:15.000Z</time>
        <speed>1.353</speed>
      </trkpt>
      <trkpt lat="50.4182357" lon="-5.0717234">
        <ele>39.4</ele>
        <time>2026-09-16T11:11:20.000Z</time>
        <speed>1.250</speed>
      </trkpt>
      <trkpt lat="50.4182537" lon="-5.0717361">
        <ele>39.0</ele>
        <time>2026-09-16T11:11:25.000Z</time>
        <speed>0.000</speed>
      </trkpt>
      <trkpt lat="50.4182991" lon="-5.0717502">
        <ele>38.8</ele>
        <time>2026-09-16T11:11:30.000Z</time>
        <speed>0.000</speed>
      </trkpt>
      <trkpt lat="50.4183442" lon="-5.0717628">
        <ele>39.2</ele>
        <time>2026-09-16T11:11:35.000Z</time>
        <speed>0.970</speed>
      </trkpt>
      <trkpt lat="50.4183593" lon="-5.0717214">
        <ele>39.4</ele>
        <time>2026-09-16T11:11:40.000Z</time>
        <speed>0.812</speed>
      </trkpt>
      <trkpt lat="50.4184032" lon="-5.0716518">
        <ele>39.6</ele>
        <time>2026-09-16T11:11:45.000Z</time>
        <speed>1.064</speed>
      </trkpt>
      <trkpt lat="50.4184464" lon="-5.0716018">
        <ele>40.6</ele>
        <time>2026-09-16T11:11:50.000Z</time>
        <speed>1.232</speed>
      </trkpt>
      <trkpt lat="50.4185107" lon="-5.0715538">
        <ele>40.6</ele>
        <time>2026-09-16T11:11:55.000Z</time>
        <speed>1.278</speed>
      </trkpt>
      <trkpt lat="50.4185669" lon="-5.0715098">
        <ele>41.4</ele>
        <time>2026-09-16T11:12:00.000Z</time>
        <speed>1.381</speed>
      </trkpt>
      <trkpt lat="50.4186127" lon="-5.0714654">
        <ele>42.2</ele>
        <time>2026-09-16T11:12:05.000Z</time>
        <speed>1.297</speed>
      </trkpt>
      <trkpt lat="50.4186705" lon="-5.0714582">
        <ele>42.4</ele>
        <time>2026-09-16T11:12:10.000Z</time>
        <speed>1.316</speed>
      </trkpt>
      <trkpt lat="50.4187256" lon="-5.0714276">
        <ele>41.8</ele>
        <time>2026-09-16T11:12:15.000Z</time>
        <speed>1.316</speed>
      </trkpt>
      <trkpt lat="50.4187706" lon="-5.0713698">
        <ele>40.6</ele>
        <time>2026-09-16T11:12:20.000Z</time>
        <speed>1.325</speed>
      </trkpt>
      <trkpt lat="50.4188046" lon="-5.0713063">
        <ele>40.6</ele>
        <time>2026-09-16T11:12:25.000Z</time>
        <speed>1.316</speed>
      </trkpt>
      <trkpt lat="50.4188463" lon="-5.0712478">
        <ele>40.6</ele>
        <time>2026-09-16T11:12:30.000Z</time>
        <speed>1.306</speed>
      </trkpt>
      <trkpt lat="50.4188869" lon="-5.0711908">
        <ele>40.2</ele>
        <time>2026-09-16T11:12:35.000Z</time>
        <speed>1.306</speed>
      </trkpt>
      <trkpt lat="50.4189288" lon="-5.0711193">
        <ele>40.4</ele>
        <time>2026-09-16T11:12:40.000Z</time>
        <speed>1.306</speed>
      </trkpt>
      <trkpt lat="50.4189659" lon="-5.0710558">
        <ele>40.2</ele>
        <time>2026-09-16T11:12:45.000Z</time>
        <speed>1.306</speed>
      </trkpt>
      <trkpt lat="50.4190081" lon="-5.0709953">
        <ele>38.8</ele>
        <time>2026-09-16T11:12:50.000Z</time>
        <speed>1.297</speed>
      </trkpt>
      <trkpt lat="50.4190487" lon="-5.0709078">
        <ele>38.4</ele>
        <time>2026-09-16T11:12:55.000Z</time>
        <speed>1.325</speed>
      </trkpt>
      <trkpt lat="50.4190930" lon="-5.0708539">
        <ele>36.6</ele>
        <time>2026-09-16T11:13:00.000Z</time>
        <speed>1.325</speed>
      </trkpt>
      <trkpt lat="50.4191352" lon="-5.0707967">
        <ele>37.4</ele>
        <time>2026-09-16T11:13:05.000Z</time>
        <speed>1.325</speed>
      </trkpt>
      <trkpt lat="50.4191825" lon="-5.0707025">
        <ele>39.8</ele>
        <time>2026-09-16T11:13:10.000Z</time>
        <speed>1.362</speed>
      </trkpt>
      <trkpt lat="50.4192355" lon="-5.0706387">
        <ele>38.8</ele>
        <time>2026-09-16T11:13:15.000Z</time>
        <speed>1.362</speed>
      </trkpt>
      <trkpt lat="50.4192789" lon="-5.0705803">
        <ele>39.4</ele>
        <time>2026-09-16T11:13:20.000Z</time>
        <speed>1.381</speed>
      </trkpt>
      <trkpt lat="50.4193228" lon="-5.0705029">
        <ele>40.0</ele>
        <time>2026-09-16T11:13:25.000Z</time>
        <speed>1.390</speed>
      </trkpt>
      <trkpt lat="50.4193557" lon="-5.0704289">
        <ele>39.0</ele>
        <time>2026-09-16T11:13:30.000Z</time>
        <speed>1.400</speed>
      </trkpt>
      <trkpt lat="50.4194045" lon="-5.0703466">
        <ele>39.2</ele>
        <time>2026-09-16T11:13:35.000Z</time>
        <speed>1.418</speed>
      </trkpt>
      <trkpt lat="50.4194380" lon="-5.0702634">
        <ele>38.6</ele>
        <time>2026-09-16T11:13:40.000Z</time>
        <speed>1.400</speed>
      </trkpt>
      <trkpt lat="50.4194843" lon="-5.0701799">
        <ele>38.8</ele>
        <time>2026-09-16T11:13:45.000Z</time>
        <speed>1.418</speed>
      </trkpt>
      <trkpt lat="50.4195448" lon="-5.0701158">
        <ele>39.2</ele>
        <time>2026-09-16T11:13:50.000Z</time>
        <speed>1.446</speed>
      </trkpt>
      <trkpt lat="50.4195823" lon="-5.0700494">
        <ele>39.0</ele>
        <time>2026-09-16T11:13:55.000Z</time>
        <speed>1.446</speed>
      </trkpt>
      <trkpt lat="50.4196271" lon="-5.0699735">
        <ele>39.0</ele>
        <time>2026-09-16T11:14:00.000Z</time>
        <speed>1.446</speed>
      </trkpt>
      <trkpt lat="50.4196702" lon="-5.0698831">
        <ele>40.2</ele>
        <time>2026-09-16T11:14:05.000Z</time>
        <speed>1.474</speed>
      </trkpt>
      <trkpt lat="50.4197106" lon="-5.0698075">
        <ele>40.8</ele>
        <time>2026-09-16T11:14:10.000Z</time>
        <speed>1.446</speed>
      </trkpt>
      <trkpt lat="50.4197420" lon="-5.0697211">
        <ele>40.8</ele>
        <time>2026-09-16T11:14:15.000Z</time>
        <speed>1.474</speed>
      </trkpt>
      <trkpt lat="50.4197720" lon="-5.0696396">
        <ele>41.0</ele>
        <time>2026-09-16T11:14:20.000Z</time>
        <speed>1.465</speed>
      </trkpt>
      <trkpt lat="50.4198131" lon="-5.0695542">
        <ele>40.6</ele>
        <time>2026-09-16T11:14:25.000Z</time>
        <speed>1.484</speed>
      </trkpt>
      <trkpt lat="50.4198535" lon="-5.0694772">
        <ele>40.2</ele>
        <time>2026-09-16T11:14:30.000Z</time>
        <speed>1.493</speed>
      </trkpt>
      <trkpt lat="50.4198890" lon="-5.0693931">
        <ele>40.6</ele>
        <time>2026-09-16T11:14:35.000Z</time>
        <speed>1.474</speed>
      </trkpt>
      <trkpt lat="50.4199017" lon="-5.0692683">
        <ele>41.0</ele>
        <time>2026-09-16T11:14:40.000Z</time>
        <speed>1.549</speed>
      </trkpt>
      <trkpt lat="50.4199097" lon="-5.0691667">
        <ele>42.2</ele>
        <time>2026-09-16T11:14:45.000Z</time>
        <speed>1.549</speed>
      </trkpt>
      <trkpt lat="50.4199083" lon="-5.0690546">
        <ele>42.0</ele>
        <time>2026-09-16T11:14:50.000Z</time>
        <speed>1.558</speed>
      </trkpt>
      <trkpt lat="50.4199331" lon="-5.0689665">
        <ele>41.0</ele>
        <time>2026-09-16T11:14:55.000Z</time>
        <speed>1.549</speed>
      </trkpt>
      <trkpt lat="50.4199585" lon="-5.0688760">
        <ele>41.0</ele>
        <time>2026-09-16T11:15:00.000Z</time>
        <speed>1.512</speed>
      </trkpt>
      <trkpt lat="50.4199878" lon="-5.0687829">
        <ele>41.0</ele>
        <time>2026-09-16T11:15:05.000Z</time>
        <speed>1.521</speed>
      </trkpt>
      <trkpt lat="50.4200108" lon="-5.0686901">
        <ele>41.0</ele>
        <time>2026-09-16T11:15:10.000Z</time>
        <speed>1.493</speed>
      </trkpt>
      <trkpt lat="50.4200382" lon="-5.0685928">
        <ele>41.0</ele>
        <time>2026-09-16T11:15:15.000Z</time>
        <speed>1.502</speed>
      </trkpt>
      <trkpt lat="50.4200684" lon="-5.0684850">
        <ele>40.6</ele>
        <time>2026-09-16T11:15:20.000Z</time>
        <speed>1.530</speed>
      </trkpt>
      <trkpt lat="50.4200921" lon="-5.0684005">
        <ele>40.4</ele>
        <time>2026-09-16T11:15:25.000Z</time>
        <speed>1.530</speed>
      </trkpt>
      <trkpt lat="50.4201209" lon="-5.0683148">
        <ele>40.6</ele>
        <time>2026-09-16T11:15:30.000Z</time>
        <speed>1.474</speed>
      </trkpt>
      <trkpt lat="50.4201556" lon="-5.0682130">
        <ele>40.4</ele>
        <time>2026-09-16T11:15:35.000Z</time>
        <speed>1.502</speed>
      </trkpt>
      <trkpt lat="50.4201770" lon="-5.0681188">
        <ele>41.0</ele>
        <time>2026-09-16T11:15:40.000Z</time>
        <speed>1.502</speed>
      </trkpt>
      <trkpt lat="50.4202106" lon="-5.0680349">
        <ele>40.6</ele>
        <time>2026-09-16T11:15:45.000Z</time>
        <speed>1.474</speed>
      </trkpt>
      <trkpt lat="50.4202361" lon="-5.0679396">
        <ele>40.2</ele>
        <time>2026-09-16T11:15:50.000Z</time>
        <speed>1.484</speed>
      </trkpt>
      <trkpt lat="50.4202666" lon="-5.0678536">
        <ele>41.2</ele>
        <time>2026-09-16T11:15:55.000Z</time>
        <speed>1.484</speed>
      </trkpt>
      <trkpt lat="50.4203003" lon="-5.0677583">
        <ele>40.8</ele>
        <time>2026-09-16T11:16:00.000Z</time>
        <speed>1.484</speed>
      </trkpt>
      <trkpt lat="50.4203347" lon="-5.0676781">
        <ele>41.4</ele>
        <time>2026-09-16T11:16:05.000Z</time>
        <speed>1.465</speed>
      </trkpt>
      <trkpt lat="50.4203760" lon="-5.0675857">
        <ele>41.2</ele>
        <time>2026-09-16T11:16:10.000Z</time>
        <speed>1.474</speed>
      </trkpt>
      <trkpt lat="50.4204088" lon="-5.0675066">
        <ele>41.0</ele>
        <time>2026-09-16T11:16:15.000Z</time>
        <speed>1.456</speed>
      </trkpt>
      <trkpt lat="50.4204375" lon="-5.0674211">
        <ele>42.0</ele>
        <time>2026-09-16T11:16:20.000Z</time>
        <speed>1.446</speed>
      </trkpt>
      <trkpt lat="50.4204759" lon="-5.0673332">
        <ele>42.0</ele>
        <time>2026-09-16T11:16:25.000Z</time>
        <speed>1.437</speed>
      </trkpt>
      <trkpt lat="50.4205090" lon="-5.0672594">
        <ele>42.4</ele>
        <time>2026-09-16T11:16:30.000Z</time>
        <speed>1.418</speed>
      </trkpt>
      <trkpt lat="50.4205531" lon="-5.0671829">
        <ele>41.4</ele>
        <time>2026-09-16T11:16:35.000Z</time>
        <speed>1.428</speed>
      </trkpt>
      <trkpt lat="50.4206023" lon="-5.0671232">
        <ele>41.4</ele>
        <time>2026-09-16T11:16:40.000Z</time>
        <speed>1.418</speed>
      </trkpt>
      <trkpt lat="50.4206574" lon="-5.0670709">
        <ele>41.8</ele>
        <time>2026-09-16T11:16:45.000Z</time>
        <speed>1.428</speed>
      </trkpt>
      <trkpt lat="50.4207229" lon="-5.0670226">
        <ele>40.8</ele>
        <time>2026-09-16T11:16:50.000Z</time>
        <speed>1.437</speed>
      </trkpt>
      <trkpt lat="50.4207714" lon="-5.0669600">
        <ele>40.2</ele>
        <time>2026-09-16T11:16:55.000Z</time>
        <speed>1.446</speed>
      </trkpt>
      <trkpt lat="50.4208323" lon="-5.0668992">
        <ele>39.8</ele>
        <time>2026-09-16T11:17:00.000Z</time>
        <speed>1.456</speed>
      </trkpt>
      <trkpt lat="50.4208815" lon="-5.0668434">
        <ele>40.6</ele>
        <time>2026-09-16T11:17:05.000Z</time>
        <speed>1.456</speed>
      </trkpt>
      <trkpt lat="50.4209314" lon="-5.0667789">
        <ele>38.4</ele>
        <time>2026-09-16T11:17:10.000Z</time>
        <speed>1.437</speed>
      </trkpt>
      <trkpt lat="50.4209783" lon="-5.0667021">
        <ele>36.6</ele>
        <time>2026-09-16T11:17:15.000Z</time>
        <speed>1.456</speed>
      </trkpt>
      <trkpt lat="50.4210248" lon="-5.0666222">
        <ele>35.6</ele>
        <time>2026-09-16T11:17:20.000Z</time>
        <speed>1.465</speed>
      </trkpt>
      <trkpt lat="50.4210648" lon="-5.0665447">
        <ele>35.2</ele>
        <time>2026-09-16T11:17:25.000Z</time>
        <speed>1.456</speed>
      </trkpt>
      <trkpt lat="50.4211134" lon="-5.0664598">
        <ele>35.0</ele>
        <time>2026-09-16T11:17:30.000Z</time>
        <speed>1.474</speed>
      </trkpt>
      <trkpt lat="50.4211488" lon="-5.0663809">
        <ele>35.2</ele>
        <time>2026-09-16T11:17:35.000Z</time>
        <speed>1.465</speed>
      </trkpt>
      <trkpt lat="50.4211758" lon="-5.0662975">
        <ele>35.8</ele>
        <time>2026-09-16T11:17:40.000Z</time>
        <speed>1.456</speed>
      </trkpt>
      <trkpt lat="50.4211780" lon="-5.0662771">
        <ele>35.2</ele>
        <time>2026-09-16T11:17:45.000Z</time>
        <speed>1.409</speed>
      </trkpt>
      <trkpt lat="50.4211780" lon="-5.0662771">
        <ele>35.2</ele>
        <time>2026-09-16T11:17:50.000Z</time>
        <speed>0.000</speed>
      </trkpt>
      <trkpt lat="50.4211780" lon="-5.0662771">
        <ele>35.4</ele>
        <time>2026-09-16T11:17:55.000Z</time>
        <speed>0.000</speed>
      </trkpt>
      <trkpt lat="50.4211780" lon="-5.0662771">
        <ele>35.6</ele>
        <time>2026-09-16T11:18:00.000Z</time>
        <speed>0.000</speed>
      </trkpt>
      <trkpt lat="50.4211756" lon="-5.0662749">
        <ele>35.8</ele>
        <time>2026-09-16T11:18:05.000Z</time>
        <speed>0.000</speed>
      </trkpt>
      <trkpt lat="50.4211785" lon="-5.0662558">
        <ele>35.6</ele>
        <time>2026-09-16T11:18:10.000Z</time>
        <speed>0.000</speed>
      </trkpt>
      <trkpt lat="50.4211781" lon="-5.0662493">
        <ele>35.2</ele>
        <time>2026-09-16T11:18:15.000Z</time>
        <speed>0.000</speed>
      </trkpt>
      <trkpt lat="50.4211781" lon="-5.0662493">
        <ele>36.0</ele>
        <time>2026-09-16T11:18:20.000Z</time>
        <speed>0.000</speed>
      </trkpt>
      <trkpt lat="50.4211781" lon="-5.0662493">
        <ele>35.4</ele>
        <time>2026-09-16T11:18:25.000Z</time>
        <speed>0.000</speed>
      </trkpt>
      <trkpt lat="50.4211781" lon="-5.0662493">
        <ele>36.0</ele>
        <time>2026-09-16T11:18:30.000Z</time>
        <speed>0.000</speed>
      </trkpt>
      <trkpt lat="50.4211972" lon="-5.0662338">
        <ele>35.8</ele>
        <time>2026-09-16T11:18:35.000Z</time>
        <speed>0.000</speed>
      </trkpt>
      <trkpt lat="50.4212212" lon="-5.0661330">
        <ele>35.6</ele>
        <time>2026-09-16T11:18:40.000Z</time>
        <speed>1.577</speed>
      </trkpt>
      <trkpt lat="50.4212403" lon="-5.0660369">
        <ele>35.8</ele>
        <time>2026-09-16T11:18:45.000Z</time>
        <speed>1.708</speed>
      </trkpt>
      <trkpt lat="50.4212483" lon="-5.0659310">
        <ele>36.4</ele>
        <time>2026-09-16T11:18:50.000Z</time>
        <speed>1.521</speed>
      </trkpt>
      <trkpt lat="50.4212544" lon="-5.0658335">
        <ele>36.4</ele>
        <time>2026-09-16T11:18:55.000Z</time>
        <speed>1.474</speed>
      </trkpt>
      <trkpt lat="50.4212593" lon="-5.0657340">
        <ele>36.4</ele>
        <time>2026-09-16T11:19:00.000Z</time>
        <speed>1.465</speed>
      </trkpt>
      <trkpt lat="50.4212611" lon="-5.0656237">
        <ele>37.2</ele>
        <time>2026-09-16T11:19:05.000Z</time>
        <speed>1.530</speed>
      </trkpt>
      <trkpt lat="50.4212633" lon="-5.0655236">
        <ele>37.2</ele>
        <time>2026-09-16T11:19:10.000Z</time>
        <speed>1.521</speed>
      </trkpt>
      <trkpt lat="50.4212598" lon="-5.0654035">
        <ele>38.0</ele>
        <time>2026-09-16T11:19:15.000Z</time>
        <speed>1.558</speed>
      </trkpt>
      <trkpt lat="50.4212513" lon="-5.0653083">
        <ele>38.0</ele>
        <time>2026-09-16T11:19:20.000Z</time>
        <speed>1.540</speed>
      </trkpt>
      <trkpt lat="50.4212534" lon="-5.0652150">
        <ele>38.0</ele>
        <time>2026-09-16T11:19:25.000Z</time>
        <speed>1.484</speed>
      </trkpt>
      <trkpt lat="50.4212469" lon="-5.0651135">
        <ele>38.4</ele>
        <time>2026-09-16T11:19:30.000Z</time>
        <speed>1.512</speed>
      </trkpt>
      <trkpt lat="50.4212381" lon="-5.0650221">
        <ele>39.0</ele>
        <time>2026-09-16T11:19:35.000Z</time>
        <speed>1.456</speed>
      </trkpt>
      <trkpt lat="50.4212338" lon="-5.0649027">
        <ele>39.6</ele>
        <time>2026-09-16T11:19:40.000Z</time>
        <speed>1.484</speed>
      </trkpt>
      <trkpt lat="50.4212363" lon="-5.0647865">
        <ele>39.4</ele>
        <time>2026-09-16T11:19:45.000Z</time>
        <speed>1.493</speed>
      </trkpt>
      <trkpt lat="50.4212400" lon="-5.0646901">
        <ele>39.2</ele>
        <time>2026-09-16T11:19:50.000Z</time>
        <speed>1.493</speed>
      </trkpt>
      <trkpt lat="50.4212480" lon="-5.0645954">
        <ele>38.6</ele>
        <time>2026-09-16T11:19:55.000Z</time>
        <speed>1.465</speed>
      </trkpt>
      <trkpt lat="50.4212622" lon="-5.0645033">
        <ele>38.8</ele>
        <time>2026-09-16T11:20:00.000Z</time>
        <speed>1.446</speed>
      </trkpt>
      <trkpt lat="50.4212798" lon="-5.0644765">
        <ele>39.0</ele>
        <time>2026-09-16T11:20:05.000Z</time>
        <speed>1.362</speed>
      </trkpt>
      <trkpt lat="50.4212798" lon="-5.0644764">
        <ele>39.4</ele>
        <time>2026-09-16T11:20:10.000Z</time>
        <speed>0.000</speed>
      </trkpt>
      <trkpt lat="50.4212798" lon="-5.0644764">
        <ele>39.4</ele>
        <time>2026-09-16T11:20:15.000Z</time>
        <speed>0.000</speed>
      </trkpt>
      <trkpt lat="50.4212798" lon="-5.0644764">
        <ele>39.0</ele>
        <time>2026-09-16T11:20:20.000Z</time>
        <speed>0.000</speed>
      </trkpt>
      <trkpt lat="50.4212794" lon="-5.0644150">
        <ele>38.8</ele>
        <time>2026-09-16T11:20:25.000Z</time>
        <speed>0.000</speed>
      </trkpt>
      <trkpt lat="50.4212810" lon="-5.0643379">
        <ele>38.8</ele>
        <time>2026-09-16T11:20:30.000Z</time>
        <speed>0.000</speed>
      </trkpt>
      <trkpt lat="50.4212712" lon="-5.0642583">
        <ele>39.0</ele>
        <time>2026-09-16T11:20:35.000Z</time>
        <speed>1.166</speed>
      </trkpt>
      <trkpt lat="50.4212946" lon="-5.0641591">
        <ele>38.2</ele>
        <time>2026-09-16T11:20:40.000Z</time>
        <speed>1.493</speed>
      </trkpt>
      <trkpt lat="50.4213407" lon="-5.0640887">
        <ele>38.2</ele>
        <time>2026-09-16T11:20:45.000Z</time>
        <speed>1.446</speed>
      </trkpt>
      <trkpt lat="50.4213778" lon="-5.0639945">
        <ele>37.8</ele>
        <time>2026-09-16T11:20:50.000Z</time>
        <speed>1.493</speed>
      </trkpt>
      <trkpt lat="50.4214116" lon="-5.0639105">
        <ele>37.8</ele>
        <time>2026-09-16T11:20:55.000Z</time>
        <speed>1.465</speed>
      </trkpt>
      <trkpt lat="50.4214671" lon="-5.0638767">
        <ele>38.0</ele>
        <time>2026-09-16T11:21:00.000Z</time>
        <speed>1.409</speed>
      </trkpt>
      <trkpt lat="50.4215123" lon="-5.0638380">
        <ele>37.0</ele>
        <time>2026-09-16T11:21:05.000Z</time>
        <speed>1.316</speed>
      </trkpt>
      <trkpt lat="50.4215759" lon="-5.0637970">
        <ele>36.6</ele>
        <time>2026-09-16T11:21:10.000Z</time>
        <speed>1.353</speed>
      </trkpt>
      <trkpt lat="50.4216335" lon="-5.0637499">
        <ele>36.0</ele>
        <time>2026-09-16T11:21:15.000Z</time>
        <speed>1.362</speed>
      </trkpt>
      <trkpt lat="50.4216933" lon="-5.0637188">
        <ele>35.8</ele>
        <time>2026-09-16T11:21:20.000Z</time>
        <speed>1.390</speed>
      </trkpt>
      <trkpt lat="50.4217476" lon="-5.0636739">
        <ele>35.6</ele>
        <time>2026-09-16T11:21:25.000Z</time>
        <speed>1.381</speed>
      </trkpt>
      <trkpt lat="50.4218112" lon="-5.0636249">
        <ele>35.4</ele>
        <time>2026-09-16T11:21:30.000Z</time>
        <speed>1.400</speed>
      </trkpt>
      <trkpt lat="50.4218670" lon="-5.0635759">
        <ele>35.0</ele>
        <time>2026-09-16T11:21:35.000Z</time>
        <speed>1.418</speed>
      </trkpt>
      <trkpt lat="50.4219313" lon="-5.0635549">
        <ele>33.8</ele>
        <time>2026-09-16T11:21:40.000Z</time>
        <speed>1.409</speed>
      </trkpt>
      <trkpt lat="50.4220019" lon="-5.0635069">
        <ele>34.8</ele>
        <time>2026-09-16T11:21:45.000Z</time>
        <speed>1.418</speed>
      </trkpt>
      <trkpt lat="50.4220724" lon="-5.0634650">
        <ele>36.0</ele>
        <time>2026-09-16T11:21:50.000Z</time>
        <speed>1.484</speed>
      </trkpt>
      <trkpt lat="50.4221382" lon="-5.0634268">
        <ele>34.4</ele>
        <time>2026-09-16T11:21:55.000Z</time>
        <speed>1.558</speed>
      </trkpt>
      <trkpt lat="50.4221991" lon="-5.0633772">
        <ele>32.8</ele>
        <time>2026-09-16T11:22:00.000Z</time>
        <speed>1.549</speed>
      </trkpt>
      <trkpt lat="50.4222605" lon="-5.0633296">
        <ele>32.8</ele>
        <time>2026-09-16T11:22:05.000Z</time>
        <speed>1.512</speed>
      </trkpt>
      <trkpt lat="50.4223230" lon="-5.0632815">
        <ele>32.4</ele>
        <time>2026-09-16T11:22:10.000Z</time>
        <speed>1.549</speed>
      </trkpt>
      <trkpt lat="50.4223807" lon="-5.0632405">
        <ele>32.2</ele>
        <time>2026-09-16T11:22:15.000Z</time>
        <speed>1.530</speed>
      </trkpt>
      <trkpt lat="50.4224371" lon="-5.0631889">
        <ele>31.8</ele>
        <time>2026-09-16T11:22:20.000Z</time>
        <speed>1.530</speed>
      </trkpt>
      <trkpt lat="50.4224890" lon="-5.0631270">
        <ele>31.4</ele>
        <time>2026-09-16T11:22:25.000Z</time>
        <speed>1.521</speed>
      </trkpt>
      <trkpt lat="50.4225421" lon="-5.0630750">
        <ele>30.8</ele>
        <time>2026-09-16T11:22:30.000Z</time>
        <speed>1.493</speed>
      </trkpt>
      <trkpt lat="50.4225915" lon="-5.0630035">
        <ele>30.8</ele>
        <time>2026-09-16T11:22:35.000Z</time>
        <speed>1.502</speed>
      </trkpt>
      <trkpt lat="50.4226447" lon="-5.0629255">
        <ele>30.8</ele>
        <time>2026-09-16T11:22:40.000Z</time>
        <speed>1.502</speed>
      </trkpt>
      <trkpt lat="50.4227042" lon="-5.0628391">
        <ele>29.8</ele>
        <time>2026-09-16T11:22:45.000Z</time>
        <speed>1.549</speed>
      </trkpt>
      <trkpt lat="50.4227550" lon="-5.0627610">
        <ele>30.0</ele>
        <time>2026-09-16T11:22:50.000Z</time>
        <speed>1.549</speed>
      </trkpt>
      <trkpt lat="50.4228005" lon="-5.0626875">
        <ele>29.8</ele>
        <time>2026-09-16T11:22:55.000Z</time>
        <speed>1.558</speed>
      </trkpt>
      <trkpt lat="50.4228495" lon="-5.0626156">
        <ele>29.4</ele>
        <time>2026-09-16T11:23:00.000Z</time>
        <speed>1.540</speed>
      </trkpt>
      <trkpt lat="50.4229032" lon="-5.0625309">
        <ele>29.6</ele>
        <time>2026-09-16T11:23:05.000Z</time>
        <speed>1.558</speed>
      </trkpt>
      <trkpt lat="50.4229440" lon="-5.0624428">
        <ele>29.4</ele>
        <time>2026-09-16T11:23:10.000Z</time>
        <speed>1.568</speed>
      </trkpt>
      <trkpt lat="50.4229907" lon="-5.0623801">
        <ele>29.6</ele>
        <time>2026-09-16T11:23:15.000Z</time>
        <speed>1.540</speed>
      </trkpt>
      <trkpt lat="50.4230427" lon="-5.0622837">
        <ele>30.0</ele>
        <time>2026-09-16T11:23:20.000Z</time>
        <speed>1.568</speed>
      </trkpt>
      <trkpt lat="50.4230756" lon="-5.0622124">
        <ele>29.6</ele>
        <time>2026-09-16T11:23:25.000Z</time>
        <speed>1.549</speed>
      </trkpt>
      <trkpt lat="50.4231307" lon="-5.0621275">
        <ele>29.6</ele>
        <time>2026-09-16T11:23:30.000Z</time>
        <speed>1.558</speed>
      </trkpt>
      <trkpt lat="50.4231682" lon="-5.0620376">
        <ele>29.4</ele>
        <time>2026-09-16T11:23:35.000Z</time>
        <speed>1.568</speed>
      </trkpt>
      <trkpt lat="50.4232048" lon="-5.0619525">
        <ele>29.4</ele>
        <time>2026-09-16T11:23:40.000Z</time>
        <speed>1.558</speed>
      </trkpt>
      <trkpt lat="50.4232356" lon="-5.0618582">
        <ele>29.4</ele>
        <time>2026-09-16T11:23:45.000Z</time>
        <speed>1.549</speed>
      </trkpt>
      <trkpt lat="50.4232674" lon="-5.0617560">
        <ele>29.0</ele>
        <time>2026-09-16T11:23:50.000Z</time>
        <speed>1.558</speed>
      </trkpt>
      <trkpt lat="50.4232924" lon="-5.0616753">
        <ele>28.2</ele>
        <time>2026-09-16T11:23:55.000Z</time>
        <speed>1.558</speed>
      </trkpt>
      <trkpt lat="50.4233349" lon="-5.0616105">
        <ele>28.6</ele>
        <time>2026-09-16T11:24:00.000Z</time>
        <speed>1.521</speed>
      </trkpt>
      <trkpt lat="50.4233826" lon="-5.0615370">
        <ele>28.2</ele>
        <time>2026-09-16T11:24:05.000Z</time>
        <speed>1.512</speed>
      </trkpt>
      <trkpt lat="50.4234213" lon="-5.0614775">
        <ele>27.8</ele>
        <time>2026-09-16T11:24:10.000Z</time>
        <speed>1.474</speed>
      </trkpt>
      <trkpt lat="50.4234550" lon="-5.0613884">
        <ele>26.4</ele>
        <time>2026-09-16T11:24:15.000Z</time>
        <speed>1.456</speed>
      </trkpt>
      <trkpt lat="50.4234936" lon="-5.0613052">
        <ele>26.8</ele>
        <time>2026-09-16T11:24:20.000Z</time>
        <speed>1.456</speed>
      </trkpt>
      <trkpt lat="50.4235142" lon="-5.0611953">
        <ele>26.4</ele>
        <time>2026-09-16T11:24:25.000Z</time>
        <speed>1.502</speed>
      </trkpt>
      <trkpt lat="50.4235238" lon="-5.0610967">
        <ele>26.2</ele>
        <time>2026-09-16T11:24:30.000Z</time>
        <speed>1.484</speed>
      </trkpt>
      <trkpt lat="50.4235291" lon="-5.0609879">
        <ele>25.8</ele>
        <time>2026-09-16T11:24:35.000Z</time>
        <speed>1.484</speed>
      </trkpt>
      <trkpt lat="50.4235326" lon="-5.0608793">
        <ele>25.8</ele>
        <time>2026-09-16T11:24:40.000Z</time>
        <speed>1.502</speed>
      </trkpt>
      <trkpt lat="50.4235400" lon="-5.0607860">
        <ele>25.8</ele>
        <time>2026-09-16T11:24:45.000Z</time>
        <speed>1.484</speed>
      </trkpt>
      <trkpt lat="50.4235467" lon="-5.0606786">
        <ele>25.8</ele>
        <time>2026-09-16T11:24:50.000Z</time>
        <speed>1.474</speed>
      </trkpt>
      <trkpt lat="50.4235447" lon="-5.0605698">
        <ele>25.2</ele>
        <time>2026-09-16T11:24:55.000Z</time>
        <speed>1.474</speed>
      </trkpt>
      <trkpt lat="50.4235272" lon="-5.0604956">
        <ele>25.2</ele>
        <time>2026-09-16T11:25:00.000Z</time>
        <speed>1.418</speed>
      </trkpt>
      <trkpt lat="50.4235384" lon="-5.0604171">
        <ele>25.4</ele>
        <time>2026-09-16T11:25:05.000Z</time>
        <speed>1.353</speed>
      </trkpt>
      <trkpt lat="50.4235592" lon="-5.0603330">
        <ele>25.0</ele>
        <time>2026-09-16T11:25:10.000Z</time>
        <speed>1.353</speed>
      </trkpt>
      <trkpt lat="50.4235967" lon="-5.0602836">
        <ele>25.4</ele>
        <time>2026-09-16T11:25:15.000Z</time>
        <speed>1.353</speed>
      </trkpt>
      <trkpt lat="50.4235925" lon="-5.0602808">
        <ele>25.0</ele>
        <time>2026-09-16T11:25:20.000Z</time>
        <speed>0.000</speed>
      </trkpt>
      <trkpt lat="50.4235925" lon="-5.0602808">
        <ele>25.0</ele>
        <time>2026-09-16T11:25:25.000Z</time>
        <speed>0.000</speed>
      </trkpt>
      <trkpt lat="50.4235925" lon="-5.0602808">
        <ele>25.0</ele>
        <time>2026-09-16T11:25:30.000Z</time>
        <speed>0.000</speed>
      </trkpt>
      <trkpt lat="50.4235925" lon="-5.0602808">
        <ele>25.2</ele>
        <time>2026-09-16T11:25:35.000Z</time>
        <speed>0.000</speed>
      </trkpt>
      <trkpt lat="50.4236103" lon="-5.0603036">
        <ele>25.0</ele>
        <time>2026-09-16T11:25:40.000Z</time>
        <speed>0.000</speed>
      </trkpt>
      <trkpt lat="50.4236487" lon="-5.0603133">
        <ele>24.4</ele>
        <time>2026-09-16T11:25:45.000Z</time>
        <speed>0.000</speed>
      </trkpt>
      <trkpt lat="50.4236166" lon="-5.0603024">
        <ele>24.6</ele>
        <time>2026-09-16T11:25:50.000Z</time>
        <speed>0.299</speed>
      </trkpt>
      <trkpt lat="50.4235960" lon="-5.0602384">
        <ele>25.0</ele>
        <time>2026-09-16T11:25:55.000Z</time>
        <speed>0.224</speed>
      </trkpt>
      <trkpt lat="50.4236204" lon="-5.0601410">
        <ele>24.8</ele>
        <time>2026-09-16T11:26:00.000Z</time>
        <speed>1.418</speed>
      </trkpt>
      <trkpt lat="50.4236359" lon="-5.0600447">
        <ele>24.6</ele>
        <time>2026-09-16T11:26:05.000Z</time>
        <speed>1.418</speed>
      </trkpt>
      <trkpt lat="50.4236539" lon="-5.0599637">
        <ele>24.6</ele>
        <time>2026-09-16T11:26:10.000Z</time>
        <speed>1.409</speed>
      </trkpt>
      <trkpt lat="50.4236671" lon="-5.0598748">
        <ele>24.0</ele>
        <time>2026-09-16T11:26:15.000Z</time>
        <speed>1.381</speed>
      </trkpt>
      <trkpt lat="50.4236916" lon="-5.0597971">
        <ele>22.8</ele>
        <time>2026-09-16T11:26:20.000Z</time>
        <speed>1.344</speed>
      </trkpt>
      <trkpt lat="50.4237161" lon="-5.0597086">
        <ele>22.4</ele>
        <time>2026-09-16T11:26:25.000Z</time>
        <speed>1.344</speed>
      </trkpt>
      <trkpt lat="50.4237400" lon="-5.0596333">
        <ele>21.6</ele>
        <time>2026-09-16T11:26:30.000Z</time>
        <speed>1.325</speed>
      </trkpt>
      <trkpt lat="50.4237593" lon="-5.0595632">
        <ele>20.8</ele>
        <time>2026-09-16T11:26:35.000Z</time>
        <speed>1.278</speed>
      </trkpt>
      <trkpt lat="50.4237960" lon="-5.0594796">
        <ele>20.0</ele>
        <time>2026-09-16T11:26:40.000Z</time>
        <speed>1.269</speed>
      </trkpt>
      <trkpt lat="50.4238353" lon="-5.0594188">
        <ele>18.6</ele>
        <time>2026-09-16T11:26:45.000Z</time>
        <speed>1.297</speed>
      </trkpt>
      <trkpt lat="50.4238652" lon="-5.0593538">
        <ele>17.4</ele>
        <time>2026-09-16T11:26:50.000Z</time>
        <speed>1.278</speed>
      </trkpt>
      <trkpt lat="50.4238771" lon="-5.0593095">
        <ele>17.0</ele>
        <time>2026-09-16T11:26:55.000Z</time>
        <speed>1.232</speed>
      </trkpt>
      <trkpt lat="50.4238965" lon="-5.0592774">
        <ele>16.0</ele>
        <time>2026-09-16T11:27:00.000Z</time>
        <speed>0.830</speed>
      </trkpt>
      <trkpt lat="50.4239046" lon="-5.0591822">
        <ele>15.0</ele>
        <time>2026-09-16T11:27:05.000Z</time>
        <speed>1.166</speed>
      </trkpt>
      <trkpt lat="50.4239053" lon="-5.0590988">
        <ele>15.2</ele>
        <time>2026-09-16T11:27:10.000Z</time>
        <speed>1.176</speed>
      </trkpt>
      <trkpt lat="50.4239159" lon="-5.0590484">
        <ele>15.2</ele>
        <time>2026-09-16T11:27:15.000Z</time>
        <speed>0.905</speed>
      </trkpt>
      <trkpt lat="50.4239394" lon="-5.0589580">
        <ele>14.6</ele>
        <time>2026-09-16T11:27:20.000Z</time>
        <speed>1.185</speed>
      </trkpt>
      <trkpt lat="50.4239472" lon="-5.0588629">
        <ele>13.6</ele>
        <time>2026-09-16T11:27:25.000Z</time>
        <speed>1.344</speed>
      </trkpt>
      <trkpt lat="50.4239469" lon="-5.0587653">
        <ele>13.0</ele>
        <time>2026-09-16T11:27:30.000Z</time>
        <speed>1.316</speed>
      </trkpt>
      <trkpt lat="50.4239472" lon="-5.0586843">
        <ele>11.8</ele>
        <time>2026-09-16T11:27:35.000Z</time>
        <speed>1.316</speed>
      </trkpt>
      <trkpt lat="50.4239501" lon="-5.0585497">
        <ele>11.2</ele>
        <time>2026-09-16T11:27:40.000Z</time>
        <speed>1.390</speed>
      </trkpt>
      <trkpt lat="50.4239560" lon="-5.0584253">
        <ele>11.4</ele>
        <time>2026-09-16T11:27:45.000Z</time>
        <speed>1.465</speed>
      </trkpt>
      <trkpt lat="50.4239588" lon="-5.0583276">
        <ele>11.4</ele>
        <time>2026-09-16T11:27:50.000Z</time>
        <speed>1.390</speed>
      </trkpt>
      <trkpt lat="50.4239451" lon="-5.0582165">
        <ele>11.4</ele>
        <time>2026-09-16T11:27:55.000Z</time>
        <speed>1.493</speed>
      </trkpt>
      <trkpt lat="50.4239294" lon="-5.0581341">
        <ele>11.0</ele>
        <time>2026-09-16T11:28:00.000Z</time>
        <speed>1.381</speed>
      </trkpt>
      <trkpt lat="50.4239000" lon="-5.0580461">
        <ele>10.0</ele>
        <time>2026-09-16T11:28:05.000Z</time>
        <speed>1.353</speed>
      </trkpt>
      <trkpt lat="50.4238820" lon="-5.0579378">
        <ele>10.6</ele>
        <time>2026-09-16T11:28:10.000Z</time>
        <speed>1.428</speed>
      </trkpt>
      <trkpt lat="50.4238533" lon="-5.0578476">
        <ele>10.8</ele>
        <time>2026-09-16T11:28:15.000Z</time>
        <speed>1.474</speed>
      </trkpt>
      <trkpt lat="50.4238241" lon="-5.0577512">
        <ele>10.2</ele>
        <time>2026-09-16T11:28:20.000Z</time>
        <speed>1.474</speed>
      </trkpt>
      <trkpt lat="50.4237838" lon="-5.0576732">
        <ele>10.0</ele>
        <time>2026-09-16T11:28:25.000Z</time>
        <speed>1.456</speed>
      </trkpt>
      <trkpt lat="50.4237535" lon="-5.0575895">
        <ele>9.2</ele>
        <time>2026-09-16T11:28:30.000Z</time>
        <speed>1.446</speed>
      </trkpt>
      <trkpt lat="50.4237159" lon="-5.0575090">
        <ele>8.6</ele>
        <time>2026-09-16T11:28:35.000Z</time>
        <speed>1.437</speed>
      </trkpt>
      <trkpt lat="50.4236787" lon="-5.0574293">
        <ele>7.8</ele>
        <time>2026-09-16T11:28:40.000Z</time>
        <speed>1.428</speed>
      </trkpt>
      <trkpt lat="50.4236428" lon="-5.0573397">
        <ele>6.6</ele>
        <time>2026-09-16T11:28:45.000Z</time>
        <speed>1.437</speed>
      </trkpt>
      <trkpt lat="50.4236039" lon="-5.0572644">
        <ele>5.6</ele>
        <time>2026-09-16T11:28:50.000Z</time>
        <speed>1.437</speed>
      </trkpt>
      <trkpt lat="50.4235692" lon="-5.0571794">
        <ele>5.8</ele>
        <time>2026-09-16T11:28:55.000Z</time>
        <speed>1.428</speed>
      </trkpt>
      <trkpt lat="50.4235590" lon="-5.0570820">
        <ele>6.0</ele>
        <time>2026-09-16T11:29:00.000Z</time>
        <speed>1.418</speed>
      </trkpt>
      <trkpt lat="50.4235501" lon="-5.0570062">
        <ele>6.2</ele>
        <time>2026-09-16T11:29:05.000Z</time>
        <speed>1.390</speed>
      </trkpt>
      <trkpt lat="50.4235592" lon="-5.0569206">
        <ele>6.8</ele>
        <time>2026-09-16T11:29:10.000Z</time>
        <speed>1.353</speed>
      </trkpt>
      <trkpt lat="50.4236105" lon="-5.0568560">
        <ele>6.8</ele>
        <time>2026-09-16T11:29:15.000Z</time>
        <speed>1.362</speed>
      </trkpt>
      <trkpt lat="50.4236615" lon="-5.0568134">
        <ele>7.0</ele>
        <time>2026-09-16T11:29:20.000Z</time>
        <speed>1.344</speed>
      </trkpt>
      <trkpt lat="50.4237216" lon="-5.0567773">
        <ele>7.0</ele>
        <time>2026-09-16T11:29:25.000Z</time>
        <speed>1.390</speed>
      </trkpt>
      <trkpt lat="50.4237817" lon="-5.0567482">
        <ele>7.2</ele>
        <time>2026-09-16T11:29:30.000Z</time>
        <speed>1.344</speed>
      </trkpt>
      <trkpt lat="50.4238010" lon="-5.0567066">
        <ele>6.8</ele>
        <time>2026-09-16T11:29:35.000Z</time>
        <speed>1.278</speed>
      </trkpt>
      <trkpt lat="50.4238420" lon="-5.0566454">
        <ele>6.6</ele>
        <time>2026-09-16T11:29:40.000Z</time>
        <speed>1.157</speed>
      </trkpt>
      <trkpt lat="50.4238973" lon="-5.0566074">
        <ele>6.4</ele>
        <time>2026-09-16T11:29:45.000Z</time>
        <speed>1.204</speed>
      </trkpt>
      <trkpt lat="50.4239355" lon="-5.0565734">
        <ele>6.2</ele>
        <time>2026-09-16T11:29:50.000Z</time>
        <speed>1.176</speed>
      </trkpt>
      <trkpt lat="50.4239787" lon="-5.0565262">
        <ele>6.2</ele>
        <time>2026-09-16T11:29:55.000Z</time>
        <speed>1.120</speed>
      </trkpt>
      <trkpt lat="50.4240248" lon="-5.0564712">
        <ele>6.2</ele>
        <time>2026-09-16T11:30:00.000Z</time>
        <speed>1.148</speed>
      </trkpt>
      <trkpt lat="50.4240538" lon="-5.0564440">
        <ele>6.2</ele>
        <time>2026-09-16T11:30:05.000Z</time>
        <speed>1.101</speed>
      </trkpt>
      <trkpt lat="50.4240889" lon="-5.0564061">
        <ele>5.6</ele>
        <time>2026-09-16T11:30:10.000Z</time>
        <speed>1.045</speed>
      </trkpt>
      <trkpt lat="50.4241342" lon="-5.0563282">
        <ele>6.6</ele>
        <time>2026-09-16T11:30:15.000Z</time>
        <speed>1.082</speed>
      </trkpt>
      <trkpt lat="50.4241821" lon="-5.0562750">
        <ele>6.4</ele>
        <time>2026-09-16T11:30:20.000Z</time>
        <speed>1.194</speed>
      </trkpt>
      <trkpt lat="50.4242236" lon="-5.0562240">
        <ele>6.0</ele>
        <time>2026-09-16T11:30:25.000Z</time>
        <speed>1.213</speed>
      </trkpt>
      <trkpt lat="50.4242686" lon="-5.0561734">
        <ele>6.2</ele>
        <time>2026-09-16T11:30:30.000Z</time>
        <speed>1.204</speed>
      </trkpt>
      <trkpt lat="50.4242917" lon="-5.0561022">
        <ele>6.4</ele>
        <time>2026-09-16T11:30:35.000Z</time>
        <speed>1.185</speed>
      </trkpt>
      <trkpt lat="50.4243149" lon="-5.0560205">
        <ele>5.8</ele>
        <time>2026-09-16T11:30:40.000Z</time>
        <speed>1.194</speed>
      </trkpt>
      <trkpt lat="50.4243389" lon="-5.0559580">
        <ele>5.6</ele>
        <time>2026-09-16T11:30:45.000Z</time>
        <speed>1.176</speed>
      </trkpt>
      <trkpt lat="50.4243650" lon="-5.0558732">
        <ele>6.0</ele>
        <time>2026-09-16T11:30:50.000Z</time>
        <speed>1.176</speed>
      </trkpt>
      <trkpt lat="50.4243971" lon="-5.0557974">
        <ele>6.0</ele>
        <time>2026-09-16T11:30:55.000Z</time>
        <speed>1.194</speed>
      </trkpt>
      <trkpt lat="50.4244184" lon="-5.0557234">
        <ele>6.2</ele>
        <time>2026-09-16T11:31:00.000Z</time>
        <speed>1.194</speed>
      </trkpt>
      <trkpt lat="50.4244430" lon="-5.0556498">
        <ele>7.2</ele>
        <time>2026-09-16T11:31:05.000Z</time>
        <speed>1.194</speed>
      </trkpt>
      <trkpt lat="50.4244683" lon="-5.0555892">
        <ele>7.0</ele>
        <time>2026-09-16T11:31:10.000Z</time>
        <speed>1.166</speed>
      </trkpt>
      <trkpt lat="50.4245029" lon="-5.0555243">
        <ele>6.8</ele>
        <time>2026-09-16T11:31:15.000Z</time>
        <speed>1.157</speed>
      </trkpt>
      <trkpt lat="50.4245471" lon="-5.0554717">
        <ele>6.6</ele>
        <time>2026-09-16T11:31:20.000Z</time>
        <speed>1.157</speed>
      </trkpt>
      <trkpt lat="50.4245990" lon="-5.0554478">
        <ele>5.8</ele>
        <time>2026-09-16T11:31:25.000Z</time>
        <speed>1.204</speed>
      </trkpt>
      <trkpt lat="50.4246522" lon="-5.0553954">
        <ele>6.0</ele>
        <time>2026-09-16T11:31:30.000Z</time>
        <speed>1.213</speed>
      </trkpt>
      <trkpt lat="50.4246937" lon="-5.0553476">
        <ele>6.0</ele>
        <time>2026-09-16T11:31:35.000Z</time>
        <speed>1.176</speed>
      </trkpt>
      <trkpt lat="50.4247389" lon="-5.0552960">
        <ele>5.8</ele>
        <time>2026-09-16T11:31:40.000Z</time>
        <speed>1.204</speed>
      </trkpt>
      <trkpt lat="50.4247879" lon="-5.0552447">
        <ele>5.6</ele>
        <time>2026-09-16T11:31:45.000Z</time>
        <speed>1.222</speed>
      </trkpt>
      <trkpt lat="50.4248316" lon="-5.0552116">
        <ele>5.4</ele>
        <time>2026-09-16T11:31:50.000Z</time>
        <speed>1.213</speed>
      </trkpt>
      <trkpt lat="50.4248567" lon="-5.0551661">
        <ele>5.4</ele>
        <time>2026-09-16T11:31:55.000Z</time>
        <speed>1.129</speed>
      </trkpt>
      <trkpt lat="50.4249061" lon="-5.0551116">
        <ele>5.4</ele>
        <time>2026-09-16T11:32:00.000Z</time>
        <speed>1.148</speed>
      </trkpt>
      <trkpt lat="50.4249521" lon="-5.0550627">
        <ele>5.6</ele>
        <time>2026-09-16T11:32:05.000Z</time>
        <speed>1.222</speed>
      </trkpt>
      <trkpt lat="50.4249917" lon="-5.0550075">
        <ele>5.2</ele>
        <time>2026-09-16T11:32:10.000Z</time>
        <speed>1.194</speed>
      </trkpt>
      <trkpt lat="50.4250367" lon="-5.0549531">
        <ele>5.6</ele>
        <time>2026-09-16T11:32:15.000Z</time>
        <speed>1.213</speed>
      </trkpt>
      <trkpt lat="50.4250763" lon="-5.0549010">
        <ele>5.0</ele>
        <time>2026-09-16T11:32:20.000Z</time>
        <speed>1.204</speed>
      </trkpt>
      <trkpt lat="50.4251204" lon="-5.0548408">
        <ele>5.2</ele>
        <time>2026-09-16T11:32:25.000Z</time>
        <speed>1.222</speed>
      </trkpt>
      <trkpt lat="50.4251587" lon="-5.0547687">
        <ele>5.0</ele>
        <time>2026-09-16T11:32:30.000Z</time>
        <speed>1.222</speed>
      </trkpt>
      <trkpt lat="50.4251845" lon="-5.0547020">
        <ele>5.4</ele>
        <time>2026-09-16T11:32:35.000Z</time>
        <speed>1.222</speed>
      </trkpt>
      <trkpt lat="50.4252182" lon="-5.0546307">
        <ele>5.0</ele>
        <time>2026-09-16T11:32:40.000Z</time>
        <speed>1.222</speed>
      </trkpt>
      <trkpt lat="50.4252390" lon="-5.0545737">
        <ele>5.0</ele>
        <time>2026-09-16T11:32:45.000Z</time>
        <speed>1.204</speed>
      </trkpt>
      <trkpt lat="50.4252578" lon="-5.0545229">
        <ele>4.8</ele>
        <time>2026-09-16T11:32:50.000Z</time>
        <speed>1.157</speed>
      </trkpt>
      <trkpt lat="50.4252872" lon="-5.0544511">
        <ele>4.6</ele>
        <time>2026-09-16T11:32:55.000Z</time>
        <speed>1.138</speed>
      </trkpt>
      <trkpt lat="50.4253178" lon="-5.0543607">
        <ele>4.8</ele>
        <time>2026-09-16T11:33:00.000Z</time>
        <speed>1.185</speed>
      </trkpt>
      <trkpt lat="50.4253467" lon="-5.0542965">
        <ele>4.4</ele>
        <time>2026-09-16T11:33:05.000Z</time>
        <speed>1.176</speed>
      </trkpt>
      <trkpt lat="50.4253796" lon="-5.0542056">
        <ele>4.8</ele>
        <time>2026-09-16T11:33:10.000Z</time>
        <speed>1.232</speed>
      </trkpt>
      <trkpt lat="50.4254118" lon="-5.0541294">
        <ele>5.0</ele>
        <time>2026-09-16T11:33:15.000Z</time>
        <speed>1.222</speed>
      </trkpt>
      <trkpt lat="50.4254291" lon="-5.0540483">
        <ele>5.0</ele>
        <time>2026-09-16T11:33:20.000Z</time>
        <speed>1.232</speed>
      </trkpt>
      <trkpt lat="50.4254493" lon="-5.0539794">
        <ele>5.0</ele>
        <time>2026-09-16T11:33:25.000Z</time>
        <speed>1.204</speed>
      </trkpt>
      <trkpt lat="50.4254644" lon="-5.0539161">
        <ele>4.4</ele>
        <time>2026-09-16T11:33:30.000Z</time>
        <speed>1.204</speed>
      </trkpt>
      <trkpt lat="50.4254759" lon="-5.0538424">
        <ele>4.4</ele>
        <time>2026-09-16T11:33:35.000Z</time>
        <speed>1.166</speed>
      </trkpt>
      <trkpt lat="50.4254869" lon="-5.0537627">
        <ele>4.6</ele>
        <time>2026-09-16T11:33:40.000Z</time>
        <speed>1.148</speed>
      </trkpt>
      <trkpt lat="50.4255105" lon="-5.0537015">
        <ele>5.0</ele>
        <time>2026-09-16T11:33:45.000Z</time>
        <speed>1.110</speed>
      </trkpt>
      <trkpt lat="50.4255828" lon="-5.0537177">
        <ele>5.4</ele>
        <time>2026-09-16T11:33:50.000Z</time>
        <speed>1.148</speed>
      </trkpt>
      <trkpt lat="50.4256423" lon="-5.0537608">
        <ele>5.2</ele>
        <time>2026-09-16T11:33:55.000Z</time>
        <speed>1.176</speed>
      </trkpt>
      <trkpt lat="50.4256856" lon="-5.0538073">
        <ele>5.2</ele>
        <time>2026-09-16T11:34:00.000Z</time>
        <speed>1.204</speed>
      </trkpt>
      <trkpt lat="50.4257241" lon="-5.0538589">
        <ele>4.2</ele>
        <time>2026-09-16T11:34:05.000Z</time>
        <speed>1.204</speed>
      </trkpt>
      <trkpt lat="50.4257649" lon="-5.0539347">
        <ele>4.2</ele>
        <time>2026-09-16T11:34:10.000Z</time>
        <speed>1.222</speed>
      </trkpt>
      <trkpt lat="50.4258068" lon="-5.0540118">
        <ele>4.6</ele>
        <time>2026-09-16T11:34:15.000Z</time>
        <speed>1.241</speed>
      </trkpt>
      <trkpt lat="50.4258446" lon="-5.0540920">
        <ele>4.6</ele>
        <time>2026-09-16T11:34:20.000Z</time>
        <speed>1.269</speed>
      </trkpt>
      <trkpt lat="50.4258770" lon="-5.0541719">
        <ele>5.6</ele>
        <time>2026-09-16T11:34:25.000Z</time>
        <speed>1.278</speed>
      </trkpt>
      <trkpt lat="50.4259119" lon="-5.0542523">
        <ele>5.8</ele>
        <time>2026-09-16T11:34:30.000Z</time>
        <speed>1.325</speed>
      </trkpt>
      <trkpt lat="50.4259536" lon="-5.0543387">
        <ele>5.6</ele>
        <time>2026-09-16T11:34:35.000Z</time>
        <speed>1.409</speed>
      </trkpt>
      <trkpt lat="50.4259951" lon="-5.0544150">
        <ele>5.6</ele>
        <time>2026-09-16T11:34:40.000Z</time>
        <speed>1.418</speed>
      </trkpt>
      <trkpt lat="50.4260300" lon="-5.0545026">
        <ele>5.2</ele>
        <time>2026-09-16T11:34:45.000Z</time>
        <speed>1.418</speed>
      </trkpt>
      <trkpt lat="50.4260571" lon="-5.0545977">
        <ele>5.8</ele>
        <time>2026-09-16T11:34:50.000Z</time>
        <speed>1.456</speed>
      </trkpt>
      <trkpt lat="50.4260719" lon="-5.0546929">
        <ele>6.2</ele>
        <time>2026-09-16T11:34:55.000Z</time>
        <speed>1.437</speed>
      </trkpt>
      <trkpt lat="50.4260834" lon="-5.0547846">
        <ele>6.2</ele>
        <time>2026-09-16T11:35:00.000Z</time>
        <speed>1.437</speed>
      </trkpt>
      <trkpt lat="50.4260922" lon="-5.0548712">
        <ele>6.0</ele>
        <time>2026-09-16T11:35:05.000Z</time>
        <speed>1.409</speed>
      </trkpt>
      <trkpt lat="50.4260951" lon="-5.0549600">
        <ele>6.0</ele>
        <time>2026-09-16T11:35:10.000Z</time>
        <speed>1.390</speed>
      </trkpt>
      <trkpt lat="50.4261038" lon="-5.0550526">
        <ele>6.2</ele>
        <time>2026-09-16T11:35:15.000Z</time>
        <speed>1.381</speed>
      </trkpt>
      <trkpt lat="50.4261161" lon="-5.0551427">
        <ele>6.6</ele>
        <time>2026-09-16T11:35:20.000Z</time>
        <speed>1.372</speed>
      </trkpt>
      <trkpt lat="50.4261261" lon="-5.0552290">
        <ele>7.4</ele>
        <time>2026-09-16T11:35:25.000Z</time>
        <speed>1.353</speed>
      </trkpt>
      <trkpt lat="50.4261357" lon="-5.0553473">
        <ele>7.6</ele>
        <time>2026-09-16T11:35:30.000Z</time>
        <speed>1.362</speed>
      </trkpt>
      <trkpt lat="50.4261458" lon="-5.0554145">
        <ele>8.6</ele>
        <time>2026-09-16T11:35:35.000Z</time>
        <speed>1.325</speed>
      </trkpt>
      <trkpt lat="50.4261551" lon="-5.0554768">
        <ele>8.8</ele>
        <time>2026-09-16T11:35:40.000Z</time>
        <speed>1.278</speed>
      </trkpt>
      <trkpt lat="50.4261624" lon="-5.0555171">
        <ele>10.0</ele>
        <time>2026-09-16T11:35:45.000Z</time>
        <speed>1.120</speed>
      </trkpt>
      <trkpt lat="50.4261709" lon="-5.0555856">
        <ele>10.6</ele>
        <time>2026-09-16T11:35:50.000Z</time>
        <speed>1.110</speed>
      </trkpt>
      <trkpt lat="50.4261937" lon="-5.0556659">
        <ele>11.2</ele>
        <time>2026-09-16T11:35:55.000Z</time>
        <speed>1.110</speed>
      </trkpt>
      <trkpt lat="50.4262252" lon="-5.0557329">
        <ele>11.4</ele>
        <time>2026-09-16T11:36:00.000Z</time>
        <speed>1.185</speed>
      </trkpt>
      <trkpt lat="50.4262703" lon="-5.0558021">
        <ele>12.4</ele>
        <time>2026-09-16T11:36:05.000Z</time>
        <speed>1.250</speed>
      </trkpt>
      <trkpt lat="50.4263123" lon="-5.0558588">
        <ele>13.0</ele>
        <time>2026-09-16T11:36:10.000Z</time>
        <speed>1.250</speed>
      </trkpt>
      <trkpt lat="50.4263472" lon="-5.0559101">
        <ele>13.0</ele>
        <time>2026-09-16T11:36:15.000Z</time>
        <speed>1.222</speed>
      </trkpt>
      <trkpt lat="50.4263839" lon="-5.0559553">
        <ele>12.2</ele>
        <time>2026-09-16T11:36:20.000Z</time>
        <speed>1.194</speed>
      </trkpt>
      <trkpt lat="50.4264077" lon="-5.0560359">
        <ele>13.4</ele>
        <time>2026-09-16T11:36:25.000Z</time>
        <speed>1.138</speed>
      </trkpt>
      <trkpt lat="50.4264109" lon="-5.0561261">
        <ele>13.4</ele>
        <time>2026-09-16T11:36:30.000Z</time>
        <speed>1.185</speed>
      </trkpt>
      <trkpt lat="50.4263996" lon="-5.0562156">
        <ele>13.4</ele>
        <time>2026-09-16T11:36:35.000Z</time>
        <speed>1.260</speed>
      </trkpt>
      <trkpt lat="50.4263880" lon="-5.0562983">
        <ele>13.2</ele>
        <time>2026-09-16T11:36:40.000Z</time>
        <speed>1.222</speed>
      </trkpt>
      <trkpt lat="50.4263665" lon="-5.0564025">
        <ele>13.0</ele>
        <time>2026-09-16T11:36:45.000Z</time>
        <speed>1.297</speed>
      </trkpt>
      <trkpt lat="50.4263436" lon="-5.0564956">
        <ele>13.0</ele>
        <time>2026-09-16T11:36:50.000Z</time>
        <speed>1.306</speed>
      </trkpt>
      <trkpt lat="50.4263110" lon="-5.0565842">
        <ele>12.8</ele>
        <time>2026-09-16T11:36:55.000Z</time>
        <speed>1.325</speed>
      </trkpt>
      <trkpt lat="50.4262644" lon="-5.0566495">
        <ele>12.6</ele>
        <time>2026-09-16T11:37:00.000Z</time>
        <speed>1.334</speed>
      </trkpt>
      <trkpt lat="50.4262209" lon="-5.0567181">
        <ele>12.8</ele>
        <time>2026-09-16T11:37:05.000Z</time>
        <speed>1.344</speed>
      </trkpt>
      <trkpt lat="50.4261849" lon="-5.0567851">
        <ele>12.6</ele>
        <time>2026-09-16T11:37:10.000Z</time>
        <speed>1.344</speed>
      </trkpt>
      <trkpt lat="50.4261513" lon="-5.0568664">
        <ele>12.8</ele>
        <time>2026-09-16T11:37:15.000Z</time>
        <speed>1.353</speed>
      </trkpt>
      <trkpt lat="50.4261190" lon="-5.0569480">
        <ele>12.6</ele>
        <time>2026-09-16T11:37:20.000Z</time>
        <speed>1.344</speed>
      </trkpt>
      <trkpt lat="50.4260813" lon="-5.0570355">
        <ele>12.6</ele>
        <time>2026-09-16T11:37:25.000Z</time>
        <speed>1.372</speed>
      </trkpt>
      <trkpt lat="50.4260395" lon="-5.0571209">
        <ele>12.4</ele>
        <time>2026-09-16T11:37:30.000Z</time>
        <speed>1.390</speed>
      </trkpt>
      <trkpt lat="50.4260071" lon="-5.0572019">
        <ele>12.0</ele>
        <time>2026-09-16T11:37:35.000Z</time>
        <speed>1.390</speed>
      </trkpt>
      <trkpt lat="50.4259733" lon="-5.0572685">
        <ele>11.6</ele>
        <time>2026-09-16T11:37:40.000Z</time>
        <speed>1.362</speed>
      </trkpt>
      <trkpt lat="50.4259383" lon="-5.0573522">
        <ele>11.4</ele>
        <time>2026-09-16T11:37:45.000Z</time>
        <speed>1.362</speed>
      </trkpt>
      <trkpt lat="50.4259089" lon="-5.0574359">
        <ele>11.0</ele>
        <time>2026-09-16T11:37:50.000Z</time>
        <speed>1.344</speed>
      </trkpt>
      <trkpt lat="50.4258892" lon="-5.0575284">
        <ele>10.8</ele>
        <time>2026-09-16T11:37:55.000Z</time>
        <speed>1.362</speed>
      </trkpt>
      <trkpt lat="50.4258821" lon="-5.0576215">
        <ele>11.0</ele>
        <time>2026-09-16T11:38:00.000Z</time>
        <speed>1.353</speed>
      </trkpt>
      <trkpt lat="50.4258811" lon="-5.0577077">
        <ele>11.4</ele>
        <time>2026-09-16T11:38:05.000Z</time>
        <speed>1.344</speed>
      </trkpt>
      <trkpt lat="50.4258834" lon="-5.0578079">
        <ele>11.2</ele>
        <time>2026-09-16T11:38:10.000Z</time>
        <speed>1.344</speed>
      </trkpt>
      <trkpt lat="50.4258871" lon="-5.0578998">
        <ele>11.4</ele>
        <time>2026-09-16T11:38:15.000Z</time>
        <speed>1.325</speed>
      </trkpt>
      <trkpt lat="50.4258962" lon="-5.0579983">
        <ele>11.2</ele>
        <time>2026-09-16T11:38:20.000Z</time>
        <speed>1.334</speed>
      </trkpt>
      <trkpt lat="50.4259014" lon="-5.0580862">
        <ele>11.6</ele>
        <time>2026-09-16T11:38:25.000Z</time>
        <speed>1.344</speed>
      </trkpt>
      <trkpt lat="50.4259130" lon="-5.0581669">
        <ele>11.0</ele>
        <time>2026-09-16T11:38:30.000Z</time>
        <speed>1.325</speed>
      </trkpt>
      <trkpt lat="50.4259278" lon="-5.0582626">
        <ele>11.2</ele>
        <time>2026-09-16T11:38:35.000Z</time>
        <speed>1.325</speed>
      </trkpt>
      <trkpt lat="50.4259443" lon="-5.0583657">
        <ele>11.4</ele>
        <time>2026-09-16T11:38:40.000Z</time>
        <speed>1.334</speed>
      </trkpt>
      <trkpt lat="50.4259650" lon="-5.0584667">
        <ele>12.4</ele>
        <time>2026-09-16T11:38:45.000Z</time>
        <speed>1.353</speed>
      </trkpt>
      <trkpt lat="50.4259970" lon="-5.0585615">
        <ele>12.8</ele>
        <time>2026-09-16T11:38:50.000Z</time>
        <speed>1.372</speed>
      </trkpt>
      <trkpt lat="50.4260175" lon="-5.0586333">
        <ele>13.0</ele>
        <time>2026-09-16T11:38:55.000Z</time>
        <speed>1.344</speed>
      </trkpt>
      <trkpt lat="50.4260562" lon="-5.0587031">
        <ele>13.0</ele>
        <time>2026-09-16T11:39:00.000Z</time>
        <speed>1.334</speed>
      </trkpt>
      <trkpt lat="50.4260824" lon="-5.0587916">
        <ele>13.2</ele>
        <time>2026-09-16T11:39:05.000Z</time>
        <speed>1.316</speed>
      </trkpt>
      <trkpt lat="50.4260965" lon="-5.0588977">
        <ele>13.4</ele>
        <time>2026-09-16T11:39:10.000Z</time>
        <speed>1.344</speed>
      </trkpt>
      <trkpt lat="50.4261084" lon="-5.0589837">
        <ele>13.2</ele>
        <time>2026-09-16T11:39:15.000Z</time>
        <speed>1.334</speed>
      </trkpt>
      <trkpt lat="50.4261238" lon="-5.0590837">
        <ele>13.0</ele>
        <time>2026-09-16T11:39:20.000Z</time>
        <speed>1.353</speed>
      </trkpt>
      <trkpt lat="50.4261387" lon="-5.0591830">
        <ele>13.0</ele>
        <time>2026-09-16T11:39:25.000Z</time>
        <speed>1.362</speed>
      </trkpt>
      <trkpt lat="50.4261561" lon="-5.0592727">
        <ele>13.0</ele>
        <time>2026-09-16T11:39:30.000Z</time>
        <speed>1.362</speed>
      </trkpt>
      <trkpt lat="50.4261917" lon="-5.0593487">
        <ele>13.2</ele>
        <time>2026-09-16T11:39:35.000Z</time>
        <speed>1.334</speed>
      </trkpt>
      <trkpt lat="50.4262380" lon="-5.0594214">
        <ele>13.6</ele>
        <time>2026-09-16T11:39:40.000Z</time>
        <speed>1.362</speed>
      </trkpt>
      <trkpt lat="50.4262858" lon="-5.0594874">
        <ele>13.8</ele>
        <time>2026-09-16T11:39:45.000Z</time>
        <speed>1.362</speed>
      </trkpt>
      <trkpt lat="50.4263228" lon="-5.0595425">
        <ele>14.2</ele>
        <time>2026-09-16T11:39:50.000Z</time>
        <speed>1.297</speed>
      </trkpt>
      <trkpt lat="50.4263511" lon="-5.0596080">
        <ele>15.2</ele>
        <time>2026-09-16T11:39:55.000Z</time>
        <speed>1.260</speed>
      </trkpt>
      <trkpt lat="50.4263859" lon="-5.0596928">
        <ele>15.4</ele>
        <time>2026-09-16T11:40:00.000Z</time>
        <speed>1.288</speed>
      </trkpt>
      <trkpt lat="50.4264289" lon="-5.0597652">
        <ele>15.6</ele>
        <time>2026-09-16T11:40:05.000Z</time>
        <speed>1.334</speed>
      </trkpt>
      <trkpt lat="50.4264664" lon="-5.0598359">
        <ele>15.2</ele>
        <time>2026-09-16T11:40:10.000Z</time>
        <speed>1.316</speed>
      </trkpt>
      <trkpt lat="50.4264797" lon="-5.0599265">
        <ele>15.4</ele>
        <time>2026-09-16T11:40:15.000Z</time>
        <speed>1.325</speed>
      </trkpt>
      <trkpt lat="50.4264778" lon="-5.0600168">
        <ele>15.0</ele>
        <time>2026-09-16T11:40:20.000Z</time>
        <speed>1.316</speed>
      </trkpt>
      <trkpt lat="50.4264712" lon="-5.0601077">
        <ele>13.8</ele>
        <time>2026-09-16T11:40:25.000Z</time>
        <speed>1.306</speed>
      </trkpt>
      <trkpt lat="50.4264745" lon="-5.0602023">
        <ele>12.8</ele>
        <time>2026-09-16T11:40:30.000Z</time>
        <speed>1.306</speed>
      </trkpt>
      <trkpt lat="50.4264714" lon="-5.0602905">
        <ele>12.4</ele>
        <time>2026-09-16T11:40:35.000Z</time>
        <speed>1.306</speed>
      </trkpt>
      <trkpt lat="50.4264621" lon="-5.0603695">
        <ele>12.2</ele>
        <time>2026-09-16T11:40:40.000Z</time>
        <speed>1.306</speed>
      </trkpt>
      <trkpt lat="50.4264515" lon="-5.0604782">
        <ele>12.4</ele>
        <time>2026-09-16T11:40:45.000Z</time>
        <speed>1.306</speed>
      </trkpt>
      <trkpt lat="50.4264609" lon="-5.0605750">
        <ele>11.8</ele>
        <time>2026-09-16T11:40:50.000Z</time>
        <speed>1.325</speed>
      </trkpt>
      <trkpt lat="50.4265208" lon="-5.0605794">
        <ele>11.8</ele>
        <time>2026-09-16T11:40:55.000Z</time>
        <speed>1.325</speed>
      </trkpt>
      <trkpt lat="50.4265656" lon="-5.0606182">
        <ele>12.2</ele>
        <time>2026-09-16T11:41:00.000Z</time>
        <speed>1.334</speed>
      </trkpt>
      <trkpt lat="50.4265654" lon="-5.0606377">
        <ele>12.4</ele>
        <time>2026-09-16T11:41:05.000Z</time>
        <speed>1.129</speed>
      </trkpt>
      <trkpt lat="50.4265560" lon="-5.0606496">
        <ele>12.6</ele>
        <time>2026-09-16T11:41:10.000Z</time>
        <speed>0.000</speed>
      </trkpt>
      <trkpt lat="50.4265532" lon="-5.0606501">
        <ele>11.8</ele>
        <time>2026-09-16T11:41:15.000Z</time>
        <speed>0.000</speed>
      </trkpt>
      <trkpt lat="50.4265532" lon="-5.0606501">
        <ele>11.8</ele>
        <time>2026-09-16T11:41:20.000Z</time>
        <speed>0.000</speed>
      </trkpt>
      <trkpt lat="50.4265697" lon="-5.0606596">
        <ele>11.8</ele>
        <time>2026-09-16T11:41:25.000Z</time>
        <speed>0.000</speed>
      </trkpt>
      <trkpt lat="50.4265749" lon="-5.0606964">
        <ele>12.4</ele>
        <time>2026-09-16T11:41:30.000Z</time>
        <speed>0.000</speed>
      </trkpt>
      <trkpt lat="50.4265757" lon="-5.0607013">
        <ele>12.0</ele>
        <time>2026-09-16T11:41:35.000Z</time>
        <speed>0.000</speed>
      </trkpt>
      <trkpt lat="50.4265751" lon="-5.0607919">
        <ele>12.0</ele>
        <time>2026-09-16T11:41:40.000Z</time>
        <speed>1.194</speed>
      </trkpt>
      <trkpt lat="50.4265765" lon="-5.0608564">
        <ele>12.0</ele>
        <time>2026-09-16T11:41:45.000Z</time>
        <speed>0.952</speed>
      </trkpt>
      <trkpt lat="50.4265739" lon="-5.0609173">
        <ele>13.4</ele>
        <time>2026-09-16T11:41:50.000Z</time>
        <speed>0.896</speed>
      </trkpt>
      <trkpt lat="50.4265713" lon="-5.0609878">
        <ele>15.0</ele>
        <time>2026-09-16T11:41:55.000Z</time>
        <speed>1.036</speed>
      </trkpt>
      <trkpt lat="50.4265766" lon="-5.0610311">
        <ele>14.8</ele>
        <time>2026-09-16T11:42:00.000Z</time>
        <speed>1.064</speed>
      </trkpt>
      <trkpt lat="50.4265406" lon="-5.0610249">
        <ele>14.4</ele>
        <time>2026-09-16T11:42:05.000Z</time>
        <speed>0.886</speed>
      </trkpt>
      <trkpt lat="50.4265173" lon="-5.0610119">
        <ele>14.6</ele>
        <time>2026-09-16T11:42:10.000Z</time>
        <speed>0.681</speed>
      </trkpt>
      <trkpt lat="50.4265254" lon="-5.0610076">
        <ele>13.8</ele>
        <time>2026-09-16T11:42:15.000Z</time>
        <speed>0.662</speed>
      </trkpt>
      <trkpt lat="50.4265563" lon="-5.0610241">
        <ele>14.8</ele>
        <time>2026-09-16T11:42:20.000Z</time>
        <speed>0.728</speed>
      </trkpt>
      <trkpt lat="50.4266116" lon="-5.0610521">
        <ele>14.4</ele>
        <time>2026-09-16T11:42:25.000Z</time>
        <speed>1.073</speed>
      </trkpt>
      <trkpt lat="50.4266640" lon="-5.0610649">
        <ele>14.4</ele>
        <time>2026-09-16T11:42:30.000Z</time>
        <speed>1.213</speed>
      </trkpt>
      <trkpt lat="50.4267033" lon="-5.0610717">
        <ele>14.2</ele>
        <time>2026-09-16T11:42:35.000Z</time>
        <speed>1.166</speed>
      </trkpt>
      <trkpt lat="50.4267519" lon="-5.0611005">
        <ele>14.0</ele>
        <time>2026-09-16T11:42:40.000Z</time>
        <speed>1.082</speed>
      </trkpt>
      <trkpt lat="50.4267722" lon="-5.0611142">
        <ele>15.6</ele>
        <time>2026-09-16T11:42:45.000Z</time>
        <speed>1.026</speed>
      </trkpt>
      <trkpt lat="50.4267801" lon="-5.0611129">
        <ele>14.8</ele>
        <time>2026-09-16T11:42:50.000Z</time>
        <speed>0.942</speed>
      </trkpt>
      <trkpt lat="50.4267790" lon="-5.0611162">
        <ele>15.4</ele>
        <time>2026-09-16T11:42:55.000Z</time>
        <speed>0.000</speed>
      </trkpt>
      <trkpt lat="50.4267790" lon="-5.0611162">
        <ele>15.6</ele>
        <time>2026-09-16T11:43:00.000Z</time>
        <speed>0.000</speed>
      </trkpt>
      <trkpt lat="50.4267790" lon="-5.0611162">
        <ele>15.8</ele>
        <time>2026-09-16T11:43:05.000Z</time>
        <speed>0.000</speed>
      </trkpt>
      <trkpt lat="50.4267790" lon="-5.0611162">
        <ele>15.8</ele>
        <time>2026-09-16T11:43:10.000Z</time>
        <speed>0.000</speed>
      </trkpt>
      <trkpt lat="50.4267790" lon="-5.0611162">
        <ele>16.0</ele>
        <time>2026-09-16T11:43:15.000Z</time>
        <speed>0.000</speed>
      </trkpt>
      <trkpt lat="50.4267790" lon="-5.0611162">
        <ele>16.2</ele>
        <time>2026-09-16T11:43:20.000Z</time>
        <speed>0.000</speed>
      </trkpt>
      <trkpt lat="50.4267790" lon="-5.0611162">
        <ele>16.0</ele>
        <time>2026-09-16T11:43:25.000Z</time>
        <speed>0.000</speed>
      </trkpt>
      <trkpt lat="50.4267754" lon="-5.0611150">
        <ele>15.4</ele>
        <time>2026-09-16T11:43:30.000Z</time>
        <speed>0.000</speed>
      </trkpt>
      <trkpt lat="50.4267324" lon="-5.0610886">
        <ele>15.2</ele>
        <time>2026-09-16T11:43:35.000Z</time>
        <speed>0.364</speed>
      </trkpt>
      <trkpt lat="50.4266725" lon="-5.0610759">
        <ele>15.2</ele>
        <time>2026-09-16T11:43:40.000Z</time>
        <speed>1.316</speed>
      </trkpt>
      <trkpt lat="50.4266124" lon="-5.0610672">
        <ele>14.4</ele>
        <time>2026-09-16T11:43:45.000Z</time>
        <speed>1.278</speed>
      </trkpt>
      <trkpt lat="50.4265706" lon="-5.0610030">
        <ele>14.4</ele>
        <time>2026-09-16T11:43:50.000Z</time>
        <speed>1.288</speed>
      </trkpt>
      <trkpt lat="50.4265638" lon="-5.0609475">
        <ele>14.6</ele>
        <time>2026-09-16T11:43:55.000Z</time>
        <speed>1.129</speed>
      </trkpt>
      <trkpt lat="50.4265697" lon="-5.0609005">
        <ele>14.2</ele>
        <time>2026-09-16T11:44:00.000Z</time>
        <speed>0.942</speed>
      </trkpt>
      <trkpt lat="50.4265716" lon="-5.0608499">
        <ele>13.2</ele>
        <time>2026-09-16T11:44:05.000Z</time>
        <speed>0.877</speed>
      </trkpt>
      <trkpt lat="50.4265739" lon="-5.0607823">
        <ele>11.8</ele>
        <time>2026-09-16T11:44:10.000Z</time>
        <speed>1.064</speed>
      </trkpt>
      <trkpt lat="50.4265774" lon="-5.0607395">
        <ele>11.8</ele>
        <time>2026-09-16T11:44:15.000Z</time>
        <speed>0.000</speed>
      </trkpt>
      <trkpt lat="50.4265760" lon="-5.0606991">
        <ele>12.0</ele>
        <time>2026-09-16T11:44:20.000Z</time>
        <speed>0.000</speed>
      </trkpt>
      <trkpt lat="50.4265702" lon="-5.0606361">
        <ele>12.0</ele>
        <time>2026-09-16T11:44:25.000Z</time>
        <speed>0.000</speed>
      </trkpt>
      <trkpt lat="50.4265773" lon="-5.0605958">
        <ele>12.6</ele>
        <time>2026-09-16T11:44:30.000Z</time>
        <speed>0.737</speed>
      </trkpt>
      <trkpt lat="50.4266110" lon="-5.0605694">
        <ele>13.6</ele>
        <time>2026-09-16T11:44:35.000Z</time>
        <speed>0.877</speed>
      </trkpt>
      <trkpt lat="50.4266419" lon="-5.0605429">
        <ele>14.6</ele>
        <time>2026-09-16T11:44:40.000Z</time>
        <speed>0.886</speed>
      </trkpt>
      <trkpt lat="50.4266733" lon="-5.0605048">
        <ele>15.4</ele>
        <time>2026-09-16T11:44:45.000Z</time>
        <speed>0.868</speed>
      </trkpt>
      <trkpt lat="50.4266977" lon="-5.0604591">
        <ele>16.8</ele>
        <time>2026-09-16T11:44:50.000Z</time>
        <speed>0.924</speed>
      </trkpt>
      <trkpt lat="50.4267387" lon="-5.0604015">
        <ele>17.4</ele>
        <time>2026-09-16T11:44:55.000Z</time>
        <speed>1.148</speed>
      </trkpt>
      <trkpt lat="50.4267705" lon="-5.0603291">
        <ele>17.2</ele>
        <time>2026-09-16T11:45:00.000Z</time>
        <speed>1.269</speed>
      </trkpt>
      <trkpt lat="50.4267814" lon="-5.0602274">
        <ele>17.2</ele>
        <time>2026-09-16T11:45:05.000Z</time>
        <speed>1.400</speed>
      </trkpt>
      <trkpt lat="50.4267892" lon="-5.0601391">
        <ele>16.8</ele>
        <time>2026-09-16T11:45:10.000Z</time>
        <speed>1.372</speed>
      </trkpt>
      <trkpt lat="50.4268028" lon="-5.0600609">
        <ele>17.4</ele>
        <time>2026-09-16T11:45:15.000Z</time>
        <speed>1.325</speed>
      </trkpt>
      <trkpt lat="50.4268244" lon="-5.0600033">
        <ele>17.8</ele>
        <time>2026-09-16T11:45:20.000Z</time>
        <speed>1.213</speed>
      </trkpt>
      <trkpt lat="50.4268613" lon="-5.0599875">
        <ele>17.8</ele>
        <time>2026-09-16T11:45:25.000Z</time>
        <speed>0.998</speed>
      </trkpt>
      <trkpt lat="50.4268884" lon="-5.0599747">
        <ele>17.6</ele>
        <time>2026-09-16T11:45:30.000Z</time>
        <speed>0.924</speed>
      </trkpt>
      <trkpt lat="50.4269241" lon="-5.0599347">
        <ele>17.8</ele>
        <time>2026-09-16T11:45:35.000Z</time>
        <speed>0.980</speed>
      </trkpt>
      <trkpt lat="50.4269331" lon="-5.0599346">
        <ele>18.0</ele>
        <time>2026-09-16T11:45:40.000Z</time>
        <speed>0.000</speed>
      </trkpt>
      <trkpt lat="50.4269125" lon="-5.0599384">
        <ele>18.0</ele>
        <time>2026-09-16T11:45:45.000Z</time>
        <speed>0.000</speed>
      </trkpt>
      <trkpt lat="50.4269089" lon="-5.0599358">
        <ele>19.2</ele>
        <time>2026-09-16T11:45:50.000Z</time>
        <speed>0.000</speed>
      </trkpt>
      <trkpt lat="50.4269089" lon="-5.0599358">
        <ele>18.6</ele>
        <time>2026-09-16T11:45:55.000Z</time>
        <speed>0.000</speed>
      </trkpt>
      <trkpt lat="50.4269089" lon="-5.0599358">
        <ele>18.4</ele>
        <time>2026-09-16T11:46:00.000Z</time>
        <speed>0.000</speed>
      </trkpt>
      <trkpt lat="50.4269089" lon="-5.0599358">
        <ele>18.4</ele>
        <time>2026-09-16T11:46:05.000Z</time>
        <speed>0.000</speed>
      </trkpt>
      <trkpt lat="50.4269147" lon="-5.0599315">
        <ele>18.8</ele>
        <time>2026-09-16T11:46:10.000Z</time>
        <speed>0.000</speed>
      </trkpt>
      <trkpt lat="50.4269058" lon="-5.0599533">
        <ele>18.2</ele>
        <time>2026-09-16T11:46:15.000Z</time>
        <speed>0.000</speed>
      </trkpt>
      <trkpt lat="50.4269206" lon="-5.0599523">
        <ele>17.6</ele>
        <time>2026-09-16T11:46:20.000Z</time>
        <speed>0.000</speed>
      </trkpt>
      <trkpt lat="50.4269206" lon="-5.0599523">
        <ele>17.0</ele>
        <time>2026-09-16T11:46:25.000Z</time>
        <speed>0.000</speed>
      </trkpt>
      <trkpt lat="50.4269206" lon="-5.0599523">
        <ele>17.6</ele>
        <time>2026-09-16T11:46:30.000Z</time>
        <speed>0.000</speed>
      </trkpt>
      <trkpt lat="50.4269206" lon="-5.0599523">
        <ele>17.4</ele>
        <time>2026-09-16T11:46:35.000Z</time>
        <speed>0.000</speed>
      </trkpt>
      <trkpt lat="50.4269206" lon="-5.0599523">
        <ele>17.8</ele>
        <time>2026-09-16T11:46:40.000Z</time>
        <speed>0.000</speed>
      </trkpt>
      <trkpt lat="50.4269206" lon="-5.0599523">
        <ele>18.0</ele>
        <time>2026-09-16T11:46:45.000Z</time>
        <speed>0.000</speed>
      </trkpt>
      <trkpt lat="50.4269206" lon="-5.0599523">
        <ele>17.2</ele>
        <time>2026-09-16T11:46:50.000Z</time>
        <speed>0.000</speed>
      </trkpt>
      <trkpt lat="50.4269206" lon="-5.0599523">
        <ele>17.6</ele>
        <time>2026-09-16T11:46:55.000Z</time>
        <speed>0.000</speed>
      </trkpt>
      <trkpt lat="50.4269166" lon="-5.0599576">
        <ele>17.6</ele>
        <time>2026-09-16T11:47:00.000Z</time>
        <speed>0.327</speed>
      </trkpt>
      <trkpt lat="50.4269206" lon="-5.0599523">
        <ele>17.4</ele>
        <time>2026-09-16T11:47:05.000Z</time>
        <speed>0.000</speed>
      </trkpt>
      <trkpt lat="50.4269206" lon="-5.0599523">
        <ele>16.8</ele>
        <time>2026-09-16T11:47:10.000Z</time>
        <speed>0.000</speed>
      </trkpt>
      <trkpt lat="50.4269206" lon="-5.0599523">
        <ele>17.2</ele>
        <time>2026-09-16T11:47:15.000Z</time>
        <speed>0.000</speed>
      </trkpt>
      <trkpt lat="50.4269206" lon="-5.0599523">
        <ele>17.4</ele>
        <time>2026-09-16T11:47:20.000Z</time>
        <speed>0.000</speed>
      </trkpt>
      <trkpt lat="50.4269206" lon="-5.0599523">
        <ele>17.2</ele>
        <time>2026-09-16T11:47:25.000Z</time>
        <speed>0.000</speed>
      </trkpt>
      <trkpt lat="50.4269206" lon="-5.0599523">
        <ele>17.2</ele>
        <time>2026-09-16T11:47:30.000Z</time>
        <speed>0.000</speed>
      </trkpt>
      <trkpt lat="50.4269206" lon="-5.0599523">
        <ele>17.2</ele>
        <time>2026-09-16T11:47:35.000Z</time>
        <speed>0.000</speed>
      </trkpt>
      <trkpt lat="50.4269206" lon="-5.0599523">
        <ele>17.6</ele>
        <time>2026-09-16T11:47:40.000Z</time>
        <speed>0.000</speed>
      </trkpt>
      <trkpt lat="50.4269206" lon="-5.0599523">
        <ele>17.2</ele>
        <time>2026-09-16T11:47:45.000Z</time>
        <speed>0.000</speed>
      </trkpt>
      <trkpt lat="50.4269206" lon="-5.0599523">
        <ele>17.6</ele>
        <time>2026-09-16T11:47:50.000Z</time>
        <speed>0.000</speed>
      </trkpt>
      <trkpt lat="50.4269206" lon="-5.0599523">
        <ele>17.4</ele>
        <time>2026-09-16T11:47:55.000Z</time>
        <speed>0.000</speed>
      </trkpt>
      <trkpt lat="50.4269206" lon="-5.0599523">
        <ele>17.4</ele>
        <time>2026-09-16T11:48:00.000Z</time>
        <speed>0.000</speed>
      </trkpt>
      <trkpt lat="50.4269206" lon="-5.0599523">
        <ele>17.4</ele>
        <time>2026-09-16T11:48:05.000Z</time>
        <speed>0.000</speed>
      </trkpt>
      <trkpt lat="50.4269206" lon="-5.0599523">
        <ele>17.0</ele>
        <time>2026-09-16T11:48:10.000Z</time>
        <speed>0.000</speed>
      </trkpt>
      <trkpt lat="50.4269206" lon="-5.0599523">
        <ele>17.0</ele>
        <time>2026-09-16T11:48:15.000Z</time>
        <speed>0.000</speed>
      </trkpt>
      <trkpt lat="50.4269206" lon="-5.0599523">
        <ele>17.4</ele>
        <time>2026-09-16T11:48:20.000Z</time>
        <speed>0.000</speed>
      </trkpt>
      <trkpt lat="50.4269206" lon="-5.0599523">
        <ele>17.2</ele>
        <time>2026-09-16T11:48:25.000Z</time>
        <speed>0.000</speed>
      </trkpt>
      <trkpt lat="50.4269206" lon="-5.0599523">
        <ele>16.8</ele>
        <time>2026-09-16T11:48:30.000Z</time>
        <speed>0.000</speed>
      </trkpt>
      <trkpt lat="50.4269206" lon="-5.0599523">
        <ele>17.2</ele>
        <time>2026-09-16T11:48:35.000Z</time>
        <speed>0.000</speed>
      </trkpt>
      <trkpt lat="50.4269206" lon="-5.0599523">
        <ele>17.2</ele>
        <time>2026-09-16T11:48:40.000Z</time>
        <speed>0.000</speed>
      </trkpt>
      <trkpt lat="50.4269206" lon="-5.0599523">
        <ele>17.2</ele>
        <time>2026-09-16T11:48:45.000Z</time>
        <speed>0.000</speed>
      </trkpt>
      <trkpt lat="50.4269206" lon="-5.0599523">
        <ele>17.2</ele>
        <time>2026-09-16T11:48:50.000Z</time>
        <speed>0.000</speed>
      </trkpt>
      <trkpt lat="50.4269206" lon="-5.0599523">
        <ele>17.4</ele>
        <time>2026-09-16T11:48:55.000Z</time>
        <speed>0.000</speed>
      </trkpt>
      <trkpt lat="50.4269206" lon="-5.0599523">
        <ele>17.2</ele>
        <time>2026-09-16T11:49:00.000Z</time>
        <speed>0.000</speed>
      </trkpt>
      <trkpt lat="50.4269206" lon="-5.0599523">
        <ele>17.0</ele>
        <time>2026-09-16T11:49:05.000Z</time>
        <speed>0.000</speed>
      </trkpt>
      <trkpt lat="50.4269206" lon="-5.0599523">
        <ele>17.2</ele>
        <time>2026-09-16T11:49:10.000Z</time>
        <speed>0.000</speed>
      </trkpt>
      <trkpt lat="50.4269206" lon="-5.0599523">
        <ele>17.2</ele>
        <time>2026-09-16T11:49:15.000Z</time>
        <speed>0.000</speed>
      </trkpt>
      <trkpt lat="50.4269206" lon="-5.0599523">
        <ele>17.6</ele>
        <time>2026-09-16T11:49:20.000Z</time>
        <speed>0.000</speed>
      </trkpt>
      <trkpt lat="50.4269206" lon="-5.0599523">
        <ele>17.2</ele>
        <time>2026-09-16T11:49:25.000Z</time>
        <speed>0.000</speed>
      </trkpt>
      <trkpt lat="50.4269206" lon="-5.0599523">
        <ele>17.4</ele>
        <time>2026-09-16T11:49:30.000Z</time>
        <speed>0.000</speed>
      </trkpt>
      <trkpt lat="50.4269206" lon="-5.0599523">
        <ele>17.0</ele>
        <time>2026-09-16T11:49:35.000Z</time>
        <speed>0.000</speed>
      </trkpt>
      <trkpt lat="50.4269206" lon="-5.0599523">
        <ele>16.8</ele>
        <time>2026-09-16T11:49:40.000Z</time>
        <speed>0.000</speed>
      </trkpt>
      <trkpt lat="50.4269206" lon="-5.0599523">
        <ele>17.2</ele>
        <time>2026-09-16T11:49:45.000Z</time>
        <speed>0.000</speed>
      </trkpt>
      <trkpt lat="50.4269206" lon="-5.0599523">
        <ele>17.4</ele>
        <time>2026-09-16T11:49:50.000Z</time>
        <speed>0.000</speed>
      </trkpt>
      <trkpt lat="50.4269206" lon="-5.0599523">
        <ele>17.6</ele>
        <time>2026-09-16T11:49:55.000Z</time>
        <speed>0.000</speed>
      </trkpt>
      <trkpt lat="50.4269206" lon="-5.0599523">
        <ele>17.8</ele>
        <time>2026-09-16T11:50:00.000Z</time>
        <speed>0.000</speed>
      </trkpt>
      <trkpt lat="50.4269206" lon="-5.0599523">
        <ele>17.0</ele>
        <time>2026-09-16T11:50:05.000Z</time>
        <speed>0.000</speed>
      </trkpt>
      <trkpt lat="50.4269206" lon="-5.0599523">
        <ele>17.2</ele>
        <time>2026-09-16T11:50:10.000Z</time>
        <speed>0.000</speed>
      </trkpt>
      <trkpt lat="50.4269206" lon="-5.0599523">
        <ele>17.2</ele>
        <time>2026-09-16T11:50:15.000Z</time>
        <speed>0.000</speed>
      </trkpt>
      <trkpt lat="50.4269206" lon="-5.0599523">
        <ele>16.8</ele>
        <time>2026-09-16T11:50:20.000Z</time>
        <speed>0.000</speed>
      </trkpt>
      <trkpt lat="50.4269206" lon="-5.0599523">
        <ele>17.2</ele>
        <time>2026-09-16T11:50:25.000Z</time>
        <speed>0.000</speed>
      </trkpt>
      <trkpt lat="50.4269206" lon="-5.0599523">
        <ele>17.2</ele>
        <time>2026-09-16T11:50:30.000Z</time>
        <speed>0.000</speed>
      </trkpt>
      <trkpt lat="50.4269206" lon="-5.0599523">
        <ele>17.4</ele>
        <time>2026-09-16T11:50:35.000Z</time>
        <speed>0.000</speed>
      </trkpt>
      <trkpt lat="50.4269206" lon="-5.0599523">
        <ele>17.2</ele>
        <time>2026-09-16T11:50:40.000Z</time>
        <speed>0.000</speed>
      </trkpt>
      <trkpt lat="50.4269206" lon="-5.0599523">
        <ele>17.0</ele>
        <time>2026-09-16T11:50:45.000Z</time>
        <speed>0.000</speed>
      </trkpt>
      <trkpt lat="50.4269206" lon="-5.0599523">
        <ele>17.0</ele>
        <time>2026-09-16T11:50:50.000Z</time>
        <speed>0.000</speed>
      </trkpt>
      <trkpt lat="50.4269206" lon="-5.0599523">
        <ele>17.2</ele>
        <time>2026-09-16T11:50:55.000Z</time>
        <speed>0.000</speed>
      </trkpt>
      <trkpt lat="50.4269206" lon="-5.0599523">
        <ele>17.2</ele>
        <time>2026-09-16T11:51:00.000Z</time>
        <speed>0.000</speed>
      </trkpt>
      <trkpt lat="50.4269206" lon="-5.0599523">
        <ele>17.2</ele>
        <time>2026-09-16T11:51:05.000Z</time>
        <speed>0.000</speed>
      </trkpt>
      <trkpt lat="50.4269206" lon="-5.0599523">
        <ele>17.2</ele>
        <time>2026-09-16T11:51:10.000Z</time>
        <speed>0.000</speed>
      </trkpt>
      <trkpt lat="50.4269206" lon="-5.0599523">
        <ele>17.4</ele>
        <time>2026-09-16T11:51:15.000Z</time>
        <speed>0.000</speed>
      </trkpt>
      <trkpt lat="50.4269206" lon="-5.0599523">
        <ele>17.0</ele>
        <time>2026-09-16T11:51:20.000Z</time>
        <speed>0.000</speed>
      </trkpt>
      <trkpt lat="50.4269206" lon="-5.0599523">
        <ele>17.4</ele>
        <time>2026-09-16T11:51:25.000Z</time>
        <speed>0.000</speed>
      </trkpt>
      <trkpt lat="50.4269206" lon="-5.0599523">
        <ele>16.8</ele>
        <time>2026-09-16T11:51:30.000Z</time>
        <speed>0.000</speed>
      </trkpt>
      <trkpt lat="50.4269206" lon="-5.0599523">
        <ele>17.2</ele>
        <time>2026-09-16T11:51:35.000Z</time>
        <speed>0.000</speed>
      </trkpt>
      <trkpt lat="50.4269206" lon="-5.0599523">
        <ele>16.8</ele>
        <time>2026-09-16T11:51:40.000Z</time>
        <speed>0.000</speed>
      </trkpt>
      <trkpt lat="50.4269206" lon="-5.0599523">
        <ele>17.0</ele>
        <time>2026-09-16T11:51:45.000Z</time>
        <speed>0.000</speed>
      </trkpt>
      <trkpt lat="50.4269206" lon="-5.0599523">
        <ele>17.0</ele>
        <time>2026-09-16T11:51:50.000Z</time>
        <speed>0.000</speed>
      </trkpt>
      <trkpt lat="50.4269206" lon="-5.0599523">
        <ele>17.2</ele>
        <time>2026-09-16T11:51:55.000Z</time>
        <speed>0.000</speed>
      </trkpt>
      <trkpt lat="50.4269206" lon="-5.0599523">
        <ele>17.2</ele>
        <time>2026-09-16T11:52:00.000Z</time>
        <speed>0.000</speed>
      </trkpt>
      <trkpt lat="50.4269206" lon="-5.0599523">
        <ele>16.8</ele>
        <time>2026-09-16T11:52:05.000Z</time>
        <speed>0.000</speed>
      </trkpt>
      <trkpt lat="50.4269206" lon="-5.0599523">
        <ele>17.2</ele>
        <time>2026-09-16T11:52:10.000Z</time>
        <speed>0.000</speed>
      </trkpt>
      <trkpt lat="50.4269206" lon="-5.0599523">
        <ele>17.0</ele>
        <time>2026-09-16T11:52:15.000Z</time>
        <speed>0.000</speed>
      </trkpt>
      <trkpt lat="50.4269206" lon="-5.0599523">
        <ele>17.2</ele>
        <time>2026-09-16T11:52:20.000Z</time>
        <speed>0.000</speed>
      </trkpt>
      <trkpt lat="50.4269206" lon="-5.0599523">
        <ele>17.2</ele>
        <time>2026-09-16T11:52:25.000Z</time>
        <speed>0.000</speed>
      </trkpt>
      <trkpt lat="50.4269206" lon="-5.0599523">
        <ele>17.4</ele>
        <time>2026-09-16T11:52:30.000Z</time>
        <speed>0.000</speed>
      </trkpt>
      <trkpt lat="50.4269206" lon="-5.0599523">
        <ele>17.4</ele>
        <time>2026-09-16T11:52:35.000Z</time>
        <speed>0.000</speed>
      </trkpt>
      <trkpt lat="50.4269206" lon="-5.0599523">
        <ele>17.4</ele>
        <time>2026-09-16T11:52:40.000Z</time>
        <speed>0.000</speed>
      </trkpt>
      <trkpt lat="50.4269206" lon="-5.0599523">
        <ele>17.4</ele>
        <time>2026-09-16T11:52:45.000Z</time>
        <speed>0.000</speed>
      </trkpt>
      <trkpt lat="50.4269206" lon="-5.0599523">
        <ele>17.6</ele>
        <time>2026-09-16T11:52:50.000Z</time>
        <speed>0.000</speed>
      </trkpt>
      <trkpt lat="50.4269206" lon="-5.0599523">
        <ele>17.4</ele>
        <time>2026-09-16T11:52:55.000Z</time>
        <speed>0.000</speed>
      </trkpt>
      <trkpt lat="50.4269206" lon="-5.0599523">
        <ele>17.4</ele>
        <time>2026-09-16T11:53:00.000Z</time>
        <speed>0.000</speed>
      </trkpt>
      <trkpt lat="50.4269206" lon="-5.0599523">
        <ele>17.4</ele>
        <time>2026-09-16T11:53:05.000Z</time>
        <speed>0.000</speed>
      </trkpt>
      <trkpt lat="50.4269206" lon="-5.0599523">
        <ele>17.4</ele>
        <time>2026-09-16T11:53:10.000Z</time>
        <speed>0.000</speed>
      </trkpt>
      <trkpt lat="50.4269206" lon="-5.0599523">
        <ele>17.6</ele>
        <time>2026-09-16T11:53:15.000Z</time>
        <speed>0.000</speed>
      </trkpt>
      <trkpt lat="50.4269206" lon="-5.0599523">
        <ele>17.4</ele>
        <time>2026-09-16T11:53:20.000Z</time>
        <speed>0.000</speed>
      </trkpt>
      <trkpt lat="50.4269206" lon="-5.0599523">
        <ele>17.6</ele>
        <time>2026-09-16T11:53:25.000Z</time>
        <speed>0.000</speed>
      </trkpt>
      <trkpt lat="50.4269206" lon="-5.0599523">
        <ele>17.6</ele>
        <time>2026-09-16T11:53:30.000Z</time>
        <speed>0.000</speed>
      </trkpt>
      <trkpt lat="50.4269206" lon="-5.0599523">
        <ele>17.4</ele>
        <time>2026-09-16T11:53:35.000Z</time>
        <speed>0.000</speed>
      </trkpt>
      <trkpt lat="50.4269206" lon="-5.0599523">
        <ele>17.4</ele>
        <time>2026-09-16T11:53:40.000Z</time>
        <speed>0.000</speed>
      </trkpt>
      <trkpt lat="50.4269206" lon="-5.0599523">
        <ele>17.6</ele>
        <time>2026-09-16T11:53:45.000Z</time>
        <speed>0.000</speed>
      </trkpt>
      <trkpt lat="50.4269206" lon="-5.0599523">
        <ele>17.6</ele>
        <time>2026-09-16T11:53:50.000Z</time>
        <speed>0.000</speed>
      </trkpt>
      <trkpt lat="50.4269206" lon="-5.0599523">
        <ele>17.8</ele>
        <time>2026-09-16T11:53:55.000Z</time>
        <speed>0.000</speed>
      </trkpt>
      <trkpt lat="50.4269206" lon="-5.0599523">
        <ele>17.8</ele>
        <time>2026-09-16T11:54:00.000Z</time>
        <speed>0.000</speed>
      </trkpt>
      <trkpt lat="50.4269206" lon="-5.0599523">
        <ele>17.6</ele>
        <time>2026-09-16T11:54:05.000Z</time>
        <speed>0.000</speed>
      </trkpt>
      <trkpt lat="50.4269206" lon="-5.0599523">
        <ele>18.0</ele>
        <time>2026-09-16T11:54:10.000Z</time>
        <speed>0.000</speed>
      </trkpt>
      <trkpt lat="50.4269206" lon="-5.0599523">
        <ele>17.6</ele>
        <time>2026-09-16T11:54:15.000Z</time>
        <speed>0.000</speed>
      </trkpt>
      <trkpt lat="50.4269206" lon="-5.0599523">
        <ele>17.4</ele>
        <time>2026-09-16T11:54:20.000Z</time>
        <speed>0.000</speed>
      </trkpt>
      <trkpt lat="50.4269206" lon="-5.0599523">
        <ele>17.6</ele>
        <time>2026-09-16T11:54:25.000Z</time>
        <speed>0.000</speed>
      </trkpt>
      <trkpt lat="50.4269206" lon="-5.0599523">
        <ele>17.8</ele>
        <time>2026-09-16T11:54:30.000Z</time>
        <speed>0.000</speed>
      </trkpt>
      <trkpt lat="50.4269206" lon="-5.0599523">
        <ele>18.0</ele>
        <time>2026-09-16T11:54:35.000Z</time>
        <speed>0.000</speed>
      </trkpt>
      <trkpt lat="50.4269206" lon="-5.0599523">
        <ele>17.6</ele>
        <time>2026-09-16T11:54:40.000Z</time>
        <speed>0.000</speed>
      </trkpt>
      <trkpt lat="50.4269206" lon="-5.0599523">
        <ele>17.4</ele>
        <time>2026-09-16T11:54:45.000Z</time>
        <speed>0.000</speed>
      </trkpt>
      <trkpt lat="50.4269206" lon="-5.0599523">
        <ele>17.4</ele>
        <time>2026-09-16T11:54:50.000Z</time>
        <speed>0.000</speed>
      </trkpt>
      <trkpt lat="50.4269206" lon="-5.0599523">
        <ele>17.6</ele>
        <time>2026-09-16T11:54:55.000Z</time>
        <speed>0.000</speed>
      </trkpt>
      <trkpt lat="50.4269206" lon="-5.0599523">
        <ele>17.6</ele>
        <time>2026-09-16T11:55:00.000Z</time>
        <speed>0.000</speed>
      </trkpt>
      <trkpt lat="50.4269206" lon="-5.0599523">
        <ele>17.4</ele>
        <time>2026-09-16T11:55:05.000Z</time>
        <speed>0.000</speed>
      </trkpt>
      <trkpt lat="50.4269206" lon="-5.0599523">
        <ele>17.6</ele>
        <time>2026-09-16T11:55:10.000Z</time>
        <speed>0.000</speed>
      </trkpt>
      <trkpt lat="50.4269206" lon="-5.0599523">
        <ele>17.8</ele>
        <time>2026-09-16T11:55:15.000Z</time>
        <speed>0.000</speed>
      </trkpt>
      <trkpt lat="50.4269206" lon="-5.0599523">
        <ele>17.6</ele>
        <time>2026-09-16T11:55:20.000Z</time>
        <speed>0.000</speed>
      </trkpt>
      <trkpt lat="50.4269206" lon="-5.0599523">
        <ele>17.6</ele>
        <time>2026-09-16T11:55:25.000Z</time>
        <speed>0.000</speed>
      </trkpt>
      <trkpt lat="50.4269206" lon="-5.0599523">
        <ele>17.8</ele>
        <time>2026-09-16T11:55:30.000Z</time>
        <speed>0.000</speed>
      </trkpt>
      <trkpt lat="50.4269206" lon="-5.0599523">
        <ele>18.0</ele>
        <time>2026-09-16T11:55:35.000Z</time>
        <speed>0.000</speed>
      </trkpt>
      <trkpt lat="50.4269206" lon="-5.0599523">
        <ele>17.8</ele>
        <time>2026-09-16T11:55:40.000Z</time>
        <speed>0.000</speed>
      </trkpt>
      <trkpt lat="50.4269206" lon="-5.0599523">
        <ele>17.8</ele>
        <time>2026-09-16T11:55:45.000Z</time>
        <speed>0.000</speed>
      </trkpt>
      <trkpt lat="50.4269206" lon="-5.0599523">
        <ele>18.2</ele>
        <time>2026-09-16T11:55:50.000Z</time>
        <speed>0.000</speed>
      </trkpt>
      <trkpt lat="50.4269206" lon="-5.0599523">
        <ele>17.8</ele>
        <time>2026-09-16T11:55:55.000Z</time>
        <speed>0.000</speed>
      </trkpt>
      <trkpt lat="50.4269206" lon="-5.0599523">
        <ele>17.8</ele>
        <time>2026-09-16T11:56:00.000Z</time>
        <speed>0.000</speed>
      </trkpt>
      <trkpt lat="50.4269206" lon="-5.0599523">
        <ele>18.0</ele>
        <time>2026-09-16T11:56:05.000Z</time>
        <speed>0.000</speed>
      </trkpt>
      <trkpt lat="50.4269206" lon="-5.0599523">
        <ele>19.0</ele>
        <time>2026-09-16T11:56:10.000Z</time>
        <speed>0.000</speed>
      </trkpt>
      <trkpt lat="50.4269206" lon="-5.0599523">
        <ele>18.0</ele>
        <time>2026-09-16T11:56:15.000Z</time>
        <speed>0.000</speed>
      </trkpt>
      <trkpt lat="50.4269206" lon="-5.0599523">
        <ele>18.2</ele>
        <time>2026-09-16T11:56:20.000Z</time>
        <speed>0.000</speed>
      </trkpt>
      <trkpt lat="50.4269109" lon="-5.0599645">
        <ele>18.2</ele>
        <time>2026-09-16T11:56:25.000Z</time>
        <speed>0.000</speed>
      </trkpt>
      <trkpt lat="50.4269206" lon="-5.0599523">
        <ele>18.8</ele>
        <time>2026-09-16T11:56:30.000Z</time>
        <speed>0.000</speed>
      </trkpt>
      <trkpt lat="50.4269206" lon="-5.0599523">
        <ele>18.0</ele>
        <time>2026-09-16T11:56:35.000Z</time>
        <speed>0.000</speed>
      </trkpt>
      <trkpt lat="50.4269206" lon="-5.0599523">
        <ele>19.0</ele>
        <time>2026-09-16T11:56:40.000Z</time>
        <speed>0.000</speed>
      </trkpt>
      <trkpt lat="50.4269206" lon="-5.0599523">
        <ele>18.6</ele>
        <time>2026-09-16T11:56:45.000Z</time>
        <speed>0.000</speed>
      </trkpt>
      <trkpt lat="50.4269206" lon="-5.0599523">
        <ele>18.8</ele>
        <time>2026-09-16T11:56:50.000Z</time>
        <speed>0.000</speed>
      </trkpt>
      <trkpt lat="50.4269206" lon="-5.0599523">
        <ele>18.4</ele>
        <time>2026-09-16T11:56:55.000Z</time>
        <speed>0.000</speed>
      </trkpt>
      <trkpt lat="50.4269206" lon="-5.0599523">
        <ele>18.6</ele>
        <time>2026-09-16T11:57:00.000Z</time>
        <speed>0.000</speed>
      </trkpt>
      <trkpt lat="50.4269206" lon="-5.0599523">
        <ele>18.4</ele>
        <time>2026-09-16T11:57:05.000Z</time>
        <speed>0.000</speed>
      </trkpt>
      <trkpt lat="50.4269206" lon="-5.0599523">
        <ele>18.8</ele>
        <time>2026-09-16T11:57:10.000Z</time>
        <speed>0.000</speed>
      </trkpt>
      <trkpt lat="50.4269206" lon="-5.0599523">
        <ele>18.8</ele>
        <time>2026-09-16T11:57:15.000Z</time>
        <speed>0.000</speed>
      </trkpt>
      <trkpt lat="50.4269206" lon="-5.0599523">
        <ele>18.2</ele>
        <time>2026-09-16T11:57:20.000Z</time>
        <speed>0.000</speed>
      </trkpt>
      <trkpt lat="50.4269206" lon="-5.0599523">
        <ele>18.2</ele>
        <time>2026-09-16T11:57:25.000Z</time>
        <speed>0.000</speed>
      </trkpt>
      <trkpt lat="50.4269206" lon="-5.0599523">
        <ele>18.4</ele>
        <time>2026-09-16T11:57:30.000Z</time>
        <speed>0.000</speed>
      </trkpt>
      <trkpt lat="50.4269206" lon="-5.0599523">
        <ele>18.4</ele>
        <time>2026-09-16T11:57:35.000Z</time>
        <speed>0.000</speed>
      </trkpt>
      <trkpt lat="50.4269206" lon="-5.0599523">
        <ele>18.0</ele>
        <time>2026-09-16T11:57:40.000Z</time>
        <speed>0.000</speed>
      </trkpt>
      <trkpt lat="50.4269206" lon="-5.0599523">
        <ele>18.2</ele>
        <time>2026-09-16T11:57:45.000Z</time>
        <speed>0.000</speed>
      </trkpt>
      <trkpt lat="50.4269206" lon="-5.0599523">
        <ele>18.2</ele>
        <time>2026-09-16T11:57:50.000Z</time>
        <speed>0.000</speed>
      </trkpt>
      <trkpt lat="50.4269206" lon="-5.0599523">
        <ele>18.2</ele>
        <time>2026-09-16T11:57:55.000Z</time>
        <speed>0.000</speed>
      </trkpt>
      <trkpt lat="50.4269206" lon="-5.0599523">
        <ele>18.2</ele>
        <time>2026-09-16T11:58:00.000Z</time>
        <speed>0.000</speed>
      </trkpt>
      <trkpt lat="50.4269206" lon="-5.0599523">
        <ele>18.2</ele>
        <time>2026-09-16T11:58:05.000Z</time>
        <speed>0.000</speed>
      </trkpt>
      <trkpt lat="50.4269206" lon="-5.0599523">
        <ele>18.0</ele>
        <time>2026-09-16T11:58:10.000Z</time>
        <speed>0.000</speed>
      </trkpt>
      <trkpt lat="50.4269206" lon="-5.0599523">
        <ele>18.6</ele>
        <time>2026-09-16T11:58:15.000Z</time>
        <speed>0.000</speed>
      </trkpt>
      <trkpt lat="50.4269206" lon="-5.0599523">
        <ele>18.2</ele>
        <time>2026-09-16T11:58:20.000Z</time>
        <speed>0.000</speed>
      </trkpt>
      <trkpt lat="50.4269206" lon="-5.0599523">
        <ele>18.8</ele>
        <time>2026-09-16T11:58:25.000Z</time>
        <speed>0.000</speed>
      </trkpt>
      <trkpt lat="50.4269206" lon="-5.0599523">
        <ele>18.4</ele>
        <time>2026-09-16T11:58:30.000Z</time>
        <speed>0.000</speed>
      </trkpt>
      <trkpt lat="50.4269206" lon="-5.0599523">
        <ele>18.2</ele>
        <time>2026-09-16T11:58:35.000Z</time>
        <speed>0.000</speed>
      </trkpt>
      <trkpt lat="50.4269206" lon="-5.0599523">
        <ele>18.4</ele>
        <time>2026-09-16T11:58:40.000Z</time>
        <speed>0.000</speed>
      </trkpt>
      <trkpt lat="50.4269206" lon="-5.0599523">
        <ele>18.6</ele>
        <time>2026-09-16T11:58:45.000Z</time>
        <speed>0.000</speed>
      </trkpt>
      <trkpt lat="50.4269206" lon="-5.0599523">
        <ele>18.6</ele>
        <time>2026-09-16T11:58:50.000Z</time>
        <speed>0.000</speed>
      </trkpt>
      <trkpt lat="50.4269206" lon="-5.0599523">
        <ele>18.6</ele>
        <time>2026-09-16T11:58:55.000Z</time>
        <speed>0.000</speed>
      </trkpt>
      <trkpt lat="50.4269206" lon="-5.0599523">
        <ele>18.4</ele>
        <time>2026-09-16T11:59:00.000Z</time>
        <speed>0.000</speed>
      </trkpt>
      <trkpt lat="50.4269206" lon="-5.0599523">
        <ele>18.2</ele>
        <time>2026-09-16T11:59:05.000Z</time>
        <speed>0.000</speed>
      </trkpt>
      <trkpt lat="50.4269206" lon="-5.0599523">
        <ele>18.4</ele>
        <time>2026-09-16T11:59:10.000Z</time>
        <speed>0.000</speed>
      </trkpt>
      <trkpt lat="50.4269206" lon="-5.0599523">
        <ele>18.6</ele>
        <time>2026-09-16T11:59:15.000Z</time>
        <speed>0.000</speed>
      </trkpt>
      <trkpt lat="50.4269206" lon="-5.0599523">
        <ele>18.2</ele>
        <time>2026-09-16T11:59:20.000Z</time>
        <speed>0.000</speed>
      </trkpt>
      <trkpt lat="50.4269206" lon="-5.0599523">
        <ele>18.6</ele>
        <time>2026-09-16T11:59:25.000Z</time>
        <speed>0.000</speed>
      </trkpt>
      <trkpt lat="50.4269206" lon="-5.0599523">
        <ele>18.2</ele>
        <time>2026-09-16T11:59:30.000Z</time>
        <speed>0.000</speed>
      </trkpt>
      <trkpt lat="50.4269206" lon="-5.0599523">
        <ele>18.2</ele>
        <time>2026-09-16T11:59:35.000Z</time>
        <speed>0.000</speed>
      </trkpt>
      <trkpt lat="50.4269206" lon="-5.0599523">
        <ele>18.6</ele>
        <time>2026-09-16T11:59:40.000Z</time>
        <speed>0.000</speed>
      </trkpt>
      <trkpt lat="50.4269206" lon="-5.0599523">
        <ele>18.6</ele>
        <time>2026-09-16T11:59:45.000Z</time>
        <speed>0.000</speed>
      </trkpt>
      <trkpt lat="50.4269206" lon="-5.0599523">
        <ele>18.6</ele>
        <time>2026-09-16T11:59:50.000Z</time>
        <speed>0.000</speed>
      </trkpt>
      <trkpt lat="50.4269206" lon="-5.0599523">
        <ele>18.4</ele>
        <time>2026-09-16T11:59:55.000Z</time>
        <speed>0.000</speed>
      </trkpt>
      <trkpt lat="50.4269206" lon="-5.0599523">
        <ele>18.0</ele>
        <time>2026-09-16T12:00:00.000Z</time>
        <speed>0.000</speed>
      </trkpt>
      <trkpt lat="50.4269206" lon="-5.0599523">
        <ele>18.2</ele>
        <time>2026-09-16T12:00:05.000Z</time>
        <speed>0.000</speed>
      </trkpt>
      <trkpt lat="50.4269206" lon="-5.0599523">
        <ele>18.4</ele>
        <time>2026-09-16T12:00:10.000Z</time>
        <speed>0.000</speed>
      </trkpt>
      <trkpt lat="50.4269206" lon="-5.0599523">
        <ele>18.2</ele>
        <time>2026-09-16T12:00:15.000Z</time>
        <speed>0.000</speed>
      </trkpt>
      <trkpt lat="50.4269206" lon="-5.0599523">
        <ele>18.2</ele>
        <time>2026-09-16T12:00:20.000Z</time>
        <speed>0.000</speed>
      </trkpt>
      <trkpt lat="50.4269206" lon="-5.0599523">
        <ele>18.4</ele>
        <time>2026-09-16T12:00:25.000Z</time>
        <speed>0.000</speed>
      </trkpt>
      <trkpt lat="50.4269206" lon="-5.0599523">
        <ele>18.4</ele>
        <time>2026-09-16T12:00:30.000Z</time>
        <speed>0.000</speed>
      </trkpt>
      <trkpt lat="50.4269206" lon="-5.0599523">
        <ele>18.6</ele>
        <time>2026-09-16T12:00:35.000Z</time>
        <speed>0.000</speed>
      </trkpt>
      <trkpt lat="50.4269206" lon="-5.0599523">
        <ele>18.8</ele>
        <time>2026-09-16T12:00:40.000Z</time>
        <speed>0.000</speed>
      </trkpt>
      <trkpt lat="50.4269206" lon="-5.0599523">
        <ele>18.8</ele>
        <time>2026-09-16T12:00:45.000Z</time>
        <speed>0.000</speed>
      </trkpt>
      <trkpt lat="50.4269206" lon="-5.0599523">
        <ele>18.6</ele>
        <time>2026-09-16T12:00:50.000Z</time>
        <speed>0.000</speed>
      </trkpt>
      <trkpt lat="50.4269206" lon="-5.0599523">
        <ele>18.8</ele>
        <time>2026-09-16T12:00:55.000Z</time>
        <speed>0.000</speed>
      </trkpt>
      <trkpt lat="50.4269206" lon="-5.0599523">
        <ele>18.2</ele>
        <time>2026-09-16T12:01:00.000Z</time>
        <speed>0.000</speed>
      </trkpt>
      <trkpt lat="50.4269183" lon="-5.0599623">
        <ele>18.8</ele>
        <time>2026-09-16T12:01:05.000Z</time>
        <speed>0.000</speed>
      </trkpt>
      <trkpt lat="50.4269206" lon="-5.0599523">
        <ele>19.2</ele>
        <time>2026-09-16T12:01:10.000Z</time>
        <speed>0.000</speed>
      </trkpt>
      <trkpt lat="50.4269206" lon="-5.0599523">
        <ele>18.6</ele>
        <time>2026-09-16T12:01:15.000Z</time>
        <speed>0.000</speed>
      </trkpt>
      <trkpt lat="50.4269219" lon="-5.0599617">
        <ele>19.2</ele>
        <time>2026-09-16T12:01:20.000Z</time>
        <speed>0.000</speed>
      </trkpt>
      <trkpt lat="50.4269086" lon="-5.0599107">
        <ele>19.4</ele>
        <time>2026-09-16T12:01:25.000Z</time>
        <speed>0.000</speed>
      </trkpt>
      <trkpt lat="50.4269494" lon="-5.0598664">
        <ele>19.0</ele>
        <time>2026-09-16T12:01:30.000Z</time>
        <speed>1.157</speed>
      </trkpt>
      <trkpt lat="50.4269994" lon="-5.0598535">
        <ele>19.6</ele>
        <time>2026-09-16T12:01:35.000Z</time>
        <speed>1.213</speed>
      </trkpt>
      <trkpt lat="50.4270580" lon="-5.0598345">
        <ele>20.6</ele>
        <time>2026-09-16T12:01:40.000Z</time>
        <speed>1.297</speed>
      </trkpt>
      <trkpt lat="50.4271157" lon="-5.0597919">
        <ele>22.2</ele>
        <time>2026-09-16T12:01:45.000Z</time>
        <speed>1.334</speed>
      </trkpt>
      <trkpt lat="50.4271650" lon="-5.0597663">
        <ele>23.6</ele>
        <time>2026-09-16T12:01:50.000Z</time>
        <speed>1.316</speed>
      </trkpt>
      <trkpt lat="50.4272180" lon="-5.0597244">
        <ele>22.2</ele>
        <time>2026-09-16T12:01:55.000Z</time>
        <speed>1.381</speed>
      </trkpt>
      <trkpt lat="50.4272608" lon="-5.0596974">
        <ele>22.2</ele>
        <time>2026-09-16T12:02:00.000Z</time>
        <speed>1.316</speed>
      </trkpt>
      <trkpt lat="50.4273173" lon="-5.0596667">
        <ele>23.6</ele>
        <time>2026-09-16T12:02:05.000Z</time>
        <speed>1.306</speed>
      </trkpt>
      <trkpt lat="50.4273618" lon="-5.0596350">
        <ele>24.8</ele>
        <time>2026-09-16T12:02:10.000Z</time>
        <speed>1.288</speed>
      </trkpt>
      <trkpt lat="50.4273915" lon="-5.0595947">
        <ele>24.2</ele>
        <time>2026-09-16T12:02:15.000Z</time>
        <speed>1.241</speed>
      </trkpt>
      <trkpt lat="50.4274112" lon="-5.0595111">
        <ele>23.8</ele>
        <time>2026-09-16T12:02:20.000Z</time>
        <speed>1.232</speed>
      </trkpt>
      <trkpt lat="50.4274105" lon="-5.0594450">
        <ele>26.0</ele>
        <time>2026-09-16T12:02:25.000Z</time>
        <speed>1.176</speed>
      </trkpt>
      <trkpt lat="50.4274017" lon="-5.0593618">
        <ele>27.0</ele>
        <time>2026-09-16T12:02:30.000Z</time>
        <speed>1.176</speed>
      </trkpt>
      <trkpt lat="50.4274002" lon="-5.0592776">
        <ele>28.2</ele>
        <time>2026-09-16T12:02:35.000Z</time>
        <speed>1.204</speed>
      </trkpt>
      <trkpt lat="50.4273949" lon="-5.0591934">
        <ele>28.6</ele>
        <time>2026-09-16T12:02:40.000Z</time>
        <speed>1.269</speed>
      </trkpt>
      <trkpt lat="50.4273891" lon="-5.0591140">
        <ele>29.4</ele>
        <time>2026-09-16T12:02:45.000Z</time>
        <speed>1.241</speed>
      </trkpt>
      <trkpt lat="50.4273868" lon="-5.0590127">
        <ele>29.4</ele>
        <time>2026-09-16T12:02:50.000Z</time>
        <speed>1.334</speed>
      </trkpt>
      <trkpt lat="50.4273784" lon="-5.0589203">
        <ele>29.0</ele>
        <time>2026-09-16T12:02:55.000Z</time>
        <speed>1.297</speed>
      </trkpt>
      <trkpt lat="50.4273722" lon="-5.0588428">
        <ele>29.8</ele>
        <time>2026-09-16T12:03:00.000Z</time>
        <speed>1.306</speed>
      </trkpt>
      <trkpt lat="50.4273668" lon="-5.0587428">
        <ele>30.6</ele>
        <time>2026-09-16T12:03:05.000Z</time>
        <speed>1.297</speed>
      </trkpt>
      <trkpt lat="50.4273291" lon="-5.0586796">
        <ele>30.6</ele>
        <time>2026-09-16T12:03:10.000Z</time>
        <speed>1.334</speed>
      </trkpt>
      <trkpt lat="50.4273120" lon="-5.0586040">
        <ele>29.0</ele>
        <time>2026-09-16T12:03:15.000Z</time>
        <speed>1.297</speed>
      </trkpt>
      <trkpt lat="50.4273069" lon="-5.0585316">
        <ele>28.6</ele>
        <time>2026-09-16T12:03:20.000Z</time>
        <speed>1.260</speed>
      </trkpt>
      <trkpt lat="50.4273092" lon="-5.0584061">
        <ele>29.2</ele>
        <time>2026-09-16T12:03:25.000Z</time>
        <speed>1.325</speed>
      </trkpt>
      <trkpt lat="50.4272957" lon="-5.0582902">
        <ele>29.4</ele>
        <time>2026-09-16T12:03:30.000Z</time>
        <speed>1.428</speed>
      </trkpt>
      <trkpt lat="50.4272857" lon="-5.0582134">
        <ele>28.6</ele>
        <time>2026-09-16T12:03:35.000Z</time>
        <speed>1.260</speed>
      </trkpt>
      <trkpt lat="50.4272707" lon="-5.0581050">
        <ele>29.4</ele>
        <time>2026-09-16T12:03:40.000Z</time>
        <speed>1.446</speed>
      </trkpt>
      <trkpt lat="50.4272517" lon="-5.0580005">
        <ele>30.0</ele>
        <time>2026-09-16T12:03:45.000Z</time>
        <speed>1.250</speed>
      </trkpt>
      <trkpt lat="50.4272253" lon="-5.0578979">
        <ele>29.4</ele>
        <time>2026-09-16T12:03:50.000Z</time>
        <speed>1.540</speed>
      </trkpt>
      <trkpt lat="50.4271950" lon="-5.0578215">
        <ele>28.4</ele>
        <time>2026-09-16T12:03:55.000Z</time>
        <speed>1.465</speed>
      </trkpt>
      <trkpt lat="50.4271817" lon="-5.0577231">
        <ele>28.6</ele>
        <time>2026-09-16T12:04:00.000Z</time>
        <speed>1.456</speed>
      </trkpt>
      <trkpt lat="50.4271647" lon="-5.0576243">
        <ele>28.6</ele>
        <time>2026-09-16T12:04:05.000Z</time>
        <speed>1.474</speed>
      </trkpt>
      <trkpt lat="50.4271620" lon="-5.0575159">
        <ele>28.8</ele>
        <time>2026-09-16T12:04:10.000Z</time>
        <speed>1.456</speed>
      </trkpt>
      <trkpt lat="50.4271583" lon="-5.0574358">
        <ele>30.0</ele>
        <time>2026-09-16T12:04:15.000Z</time>
        <speed>1.418</speed>
      </trkpt>
      <trkpt lat="50.4271491" lon="-5.0573379">
        <ele>31.6</ele>
        <time>2026-09-16T12:04:20.000Z</time>
        <speed>1.409</speed>
      </trkpt>
      <trkpt lat="50.4271625" lon="-5.0572470">
        <ele>29.0</ele>
        <time>2026-09-16T12:04:25.000Z</time>
        <speed>1.400</speed>
      </trkpt>
      <trkpt lat="50.4272000" lon="-5.0571733">
        <ele>30.2</ele>
        <time>2026-09-16T12:04:30.000Z</time>
        <speed>1.390</speed>
      </trkpt>
      <trkpt lat="50.4272398" lon="-5.0571103">
        <ele>30.4</ele>
        <time>2026-09-16T12:04:35.000Z</time>
        <speed>1.372</speed>
      </trkpt>
      <trkpt lat="50.4272862" lon="-5.0570666">
        <ele>30.6</ele>
        <time>2026-09-16T12:04:40.000Z</time>
        <speed>1.362</speed>
      </trkpt>
      <trkpt lat="50.4273403" lon="-5.0570107">
        <ele>30.8</ele>
        <time>2026-09-16T12:04:45.000Z</time>
        <speed>1.344</speed>
      </trkpt>
      <trkpt lat="50.4273857" lon="-5.0569699">
        <ele>31.8</ele>
        <time>2026-09-16T12:04:50.000Z</time>
        <speed>1.334</speed>
      </trkpt>
      <trkpt lat="50.4274333" lon="-5.0569481">
        <ele>31.0</ele>
        <time>2026-09-16T12:04:55.000Z</time>
        <speed>1.316</speed>
      </trkpt>
      <trkpt lat="50.4274564" lon="-5.0568821">
        <ele>31.4</ele>
        <time>2026-09-16T12:05:00.000Z</time>
        <speed>1.269</speed>
      </trkpt>
      <trkpt lat="50.4274389" lon="-5.0567875">
        <ele>31.8</ele>
        <time>2026-09-16T12:05:05.000Z</time>
        <speed>1.456</speed>
      </trkpt>
      <trkpt lat="50.4274270" lon="-5.0566865">
        <ele>32.0</ele>
        <time>2026-09-16T12:05:10.000Z</time>
        <speed>1.353</speed>
      </trkpt>
      <trkpt lat="50.4274464" lon="-5.0565957">
        <ele>32.0</ele>
        <time>2026-09-16T12:05:15.000Z</time>
        <speed>1.400</speed>
      </trkpt>
      <trkpt lat="50.4274577" lon="-5.0565045">
        <ele>32.4</ele>
        <time>2026-09-16T12:05:20.000Z</time>
        <speed>1.381</speed>
      </trkpt>
      <trkpt lat="50.4274711" lon="-5.0564002">
        <ele>34.6</ele>
        <time>2026-09-16T12:05:25.000Z</time>
        <speed>1.418</speed>
      </trkpt>
      <trkpt lat="50.4274720" lon="-5.0563108">
        <ele>33.0</ele>
        <time>2026-09-16T12:05:30.000Z</time>
        <speed>1.400</speed>
      </trkpt>
      <trkpt lat="50.4274731" lon="-5.0562027">
        <ele>32.0</ele>
        <time>2026-09-16T12:05:35.000Z</time>
        <speed>1.390</speed>
      </trkpt>
      <trkpt lat="50.4274662" lon="-5.0560999">
        <ele>32.2</ele>
        <time>2026-09-16T12:05:40.000Z</time>
        <speed>1.409</speed>
      </trkpt>
      <trkpt lat="50.4274670" lon="-5.0560023">
        <ele>32.0</ele>
        <time>2026-09-16T12:05:45.000Z</time>
        <speed>1.409</speed>
      </trkpt>
      <trkpt lat="50.4274680" lon="-5.0559192">
        <ele>31.6</ele>
        <time>2026-09-16T12:05:50.000Z</time>
        <speed>1.344</speed>
      </trkpt>
      <trkpt lat="50.4274653" lon="-5.0558533">
        <ele>31.6</ele>
        <time>2026-09-16T12:05:55.000Z</time>
        <speed>1.269</speed>
      </trkpt>
      <trkpt lat="50.4274465" lon="-5.0557543">
        <ele>31.6</ele>
        <time>2026-09-16T12:06:00.000Z</time>
        <speed>1.232</speed>
      </trkpt>
      <trkpt lat="50.4274513" lon="-5.0557337">
        <ele>31.4</ele>
        <time>2026-09-16T12:06:05.000Z</time>
        <speed>1.008</speed>
      </trkpt>
      <trkpt lat="50.4274402" lon="-5.0557432">
        <ele>31.2</ele>
        <time>2026-09-16T12:06:10.000Z</time>
        <speed>0.000</speed>
      </trkpt>
      <trkpt lat="50.4274546" lon="-5.0557425">
        <ele>31.2</ele>
        <time>2026-09-16T12:06:15.000Z</time>
        <speed>0.000</speed>
      </trkpt>
      <trkpt lat="50.4274665" lon="-5.0557455">
        <ele>31.0</ele>
        <time>2026-09-16T12:06:20.000Z</time>
        <speed>0.000</speed>
      </trkpt>
      <trkpt lat="50.4274662" lon="-5.0557437">
        <ele>31.2</ele>
        <time>2026-09-16T12:06:25.000Z</time>
        <speed>0.000</speed>
      </trkpt>
      <trkpt lat="50.4274616" lon="-5.0557390">
        <ele>31.4</ele>
        <time>2026-09-16T12:06:30.000Z</time>
        <speed>0.000</speed>
      </trkpt>
      <trkpt lat="50.4274576" lon="-5.0557331">
        <ele>31.0</ele>
        <time>2026-09-16T12:06:35.000Z</time>
        <speed>0.000</speed>
      </trkpt>
      <trkpt lat="50.4274592" lon="-5.0556871">
        <ele>30.8</ele>
        <time>2026-09-16T12:06:40.000Z</time>
        <speed>0.000</speed>
      </trkpt>
      <trkpt lat="50.4274858" lon="-5.0556029">
        <ele>31.0</ele>
        <time>2026-09-16T12:06:45.000Z</time>
        <speed>1.101</speed>
      </trkpt>
      <trkpt lat="50.4275056" lon="-5.0555345">
        <ele>32.4</ele>
        <time>2026-09-16T12:06:50.000Z</time>
        <speed>1.129</speed>
      </trkpt>
      <trkpt lat="50.4274681" lon="-5.0554622">
        <ele>32.2</ele>
        <time>2026-09-16T12:06:55.000Z</time>
        <speed>1.213</speed>
      </trkpt>
      <trkpt lat="50.4274333" lon="-5.0553726">
        <ele>31.6</ele>
        <time>2026-09-16T12:07:00.000Z</time>
        <speed>1.278</speed>
      </trkpt>
      <trkpt lat="50.4273992" lon="-5.0552906">
        <ele>31.0</ele>
        <time>2026-09-16T12:07:05.000Z</time>
        <speed>1.297</speed>
      </trkpt>
      <trkpt lat="50.4273945" lon="-5.0552208">
        <ele>31.4</ele>
        <time>2026-09-16T12:07:10.000Z</time>
        <speed>1.269</speed>
      </trkpt>
      <trkpt lat="50.4274344" lon="-5.0551777">
        <ele>32.4</ele>
        <time>2026-09-16T12:07:15.000Z</time>
        <speed>1.008</speed>
      </trkpt>
      <trkpt lat="50.4274811" lon="-5.0551254">
        <ele>33.2</ele>
        <time>2026-09-16T12:07:20.000Z</time>
        <speed>1.110</speed>
      </trkpt>
      <trkpt lat="50.4275375" lon="-5.0550787">
        <ele>33.6</ele>
        <time>2026-09-16T12:07:25.000Z</time>
        <speed>1.213</speed>
      </trkpt>
      <trkpt lat="50.4275849" lon="-5.0550455">
        <ele>34.6</ele>
        <time>2026-09-16T12:07:30.000Z</time>
        <speed>1.213</speed>
      </trkpt>
      <trkpt lat="50.4276289" lon="-5.0550011">
        <ele>35.4</ele>
        <time>2026-09-16T12:07:35.000Z</time>
        <speed>1.241</speed>
      </trkpt>
      <trkpt lat="50.4276762" lon="-5.0549594">
        <ele>36.4</ele>
        <time>2026-09-16T12:07:40.000Z</time>
        <speed>1.241</speed>
      </trkpt>
      <trkpt lat="50.4277354" lon="-5.0549078">
        <ele>36.6</ele>
        <time>2026-09-16T12:07:45.000Z</time>
        <speed>1.278</speed>
      </trkpt>
      <trkpt lat="50.4277930" lon="-5.0548747">
        <ele>36.6</ele>
        <time>2026-09-16T12:07:50.000Z</time>
        <speed>1.288</speed>
      </trkpt>
      <trkpt lat="50.4278466" lon="-5.0548397">
        <ele>37.4</ele>
        <time>2026-09-16T12:07:55.000Z</time>
        <speed>1.316</speed>
      </trkpt>
      <trkpt lat="50.4278812" lon="-5.0548270">
        <ele>38.6</ele>
        <time>2026-09-16T12:08:00.000Z</time>
        <speed>1.250</speed>
      </trkpt>
      <trkpt lat="50.4279066" lon="-5.0548224">
        <ele>38.2</ele>
        <time>2026-09-16T12:08:05.000Z</time>
        <speed>0.364</speed>
      </trkpt>
      <trkpt lat="50.4279633" lon="-5.0547939">
        <ele>38.0</ele>
        <time>2026-09-16T12:08:10.000Z</time>
        <speed>1.278</speed>
      </trkpt>
      <trkpt lat="50.4280145" lon="-5.0547737">
        <ele>38.2</ele>
        <time>2026-09-16T12:08:15.000Z</time>
        <speed>1.241</speed>
      </trkpt>
      <trkpt lat="50.4280584" lon="-5.0547609">
        <ele>41.4</ele>
        <time>2026-09-16T12:08:20.000Z</time>
        <speed>1.204</speed>
      </trkpt>
      <trkpt lat="50.4280859" lon="-5.0548236">
        <ele>41.4</ele>
        <time>2026-09-16T12:08:25.000Z</time>
        <speed>1.157</speed>
      </trkpt>
      <trkpt lat="50.4281321" lon="-5.0548702">
        <ele>41.6</ele>
        <time>2026-09-16T12:08:30.000Z</time>
        <speed>1.026</speed>
      </trkpt>
      <trkpt lat="50.4281404" lon="-5.0548860">
        <ele>41.4</ele>
        <time>2026-09-16T12:08:35.000Z</time>
        <speed>0.681</speed>
      </trkpt>
      <trkpt lat="50.4281689" lon="-5.0548845">
        <ele>41.6</ele>
        <time>2026-09-16T12:08:40.000Z</time>
        <speed>0.662</speed>
      </trkpt>
      <trkpt lat="50.4282136" lon="-5.0548873">
        <ele>42.8</ele>
        <time>2026-09-16T12:08:45.000Z</time>
        <speed>0.970</speed>
      </trkpt>
      <trkpt lat="50.4282426" lon="-5.0548853">
        <ele>43.2</ele>
        <time>2026-09-16T12:08:50.000Z</time>
        <speed>0.830</speed>
      </trkpt>
      <trkpt lat="50.4282441" lon="-5.0548853">
        <ele>41.0</ele>
        <time>2026-09-16T12:08:55.000Z</time>
        <speed>0.000</speed>
      </trkpt>
      <trkpt lat="50.4282456" lon="-5.0548825">
        <ele>41.8</ele>
        <time>2026-09-16T12:09:00.000Z</time>
        <speed>0.000</speed>
      </trkpt>
      <trkpt lat="50.4283080" lon="-5.0549179">
        <ele>41.4</ele>
        <time>2026-09-16T12:09:05.000Z</time>
        <speed>1.306</speed>
      </trkpt>
      <trkpt lat="50.4283602" lon="-5.0549269">
        <ele>41.0</ele>
        <time>2026-09-16T12:09:10.000Z</time>
        <speed>1.204</speed>
      </trkpt>
      <trkpt lat="50.4284071" lon="-5.0549733">
        <ele>41.2</ele>
        <time>2026-09-16T12:09:15.000Z</time>
        <speed>1.194</speed>
      </trkpt>
      <trkpt lat="50.4284300" lon="-5.0549968">
        <ele>41.0</ele>
        <time>2026-09-16T12:09:20.000Z</time>
        <speed>1.148</speed>
      </trkpt>
      <trkpt lat="50.4284200" lon="-5.0549851">
        <ele>40.8</ele>
        <time>2026-09-16T12:09:25.000Z</time>
        <speed>0.000</speed>
      </trkpt>
      <trkpt lat="50.4284200" lon="-5.0549851">
        <ele>40.6</ele>
        <time>2026-09-16T12:09:30.000Z</time>
        <speed>0.000</speed>
      </trkpt>
      <trkpt lat="50.4284200" lon="-5.0549851">
        <ele>40.4</ele>
        <time>2026-09-16T12:09:35.000Z</time>
        <speed>0.000</speed>
      </trkpt>
      <trkpt lat="50.4284203" lon="-5.0549917">
        <ele>40.4</ele>
        <time>2026-09-16T12:09:40.000Z</time>
        <speed>0.000</speed>
      </trkpt>
      <trkpt lat="50.4284200" lon="-5.0549851">
        <ele>40.8</ele>
        <time>2026-09-16T12:09:45.000Z</time>
        <speed>0.000</speed>
      </trkpt>
      <trkpt lat="50.4284200" lon="-5.0549851">
        <ele>41.4</ele>
        <time>2026-09-16T12:09:50.000Z</time>
        <speed>0.000</speed>
      </trkpt>
      <trkpt lat="50.4284320" lon="-5.0549935">
        <ele>41.2</ele>
        <time>2026-09-16T12:09:55.000Z</time>
        <speed>0.000</speed>
      </trkpt>
      <trkpt lat="50.4284772" lon="-5.0550238">
        <ele>41.6</ele>
        <time>2026-09-16T12:10:00.000Z</time>
        <speed>0.392</speed>
      </trkpt>
      <trkpt lat="50.4285436" lon="-5.0550307">
        <ele>41.4</ele>
        <time>2026-09-16T12:10:05.000Z</time>
        <speed>1.474</speed>
      </trkpt>
      <trkpt lat="50.4286010" lon="-5.0550480">
        <ele>41.0</ele>
        <time>2026-09-16T12:10:10.000Z</time>
        <speed>1.400</speed>
      </trkpt>
      <trkpt lat="50.4286666" lon="-5.0550606">
        <ele>41.8</ele>
        <time>2026-09-16T12:10:15.000Z</time>
        <speed>1.381</speed>
      </trkpt>
      <trkpt lat="50.4287332" lon="-5.0550644">
        <ele>42.8</ele>
        <time>2026-09-16T12:10:20.000Z</time>
        <speed>1.428</speed>
      </trkpt>
      <trkpt lat="50.4287971" lon="-5.0550867">
        <ele>43.4</ele>
        <time>2026-09-16T12:10:25.000Z</time>
        <speed>1.437</speed>
      </trkpt>
      <trkpt lat="50.4288568" lon="-5.0550889">
        <ele>43.8</ele>
        <time>2026-09-16T12:10:30.000Z</time>
        <speed>1.316</speed>
      </trkpt>
      <trkpt lat="50.4289190" lon="-5.0551115">
        <ele>43.8</ele>
        <time>2026-09-16T12:10:35.000Z</time>
        <speed>1.409</speed>
      </trkpt>
      <trkpt lat="50.4289917" lon="-5.0551322">
        <ele>44.2</ele>
        <time>2026-09-16T12:10:40.000Z</time>
        <speed>1.484</speed>
      </trkpt>
      <trkpt lat="50.4290429" lon="-5.0551540">
        <ele>44.8</ele>
        <time>2026-09-16T12:10:45.000Z</time>
        <speed>1.418</speed>
      </trkpt>
      <trkpt lat="50.4291032" lon="-5.0551727">
        <ele>44.8</ele>
        <time>2026-09-16T12:10:50.000Z</time>
        <speed>1.400</speed>
      </trkpt>
      <trkpt lat="50.4291603" lon="-5.0552060">
        <ele>45.2</ele>
        <time>2026-09-16T12:10:55.000Z</time>
        <speed>1.400</speed>
      </trkpt>
      <trkpt lat="50.4292068" lon="-5.0552267">
        <ele>46.6</ele>
        <time>2026-09-16T12:11:00.000Z</time>
        <speed>1.372</speed>
      </trkpt>
      <trkpt lat="50.4292289" lon="-5.0552517">
        <ele>45.6</ele>
        <time>2026-09-16T12:11:05.000Z</time>
        <speed>0.980</speed>
      </trkpt>
      <trkpt lat="50.4292316" lon="-5.0552551">
        <ele>45.2</ele>
        <time>2026-09-16T12:11:10.000Z</time>
        <speed>0.000</speed>
      </trkpt>
      <trkpt lat="50.4292371" lon="-5.0552494">
        <ele>45.2</ele>
        <time>2026-09-16T12:11:15.000Z</time>
        <speed>0.000</speed>
      </trkpt>
      <trkpt lat="50.4292852" lon="-5.0552629">
        <ele>46.4</ele>
        <time>2026-09-16T12:11:20.000Z</time>
        <speed>0.439</speed>
      </trkpt>
      <trkpt lat="50.4293412" lon="-5.0552826">
        <ele>46.0</ele>
        <time>2026-09-16T12:11:25.000Z</time>
        <speed>1.138</speed>
      </trkpt>
      <trkpt lat="50.4294069" lon="-5.0552916">
        <ele>45.6</ele>
        <time>2026-09-16T12:11:30.000Z</time>
        <speed>1.334</speed>
      </trkpt>
      <trkpt lat="50.4294627" lon="-5.0553012">
        <ele>46.2</ele>
        <time>2026-09-16T12:11:35.000Z</time>
        <speed>1.325</speed>
      </trkpt>
      <trkpt lat="50.4295328" lon="-5.0552662">
        <ele>47.2</ele>
        <time>2026-09-16T12:11:40.000Z</time>
        <speed>1.446</speed>
      </trkpt>
      <trkpt lat="50.4295866" lon="-5.0552147">
        <ele>47.0</ele>
        <time>2026-09-16T12:11:45.000Z</time>
        <speed>1.428</speed>
      </trkpt>
      <trkpt lat="50.4296413" lon="-5.0551501">
        <ele>47.0</ele>
        <time>2026-09-16T12:11:50.000Z</time>
        <speed>1.502</speed>
      </trkpt>
      <trkpt lat="50.4296791" lon="-5.0550975">
        <ele>47.0</ele>
        <time>2026-09-16T12:11:55.000Z</time>
        <speed>1.390</speed>
      </trkpt>
      <trkpt lat="50.4297284" lon="-5.0550239">
        <ele>48.4</ele>
        <time>2026-09-16T12:12:00.000Z</time>
        <speed>1.418</speed>
      </trkpt>
      <trkpt lat="50.4297717" lon="-5.0549490">
        <ele>48.8</ele>
        <time>2026-09-16T12:12:05.000Z</time>
        <speed>1.418</speed>
      </trkpt>
      <trkpt lat="50.4298130" lon="-5.0548755">
        <ele>49.6</ele>
        <time>2026-09-16T12:12:10.000Z</time>
        <speed>1.400</speed>
      </trkpt>
      <trkpt lat="50.4298498" lon="-5.0548059">
        <ele>49.4</ele>
        <time>2026-09-16T12:12:15.000Z</time>
        <speed>1.409</speed>
      </trkpt>
      <trkpt lat="50.4298850" lon="-5.0547212">
        <ele>50.8</ele>
        <time>2026-09-16T12:12:20.000Z</time>
        <speed>1.400</speed>
      </trkpt>
      <trkpt lat="50.4299094" lon="-5.0546469">
        <ele>51.0</ele>
        <time>2026-09-16T12:12:25.000Z</time>
        <speed>1.372</speed>
      </trkpt>
      <trkpt lat="50.4299378" lon="-5.0545745">
        <ele>51.0</ele>
        <time>2026-09-16T12:12:30.000Z</time>
        <speed>1.353</speed>
      </trkpt>
      <trkpt lat="50.4299747" lon="-5.0544838">
        <ele>51.2</ele>
        <time>2026-09-16T12:12:35.000Z</time>
        <speed>1.362</speed>
      </trkpt>
      <trkpt lat="50.4300093" lon="-5.0544050">
        <ele>51.0</ele>
        <time>2026-09-16T12:12:40.000Z</time>
        <speed>1.362</speed>
      </trkpt>
      <trkpt lat="50.4300353" lon="-5.0543396">
        <ele>51.4</ele>
        <time>2026-09-16T12:12:45.000Z</time>
        <speed>1.334</speed>
      </trkpt>
      <trkpt lat="50.4300633" lon="-5.0542526">
        <ele>51.6</ele>
        <time>2026-09-16T12:12:50.000Z</time>
        <speed>1.325</speed>
      </trkpt>
      <trkpt lat="50.4300781" lon="-5.0541546">
        <ele>51.4</ele>
        <time>2026-09-16T12:12:55.000Z</time>
        <speed>1.334</speed>
      </trkpt>
      <trkpt lat="50.4300876" lon="-5.0540595">
        <ele>52.2</ele>
        <time>2026-09-16T12:13:00.000Z</time>
        <speed>1.316</speed>
      </trkpt>
      <trkpt lat="50.4300851" lon="-5.0539593">
        <ele>52.6</ele>
        <time>2026-09-16T12:13:05.000Z</time>
        <speed>1.334</speed>
      </trkpt>
      <trkpt lat="50.4300765" lon="-5.0538507">
        <ele>52.6</ele>
        <time>2026-09-16T12:13:10.000Z</time>
        <speed>1.344</speed>
      </trkpt>
      <trkpt lat="50.4300721" lon="-5.0537544">
        <ele>52.6</ele>
        <time>2026-09-16T12:13:15.000Z</time>
        <speed>1.344</speed>
      </trkpt>
      <trkpt lat="50.4300688" lon="-5.0536591">
        <ele>54.4</ele>
        <time>2026-09-16T12:13:20.000Z</time>
        <speed>1.362</speed>
      </trkpt>
      <trkpt lat="50.4300783" lon="-5.0535587">
        <ele>55.6</ele>
        <time>2026-09-16T12:13:25.000Z</time>
        <speed>1.362</speed>
      </trkpt>
      <trkpt lat="50.4300966" lon="-5.0534711">
        <ele>55.4</ele>
        <time>2026-09-16T12:13:30.000Z</time>
        <speed>1.344</speed>
      </trkpt>
      <trkpt lat="50.4301208" lon="-5.0533950">
        <ele>55.0</ele>
        <time>2026-09-16T12:13:35.000Z</time>
        <speed>1.334</speed>
      </trkpt>
      <trkpt lat="50.4301540" lon="-5.0533018">
        <ele>55.4</ele>
        <time>2026-09-16T12:13:40.000Z</time>
        <speed>1.353</speed>
      </trkpt>
      <trkpt lat="50.4301867" lon="-5.0532345">
        <ele>55.2</ele>
        <time>2026-09-16T12:13:45.000Z</time>
        <speed>1.353</speed>
      </trkpt>
      <trkpt lat="50.4302257" lon="-5.0531744">
        <ele>55.4</ele>
        <time>2026-09-16T12:13:50.000Z</time>
        <speed>1.325</speed>
      </trkpt>
      <trkpt lat="50.4302847" lon="-5.0531225">
        <ele>55.8</ele>
        <time>2026-09-16T12:13:55.000Z</time>
        <speed>1.344</speed>
      </trkpt>
      <trkpt lat="50.4303368" lon="-5.0530982">
        <ele>56.0</ele>
        <time>2026-09-16T12:14:00.000Z</time>
        <speed>1.288</speed>
      </trkpt>
      <trkpt lat="50.4303894" lon="-5.0530824">
        <ele>56.6</ele>
        <time>2026-09-16T12:14:05.000Z</time>
        <speed>1.278</speed>
      </trkpt>
      <trkpt lat="50.4304466" lon="-5.0530735">
        <ele>57.2</ele>
        <time>2026-09-16T12:14:10.000Z</time>
        <speed>1.306</speed>
      </trkpt>
      <trkpt lat="50.4305048" lon="-5.0530647">
        <ele>57.6</ele>
        <time>2026-09-16T12:14:15.000Z</time>
        <speed>1.297</speed>
      </trkpt>
      <trkpt lat="50.4305622" lon="-5.0530563">
        <ele>58.0</ele>
        <time>2026-09-16T12:14:20.000Z</time>
        <speed>1.344</speed>
      </trkpt>
      <trkpt lat="50.4306264" lon="-5.0530605">
        <ele>57.6</ele>
        <time>2026-09-16T12:14:25.000Z</time>
        <speed>1.297</speed>
      </trkpt>
      <trkpt lat="50.4306898" lon="-5.0530525">
        <ele>58.4</ele>
        <time>2026-09-16T12:14:30.000Z</time>
        <speed>1.316</speed>
      </trkpt>
      <trkpt lat="50.4307474" lon="-5.0530470">
        <ele>58.2</ele>
        <time>2026-09-16T12:14:35.000Z</time>
        <speed>1.362</speed>
      </trkpt>
      <trkpt lat="50.4308082" lon="-5.0530323">
        <ele>58.2</ele>
        <time>2026-09-16T12:14:40.000Z</time>
        <speed>1.344</speed>
      </trkpt>
      <trkpt lat="50.4308534" lon="-5.0530264">
        <ele>58.4</ele>
        <time>2026-09-16T12:14:45.000Z</time>
        <speed>1.344</speed>
      </trkpt>
      <trkpt lat="50.4309143" lon="-5.0530354">
        <ele>58.2</ele>
        <time>2026-09-16T12:14:50.000Z</time>
        <speed>1.288</speed>
      </trkpt>
      <trkpt lat="50.4309665" lon="-5.0530502">
        <ele>58.8</ele>
        <time>2026-09-16T12:14:55.000Z</time>
        <speed>1.278</speed>
      </trkpt>
      <trkpt lat="50.4310296" lon="-5.0530538">
        <ele>59.0</ele>
        <time>2026-09-16T12:15:00.000Z</time>
        <speed>1.316</speed>
      </trkpt>
      <trkpt lat="50.4311082" lon="-5.0530763">
        <ele>59.0</ele>
        <time>2026-09-16T12:15:05.000Z</time>
        <speed>1.381</speed>
      </trkpt>
      <trkpt lat="50.4311748" lon="-5.0530898">
        <ele>59.0</ele>
        <time>2026-09-16T12:15:10.000Z</time>
        <speed>1.465</speed>
      </trkpt>
      <trkpt lat="50.4312304" lon="-5.0531002">
        <ele>60.0</ele>
        <time>2026-09-16T12:15:15.000Z</time>
        <speed>1.456</speed>
      </trkpt>
      <trkpt lat="50.4312875" lon="-5.0531183">
        <ele>60.2</ele>
        <time>2026-09-16T12:15:20.000Z</time>
        <speed>1.381</speed>
      </trkpt>
      <trkpt lat="50.4313459" lon="-5.0530996">
        <ele>60.4</ele>
        <time>2026-09-16T12:15:25.000Z</time>
        <speed>1.437</speed>
      </trkpt>
      <trkpt lat="50.4314097" lon="-5.0530912">
        <ele>61.6</ele>
        <time>2026-09-16T12:15:30.000Z</time>
        <speed>1.400</speed>
      </trkpt>
      <trkpt lat="50.4314752" lon="-5.0530720">
        <ele>62.4</ele>
        <time>2026-09-16T12:15:35.000Z</time>
        <speed>1.400</speed>
      </trkpt>
      <trkpt lat="50.4315293" lon="-5.0530512">
        <ele>62.8</ele>
        <time>2026-09-16T12:15:40.000Z</time>
        <speed>1.362</speed>
      </trkpt>
      <trkpt lat="50.4315844" lon="-5.0530412">
        <ele>63.4</ele>
        <time>2026-09-16T12:15:45.000Z</time>
        <speed>1.344</speed>
      </trkpt>
      <trkpt lat="50.4316374" lon="-5.0530311">
        <ele>64.2</ele>
        <time>2026-09-16T12:15:50.000Z</time>
        <speed>1.316</speed>
      </trkpt>
      <trkpt lat="50.4316969" lon="-5.0530152">
        <ele>64.4</ele>
        <time>2026-09-16T12:15:55.000Z</time>
        <speed>1.316</speed>
      </trkpt>
      <trkpt lat="50.4317448" lon="-5.0529914">
        <ele>65.2</ele>
        <time>2026-09-16T12:16:00.000Z</time>
        <speed>1.278</speed>
      </trkpt>
      <trkpt lat="50.4318024" lon="-5.0529591">
        <ele>66.0</ele>
        <time>2026-09-16T12:16:05.000Z</time>
        <speed>1.260</speed>
      </trkpt>
      <trkpt lat="50.4318529" lon="-5.0529129">
        <ele>66.8</ele>
        <time>2026-09-16T12:16:10.000Z</time>
        <speed>1.269</speed>
      </trkpt>
      <trkpt lat="50.4318923" lon="-5.0528534">
        <ele>68.0</ele>
        <time>2026-09-16T12:16:15.000Z</time>
        <speed>1.241</speed>
      </trkpt>
      <trkpt lat="50.4319222" lon="-5.0527938">
        <ele>68.6</ele>
        <time>2026-09-16T12:16:20.000Z</time>
        <speed>1.232</speed>
      </trkpt>
      <trkpt lat="50.4319639" lon="-5.0527277">
        <ele>68.4</ele>
        <time>2026-09-16T12:16:25.000Z</time>
        <speed>1.222</speed>
      </trkpt>
      <trkpt lat="50.4320036" lon="-5.0526609">
        <ele>67.6</ele>
        <time>2026-09-16T12:16:30.000Z</time>
        <speed>1.232</speed>
      </trkpt>
      <trkpt lat="50.4320555" lon="-5.0525756">
        <ele>67.0</ele>
        <time>2026-09-16T12:16:35.000Z</time>
        <speed>1.250</speed>
      </trkpt>
      <trkpt lat="50.4320995" lon="-5.0525252">
        <ele>68.0</ele>
        <time>2026-09-16T12:16:40.000Z</time>
        <speed>1.260</speed>
      </trkpt>
      <trkpt lat="50.4321432" lon="-5.0524706">
        <ele>68.2</ele>
        <time>2026-09-16T12:16:45.000Z</time>
        <speed>1.260</speed>
      </trkpt>
      <trkpt lat="50.4321884" lon="-5.0524124">
        <ele>67.8</ele>
        <time>2026-09-16T12:16:50.000Z</time>
        <speed>1.250</speed>
      </trkpt>
      <trkpt lat="50.4322385" lon="-5.0523570">
        <ele>68.6</ele>
        <time>2026-09-16T12:16:55.000Z</time>
        <speed>1.278</speed>
      </trkpt>
      <trkpt lat="50.4322842" lon="-5.0523107">
        <ele>69.2</ele>
        <time>2026-09-16T12:17:00.000Z</time>
        <speed>1.269</speed>
      </trkpt>
      <trkpt lat="50.4323230" lon="-5.0522674">
        <ele>69.6</ele>
        <time>2026-09-16T12:17:05.000Z</time>
        <speed>1.232</speed>
      </trkpt>
      <trkpt lat="50.4323822" lon="-5.0522202">
        <ele>69.0</ele>
        <time>2026-09-16T12:17:10.000Z</time>
        <speed>1.260</speed>
      </trkpt>
      <trkpt lat="50.4324446" lon="-5.0521661">
        <ele>69.8</ele>
        <time>2026-09-16T12:17:15.000Z</time>
        <speed>1.250</speed>
      </trkpt>
      <trkpt lat="50.4325002" lon="-5.0521397">
        <ele>70.0</ele>
        <time>2026-09-16T12:17:20.000Z</time>
        <speed>1.278</speed>
      </trkpt>
      <trkpt lat="50.4325545" lon="-5.0521217">
        <ele>70.2</ele>
        <time>2026-09-16T12:17:25.000Z</time>
        <speed>1.288</speed>
      </trkpt>
      <trkpt lat="50.4326161" lon="-5.0521138">
        <ele>70.8</ele>
        <time>2026-09-16T12:17:30.000Z</time>
        <speed>1.288</speed>
      </trkpt>
      <trkpt lat="50.4326782" lon="-5.0520951">
        <ele>71.0</ele>
        <time>2026-09-16T12:17:35.000Z</time>
        <speed>1.297</speed>
      </trkpt>
      <trkpt lat="50.4327259" lon="-5.0520897">
        <ele>71.2</ele>
        <time>2026-09-16T12:17:40.000Z</time>
        <speed>1.278</speed>
      </trkpt>
      <trkpt lat="50.4327723" lon="-5.0520848">
        <ele>71.6</ele>
        <time>2026-09-16T12:17:45.000Z</time>
        <speed>1.260</speed>
      </trkpt>
      <trkpt lat="50.4328374" lon="-5.0520900">
        <ele>72.4</ele>
        <time>2026-09-16T12:17:50.000Z</time>
        <speed>1.241</speed>
      </trkpt>
      <trkpt lat="50.4328906" lon="-5.0520961">
        <ele>74.6</ele>
        <time>2026-09-16T12:17:55.000Z</time>
        <speed>1.241</speed>
      </trkpt>
      <trkpt lat="50.4329420" lon="-5.0520921">
        <ele>76.2</ele>
        <time>2026-09-16T12:18:00.000Z</time>
        <speed>1.232</speed>
      </trkpt>
      <trkpt lat="50.4330031" lon="-5.0520982">
        <ele>75.8</ele>
        <time>2026-09-16T12:18:05.000Z</time>
        <speed>1.241</speed>
      </trkpt>
      <trkpt lat="50.4330636" lon="-5.0521099">
        <ele>75.2</ele>
        <time>2026-09-16T12:18:10.000Z</time>
        <speed>1.250</speed>
      </trkpt>
      <trkpt lat="50.4331191" lon="-5.0520662">
        <ele>74.8</ele>
        <time>2026-09-16T12:18:15.000Z</time>
        <speed>1.269</speed>
      </trkpt>
      <trkpt lat="50.4331472" lon="-5.0519892">
        <ele>73.0</ele>
        <time>2026-09-16T12:18:20.000Z</time>
        <speed>1.278</speed>
      </trkpt>
      <trkpt lat="50.4331979" lon="-5.0519251">
        <ele>73.2</ele>
        <time>2026-09-16T12:18:25.000Z</time>
        <speed>1.306</speed>
      </trkpt>
      <trkpt lat="50.4332367" lon="-5.0519072">
        <ele>72.8</ele>
        <time>2026-09-16T12:18:30.000Z</time>
        <speed>1.232</speed>
      </trkpt>
      <trkpt lat="50.4333076" lon="-5.0519191">
        <ele>73.4</ele>
        <time>2026-09-16T12:18:35.000Z</time>
        <speed>1.306</speed>
      </trkpt>
      <trkpt lat="50.4333682" lon="-5.0519488">
        <ele>73.6</ele>
        <time>2026-09-16T12:18:40.000Z</time>
        <speed>1.353</speed>
      </trkpt>
      <trkpt lat="50.4334087" lon="-5.0519547">
        <ele>73.6</ele>
        <time>2026-09-16T12:18:45.000Z</time>
        <speed>1.278</speed>
      </trkpt>
      <trkpt lat="50.4334576" lon="-5.0519034">
        <ele>73.4</ele>
        <time>2026-09-16T12:18:50.000Z</time>
        <speed>1.269</speed>
      </trkpt>
      <trkpt lat="50.4335081" lon="-5.0518475">
        <ele>73.4</ele>
        <time>2026-09-16T12:18:55.000Z</time>
        <speed>1.278</speed>
      </trkpt>
      <trkpt lat="50.4335521" lon="-5.0517569">
        <ele>74.0</ele>
        <time>2026-09-16T12:19:00.000Z</time>
        <speed>1.325</speed>
      </trkpt>
      <trkpt lat="50.4335309" lon="-5.0516715">
        <ele>75.2</ele>
        <time>2026-09-16T12:19:05.000Z</time>
        <speed>1.344</speed>
      </trkpt>
      <trkpt lat="50.4334941" lon="-5.0515892">
        <ele>74.6</ele>
        <time>2026-09-16T12:19:10.000Z</time>
        <speed>1.344</speed>
      </trkpt>
      <trkpt lat="50.4334539" lon="-5.0515042">
        <ele>74.0</ele>
        <time>2026-09-16T12:19:15.000Z</time>
        <speed>1.390</speed>
      </trkpt>
      <trkpt lat="50.4334187" lon="-5.0514303">
        <ele>74.0</ele>
        <time>2026-09-16T12:19:20.000Z</time>
        <speed>1.381</speed>
      </trkpt>
      <trkpt lat="50.4334012" lon="-5.0513495">
        <ele>73.6</ele>
        <time>2026-09-16T12:19:25.000Z</time>
        <speed>1.362</speed>
      </trkpt>
      <trkpt lat="50.4334173" lon="-5.0512690">
        <ele>73.8</ele>
        <time>2026-09-16T12:19:30.000Z</time>
        <speed>1.334</speed>
      </trkpt>
      <trkpt lat="50.4334500" lon="-5.0511869">
        <ele>73.4</ele>
        <time>2026-09-16T12:19:35.000Z</time>
        <speed>1.316</speed>
      </trkpt>
      <trkpt lat="50.4335130" lon="-5.0511519">
        <ele>73.6</ele>
        <time>2026-09-16T12:19:40.000Z</time>
        <speed>1.325</speed>
      </trkpt>
      <trkpt lat="50.4335824" lon="-5.0511452">
        <ele>73.8</ele>
        <time>2026-09-16T12:19:45.000Z</time>
        <speed>1.325</speed>
      </trkpt>
      <trkpt lat="50.4335919" lon="-5.0511638">
        <ele>73.6</ele>
        <time>2026-09-16T12:19:50.000Z</time>
        <speed>1.241</speed>
      </trkpt>
      <trkpt lat="50.4335913" lon="-5.0511641">
        <ele>73.8</ele>
        <time>2026-09-16T12:19:55.000Z</time>
        <speed>0.000</speed>
      </trkpt>
      <trkpt lat="50.4335913" lon="-5.0511641">
        <ele>73.6</ele>
        <time>2026-09-16T12:20:00.000Z</time>
        <speed>0.000</speed>
      </trkpt>
      <trkpt lat="50.4335913" lon="-5.0511641">
        <ele>73.6</ele>
        <time>2026-09-16T12:20:05.000Z</time>
        <speed>0.000</speed>
      </trkpt>
      <trkpt lat="50.4335913" lon="-5.0511641">
        <ele>73.6</ele>
        <time>2026-09-16T12:20:10.000Z</time>
        <speed>0.000</speed>
      </trkpt>
      <trkpt lat="50.4335913" lon="-5.0511641">
        <ele>73.8</ele>
        <time>2026-09-16T12:20:15.000Z</time>
        <speed>0.000</speed>
      </trkpt>
      <trkpt lat="50.4335913" lon="-5.0511641">
        <ele>73.8</ele>
        <time>2026-09-16T12:20:20.000Z</time>
        <speed>0.000</speed>
      </trkpt>
      <trkpt lat="50.4336088" lon="-5.0511220">
        <ele>73.8</ele>
        <time>2026-09-16T12:20:25.000Z</time>
        <speed>0.000</speed>
      </trkpt>
      <trkpt lat="50.4336053" lon="-5.0511134">
        <ele>73.6</ele>
        <time>2026-09-16T12:20:30.000Z</time>
        <speed>0.000</speed>
      </trkpt>
      <trkpt lat="50.4336117" lon="-5.0510947">
        <ele>73.2</ele>
        <time>2026-09-16T12:20:35.000Z</time>
        <speed>0.000</speed>
      </trkpt>
      <trkpt lat="50.4336469" lon="-5.0510020">
        <ele>73.6</ele>
        <time>2026-09-16T12:20:40.000Z</time>
        <speed>1.465</speed>
      </trkpt>
      <trkpt lat="50.4336693" lon="-5.0509126">
        <ele>73.0</ele>
        <time>2026-09-16T12:20:45.000Z</time>
        <speed>1.400</speed>
      </trkpt>
      <trkpt lat="50.4336890" lon="-5.0508818">
        <ele>72.2</ele>
        <time>2026-09-16T12:20:50.000Z</time>
        <speed>1.185</speed>
      </trkpt>
      <trkpt lat="50.4337006" lon="-5.0508786">
        <ele>72.0</ele>
        <time>2026-09-16T12:20:55.000Z</time>
        <speed>0.886</speed>
      </trkpt>
      <trkpt lat="50.4337006" lon="-5.0508786">
        <ele>72.2</ele>
        <time>2026-09-16T12:21:00.000Z</time>
        <speed>0.000</speed>
      </trkpt>
      <trkpt lat="50.4336794" lon="-5.0508755">
        <ele>72.2</ele>
        <time>2026-09-16T12:21:05.000Z</time>
        <speed>0.429</speed>
      </trkpt>
      <trkpt lat="50.4336742" lon="-5.0508348">
        <ele>72.0</ele>
        <time>2026-09-16T12:21:10.000Z</time>
        <speed>0.000</speed>
      </trkpt>
      <trkpt lat="50.4336894" lon="-5.0507500">
        <ele>72.6</ele>
        <time>2026-09-16T12:21:15.000Z</time>
        <speed>0.896</speed>
      </trkpt>
      <trkpt lat="50.4337025" lon="-5.0506524">
        <ele>72.0</ele>
        <time>2026-09-16T12:21:20.000Z</time>
        <speed>1.222</speed>
      </trkpt>
      <trkpt lat="50.4337151" lon="-5.0505649">
        <ele>72.2</ele>
        <time>2026-09-16T12:21:25.000Z</time>
        <speed>1.260</speed>
      </trkpt>
      <trkpt lat="50.4337395" lon="-5.0504586">
        <ele>71.8</ele>
        <time>2026-09-16T12:21:30.000Z</time>
        <speed>1.344</speed>
      </trkpt>
      <trkpt lat="50.4337736" lon="-5.0503624">
        <ele>71.8</ele>
        <time>2026-09-16T12:21:35.000Z</time>
        <speed>1.521</speed>
      </trkpt>
      <trkpt lat="50.4337976" lon="-5.0502803">
        <ele>70.8</ele>
        <time>2026-09-16T12:21:40.000Z</time>
        <speed>1.437</speed>
      </trkpt>
      <trkpt lat="50.4338302" lon="-5.0501854">
        <ele>70.8</ele>
        <time>2026-09-16T12:21:45.000Z</time>
        <speed>1.540</speed>
      </trkpt>
      <trkpt lat="50.4338613" lon="-5.0501020">
        <ele>70.4</ele>
        <time>2026-09-16T12:21:50.000Z</time>
        <speed>1.484</speed>
      </trkpt>
      <trkpt lat="50.4338928" lon="-5.0500242">
        <ele>70.6</ele>
        <time>2026-09-16T12:21:55.000Z</time>
        <speed>1.437</speed>
      </trkpt>
      <trkpt lat="50.4339334" lon="-5.0499491">
        <ele>70.6</ele>
        <time>2026-09-16T12:22:00.000Z</time>
        <speed>1.437</speed>
      </trkpt>
      <trkpt lat="50.4339831" lon="-5.0498781">
        <ele>71.0</ele>
        <time>2026-09-16T12:22:05.000Z</time>
        <speed>1.474</speed>
      </trkpt>
      <trkpt lat="50.4340311" lon="-5.0498105">
        <ele>70.6</ele>
        <time>2026-09-16T12:22:10.000Z</time>
        <speed>1.465</speed>
      </trkpt>
      <trkpt lat="50.4340907" lon="-5.0497506">
        <ele>70.0</ele>
        <time>2026-09-16T12:22:15.000Z</time>
        <speed>1.465</speed>
      </trkpt>
      <trkpt lat="50.4341513" lon="-5.0497017">
        <ele>70.2</ele>
        <time>2026-09-16T12:22:20.000Z</time>
        <speed>1.484</speed>
      </trkpt>
      <trkpt lat="50.4342071" lon="-5.0496697">
        <ele>69.8</ele>
        <time>2026-09-16T12:22:25.000Z</time>
        <speed>1.484</speed>
      </trkpt>
      <trkpt lat="50.4342655" lon="-5.0496490">
        <ele>69.6</ele>
        <time>2026-09-16T12:22:30.000Z</time>
        <speed>1.465</speed>
      </trkpt>
      <trkpt lat="50.4343176" lon="-5.0496093">
        <ele>69.4</ele>
        <time>2026-09-16T12:22:35.000Z</time>
        <speed>1.456</speed>
      </trkpt>
      <trkpt lat="50.4343744" lon="-5.0495745">
        <ele>69.4</ele>
        <time>2026-09-16T12:22:40.000Z</time>
        <speed>1.418</speed>
      </trkpt>
      <trkpt lat="50.4344239" lon="-5.0495407">
        <ele>70.0</ele>
        <time>2026-09-16T12:22:45.000Z</time>
        <speed>1.390</speed>
      </trkpt>
      <trkpt lat="50.4344792" lon="-5.0495090">
        <ele>70.2</ele>
        <time>2026-09-16T12:22:50.000Z</time>
        <speed>1.372</speed>
      </trkpt>
      <trkpt lat="50.4345337" lon="-5.0494559">
        <ele>70.4</ele>
        <time>2026-09-16T12:22:55.000Z</time>
        <speed>1.381</speed>
      </trkpt>
      <trkpt lat="50.4345958" lon="-5.0494080">
        <ele>70.4</ele>
        <time>2026-09-16T12:23:00.000Z</time>
        <speed>1.400</speed>
      </trkpt>
      <trkpt lat="50.4346601" lon="-5.0493669">
        <ele>70.4</ele>
        <time>2026-09-16T12:23:05.000Z</time>
        <speed>1.437</speed>
      </trkpt>
      <trkpt lat="50.4347177" lon="-5.0493193">
        <ele>70.8</ele>
        <time>2026-09-16T12:23:10.000Z</time>
        <speed>1.428</speed>
      </trkpt>
      <trkpt lat="50.4347678" lon="-5.0492669">
        <ele>71.2</ele>
        <time>2026-09-16T12:23:15.000Z</time>
        <speed>1.437</speed>
      </trkpt>
      <trkpt lat="50.4348212" lon="-5.0492073">
        <ele>71.6</ele>
        <time>2026-09-16T12:23:20.000Z</time>
        <speed>1.446</speed>
      </trkpt>
      <trkpt lat="50.4348662" lon="-5.0491532">
        <ele>71.4</ele>
        <time>2026-09-16T12:23:25.000Z</time>
        <speed>1.409</speed>
      </trkpt>
      <trkpt lat="50.4348789" lon="-5.0490655">
        <ele>71.6</ele>
        <time>2026-09-16T12:23:30.000Z</time>
        <speed>1.400</speed>
      </trkpt>
      <trkpt lat="50.4348799" lon="-5.0489649">
        <ele>72.0</ele>
        <time>2026-09-16T12:23:35.000Z</time>
        <speed>1.409</speed>
      </trkpt>
      <trkpt lat="50.4348903" lon="-5.0488809">
        <ele>71.0</ele>
        <time>2026-09-16T12:23:40.000Z</time>
        <speed>1.381</speed>
      </trkpt>
      <trkpt lat="50.4349398" lon="-5.0488324">
        <ele>70.4</ele>
        <time>2026-09-16T12:23:45.000Z</time>
        <speed>1.344</speed>
      </trkpt>
      <trkpt lat="50.4349994" lon="-5.0487841">
        <ele>70.2</ele>
        <time>2026-09-16T12:23:50.000Z</time>
        <speed>1.353</speed>
      </trkpt>
      <trkpt lat="50.4350574" lon="-5.0487688">
        <ele>70.2</ele>
        <time>2026-09-16T12:23:55.000Z</time>
        <speed>1.334</speed>
      </trkpt>
      <trkpt lat="50.4351208" lon="-5.0487571">
        <ele>70.4</ele>
        <time>2026-09-16T12:24:00.000Z</time>
        <speed>1.372</speed>
      </trkpt>
      <trkpt lat="50.4351786" lon="-5.0487611">
        <ele>70.6</ele>
        <time>2026-09-16T12:24:05.000Z</time>
        <speed>1.362</speed>
      </trkpt>
      <trkpt lat="50.4352463" lon="-5.0487647">
        <ele>70.8</ele>
        <time>2026-09-16T12:24:10.000Z</time>
        <speed>1.381</speed>
      </trkpt>
      <trkpt lat="50.4353014" lon="-5.0487745">
        <ele>71.0</ele>
        <time>2026-09-16T12:24:15.000Z</time>
        <speed>1.334</speed>
      </trkpt>
      <trkpt lat="50.4353694" lon="-5.0487833">
        <ele>70.8</ele>
        <time>2026-09-16T12:24:20.000Z</time>
        <speed>1.353</speed>
      </trkpt>
      <trkpt lat="50.4354302" lon="-5.0488145">
        <ele>70.6</ele>
        <time>2026-09-16T12:24:25.000Z</time>
        <speed>1.372</speed>
      </trkpt>
      <trkpt lat="50.4354839" lon="-5.0488701">
        <ele>70.4</ele>
        <time>2026-09-16T12:24:30.000Z</time>
        <speed>1.390</speed>
      </trkpt>
      <trkpt lat="50.4355439" lon="-5.0488526">
        <ele>70.4</ele>
        <time>2026-09-16T12:24:35.000Z</time>
        <speed>1.362</speed>
      </trkpt>
      <trkpt lat="50.4356018" lon="-5.0488155">
        <ele>70.4</ele>
        <time>2026-09-16T12:24:40.000Z</time>
        <speed>1.372</speed>
      </trkpt>
      <trkpt lat="50.4356572" lon="-5.0487825">
        <ele>69.8</ele>
        <time>2026-09-16T12:24:45.000Z</time>
        <speed>1.372</speed>
      </trkpt>
      <trkpt lat="50.4357162" lon="-5.0487444">
        <ele>68.6</ele>
        <time>2026-09-16T12:24:50.000Z</time>
        <speed>1.381</speed>
      </trkpt>
      <trkpt lat="50.4357633" lon="-5.0486955">
        <ele>69.0</ele>
        <time>2026-09-16T12:24:55.000Z</time>
        <speed>1.372</speed>
      </trkpt>
      <trkpt lat="50.4358075" lon="-5.0486386">
        <ele>71.0</ele>
        <time>2026-09-16T12:25:00.000Z</time>
        <speed>1.372</speed>
      </trkpt>
      <trkpt lat="50.4358539" lon="-5.0485883">
        <ele>70.4</ele>
        <time>2026-09-16T12:25:05.000Z</time>
        <speed>1.362</speed>
      </trkpt>
      <trkpt lat="50.4359065" lon="-5.0485419">
        <ele>69.0</ele>
        <time>2026-09-16T12:25:10.000Z</time>
        <speed>1.353</speed>
      </trkpt>
      <trkpt lat="50.4359497" lon="-5.0485064">
        <ele>69.0</ele>
        <time>2026-09-16T12:25:15.000Z</time>
        <speed>1.316</speed>
      </trkpt>
      <trkpt lat="50.4359969" lon="-5.0484588">
        <ele>69.4</ele>
        <time>2026-09-16T12:25:20.000Z</time>
        <speed>1.297</speed>
      </trkpt>
      <trkpt lat="50.4360437" lon="-5.0484193">
        <ele>68.8</ele>
        <time>2026-09-16T12:25:25.000Z</time>
        <speed>1.278</speed>
      </trkpt>
      <trkpt lat="50.4360986" lon="-5.0483779">
        <ele>68.8</ele>
        <time>2026-09-16T12:25:30.000Z</time>
        <speed>1.269</speed>
      </trkpt>
      <trkpt lat="50.4361521" lon="-5.0483309">
        <ele>68.8</ele>
        <time>2026-09-16T12:25:35.000Z</time>
        <speed>1.288</speed>
      </trkpt>
      <trkpt lat="50.4362051" lon="-5.0482896">
        <ele>69.0</ele>
        <time>2026-09-16T12:25:40.000Z</time>
        <speed>1.288</speed>
      </trkpt>
      <trkpt lat="50.4362607" lon="-5.0482367">
        <ele>68.6</ele>
        <time>2026-09-16T12:25:45.000Z</time>
        <speed>1.325</speed>
      </trkpt>
      <trkpt lat="50.4363138" lon="-5.0481961">
        <ele>68.4</ele>
        <time>2026-09-16T12:25:50.000Z</time>
        <speed>1.344</speed>
      </trkpt>
      <trkpt lat="50.4363652" lon="-5.0481568">
        <ele>68.2</ele>
        <time>2026-09-16T12:25:55.000Z</time>
        <speed>1.325</speed>
      </trkpt>
      <trkpt lat="50.4364303" lon="-5.0481091">
        <ele>67.8</ele>
        <time>2026-09-16T12:26:00.000Z</time>
        <speed>1.334</speed>
      </trkpt>
      <trkpt lat="50.4364778" lon="-5.0480808">
        <ele>67.8</ele>
        <time>2026-09-16T12:26:05.000Z</time>
        <speed>1.325</speed>
      </trkpt>
      <trkpt lat="50.4365291" lon="-5.0480423">
        <ele>67.6</ele>
        <time>2026-09-16T12:26:10.000Z</time>
        <speed>1.316</speed>
      </trkpt>
      <trkpt lat="50.4365871" lon="-5.0479994">
        <ele>67.8</ele>
        <time>2026-09-16T12:26:15.000Z</time>
        <speed>1.334</speed>
      </trkpt>
      <trkpt lat="50.4366293" lon="-5.0479569">
        <ele>67.8</ele>
        <time>2026-09-16T12:26:20.000Z</time>
        <speed>1.325</speed>
      </trkpt>
      <trkpt lat="50.4366815" lon="-5.0478932">
        <ele>67.6</ele>
        <time>2026-09-16T12:26:25.000Z</time>
        <speed>1.325</speed>
      </trkpt>
      <trkpt lat="50.4367280" lon="-5.0478241">
        <ele>67.8</ele>
        <time>2026-09-16T12:26:30.000Z</time>
        <speed>1.325</speed>
      </trkpt>
      <trkpt lat="50.4367798" lon="-5.0477457">
        <ele>68.0</ele>
        <time>2026-09-16T12:26:35.000Z</time>
        <speed>1.353</speed>
      </trkpt>
      <trkpt lat="50.4368223" lon="-5.0476869">
        <ele>67.8</ele>
        <time>2026-09-16T12:26:40.000Z</time>
        <speed>1.344</speed>
      </trkpt>
      <trkpt lat="50.4368663" lon="-5.0476281">
        <ele>67.8</ele>
        <time>2026-09-16T12:26:45.000Z</time>
        <speed>1.344</speed>
      </trkpt>
      <trkpt lat="50.4369104" lon="-5.0475507">
        <ele>67.6</ele>
        <time>2026-09-16T12:26:50.000Z</time>
        <speed>1.353</speed>
      </trkpt>
      <trkpt lat="50.4369583" lon="-5.0474793">
        <ele>68.0</ele>
        <time>2026-09-16T12:26:55.000Z</time>
        <speed>1.353</speed>
      </trkpt>
      <trkpt lat="50.4369884" lon="-5.0473873">
        <ele>68.6</ele>
        <time>2026-09-16T12:27:00.000Z</time>
        <speed>1.362</speed>
      </trkpt>
      <trkpt lat="50.4370071" lon="-5.0472967">
        <ele>69.2</ele>
        <time>2026-09-16T12:27:05.000Z</time>
        <speed>1.372</speed>
      </trkpt>
      <trkpt lat="50.4370184" lon="-5.0472085">
        <ele>69.0</ele>
        <time>2026-09-16T12:27:10.000Z</time>
        <speed>1.372</speed>
      </trkpt>
      <trkpt lat="50.4370160" lon="-5.0470986">
        <ele>68.6</ele>
        <time>2026-09-16T12:27:15.000Z</time>
        <speed>1.390</speed>
      </trkpt>
      <trkpt lat="50.4370365" lon="-5.0470221">
        <ele>68.2</ele>
        <time>2026-09-16T12:27:20.000Z</time>
        <speed>1.362</speed>
      </trkpt>
      <trkpt lat="50.4370811" lon="-5.0469548">
        <ele>68.2</ele>
        <time>2026-09-16T12:27:25.000Z</time>
        <speed>1.362</speed>
      </trkpt>
      <trkpt lat="50.4371275" lon="-5.0468861">
        <ele>67.8</ele>
        <time>2026-09-16T12:27:30.000Z</time>
        <speed>1.353</speed>
      </trkpt>
      <trkpt lat="50.4371764" lon="-5.0468281">
        <ele>68.0</ele>
        <time>2026-09-16T12:27:35.000Z</time>
        <speed>1.362</speed>
      </trkpt>
      <trkpt lat="50.4372237" lon="-5.0467582">
        <ele>67.8</ele>
        <time>2026-09-16T12:27:40.000Z</time>
        <speed>1.372</speed>
      </trkpt>
      <trkpt lat="50.4372736" lon="-5.0467257">
        <ele>68.4</ele>
        <time>2026-09-16T12:27:45.000Z</time>
        <speed>1.362</speed>
      </trkpt>
      <trkpt lat="50.4373377" lon="-5.0467331">
        <ele>68.6</ele>
        <time>2026-09-16T12:27:50.000Z</time>
        <speed>1.362</speed>
      </trkpt>
      <trkpt lat="50.4373876" lon="-5.0467817">
        <ele>68.8</ele>
        <time>2026-09-16T12:27:55.000Z</time>
        <speed>1.362</speed>
      </trkpt>
      <trkpt lat="50.4374526" lon="-5.0468475">
        <ele>68.8</ele>
        <time>2026-09-16T12:28:00.000Z</time>
        <speed>1.400</speed>
      </trkpt>
      <trkpt lat="50.4375006" lon="-5.0468971">
        <ele>68.8</ele>
        <time>2026-09-16T12:28:05.000Z</time>
        <speed>1.409</speed>
      </trkpt>
      <trkpt lat="50.4375558" lon="-5.0469363">
        <ele>69.2</ele>
        <time>2026-09-16T12:28:10.000Z</time>
        <speed>1.409</speed>
      </trkpt>
      <trkpt lat="50.4376117" lon="-5.0469677">
        <ele>69.6</ele>
        <time>2026-09-16T12:28:15.000Z</time>
        <speed>1.381</speed>
      </trkpt>
      <trkpt lat="50.4376778" lon="-5.0469931">
        <ele>69.2</ele>
        <time>2026-09-16T12:28:20.000Z</time>
        <speed>1.400</speed>
      </trkpt>
      <trkpt lat="50.4377314" lon="-5.0470318">
        <ele>66.8</ele>
        <time>2026-09-16T12:28:25.000Z</time>
        <speed>1.390</speed>
      </trkpt>
      <trkpt lat="50.4377881" lon="-5.0470790">
        <ele>65.6</ele>
        <time>2026-09-16T12:28:30.000Z</time>
        <speed>1.400</speed>
      </trkpt>
      <trkpt lat="50.4378513" lon="-5.0471254">
        <ele>65.8</ele>
        <time>2026-09-16T12:28:35.000Z</time>
        <speed>1.409</speed>
      </trkpt>
      <trkpt lat="50.4379082" lon="-5.0471655">
        <ele>64.2</ele>
        <time>2026-09-16T12:28:40.000Z</time>
        <speed>1.418</speed>
      </trkpt>
      <trkpt lat="50.4379723" lon="-5.0471919">
        <ele>65.6</ele>
        <time>2026-09-16T12:28:45.000Z</time>
        <speed>1.428</speed>
      </trkpt>
      <trkpt lat="50.4380358" lon="-5.0472222">
        <ele>66.4</ele>
        <time>2026-09-16T12:28:50.000Z</time>
        <speed>1.437</speed>
      </trkpt>
      <trkpt lat="50.4380914" lon="-5.0472494">
        <ele>66.2</ele>
        <time>2026-09-16T12:28:55.000Z</time>
        <speed>1.428</speed>
      </trkpt>
      <trkpt lat="50.4381463" lon="-5.0472940">
        <ele>65.6</ele>
        <time>2026-09-16T12:29:00.000Z</time>
        <speed>1.418</speed>
      </trkpt>
      <trkpt lat="50.4382081" lon="-5.0473264">
        <ele>65.4</ele>
        <time>2026-09-16T12:29:05.000Z</time>
        <speed>1.418</speed>
      </trkpt>
      <trkpt lat="50.4382802" lon="-5.0473415">
        <ele>65.0</ele>
        <time>2026-09-16T12:29:10.000Z</time>
        <speed>1.428</speed>
      </trkpt>
      <trkpt lat="50.4383479" lon="-5.0473533">
        <ele>64.6</ele>
        <time>2026-09-16T12:29:15.000Z</time>
        <speed>1.437</speed>
      </trkpt>
      <trkpt lat="50.4384073" lon="-5.0473437">
        <ele>64.2</ele>
        <time>2026-09-16T12:29:20.000Z</time>
        <speed>1.437</speed>
      </trkpt>
      <trkpt lat="50.4384687" lon="-5.0473329">
        <ele>64.6</ele>
        <time>2026-09-16T12:29:25.000Z</time>
        <speed>1.428</speed>
      </trkpt>
      <trkpt lat="50.4385317" lon="-5.0473115">
        <ele>64.6</ele>
        <time>2026-09-16T12:29:30.000Z</time>
        <speed>1.437</speed>
      </trkpt>
      <trkpt lat="50.4385813" lon="-5.0473059">
        <ele>64.6</ele>
        <time>2026-09-16T12:29:35.000Z</time>
        <speed>1.418</speed>
      </trkpt>
      <trkpt lat="50.4386485" lon="-5.0472998">
        <ele>64.8</ele>
        <time>2026-09-16T12:29:40.000Z</time>
        <speed>1.390</speed>
      </trkpt>
      <trkpt lat="50.4387143" lon="-5.0472915">
        <ele>64.6</ele>
        <time>2026-09-16T12:29:45.000Z</time>
        <speed>1.390</speed>
      </trkpt>
      <trkpt lat="50.4387648" lon="-5.0472781">
        <ele>65.4</ele>
        <time>2026-09-16T12:29:50.000Z</time>
        <speed>1.362</speed>
      </trkpt>
      <trkpt lat="50.4388311" lon="-5.0472513">
        <ele>66.8</ele>
        <time>2026-09-16T12:29:55.000Z</time>
        <speed>1.390</speed>
      </trkpt>
      <trkpt lat="50.4388762" lon="-5.0472069">
        <ele>65.8</ele>
        <time>2026-09-16T12:30:00.000Z</time>
        <speed>1.334</speed>
      </trkpt>
      <trkpt lat="50.4389348" lon="-5.0471625">
        <ele>65.0</ele>
        <time>2026-09-16T12:30:05.000Z</time>
        <speed>1.381</speed>
      </trkpt>
      <trkpt lat="50.4389886" lon="-5.0471293">
        <ele>66.2</ele>
        <time>2026-09-16T12:30:10.000Z</time>
        <speed>1.372</speed>
      </trkpt>
      <trkpt lat="50.4390538" lon="-5.0470911">
        <ele>65.8</ele>
        <time>2026-09-16T12:30:15.000Z</time>
        <speed>1.418</speed>
      </trkpt>
      <trkpt lat="50.4391107" lon="-5.0470468">
        <ele>66.0</ele>
        <time>2026-09-16T12:30:20.000Z</time>
        <speed>1.409</speed>
      </trkpt>
      <trkpt lat="50.4391628" lon="-5.0469853">
        <ele>66.0</ele>
        <time>2026-09-16T12:30:25.000Z</time>
        <speed>1.418</speed>
      </trkpt>
      <trkpt lat="50.4392198" lon="-5.0469384">
        <ele>66.2</ele>
        <time>2026-09-16T12:30:30.000Z</time>
        <speed>1.409</speed>
      </trkpt>
      <trkpt lat="50.4392748" lon="-5.0468709">
        <ele>66.0</ele>
        <time>2026-09-16T12:30:35.000Z</time>
        <speed>1.437</speed>
      </trkpt>
      <trkpt lat="50.4393266" lon="-5.0468196">
        <ele>66.0</ele>
        <time>2026-09-16T12:30:40.000Z</time>
        <speed>1.428</speed>
      </trkpt>
      <trkpt lat="50.4393785" lon="-5.0467614">
        <ele>65.8</ele>
        <time>2026-09-16T12:30:45.000Z</time>
        <speed>1.437</speed>
      </trkpt>
      <trkpt lat="50.4394310" lon="-5.0467015">
        <ele>65.6</ele>
        <time>2026-09-16T12:30:50.000Z</time>
        <speed>1.428</speed>
      </trkpt>
      <trkpt lat="50.4394869" lon="-5.0466392">
        <ele>66.0</ele>
        <time>2026-09-16T12:30:55.000Z</time>
        <speed>1.437</speed>
      </trkpt>
      <trkpt lat="50.4395415" lon="-5.0465685">
        <ele>65.8</ele>
        <time>2026-09-16T12:31:00.000Z</time>
        <speed>1.456</speed>
      </trkpt>
      <trkpt lat="50.4395952" lon="-5.0465120">
        <ele>66.0</ele>
        <time>2026-09-16T12:31:05.000Z</time>
        <speed>1.446</speed>
      </trkpt>
      <trkpt lat="50.4396537" lon="-5.0464546">
        <ele>66.2</ele>
        <time>2026-09-16T12:31:10.000Z</time>
        <speed>1.465</speed>
      </trkpt>
      <trkpt lat="50.4397042" lon="-5.0464016">
        <ele>66.6</ele>
        <time>2026-09-16T12:31:15.000Z</time>
        <speed>1.456</speed>
      </trkpt>
      <trkpt lat="50.4397565" lon="-5.0463313">
        <ele>66.8</ele>
        <time>2026-09-16T12:31:20.000Z</time>
        <speed>1.456</speed>
      </trkpt>
      <trkpt lat="50.4398059" lon="-5.0462760">
        <ele>66.4</ele>
        <time>2026-09-16T12:31:25.000Z</time>
        <speed>1.446</speed>
      </trkpt>
      <trkpt lat="50.4398509" lon="-5.0462198">
        <ele>66.4</ele>
        <time>2026-09-16T12:31:30.000Z</time>
        <speed>1.456</speed>
      </trkpt>
      <trkpt lat="50.4399021" lon="-5.0461643">
        <ele>65.8</ele>
        <time>2026-09-16T12:31:35.000Z</time>
        <speed>1.446</speed>
      </trkpt>
      <trkpt lat="50.4399531" lon="-5.0461005">
        <ele>65.6</ele>
        <time>2026-09-16T12:31:40.000Z</time>
        <speed>1.446</speed>
      </trkpt>
      <trkpt lat="50.4400002" lon="-5.0460282">
        <ele>65.4</ele>
        <time>2026-09-16T12:31:45.000Z</time>
        <speed>1.456</speed>
      </trkpt>
      <trkpt lat="50.4400497" lon="-5.0459696">
        <ele>65.4</ele>
        <time>2026-09-16T12:31:50.000Z</time>
        <speed>1.437</speed>
      </trkpt>
      <trkpt lat="50.4401013" lon="-5.0459045">
        <ele>65.4</ele>
        <time>2026-09-16T12:31:55.000Z</time>
        <speed>1.446</speed>
      </trkpt>
      <trkpt lat="50.4401564" lon="-5.0458481">
        <ele>65.4</ele>
        <time>2026-09-16T12:32:00.000Z</time>
        <speed>1.446</speed>
      </trkpt>
      <trkpt lat="50.4402064" lon="-5.0457819">
        <ele>65.4</ele>
        <time>2026-09-16T12:32:05.000Z</time>
        <speed>1.456</speed>
      </trkpt>
      <trkpt lat="50.4402606" lon="-5.0457258">
        <ele>65.0</ele>
        <time>2026-09-16T12:32:10.000Z</time>
        <speed>1.465</speed>
      </trkpt>
      <trkpt lat="50.4403193" lon="-5.0456719">
        <ele>64.6</ele>
        <time>2026-09-16T12:32:15.000Z</time>
        <speed>1.456</speed>
      </trkpt>
      <trkpt lat="50.4403687" lon="-5.0456167">
        <ele>64.4</ele>
        <time>2026-09-16T12:32:20.000Z</time>
        <speed>1.456</speed>
      </trkpt>
      <trkpt lat="50.4404210" lon="-5.0455507">
        <ele>64.0</ele>
        <time>2026-09-16T12:32:25.000Z</time>
        <speed>1.456</speed>
      </trkpt>
      <trkpt lat="50.4404697" lon="-5.0454906">
        <ele>63.6</ele>
        <time>2026-09-16T12:32:30.000Z</time>
        <speed>1.446</speed>
      </trkpt>
      <trkpt lat="50.4405233" lon="-5.0454130">
        <ele>63.2</ele>
        <time>2026-09-16T12:32:35.000Z</time>
        <speed>1.465</speed>
      </trkpt>
      <trkpt lat="50.4405698" lon="-5.0453507">
        <ele>63.0</ele>
        <time>2026-09-16T12:32:40.000Z</time>
        <speed>1.465</speed>
      </trkpt>
      <trkpt lat="50.4406164" lon="-5.0452893">
        <ele>63.0</ele>
        <time>2026-09-16T12:32:45.000Z</time>
        <speed>1.465</speed>
      </trkpt>
      <trkpt lat="50.4406659" lon="-5.0452225">
        <ele>63.2</ele>
        <time>2026-09-16T12:32:50.000Z</time>
        <speed>1.456</speed>
      </trkpt>
      <trkpt lat="50.4407110" lon="-5.0451422">
        <ele>63.0</ele>
        <time>2026-09-16T12:32:55.000Z</time>
        <speed>1.465</speed>
      </trkpt>
      <trkpt lat="50.4407471" lon="-5.0450916">
        <ele>62.8</ele>
        <time>2026-09-16T12:33:00.000Z</time>
        <speed>1.446</speed>
      </trkpt>
      <trkpt lat="50.4407488" lon="-5.0450865">
        <ele>62.2</ele>
        <time>2026-09-16T12:33:05.000Z</time>
        <speed>1.325</speed>
      </trkpt>
      <trkpt lat="50.4407497" lon="-5.0450828">
        <ele>62.6</ele>
        <time>2026-09-16T12:33:10.000Z</time>
        <speed>0.000</speed>
      </trkpt>
      <trkpt lat="50.4407497" lon="-5.0450828">
        <ele>62.2</ele>
        <time>2026-09-16T12:33:15.000Z</time>
        <speed>0.000</speed>
      </trkpt>
      <trkpt lat="50.4407497" lon="-5.0450828">
        <ele>62.4</ele>
        <time>2026-09-16T12:33:20.000Z</time>
        <speed>0.000</speed>
      </trkpt>
      <trkpt lat="50.4407497" lon="-5.0450828">
        <ele>62.8</ele>
        <time>2026-09-16T12:33:25.000Z</time>
        <speed>0.000</speed>
      </trkpt>
      <trkpt lat="50.4407497" lon="-5.0450828">
        <ele>62.8</ele>
        <time>2026-09-16T12:33:30.000Z</time>
        <speed>0.000</speed>
      </trkpt>
      <trkpt lat="50.4407497" lon="-5.0450828">
        <ele>63.4</ele>
        <time>2026-09-16T12:33:35.000Z</time>
        <speed>0.000</speed>
      </trkpt>
      <trkpt lat="50.4407405" lon="-5.0450734">
        <ele>62.6</ele>
        <time>2026-09-16T12:33:40.000Z</time>
        <speed>0.000</speed>
      </trkpt>
      <trkpt lat="50.4407585" lon="-5.0450325">
        <ele>62.6</ele>
        <time>2026-09-16T12:33:45.000Z</time>
        <speed>0.000</speed>
      </trkpt>
      <trkpt lat="50.4407774" lon="-5.0449917">
        <ele>62.2</ele>
        <time>2026-09-16T12:33:50.000Z</time>
        <speed>0.000</speed>
      </trkpt>
      <trkpt lat="50.4408049" lon="-5.0449465">
        <ele>62.2</ele>
        <time>2026-09-16T12:33:55.000Z</time>
        <speed>0.868</speed>
      </trkpt>
      <trkpt lat="50.4408099" lon="-5.0449477">
        <ele>62.2</ele>
        <time>2026-09-16T12:34:00.000Z</time>
        <speed>0.000</speed>
      </trkpt>
      <trkpt lat="50.4408157" lon="-5.0449456">
        <ele>63.2</ele>
        <time>2026-09-16T12:34:05.000Z</time>
        <speed>0.000</speed>
      </trkpt>
      <trkpt lat="50.4408686" lon="-5.0448847">
        <ele>63.4</ele>
        <time>2026-09-16T12:34:10.000Z</time>
        <speed>1.400</speed>
      </trkpt>
      <trkpt lat="50.4409130" lon="-5.0447949">
        <ele>63.2</ele>
        <time>2026-09-16T12:34:15.000Z</time>
        <speed>1.558</speed>
      </trkpt>
      <trkpt lat="50.4409536" lon="-5.0447337">
        <ele>64.2</ele>
        <time>2026-09-16T12:34:20.000Z</time>
        <speed>1.474</speed>
      </trkpt>
      <trkpt lat="50.4410013" lon="-5.0446750">
        <ele>62.0</ele>
        <time>2026-09-16T12:34:25.000Z</time>
        <speed>1.446</speed>
      </trkpt>
      <trkpt lat="50.4410506" lon="-5.0446102">
        <ele>61.6</ele>
        <time>2026-09-16T12:34:30.000Z</time>
        <speed>1.465</speed>
      </trkpt>
      <trkpt lat="50.4410979" lon="-5.0445621">
        <ele>59.6</ele>
        <time>2026-09-16T12:34:35.000Z</time>
        <speed>1.381</speed>
      </trkpt>
      <trkpt lat="50.4411479" lon="-5.0445022">
        <ele>59.0</ele>
        <time>2026-09-16T12:34:40.000Z</time>
        <speed>1.390</speed>
      </trkpt>
      <trkpt lat="50.4411793" lon="-5.0444309">
        <ele>58.6</ele>
        <time>2026-09-16T12:34:45.000Z</time>
        <speed>1.390</speed>
      </trkpt>
      <trkpt lat="50.4412005" lon="-5.0443365">
        <ele>58.8</ele>
        <time>2026-09-16T12:34:50.000Z</time>
        <speed>1.428</speed>
      </trkpt>
      <trkpt lat="50.4411801" lon="-5.0442401">
        <ele>57.6</ele>
        <time>2026-09-16T12:34:55.000Z</time>
        <speed>1.446</speed>
      </trkpt>
      <trkpt lat="50.4411646" lon="-5.0441727">
        <ele>57.6</ele>
        <time>2026-09-16T12:35:00.000Z</time>
        <speed>1.334</speed>
      </trkpt>
      <trkpt lat="50.4411694" lon="-5.0440846">
        <ele>58.4</ele>
        <time>2026-09-16T12:35:05.000Z</time>
        <speed>1.288</speed>
      </trkpt>
      <trkpt lat="50.4411727" lon="-5.0440008">
        <ele>61.4</ele>
        <time>2026-09-16T12:35:10.000Z</time>
        <speed>1.316</speed>
      </trkpt>
      <trkpt lat="50.4411871" lon="-5.0439116">
        <ele>60.0</ele>
        <time>2026-09-16T12:35:15.000Z</time>
        <speed>1.306</speed>
      </trkpt>
      <trkpt lat="50.4411831" lon="-5.0438088">
        <ele>61.0</ele>
        <time>2026-09-16T12:35:20.000Z</time>
        <speed>1.325</speed>
      </trkpt>
      <trkpt lat="50.4411769" lon="-5.0437210">
        <ele>60.2</ele>
        <time>2026-09-16T12:35:25.000Z</time>
        <speed>1.306</speed>
      </trkpt>
      <trkpt lat="50.4412048" lon="-5.0436259">
        <ele>60.2</ele>
        <time>2026-09-16T12:35:30.000Z</time>
        <speed>1.353</speed>
      </trkpt>
      <trkpt lat="50.4412509" lon="-5.0435486">
        <ele>59.8</ele>
        <time>2026-09-16T12:35:35.000Z</time>
        <speed>1.381</speed>
      </trkpt>
      <trkpt lat="50.4413048" lon="-5.0435054">
        <ele>59.6</ele>
        <time>2026-09-16T12:35:40.000Z</time>
        <speed>1.372</speed>
      </trkpt>
      <trkpt lat="50.4413650" lon="-5.0434497">
        <ele>59.2</ele>
        <time>2026-09-16T12:35:45.000Z</time>
        <speed>1.400</speed>
      </trkpt>
      <trkpt lat="50.4414219" lon="-5.0434018">
        <ele>59.6</ele>
        <time>2026-09-16T12:35:50.000Z</time>
        <speed>1.400</speed>
      </trkpt>
      <trkpt lat="50.4414645" lon="-5.0433132">
        <ele>59.4</ele>
        <time>2026-09-16T12:35:55.000Z</time>
        <speed>1.418</speed>
      </trkpt>
      <trkpt lat="50.4414963" lon="-5.0432460">
        <ele>58.8</ele>
        <time>2026-09-16T12:36:00.000Z</time>
        <speed>1.409</speed>
      </trkpt>
      <trkpt lat="50.4415342" lon="-5.0431595">
        <ele>58.0</ele>
        <time>2026-09-16T12:36:05.000Z</time>
        <speed>1.418</speed>
      </trkpt>
      <trkpt lat="50.4415786" lon="-5.0430872">
        <ele>57.4</ele>
        <time>2026-09-16T12:36:10.000Z</time>
        <speed>1.409</speed>
      </trkpt>
      <trkpt lat="50.4416323" lon="-5.0430271">
        <ele>57.4</ele>
        <time>2026-09-16T12:36:15.000Z</time>
        <speed>1.418</speed>
      </trkpt>
      <trkpt lat="50.4416827" lon="-5.0429689">
        <ele>56.6</ele>
        <time>2026-09-16T12:36:20.000Z</time>
        <speed>1.418</speed>
      </trkpt>
      <trkpt lat="50.4417349" lon="-5.0429308">
        <ele>55.6</ele>
        <time>2026-09-16T12:36:25.000Z</time>
        <speed>1.400</speed>
      </trkpt>
      <trkpt lat="50.4417918" lon="-5.0428894">
        <ele>54.6</ele>
        <time>2026-09-16T12:36:30.000Z</time>
        <speed>1.381</speed>
      </trkpt>
      <trkpt lat="50.4418510" lon="-5.0428633">
        <ele>53.6</ele>
        <time>2026-09-16T12:36:35.000Z</time>
        <speed>1.400</speed>
      </trkpt>
      <trkpt lat="50.4419164" lon="-5.0428410">
        <ele>52.8</ele>
        <time>2026-09-16T12:36:40.000Z</time>
        <speed>1.372</speed>
      </trkpt>
      <trkpt lat="50.4419642" lon="-5.0427679">
        <ele>51.8</ele>
        <time>2026-09-16T12:36:45.000Z</time>
        <speed>1.418</speed>
      </trkpt>
      <trkpt lat="50.4419959" lon="-5.0426981">
        <ele>50.0</ele>
        <time>2026-09-16T12:36:50.000Z</time>
        <speed>1.390</speed>
      </trkpt>
      <trkpt lat="50.4420364" lon="-5.0426163">
        <ele>49.6</ele>
        <time>2026-09-16T12:36:55.000Z</time>
        <speed>1.390</speed>
      </trkpt>
      <trkpt lat="50.4420795" lon="-5.0425453">
        <ele>49.0</ele>
        <time>2026-09-16T12:37:00.000Z</time>
        <speed>1.390</speed>
      </trkpt>
      <trkpt lat="50.4421275" lon="-5.0424742">
        <ele>48.4</ele>
        <time>2026-09-16T12:37:05.000Z</time>
        <speed>1.400</speed>
      </trkpt>
      <trkpt lat="50.4421772" lon="-5.0424051">
        <ele>48.0</ele>
        <time>2026-09-16T12:37:10.000Z</time>
        <speed>1.409</speed>
      </trkpt>
      <trkpt lat="50.4422332" lon="-5.0423481">
        <ele>47.0</ele>
        <time>2026-09-16T12:37:15.000Z</time>
        <speed>1.418</speed>
      </trkpt>
      <trkpt lat="50.4422990" lon="-5.0423236">
        <ele>46.2</ele>
        <time>2026-09-16T12:37:20.000Z</time>
        <speed>1.409</speed>
      </trkpt>
      <trkpt lat="50.4423632" lon="-5.0423058">
        <ele>44.8</ele>
        <time>2026-09-16T12:37:25.000Z</time>
        <speed>1.428</speed>
      </trkpt>
      <trkpt lat="50.4424202" lon="-5.0422997">
        <ele>44.8</ele>
        <time>2026-09-16T12:37:30.000Z</time>
        <speed>1.428</speed>
      </trkpt>
      <trkpt lat="50.4424833" lon="-5.0422755">
        <ele>44.2</ele>
        <time>2026-09-16T12:37:35.000Z</time>
        <speed>1.418</speed>
      </trkpt>
      <trkpt lat="50.4425498" lon="-5.0422783">
        <ele>43.0</ele>
        <time>2026-09-16T12:37:40.000Z</time>
        <speed>1.418</speed>
      </trkpt>
      <trkpt lat="50.4426203" lon="-5.0422738">
        <ele>42.0</ele>
        <time>2026-09-16T12:37:45.000Z</time>
        <speed>1.437</speed>
      </trkpt>
      <trkpt lat="50.4426867" lon="-5.0422933">
        <ele>42.8</ele>
        <time>2026-09-16T12:37:50.000Z</time>
        <speed>1.437</speed>
      </trkpt>
      <trkpt lat="50.4427556" lon="-5.0422986">
        <ele>41.8</ele>
        <time>2026-09-16T12:37:55.000Z</time>
        <speed>1.437</speed>
      </trkpt>
      <trkpt lat="50.4428134" lon="-5.0423051">
        <ele>41.4</ele>
        <time>2026-09-16T12:38:00.000Z</time>
        <speed>1.437</speed>
      </trkpt>
      <trkpt lat="50.4428757" lon="-5.0423209">
        <ele>40.6</ele>
        <time>2026-09-16T12:38:05.000Z</time>
        <speed>1.437</speed>
      </trkpt>
      <trkpt lat="50.4429405" lon="-5.0423129">
        <ele>39.8</ele>
        <time>2026-09-16T12:38:10.000Z</time>
        <speed>1.428</speed>
      </trkpt>
      <trkpt lat="50.4430012" lon="-5.0422952">
        <ele>39.0</ele>
        <time>2026-09-16T12:38:15.000Z</time>
        <speed>1.428</speed>
      </trkpt>
      <trkpt lat="50.4430640" lon="-5.0422860">
        <ele>38.8</ele>
        <time>2026-09-16T12:38:20.000Z</time>
        <speed>1.428</speed>
      </trkpt>
      <trkpt lat="50.4431264" lon="-5.0422643">
        <ele>38.4</ele>
        <time>2026-09-16T12:38:25.000Z</time>
        <speed>1.409</speed>
      </trkpt>
      <trkpt lat="50.4431912" lon="-5.0422416">
        <ele>37.8</ele>
        <time>2026-09-16T12:38:30.000Z</time>
        <speed>1.446</speed>
      </trkpt>
      <trkpt lat="50.4432440" lon="-5.0421996">
        <ele>37.6</ele>
        <time>2026-09-16T12:38:35.000Z</time>
        <speed>1.409</speed>
      </trkpt>
      <trkpt lat="50.4433107" lon="-5.0421712">
        <ele>37.2</ele>
        <time>2026-09-16T12:38:40.000Z</time>
        <speed>1.428</speed>
      </trkpt>
      <trkpt lat="50.4433768" lon="-5.0421569">
        <ele>37.2</ele>
        <time>2026-09-16T12:38:45.000Z</time>
        <speed>1.437</speed>
      </trkpt>
      <trkpt lat="50.4434374" lon="-5.0421400">
        <ele>36.2</ele>
        <time>2026-09-16T12:38:50.000Z</time>
        <speed>1.409</speed>
      </trkpt>
      <trkpt lat="50.4434969" lon="-5.0421266">
        <ele>34.6</ele>
        <time>2026-09-16T12:38:55.000Z</time>
        <speed>1.409</speed>
      </trkpt>
      <trkpt lat="50.4435510" lon="-5.0421125">
        <ele>33.2</ele>
        <time>2026-09-16T12:39:00.000Z</time>
        <speed>1.390</speed>
      </trkpt>
      <trkpt lat="50.4435944" lon="-5.0420627">
        <ele>32.8</ele>
        <time>2026-09-16T12:39:05.000Z</time>
        <speed>1.334</speed>
      </trkpt>
      <trkpt lat="50.4436197" lon="-5.0419917">
        <ele>32.0</ele>
        <time>2026-09-16T12:39:10.000Z</time>
        <speed>1.306</speed>
      </trkpt>
      <trkpt lat="50.4436447" lon="-5.0419042">
        <ele>31.4</ele>
        <time>2026-09-16T12:39:15.000Z</time>
        <speed>1.316</speed>
      </trkpt>
      <trkpt lat="50.4436755" lon="-5.0418257">
        <ele>31.0</ele>
        <time>2026-09-16T12:39:20.000Z</time>
        <speed>1.334</speed>
      </trkpt>
      <trkpt lat="50.4437201" lon="-5.0417623">
        <ele>30.4</ele>
        <time>2026-09-16T12:39:25.000Z</time>
        <speed>1.325</speed>
      </trkpt>
      <trkpt lat="50.4437725" lon="-5.0416977">
        <ele>29.8</ele>
        <time>2026-09-16T12:39:30.000Z</time>
        <speed>1.325</speed>
      </trkpt>
      <trkpt lat="50.4438203" lon="-5.0416273">
        <ele>29.0</ele>
        <time>2026-09-16T12:39:35.000Z</time>
        <speed>1.353</speed>
      </trkpt>
      <trkpt lat="50.4438531" lon="-5.0415475">
        <ele>28.4</ele>
        <time>2026-09-16T12:39:40.000Z</time>
        <speed>1.372</speed>
      </trkpt>
      <trkpt lat="50.4438983" lon="-5.0414683">
        <ele>27.8</ele>
        <time>2026-09-16T12:39:45.000Z</time>
        <speed>1.390</speed>
      </trkpt>
      <trkpt lat="50.4439077" lon="-5.0414354">
        <ele>27.4</ele>
        <time>2026-09-16T12:39:50.000Z</time>
        <speed>1.316</speed>
      </trkpt>
      <trkpt lat="50.4439068" lon="-5.0414335">
        <ele>27.2</ele>
        <time>2026-09-16T12:39:55.000Z</time>
        <speed>0.000</speed>
      </trkpt>
      <trkpt lat="50.4439068" lon="-5.0414335">
        <ele>27.2</ele>
        <time>2026-09-16T12:40:00.000Z</time>
        <speed>0.000</speed>
      </trkpt>
      <trkpt lat="50.4439068" lon="-5.0414335">
        <ele>27.4</ele>
        <time>2026-09-16T12:40:05.000Z</time>
        <speed>0.000</speed>
      </trkpt>
      <trkpt lat="50.4439226" lon="-5.0413980">
        <ele>27.0</ele>
        <time>2026-09-16T12:40:10.000Z</time>
        <speed>0.439</speed>
      </trkpt>
      <trkpt lat="50.4439665" lon="-5.0413138">
        <ele>27.2</ele>
        <time>2026-09-16T12:40:15.000Z</time>
        <speed>1.605</speed>
      </trkpt>
      <trkpt lat="50.4440055" lon="-5.0412367">
        <ele>26.6</ele>
        <time>2026-09-16T12:40:20.000Z</time>
        <speed>1.456</speed>
      </trkpt>
      <trkpt lat="50.4440380" lon="-5.0411620">
        <ele>26.2</ele>
        <time>2026-09-16T12:40:25.000Z</time>
        <speed>1.381</speed>
      </trkpt>
      <trkpt lat="50.4440795" lon="-5.0410677">
        <ele>25.4</ele>
        <time>2026-09-16T12:40:30.000Z</time>
        <speed>1.446</speed>
      </trkpt>
      <trkpt lat="50.4441216" lon="-5.0409717">
        <ele>25.2</ele>
        <time>2026-09-16T12:40:35.000Z</time>
        <speed>1.465</speed>
      </trkpt>
      <trkpt lat="50.4441620" lon="-5.0409103">
        <ele>24.8</ele>
        <time>2026-09-16T12:40:40.000Z</time>
        <speed>1.381</speed>
      </trkpt>
      <trkpt lat="50.4442076" lon="-5.0408274">
        <ele>24.4</ele>
        <time>2026-09-16T12:40:45.000Z</time>
        <speed>1.437</speed>
      </trkpt>
      <trkpt lat="50.4442479" lon="-5.0407475">
        <ele>23.6</ele>
        <time>2026-09-16T12:40:50.000Z</time>
        <speed>1.446</speed>
      </trkpt>
      <trkpt lat="50.4442906" lon="-5.0406797">
        <ele>22.8</ele>
        <time>2026-09-16T12:40:55.000Z</time>
        <speed>1.418</speed>
      </trkpt>
      <trkpt lat="50.4443113" lon="-5.0405921">
        <ele>22.2</ele>
        <time>2026-09-16T12:41:00.000Z</time>
        <speed>1.446</speed>
      </trkpt>
      <trkpt lat="50.4443441" lon="-5.0405167">
        <ele>21.6</ele>
        <time>2026-09-16T12:41:05.000Z</time>
        <speed>1.428</speed>
      </trkpt>
      <trkpt lat="50.4443744" lon="-5.0404719">
        <ele>21.6</ele>
        <time>2026-09-16T12:41:10.000Z</time>
        <speed>1.381</speed>
      </trkpt>
      <trkpt lat="50.4444231" lon="-5.0404896">
        <ele>21.6</ele>
        <time>2026-09-16T12:41:15.000Z</time>
        <speed>1.241</speed>
      </trkpt>
      <trkpt lat="50.4444889" lon="-5.0404381">
        <ele>21.2</ele>
        <time>2026-09-16T12:41:20.000Z</time>
        <speed>1.474</speed>
      </trkpt>
      <trkpt lat="50.4444611" lon="-5.0403501">
        <ele>21.8</ele>
        <time>2026-09-16T12:41:25.000Z</time>
        <speed>1.353</speed>
      </trkpt>
      <trkpt lat="50.4444355" lon="-5.0402670">
        <ele>21.8</ele>
        <time>2026-09-16T12:41:30.000Z</time>
        <speed>1.306</speed>
      </trkpt>
      <trkpt lat="50.4444370" lon="-5.0401763">
        <ele>22.2</ele>
        <time>2026-09-16T12:41:35.000Z</time>
        <speed>1.297</speed>
      </trkpt>
      <trkpt lat="50.4444246" lon="-5.0400996">
        <ele>22.8</ele>
        <time>2026-09-16T12:41:40.000Z</time>
        <speed>1.316</speed>
      </trkpt>
      <trkpt lat="50.4444080" lon="-5.0400353">
        <ele>23.0</ele>
        <time>2026-09-16T12:41:45.000Z</time>
        <speed>1.148</speed>
      </trkpt>
      <trkpt lat="50.4444145" lon="-5.0400464">
        <ele>23.2</ele>
        <time>2026-09-16T12:41:50.000Z</time>
        <speed>1.017</speed>
      </trkpt>
      <trkpt lat="50.4444341" lon="-5.0400896">
        <ele>23.6</ele>
        <time>2026-09-16T12:41:55.000Z</time>
        <speed>0.000</speed>
      </trkpt>
      <trkpt lat="50.4444362" lon="-5.0400712">
        <ele>23.6</ele>
        <time>2026-09-16T12:42:00.000Z</time>
        <speed>0.000</speed>
      </trkpt>
      <trkpt lat="50.4444432" lon="-5.0400685">
        <ele>23.6</ele>
        <time>2026-09-16T12:42:05.000Z</time>
        <speed>0.000</speed>
      </trkpt>
      <trkpt lat="50.4444498" lon="-5.0400577">
        <ele>23.6</ele>
        <time>2026-09-16T12:42:10.000Z</time>
        <speed>0.000</speed>
      </trkpt>
      <trkpt lat="50.4444505" lon="-5.0400509">
        <ele>23.6</ele>
        <time>2026-09-16T12:42:15.000Z</time>
        <speed>0.000</speed>
      </trkpt>
      <trkpt lat="50.4444505" lon="-5.0400509">
        <ele>23.6</ele>
        <time>2026-09-16T12:42:20.000Z</time>
        <speed>0.000</speed>
      </trkpt>
      <trkpt lat="50.4444629" lon="-5.0400401">
        <ele>23.6</ele>
        <time>2026-09-16T12:42:25.000Z</time>
        <speed>0.000</speed>
      </trkpt>
      <trkpt lat="50.4444626" lon="-5.0400409">
        <ele>23.8</ele>
        <time>2026-09-16T12:42:30.000Z</time>
        <speed>0.000</speed>
      </trkpt>
      <trkpt lat="50.4444567" lon="-5.0400022">
        <ele>23.6</ele>
        <time>2026-09-16T12:42:35.000Z</time>
        <speed>0.000</speed>
      </trkpt>
      <trkpt lat="50.4444629" lon="-5.0399888">
        <ele>23.6</ele>
        <time>2026-09-16T12:42:40.000Z</time>
        <speed>0.000</speed>
      </trkpt>
      <trkpt lat="50.4444522" lon="-5.0399753">
        <ele>23.0</ele>
        <time>2026-09-16T12:42:45.000Z</time>
        <speed>0.000</speed>
      </trkpt>
      <trkpt lat="50.4444522" lon="-5.0399753">
        <ele>23.2</ele>
        <time>2026-09-16T12:42:50.000Z</time>
        <speed>0.000</speed>
      </trkpt>
      <trkpt lat="50.4444522" lon="-5.0399753">
        <ele>23.2</ele>
        <time>2026-09-16T12:42:55.000Z</time>
        <speed>0.000</speed>
      </trkpt>
      <trkpt lat="50.4444522" lon="-5.0399753">
        <ele>23.0</ele>
        <time>2026-09-16T12:43:00.000Z</time>
        <speed>0.000</speed>
      </trkpt>
      <trkpt lat="50.4444522" lon="-5.0399753">
        <ele>23.2</ele>
        <time>2026-09-16T12:43:05.000Z</time>
        <speed>0.000</speed>
      </trkpt>
      <trkpt lat="50.4444522" lon="-5.0399753">
        <ele>23.0</ele>
        <time>2026-09-16T12:43:10.000Z</time>
        <speed>0.000</speed>
      </trkpt>
      <trkpt lat="50.4444522" lon="-5.0399753">
        <ele>23.0</ele>
        <time>2026-09-16T12:43:15.000Z</time>
        <speed>0.000</speed>
      </trkpt>
      <trkpt lat="50.4444522" lon="-5.0399753">
        <ele>23.0</ele>
        <time>2026-09-16T12:43:20.000Z</time>
        <speed>0.000</speed>
      </trkpt>
      <trkpt lat="50.4444522" lon="-5.0399753">
        <ele>22.8</ele>
        <time>2026-09-16T12:43:25.000Z</time>
        <speed>0.000</speed>
      </trkpt>
      <trkpt lat="50.4444522" lon="-5.0399753">
        <ele>22.8</ele>
        <time>2026-09-16T12:43:30.000Z</time>
        <speed>0.000</speed>
      </trkpt>
      <trkpt lat="50.4444522" lon="-5.0399753">
        <ele>22.8</ele>
        <time>2026-09-16T12:43:35.000Z</time>
        <speed>0.000</speed>
      </trkpt>
      <trkpt lat="50.4444522" lon="-5.0399753">
        <ele>23.2</ele>
        <time>2026-09-16T12:43:40.000Z</time>
        <speed>0.000</speed>
      </trkpt>
      <trkpt lat="50.4444522" lon="-5.0399753">
        <ele>23.4</ele>
        <time>2026-09-16T12:43:45.000Z</time>
        <speed>0.000</speed>
      </trkpt>
      <trkpt lat="50.4444522" lon="-5.0399753">
        <ele>23.2</ele>
        <time>2026-09-16T12:43:50.000Z</time>
        <speed>0.000</speed>
      </trkpt>
      <trkpt lat="50.4444522" lon="-5.0399753">
        <ele>23.4</ele>
        <time>2026-09-16T12:43:55.000Z</time>
        <speed>0.000</speed>
      </trkpt>
      <trkpt lat="50.4444522" lon="-5.0399753">
        <ele>23.6</ele>
        <time>2026-09-16T12:44:00.000Z</time>
        <speed>0.000</speed>
      </trkpt>
      <trkpt lat="50.4444522" lon="-5.0399753">
        <ele>23.8</ele>
        <time>2026-09-16T12:44:05.000Z</time>
        <speed>0.000</speed>
      </trkpt>
      <trkpt lat="50.4444522" lon="-5.0399753">
        <ele>23.6</ele>
        <time>2026-09-16T12:44:10.000Z</time>
        <speed>0.000</speed>
      </trkpt>
      <trkpt lat="50.4444522" lon="-5.0399753">
        <ele>23.4</ele>
        <time>2026-09-16T12:44:15.000Z</time>
        <speed>0.000</speed>
      </trkpt>
      <trkpt lat="50.4444522" lon="-5.0399753">
        <ele>23.4</ele>
        <time>2026-09-16T12:44:20.000Z</time>
        <speed>0.000</speed>
      </trkpt>
      <trkpt lat="50.4444522" lon="-5.0399753">
        <ele>23.2</ele>
        <time>2026-09-16T12:44:25.000Z</time>
        <speed>0.000</speed>
      </trkpt>
      <trkpt lat="50.4444522" lon="-5.0399753">
        <ele>23.2</ele>
        <time>2026-09-16T12:44:30.000Z</time>
        <speed>0.000</speed>
      </trkpt>
      <trkpt lat="50.4444522" lon="-5.0399753">
        <ele>23.4</ele>
        <time>2026-09-16T12:44:35.000Z</time>
        <speed>0.000</speed>
      </trkpt>
      <trkpt lat="50.4444522" lon="-5.0399753">
        <ele>23.2</ele>
        <time>2026-09-16T12:44:40.000Z</time>
        <speed>0.000</speed>
      </trkpt>
      <trkpt lat="50.4444522" lon="-5.0399753">
        <ele>23.2</ele>
        <time>2026-09-16T12:44:45.000Z</time>
        <speed>0.000</speed>
      </trkpt>
      <trkpt lat="50.4444522" lon="-5.0399753">
        <ele>23.2</ele>
        <time>2026-09-16T12:44:50.000Z</time>
        <speed>0.000</speed>
      </trkpt>
      <trkpt lat="50.4444522" lon="-5.0399753">
        <ele>23.4</ele>
        <time>2026-09-16T12:44:55.000Z</time>
        <speed>0.000</speed>
      </trkpt>
      <trkpt lat="50.4444522" lon="-5.0399753">
        <ele>23.4</ele>
        <time>2026-09-16T12:45:00.000Z</time>
        <speed>0.000</speed>
      </trkpt>
      <trkpt lat="50.4444522" lon="-5.0399753">
        <ele>23.6</ele>
        <time>2026-09-16T12:45:05.000Z</time>
        <speed>0.000</speed>
      </trkpt>
      <trkpt lat="50.4444522" lon="-5.0399753">
        <ele>23.6</ele>
        <time>2026-09-16T12:45:10.000Z</time>
        <speed>0.000</speed>
      </trkpt>
      <trkpt lat="50.4444522" lon="-5.0399753">
        <ele>23.6</ele>
        <time>2026-09-16T12:45:15.000Z</time>
        <speed>0.000</speed>
      </trkpt>
      <trkpt lat="50.4444522" lon="-5.0399753">
        <ele>23.6</ele>
        <time>2026-09-16T12:45:20.000Z</time>
        <speed>0.000</speed>
      </trkpt>
      <trkpt lat="50.4444522" lon="-5.0399753">
        <ele>23.4</ele>
        <time>2026-09-16T12:45:25.000Z</time>
        <speed>0.000</speed>
      </trkpt>
      <trkpt lat="50.4444531" lon="-5.0399573">
        <ele>23.4</ele>
        <time>2026-09-16T12:45:30.000Z</time>
        <speed>0.000</speed>
      </trkpt>
      <trkpt lat="50.4444522" lon="-5.0399753">
        <ele>23.2</ele>
        <time>2026-09-16T12:45:35.000Z</time>
        <speed>0.000</speed>
      </trkpt>
      <trkpt lat="50.4444522" lon="-5.0399753">
        <ele>22.8</ele>
        <time>2026-09-16T12:45:40.000Z</time>
        <speed>0.000</speed>
      </trkpt>
      <trkpt lat="50.4444522" lon="-5.0399753">
        <ele>23.0</ele>
        <time>2026-09-16T12:45:45.000Z</time>
        <speed>0.000</speed>
      </trkpt>
      <trkpt lat="50.4444593" lon="-5.0399643">
        <ele>23.6</ele>
        <time>2026-09-16T12:45:50.000Z</time>
        <speed>0.000</speed>
      </trkpt>
      <trkpt lat="50.4444522" lon="-5.0399753">
        <ele>23.2</ele>
        <time>2026-09-16T12:45:55.000Z</time>
        <speed>0.000</speed>
      </trkpt>
      <trkpt lat="50.4444522" lon="-5.0399753">
        <ele>23.0</ele>
        <time>2026-09-16T12:46:00.000Z</time>
        <speed>0.000</speed>
      </trkpt>
      <trkpt lat="50.4444658" lon="-5.0399666">
        <ele>23.2</ele>
        <time>2026-09-16T12:46:05.000Z</time>
        <speed>0.000</speed>
      </trkpt>
      <trkpt lat="50.4444522" lon="-5.0399753">
        <ele>23.2</ele>
        <time>2026-09-16T12:46:10.000Z</time>
        <speed>0.000</speed>
      </trkpt>
      <trkpt lat="50.4444522" lon="-5.0399753">
        <ele>23.4</ele>
        <time>2026-09-16T12:46:15.000Z</time>
        <speed>0.000</speed>
      </trkpt>
      <trkpt lat="50.4444522" lon="-5.0399753">
        <ele>23.6</ele>
        <time>2026-09-16T12:46:20.000Z</time>
        <speed>0.000</speed>
      </trkpt>
      <trkpt lat="50.4444522" lon="-5.0399753">
        <ele>23.2</ele>
        <time>2026-09-16T12:46:25.000Z</time>
        <speed>0.579</speed>
      </trkpt>
      <trkpt lat="50.4444522" lon="-5.0399753">
        <ele>23.2</ele>
        <time>2026-09-16T12:46:30.000Z</time>
        <speed>0.000</speed>
      </trkpt>
      <trkpt lat="50.4444522" lon="-5.0399753">
        <ele>23.2</ele>
        <time>2026-09-16T12:46:35.000Z</time>
        <speed>0.000</speed>
      </trkpt>
      <trkpt lat="50.4444522" lon="-5.0399753">
        <ele>23.2</ele>
        <time>2026-09-16T12:46:40.000Z</time>
        <speed>0.000</speed>
      </trkpt>
      <trkpt lat="50.4444522" lon="-5.0399753">
        <ele>23.4</ele>
        <time>2026-09-16T12:46:45.000Z</time>
        <speed>0.000</speed>
      </trkpt>
      <trkpt lat="50.4444522" lon="-5.0399753">
        <ele>23.2</ele>
        <time>2026-09-16T12:46:50.000Z</time>
        <speed>0.000</speed>
      </trkpt>
      <trkpt lat="50.4444522" lon="-5.0399753">
        <ele>23.2</ele>
        <time>2026-09-16T12:46:55.000Z</time>
        <speed>0.000</speed>
      </trkpt>
      <trkpt lat="50.4444522" lon="-5.0399753">
        <ele>23.2</ele>
        <time>2026-09-16T12:47:00.000Z</time>
        <speed>0.000</speed>
      </trkpt>
      <trkpt lat="50.4444522" lon="-5.0399753">
        <ele>23.4</ele>
        <time>2026-09-16T12:47:05.000Z</time>
        <speed>0.000</speed>
      </trkpt>
      <trkpt lat="50.4444613" lon="-5.0399261">
        <ele>23.2</ele>
        <time>2026-09-16T12:47:10.000Z</time>
        <speed>0.905</speed>
      </trkpt>
      <trkpt lat="50.4444483" lon="-5.0398577">
        <ele>23.8</ele>
        <time>2026-09-16T12:47:15.000Z</time>
        <speed>1.409</speed>
      </trkpt>
      <trkpt lat="50.4444435" lon="-5.0398290">
        <ele>23.6</ele>
        <time>2026-09-16T12:47:20.000Z</time>
        <speed>0.980</speed>
      </trkpt>
      <trkpt lat="50.4444687" lon="-5.0397992">
        <ele>23.6</ele>
        <time>2026-09-16T12:47:25.000Z</time>
        <speed>0.924</speed>
      </trkpt>
      <trkpt lat="50.4444703" lon="-5.0397362">
        <ele>23.8</ele>
        <time>2026-09-16T12:47:30.000Z</time>
        <speed>0.961</speed>
      </trkpt>
      <trkpt lat="50.4444719" lon="-5.0397319">
        <ele>24.0</ele>
        <time>2026-09-16T12:47:35.000Z</time>
        <speed>0.756</speed>
      </trkpt>
      <trkpt lat="50.4444719" lon="-5.0397319">
        <ele>24.0</ele>
        <time>2026-09-16T12:47:40.000Z</time>
        <speed>0.000</speed>
      </trkpt>
      <trkpt lat="50.4444719" lon="-5.0397319">
        <ele>23.6</ele>
        <time>2026-09-16T12:47:45.000Z</time>
        <speed>0.000</speed>
      </trkpt>
      <trkpt lat="50.4444719" lon="-5.0397319">
        <ele>23.6</ele>
        <time>2026-09-16T12:47:50.000Z</time>
        <speed>0.000</speed>
      </trkpt>
      <trkpt lat="50.4444719" lon="-5.0397319">
        <ele>23.6</ele>
        <time>2026-09-16T12:47:55.000Z</time>
        <speed>0.000</speed>
      </trkpt>
      <trkpt lat="50.4444719" lon="-5.0397319">
        <ele>23.6</ele>
        <time>2026-09-16T12:48:00.000Z</time>
        <speed>0.000</speed>
      </trkpt>
      <trkpt lat="50.4444719" lon="-5.0397319">
        <ele>23.6</ele>
        <time>2026-09-16T12:48:05.000Z</time>
        <speed>0.000</speed>
      </trkpt>
      <trkpt lat="50.4444719" lon="-5.0397319">
        <ele>23.8</ele>
        <time>2026-09-16T12:48:10.000Z</time>
        <speed>0.000</speed>
      </trkpt>
      <trkpt lat="50.4444719" lon="-5.0397319">
        <ele>23.8</ele>
        <time>2026-09-16T12:48:15.000Z</time>
        <speed>0.000</speed>
      </trkpt>
      <trkpt lat="50.4444719" lon="-5.0397319">
        <ele>23.8</ele>
        <time>2026-09-16T12:48:20.000Z</time>
        <speed>0.000</speed>
      </trkpt>
      <trkpt lat="50.4444719" lon="-5.0397319">
        <ele>23.6</ele>
        <time>2026-09-16T12:48:25.000Z</time>
        <speed>0.000</speed>
      </trkpt>
      <trkpt lat="50.4444719" lon="-5.0397319">
        <ele>23.4</ele>
        <time>2026-09-16T12:48:30.000Z</time>
        <speed>0.000</speed>
      </trkpt>
      <trkpt lat="50.4444719" lon="-5.0397319">
        <ele>23.6</ele>
        <time>2026-09-16T12:48:35.000Z</time>
        <speed>0.000</speed>
      </trkpt>
      <trkpt lat="50.4444719" lon="-5.0397319">
        <ele>23.6</ele>
        <time>2026-09-16T12:48:40.000Z</time>
        <speed>0.000</speed>
      </trkpt>
      <trkpt lat="50.4444719" lon="-5.0397319">
        <ele>23.8</ele>
        <time>2026-09-16T12:48:45.000Z</time>
        <speed>0.000</speed>
      </trkpt>
      <trkpt lat="50.4444719" lon="-5.0397319">
        <ele>23.0</ele>
        <time>2026-09-16T12:48:50.000Z</time>
        <speed>0.000</speed>
      </trkpt>
      <trkpt lat="50.4444719" lon="-5.0397319">
        <ele>23.2</ele>
        <time>2026-09-16T12:48:55.000Z</time>
        <speed>0.000</speed>
      </trkpt>
      <trkpt lat="50.4444719" lon="-5.0397319">
        <ele>23.2</ele>
        <time>2026-09-16T12:49:00.000Z</time>
        <speed>0.000</speed>
      </trkpt>
      <trkpt lat="50.4444719" lon="-5.0397319">
        <ele>23.0</ele>
        <time>2026-09-16T12:49:05.000Z</time>
        <speed>0.000</speed>
      </trkpt>
      <trkpt lat="50.4444681" lon="-5.0397219">
        <ele>23.0</ele>
        <time>2026-09-16T12:49:10.000Z</time>
        <speed>0.000</speed>
      </trkpt>
      <trkpt lat="50.4444706" lon="-5.0398132">
        <ele>22.6</ele>
        <time>2026-09-16T12:49:15.000Z</time>
        <speed>0.700</speed>
      </trkpt>
      <trkpt lat="50.4444819" lon="-5.0398805">
        <ele>22.6</ele>
        <time>2026-09-16T12:49:20.000Z</time>
        <speed>1.148</speed>
      </trkpt>
      <trkpt lat="50.4444915" lon="-5.0399785">
        <ele>22.8</ele>
        <time>2026-09-16T12:49:25.000Z</time>
        <speed>1.353</speed>
      </trkpt>
      <trkpt lat="50.4445188" lon="-5.0400335">
        <ele>23.0</ele>
        <time>2026-09-16T12:49:30.000Z</time>
        <speed>1.166</speed>
      </trkpt>
      <trkpt lat="50.4445328" lon="-5.0401107">
        <ele>23.2</ele>
        <time>2026-09-16T12:49:35.000Z</time>
        <speed>1.232</speed>
      </trkpt>
      <trkpt lat="50.4445488" lon="-5.0401801">
        <ele>23.0</ele>
        <time>2026-09-16T12:49:40.000Z</time>
        <speed>1.222</speed>
      </trkpt>
      <trkpt lat="50.4445382" lon="-5.0402525">
        <ele>22.4</ele>
        <time>2026-09-16T12:49:45.000Z</time>
        <speed>1.138</speed>
      </trkpt>
      <trkpt lat="50.4445186" lon="-5.0403320">
        <ele>22.2</ele>
        <time>2026-09-16T12:49:50.000Z</time>
        <speed>1.213</speed>
      </trkpt>
      <trkpt lat="50.4444942" lon="-5.0403721">
        <ele>21.8</ele>
        <time>2026-09-16T12:49:55.000Z</time>
        <speed>1.129</speed>
      </trkpt>
      <trkpt lat="50.4445139" lon="-5.0404211">
        <ele>21.2</ele>
        <time>2026-09-16T12:50:00.000Z</time>
        <speed>1.054</speed>
      </trkpt>
      <trkpt lat="50.4445158" lon="-5.0405197">
        <ele>20.8</ele>
        <time>2026-09-16T12:50:05.000Z</time>
        <speed>1.213</speed>
      </trkpt>
      <trkpt lat="50.4445257" lon="-5.0405930">
        <ele>21.0</ele>
        <time>2026-09-16T12:50:10.000Z</time>
        <speed>1.176</speed>
      </trkpt>
      <trkpt lat="50.4445367" lon="-5.0406752">
        <ele>21.2</ele>
        <time>2026-09-16T12:50:15.000Z</time>
        <speed>1.185</speed>
      </trkpt>
      <trkpt lat="50.4445820" lon="-5.0406776">
        <ele>21.4</ele>
        <time>2026-09-16T12:50:20.000Z</time>
        <speed>1.138</speed>
      </trkpt>
      <trkpt lat="50.4446223" lon="-5.0407263">
        <ele>21.6</ele>
        <time>2026-09-16T12:50:25.000Z</time>
        <speed>1.166</speed>
      </trkpt>
      <trkpt lat="50.4446699" lon="-5.0407594">
        <ele>22.0</ele>
        <time>2026-09-16T12:50:30.000Z</time>
        <speed>1.185</speed>
      </trkpt>
      <trkpt lat="50.4447236" lon="-5.0407662">
        <ele>23.2</ele>
        <time>2026-09-16T12:50:35.000Z</time>
        <speed>1.157</speed>
      </trkpt>
      <trkpt lat="50.4447701" lon="-5.0407660">
        <ele>24.2</ele>
        <time>2026-09-16T12:50:40.000Z</time>
        <speed>1.110</speed>
      </trkpt>
      <trkpt lat="50.4448110" lon="-5.0407527">
        <ele>24.6</ele>
        <time>2026-09-16T12:50:45.000Z</time>
        <speed>1.082</speed>
      </trkpt>
      <trkpt lat="50.4448617" lon="-5.0407105">
        <ele>25.2</ele>
        <time>2026-09-16T12:50:50.000Z</time>
        <speed>1.120</speed>
      </trkpt>
      <trkpt lat="50.4449009" lon="-5.0406539">
        <ele>25.6</ele>
        <time>2026-09-16T12:50:55.000Z</time>
        <speed>1.148</speed>
      </trkpt>
      <trkpt lat="50.4449497" lon="-5.0405829">
        <ele>26.2</ele>
        <time>2026-09-16T12:51:00.000Z</time>
        <speed>1.204</speed>
      </trkpt>
      <trkpt lat="50.4449851" lon="-5.0405415">
        <ele>26.8</ele>
        <time>2026-09-16T12:51:05.000Z</time>
        <speed>1.176</speed>
      </trkpt>
      <trkpt lat="50.4450075" lon="-5.0404875">
        <ele>27.2</ele>
        <time>2026-09-16T12:51:10.000Z</time>
        <speed>1.138</speed>
      </trkpt>
      <trkpt lat="50.4450493" lon="-5.0404439">
        <ele>28.0</ele>
        <time>2026-09-16T12:51:15.000Z</time>
        <speed>1.120</speed>
      </trkpt>
      <trkpt lat="50.4450948" lon="-5.0404063">
        <ele>28.6</ele>
        <time>2026-09-16T12:51:20.000Z</time>
        <speed>1.157</speed>
      </trkpt>
      <trkpt lat="50.4451306" lon="-5.0403700">
        <ele>29.4</ele>
        <time>2026-09-16T12:51:25.000Z</time>
        <speed>1.082</speed>
      </trkpt>
      <trkpt lat="50.4451699" lon="-5.0403665">
        <ele>30.4</ele>
        <time>2026-09-16T12:51:30.000Z</time>
        <speed>0.980</speed>
      </trkpt>
      <trkpt lat="50.4451928" lon="-5.0404030">
        <ele>31.0</ele>
        <time>2026-09-16T12:51:35.000Z</time>
        <speed>0.942</speed>
      </trkpt>
      <trkpt lat="50.4452047" lon="-5.0404241">
        <ele>31.0</ele>
        <time>2026-09-16T12:51:40.000Z</time>
        <speed>0.802</speed>
      </trkpt>
      <trkpt lat="50.4452159" lon="-5.0404709">
        <ele>32.0</ele>
        <time>2026-09-16T12:51:45.000Z</time>
        <speed>0.765</speed>
      </trkpt>
      <trkpt lat="50.4452263" lon="-5.0405165">
        <ele>33.8</ele>
        <time>2026-09-16T12:51:50.000Z</time>
        <speed>0.821</speed>
      </trkpt>
      <trkpt lat="50.4452525" lon="-5.0405588">
        <ele>33.8</ele>
        <time>2026-09-16T12:51:55.000Z</time>
        <speed>0.886</speed>
      </trkpt>
      <trkpt lat="50.4452614" lon="-5.0406368">
        <ele>33.8</ele>
        <time>2026-09-16T12:52:00.000Z</time>
        <speed>1.054</speed>
      </trkpt>
      <trkpt lat="50.4452749" lon="-5.0407130">
        <ele>34.0</ele>
        <time>2026-09-16T12:52:05.000Z</time>
        <speed>1.222</speed>
      </trkpt>
      <trkpt lat="50.4452804" lon="-5.0407617">
        <ele>35.2</ele>
        <time>2026-09-16T12:52:10.000Z</time>
        <speed>0.886</speed>
      </trkpt>
      <trkpt lat="50.4453073" lon="-5.0407482">
        <ele>36.2</ele>
        <time>2026-09-16T12:52:15.000Z</time>
        <speed>0.746</speed>
      </trkpt>
      <trkpt lat="50.4453425" lon="-5.0407969">
        <ele>37.0</ele>
        <time>2026-09-16T12:52:20.000Z</time>
        <speed>0.961</speed>
      </trkpt>
      <trkpt lat="50.4453275" lon="-5.0408381">
        <ele>37.0</ele>
        <time>2026-09-16T12:52:25.000Z</time>
        <speed>0.765</speed>
      </trkpt>
      <trkpt lat="50.4453197" lon="-5.0408658">
        <ele>37.6</ele>
        <time>2026-09-16T12:52:30.000Z</time>
        <speed>0.000</speed>
      </trkpt>
      <trkpt lat="50.4453193" lon="-5.0408658">
        <ele>37.8</ele>
        <time>2026-09-16T12:52:35.000Z</time>
        <speed>0.000</speed>
      </trkpt>
      <trkpt lat="50.4453193" lon="-5.0408658">
        <ele>38.2</ele>
        <time>2026-09-16T12:52:40.000Z</time>
        <speed>0.000</speed>
      </trkpt>
      <trkpt lat="50.4453193" lon="-5.0408658">
        <ele>38.0</ele>
        <time>2026-09-16T12:52:45.000Z</time>
        <speed>0.000</speed>
      </trkpt>
      <trkpt lat="50.4453193" lon="-5.0408658">
        <ele>38.0</ele>
        <time>2026-09-16T12:52:50.000Z</time>
        <speed>0.000</speed>
      </trkpt>
      <trkpt lat="50.4453193" lon="-5.0408658">
        <ele>38.0</ele>
        <time>2026-09-16T12:52:55.000Z</time>
        <speed>0.000</speed>
      </trkpt>
      <trkpt lat="50.4453193" lon="-5.0408658">
        <ele>38.0</ele>
        <time>2026-09-16T12:53:00.000Z</time>
        <speed>0.000</speed>
      </trkpt>
      <trkpt lat="50.4453130" lon="-5.0409045">
        <ele>38.0</ele>
        <time>2026-09-16T12:53:05.000Z</time>
        <speed>0.000</speed>
      </trkpt>
      <trkpt lat="50.4453144" lon="-5.0409472">
        <ele>39.2</ele>
        <time>2026-09-16T12:53:10.000Z</time>
        <speed>0.597</speed>
      </trkpt>
      <trkpt lat="50.4453131" lon="-5.0409437">
        <ele>39.4</ele>
        <time>2026-09-16T12:53:15.000Z</time>
        <speed>0.000</speed>
      </trkpt>
      <trkpt lat="50.4453131" lon="-5.0409437">
        <ele>39.2</ele>
        <time>2026-09-16T12:53:20.000Z</time>
        <speed>0.000</speed>
      </trkpt>
      <trkpt lat="50.4453131" lon="-5.0409437">
        <ele>39.2</ele>
        <time>2026-09-16T12:53:25.000Z</time>
        <speed>0.000</speed>
      </trkpt>
      <trkpt lat="50.4453237" lon="-5.0409837">
        <ele>39.6</ele>
        <time>2026-09-16T12:53:30.000Z</time>
        <speed>0.000</speed>
      </trkpt>
      <trkpt lat="50.4453334" lon="-5.0410398">
        <ele>40.8</ele>
        <time>2026-09-16T12:53:35.000Z</time>
        <speed>0.000</speed>
      </trkpt>
      <trkpt lat="50.4453473" lon="-5.0411088">
        <ele>42.0</ele>
        <time>2026-09-16T12:53:40.000Z</time>
        <speed>0.905</speed>
      </trkpt>
      <trkpt lat="50.4453551" lon="-5.0411726">
        <ele>43.2</ele>
        <time>2026-09-16T12:53:45.000Z</time>
        <speed>1.008</speed>
      </trkpt>
      <trkpt lat="50.4453626" lon="-5.0412462">
        <ele>44.0</ele>
        <time>2026-09-16T12:53:50.000Z</time>
        <speed>1.008</speed>
      </trkpt>
      <trkpt lat="50.4453700" lon="-5.0412983">
        <ele>44.4</ele>
        <time>2026-09-16T12:53:55.000Z</time>
        <speed>0.970</speed>
      </trkpt>
      <trkpt lat="50.4453729" lon="-5.0413025">
        <ele>44.6</ele>
        <time>2026-09-16T12:54:00.000Z</time>
        <speed>0.000</speed>
      </trkpt>
      <trkpt lat="50.4453805" lon="-5.0413097">
        <ele>44.6</ele>
        <time>2026-09-16T12:54:05.000Z</time>
        <speed>0.000</speed>
      </trkpt>
      <trkpt lat="50.4454119" lon="-5.0413180">
        <ele>45.8</ele>
        <time>2026-09-16T12:54:10.000Z</time>
        <speed>0.000</speed>
      </trkpt>
      <trkpt lat="50.4454413" lon="-5.0413158">
        <ele>47.0</ele>
        <time>2026-09-16T12:54:15.000Z</time>
        <speed>0.840</speed>
      </trkpt>
      <trkpt lat="50.4454785" lon="-5.0413251">
        <ele>48.0</ele>
        <time>2026-09-16T12:54:20.000Z</time>
        <speed>1.054</speed>
      </trkpt>
      <trkpt lat="50.4455093" lon="-5.0413319">
        <ele>49.2</ele>
        <time>2026-09-16T12:54:25.000Z</time>
        <speed>1.110</speed>
      </trkpt>
      <trkpt lat="50.4455290" lon="-5.0413227">
        <ele>49.6</ele>
        <time>2026-09-16T12:54:30.000Z</time>
        <speed>0.858</speed>
      </trkpt>
      <trkpt lat="50.4455661" lon="-5.0413057">
        <ele>50.2</ele>
        <time>2026-09-16T12:54:35.000Z</time>
        <speed>0.858</speed>
      </trkpt>
      <trkpt lat="50.4456006" lon="-5.0413014">
        <ele>50.6</ele>
        <time>2026-09-16T12:54:40.000Z</time>
        <speed>0.886</speed>
      </trkpt>
      <trkpt lat="50.4456331" lon="-5.0412989">
        <ele>51.4</ele>
        <time>2026-09-16T12:54:45.000Z</time>
        <speed>0.868</speed>
      </trkpt>
      <trkpt lat="50.4456758" lon="-5.0412884">
        <ele>52.0</ele>
        <time>2026-09-16T12:54:50.000Z</time>
        <speed>0.868</speed>
      </trkpt>
      <trkpt lat="50.4457460" lon="-5.0412877">
        <ele>52.8</ele>
        <time>2026-09-16T12:54:55.000Z</time>
        <speed>1.120</speed>
      </trkpt>
      <trkpt lat="50.4457926" lon="-5.0412833">
        <ele>53.6</ele>
        <time>2026-09-16T12:55:00.000Z</time>
        <speed>1.157</speed>
      </trkpt>
      <trkpt lat="50.4458425" lon="-5.0412766">
        <ele>54.2</ele>
        <time>2026-09-16T12:55:05.000Z</time>
        <speed>1.064</speed>
      </trkpt>
      <trkpt lat="50.4458814" lon="-5.0412824">
        <ele>54.4</ele>
        <time>2026-09-16T12:55:10.000Z</time>
        <speed>0.998</speed>
      </trkpt>
      <trkpt lat="50.4459195" lon="-5.0412913">
        <ele>54.8</ele>
        <time>2026-09-16T12:55:15.000Z</time>
        <speed>0.896</speed>
      </trkpt>
      <trkpt lat="50.4459177" lon="-5.0412864">
        <ele>55.0</ele>
        <time>2026-09-16T12:55:20.000Z</time>
        <speed>0.625</speed>
      </trkpt>
      <trkpt lat="50.4459177" lon="-5.0412864">
        <ele>54.8</ele>
        <time>2026-09-16T12:55:25.000Z</time>
        <speed>0.000</speed>
      </trkpt>
      <trkpt lat="50.4459110" lon="-5.0412803">
        <ele>54.8</ele>
        <time>2026-09-16T12:55:30.000Z</time>
        <speed>0.000</speed>
      </trkpt>
      <trkpt lat="50.4459264" lon="-5.0412872">
        <ele>55.2</ele>
        <time>2026-09-16T12:55:35.000Z</time>
        <speed>0.000</speed>
      </trkpt>
      <trkpt lat="50.4459392" lon="-5.0412781">
        <ele>55.4</ele>
        <time>2026-09-16T12:55:40.000Z</time>
        <speed>0.000</speed>
      </trkpt>
      <trkpt lat="50.4459403" lon="-5.0412761">
        <ele>55.4</ele>
        <time>2026-09-16T12:55:45.000Z</time>
        <speed>0.000</speed>
      </trkpt>
      <trkpt lat="50.4459403" lon="-5.0412761">
        <ele>54.8</ele>
        <time>2026-09-16T12:55:50.000Z</time>
        <speed>0.000</speed>
      </trkpt>
      <trkpt lat="50.4459403" lon="-5.0412761">
        <ele>54.6</ele>
        <time>2026-09-16T12:55:55.000Z</time>
        <speed>0.000</speed>
      </trkpt>
      <trkpt lat="50.4459403" lon="-5.0412761">
        <ele>55.2</ele>
        <time>2026-09-16T12:56:00.000Z</time>
        <speed>0.000</speed>
      </trkpt>
      <trkpt lat="50.4459403" lon="-5.0412761">
        <ele>55.2</ele>
        <time>2026-09-16T12:56:05.000Z</time>
        <speed>0.000</speed>
      </trkpt>
      <trkpt lat="50.4459403" lon="-5.0412761">
        <ele>55.2</ele>
        <time>2026-09-16T12:56:10.000Z</time>
        <speed>0.000</speed>
      </trkpt>
      <trkpt lat="50.4459387" lon="-5.0412749">
        <ele>55.2</ele>
        <time>2026-09-16T12:56:15.000Z</time>
        <speed>0.000</speed>
      </trkpt>
      <trkpt lat="50.4459403" lon="-5.0412761">
        <ele>55.4</ele>
        <time>2026-09-16T12:56:20.000Z</time>
        <speed>0.000</speed>
      </trkpt>
      <trkpt lat="50.4460049" lon="-5.0412777">
        <ele>55.8</ele>
        <time>2026-09-16T12:56:25.000Z</time>
        <speed>1.521</speed>
      </trkpt>
      <trkpt lat="50.4460641" lon="-5.0412644">
        <ele>56.4</ele>
        <time>2026-09-16T12:56:30.000Z</time>
        <speed>1.297</speed>
      </trkpt>
      <trkpt lat="50.4461157" lon="-5.0412532">
        <ele>57.4</ele>
        <time>2026-09-16T12:56:35.000Z</time>
        <speed>1.334</speed>
      </trkpt>
      <trkpt lat="50.4461672" lon="-5.0412481">
        <ele>57.2</ele>
        <time>2026-09-16T12:56:40.000Z</time>
        <speed>1.204</speed>
      </trkpt>
      <trkpt lat="50.4462159" lon="-5.0412412">
        <ele>56.8</ele>
        <time>2026-09-16T12:56:45.000Z</time>
        <speed>1.250</speed>
      </trkpt>
      <trkpt lat="50.4462656" lon="-5.0412393">
        <ele>57.0</ele>
        <time>2026-09-16T12:56:50.000Z</time>
        <speed>1.278</speed>
      </trkpt>
      <trkpt lat="50.4463206" lon="-5.0412289">
        <ele>57.2</ele>
        <time>2026-09-16T12:56:55.000Z</time>
        <speed>1.297</speed>
      </trkpt>
      <trkpt lat="50.4463817" lon="-5.0412078">
        <ele>57.4</ele>
        <time>2026-09-16T12:57:00.000Z</time>
        <speed>1.288</speed>
      </trkpt>
      <trkpt lat="50.4464526" lon="-5.0411883">
        <ele>57.8</ele>
        <time>2026-09-16T12:57:05.000Z</time>
        <speed>1.344</speed>
      </trkpt>
      <trkpt lat="50.4465077" lon="-5.0411683">
        <ele>58.6</ele>
        <time>2026-09-16T12:57:10.000Z</time>
        <speed>1.325</speed>
      </trkpt>
      <trkpt lat="50.4465624" lon="-5.0411247">
        <ele>58.8</ele>
        <time>2026-09-16T12:57:15.000Z</time>
        <speed>1.344</speed>
      </trkpt>
      <trkpt lat="50.4466208" lon="-5.0410721">
        <ele>59.2</ele>
        <time>2026-09-16T12:57:20.000Z</time>
        <speed>1.362</speed>
      </trkpt>
      <trkpt lat="50.4466672" lon="-5.0410131">
        <ele>59.4</ele>
        <time>2026-09-16T12:57:25.000Z</time>
        <speed>1.353</speed>
      </trkpt>
      <trkpt lat="50.4467072" lon="-5.0409342">
        <ele>59.2</ele>
        <time>2026-09-16T12:57:30.000Z</time>
        <speed>1.372</speed>
      </trkpt>
      <trkpt lat="50.4467522" lon="-5.0408656">
        <ele>59.8</ele>
        <time>2026-09-16T12:57:35.000Z</time>
        <speed>1.362</speed>
      </trkpt>
      <trkpt lat="50.4467819" lon="-5.0407782">
        <ele>62.8</ele>
        <time>2026-09-16T12:57:40.000Z</time>
        <speed>1.390</speed>
      </trkpt>
      <trkpt lat="50.4468134" lon="-5.0407093">
        <ele>62.2</ele>
        <time>2026-09-16T12:57:45.000Z</time>
        <speed>1.362</speed>
      </trkpt>
      <trkpt lat="50.4468415" lon="-5.0406291">
        <ele>60.4</ele>
        <time>2026-09-16T12:57:50.000Z</time>
        <speed>1.316</speed>
      </trkpt>
      <trkpt lat="50.4468836" lon="-5.0405539">
        <ele>60.4</ele>
        <time>2026-09-16T12:57:55.000Z</time>
        <speed>1.334</speed>
      </trkpt>
      <trkpt lat="50.4469452" lon="-5.0404778">
        <ele>60.4</ele>
        <time>2026-09-16T12:58:00.000Z</time>
        <speed>1.437</speed>
      </trkpt>
      <trkpt lat="50.4469879" lon="-5.0404369">
        <ele>60.8</ele>
        <time>2026-09-16T12:58:05.000Z</time>
        <speed>1.418</speed>
      </trkpt>
      <trkpt lat="50.4470472" lon="-5.0404079">
        <ele>60.8</ele>
        <time>2026-09-16T12:58:10.000Z</time>
        <speed>1.372</speed>
      </trkpt>
      <trkpt lat="50.4470914" lon="-5.0403624">
        <ele>61.4</ele>
        <time>2026-09-16T12:58:15.000Z</time>
        <speed>1.362</speed>
      </trkpt>
      <trkpt lat="50.4471508" lon="-5.0403189">
        <ele>61.8</ele>
        <time>2026-09-16T12:58:20.000Z</time>
        <speed>1.372</speed>
      </trkpt>
      <trkpt lat="50.4471918" lon="-5.0402768">
        <ele>62.2</ele>
        <time>2026-09-16T12:58:25.000Z</time>
        <speed>1.344</speed>
      </trkpt>
      <trkpt lat="50.4472450" lon="-5.0402257">
        <ele>62.6</ele>
        <time>2026-09-16T12:58:30.000Z</time>
        <speed>1.297</speed>
      </trkpt>
      <trkpt lat="50.4472926" lon="-5.0401903">
        <ele>62.8</ele>
        <time>2026-09-16T12:58:35.000Z</time>
        <speed>1.316</speed>
      </trkpt>
      <trkpt lat="50.4473355" lon="-5.0401588">
        <ele>63.4</ele>
        <time>2026-09-16T12:58:40.000Z</time>
        <speed>1.194</speed>
      </trkpt>
      <trkpt lat="50.4473870" lon="-5.0401104">
        <ele>64.0</ele>
        <time>2026-09-16T12:58:45.000Z</time>
        <speed>1.250</speed>
      </trkpt>
      <trkpt lat="50.4474488" lon="-5.0400706">
        <ele>64.4</ele>
        <time>2026-09-16T12:58:50.000Z</time>
        <speed>1.278</speed>
      </trkpt>
      <trkpt lat="50.4475082" lon="-5.0400402">
        <ele>65.4</ele>
        <time>2026-09-16T12:58:55.000Z</time>
        <speed>1.316</speed>
      </trkpt>
      <trkpt lat="50.4475594" lon="-5.0400067">
        <ele>66.2</ele>
        <time>2026-09-16T12:59:00.000Z</time>
        <speed>1.306</speed>
      </trkpt>
      <trkpt lat="50.4476219" lon="-5.0399679">
        <ele>66.8</ele>
        <time>2026-09-16T12:59:05.000Z</time>
        <speed>1.372</speed>
      </trkpt>
      <trkpt lat="50.4476715" lon="-5.0399285">
        <ele>67.2</ele>
        <time>2026-09-16T12:59:10.000Z</time>
        <speed>1.353</speed>
      </trkpt>
      <trkpt lat="50.4477186" lon="-5.0398945">
        <ele>67.6</ele>
        <time>2026-09-16T12:59:15.000Z</time>
        <speed>1.288</speed>
      </trkpt>
      <trkpt lat="50.4477773" lon="-5.0398625">
        <ele>68.0</ele>
        <time>2026-09-16T12:59:20.000Z</time>
        <speed>1.278</speed>
      </trkpt>
      <trkpt lat="50.4478320" lon="-5.0398227">
        <ele>68.4</ele>
        <time>2026-09-16T12:59:25.000Z</time>
        <speed>1.306</speed>
      </trkpt>
      <trkpt lat="50.4478767" lon="-5.0397883">
        <ele>69.0</ele>
        <time>2026-09-16T12:59:30.000Z</time>
        <speed>1.297</speed>
      </trkpt>
      <trkpt lat="50.4479242" lon="-5.0397637">
        <ele>69.2</ele>
        <time>2026-09-16T12:59:35.000Z</time>
        <speed>1.250</speed>
      </trkpt>
      <trkpt lat="50.4479932" lon="-5.0397260">
        <ele>69.4</ele>
        <time>2026-09-16T12:59:40.000Z</time>
        <speed>1.269</speed>
      </trkpt>
      <trkpt lat="50.4480483" lon="-5.0396927">
        <ele>69.6</ele>
        <time>2026-09-16T12:59:45.000Z</time>
        <speed>1.297</speed>
      </trkpt>
      <trkpt lat="50.4481075" lon="-5.0396553">
        <ele>69.6</ele>
        <time>2026-09-16T12:59:50.000Z</time>
        <speed>1.316</speed>
      </trkpt>
      <trkpt lat="50.4481577" lon="-5.0396180">
        <ele>70.0</ele>
        <time>2026-09-16T12:59:55.000Z</time>
        <speed>1.306</speed>
      </trkpt>
      <trkpt lat="50.4482142" lon="-5.0395790">
        <ele>70.6</ele>
        <time>2026-09-16T13:00:00.000Z</time>
        <speed>1.297</speed>
      </trkpt>
      <trkpt lat="50.4482739" lon="-5.0395426">
        <ele>70.6</ele>
        <time>2026-09-16T13:00:05.000Z</time>
        <speed>1.316</speed>
      </trkpt>
      <trkpt lat="50.4483304" lon="-5.0395032">
        <ele>70.2</ele>
        <time>2026-09-16T13:00:10.000Z</time>
        <speed>1.344</speed>
      </trkpt>
      <trkpt lat="50.4483951" lon="-5.0394687">
        <ele>69.8</ele>
        <time>2026-09-16T13:00:15.000Z</time>
        <speed>1.353</speed>
      </trkpt>
      <trkpt lat="50.4484505" lon="-5.0394444">
        <ele>69.2</ele>
        <time>2026-09-16T13:00:20.000Z</time>
        <speed>1.344</speed>
      </trkpt>
      <trkpt lat="50.4485178" lon="-5.0394182">
        <ele>68.8</ele>
        <time>2026-09-16T13:00:25.000Z</time>
        <speed>1.372</speed>
      </trkpt>
      <trkpt lat="50.4485825" lon="-5.0393832">
        <ele>68.6</ele>
        <time>2026-09-16T13:00:30.000Z</time>
        <speed>1.400</speed>
      </trkpt>
      <trkpt lat="50.4486353" lon="-5.0393431">
        <ele>68.4</ele>
        <time>2026-09-16T13:00:35.000Z</time>
        <speed>1.409</speed>
      </trkpt>
      <trkpt lat="50.4487064" lon="-5.0392899">
        <ele>67.2</ele>
        <time>2026-09-16T13:00:40.000Z</time>
        <speed>1.446</speed>
      </trkpt>
      <trkpt lat="50.4487545" lon="-5.0392584">
        <ele>66.6</ele>
        <time>2026-09-16T13:00:45.000Z</time>
        <speed>1.409</speed>
      </trkpt>
      <trkpt lat="50.4488166" lon="-5.0392206">
        <ele>66.0</ele>
        <time>2026-09-16T13:00:50.000Z</time>
        <speed>1.390</speed>
      </trkpt>
      <trkpt lat="50.4488733" lon="-5.0391858">
        <ele>65.8</ele>
        <time>2026-09-16T13:00:55.000Z</time>
        <speed>1.428</speed>
      </trkpt>
      <trkpt lat="50.4489336" lon="-5.0391418">
        <ele>65.8</ele>
        <time>2026-09-16T13:01:00.000Z</time>
        <speed>1.409</speed>
      </trkpt>
      <trkpt lat="50.4489875" lon="-5.0391132">
        <ele>66.6</ele>
        <time>2026-09-16T13:01:05.000Z</time>
        <speed>1.390</speed>
      </trkpt>
      <trkpt lat="50.4490402" lon="-5.0390742">
        <ele>67.8</ele>
        <time>2026-09-16T13:01:10.000Z</time>
        <speed>1.362</speed>
      </trkpt>
      <trkpt lat="50.4490925" lon="-5.0390414">
        <ele>68.4</ele>
        <time>2026-09-16T13:01:15.000Z</time>
        <speed>1.325</speed>
      </trkpt>
      <trkpt lat="50.4491447" lon="-5.0390116">
        <ele>70.2</ele>
        <time>2026-09-16T13:01:20.000Z</time>
        <speed>1.297</speed>
      </trkpt>
      <trkpt lat="50.4491868" lon="-5.0389849">
        <ele>70.6</ele>
        <time>2026-09-16T13:01:25.000Z</time>
        <speed>1.232</speed>
      </trkpt>
      <trkpt lat="50.4492295" lon="-5.0389616">
        <ele>70.4</ele>
        <time>2026-09-16T13:01:30.000Z</time>
        <speed>1.185</speed>
      </trkpt>
      <trkpt lat="50.4492726" lon="-5.0389446">
        <ele>72.4</ele>
        <time>2026-09-16T13:01:35.000Z</time>
        <speed>1.166</speed>
      </trkpt>
      <trkpt lat="50.4493125" lon="-5.0389183">
        <ele>73.4</ele>
        <time>2026-09-16T13:01:40.000Z</time>
        <speed>1.110</speed>
      </trkpt>
      <trkpt lat="50.4493669" lon="-5.0388849">
        <ele>74.2</ele>
        <time>2026-09-16T13:01:45.000Z</time>
        <speed>1.092</speed>
      </trkpt>
      <trkpt lat="50.4494114" lon="-5.0388492">
        <ele>74.0</ele>
        <time>2026-09-16T13:01:50.000Z</time>
        <speed>1.129</speed>
      </trkpt>
      <trkpt lat="50.4494451" lon="-5.0388509">
        <ele>75.6</ele>
        <time>2026-09-16T13:01:55.000Z</time>
        <speed>1.064</speed>
      </trkpt>
      <trkpt lat="50.4494668" lon="-5.0388453">
        <ele>75.6</ele>
        <time>2026-09-16T13:02:00.000Z</time>
        <speed>0.905</speed>
      </trkpt>
      <trkpt lat="50.4495193" lon="-5.0388335">
        <ele>76.4</ele>
        <time>2026-09-16T13:02:05.000Z</time>
        <speed>1.045</speed>
      </trkpt>
      <trkpt lat="50.4495731" lon="-5.0388176">
        <ele>77.0</ele>
        <time>2026-09-16T13:02:10.000Z</time>
        <speed>1.213</speed>
      </trkpt>
      <trkpt lat="50.4496258" lon="-5.0388082">
        <ele>77.4</ele>
        <time>2026-09-16T13:02:15.000Z</time>
        <speed>1.138</speed>
      </trkpt>
      <trkpt lat="50.4496632" lon="-5.0387746">
        <ele>78.2</ele>
        <time>2026-09-16T13:02:20.000Z</time>
        <speed>1.129</speed>
      </trkpt>
      <trkpt lat="50.4497066" lon="-5.0387625">
        <ele>78.4</ele>
        <time>2026-09-16T13:02:25.000Z</time>
        <speed>1.045</speed>
      </trkpt>
      <trkpt lat="50.4497130" lon="-5.0387647">
        <ele>78.6</ele>
        <time>2026-09-16T13:02:30.000Z</time>
        <speed>0.000</speed>
      </trkpt>
      <trkpt lat="50.4497130" lon="-5.0387647">
        <ele>78.6</ele>
        <time>2026-09-16T13:02:35.000Z</time>
        <speed>0.000</speed>
      </trkpt>
      <trkpt lat="50.4497485" lon="-5.0387649">
        <ele>79.4</ele>
        <time>2026-09-16T13:02:40.000Z</time>
        <speed>0.000</speed>
      </trkpt>
      <trkpt lat="50.4498048" lon="-5.0387748">
        <ele>80.0</ele>
        <time>2026-09-16T13:02:45.000Z</time>
        <speed>0.793</speed>
      </trkpt>
      <trkpt lat="50.4498595" lon="-5.0387733">
        <ele>80.2</ele>
        <time>2026-09-16T13:02:50.000Z</time>
        <speed>1.148</speed>
      </trkpt>
      <trkpt lat="50.4499102" lon="-5.0387778">
        <ele>81.0</ele>
        <time>2026-09-16T13:02:55.000Z</time>
        <speed>1.054</speed>
      </trkpt>
      <trkpt lat="50.4499713" lon="-5.0387890">
        <ele>81.4</ele>
        <time>2026-09-16T13:03:00.000Z</time>
        <speed>1.204</speed>
      </trkpt>
      <trkpt lat="50.4500291" lon="-5.0387891">
        <ele>81.8</ele>
        <time>2026-09-16T13:03:05.000Z</time>
        <speed>1.241</speed>
      </trkpt>
      <trkpt lat="50.4500842" lon="-5.0387811">
        <ele>82.0</ele>
        <time>2026-09-16T13:03:10.000Z</time>
        <speed>1.222</speed>
      </trkpt>
      <trkpt lat="50.4501356" lon="-5.0387842">
        <ele>82.4</ele>
        <time>2026-09-16T13:03:15.000Z</time>
        <speed>1.166</speed>
      </trkpt>
      <trkpt lat="50.4501867" lon="-5.0387745">
        <ele>82.4</ele>
        <time>2026-09-16T13:03:20.000Z</time>
        <speed>1.110</speed>
      </trkpt>
      <trkpt lat="50.4502408" lon="-5.0387394">
        <ele>82.4</ele>
        <time>2026-09-16T13:03:25.000Z</time>
        <speed>1.101</speed>
      </trkpt>
      <trkpt lat="50.4502824" lon="-5.0387163">
        <ele>82.2</ele>
        <time>2026-09-16T13:03:30.000Z</time>
        <speed>1.129</speed>
      </trkpt>
      <trkpt lat="50.4503494" lon="-5.0386813">
        <ele>82.8</ele>
        <time>2026-09-16T13:03:35.000Z</time>
        <speed>1.250</speed>
      </trkpt>
      <trkpt lat="50.4504028" lon="-5.0386357">
        <ele>83.0</ele>
        <time>2026-09-16T13:03:40.000Z</time>
        <speed>1.269</speed>
      </trkpt>
      <trkpt lat="50.4504442" lon="-5.0386003">
        <ele>82.8</ele>
        <time>2026-09-16T13:03:45.000Z</time>
        <speed>1.241</speed>
      </trkpt>
      <trkpt lat="50.4504961" lon="-5.0385540">
        <ele>83.0</ele>
        <time>2026-09-16T13:03:50.000Z</time>
        <speed>1.232</speed>
      </trkpt>
      <trkpt lat="50.4505459" lon="-5.0384921">
        <ele>83.6</ele>
        <time>2026-09-16T13:03:55.000Z</time>
        <speed>1.260</speed>
      </trkpt>
      <trkpt lat="50.4505936" lon="-5.0384524">
        <ele>83.8</ele>
        <time>2026-09-16T13:04:00.000Z</time>
        <speed>1.250</speed>
      </trkpt>
      <trkpt lat="50.4506368" lon="-5.0384078">
        <ele>84.2</ele>
        <time>2026-09-16T13:04:05.000Z</time>
        <speed>1.232</speed>
      </trkpt>
      <trkpt lat="50.4506866" lon="-5.0383610">
        <ele>84.6</ele>
        <time>2026-09-16T13:04:10.000Z</time>
        <speed>1.232</speed>
      </trkpt>
      <trkpt lat="50.4507409" lon="-5.0383227">
        <ele>84.8</ele>
        <time>2026-09-16T13:04:15.000Z</time>
        <speed>1.241</speed>
      </trkpt>
      <trkpt lat="50.4507914" lon="-5.0383007">
        <ele>85.2</ele>
        <time>2026-09-16T13:04:20.000Z</time>
        <speed>1.232</speed>
      </trkpt>
      <trkpt lat="50.4508500" lon="-5.0382766">
        <ele>85.6</ele>
        <time>2026-09-16T13:04:25.000Z</time>
        <speed>1.232</speed>
      </trkpt>
      <trkpt lat="50.4509012" lon="-5.0382519">
        <ele>85.8</ele>
        <time>2026-09-16T13:04:30.000Z</time>
        <speed>1.213</speed>
      </trkpt>
      <trkpt lat="50.4509277" lon="-5.0382444">
        <ele>86.2</ele>
        <time>2026-09-16T13:04:35.000Z</time>
        <speed>1.166</speed>
      </trkpt>
      <trkpt lat="50.4509277" lon="-5.0382444">
        <ele>86.0</ele>
        <time>2026-09-16T13:04:40.000Z</time>
        <speed>0.000</speed>
      </trkpt>
      <trkpt lat="50.4509277" lon="-5.0382444">
        <ele>85.8</ele>
        <time>2026-09-16T13:04:45.000Z</time>
        <speed>0.000</speed>
      </trkpt>
      <trkpt lat="50.4509277" lon="-5.0382444">
        <ele>85.6</ele>
        <time>2026-09-16T13:04:50.000Z</time>
        <speed>0.000</speed>
      </trkpt>
      <trkpt lat="50.4509277" lon="-5.0382444">
        <ele>85.8</ele>
        <time>2026-09-16T13:04:55.000Z</time>
        <speed>0.000</speed>
      </trkpt>
      <trkpt lat="50.4509453" lon="-5.0382403">
        <ele>85.8</ele>
        <time>2026-09-16T13:05:00.000Z</time>
        <speed>0.000</speed>
      </trkpt>
      <trkpt lat="50.4509637" lon="-5.0382312">
        <ele>86.0</ele>
        <time>2026-09-16T13:05:05.000Z</time>
        <speed>0.345</speed>
      </trkpt>
      <trkpt lat="50.4509611" lon="-5.0382379">
        <ele>85.6</ele>
        <time>2026-09-16T13:05:10.000Z</time>
        <speed>0.000</speed>
      </trkpt>
      <trkpt lat="50.4510182" lon="-5.0382277">
        <ele>86.2</ele>
        <time>2026-09-16T13:05:15.000Z</time>
        <speed>0.532</speed>
      </trkpt>
      <trkpt lat="50.4510818" lon="-5.0382198">
        <ele>86.0</ele>
        <time>2026-09-16T13:05:20.000Z</time>
        <speed>1.278</speed>
      </trkpt>
      <trkpt lat="50.4511428" lon="-5.0382101">
        <ele>86.4</ele>
        <time>2026-09-16T13:05:25.000Z</time>
        <speed>1.381</speed>
      </trkpt>
      <trkpt lat="50.4511910" lon="-5.0382018">
        <ele>86.4</ele>
        <time>2026-09-16T13:05:30.000Z</time>
        <speed>1.241</speed>
      </trkpt>
      <trkpt lat="50.4512428" lon="-5.0381842">
        <ele>86.8</ele>
        <time>2026-09-16T13:05:35.000Z</time>
        <speed>1.204</speed>
      </trkpt>
      <trkpt lat="50.4513058" lon="-5.0381641">
        <ele>86.6</ele>
        <time>2026-09-16T13:05:40.000Z</time>
        <speed>1.278</speed>
      </trkpt>
      <trkpt lat="50.4513576" lon="-5.0381595">
        <ele>86.8</ele>
        <time>2026-09-16T13:05:45.000Z</time>
        <speed>1.204</speed>
      </trkpt>
      <trkpt lat="50.4514218" lon="-5.0381427">
        <ele>86.0</ele>
        <time>2026-09-16T13:05:50.000Z</time>
        <speed>1.372</speed>
      </trkpt>
      <trkpt lat="50.4514775" lon="-5.0381176">
        <ele>86.4</ele>
        <time>2026-09-16T13:05:55.000Z</time>
        <speed>1.297</speed>
      </trkpt>
      <trkpt lat="50.4515288" lon="-5.0380872">
        <ele>86.4</ele>
        <time>2026-09-16T13:06:00.000Z</time>
        <speed>1.316</speed>
      </trkpt>
      <trkpt lat="50.4515849" lon="-5.0380456">
        <ele>86.2</ele>
        <time>2026-09-16T13:06:05.000Z</time>
        <speed>1.297</speed>
      </trkpt>
      <trkpt lat="50.4516597" lon="-5.0380213">
        <ele>86.0</ele>
        <time>2026-09-16T13:06:10.000Z</time>
        <speed>1.381</speed>
      </trkpt>
      <trkpt lat="50.4517175" lon="-5.0380184">
        <ele>85.8</ele>
        <time>2026-09-16T13:06:15.000Z</time>
        <speed>1.390</speed>
      </trkpt>
      <trkpt lat="50.4517870" lon="-5.0380063">
        <ele>85.4</ele>
        <time>2026-09-16T13:06:20.000Z</time>
        <speed>1.409</speed>
      </trkpt>
      <trkpt lat="50.4518324" lon="-5.0380114">
        <ele>85.4</ele>
        <time>2026-09-16T13:06:25.000Z</time>
        <speed>1.362</speed>
      </trkpt>
      <trkpt lat="50.4518994" lon="-5.0380166">
        <ele>85.2</ele>
        <time>2026-09-16T13:06:30.000Z</time>
        <speed>1.372</speed>
      </trkpt>
      <trkpt lat="50.4519487" lon="-5.0380223">
        <ele>85.2</ele>
        <time>2026-09-16T13:06:35.000Z</time>
        <speed>1.353</speed>
      </trkpt>
      <trkpt lat="50.4520165" lon="-5.0380257">
        <ele>84.8</ele>
        <time>2026-09-16T13:06:40.000Z</time>
        <speed>1.362</speed>
      </trkpt>
      <trkpt lat="50.4520754" lon="-5.0380292">
        <ele>84.0</ele>
        <time>2026-09-16T13:06:45.000Z</time>
        <speed>1.334</speed>
      </trkpt>
      <trkpt lat="50.4521271" lon="-5.0380497">
        <ele>84.2</ele>
        <time>2026-09-16T13:06:50.000Z</time>
        <speed>1.334</speed>
      </trkpt>
      <trkpt lat="50.4521890" lon="-5.0380684">
        <ele>84.4</ele>
        <time>2026-09-16T13:06:55.000Z</time>
        <speed>1.334</speed>
      </trkpt>
      <trkpt lat="50.4522492" lon="-5.0380294">
        <ele>83.8</ele>
        <time>2026-09-16T13:07:00.000Z</time>
        <speed>1.372</speed>
      </trkpt>
      <trkpt lat="50.4522956" lon="-5.0380105">
        <ele>83.8</ele>
        <time>2026-09-16T13:07:05.000Z</time>
        <speed>1.288</speed>
      </trkpt>
      <trkpt lat="50.4523514" lon="-5.0379896">
        <ele>84.0</ele>
        <time>2026-09-16T13:07:10.000Z</time>
        <speed>1.250</speed>
      </trkpt>
      <trkpt lat="50.4524199" lon="-5.0379644">
        <ele>83.6</ele>
        <time>2026-09-16T13:07:15.000Z</time>
        <speed>1.372</speed>
      </trkpt>
      <trkpt lat="50.4524831" lon="-5.0379529">
        <ele>83.4</ele>
        <time>2026-09-16T13:07:20.000Z</time>
        <speed>1.362</speed>
      </trkpt>
      <trkpt lat="50.4525262" lon="-5.0379243">
        <ele>83.4</ele>
        <time>2026-09-16T13:07:25.000Z</time>
        <speed>1.306</speed>
      </trkpt>
      <trkpt lat="50.4525614" lon="-5.0378787">
        <ele>82.8</ele>
        <time>2026-09-16T13:07:30.000Z</time>
        <speed>1.204</speed>
      </trkpt>
      <trkpt lat="50.4526176" lon="-5.0378614">
        <ele>83.4</ele>
        <time>2026-09-16T13:07:35.000Z</time>
        <speed>1.185</speed>
      </trkpt>
      <trkpt lat="50.4526848" lon="-5.0378324">
        <ele>84.0</ele>
        <time>2026-09-16T13:07:40.000Z</time>
        <speed>1.269</speed>
      </trkpt>
      <trkpt lat="50.4527448" lon="-5.0378274">
        <ele>83.6</ele>
        <time>2026-09-16T13:07:45.000Z</time>
        <speed>1.269</speed>
      </trkpt>
      <trkpt lat="50.4528152" lon="-5.0378375">
        <ele>83.2</ele>
        <time>2026-09-16T13:07:50.000Z</time>
        <speed>1.306</speed>
      </trkpt>
      <trkpt lat="50.4528666" lon="-5.0378686">
        <ele>83.0</ele>
        <time>2026-09-16T13:07:55.000Z</time>
        <speed>1.316</speed>
      </trkpt>
      <trkpt lat="50.4529007" lon="-5.0379158">
        <ele>82.6</ele>
        <time>2026-09-16T13:08:00.000Z</time>
        <speed>1.269</speed>
      </trkpt>
      <trkpt lat="50.4528780" lon="-5.0379136">
        <ele>82.2</ele>
        <time>2026-09-16T13:08:05.000Z</time>
        <speed>0.000</speed>
      </trkpt>
      <trkpt lat="50.4528780" lon="-5.0379136">
        <ele>82.2</ele>
        <time>2026-09-16T13:08:10.000Z</time>
        <speed>0.000</speed>
      </trkpt>
      <trkpt lat="50.4528780" lon="-5.0379136">
        <ele>82.4</ele>
        <time>2026-09-16T13:08:15.000Z</time>
        <speed>0.000</speed>
      </trkpt>
      <trkpt lat="50.4528780" lon="-5.0379136">
        <ele>82.8</ele>
        <time>2026-09-16T13:08:20.000Z</time>
        <speed>0.000</speed>
      </trkpt>
      <trkpt lat="50.4528953" lon="-5.0379040">
        <ele>82.6</ele>
        <time>2026-09-16T13:08:25.000Z</time>
        <speed>0.000</speed>
      </trkpt>
      <trkpt lat="50.4529277" lon="-5.0379297">
        <ele>82.4</ele>
        <time>2026-09-16T13:08:30.000Z</time>
        <speed>0.000</speed>
      </trkpt>
      <trkpt lat="50.4529634" lon="-5.0379680">
        <ele>82.4</ele>
        <time>2026-09-16T13:08:35.000Z</time>
        <speed>0.299</speed>
      </trkpt>
      <trkpt lat="50.4529765" lon="-5.0379768">
        <ele>82.2</ele>
        <time>2026-09-16T13:08:40.000Z</time>
        <speed>0.000</speed>
      </trkpt>
      <trkpt lat="50.4529765" lon="-5.0379768">
        <ele>82.2</ele>
        <time>2026-09-16T13:08:45.000Z</time>
        <speed>0.000</speed>
      </trkpt>
      <trkpt lat="50.4529780" lon="-5.0379807">
        <ele>82.2</ele>
        <time>2026-09-16T13:08:50.000Z</time>
        <speed>0.000</speed>
      </trkpt>
      <trkpt lat="50.4530246" lon="-5.0380079">
        <ele>82.0</ele>
        <time>2026-09-16T13:08:55.000Z</time>
        <speed>0.000</speed>
      </trkpt>
      <trkpt lat="50.4530756" lon="-5.0380189">
        <ele>81.8</ele>
        <time>2026-09-16T13:09:00.000Z</time>
        <speed>1.334</speed>
      </trkpt>
      <trkpt lat="50.4531270" lon="-5.0380382">
        <ele>81.6</ele>
        <time>2026-09-16T13:09:05.000Z</time>
        <speed>1.185</speed>
      </trkpt>
      <trkpt lat="50.4531883" lon="-5.0380474">
        <ele>81.0</ele>
        <time>2026-09-16T13:09:10.000Z</time>
        <speed>1.362</speed>
      </trkpt>
      <trkpt lat="50.4532395" lon="-5.0380632">
        <ele>80.8</ele>
        <time>2026-09-16T13:09:15.000Z</time>
        <speed>1.288</speed>
      </trkpt>
      <trkpt lat="50.4532944" lon="-5.0380796">
        <ele>80.4</ele>
        <time>2026-09-16T13:09:20.000Z</time>
        <speed>1.269</speed>
      </trkpt>
      <trkpt lat="50.4533539" lon="-5.0381044">
        <ele>80.2</ele>
        <time>2026-09-16T13:09:25.000Z</time>
        <speed>1.381</speed>
      </trkpt>
      <trkpt lat="50.4533971" lon="-5.0381365">
        <ele>80.0</ele>
        <time>2026-09-16T13:09:30.000Z</time>
        <speed>1.185</speed>
      </trkpt>
      <trkpt lat="50.4534546" lon="-5.0381832">
        <ele>79.4</ele>
        <time>2026-09-16T13:09:35.000Z</time>
        <speed>1.288</speed>
      </trkpt>
      <trkpt lat="50.4534996" lon="-5.0382450">
        <ele>79.0</ele>
        <time>2026-09-16T13:09:40.000Z</time>
        <speed>1.306</speed>
      </trkpt>
      <trkpt lat="50.4535048" lon="-5.0382535">
        <ele>79.0</ele>
        <time>2026-09-16T13:09:45.000Z</time>
        <speed>0.000</speed>
      </trkpt>
      <trkpt lat="50.4535134" lon="-5.0383103">
        <ele>78.6</ele>
        <time>2026-09-16T13:09:50.000Z</time>
        <speed>0.700</speed>
      </trkpt>
      <trkpt lat="50.4535260" lon="-5.0384036">
        <ele>78.2</ele>
        <time>2026-09-16T13:09:55.000Z</time>
        <speed>1.316</speed>
      </trkpt>
      <trkpt lat="50.4535386" lon="-5.0384937">
        <ele>77.8</ele>
        <time>2026-09-16T13:10:00.000Z</time>
        <speed>1.288</speed>
      </trkpt>
      <trkpt lat="50.4535690" lon="-5.0385519">
        <ele>77.2</ele>
        <time>2026-09-16T13:10:05.000Z</time>
        <speed>1.269</speed>
      </trkpt>
      <trkpt lat="50.4536094" lon="-5.0386233">
        <ele>77.4</ele>
        <time>2026-09-16T13:10:10.000Z</time>
        <speed>1.316</speed>
      </trkpt>
      <trkpt lat="50.4536540" lon="-5.0386484">
        <ele>77.2</ele>
        <time>2026-09-16T13:10:15.000Z</time>
        <speed>1.157</speed>
      </trkpt>
      <trkpt lat="50.4536979" lon="-5.0386604">
        <ele>76.8</ele>
        <time>2026-09-16T13:10:20.000Z</time>
        <speed>1.054</speed>
      </trkpt>
      <trkpt lat="50.4537567" lon="-5.0386535">
        <ele>78.0</ele>
        <time>2026-09-16T13:10:25.000Z</time>
        <speed>1.372</speed>
      </trkpt>
      <trkpt lat="50.4538120" lon="-5.0386460">
        <ele>78.0</ele>
        <time>2026-09-16T13:10:30.000Z</time>
        <speed>1.241</speed>
      </trkpt>
      <trkpt lat="50.4538740" lon="-5.0386356">
        <ele>78.4</ele>
        <time>2026-09-16T13:10:35.000Z</time>
        <speed>1.278</speed>
      </trkpt>
      <trkpt lat="50.4539382" lon="-5.0386137">
        <ele>78.2</ele>
        <time>2026-09-16T13:10:40.000Z</time>
        <speed>1.353</speed>
      </trkpt>
      <trkpt lat="50.4539834" lon="-5.0385953">
        <ele>78.2</ele>
        <time>2026-09-16T13:10:45.000Z</time>
        <speed>1.278</speed>
      </trkpt>
      <trkpt lat="50.4540269" lon="-5.0385699">
        <ele>78.0</ele>
        <time>2026-09-16T13:10:50.000Z</time>
        <speed>1.250</speed>
      </trkpt>
      <trkpt lat="50.4540236" lon="-5.0385456">
        <ele>77.6</ele>
        <time>2026-09-16T13:10:55.000Z</time>
        <speed>1.110</speed>
      </trkpt>
      <trkpt lat="50.4540342" lon="-5.0385556">
        <ele>77.6</ele>
        <time>2026-09-16T13:11:00.000Z</time>
        <speed>0.000</speed>
      </trkpt>
      <trkpt lat="50.4540350" lon="-5.0385564">
        <ele>77.4</ele>
        <time>2026-09-16T13:11:05.000Z</time>
        <speed>0.000</speed>
      </trkpt>
      <trkpt lat="50.4540546" lon="-5.0385507">
        <ele>77.8</ele>
        <time>2026-09-16T13:11:10.000Z</time>
        <speed>0.000</speed>
      </trkpt>
      <trkpt lat="50.4541018" lon="-5.0385490">
        <ele>78.0</ele>
        <time>2026-09-16T13:11:15.000Z</time>
        <speed>0.457</speed>
      </trkpt>
      <trkpt lat="50.4541567" lon="-5.0385229">
        <ele>77.6</ele>
        <time>2026-09-16T13:11:20.000Z</time>
        <speed>1.092</speed>
      </trkpt>
      <trkpt lat="50.4542208" lon="-5.0385176">
        <ele>77.4</ele>
        <time>2026-09-16T13:11:25.000Z</time>
        <speed>1.446</speed>
      </trkpt>
      <trkpt lat="50.4542790" lon="-5.0385282">
        <ele>77.0</ele>
        <time>2026-09-16T13:11:30.000Z</time>
        <speed>1.456</speed>
      </trkpt>
      <trkpt lat="50.4543402" lon="-5.0385316">
        <ele>76.8</ele>
        <time>2026-09-16T13:11:35.000Z</time>
        <speed>1.372</speed>
      </trkpt>
      <trkpt lat="50.4544054" lon="-5.0385607">
        <ele>76.8</ele>
        <time>2026-09-16T13:11:40.000Z</time>
        <speed>1.390</speed>
      </trkpt>
      <trkpt lat="50.4544469" lon="-5.0385787">
        <ele>76.4</ele>
        <time>2026-09-16T13:11:45.000Z</time>
        <speed>1.232</speed>
      </trkpt>
      <trkpt lat="50.4544815" lon="-5.0386024">
        <ele>76.2</ele>
        <time>2026-09-16T13:11:50.000Z</time>
        <speed>1.110</speed>
      </trkpt>
      <trkpt lat="50.4545294" lon="-5.0386471">
        <ele>75.6</ele>
        <time>2026-09-16T13:11:55.000Z</time>
        <speed>1.213</speed>
      </trkpt>
      <trkpt lat="50.4545820" lon="-5.0386856">
        <ele>75.6</ele>
        <time>2026-09-16T13:12:00.000Z</time>
        <speed>1.288</speed>
      </trkpt>
      <trkpt lat="50.4546270" lon="-5.0387140">
        <ele>75.4</ele>
        <time>2026-09-16T13:12:05.000Z</time>
        <speed>1.194</speed>
      </trkpt>
      <trkpt lat="50.4546793" lon="-5.0387514">
        <ele>75.0</ele>
        <time>2026-09-16T13:12:10.000Z</time>
        <speed>1.204</speed>
      </trkpt>
      <trkpt lat="50.4547305" lon="-5.0387929">
        <ele>74.4</ele>
        <time>2026-09-16T13:12:15.000Z</time>
        <speed>1.250</speed>
      </trkpt>
      <trkpt lat="50.4547754" lon="-5.0388328">
        <ele>74.4</ele>
        <time>2026-09-16T13:12:20.000Z</time>
        <speed>1.213</speed>
      </trkpt>
      <trkpt lat="50.4548262" lon="-5.0388699">
        <ele>74.2</ele>
        <time>2026-09-16T13:12:25.000Z</time>
        <speed>1.232</speed>
      </trkpt>
      <trkpt lat="50.4548868" lon="-5.0389048">
        <ele>73.6</ele>
        <time>2026-09-16T13:12:30.000Z</time>
        <speed>1.250</speed>
      </trkpt>
      <trkpt lat="50.4549242" lon="-5.0389383">
        <ele>73.4</ele>
        <time>2026-09-16T13:12:35.000Z</time>
        <speed>1.213</speed>
      </trkpt>
      <trkpt lat="50.4549687" lon="-5.0389552">
        <ele>72.8</ele>
        <time>2026-09-16T13:12:40.000Z</time>
        <speed>1.176</speed>
      </trkpt>
      <trkpt lat="50.4550253" lon="-5.0389749">
        <ele>72.0</ele>
        <time>2026-09-16T13:12:45.000Z</time>
        <speed>1.204</speed>
      </trkpt>
      <trkpt lat="50.4550635" lon="-5.0390039">
        <ele>72.0</ele>
        <time>2026-09-16T13:12:50.000Z</time>
        <speed>1.176</speed>
      </trkpt>
      <trkpt lat="50.4551003" lon="-5.0390163">
        <ele>71.6</ele>
        <time>2026-09-16T13:12:55.000Z</time>
        <speed>1.138</speed>
      </trkpt>
      <trkpt lat="50.4551115" lon="-5.0390240">
        <ele>71.2</ele>
        <time>2026-09-16T13:13:00.000Z</time>
        <speed>0.933</speed>
      </trkpt>
      <trkpt lat="50.4551118" lon="-5.0390241">
        <ele>71.2</ele>
        <time>2026-09-16T13:13:05.000Z</time>
        <speed>0.000</speed>
      </trkpt>
      <trkpt lat="50.4551118" lon="-5.0390241">
        <ele>71.2</ele>
        <time>2026-09-16T13:13:10.000Z</time>
        <speed>0.000</speed>
      </trkpt>
      <trkpt lat="50.4551118" lon="-5.0390241">
        <ele>71.2</ele>
        <time>2026-09-16T13:13:15.000Z</time>
        <speed>0.000</speed>
      </trkpt>
      <trkpt lat="50.4551118" lon="-5.0390241">
        <ele>71.4</ele>
        <time>2026-09-16T13:13:20.000Z</time>
        <speed>0.000</speed>
      </trkpt>
      <trkpt lat="50.4551118" lon="-5.0390241">
        <ele>71.6</ele>
        <time>2026-09-16T13:13:25.000Z</time>
        <speed>0.000</speed>
      </trkpt>
      <trkpt lat="50.4551685" lon="-5.0390430">
        <ele>71.6</ele>
        <time>2026-09-16T13:13:30.000Z</time>
        <speed>0.457</speed>
      </trkpt>
      <trkpt lat="50.4552289" lon="-5.0390672">
        <ele>71.2</ele>
        <time>2026-09-16T13:13:35.000Z</time>
        <speed>1.390</speed>
      </trkpt>
      <trkpt lat="50.4552834" lon="-5.0390825">
        <ele>70.6</ele>
        <time>2026-09-16T13:13:40.000Z</time>
        <speed>1.260</speed>
      </trkpt>
      <trkpt lat="50.4553441" lon="-5.0391102">
        <ele>71.0</ele>
        <time>2026-09-16T13:13:45.000Z</time>
        <speed>1.288</speed>
      </trkpt>
      <trkpt lat="50.4553990" lon="-5.0391452">
        <ele>70.6</ele>
        <time>2026-09-16T13:13:50.000Z</time>
        <speed>1.288</speed>
      </trkpt>
      <trkpt lat="50.4554547" lon="-5.0391905">
        <ele>69.0</ele>
        <time>2026-09-16T13:13:55.000Z</time>
        <speed>1.278</speed>
      </trkpt>
      <trkpt lat="50.4554918" lon="-5.0392526">
        <ele>69.2</ele>
        <time>2026-09-16T13:14:00.000Z</time>
        <speed>1.232</speed>
      </trkpt>
      <trkpt lat="50.4555309" lon="-5.0393227">
        <ele>69.0</ele>
        <time>2026-09-16T13:14:05.000Z</time>
        <speed>1.288</speed>
      </trkpt>
      <trkpt lat="50.4555664" lon="-5.0394022">
        <ele>68.4</ele>
        <time>2026-09-16T13:14:10.000Z</time>
        <speed>1.288</speed>
      </trkpt>
      <trkpt lat="50.4556062" lon="-5.0394853">
        <ele>68.2</ele>
        <time>2026-09-16T13:14:15.000Z</time>
        <speed>1.306</speed>
      </trkpt>
      <trkpt lat="50.4556518" lon="-5.0395625">
        <ele>68.0</ele>
        <time>2026-09-16T13:14:20.000Z</time>
        <speed>1.334</speed>
      </trkpt>
      <trkpt lat="50.4557016" lon="-5.0396396">
        <ele>68.6</ele>
        <time>2026-09-16T13:14:25.000Z</time>
        <speed>1.381</speed>
      </trkpt>
      <trkpt lat="50.4557389" lon="-5.0397152">
        <ele>68.0</ele>
        <time>2026-09-16T13:14:30.000Z</time>
        <speed>1.381</speed>
      </trkpt>
      <trkpt lat="50.4557736" lon="-5.0398005">
        <ele>68.4</ele>
        <time>2026-09-16T13:14:35.000Z</time>
        <speed>1.400</speed>
      </trkpt>
      <trkpt lat="50.4557980" lon="-5.0398836">
        <ele>68.8</ele>
        <time>2026-09-16T13:14:40.000Z</time>
        <speed>1.390</speed>
      </trkpt>
      <trkpt lat="50.4558139" lon="-5.0399249">
        <ele>68.4</ele>
        <time>2026-09-16T13:14:45.000Z</time>
        <speed>1.045</speed>
      </trkpt>
      <trkpt lat="50.4558443" lon="-5.0400009">
        <ele>68.2</ele>
        <time>2026-09-16T13:14:50.000Z</time>
        <speed>1.054</speed>
      </trkpt>
      <trkpt lat="50.4558834" lon="-5.0400407">
        <ele>69.0</ele>
        <time>2026-09-16T13:14:55.000Z</time>
        <speed>1.073</speed>
      </trkpt>
      <trkpt lat="50.4559089" lon="-5.0401215">
        <ele>70.0</ele>
        <time>2026-09-16T13:15:00.000Z</time>
        <speed>1.101</speed>
      </trkpt>
      <trkpt lat="50.4559130" lon="-5.0402187">
        <ele>69.6</ele>
        <time>2026-09-16T13:15:05.000Z</time>
        <speed>1.185</speed>
      </trkpt>
      <trkpt lat="50.4559404" lon="-5.0402952">
        <ele>69.2</ele>
        <time>2026-09-16T13:15:10.000Z</time>
        <speed>1.194</speed>
      </trkpt>
      <trkpt lat="50.4559718" lon="-5.0403536">
        <ele>69.2</ele>
        <time>2026-09-16T13:15:15.000Z</time>
        <speed>1.194</speed>
      </trkpt>
      <trkpt lat="50.4559717" lon="-5.0404167">
        <ele>69.6</ele>
        <time>2026-09-16T13:15:20.000Z</time>
        <speed>1.120</speed>
      </trkpt>
      <trkpt lat="50.4559690" lon="-5.0404425">
        <ele>69.2</ele>
        <time>2026-09-16T13:15:25.000Z</time>
        <speed>0.952</speed>
      </trkpt>
      <trkpt lat="50.4559532" lon="-5.0404550">
        <ele>68.8</ele>
        <time>2026-09-16T13:15:30.000Z</time>
        <speed>0.215</speed>
      </trkpt>
      <trkpt lat="50.4559447" lon="-5.0404466">
        <ele>69.4</ele>
        <time>2026-09-16T13:15:35.000Z</time>
        <speed>0.000</speed>
      </trkpt>
      <trkpt lat="50.4559477" lon="-5.0404571">
        <ele>69.2</ele>
        <time>2026-09-16T13:15:40.000Z</time>
        <speed>0.000</speed>
      </trkpt>
      <trkpt lat="50.4559503" lon="-5.0404573">
        <ele>69.0</ele>
        <time>2026-09-16T13:15:45.000Z</time>
        <speed>0.000</speed>
      </trkpt>
      <trkpt lat="50.4559499" lon="-5.0404594">
        <ele>69.0</ele>
        <time>2026-09-16T13:15:50.000Z</time>
        <speed>0.000</speed>
      </trkpt>
      <trkpt lat="50.4559503" lon="-5.0404573">
        <ele>69.0</ele>
        <time>2026-09-16T13:15:55.000Z</time>
        <speed>0.000</speed>
      </trkpt>
      <trkpt lat="50.4559503" lon="-5.0404573">
        <ele>69.4</ele>
        <time>2026-09-16T13:16:00.000Z</time>
        <speed>0.000</speed>
      </trkpt>
      <trkpt lat="50.4559503" lon="-5.0404573">
        <ele>69.4</ele>
        <time>2026-09-16T13:16:05.000Z</time>
        <speed>0.000</speed>
      </trkpt>
      <trkpt lat="50.4559503" lon="-5.0404573">
        <ele>69.4</ele>
        <time>2026-09-16T13:16:10.000Z</time>
        <speed>0.000</speed>
      </trkpt>
      <trkpt lat="50.4559503" lon="-5.0404573">
        <ele>69.2</ele>
        <time>2026-09-16T13:16:15.000Z</time>
        <speed>0.000</speed>
      </trkpt>
      <trkpt lat="50.4559503" lon="-5.0404573">
        <ele>68.8</ele>
        <time>2026-09-16T13:16:20.000Z</time>
        <speed>0.000</speed>
      </trkpt>
      <trkpt lat="50.4559503" lon="-5.0404573">
        <ele>68.8</ele>
        <time>2026-09-16T13:16:25.000Z</time>
        <speed>0.000</speed>
      </trkpt>
      <trkpt lat="50.4559503" lon="-5.0404573">
        <ele>68.8</ele>
        <time>2026-09-16T13:16:30.000Z</time>
        <speed>0.000</speed>
      </trkpt>
      <trkpt lat="50.4559503" lon="-5.0404573">
        <ele>68.8</ele>
        <time>2026-09-16T13:16:35.000Z</time>
        <speed>0.000</speed>
      </trkpt>
      <trkpt lat="50.4559503" lon="-5.0404573">
        <ele>68.8</ele>
        <time>2026-09-16T13:16:40.000Z</time>
        <speed>0.000</speed>
      </trkpt>
      <trkpt lat="50.4559503" lon="-5.0404573">
        <ele>68.8</ele>
        <time>2026-09-16T13:16:45.000Z</time>
        <speed>0.000</speed>
      </trkpt>
      <trkpt lat="50.4559503" lon="-5.0404573">
        <ele>68.8</ele>
        <time>2026-09-16T13:16:50.000Z</time>
        <speed>0.000</speed>
      </trkpt>
      <trkpt lat="50.4559503" lon="-5.0404573">
        <ele>68.8</ele>
        <time>2026-09-16T13:16:55.000Z</time>
        <speed>0.000</speed>
      </trkpt>
      <trkpt lat="50.4559499" lon="-5.0404785">
        <ele>69.2</ele>
        <time>2026-09-16T13:17:00.000Z</time>
        <speed>0.000</speed>
      </trkpt>
      <trkpt lat="50.4559498" lon="-5.0404782">
        <ele>69.2</ele>
        <time>2026-09-16T13:17:05.000Z</time>
        <speed>0.000</speed>
      </trkpt>
      <trkpt lat="50.4559498" lon="-5.0404782">
        <ele>69.2</ele>
        <time>2026-09-16T13:17:10.000Z</time>
        <speed>0.000</speed>
      </trkpt>
      <trkpt lat="50.4559498" lon="-5.0404782">
        <ele>69.2</ele>
        <time>2026-09-16T13:17:15.000Z</time>
        <speed>0.000</speed>
      </trkpt>
      <trkpt lat="50.4559549" lon="-5.0404701">
        <ele>69.2</ele>
        <time>2026-09-16T13:17:20.000Z</time>
        <speed>0.000</speed>
      </trkpt>
      <trkpt lat="50.4559498" lon="-5.0404782">
        <ele>69.4</ele>
        <time>2026-09-16T13:17:25.000Z</time>
        <speed>0.000</speed>
      </trkpt>
      <trkpt lat="50.4559498" lon="-5.0404782">
        <ele>69.2</ele>
        <time>2026-09-16T13:17:30.000Z</time>
        <speed>0.000</speed>
      </trkpt>
      <trkpt lat="50.4559498" lon="-5.0404782">
        <ele>69.2</ele>
        <time>2026-09-16T13:17:35.000Z</time>
        <speed>0.000</speed>
      </trkpt>
      <trkpt lat="50.4559498" lon="-5.0404782">
        <ele>69.2</ele>
        <time>2026-09-16T13:17:40.000Z</time>
        <speed>0.000</speed>
      </trkpt>
      <trkpt lat="50.4559498" lon="-5.0404782">
        <ele>69.4</ele>
        <time>2026-09-16T13:17:45.000Z</time>
        <speed>0.000</speed>
      </trkpt>
      <trkpt lat="50.4559498" lon="-5.0404782">
        <ele>69.6</ele>
        <time>2026-09-16T13:17:50.000Z</time>
        <speed>0.000</speed>
      </trkpt>
      <trkpt lat="50.4559498" lon="-5.0404782">
        <ele>69.4</ele>
        <time>2026-09-16T13:17:55.000Z</time>
        <speed>0.000</speed>
      </trkpt>
      <trkpt lat="50.4559498" lon="-5.0404782">
        <ele>69.4</ele>
        <time>2026-09-16T13:18:00.000Z</time>
        <speed>0.000</speed>
      </trkpt>
      <trkpt lat="50.4559498" lon="-5.0404782">
        <ele>69.4</ele>
        <time>2026-09-16T13:18:05.000Z</time>
        <speed>0.000</speed>
      </trkpt>
      <trkpt lat="50.4559498" lon="-5.0404782">
        <ele>69.4</ele>
        <time>2026-09-16T13:18:10.000Z</time>
        <speed>0.000</speed>
      </trkpt>
      <trkpt lat="50.4559498" lon="-5.0404782">
        <ele>69.4</ele>
        <time>2026-09-16T13:18:15.000Z</time>
        <speed>0.000</speed>
      </trkpt>
      <trkpt lat="50.4559498" lon="-5.0404782">
        <ele>69.2</ele>
        <time>2026-09-16T13:18:20.000Z</time>
        <speed>0.000</speed>
      </trkpt>
      <trkpt lat="50.4559498" lon="-5.0404782">
        <ele>69.2</ele>
        <time>2026-09-16T13:18:25.000Z</time>
        <speed>0.000</speed>
      </trkpt>
      <trkpt lat="50.4559498" lon="-5.0404782">
        <ele>69.4</ele>
        <time>2026-09-16T13:18:30.000Z</time>
        <speed>0.000</speed>
      </trkpt>
      <trkpt lat="50.4559498" lon="-5.0404782">
        <ele>69.6</ele>
        <time>2026-09-16T13:18:35.000Z</time>
        <speed>0.000</speed>
      </trkpt>
      <trkpt lat="50.4559498" lon="-5.0404782">
        <ele>69.2</ele>
        <time>2026-09-16T13:18:40.000Z</time>
        <speed>0.000</speed>
      </trkpt>
      <trkpt lat="50.4559498" lon="-5.0404782">
        <ele>69.2</ele>
        <time>2026-09-16T13:18:45.000Z</time>
        <speed>0.000</speed>
      </trkpt>
      <trkpt lat="50.4559498" lon="-5.0404782">
        <ele>69.6</ele>
        <time>2026-09-16T13:18:50.000Z</time>
        <speed>0.000</speed>
      </trkpt>
      <trkpt lat="50.4559498" lon="-5.0404782">
        <ele>69.6</ele>
        <time>2026-09-16T13:18:55.000Z</time>
        <speed>0.000</speed>
      </trkpt>
      <trkpt lat="50.4559498" lon="-5.0404782">
        <ele>69.4</ele>
        <time>2026-09-16T13:19:00.000Z</time>
        <speed>0.000</speed>
      </trkpt>
      <trkpt lat="50.4559498" lon="-5.0404782">
        <ele>69.2</ele>
        <time>2026-09-16T13:19:05.000Z</time>
        <speed>0.000</speed>
      </trkpt>
      <trkpt lat="50.4559498" lon="-5.0404782">
        <ele>69.2</ele>
        <time>2026-09-16T13:19:10.000Z</time>
        <speed>0.000</speed>
      </trkpt>
      <trkpt lat="50.4559498" lon="-5.0404782">
        <ele>69.2</ele>
        <time>2026-09-16T13:19:15.000Z</time>
        <speed>0.000</speed>
      </trkpt>
      <trkpt lat="50.4559498" lon="-5.0404782">
        <ele>69.6</ele>
        <time>2026-09-16T13:19:20.000Z</time>
        <speed>0.000</speed>
      </trkpt>
      <trkpt lat="50.4559498" lon="-5.0404782">
        <ele>69.6</ele>
        <time>2026-09-16T13:19:25.000Z</time>
        <speed>0.000</speed>
      </trkpt>
      <trkpt lat="50.4559498" lon="-5.0404782">
        <ele>69.6</ele>
        <time>2026-09-16T13:19:30.000Z</time>
        <speed>0.000</speed>
      </trkpt>
      <trkpt lat="50.4559498" lon="-5.0404782">
        <ele>69.6</ele>
        <time>2026-09-16T13:19:35.000Z</time>
        <speed>0.000</speed>
      </trkpt>
      <trkpt lat="50.4559498" lon="-5.0404782">
        <ele>69.6</ele>
        <time>2026-09-16T13:19:40.000Z</time>
        <speed>0.000</speed>
      </trkpt>
      <trkpt lat="50.4559498" lon="-5.0404782">
        <ele>69.4</ele>
        <time>2026-09-16T13:19:45.000Z</time>
        <speed>0.000</speed>
      </trkpt>
      <trkpt lat="50.4559498" lon="-5.0404782">
        <ele>69.6</ele>
        <time>2026-09-16T13:19:50.000Z</time>
        <speed>0.000</speed>
      </trkpt>
      <trkpt lat="50.4559498" lon="-5.0404782">
        <ele>69.4</ele>
        <time>2026-09-16T13:19:55.000Z</time>
        <speed>0.000</speed>
      </trkpt>
      <trkpt lat="50.4559498" lon="-5.0404782">
        <ele>69.2</ele>
        <time>2026-09-16T13:20:00.000Z</time>
        <speed>0.000</speed>
      </trkpt>
      <trkpt lat="50.4559498" lon="-5.0404782">
        <ele>69.2</ele>
        <time>2026-09-16T13:20:05.000Z</time>
        <speed>0.000</speed>
      </trkpt>
      <trkpt lat="50.4559498" lon="-5.0404782">
        <ele>69.8</ele>
        <time>2026-09-16T13:20:10.000Z</time>
        <speed>0.000</speed>
      </trkpt>
      <trkpt lat="50.4559498" lon="-5.0404782">
        <ele>69.2</ele>
        <time>2026-09-16T13:20:15.000Z</time>
        <speed>0.000</speed>
      </trkpt>
      <trkpt lat="50.4559498" lon="-5.0404782">
        <ele>69.2</ele>
        <time>2026-09-16T13:20:20.000Z</time>
        <speed>0.000</speed>
      </trkpt>
      <trkpt lat="50.4559574" lon="-5.0404566">
        <ele>69.4</ele>
        <time>2026-09-16T13:20:25.000Z</time>
        <speed>0.000</speed>
      </trkpt>
      <trkpt lat="50.4559574" lon="-5.0404566">
        <ele>69.8</ele>
        <time>2026-09-16T13:20:30.000Z</time>
        <speed>0.000</speed>
      </trkpt>
      <trkpt lat="50.4559574" lon="-5.0404566">
        <ele>69.8</ele>
        <time>2026-09-16T13:20:35.000Z</time>
        <speed>0.000</speed>
      </trkpt>
      <trkpt lat="50.4559574" lon="-5.0404566">
        <ele>69.4</ele>
        <time>2026-09-16T13:20:40.000Z</time>
        <speed>0.000</speed>
      </trkpt>
      <trkpt lat="50.4559574" lon="-5.0404566">
        <ele>69.0</ele>
        <time>2026-09-16T13:20:45.000Z</time>
        <speed>0.000</speed>
      </trkpt>
      <trkpt lat="50.4559574" lon="-5.0404566">
        <ele>69.4</ele>
        <time>2026-09-16T13:20:50.000Z</time>
        <speed>0.000</speed>
      </trkpt>
      <trkpt lat="50.4559574" lon="-5.0404566">
        <ele>69.6</ele>
        <time>2026-09-16T13:20:55.000Z</time>
        <speed>0.000</speed>
      </trkpt>
      <trkpt lat="50.4559574" lon="-5.0404566">
        <ele>69.0</ele>
        <time>2026-09-16T13:21:00.000Z</time>
        <speed>0.000</speed>
      </trkpt>
      <trkpt lat="50.4559574" lon="-5.0404566">
        <ele>69.0</ele>
        <time>2026-09-16T13:21:05.000Z</time>
        <speed>0.000</speed>
      </trkpt>
      <trkpt lat="50.4559574" lon="-5.0404566">
        <ele>69.2</ele>
        <time>2026-09-16T13:21:10.000Z</time>
        <speed>0.000</speed>
      </trkpt>
      <trkpt lat="50.4559574" lon="-5.0404566">
        <ele>69.2</ele>
        <time>2026-09-16T13:21:15.000Z</time>
        <speed>0.000</speed>
      </trkpt>
      <trkpt lat="50.4559574" lon="-5.0404566">
        <ele>69.0</ele>
        <time>2026-09-16T13:21:20.000Z</time>
        <speed>0.000</speed>
      </trkpt>
      <trkpt lat="50.4559574" lon="-5.0404566">
        <ele>69.4</ele>
        <time>2026-09-16T13:21:25.000Z</time>
        <speed>0.000</speed>
      </trkpt>
      <trkpt lat="50.4559574" lon="-5.0404566">
        <ele>69.4</ele>
        <time>2026-09-16T13:21:30.000Z</time>
        <speed>0.000</speed>
      </trkpt>
      <trkpt lat="50.4559574" lon="-5.0404566">
        <ele>69.2</ele>
        <time>2026-09-16T13:21:35.000Z</time>
        <speed>0.000</speed>
      </trkpt>
      <trkpt lat="50.4559574" lon="-5.0404566">
        <ele>69.4</ele>
        <time>2026-09-16T13:21:40.000Z</time>
        <speed>0.000</speed>
      </trkpt>
      <trkpt lat="50.4559574" lon="-5.0404566">
        <ele>69.0</ele>
        <time>2026-09-16T13:21:45.000Z</time>
        <speed>0.000</speed>
      </trkpt>
      <trkpt lat="50.4559574" lon="-5.0404566">
        <ele>69.4</ele>
        <time>2026-09-16T13:21:50.000Z</time>
        <speed>0.000</speed>
      </trkpt>
      <trkpt lat="50.4559574" lon="-5.0404566">
        <ele>69.2</ele>
        <time>2026-09-16T13:21:55.000Z</time>
        <speed>0.000</speed>
      </trkpt>
      <trkpt lat="50.4559574" lon="-5.0404566">
        <ele>69.2</ele>
        <time>2026-09-16T13:22:00.000Z</time>
        <speed>0.000</speed>
      </trkpt>
      <trkpt lat="50.4559574" lon="-5.0404566">
        <ele>69.0</ele>
        <time>2026-09-16T13:22:05.000Z</time>
        <speed>0.000</speed>
      </trkpt>
      <trkpt lat="50.4559574" lon="-5.0404566">
        <ele>69.0</ele>
        <time>2026-09-16T13:22:10.000Z</time>
        <speed>0.000</speed>
      </trkpt>
      <trkpt lat="50.4559574" lon="-5.0404566">
        <ele>69.0</ele>
        <time>2026-09-16T13:22:15.000Z</time>
        <speed>0.000</speed>
      </trkpt>
      <trkpt lat="50.4559574" lon="-5.0404566">
        <ele>68.8</ele>
        <time>2026-09-16T13:22:20.000Z</time>
        <speed>0.000</speed>
      </trkpt>
      <trkpt lat="50.4559574" lon="-5.0404566">
        <ele>68.6</ele>
        <time>2026-09-16T13:22:25.000Z</time>
        <speed>0.000</speed>
      </trkpt>
      <trkpt lat="50.4559574" lon="-5.0404566">
        <ele>68.8</ele>
        <time>2026-09-16T13:22:30.000Z</time>
        <speed>0.000</speed>
      </trkpt>
      <trkpt lat="50.4559574" lon="-5.0404566">
        <ele>69.0</ele>
        <time>2026-09-16T13:22:35.000Z</time>
        <speed>0.000</speed>
      </trkpt>
      <trkpt lat="50.4559574" lon="-5.0404566">
        <ele>68.8</ele>
        <time>2026-09-16T13:22:40.000Z</time>
        <speed>0.000</speed>
      </trkpt>
      <trkpt lat="50.4559574" lon="-5.0404566">
        <ele>69.2</ele>
        <time>2026-09-16T13:22:45.000Z</time>
        <speed>0.000</speed>
      </trkpt>
      <trkpt lat="50.4559574" lon="-5.0404566">
        <ele>69.0</ele>
        <time>2026-09-16T13:22:50.000Z</time>
        <speed>0.000</speed>
      </trkpt>
      <trkpt lat="50.4559574" lon="-5.0404566">
        <ele>69.0</ele>
        <time>2026-09-16T13:22:55.000Z</time>
        <speed>0.000</speed>
      </trkpt>
      <trkpt lat="50.4559574" lon="-5.0404566">
        <ele>69.0</ele>
        <time>2026-09-16T13:23:00.000Z</time>
        <speed>0.000</speed>
      </trkpt>
      <trkpt lat="50.4559574" lon="-5.0404566">
        <ele>69.2</ele>
        <time>2026-09-16T13:23:05.000Z</time>
        <speed>0.000</speed>
      </trkpt>
      <trkpt lat="50.4559574" lon="-5.0404566">
        <ele>69.4</ele>
        <time>2026-09-16T13:23:10.000Z</time>
        <speed>0.000</speed>
      </trkpt>
      <trkpt lat="50.4559574" lon="-5.0404566">
        <ele>69.2</ele>
        <time>2026-09-16T13:23:15.000Z</time>
        <speed>0.000</speed>
      </trkpt>
      <trkpt lat="50.4559574" lon="-5.0404566">
        <ele>69.2</ele>
        <time>2026-09-16T13:23:20.000Z</time>
        <speed>0.000</speed>
      </trkpt>
      <trkpt lat="50.4559574" lon="-5.0404566">
        <ele>69.6</ele>
        <time>2026-09-16T13:23:25.000Z</time>
        <speed>0.000</speed>
      </trkpt>
      <trkpt lat="50.4559574" lon="-5.0404566">
        <ele>70.0</ele>
        <time>2026-09-16T13:23:30.000Z</time>
        <speed>0.000</speed>
      </trkpt>
      <trkpt lat="50.4559574" lon="-5.0404566">
        <ele>69.8</ele>
        <time>2026-09-16T13:23:35.000Z</time>
        <speed>0.000</speed>
      </trkpt>
      <trkpt lat="50.4559574" lon="-5.0404566">
        <ele>69.4</ele>
        <time>2026-09-16T13:23:40.000Z</time>
        <speed>0.000</speed>
      </trkpt>
      <trkpt lat="50.4559574" lon="-5.0404566">
        <ele>69.6</ele>
        <time>2026-09-16T13:23:45.000Z</time>
        <speed>0.000</speed>
      </trkpt>
      <trkpt lat="50.4559574" lon="-5.0404566">
        <ele>69.6</ele>
        <time>2026-09-16T13:23:50.000Z</time>
        <speed>0.000</speed>
      </trkpt>
      <trkpt lat="50.4559574" lon="-5.0404566">
        <ele>69.6</ele>
        <time>2026-09-16T13:23:55.000Z</time>
        <speed>0.000</speed>
      </trkpt>
      <trkpt lat="50.4559574" lon="-5.0404566">
        <ele>69.4</ele>
        <time>2026-09-16T13:24:00.000Z</time>
        <speed>0.000</speed>
      </trkpt>
      <trkpt lat="50.4559443" lon="-5.0404655">
        <ele>69.6</ele>
        <time>2026-09-16T13:24:05.000Z</time>
        <speed>0.000</speed>
      </trkpt>
      <trkpt lat="50.4559443" lon="-5.0404655">
        <ele>68.8</ele>
        <time>2026-09-16T13:24:10.000Z</time>
        <speed>0.000</speed>
      </trkpt>
      <trkpt lat="50.4559443" lon="-5.0404655">
        <ele>69.2</ele>
        <time>2026-09-16T13:24:15.000Z</time>
        <speed>0.000</speed>
      </trkpt>
      <trkpt lat="50.4559443" lon="-5.0404655">
        <ele>69.6</ele>
        <time>2026-09-16T13:24:20.000Z</time>
        <speed>0.000</speed>
      </trkpt>
      <trkpt lat="50.4559443" lon="-5.0404655">
        <ele>69.6</ele>
        <time>2026-09-16T13:24:25.000Z</time>
        <speed>0.000</speed>
      </trkpt>
      <trkpt lat="50.4559443" lon="-5.0404655">
        <ele>69.4</ele>
        <time>2026-09-16T13:24:30.000Z</time>
        <speed>0.000</speed>
      </trkpt>
      <trkpt lat="50.4559443" lon="-5.0404655">
        <ele>69.6</ele>
        <time>2026-09-16T13:24:35.000Z</time>
        <speed>0.000</speed>
      </trkpt>
      <trkpt lat="50.4559443" lon="-5.0404655">
        <ele>69.6</ele>
        <time>2026-09-16T13:24:40.000Z</time>
        <speed>0.000</speed>
      </trkpt>
      <trkpt lat="50.4559443" lon="-5.0404655">
        <ele>69.8</ele>
        <time>2026-09-16T13:24:45.000Z</time>
        <speed>0.000</speed>
      </trkpt>
      <trkpt lat="50.4559443" lon="-5.0404655">
        <ele>69.4</ele>
        <time>2026-09-16T13:24:50.000Z</time>
        <speed>0.000</speed>
      </trkpt>
      <trkpt lat="50.4559454" lon="-5.0404785">
        <ele>70.0</ele>
        <time>2026-09-16T13:24:55.000Z</time>
        <speed>0.000</speed>
      </trkpt>
      <trkpt lat="50.4559443" lon="-5.0404655">
        <ele>70.6</ele>
        <time>2026-09-16T13:25:00.000Z</time>
        <speed>0.000</speed>
      </trkpt>
      <trkpt lat="50.4559640" lon="-5.0404951">
        <ele>70.8</ele>
        <time>2026-09-16T13:25:05.000Z</time>
        <speed>0.000</speed>
      </trkpt>
      <trkpt lat="50.4560188" lon="-5.0404941">
        <ele>69.6</ele>
        <time>2026-09-16T13:25:10.000Z</time>
        <speed>1.194</speed>
      </trkpt>
      <trkpt lat="50.4560708" lon="-5.0405297">
        <ele>68.8</ele>
        <time>2026-09-16T13:25:15.000Z</time>
        <speed>1.362</speed>
      </trkpt>
      <trkpt lat="50.4561299" lon="-5.0405673">
        <ele>70.0</ele>
        <time>2026-09-16T13:25:20.000Z</time>
        <speed>1.456</speed>
      </trkpt>
      <trkpt lat="50.4561820" lon="-5.0405823">
        <ele>71.6</ele>
        <time>2026-09-16T13:25:25.000Z</time>
        <speed>1.372</speed>
      </trkpt>
      <trkpt lat="50.4562451" lon="-5.0405918">
        <ele>71.2</ele>
        <time>2026-09-16T13:25:30.000Z</time>
        <speed>1.372</speed>
      </trkpt>
      <trkpt lat="50.4562901" lon="-5.0405984">
        <ele>71.6</ele>
        <time>2026-09-16T13:25:35.000Z</time>
        <speed>1.316</speed>
      </trkpt>
      <trkpt lat="50.4563381" lon="-5.0405911">
        <ele>70.6</ele>
        <time>2026-09-16T13:25:40.000Z</time>
        <speed>1.157</speed>
      </trkpt>
      <trkpt lat="50.4563968" lon="-5.0405573">
        <ele>71.6</ele>
        <time>2026-09-16T13:25:45.000Z</time>
        <speed>1.288</speed>
      </trkpt>
      <trkpt lat="50.4564497" lon="-5.0405444">
        <ele>71.6</ele>
        <time>2026-09-16T13:25:50.000Z</time>
        <speed>1.278</speed>
      </trkpt>
      <trkpt lat="50.4565155" lon="-5.0405367">
        <ele>71.8</ele>
        <time>2026-09-16T13:25:55.000Z</time>
        <speed>1.297</speed>
      </trkpt>
      <trkpt lat="50.4565644" lon="-5.0405252">
        <ele>71.2</ele>
        <time>2026-09-16T13:26:00.000Z</time>
        <speed>1.316</speed>
      </trkpt>
      <trkpt lat="50.4566250" lon="-5.0405163">
        <ele>70.8</ele>
        <time>2026-09-16T13:26:05.000Z</time>
        <speed>1.316</speed>
      </trkpt>
      <trkpt lat="50.4566964" lon="-5.0405087">
        <ele>70.0</ele>
        <time>2026-09-16T13:26:10.000Z</time>
        <speed>1.362</speed>
      </trkpt>
      <trkpt lat="50.4567556" lon="-5.0404988">
        <ele>69.8</ele>
        <time>2026-09-16T13:26:15.000Z</time>
        <speed>1.400</speed>
      </trkpt>
      <trkpt lat="50.4568235" lon="-5.0404614">
        <ele>69.4</ele>
        <time>2026-09-16T13:26:20.000Z</time>
        <speed>1.409</speed>
      </trkpt>
      <trkpt lat="50.4568748" lon="-5.0404421">
        <ele>69.0</ele>
        <time>2026-09-16T13:26:25.000Z</time>
        <speed>1.409</speed>
      </trkpt>
      <trkpt lat="50.4569361" lon="-5.0404222">
        <ele>68.4</ele>
        <time>2026-09-16T13:26:30.000Z</time>
        <speed>1.390</speed>
      </trkpt>
      <trkpt lat="50.4569949" lon="-5.0404147">
        <ele>68.6</ele>
        <time>2026-09-16T13:26:35.000Z</time>
        <speed>1.353</speed>
      </trkpt>
      <trkpt lat="50.4570626" lon="-5.0403961">
        <ele>68.0</ele>
        <time>2026-09-16T13:26:40.000Z</time>
        <speed>1.409</speed>
      </trkpt>
      <trkpt lat="50.4571167" lon="-5.0403504">
        <ele>68.0</ele>
        <time>2026-09-16T13:26:45.000Z</time>
        <speed>1.418</speed>
      </trkpt>
      <trkpt lat="50.4571710" lon="-5.0403168">
        <ele>67.8</ele>
        <time>2026-09-16T13:26:50.000Z</time>
        <speed>1.400</speed>
      </trkpt>
      <trkpt lat="50.4572279" lon="-5.0402900">
        <ele>67.0</ele>
        <time>2026-09-16T13:26:55.000Z</time>
        <speed>1.400</speed>
      </trkpt>
      <trkpt lat="50.4572707" lon="-5.0402734">
        <ele>66.2</ele>
        <time>2026-09-16T13:27:00.000Z</time>
        <speed>1.278</speed>
      </trkpt>
      <trkpt lat="50.4573111" lon="-5.0402591">
        <ele>65.4</ele>
        <time>2026-09-16T13:27:05.000Z</time>
        <speed>1.241</speed>
      </trkpt>
      <trkpt lat="50.4573706" lon="-5.0402492">
        <ele>64.2</ele>
        <time>2026-09-16T13:27:10.000Z</time>
        <speed>1.241</speed>
      </trkpt>
      <trkpt lat="50.4574282" lon="-5.0402687">
        <ele>63.0</ele>
        <time>2026-09-16T13:27:15.000Z</time>
        <speed>1.260</speed>
      </trkpt>
      <trkpt lat="50.4574677" lon="-5.0402867">
        <ele>62.2</ele>
        <time>2026-09-16T13:27:20.000Z</time>
        <speed>1.176</speed>
      </trkpt>
      <trkpt lat="50.4575086" lon="-5.0402991">
        <ele>61.0</ele>
        <time>2026-09-16T13:27:25.000Z</time>
        <speed>1.138</speed>
      </trkpt>
      <trkpt lat="50.4575554" lon="-5.0403210">
        <ele>60.2</ele>
        <time>2026-09-16T13:27:30.000Z</time>
        <speed>1.129</speed>
      </trkpt>
      <trkpt lat="50.4576021" lon="-5.0403447">
        <ele>59.2</ele>
        <time>2026-09-16T13:27:35.000Z</time>
        <speed>1.110</speed>
      </trkpt>
      <trkpt lat="50.4576547" lon="-5.0403818">
        <ele>58.4</ele>
        <time>2026-09-16T13:27:40.000Z</time>
        <speed>1.148</speed>
      </trkpt>
      <trkpt lat="50.4577015" lon="-5.0404375">
        <ele>56.0</ele>
        <time>2026-09-16T13:27:45.000Z</time>
        <speed>1.194</speed>
      </trkpt>
      <trkpt lat="50.4577561" lon="-5.0404774">
        <ele>56.0</ele>
        <time>2026-09-16T13:27:50.000Z</time>
        <speed>1.222</speed>
      </trkpt>
      <trkpt lat="50.4578089" lon="-5.0405276">
        <ele>55.2</ele>
        <time>2026-09-16T13:27:55.000Z</time>
        <speed>1.232</speed>
      </trkpt>
      <trkpt lat="50.4578520" lon="-5.0406121">
        <ele>54.2</ele>
        <time>2026-09-16T13:28:00.000Z</time>
        <speed>1.297</speed>
      </trkpt>
      <trkpt lat="50.4578924" lon="-5.0406605">
        <ele>54.4</ele>
        <time>2026-09-16T13:28:05.000Z</time>
        <speed>1.288</speed>
      </trkpt>
      <trkpt lat="50.4579294" lon="-5.0407373">
        <ele>54.2</ele>
        <time>2026-09-16T13:28:10.000Z</time>
        <speed>1.306</speed>
      </trkpt>
      <trkpt lat="50.4579430" lon="-5.0407892">
        <ele>53.8</ele>
        <time>2026-09-16T13:28:15.000Z</time>
        <speed>1.278</speed>
      </trkpt>
      <trkpt lat="50.4579412" lon="-5.0407896">
        <ele>54.0</ele>
        <time>2026-09-16T13:28:20.000Z</time>
        <speed>0.000</speed>
      </trkpt>
      <trkpt lat="50.4579412" lon="-5.0407896">
        <ele>53.8</ele>
        <time>2026-09-16T13:28:25.000Z</time>
        <speed>0.000</speed>
      </trkpt>
      <trkpt lat="50.4579412" lon="-5.0407896">
        <ele>54.0</ele>
        <time>2026-09-16T13:28:30.000Z</time>
        <speed>0.000</speed>
      </trkpt>
      <trkpt lat="50.4579681" lon="-5.0408291">
        <ele>54.2</ele>
        <time>2026-09-16T13:28:35.000Z</time>
        <speed>0.000</speed>
      </trkpt>
      <trkpt lat="50.4580340" lon="-5.0408855">
        <ele>54.8</ele>
        <time>2026-09-16T13:28:40.000Z</time>
        <speed>1.558</speed>
      </trkpt>
      <trkpt lat="50.4580819" lon="-5.0409211">
        <ele>54.6</ele>
        <time>2026-09-16T13:28:45.000Z</time>
        <speed>1.297</speed>
      </trkpt>
      <trkpt lat="50.4581336" lon="-5.0409773">
        <ele>54.2</ele>
        <time>2026-09-16T13:28:50.000Z</time>
        <speed>1.334</speed>
      </trkpt>
      <trkpt lat="50.4581679" lon="-5.0410249">
        <ele>54.0</ele>
        <time>2026-09-16T13:28:55.000Z</time>
        <speed>1.241</speed>
      </trkpt>
      <trkpt lat="50.4582148" lon="-5.0410768">
        <ele>53.8</ele>
        <time>2026-09-16T13:29:00.000Z</time>
        <speed>1.241</speed>
      </trkpt>
      <trkpt lat="50.4582556" lon="-5.0411097">
        <ele>52.8</ele>
        <time>2026-09-16T13:29:05.000Z</time>
        <speed>1.148</speed>
      </trkpt>
      <trkpt lat="50.4582951" lon="-5.0411329">
        <ele>51.4</ele>
        <time>2026-09-16T13:29:10.000Z</time>
        <speed>1.008</speed>
      </trkpt>
      <trkpt lat="50.4583328" lon="-5.0411771">
        <ele>50.4</ele>
        <time>2026-09-16T13:29:15.000Z</time>
        <speed>1.017</speed>
      </trkpt>
      <trkpt lat="50.4583679" lon="-5.0411936">
        <ele>49.2</ele>
        <time>2026-09-16T13:29:20.000Z</time>
        <speed>0.952</speed>
      </trkpt>
      <trkpt lat="50.4583989" lon="-5.0412268">
        <ele>48.0</ele>
        <time>2026-09-16T13:29:25.000Z</time>
        <speed>0.933</speed>
      </trkpt>
      <trkpt lat="50.4584311" lon="-5.0412604">
        <ele>46.8</ele>
        <time>2026-09-16T13:29:30.000Z</time>
        <speed>0.942</speed>
      </trkpt>
      <trkpt lat="50.4584645" lon="-5.0413057">
        <ele>45.8</ele>
        <time>2026-09-16T13:29:35.000Z</time>
        <speed>0.933</speed>
      </trkpt>
      <trkpt lat="50.4584913" lon="-5.0413222">
        <ele>44.6</ele>
        <time>2026-09-16T13:29:40.000Z</time>
        <speed>0.802</speed>
      </trkpt>
      <trkpt lat="50.4585274" lon="-5.0413650">
        <ele>43.8</ele>
        <time>2026-09-16T13:29:45.000Z</time>
        <speed>0.840</speed>
      </trkpt>
      <trkpt lat="50.4585629" lon="-5.0414212">
        <ele>43.0</ele>
        <time>2026-09-16T13:29:50.000Z</time>
        <speed>0.989</speed>
      </trkpt>
      <trkpt lat="50.4585931" lon="-5.0414773">
        <ele>42.0</ele>
        <time>2026-09-16T13:29:55.000Z</time>
        <speed>1.017</speed>
      </trkpt>
      <trkpt lat="50.4585982" lon="-5.0414738">
        <ele>41.0</ele>
        <time>2026-09-16T13:30:00.000Z</time>
        <speed>0.933</speed>
      </trkpt>
      <trkpt lat="50.4586165" lon="-5.0415200">
        <ele>40.6</ele>
        <time>2026-09-16T13:30:05.000Z</time>
        <speed>0.000</speed>
      </trkpt>
      <trkpt lat="50.4586320" lon="-5.0415612">
        <ele>39.6</ele>
        <time>2026-09-16T13:30:10.000Z</time>
        <speed>0.000</speed>
      </trkpt>
      <trkpt lat="50.4586616" lon="-5.0415863">
        <ele>38.6</ele>
        <time>2026-09-16T13:30:15.000Z</time>
        <speed>0.812</speed>
      </trkpt>
      <trkpt lat="50.4587025" lon="-5.0416129">
        <ele>36.8</ele>
        <time>2026-09-16T13:30:20.000Z</time>
        <speed>0.924</speed>
      </trkpt>
      <trkpt lat="50.4587209" lon="-5.0416344">
        <ele>36.0</ele>
        <time>2026-09-16T13:30:25.000Z</time>
        <speed>0.905</speed>
      </trkpt>
      <trkpt lat="50.4587441" lon="-5.0416375">
        <ele>34.4</ele>
        <time>2026-09-16T13:30:30.000Z</time>
        <speed>0.802</speed>
      </trkpt>
      <trkpt lat="50.4587674" lon="-5.0416445">
        <ele>32.8</ele>
        <time>2026-09-16T13:30:35.000Z</time>
        <speed>0.709</speed>
      </trkpt>
      <trkpt lat="50.4588027" lon="-5.0416330">
        <ele>31.6</ele>
        <time>2026-09-16T13:30:40.000Z</time>
        <speed>0.877</speed>
      </trkpt>
      <trkpt lat="50.4588254" lon="-5.0415612">
        <ele>29.8</ele>
        <time>2026-09-16T13:30:45.000Z</time>
        <speed>0.952</speed>
      </trkpt>
      <trkpt lat="50.4588409" lon="-5.0414937">
        <ele>29.6</ele>
        <time>2026-09-16T13:30:50.000Z</time>
        <speed>1.008</speed>
      </trkpt>
      <trkpt lat="50.4588385" lon="-5.0414151">
        <ele>29.6</ele>
        <time>2026-09-16T13:30:55.000Z</time>
        <speed>1.045</speed>
      </trkpt>
      <trkpt lat="50.4588458" lon="-5.0413941">
        <ele>29.8</ele>
        <time>2026-09-16T13:31:00.000Z</time>
        <speed>0.821</speed>
      </trkpt>
      <trkpt lat="50.4588404" lon="-5.0413963">
        <ele>30.2</ele>
        <time>2026-09-16T13:31:05.000Z</time>
        <speed>0.000</speed>
      </trkpt>
      <trkpt lat="50.4588404" lon="-5.0413963">
        <ele>30.4</ele>
        <time>2026-09-16T13:31:10.000Z</time>
        <speed>0.000</speed>
      </trkpt>
      <trkpt lat="50.4588404" lon="-5.0413963">
        <ele>30.0</ele>
        <time>2026-09-16T13:31:15.000Z</time>
        <speed>0.000</speed>
      </trkpt>
      <trkpt lat="50.4588404" lon="-5.0413963">
        <ele>29.8</ele>
        <time>2026-09-16T13:31:20.000Z</time>
        <speed>0.000</speed>
      </trkpt>
      <trkpt lat="50.4588404" lon="-5.0413963">
        <ele>29.8</ele>
        <time>2026-09-16T13:31:25.000Z</time>
        <speed>0.000</speed>
      </trkpt>
      <trkpt lat="50.4588404" lon="-5.0413963">
        <ele>30.0</ele>
        <time>2026-09-16T13:31:30.000Z</time>
        <speed>0.000</speed>
      </trkpt>
      <trkpt lat="50.4588501" lon="-5.0413828">
        <ele>29.8</ele>
        <time>2026-09-16T13:31:35.000Z</time>
        <speed>0.000</speed>
      </trkpt>
      <trkpt lat="50.4588582" lon="-5.0413229">
        <ele>30.2</ele>
        <time>2026-09-16T13:31:40.000Z</time>
        <speed>0.336</speed>
      </trkpt>
      <trkpt lat="50.4588580" lon="-5.0412367">
        <ele>30.8</ele>
        <time>2026-09-16T13:31:45.000Z</time>
        <speed>0.970</speed>
      </trkpt>
      <trkpt lat="50.4588571" lon="-5.0411422">
        <ele>31.4</ele>
        <time>2026-09-16T13:31:50.000Z</time>
        <speed>1.148</speed>
      </trkpt>
      <trkpt lat="50.4588534" lon="-5.0410418">
        <ele>31.8</ele>
        <time>2026-09-16T13:31:55.000Z</time>
        <speed>1.232</speed>
      </trkpt>
      <trkpt lat="50.4588537" lon="-5.0409632">
        <ele>32.2</ele>
        <time>2026-09-16T13:32:00.000Z</time>
        <speed>1.241</speed>
      </trkpt>
      <trkpt lat="50.4588694" lon="-5.0408776">
        <ele>32.8</ele>
        <time>2026-09-16T13:32:05.000Z</time>
        <speed>1.232</speed>
      </trkpt>
      <trkpt lat="50.4588871" lon="-5.0407996">
        <ele>32.6</ele>
        <time>2026-09-16T13:32:10.000Z</time>
        <speed>1.260</speed>
      </trkpt>
      <trkpt lat="50.4589038" lon="-5.0407113">
        <ele>33.4</ele>
        <time>2026-09-16T13:32:15.000Z</time>
        <speed>1.232</speed>
      </trkpt>
      <trkpt lat="50.4589285" lon="-5.0406405">
        <ele>34.0</ele>
        <time>2026-09-16T13:32:20.000Z</time>
        <speed>1.213</speed>
      </trkpt>
      <trkpt lat="50.4589457" lon="-5.0405552">
        <ele>34.8</ele>
        <time>2026-09-16T13:32:25.000Z</time>
        <speed>1.176</speed>
      </trkpt>
      <trkpt lat="50.4589431" lon="-5.0404586">
        <ele>35.2</ele>
        <time>2026-09-16T13:32:30.000Z</time>
        <speed>1.306</speed>
      </trkpt>
      <trkpt lat="50.4589603" lon="-5.0403882">
        <ele>35.8</ele>
        <time>2026-09-16T13:32:35.000Z</time>
        <speed>1.250</speed>
      </trkpt>
      <trkpt lat="50.4589668" lon="-5.0403078">
        <ele>37.0</ele>
        <time>2026-09-16T13:32:40.000Z</time>
        <speed>1.232</speed>
      </trkpt>
      <trkpt lat="50.4589701" lon="-5.0402321">
        <ele>37.8</ele>
        <time>2026-09-16T13:32:45.000Z</time>
        <speed>1.204</speed>
      </trkpt>
      <trkpt lat="50.4590065" lon="-5.0402058">
        <ele>38.4</ele>
        <time>2026-09-16T13:32:50.000Z</time>
        <speed>1.110</speed>
      </trkpt>
      <trkpt lat="50.4590278" lon="-5.0401522">
        <ele>39.2</ele>
        <time>2026-09-16T13:32:55.000Z</time>
        <speed>1.054</speed>
      </trkpt>
      <trkpt lat="50.4590391" lon="-5.0400949">
        <ele>40.4</ele>
        <time>2026-09-16T13:33:00.000Z</time>
        <speed>1.026</speed>
      </trkpt>
      <trkpt lat="50.4590449" lon="-5.0400483">
        <ele>41.2</ele>
        <time>2026-09-16T13:33:05.000Z</time>
        <speed>0.980</speed>
      </trkpt>
      <trkpt lat="50.4590184" lon="-5.0399708">
        <ele>42.0</ele>
        <time>2026-09-16T13:33:10.000Z</time>
        <speed>0.998</speed>
      </trkpt>
      <trkpt lat="50.4590177" lon="-5.0399302">
        <ele>42.4</ele>
        <time>2026-09-16T13:33:15.000Z</time>
        <speed>0.924</speed>
      </trkpt>
      <trkpt lat="50.4590163" lon="-5.0399288">
        <ele>42.6</ele>
        <time>2026-09-16T13:33:20.000Z</time>
        <speed>0.000</speed>
      </trkpt>
      <trkpt lat="50.4590163" lon="-5.0399288">
        <ele>42.8</ele>
        <time>2026-09-16T13:33:25.000Z</time>
        <speed>0.000</speed>
      </trkpt>
      <trkpt lat="50.4590163" lon="-5.0399288">
        <ele>42.6</ele>
        <time>2026-09-16T13:33:30.000Z</time>
        <speed>0.000</speed>
      </trkpt>
      <trkpt lat="50.4590038" lon="-5.0398635">
        <ele>42.8</ele>
        <time>2026-09-16T13:33:35.000Z</time>
        <speed>0.000</speed>
      </trkpt>
      <trkpt lat="50.4589874" lon="-5.0397726">
        <ele>43.2</ele>
        <time>2026-09-16T13:33:40.000Z</time>
        <speed>1.260</speed>
      </trkpt>
      <trkpt lat="50.4589726" lon="-5.0396822">
        <ele>43.4</ele>
        <time>2026-09-16T13:33:45.000Z</time>
        <speed>1.316</speed>
      </trkpt>
      <trkpt lat="50.4589661" lon="-5.0396045">
        <ele>43.4</ele>
        <time>2026-09-16T13:33:50.000Z</time>
        <speed>1.269</speed>
      </trkpt>
      <trkpt lat="50.4589666" lon="-5.0395180">
        <ele>44.4</ele>
        <time>2026-09-16T13:33:55.000Z</time>
        <speed>1.213</speed>
      </trkpt>
      <trkpt lat="50.4589446" lon="-5.0394292">
        <ele>45.4</ele>
        <time>2026-09-16T13:34:00.000Z</time>
        <speed>1.213</speed>
      </trkpt>
      <trkpt lat="50.4589320" lon="-5.0393459">
        <ele>45.8</ele>
        <time>2026-09-16T13:34:05.000Z</time>
        <speed>1.101</speed>
      </trkpt>
      <trkpt lat="50.4589163" lon="-5.0392524">
        <ele>46.6</ele>
        <time>2026-09-16T13:34:10.000Z</time>
        <speed>1.213</speed>
      </trkpt>
      <trkpt lat="50.4589066" lon="-5.0391748">
        <ele>47.0</ele>
        <time>2026-09-16T13:34:15.000Z</time>
        <speed>1.213</speed>
      </trkpt>
      <trkpt lat="50.4588850" lon="-5.0390994">
        <ele>47.8</ele>
        <time>2026-09-16T13:34:20.000Z</time>
        <speed>1.185</speed>
      </trkpt>
      <trkpt lat="50.4588769" lon="-5.0390288">
        <ele>49.0</ele>
        <time>2026-09-16T13:34:25.000Z</time>
        <speed>1.138</speed>
      </trkpt>
      <trkpt lat="50.4588700" lon="-5.0389541">
        <ele>49.8</ele>
        <time>2026-09-16T13:34:30.000Z</time>
        <speed>1.110</speed>
      </trkpt>
      <trkpt lat="50.4588666" lon="-5.0388735">
        <ele>50.2</ele>
        <time>2026-09-16T13:34:35.000Z</time>
        <speed>1.092</speed>
      </trkpt>
      <trkpt lat="50.4588694" lon="-5.0388095">
        <ele>50.8</ele>
        <time>2026-09-16T13:34:40.000Z</time>
        <speed>1.073</speed>
      </trkpt>
      <trkpt lat="50.4588721" lon="-5.0387531">
        <ele>52.0</ele>
        <time>2026-09-16T13:34:45.000Z</time>
        <speed>1.036</speed>
      </trkpt>
      <trkpt lat="50.4588609" lon="-5.0386859">
        <ele>53.0</ele>
        <time>2026-09-16T13:34:50.000Z</time>
        <speed>1.008</speed>
      </trkpt>
      <trkpt lat="50.4588532" lon="-5.0386201">
        <ele>53.8</ele>
        <time>2026-09-16T13:34:55.000Z</time>
        <speed>0.998</speed>
      </trkpt>
      <trkpt lat="50.4588533" lon="-5.0385521">
        <ele>54.4</ele>
        <time>2026-09-16T13:35:00.000Z</time>
        <speed>0.980</speed>
      </trkpt>
      <trkpt lat="50.4588609" lon="-5.0384880">
        <ele>55.4</ele>
        <time>2026-09-16T13:35:05.000Z</time>
        <speed>0.961</speed>
      </trkpt>
      <trkpt lat="50.4588651" lon="-5.0384288">
        <ele>56.4</ele>
        <time>2026-09-16T13:35:10.000Z</time>
        <speed>0.942</speed>
      </trkpt>
      <trkpt lat="50.4588783" lon="-5.0383804">
        <ele>59.0</ele>
        <time>2026-09-16T13:35:15.000Z</time>
        <speed>0.886</speed>
      </trkpt>
      <trkpt lat="50.4588882" lon="-5.0383250">
        <ele>59.2</ele>
        <time>2026-09-16T13:35:20.000Z</time>
        <speed>0.858</speed>
      </trkpt>
      <trkpt lat="50.4588881" lon="-5.0382655">
        <ele>59.8</ele>
        <time>2026-09-16T13:35:25.000Z</time>
        <speed>0.858</speed>
      </trkpt>
      <trkpt lat="50.4589033" lon="-5.0382094">
        <ele>60.2</ele>
        <time>2026-09-16T13:35:30.000Z</time>
        <speed>0.858</speed>
      </trkpt>
      <trkpt lat="50.4589263" lon="-5.0381686">
        <ele>60.2</ele>
        <time>2026-09-16T13:35:35.000Z</time>
        <speed>0.830</speed>
      </trkpt>
      <trkpt lat="50.4589468" lon="-5.0381322">
        <ele>61.4</ele>
        <time>2026-09-16T13:35:40.000Z</time>
        <speed>0.793</speed>
      </trkpt>
      <trkpt lat="50.4589708" lon="-5.0381236">
        <ele>62.4</ele>
        <time>2026-09-16T13:35:45.000Z</time>
        <speed>0.737</speed>
      </trkpt>
      <trkpt lat="50.4589950" lon="-5.0381075">
        <ele>63.2</ele>
        <time>2026-09-16T13:35:50.000Z</time>
        <speed>0.653</speed>
      </trkpt>
      <trkpt lat="50.4590223" lon="-5.0380695">
        <ele>64.4</ele>
        <time>2026-09-16T13:35:55.000Z</time>
        <speed>0.718</speed>
      </trkpt>
      <trkpt lat="50.4590385" lon="-5.0380099">
        <ele>65.6</ele>
        <time>2026-09-16T13:36:00.000Z</time>
        <speed>0.849</speed>
      </trkpt>
      <trkpt lat="50.4590548" lon="-5.0379675">
        <ele>66.0</ele>
        <time>2026-09-16T13:36:05.000Z</time>
        <speed>0.737</speed>
      </trkpt>
      <trkpt lat="50.4590695" lon="-5.0379224">
        <ele>66.8</ele>
        <time>2026-09-16T13:36:10.000Z</time>
        <speed>0.709</speed>
      </trkpt>
      <trkpt lat="50.4590842" lon="-5.0378718">
        <ele>67.6</ele>
        <time>2026-09-16T13:36:15.000Z</time>
        <speed>0.746</speed>
      </trkpt>
      <trkpt lat="50.4590966" lon="-5.0378125">
        <ele>68.4</ele>
        <time>2026-09-16T13:36:20.000Z</time>
        <speed>0.746</speed>
      </trkpt>
      <trkpt lat="50.4591170" lon="-5.0377602">
        <ele>69.4</ele>
        <time>2026-09-16T13:36:25.000Z</time>
        <speed>0.737</speed>
      </trkpt>
      <trkpt lat="50.4591358" lon="-5.0377315">
        <ele>69.8</ele>
        <time>2026-09-16T13:36:30.000Z</time>
        <speed>0.718</speed>
      </trkpt>
      <trkpt lat="50.4591597" lon="-5.0376754">
        <ele>71.0</ele>
        <time>2026-09-16T13:36:35.000Z</time>
        <speed>0.765</speed>
      </trkpt>
      <trkpt lat="50.4591888" lon="-5.0376305">
        <ele>71.8</ele>
        <time>2026-09-16T13:36:40.000Z</time>
        <speed>0.840</speed>
      </trkpt>
      <trkpt lat="50.4592086" lon="-5.0375849">
        <ele>72.2</ele>
        <time>2026-09-16T13:36:45.000Z</time>
        <speed>0.812</speed>
      </trkpt>
      <trkpt lat="50.4592374" lon="-5.0375516">
        <ele>73.0</ele>
        <time>2026-09-16T13:36:50.000Z</time>
        <speed>0.774</speed>
      </trkpt>
      <trkpt lat="50.4592687" lon="-5.0375281">
        <ele>74.0</ele>
        <time>2026-09-16T13:36:55.000Z</time>
        <speed>0.784</speed>
      </trkpt>
      <trkpt lat="50.4593042" lon="-5.0375243">
        <ele>74.6</ele>
        <time>2026-09-16T13:37:00.000Z</time>
        <speed>0.784</speed>
      </trkpt>
      <trkpt lat="50.4593464" lon="-5.0375081">
        <ele>74.8</ele>
        <time>2026-09-16T13:37:05.000Z</time>
        <speed>0.849</speed>
      </trkpt>
      <trkpt lat="50.4593738" lon="-5.0374697">
        <ele>76.2</ele>
        <time>2026-09-16T13:37:10.000Z</time>
        <speed>0.849</speed>
      </trkpt>
      <trkpt lat="50.4594052" lon="-5.0374287">
        <ele>78.0</ele>
        <time>2026-09-16T13:37:15.000Z</time>
        <speed>0.886</speed>
      </trkpt>
      <trkpt lat="50.4594441" lon="-5.0373720">
        <ele>78.6</ele>
        <time>2026-09-16T13:37:20.000Z</time>
        <speed>0.952</speed>
      </trkpt>
      <trkpt lat="50.4594800" lon="-5.0373101">
        <ele>78.6</ele>
        <time>2026-09-16T13:37:25.000Z</time>
        <speed>0.989</speed>
      </trkpt>
      <trkpt lat="50.4595073" lon="-5.0372490">
        <ele>79.0</ele>
        <time>2026-09-16T13:37:30.000Z</time>
        <speed>1.036</speed>
      </trkpt>
      <trkpt lat="50.4595357" lon="-5.0371745">
        <ele>79.8</ele>
        <time>2026-09-16T13:37:35.000Z</time>
        <speed>1.054</speed>
      </trkpt>
      <trkpt lat="50.4595633" lon="-5.0371147">
        <ele>80.8</ele>
        <time>2026-09-16T13:37:40.000Z</time>
        <speed>1.054</speed>
      </trkpt>
      <trkpt lat="50.4595965" lon="-5.0370470">
        <ele>81.4</ele>
        <time>2026-09-16T13:37:45.000Z</time>
        <speed>1.073</speed>
      </trkpt>
      <trkpt lat="50.4596405" lon="-5.0370101">
        <ele>80.8</ele>
        <time>2026-09-16T13:37:50.000Z</time>
        <speed>1.064</speed>
      </trkpt>
      <trkpt lat="50.4596851" lon="-5.0369823">
        <ele>82.0</ele>
        <time>2026-09-16T13:37:55.000Z</time>
        <speed>1.054</speed>
      </trkpt>
      <trkpt lat="50.4597305" lon="-5.0369676">
        <ele>82.2</ele>
        <time>2026-09-16T13:38:00.000Z</time>
        <speed>1.045</speed>
      </trkpt>
      <trkpt lat="50.4597912" lon="-5.0369638">
        <ele>82.0</ele>
        <time>2026-09-16T13:38:05.000Z</time>
        <speed>1.073</speed>
      </trkpt>
      <trkpt lat="50.4598371" lon="-5.0369754">
        <ele>82.0</ele>
        <time>2026-09-16T13:38:10.000Z</time>
        <speed>1.092</speed>
      </trkpt>
      <trkpt lat="50.4598819" lon="-5.0369785">
        <ele>82.4</ele>
        <time>2026-09-16T13:38:15.000Z</time>
        <speed>1.064</speed>
      </trkpt>
      <trkpt lat="50.4599394" lon="-5.0369877">
        <ele>83.0</ele>
        <time>2026-09-16T13:38:20.000Z</time>
        <speed>1.082</speed>
      </trkpt>
      <trkpt lat="50.4599871" lon="-5.0370041">
        <ele>83.2</ele>
        <time>2026-09-16T13:38:25.000Z</time>
        <speed>1.073</speed>
      </trkpt>
      <trkpt lat="50.4600332" lon="-5.0370103">
        <ele>84.4</ele>
        <time>2026-09-16T13:38:30.000Z</time>
        <speed>1.092</speed>
      </trkpt>
      <trkpt lat="50.4600887" lon="-5.0370325">
        <ele>85.4</ele>
        <time>2026-09-16T13:38:35.000Z</time>
        <speed>1.110</speed>
      </trkpt>
      <trkpt lat="50.4601420" lon="-5.0370492">
        <ele>85.4</ele>
        <time>2026-09-16T13:38:40.000Z</time>
        <speed>1.120</speed>
      </trkpt>
      <trkpt lat="50.4601959" lon="-5.0370726">
        <ele>85.8</ele>
        <time>2026-09-16T13:38:45.000Z</time>
        <speed>1.138</speed>
      </trkpt>
      <trkpt lat="50.4602503" lon="-5.0370983">
        <ele>86.0</ele>
        <time>2026-09-16T13:38:50.000Z</time>
        <speed>1.157</speed>
      </trkpt>
      <trkpt lat="50.4602961" lon="-5.0371346">
        <ele>86.8</ele>
        <time>2026-09-16T13:38:55.000Z</time>
        <speed>1.157</speed>
      </trkpt>
      <trkpt lat="50.4603384" lon="-5.0371756">
        <ele>87.6</ele>
        <time>2026-09-16T13:39:00.000Z</time>
        <speed>1.148</speed>
      </trkpt>
      <trkpt lat="50.4603912" lon="-5.0372040">
        <ele>87.6</ele>
        <time>2026-09-16T13:39:05.000Z</time>
        <speed>1.166</speed>
      </trkpt>
      <trkpt lat="50.4604359" lon="-5.0372490">
        <ele>87.4</ele>
        <time>2026-09-16T13:39:10.000Z</time>
        <speed>1.185</speed>
      </trkpt>
      <trkpt lat="50.4604811" lon="-5.0372939">
        <ele>88.0</ele>
        <time>2026-09-16T13:39:15.000Z</time>
        <speed>1.241</speed>
      </trkpt>
      <trkpt lat="50.4605222" lon="-5.0373522">
        <ele>87.8</ele>
        <time>2026-09-16T13:39:20.000Z</time>
        <speed>1.185</speed>
      </trkpt>
      <trkpt lat="50.4605572" lon="-5.0374220">
        <ele>89.0</ele>
        <time>2026-09-16T13:39:25.000Z</time>
        <speed>1.194</speed>
      </trkpt>
      <trkpt lat="50.4606011" lon="-5.0374668">
        <ele>89.0</ele>
        <time>2026-09-16T13:39:30.000Z</time>
        <speed>1.213</speed>
      </trkpt>
      <trkpt lat="50.4606555" lon="-5.0375036">
        <ele>89.6</ele>
        <time>2026-09-16T13:39:35.000Z</time>
        <speed>1.222</speed>
      </trkpt>
      <trkpt lat="50.4607115" lon="-5.0375376">
        <ele>89.4</ele>
        <time>2026-09-16T13:39:40.000Z</time>
        <speed>1.241</speed>
      </trkpt>
      <trkpt lat="50.4607652" lon="-5.0375602">
        <ele>89.6</ele>
        <time>2026-09-16T13:39:45.000Z</time>
        <speed>1.241</speed>
      </trkpt>
      <trkpt lat="50.4608216" lon="-5.0375774">
        <ele>88.8</ele>
        <time>2026-09-16T13:39:50.000Z</time>
        <speed>1.269</speed>
      </trkpt>
      <trkpt lat="50.4608775" lon="-5.0376036">
        <ele>88.0</ele>
        <time>2026-09-16T13:39:55.000Z</time>
        <speed>1.269</speed>
      </trkpt>
      <trkpt lat="50.4609304" lon="-5.0376298">
        <ele>88.2</ele>
        <time>2026-09-16T13:40:00.000Z</time>
        <speed>1.260</speed>
      </trkpt>
      <trkpt lat="50.4609855" lon="-5.0376417">
        <ele>88.8</ele>
        <time>2026-09-16T13:40:05.000Z</time>
        <speed>1.288</speed>
      </trkpt>
      <trkpt lat="50.4610475" lon="-5.0376741">
        <ele>89.8</ele>
        <time>2026-09-16T13:40:10.000Z</time>
        <speed>1.316</speed>
      </trkpt>
      <trkpt lat="50.4610955" lon="-5.0377054">
        <ele>89.8</ele>
        <time>2026-09-16T13:40:15.000Z</time>
        <speed>1.316</speed>
      </trkpt>
      <trkpt lat="50.4611545" lon="-5.0377452">
        <ele>88.4</ele>
        <time>2026-09-16T13:40:20.000Z</time>
        <speed>1.316</speed>
      </trkpt>
      <trkpt lat="50.4612117" lon="-5.0377909">
        <ele>89.2</ele>
        <time>2026-09-16T13:40:25.000Z</time>
        <speed>1.325</speed>
      </trkpt>
      <trkpt lat="50.4612655" lon="-5.0378282">
        <ele>89.0</ele>
        <time>2026-09-16T13:40:30.000Z</time>
        <speed>1.344</speed>
      </trkpt>
      <trkpt lat="50.4613131" lon="-5.0378662">
        <ele>88.6</ele>
        <time>2026-09-16T13:40:35.000Z</time>
        <speed>1.325</speed>
      </trkpt>
      <trkpt lat="50.4613713" lon="-5.0379045">
        <ele>86.2</ele>
        <time>2026-09-16T13:40:40.000Z</time>
        <speed>1.325</speed>
      </trkpt>
      <trkpt lat="50.4614229" lon="-5.0379484">
        <ele>86.2</ele>
        <time>2026-09-16T13:40:45.000Z</time>
        <speed>1.325</speed>
      </trkpt>
      <trkpt lat="50.4614607" lon="-5.0380142">
        <ele>85.2</ele>
        <time>2026-09-16T13:40:50.000Z</time>
        <speed>1.325</speed>
      </trkpt>
      <trkpt lat="50.4614798" lon="-5.0380879">
        <ele>84.8</ele>
        <time>2026-09-16T13:40:55.000Z</time>
        <speed>1.297</speed>
      </trkpt>
      <trkpt lat="50.4615235" lon="-5.0381664">
        <ele>84.0</ele>
        <time>2026-09-16T13:41:00.000Z</time>
        <speed>1.306</speed>
      </trkpt>
      <trkpt lat="50.4615462" lon="-5.0382380">
        <ele>83.4</ele>
        <time>2026-09-16T13:41:05.000Z</time>
        <speed>1.288</speed>
      </trkpt>
      <trkpt lat="50.4615550" lon="-5.0383280">
        <ele>83.2</ele>
        <time>2026-09-16T13:41:10.000Z</time>
        <speed>1.288</speed>
      </trkpt>
      <trkpt lat="50.4615573" lon="-5.0384140">
        <ele>82.8</ele>
        <time>2026-09-16T13:41:15.000Z</time>
        <speed>1.297</speed>
      </trkpt>
      <trkpt lat="50.4615357" lon="-5.0384851">
        <ele>81.6</ele>
        <time>2026-09-16T13:41:20.000Z</time>
        <speed>1.232</speed>
      </trkpt>
      <trkpt lat="50.4614988" lon="-5.0385699">
        <ele>80.8</ele>
        <time>2026-09-16T13:41:25.000Z</time>
        <speed>1.297</speed>
      </trkpt>
      <trkpt lat="50.4614712" lon="-5.0386450">
        <ele>80.6</ele>
        <time>2026-09-16T13:41:30.000Z</time>
        <speed>1.269</speed>
      </trkpt>
      <trkpt lat="50.4614456" lon="-5.0387210">
        <ele>79.8</ele>
        <time>2026-09-16T13:41:35.000Z</time>
        <speed>1.250</speed>
      </trkpt>
      <trkpt lat="50.4614215" lon="-5.0388098">
        <ele>79.2</ele>
        <time>2026-09-16T13:41:40.000Z</time>
        <speed>1.250</speed>
      </trkpt>
      <trkpt lat="50.4613993" lon="-5.0388818">
        <ele>78.4</ele>
        <time>2026-09-16T13:41:45.000Z</time>
        <speed>1.232</speed>
      </trkpt>
      <trkpt lat="50.4613818" lon="-5.0389553">
        <ele>77.4</ele>
        <time>2026-09-16T13:41:50.000Z</time>
        <speed>1.213</speed>
      </trkpt>
      <trkpt lat="50.4613505" lon="-5.0390366">
        <ele>76.6</ele>
        <time>2026-09-16T13:41:55.000Z</time>
        <speed>1.194</speed>
      </trkpt>
      <trkpt lat="50.4613346" lon="-5.0391170">
        <ele>75.8</ele>
        <time>2026-09-16T13:42:00.000Z</time>
        <speed>1.213</speed>
      </trkpt>
      <trkpt lat="50.4613330" lon="-5.0391917">
        <ele>75.2</ele>
        <time>2026-09-16T13:42:05.000Z</time>
        <speed>1.194</speed>
      </trkpt>
      <trkpt lat="50.4613338" lon="-5.0392865">
        <ele>74.2</ele>
        <time>2026-09-16T13:42:10.000Z</time>
        <speed>1.204</speed>
      </trkpt>
      <trkpt lat="50.4613425" lon="-5.0393678">
        <ele>73.4</ele>
        <time>2026-09-16T13:42:15.000Z</time>
        <speed>1.194</speed>
      </trkpt>
      <trkpt lat="50.4613391" lon="-5.0394511">
        <ele>72.4</ele>
        <time>2026-09-16T13:42:20.000Z</time>
        <speed>1.185</speed>
      </trkpt>
      <trkpt lat="50.4613360" lon="-5.0395266">
        <ele>71.4</ele>
        <time>2026-09-16T13:42:25.000Z</time>
        <speed>1.176</speed>
      </trkpt>
      <trkpt lat="50.4613562" lon="-5.0395847">
        <ele>70.2</ele>
        <time>2026-09-16T13:42:30.000Z</time>
        <speed>1.148</speed>
      </trkpt>
      <trkpt lat="50.4613729" lon="-5.0396531">
        <ele>69.4</ele>
        <time>2026-09-16T13:42:35.000Z</time>
        <speed>1.129</speed>
      </trkpt>
      <trkpt lat="50.4614228" lon="-5.0397211">
        <ele>68.8</ele>
        <time>2026-09-16T13:42:40.000Z</time>
        <speed>1.166</speed>
      </trkpt>
      <trkpt lat="50.4614692" lon="-5.0397866">
        <ele>67.8</ele>
        <time>2026-09-16T13:42:45.000Z</time>
        <speed>1.241</speed>
      </trkpt>
      <trkpt lat="50.4615189" lon="-5.0398349">
        <ele>67.4</ele>
        <time>2026-09-16T13:42:50.000Z</time>
        <speed>1.232</speed>
      </trkpt>
      <trkpt lat="50.4615589" lon="-5.0399083">
        <ele>66.8</ele>
        <time>2026-09-16T13:42:55.000Z</time>
        <speed>1.269</speed>
      </trkpt>
      <trkpt lat="50.4616004" lon="-5.0399809">
        <ele>66.2</ele>
        <time>2026-09-16T13:43:00.000Z</time>
        <speed>1.250</speed>
      </trkpt>
      <trkpt lat="50.4616454" lon="-5.0400489">
        <ele>65.6</ele>
        <time>2026-09-16T13:43:05.000Z</time>
        <speed>1.288</speed>
      </trkpt>
      <trkpt lat="50.4616833" lon="-5.0401207">
        <ele>65.2</ele>
        <time>2026-09-16T13:43:10.000Z</time>
        <speed>1.288</speed>
      </trkpt>
      <trkpt lat="50.4617235" lon="-5.0401865">
        <ele>64.8</ele>
        <time>2026-09-16T13:43:15.000Z</time>
        <speed>1.288</speed>
      </trkpt>
      <trkpt lat="50.4617674" lon="-5.0402614">
        <ele>64.2</ele>
        <time>2026-09-16T13:43:20.000Z</time>
        <speed>1.362</speed>
      </trkpt>
      <trkpt lat="50.4618147" lon="-5.0403053">
        <ele>64.2</ele>
        <time>2026-09-16T13:43:25.000Z</time>
        <speed>1.316</speed>
      </trkpt>
      <trkpt lat="50.4618758" lon="-5.0403451">
        <ele>64.0</ele>
        <time>2026-09-16T13:43:30.000Z</time>
        <speed>1.325</speed>
      </trkpt>
      <trkpt lat="50.4619245" lon="-5.0403892">
        <ele>64.0</ele>
        <time>2026-09-16T13:43:35.000Z</time>
        <speed>1.325</speed>
      </trkpt>
      <trkpt lat="50.4619903" lon="-5.0404351">
        <ele>63.8</ele>
        <time>2026-09-16T13:43:40.000Z</time>
        <speed>1.372</speed>
      </trkpt>
      <trkpt lat="50.4620400" lon="-5.0404682">
        <ele>64.0</ele>
        <time>2026-09-16T13:43:45.000Z</time>
        <speed>1.381</speed>
      </trkpt>
      <trkpt lat="50.4620894" lon="-5.0404788">
        <ele>64.2</ele>
        <time>2026-09-16T13:43:50.000Z</time>
        <speed>1.344</speed>
      </trkpt>
      <trkpt lat="50.4621227" lon="-5.0404784">
        <ele>65.0</ele>
        <time>2026-09-16T13:43:55.000Z</time>
        <speed>1.129</speed>
      </trkpt>
      <trkpt lat="50.4621225" lon="-5.0404783">
        <ele>65.0</ele>
        <time>2026-09-16T13:44:00.000Z</time>
        <speed>0.000</speed>
      </trkpt>
      <trkpt lat="50.4621341" lon="-5.0404856">
        <ele>65.0</ele>
        <time>2026-09-16T13:44:05.000Z</time>
        <speed>0.000</speed>
      </trkpt>
      <trkpt lat="50.4621785" lon="-5.0405151">
        <ele>65.4</ele>
        <time>2026-09-16T13:44:10.000Z</time>
        <speed>1.101</speed>
      </trkpt>
      <trkpt lat="50.4622265" lon="-5.0405169">
        <ele>65.6</ele>
        <time>2026-09-16T13:44:15.000Z</time>
        <speed>1.101</speed>
      </trkpt>
      <trkpt lat="50.4622741" lon="-5.0405358">
        <ele>66.2</ele>
        <time>2026-09-16T13:44:20.000Z</time>
        <speed>1.092</speed>
      </trkpt>
      <trkpt lat="50.4623197" lon="-5.0405618">
        <ele>67.0</ele>
        <time>2026-09-16T13:44:25.000Z</time>
        <speed>1.082</speed>
      </trkpt>
      <trkpt lat="50.4623757" lon="-5.0405918">
        <ele>67.4</ele>
        <time>2026-09-16T13:44:30.000Z</time>
        <speed>1.101</speed>
      </trkpt>
      <trkpt lat="50.4624346" lon="-5.0406394">
        <ele>67.2</ele>
        <time>2026-09-16T13:44:35.000Z</time>
        <speed>1.194</speed>
      </trkpt>
      <trkpt lat="50.4624905" lon="-5.0406740">
        <ele>66.8</ele>
        <time>2026-09-16T13:44:40.000Z</time>
        <speed>1.241</speed>
      </trkpt>
      <trkpt lat="50.4625443" lon="-5.0407089">
        <ele>66.2</ele>
        <time>2026-09-16T13:44:45.000Z</time>
        <speed>1.278</speed>
      </trkpt>
      <trkpt lat="50.4625886" lon="-5.0407312">
        <ele>66.2</ele>
        <time>2026-09-16T13:44:50.000Z</time>
        <speed>1.232</speed>
      </trkpt>
      <trkpt lat="50.4626637" lon="-5.0407776">
        <ele>66.0</ele>
        <time>2026-09-16T13:44:55.000Z</time>
        <speed>1.297</speed>
      </trkpt>
      <trkpt lat="50.4627155" lon="-5.0408142">
        <ele>66.0</ele>
        <time>2026-09-16T13:45:00.000Z</time>
        <speed>1.325</speed>
      </trkpt>
      <trkpt lat="50.4627650" lon="-5.0408444">
        <ele>66.0</ele>
        <time>2026-09-16T13:45:05.000Z</time>
        <speed>1.297</speed>
      </trkpt>
      <trkpt lat="50.4628176" lon="-5.0408674">
        <ele>66.4</ele>
        <time>2026-09-16T13:45:10.000Z</time>
        <speed>1.288</speed>
      </trkpt>
      <trkpt lat="50.4628746" lon="-5.0409064">
        <ele>66.4</ele>
        <time>2026-09-16T13:45:15.000Z</time>
        <speed>1.297</speed>
      </trkpt>
      <trkpt lat="50.4629350" lon="-5.0409481">
        <ele>66.6</ele>
        <time>2026-09-16T13:45:20.000Z</time>
        <speed>1.344</speed>
      </trkpt>
      <trkpt lat="50.4629911" lon="-5.0409729">
        <ele>66.6</ele>
        <time>2026-09-16T13:45:25.000Z</time>
        <speed>1.353</speed>
      </trkpt>
      <trkpt lat="50.4630692" lon="-5.0410049">
        <ele>64.8</ele>
        <time>2026-09-16T13:45:30.000Z</time>
        <speed>1.428</speed>
      </trkpt>
      <trkpt lat="50.4631309" lon="-5.0410694">
        <ele>65.6</ele>
        <time>2026-09-16T13:45:35.000Z</time>
        <speed>1.493</speed>
      </trkpt>
      <trkpt lat="50.4631607" lon="-5.0411283">
        <ele>65.6</ele>
        <time>2026-09-16T13:45:40.000Z</time>
        <speed>1.446</speed>
      </trkpt>
      <trkpt lat="50.4631817" lon="-5.0412025">
        <ele>62.8</ele>
        <time>2026-09-16T13:45:45.000Z</time>
        <speed>1.390</speed>
      </trkpt>
      <trkpt lat="50.4632057" lon="-5.0412762">
        <ele>61.8</ele>
        <time>2026-09-16T13:45:50.000Z</time>
        <speed>1.353</speed>
      </trkpt>
      <trkpt lat="50.4632484" lon="-5.0412848">
        <ele>61.8</ele>
        <time>2026-09-16T13:45:55.000Z</time>
        <speed>1.269</speed>
      </trkpt>
      <trkpt lat="50.4633157" lon="-5.0412769">
        <ele>61.8</ele>
        <time>2026-09-16T13:46:00.000Z</time>
        <speed>1.353</speed>
      </trkpt>
      <trkpt lat="50.4633817" lon="-5.0412963">
        <ele>62.4</ele>
        <time>2026-09-16T13:46:05.000Z</time>
        <speed>1.334</speed>
      </trkpt>
      <trkpt lat="50.4634506" lon="-5.0413055">
        <ele>62.6</ele>
        <time>2026-09-16T13:46:10.000Z</time>
        <speed>1.334</speed>
      </trkpt>
      <trkpt lat="50.4635189" lon="-5.0413142">
        <ele>62.8</ele>
        <time>2026-09-16T13:46:15.000Z</time>
        <speed>1.409</speed>
      </trkpt>
      <trkpt lat="50.4635827" lon="-5.0413382">
        <ele>62.8</ele>
        <time>2026-09-16T13:46:20.000Z</time>
        <speed>1.400</speed>
      </trkpt>
      <trkpt lat="50.4636427" lon="-5.0413444">
        <ele>63.2</ele>
        <time>2026-09-16T13:46:25.000Z</time>
        <speed>1.400</speed>
      </trkpt>
      <trkpt lat="50.4637024" lon="-5.0413654">
        <ele>63.6</ele>
        <time>2026-09-16T13:46:30.000Z</time>
        <speed>1.400</speed>
      </trkpt>
      <trkpt lat="50.4637549" lon="-5.0413883">
        <ele>63.6</ele>
        <time>2026-09-16T13:46:35.000Z</time>
        <speed>1.362</speed>
      </trkpt>
      <trkpt lat="50.4638128" lon="-5.0414087">
        <ele>63.6</ele>
        <time>2026-09-16T13:46:40.000Z</time>
        <speed>1.381</speed>
      </trkpt>
      <trkpt lat="50.4638701" lon="-5.0414527">
        <ele>63.6</ele>
        <time>2026-09-16T13:46:45.000Z</time>
        <speed>1.362</speed>
      </trkpt>
      <trkpt lat="50.4639251" lon="-5.0414744">
        <ele>63.2</ele>
        <time>2026-09-16T13:46:50.000Z</time>
        <speed>1.400</speed>
      </trkpt>
      <trkpt lat="50.4639809" lon="-5.0414636">
        <ele>63.0</ele>
        <time>2026-09-16T13:46:55.000Z</time>
        <speed>1.353</speed>
      </trkpt>
      <trkpt lat="50.4640327" lon="-5.0414436">
        <ele>62.8</ele>
        <time>2026-09-16T13:47:00.000Z</time>
        <speed>1.334</speed>
      </trkpt>
      <trkpt lat="50.4640794" lon="-5.0414584">
        <ele>61.4</ele>
        <time>2026-09-16T13:47:05.000Z</time>
        <speed>1.250</speed>
      </trkpt>
      <trkpt lat="50.4641079" lon="-5.0414584">
        <ele>63.0</ele>
        <time>2026-09-16T13:47:10.000Z</time>
        <speed>0.000</speed>
      </trkpt>
      <trkpt lat="50.4641585" lon="-5.0414815">
        <ele>62.0</ele>
        <time>2026-09-16T13:47:15.000Z</time>
        <speed>1.325</speed>
      </trkpt>
      <trkpt lat="50.4641870" lon="-5.0414921">
        <ele>61.2</ele>
        <time>2026-09-16T13:47:20.000Z</time>
        <speed>0.970</speed>
      </trkpt>
      <trkpt lat="50.4642273" lon="-5.0414768">
        <ele>60.8</ele>
        <time>2026-09-16T13:47:25.000Z</time>
        <speed>1.092</speed>
      </trkpt>
      <trkpt lat="50.4642490" lon="-5.0414279">
        <ele>61.4</ele>
        <time>2026-09-16T13:47:30.000Z</time>
        <speed>0.998</speed>
      </trkpt>
      <trkpt lat="50.4642794" lon="-5.0413745">
        <ele>61.4</ele>
        <time>2026-09-16T13:47:35.000Z</time>
        <speed>0.980</speed>
      </trkpt>
      <trkpt lat="50.4642788" lon="-5.0413771">
        <ele>61.4</ele>
        <time>2026-09-16T13:47:40.000Z</time>
        <speed>0.000</speed>
      </trkpt>
      <trkpt lat="50.4642788" lon="-5.0413771">
        <ele>61.0</ele>
        <time>2026-09-16T13:47:45.000Z</time>
        <speed>0.000</speed>
      </trkpt>
      <trkpt lat="50.4642788" lon="-5.0413771">
        <ele>61.8</ele>
        <time>2026-09-16T13:47:50.000Z</time>
        <speed>0.000</speed>
      </trkpt>
      <trkpt lat="50.4642788" lon="-5.0413771">
        <ele>61.2</ele>
        <time>2026-09-16T13:47:55.000Z</time>
        <speed>0.000</speed>
      </trkpt>
      <trkpt lat="50.4642788" lon="-5.0413771">
        <ele>62.8</ele>
        <time>2026-09-16T13:48:00.000Z</time>
        <speed>0.000</speed>
      </trkpt>
      <trkpt lat="50.4642806" lon="-5.0413704">
        <ele>62.0</ele>
        <time>2026-09-16T13:48:05.000Z</time>
        <speed>0.000</speed>
      </trkpt>
      <trkpt lat="50.4643105" lon="-5.0413071">
        <ele>61.2</ele>
        <time>2026-09-16T13:48:10.000Z</time>
        <speed>0.000</speed>
      </trkpt>
      <trkpt lat="50.4643409" lon="-5.0412393">
        <ele>61.0</ele>
        <time>2026-09-16T13:48:15.000Z</time>
        <speed>0.998</speed>
      </trkpt>
      <trkpt lat="50.4643752" lon="-5.0411800">
        <ele>59.8</ele>
        <time>2026-09-16T13:48:20.000Z</time>
        <speed>1.157</speed>
      </trkpt>
      <trkpt lat="50.4644089" lon="-5.0411232">
        <ele>59.4</ele>
        <time>2026-09-16T13:48:25.000Z</time>
        <speed>1.110</speed>
      </trkpt>
      <trkpt lat="50.4644529" lon="-5.0410685">
        <ele>58.6</ele>
        <time>2026-09-16T13:48:30.000Z</time>
        <speed>1.166</speed>
      </trkpt>
      <trkpt lat="50.4644855" lon="-5.0409938">
        <ele>56.6</ele>
        <time>2026-09-16T13:48:35.000Z</time>
        <speed>1.213</speed>
      </trkpt>
      <trkpt lat="50.4645145" lon="-5.0409139">
        <ele>54.6</ele>
        <time>2026-09-16T13:48:40.000Z</time>
        <speed>1.353</speed>
      </trkpt>
      <trkpt lat="50.4645477" lon="-5.0408501">
        <ele>54.0</ele>
        <time>2026-09-16T13:48:45.000Z</time>
        <speed>1.250</speed>
      </trkpt>
      <trkpt lat="50.4645832" lon="-5.0407720">
        <ele>54.2</ele>
        <time>2026-09-16T13:48:50.000Z</time>
        <speed>1.250</speed>
      </trkpt>
      <trkpt lat="50.4646227" lon="-5.0406641">
        <ele>53.6</ele>
        <time>2026-09-16T13:48:55.000Z</time>
        <speed>1.381</speed>
      </trkpt>
      <trkpt lat="50.4646506" lon="-5.0405829">
        <ele>53.2</ele>
        <time>2026-09-16T13:49:00.000Z</time>
        <speed>1.381</speed>
      </trkpt>
      <trkpt lat="50.4646826" lon="-5.0404965">
        <ele>53.4</ele>
        <time>2026-09-16T13:49:05.000Z</time>
        <speed>1.381</speed>
      </trkpt>
      <trkpt lat="50.4647054" lon="-5.0404064">
        <ele>53.6</ele>
        <time>2026-09-16T13:49:10.000Z</time>
        <speed>1.409</speed>
      </trkpt>
      <trkpt lat="50.4647238" lon="-5.0403252">
        <ele>54.2</ele>
        <time>2026-09-16T13:49:15.000Z</time>
        <speed>1.362</speed>
      </trkpt>
      <trkpt lat="50.4647378" lon="-5.0402535">
        <ele>54.4</ele>
        <time>2026-09-16T13:49:20.000Z</time>
        <speed>1.334</speed>
      </trkpt>
      <trkpt lat="50.4647542" lon="-5.0401634">
        <ele>55.4</ele>
        <time>2026-09-16T13:49:25.000Z</time>
        <speed>1.316</speed>
      </trkpt>
      <trkpt lat="50.4647572" lon="-5.0401020">
        <ele>56.4</ele>
        <time>2026-09-16T13:49:30.000Z</time>
        <speed>1.232</speed>
      </trkpt>
      <trkpt lat="50.4647600" lon="-5.0400155">
        <ele>57.4</ele>
        <time>2026-09-16T13:49:35.000Z</time>
        <speed>1.213</speed>
      </trkpt>
      <trkpt lat="50.4647648" lon="-5.0399480">
        <ele>58.4</ele>
        <time>2026-09-16T13:49:40.000Z</time>
        <speed>1.148</speed>
      </trkpt>
      <trkpt lat="50.4647668" lon="-5.0398758">
        <ele>59.6</ele>
        <time>2026-09-16T13:49:45.000Z</time>
        <speed>1.101</speed>
      </trkpt>
      <trkpt lat="50.4647662" lon="-5.0398030">
        <ele>60.8</ele>
        <time>2026-09-16T13:49:50.000Z</time>
        <speed>1.101</speed>
      </trkpt>
      <trkpt lat="50.4647721" lon="-5.0397316">
        <ele>61.4</ele>
        <time>2026-09-16T13:49:55.000Z</time>
        <speed>1.054</speed>
      </trkpt>
      <trkpt lat="50.4647741" lon="-5.0396578">
        <ele>62.0</ele>
        <time>2026-09-16T13:50:00.000Z</time>
        <speed>1.045</speed>
      </trkpt>
      <trkpt lat="50.4647824" lon="-5.0396106">
        <ele>62.4</ele>
        <time>2026-09-16T13:50:05.000Z</time>
        <speed>0.989</speed>
      </trkpt>
      <trkpt lat="50.4647922" lon="-5.0395285">
        <ele>63.8</ele>
        <time>2026-09-16T13:50:10.000Z</time>
        <speed>1.008</speed>
      </trkpt>
      <trkpt lat="50.4648078" lon="-5.0394666">
        <ele>64.8</ele>
        <time>2026-09-16T13:50:15.000Z</time>
        <speed>1.026</speed>
      </trkpt>
      <trkpt lat="50.4648204" lon="-5.0394065">
        <ele>65.4</ele>
        <time>2026-09-16T13:50:20.000Z</time>
        <speed>0.961</speed>
      </trkpt>
      <trkpt lat="50.4648352" lon="-5.0393401">
        <ele>66.0</ele>
        <time>2026-09-16T13:50:25.000Z</time>
        <speed>0.961</speed>
      </trkpt>
      <trkpt lat="50.4648434" lon="-5.0392631">
        <ele>67.0</ele>
        <time>2026-09-16T13:50:30.000Z</time>
        <speed>0.989</speed>
      </trkpt>
      <trkpt lat="50.4648444" lon="-5.0391872">
        <ele>68.2</ele>
        <time>2026-09-16T13:50:35.000Z</time>
        <speed>1.008</speed>
      </trkpt>
      <trkpt lat="50.4648536" lon="-5.0391121">
        <ele>68.0</ele>
        <time>2026-09-16T13:50:40.000Z</time>
        <speed>1.017</speed>
      </trkpt>
      <trkpt lat="50.4648670" lon="-5.0390388">
        <ele>68.8</ele>
        <time>2026-09-16T13:50:45.000Z</time>
        <speed>1.026</speed>
      </trkpt>
      <trkpt lat="50.4648815" lon="-5.0389691">
        <ele>70.6</ele>
        <time>2026-09-16T13:50:50.000Z</time>
        <speed>1.036</speed>
      </trkpt>
      <trkpt lat="50.4648925" lon="-5.0388884">
        <ele>73.2</ele>
        <time>2026-09-16T13:50:55.000Z</time>
        <speed>1.045</speed>
      </trkpt>
      <trkpt lat="50.4649032" lon="-5.0388046">
        <ele>73.8</ele>
        <time>2026-09-16T13:51:00.000Z</time>
        <speed>1.092</speed>
      </trkpt>
      <trkpt lat="50.4649221" lon="-5.0387217">
        <ele>74.6</ele>
        <time>2026-09-16T13:51:05.000Z</time>
        <speed>1.101</speed>
      </trkpt>
      <trkpt lat="50.4649497" lon="-5.0386426">
        <ele>75.2</ele>
        <time>2026-09-16T13:51:10.000Z</time>
        <speed>1.166</speed>
      </trkpt>
      <trkpt lat="50.4649784" lon="-5.0385741">
        <ele>76.4</ele>
        <time>2026-09-16T13:51:15.000Z</time>
        <speed>1.166</speed>
      </trkpt>
      <trkpt lat="50.4650239" lon="-5.0385000">
        <ele>75.4</ele>
        <time>2026-09-16T13:51:20.000Z</time>
        <speed>1.213</speed>
      </trkpt>
      <trkpt lat="50.4650570" lon="-5.0384182">
        <ele>74.4</ele>
        <time>2026-09-16T13:51:25.000Z</time>
        <speed>1.260</speed>
      </trkpt>
      <trkpt lat="50.4650904" lon="-5.0383453">
        <ele>73.6</ele>
        <time>2026-09-16T13:51:30.000Z</time>
        <speed>1.269</speed>
      </trkpt>
      <trkpt lat="50.4651337" lon="-5.0382802">
        <ele>74.4</ele>
        <time>2026-09-16T13:51:35.000Z</time>
        <speed>1.269</speed>
      </trkpt>
      <trkpt lat="50.4651807" lon="-5.0382183">
        <ele>72.8</ele>
        <time>2026-09-16T13:51:40.000Z</time>
        <speed>1.278</speed>
      </trkpt>
      <trkpt lat="50.4652310" lon="-5.0381559">
        <ele>71.8</ele>
        <time>2026-09-16T13:51:45.000Z</time>
        <speed>1.278</speed>
      </trkpt>
      <trkpt lat="50.4652773" lon="-5.0380912">
        <ele>71.2</ele>
        <time>2026-09-16T13:51:50.000Z</time>
        <speed>1.297</speed>
      </trkpt>
      <trkpt lat="50.4653269" lon="-5.0380326">
        <ele>70.0</ele>
        <time>2026-09-16T13:51:55.000Z</time>
        <speed>1.316</speed>
      </trkpt>
      <trkpt lat="50.4653699" lon="-5.0380019">
        <ele>69.2</ele>
        <time>2026-09-16T13:52:00.000Z</time>
        <speed>1.288</speed>
      </trkpt>
      <trkpt lat="50.4654212" lon="-5.0379559">
        <ele>68.6</ele>
        <time>2026-09-16T13:52:05.000Z</time>
        <speed>1.288</speed>
      </trkpt>
      <trkpt lat="50.4654818" lon="-5.0378984">
        <ele>68.2</ele>
        <time>2026-09-16T13:52:10.000Z</time>
        <speed>1.306</speed>
      </trkpt>
      <trkpt lat="50.4655441" lon="-5.0378593">
        <ele>68.2</ele>
        <time>2026-09-16T13:52:15.000Z</time>
        <speed>1.325</speed>
      </trkpt>
      <trkpt lat="50.4655937" lon="-5.0378132">
        <ele>67.4</ele>
        <time>2026-09-16T13:52:20.000Z</time>
        <speed>1.344</speed>
      </trkpt>
      <trkpt lat="50.4656550" lon="-5.0377861">
        <ele>66.6</ele>
        <time>2026-09-16T13:52:25.000Z</time>
        <speed>1.344</speed>
      </trkpt>
      <trkpt lat="50.4657213" lon="-5.0377559">
        <ele>66.4</ele>
        <time>2026-09-16T13:52:30.000Z</time>
        <speed>1.381</speed>
      </trkpt>
      <trkpt lat="50.4657724" lon="-5.0377248">
        <ele>66.2</ele>
        <time>2026-09-16T13:52:35.000Z</time>
        <speed>1.400</speed>
      </trkpt>
      <trkpt lat="50.4658158" lon="-5.0376746">
        <ele>66.0</ele>
        <time>2026-09-16T13:52:40.000Z</time>
        <speed>1.344</speed>
      </trkpt>
      <trkpt lat="50.4658541" lon="-5.0375935">
        <ele>65.2</ele>
        <time>2026-09-16T13:52:45.000Z</time>
        <speed>1.381</speed>
      </trkpt>
      <trkpt lat="50.4658809" lon="-5.0375276">
        <ele>64.6</ele>
        <time>2026-09-16T13:52:50.000Z</time>
        <speed>1.353</speed>
      </trkpt>
      <trkpt lat="50.4659236" lon="-5.0374352">
        <ele>64.2</ele>
        <time>2026-09-16T13:52:55.000Z</time>
        <speed>1.372</speed>
      </trkpt>
      <trkpt lat="50.4659596" lon="-5.0373777">
        <ele>63.8</ele>
        <time>2026-09-16T13:53:00.000Z</time>
        <speed>1.353</speed>
      </trkpt>
      <trkpt lat="50.4659795" lon="-5.0373010">
        <ele>63.2</ele>
        <time>2026-09-16T13:53:05.000Z</time>
        <speed>1.325</speed>
      </trkpt>
      <trkpt lat="50.4660113" lon="-5.0372182">
        <ele>63.2</ele>
        <time>2026-09-16T13:53:10.000Z</time>
        <speed>1.325</speed>
      </trkpt>
      <trkpt lat="50.4660196" lon="-5.0372122">
        <ele>63.6</ele>
        <time>2026-09-16T13:53:15.000Z</time>
        <speed>0.000</speed>
      </trkpt>
      <trkpt lat="50.4660461" lon="-5.0371457">
        <ele>62.4</ele>
        <time>2026-09-16T13:53:20.000Z</time>
        <speed>0.980</speed>
      </trkpt>
      <trkpt lat="50.4660588" lon="-5.0370678">
        <ele>61.4</ele>
        <time>2026-09-16T13:53:25.000Z</time>
        <speed>1.194</speed>
      </trkpt>
      <trkpt lat="50.4660819" lon="-5.0369795">
        <ele>61.2</ele>
        <time>2026-09-16T13:53:30.000Z</time>
        <speed>1.288</speed>
      </trkpt>
      <trkpt lat="50.4661105" lon="-5.0368924">
        <ele>60.0</ele>
        <time>2026-09-16T13:53:35.000Z</time>
        <speed>1.334</speed>
      </trkpt>
      <trkpt lat="50.4661413" lon="-5.0368176">
        <ele>58.8</ele>
        <time>2026-09-16T13:53:40.000Z</time>
        <speed>1.316</speed>
      </trkpt>
      <trkpt lat="50.4661709" lon="-5.0367448">
        <ele>58.4</ele>
        <time>2026-09-16T13:53:45.000Z</time>
        <speed>1.297</speed>
      </trkpt>
      <trkpt lat="50.4661926" lon="-5.0366662">
        <ele>57.8</ele>
        <time>2026-09-16T13:53:50.000Z</time>
        <speed>1.269</speed>
      </trkpt>
      <trkpt lat="50.4662142" lon="-5.0365927">
        <ele>58.0</ele>
        <time>2026-09-16T13:53:55.000Z</time>
        <speed>1.241</speed>
      </trkpt>
      <trkpt lat="50.4662372" lon="-5.0365111">
        <ele>56.6</ele>
        <time>2026-09-16T13:54:00.000Z</time>
        <speed>1.222</speed>
      </trkpt>
      <trkpt lat="50.4662444" lon="-5.0364104">
        <ele>55.2</ele>
        <time>2026-09-16T13:54:05.000Z</time>
        <speed>1.260</speed>
      </trkpt>
      <trkpt lat="50.4662506" lon="-5.0363213">
        <ele>55.4</ele>
        <time>2026-09-16T13:54:10.000Z</time>
        <speed>1.269</speed>
      </trkpt>
      <trkpt lat="50.4662497" lon="-5.0362270">
        <ele>55.0</ele>
        <time>2026-09-16T13:54:15.000Z</time>
        <speed>1.278</speed>
      </trkpt>
      <trkpt lat="50.4662060" lon="-5.0361842">
        <ele>54.6</ele>
        <time>2026-09-16T13:54:20.000Z</time>
        <speed>1.269</speed>
      </trkpt>
      <trkpt lat="50.4661904" lon="-5.0360865">
        <ele>54.6</ele>
        <time>2026-09-16T13:54:25.000Z</time>
        <speed>1.269</speed>
      </trkpt>
      <trkpt lat="50.4661782" lon="-5.0360018">
        <ele>54.4</ele>
        <time>2026-09-16T13:54:30.000Z</time>
        <speed>1.278</speed>
      </trkpt>
      <trkpt lat="50.4661669" lon="-5.0359046">
        <ele>53.6</ele>
        <time>2026-09-16T13:54:35.000Z</time>
        <speed>1.297</speed>
      </trkpt>
      <trkpt lat="50.4661561" lon="-5.0358253">
        <ele>53.2</ele>
        <time>2026-09-16T13:54:40.000Z</time>
        <speed>1.297</speed>
      </trkpt>
      <trkpt lat="50.4661359" lon="-5.0357370">
        <ele>52.4</ele>
        <time>2026-09-16T13:54:45.000Z</time>
        <speed>1.297</speed>
      </trkpt>
      <trkpt lat="50.4661165" lon="-5.0356587">
        <ele>51.8</ele>
        <time>2026-09-16T13:54:50.000Z</time>
        <speed>1.297</speed>
      </trkpt>
      <trkpt lat="50.4661141" lon="-5.0356303">
        <ele>51.2</ele>
        <time>2026-09-16T13:54:55.000Z</time>
        <speed>1.082</speed>
      </trkpt>
      <trkpt lat="50.4661141" lon="-5.0356303">
        <ele>51.0</ele>
        <time>2026-09-16T13:55:00.000Z</time>
        <speed>0.000</speed>
      </trkpt>
      <trkpt lat="50.4661141" lon="-5.0356303">
        <ele>51.2</ele>
        <time>2026-09-16T13:55:05.000Z</time>
        <speed>0.000</speed>
      </trkpt>
      <trkpt lat="50.4661141" lon="-5.0356303">
        <ele>51.0</ele>
        <time>2026-09-16T13:55:10.000Z</time>
        <speed>0.000</speed>
      </trkpt>
      <trkpt lat="50.4661141" lon="-5.0356303">
        <ele>51.6</ele>
        <time>2026-09-16T13:55:15.000Z</time>
        <speed>0.000</speed>
      </trkpt>
      <trkpt lat="50.4661151" lon="-5.0356090">
        <ele>51.6</ele>
        <time>2026-09-16T13:55:20.000Z</time>
        <speed>0.000</speed>
      </trkpt>
      <trkpt lat="50.4661100" lon="-5.0355428">
        <ele>50.6</ele>
        <time>2026-09-16T13:55:25.000Z</time>
        <speed>0.588</speed>
      </trkpt>
      <trkpt lat="50.4661098" lon="-5.0354922">
        <ele>48.8</ele>
        <time>2026-09-16T13:55:30.000Z</time>
        <speed>0.812</speed>
      </trkpt>
      <trkpt lat="50.4661154" lon="-5.0354342">
        <ele>46.8</ele>
        <time>2026-09-16T13:55:35.000Z</time>
        <speed>0.868</speed>
      </trkpt>
      <trkpt lat="50.4661064" lon="-5.0353855">
        <ele>45.6</ele>
        <time>2026-09-16T13:55:40.000Z</time>
        <speed>0.886</speed>
      </trkpt>
      <trkpt lat="50.4661088" lon="-5.0353342">
        <ele>44.8</ele>
        <time>2026-09-16T13:55:45.000Z</time>
        <speed>0.821</speed>
      </trkpt>
      <trkpt lat="50.4661039" lon="-5.0352863">
        <ele>43.8</ele>
        <time>2026-09-16T13:55:50.000Z</time>
        <speed>0.812</speed>
      </trkpt>
      <trkpt lat="50.4661074" lon="-5.0352274">
        <ele>42.0</ele>
        <time>2026-09-16T13:55:55.000Z</time>
        <speed>0.821</speed>
      </trkpt>
      <trkpt lat="50.4661028" lon="-5.0351823">
        <ele>41.8</ele>
        <time>2026-09-16T13:56:00.000Z</time>
        <speed>0.793</speed>
      </trkpt>
      <trkpt lat="50.4661023" lon="-5.0351361">
        <ele>40.6</ele>
        <time>2026-09-16T13:56:05.000Z</time>
        <speed>0.765</speed>
      </trkpt>
      <trkpt lat="50.4661021" lon="-5.0350753">
        <ele>39.8</ele>
        <time>2026-09-16T13:56:10.000Z</time>
        <speed>0.784</speed>
      </trkpt>
      <trkpt lat="50.4660990" lon="-5.0350402">
        <ele>38.2</ele>
        <time>2026-09-16T13:56:15.000Z</time>
        <speed>0.756</speed>
      </trkpt>
      <trkpt lat="50.4660997" lon="-5.0349931">
        <ele>36.6</ele>
        <time>2026-09-16T13:56:20.000Z</time>
        <speed>0.756</speed>
      </trkpt>
      <trkpt lat="50.4660951" lon="-5.0349330">
        <ele>35.2</ele>
        <time>2026-09-16T13:56:25.000Z</time>
        <speed>0.756</speed>
      </trkpt>
      <trkpt lat="50.4661017" lon="-5.0348894">
        <ele>34.4</ele>
        <time>2026-09-16T13:56:30.000Z</time>
        <speed>0.756</speed>
      </trkpt>
      <trkpt lat="50.4661031" lon="-5.0348379">
        <ele>32.6</ele>
        <time>2026-09-16T13:56:35.000Z</time>
        <speed>0.765</speed>
      </trkpt>
      <trkpt lat="50.4660957" lon="-5.0347814">
        <ele>31.2</ele>
        <time>2026-09-16T13:56:40.000Z</time>
        <speed>0.821</speed>
      </trkpt>
      <trkpt lat="50.4660943" lon="-5.0347279">
        <ele>30.4</ele>
        <time>2026-09-16T13:56:45.000Z</time>
        <speed>0.802</speed>
      </trkpt>
      <trkpt lat="50.4660943" lon="-5.0346646">
        <ele>29.0</ele>
        <time>2026-09-16T13:56:50.000Z</time>
        <speed>0.858</speed>
      </trkpt>
      <trkpt lat="50.4661100" lon="-5.0346367">
        <ele>28.4</ele>
        <time>2026-09-16T13:56:55.000Z</time>
        <speed>0.830</speed>
      </trkpt>
      <trkpt lat="50.4660830" lon="-5.0345425">
        <ele>27.4</ele>
        <time>2026-09-16T13:57:00.000Z</time>
        <speed>0.942</speed>
      </trkpt>
      <trkpt lat="50.4660488" lon="-5.0344766">
        <ele>26.8</ele>
        <time>2026-09-16T13:57:05.000Z</time>
        <speed>1.064</speed>
      </trkpt>
      <trkpt lat="50.4659981" lon="-5.0343927">
        <ele>25.8</ele>
        <time>2026-09-16T13:57:10.000Z</time>
        <speed>1.194</speed>
      </trkpt>
      <trkpt lat="50.4659593" lon="-5.0343301">
        <ele>25.4</ele>
        <time>2026-09-16T13:57:15.000Z</time>
        <speed>1.232</speed>
      </trkpt>
      <trkpt lat="50.4659080" lon="-5.0342735">
        <ele>24.6</ele>
        <time>2026-09-16T13:57:20.000Z</time>
        <speed>1.250</speed>
      </trkpt>
      <trkpt lat="50.4658698" lon="-5.0341951">
        <ele>24.4</ele>
        <time>2026-09-16T13:57:25.000Z</time>
        <speed>1.288</speed>
      </trkpt>
      <trkpt lat="50.4658272" lon="-5.0341311">
        <ele>23.2</ele>
        <time>2026-09-16T13:57:30.000Z</time>
        <speed>1.288</speed>
      </trkpt>
      <trkpt lat="50.4657794" lon="-5.0340574">
        <ele>23.4</ele>
        <time>2026-09-16T13:57:35.000Z</time>
        <speed>1.325</speed>
      </trkpt>
      <trkpt lat="50.4657343" lon="-5.0339917">
        <ele>22.8</ele>
        <time>2026-09-16T13:57:40.000Z</time>
        <speed>1.316</speed>
      </trkpt>
      <trkpt lat="50.4656936" lon="-5.0339139">
        <ele>22.2</ele>
        <time>2026-09-16T13:57:45.000Z</time>
        <speed>1.334</speed>
      </trkpt>
      <trkpt lat="50.4656502" lon="-5.0338483">
        <ele>21.8</ele>
        <time>2026-09-16T13:57:50.000Z</time>
        <speed>1.344</speed>
      </trkpt>
      <trkpt lat="50.4656027" lon="-5.0337870">
        <ele>21.4</ele>
        <time>2026-09-16T13:57:55.000Z</time>
        <speed>1.353</speed>
      </trkpt>
      <trkpt lat="50.4655809" lon="-5.0337207">
        <ele>21.0</ele>
        <time>2026-09-16T13:58:00.000Z</time>
        <speed>1.316</speed>
      </trkpt>
      <trkpt lat="50.4655496" lon="-5.0336583">
        <ele>20.6</ele>
        <time>2026-09-16T13:58:05.000Z</time>
        <speed>1.288</speed>
      </trkpt>
      <trkpt lat="50.4655100" lon="-5.0335727">
        <ele>20.2</ele>
        <time>2026-09-16T13:58:10.000Z</time>
        <speed>1.325</speed>
      </trkpt>
      <trkpt lat="50.4654640" lon="-5.0335183">
        <ele>19.8</ele>
        <time>2026-09-16T13:58:15.000Z</time>
        <speed>1.353</speed>
      </trkpt>
      <trkpt lat="50.4654089" lon="-5.0334867">
        <ele>19.8</ele>
        <time>2026-09-16T13:58:20.000Z</time>
        <speed>1.334</speed>
      </trkpt>
      <trkpt lat="50.4653584" lon="-5.0334578">
        <ele>20.0</ele>
        <time>2026-09-16T13:58:25.000Z</time>
        <speed>1.316</speed>
      </trkpt>
      <trkpt lat="50.4653107" lon="-5.0334141">
        <ele>20.4</ele>
        <time>2026-09-16T13:58:30.000Z</time>
        <speed>1.325</speed>
      </trkpt>
      <trkpt lat="50.4652723" lon="-5.0333909">
        <ele>21.0</ele>
        <time>2026-09-16T13:58:35.000Z</time>
        <speed>1.241</speed>
      </trkpt>
      <trkpt lat="50.4652513" lon="-5.0333395">
        <ele>21.6</ele>
        <time>2026-09-16T13:58:40.000Z</time>
        <speed>1.129</speed>
      </trkpt>
      <trkpt lat="50.4652380" lon="-5.0333189">
        <ele>21.6</ele>
        <time>2026-09-16T13:58:45.000Z</time>
        <speed>0.896</speed>
      </trkpt>
      <trkpt lat="50.4652357" lon="-5.0333158">
        <ele>21.2</ele>
        <time>2026-09-16T13:58:50.000Z</time>
        <speed>0.000</speed>
      </trkpt>
      <trkpt lat="50.4652363" lon="-5.0333267">
        <ele>21.2</ele>
        <time>2026-09-16T13:58:55.000Z</time>
        <speed>0.000</speed>
      </trkpt>
      <trkpt lat="50.4652357" lon="-5.0333158">
        <ele>21.2</ele>
        <time>2026-09-16T13:59:00.000Z</time>
        <speed>0.000</speed>
      </trkpt>
      <trkpt lat="50.4652357" lon="-5.0333158">
        <ele>21.4</ele>
        <time>2026-09-16T13:59:05.000Z</time>
        <speed>0.000</speed>
      </trkpt>
      <trkpt lat="50.4652357" lon="-5.0333158">
        <ele>21.6</ele>
        <time>2026-09-16T13:59:10.000Z</time>
        <speed>0.000</speed>
      </trkpt>
      <trkpt lat="50.4652357" lon="-5.0333158">
        <ele>21.6</ele>
        <time>2026-09-16T13:59:15.000Z</time>
        <speed>0.000</speed>
      </trkpt>
      <trkpt lat="50.4652357" lon="-5.0333158">
        <ele>21.4</ele>
        <time>2026-09-16T13:59:20.000Z</time>
        <speed>0.000</speed>
      </trkpt>
      <trkpt lat="50.4652357" lon="-5.0333158">
        <ele>21.2</ele>
        <time>2026-09-16T13:59:25.000Z</time>
        <speed>0.000</speed>
      </trkpt>
      <trkpt lat="50.4652357" lon="-5.0333158">
        <ele>21.2</ele>
        <time>2026-09-16T13:59:30.000Z</time>
        <speed>0.000</speed>
      </trkpt>
      <trkpt lat="50.4652357" lon="-5.0333158">
        <ele>21.0</ele>
        <time>2026-09-16T13:59:35.000Z</time>
        <speed>0.000</speed>
      </trkpt>
      <trkpt lat="50.4652261" lon="-5.0332935">
        <ele>21.2</ele>
        <time>2026-09-16T13:59:40.000Z</time>
        <speed>0.000</speed>
      </trkpt>
      <trkpt lat="50.4652259" lon="-5.0332931">
        <ele>21.2</ele>
        <time>2026-09-16T13:59:45.000Z</time>
        <speed>0.000</speed>
      </trkpt>
      <trkpt lat="50.4652259" lon="-5.0332931">
        <ele>21.0</ele>
        <time>2026-09-16T13:59:50.000Z</time>
        <speed>0.000</speed>
      </trkpt>
      <trkpt lat="50.4652259" lon="-5.0332931">
        <ele>21.0</ele>
        <time>2026-09-16T13:59:55.000Z</time>
        <speed>0.000</speed>
      </trkpt>
      <trkpt lat="50.4652259" lon="-5.0332931">
        <ele>21.2</ele>
        <time>2026-09-16T14:00:00.000Z</time>
        <speed>0.000</speed>
      </trkpt>
      <trkpt lat="50.4652259" lon="-5.0332931">
        <ele>21.0</ele>
        <time>2026-09-16T14:00:05.000Z</time>
        <speed>0.000</speed>
      </trkpt>
      <trkpt lat="50.4652259" lon="-5.0332931">
        <ele>21.0</ele>
        <time>2026-09-16T14:00:10.000Z</time>
        <speed>0.000</speed>
      </trkpt>
      <trkpt lat="50.4652259" lon="-5.0332931">
        <ele>20.6</ele>
        <time>2026-09-16T14:00:15.000Z</time>
        <speed>0.000</speed>
      </trkpt>
      <trkpt lat="50.4652168" lon="-5.0332706">
        <ele>21.2</ele>
        <time>2026-09-16T14:00:20.000Z</time>
        <speed>0.000</speed>
      </trkpt>
      <trkpt lat="50.4652168" lon="-5.0332706">
        <ele>21.0</ele>
        <time>2026-09-16T14:00:25.000Z</time>
        <speed>0.000</speed>
      </trkpt>
      <trkpt lat="50.4652081" lon="-5.0332422">
        <ele>20.8</ele>
        <time>2026-09-16T14:00:30.000Z</time>
        <speed>0.000</speed>
      </trkpt>
      <trkpt lat="50.4651856" lon="-5.0331702">
        <ele>20.2</ele>
        <time>2026-09-16T14:00:35.000Z</time>
        <speed>0.737</speed>
      </trkpt>
      <trkpt lat="50.4651538" lon="-5.0330984">
        <ele>19.6</ele>
        <time>2026-09-16T14:00:40.000Z</time>
        <speed>1.297</speed>
      </trkpt>
      <trkpt lat="50.4651419" lon="-5.0330069">
        <ele>19.0</ele>
        <time>2026-09-16T14:00:45.000Z</time>
        <speed>1.362</speed>
      </trkpt>
      <trkpt lat="50.4651164" lon="-5.0329209">
        <ele>18.8</ele>
        <time>2026-09-16T14:00:50.000Z</time>
        <speed>1.344</speed>
      </trkpt>
      <trkpt lat="50.4651142" lon="-5.0328405">
        <ele>18.4</ele>
        <time>2026-09-16T14:00:55.000Z</time>
        <speed>1.381</speed>
      </trkpt>
      <trkpt lat="50.4650717" lon="-5.0327964">
        <ele>17.2</ele>
        <time>2026-09-16T14:01:00.000Z</time>
        <speed>1.241</speed>
      </trkpt>
      <trkpt lat="50.4650268" lon="-5.0327204">
        <ele>16.6</ele>
        <time>2026-09-16T14:01:05.000Z</time>
        <speed>1.241</speed>
      </trkpt>
      <trkpt lat="50.4649987" lon="-5.0326263">
        <ele>16.6</ele>
        <time>2026-09-16T14:01:10.000Z</time>
        <speed>1.334</speed>
      </trkpt>
      <trkpt lat="50.4649618" lon="-5.0325460">
        <ele>16.0</ele>
        <time>2026-09-16T14:01:15.000Z</time>
        <speed>1.344</speed>
      </trkpt>
      <trkpt lat="50.4649305" lon="-5.0324652">
        <ele>15.8</ele>
        <time>2026-09-16T14:01:20.000Z</time>
        <speed>1.353</speed>
      </trkpt>
      <trkpt lat="50.4649066" lon="-5.0324028">
        <ele>15.6</ele>
        <time>2026-09-16T14:01:25.000Z</time>
        <speed>1.316</speed>
      </trkpt>
      <trkpt lat="50.4648775" lon="-5.0323419">
        <ele>15.4</ele>
        <time>2026-09-16T14:01:30.000Z</time>
        <speed>1.241</speed>
      </trkpt>
      <trkpt lat="50.4648590" lon="-5.0322690">
        <ele>15.2</ele>
        <time>2026-09-16T14:01:35.000Z</time>
        <speed>1.204</speed>
      </trkpt>
      <trkpt lat="50.4648622" lon="-5.0321803">
        <ele>15.2</ele>
        <time>2026-09-16T14:01:40.000Z</time>
        <speed>1.260</speed>
      </trkpt>
      <trkpt lat="50.4648725" lon="-5.0320852">
        <ele>15.2</ele>
        <time>2026-09-16T14:01:45.000Z</time>
        <speed>1.269</speed>
      </trkpt>
      <trkpt lat="50.4648927" lon="-5.0320076">
        <ele>15.2</ele>
        <time>2026-09-16T14:01:50.000Z</time>
        <speed>1.260</speed>
      </trkpt>
      <trkpt lat="50.4649122" lon="-5.0319183">
        <ele>15.0</ele>
        <time>2026-09-16T14:01:55.000Z</time>
        <speed>1.297</speed>
      </trkpt>
      <trkpt lat="50.4649239" lon="-5.0318426">
        <ele>14.4</ele>
        <time>2026-09-16T14:02:00.000Z</time>
        <speed>1.269</speed>
      </trkpt>
      <trkpt lat="50.4649429" lon="-5.0317534">
        <ele>14.0</ele>
        <time>2026-09-16T14:02:05.000Z</time>
        <speed>1.278</speed>
      </trkpt>
      <trkpt lat="50.4649722" lon="-5.0316627">
        <ele>14.4</ele>
        <time>2026-09-16T14:02:10.000Z</time>
        <speed>1.297</speed>
      </trkpt>
      <trkpt lat="50.4649969" lon="-5.0316628">
        <ele>14.6</ele>
        <time>2026-09-16T14:02:15.000Z</time>
        <speed>1.288</speed>
      </trkpt>
      <trkpt lat="50.4650218" lon="-5.0317389">
        <ele>15.0</ele>
        <time>2026-09-16T14:02:20.000Z</time>
        <speed>1.260</speed>
      </trkpt>
      <trkpt lat="50.4650620" lon="-5.0317792">
        <ele>14.0</ele>
        <time>2026-09-16T14:02:25.000Z</time>
        <speed>1.222</speed>
      </trkpt>
      <trkpt lat="50.4651140" lon="-5.0317972">
        <ele>13.8</ele>
        <time>2026-09-16T14:02:30.000Z</time>
        <speed>1.204</speed>
      </trkpt>
      <trkpt lat="50.4651679" lon="-5.0317996">
        <ele>13.4</ele>
        <time>2026-09-16T14:02:35.000Z</time>
        <speed>1.194</speed>
      </trkpt>
      <trkpt lat="50.4652161" lon="-5.0318298">
        <ele>12.4</ele>
        <time>2026-09-16T14:02:40.000Z</time>
        <speed>1.204</speed>
      </trkpt>
      <trkpt lat="50.4652791" lon="-5.0318597">
        <ele>12.4</ele>
        <time>2026-09-16T14:02:45.000Z</time>
        <speed>1.278</speed>
      </trkpt>
      <trkpt lat="50.4653335" lon="-5.0318732">
        <ele>12.6</ele>
        <time>2026-09-16T14:02:50.000Z</time>
        <speed>1.306</speed>
      </trkpt>
      <trkpt lat="50.4653881" lon="-5.0318924">
        <ele>12.2</ele>
        <time>2026-09-16T14:02:55.000Z</time>
        <speed>1.297</speed>
      </trkpt>
      <trkpt lat="50.4654496" lon="-5.0318975">
        <ele>12.4</ele>
        <time>2026-09-16T14:03:00.000Z</time>
        <speed>1.325</speed>
      </trkpt>
      <trkpt lat="50.4655117" lon="-5.0318916">
        <ele>12.0</ele>
        <time>2026-09-16T14:03:05.000Z</time>
        <speed>1.325</speed>
      </trkpt>
      <trkpt lat="50.4655634" lon="-5.0318863">
        <ele>11.6</ele>
        <time>2026-09-16T14:03:10.000Z</time>
        <speed>1.334</speed>
      </trkpt>
      <trkpt lat="50.4656280" lon="-5.0318996">
        <ele>11.2</ele>
        <time>2026-09-16T14:03:15.000Z</time>
        <speed>1.325</speed>
      </trkpt>
      <trkpt lat="50.4657021" lon="-5.0318982">
        <ele>11.0</ele>
        <time>2026-09-16T14:03:20.000Z</time>
        <speed>1.390</speed>
      </trkpt>
      <trkpt lat="50.4657448" lon="-5.0318908">
        <ele>11.2</ele>
        <time>2026-09-16T14:03:25.000Z</time>
        <speed>1.344</speed>
      </trkpt>
      <trkpt lat="50.4658000" lon="-5.0318840">
        <ele>11.6</ele>
        <time>2026-09-16T14:03:30.000Z</time>
        <speed>1.325</speed>
      </trkpt>
      <trkpt lat="50.4658645" lon="-5.0318862">
        <ele>12.2</ele>
        <time>2026-09-16T14:03:35.000Z</time>
        <speed>1.353</speed>
      </trkpt>
      <trkpt lat="50.4659215" lon="-5.0318747">
        <ele>12.0</ele>
        <time>2026-09-16T14:03:40.000Z</time>
        <speed>1.334</speed>
      </trkpt>
      <trkpt lat="50.4659713" lon="-5.0318582">
        <ele>12.2</ele>
        <time>2026-09-16T14:03:45.000Z</time>
        <speed>1.306</speed>
      </trkpt>
      <trkpt lat="50.4660274" lon="-5.0318478">
        <ele>12.2</ele>
        <time>2026-09-16T14:03:50.000Z</time>
        <speed>1.306</speed>
      </trkpt>
      <trkpt lat="50.4660841" lon="-5.0318393">
        <ele>12.2</ele>
        <time>2026-09-16T14:03:55.000Z</time>
        <speed>1.297</speed>
      </trkpt>
      <trkpt lat="50.4661297" lon="-5.0318155">
        <ele>12.4</ele>
        <time>2026-09-16T14:04:00.000Z</time>
        <speed>1.278</speed>
      </trkpt>
      <trkpt lat="50.4661807" lon="-5.0318042">
        <ele>12.4</ele>
        <time>2026-09-16T14:04:05.000Z</time>
        <speed>1.260</speed>
      </trkpt>
      <trkpt lat="50.4662232" lon="-5.0317731">
        <ele>12.2</ele>
        <time>2026-09-16T14:04:10.000Z</time>
        <speed>1.222</speed>
      </trkpt>
      <trkpt lat="50.4662673" lon="-5.0317259">
        <ele>12.2</ele>
        <time>2026-09-16T14:04:15.000Z</time>
        <speed>1.204</speed>
      </trkpt>
      <trkpt lat="50.4662882" lon="-5.0317136">
        <ele>12.2</ele>
        <time>2026-09-16T14:04:20.000Z</time>
        <speed>1.064</speed>
      </trkpt>
      <trkpt lat="50.4663183" lon="-5.0316628">
        <ele>12.0</ele>
        <time>2026-09-16T14:04:25.000Z</time>
        <speed>0.998</speed>
      </trkpt>
      <trkpt lat="50.4663391" lon="-5.0315961">
        <ele>12.2</ele>
        <time>2026-09-16T14:04:30.000Z</time>
        <speed>1.008</speed>
      </trkpt>
      <trkpt lat="50.4663507" lon="-5.0315494">
        <ele>12.8</ele>
        <time>2026-09-16T14:04:35.000Z</time>
        <speed>0.980</speed>
      </trkpt>
      <trkpt lat="50.4663327" lon="-5.0315143">
        <ele>13.6</ele>
        <time>2026-09-16T14:04:40.000Z</time>
        <speed>0.886</speed>
      </trkpt>
      <trkpt lat="50.4663195" lon="-5.0314667">
        <ele>14.4</ele>
        <time>2026-09-16T14:04:45.000Z</time>
        <speed>0.812</speed>
      </trkpt>
      <trkpt lat="50.4663116" lon="-5.0314324">
        <ele>15.8</ele>
        <time>2026-09-16T14:04:50.000Z</time>
        <speed>0.756</speed>
      </trkpt>
      <trkpt lat="50.4662984" lon="-5.0314043">
        <ele>16.8</ele>
        <time>2026-09-16T14:04:55.000Z</time>
        <speed>0.700</speed>
      </trkpt>
      <trkpt lat="50.4662996" lon="-5.0313596">
        <ele>18.0</ele>
        <time>2026-09-16T14:05:00.000Z</time>
        <speed>0.690</speed>
      </trkpt>
      <trkpt lat="50.4662703" lon="-5.0313479">
        <ele>18.6</ele>
        <time>2026-09-16T14:05:05.000Z</time>
        <speed>0.662</speed>
      </trkpt>
      <trkpt lat="50.4662644" lon="-5.0312877">
        <ele>19.2</ele>
        <time>2026-09-16T14:05:10.000Z</time>
        <speed>0.718</speed>
      </trkpt>
      <trkpt lat="50.4662508" lon="-5.0312065">
        <ele>19.0</ele>
        <time>2026-09-16T14:05:15.000Z</time>
        <speed>0.877</speed>
      </trkpt>
      <trkpt lat="50.4662396" lon="-5.0311376">
        <ele>19.0</ele>
        <time>2026-09-16T14:05:20.000Z</time>
        <speed>0.952</speed>
      </trkpt>
      <trkpt lat="50.4662550" lon="-5.0310709">
        <ele>19.2</ele>
        <time>2026-09-16T14:05:25.000Z</time>
        <speed>0.980</speed>
      </trkpt>
      <trkpt lat="50.4662673" lon="-5.0310190">
        <ele>19.6</ele>
        <time>2026-09-16T14:05:30.000Z</time>
        <speed>0.924</speed>
      </trkpt>
      <trkpt lat="50.4662830" lon="-5.0309591">
        <ele>20.0</ele>
        <time>2026-09-16T14:05:35.000Z</time>
        <speed>0.905</speed>
      </trkpt>
      <trkpt lat="50.4662908" lon="-5.0309081">
        <ele>20.6</ele>
        <time>2026-09-16T14:05:40.000Z</time>
        <speed>0.868</speed>
      </trkpt>
      <trkpt lat="50.4662599" lon="-5.0308706">
        <ele>20.8</ele>
        <time>2026-09-16T14:05:45.000Z</time>
        <speed>0.849</speed>
      </trkpt>
      <trkpt lat="50.4662488" lon="-5.0307850">
        <ele>20.2</ele>
        <time>2026-09-16T14:05:50.000Z</time>
        <speed>1.017</speed>
      </trkpt>
      <trkpt lat="50.4662395" lon="-5.0307167">
        <ele>21.0</ele>
        <time>2026-09-16T14:05:55.000Z</time>
        <speed>0.989</speed>
      </trkpt>
      <trkpt lat="50.4662019" lon="-5.0306719">
        <ele>20.8</ele>
        <time>2026-09-16T14:06:00.000Z</time>
        <speed>1.092</speed>
      </trkpt>
      <trkpt lat="50.4661452" lon="-5.0306765">
        <ele>20.6</ele>
        <time>2026-09-16T14:06:05.000Z</time>
        <speed>1.129</speed>
      </trkpt>
      <trkpt lat="50.4661172" lon="-5.0306817">
        <ele>20.2</ele>
        <time>2026-09-16T14:06:10.000Z</time>
        <speed>0.998</speed>
      </trkpt>
      <trkpt lat="50.4660820" lon="-5.0307035">
        <ele>19.2</ele>
        <time>2026-09-16T14:06:15.000Z</time>
        <speed>0.933</speed>
      </trkpt>
      <trkpt lat="50.4660442" lon="-5.0306730">
        <ele>18.8</ele>
        <time>2026-09-16T14:06:20.000Z</time>
        <speed>0.970</speed>
      </trkpt>
      <trkpt lat="50.4660245" lon="-5.0305864">
        <ele>18.8</ele>
        <time>2026-09-16T14:06:25.000Z</time>
        <speed>1.036</speed>
      </trkpt>
      <trkpt lat="50.4659780" lon="-5.0305798">
        <ele>18.4</ele>
        <time>2026-09-16T14:06:30.000Z</time>
        <speed>0.980</speed>
      </trkpt>
      <trkpt lat="50.4659758" lon="-5.0305896">
        <ele>18.0</ele>
        <time>2026-09-16T14:06:35.000Z</time>
        <speed>0.000</speed>
      </trkpt>
      <trkpt lat="50.4659758" lon="-5.0305896">
        <ele>18.2</ele>
        <time>2026-09-16T14:06:40.000Z</time>
        <speed>0.000</speed>
      </trkpt>
      <trkpt lat="50.4659758" lon="-5.0305896">
        <ele>18.0</ele>
        <time>2026-09-16T14:06:45.000Z</time>
        <speed>0.000</speed>
      </trkpt>
    </trkseg>
  </trk>
</gpx>
