<?xml version="1.0" encoding="UTF-8"?>
<gpx xmlns="http://www.topografix.com/GPX/1/0" xmlns:xsi="http://www.w3.org/2001/XMLSchema-instance" creator="GPS Wizard - https://github.com/Logiqx/gps-wizard" version="1.0" xsi:schemaLocation="http://www.topografix.com/GPX/1/0 http://www.topografix.com/GPX/1/0/gpx.xsd">
  <trk>
    <trkseg>
      <trkpt lat="50.5242059" lon="-4.9951359">
        <ele>48.8</ele>
        <time>2026-09-15T10:06:36.000Z</time>
        <speed>0.000</speed>
      </trkpt>
      <trkpt lat="50.5241977" lon="-4.9951534">
        <ele>49.4</ele>
        <time>2026-09-15T10:06:41.000Z</time>
        <speed>0.000</speed>
      </trkpt>
      <trkpt lat="50.5242022" lon="-4.9951415">
        <ele>50.0</ele>
        <time>2026-09-15T10:06:46.000Z</time>
        <speed>0.000</speed>
      </trkpt>
      <trkpt lat="50.5242103" lon="-4.9951359">
        <ele>49.6</ele>
        <time>2026-09-15T10:06:51.000Z</time>
        <speed>0.000</speed>
      </trkpt>
      <trkpt lat="50.5242150" lon="-4.9951286">
        <ele>49.8</ele>
        <time>2026-09-15T10:06:56.000Z</time>
        <speed>0.000</speed>
      </trkpt>
      <trkpt lat="50.5242128" lon="-4.9951459">
        <ele>50.0</ele>
        <time>2026-09-15T10:07:01.000Z</time>
        <speed>0.000</speed>
      </trkpt>
      <trkpt lat="50.5242011" lon="-4.9951718">
        <ele>49.6</ele>
        <time>2026-09-15T10:07:06.000Z</time>
        <speed>0.000</speed>
      </trkpt>
      <trkpt lat="50.5242002" lon="-4.9951767">
        <ele>49.2</ele>
        <time>2026-09-15T10:07:11.000Z</time>
        <speed>0.000</speed>
      </trkpt>
      <trkpt lat="50.5242000" lon="-4.9951758">
        <ele>49.6</ele>
        <time>2026-09-15T10:07:16.000Z</time>
        <speed>0.000</speed>
      </trkpt>
      <trkpt lat="50.5241999" lon="-4.9951757">
        <ele>49.2</ele>
        <time>2026-09-15T10:07:21.000Z</time>
        <speed>0.000</speed>
      </trkpt>
      <trkpt lat="50.5241997" lon="-4.9951754">
        <ele>49.2</ele>
        <time>2026-09-15T10:07:26.000Z</time>
        <speed>0.000</speed>
      </trkpt>
      <trkpt lat="50.5241992" lon="-4.9951751">
        <ele>49.4</ele>
        <time>2026-09-15T10:07:31.000Z</time>
        <speed>0.000</speed>
      </trkpt>
      <trkpt lat="50.5241986" lon="-4.9951747">
        <ele>49.4</ele>
        <time>2026-09-15T10:07:36.000Z</time>
        <speed>0.000</speed>
      </trkpt>
      <trkpt lat="50.5241979" lon="-4.9951742">
        <ele>49.2</ele>
        <time>2026-09-15T10:07:41.000Z</time>
        <speed>0.000</speed>
      </trkpt>
      <trkpt lat="50.5241969" lon="-4.9951737">
        <ele>49.4</ele>
        <time>2026-09-15T10:07:46.000Z</time>
        <speed>0.000</speed>
      </trkpt>
      <trkpt lat="50.5241959" lon="-4.9951732">
        <ele>49.4</ele>
        <time>2026-09-15T10:07:51.000Z</time>
        <speed>0.000</speed>
      </trkpt>
      <trkpt lat="50.5241951" lon="-4.9951729">
        <ele>49.4</ele>
        <time>2026-09-15T10:07:56.000Z</time>
        <speed>0.000</speed>
      </trkpt>
      <trkpt lat="50.5241948" lon="-4.9951730">
        <ele>49.0</ele>
        <time>2026-09-15T10:08:01.000Z</time>
        <speed>0.000</speed>
      </trkpt>
      <trkpt lat="50.5241955" lon="-4.9951832">
        <ele>49.2</ele>
        <time>2026-09-15T10:08:06.000Z</time>
        <speed>0.000</speed>
      </trkpt>
      <trkpt lat="50.5242074" lon="-4.9952679">
        <ele>49.0</ele>
        <time>2026-09-15T10:08:11.000Z</time>
        <speed>0.551</speed>
      </trkpt>
      <trkpt lat="50.5242214" lon="-4.9953657">
        <ele>49.0</ele>
        <time>2026-09-15T10:08:16.000Z</time>
        <speed>1.316</speed>
      </trkpt>
      <trkpt lat="50.5242473" lon="-4.9954432">
        <ele>48.0</ele>
        <time>2026-09-15T10:08:21.000Z</time>
        <speed>1.297</speed>
      </trkpt>
      <trkpt lat="50.5242491" lon="-4.9955189">
        <ele>47.8</ele>
        <time>2026-09-15T10:08:26.000Z</time>
        <speed>1.082</speed>
      </trkpt>
      <trkpt lat="50.5242621" lon="-4.9956074">
        <ele>47.2</ele>
        <time>2026-09-15T10:08:31.000Z</time>
        <speed>1.176</speed>
      </trkpt>
      <trkpt lat="50.5242816" lon="-4.9956962">
        <ele>47.2</ele>
        <time>2026-09-15T10:08:36.000Z</time>
        <speed>1.232</speed>
      </trkpt>
      <trkpt lat="50.5243079" lon="-4.9957903">
        <ele>46.8</ele>
        <time>2026-09-15T10:08:41.000Z</time>
        <speed>1.344</speed>
      </trkpt>
      <trkpt lat="50.5243339" lon="-4.9958924">
        <ele>46.6</ele>
        <time>2026-09-15T10:08:46.000Z</time>
        <speed>1.437</speed>
      </trkpt>
      <trkpt lat="50.5243529" lon="-4.9959856">
        <ele>46.8</ele>
        <time>2026-09-15T10:08:51.000Z</time>
        <speed>1.446</speed>
      </trkpt>
      <trkpt lat="50.5243714" lon="-4.9960610">
        <ele>46.4</ele>
        <time>2026-09-15T10:08:56.000Z</time>
        <speed>1.428</speed>
      </trkpt>
      <trkpt lat="50.5243894" lon="-4.9961512">
        <ele>46.2</ele>
        <time>2026-09-15T10:09:01.000Z</time>
        <speed>1.381</speed>
      </trkpt>
      <trkpt lat="50.5244072" lon="-4.9962501">
        <ele>46.2</ele>
        <time>2026-09-15T10:09:06.000Z</time>
        <speed>1.353</speed>
      </trkpt>
      <trkpt lat="50.5244273" lon="-4.9963385">
        <ele>46.2</ele>
        <time>2026-09-15T10:09:11.000Z</time>
        <speed>1.362</speed>
      </trkpt>
      <trkpt lat="50.5244482" lon="-4.9964330">
        <ele>46.0</ele>
        <time>2026-09-15T10:09:16.000Z</time>
        <speed>1.334</speed>
      </trkpt>
      <trkpt lat="50.5244777" lon="-4.9965359">
        <ele>46.0</ele>
        <time>2026-09-15T10:09:21.000Z</time>
        <speed>1.400</speed>
      </trkpt>
      <trkpt lat="50.5245054" lon="-4.9966204">
        <ele>46.0</ele>
        <time>2026-09-15T10:09:26.000Z</time>
        <speed>1.409</speed>
      </trkpt>
      <trkpt lat="50.5245426" lon="-4.9967111">
        <ele>46.8</ele>
        <time>2026-09-15T10:09:31.000Z</time>
        <speed>1.418</speed>
      </trkpt>
      <trkpt lat="50.5245527" lon="-4.9967797">
        <ele>46.2</ele>
        <time>2026-09-15T10:09:36.000Z</time>
        <speed>1.437</speed>
      </trkpt>
      <trkpt lat="50.5245263" lon="-4.9968134">
        <ele>46.4</ele>
        <time>2026-09-15T10:09:41.000Z</time>
        <speed>1.381</speed>
      </trkpt>
      <trkpt lat="50.5245189" lon="-4.9968327">
        <ele>45.8</ele>
        <time>2026-09-15T10:09:46.000Z</time>
        <speed>0.000</speed>
      </trkpt>
      <trkpt lat="50.5245200" lon="-4.9968381">
        <ele>46.8</ele>
        <time>2026-09-15T10:09:51.000Z</time>
        <speed>0.000</speed>
      </trkpt>
      <trkpt lat="50.5245161" lon="-4.9969027">
        <ele>46.0</ele>
        <time>2026-09-15T10:09:56.000Z</time>
        <speed>0.000</speed>
      </trkpt>
      <trkpt lat="50.5245085" lon="-4.9969803">
        <ele>45.6</ele>
        <time>2026-09-15T10:10:01.000Z</time>
        <speed>1.250</speed>
      </trkpt>
      <trkpt lat="50.5245060" lon="-4.9970043">
        <ele>46.0</ele>
        <time>2026-09-15T10:10:06.000Z</time>
        <speed>0.868</speed>
      </trkpt>
      <trkpt lat="50.5244982" lon="-4.9970639">
        <ele>45.8</ele>
        <time>2026-09-15T10:10:11.000Z</time>
        <speed>0.728</speed>
      </trkpt>
      <trkpt lat="50.5244885" lon="-4.9971464">
        <ele>45.6</ele>
        <time>2026-09-15T10:10:16.000Z</time>
        <speed>1.232</speed>
      </trkpt>
      <trkpt lat="50.5244763" lon="-4.9972361">
        <ele>44.8</ele>
        <time>2026-09-15T10:10:21.000Z</time>
        <speed>1.325</speed>
      </trkpt>
      <trkpt lat="50.5244619" lon="-4.9973296">
        <ele>45.6</ele>
        <time>2026-09-15T10:10:26.000Z</time>
        <speed>1.390</speed>
      </trkpt>
      <trkpt lat="50.5244479" lon="-4.9974167">
        <ele>45.0</ele>
        <time>2026-09-15T10:10:31.000Z</time>
        <speed>1.344</speed>
      </trkpt>
      <trkpt lat="50.5244328" lon="-4.9974960">
        <ele>44.6</ele>
        <time>2026-09-15T10:10:36.000Z</time>
        <speed>1.344</speed>
      </trkpt>
      <trkpt lat="50.5244179" lon="-4.9975852">
        <ele>44.8</ele>
        <time>2026-09-15T10:10:41.000Z</time>
        <speed>1.316</speed>
      </trkpt>
      <trkpt lat="50.5244044" lon="-4.9976656">
        <ele>45.2</ele>
        <time>2026-09-15T10:10:46.000Z</time>
        <speed>1.306</speed>
      </trkpt>
      <trkpt lat="50.5243905" lon="-4.9977538">
        <ele>44.6</ele>
        <time>2026-09-15T10:10:51.000Z</time>
        <speed>1.306</speed>
      </trkpt>
      <trkpt lat="50.5243782" lon="-4.9978451">
        <ele>44.4</ele>
        <time>2026-09-15T10:10:56.000Z</time>
        <speed>1.325</speed>
      </trkpt>
      <trkpt lat="50.5243659" lon="-4.9979323">
        <ele>44.2</ele>
        <time>2026-09-15T10:11:01.000Z</time>
        <speed>1.316</speed>
      </trkpt>
      <trkpt lat="50.5243520" lon="-4.9980311">
        <ele>44.0</ele>
        <time>2026-09-15T10:11:06.000Z</time>
        <speed>1.306</speed>
      </trkpt>
      <trkpt lat="50.5243432" lon="-4.9981248">
        <ele>43.6</ele>
        <time>2026-09-15T10:11:11.000Z</time>
        <speed>1.316</speed>
      </trkpt>
      <trkpt lat="50.5243332" lon="-4.9982130">
        <ele>43.8</ele>
        <time>2026-09-15T10:11:16.000Z</time>
        <speed>1.316</speed>
      </trkpt>
      <trkpt lat="50.5243230" lon="-4.9983040">
        <ele>43.6</ele>
        <time>2026-09-15T10:11:21.000Z</time>
        <speed>1.316</speed>
      </trkpt>
      <trkpt lat="50.5243097" lon="-4.9983972">
        <ele>43.4</ele>
        <time>2026-09-15T10:11:26.000Z</time>
        <speed>1.316</speed>
      </trkpt>
      <trkpt lat="50.5242967" lon="-4.9984909">
        <ele>43.0</ele>
        <time>2026-09-15T10:11:31.000Z</time>
        <speed>1.316</speed>
      </trkpt>
      <trkpt lat="50.5242777" lon="-4.9985983">
        <ele>43.2</ele>
        <time>2026-09-15T10:11:36.000Z</time>
        <speed>1.306</speed>
      </trkpt>
      <trkpt lat="50.5242630" lon="-4.9986999">
        <ele>43.2</ele>
        <time>2026-09-15T10:11:41.000Z</time>
        <speed>1.344</speed>
      </trkpt>
      <trkpt lat="50.5242466" lon="-4.9987987">
        <ele>42.8</ele>
        <time>2026-09-15T10:11:46.000Z</time>
        <speed>1.362</speed>
      </trkpt>
      <trkpt lat="50.5242309" lon="-4.9988995">
        <ele>42.4</ele>
        <time>2026-09-15T10:11:51.000Z</time>
        <speed>1.372</speed>
      </trkpt>
      <trkpt lat="50.5242175" lon="-4.9989987">
        <ele>42.4</ele>
        <time>2026-09-15T10:11:56.000Z</time>
        <speed>1.381</speed>
      </trkpt>
      <trkpt lat="50.5242031" lon="-4.9991015">
        <ele>42.6</ele>
        <time>2026-09-15T10:12:01.000Z</time>
        <speed>1.400</speed>
      </trkpt>
      <trkpt lat="50.5241882" lon="-4.9992017">
        <ele>42.2</ele>
        <time>2026-09-15T10:12:06.000Z</time>
        <speed>1.409</speed>
      </trkpt>
      <trkpt lat="50.5241686" lon="-4.9993095">
        <ele>42.2</ele>
        <time>2026-09-15T10:12:11.000Z</time>
        <speed>1.418</speed>
      </trkpt>
      <trkpt lat="50.5241506" lon="-4.9994099">
        <ele>42.4</ele>
        <time>2026-09-15T10:12:16.000Z</time>
        <speed>1.437</speed>
      </trkpt>
      <trkpt lat="50.5241349" lon="-4.9995017">
        <ele>42.0</ele>
        <time>2026-09-15T10:12:21.000Z</time>
        <speed>1.446</speed>
      </trkpt>
      <trkpt lat="50.5241274" lon="-4.9995265">
        <ele>42.0</ele>
        <time>2026-09-15T10:12:26.000Z</time>
        <speed>1.362</speed>
      </trkpt>
      <trkpt lat="50.5241209" lon="-4.9995685">
        <ele>41.8</ele>
        <time>2026-09-15T10:12:31.000Z</time>
        <speed>0.000</speed>
      </trkpt>
      <trkpt lat="50.5241122" lon="-4.9996389">
        <ele>41.6</ele>
        <time>2026-09-15T10:12:36.000Z</time>
        <speed>1.064</speed>
      </trkpt>
      <trkpt lat="50.5241092" lon="-4.9996883">
        <ele>41.8</ele>
        <time>2026-09-15T10:12:41.000Z</time>
        <speed>0.802</speed>
      </trkpt>
      <trkpt lat="50.5240977" lon="-4.9997658">
        <ele>41.2</ele>
        <time>2026-09-15T10:12:46.000Z</time>
        <speed>0.998</speed>
      </trkpt>
      <trkpt lat="50.5240879" lon="-4.9998578">
        <ele>41.2</ele>
        <time>2026-09-15T10:12:51.000Z</time>
        <speed>1.129</speed>
      </trkpt>
      <trkpt lat="50.5240873" lon="-4.9999528">
        <ele>40.6</ele>
        <time>2026-09-15T10:12:56.000Z</time>
        <speed>1.222</speed>
      </trkpt>
      <trkpt lat="50.5240797" lon="-5.0000465">
        <ele>40.8</ele>
        <time>2026-09-15T10:13:01.000Z</time>
        <speed>1.260</speed>
      </trkpt>
      <trkpt lat="50.5240681" lon="-5.0001472">
        <ele>39.6</ele>
        <time>2026-09-15T10:13:06.000Z</time>
        <speed>1.288</speed>
      </trkpt>
      <trkpt lat="50.5240586" lon="-5.0002475">
        <ele>38.8</ele>
        <time>2026-09-15T10:13:11.000Z</time>
        <speed>1.362</speed>
      </trkpt>
      <trkpt lat="50.5240487" lon="-5.0003434">
        <ele>38.8</ele>
        <time>2026-09-15T10:13:16.000Z</time>
        <speed>1.400</speed>
      </trkpt>
      <trkpt lat="50.5240376" lon="-5.0004428">
        <ele>38.8</ele>
        <time>2026-09-15T10:13:21.000Z</time>
        <speed>1.409</speed>
      </trkpt>
      <trkpt lat="50.5240277" lon="-5.0005384">
        <ele>38.8</ele>
        <time>2026-09-15T10:13:26.000Z</time>
        <speed>1.409</speed>
      </trkpt>
      <trkpt lat="50.5240216" lon="-5.0006131">
        <ele>38.4</ele>
        <time>2026-09-15T10:13:31.000Z</time>
        <speed>1.409</speed>
      </trkpt>
      <trkpt lat="50.5240406" lon="-5.0006249">
        <ele>38.8</ele>
        <time>2026-09-15T10:13:36.000Z</time>
        <speed>1.241</speed>
      </trkpt>
      <trkpt lat="50.5240546" lon="-5.0006221">
        <ele>39.2</ele>
        <time>2026-09-15T10:13:41.000Z</time>
        <speed>0.000</speed>
      </trkpt>
      <trkpt lat="50.5241177" lon="-5.0006195">
        <ele>38.6</ele>
        <time>2026-09-15T10:13:46.000Z</time>
        <speed>0.616</speed>
      </trkpt>
      <trkpt lat="50.5241844" lon="-5.0006168">
        <ele>38.0</ele>
        <time>2026-09-15T10:13:51.000Z</time>
        <speed>1.586</speed>
      </trkpt>
      <trkpt lat="50.5242457" lon="-5.0006159">
        <ele>39.0</ele>
        <time>2026-09-15T10:13:56.000Z</time>
        <speed>1.530</speed>
      </trkpt>
      <trkpt lat="50.5243066" lon="-5.0006169">
        <ele>38.0</ele>
        <time>2026-09-15T10:14:01.000Z</time>
        <speed>1.409</speed>
      </trkpt>
      <trkpt lat="50.5243661" lon="-5.0006211">
        <ele>39.0</ele>
        <time>2026-09-15T10:14:06.000Z</time>
        <speed>1.418</speed>
      </trkpt>
      <trkpt lat="50.5244281" lon="-5.0006164">
        <ele>39.4</ele>
        <time>2026-09-15T10:14:11.000Z</time>
        <speed>1.400</speed>
      </trkpt>
      <trkpt lat="50.5244886" lon="-5.0006142">
        <ele>39.6</ele>
        <time>2026-09-15T10:14:16.000Z</time>
        <speed>1.446</speed>
      </trkpt>
      <trkpt lat="50.5245531" lon="-5.0006145">
        <ele>39.8</ele>
        <time>2026-09-15T10:14:21.000Z</time>
        <speed>1.446</speed>
      </trkpt>
      <trkpt lat="50.5246172" lon="-5.0006143">
        <ele>40.4</ele>
        <time>2026-09-15T10:14:26.000Z</time>
        <speed>1.465</speed>
      </trkpt>
      <trkpt lat="50.5246842" lon="-5.0006154">
        <ele>40.6</ele>
        <time>2026-09-15T10:14:31.000Z</time>
        <speed>1.446</speed>
      </trkpt>
      <trkpt lat="50.5247503" lon="-5.0006306">
        <ele>40.4</ele>
        <time>2026-09-15T10:14:36.000Z</time>
        <speed>1.437</speed>
      </trkpt>
      <trkpt lat="50.5248131" lon="-5.0006828">
        <ele>38.6</ele>
        <time>2026-09-15T10:14:41.000Z</time>
        <speed>1.465</speed>
      </trkpt>
      <trkpt lat="50.5248679" lon="-5.0007460">
        <ele>38.6</ele>
        <time>2026-09-15T10:14:46.000Z</time>
        <speed>1.493</speed>
      </trkpt>
      <trkpt lat="50.5249091" lon="-5.0008053">
        <ele>39.2</ele>
        <time>2026-09-15T10:14:51.000Z</time>
        <speed>1.474</speed>
      </trkpt>
      <trkpt lat="50.5249498" lon="-5.0008617">
        <ele>39.0</ele>
        <time>2026-09-15T10:14:56.000Z</time>
        <speed>1.456</speed>
      </trkpt>
      <trkpt lat="50.5249995" lon="-5.0009004">
        <ele>39.0</ele>
        <time>2026-09-15T10:15:01.000Z</time>
        <speed>1.437</speed>
      </trkpt>
      <trkpt lat="50.5250606" lon="-5.0009385">
        <ele>39.2</ele>
        <time>2026-09-15T10:15:06.000Z</time>
        <speed>1.390</speed>
      </trkpt>
      <trkpt lat="50.5251160" lon="-5.0009712">
        <ele>38.6</ele>
        <time>2026-09-15T10:15:11.000Z</time>
        <speed>1.400</speed>
      </trkpt>
      <trkpt lat="50.5251763" lon="-5.0010069">
        <ele>38.0</ele>
        <time>2026-09-15T10:15:16.000Z</time>
        <speed>1.418</speed>
      </trkpt>
      <trkpt lat="50.5252300" lon="-5.0010424">
        <ele>38.4</ele>
        <time>2026-09-15T10:15:21.000Z</time>
        <speed>1.428</speed>
      </trkpt>
      <trkpt lat="50.5252862" lon="-5.0010790">
        <ele>38.6</ele>
        <time>2026-09-15T10:15:26.000Z</time>
        <speed>1.418</speed>
      </trkpt>
      <trkpt lat="50.5253461" lon="-5.0011225">
        <ele>38.6</ele>
        <time>2026-09-15T10:15:31.000Z</time>
        <speed>1.409</speed>
      </trkpt>
      <trkpt lat="50.5253997" lon="-5.0011698">
        <ele>38.4</ele>
        <time>2026-09-15T10:15:36.000Z</time>
        <speed>1.418</speed>
      </trkpt>
      <trkpt lat="50.5254496" lon="-5.0012188">
        <ele>38.6</ele>
        <time>2026-09-15T10:15:41.000Z</time>
        <speed>1.409</speed>
      </trkpt>
      <trkpt lat="50.5254978" lon="-5.0012793">
        <ele>39.0</ele>
        <time>2026-09-15T10:15:46.000Z</time>
        <speed>1.409</speed>
      </trkpt>
      <trkpt lat="50.5255499" lon="-5.0013286">
        <ele>38.4</ele>
        <time>2026-09-15T10:15:51.000Z</time>
        <speed>1.390</speed>
      </trkpt>
      <trkpt lat="50.5255959" lon="-5.0013697">
        <ele>38.2</ele>
        <time>2026-09-15T10:15:56.000Z</time>
        <speed>1.409</speed>
      </trkpt>
      <trkpt lat="50.5256468" lon="-5.0014283">
        <ele>38.6</ele>
        <time>2026-09-15T10:16:01.000Z</time>
        <speed>1.409</speed>
      </trkpt>
      <trkpt lat="50.5256900" lon="-5.0014869">
        <ele>38.6</ele>
        <time>2026-09-15T10:16:06.000Z</time>
        <speed>1.400</speed>
      </trkpt>
      <trkpt lat="50.5257489" lon="-5.0015244">
        <ele>38.4</ele>
        <time>2026-09-15T10:16:11.000Z</time>
        <speed>1.390</speed>
      </trkpt>
      <trkpt lat="50.5257938" lon="-5.0015374">
        <ele>38.2</ele>
        <time>2026-09-15T10:16:16.000Z</time>
        <speed>1.390</speed>
      </trkpt>
      <trkpt lat="50.5257972" lon="-5.0015312">
        <ele>38.0</ele>
        <time>2026-09-15T10:16:21.000Z</time>
        <speed>0.970</speed>
      </trkpt>
      <trkpt lat="50.5258035" lon="-5.0015590">
        <ele>37.0</ele>
        <time>2026-09-15T10:16:26.000Z</time>
        <speed>0.000</speed>
      </trkpt>
      <trkpt lat="50.5258278" lon="-5.0016029">
        <ele>37.6</ele>
        <time>2026-09-15T10:16:31.000Z</time>
        <speed>0.000</speed>
      </trkpt>
      <trkpt lat="50.5258588" lon="-5.0016390">
        <ele>37.8</ele>
        <time>2026-09-15T10:16:36.000Z</time>
        <speed>0.513</speed>
      </trkpt>
      <trkpt lat="50.5259092" lon="-5.0016812">
        <ele>37.8</ele>
        <time>2026-09-15T10:16:41.000Z</time>
        <speed>1.120</speed>
      </trkpt>
      <trkpt lat="50.5259579" lon="-5.0017174">
        <ele>37.6</ele>
        <time>2026-09-15T10:16:46.000Z</time>
        <speed>1.381</speed>
      </trkpt>
      <trkpt lat="50.5260093" lon="-5.0017556">
        <ele>38.4</ele>
        <time>2026-09-15T10:16:51.000Z</time>
        <speed>1.334</speed>
      </trkpt>
      <trkpt lat="50.5260562" lon="-5.0017890">
        <ele>38.4</ele>
        <time>2026-09-15T10:16:56.000Z</time>
        <speed>1.297</speed>
      </trkpt>
      <trkpt lat="50.5261020" lon="-5.0018394">
        <ele>38.4</ele>
        <time>2026-09-15T10:17:01.000Z</time>
        <speed>1.269</speed>
      </trkpt>
      <trkpt lat="50.5261562" lon="-5.0019038">
        <ele>38.8</ele>
        <time>2026-09-15T10:17:06.000Z</time>
        <speed>1.428</speed>
      </trkpt>
      <trkpt lat="50.5262043" lon="-5.0019689">
        <ele>38.8</ele>
        <time>2026-09-15T10:17:11.000Z</time>
        <speed>1.437</speed>
      </trkpt>
      <trkpt lat="50.5262515" lon="-5.0020146">
        <ele>38.6</ele>
        <time>2026-09-15T10:17:16.000Z</time>
        <speed>1.437</speed>
      </trkpt>
      <trkpt lat="50.5263004" lon="-5.0020530">
        <ele>38.4</ele>
        <time>2026-09-15T10:17:21.000Z</time>
        <speed>1.400</speed>
      </trkpt>
      <trkpt lat="50.5263327" lon="-5.0020683">
        <ele>38.4</ele>
        <time>2026-09-15T10:17:26.000Z</time>
        <speed>1.316</speed>
      </trkpt>
      <trkpt lat="50.5263349" lon="-5.0020741">
        <ele>38.4</ele>
        <time>2026-09-15T10:17:31.000Z</time>
        <speed>0.849</speed>
      </trkpt>
      <trkpt lat="50.5263387" lon="-5.0020717">
        <ele>38.0</ele>
        <time>2026-09-15T10:17:36.000Z</time>
        <speed>0.392</speed>
      </trkpt>
      <trkpt lat="50.5263406" lon="-5.0020777">
        <ele>38.2</ele>
        <time>2026-09-15T10:17:41.000Z</time>
        <speed>0.000</speed>
      </trkpt>
      <trkpt lat="50.5263475" lon="-5.0021216">
        <ele>38.0</ele>
        <time>2026-09-15T10:17:46.000Z</time>
        <speed>0.411</speed>
      </trkpt>
      <trkpt lat="50.5263627" lon="-5.0022049">
        <ele>37.4</ele>
        <time>2026-09-15T10:17:51.000Z</time>
        <speed>1.428</speed>
      </trkpt>
      <trkpt lat="50.5263957" lon="-5.0022676">
        <ele>37.6</ele>
        <time>2026-09-15T10:17:56.000Z</time>
        <speed>1.381</speed>
      </trkpt>
      <trkpt lat="50.5264287" lon="-5.0023336">
        <ele>38.4</ele>
        <time>2026-09-15T10:18:01.000Z</time>
        <speed>1.297</speed>
      </trkpt>
      <trkpt lat="50.5264638" lon="-5.0024068">
        <ele>38.4</ele>
        <time>2026-09-15T10:18:06.000Z</time>
        <speed>1.260</speed>
      </trkpt>
      <trkpt lat="50.5264930" lon="-5.0024750">
        <ele>38.0</ele>
        <time>2026-09-15T10:18:11.000Z</time>
        <speed>1.344</speed>
      </trkpt>
      <trkpt lat="50.5265236" lon="-5.0025457">
        <ele>37.0</ele>
        <time>2026-09-15T10:18:16.000Z</time>
        <speed>1.204</speed>
      </trkpt>
      <trkpt lat="50.5265368" lon="-5.0025698">
        <ele>38.2</ele>
        <time>2026-09-15T10:18:21.000Z</time>
        <speed>0.989</speed>
      </trkpt>
      <trkpt lat="50.5265677" lon="-5.0026535">
        <ele>36.2</ele>
        <time>2026-09-15T10:18:26.000Z</time>
        <speed>1.428</speed>
      </trkpt>
      <trkpt lat="50.5265986" lon="-5.0027458">
        <ele>37.2</ele>
        <time>2026-09-15T10:18:31.000Z</time>
        <speed>1.456</speed>
      </trkpt>
      <trkpt lat="50.5266369" lon="-5.0028381">
        <ele>38.8</ele>
        <time>2026-09-15T10:18:36.000Z</time>
        <speed>1.400</speed>
      </trkpt>
      <trkpt lat="50.5266763" lon="-5.0029204">
        <ele>37.8</ele>
        <time>2026-09-15T10:18:41.000Z</time>
        <speed>1.465</speed>
      </trkpt>
      <trkpt lat="50.5267036" lon="-5.0030130">
        <ele>38.8</ele>
        <time>2026-09-15T10:18:46.000Z</time>
        <speed>1.456</speed>
      </trkpt>
      <trkpt lat="50.5267295" lon="-5.0031001">
        <ele>39.0</ele>
        <time>2026-09-15T10:18:51.000Z</time>
        <speed>1.446</speed>
      </trkpt>
      <trkpt lat="50.5267616" lon="-5.0031883">
        <ele>39.2</ele>
        <time>2026-09-15T10:18:56.000Z</time>
        <speed>1.446</speed>
      </trkpt>
      <trkpt lat="50.5267887" lon="-5.0032742">
        <ele>39.0</ele>
        <time>2026-09-15T10:19:01.000Z</time>
        <speed>1.446</speed>
      </trkpt>
      <trkpt lat="50.5268140" lon="-5.0033624">
        <ele>38.8</ele>
        <time>2026-09-15T10:19:06.000Z</time>
        <speed>1.428</speed>
      </trkpt>
      <trkpt lat="50.5268416" lon="-5.0034601">
        <ele>38.8</ele>
        <time>2026-09-15T10:19:11.000Z</time>
        <speed>1.437</speed>
      </trkpt>
      <trkpt lat="50.5268694" lon="-5.0035559">
        <ele>39.0</ele>
        <time>2026-09-15T10:19:16.000Z</time>
        <speed>1.437</speed>
      </trkpt>
      <trkpt lat="50.5268991" lon="-5.0036466">
        <ele>39.2</ele>
        <time>2026-09-15T10:19:21.000Z</time>
        <speed>1.437</speed>
      </trkpt>
      <trkpt lat="50.5269279" lon="-5.0037360">
        <ele>38.8</ele>
        <time>2026-09-15T10:19:26.000Z</time>
        <speed>1.437</speed>
      </trkpt>
      <trkpt lat="50.5269561" lon="-5.0038263">
        <ele>39.2</ele>
        <time>2026-09-15T10:19:31.000Z</time>
        <speed>1.437</speed>
      </trkpt>
      <trkpt lat="50.5269786" lon="-5.0039184">
        <ele>39.8</ele>
        <time>2026-09-15T10:19:36.000Z</time>
        <speed>1.437</speed>
      </trkpt>
      <trkpt lat="50.5270046" lon="-5.0040142">
        <ele>38.6</ele>
        <time>2026-09-15T10:19:41.000Z</time>
        <speed>1.428</speed>
      </trkpt>
      <trkpt lat="50.5270391" lon="-5.0041003">
        <ele>39.6</ele>
        <time>2026-09-15T10:19:46.000Z</time>
        <speed>1.428</speed>
      </trkpt>
      <trkpt lat="50.5270875" lon="-5.0041637">
        <ele>39.6</ele>
        <time>2026-09-15T10:19:51.000Z</time>
        <speed>1.428</speed>
      </trkpt>
      <trkpt lat="50.5271178" lon="-5.0042337">
        <ele>39.2</ele>
        <time>2026-09-15T10:19:56.000Z</time>
        <speed>1.428</speed>
      </trkpt>
      <trkpt lat="50.5271262" lon="-5.0043279">
        <ele>40.0</ele>
        <time>2026-09-15T10:20:01.000Z</time>
        <speed>1.409</speed>
      </trkpt>
      <trkpt lat="50.5271188" lon="-5.0044200">
        <ele>40.0</ele>
        <time>2026-09-15T10:20:06.000Z</time>
        <speed>1.400</speed>
      </trkpt>
      <trkpt lat="50.5271124" lon="-5.0044940">
        <ele>40.2</ele>
        <time>2026-09-15T10:20:11.000Z</time>
        <speed>1.381</speed>
      </trkpt>
      <trkpt lat="50.5271086" lon="-5.0045818">
        <ele>39.8</ele>
        <time>2026-09-15T10:20:16.000Z</time>
        <speed>1.344</speed>
      </trkpt>
      <trkpt lat="50.5271216" lon="-5.0046865">
        <ele>39.6</ele>
        <time>2026-09-15T10:20:21.000Z</time>
        <speed>1.344</speed>
      </trkpt>
      <trkpt lat="50.5271343" lon="-5.0047800">
        <ele>40.2</ele>
        <time>2026-09-15T10:20:26.000Z</time>
        <speed>1.362</speed>
      </trkpt>
      <trkpt lat="50.5271498" lon="-5.0048315">
        <ele>40.2</ele>
        <time>2026-09-15T10:20:31.000Z</time>
        <speed>1.344</speed>
      </trkpt>
      <trkpt lat="50.5271536" lon="-5.0048423">
        <ele>41.2</ele>
        <time>2026-09-15T10:20:36.000Z</time>
        <speed>0.000</speed>
      </trkpt>
      <trkpt lat="50.5271786" lon="-5.0049218">
        <ele>40.0</ele>
        <time>2026-09-15T10:20:41.000Z</time>
        <speed>0.289</speed>
      </trkpt>
      <trkpt lat="50.5272150" lon="-5.0050133">
        <ele>42.2</ele>
        <time>2026-09-15T10:20:46.000Z</time>
        <speed>1.512</speed>
      </trkpt>
      <trkpt lat="50.5272455" lon="-5.0050956">
        <ele>41.4</ele>
        <time>2026-09-15T10:20:51.000Z</time>
        <speed>1.353</speed>
      </trkpt>
      <trkpt lat="50.5272840" lon="-5.0051804">
        <ele>41.0</ele>
        <time>2026-09-15T10:20:56.000Z</time>
        <speed>1.325</speed>
      </trkpt>
      <trkpt lat="50.5273158" lon="-5.0052674">
        <ele>42.4</ele>
        <time>2026-09-15T10:21:01.000Z</time>
        <speed>1.390</speed>
      </trkpt>
      <trkpt lat="50.5273518" lon="-5.0053532">
        <ele>42.2</ele>
        <time>2026-09-15T10:21:06.000Z</time>
        <speed>1.381</speed>
      </trkpt>
      <trkpt lat="50.5273801" lon="-5.0054384">
        <ele>42.2</ele>
        <time>2026-09-15T10:21:11.000Z</time>
        <speed>1.362</speed>
      </trkpt>
      <trkpt lat="50.5274166" lon="-5.0055266">
        <ele>42.0</ele>
        <time>2026-09-15T10:21:16.000Z</time>
        <speed>1.372</speed>
      </trkpt>
      <trkpt lat="50.5274517" lon="-5.0056035">
        <ele>41.8</ele>
        <time>2026-09-15T10:21:21.000Z</time>
        <speed>1.362</speed>
      </trkpt>
      <trkpt lat="50.5274877" lon="-5.0056945">
        <ele>41.8</ele>
        <time>2026-09-15T10:21:26.000Z</time>
        <speed>1.390</speed>
      </trkpt>
      <trkpt lat="50.5275241" lon="-5.0057725">
        <ele>41.4</ele>
        <time>2026-09-15T10:21:31.000Z</time>
        <speed>1.381</speed>
      </trkpt>
      <trkpt lat="50.5275576" lon="-5.0058570">
        <ele>42.0</ele>
        <time>2026-09-15T10:21:36.000Z</time>
        <speed>1.418</speed>
      </trkpt>
      <trkpt lat="50.5275899" lon="-5.0059446">
        <ele>42.0</ele>
        <time>2026-09-15T10:21:41.000Z</time>
        <speed>1.381</speed>
      </trkpt>
      <trkpt lat="50.5276241" lon="-5.0060150">
        <ele>41.4</ele>
        <time>2026-09-15T10:21:46.000Z</time>
        <speed>1.362</speed>
      </trkpt>
      <trkpt lat="50.5276555" lon="-5.0060888">
        <ele>41.0</ele>
        <time>2026-09-15T10:21:51.000Z</time>
        <speed>1.353</speed>
      </trkpt>
      <trkpt lat="50.5276908" lon="-5.0061696">
        <ele>41.2</ele>
        <time>2026-09-15T10:21:56.000Z</time>
        <speed>1.334</speed>
      </trkpt>
      <trkpt lat="50.5277407" lon="-5.0062105">
        <ele>41.4</ele>
        <time>2026-09-15T10:22:01.000Z</time>
        <speed>1.353</speed>
      </trkpt>
      <trkpt lat="50.5277967" lon="-5.0062273">
        <ele>41.6</ele>
        <time>2026-09-15T10:22:06.000Z</time>
        <speed>1.334</speed>
      </trkpt>
      <trkpt lat="50.5278584" lon="-5.0062527">
        <ele>41.8</ele>
        <time>2026-09-15T10:22:11.000Z</time>
        <speed>1.325</speed>
      </trkpt>
      <trkpt lat="50.5278985" lon="-5.0063146">
        <ele>42.0</ele>
        <time>2026-09-15T10:22:16.000Z</time>
        <speed>1.334</speed>
      </trkpt>
      <trkpt lat="50.5279256" lon="-5.0063943">
        <ele>42.0</ele>
        <time>2026-09-15T10:22:21.000Z</time>
        <speed>1.334</speed>
      </trkpt>
      <trkpt lat="50.5279568" lon="-5.0064797">
        <ele>42.2</ele>
        <time>2026-09-15T10:22:26.000Z</time>
        <speed>1.316</speed>
      </trkpt>
      <trkpt lat="50.5279799" lon="-5.0065646">
        <ele>42.2</ele>
        <time>2026-09-15T10:22:31.000Z</time>
        <speed>1.344</speed>
      </trkpt>
      <trkpt lat="50.5279900" lon="-5.0066485">
        <ele>42.6</ele>
        <time>2026-09-15T10:22:36.000Z</time>
        <speed>1.306</speed>
      </trkpt>
      <trkpt lat="50.5280170" lon="-5.0067429">
        <ele>42.2</ele>
        <time>2026-09-15T10:22:41.000Z</time>
        <speed>1.297</speed>
      </trkpt>
      <trkpt lat="50.5280378" lon="-5.0068302">
        <ele>43.2</ele>
        <time>2026-09-15T10:22:46.000Z</time>
        <speed>1.288</speed>
      </trkpt>
      <trkpt lat="50.5280670" lon="-5.0069338">
        <ele>43.0</ele>
        <time>2026-09-15T10:22:51.000Z</time>
        <speed>1.334</speed>
      </trkpt>
      <trkpt lat="50.5280907" lon="-5.0070246">
        <ele>43.0</ele>
        <time>2026-09-15T10:22:56.000Z</time>
        <speed>1.334</speed>
      </trkpt>
      <trkpt lat="50.5281222" lon="-5.0071280">
        <ele>43.2</ele>
        <time>2026-09-15T10:23:01.000Z</time>
        <speed>1.344</speed>
      </trkpt>
      <trkpt lat="50.5281531" lon="-5.0072149">
        <ele>43.2</ele>
        <time>2026-09-15T10:23:06.000Z</time>
        <speed>1.362</speed>
      </trkpt>
      <trkpt lat="50.5281824" lon="-5.0072961">
        <ele>43.0</ele>
        <time>2026-09-15T10:23:11.000Z</time>
        <speed>1.362</speed>
      </trkpt>
      <trkpt lat="50.5282023" lon="-5.0073784">
        <ele>42.8</ele>
        <time>2026-09-15T10:23:16.000Z</time>
        <speed>1.372</speed>
      </trkpt>
      <trkpt lat="50.5282225" lon="-5.0074685">
        <ele>43.0</ele>
        <time>2026-09-15T10:23:21.000Z</time>
        <speed>1.362</speed>
      </trkpt>
      <trkpt lat="50.5282399" lon="-5.0075657">
        <ele>44.4</ele>
        <time>2026-09-15T10:23:26.000Z</time>
        <speed>1.344</speed>
      </trkpt>
      <trkpt lat="50.5282578" lon="-5.0076657">
        <ele>44.4</ele>
        <time>2026-09-15T10:23:31.000Z</time>
        <speed>1.381</speed>
      </trkpt>
      <trkpt lat="50.5282769" lon="-5.0077713">
        <ele>44.4</ele>
        <time>2026-09-15T10:23:36.000Z</time>
        <speed>1.400</speed>
      </trkpt>
      <trkpt lat="50.5283085" lon="-5.0078790">
        <ele>44.4</ele>
        <time>2026-09-15T10:23:41.000Z</time>
        <speed>1.428</speed>
      </trkpt>
      <trkpt lat="50.5283412" lon="-5.0079680">
        <ele>43.0</ele>
        <time>2026-09-15T10:23:46.000Z</time>
        <speed>1.437</speed>
      </trkpt>
      <trkpt lat="50.5283642" lon="-5.0080218">
        <ele>43.4</ele>
        <time>2026-09-15T10:23:51.000Z</time>
        <speed>1.428</speed>
      </trkpt>
      <trkpt lat="50.5283795" lon="-5.0081045">
        <ele>43.2</ele>
        <time>2026-09-15T10:23:56.000Z</time>
        <speed>1.073</speed>
      </trkpt>
      <trkpt lat="50.5283941" lon="-5.0082006">
        <ele>43.6</ele>
        <time>2026-09-15T10:24:01.000Z</time>
        <speed>1.512</speed>
      </trkpt>
      <trkpt lat="50.5284174" lon="-5.0082936">
        <ele>44.2</ele>
        <time>2026-09-15T10:24:06.000Z</time>
        <speed>1.400</speed>
      </trkpt>
      <trkpt lat="50.5284352" lon="-5.0083809">
        <ele>44.6</ele>
        <time>2026-09-15T10:24:11.000Z</time>
        <speed>1.381</speed>
      </trkpt>
      <trkpt lat="50.5284608" lon="-5.0084756">
        <ele>45.2</ele>
        <time>2026-09-15T10:24:16.000Z</time>
        <speed>1.372</speed>
      </trkpt>
      <trkpt lat="50.5284868" lon="-5.0085694">
        <ele>44.2</ele>
        <time>2026-09-15T10:24:21.000Z</time>
        <speed>1.418</speed>
      </trkpt>
      <trkpt lat="50.5285196" lon="-5.0086607">
        <ele>45.4</ele>
        <time>2026-09-15T10:24:26.000Z</time>
        <speed>1.437</speed>
      </trkpt>
      <trkpt lat="50.5285486" lon="-5.0087408">
        <ele>45.6</ele>
        <time>2026-09-15T10:24:31.000Z</time>
        <speed>1.418</speed>
      </trkpt>
      <trkpt lat="50.5285795" lon="-5.0088258">
        <ele>45.8</ele>
        <time>2026-09-15T10:24:36.000Z</time>
        <speed>1.428</speed>
      </trkpt>
      <trkpt lat="50.5286152" lon="-5.0089140">
        <ele>46.0</ele>
        <time>2026-09-15T10:24:41.000Z</time>
        <speed>1.418</speed>
      </trkpt>
      <trkpt lat="50.5286470" lon="-5.0089988">
        <ele>45.8</ele>
        <time>2026-09-15T10:24:46.000Z</time>
        <speed>1.400</speed>
      </trkpt>
      <trkpt lat="50.5286844" lon="-5.0090903">
        <ele>46.8</ele>
        <time>2026-09-15T10:24:51.000Z</time>
        <speed>1.400</speed>
      </trkpt>
      <trkpt lat="50.5287189" lon="-5.0091731">
        <ele>47.2</ele>
        <time>2026-09-15T10:24:56.000Z</time>
        <speed>1.400</speed>
      </trkpt>
      <trkpt lat="50.5287540" lon="-5.0092609">
        <ele>46.2</ele>
        <time>2026-09-15T10:25:01.000Z</time>
        <speed>1.409</speed>
      </trkpt>
      <trkpt lat="50.5287985" lon="-5.0093530">
        <ele>46.0</ele>
        <time>2026-09-15T10:25:06.000Z</time>
        <speed>1.428</speed>
      </trkpt>
      <trkpt lat="50.5288380" lon="-5.0094349">
        <ele>46.0</ele>
        <time>2026-09-15T10:25:11.000Z</time>
        <speed>1.456</speed>
      </trkpt>
      <trkpt lat="50.5288691" lon="-5.0095116">
        <ele>45.8</ele>
        <time>2026-09-15T10:25:16.000Z</time>
        <speed>1.446</speed>
      </trkpt>
      <trkpt lat="50.5289153" lon="-5.0095904">
        <ele>45.2</ele>
        <time>2026-09-15T10:25:21.000Z</time>
        <speed>1.437</speed>
      </trkpt>
      <trkpt lat="50.5289591" lon="-5.0096485">
        <ele>46.2</ele>
        <time>2026-09-15T10:25:26.000Z</time>
        <speed>1.437</speed>
      </trkpt>
      <trkpt lat="50.5289704" lon="-5.0096671">
        <ele>46.6</ele>
        <time>2026-09-15T10:25:31.000Z</time>
        <speed>0.000</speed>
      </trkpt>
      <trkpt lat="50.5289915" lon="-5.0097316">
        <ele>46.0</ele>
        <time>2026-09-15T10:25:36.000Z</time>
        <speed>0.774</speed>
      </trkpt>
      <trkpt lat="50.5290114" lon="-5.0098106">
        <ele>46.0</ele>
        <time>2026-09-15T10:25:41.000Z</time>
        <speed>1.260</speed>
      </trkpt>
      <trkpt lat="50.5290442" lon="-5.0098917">
        <ele>45.6</ele>
        <time>2026-09-15T10:25:46.000Z</time>
        <speed>1.353</speed>
      </trkpt>
      <trkpt lat="50.5290837" lon="-5.0099673">
        <ele>46.6</ele>
        <time>2026-09-15T10:25:51.000Z</time>
        <speed>1.362</speed>
      </trkpt>
      <trkpt lat="50.5291226" lon="-5.0100470">
        <ele>46.2</ele>
        <time>2026-09-15T10:25:56.000Z</time>
        <speed>1.381</speed>
      </trkpt>
      <trkpt lat="50.5291679" lon="-5.0101268">
        <ele>46.6</ele>
        <time>2026-09-15T10:26:01.000Z</time>
        <speed>1.400</speed>
      </trkpt>
      <trkpt lat="50.5292130" lon="-5.0101995">
        <ele>46.8</ele>
        <time>2026-09-15T10:26:06.000Z</time>
        <speed>1.474</speed>
      </trkpt>
      <trkpt lat="50.5292539" lon="-5.0102729">
        <ele>47.0</ele>
        <time>2026-09-15T10:26:11.000Z</time>
        <speed>1.446</speed>
      </trkpt>
      <trkpt lat="50.5292974" lon="-5.0103516">
        <ele>46.8</ele>
        <time>2026-09-15T10:26:16.000Z</time>
        <speed>1.474</speed>
      </trkpt>
      <trkpt lat="50.5293352" lon="-5.0104265">
        <ele>46.6</ele>
        <time>2026-09-15T10:26:21.000Z</time>
        <speed>1.446</speed>
      </trkpt>
      <trkpt lat="50.5293698" lon="-5.0105239">
        <ele>46.4</ele>
        <time>2026-09-15T10:26:26.000Z</time>
        <speed>1.456</speed>
      </trkpt>
      <trkpt lat="50.5294051" lon="-5.0106073">
        <ele>46.4</ele>
        <time>2026-09-15T10:26:31.000Z</time>
        <speed>1.465</speed>
      </trkpt>
      <trkpt lat="50.5294476" lon="-5.0107056">
        <ele>45.8</ele>
        <time>2026-09-15T10:26:36.000Z</time>
        <speed>1.465</speed>
      </trkpt>
      <trkpt lat="50.5294854" lon="-5.0107900">
        <ele>46.2</ele>
        <time>2026-09-15T10:26:41.000Z</time>
        <speed>1.484</speed>
      </trkpt>
      <trkpt lat="50.5295262" lon="-5.0108596">
        <ele>46.0</ele>
        <time>2026-09-15T10:26:46.000Z</time>
        <speed>1.493</speed>
      </trkpt>
      <trkpt lat="50.5295592" lon="-5.0109278">
        <ele>45.8</ele>
        <time>2026-09-15T10:26:51.000Z</time>
        <speed>1.428</speed>
      </trkpt>
      <trkpt lat="50.5295923" lon="-5.0110123">
        <ele>45.6</ele>
        <time>2026-09-15T10:26:56.000Z</time>
        <speed>1.390</speed>
      </trkpt>
      <trkpt lat="50.5296327" lon="-5.0111016">
        <ele>43.8</ele>
        <time>2026-09-15T10:27:01.000Z</time>
        <speed>1.400</speed>
      </trkpt>
      <trkpt lat="50.5296711" lon="-5.0111884">
        <ele>43.4</ele>
        <time>2026-09-15T10:27:06.000Z</time>
        <speed>1.418</speed>
      </trkpt>
      <trkpt lat="50.5297070" lon="-5.0112672">
        <ele>43.6</ele>
        <time>2026-09-15T10:27:11.000Z</time>
        <speed>1.428</speed>
      </trkpt>
      <trkpt lat="50.5297441" lon="-5.0113467">
        <ele>43.4</ele>
        <time>2026-09-15T10:27:16.000Z</time>
        <speed>1.437</speed>
      </trkpt>
      <trkpt lat="50.5297659" lon="-5.0114298">
        <ele>43.0</ele>
        <time>2026-09-15T10:27:21.000Z</time>
        <speed>1.437</speed>
      </trkpt>
      <trkpt lat="50.5297900" lon="-5.0115089">
        <ele>43.0</ele>
        <time>2026-09-15T10:27:26.000Z</time>
        <speed>1.418</speed>
      </trkpt>
      <trkpt lat="50.5298284" lon="-5.0115908">
        <ele>42.0</ele>
        <time>2026-09-15T10:27:31.000Z</time>
        <speed>1.409</speed>
      </trkpt>
      <trkpt lat="50.5298751" lon="-5.0116765">
        <ele>41.8</ele>
        <time>2026-09-15T10:27:36.000Z</time>
        <speed>1.437</speed>
      </trkpt>
      <trkpt lat="50.5299117" lon="-5.0117466">
        <ele>41.8</ele>
        <time>2026-09-15T10:27:41.000Z</time>
        <speed>1.437</speed>
      </trkpt>
      <trkpt lat="50.5299476" lon="-5.0118251">
        <ele>41.0</ele>
        <time>2026-09-15T10:27:46.000Z</time>
        <speed>1.428</speed>
      </trkpt>
      <trkpt lat="50.5299755" lon="-5.0118933">
        <ele>41.4</ele>
        <time>2026-09-15T10:27:51.000Z</time>
        <speed>1.428</speed>
      </trkpt>
      <trkpt lat="50.5299998" lon="-5.0119681">
        <ele>41.2</ele>
        <time>2026-09-15T10:27:56.000Z</time>
        <speed>1.362</speed>
      </trkpt>
      <trkpt lat="50.5300289" lon="-5.0120577">
        <ele>41.0</ele>
        <time>2026-09-15T10:28:01.000Z</time>
        <speed>1.353</speed>
      </trkpt>
      <trkpt lat="50.5300574" lon="-5.0121446">
        <ele>41.0</ele>
        <time>2026-09-15T10:28:06.000Z</time>
        <speed>1.381</speed>
      </trkpt>
      <trkpt lat="50.5300939" lon="-5.0122265">
        <ele>40.8</ele>
        <time>2026-09-15T10:28:11.000Z</time>
        <speed>1.372</speed>
      </trkpt>
      <trkpt lat="50.5301349" lon="-5.0123142">
        <ele>40.6</ele>
        <time>2026-09-15T10:28:16.000Z</time>
        <speed>1.400</speed>
      </trkpt>
      <trkpt lat="50.5301632" lon="-5.0123753">
        <ele>39.8</ele>
        <time>2026-09-15T10:28:21.000Z</time>
        <speed>1.409</speed>
      </trkpt>
      <trkpt lat="50.5301660" lon="-5.0123850">
        <ele>40.4</ele>
        <time>2026-09-15T10:28:26.000Z</time>
        <speed>1.362</speed>
      </trkpt>
      <trkpt lat="50.5301637" lon="-5.0123858">
        <ele>40.6</ele>
        <time>2026-09-15T10:28:31.000Z</time>
        <speed>0.000</speed>
      </trkpt>
      <trkpt lat="50.5301784" lon="-5.0124392">
        <ele>40.0</ele>
        <time>2026-09-15T10:28:36.000Z</time>
        <speed>0.000</speed>
      </trkpt>
      <trkpt lat="50.5302015" lon="-5.0125301">
        <ele>39.8</ele>
        <time>2026-09-15T10:28:41.000Z</time>
        <speed>1.306</speed>
      </trkpt>
      <trkpt lat="50.5302337" lon="-5.0126142">
        <ele>40.0</ele>
        <time>2026-09-15T10:28:46.000Z</time>
        <speed>1.437</speed>
      </trkpt>
      <trkpt lat="50.5302575" lon="-5.0126976">
        <ele>39.8</ele>
        <time>2026-09-15T10:28:51.000Z</time>
        <speed>1.344</speed>
      </trkpt>
      <trkpt lat="50.5302813" lon="-5.0127888">
        <ele>39.4</ele>
        <time>2026-09-15T10:28:56.000Z</time>
        <speed>1.409</speed>
      </trkpt>
      <trkpt lat="50.5303035" lon="-5.0128723">
        <ele>39.4</ele>
        <time>2026-09-15T10:29:01.000Z</time>
        <speed>1.390</speed>
      </trkpt>
      <trkpt lat="50.5303315" lon="-5.0129631">
        <ele>39.2</ele>
        <time>2026-09-15T10:29:06.000Z</time>
        <speed>1.325</speed>
      </trkpt>
      <trkpt lat="50.5303589" lon="-5.0130556">
        <ele>39.2</ele>
        <time>2026-09-15T10:29:11.000Z</time>
        <speed>1.437</speed>
      </trkpt>
      <trkpt lat="50.5303772" lon="-5.0131550">
        <ele>38.4</ele>
        <time>2026-09-15T10:29:16.000Z</time>
        <speed>1.437</speed>
      </trkpt>
      <trkpt lat="50.5303929" lon="-5.0132540">
        <ele>37.8</ele>
        <time>2026-09-15T10:29:21.000Z</time>
        <speed>1.437</speed>
      </trkpt>
      <trkpt lat="50.5304150" lon="-5.0133497">
        <ele>40.0</ele>
        <time>2026-09-15T10:29:26.000Z</time>
        <speed>1.418</speed>
      </trkpt>
      <trkpt lat="50.5304391" lon="-5.0134514">
        <ele>39.0</ele>
        <time>2026-09-15T10:29:31.000Z</time>
        <speed>1.456</speed>
      </trkpt>
      <trkpt lat="50.5304589" lon="-5.0135476">
        <ele>38.6</ele>
        <time>2026-09-15T10:29:36.000Z</time>
        <speed>1.446</speed>
      </trkpt>
      <trkpt lat="50.5304805" lon="-5.0136479">
        <ele>37.8</ele>
        <time>2026-09-15T10:29:41.000Z</time>
        <speed>1.446</speed>
      </trkpt>
      <trkpt lat="50.5304983" lon="-5.0137489">
        <ele>37.6</ele>
        <time>2026-09-15T10:29:46.000Z</time>
        <speed>1.456</speed>
      </trkpt>
      <trkpt lat="50.5305144" lon="-5.0138438">
        <ele>37.2</ele>
        <time>2026-09-15T10:29:51.000Z</time>
        <speed>1.446</speed>
      </trkpt>
      <trkpt lat="50.5305261" lon="-5.0139443">
        <ele>37.0</ele>
        <time>2026-09-15T10:29:56.000Z</time>
        <speed>1.465</speed>
      </trkpt>
      <trkpt lat="50.5305430" lon="-5.0140404">
        <ele>36.6</ele>
        <time>2026-09-15T10:30:01.000Z</time>
        <speed>1.446</speed>
      </trkpt>
      <trkpt lat="50.5305586" lon="-5.0141456">
        <ele>36.2</ele>
        <time>2026-09-15T10:30:06.000Z</time>
        <speed>1.446</speed>
      </trkpt>
      <trkpt lat="50.5305691" lon="-5.0142520">
        <ele>35.4</ele>
        <time>2026-09-15T10:30:11.000Z</time>
        <speed>1.456</speed>
      </trkpt>
      <trkpt lat="50.5305795" lon="-5.0143541">
        <ele>34.6</ele>
        <time>2026-09-15T10:30:16.000Z</time>
        <speed>1.465</speed>
      </trkpt>
      <trkpt lat="50.5305935" lon="-5.0144631">
        <ele>34.4</ele>
        <time>2026-09-15T10:30:21.000Z</time>
        <speed>1.456</speed>
      </trkpt>
      <trkpt lat="50.5306131" lon="-5.0145698">
        <ele>33.8</ele>
        <time>2026-09-15T10:30:26.000Z</time>
        <speed>1.484</speed>
      </trkpt>
      <trkpt lat="50.5306283" lon="-5.0146757">
        <ele>33.8</ele>
        <time>2026-09-15T10:30:31.000Z</time>
        <speed>1.484</speed>
      </trkpt>
      <trkpt lat="50.5306443" lon="-5.0147682">
        <ele>33.2</ele>
        <time>2026-09-15T10:30:36.000Z</time>
        <speed>1.484</speed>
      </trkpt>
      <trkpt lat="50.5306518" lon="-5.0148614">
        <ele>32.8</ele>
        <time>2026-09-15T10:30:41.000Z</time>
        <speed>1.465</speed>
      </trkpt>
      <trkpt lat="50.5306551" lon="-5.0149570">
        <ele>32.6</ele>
        <time>2026-09-15T10:30:46.000Z</time>
        <speed>1.446</speed>
      </trkpt>
      <trkpt lat="50.5306583" lon="-5.0150523">
        <ele>32.0</ele>
        <time>2026-09-15T10:30:51.000Z</time>
        <speed>1.428</speed>
      </trkpt>
      <trkpt lat="50.5306556" lon="-5.0151532">
        <ele>31.8</ele>
        <time>2026-09-15T10:30:56.000Z</time>
        <speed>1.418</speed>
      </trkpt>
      <trkpt lat="50.5306562" lon="-5.0152420">
        <ele>31.4</ele>
        <time>2026-09-15T10:31:01.000Z</time>
        <speed>1.409</speed>
      </trkpt>
      <trkpt lat="50.5306544" lon="-5.0153497">
        <ele>31.0</ele>
        <time>2026-09-15T10:31:06.000Z</time>
        <speed>1.400</speed>
      </trkpt>
      <trkpt lat="50.5306564" lon="-5.0154408">
        <ele>30.6</ele>
        <time>2026-09-15T10:31:11.000Z</time>
        <speed>1.409</speed>
      </trkpt>
      <trkpt lat="50.5306460" lon="-5.0155532">
        <ele>30.4</ele>
        <time>2026-09-15T10:31:16.000Z</time>
        <speed>1.409</speed>
      </trkpt>
      <trkpt lat="50.5306432" lon="-5.0156561">
        <ele>29.8</ele>
        <time>2026-09-15T10:31:21.000Z</time>
        <speed>1.437</speed>
      </trkpt>
      <trkpt lat="50.5306370" lon="-5.0157599">
        <ele>29.8</ele>
        <time>2026-09-15T10:31:26.000Z</time>
        <speed>1.437</speed>
      </trkpt>
      <trkpt lat="50.5306316" lon="-5.0158516">
        <ele>29.2</ele>
        <time>2026-09-15T10:31:31.000Z</time>
        <speed>1.437</speed>
      </trkpt>
      <trkpt lat="50.5306327" lon="-5.0159586">
        <ele>29.0</ele>
        <time>2026-09-15T10:31:36.000Z</time>
        <speed>1.428</speed>
      </trkpt>
      <trkpt lat="50.5306372" lon="-5.0160675">
        <ele>28.6</ele>
        <time>2026-09-15T10:31:41.000Z</time>
        <speed>1.437</speed>
      </trkpt>
      <trkpt lat="50.5306538" lon="-5.0161557">
        <ele>28.0</ele>
        <time>2026-09-15T10:31:46.000Z</time>
        <speed>1.437</speed>
      </trkpt>
      <trkpt lat="50.5306687" lon="-5.0162463">
        <ele>27.4</ele>
        <time>2026-09-15T10:31:51.000Z</time>
        <speed>1.428</speed>
      </trkpt>
      <trkpt lat="50.5306840" lon="-5.0163354">
        <ele>27.0</ele>
        <time>2026-09-15T10:31:56.000Z</time>
        <speed>1.400</speed>
      </trkpt>
      <trkpt lat="50.5307000" lon="-5.0164347">
        <ele>26.6</ele>
        <time>2026-09-15T10:32:01.000Z</time>
        <speed>1.409</speed>
      </trkpt>
      <trkpt lat="50.5307182" lon="-5.0165234">
        <ele>26.4</ele>
        <time>2026-09-15T10:32:06.000Z</time>
        <speed>1.400</speed>
      </trkpt>
      <trkpt lat="50.5307387" lon="-5.0166187">
        <ele>26.0</ele>
        <time>2026-09-15T10:32:11.000Z</time>
        <speed>1.409</speed>
      </trkpt>
      <trkpt lat="50.5307537" lon="-5.0167004">
        <ele>25.8</ele>
        <time>2026-09-15T10:32:16.000Z</time>
        <speed>1.400</speed>
      </trkpt>
      <trkpt lat="50.5307727" lon="-5.0168012">
        <ele>25.6</ele>
        <time>2026-09-15T10:32:21.000Z</time>
        <speed>1.381</speed>
      </trkpt>
      <trkpt lat="50.5307950" lon="-5.0169057">
        <ele>25.4</ele>
        <time>2026-09-15T10:32:26.000Z</time>
        <speed>1.390</speed>
      </trkpt>
      <trkpt lat="50.5308105" lon="-5.0170014">
        <ele>25.2</ele>
        <time>2026-09-15T10:32:31.000Z</time>
        <speed>1.400</speed>
      </trkpt>
      <trkpt lat="50.5308223" lon="-5.0171083">
        <ele>25.0</ele>
        <time>2026-09-15T10:32:36.000Z</time>
        <speed>1.418</speed>
      </trkpt>
      <trkpt lat="50.5308385" lon="-5.0172078">
        <ele>24.6</ele>
        <time>2026-09-15T10:32:41.000Z</time>
        <speed>1.409</speed>
      </trkpt>
      <trkpt lat="50.5308479" lon="-5.0173170">
        <ele>24.4</ele>
        <time>2026-09-15T10:32:46.000Z</time>
        <speed>1.437</speed>
      </trkpt>
      <trkpt lat="50.5308533" lon="-5.0174196">
        <ele>23.6</ele>
        <time>2026-09-15T10:32:51.000Z</time>
        <speed>1.437</speed>
      </trkpt>
      <trkpt lat="50.5308612" lon="-5.0175207">
        <ele>23.6</ele>
        <time>2026-09-15T10:32:56.000Z</time>
        <speed>1.446</speed>
      </trkpt>
      <trkpt lat="50.5308696" lon="-5.0176199">
        <ele>23.6</ele>
        <time>2026-09-15T10:33:01.000Z</time>
        <speed>1.446</speed>
      </trkpt>
      <trkpt lat="50.5308783" lon="-5.0177231">
        <ele>23.4</ele>
        <time>2026-09-15T10:33:06.000Z</time>
        <speed>1.428</speed>
      </trkpt>
      <trkpt lat="50.5308834" lon="-5.0178278">
        <ele>22.8</ele>
        <time>2026-09-15T10:33:11.000Z</time>
        <speed>1.437</speed>
      </trkpt>
      <trkpt lat="50.5308903" lon="-5.0179357">
        <ele>22.8</ele>
        <time>2026-09-15T10:33:16.000Z</time>
        <speed>1.446</speed>
      </trkpt>
      <trkpt lat="50.5309019" lon="-5.0180377">
        <ele>22.2</ele>
        <time>2026-09-15T10:33:21.000Z</time>
        <speed>1.456</speed>
      </trkpt>
      <trkpt lat="50.5309141" lon="-5.0181453">
        <ele>22.4</ele>
        <time>2026-09-15T10:33:26.000Z</time>
        <speed>1.465</speed>
      </trkpt>
      <trkpt lat="50.5309180" lon="-5.0182506">
        <ele>20.4</ele>
        <time>2026-09-15T10:33:31.000Z</time>
        <speed>1.474</speed>
      </trkpt>
      <trkpt lat="50.5309154" lon="-5.0183463">
        <ele>20.4</ele>
        <time>2026-09-15T10:33:36.000Z</time>
        <speed>1.465</speed>
      </trkpt>
      <trkpt lat="50.5309199" lon="-5.0184459">
        <ele>20.6</ele>
        <time>2026-09-15T10:33:41.000Z</time>
        <speed>1.456</speed>
      </trkpt>
      <trkpt lat="50.5309241" lon="-5.0185557">
        <ele>19.4</ele>
        <time>2026-09-15T10:33:46.000Z</time>
        <speed>1.446</speed>
      </trkpt>
      <trkpt lat="50.5309286" lon="-5.0186571">
        <ele>19.6</ele>
        <time>2026-09-15T10:33:51.000Z</time>
        <speed>1.456</speed>
      </trkpt>
      <trkpt lat="50.5309336" lon="-5.0187649">
        <ele>22.0</ele>
        <time>2026-09-15T10:33:56.000Z</time>
        <speed>1.474</speed>
      </trkpt>
      <trkpt lat="50.5309407" lon="-5.0188564">
        <ele>22.2</ele>
        <time>2026-09-15T10:34:01.000Z</time>
        <speed>1.446</speed>
      </trkpt>
      <trkpt lat="50.5309434" lon="-5.0189625">
        <ele>21.4</ele>
        <time>2026-09-15T10:34:06.000Z</time>
        <speed>1.456</speed>
      </trkpt>
      <trkpt lat="50.5309398" lon="-5.0190601">
        <ele>21.2</ele>
        <time>2026-09-15T10:34:11.000Z</time>
        <speed>1.456</speed>
      </trkpt>
      <trkpt lat="50.5309283" lon="-5.0191621">
        <ele>21.0</ele>
        <time>2026-09-15T10:34:16.000Z</time>
        <speed>1.446</speed>
      </trkpt>
      <trkpt lat="50.5309074" lon="-5.0192658">
        <ele>20.8</ele>
        <time>2026-09-15T10:34:21.000Z</time>
        <speed>1.456</speed>
      </trkpt>
      <trkpt lat="50.5308953" lon="-5.0193614">
        <ele>20.8</ele>
        <time>2026-09-15T10:34:26.000Z</time>
        <speed>1.446</speed>
      </trkpt>
      <trkpt lat="50.5308727" lon="-5.0194606">
        <ele>20.2</ele>
        <time>2026-09-15T10:34:31.000Z</time>
        <speed>1.465</speed>
      </trkpt>
      <trkpt lat="50.5308564" lon="-5.0195443">
        <ele>19.8</ele>
        <time>2026-09-15T10:34:36.000Z</time>
        <speed>1.456</speed>
      </trkpt>
      <trkpt lat="50.5308281" lon="-5.0196422">
        <ele>19.8</ele>
        <time>2026-09-15T10:34:41.000Z</time>
        <speed>1.465</speed>
      </trkpt>
      <trkpt lat="50.5308099" lon="-5.0197362">
        <ele>19.6</ele>
        <time>2026-09-15T10:34:46.000Z</time>
        <speed>1.446</speed>
      </trkpt>
      <trkpt lat="50.5307995" lon="-5.0198409">
        <ele>19.4</ele>
        <time>2026-09-15T10:34:51.000Z</time>
        <speed>1.437</speed>
      </trkpt>
      <trkpt lat="50.5307884" lon="-5.0199502">
        <ele>19.0</ele>
        <time>2026-09-15T10:34:56.000Z</time>
        <speed>1.456</speed>
      </trkpt>
      <trkpt lat="50.5307820" lon="-5.0200543">
        <ele>18.6</ele>
        <time>2026-09-15T10:35:01.000Z</time>
        <speed>1.465</speed>
      </trkpt>
      <trkpt lat="50.5307830" lon="-5.0201581">
        <ele>17.8</ele>
        <time>2026-09-15T10:35:06.000Z</time>
        <speed>1.456</speed>
      </trkpt>
      <trkpt lat="50.5307814" lon="-5.0202650">
        <ele>17.4</ele>
        <time>2026-09-15T10:35:11.000Z</time>
        <speed>1.465</speed>
      </trkpt>
      <trkpt lat="50.5307892" lon="-5.0203684">
        <ele>17.2</ele>
        <time>2026-09-15T10:35:16.000Z</time>
        <speed>1.465</speed>
      </trkpt>
      <trkpt lat="50.5308004" lon="-5.0204699">
        <ele>17.2</ele>
        <time>2026-09-15T10:35:21.000Z</time>
        <speed>1.456</speed>
      </trkpt>
      <trkpt lat="50.5308005" lon="-5.0205761">
        <ele>16.6</ele>
        <time>2026-09-15T10:35:26.000Z</time>
        <speed>1.465</speed>
      </trkpt>
      <trkpt lat="50.5307914" lon="-5.0206714">
        <ele>15.8</ele>
        <time>2026-09-15T10:35:31.000Z</time>
        <speed>1.465</speed>
      </trkpt>
      <trkpt lat="50.5307982" lon="-5.0207705">
        <ele>16.0</ele>
        <time>2026-09-15T10:35:36.000Z</time>
        <speed>1.456</speed>
      </trkpt>
      <trkpt lat="50.5308180" lon="-5.0208537">
        <ele>15.4</ele>
        <time>2026-09-15T10:35:41.000Z</time>
        <speed>1.437</speed>
      </trkpt>
      <trkpt lat="50.5308382" lon="-5.0209613">
        <ele>14.8</ele>
        <time>2026-09-15T10:35:46.000Z</time>
        <speed>1.437</speed>
      </trkpt>
      <trkpt lat="50.5308599" lon="-5.0210512">
        <ele>14.6</ele>
        <time>2026-09-15T10:35:51.000Z</time>
        <speed>1.446</speed>
      </trkpt>
      <trkpt lat="50.5308876" lon="-5.0211379">
        <ele>14.0</ele>
        <time>2026-09-15T10:35:56.000Z</time>
        <speed>1.418</speed>
      </trkpt>
      <trkpt lat="50.5309176" lon="-5.0212373">
        <ele>14.2</ele>
        <time>2026-09-15T10:36:01.000Z</time>
        <speed>1.437</speed>
      </trkpt>
      <trkpt lat="50.5309462" lon="-5.0213260">
        <ele>15.2</ele>
        <time>2026-09-15T10:36:06.000Z</time>
        <speed>1.437</speed>
      </trkpt>
      <trkpt lat="50.5309739" lon="-5.0214085">
        <ele>14.4</ele>
        <time>2026-09-15T10:36:11.000Z</time>
        <speed>1.437</speed>
      </trkpt>
      <trkpt lat="50.5310149" lon="-5.0214982">
        <ele>14.0</ele>
        <time>2026-09-15T10:36:16.000Z</time>
        <speed>1.446</speed>
      </trkpt>
      <trkpt lat="50.5310478" lon="-5.0215791">
        <ele>14.2</ele>
        <time>2026-09-15T10:36:21.000Z</time>
        <speed>1.446</speed>
      </trkpt>
      <trkpt lat="50.5310664" lon="-5.0216660">
        <ele>14.2</ele>
        <time>2026-09-15T10:36:26.000Z</time>
        <speed>1.437</speed>
      </trkpt>
      <trkpt lat="50.5310887" lon="-5.0217537">
        <ele>13.6</ele>
        <time>2026-09-15T10:36:31.000Z</time>
        <speed>1.390</speed>
      </trkpt>
      <trkpt lat="50.5311159" lon="-5.0218402">
        <ele>13.4</ele>
        <time>2026-09-15T10:36:36.000Z</time>
        <speed>1.409</speed>
      </trkpt>
      <trkpt lat="50.5311475" lon="-5.0219211">
        <ele>13.6</ele>
        <time>2026-09-15T10:36:41.000Z</time>
        <speed>1.381</speed>
      </trkpt>
      <trkpt lat="50.5311792" lon="-5.0220109">
        <ele>13.2</ele>
        <time>2026-09-15T10:36:46.000Z</time>
        <speed>1.400</speed>
      </trkpt>
      <trkpt lat="50.5311996" lon="-5.0220954">
        <ele>12.6</ele>
        <time>2026-09-15T10:36:51.000Z</time>
        <speed>1.409</speed>
      </trkpt>
      <trkpt lat="50.5312187" lon="-5.0221642">
        <ele>14.4</ele>
        <time>2026-09-15T10:36:56.000Z</time>
        <speed>1.381</speed>
      </trkpt>
      <trkpt lat="50.5312042" lon="-5.0221773">
        <ele>13.8</ele>
        <time>2026-09-15T10:37:01.000Z</time>
        <speed>1.232</speed>
      </trkpt>
      <trkpt lat="50.5311726" lon="-5.0221611">
        <ele>13.8</ele>
        <time>2026-09-15T10:37:06.000Z</time>
        <speed>0.000</speed>
      </trkpt>
      <trkpt lat="50.5311284" lon="-5.0221687">
        <ele>12.8</ele>
        <time>2026-09-15T10:37:11.000Z</time>
        <speed>0.532</speed>
      </trkpt>
      <trkpt lat="50.5311079" lon="-5.0221671">
        <ele>13.2</ele>
        <time>2026-09-15T10:37:16.000Z</time>
        <speed>0.000</speed>
      </trkpt>
      <trkpt lat="50.5311012" lon="-5.0221442">
        <ele>13.2</ele>
        <time>2026-09-15T10:37:21.000Z</time>
        <speed>0.000</speed>
      </trkpt>
      <trkpt lat="50.5310986" lon="-5.0221063">
        <ele>13.0</ele>
        <time>2026-09-15T10:37:26.000Z</time>
        <speed>0.000</speed>
      </trkpt>
      <trkpt lat="50.5311115" lon="-5.0221304">
        <ele>12.6</ele>
        <time>2026-09-15T10:37:31.000Z</time>
        <speed>0.000</speed>
      </trkpt>
      <trkpt lat="50.5311174" lon="-5.0221413">
        <ele>13.4</ele>
        <time>2026-09-15T10:37:36.000Z</time>
        <speed>0.000</speed>
      </trkpt>
      <trkpt lat="50.5311187" lon="-5.0221467">
        <ele>13.6</ele>
        <time>2026-09-15T10:37:41.000Z</time>
        <speed>0.000</speed>
      </trkpt>
      <trkpt lat="50.5311189" lon="-5.0221480">
        <ele>12.6</ele>
        <time>2026-09-15T10:37:46.000Z</time>
        <speed>0.000</speed>
      </trkpt>
      <trkpt lat="50.5311191" lon="-5.0221492">
        <ele>13.2</ele>
        <time>2026-09-15T10:37:51.000Z</time>
        <speed>0.000</speed>
      </trkpt>
      <trkpt lat="50.5311191" lon="-5.0221493">
        <ele>13.4</ele>
        <time>2026-09-15T10:37:56.000Z</time>
        <speed>0.000</speed>
      </trkpt>
      <trkpt lat="50.5311190" lon="-5.0221457">
        <ele>13.2</ele>
        <time>2026-09-15T10:38:01.000Z</time>
        <speed>0.000</speed>
      </trkpt>
      <trkpt lat="50.5311069" lon="-5.0221060">
        <ele>12.4</ele>
        <time>2026-09-15T10:38:06.000Z</time>
        <speed>0.000</speed>
      </trkpt>
      <trkpt lat="50.5311047" lon="-5.0220890">
        <ele>12.6</ele>
        <time>2026-09-15T10:38:11.000Z</time>
        <speed>0.000</speed>
      </trkpt>
      <trkpt lat="50.5311059" lon="-5.0220986">
        <ele>12.2</ele>
        <time>2026-09-15T10:38:16.000Z</time>
        <speed>0.000</speed>
      </trkpt>
      <trkpt lat="50.5311068" lon="-5.0221014">
        <ele>11.6</ele>
        <time>2026-09-15T10:38:21.000Z</time>
        <speed>0.000</speed>
      </trkpt>
      <trkpt lat="50.5311061" lon="-5.0220998">
        <ele>13.6</ele>
        <time>2026-09-15T10:38:26.000Z</time>
        <speed>0.000</speed>
      </trkpt>
      <trkpt lat="50.5311057" lon="-5.0220998">
        <ele>13.2</ele>
        <time>2026-09-15T10:38:31.000Z</time>
        <speed>0.000</speed>
      </trkpt>
      <trkpt lat="50.5311050" lon="-5.0220995">
        <ele>12.8</ele>
        <time>2026-09-15T10:38:36.000Z</time>
        <speed>0.000</speed>
      </trkpt>
      <trkpt lat="50.5311041" lon="-5.0220990">
        <ele>13.4</ele>
        <time>2026-09-15T10:38:41.000Z</time>
        <speed>0.000</speed>
      </trkpt>
      <trkpt lat="50.5311032" lon="-5.0220985">
        <ele>12.8</ele>
        <time>2026-09-15T10:38:46.000Z</time>
        <speed>0.000</speed>
      </trkpt>
      <trkpt lat="50.5311025" lon="-5.0220980">
        <ele>13.2</ele>
        <time>2026-09-15T10:38:51.000Z</time>
        <speed>0.000</speed>
      </trkpt>
      <trkpt lat="50.5311020" lon="-5.0220978">
        <ele>13.4</ele>
        <time>2026-09-15T10:38:56.000Z</time>
        <speed>0.000</speed>
      </trkpt>
      <trkpt lat="50.5311019" lon="-5.0220977">
        <ele>12.4</ele>
        <time>2026-09-15T10:39:01.000Z</time>
        <speed>0.000</speed>
      </trkpt>
      <trkpt lat="50.5311023" lon="-5.0220974">
        <ele>13.4</ele>
        <time>2026-09-15T10:39:06.000Z</time>
        <speed>0.000</speed>
      </trkpt>
      <trkpt lat="50.5311046" lon="-5.0220946">
        <ele>13.2</ele>
        <time>2026-09-15T10:39:11.000Z</time>
        <speed>0.000</speed>
      </trkpt>
      <trkpt lat="50.5311034" lon="-5.0221102">
        <ele>13.4</ele>
        <time>2026-09-15T10:39:16.000Z</time>
        <speed>0.000</speed>
      </trkpt>
      <trkpt lat="50.5311156" lon="-5.0221416">
        <ele>12.8</ele>
        <time>2026-09-15T10:39:21.000Z</time>
        <speed>0.000</speed>
      </trkpt>
      <trkpt lat="50.5311207" lon="-5.0221519">
        <ele>12.8</ele>
        <time>2026-09-15T10:39:26.000Z</time>
        <speed>0.000</speed>
      </trkpt>
      <trkpt lat="50.5311229" lon="-5.0221538">
        <ele>13.0</ele>
        <time>2026-09-15T10:39:31.000Z</time>
        <speed>0.000</speed>
      </trkpt>
      <trkpt lat="50.5311229" lon="-5.0221534">
        <ele>12.4</ele>
        <time>2026-09-15T10:39:36.000Z</time>
        <speed>0.000</speed>
      </trkpt>
      <trkpt lat="50.5311188" lon="-5.0221568">
        <ele>13.4</ele>
        <time>2026-09-15T10:39:41.000Z</time>
        <speed>0.000</speed>
      </trkpt>
      <trkpt lat="50.5311421" lon="-5.0221744">
        <ele>13.4</ele>
        <time>2026-09-15T10:39:46.000Z</time>
        <speed>0.000</speed>
      </trkpt>
      <trkpt lat="50.5311957" lon="-5.0221972">
        <ele>13.4</ele>
        <time>2026-09-15T10:39:51.000Z</time>
        <speed>1.017</speed>
      </trkpt>
      <trkpt lat="50.5312383" lon="-5.0222242">
        <ele>13.4</ele>
        <time>2026-09-15T10:39:56.000Z</time>
        <speed>1.456</speed>
      </trkpt>
      <trkpt lat="50.5312520" lon="-5.0222597">
        <ele>13.2</ele>
        <time>2026-09-15T10:40:01.000Z</time>
        <speed>1.185</speed>
      </trkpt>
      <trkpt lat="50.5312512" lon="-5.0222621">
        <ele>12.0</ele>
        <time>2026-09-15T10:40:06.000Z</time>
        <speed>0.877</speed>
      </trkpt>
      <trkpt lat="50.5312572" lon="-5.0222879">
        <ele>13.4</ele>
        <time>2026-09-15T10:40:11.000Z</time>
        <speed>0.000</speed>
      </trkpt>
      <trkpt lat="50.5312768" lon="-5.0223783">
        <ele>13.2</ele>
        <time>2026-09-15T10:40:16.000Z</time>
        <speed>0.560</speed>
      </trkpt>
      <trkpt lat="50.5312882" lon="-5.0224570">
        <ele>13.4</ele>
        <time>2026-09-15T10:40:21.000Z</time>
        <speed>1.381</speed>
      </trkpt>
      <trkpt lat="50.5312976" lon="-5.0225396">
        <ele>12.6</ele>
        <time>2026-09-15T10:40:26.000Z</time>
        <speed>1.306</speed>
      </trkpt>
      <trkpt lat="50.5313073" lon="-5.0226177">
        <ele>11.4</ele>
        <time>2026-09-15T10:40:31.000Z</time>
        <speed>1.325</speed>
      </trkpt>
      <trkpt lat="50.5313112" lon="-5.0227165">
        <ele>12.8</ele>
        <time>2026-09-15T10:40:36.000Z</time>
        <speed>1.334</speed>
      </trkpt>
      <trkpt lat="50.5313233" lon="-5.0228100">
        <ele>15.2</ele>
        <time>2026-09-15T10:40:41.000Z</time>
        <speed>1.372</speed>
      </trkpt>
      <trkpt lat="50.5313353" lon="-5.0228975">
        <ele>13.8</ele>
        <time>2026-09-15T10:40:46.000Z</time>
        <speed>1.540</speed>
      </trkpt>
      <trkpt lat="50.5313524" lon="-5.0229809">
        <ele>13.2</ele>
        <time>2026-09-15T10:40:51.000Z</time>
        <speed>1.437</speed>
      </trkpt>
      <trkpt lat="50.5313647" lon="-5.0230661">
        <ele>12.4</ele>
        <time>2026-09-15T10:40:56.000Z</time>
        <speed>1.381</speed>
      </trkpt>
      <trkpt lat="50.5313694" lon="-5.0231168">
        <ele>12.4</ele>
        <time>2026-09-15T10:41:01.000Z</time>
        <speed>1.325</speed>
      </trkpt>
      <trkpt lat="50.5313694" lon="-5.0231194">
        <ele>12.4</ele>
        <time>2026-09-15T10:41:06.000Z</time>
        <speed>0.000</speed>
      </trkpt>
      <trkpt lat="50.5313695" lon="-5.0231195">
        <ele>12.4</ele>
        <time>2026-09-15T10:41:11.000Z</time>
        <speed>0.000</speed>
      </trkpt>
      <trkpt lat="50.5313700" lon="-5.0231194">
        <ele>12.6</ele>
        <time>2026-09-15T10:41:16.000Z</time>
        <speed>0.000</speed>
      </trkpt>
      <trkpt lat="50.5313705" lon="-5.0231193">
        <ele>12.6</ele>
        <time>2026-09-15T10:41:21.000Z</time>
        <speed>0.000</speed>
      </trkpt>
      <trkpt lat="50.5313710" lon="-5.0231193">
        <ele>13.0</ele>
        <time>2026-09-15T10:41:26.000Z</time>
        <speed>0.000</speed>
      </trkpt>
      <trkpt lat="50.5313719" lon="-5.0231191">
        <ele>12.4</ele>
        <time>2026-09-15T10:41:31.000Z</time>
        <speed>0.000</speed>
      </trkpt>
      <trkpt lat="50.5313733" lon="-5.0231187">
        <ele>13.0</ele>
        <time>2026-09-15T10:41:36.000Z</time>
        <speed>0.000</speed>
      </trkpt>
      <trkpt lat="50.5313758" lon="-5.0231226">
        <ele>12.6</ele>
        <time>2026-09-15T10:41:41.000Z</time>
        <speed>0.000</speed>
      </trkpt>
      <trkpt lat="50.5313764" lon="-5.0231239">
        <ele>13.0</ele>
        <time>2026-09-15T10:41:46.000Z</time>
        <speed>0.000</speed>
      </trkpt>
      <trkpt lat="50.5313763" lon="-5.0231243">
        <ele>12.2</ele>
        <time>2026-09-15T10:41:51.000Z</time>
        <speed>0.000</speed>
      </trkpt>
      <trkpt lat="50.5313750" lon="-5.0231265">
        <ele>12.4</ele>
        <time>2026-09-15T10:41:56.000Z</time>
        <speed>0.000</speed>
      </trkpt>
      <trkpt lat="50.5313668" lon="-5.0231652">
        <ele>12.2</ele>
        <time>2026-09-15T10:42:01.000Z</time>
        <speed>0.000</speed>
      </trkpt>
      <trkpt lat="50.5313766" lon="-5.0232235">
        <ele>12.6</ele>
        <time>2026-09-15T10:42:06.000Z</time>
        <speed>0.439</speed>
      </trkpt>
      <trkpt lat="50.5313808" lon="-5.0232348">
        <ele>12.8</ele>
        <time>2026-09-15T10:42:11.000Z</time>
        <speed>0.000</speed>
      </trkpt>
      <trkpt lat="50.5313800" lon="-5.0232338">
        <ele>14.0</ele>
        <time>2026-09-15T10:42:16.000Z</time>
        <speed>0.000</speed>
      </trkpt>
      <trkpt lat="50.5313773" lon="-5.0232254">
        <ele>14.4</ele>
        <time>2026-09-15T10:42:21.000Z</time>
        <speed>0.523</speed>
      </trkpt>
      <trkpt lat="50.5313797" lon="-5.0232261">
        <ele>14.2</ele>
        <time>2026-09-15T10:42:26.000Z</time>
        <speed>0.000</speed>
      </trkpt>
      <trkpt lat="50.5313803" lon="-5.0232270">
        <ele>13.4</ele>
        <time>2026-09-15T10:42:31.000Z</time>
        <speed>0.000</speed>
      </trkpt>
      <trkpt lat="50.5313819" lon="-5.0232298">
        <ele>12.6</ele>
        <time>2026-09-15T10:42:36.000Z</time>
        <speed>0.000</speed>
      </trkpt>
      <trkpt lat="50.5313840" lon="-5.0232386">
        <ele>12.0</ele>
        <time>2026-09-15T10:42:41.000Z</time>
        <speed>0.000</speed>
      </trkpt>
      <trkpt lat="50.5313895" lon="-5.0232699">
        <ele>12.6</ele>
        <time>2026-09-15T10:42:46.000Z</time>
        <speed>0.000</speed>
      </trkpt>
      <trkpt lat="50.5313867" lon="-5.0232602">
        <ele>13.4</ele>
        <time>2026-09-15T10:42:51.000Z</time>
        <speed>0.000</speed>
      </trkpt>
      <trkpt lat="50.5313812" lon="-5.0232412">
        <ele>13.2</ele>
        <time>2026-09-15T10:42:56.000Z</time>
        <speed>0.000</speed>
      </trkpt>
      <trkpt lat="50.5313803" lon="-5.0232276">
        <ele>13.4</ele>
        <time>2026-09-15T10:43:01.000Z</time>
        <speed>0.000</speed>
      </trkpt>
      <trkpt lat="50.5313728" lon="-5.0232664">
        <ele>13.0</ele>
        <time>2026-09-15T10:43:06.000Z</time>
        <speed>0.000</speed>
      </trkpt>
      <trkpt lat="50.5313529" lon="-5.0233240">
        <ele>13.2</ele>
        <time>2026-09-15T10:43:11.000Z</time>
        <speed>0.000</speed>
      </trkpt>
      <trkpt lat="50.5313347" lon="-5.0233923">
        <ele>13.6</ele>
        <time>2026-09-15T10:43:16.000Z</time>
        <speed>1.045</speed>
      </trkpt>
      <trkpt lat="50.5313050" lon="-5.0234451">
        <ele>14.2</ele>
        <time>2026-09-15T10:43:21.000Z</time>
        <speed>1.250</speed>
      </trkpt>
      <trkpt lat="50.5312831" lon="-5.0234643">
        <ele>11.8</ele>
        <time>2026-09-15T10:43:26.000Z</time>
        <speed>1.138</speed>
      </trkpt>
      <trkpt lat="50.5312715" lon="-5.0234836">
        <ele>11.6</ele>
        <time>2026-09-15T10:43:31.000Z</time>
        <speed>0.000</speed>
      </trkpt>
      <trkpt lat="50.5312272" lon="-5.0235233">
        <ele>13.0</ele>
        <time>2026-09-15T10:43:36.000Z</time>
        <speed>1.344</speed>
      </trkpt>
      <trkpt lat="50.5311802" lon="-5.0235691">
        <ele>13.4</ele>
        <time>2026-09-15T10:43:41.000Z</time>
        <speed>1.418</speed>
      </trkpt>
      <trkpt lat="50.5311330" lon="-5.0236132">
        <ele>13.4</ele>
        <time>2026-09-15T10:43:46.000Z</time>
        <speed>1.474</speed>
      </trkpt>
      <trkpt lat="50.5310892" lon="-5.0236518">
        <ele>11.8</ele>
        <time>2026-09-15T10:43:51.000Z</time>
        <speed>1.409</speed>
      </trkpt>
      <trkpt lat="50.5310389" lon="-5.0237011">
        <ele>11.8</ele>
        <time>2026-09-15T10:43:56.000Z</time>
        <speed>1.418</speed>
      </trkpt>
      <trkpt lat="50.5309998" lon="-5.0237484">
        <ele>11.6</ele>
        <time>2026-09-15T10:44:01.000Z</time>
        <speed>1.381</speed>
      </trkpt>
      <trkpt lat="50.5309737" lon="-5.0237780">
        <ele>11.2</ele>
        <time>2026-09-15T10:44:06.000Z</time>
        <speed>1.008</speed>
      </trkpt>
      <trkpt lat="50.5309644" lon="-5.0237846">
        <ele>12.0</ele>
        <time>2026-09-15T10:44:11.000Z</time>
        <speed>0.000</speed>
      </trkpt>
      <trkpt lat="50.5309639" lon="-5.0237849">
        <ele>12.2</ele>
        <time>2026-09-15T10:44:16.000Z</time>
        <speed>0.000</speed>
      </trkpt>
      <trkpt lat="50.5309645" lon="-5.0237842">
        <ele>12.4</ele>
        <time>2026-09-15T10:44:21.000Z</time>
        <speed>0.000</speed>
      </trkpt>
      <trkpt lat="50.5309664" lon="-5.0237823">
        <ele>12.0</ele>
        <time>2026-09-15T10:44:26.000Z</time>
        <speed>0.000</speed>
      </trkpt>
      <trkpt lat="50.5309678" lon="-5.0237807">
        <ele>12.2</ele>
        <time>2026-09-15T10:44:31.000Z</time>
        <speed>0.000</speed>
      </trkpt>
      <trkpt lat="50.5309540" lon="-5.0238022">
        <ele>11.6</ele>
        <time>2026-09-15T10:44:36.000Z</time>
        <speed>0.000</speed>
      </trkpt>
      <trkpt lat="50.5309531" lon="-5.0238076">
        <ele>11.2</ele>
        <time>2026-09-15T10:44:41.000Z</time>
        <speed>0.000</speed>
      </trkpt>
      <trkpt lat="50.5309535" lon="-5.0238071">
        <ele>10.6</ele>
        <time>2026-09-15T10:44:46.000Z</time>
        <speed>0.000</speed>
      </trkpt>
      <trkpt lat="50.5309538" lon="-5.0238067">
        <ele>9.6</ele>
        <time>2026-09-15T10:44:51.000Z</time>
        <speed>0.000</speed>
      </trkpt>
      <trkpt lat="50.5309530" lon="-5.0238069">
        <ele>10.6</ele>
        <time>2026-09-15T10:44:56.000Z</time>
        <speed>0.000</speed>
      </trkpt>
      <trkpt lat="50.5309286" lon="-5.0238195">
        <ele>13.2</ele>
        <time>2026-09-15T10:45:01.000Z</time>
        <speed>0.000</speed>
      </trkpt>
      <trkpt lat="50.5308799" lon="-5.0238573">
        <ele>12.6</ele>
        <time>2026-09-15T10:45:06.000Z</time>
        <speed>1.269</speed>
      </trkpt>
      <trkpt lat="50.5308307" lon="-5.0239051">
        <ele>12.0</ele>
        <time>2026-09-15T10:45:11.000Z</time>
        <speed>1.409</speed>
      </trkpt>
      <trkpt lat="50.5307800" lon="-5.0239501">
        <ele>12.2</ele>
        <time>2026-09-15T10:45:16.000Z</time>
        <speed>1.418</speed>
      </trkpt>
      <trkpt lat="50.5307287" lon="-5.0239753">
        <ele>12.2</ele>
        <time>2026-09-15T10:45:21.000Z</time>
        <speed>1.381</speed>
      </trkpt>
      <trkpt lat="50.5306748" lon="-5.0240104">
        <ele>12.4</ele>
        <time>2026-09-15T10:45:26.000Z</time>
        <speed>1.390</speed>
      </trkpt>
      <trkpt lat="50.5306172" lon="-5.0240533">
        <ele>12.6</ele>
        <time>2026-09-15T10:45:31.000Z</time>
        <speed>1.456</speed>
      </trkpt>
      <trkpt lat="50.5305658" lon="-5.0241041">
        <ele>12.4</ele>
        <time>2026-09-15T10:45:36.000Z</time>
        <speed>1.540</speed>
      </trkpt>
      <trkpt lat="50.5305156" lon="-5.0241616">
        <ele>12.8</ele>
        <time>2026-09-15T10:45:41.000Z</time>
        <speed>1.465</speed>
      </trkpt>
      <trkpt lat="50.5304695" lon="-5.0242299">
        <ele>12.4</ele>
        <time>2026-09-15T10:45:46.000Z</time>
        <speed>1.465</speed>
      </trkpt>
      <trkpt lat="50.5304153" lon="-5.0242971">
        <ele>13.0</ele>
        <time>2026-09-15T10:45:51.000Z</time>
        <speed>1.521</speed>
      </trkpt>
      <trkpt lat="50.5303659" lon="-5.0243553">
        <ele>13.2</ele>
        <time>2026-09-15T10:45:56.000Z</time>
        <speed>1.512</speed>
      </trkpt>
      <trkpt lat="50.5303148" lon="-5.0244160">
        <ele>13.0</ele>
        <time>2026-09-15T10:46:01.000Z</time>
        <speed>1.474</speed>
      </trkpt>
      <trkpt lat="50.5302719" lon="-5.0244747">
        <ele>13.0</ele>
        <time>2026-09-15T10:46:06.000Z</time>
        <speed>1.493</speed>
      </trkpt>
      <trkpt lat="50.5302281" lon="-5.0245330">
        <ele>13.4</ele>
        <time>2026-09-15T10:46:11.000Z</time>
        <speed>1.446</speed>
      </trkpt>
      <trkpt lat="50.5301822" lon="-5.0245848">
        <ele>13.4</ele>
        <time>2026-09-15T10:46:16.000Z</time>
        <speed>1.409</speed>
      </trkpt>
      <trkpt lat="50.5301308" lon="-5.0246479">
        <ele>13.6</ele>
        <time>2026-09-15T10:46:21.000Z</time>
        <speed>1.437</speed>
      </trkpt>
      <trkpt lat="50.5300802" lon="-5.0247046">
        <ele>13.8</ele>
        <time>2026-09-15T10:46:26.000Z</time>
        <speed>1.456</speed>
      </trkpt>
      <trkpt lat="50.5300395" lon="-5.0247630">
        <ele>14.2</ele>
        <time>2026-09-15T10:46:31.000Z</time>
        <speed>1.428</speed>
      </trkpt>
      <trkpt lat="50.5300061" lon="-5.0248153">
        <ele>14.0</ele>
        <time>2026-09-15T10:46:36.000Z</time>
        <speed>1.372</speed>
      </trkpt>
      <trkpt lat="50.5300031" lon="-5.0248276">
        <ele>14.6</ele>
        <time>2026-09-15T10:46:41.000Z</time>
        <speed>0.000</speed>
      </trkpt>
      <trkpt lat="50.5300019" lon="-5.0248252">
        <ele>14.4</ele>
        <time>2026-09-15T10:46:46.000Z</time>
        <speed>0.000</speed>
      </trkpt>
      <trkpt lat="50.5300008" lon="-5.0248260">
        <ele>14.0</ele>
        <time>2026-09-15T10:46:51.000Z</time>
        <speed>0.000</speed>
      </trkpt>
      <trkpt lat="50.5299994" lon="-5.0248268">
        <ele>13.8</ele>
        <time>2026-09-15T10:46:56.000Z</time>
        <speed>0.000</speed>
      </trkpt>
      <trkpt lat="50.5299984" lon="-5.0248281">
        <ele>14.2</ele>
        <time>2026-09-15T10:47:01.000Z</time>
        <speed>0.000</speed>
      </trkpt>
      <trkpt lat="50.5299791" lon="-5.0248608">
        <ele>14.6</ele>
        <time>2026-09-15T10:47:06.000Z</time>
        <speed>0.000</speed>
      </trkpt>
      <trkpt lat="50.5299419" lon="-5.0249172">
        <ele>14.2</ele>
        <time>2026-09-15T10:47:11.000Z</time>
        <speed>1.288</speed>
      </trkpt>
      <trkpt lat="50.5299221" lon="-5.0249520">
        <ele>14.0</ele>
        <time>2026-09-15T10:47:16.000Z</time>
        <speed>0.000</speed>
      </trkpt>
      <trkpt lat="50.5299107" lon="-5.0249744">
        <ele>14.0</ele>
        <time>2026-09-15T10:47:21.000Z</time>
        <speed>0.000</speed>
      </trkpt>
      <trkpt lat="50.5299108" lon="-5.0249737">
        <ele>12.6</ele>
        <time>2026-09-15T10:47:26.000Z</time>
        <speed>0.000</speed>
      </trkpt>
      <trkpt lat="50.5299102" lon="-5.0249739">
        <ele>13.2</ele>
        <time>2026-09-15T10:47:31.000Z</time>
        <speed>0.000</speed>
      </trkpt>
      <trkpt lat="50.5299094" lon="-5.0249733">
        <ele>14.0</ele>
        <time>2026-09-15T10:47:36.000Z</time>
        <speed>0.000</speed>
      </trkpt>
      <trkpt lat="50.5299035" lon="-5.0249749">
        <ele>14.0</ele>
        <time>2026-09-15T10:47:41.000Z</time>
        <speed>0.000</speed>
      </trkpt>
      <trkpt lat="50.5298663" lon="-5.0249929">
        <ele>14.2</ele>
        <time>2026-09-15T10:47:46.000Z</time>
        <speed>0.000</speed>
      </trkpt>
      <trkpt lat="50.5298028" lon="-5.0249908">
        <ele>14.8</ele>
        <time>2026-09-15T10:47:51.000Z</time>
        <speed>1.157</speed>
      </trkpt>
      <trkpt lat="50.5297480" lon="-5.0249571">
        <ele>15.4</ele>
        <time>2026-09-15T10:47:56.000Z</time>
        <speed>1.334</speed>
      </trkpt>
      <trkpt lat="50.5296911" lon="-5.0249294">
        <ele>16.2</ele>
        <time>2026-09-15T10:48:01.000Z</time>
        <speed>1.446</speed>
      </trkpt>
      <trkpt lat="50.5296382" lon="-5.0248934">
        <ele>15.4</ele>
        <time>2026-09-15T10:48:06.000Z</time>
        <speed>1.400</speed>
      </trkpt>
      <trkpt lat="50.5295847" lon="-5.0248650">
        <ele>16.8</ele>
        <time>2026-09-15T10:48:11.000Z</time>
        <speed>1.381</speed>
      </trkpt>
      <trkpt lat="50.5295320" lon="-5.0248345">
        <ele>16.2</ele>
        <time>2026-09-15T10:48:16.000Z</time>
        <speed>1.325</speed>
      </trkpt>
      <trkpt lat="50.5294821" lon="-5.0248003">
        <ele>16.0</ele>
        <time>2026-09-15T10:48:21.000Z</time>
        <speed>1.334</speed>
      </trkpt>
      <trkpt lat="50.5294227" lon="-5.0247685">
        <ele>16.2</ele>
        <time>2026-09-15T10:48:26.000Z</time>
        <speed>1.428</speed>
      </trkpt>
      <trkpt lat="50.5293644" lon="-5.0247402">
        <ele>16.2</ele>
        <time>2026-09-15T10:48:31.000Z</time>
        <speed>1.390</speed>
      </trkpt>
      <trkpt lat="50.5293045" lon="-5.0247000">
        <ele>16.2</ele>
        <time>2026-09-15T10:48:36.000Z</time>
        <speed>1.400</speed>
      </trkpt>
      <trkpt lat="50.5292432" lon="-5.0246650">
        <ele>16.0</ele>
        <time>2026-09-15T10:48:41.000Z</time>
        <speed>1.456</speed>
      </trkpt>
      <trkpt lat="50.5291938" lon="-5.0246331">
        <ele>15.8</ele>
        <time>2026-09-15T10:48:46.000Z</time>
        <speed>1.428</speed>
      </trkpt>
      <trkpt lat="50.5291401" lon="-5.0246005">
        <ele>15.8</ele>
        <time>2026-09-15T10:48:51.000Z</time>
        <speed>1.428</speed>
      </trkpt>
      <trkpt lat="50.5290812" lon="-5.0245669">
        <ele>15.2</ele>
        <time>2026-09-15T10:48:56.000Z</time>
        <speed>1.400</speed>
      </trkpt>
      <trkpt lat="50.5290246" lon="-5.0245337">
        <ele>15.6</ele>
        <time>2026-09-15T10:49:01.000Z</time>
        <speed>1.409</speed>
      </trkpt>
      <trkpt lat="50.5289713" lon="-5.0245018">
        <ele>15.2</ele>
        <time>2026-09-15T10:49:06.000Z</time>
        <speed>1.409</speed>
      </trkpt>
      <trkpt lat="50.5289237" lon="-5.0244631">
        <ele>14.2</ele>
        <time>2026-09-15T10:49:11.000Z</time>
        <speed>1.381</speed>
      </trkpt>
      <trkpt lat="50.5288761" lon="-5.0244294">
        <ele>15.6</ele>
        <time>2026-09-15T10:49:16.000Z</time>
        <speed>1.288</speed>
      </trkpt>
      <trkpt lat="50.5288239" lon="-5.0243922">
        <ele>15.6</ele>
        <time>2026-09-15T10:49:21.000Z</time>
        <speed>1.316</speed>
      </trkpt>
      <trkpt lat="50.5287665" lon="-5.0243625">
        <ele>15.0</ele>
        <time>2026-09-15T10:49:26.000Z</time>
        <speed>1.325</speed>
      </trkpt>
      <trkpt lat="50.5287131" lon="-5.0243194">
        <ele>15.0</ele>
        <time>2026-09-15T10:49:31.000Z</time>
        <speed>1.297</speed>
      </trkpt>
      <trkpt lat="50.5286628" lon="-5.0242827">
        <ele>14.6</ele>
        <time>2026-09-15T10:49:36.000Z</time>
        <speed>1.316</speed>
      </trkpt>
      <trkpt lat="50.5286058" lon="-5.0242475">
        <ele>14.8</ele>
        <time>2026-09-15T10:49:41.000Z</time>
        <speed>1.306</speed>
      </trkpt>
      <trkpt lat="50.5285538" lon="-5.0242250">
        <ele>14.8</ele>
        <time>2026-09-15T10:49:46.000Z</time>
        <speed>1.306</speed>
      </trkpt>
      <trkpt lat="50.5284970" lon="-5.0241969">
        <ele>15.2</ele>
        <time>2026-09-15T10:49:51.000Z</time>
        <speed>1.316</speed>
      </trkpt>
      <trkpt lat="50.5284392" lon="-5.0241627">
        <ele>15.2</ele>
        <time>2026-09-15T10:49:56.000Z</time>
        <speed>1.297</speed>
      </trkpt>
      <trkpt lat="50.5283828" lon="-5.0241308">
        <ele>14.8</ele>
        <time>2026-09-15T10:50:01.000Z</time>
        <speed>1.288</speed>
      </trkpt>
      <trkpt lat="50.5283358" lon="-5.0241053">
        <ele>15.0</ele>
        <time>2026-09-15T10:50:06.000Z</time>
        <speed>1.288</speed>
      </trkpt>
      <trkpt lat="50.5282823" lon="-5.0241319">
        <ele>15.0</ele>
        <time>2026-09-15T10:50:11.000Z</time>
        <speed>1.269</speed>
      </trkpt>
      <trkpt lat="50.5282349" lon="-5.0241651">
        <ele>15.0</ele>
        <time>2026-09-15T10:50:16.000Z</time>
        <speed>1.269</speed>
      </trkpt>
      <trkpt lat="50.5282006" lon="-5.0242107">
        <ele>14.2</ele>
        <time>2026-09-15T10:50:21.000Z</time>
        <speed>1.269</speed>
      </trkpt>
      <trkpt lat="50.5281857" lon="-5.0242836">
        <ele>13.8</ele>
        <time>2026-09-15T10:50:26.000Z</time>
        <speed>1.250</speed>
      </trkpt>
      <trkpt lat="50.5281611" lon="-5.0243379">
        <ele>13.6</ele>
        <time>2026-09-15T10:50:31.000Z</time>
        <speed>1.213</speed>
      </trkpt>
      <trkpt lat="50.5281427" lon="-5.0243381">
        <ele>13.4</ele>
        <time>2026-09-15T10:50:36.000Z</time>
        <speed>1.045</speed>
      </trkpt>
      <trkpt lat="50.5281315" lon="-5.0243738">
        <ele>13.0</ele>
        <time>2026-09-15T10:50:41.000Z</time>
        <speed>0.532</speed>
      </trkpt>
      <trkpt lat="50.5281304" lon="-5.0243788">
        <ele>12.8</ele>
        <time>2026-09-15T10:50:46.000Z</time>
        <speed>0.000</speed>
      </trkpt>
      <trkpt lat="50.5281309" lon="-5.0243775">
        <ele>13.0</ele>
        <time>2026-09-15T10:50:51.000Z</time>
        <speed>0.000</speed>
      </trkpt>
      <trkpt lat="50.5281317" lon="-5.0243744">
        <ele>13.0</ele>
        <time>2026-09-15T10:50:56.000Z</time>
        <speed>0.000</speed>
      </trkpt>
      <trkpt lat="50.5281326" lon="-5.0243708">
        <ele>13.0</ele>
        <time>2026-09-15T10:51:01.000Z</time>
        <speed>0.000</speed>
      </trkpt>
      <trkpt lat="50.5281334" lon="-5.0243678">
        <ele>12.8</ele>
        <time>2026-09-15T10:51:06.000Z</time>
        <speed>0.000</speed>
      </trkpt>
      <trkpt lat="50.5281321" lon="-5.0243767">
        <ele>11.8</ele>
        <time>2026-09-15T10:51:11.000Z</time>
        <speed>0.000</speed>
      </trkpt>
      <trkpt lat="50.5281326" lon="-5.0243786">
        <ele>10.8</ele>
        <time>2026-09-15T10:51:16.000Z</time>
        <speed>0.000</speed>
      </trkpt>
      <trkpt lat="50.5281469" lon="-5.0244017">
        <ele>11.8</ele>
        <time>2026-09-15T10:51:21.000Z</time>
        <speed>0.000</speed>
      </trkpt>
      <trkpt lat="50.5281537" lon="-5.0244588">
        <ele>10.6</ele>
        <time>2026-09-15T10:51:26.000Z</time>
        <speed>0.000</speed>
      </trkpt>
      <trkpt lat="50.5281510" lon="-5.0244800">
        <ele>13.8</ele>
        <time>2026-09-15T10:51:31.000Z</time>
        <speed>0.000</speed>
      </trkpt>
      <trkpt lat="50.5281515" lon="-5.0244804">
        <ele>12.8</ele>
        <time>2026-09-15T10:51:36.000Z</time>
        <speed>0.000</speed>
      </trkpt>
      <trkpt lat="50.5281509" lon="-5.0244810">
        <ele>11.6</ele>
        <time>2026-09-15T10:51:41.000Z</time>
        <speed>0.000</speed>
      </trkpt>
      <trkpt lat="50.5281526" lon="-5.0244802">
        <ele>10.4</ele>
        <time>2026-09-15T10:51:46.000Z</time>
        <speed>0.000</speed>
      </trkpt>
      <trkpt lat="50.5281523" lon="-5.0244803">
        <ele>14.2</ele>
        <time>2026-09-15T10:51:51.000Z</time>
        <speed>0.000</speed>
      </trkpt>
      <trkpt lat="50.5281514" lon="-5.0244810">
        <ele>13.8</ele>
        <time>2026-09-15T10:51:56.000Z</time>
        <speed>0.000</speed>
      </trkpt>
      <trkpt lat="50.5281512" lon="-5.0244811">
        <ele>13.4</ele>
        <time>2026-09-15T10:52:01.000Z</time>
        <speed>0.000</speed>
      </trkpt>
      <trkpt lat="50.5281511" lon="-5.0244812">
        <ele>13.2</ele>
        <time>2026-09-15T10:52:06.000Z</time>
        <speed>0.000</speed>
      </trkpt>
      <trkpt lat="50.5281510" lon="-5.0244813">
        <ele>12.8</ele>
        <time>2026-09-15T10:52:11.000Z</time>
        <speed>0.000</speed>
      </trkpt>
      <trkpt lat="50.5281510" lon="-5.0244813">
        <ele>13.0</ele>
        <time>2026-09-15T10:52:16.000Z</time>
        <speed>0.000</speed>
      </trkpt>
      <trkpt lat="50.5281508" lon="-5.0244811">
        <ele>13.8</ele>
        <time>2026-09-15T10:52:21.000Z</time>
        <speed>0.000</speed>
      </trkpt>
      <trkpt lat="50.5281479" lon="-5.0244704">
        <ele>12.6</ele>
        <time>2026-09-15T10:52:26.000Z</time>
        <speed>0.000</speed>
      </trkpt>
      <trkpt lat="50.5281320" lon="-5.0244153">
        <ele>12.4</ele>
        <time>2026-09-15T10:52:31.000Z</time>
        <speed>0.000</speed>
      </trkpt>
      <trkpt lat="50.5281129" lon="-5.0243612">
        <ele>13.2</ele>
        <time>2026-09-15T10:52:36.000Z</time>
        <speed>0.000</speed>
      </trkpt>
      <trkpt lat="50.5280696" lon="-5.0243201">
        <ele>13.0</ele>
        <time>2026-09-15T10:52:41.000Z</time>
        <speed>0.718</speed>
      </trkpt>
      <trkpt lat="50.5280514" lon="-5.0242742">
        <ele>14.0</ele>
        <time>2026-09-15T10:52:46.000Z</time>
        <speed>1.054</speed>
      </trkpt>
      <trkpt lat="50.5280199" lon="-5.0242281">
        <ele>14.2</ele>
        <time>2026-09-15T10:52:51.000Z</time>
        <speed>0.970</speed>
      </trkpt>
      <trkpt lat="50.5279806" lon="-5.0241651">
        <ele>14.2</ele>
        <time>2026-09-15T10:52:56.000Z</time>
        <speed>1.045</speed>
      </trkpt>
      <trkpt lat="50.5279491" lon="-5.0241128">
        <ele>14.2</ele>
        <time>2026-09-15T10:53:01.000Z</time>
        <speed>1.138</speed>
      </trkpt>
      <trkpt lat="50.5279074" lon="-5.0240472">
        <ele>13.8</ele>
        <time>2026-09-15T10:53:06.000Z</time>
        <speed>1.213</speed>
      </trkpt>
      <trkpt lat="50.5278592" lon="-5.0239861">
        <ele>13.8</ele>
        <time>2026-09-15T10:53:11.000Z</time>
        <speed>1.353</speed>
      </trkpt>
      <trkpt lat="50.5278024" lon="-5.0239312">
        <ele>14.2</ele>
        <time>2026-09-15T10:53:16.000Z</time>
        <speed>1.390</speed>
      </trkpt>
      <trkpt lat="50.5277508" lon="-5.0238792">
        <ele>14.0</ele>
        <time>2026-09-15T10:53:21.000Z</time>
        <speed>1.456</speed>
      </trkpt>
      <trkpt lat="50.5277054" lon="-5.0238087">
        <ele>14.0</ele>
        <time>2026-09-15T10:53:26.000Z</time>
        <speed>1.390</speed>
      </trkpt>
      <trkpt lat="50.5276590" lon="-5.0237530">
        <ele>14.0</ele>
        <time>2026-09-15T10:53:31.000Z</time>
        <speed>1.381</speed>
      </trkpt>
      <trkpt lat="50.5276082" lon="-5.0236954">
        <ele>14.2</ele>
        <time>2026-09-15T10:53:36.000Z</time>
        <speed>1.400</speed>
      </trkpt>
      <trkpt lat="50.5275613" lon="-5.0236282">
        <ele>14.4</ele>
        <time>2026-09-15T10:53:41.000Z</time>
        <speed>1.381</speed>
      </trkpt>
      <trkpt lat="50.5275225" lon="-5.0235702">
        <ele>13.6</ele>
        <time>2026-09-15T10:53:46.000Z</time>
        <speed>1.381</speed>
      </trkpt>
      <trkpt lat="50.5274838" lon="-5.0235143">
        <ele>14.0</ele>
        <time>2026-09-15T10:53:51.000Z</time>
        <speed>1.381</speed>
      </trkpt>
      <trkpt lat="50.5274461" lon="-5.0234526">
        <ele>13.8</ele>
        <time>2026-09-15T10:53:56.000Z</time>
        <speed>1.344</speed>
      </trkpt>
      <trkpt lat="50.5274059" lon="-5.0233943">
        <ele>13.8</ele>
        <time>2026-09-15T10:54:01.000Z</time>
        <speed>1.334</speed>
      </trkpt>
      <trkpt lat="50.5273653" lon="-5.0233281">
        <ele>13.2</ele>
        <time>2026-09-15T10:54:06.000Z</time>
        <speed>1.288</speed>
      </trkpt>
      <trkpt lat="50.5273242" lon="-5.0232714">
        <ele>12.8</ele>
        <time>2026-09-15T10:54:11.000Z</time>
        <speed>1.306</speed>
      </trkpt>
      <trkpt lat="50.5272738" lon="-5.0232365">
        <ele>12.0</ele>
        <time>2026-09-15T10:54:16.000Z</time>
        <speed>1.288</speed>
      </trkpt>
      <trkpt lat="50.5272191" lon="-5.0231968">
        <ele>11.8</ele>
        <time>2026-09-15T10:54:21.000Z</time>
        <speed>1.306</speed>
      </trkpt>
      <trkpt lat="50.5271702" lon="-5.0231431">
        <ele>11.8</ele>
        <time>2026-09-15T10:54:26.000Z</time>
        <speed>1.269</speed>
      </trkpt>
      <trkpt lat="50.5271212" lon="-5.0230902">
        <ele>12.4</ele>
        <time>2026-09-15T10:54:31.000Z</time>
        <speed>1.288</speed>
      </trkpt>
      <trkpt lat="50.5270663" lon="-5.0230330">
        <ele>12.6</ele>
        <time>2026-09-15T10:54:36.000Z</time>
        <speed>1.316</speed>
      </trkpt>
      <trkpt lat="50.5270180" lon="-5.0229823">
        <ele>12.8</ele>
        <time>2026-09-15T10:54:41.000Z</time>
        <speed>1.306</speed>
      </trkpt>
      <trkpt lat="50.5269657" lon="-5.0229281">
        <ele>12.4</ele>
        <time>2026-09-15T10:54:46.000Z</time>
        <speed>1.288</speed>
      </trkpt>
      <trkpt lat="50.5269133" lon="-5.0228756">
        <ele>11.6</ele>
        <time>2026-09-15T10:54:51.000Z</time>
        <speed>1.306</speed>
      </trkpt>
      <trkpt lat="50.5268629" lon="-5.0228044">
        <ele>12.2</ele>
        <time>2026-09-15T10:54:56.000Z</time>
        <speed>1.344</speed>
      </trkpt>
      <trkpt lat="50.5268291" lon="-5.0227402">
        <ele>11.4</ele>
        <time>2026-09-15T10:55:01.000Z</time>
        <speed>1.353</speed>
      </trkpt>
      <trkpt lat="50.5268161" lon="-5.0226725">
        <ele>11.8</ele>
        <time>2026-09-15T10:55:06.000Z</time>
        <speed>1.325</speed>
      </trkpt>
      <trkpt lat="50.5268166" lon="-5.0226460">
        <ele>11.4</ele>
        <time>2026-09-15T10:55:11.000Z</time>
        <speed>1.110</speed>
      </trkpt>
      <trkpt lat="50.5267997" lon="-5.0226466">
        <ele>12.0</ele>
        <time>2026-09-15T10:55:16.000Z</time>
        <speed>0.000</speed>
      </trkpt>
      <trkpt lat="50.5267660" lon="-5.0226462">
        <ele>11.6</ele>
        <time>2026-09-15T10:55:21.000Z</time>
        <speed>0.662</speed>
      </trkpt>
      <trkpt lat="50.5267656" lon="-5.0226406">
        <ele>11.6</ele>
        <time>2026-09-15T10:55:26.000Z</time>
        <speed>0.000</speed>
      </trkpt>
      <trkpt lat="50.5267353" lon="-5.0226355">
        <ele>11.6</ele>
        <time>2026-09-15T10:55:31.000Z</time>
        <speed>0.000</speed>
      </trkpt>
      <trkpt lat="50.5266806" lon="-5.0225888">
        <ele>11.0</ele>
        <time>2026-09-15T10:55:36.000Z</time>
        <speed>1.530</speed>
      </trkpt>
      <trkpt lat="50.5266378" lon="-5.0225232">
        <ele>11.2</ele>
        <time>2026-09-15T10:55:41.000Z</time>
        <speed>1.409</speed>
      </trkpt>
      <trkpt lat="50.5265962" lon="-5.0224560">
        <ele>11.6</ele>
        <time>2026-09-15T10:55:46.000Z</time>
        <speed>1.372</speed>
      </trkpt>
      <trkpt lat="50.5265549" lon="-5.0223906">
        <ele>11.0</ele>
        <time>2026-09-15T10:55:51.000Z</time>
        <speed>1.381</speed>
      </trkpt>
      <trkpt lat="50.5265168" lon="-5.0223270">
        <ele>10.8</ele>
        <time>2026-09-15T10:55:56.000Z</time>
        <speed>1.372</speed>
      </trkpt>
      <trkpt lat="50.5264753" lon="-5.0222520">
        <ele>10.8</ele>
        <time>2026-09-15T10:56:01.000Z</time>
        <speed>1.381</speed>
      </trkpt>
      <trkpt lat="50.5264347" lon="-5.0221853">
        <ele>11.6</ele>
        <time>2026-09-15T10:56:06.000Z</time>
        <speed>1.334</speed>
      </trkpt>
      <trkpt lat="50.5264148" lon="-5.0221532">
        <ele>11.6</ele>
        <time>2026-09-15T10:56:11.000Z</time>
        <speed>1.288</speed>
      </trkpt>
      <trkpt lat="50.5264129" lon="-5.0221514">
        <ele>11.6</ele>
        <time>2026-09-15T10:56:16.000Z</time>
        <speed>0.000</speed>
      </trkpt>
      <trkpt lat="50.5264126" lon="-5.0221509">
        <ele>11.6</ele>
        <time>2026-09-15T10:56:21.000Z</time>
        <speed>0.000</speed>
      </trkpt>
      <trkpt lat="50.5264125" lon="-5.0221499">
        <ele>11.6</ele>
        <time>2026-09-15T10:56:26.000Z</time>
        <speed>0.000</speed>
      </trkpt>
      <trkpt lat="50.5264125" lon="-5.0221486">
        <ele>11.6</ele>
        <time>2026-09-15T10:56:31.000Z</time>
        <speed>0.000</speed>
      </trkpt>
      <trkpt lat="50.5264125" lon="-5.0221472">
        <ele>11.6</ele>
        <time>2026-09-15T10:56:36.000Z</time>
        <speed>0.000</speed>
      </trkpt>
      <trkpt lat="50.5264124" lon="-5.0221457">
        <ele>11.8</ele>
        <time>2026-09-15T10:56:41.000Z</time>
        <speed>0.000</speed>
      </trkpt>
      <trkpt lat="50.5264124" lon="-5.0221444">
        <ele>12.0</ele>
        <time>2026-09-15T10:56:46.000Z</time>
        <speed>0.000</speed>
      </trkpt>
      <trkpt lat="50.5264122" lon="-5.0221435">
        <ele>11.6</ele>
        <time>2026-09-15T10:56:51.000Z</time>
        <speed>0.000</speed>
      </trkpt>
      <trkpt lat="50.5264061" lon="-5.0221441">
        <ele>11.6</ele>
        <time>2026-09-15T10:56:56.000Z</time>
        <speed>0.000</speed>
      </trkpt>
      <trkpt lat="50.5263877" lon="-5.0221318">
        <ele>11.6</ele>
        <time>2026-09-15T10:57:01.000Z</time>
        <speed>0.000</speed>
      </trkpt>
      <trkpt lat="50.5263649" lon="-5.0221012">
        <ele>11.8</ele>
        <time>2026-09-15T10:57:06.000Z</time>
        <speed>0.000</speed>
      </trkpt>
      <trkpt lat="50.5263306" lon="-5.0220533">
        <ele>11.4</ele>
        <time>2026-09-15T10:57:11.000Z</time>
        <speed>0.989</speed>
      </trkpt>
      <trkpt lat="50.5262885" lon="-5.0220008">
        <ele>11.2</ele>
        <time>2026-09-15T10:57:16.000Z</time>
        <speed>1.148</speed>
      </trkpt>
      <trkpt lat="50.5262489" lon="-5.0219606">
        <ele>10.8</ele>
        <time>2026-09-15T10:57:21.000Z</time>
        <speed>1.250</speed>
      </trkpt>
      <trkpt lat="50.5262090" lon="-5.0219387">
        <ele>10.8</ele>
        <time>2026-09-15T10:57:26.000Z</time>
        <speed>1.157</speed>
      </trkpt>
      <trkpt lat="50.5261998" lon="-5.0219329">
        <ele>10.8</ele>
        <time>2026-09-15T10:57:31.000Z</time>
        <speed>1.017</speed>
      </trkpt>
      <trkpt lat="50.5261995" lon="-5.0219330">
        <ele>10.4</ele>
        <time>2026-09-15T10:57:36.000Z</time>
        <speed>0.000</speed>
      </trkpt>
      <trkpt lat="50.5261992" lon="-5.0219336">
        <ele>10.4</ele>
        <time>2026-09-15T10:57:41.000Z</time>
        <speed>0.000</speed>
      </trkpt>
      <trkpt lat="50.5261982" lon="-5.0219345">
        <ele>10.4</ele>
        <time>2026-09-15T10:57:46.000Z</time>
        <speed>0.000</speed>
      </trkpt>
      <trkpt lat="50.5261881" lon="-5.0219412">
        <ele>10.4</ele>
        <time>2026-09-15T10:57:51.000Z</time>
        <speed>0.000</speed>
      </trkpt>
      <trkpt lat="50.5261847" lon="-5.0219430">
        <ele>9.8</ele>
        <time>2026-09-15T10:57:56.000Z</time>
        <speed>0.000</speed>
      </trkpt>
      <trkpt lat="50.5261676" lon="-5.0219778">
        <ele>10.0</ele>
        <time>2026-09-15T10:58:01.000Z</time>
        <speed>0.569</speed>
      </trkpt>
      <trkpt lat="50.5261403" lon="-5.0220401">
        <ele>9.4</ele>
        <time>2026-09-15T10:58:06.000Z</time>
        <speed>1.026</speed>
      </trkpt>
      <trkpt lat="50.5261085" lon="-5.0220970">
        <ele>8.4</ele>
        <time>2026-09-15T10:58:11.000Z</time>
        <speed>1.110</speed>
      </trkpt>
      <trkpt lat="50.5260714" lon="-5.0221391">
        <ele>8.8</ele>
        <time>2026-09-15T10:58:16.000Z</time>
        <speed>1.138</speed>
      </trkpt>
      <trkpt lat="50.5260239" lon="-5.0221654">
        <ele>7.2</ele>
        <time>2026-09-15T10:58:21.000Z</time>
        <speed>1.157</speed>
      </trkpt>
      <trkpt lat="50.5259762" lon="-5.0221838">
        <ele>6.2</ele>
        <time>2026-09-15T10:58:26.000Z</time>
        <speed>1.166</speed>
      </trkpt>
      <trkpt lat="50.5259624" lon="-5.0221885">
        <ele>6.6</ele>
        <time>2026-09-15T10:58:31.000Z</time>
        <speed>0.793</speed>
      </trkpt>
      <trkpt lat="50.5259614" lon="-5.0221895">
        <ele>6.6</ele>
        <time>2026-09-15T10:58:36.000Z</time>
        <speed>0.000</speed>
      </trkpt>
      <trkpt lat="50.5259582" lon="-5.0221918">
        <ele>6.4</ele>
        <time>2026-09-15T10:58:41.000Z</time>
        <speed>0.000</speed>
      </trkpt>
      <trkpt lat="50.5259284" lon="-5.0222165">
        <ele>6.4</ele>
        <time>2026-09-15T10:58:46.000Z</time>
        <speed>0.000</speed>
      </trkpt>
      <trkpt lat="50.5258877" lon="-5.0222630">
        <ele>6.0</ele>
        <time>2026-09-15T10:58:51.000Z</time>
        <speed>1.213</speed>
      </trkpt>
      <trkpt lat="50.5258465" lon="-5.0222993">
        <ele>5.2</ele>
        <time>2026-09-15T10:58:56.000Z</time>
        <speed>1.194</speed>
      </trkpt>
      <trkpt lat="50.5258023" lon="-5.0223360">
        <ele>7.4</ele>
        <time>2026-09-15T10:59:01.000Z</time>
        <speed>1.129</speed>
      </trkpt>
      <trkpt lat="50.5257604" lon="-5.0223789">
        <ele>7.4</ele>
        <time>2026-09-15T10:59:06.000Z</time>
        <speed>1.138</speed>
      </trkpt>
      <trkpt lat="50.5257111" lon="-5.0224310">
        <ele>7.2</ele>
        <time>2026-09-15T10:59:11.000Z</time>
        <speed>1.129</speed>
      </trkpt>
      <trkpt lat="50.5256677" lon="-5.0224802">
        <ele>7.4</ele>
        <time>2026-09-15T10:59:16.000Z</time>
        <speed>1.129</speed>
      </trkpt>
      <trkpt lat="50.5256241" lon="-5.0225163">
        <ele>7.0</ele>
        <time>2026-09-15T10:59:21.000Z</time>
        <speed>1.204</speed>
      </trkpt>
      <trkpt lat="50.5255862" lon="-5.0225684">
        <ele>7.4</ele>
        <time>2026-09-15T10:59:26.000Z</time>
        <speed>1.213</speed>
      </trkpt>
      <trkpt lat="50.5255407" lon="-5.0226176">
        <ele>7.0</ele>
        <time>2026-09-15T10:59:31.000Z</time>
        <speed>1.260</speed>
      </trkpt>
      <trkpt lat="50.5254950" lon="-5.0226607">
        <ele>7.4</ele>
        <time>2026-09-15T10:59:36.000Z</time>
        <speed>1.213</speed>
      </trkpt>
      <trkpt lat="50.5254524" lon="-5.0227110">
        <ele>8.0</ele>
        <time>2026-09-15T10:59:41.000Z</time>
        <speed>1.241</speed>
      </trkpt>
      <trkpt lat="50.5254089" lon="-5.0227598">
        <ele>7.6</ele>
        <time>2026-09-15T10:59:46.000Z</time>
        <speed>1.232</speed>
      </trkpt>
      <trkpt lat="50.5253646" lon="-5.0228080">
        <ele>7.6</ele>
        <time>2026-09-15T10:59:51.000Z</time>
        <speed>1.222</speed>
      </trkpt>
      <trkpt lat="50.5253125" lon="-5.0228577">
        <ele>7.6</ele>
        <time>2026-09-15T10:59:56.000Z</time>
        <speed>1.222</speed>
      </trkpt>
      <trkpt lat="50.5253003" lon="-5.0228878">
        <ele>8.6</ele>
        <time>2026-09-15T11:00:01.000Z</time>
        <speed>1.176</speed>
      </trkpt>
      <trkpt lat="50.5253069" lon="-5.0229577">
        <ele>9.6</ele>
        <time>2026-09-15T11:00:06.000Z</time>
        <speed>1.148</speed>
      </trkpt>
      <trkpt lat="50.5253047" lon="-5.0229768">
        <ele>10.0</ele>
        <time>2026-09-15T11:00:11.000Z</time>
        <speed>1.101</speed>
      </trkpt>
      <trkpt lat="50.5253062" lon="-5.0229888">
        <ele>9.8</ele>
        <time>2026-09-15T11:00:16.000Z</time>
        <speed>0.000</speed>
      </trkpt>
      <trkpt lat="50.5252980" lon="-5.0230664">
        <ele>10.8</ele>
        <time>2026-09-15T11:00:21.000Z</time>
        <speed>0.439</speed>
      </trkpt>
      <trkpt lat="50.5252786" lon="-5.0231260">
        <ele>11.4</ele>
        <time>2026-09-15T11:00:26.000Z</time>
        <speed>0.970</speed>
      </trkpt>
      <trkpt lat="50.5252480" lon="-5.0231693">
        <ele>10.8</ele>
        <time>2026-09-15T11:00:31.000Z</time>
        <speed>0.933</speed>
      </trkpt>
      <trkpt lat="50.5252135" lon="-5.0232104">
        <ele>11.6</ele>
        <time>2026-09-15T11:00:36.000Z</time>
        <speed>1.008</speed>
      </trkpt>
      <trkpt lat="50.5251863" lon="-5.0232368">
        <ele>12.8</ele>
        <time>2026-09-15T11:00:41.000Z</time>
        <speed>0.952</speed>
      </trkpt>
      <trkpt lat="50.5251455" lon="-5.0232586">
        <ele>13.4</ele>
        <time>2026-09-15T11:00:46.000Z</time>
        <speed>0.933</speed>
      </trkpt>
      <trkpt lat="50.5251051" lon="-5.0232832">
        <ele>13.6</ele>
        <time>2026-09-15T11:00:51.000Z</time>
        <speed>0.980</speed>
      </trkpt>
      <trkpt lat="50.5250672" lon="-5.0233158">
        <ele>14.2</ele>
        <time>2026-09-15T11:00:56.000Z</time>
        <speed>0.998</speed>
      </trkpt>
      <trkpt lat="50.5250349" lon="-5.0233416">
        <ele>15.2</ele>
        <time>2026-09-15T11:01:01.000Z</time>
        <speed>0.933</speed>
      </trkpt>
      <trkpt lat="50.5250141" lon="-5.0233726">
        <ele>16.4</ele>
        <time>2026-09-15T11:01:06.000Z</time>
        <speed>0.849</speed>
      </trkpt>
      <trkpt lat="50.5249875" lon="-5.0234198">
        <ele>15.6</ele>
        <time>2026-09-15T11:01:11.000Z</time>
        <speed>0.896</speed>
      </trkpt>
      <trkpt lat="50.5249776" lon="-5.0234586">
        <ele>16.2</ele>
        <time>2026-09-15T11:01:16.000Z</time>
        <speed>0.970</speed>
      </trkpt>
      <trkpt lat="50.5250087" lon="-5.0234116">
        <ele>16.2</ele>
        <time>2026-09-15T11:01:21.000Z</time>
        <speed>0.961</speed>
      </trkpt>
      <trkpt lat="50.5250518" lon="-5.0233982">
        <ele>15.8</ele>
        <time>2026-09-15T11:01:26.000Z</time>
        <speed>1.026</speed>
      </trkpt>
      <trkpt lat="50.5250621" lon="-5.0234083">
        <ele>15.4</ele>
        <time>2026-09-15T11:01:31.000Z</time>
        <speed>0.793</speed>
      </trkpt>
      <trkpt lat="50.5250326" lon="-5.0233911">
        <ele>15.8</ele>
        <time>2026-09-15T11:01:36.000Z</time>
        <speed>0.000</speed>
      </trkpt>
      <trkpt lat="50.5250085" lon="-5.0234177">
        <ele>16.0</ele>
        <time>2026-09-15T11:01:41.000Z</time>
        <speed>0.224</speed>
      </trkpt>
      <trkpt lat="50.5250087" lon="-5.0234464">
        <ele>16.2</ele>
        <time>2026-09-15T11:01:46.000Z</time>
        <speed>0.718</speed>
      </trkpt>
      <trkpt lat="50.5250038" lon="-5.0234462">
        <ele>16.0</ele>
        <time>2026-09-15T11:01:51.000Z</time>
        <speed>0.000</speed>
      </trkpt>
      <trkpt lat="50.5249820" lon="-5.0235022">
        <ele>16.6</ele>
        <time>2026-09-15T11:01:56.000Z</time>
        <speed>0.774</speed>
      </trkpt>
      <trkpt lat="50.5249598" lon="-5.0235596">
        <ele>16.8</ele>
        <time>2026-09-15T11:02:01.000Z</time>
        <speed>1.082</speed>
      </trkpt>
      <trkpt lat="50.5249439" lon="-5.0236383">
        <ele>16.8</ele>
        <time>2026-09-15T11:02:06.000Z</time>
        <speed>1.101</speed>
      </trkpt>
      <trkpt lat="50.5249118" lon="-5.0236960">
        <ele>17.2</ele>
        <time>2026-09-15T11:02:11.000Z</time>
        <speed>1.185</speed>
      </trkpt>
      <trkpt lat="50.5248929" lon="-5.0237713">
        <ele>17.8</ele>
        <time>2026-09-15T11:02:16.000Z</time>
        <speed>1.176</speed>
      </trkpt>
      <trkpt lat="50.5248739" lon="-5.0238396">
        <ele>18.0</ele>
        <time>2026-09-15T11:02:21.000Z</time>
        <speed>1.194</speed>
      </trkpt>
      <trkpt lat="50.5248565" lon="-5.0239181">
        <ele>18.0</ele>
        <time>2026-09-15T11:02:26.000Z</time>
        <speed>1.129</speed>
      </trkpt>
      <trkpt lat="50.5248496" lon="-5.0239974">
        <ele>17.4</ele>
        <time>2026-09-15T11:02:31.000Z</time>
        <speed>1.204</speed>
      </trkpt>
      <trkpt lat="50.5248694" lon="-5.0240879">
        <ele>17.2</ele>
        <time>2026-09-15T11:02:36.000Z</time>
        <speed>1.185</speed>
      </trkpt>
      <trkpt lat="50.5248861" lon="-5.0241847">
        <ele>18.8</ele>
        <time>2026-09-15T11:02:41.000Z</time>
        <speed>1.306</speed>
      </trkpt>
      <trkpt lat="50.5249000" lon="-5.0242697">
        <ele>18.8</ele>
        <time>2026-09-15T11:02:46.000Z</time>
        <speed>1.306</speed>
      </trkpt>
      <trkpt lat="50.5249142" lon="-5.0243482">
        <ele>19.4</ele>
        <time>2026-09-15T11:02:51.000Z</time>
        <speed>1.250</speed>
      </trkpt>
      <trkpt lat="50.5249346" lon="-5.0244345">
        <ele>19.6</ele>
        <time>2026-09-15T11:02:56.000Z</time>
        <speed>1.288</speed>
      </trkpt>
      <trkpt lat="50.5249503" lon="-5.0244911">
        <ele>19.4</ele>
        <time>2026-09-15T11:03:01.000Z</time>
        <speed>1.278</speed>
      </trkpt>
      <trkpt lat="50.5249589" lon="-5.0245154">
        <ele>19.6</ele>
        <time>2026-09-15T11:03:06.000Z</time>
        <speed>1.008</speed>
      </trkpt>
      <trkpt lat="50.5249585" lon="-5.0245195">
        <ele>20.0</ele>
        <time>2026-09-15T11:03:11.000Z</time>
        <speed>0.000</speed>
      </trkpt>
      <trkpt lat="50.5249575" lon="-5.0245178">
        <ele>20.0</ele>
        <time>2026-09-15T11:03:16.000Z</time>
        <speed>0.000</speed>
      </trkpt>
      <trkpt lat="50.5249555" lon="-5.0245144">
        <ele>19.8</ele>
        <time>2026-09-15T11:03:21.000Z</time>
        <speed>0.000</speed>
      </trkpt>
      <trkpt lat="50.5249538" lon="-5.0245262">
        <ele>19.8</ele>
        <time>2026-09-15T11:03:26.000Z</time>
        <speed>0.000</speed>
      </trkpt>
      <trkpt lat="50.5249543" lon="-5.0245290">
        <ele>19.4</ele>
        <time>2026-09-15T11:03:31.000Z</time>
        <speed>0.000</speed>
      </trkpt>
      <trkpt lat="50.5249611" lon="-5.0245583">
        <ele>19.4</ele>
        <time>2026-09-15T11:03:36.000Z</time>
        <speed>0.000</speed>
      </trkpt>
      <trkpt lat="50.5249773" lon="-5.0246408">
        <ele>19.0</ele>
        <time>2026-09-15T11:03:41.000Z</time>
        <speed>0.700</speed>
      </trkpt>
      <trkpt lat="50.5250029" lon="-5.0247150">
        <ele>20.8</ele>
        <time>2026-09-15T11:03:46.000Z</time>
        <speed>1.194</speed>
      </trkpt>
      <trkpt lat="50.5250454" lon="-5.0247930">
        <ele>20.4</ele>
        <time>2026-09-15T11:03:51.000Z</time>
        <speed>1.390</speed>
      </trkpt>
      <trkpt lat="50.5250922" lon="-5.0248481">
        <ele>20.2</ele>
        <time>2026-09-15T11:03:56.000Z</time>
        <speed>1.362</speed>
      </trkpt>
      <trkpt lat="50.5251431" lon="-5.0248935">
        <ele>19.6</ele>
        <time>2026-09-15T11:04:01.000Z</time>
        <speed>1.372</speed>
      </trkpt>
      <trkpt lat="50.5251927" lon="-5.0249357">
        <ele>19.0</ele>
        <time>2026-09-15T11:04:06.000Z</time>
        <speed>1.362</speed>
      </trkpt>
      <trkpt lat="50.5252372" lon="-5.0249863">
        <ele>18.6</ele>
        <time>2026-09-15T11:04:11.000Z</time>
        <speed>1.269</speed>
      </trkpt>
      <trkpt lat="50.5252855" lon="-5.0250480">
        <ele>18.4</ele>
        <time>2026-09-15T11:04:16.000Z</time>
        <speed>1.334</speed>
      </trkpt>
      <trkpt lat="50.5253325" lon="-5.0250989">
        <ele>18.2</ele>
        <time>2026-09-15T11:04:21.000Z</time>
        <speed>1.306</speed>
      </trkpt>
      <trkpt lat="50.5253801" lon="-5.0251620">
        <ele>17.8</ele>
        <time>2026-09-15T11:04:26.000Z</time>
        <speed>1.353</speed>
      </trkpt>
      <trkpt lat="50.5254248" lon="-5.0252255">
        <ele>17.6</ele>
        <time>2026-09-15T11:04:31.000Z</time>
        <speed>1.316</speed>
      </trkpt>
      <trkpt lat="50.5254652" lon="-5.0253016">
        <ele>17.6</ele>
        <time>2026-09-15T11:04:36.000Z</time>
        <speed>1.362</speed>
      </trkpt>
      <trkpt lat="50.5255061" lon="-5.0253750">
        <ele>17.8</ele>
        <time>2026-09-15T11:04:41.000Z</time>
        <speed>1.372</speed>
      </trkpt>
      <trkpt lat="50.5255413" lon="-5.0254465">
        <ele>17.4</ele>
        <time>2026-09-15T11:04:46.000Z</time>
        <speed>1.372</speed>
      </trkpt>
      <trkpt lat="50.5255741" lon="-5.0255249">
        <ele>17.8</ele>
        <time>2026-09-15T11:04:51.000Z</time>
        <speed>1.381</speed>
      </trkpt>
      <trkpt lat="50.5255862" lon="-5.0256150">
        <ele>18.6</ele>
        <time>2026-09-15T11:04:56.000Z</time>
        <speed>1.362</speed>
      </trkpt>
      <trkpt lat="50.5256164" lon="-5.0256890">
        <ele>18.0</ele>
        <time>2026-09-15T11:05:01.000Z</time>
        <speed>1.344</speed>
      </trkpt>
      <trkpt lat="50.5256657" lon="-5.0257630">
        <ele>17.4</ele>
        <time>2026-09-15T11:05:06.000Z</time>
        <speed>1.381</speed>
      </trkpt>
      <trkpt lat="50.5257121" lon="-5.0258242">
        <ele>17.0</ele>
        <time>2026-09-15T11:05:11.000Z</time>
        <speed>1.344</speed>
      </trkpt>
      <trkpt lat="50.5257563" lon="-5.0258858">
        <ele>17.0</ele>
        <time>2026-09-15T11:05:16.000Z</time>
        <speed>1.390</speed>
      </trkpt>
      <trkpt lat="50.5257925" lon="-5.0259519">
        <ele>17.4</ele>
        <time>2026-09-15T11:05:21.000Z</time>
        <speed>1.344</speed>
      </trkpt>
      <trkpt lat="50.5258142" lon="-5.0260430">
        <ele>17.6</ele>
        <time>2026-09-15T11:05:26.000Z</time>
        <speed>1.344</speed>
      </trkpt>
      <trkpt lat="50.5258243" lon="-5.0261261">
        <ele>17.6</ele>
        <time>2026-09-15T11:05:31.000Z</time>
        <speed>1.344</speed>
      </trkpt>
      <trkpt lat="50.5258241" lon="-5.0262133">
        <ele>17.2</ele>
        <time>2026-09-15T11:05:36.000Z</time>
        <speed>1.316</speed>
      </trkpt>
      <trkpt lat="50.5258137" lon="-5.0263146">
        <ele>17.6</ele>
        <time>2026-09-15T11:05:41.000Z</time>
        <speed>1.288</speed>
      </trkpt>
      <trkpt lat="50.5257988" lon="-5.0264053">
        <ele>17.6</ele>
        <time>2026-09-15T11:05:46.000Z</time>
        <speed>1.306</speed>
      </trkpt>
      <trkpt lat="50.5257754" lon="-5.0264791">
        <ele>19.2</ele>
        <time>2026-09-15T11:05:51.000Z</time>
        <speed>1.316</speed>
      </trkpt>
      <trkpt lat="50.5257452" lon="-5.0265442">
        <ele>18.0</ele>
        <time>2026-09-15T11:05:56.000Z</time>
        <speed>1.250</speed>
      </trkpt>
      <trkpt lat="50.5257143" lon="-5.0266065">
        <ele>18.6</ele>
        <time>2026-09-15T11:06:01.000Z</time>
        <speed>1.241</speed>
      </trkpt>
      <trkpt lat="50.5256826" lon="-5.0266801">
        <ele>18.8</ele>
        <time>2026-09-15T11:06:06.000Z</time>
        <speed>1.232</speed>
      </trkpt>
      <trkpt lat="50.5256485" lon="-5.0267410">
        <ele>20.6</ele>
        <time>2026-09-15T11:06:11.000Z</time>
        <speed>1.204</speed>
      </trkpt>
      <trkpt lat="50.5256168" lon="-5.0268079">
        <ele>21.0</ele>
        <time>2026-09-15T11:06:16.000Z</time>
        <speed>1.194</speed>
      </trkpt>
      <trkpt lat="50.5255796" lon="-5.0268717">
        <ele>21.0</ele>
        <time>2026-09-15T11:06:21.000Z</time>
        <speed>1.194</speed>
      </trkpt>
      <trkpt lat="50.5255389" lon="-5.0269383">
        <ele>22.0</ele>
        <time>2026-09-15T11:06:26.000Z</time>
        <speed>1.185</speed>
      </trkpt>
      <trkpt lat="50.5255078" lon="-5.0269810">
        <ele>23.2</ele>
        <time>2026-09-15T11:06:31.000Z</time>
        <speed>1.157</speed>
      </trkpt>
      <trkpt lat="50.5254717" lon="-5.0270427">
        <ele>23.6</ele>
        <time>2026-09-15T11:06:36.000Z</time>
        <speed>1.138</speed>
      </trkpt>
      <trkpt lat="50.5254432" lon="-5.0271274">
        <ele>24.0</ele>
        <time>2026-09-15T11:06:41.000Z</time>
        <speed>1.185</speed>
      </trkpt>
      <trkpt lat="50.5254197" lon="-5.0272012">
        <ele>24.0</ele>
        <time>2026-09-15T11:06:46.000Z</time>
        <speed>1.194</speed>
      </trkpt>
      <trkpt lat="50.5253883" lon="-5.0272705">
        <ele>25.2</ele>
        <time>2026-09-15T11:06:51.000Z</time>
        <speed>1.166</speed>
      </trkpt>
      <trkpt lat="50.5253748" lon="-5.0273090">
        <ele>26.2</ele>
        <time>2026-09-15T11:06:56.000Z</time>
        <speed>1.120</speed>
      </trkpt>
      <trkpt lat="50.5253730" lon="-5.0273129">
        <ele>25.6</ele>
        <time>2026-09-15T11:07:01.000Z</time>
        <speed>0.000</speed>
      </trkpt>
      <trkpt lat="50.5253731" lon="-5.0273125">
        <ele>24.0</ele>
        <time>2026-09-15T11:07:06.000Z</time>
        <speed>0.000</speed>
      </trkpt>
      <trkpt lat="50.5253735" lon="-5.0273115">
        <ele>24.0</ele>
        <time>2026-09-15T11:07:11.000Z</time>
        <speed>0.000</speed>
      </trkpt>
      <trkpt lat="50.5253745" lon="-5.0273112">
        <ele>25.4</ele>
        <time>2026-09-15T11:07:16.000Z</time>
        <speed>0.000</speed>
      </trkpt>
      <trkpt lat="50.5253743" lon="-5.0273181">
        <ele>24.4</ele>
        <time>2026-09-15T11:07:21.000Z</time>
        <speed>0.000</speed>
      </trkpt>
      <trkpt lat="50.5253744" lon="-5.0273171">
        <ele>25.4</ele>
        <time>2026-09-15T11:07:26.000Z</time>
        <speed>0.000</speed>
      </trkpt>
      <trkpt lat="50.5253742" lon="-5.0273163">
        <ele>27.0</ele>
        <time>2026-09-15T11:07:31.000Z</time>
        <speed>0.000</speed>
      </trkpt>
      <trkpt lat="50.5253704" lon="-5.0273213">
        <ele>27.2</ele>
        <time>2026-09-15T11:07:36.000Z</time>
        <speed>0.000</speed>
      </trkpt>
      <trkpt lat="50.5253346" lon="-5.0273918">
        <ele>26.0</ele>
        <time>2026-09-15T11:07:41.000Z</time>
        <speed>0.653</speed>
      </trkpt>
      <trkpt lat="50.5253072" lon="-5.0274677">
        <ele>25.6</ele>
        <time>2026-09-15T11:07:46.000Z</time>
        <speed>1.297</speed>
      </trkpt>
      <trkpt lat="50.5252848" lon="-5.0275409">
        <ele>26.4</ele>
        <time>2026-09-15T11:07:51.000Z</time>
        <speed>1.166</speed>
      </trkpt>
      <trkpt lat="50.5252545" lon="-5.0276223">
        <ele>27.0</ele>
        <time>2026-09-15T11:07:56.000Z</time>
        <speed>1.222</speed>
      </trkpt>
      <trkpt lat="50.5252199" lon="-5.0276910">
        <ele>26.6</ele>
        <time>2026-09-15T11:08:01.000Z</time>
        <speed>1.232</speed>
      </trkpt>
      <trkpt lat="50.5251901" lon="-5.0277601">
        <ele>26.6</ele>
        <time>2026-09-15T11:08:06.000Z</time>
        <speed>1.232</speed>
      </trkpt>
      <trkpt lat="50.5251567" lon="-5.0278386">
        <ele>26.8</ele>
        <time>2026-09-15T11:08:11.000Z</time>
        <speed>1.316</speed>
      </trkpt>
      <trkpt lat="50.5251190" lon="-5.0279135">
        <ele>28.2</ele>
        <time>2026-09-15T11:08:16.000Z</time>
        <speed>1.306</speed>
      </trkpt>
      <trkpt lat="50.5250806" lon="-5.0279938">
        <ele>29.4</ele>
        <time>2026-09-15T11:08:21.000Z</time>
        <speed>1.344</speed>
      </trkpt>
      <trkpt lat="50.5250440" lon="-5.0280729">
        <ele>30.0</ele>
        <time>2026-09-15T11:08:26.000Z</time>
        <speed>1.362</speed>
      </trkpt>
      <trkpt lat="50.5250062" lon="-5.0281461">
        <ele>31.2</ele>
        <time>2026-09-15T11:08:31.000Z</time>
        <speed>1.344</speed>
      </trkpt>
      <trkpt lat="50.5249727" lon="-5.0282227">
        <ele>29.6</ele>
        <time>2026-09-15T11:08:36.000Z</time>
        <speed>1.325</speed>
      </trkpt>
      <trkpt lat="50.5249398" lon="-5.0283087">
        <ele>26.4</ele>
        <time>2026-09-15T11:08:41.000Z</time>
        <speed>1.316</speed>
      </trkpt>
      <trkpt lat="50.5249062" lon="-5.0283864">
        <ele>27.6</ele>
        <time>2026-09-15T11:08:46.000Z</time>
        <speed>1.325</speed>
      </trkpt>
      <trkpt lat="50.5248692" lon="-5.0284390">
        <ele>27.2</ele>
        <time>2026-09-15T11:08:51.000Z</time>
        <speed>1.278</speed>
      </trkpt>
      <trkpt lat="50.5248167" lon="-5.0284486">
        <ele>27.4</ele>
        <time>2026-09-15T11:08:56.000Z</time>
        <speed>1.297</speed>
      </trkpt>
      <trkpt lat="50.5247620" lon="-5.0284335">
        <ele>26.2</ele>
        <time>2026-09-15T11:09:01.000Z</time>
        <speed>1.260</speed>
      </trkpt>
      <trkpt lat="50.5247124" lon="-5.0284173">
        <ele>25.8</ele>
        <time>2026-09-15T11:09:06.000Z</time>
        <speed>1.260</speed>
      </trkpt>
      <trkpt lat="50.5246604" lon="-5.0284051">
        <ele>26.0</ele>
        <time>2026-09-15T11:09:11.000Z</time>
        <speed>1.213</speed>
      </trkpt>
      <trkpt lat="50.5246037" lon="-5.0284080">
        <ele>26.4</ele>
        <time>2026-09-15T11:09:16.000Z</time>
        <speed>1.213</speed>
      </trkpt>
      <trkpt lat="50.5245471" lon="-5.0284131">
        <ele>25.8</ele>
        <time>2026-09-15T11:09:21.000Z</time>
        <speed>1.250</speed>
      </trkpt>
      <trkpt lat="50.5245146" lon="-5.0284154">
        <ele>25.4</ele>
        <time>2026-09-15T11:09:26.000Z</time>
        <speed>1.148</speed>
      </trkpt>
      <trkpt lat="50.5245116" lon="-5.0284135">
        <ele>26.0</ele>
        <time>2026-09-15T11:09:31.000Z</time>
        <speed>0.000</speed>
      </trkpt>
      <trkpt lat="50.5245105" lon="-5.0284118">
        <ele>25.0</ele>
        <time>2026-09-15T11:09:36.000Z</time>
        <speed>0.000</speed>
      </trkpt>
      <trkpt lat="50.5244996" lon="-5.0284000">
        <ele>25.0</ele>
        <time>2026-09-15T11:09:41.000Z</time>
        <speed>0.000</speed>
      </trkpt>
      <trkpt lat="50.5244881" lon="-5.0283367">
        <ele>25.8</ele>
        <time>2026-09-15T11:09:46.000Z</time>
        <speed>0.000</speed>
      </trkpt>
      <trkpt lat="50.5244905" lon="-5.0282525">
        <ele>26.2</ele>
        <time>2026-09-15T11:09:51.000Z</time>
        <speed>1.026</speed>
      </trkpt>
      <trkpt lat="50.5244978" lon="-5.0281585">
        <ele>26.4</ele>
        <time>2026-09-15T11:09:56.000Z</time>
        <speed>1.250</speed>
      </trkpt>
      <trkpt lat="50.5245037" lon="-5.0280748">
        <ele>26.2</ele>
        <time>2026-09-15T11:10:01.000Z</time>
        <speed>1.278</speed>
      </trkpt>
      <trkpt lat="50.5245081" lon="-5.0279906">
        <ele>25.0</ele>
        <time>2026-09-15T11:10:06.000Z</time>
        <speed>1.232</speed>
      </trkpt>
      <trkpt lat="50.5245072" lon="-5.0279086">
        <ele>25.6</ele>
        <time>2026-09-15T11:10:11.000Z</time>
        <speed>1.213</speed>
      </trkpt>
      <trkpt lat="50.5244942" lon="-5.0278285">
        <ele>25.8</ele>
        <time>2026-09-15T11:10:16.000Z</time>
        <speed>1.185</speed>
      </trkpt>
      <trkpt lat="50.5244605" lon="-5.0277463">
        <ele>26.4</ele>
        <time>2026-09-15T11:10:21.000Z</time>
        <speed>1.222</speed>
      </trkpt>
      <trkpt lat="50.5244242" lon="-5.0276612">
        <ele>26.8</ele>
        <time>2026-09-15T11:10:26.000Z</time>
        <speed>1.306</speed>
      </trkpt>
      <trkpt lat="50.5243898" lon="-5.0275840">
        <ele>29.2</ele>
        <time>2026-09-15T11:10:31.000Z</time>
        <speed>1.353</speed>
      </trkpt>
      <trkpt lat="50.5243536" lon="-5.0275088">
        <ele>29.0</ele>
        <time>2026-09-15T11:10:36.000Z</time>
        <speed>1.372</speed>
      </trkpt>
      <trkpt lat="50.5243212" lon="-5.0274483">
        <ele>28.4</ele>
        <time>2026-09-15T11:10:41.000Z</time>
        <speed>1.353</speed>
      </trkpt>
      <trkpt lat="50.5242994" lon="-5.0273887">
        <ele>27.8</ele>
        <time>2026-09-15T11:10:46.000Z</time>
        <speed>1.278</speed>
      </trkpt>
      <trkpt lat="50.5242858" lon="-5.0273169">
        <ele>27.4</ele>
        <time>2026-09-15T11:10:51.000Z</time>
        <speed>1.222</speed>
      </trkpt>
      <trkpt lat="50.5242652" lon="-5.0272383">
        <ele>27.4</ele>
        <time>2026-09-15T11:10:56.000Z</time>
        <speed>1.232</speed>
      </trkpt>
      <trkpt lat="50.5242392" lon="-5.0271462">
        <ele>27.8</ele>
        <time>2026-09-15T11:11:01.000Z</time>
        <speed>1.241</speed>
      </trkpt>
      <trkpt lat="50.5242153" lon="-5.0270603">
        <ele>27.4</ele>
        <time>2026-09-15T11:11:06.000Z</time>
        <speed>1.269</speed>
      </trkpt>
      <trkpt lat="50.5242046" lon="-5.0270354">
        <ele>27.4</ele>
        <time>2026-09-15T11:11:11.000Z</time>
        <speed>1.148</speed>
      </trkpt>
      <trkpt lat="50.5242031" lon="-5.0270240">
        <ele>27.8</ele>
        <time>2026-09-15T11:11:16.000Z</time>
        <speed>0.000</speed>
      </trkpt>
      <trkpt lat="50.5241837" lon="-5.0269826">
        <ele>27.6</ele>
        <time>2026-09-15T11:11:21.000Z</time>
        <speed>0.000</speed>
      </trkpt>
      <trkpt lat="50.5241779" lon="-5.0269784">
        <ele>27.6</ele>
        <time>2026-09-15T11:11:26.000Z</time>
        <speed>0.000</speed>
      </trkpt>
      <trkpt lat="50.5241772" lon="-5.0269701">
        <ele>27.4</ele>
        <time>2026-09-15T11:11:31.000Z</time>
        <speed>0.000</speed>
      </trkpt>
      <trkpt lat="50.5241769" lon="-5.0269621">
        <ele>27.2</ele>
        <time>2026-09-15T11:11:36.000Z</time>
        <speed>0.000</speed>
      </trkpt>
      <trkpt lat="50.5241691" lon="-5.0269493">
        <ele>27.0</ele>
        <time>2026-09-15T11:11:41.000Z</time>
        <speed>0.000</speed>
      </trkpt>
      <trkpt lat="50.5241344" lon="-5.0268919">
        <ele>27.8</ele>
        <time>2026-09-15T11:11:46.000Z</time>
        <speed>0.709</speed>
      </trkpt>
      <trkpt lat="50.5240943" lon="-5.0268120">
        <ele>28.4</ele>
        <time>2026-09-15T11:11:51.000Z</time>
        <speed>1.222</speed>
      </trkpt>
      <trkpt lat="50.5240477" lon="-5.0267440">
        <ele>28.8</ele>
        <time>2026-09-15T11:11:56.000Z</time>
        <speed>1.502</speed>
      </trkpt>
      <trkpt lat="50.5240049" lon="-5.0266868">
        <ele>29.4</ele>
        <time>2026-09-15T11:12:01.000Z</time>
        <speed>1.334</speed>
      </trkpt>
      <trkpt lat="50.5239647" lon="-5.0266331">
        <ele>30.0</ele>
        <time>2026-09-15T11:12:06.000Z</time>
        <speed>1.316</speed>
      </trkpt>
      <trkpt lat="50.5239254" lon="-5.0265648">
        <ele>30.8</ele>
        <time>2026-09-15T11:12:11.000Z</time>
        <speed>1.306</speed>
      </trkpt>
      <trkpt lat="50.5238843" lon="-5.0265006">
        <ele>31.2</ele>
        <time>2026-09-15T11:12:16.000Z</time>
        <speed>1.325</speed>
      </trkpt>
      <trkpt lat="50.5238497" lon="-5.0264492">
        <ele>31.6</ele>
        <time>2026-09-15T11:12:21.000Z</time>
        <speed>1.269</speed>
      </trkpt>
      <trkpt lat="50.5238136" lon="-5.0263989">
        <ele>32.4</ele>
        <time>2026-09-15T11:12:26.000Z</time>
        <speed>1.194</speed>
      </trkpt>
      <trkpt lat="50.5238054" lon="-5.0263952">
        <ele>32.0</ele>
        <time>2026-09-15T11:12:31.000Z</time>
        <speed>0.886</speed>
      </trkpt>
      <trkpt lat="50.5237993" lon="-5.0263729">
        <ele>31.6</ele>
        <time>2026-09-15T11:12:36.000Z</time>
        <speed>0.000</speed>
      </trkpt>
      <trkpt lat="50.5237670" lon="-5.0263263">
        <ele>32.6</ele>
        <time>2026-09-15T11:12:41.000Z</time>
        <speed>0.476</speed>
      </trkpt>
      <trkpt lat="50.5237625" lon="-5.0263259">
        <ele>35.6</ele>
        <time>2026-09-15T11:12:46.000Z</time>
        <speed>0.000</speed>
      </trkpt>
      <trkpt lat="50.5237655" lon="-5.0263275">
        <ele>37.4</ele>
        <time>2026-09-15T11:12:51.000Z</time>
        <speed>0.000</speed>
      </trkpt>
      <trkpt lat="50.5237578" lon="-5.0263184">
        <ele>34.8</ele>
        <time>2026-09-15T11:12:56.000Z</time>
        <speed>0.000</speed>
      </trkpt>
      <trkpt lat="50.5237143" lon="-5.0262662">
        <ele>34.6</ele>
        <time>2026-09-15T11:13:01.000Z</time>
        <speed>0.000</speed>
      </trkpt>
      <trkpt lat="50.5236741" lon="-5.0262066">
        <ele>34.4</ele>
        <time>2026-09-15T11:13:06.000Z</time>
        <speed>0.000</speed>
      </trkpt>
      <trkpt lat="50.5236378" lon="-5.0261510">
        <ele>33.0</ele>
        <time>2026-09-15T11:13:11.000Z</time>
        <speed>1.362</speed>
      </trkpt>
      <trkpt lat="50.5235992" lon="-5.0260849">
        <ele>34.0</ele>
        <time>2026-09-15T11:13:16.000Z</time>
        <speed>1.316</speed>
      </trkpt>
      <trkpt lat="50.5235613" lon="-5.0260251">
        <ele>33.6</ele>
        <time>2026-09-15T11:13:21.000Z</time>
        <speed>1.306</speed>
      </trkpt>
      <trkpt lat="50.5235018" lon="-5.0260113">
        <ele>33.6</ele>
        <time>2026-09-15T11:13:26.000Z</time>
        <speed>1.316</speed>
      </trkpt>
      <trkpt lat="50.5234427" lon="-5.0260322">
        <ele>33.4</ele>
        <time>2026-09-15T11:13:31.000Z</time>
        <speed>1.344</speed>
      </trkpt>
      <trkpt lat="50.5233993" lon="-5.0260958">
        <ele>34.0</ele>
        <time>2026-09-15T11:13:36.000Z</time>
        <speed>1.372</speed>
      </trkpt>
      <trkpt lat="50.5233668" lon="-5.0261666">
        <ele>35.2</ele>
        <time>2026-09-15T11:13:41.000Z</time>
        <speed>1.372</speed>
      </trkpt>
      <trkpt lat="50.5233357" lon="-5.0262408">
        <ele>35.0</ele>
        <time>2026-09-15T11:13:46.000Z</time>
        <speed>1.306</speed>
      </trkpt>
      <trkpt lat="50.5232947" lon="-5.0263070">
        <ele>33.4</ele>
        <time>2026-09-15T11:13:51.000Z</time>
        <speed>1.297</speed>
      </trkpt>
      <trkpt lat="50.5232452" lon="-5.0263746">
        <ele>34.4</ele>
        <time>2026-09-15T11:13:56.000Z</time>
        <speed>1.362</speed>
      </trkpt>
      <trkpt lat="50.5231921" lon="-5.0264294">
        <ele>35.4</ele>
        <time>2026-09-15T11:14:01.000Z</time>
        <speed>1.362</speed>
      </trkpt>
      <trkpt lat="50.5231470" lon="-5.0264822">
        <ele>35.4</ele>
        <time>2026-09-15T11:14:06.000Z</time>
        <speed>1.362</speed>
      </trkpt>
      <trkpt lat="50.5230927" lon="-5.0265293">
        <ele>34.8</ele>
        <time>2026-09-15T11:14:11.000Z</time>
        <speed>1.325</speed>
      </trkpt>
      <trkpt lat="50.5230416" lon="-5.0265668">
        <ele>34.6</ele>
        <time>2026-09-15T11:14:16.000Z</time>
        <speed>1.344</speed>
      </trkpt>
      <trkpt lat="50.5229891" lon="-5.0266080">
        <ele>33.8</ele>
        <time>2026-09-15T11:14:21.000Z</time>
        <speed>1.325</speed>
      </trkpt>
      <trkpt lat="50.5229352" lon="-5.0266397">
        <ele>34.2</ele>
        <time>2026-09-15T11:14:26.000Z</time>
        <speed>1.316</speed>
      </trkpt>
      <trkpt lat="50.5228810" lon="-5.0266723">
        <ele>34.0</ele>
        <time>2026-09-15T11:14:31.000Z</time>
        <speed>1.316</speed>
      </trkpt>
      <trkpt lat="50.5228293" lon="-5.0267090">
        <ele>34.8</ele>
        <time>2026-09-15T11:14:36.000Z</time>
        <speed>1.325</speed>
      </trkpt>
      <trkpt lat="50.5227770" lon="-5.0267191">
        <ele>34.8</ele>
        <time>2026-09-15T11:14:41.000Z</time>
        <speed>1.316</speed>
      </trkpt>
      <trkpt lat="50.5227293" lon="-5.0266865">
        <ele>34.6</ele>
        <time>2026-09-15T11:14:46.000Z</time>
        <speed>1.278</speed>
      </trkpt>
      <trkpt lat="50.5226840" lon="-5.0266352">
        <ele>37.2</ele>
        <time>2026-09-15T11:14:51.000Z</time>
        <speed>1.213</speed>
      </trkpt>
      <trkpt lat="50.5226340" lon="-5.0265866">
        <ele>39.8</ele>
        <time>2026-09-15T11:14:56.000Z</time>
        <speed>1.260</speed>
      </trkpt>
      <trkpt lat="50.5225735" lon="-5.0265407">
        <ele>38.4</ele>
        <time>2026-09-15T11:15:01.000Z</time>
        <speed>1.390</speed>
      </trkpt>
      <trkpt lat="50.5225198" lon="-5.0265080">
        <ele>36.6</ele>
        <time>2026-09-15T11:15:06.000Z</time>
        <speed>1.390</speed>
      </trkpt>
      <trkpt lat="50.5224678" lon="-5.0264931">
        <ele>37.0</ele>
        <time>2026-09-15T11:15:11.000Z</time>
        <speed>1.316</speed>
      </trkpt>
      <trkpt lat="50.5224106" lon="-5.0264961">
        <ele>37.6</ele>
        <time>2026-09-15T11:15:16.000Z</time>
        <speed>1.316</speed>
      </trkpt>
      <trkpt lat="50.5223500" lon="-5.0265001">
        <ele>36.8</ele>
        <time>2026-09-15T11:15:21.000Z</time>
        <speed>1.297</speed>
      </trkpt>
      <trkpt lat="50.5222882" lon="-5.0265040">
        <ele>37.4</ele>
        <time>2026-09-15T11:15:26.000Z</time>
        <speed>1.288</speed>
      </trkpt>
      <trkpt lat="50.5222309" lon="-5.0265236">
        <ele>36.6</ele>
        <time>2026-09-15T11:15:31.000Z</time>
        <speed>1.306</speed>
      </trkpt>
      <trkpt lat="50.5221710" lon="-5.0265611">
        <ele>38.6</ele>
        <time>2026-09-15T11:15:36.000Z</time>
        <speed>1.325</speed>
      </trkpt>
      <trkpt lat="50.5221123" lon="-5.0265970">
        <ele>39.4</ele>
        <time>2026-09-15T11:15:41.000Z</time>
        <speed>1.334</speed>
      </trkpt>
      <trkpt lat="50.5220577" lon="-5.0266433">
        <ele>38.0</ele>
        <time>2026-09-15T11:15:46.000Z</time>
        <speed>1.362</speed>
      </trkpt>
      <trkpt lat="50.5220063" lon="-5.0267079">
        <ele>37.4</ele>
        <time>2026-09-15T11:15:51.000Z</time>
        <speed>1.372</speed>
      </trkpt>
      <trkpt lat="50.5219597" lon="-5.0267747">
        <ele>38.0</ele>
        <time>2026-09-15T11:15:56.000Z</time>
        <speed>1.362</speed>
      </trkpt>
      <trkpt lat="50.5219221" lon="-5.0268540">
        <ele>37.2</ele>
        <time>2026-09-15T11:16:01.000Z</time>
        <speed>1.390</speed>
      </trkpt>
      <trkpt lat="50.5218919" lon="-5.0269380">
        <ele>37.0</ele>
        <time>2026-09-15T11:16:06.000Z</time>
        <speed>1.381</speed>
      </trkpt>
      <trkpt lat="50.5218634" lon="-5.0270225">
        <ele>36.6</ele>
        <time>2026-09-15T11:16:11.000Z</time>
        <speed>1.381</speed>
      </trkpt>
      <trkpt lat="50.5218424" lon="-5.0271131">
        <ele>36.4</ele>
        <time>2026-09-15T11:16:16.000Z</time>
        <speed>1.400</speed>
      </trkpt>
      <trkpt lat="50.5218154" lon="-5.0272065">
        <ele>36.4</ele>
        <time>2026-09-15T11:16:21.000Z</time>
        <speed>1.381</speed>
      </trkpt>
      <trkpt lat="50.5217845" lon="-5.0272918">
        <ele>35.6</ele>
        <time>2026-09-15T11:16:26.000Z</time>
        <speed>1.372</speed>
      </trkpt>
      <trkpt lat="50.5217486" lon="-5.0273786">
        <ele>35.4</ele>
        <time>2026-09-15T11:16:31.000Z</time>
        <speed>1.400</speed>
      </trkpt>
      <trkpt lat="50.5217189" lon="-5.0274576">
        <ele>34.6</ele>
        <time>2026-09-15T11:16:36.000Z</time>
        <speed>1.390</speed>
      </trkpt>
      <trkpt lat="50.5216834" lon="-5.0275493">
        <ele>35.6</ele>
        <time>2026-09-15T11:16:41.000Z</time>
        <speed>1.390</speed>
      </trkpt>
      <trkpt lat="50.5216415" lon="-5.0276309">
        <ele>34.8</ele>
        <time>2026-09-15T11:16:46.000Z</time>
        <speed>1.390</speed>
      </trkpt>
      <trkpt lat="50.5216032" lon="-5.0277073">
        <ele>33.6</ele>
        <time>2026-09-15T11:16:51.000Z</time>
        <speed>1.409</speed>
      </trkpt>
      <trkpt lat="50.5215646" lon="-5.0277873">
        <ele>33.4</ele>
        <time>2026-09-15T11:16:56.000Z</time>
        <speed>1.409</speed>
      </trkpt>
      <trkpt lat="50.5215243" lon="-5.0278622">
        <ele>32.6</ele>
        <time>2026-09-15T11:17:01.000Z</time>
        <speed>1.418</speed>
      </trkpt>
      <trkpt lat="50.5214765" lon="-5.0279346">
        <ele>32.6</ele>
        <time>2026-09-15T11:17:06.000Z</time>
        <speed>1.409</speed>
      </trkpt>
      <trkpt lat="50.5214295" lon="-5.0280082">
        <ele>32.2</ele>
        <time>2026-09-15T11:17:11.000Z</time>
        <speed>1.418</speed>
      </trkpt>
      <trkpt lat="50.5213824" lon="-5.0280741">
        <ele>31.0</ele>
        <time>2026-09-15T11:17:16.000Z</time>
        <speed>1.418</speed>
      </trkpt>
      <trkpt lat="50.5213293" lon="-5.0281446">
        <ele>31.0</ele>
        <time>2026-09-15T11:17:21.000Z</time>
        <speed>1.428</speed>
      </trkpt>
      <trkpt lat="50.5212746" lon="-5.0282005">
        <ele>30.4</ele>
        <time>2026-09-15T11:17:26.000Z</time>
        <speed>1.428</speed>
      </trkpt>
      <trkpt lat="50.5212182" lon="-5.0282471">
        <ele>30.0</ele>
        <time>2026-09-15T11:17:31.000Z</time>
        <speed>1.437</speed>
      </trkpt>
      <trkpt lat="50.5211627" lon="-5.0282867">
        <ele>29.6</ele>
        <time>2026-09-15T11:17:36.000Z</time>
        <speed>1.428</speed>
      </trkpt>
      <trkpt lat="50.5211040" lon="-5.0283238">
        <ele>30.0</ele>
        <time>2026-09-15T11:17:41.000Z</time>
        <speed>1.409</speed>
      </trkpt>
      <trkpt lat="50.5210491" lon="-5.0283549">
        <ele>28.8</ele>
        <time>2026-09-15T11:17:46.000Z</time>
        <speed>1.418</speed>
      </trkpt>
      <trkpt lat="50.5209942" lon="-5.0283816">
        <ele>28.8</ele>
        <time>2026-09-15T11:17:51.000Z</time>
        <speed>1.400</speed>
      </trkpt>
      <trkpt lat="50.5209401" lon="-5.0284025">
        <ele>28.4</ele>
        <time>2026-09-15T11:17:56.000Z</time>
        <speed>1.381</speed>
      </trkpt>
      <trkpt lat="50.5209082" lon="-5.0284211">
        <ele>27.4</ele>
        <time>2026-09-15T11:18:01.000Z</time>
        <speed>1.362</speed>
      </trkpt>
      <trkpt lat="50.5209082" lon="-5.0284215">
        <ele>27.4</ele>
        <time>2026-09-15T11:18:06.000Z</time>
        <speed>0.000</speed>
      </trkpt>
      <trkpt lat="50.5209067" lon="-5.0284222">
        <ele>27.2</ele>
        <time>2026-09-15T11:18:11.000Z</time>
        <speed>0.000</speed>
      </trkpt>
      <trkpt lat="50.5209042" lon="-5.0284232">
        <ele>27.6</ele>
        <time>2026-09-15T11:18:16.000Z</time>
        <speed>0.000</speed>
      </trkpt>
      <trkpt lat="50.5209030" lon="-5.0284241">
        <ele>28.2</ele>
        <time>2026-09-15T11:18:21.000Z</time>
        <speed>0.000</speed>
      </trkpt>
      <trkpt lat="50.5208935" lon="-5.0284228">
        <ele>29.0</ele>
        <time>2026-09-15T11:18:26.000Z</time>
        <speed>0.000</speed>
      </trkpt>
      <trkpt lat="50.5208489" lon="-5.0284223">
        <ele>28.4</ele>
        <time>2026-09-15T11:18:31.000Z</time>
        <speed>0.000</speed>
      </trkpt>
      <trkpt lat="50.5207963" lon="-5.0284292">
        <ele>27.6</ele>
        <time>2026-09-15T11:18:36.000Z</time>
        <speed>1.232</speed>
      </trkpt>
      <trkpt lat="50.5207379" lon="-5.0284288">
        <ele>28.2</ele>
        <time>2026-09-15T11:18:41.000Z</time>
        <speed>1.278</speed>
      </trkpt>
      <trkpt lat="50.5206793" lon="-5.0284215">
        <ele>28.0</ele>
        <time>2026-09-15T11:18:46.000Z</time>
        <speed>1.325</speed>
      </trkpt>
      <trkpt lat="50.5206244" lon="-5.0283948">
        <ele>28.4</ele>
        <time>2026-09-15T11:18:51.000Z</time>
        <speed>1.306</speed>
      </trkpt>
      <trkpt lat="50.5205933" lon="-5.0283705">
        <ele>28.6</ele>
        <time>2026-09-15T11:18:56.000Z</time>
        <speed>1.213</speed>
      </trkpt>
      <trkpt lat="50.5205873" lon="-5.0283703">
        <ele>29.6</ele>
        <time>2026-09-15T11:19:01.000Z</time>
        <speed>0.746</speed>
      </trkpt>
      <trkpt lat="50.5205854" lon="-5.0283878">
        <ele>28.0</ele>
        <time>2026-09-15T11:19:06.000Z</time>
        <speed>0.718</speed>
      </trkpt>
      <trkpt lat="50.5205837" lon="-5.0283912">
        <ele>26.4</ele>
        <time>2026-09-15T11:19:11.000Z</time>
        <speed>0.000</speed>
      </trkpt>
      <trkpt lat="50.5205828" lon="-5.0283916">
        <ele>26.2</ele>
        <time>2026-09-15T11:19:16.000Z</time>
        <speed>0.000</speed>
      </trkpt>
      <trkpt lat="50.5205833" lon="-5.0283924">
        <ele>27.4</ele>
        <time>2026-09-15T11:19:21.000Z</time>
        <speed>0.000</speed>
      </trkpt>
      <trkpt lat="50.5205821" lon="-5.0283962">
        <ele>28.4</ele>
        <time>2026-09-15T11:19:26.000Z</time>
        <speed>0.000</speed>
      </trkpt>
      <trkpt lat="50.5205614" lon="-5.0284026">
        <ele>28.8</ele>
        <time>2026-09-15T11:19:31.000Z</time>
        <speed>0.000</speed>
      </trkpt>
      <trkpt lat="50.5205267" lon="-5.0284254">
        <ele>29.2</ele>
        <time>2026-09-15T11:19:36.000Z</time>
        <speed>0.383</speed>
      </trkpt>
      <trkpt lat="50.5205242" lon="-5.0284178">
        <ele>28.4</ele>
        <time>2026-09-15T11:19:41.000Z</time>
        <speed>0.000</speed>
      </trkpt>
      <trkpt lat="50.5205226" lon="-5.0284095">
        <ele>28.8</ele>
        <time>2026-09-15T11:19:46.000Z</time>
        <speed>0.000</speed>
      </trkpt>
      <trkpt lat="50.5205622" lon="-5.0284049">
        <ele>27.4</ele>
        <time>2026-09-15T11:19:51.000Z</time>
        <speed>0.504</speed>
      </trkpt>
      <trkpt lat="50.5205841" lon="-5.0283890">
        <ele>27.0</ele>
        <time>2026-09-15T11:19:56.000Z</time>
        <speed>0.364</speed>
      </trkpt>
      <trkpt lat="50.5205886" lon="-5.0283867">
        <ele>28.2</ele>
        <time>2026-09-15T11:20:01.000Z</time>
        <speed>0.000</speed>
      </trkpt>
      <trkpt lat="50.5205872" lon="-5.0283873">
        <ele>28.6</ele>
        <time>2026-09-15T11:20:06.000Z</time>
        <speed>0.000</speed>
      </trkpt>
      <trkpt lat="50.5205857" lon="-5.0283837">
        <ele>28.0</ele>
        <time>2026-09-15T11:20:11.000Z</time>
        <speed>0.000</speed>
      </trkpt>
      <trkpt lat="50.5205845" lon="-5.0283815">
        <ele>28.0</ele>
        <time>2026-09-15T11:20:16.000Z</time>
        <speed>0.000</speed>
      </trkpt>
      <trkpt lat="50.5205868" lon="-5.0283814">
        <ele>27.8</ele>
        <time>2026-09-15T11:20:21.000Z</time>
        <speed>0.000</speed>
      </trkpt>
      <trkpt lat="50.5205860" lon="-5.0283802">
        <ele>28.4</ele>
        <time>2026-09-15T11:20:26.000Z</time>
        <speed>0.000</speed>
      </trkpt>
      <trkpt lat="50.5205851" lon="-5.0283815">
        <ele>28.4</ele>
        <time>2026-09-15T11:20:31.000Z</time>
        <speed>0.000</speed>
      </trkpt>
      <trkpt lat="50.5205835" lon="-5.0283836">
        <ele>28.4</ele>
        <time>2026-09-15T11:20:36.000Z</time>
        <speed>0.000</speed>
      </trkpt>
      <trkpt lat="50.5205832" lon="-5.0283842">
        <ele>28.6</ele>
        <time>2026-09-15T11:20:41.000Z</time>
        <speed>0.000</speed>
      </trkpt>
      <trkpt lat="50.5205852" lon="-5.0283814">
        <ele>28.2</ele>
        <time>2026-09-15T11:20:46.000Z</time>
        <speed>0.000</speed>
      </trkpt>
      <trkpt lat="50.5205897" lon="-5.0283793">
        <ele>27.8</ele>
        <time>2026-09-15T11:20:51.000Z</time>
        <speed>0.000</speed>
      </trkpt>
      <trkpt lat="50.5205891" lon="-5.0283737">
        <ele>26.2</ele>
        <time>2026-09-15T11:20:56.000Z</time>
        <speed>0.000</speed>
      </trkpt>
      <trkpt lat="50.5205888" lon="-5.0283738">
        <ele>27.0</ele>
        <time>2026-09-15T11:21:01.000Z</time>
        <speed>0.000</speed>
      </trkpt>
      <trkpt lat="50.5205900" lon="-5.0283718">
        <ele>26.8</ele>
        <time>2026-09-15T11:21:06.000Z</time>
        <speed>0.000</speed>
      </trkpt>
      <trkpt lat="50.5205900" lon="-5.0283723">
        <ele>26.4</ele>
        <time>2026-09-15T11:21:11.000Z</time>
        <speed>0.000</speed>
      </trkpt>
      <trkpt lat="50.5205902" lon="-5.0283726">
        <ele>26.4</ele>
        <time>2026-09-15T11:21:16.000Z</time>
        <speed>0.000</speed>
      </trkpt>
      <trkpt lat="50.5205904" lon="-5.0283729">
        <ele>26.6</ele>
        <time>2026-09-15T11:21:21.000Z</time>
        <speed>0.000</speed>
      </trkpt>
      <trkpt lat="50.5205907" lon="-5.0283730">
        <ele>26.6</ele>
        <time>2026-09-15T11:21:26.000Z</time>
        <speed>0.000</speed>
      </trkpt>
      <trkpt lat="50.5205908" lon="-5.0283733">
        <ele>26.6</ele>
        <time>2026-09-15T11:21:31.000Z</time>
        <speed>0.000</speed>
      </trkpt>
      <trkpt lat="50.5205909" lon="-5.0283735">
        <ele>26.6</ele>
        <time>2026-09-15T11:21:36.000Z</time>
        <speed>0.000</speed>
      </trkpt>
      <trkpt lat="50.5205908" lon="-5.0283739">
        <ele>26.6</ele>
        <time>2026-09-15T11:21:41.000Z</time>
        <speed>0.000</speed>
      </trkpt>
      <trkpt lat="50.5205907" lon="-5.0283742">
        <ele>26.8</ele>
        <time>2026-09-15T11:21:46.000Z</time>
        <speed>0.000</speed>
      </trkpt>
      <trkpt lat="50.5205907" lon="-5.0283760">
        <ele>26.4</ele>
        <time>2026-09-15T11:21:51.000Z</time>
        <speed>0.000</speed>
      </trkpt>
      <trkpt lat="50.5205905" lon="-5.0283763">
        <ele>26.4</ele>
        <time>2026-09-15T11:21:56.000Z</time>
        <speed>0.000</speed>
      </trkpt>
      <trkpt lat="50.5205903" lon="-5.0283763">
        <ele>26.4</ele>
        <time>2026-09-15T11:22:01.000Z</time>
        <speed>0.000</speed>
      </trkpt>
      <trkpt lat="50.5205901" lon="-5.0283763">
        <ele>26.6</ele>
        <time>2026-09-15T11:22:06.000Z</time>
        <speed>0.000</speed>
      </trkpt>
      <trkpt lat="50.5205898" lon="-5.0283762">
        <ele>27.0</ele>
        <time>2026-09-15T11:22:11.000Z</time>
        <speed>0.000</speed>
      </trkpt>
      <trkpt lat="50.5205896" lon="-5.0283762">
        <ele>26.4</ele>
        <time>2026-09-15T11:22:16.000Z</time>
        <speed>0.000</speed>
      </trkpt>
      <trkpt lat="50.5205896" lon="-5.0283762">
        <ele>26.8</ele>
        <time>2026-09-15T11:22:21.000Z</time>
        <speed>0.000</speed>
      </trkpt>
      <trkpt lat="50.5205881" lon="-5.0283752">
        <ele>26.4</ele>
        <time>2026-09-15T11:22:26.000Z</time>
        <speed>0.000</speed>
      </trkpt>
      <trkpt lat="50.5205881" lon="-5.0283748">
        <ele>26.2</ele>
        <time>2026-09-15T11:22:31.000Z</time>
        <speed>0.000</speed>
      </trkpt>
      <trkpt lat="50.5205881" lon="-5.0283740">
        <ele>26.6</ele>
        <time>2026-09-15T11:22:36.000Z</time>
        <speed>0.000</speed>
      </trkpt>
      <trkpt lat="50.5205881" lon="-5.0283733">
        <ele>26.4</ele>
        <time>2026-09-15T11:22:41.000Z</time>
        <speed>0.000</speed>
      </trkpt>
      <trkpt lat="50.5205881" lon="-5.0283727">
        <ele>26.4</ele>
        <time>2026-09-15T11:22:46.000Z</time>
        <speed>0.000</speed>
      </trkpt>
      <trkpt lat="50.5205878" lon="-5.0283722">
        <ele>26.6</ele>
        <time>2026-09-15T11:22:51.000Z</time>
        <speed>0.000</speed>
      </trkpt>
      <trkpt lat="50.5205876" lon="-5.0283718">
        <ele>26.4</ele>
        <time>2026-09-15T11:22:56.000Z</time>
        <speed>0.000</speed>
      </trkpt>
      <trkpt lat="50.5205875" lon="-5.0283717">
        <ele>26.4</ele>
        <time>2026-09-15T11:23:01.000Z</time>
        <speed>0.000</speed>
      </trkpt>
      <trkpt lat="50.5205870" lon="-5.0283744">
        <ele>26.2</ele>
        <time>2026-09-15T11:23:06.000Z</time>
        <speed>0.000</speed>
      </trkpt>
      <trkpt lat="50.5205868" lon="-5.0283753">
        <ele>26.4</ele>
        <time>2026-09-15T11:23:11.000Z</time>
        <speed>0.000</speed>
      </trkpt>
      <trkpt lat="50.5205868" lon="-5.0283754">
        <ele>26.2</ele>
        <time>2026-09-15T11:23:16.000Z</time>
        <speed>0.000</speed>
      </trkpt>
      <trkpt lat="50.5205869" lon="-5.0283755">
        <ele>26.4</ele>
        <time>2026-09-15T11:23:21.000Z</time>
        <speed>0.000</speed>
      </trkpt>
      <trkpt lat="50.5205871" lon="-5.0283756">
        <ele>26.4</ele>
        <time>2026-09-15T11:23:26.000Z</time>
        <speed>0.000</speed>
      </trkpt>
      <trkpt lat="50.5205871" lon="-5.0283758">
        <ele>26.6</ele>
        <time>2026-09-15T11:23:31.000Z</time>
        <speed>0.000</speed>
      </trkpt>
      <trkpt lat="50.5205873" lon="-5.0283758">
        <ele>26.8</ele>
        <time>2026-09-15T11:23:36.000Z</time>
        <speed>0.000</speed>
      </trkpt>
      <trkpt lat="50.5205873" lon="-5.0283758">
        <ele>26.6</ele>
        <time>2026-09-15T11:23:41.000Z</time>
        <speed>0.000</speed>
      </trkpt>
      <trkpt lat="50.5205873" lon="-5.0283758">
        <ele>26.2</ele>
        <time>2026-09-15T11:23:46.000Z</time>
        <speed>0.000</speed>
      </trkpt>
      <trkpt lat="50.5205875" lon="-5.0283758">
        <ele>26.4</ele>
        <time>2026-09-15T11:23:51.000Z</time>
        <speed>0.000</speed>
      </trkpt>
      <trkpt lat="50.5205876" lon="-5.0283759">
        <ele>26.2</ele>
        <time>2026-09-15T11:23:56.000Z</time>
        <speed>0.000</speed>
      </trkpt>
      <trkpt lat="50.5205877" lon="-5.0283760">
        <ele>26.6</ele>
        <time>2026-09-15T11:24:01.000Z</time>
        <speed>0.000</speed>
      </trkpt>
      <trkpt lat="50.5205877" lon="-5.0283760">
        <ele>26.2</ele>
        <time>2026-09-15T11:24:06.000Z</time>
        <speed>0.000</speed>
      </trkpt>
      <trkpt lat="50.5205878" lon="-5.0283761">
        <ele>26.0</ele>
        <time>2026-09-15T11:24:11.000Z</time>
        <speed>0.000</speed>
      </trkpt>
      <trkpt lat="50.5205878" lon="-5.0283761">
        <ele>26.4</ele>
        <time>2026-09-15T11:24:16.000Z</time>
        <speed>0.000</speed>
      </trkpt>
      <trkpt lat="50.5205878" lon="-5.0283762">
        <ele>26.6</ele>
        <time>2026-09-15T11:24:21.000Z</time>
        <speed>0.000</speed>
      </trkpt>
      <trkpt lat="50.5205878" lon="-5.0283762">
        <ele>26.6</ele>
        <time>2026-09-15T11:24:26.000Z</time>
        <speed>0.000</speed>
      </trkpt>
      <trkpt lat="50.5205878" lon="-5.0283762">
        <ele>26.8</ele>
        <time>2026-09-15T11:24:31.000Z</time>
        <speed>0.000</speed>
      </trkpt>
      <trkpt lat="50.5205877" lon="-5.0283763">
        <ele>26.4</ele>
        <time>2026-09-15T11:24:36.000Z</time>
        <speed>0.000</speed>
      </trkpt>
      <trkpt lat="50.5205876" lon="-5.0283762">
        <ele>26.6</ele>
        <time>2026-09-15T11:24:41.000Z</time>
        <speed>0.000</speed>
      </trkpt>
      <trkpt lat="50.5205876" lon="-5.0283762">
        <ele>26.6</ele>
        <time>2026-09-15T11:24:46.000Z</time>
        <speed>0.000</speed>
      </trkpt>
      <trkpt lat="50.5205876" lon="-5.0283762">
        <ele>27.0</ele>
        <time>2026-09-15T11:24:51.000Z</time>
        <speed>0.000</speed>
      </trkpt>
      <trkpt lat="50.5205874" lon="-5.0283761">
        <ele>26.8</ele>
        <time>2026-09-15T11:24:56.000Z</time>
        <speed>0.000</speed>
      </trkpt>
      <trkpt lat="50.5205876" lon="-5.0283760">
        <ele>26.4</ele>
        <time>2026-09-15T11:25:01.000Z</time>
        <speed>0.000</speed>
      </trkpt>
      <trkpt lat="50.5205898" lon="-5.0283735">
        <ele>26.4</ele>
        <time>2026-09-15T11:25:06.000Z</time>
        <speed>0.000</speed>
      </trkpt>
      <trkpt lat="50.5205909" lon="-5.0283734">
        <ele>26.4</ele>
        <time>2026-09-15T11:25:11.000Z</time>
        <speed>0.000</speed>
      </trkpt>
      <trkpt lat="50.5205914" lon="-5.0283688">
        <ele>26.4</ele>
        <time>2026-09-15T11:25:16.000Z</time>
        <speed>0.000</speed>
      </trkpt>
      <trkpt lat="50.5205911" lon="-5.0283683">
        <ele>27.0</ele>
        <time>2026-09-15T11:25:21.000Z</time>
        <speed>0.000</speed>
      </trkpt>
      <trkpt lat="50.5205907" lon="-5.0283675">
        <ele>26.4</ele>
        <time>2026-09-15T11:25:26.000Z</time>
        <speed>0.000</speed>
      </trkpt>
      <trkpt lat="50.5205909" lon="-5.0283719">
        <ele>26.2</ele>
        <time>2026-09-15T11:25:31.000Z</time>
        <speed>0.000</speed>
      </trkpt>
      <trkpt lat="50.5205907" lon="-5.0283725">
        <ele>26.2</ele>
        <time>2026-09-15T11:25:36.000Z</time>
        <speed>0.000</speed>
      </trkpt>
      <trkpt lat="50.5205905" lon="-5.0283725">
        <ele>26.4</ele>
        <time>2026-09-15T11:25:41.000Z</time>
        <speed>0.000</speed>
      </trkpt>
      <trkpt lat="50.5205905" lon="-5.0283725">
        <ele>26.4</ele>
        <time>2026-09-15T11:25:46.000Z</time>
        <speed>0.000</speed>
      </trkpt>
      <trkpt lat="50.5205909" lon="-5.0283724">
        <ele>25.8</ele>
        <time>2026-09-15T11:25:51.000Z</time>
        <speed>0.000</speed>
      </trkpt>
      <trkpt lat="50.5205911" lon="-5.0283727">
        <ele>26.0</ele>
        <time>2026-09-15T11:25:56.000Z</time>
        <speed>0.000</speed>
      </trkpt>
      <trkpt lat="50.5205912" lon="-5.0283729">
        <ele>26.0</ele>
        <time>2026-09-15T11:26:01.000Z</time>
        <speed>0.000</speed>
      </trkpt>
      <trkpt lat="50.5205913" lon="-5.0283729">
        <ele>26.0</ele>
        <time>2026-09-15T11:26:06.000Z</time>
        <speed>0.000</speed>
      </trkpt>
      <trkpt lat="50.5205914" lon="-5.0283729">
        <ele>26.2</ele>
        <time>2026-09-15T11:26:11.000Z</time>
        <speed>0.000</speed>
      </trkpt>
      <trkpt lat="50.5205911" lon="-5.0283724">
        <ele>26.0</ele>
        <time>2026-09-15T11:26:16.000Z</time>
        <speed>0.000</speed>
      </trkpt>
      <trkpt lat="50.5205900" lon="-5.0283709">
        <ele>26.2</ele>
        <time>2026-09-15T11:26:21.000Z</time>
        <speed>0.000</speed>
      </trkpt>
      <trkpt lat="50.5205897" lon="-5.0283706">
        <ele>26.2</ele>
        <time>2026-09-15T11:26:26.000Z</time>
        <speed>0.000</speed>
      </trkpt>
      <trkpt lat="50.5205867" lon="-5.0283688">
        <ele>26.2</ele>
        <time>2026-09-15T11:26:31.000Z</time>
        <speed>0.457</speed>
      </trkpt>
      <trkpt lat="50.5205831" lon="-5.0283721">
        <ele>26.0</ele>
        <time>2026-09-15T11:26:36.000Z</time>
        <speed>0.000</speed>
      </trkpt>
      <trkpt lat="50.5205829" lon="-5.0283720">
        <ele>26.0</ele>
        <time>2026-09-15T11:26:41.000Z</time>
        <speed>0.000</speed>
      </trkpt>
      <trkpt lat="50.5205829" lon="-5.0283724">
        <ele>25.8</ele>
        <time>2026-09-15T11:26:46.000Z</time>
        <speed>0.000</speed>
      </trkpt>
      <trkpt lat="50.5205833" lon="-5.0283740">
        <ele>26.2</ele>
        <time>2026-09-15T11:26:51.000Z</time>
        <speed>0.000</speed>
      </trkpt>
      <trkpt lat="50.5205840" lon="-5.0283777">
        <ele>26.2</ele>
        <time>2026-09-15T11:26:56.000Z</time>
        <speed>0.000</speed>
      </trkpt>
      <trkpt lat="50.5205850" lon="-5.0283820">
        <ele>26.0</ele>
        <time>2026-09-15T11:27:01.000Z</time>
        <speed>0.000</speed>
      </trkpt>
      <trkpt lat="50.5205850" lon="-5.0283828">
        <ele>26.0</ele>
        <time>2026-09-15T11:27:06.000Z</time>
        <speed>0.000</speed>
      </trkpt>
      <trkpt lat="50.5205850" lon="-5.0283833">
        <ele>25.8</ele>
        <time>2026-09-15T11:27:11.000Z</time>
        <speed>0.000</speed>
      </trkpt>
      <trkpt lat="50.5205849" lon="-5.0283836">
        <ele>26.0</ele>
        <time>2026-09-15T11:27:16.000Z</time>
        <speed>0.000</speed>
      </trkpt>
      <trkpt lat="50.5205845" lon="-5.0283838">
        <ele>26.0</ele>
        <time>2026-09-15T11:27:21.000Z</time>
        <speed>0.000</speed>
      </trkpt>
      <trkpt lat="50.5205841" lon="-5.0283838">
        <ele>26.2</ele>
        <time>2026-09-15T11:27:26.000Z</time>
        <speed>0.000</speed>
      </trkpt>
      <trkpt lat="50.5205838" lon="-5.0283838">
        <ele>26.2</ele>
        <time>2026-09-15T11:27:31.000Z</time>
        <speed>0.000</speed>
      </trkpt>
      <trkpt lat="50.5205834" lon="-5.0283833">
        <ele>26.0</ele>
        <time>2026-09-15T11:27:36.000Z</time>
        <speed>0.000</speed>
      </trkpt>
      <trkpt lat="50.5205832" lon="-5.0283829">
        <ele>25.8</ele>
        <time>2026-09-15T11:27:41.000Z</time>
        <speed>0.000</speed>
      </trkpt>
      <trkpt lat="50.5205831" lon="-5.0283825">
        <ele>25.6</ele>
        <time>2026-09-15T11:27:46.000Z</time>
        <speed>0.000</speed>
      </trkpt>
      <trkpt lat="50.5205830" lon="-5.0283822">
        <ele>25.8</ele>
        <time>2026-09-15T11:27:51.000Z</time>
        <speed>0.000</speed>
      </trkpt>
      <trkpt lat="50.5205829" lon="-5.0283818">
        <ele>26.0</ele>
        <time>2026-09-15T11:27:56.000Z</time>
        <speed>0.000</speed>
      </trkpt>
      <trkpt lat="50.5205830" lon="-5.0283817">
        <ele>25.8</ele>
        <time>2026-09-15T11:28:01.000Z</time>
        <speed>0.000</speed>
      </trkpt>
      <trkpt lat="50.5205830" lon="-5.0283814">
        <ele>26.0</ele>
        <time>2026-09-15T11:28:06.000Z</time>
        <speed>0.000</speed>
      </trkpt>
      <trkpt lat="50.5205830" lon="-5.0283812">
        <ele>26.0</ele>
        <time>2026-09-15T11:28:11.000Z</time>
        <speed>0.000</speed>
      </trkpt>
      <trkpt lat="50.5205830" lon="-5.0283807">
        <ele>26.0</ele>
        <time>2026-09-15T11:28:16.000Z</time>
        <speed>0.000</speed>
      </trkpt>
      <trkpt lat="50.5205830" lon="-5.0283802">
        <ele>25.8</ele>
        <time>2026-09-15T11:28:21.000Z</time>
        <speed>0.000</speed>
      </trkpt>
      <trkpt lat="50.5205832" lon="-5.0283796">
        <ele>25.4</ele>
        <time>2026-09-15T11:28:26.000Z</time>
        <speed>0.000</speed>
      </trkpt>
      <trkpt lat="50.5205833" lon="-5.0283786">
        <ele>25.8</ele>
        <time>2026-09-15T11:28:31.000Z</time>
        <speed>0.000</speed>
      </trkpt>
      <trkpt lat="50.5205834" lon="-5.0283774">
        <ele>25.6</ele>
        <time>2026-09-15T11:28:36.000Z</time>
        <speed>0.000</speed>
      </trkpt>
      <trkpt lat="50.5205834" lon="-5.0283756">
        <ele>25.2</ele>
        <time>2026-09-15T11:28:41.000Z</time>
        <speed>0.000</speed>
      </trkpt>
      <trkpt lat="50.5205833" lon="-5.0283735">
        <ele>25.6</ele>
        <time>2026-09-15T11:28:46.000Z</time>
        <speed>0.000</speed>
      </trkpt>
      <trkpt lat="50.5205831" lon="-5.0283714">
        <ele>25.8</ele>
        <time>2026-09-15T11:28:51.000Z</time>
        <speed>0.000</speed>
      </trkpt>
      <trkpt lat="50.5205829" lon="-5.0283693">
        <ele>25.6</ele>
        <time>2026-09-15T11:28:56.000Z</time>
        <speed>0.000</speed>
      </trkpt>
      <trkpt lat="50.5205826" lon="-5.0283679">
        <ele>25.4</ele>
        <time>2026-09-15T11:29:01.000Z</time>
        <speed>0.000</speed>
      </trkpt>
      <trkpt lat="50.5205828" lon="-5.0283693">
        <ele>25.2</ele>
        <time>2026-09-15T11:29:06.000Z</time>
        <speed>0.000</speed>
      </trkpt>
      <trkpt lat="50.5205855" lon="-5.0283894">
        <ele>25.4</ele>
        <time>2026-09-15T11:29:11.000Z</time>
        <speed>0.000</speed>
      </trkpt>
      <trkpt lat="50.5205874" lon="-5.0283922">
        <ele>25.0</ele>
        <time>2026-09-15T11:29:16.000Z</time>
        <speed>0.000</speed>
      </trkpt>
      <trkpt lat="50.5205860" lon="-5.0283913">
        <ele>25.4</ele>
        <time>2026-09-15T11:29:21.000Z</time>
        <speed>0.000</speed>
      </trkpt>
      <trkpt lat="50.5205801" lon="-5.0283931">
        <ele>25.6</ele>
        <time>2026-09-15T11:29:26.000Z</time>
        <speed>0.000</speed>
      </trkpt>
      <trkpt lat="50.5205784" lon="-5.0283984">
        <ele>25.4</ele>
        <time>2026-09-15T11:29:31.000Z</time>
        <speed>0.000</speed>
      </trkpt>
      <trkpt lat="50.5205781" lon="-5.0283990">
        <ele>25.2</ele>
        <time>2026-09-15T11:29:36.000Z</time>
        <speed>0.000</speed>
      </trkpt>
      <trkpt lat="50.5205783" lon="-5.0283994">
        <ele>25.2</ele>
        <time>2026-09-15T11:29:41.000Z</time>
        <speed>0.000</speed>
      </trkpt>
      <trkpt lat="50.5205864" lon="-5.0284005">
        <ele>25.4</ele>
        <time>2026-09-15T11:29:46.000Z</time>
        <speed>0.000</speed>
      </trkpt>
      <trkpt lat="50.5205873" lon="-5.0284006">
        <ele>25.4</ele>
        <time>2026-09-15T11:29:51.000Z</time>
        <speed>0.000</speed>
      </trkpt>
      <trkpt lat="50.5205874" lon="-5.0284008">
        <ele>25.2</ele>
        <time>2026-09-15T11:29:56.000Z</time>
        <speed>0.000</speed>
      </trkpt>
      <trkpt lat="50.5205874" lon="-5.0284010">
        <ele>25.4</ele>
        <time>2026-09-15T11:30:01.000Z</time>
        <speed>0.000</speed>
      </trkpt>
      <trkpt lat="50.5205874" lon="-5.0284014">
        <ele>25.0</ele>
        <time>2026-09-15T11:30:06.000Z</time>
        <speed>0.000</speed>
      </trkpt>
      <trkpt lat="50.5205873" lon="-5.0284019">
        <ele>25.0</ele>
        <time>2026-09-15T11:30:11.000Z</time>
        <speed>0.000</speed>
      </trkpt>
      <trkpt lat="50.5205872" lon="-5.0284025">
        <ele>25.0</ele>
        <time>2026-09-15T11:30:16.000Z</time>
        <speed>0.000</speed>
      </trkpt>
      <trkpt lat="50.5205871" lon="-5.0284025">
        <ele>25.0</ele>
        <time>2026-09-15T11:30:21.000Z</time>
        <speed>0.000</speed>
      </trkpt>
      <trkpt lat="50.5205871" lon="-5.0284025">
        <ele>25.0</ele>
        <time>2026-09-15T11:30:26.000Z</time>
        <speed>0.000</speed>
      </trkpt>
      <trkpt lat="50.5205871" lon="-5.0284025">
        <ele>25.2</ele>
        <time>2026-09-15T11:30:31.000Z</time>
        <speed>0.000</speed>
      </trkpt>
      <trkpt lat="50.5205871" lon="-5.0284023">
        <ele>25.2</ele>
        <time>2026-09-15T11:30:36.000Z</time>
        <speed>0.000</speed>
      </trkpt>
      <trkpt lat="50.5205871" lon="-5.0284021">
        <ele>24.8</ele>
        <time>2026-09-15T11:30:41.000Z</time>
        <speed>0.000</speed>
      </trkpt>
      <trkpt lat="50.5205870" lon="-5.0284018">
        <ele>24.8</ele>
        <time>2026-09-15T11:30:46.000Z</time>
        <speed>0.000</speed>
      </trkpt>
      <trkpt lat="50.5205869" lon="-5.0284014">
        <ele>25.0</ele>
        <time>2026-09-15T11:30:51.000Z</time>
        <speed>0.000</speed>
      </trkpt>
      <trkpt lat="50.5205868" lon="-5.0284013">
        <ele>25.0</ele>
        <time>2026-09-15T11:30:56.000Z</time>
        <speed>0.000</speed>
      </trkpt>
      <trkpt lat="50.5205867" lon="-5.0284015">
        <ele>24.8</ele>
        <time>2026-09-15T11:31:01.000Z</time>
        <speed>0.000</speed>
      </trkpt>
      <trkpt lat="50.5205865" lon="-5.0284021">
        <ele>25.0</ele>
        <time>2026-09-15T11:31:06.000Z</time>
        <speed>0.000</speed>
      </trkpt>
      <trkpt lat="50.5205864" lon="-5.0284029">
        <ele>25.0</ele>
        <time>2026-09-15T11:31:11.000Z</time>
        <speed>0.000</speed>
      </trkpt>
      <trkpt lat="50.5205862" lon="-5.0284035">
        <ele>24.6</ele>
        <time>2026-09-15T11:31:16.000Z</time>
        <speed>0.000</speed>
      </trkpt>
      <trkpt lat="50.5205861" lon="-5.0284040">
        <ele>24.8</ele>
        <time>2026-09-15T11:31:21.000Z</time>
        <speed>0.000</speed>
      </trkpt>
      <trkpt lat="50.5205860" lon="-5.0284045">
        <ele>24.8</ele>
        <time>2026-09-15T11:31:26.000Z</time>
        <speed>0.000</speed>
      </trkpt>
      <trkpt lat="50.5205860" lon="-5.0284046">
        <ele>25.0</ele>
        <time>2026-09-15T11:31:31.000Z</time>
        <speed>0.000</speed>
      </trkpt>
      <trkpt lat="50.5205863" lon="-5.0284030">
        <ele>24.8</ele>
        <time>2026-09-15T11:31:36.000Z</time>
        <speed>0.000</speed>
      </trkpt>
      <trkpt lat="50.5205845" lon="-5.0283998">
        <ele>24.8</ele>
        <time>2026-09-15T11:31:41.000Z</time>
        <speed>0.000</speed>
      </trkpt>
      <trkpt lat="50.5205822" lon="-5.0283976">
        <ele>25.0</ele>
        <time>2026-09-15T11:31:46.000Z</time>
        <speed>0.000</speed>
      </trkpt>
      <trkpt lat="50.5205808" lon="-5.0283969">
        <ele>24.8</ele>
        <time>2026-09-15T11:31:51.000Z</time>
        <speed>0.000</speed>
      </trkpt>
      <trkpt lat="50.5205784" lon="-5.0284007">
        <ele>24.6</ele>
        <time>2026-09-15T11:31:56.000Z</time>
        <speed>0.000</speed>
      </trkpt>
      <trkpt lat="50.5205779" lon="-5.0284001">
        <ele>24.6</ele>
        <time>2026-09-15T11:32:01.000Z</time>
        <speed>0.000</speed>
      </trkpt>
      <trkpt lat="50.5205782" lon="-5.0284007">
        <ele>24.6</ele>
        <time>2026-09-15T11:32:06.000Z</time>
        <speed>0.000</speed>
      </trkpt>
      <trkpt lat="50.5205784" lon="-5.0284013">
        <ele>24.8</ele>
        <time>2026-09-15T11:32:11.000Z</time>
        <speed>0.000</speed>
      </trkpt>
      <trkpt lat="50.5205788" lon="-5.0284017">
        <ele>25.0</ele>
        <time>2026-09-15T11:32:16.000Z</time>
        <speed>0.000</speed>
      </trkpt>
      <trkpt lat="50.5205790" lon="-5.0284019">
        <ele>24.8</ele>
        <time>2026-09-15T11:32:21.000Z</time>
        <speed>0.000</speed>
      </trkpt>
      <trkpt lat="50.5205793" lon="-5.0284024">
        <ele>24.6</ele>
        <time>2026-09-15T11:32:26.000Z</time>
        <speed>0.000</speed>
      </trkpt>
      <trkpt lat="50.5205798" lon="-5.0284027">
        <ele>24.4</ele>
        <time>2026-09-15T11:32:31.000Z</time>
        <speed>0.000</speed>
      </trkpt>
      <trkpt lat="50.5205801" lon="-5.0284030">
        <ele>24.4</ele>
        <time>2026-09-15T11:32:36.000Z</time>
        <speed>0.000</speed>
      </trkpt>
      <trkpt lat="50.5205805" lon="-5.0284034">
        <ele>25.0</ele>
        <time>2026-09-15T11:32:41.000Z</time>
        <speed>0.000</speed>
      </trkpt>
      <trkpt lat="50.5205808" lon="-5.0284035">
        <ele>24.4</ele>
        <time>2026-09-15T11:32:46.000Z</time>
        <speed>0.000</speed>
      </trkpt>
      <trkpt lat="50.5205810" lon="-5.0284036">
        <ele>24.4</ele>
        <time>2026-09-15T11:32:51.000Z</time>
        <speed>0.000</speed>
      </trkpt>
      <trkpt lat="50.5205810" lon="-5.0284035">
        <ele>24.2</ele>
        <time>2026-09-15T11:32:56.000Z</time>
        <speed>0.000</speed>
      </trkpt>
      <trkpt lat="50.5205807" lon="-5.0284028">
        <ele>24.4</ele>
        <time>2026-09-15T11:33:01.000Z</time>
        <speed>0.000</speed>
      </trkpt>
      <trkpt lat="50.5205804" lon="-5.0284024">
        <ele>24.2</ele>
        <time>2026-09-15T11:33:06.000Z</time>
        <speed>0.000</speed>
      </trkpt>
      <trkpt lat="50.5205803" lon="-5.0284024">
        <ele>24.2</ele>
        <time>2026-09-15T11:33:11.000Z</time>
        <speed>0.000</speed>
      </trkpt>
      <trkpt lat="50.5205803" lon="-5.0284025">
        <ele>24.8</ele>
        <time>2026-09-15T11:33:16.000Z</time>
        <speed>0.000</speed>
      </trkpt>
      <trkpt lat="50.5205808" lon="-5.0283981">
        <ele>24.2</ele>
        <time>2026-09-15T11:33:21.000Z</time>
        <speed>0.000</speed>
      </trkpt>
      <trkpt lat="50.5205783" lon="-5.0283960">
        <ele>24.0</ele>
        <time>2026-09-15T11:33:26.000Z</time>
        <speed>0.000</speed>
      </trkpt>
      <trkpt lat="50.5205784" lon="-5.0283950">
        <ele>23.8</ele>
        <time>2026-09-15T11:33:31.000Z</time>
        <speed>0.000</speed>
      </trkpt>
      <trkpt lat="50.5205788" lon="-5.0283950">
        <ele>24.2</ele>
        <time>2026-09-15T11:33:36.000Z</time>
        <speed>0.000</speed>
      </trkpt>
      <trkpt lat="50.5205792" lon="-5.0283949">
        <ele>24.0</ele>
        <time>2026-09-15T11:33:41.000Z</time>
        <speed>0.000</speed>
      </trkpt>
      <trkpt lat="50.5205796" lon="-5.0283948">
        <ele>24.0</ele>
        <time>2026-09-15T11:33:46.000Z</time>
        <speed>0.000</speed>
      </trkpt>
      <trkpt lat="50.5205800" lon="-5.0283948">
        <ele>23.6</ele>
        <time>2026-09-15T11:33:51.000Z</time>
        <speed>0.000</speed>
      </trkpt>
      <trkpt lat="50.5205803" lon="-5.0283947">
        <ele>23.6</ele>
        <time>2026-09-15T11:33:56.000Z</time>
        <speed>0.000</speed>
      </trkpt>
      <trkpt lat="50.5205801" lon="-5.0283948">
        <ele>23.6</ele>
        <time>2026-09-15T11:34:01.000Z</time>
        <speed>0.000</speed>
      </trkpt>
      <trkpt lat="50.5205788" lon="-5.0283939">
        <ele>23.6</ele>
        <time>2026-09-15T11:34:06.000Z</time>
        <speed>0.000</speed>
      </trkpt>
      <trkpt lat="50.5205769" lon="-5.0283976">
        <ele>24.0</ele>
        <time>2026-09-15T11:34:11.000Z</time>
        <speed>0.000</speed>
      </trkpt>
      <trkpt lat="50.5205799" lon="-5.0283997">
        <ele>23.8</ele>
        <time>2026-09-15T11:34:16.000Z</time>
        <speed>0.000</speed>
      </trkpt>
      <trkpt lat="50.5205797" lon="-5.0283983">
        <ele>23.8</ele>
        <time>2026-09-15T11:34:21.000Z</time>
        <speed>0.000</speed>
      </trkpt>
      <trkpt lat="50.5205794" lon="-5.0283994">
        <ele>23.6</ele>
        <time>2026-09-15T11:34:26.000Z</time>
        <speed>0.000</speed>
      </trkpt>
      <trkpt lat="50.5205791" lon="-5.0283994">
        <ele>23.8</ele>
        <time>2026-09-15T11:34:31.000Z</time>
        <speed>0.000</speed>
      </trkpt>
      <trkpt lat="50.5205790" lon="-5.0283957">
        <ele>23.6</ele>
        <time>2026-09-15T11:34:36.000Z</time>
        <speed>0.000</speed>
      </trkpt>
      <trkpt lat="50.5205788" lon="-5.0283961">
        <ele>23.4</ele>
        <time>2026-09-15T11:34:41.000Z</time>
        <speed>0.000</speed>
      </trkpt>
      <trkpt lat="50.5205786" lon="-5.0283968">
        <ele>23.2</ele>
        <time>2026-09-15T11:34:46.000Z</time>
        <speed>0.000</speed>
      </trkpt>
      <trkpt lat="50.5205784" lon="-5.0283975">
        <ele>23.2</ele>
        <time>2026-09-15T11:34:51.000Z</time>
        <speed>0.000</speed>
      </trkpt>
      <trkpt lat="50.5205783" lon="-5.0283987">
        <ele>23.4</ele>
        <time>2026-09-15T11:34:56.000Z</time>
        <speed>0.000</speed>
      </trkpt>
      <trkpt lat="50.5205788" lon="-5.0284005">
        <ele>23.4</ele>
        <time>2026-09-15T11:35:01.000Z</time>
        <speed>0.000</speed>
      </trkpt>
      <trkpt lat="50.5205789" lon="-5.0284003">
        <ele>23.2</ele>
        <time>2026-09-15T11:35:06.000Z</time>
        <speed>0.000</speed>
      </trkpt>
      <trkpt lat="50.5205790" lon="-5.0283978">
        <ele>23.4</ele>
        <time>2026-09-15T11:35:11.000Z</time>
        <speed>0.000</speed>
      </trkpt>
      <trkpt lat="50.5205767" lon="-5.0283883">
        <ele>23.6</ele>
        <time>2026-09-15T11:35:16.000Z</time>
        <speed>0.000</speed>
      </trkpt>
      <trkpt lat="50.5205772" lon="-5.0283920">
        <ele>23.6</ele>
        <time>2026-09-15T11:35:21.000Z</time>
        <speed>0.000</speed>
      </trkpt>
      <trkpt lat="50.5205753" lon="-5.0283905">
        <ele>23.6</ele>
        <time>2026-09-15T11:35:26.000Z</time>
        <speed>0.000</speed>
      </trkpt>
      <trkpt lat="50.5205758" lon="-5.0283899">
        <ele>23.4</ele>
        <time>2026-09-15T11:35:31.000Z</time>
        <speed>0.000</speed>
      </trkpt>
      <trkpt lat="50.5205798" lon="-5.0283909">
        <ele>23.2</ele>
        <time>2026-09-15T11:35:36.000Z</time>
        <speed>0.000</speed>
      </trkpt>
      <trkpt lat="50.5205840" lon="-5.0283930">
        <ele>23.4</ele>
        <time>2026-09-15T11:35:41.000Z</time>
        <speed>0.000</speed>
      </trkpt>
      <trkpt lat="50.5205883" lon="-5.0283978">
        <ele>23.4</ele>
        <time>2026-09-15T11:35:46.000Z</time>
        <speed>0.000</speed>
      </trkpt>
      <trkpt lat="50.5205883" lon="-5.0283894">
        <ele>23.4</ele>
        <time>2026-09-15T11:35:51.000Z</time>
        <speed>0.000</speed>
      </trkpt>
      <trkpt lat="50.5205875" lon="-5.0283890">
        <ele>23.2</ele>
        <time>2026-09-15T11:35:56.000Z</time>
        <speed>0.000</speed>
      </trkpt>
      <trkpt lat="50.5205866" lon="-5.0283890">
        <ele>22.8</ele>
        <time>2026-09-15T11:36:01.000Z</time>
        <speed>0.000</speed>
      </trkpt>
      <trkpt lat="50.5205858" lon="-5.0283890">
        <ele>23.0</ele>
        <time>2026-09-15T11:36:06.000Z</time>
        <speed>0.000</speed>
      </trkpt>
      <trkpt lat="50.5205851" lon="-5.0283890">
        <ele>23.0</ele>
        <time>2026-09-15T11:36:11.000Z</time>
        <speed>0.000</speed>
      </trkpt>
      <trkpt lat="50.5205847" lon="-5.0283890">
        <ele>23.0</ele>
        <time>2026-09-15T11:36:16.000Z</time>
        <speed>0.000</speed>
      </trkpt>
      <trkpt lat="50.5205845" lon="-5.0283890">
        <ele>22.4</ele>
        <time>2026-09-15T11:36:21.000Z</time>
        <speed>0.000</speed>
      </trkpt>
      <trkpt lat="50.5205845" lon="-5.0283888">
        <ele>22.6</ele>
        <time>2026-09-15T11:36:26.000Z</time>
        <speed>0.000</speed>
      </trkpt>
      <trkpt lat="50.5205846" lon="-5.0283887">
        <ele>23.0</ele>
        <time>2026-09-15T11:36:31.000Z</time>
        <speed>0.000</speed>
      </trkpt>
      <trkpt lat="50.5205846" lon="-5.0283886">
        <ele>23.0</ele>
        <time>2026-09-15T11:36:36.000Z</time>
        <speed>0.000</speed>
      </trkpt>
      <trkpt lat="50.5205847" lon="-5.0283885">
        <ele>23.0</ele>
        <time>2026-09-15T11:36:41.000Z</time>
        <speed>0.000</speed>
      </trkpt>
      <trkpt lat="50.5205846" lon="-5.0283885">
        <ele>22.8</ele>
        <time>2026-09-15T11:36:46.000Z</time>
        <speed>0.000</speed>
      </trkpt>
      <trkpt lat="50.5205847" lon="-5.0283885">
        <ele>23.0</ele>
        <time>2026-09-15T11:36:51.000Z</time>
        <speed>0.000</speed>
      </trkpt>
      <trkpt lat="50.5205849" lon="-5.0283885">
        <ele>23.2</ele>
        <time>2026-09-15T11:36:56.000Z</time>
        <speed>0.000</speed>
      </trkpt>
      <trkpt lat="50.5205850" lon="-5.0283885">
        <ele>23.2</ele>
        <time>2026-09-15T11:37:01.000Z</time>
        <speed>0.000</speed>
      </trkpt>
      <trkpt lat="50.5205848" lon="-5.0283885">
        <ele>23.2</ele>
        <time>2026-09-15T11:37:06.000Z</time>
        <speed>0.000</speed>
      </trkpt>
      <trkpt lat="50.5205846" lon="-5.0283885">
        <ele>23.4</ele>
        <time>2026-09-15T11:37:11.000Z</time>
        <speed>0.000</speed>
      </trkpt>
      <trkpt lat="50.5205844" lon="-5.0283886">
        <ele>23.6</ele>
        <time>2026-09-15T11:37:16.000Z</time>
        <speed>0.000</speed>
      </trkpt>
      <trkpt lat="50.5205842" lon="-5.0283887">
        <ele>23.4</ele>
        <time>2026-09-15T11:37:21.000Z</time>
        <speed>0.000</speed>
      </trkpt>
      <trkpt lat="50.5205842" lon="-5.0283888">
        <ele>23.6</ele>
        <time>2026-09-15T11:37:26.000Z</time>
        <speed>0.000</speed>
      </trkpt>
      <trkpt lat="50.5205842" lon="-5.0283889">
        <ele>23.6</ele>
        <time>2026-09-15T11:37:31.000Z</time>
        <speed>0.000</speed>
      </trkpt>
      <trkpt lat="50.5205844" lon="-5.0283890">
        <ele>23.8</ele>
        <time>2026-09-15T11:37:36.000Z</time>
        <speed>0.000</speed>
      </trkpt>
      <trkpt lat="50.5205845" lon="-5.0283891">
        <ele>23.4</ele>
        <time>2026-09-15T11:37:41.000Z</time>
        <speed>0.000</speed>
      </trkpt>
      <trkpt lat="50.5205845" lon="-5.0283894">
        <ele>23.2</ele>
        <time>2026-09-15T11:37:46.000Z</time>
        <speed>0.000</speed>
      </trkpt>
      <trkpt lat="50.5205844" lon="-5.0283896">
        <ele>23.2</ele>
        <time>2026-09-15T11:37:51.000Z</time>
        <speed>0.000</speed>
      </trkpt>
      <trkpt lat="50.5205841" lon="-5.0283900">
        <ele>23.2</ele>
        <time>2026-09-15T11:37:56.000Z</time>
        <speed>0.000</speed>
      </trkpt>
      <trkpt lat="50.5205843" lon="-5.0283902">
        <ele>23.0</ele>
        <time>2026-09-15T11:38:01.000Z</time>
        <speed>0.000</speed>
      </trkpt>
      <trkpt lat="50.5205850" lon="-5.0283901">
        <ele>23.0</ele>
        <time>2026-09-15T11:38:06.000Z</time>
        <speed>0.000</speed>
      </trkpt>
      <trkpt lat="50.5205862" lon="-5.0283900">
        <ele>22.8</ele>
        <time>2026-09-15T11:38:11.000Z</time>
        <speed>0.000</speed>
      </trkpt>
      <trkpt lat="50.5205875" lon="-5.0283898">
        <ele>22.8</ele>
        <time>2026-09-15T11:38:16.000Z</time>
        <speed>0.000</speed>
      </trkpt>
      <trkpt lat="50.5205882" lon="-5.0283898">
        <ele>22.8</ele>
        <time>2026-09-15T11:38:21.000Z</time>
        <speed>0.000</speed>
      </trkpt>
      <trkpt lat="50.5205886" lon="-5.0283899">
        <ele>22.6</ele>
        <time>2026-09-15T11:38:26.000Z</time>
        <speed>0.000</speed>
      </trkpt>
      <trkpt lat="50.5205886" lon="-5.0283900">
        <ele>22.8</ele>
        <time>2026-09-15T11:38:31.000Z</time>
        <speed>0.000</speed>
      </trkpt>
      <trkpt lat="50.5205885" lon="-5.0283902">
        <ele>22.4</ele>
        <time>2026-09-15T11:38:36.000Z</time>
        <speed>0.000</speed>
      </trkpt>
      <trkpt lat="50.5205883" lon="-5.0283905">
        <ele>22.4</ele>
        <time>2026-09-15T11:38:41.000Z</time>
        <speed>0.000</speed>
      </trkpt>
      <trkpt lat="50.5205881" lon="-5.0283907">
        <ele>22.4</ele>
        <time>2026-09-15T11:38:46.000Z</time>
        <speed>0.000</speed>
      </trkpt>
      <trkpt lat="50.5205878" lon="-5.0283909">
        <ele>22.4</ele>
        <time>2026-09-15T11:38:51.000Z</time>
        <speed>0.000</speed>
      </trkpt>
      <trkpt lat="50.5205876" lon="-5.0283911">
        <ele>22.2</ele>
        <time>2026-09-15T11:38:56.000Z</time>
        <speed>0.000</speed>
      </trkpt>
      <trkpt lat="50.5205877" lon="-5.0283911">
        <ele>22.6</ele>
        <time>2026-09-15T11:39:01.000Z</time>
        <speed>0.000</speed>
      </trkpt>
      <trkpt lat="50.5205877" lon="-5.0283912">
        <ele>22.4</ele>
        <time>2026-09-15T11:39:06.000Z</time>
        <speed>0.000</speed>
      </trkpt>
      <trkpt lat="50.5205876" lon="-5.0283913">
        <ele>22.6</ele>
        <time>2026-09-15T11:39:11.000Z</time>
        <speed>0.000</speed>
      </trkpt>
      <trkpt lat="50.5205876" lon="-5.0283912">
        <ele>22.8</ele>
        <time>2026-09-15T11:39:16.000Z</time>
        <speed>0.000</speed>
      </trkpt>
      <trkpt lat="50.5205877" lon="-5.0283911">
        <ele>22.4</ele>
        <time>2026-09-15T11:39:21.000Z</time>
        <speed>0.000</speed>
      </trkpt>
      <trkpt lat="50.5205880" lon="-5.0283911">
        <ele>22.2</ele>
        <time>2026-09-15T11:39:26.000Z</time>
        <speed>0.000</speed>
      </trkpt>
      <trkpt lat="50.5205885" lon="-5.0283909">
        <ele>22.2</ele>
        <time>2026-09-15T11:39:31.000Z</time>
        <speed>0.000</speed>
      </trkpt>
      <trkpt lat="50.5205891" lon="-5.0283906">
        <ele>22.4</ele>
        <time>2026-09-15T11:39:36.000Z</time>
        <speed>0.000</speed>
      </trkpt>
      <trkpt lat="50.5205896" lon="-5.0283905">
        <ele>22.4</ele>
        <time>2026-09-15T11:39:41.000Z</time>
        <speed>0.000</speed>
      </trkpt>
      <trkpt lat="50.5205901" lon="-5.0283904">
        <ele>22.4</ele>
        <time>2026-09-15T11:39:46.000Z</time>
        <speed>0.000</speed>
      </trkpt>
      <trkpt lat="50.5205902" lon="-5.0283904">
        <ele>22.0</ele>
        <time>2026-09-15T11:39:51.000Z</time>
        <speed>0.000</speed>
      </trkpt>
      <trkpt lat="50.5205899" lon="-5.0283905">
        <ele>22.2</ele>
        <time>2026-09-15T11:39:56.000Z</time>
        <speed>0.000</speed>
      </trkpt>
      <trkpt lat="50.5205895" lon="-5.0283907">
        <ele>22.0</ele>
        <time>2026-09-15T11:40:01.000Z</time>
        <speed>0.000</speed>
      </trkpt>
      <trkpt lat="50.5205889" lon="-5.0283910">
        <ele>22.2</ele>
        <time>2026-09-15T11:40:06.000Z</time>
        <speed>0.000</speed>
      </trkpt>
      <trkpt lat="50.5205884" lon="-5.0283912">
        <ele>22.4</ele>
        <time>2026-09-15T11:40:11.000Z</time>
        <speed>0.000</speed>
      </trkpt>
      <trkpt lat="50.5205880" lon="-5.0283915">
        <ele>22.2</ele>
        <time>2026-09-15T11:40:16.000Z</time>
        <speed>0.000</speed>
      </trkpt>
      <trkpt lat="50.5205878" lon="-5.0283916">
        <ele>22.0</ele>
        <time>2026-09-15T11:40:21.000Z</time>
        <speed>0.000</speed>
      </trkpt>
      <trkpt lat="50.5205878" lon="-5.0283917">
        <ele>22.2</ele>
        <time>2026-09-15T11:40:26.000Z</time>
        <speed>0.000</speed>
      </trkpt>
      <trkpt lat="50.5205880" lon="-5.0283917">
        <ele>22.4</ele>
        <time>2026-09-15T11:40:31.000Z</time>
        <speed>0.000</speed>
      </trkpt>
      <trkpt lat="50.5205881" lon="-5.0283916">
        <ele>22.4</ele>
        <time>2026-09-15T11:40:36.000Z</time>
        <speed>0.000</speed>
      </trkpt>
      <trkpt lat="50.5205886" lon="-5.0283912">
        <ele>22.2</ele>
        <time>2026-09-15T11:40:41.000Z</time>
        <speed>0.000</speed>
      </trkpt>
      <trkpt lat="50.5205892" lon="-5.0283909">
        <ele>22.0</ele>
        <time>2026-09-15T11:40:46.000Z</time>
        <speed>0.000</speed>
      </trkpt>
      <trkpt lat="50.5205895" lon="-5.0283908">
        <ele>22.4</ele>
        <time>2026-09-15T11:40:51.000Z</time>
        <speed>0.000</speed>
      </trkpt>
      <trkpt lat="50.5205896" lon="-5.0283908">
        <ele>22.0</ele>
        <time>2026-09-15T11:40:56.000Z</time>
        <speed>0.000</speed>
      </trkpt>
      <trkpt lat="50.5205896" lon="-5.0283909">
        <ele>22.0</ele>
        <time>2026-09-15T11:41:01.000Z</time>
        <speed>0.000</speed>
      </trkpt>
      <trkpt lat="50.5205893" lon="-5.0283910">
        <ele>22.0</ele>
        <time>2026-09-15T11:41:06.000Z</time>
        <speed>0.000</speed>
      </trkpt>
      <trkpt lat="50.5205890" lon="-5.0283911">
        <ele>22.2</ele>
        <time>2026-09-15T11:41:11.000Z</time>
        <speed>0.000</speed>
      </trkpt>
      <trkpt lat="50.5205886" lon="-5.0283912">
        <ele>21.4</ele>
        <time>2026-09-15T11:41:16.000Z</time>
        <speed>0.000</speed>
      </trkpt>
      <trkpt lat="50.5205882" lon="-5.0283914">
        <ele>21.2</ele>
        <time>2026-09-15T11:41:21.000Z</time>
        <speed>0.000</speed>
      </trkpt>
      <trkpt lat="50.5205877" lon="-5.0283916">
        <ele>21.2</ele>
        <time>2026-09-15T11:41:26.000Z</time>
        <speed>0.000</speed>
      </trkpt>
      <trkpt lat="50.5205871" lon="-5.0283918">
        <ele>21.2</ele>
        <time>2026-09-15T11:41:31.000Z</time>
        <speed>0.000</speed>
      </trkpt>
      <trkpt lat="50.5205862" lon="-5.0283921">
        <ele>21.4</ele>
        <time>2026-09-15T11:41:36.000Z</time>
        <speed>0.000</speed>
      </trkpt>
      <trkpt lat="50.5205854" lon="-5.0283923">
        <ele>21.4</ele>
        <time>2026-09-15T11:41:41.000Z</time>
        <speed>0.000</speed>
      </trkpt>
      <trkpt lat="50.5205845" lon="-5.0283926">
        <ele>21.8</ele>
        <time>2026-09-15T11:41:46.000Z</time>
        <speed>0.000</speed>
      </trkpt>
      <trkpt lat="50.5205835" lon="-5.0283928">
        <ele>21.4</ele>
        <time>2026-09-15T11:41:51.000Z</time>
        <speed>0.000</speed>
      </trkpt>
      <trkpt lat="50.5205828" lon="-5.0283930">
        <ele>21.8</ele>
        <time>2026-09-15T11:41:56.000Z</time>
        <speed>0.000</speed>
      </trkpt>
      <trkpt lat="50.5205828" lon="-5.0283931">
        <ele>21.4</ele>
        <time>2026-09-15T11:42:01.000Z</time>
        <speed>0.000</speed>
      </trkpt>
      <trkpt lat="50.5205845" lon="-5.0283935">
        <ele>21.4</ele>
        <time>2026-09-15T11:42:06.000Z</time>
        <speed>0.000</speed>
      </trkpt>
      <trkpt lat="50.5205856" lon="-5.0283916">
        <ele>21.8</ele>
        <time>2026-09-15T11:42:11.000Z</time>
        <speed>0.000</speed>
      </trkpt>
      <trkpt lat="50.5205777" lon="-5.0283916">
        <ele>22.2</ele>
        <time>2026-09-15T11:42:16.000Z</time>
        <speed>0.000</speed>
      </trkpt>
      <trkpt lat="50.5205839" lon="-5.0283579">
        <ele>22.8</ele>
        <time>2026-09-15T11:42:21.000Z</time>
        <speed>0.000</speed>
      </trkpt>
      <trkpt lat="50.5205881" lon="-5.0282853">
        <ele>22.4</ele>
        <time>2026-09-15T11:42:26.000Z</time>
        <speed>0.868</speed>
      </trkpt>
      <trkpt lat="50.5205933" lon="-5.0282097">
        <ele>22.4</ele>
        <time>2026-09-15T11:42:31.000Z</time>
        <speed>0.774</speed>
      </trkpt>
      <trkpt lat="50.5206119" lon="-5.0281257">
        <ele>22.6</ele>
        <time>2026-09-15T11:42:36.000Z</time>
        <speed>1.054</speed>
      </trkpt>
      <trkpt lat="50.5206234" lon="-5.0280527">
        <ele>22.8</ele>
        <time>2026-09-15T11:42:41.000Z</time>
        <speed>1.204</speed>
      </trkpt>
      <trkpt lat="50.5206314" lon="-5.0280032">
        <ele>22.4</ele>
        <time>2026-09-15T11:42:46.000Z</time>
        <speed>1.101</speed>
      </trkpt>
      <trkpt lat="50.5206568" lon="-5.0279243">
        <ele>23.8</ele>
        <time>2026-09-15T11:42:51.000Z</time>
        <speed>1.241</speed>
      </trkpt>
      <trkpt lat="50.5206820" lon="-5.0278449">
        <ele>23.4</ele>
        <time>2026-09-15T11:42:56.000Z</time>
        <speed>1.400</speed>
      </trkpt>
      <trkpt lat="50.5207010" lon="-5.0277820">
        <ele>24.4</ele>
        <time>2026-09-15T11:43:01.000Z</time>
        <speed>1.213</speed>
      </trkpt>
      <trkpt lat="50.5207270" lon="-5.0277024">
        <ele>24.0</ele>
        <time>2026-09-15T11:43:06.000Z</time>
        <speed>1.325</speed>
      </trkpt>
      <trkpt lat="50.5207383" lon="-5.0276673">
        <ele>24.6</ele>
        <time>2026-09-15T11:43:11.000Z</time>
        <speed>1.176</speed>
      </trkpt>
      <trkpt lat="50.5207532" lon="-5.0276167">
        <ele>24.4</ele>
        <time>2026-09-15T11:43:16.000Z</time>
        <speed>0.000</speed>
      </trkpt>
      <trkpt lat="50.5207848" lon="-5.0275183">
        <ele>24.4</ele>
        <time>2026-09-15T11:43:21.000Z</time>
        <speed>1.484</speed>
      </trkpt>
      <trkpt lat="50.5208088" lon="-5.0274263">
        <ele>25.4</ele>
        <time>2026-09-15T11:43:26.000Z</time>
        <speed>1.465</speed>
      </trkpt>
      <trkpt lat="50.5208238" lon="-5.0273348">
        <ele>26.0</ele>
        <time>2026-09-15T11:43:31.000Z</time>
        <speed>1.409</speed>
      </trkpt>
      <trkpt lat="50.5208336" lon="-5.0272444">
        <ele>25.8</ele>
        <time>2026-09-15T11:43:36.000Z</time>
        <speed>1.418</speed>
      </trkpt>
      <trkpt lat="50.5208412" lon="-5.0271525">
        <ele>26.0</ele>
        <time>2026-09-15T11:43:41.000Z</time>
        <speed>1.428</speed>
      </trkpt>
      <trkpt lat="50.5208406" lon="-5.0270843">
        <ele>26.0</ele>
        <time>2026-09-15T11:43:46.000Z</time>
        <speed>1.390</speed>
      </trkpt>
      <trkpt lat="50.5208308" lon="-5.0271404">
        <ele>27.2</ele>
        <time>2026-09-15T11:43:51.000Z</time>
        <speed>1.344</speed>
      </trkpt>
      <trkpt lat="50.5208215" lon="-5.0272255">
        <ele>27.2</ele>
        <time>2026-09-15T11:43:56.000Z</time>
        <speed>1.297</speed>
      </trkpt>
      <trkpt lat="50.5208243" lon="-5.0272592">
        <ele>26.4</ele>
        <time>2026-09-15T11:44:01.000Z</time>
        <speed>1.222</speed>
      </trkpt>
      <trkpt lat="50.5208248" lon="-5.0272491">
        <ele>25.2</ele>
        <time>2026-09-15T11:44:06.000Z</time>
        <speed>0.000</speed>
      </trkpt>
      <trkpt lat="50.5208288" lon="-5.0271796">
        <ele>26.6</ele>
        <time>2026-09-15T11:44:11.000Z</time>
        <speed>0.000</speed>
      </trkpt>
      <trkpt lat="50.5208282" lon="-5.0271384">
        <ele>27.0</ele>
        <time>2026-09-15T11:44:16.000Z</time>
        <speed>0.812</speed>
      </trkpt>
      <trkpt lat="50.5208269" lon="-5.0271323">
        <ele>26.6</ele>
        <time>2026-09-15T11:44:21.000Z</time>
        <speed>0.000</speed>
      </trkpt>
      <trkpt lat="50.5208303" lon="-5.0271244">
        <ele>26.0</ele>
        <time>2026-09-15T11:44:26.000Z</time>
        <speed>0.000</speed>
      </trkpt>
      <trkpt lat="50.5208362" lon="-5.0270463">
        <ele>27.2</ele>
        <time>2026-09-15T11:44:31.000Z</time>
        <speed>0.457</speed>
      </trkpt>
      <trkpt lat="50.5208432" lon="-5.0269614">
        <ele>27.8</ele>
        <time>2026-09-15T11:44:36.000Z</time>
        <speed>1.362</speed>
      </trkpt>
      <trkpt lat="50.5208407" lon="-5.0269259">
        <ele>27.4</ele>
        <time>2026-09-15T11:44:41.000Z</time>
        <speed>0.830</speed>
      </trkpt>
      <trkpt lat="50.5208414" lon="-5.0268409">
        <ele>27.0</ele>
        <time>2026-09-15T11:44:46.000Z</time>
        <speed>0.924</speed>
      </trkpt>
      <trkpt lat="50.5208495" lon="-5.0267531">
        <ele>28.0</ele>
        <time>2026-09-15T11:44:51.000Z</time>
        <speed>1.054</speed>
      </trkpt>
      <trkpt lat="50.5208541" lon="-5.0266612">
        <ele>28.2</ele>
        <time>2026-09-15T11:44:56.000Z</time>
        <speed>1.129</speed>
      </trkpt>
      <trkpt lat="50.5208580" lon="-5.0265651">
        <ele>28.2</ele>
        <time>2026-09-15T11:45:01.000Z</time>
        <speed>1.344</speed>
      </trkpt>
      <trkpt lat="50.5208698" lon="-5.0264803">
        <ele>28.2</ele>
        <time>2026-09-15T11:45:06.000Z</time>
        <speed>1.288</speed>
      </trkpt>
      <trkpt lat="50.5208802" lon="-5.0263931">
        <ele>29.2</ele>
        <time>2026-09-15T11:45:11.000Z</time>
        <speed>1.288</speed>
      </trkpt>
      <trkpt lat="50.5208884" lon="-5.0263102">
        <ele>29.8</ele>
        <time>2026-09-15T11:45:16.000Z</time>
        <speed>1.288</speed>
      </trkpt>
      <trkpt lat="50.5208538" lon="-5.0262366">
        <ele>29.6</ele>
        <time>2026-09-15T11:45:21.000Z</time>
        <speed>1.269</speed>
      </trkpt>
      <trkpt lat="50.5208146" lon="-5.0261677">
        <ele>29.2</ele>
        <time>2026-09-15T11:45:26.000Z</time>
        <speed>1.297</speed>
      </trkpt>
      <trkpt lat="50.5208088" lon="-5.0260802">
        <ele>31.2</ele>
        <time>2026-09-15T11:45:31.000Z</time>
        <speed>1.288</speed>
      </trkpt>
      <trkpt lat="50.5208082" lon="-5.0259943">
        <ele>30.0</ele>
        <time>2026-09-15T11:45:36.000Z</time>
        <speed>1.325</speed>
      </trkpt>
      <trkpt lat="50.5208104" lon="-5.0258945">
        <ele>30.0</ele>
        <time>2026-09-15T11:45:41.000Z</time>
        <speed>1.306</speed>
      </trkpt>
      <trkpt lat="50.5208001" lon="-5.0258017">
        <ele>30.0</ele>
        <time>2026-09-15T11:45:46.000Z</time>
        <speed>1.325</speed>
      </trkpt>
      <trkpt lat="50.5207655" lon="-5.0257352">
        <ele>30.6</ele>
        <time>2026-09-15T11:45:51.000Z</time>
        <speed>1.306</speed>
      </trkpt>
      <trkpt lat="50.5207035" lon="-5.0257034">
        <ele>31.0</ele>
        <time>2026-09-15T11:45:56.000Z</time>
        <speed>1.325</speed>
      </trkpt>
      <trkpt lat="50.5206393" lon="-5.0256752">
        <ele>33.2</ele>
        <time>2026-09-15T11:46:01.000Z</time>
        <speed>1.353</speed>
      </trkpt>
      <trkpt lat="50.5205757" lon="-5.0256526">
        <ele>36.6</ele>
        <time>2026-09-15T11:46:06.000Z</time>
        <speed>1.409</speed>
      </trkpt>
      <trkpt lat="50.5205078" lon="-5.0256300">
        <ele>38.2</ele>
        <time>2026-09-15T11:46:11.000Z</time>
        <speed>1.400</speed>
      </trkpt>
      <trkpt lat="50.5204344" lon="-5.0256135">
        <ele>36.8</ele>
        <time>2026-09-15T11:46:16.000Z</time>
        <speed>1.428</speed>
      </trkpt>
      <trkpt lat="50.5203869" lon="-5.0255992">
        <ele>35.2</ele>
        <time>2026-09-15T11:46:21.000Z</time>
        <speed>1.446</speed>
      </trkpt>
      <trkpt lat="50.5203260" lon="-5.0255613">
        <ele>34.4</ele>
        <time>2026-09-15T11:46:26.000Z</time>
        <speed>1.409</speed>
      </trkpt>
      <trkpt lat="50.5202630" lon="-5.0255460">
        <ele>34.2</ele>
        <time>2026-09-15T11:46:31.000Z</time>
        <speed>1.428</speed>
      </trkpt>
      <trkpt lat="50.5202105" lon="-5.0255525">
        <ele>35.0</ele>
        <time>2026-09-15T11:46:36.000Z</time>
        <speed>1.446</speed>
      </trkpt>
      <trkpt lat="50.5201726" lon="-5.0255652">
        <ele>35.2</ele>
        <time>2026-09-15T11:46:41.000Z</time>
        <speed>1.353</speed>
      </trkpt>
      <trkpt lat="50.5201079" lon="-5.0255973">
        <ele>36.4</ele>
        <time>2026-09-15T11:46:46.000Z</time>
        <speed>1.493</speed>
      </trkpt>
      <trkpt lat="50.5200553" lon="-5.0256259">
        <ele>34.8</ele>
        <time>2026-09-15T11:46:51.000Z</time>
        <speed>1.390</speed>
      </trkpt>
      <trkpt lat="50.5199953" lon="-5.0256744">
        <ele>34.2</ele>
        <time>2026-09-15T11:46:56.000Z</time>
        <speed>1.409</speed>
      </trkpt>
      <trkpt lat="50.5199370" lon="-5.0257259">
        <ele>33.8</ele>
        <time>2026-09-15T11:47:01.000Z</time>
        <speed>1.456</speed>
      </trkpt>
      <trkpt lat="50.5198853" lon="-5.0257752">
        <ele>35.2</ele>
        <time>2026-09-15T11:47:06.000Z</time>
        <speed>1.456</speed>
      </trkpt>
      <trkpt lat="50.5198305" lon="-5.0258398">
        <ele>33.2</ele>
        <time>2026-09-15T11:47:11.000Z</time>
        <speed>1.437</speed>
      </trkpt>
      <trkpt lat="50.5197911" lon="-5.0259233">
        <ele>31.6</ele>
        <time>2026-09-15T11:47:16.000Z</time>
        <speed>1.446</speed>
      </trkpt>
      <trkpt lat="50.5197580" lon="-5.0260096">
        <ele>32.0</ele>
        <time>2026-09-15T11:47:21.000Z</time>
        <speed>1.428</speed>
      </trkpt>
      <trkpt lat="50.5197259" lon="-5.0260885">
        <ele>32.6</ele>
        <time>2026-09-15T11:47:26.000Z</time>
        <speed>1.437</speed>
      </trkpt>
      <trkpt lat="50.5197575" lon="-5.0261459">
        <ele>34.4</ele>
        <time>2026-09-15T11:47:31.000Z</time>
        <speed>1.409</speed>
      </trkpt>
      <trkpt lat="50.5197658" lon="-5.0261615">
        <ele>35.0</ele>
        <time>2026-09-15T11:47:36.000Z</time>
        <speed>1.278</speed>
      </trkpt>
      <trkpt lat="50.5197597" lon="-5.0261682">
        <ele>34.0</ele>
        <time>2026-09-15T11:47:41.000Z</time>
        <speed>0.000</speed>
      </trkpt>
      <trkpt lat="50.5197571" lon="-5.0261823">
        <ele>33.6</ele>
        <time>2026-09-15T11:47:46.000Z</time>
        <speed>0.000</speed>
      </trkpt>
      <trkpt lat="50.5197609" lon="-5.0261898">
        <ele>33.6</ele>
        <time>2026-09-15T11:47:51.000Z</time>
        <speed>0.000</speed>
      </trkpt>
      <trkpt lat="50.5197664" lon="-5.0261978">
        <ele>35.2</ele>
        <time>2026-09-15T11:47:56.000Z</time>
        <speed>0.000</speed>
      </trkpt>
      <trkpt lat="50.5197401" lon="-5.0262257">
        <ele>34.8</ele>
        <time>2026-09-15T11:48:01.000Z</time>
        <speed>0.000</speed>
      </trkpt>
      <trkpt lat="50.5197067" lon="-5.0263179">
        <ele>31.6</ele>
        <time>2026-09-15T11:48:06.000Z</time>
        <speed>1.810</speed>
      </trkpt>
      <trkpt lat="50.5196777" lon="-5.0264264">
        <ele>31.8</ele>
        <time>2026-09-15T11:48:11.000Z</time>
        <speed>1.717</speed>
      </trkpt>
      <trkpt lat="50.5196535" lon="-5.0265202">
        <ele>31.0</ele>
        <time>2026-09-15T11:48:16.000Z</time>
        <speed>1.633</speed>
      </trkpt>
      <trkpt lat="50.5196331" lon="-5.0266168">
        <ele>31.2</ele>
        <time>2026-09-15T11:48:21.000Z</time>
        <speed>1.540</speed>
      </trkpt>
      <trkpt lat="50.5196095" lon="-5.0267199">
        <ele>31.4</ele>
        <time>2026-09-15T11:48:26.000Z</time>
        <speed>1.512</speed>
      </trkpt>
      <trkpt lat="50.5195908" lon="-5.0268241">
        <ele>31.0</ele>
        <time>2026-09-15T11:48:31.000Z</time>
        <speed>1.428</speed>
      </trkpt>
      <trkpt lat="50.5195601" lon="-5.0269150">
        <ele>31.4</ele>
        <time>2026-09-15T11:48:36.000Z</time>
        <speed>1.512</speed>
      </trkpt>
      <trkpt lat="50.5195061" lon="-5.0269413">
        <ele>30.2</ele>
        <time>2026-09-15T11:48:41.000Z</time>
        <speed>1.437</speed>
      </trkpt>
      <trkpt lat="50.5194372" lon="-5.0269661">
        <ele>28.8</ele>
        <time>2026-09-15T11:48:46.000Z</time>
        <speed>1.428</speed>
      </trkpt>
      <trkpt lat="50.5193597" lon="-5.0269830">
        <ele>28.6</ele>
        <time>2026-09-15T11:48:51.000Z</time>
        <speed>1.484</speed>
      </trkpt>
      <trkpt lat="50.5192889" lon="-5.0269975">
        <ele>27.6</ele>
        <time>2026-09-15T11:48:56.000Z</time>
        <speed>1.540</speed>
      </trkpt>
      <trkpt lat="50.5192234" lon="-5.0270157">
        <ele>26.8</ele>
        <time>2026-09-15T11:49:01.000Z</time>
        <speed>1.540</speed>
      </trkpt>
      <trkpt lat="50.5191534" lon="-5.0270575">
        <ele>27.4</ele>
        <time>2026-09-15T11:49:06.000Z</time>
        <speed>1.540</speed>
      </trkpt>
      <trkpt lat="50.5190806" lon="-5.0271074">
        <ele>27.6</ele>
        <time>2026-09-15T11:49:11.000Z</time>
        <speed>1.568</speed>
      </trkpt>
      <trkpt lat="50.5190194" lon="-5.0271401">
        <ele>27.6</ele>
        <time>2026-09-15T11:49:16.000Z</time>
        <speed>1.558</speed>
      </trkpt>
      <trkpt lat="50.5189519" lon="-5.0271520">
        <ele>28.8</ele>
        <time>2026-09-15T11:49:21.000Z</time>
        <speed>1.558</speed>
      </trkpt>
      <trkpt lat="50.5188859" lon="-5.0271629">
        <ele>27.4</ele>
        <time>2026-09-15T11:49:26.000Z</time>
        <speed>1.568</speed>
      </trkpt>
      <trkpt lat="50.5188519" lon="-5.0271666">
        <ele>27.0</ele>
        <time>2026-09-15T11:49:31.000Z</time>
        <speed>1.549</speed>
      </trkpt>
      <trkpt lat="50.5188320" lon="-5.0271739">
        <ele>25.2</ele>
        <time>2026-09-15T11:49:36.000Z</time>
        <speed>1.073</speed>
      </trkpt>
      <trkpt lat="50.5187849" lon="-5.0271887">
        <ele>25.8</ele>
        <time>2026-09-15T11:49:41.000Z</time>
        <speed>0.000</speed>
      </trkpt>
      <trkpt lat="50.5187221" lon="-5.0271933">
        <ele>25.0</ele>
        <time>2026-09-15T11:49:46.000Z</time>
        <speed>1.474</speed>
      </trkpt>
      <trkpt lat="50.5186604" lon="-5.0272059">
        <ele>24.8</ele>
        <time>2026-09-15T11:49:51.000Z</time>
        <speed>1.586</speed>
      </trkpt>
      <trkpt lat="50.5185984" lon="-5.0272147">
        <ele>23.8</ele>
        <time>2026-09-15T11:49:56.000Z</time>
        <speed>1.446</speed>
      </trkpt>
      <trkpt lat="50.5185455" lon="-5.0272141">
        <ele>24.0</ele>
        <time>2026-09-15T11:50:01.000Z</time>
        <speed>1.372</speed>
      </trkpt>
      <trkpt lat="50.5184814" lon="-5.0272155">
        <ele>22.8</ele>
        <time>2026-09-15T11:50:06.000Z</time>
        <speed>1.334</speed>
      </trkpt>
      <trkpt lat="50.5184308" lon="-5.0272018">
        <ele>22.4</ele>
        <time>2026-09-15T11:50:11.000Z</time>
        <speed>1.334</speed>
      </trkpt>
      <trkpt lat="50.5184206" lon="-5.0272047">
        <ele>22.0</ele>
        <time>2026-09-15T11:50:16.000Z</time>
        <speed>1.110</speed>
      </trkpt>
      <trkpt lat="50.5184201" lon="-5.0272053">
        <ele>20.8</ele>
        <time>2026-09-15T11:50:21.000Z</time>
        <speed>0.000</speed>
      </trkpt>
      <trkpt lat="50.5184197" lon="-5.0272053">
        <ele>21.0</ele>
        <time>2026-09-15T11:50:26.000Z</time>
        <speed>0.000</speed>
      </trkpt>
      <trkpt lat="50.5184193" lon="-5.0272051">
        <ele>21.4</ele>
        <time>2026-09-15T11:50:31.000Z</time>
        <speed>0.000</speed>
      </trkpt>
      <trkpt lat="50.5184188" lon="-5.0272049">
        <ele>21.0</ele>
        <time>2026-09-15T11:50:36.000Z</time>
        <speed>0.000</speed>
      </trkpt>
      <trkpt lat="50.5184183" lon="-5.0272047">
        <ele>21.2</ele>
        <time>2026-09-15T11:50:41.000Z</time>
        <speed>0.000</speed>
      </trkpt>
      <trkpt lat="50.5184178" lon="-5.0272045">
        <ele>21.4</ele>
        <time>2026-09-15T11:50:46.000Z</time>
        <speed>0.000</speed>
      </trkpt>
      <trkpt lat="50.5184173" lon="-5.0272043">
        <ele>21.2</ele>
        <time>2026-09-15T11:50:51.000Z</time>
        <speed>0.000</speed>
      </trkpt>
      <trkpt lat="50.5184169" lon="-5.0272041">
        <ele>21.6</ele>
        <time>2026-09-15T11:50:56.000Z</time>
        <speed>0.000</speed>
      </trkpt>
      <trkpt lat="50.5184165" lon="-5.0272039">
        <ele>21.2</ele>
        <time>2026-09-15T11:51:01.000Z</time>
        <speed>0.000</speed>
      </trkpt>
      <trkpt lat="50.5184162" lon="-5.0272038">
        <ele>21.2</ele>
        <time>2026-09-15T11:51:06.000Z</time>
        <speed>0.000</speed>
      </trkpt>
      <trkpt lat="50.5184160" lon="-5.0272038">
        <ele>21.4</ele>
        <time>2026-09-15T11:51:11.000Z</time>
        <speed>0.000</speed>
      </trkpt>
      <trkpt lat="50.5184156" lon="-5.0272039">
        <ele>21.6</ele>
        <time>2026-09-15T11:51:16.000Z</time>
        <speed>0.000</speed>
      </trkpt>
      <trkpt lat="50.5184062" lon="-5.0272072">
        <ele>22.2</ele>
        <time>2026-09-15T11:51:21.000Z</time>
        <speed>0.000</speed>
      </trkpt>
      <trkpt lat="50.5183560" lon="-5.0272126">
        <ele>23.2</ele>
        <time>2026-09-15T11:51:26.000Z</time>
        <speed>0.000</speed>
      </trkpt>
      <trkpt lat="50.5183111" lon="-5.0272235">
        <ele>23.0</ele>
        <time>2026-09-15T11:51:31.000Z</time>
        <speed>1.372</speed>
      </trkpt>
      <trkpt lat="50.5182824" lon="-5.0272610">
        <ele>21.4</ele>
        <time>2026-09-15T11:51:36.000Z</time>
        <speed>0.998</speed>
      </trkpt>
      <trkpt lat="50.5182373" lon="-5.0272522">
        <ele>19.4</ele>
        <time>2026-09-15T11:51:41.000Z</time>
        <speed>1.064</speed>
      </trkpt>
      <trkpt lat="50.5181861" lon="-5.0272386">
        <ele>18.4</ele>
        <time>2026-09-15T11:51:46.000Z</time>
        <speed>1.120</speed>
      </trkpt>
      <trkpt lat="50.5181298" lon="-5.0272306">
        <ele>18.4</ele>
        <time>2026-09-15T11:51:51.000Z</time>
        <speed>1.120</speed>
      </trkpt>
      <trkpt lat="50.5180732" lon="-5.0272271">
        <ele>18.6</ele>
        <time>2026-09-15T11:51:56.000Z</time>
        <speed>1.372</speed>
      </trkpt>
      <trkpt lat="50.5180337" lon="-5.0272509">
        <ele>18.0</ele>
        <time>2026-09-15T11:52:01.000Z</time>
        <speed>1.241</speed>
      </trkpt>
      <trkpt lat="50.5179927" lon="-5.0272876">
        <ele>19.8</ele>
        <time>2026-09-15T11:52:06.000Z</time>
        <speed>1.138</speed>
      </trkpt>
      <trkpt lat="50.5179398" lon="-5.0273099">
        <ele>19.2</ele>
        <time>2026-09-15T11:52:11.000Z</time>
        <speed>1.148</speed>
      </trkpt>
      <trkpt lat="50.5178819" lon="-5.0273166">
        <ele>19.0</ele>
        <time>2026-09-15T11:52:16.000Z</time>
        <speed>1.166</speed>
      </trkpt>
      <trkpt lat="50.5178334" lon="-5.0272820">
        <ele>19.4</ele>
        <time>2026-09-15T11:52:21.000Z</time>
        <speed>1.213</speed>
      </trkpt>
      <trkpt lat="50.5177914" lon="-5.0272287">
        <ele>19.8</ele>
        <time>2026-09-15T11:52:26.000Z</time>
        <speed>1.204</speed>
      </trkpt>
      <trkpt lat="50.5177437" lon="-5.0271810">
        <ele>20.4</ele>
        <time>2026-09-15T11:52:31.000Z</time>
        <speed>1.204</speed>
      </trkpt>
      <trkpt lat="50.5176897" lon="-5.0271267">
        <ele>21.0</ele>
        <time>2026-09-15T11:52:36.000Z</time>
        <speed>1.306</speed>
      </trkpt>
      <trkpt lat="50.5176345" lon="-5.0270850">
        <ele>19.6</ele>
        <time>2026-09-15T11:52:41.000Z</time>
        <speed>1.306</speed>
      </trkpt>
      <trkpt lat="50.5175780" lon="-5.0270587">
        <ele>18.8</ele>
        <time>2026-09-15T11:52:46.000Z</time>
        <speed>1.325</speed>
      </trkpt>
      <trkpt lat="50.5175360" lon="-5.0270369">
        <ele>20.8</ele>
        <time>2026-09-15T11:52:51.000Z</time>
        <speed>1.316</speed>
      </trkpt>
      <trkpt lat="50.5174946" lon="-5.0270128">
        <ele>19.6</ele>
        <time>2026-09-15T11:52:56.000Z</time>
        <speed>1.250</speed>
      </trkpt>
      <trkpt lat="50.5174617" lon="-5.0270018">
        <ele>17.4</ele>
        <time>2026-09-15T11:53:01.000Z</time>
        <speed>1.194</speed>
      </trkpt>
      <trkpt lat="50.5174396" lon="-5.0270476">
        <ele>15.6</ele>
        <time>2026-09-15T11:53:06.000Z</time>
        <speed>0.952</speed>
      </trkpt>
      <trkpt lat="50.5174340" lon="-5.0271349">
        <ele>15.2</ele>
        <time>2026-09-15T11:53:11.000Z</time>
        <speed>1.204</speed>
      </trkpt>
      <trkpt lat="50.5174205" lon="-5.0271980">
        <ele>14.8</ele>
        <time>2026-09-15T11:53:16.000Z</time>
        <speed>0.970</speed>
      </trkpt>
      <trkpt lat="50.5174051" lon="-5.0272554">
        <ele>15.6</ele>
        <time>2026-09-15T11:53:21.000Z</time>
        <speed>0.877</speed>
      </trkpt>
      <trkpt lat="50.5173891" lon="-5.0273053">
        <ele>15.0</ele>
        <time>2026-09-15T11:53:26.000Z</time>
        <speed>0.924</speed>
      </trkpt>
      <trkpt lat="50.5173769" lon="-5.0273296">
        <ele>17.2</ele>
        <time>2026-09-15T11:53:31.000Z</time>
        <speed>0.746</speed>
      </trkpt>
      <trkpt lat="50.5173560" lon="-5.0273637">
        <ele>17.2</ele>
        <time>2026-09-15T11:53:36.000Z</time>
        <speed>0.709</speed>
      </trkpt>
      <trkpt lat="50.5173222" lon="-5.0273913">
        <ele>16.6</ele>
        <time>2026-09-15T11:53:41.000Z</time>
        <speed>0.774</speed>
      </trkpt>
      <trkpt lat="50.5172918" lon="-5.0274221">
        <ele>17.0</ele>
        <time>2026-09-15T11:53:46.000Z</time>
        <speed>0.821</speed>
      </trkpt>
      <trkpt lat="50.5172592" lon="-5.0274397">
        <ele>19.4</ele>
        <time>2026-09-15T11:53:51.000Z</time>
        <speed>0.840</speed>
      </trkpt>
      <trkpt lat="50.5172241" lon="-5.0274514">
        <ele>22.2</ele>
        <time>2026-09-15T11:53:56.000Z</time>
        <speed>0.877</speed>
      </trkpt>
      <trkpt lat="50.5172023" lon="-5.0274707">
        <ele>22.0</ele>
        <time>2026-09-15T11:54:01.000Z</time>
        <speed>0.746</speed>
      </trkpt>
      <trkpt lat="50.5172024" lon="-5.0274726">
        <ele>21.4</ele>
        <time>2026-09-15T11:54:06.000Z</time>
        <speed>0.000</speed>
      </trkpt>
      <trkpt lat="50.5172027" lon="-5.0274724">
        <ele>22.6</ele>
        <time>2026-09-15T11:54:11.000Z</time>
        <speed>0.000</speed>
      </trkpt>
      <trkpt lat="50.5171993" lon="-5.0274721">
        <ele>24.0</ele>
        <time>2026-09-15T11:54:16.000Z</time>
        <speed>0.000</speed>
      </trkpt>
      <trkpt lat="50.5171595" lon="-5.0274866">
        <ele>22.4</ele>
        <time>2026-09-15T11:54:21.000Z</time>
        <speed>0.000</speed>
      </trkpt>
      <trkpt lat="50.5171072" lon="-5.0274918">
        <ele>22.8</ele>
        <time>2026-09-15T11:54:26.000Z</time>
        <speed>1.026</speed>
      </trkpt>
      <trkpt lat="50.5170568" lon="-5.0274971">
        <ele>25.6</ele>
        <time>2026-09-15T11:54:31.000Z</time>
        <speed>1.194</speed>
      </trkpt>
      <trkpt lat="50.5170091" lon="-5.0274872">
        <ele>25.0</ele>
        <time>2026-09-15T11:54:36.000Z</time>
        <speed>1.045</speed>
      </trkpt>
      <trkpt lat="50.5169598" lon="-5.0274591">
        <ele>24.0</ele>
        <time>2026-09-15T11:54:41.000Z</time>
        <speed>1.064</speed>
      </trkpt>
      <trkpt lat="50.5169052" lon="-5.0274296">
        <ele>24.2</ele>
        <time>2026-09-15T11:54:46.000Z</time>
        <speed>1.101</speed>
      </trkpt>
      <trkpt lat="50.5168550" lon="-5.0273972">
        <ele>25.4</ele>
        <time>2026-09-15T11:54:51.000Z</time>
        <speed>1.194</speed>
      </trkpt>
      <trkpt lat="50.5168123" lon="-5.0273584">
        <ele>26.8</ele>
        <time>2026-09-15T11:54:56.000Z</time>
        <speed>1.082</speed>
      </trkpt>
      <trkpt lat="50.5167626" lon="-5.0272969">
        <ele>28.0</ele>
        <time>2026-09-15T11:55:01.000Z</time>
        <speed>1.138</speed>
      </trkpt>
      <trkpt lat="50.5167189" lon="-5.0272245">
        <ele>27.4</ele>
        <time>2026-09-15T11:55:06.000Z</time>
        <speed>1.176</speed>
      </trkpt>
      <trkpt lat="50.5166827" lon="-5.0271424">
        <ele>26.6</ele>
        <time>2026-09-15T11:55:11.000Z</time>
        <speed>1.241</speed>
      </trkpt>
      <trkpt lat="50.5166514" lon="-5.0270553">
        <ele>26.2</ele>
        <time>2026-09-15T11:55:16.000Z</time>
        <speed>1.269</speed>
      </trkpt>
      <trkpt lat="50.5166213" lon="-5.0269732">
        <ele>27.2</ele>
        <time>2026-09-15T11:55:21.000Z</time>
        <speed>1.278</speed>
      </trkpt>
      <trkpt lat="50.5165844" lon="-5.0268960">
        <ele>27.0</ele>
        <time>2026-09-15T11:55:26.000Z</time>
        <speed>1.288</speed>
      </trkpt>
      <trkpt lat="50.5165424" lon="-5.0268241">
        <ele>27.4</ele>
        <time>2026-09-15T11:55:31.000Z</time>
        <speed>1.297</speed>
      </trkpt>
      <trkpt lat="50.5165169" lon="-5.0267426">
        <ele>27.8</ele>
        <time>2026-09-15T11:55:36.000Z</time>
        <speed>1.297</speed>
      </trkpt>
      <trkpt lat="50.5164910" lon="-5.0266619">
        <ele>28.6</ele>
        <time>2026-09-15T11:55:41.000Z</time>
        <speed>1.288</speed>
      </trkpt>
      <trkpt lat="50.5164520" lon="-5.0265861">
        <ele>29.8</ele>
        <time>2026-09-15T11:55:46.000Z</time>
        <speed>1.306</speed>
      </trkpt>
      <trkpt lat="50.5164114" lon="-5.0265304">
        <ele>32.4</ele>
        <time>2026-09-15T11:55:51.000Z</time>
        <speed>1.334</speed>
      </trkpt>
      <trkpt lat="50.5163608" lon="-5.0265052">
        <ele>35.2</ele>
        <time>2026-09-15T11:55:56.000Z</time>
        <speed>1.306</speed>
      </trkpt>
      <trkpt lat="50.5162924" lon="-5.0265335">
        <ele>34.2</ele>
        <time>2026-09-15T11:56:01.000Z</time>
        <speed>1.353</speed>
      </trkpt>
      <trkpt lat="50.5162347" lon="-5.0265662">
        <ele>32.8</ele>
        <time>2026-09-15T11:56:06.000Z</time>
        <speed>1.381</speed>
      </trkpt>
      <trkpt lat="50.5161824" lon="-5.0266154">
        <ele>34.8</ele>
        <time>2026-09-15T11:56:11.000Z</time>
        <speed>1.381</speed>
      </trkpt>
      <trkpt lat="50.5161315" lon="-5.0266705">
        <ele>35.6</ele>
        <time>2026-09-15T11:56:16.000Z</time>
        <speed>1.372</speed>
      </trkpt>
      <trkpt lat="50.5160739" lon="-5.0267390">
        <ele>34.2</ele>
        <time>2026-09-15T11:56:21.000Z</time>
        <speed>1.390</speed>
      </trkpt>
      <trkpt lat="50.5160212" lon="-5.0268029">
        <ele>34.4</ele>
        <time>2026-09-15T11:56:26.000Z</time>
        <speed>1.400</speed>
      </trkpt>
      <trkpt lat="50.5159767" lon="-5.0268570">
        <ele>34.2</ele>
        <time>2026-09-15T11:56:31.000Z</time>
        <speed>1.428</speed>
      </trkpt>
      <trkpt lat="50.5159383" lon="-5.0269319">
        <ele>35.4</ele>
        <time>2026-09-15T11:56:36.000Z</time>
        <speed>1.400</speed>
      </trkpt>
      <trkpt lat="50.5159051" lon="-5.0270106">
        <ele>35.2</ele>
        <time>2026-09-15T11:56:41.000Z</time>
        <speed>1.390</speed>
      </trkpt>
      <trkpt lat="50.5158758" lon="-5.0270997">
        <ele>33.0</ele>
        <time>2026-09-15T11:56:46.000Z</time>
        <speed>1.390</speed>
      </trkpt>
      <trkpt lat="50.5158497" lon="-5.0272100">
        <ele>32.2</ele>
        <time>2026-09-15T11:56:51.000Z</time>
        <speed>1.400</speed>
      </trkpt>
      <trkpt lat="50.5158213" lon="-5.0273070">
        <ele>33.0</ele>
        <time>2026-09-15T11:56:56.000Z</time>
        <speed>1.428</speed>
      </trkpt>
      <trkpt lat="50.5157912" lon="-5.0273896">
        <ele>32.2</ele>
        <time>2026-09-15T11:57:01.000Z</time>
        <speed>1.428</speed>
      </trkpt>
      <trkpt lat="50.5157606" lon="-5.0274800">
        <ele>33.2</ele>
        <time>2026-09-15T11:57:06.000Z</time>
        <speed>1.456</speed>
      </trkpt>
      <trkpt lat="50.5157242" lon="-5.0275596">
        <ele>35.4</ele>
        <time>2026-09-15T11:57:11.000Z</time>
        <speed>1.400</speed>
      </trkpt>
      <trkpt lat="50.5156889" lon="-5.0276456">
        <ele>34.0</ele>
        <time>2026-09-15T11:57:16.000Z</time>
        <speed>1.409</speed>
      </trkpt>
      <trkpt lat="50.5156506" lon="-5.0277176">
        <ele>31.0</ele>
        <time>2026-09-15T11:57:21.000Z</time>
        <speed>1.381</speed>
      </trkpt>
      <trkpt lat="50.5155997" lon="-5.0277792">
        <ele>30.8</ele>
        <time>2026-09-15T11:57:26.000Z</time>
        <speed>1.390</speed>
      </trkpt>
      <trkpt lat="50.5155740" lon="-5.0278044">
        <ele>29.6</ele>
        <time>2026-09-15T11:57:31.000Z</time>
        <speed>1.381</speed>
      </trkpt>
      <trkpt lat="50.5155717" lon="-5.0278166">
        <ele>29.2</ele>
        <time>2026-09-15T11:57:36.000Z</time>
        <speed>1.185</speed>
      </trkpt>
      <trkpt lat="50.5155494" lon="-5.0278452">
        <ele>30.0</ele>
        <time>2026-09-15T11:57:41.000Z</time>
        <speed>0.000</speed>
      </trkpt>
      <trkpt lat="50.5155105" lon="-5.0279011">
        <ele>30.0</ele>
        <time>2026-09-15T11:57:46.000Z</time>
        <speed>0.541</speed>
      </trkpt>
      <trkpt lat="50.5154693" lon="-5.0279649">
        <ele>29.0</ele>
        <time>2026-09-15T11:57:51.000Z</time>
        <speed>1.362</speed>
      </trkpt>
      <trkpt lat="50.5154280" lon="-5.0280318">
        <ele>27.4</ele>
        <time>2026-09-15T11:57:56.000Z</time>
        <speed>1.334</speed>
      </trkpt>
      <trkpt lat="50.5153930" lon="-5.0281063">
        <ele>28.2</ele>
        <time>2026-09-15T11:58:01.000Z</time>
        <speed>1.390</speed>
      </trkpt>
      <trkpt lat="50.5153573" lon="-5.0281846">
        <ele>29.6</ele>
        <time>2026-09-15T11:58:06.000Z</time>
        <speed>1.362</speed>
      </trkpt>
      <trkpt lat="50.5153276" lon="-5.0282729">
        <ele>29.6</ele>
        <time>2026-09-15T11:58:11.000Z</time>
        <speed>1.372</speed>
      </trkpt>
      <trkpt lat="50.5153014" lon="-5.0283535">
        <ele>27.8</ele>
        <time>2026-09-15T11:58:16.000Z</time>
        <speed>1.390</speed>
      </trkpt>
      <trkpt lat="50.5153009" lon="-5.0283848">
        <ele>24.6</ele>
        <time>2026-09-15T11:58:21.000Z</time>
        <speed>1.185</speed>
      </trkpt>
      <trkpt lat="50.5153000" lon="-5.0283859">
        <ele>24.8</ele>
        <time>2026-09-15T11:58:26.000Z</time>
        <speed>0.000</speed>
      </trkpt>
      <trkpt lat="50.5152992" lon="-5.0283855">
        <ele>25.2</ele>
        <time>2026-09-15T11:58:31.000Z</time>
        <speed>0.000</speed>
      </trkpt>
      <trkpt lat="50.5152840" lon="-5.0284300">
        <ele>24.8</ele>
        <time>2026-09-15T11:58:36.000Z</time>
        <speed>0.000</speed>
      </trkpt>
      <trkpt lat="50.5152542" lon="-5.0285045">
        <ele>24.2</ele>
        <time>2026-09-15T11:58:41.000Z</time>
        <speed>1.045</speed>
      </trkpt>
      <trkpt lat="50.5152174" lon="-5.0285777">
        <ele>25.8</ele>
        <time>2026-09-15T11:58:46.000Z</time>
        <speed>1.297</speed>
      </trkpt>
      <trkpt lat="50.5151692" lon="-5.0286581">
        <ele>25.6</ele>
        <time>2026-09-15T11:58:51.000Z</time>
        <speed>1.456</speed>
      </trkpt>
      <trkpt lat="50.5151217" lon="-5.0287320">
        <ele>25.4</ele>
        <time>2026-09-15T11:58:56.000Z</time>
        <speed>1.474</speed>
      </trkpt>
      <trkpt lat="50.5150903" lon="-5.0288135">
        <ele>25.2</ele>
        <time>2026-09-15T11:59:01.000Z</time>
        <speed>1.446</speed>
      </trkpt>
      <trkpt lat="50.5150526" lon="-5.0289065">
        <ele>23.8</ele>
        <time>2026-09-15T11:59:06.000Z</time>
        <speed>1.474</speed>
      </trkpt>
      <trkpt lat="50.5150080" lon="-5.0289678">
        <ele>24.0</ele>
        <time>2026-09-15T11:59:11.000Z</time>
        <speed>1.474</speed>
      </trkpt>
      <trkpt lat="50.5149452" lon="-5.0290009">
        <ele>22.8</ele>
        <time>2026-09-15T11:59:16.000Z</time>
        <speed>1.409</speed>
      </trkpt>
      <trkpt lat="50.5148813" lon="-5.0290396">
        <ele>22.8</ele>
        <time>2026-09-15T11:59:21.000Z</time>
        <speed>1.456</speed>
      </trkpt>
      <trkpt lat="50.5148288" lon="-5.0290312">
        <ele>22.4</ele>
        <time>2026-09-15T11:59:26.000Z</time>
        <speed>1.428</speed>
      </trkpt>
      <trkpt lat="50.5148257" lon="-5.0289543">
        <ele>23.4</ele>
        <time>2026-09-15T11:59:31.000Z</time>
        <speed>1.390</speed>
      </trkpt>
      <trkpt lat="50.5148561" lon="-5.0288657">
        <ele>22.6</ele>
        <time>2026-09-15T11:59:36.000Z</time>
        <speed>1.372</speed>
      </trkpt>
      <trkpt lat="50.5148897" lon="-5.0287801">
        <ele>22.8</ele>
        <time>2026-09-15T11:59:41.000Z</time>
        <speed>1.418</speed>
      </trkpt>
      <trkpt lat="50.5149231" lon="-5.0286905">
        <ele>23.0</ele>
        <time>2026-09-15T11:59:46.000Z</time>
        <speed>1.400</speed>
      </trkpt>
      <trkpt lat="50.5149402" lon="-5.0285939">
        <ele>23.8</ele>
        <time>2026-09-15T11:59:51.000Z</time>
        <speed>1.437</speed>
      </trkpt>
      <trkpt lat="50.5149304" lon="-5.0284973">
        <ele>24.4</ele>
        <time>2026-09-15T11:59:56.000Z</time>
        <speed>1.456</speed>
      </trkpt>
      <trkpt lat="50.5149014" lon="-5.0284172">
        <ele>25.4</ele>
        <time>2026-09-15T12:00:01.000Z</time>
        <speed>1.428</speed>
      </trkpt>
      <trkpt lat="50.5148637" lon="-5.0283389">
        <ele>26.6</ele>
        <time>2026-09-15T12:00:06.000Z</time>
        <speed>1.409</speed>
      </trkpt>
      <trkpt lat="50.5148181" lon="-5.0282746">
        <ele>27.0</ele>
        <time>2026-09-15T12:00:11.000Z</time>
        <speed>1.418</speed>
      </trkpt>
      <trkpt lat="50.5147764" lon="-5.0282135">
        <ele>27.8</ele>
        <time>2026-09-15T12:00:16.000Z</time>
        <speed>1.400</speed>
      </trkpt>
      <trkpt lat="50.5147324" lon="-5.0281437">
        <ele>29.4</ele>
        <time>2026-09-15T12:00:21.000Z</time>
        <speed>1.390</speed>
      </trkpt>
      <trkpt lat="50.5147061" lon="-5.0280675">
        <ele>30.0</ele>
        <time>2026-09-15T12:00:26.000Z</time>
        <speed>1.353</speed>
      </trkpt>
      <trkpt lat="50.5147037" lon="-5.0279799">
        <ele>31.0</ele>
        <time>2026-09-15T12:00:31.000Z</time>
        <speed>1.325</speed>
      </trkpt>
      <trkpt lat="50.5147099" lon="-5.0278832">
        <ele>30.8</ele>
        <time>2026-09-15T12:00:36.000Z</time>
        <speed>1.344</speed>
      </trkpt>
      <trkpt lat="50.5147196" lon="-5.0277851">
        <ele>31.0</ele>
        <time>2026-09-15T12:00:41.000Z</time>
        <speed>1.362</speed>
      </trkpt>
      <trkpt lat="50.5147300" lon="-5.0276941">
        <ele>30.2</ele>
        <time>2026-09-15T12:00:46.000Z</time>
        <speed>1.362</speed>
      </trkpt>
      <trkpt lat="50.5147360" lon="-5.0276002">
        <ele>31.6</ele>
        <time>2026-09-15T12:00:51.000Z</time>
        <speed>1.353</speed>
      </trkpt>
      <trkpt lat="50.5147407" lon="-5.0275083">
        <ele>32.0</ele>
        <time>2026-09-15T12:00:56.000Z</time>
        <speed>1.344</speed>
      </trkpt>
      <trkpt lat="50.5147457" lon="-5.0274151">
        <ele>32.6</ele>
        <time>2026-09-15T12:01:01.000Z</time>
        <speed>1.353</speed>
      </trkpt>
      <trkpt lat="50.5147527" lon="-5.0273165">
        <ele>32.8</ele>
        <time>2026-09-15T12:01:06.000Z</time>
        <speed>1.344</speed>
      </trkpt>
      <trkpt lat="50.5147594" lon="-5.0272224">
        <ele>33.2</ele>
        <time>2026-09-15T12:01:11.000Z</time>
        <speed>1.344</speed>
      </trkpt>
      <trkpt lat="50.5147617" lon="-5.0271416">
        <ele>33.4</ele>
        <time>2026-09-15T12:01:16.000Z</time>
        <speed>1.334</speed>
      </trkpt>
      <trkpt lat="50.5147627" lon="-5.0270358">
        <ele>35.8</ele>
        <time>2026-09-15T12:01:21.000Z</time>
        <speed>1.362</speed>
      </trkpt>
      <trkpt lat="50.5147464" lon="-5.0269441">
        <ele>36.0</ele>
        <time>2026-09-15T12:01:26.000Z</time>
        <speed>1.372</speed>
      </trkpt>
      <trkpt lat="50.5147011" lon="-5.0268808">
        <ele>36.2</ele>
        <time>2026-09-15T12:01:31.000Z</time>
        <speed>1.372</speed>
      </trkpt>
      <trkpt lat="50.5146507" lon="-5.0268324">
        <ele>36.6</ele>
        <time>2026-09-15T12:01:36.000Z</time>
        <speed>1.353</speed>
      </trkpt>
      <trkpt lat="50.5145973" lon="-5.0267970">
        <ele>38.4</ele>
        <time>2026-09-15T12:01:41.000Z</time>
        <speed>1.325</speed>
      </trkpt>
      <trkpt lat="50.5145384" lon="-5.0267687">
        <ele>37.8</ele>
        <time>2026-09-15T12:01:46.000Z</time>
        <speed>1.325</speed>
      </trkpt>
      <trkpt lat="50.5144802" lon="-5.0267473">
        <ele>39.4</ele>
        <time>2026-09-15T12:01:51.000Z</time>
        <speed>1.334</speed>
      </trkpt>
      <trkpt lat="50.5144170" lon="-5.0267191">
        <ele>39.0</ele>
        <time>2026-09-15T12:01:56.000Z</time>
        <speed>1.362</speed>
      </trkpt>
      <trkpt lat="50.5143621" lon="-5.0266961">
        <ele>39.6</ele>
        <time>2026-09-15T12:02:01.000Z</time>
        <speed>1.362</speed>
      </trkpt>
      <trkpt lat="50.5143014" lon="-5.0266706">
        <ele>38.4</ele>
        <time>2026-09-15T12:02:06.000Z</time>
        <speed>1.344</speed>
      </trkpt>
      <trkpt lat="50.5142558" lon="-5.0266090">
        <ele>39.6</ele>
        <time>2026-09-15T12:02:11.000Z</time>
        <speed>1.334</speed>
      </trkpt>
      <trkpt lat="50.5142223" lon="-5.0265270">
        <ele>40.0</ele>
        <time>2026-09-15T12:02:16.000Z</time>
        <speed>1.353</speed>
      </trkpt>
      <trkpt lat="50.5141900" lon="-5.0264406">
        <ele>40.8</ele>
        <time>2026-09-15T12:02:21.000Z</time>
        <speed>1.390</speed>
      </trkpt>
      <trkpt lat="50.5141451" lon="-5.0263639">
        <ele>41.2</ele>
        <time>2026-09-15T12:02:26.000Z</time>
        <speed>1.409</speed>
      </trkpt>
      <trkpt lat="50.5140817" lon="-5.0263340">
        <ele>41.0</ele>
        <time>2026-09-15T12:02:31.000Z</time>
        <speed>1.437</speed>
      </trkpt>
      <trkpt lat="50.5140137" lon="-5.0263393">
        <ele>40.6</ele>
        <time>2026-09-15T12:02:36.000Z</time>
        <speed>1.474</speed>
      </trkpt>
      <trkpt lat="50.5139482" lon="-5.0263682">
        <ele>41.4</ele>
        <time>2026-09-15T12:02:41.000Z</time>
        <speed>1.484</speed>
      </trkpt>
      <trkpt lat="50.5138884" lon="-5.0264140">
        <ele>41.8</ele>
        <time>2026-09-15T12:02:46.000Z</time>
        <speed>1.474</speed>
      </trkpt>
      <trkpt lat="50.5138305" lon="-5.0264589">
        <ele>42.0</ele>
        <time>2026-09-15T12:02:51.000Z</time>
        <speed>1.493</speed>
      </trkpt>
      <trkpt lat="50.5137680" lon="-5.0264926">
        <ele>41.0</ele>
        <time>2026-09-15T12:02:56.000Z</time>
        <speed>1.446</speed>
      </trkpt>
      <trkpt lat="50.5137062" lon="-5.0265224">
        <ele>41.0</ele>
        <time>2026-09-15T12:03:01.000Z</time>
        <speed>1.474</speed>
      </trkpt>
      <trkpt lat="50.5136487" lon="-5.0265433">
        <ele>42.0</ele>
        <time>2026-09-15T12:03:06.000Z</time>
        <speed>1.474</speed>
      </trkpt>
      <trkpt lat="50.5135956" lon="-5.0265686">
        <ele>41.8</ele>
        <time>2026-09-15T12:03:11.000Z</time>
        <speed>1.474</speed>
      </trkpt>
      <trkpt lat="50.5135419" lon="-5.0265882">
        <ele>42.4</ele>
        <time>2026-09-15T12:03:16.000Z</time>
        <speed>1.428</speed>
      </trkpt>
      <trkpt lat="50.5135173" lon="-5.0266154">
        <ele>42.8</ele>
        <time>2026-09-15T12:03:21.000Z</time>
        <speed>1.409</speed>
      </trkpt>
      <trkpt lat="50.5135162" lon="-5.0266187">
        <ele>43.0</ele>
        <time>2026-09-15T12:03:26.000Z</time>
        <speed>0.000</speed>
      </trkpt>
      <trkpt lat="50.5135162" lon="-5.0266213">
        <ele>42.6</ele>
        <time>2026-09-15T12:03:31.000Z</time>
        <speed>0.000</speed>
      </trkpt>
      <trkpt lat="50.5135155" lon="-5.0266221">
        <ele>42.4</ele>
        <time>2026-09-15T12:03:36.000Z</time>
        <speed>0.000</speed>
      </trkpt>
      <trkpt lat="50.5135145" lon="-5.0266231">
        <ele>42.4</ele>
        <time>2026-09-15T12:03:41.000Z</time>
        <speed>0.000</speed>
      </trkpt>
      <trkpt lat="50.5135136" lon="-5.0266239">
        <ele>42.6</ele>
        <time>2026-09-15T12:03:46.000Z</time>
        <speed>0.000</speed>
      </trkpt>
      <trkpt lat="50.5135132" lon="-5.0266244">
        <ele>42.6</ele>
        <time>2026-09-15T12:03:51.000Z</time>
        <speed>0.000</speed>
      </trkpt>
      <trkpt lat="50.5135124" lon="-5.0266349">
        <ele>43.4</ele>
        <time>2026-09-15T12:03:56.000Z</time>
        <speed>0.224</speed>
      </trkpt>
      <trkpt lat="50.5135155" lon="-5.0267091">
        <ele>42.0</ele>
        <time>2026-09-15T12:04:01.000Z</time>
        <speed>0.980</speed>
      </trkpt>
      <trkpt lat="50.5135059" lon="-5.0268130">
        <ele>41.8</ele>
        <time>2026-09-15T12:04:06.000Z</time>
        <speed>1.512</speed>
      </trkpt>
      <trkpt lat="50.5134812" lon="-5.0268957">
        <ele>42.8</ele>
        <time>2026-09-15T12:04:11.000Z</time>
        <speed>1.418</speed>
      </trkpt>
      <trkpt lat="50.5134570" lon="-5.0269759">
        <ele>41.6</ele>
        <time>2026-09-15T12:04:16.000Z</time>
        <speed>1.418</speed>
      </trkpt>
      <trkpt lat="50.5134392" lon="-5.0270843">
        <ele>42.2</ele>
        <time>2026-09-15T12:04:21.000Z</time>
        <speed>1.456</speed>
      </trkpt>
      <trkpt lat="50.5134207" lon="-5.0271809">
        <ele>41.8</ele>
        <time>2026-09-15T12:04:26.000Z</time>
        <speed>1.456</speed>
      </trkpt>
      <trkpt lat="50.5134004" lon="-5.0272681">
        <ele>41.4</ele>
        <time>2026-09-15T12:04:31.000Z</time>
        <speed>1.390</speed>
      </trkpt>
      <trkpt lat="50.5133772" lon="-5.0273901">
        <ele>43.0</ele>
        <time>2026-09-15T12:04:36.000Z</time>
        <speed>1.418</speed>
      </trkpt>
      <trkpt lat="50.5133560" lon="-5.0274877">
        <ele>42.6</ele>
        <time>2026-09-15T12:04:41.000Z</time>
        <speed>1.474</speed>
      </trkpt>
      <trkpt lat="50.5133310" lon="-5.0275732">
        <ele>42.4</ele>
        <time>2026-09-15T12:04:46.000Z</time>
        <speed>1.465</speed>
      </trkpt>
      <trkpt lat="50.5133080" lon="-5.0276630">
        <ele>43.0</ele>
        <time>2026-09-15T12:04:51.000Z</time>
        <speed>1.437</speed>
      </trkpt>
      <trkpt lat="50.5133056" lon="-5.0276971">
        <ele>41.4</ele>
        <time>2026-09-15T12:04:56.000Z</time>
        <speed>1.390</speed>
      </trkpt>
      <trkpt lat="50.5133090" lon="-5.0277034">
        <ele>41.4</ele>
        <time>2026-09-15T12:05:01.000Z</time>
        <speed>0.000</speed>
      </trkpt>
      <trkpt lat="50.5132772" lon="-5.0277454">
        <ele>41.8</ele>
        <time>2026-09-15T12:05:06.000Z</time>
        <speed>0.000</speed>
      </trkpt>
      <trkpt lat="50.5132533" lon="-5.0278334">
        <ele>40.8</ele>
        <time>2026-09-15T12:05:11.000Z</time>
        <speed>1.362</speed>
      </trkpt>
      <trkpt lat="50.5132363" lon="-5.0279257">
        <ele>40.4</ele>
        <time>2026-09-15T12:05:16.000Z</time>
        <speed>1.353</speed>
      </trkpt>
      <trkpt lat="50.5132087" lon="-5.0280046">
        <ele>39.0</ele>
        <time>2026-09-15T12:05:21.000Z</time>
        <speed>1.260</speed>
      </trkpt>
      <trkpt lat="50.5131607" lon="-5.0280701">
        <ele>37.8</ele>
        <time>2026-09-15T12:05:26.000Z</time>
        <speed>1.325</speed>
      </trkpt>
      <trkpt lat="50.5131107" lon="-5.0281188">
        <ele>37.6</ele>
        <time>2026-09-15T12:05:31.000Z</time>
        <speed>1.353</speed>
      </trkpt>
      <trkpt lat="50.5130638" lon="-5.0281600">
        <ele>36.6</ele>
        <time>2026-09-15T12:05:36.000Z</time>
        <speed>1.260</speed>
      </trkpt>
      <trkpt lat="50.5130194" lon="-5.0281827">
        <ele>35.4</ele>
        <time>2026-09-15T12:05:41.000Z</time>
        <speed>1.213</speed>
      </trkpt>
      <trkpt lat="50.5129941" lon="-5.0281917">
        <ele>34.8</ele>
        <time>2026-09-15T12:05:46.000Z</time>
        <speed>1.064</speed>
      </trkpt>
      <trkpt lat="50.5129996" lon="-5.0281972">
        <ele>34.2</ele>
        <time>2026-09-15T12:05:51.000Z</time>
        <speed>0.830</speed>
      </trkpt>
      <trkpt lat="50.5130002" lon="-5.0281983">
        <ele>35.2</ele>
        <time>2026-09-15T12:05:56.000Z</time>
        <speed>0.000</speed>
      </trkpt>
      <trkpt lat="50.5129728" lon="-5.0282012">
        <ele>34.4</ele>
        <time>2026-09-15T12:06:01.000Z</time>
        <speed>0.000</speed>
      </trkpt>
      <trkpt lat="50.5129273" lon="-5.0281870">
        <ele>34.0</ele>
        <time>2026-09-15T12:06:06.000Z</time>
        <speed>0.000</speed>
      </trkpt>
      <trkpt lat="50.5128771" lon="-5.0281740">
        <ele>33.2</ele>
        <time>2026-09-15T12:06:11.000Z</time>
        <speed>1.026</speed>
      </trkpt>
      <trkpt lat="50.5128198" lon="-5.0281523">
        <ele>32.2</ele>
        <time>2026-09-15T12:06:16.000Z</time>
        <speed>1.194</speed>
      </trkpt>
      <trkpt lat="50.5127554" lon="-5.0281150">
        <ele>32.8</ele>
        <time>2026-09-15T12:06:21.000Z</time>
        <speed>1.362</speed>
      </trkpt>
      <trkpt lat="50.5126973" lon="-5.0280895">
        <ele>32.0</ele>
        <time>2026-09-15T12:06:26.000Z</time>
        <speed>1.400</speed>
      </trkpt>
      <trkpt lat="50.5126373" lon="-5.0280408">
        <ele>32.0</ele>
        <time>2026-09-15T12:06:31.000Z</time>
        <speed>1.381</speed>
      </trkpt>
      <trkpt lat="50.5125857" lon="-5.0279829">
        <ele>31.6</ele>
        <time>2026-09-15T12:06:36.000Z</time>
        <speed>1.372</speed>
      </trkpt>
      <trkpt lat="50.5125287" lon="-5.0279603">
        <ele>31.0</ele>
        <time>2026-09-15T12:06:41.000Z</time>
        <speed>1.353</speed>
      </trkpt>
      <trkpt lat="50.5124605" lon="-5.0279325">
        <ele>29.6</ele>
        <time>2026-09-15T12:06:46.000Z</time>
        <speed>1.409</speed>
      </trkpt>
      <trkpt lat="50.5123987" lon="-5.0278905">
        <ele>30.0</ele>
        <time>2026-09-15T12:06:51.000Z</time>
        <speed>1.446</speed>
      </trkpt>
      <trkpt lat="50.5123468" lon="-5.0278479">
        <ele>29.6</ele>
        <time>2026-09-15T12:06:56.000Z</time>
        <speed>1.437</speed>
      </trkpt>
      <trkpt lat="50.5122869" lon="-5.0278172">
        <ele>27.8</ele>
        <time>2026-09-15T12:07:01.000Z</time>
        <speed>1.428</speed>
      </trkpt>
      <trkpt lat="50.5122269" lon="-5.0277920">
        <ele>28.4</ele>
        <time>2026-09-15T12:07:06.000Z</time>
        <speed>1.428</speed>
      </trkpt>
      <trkpt lat="50.5121689" lon="-5.0277339">
        <ele>28.6</ele>
        <time>2026-09-15T12:07:11.000Z</time>
        <speed>1.409</speed>
      </trkpt>
      <trkpt lat="50.5121287" lon="-5.0276565">
        <ele>28.2</ele>
        <time>2026-09-15T12:07:16.000Z</time>
        <speed>1.446</speed>
      </trkpt>
      <trkpt lat="50.5120940" lon="-5.0275788">
        <ele>28.6</ele>
        <time>2026-09-15T12:07:21.000Z</time>
        <speed>1.446</speed>
      </trkpt>
      <trkpt lat="50.5120630" lon="-5.0275002">
        <ele>29.2</ele>
        <time>2026-09-15T12:07:26.000Z</time>
        <speed>1.446</speed>
      </trkpt>
      <trkpt lat="50.5120181" lon="-5.0274152">
        <ele>30.2</ele>
        <time>2026-09-15T12:07:31.000Z</time>
        <speed>1.446</speed>
      </trkpt>
      <trkpt lat="50.5119717" lon="-5.0273363">
        <ele>30.6</ele>
        <time>2026-09-15T12:07:36.000Z</time>
        <speed>1.456</speed>
      </trkpt>
      <trkpt lat="50.5119377" lon="-5.0272688">
        <ele>31.0</ele>
        <time>2026-09-15T12:07:41.000Z</time>
        <speed>1.465</speed>
      </trkpt>
      <trkpt lat="50.5118953" lon="-5.0272035">
        <ele>30.0</ele>
        <time>2026-09-15T12:07:46.000Z</time>
        <speed>1.437</speed>
      </trkpt>
      <trkpt lat="50.5118484" lon="-5.0271365">
        <ele>29.8</ele>
        <time>2026-09-15T12:07:51.000Z</time>
        <speed>1.418</speed>
      </trkpt>
      <trkpt lat="50.5118035" lon="-5.0270733">
        <ele>30.6</ele>
        <time>2026-09-15T12:07:56.000Z</time>
        <speed>1.428</speed>
      </trkpt>
      <trkpt lat="50.5117575" lon="-5.0270142">
        <ele>29.6</ele>
        <time>2026-09-15T12:08:01.000Z</time>
        <speed>1.409</speed>
      </trkpt>
      <trkpt lat="50.5117065" lon="-5.0269639">
        <ele>29.6</ele>
        <time>2026-09-15T12:08:06.000Z</time>
        <speed>1.409</speed>
      </trkpt>
      <trkpt lat="50.5116515" lon="-5.0269039">
        <ele>28.8</ele>
        <time>2026-09-15T12:08:11.000Z</time>
        <speed>1.400</speed>
      </trkpt>
      <trkpt lat="50.5115949" lon="-5.0268488">
        <ele>27.8</ele>
        <time>2026-09-15T12:08:16.000Z</time>
        <speed>1.418</speed>
      </trkpt>
      <trkpt lat="50.5115434" lon="-5.0267887">
        <ele>28.0</ele>
        <time>2026-09-15T12:08:21.000Z</time>
        <speed>1.418</speed>
      </trkpt>
      <trkpt lat="50.5114991" lon="-5.0267217">
        <ele>27.0</ele>
        <time>2026-09-15T12:08:26.000Z</time>
        <speed>1.428</speed>
      </trkpt>
      <trkpt lat="50.5114716" lon="-5.0266370">
        <ele>26.2</ele>
        <time>2026-09-15T12:08:31.000Z</time>
        <speed>1.418</speed>
      </trkpt>
      <trkpt lat="50.5114474" lon="-5.0265633">
        <ele>27.0</ele>
        <time>2026-09-15T12:08:36.000Z</time>
        <speed>1.400</speed>
      </trkpt>
      <trkpt lat="50.5114193" lon="-5.0264742">
        <ele>28.2</ele>
        <time>2026-09-15T12:08:41.000Z</time>
        <speed>1.381</speed>
      </trkpt>
      <trkpt lat="50.5113851" lon="-5.0263822">
        <ele>27.2</ele>
        <time>2026-09-15T12:08:46.000Z</time>
        <speed>1.390</speed>
      </trkpt>
      <trkpt lat="50.5113387" lon="-5.0263032">
        <ele>27.8</ele>
        <time>2026-09-15T12:08:51.000Z</time>
        <speed>1.428</speed>
      </trkpt>
      <trkpt lat="50.5112984" lon="-5.0262427">
        <ele>28.2</ele>
        <time>2026-09-15T12:08:56.000Z</time>
        <speed>1.437</speed>
      </trkpt>
      <trkpt lat="50.5112570" lon="-5.0261619">
        <ele>26.4</ele>
        <time>2026-09-15T12:09:01.000Z</time>
        <speed>1.409</speed>
      </trkpt>
      <trkpt lat="50.5112098" lon="-5.0260880">
        <ele>25.6</ele>
        <time>2026-09-15T12:09:06.000Z</time>
        <speed>1.428</speed>
      </trkpt>
      <trkpt lat="50.5111555" lon="-5.0260205">
        <ele>24.8</ele>
        <time>2026-09-15T12:09:11.000Z</time>
        <speed>1.437</speed>
      </trkpt>
      <trkpt lat="50.5111007" lon="-5.0259564">
        <ele>24.4</ele>
        <time>2026-09-15T12:09:16.000Z</time>
        <speed>1.456</speed>
      </trkpt>
      <trkpt lat="50.5110515" lon="-5.0258859">
        <ele>24.2</ele>
        <time>2026-09-15T12:09:21.000Z</time>
        <speed>1.493</speed>
      </trkpt>
      <trkpt lat="50.5110102" lon="-5.0258241">
        <ele>23.8</ele>
        <time>2026-09-15T12:09:26.000Z</time>
        <speed>1.437</speed>
      </trkpt>
      <trkpt lat="50.5109820" lon="-5.0257806">
        <ele>23.2</ele>
        <time>2026-09-15T12:09:31.000Z</time>
        <speed>1.409</speed>
      </trkpt>
      <trkpt lat="50.5109779" lon="-5.0257819">
        <ele>23.2</ele>
        <time>2026-09-15T12:09:36.000Z</time>
        <speed>1.054</speed>
      </trkpt>
      <trkpt lat="50.5109798" lon="-5.0257738">
        <ele>22.8</ele>
        <time>2026-09-15T12:09:41.000Z</time>
        <speed>0.000</speed>
      </trkpt>
      <trkpt lat="50.5109818" lon="-5.0257760">
        <ele>23.2</ele>
        <time>2026-09-15T12:09:46.000Z</time>
        <speed>0.000</speed>
      </trkpt>
      <trkpt lat="50.5109811" lon="-5.0257806">
        <ele>22.2</ele>
        <time>2026-09-15T12:09:51.000Z</time>
        <speed>0.000</speed>
      </trkpt>
      <trkpt lat="50.5109823" lon="-5.0257861">
        <ele>22.4</ele>
        <time>2026-09-15T12:09:56.000Z</time>
        <speed>0.000</speed>
      </trkpt>
      <trkpt lat="50.5109824" lon="-5.0257853">
        <ele>23.2</ele>
        <time>2026-09-15T12:10:01.000Z</time>
        <speed>0.000</speed>
      </trkpt>
      <trkpt lat="50.5109832" lon="-5.0257837">
        <ele>22.4</ele>
        <time>2026-09-15T12:10:06.000Z</time>
        <speed>0.000</speed>
      </trkpt>
      <trkpt lat="50.5109806" lon="-5.0257720">
        <ele>23.2</ele>
        <time>2026-09-15T12:10:11.000Z</time>
        <speed>0.000</speed>
      </trkpt>
      <trkpt lat="50.5109817" lon="-5.0257689">
        <ele>24.2</ele>
        <time>2026-09-15T12:10:16.000Z</time>
        <speed>0.000</speed>
      </trkpt>
      <trkpt lat="50.5109781" lon="-5.0257674">
        <ele>23.6</ele>
        <time>2026-09-15T12:10:21.000Z</time>
        <speed>0.000</speed>
      </trkpt>
      <trkpt lat="50.5109783" lon="-5.0257670">
        <ele>23.0</ele>
        <time>2026-09-15T12:10:26.000Z</time>
        <speed>0.000</speed>
      </trkpt>
      <trkpt lat="50.5109780" lon="-5.0257677">
        <ele>23.6</ele>
        <time>2026-09-15T12:10:31.000Z</time>
        <speed>0.000</speed>
      </trkpt>
      <trkpt lat="50.5109816" lon="-5.0257727">
        <ele>24.2</ele>
        <time>2026-09-15T12:10:36.000Z</time>
        <speed>0.000</speed>
      </trkpt>
      <trkpt lat="50.5109529" lon="-5.0257327">
        <ele>24.2</ele>
        <time>2026-09-15T12:10:41.000Z</time>
        <speed>0.000</speed>
      </trkpt>
      <trkpt lat="50.5109063" lon="-5.0256643">
        <ele>22.8</ele>
        <time>2026-09-15T12:10:46.000Z</time>
        <speed>1.409</speed>
      </trkpt>
      <trkpt lat="50.5108600" lon="-5.0255937">
        <ele>21.4</ele>
        <time>2026-09-15T12:10:51.000Z</time>
        <speed>1.484</speed>
      </trkpt>
      <trkpt lat="50.5108202" lon="-5.0255253">
        <ele>21.4</ele>
        <time>2026-09-15T12:10:56.000Z</time>
        <speed>1.502</speed>
      </trkpt>
      <trkpt lat="50.5107825" lon="-5.0254543">
        <ele>21.2</ele>
        <time>2026-09-15T12:11:01.000Z</time>
        <speed>1.325</speed>
      </trkpt>
      <trkpt lat="50.5107432" lon="-5.0253768">
        <ele>21.2</ele>
        <time>2026-09-15T12:11:06.000Z</time>
        <speed>1.409</speed>
      </trkpt>
      <trkpt lat="50.5107052" lon="-5.0252903">
        <ele>21.2</ele>
        <time>2026-09-15T12:11:11.000Z</time>
        <speed>1.409</speed>
      </trkpt>
      <trkpt lat="50.5106552" lon="-5.0252215">
        <ele>20.8</ele>
        <time>2026-09-15T12:11:16.000Z</time>
        <speed>1.456</speed>
      </trkpt>
      <trkpt lat="50.5106019" lon="-5.0251511">
        <ele>20.2</ele>
        <time>2026-09-15T12:11:21.000Z</time>
        <speed>1.456</speed>
      </trkpt>
      <trkpt lat="50.5105485" lon="-5.0250741">
        <ele>19.8</ele>
        <time>2026-09-15T12:11:26.000Z</time>
        <speed>1.512</speed>
      </trkpt>
      <trkpt lat="50.5105055" lon="-5.0249994">
        <ele>19.6</ele>
        <time>2026-09-15T12:11:31.000Z</time>
        <speed>1.512</speed>
      </trkpt>
      <trkpt lat="50.5104701" lon="-5.0249125">
        <ele>19.6</ele>
        <time>2026-09-15T12:11:36.000Z</time>
        <speed>1.521</speed>
      </trkpt>
      <trkpt lat="50.5104473" lon="-5.0248205">
        <ele>19.6</ele>
        <time>2026-09-15T12:11:41.000Z</time>
        <speed>1.530</speed>
      </trkpt>
      <trkpt lat="50.5104270" lon="-5.0247252">
        <ele>19.8</ele>
        <time>2026-09-15T12:11:46.000Z</time>
        <speed>1.493</speed>
      </trkpt>
      <trkpt lat="50.5104163" lon="-5.0246262">
        <ele>19.6</ele>
        <time>2026-09-15T12:11:51.000Z</time>
        <speed>1.502</speed>
      </trkpt>
      <trkpt lat="50.5104082" lon="-5.0245216">
        <ele>20.0</ele>
        <time>2026-09-15T12:11:56.000Z</time>
        <speed>1.484</speed>
      </trkpt>
      <trkpt lat="50.5104074" lon="-5.0244255">
        <ele>20.6</ele>
        <time>2026-09-15T12:12:01.000Z</time>
        <speed>1.484</speed>
      </trkpt>
      <trkpt lat="50.5103988" lon="-5.0243258">
        <ele>20.4</ele>
        <time>2026-09-15T12:12:06.000Z</time>
        <speed>1.456</speed>
      </trkpt>
      <trkpt lat="50.5103910" lon="-5.0242353">
        <ele>21.0</ele>
        <time>2026-09-15T12:12:11.000Z</time>
        <speed>1.446</speed>
      </trkpt>
      <trkpt lat="50.5103802" lon="-5.0241498">
        <ele>21.4</ele>
        <time>2026-09-15T12:12:16.000Z</time>
        <speed>1.437</speed>
      </trkpt>
      <trkpt lat="50.5103591" lon="-5.0241006">
        <ele>22.0</ele>
        <time>2026-09-15T12:12:21.000Z</time>
        <speed>1.353</speed>
      </trkpt>
      <trkpt lat="50.5103446" lon="-5.0240894">
        <ele>21.0</ele>
        <time>2026-09-15T12:12:26.000Z</time>
        <speed>1.045</speed>
      </trkpt>
      <trkpt lat="50.5103210" lon="-5.0240450">
        <ele>21.0</ele>
        <time>2026-09-15T12:12:31.000Z</time>
        <speed>0.000</speed>
      </trkpt>
      <trkpt lat="50.5102748" lon="-5.0239913">
        <ele>21.2</ele>
        <time>2026-09-15T12:12:36.000Z</time>
        <speed>1.213</speed>
      </trkpt>
      <trkpt lat="50.5102264" lon="-5.0239340">
        <ele>20.2</ele>
        <time>2026-09-15T12:12:41.000Z</time>
        <speed>1.456</speed>
      </trkpt>
      <trkpt lat="50.5101881" lon="-5.0238782">
        <ele>18.8</ele>
        <time>2026-09-15T12:12:46.000Z</time>
        <speed>1.400</speed>
      </trkpt>
      <trkpt lat="50.5101478" lon="-5.0238160">
        <ele>18.2</ele>
        <time>2026-09-15T12:12:51.000Z</time>
        <speed>1.269</speed>
      </trkpt>
      <trkpt lat="50.5101031" lon="-5.0237549">
        <ele>17.8</ele>
        <time>2026-09-15T12:12:56.000Z</time>
        <speed>1.306</speed>
      </trkpt>
      <trkpt lat="50.5100588" lon="-5.0236938">
        <ele>17.0</ele>
        <time>2026-09-15T12:13:01.000Z</time>
        <speed>1.353</speed>
      </trkpt>
      <trkpt lat="50.5100098" lon="-5.0236321">
        <ele>15.4</ele>
        <time>2026-09-15T12:13:06.000Z</time>
        <speed>1.353</speed>
      </trkpt>
      <trkpt lat="50.5099647" lon="-5.0235803">
        <ele>14.6</ele>
        <time>2026-09-15T12:13:11.000Z</time>
        <speed>1.306</speed>
      </trkpt>
      <trkpt lat="50.5099128" lon="-5.0235135">
        <ele>13.8</ele>
        <time>2026-09-15T12:13:16.000Z</time>
        <speed>1.344</speed>
      </trkpt>
      <trkpt lat="50.5098851" lon="-5.0234546">
        <ele>13.8</ele>
        <time>2026-09-15T12:13:21.000Z</time>
        <speed>1.334</speed>
      </trkpt>
      <trkpt lat="50.5098692" lon="-5.0233933">
        <ele>13.4</ele>
        <time>2026-09-15T12:13:26.000Z</time>
        <speed>1.269</speed>
      </trkpt>
      <trkpt lat="50.5098400" lon="-5.0233167">
        <ele>12.6</ele>
        <time>2026-09-15T12:13:31.000Z</time>
        <speed>1.269</speed>
      </trkpt>
      <trkpt lat="50.5098138" lon="-5.0232429">
        <ele>11.6</ele>
        <time>2026-09-15T12:13:36.000Z</time>
        <speed>1.222</speed>
      </trkpt>
      <trkpt lat="50.5097951" lon="-5.0231631">
        <ele>10.6</ele>
        <time>2026-09-15T12:13:41.000Z</time>
        <speed>1.222</speed>
      </trkpt>
      <trkpt lat="50.5097743" lon="-5.0230841">
        <ele>10.0</ele>
        <time>2026-09-15T12:13:46.000Z</time>
        <speed>1.213</speed>
      </trkpt>
      <trkpt lat="50.5097570" lon="-5.0230320">
        <ele>8.6</ele>
        <time>2026-09-15T12:13:51.000Z</time>
        <speed>1.176</speed>
      </trkpt>
      <trkpt lat="50.5097420" lon="-5.0229952">
        <ele>8.0</ele>
        <time>2026-09-15T12:13:56.000Z</time>
        <speed>1.026</speed>
      </trkpt>
      <trkpt lat="50.5097192" lon="-5.0229369">
        <ele>7.0</ele>
        <time>2026-09-15T12:14:01.000Z</time>
        <speed>0.980</speed>
      </trkpt>
      <trkpt lat="50.5096866" lon="-5.0228571">
        <ele>6.2</ele>
        <time>2026-09-15T12:14:06.000Z</time>
        <speed>1.008</speed>
      </trkpt>
      <trkpt lat="50.5096641" lon="-5.0227894">
        <ele>5.8</ele>
        <time>2026-09-15T12:14:11.000Z</time>
        <speed>1.101</speed>
      </trkpt>
      <trkpt lat="50.5096620" lon="-5.0227848">
        <ele>5.6</ele>
        <time>2026-09-15T12:14:16.000Z</time>
        <speed>1.026</speed>
      </trkpt>
      <trkpt lat="50.5096622" lon="-5.0227849">
        <ele>5.6</ele>
        <time>2026-09-15T12:14:21.000Z</time>
        <speed>0.000</speed>
      </trkpt>
      <trkpt lat="50.5096629" lon="-5.0227851">
        <ele>5.8</ele>
        <time>2026-09-15T12:14:26.000Z</time>
        <speed>0.000</speed>
      </trkpt>
      <trkpt lat="50.5096636" lon="-5.0227853">
        <ele>6.0</ele>
        <time>2026-09-15T12:14:31.000Z</time>
        <speed>0.000</speed>
      </trkpt>
      <trkpt lat="50.5096642" lon="-5.0227853">
        <ele>5.8</ele>
        <time>2026-09-15T12:14:36.000Z</time>
        <speed>0.000</speed>
      </trkpt>
      <trkpt lat="50.5096641" lon="-5.0227826">
        <ele>5.8</ele>
        <time>2026-09-15T12:14:41.000Z</time>
        <speed>0.000</speed>
      </trkpt>
      <trkpt lat="50.5096560" lon="-5.0227288">
        <ele>6.0</ele>
        <time>2026-09-15T12:14:46.000Z</time>
        <speed>0.000</speed>
      </trkpt>
      <trkpt lat="50.5096491" lon="-5.0226380">
        <ele>5.6</ele>
        <time>2026-09-15T12:14:51.000Z</time>
        <speed>1.138</speed>
      </trkpt>
      <trkpt lat="50.5096423" lon="-5.0225295">
        <ele>5.8</ele>
        <time>2026-09-15T12:14:56.000Z</time>
        <speed>1.325</speed>
      </trkpt>
      <trkpt lat="50.5096344" lon="-5.0224365">
        <ele>5.0</ele>
        <time>2026-09-15T12:15:01.000Z</time>
        <speed>1.390</speed>
      </trkpt>
      <trkpt lat="50.5096224" lon="-5.0223363">
        <ele>5.0</ele>
        <time>2026-09-15T12:15:06.000Z</time>
        <speed>1.381</speed>
      </trkpt>
      <trkpt lat="50.5096055" lon="-5.0222469">
        <ele>5.2</ele>
        <time>2026-09-15T12:15:11.000Z</time>
        <speed>1.372</speed>
      </trkpt>
      <trkpt lat="50.5095911" lon="-5.0221506">
        <ele>5.2</ele>
        <time>2026-09-15T12:15:16.000Z</time>
        <speed>1.344</speed>
      </trkpt>
      <trkpt lat="50.5095666" lon="-5.0220582">
        <ele>5.0</ele>
        <time>2026-09-15T12:15:21.000Z</time>
        <speed>1.381</speed>
      </trkpt>
      <trkpt lat="50.5095343" lon="-5.0219515">
        <ele>5.0</ele>
        <time>2026-09-15T12:15:26.000Z</time>
        <speed>1.437</speed>
      </trkpt>
      <trkpt lat="50.5095071" lon="-5.0218676">
        <ele>4.4</ele>
        <time>2026-09-15T12:15:31.000Z</time>
        <speed>1.465</speed>
      </trkpt>
      <trkpt lat="50.5094654" lon="-5.0217802">
        <ele>4.0</ele>
        <time>2026-09-15T12:15:36.000Z</time>
        <speed>1.418</speed>
      </trkpt>
      <trkpt lat="50.5094354" lon="-5.0216934">
        <ele>3.8</ele>
        <time>2026-09-15T12:15:41.000Z</time>
        <speed>1.465</speed>
      </trkpt>
      <trkpt lat="50.5094209" lon="-5.0216507">
        <ele>3.0</ele>
        <time>2026-09-15T12:15:46.000Z</time>
        <speed>1.372</speed>
      </trkpt>
      <trkpt lat="50.5094124" lon="-5.0215959">
        <ele>3.0</ele>
        <time>2026-09-15T12:15:51.000Z</time>
        <speed>1.064</speed>
      </trkpt>
      <trkpt lat="50.5093851" lon="-5.0215190">
        <ele>3.6</ele>
        <time>2026-09-15T12:15:56.000Z</time>
        <speed>0.998</speed>
      </trkpt>
      <trkpt lat="50.5093661" lon="-5.0214953">
        <ele>4.0</ele>
        <time>2026-09-15T12:16:01.000Z</time>
        <speed>0.961</speed>
      </trkpt>
      <trkpt lat="50.5093613" lon="-5.0214821">
        <ele>2.8</ele>
        <time>2026-09-15T12:16:06.000Z</time>
        <speed>0.000</speed>
      </trkpt>
      <trkpt lat="50.5093538" lon="-5.0213952">
        <ele>3.6</ele>
        <time>2026-09-15T12:16:11.000Z</time>
        <speed>0.467</speed>
      </trkpt>
      <trkpt lat="50.5093479" lon="-5.0213067">
        <ele>5.0</ele>
        <time>2026-09-15T12:16:16.000Z</time>
        <speed>1.306</speed>
      </trkpt>
      <trkpt lat="50.5093450" lon="-5.0212238">
        <ele>5.4</ele>
        <time>2026-09-15T12:16:21.000Z</time>
        <speed>1.176</speed>
      </trkpt>
      <trkpt lat="50.5093457" lon="-5.0211379">
        <ele>5.2</ele>
        <time>2026-09-15T12:16:26.000Z</time>
        <speed>1.185</speed>
      </trkpt>
      <trkpt lat="50.5093369" lon="-5.0210615">
        <ele>5.8</ele>
        <time>2026-09-15T12:16:31.000Z</time>
        <speed>1.194</speed>
      </trkpt>
      <trkpt lat="50.5093219" lon="-5.0210357">
        <ele>6.0</ele>
        <time>2026-09-15T12:16:36.000Z</time>
        <speed>1.036</speed>
      </trkpt>
      <trkpt lat="50.5093203" lon="-5.0210339">
        <ele>4.6</ele>
        <time>2026-09-15T12:16:41.000Z</time>
        <speed>0.000</speed>
      </trkpt>
      <trkpt lat="50.5093254" lon="-5.0210369">
        <ele>4.6</ele>
        <time>2026-09-15T12:16:46.000Z</time>
        <speed>0.000</speed>
      </trkpt>
      <trkpt lat="50.5093275" lon="-5.0210389">
        <ele>5.8</ele>
        <time>2026-09-15T12:16:51.000Z</time>
        <speed>0.000</speed>
      </trkpt>
      <trkpt lat="50.5093288" lon="-5.0210411">
        <ele>6.0</ele>
        <time>2026-09-15T12:16:56.000Z</time>
        <speed>0.000</speed>
      </trkpt>
      <trkpt lat="50.5093298" lon="-5.0210434">
        <ele>5.6</ele>
        <time>2026-09-15T12:17:01.000Z</time>
        <speed>0.000</speed>
      </trkpt>
      <trkpt lat="50.5093287" lon="-5.0210426">
        <ele>5.4</ele>
        <time>2026-09-15T12:17:06.000Z</time>
        <speed>0.000</speed>
      </trkpt>
      <trkpt lat="50.5093233" lon="-5.0210390">
        <ele>6.2</ele>
        <time>2026-09-15T12:17:11.000Z</time>
        <speed>0.000</speed>
      </trkpt>
      <trkpt lat="50.5093251" lon="-5.0210348">
        <ele>5.6</ele>
        <time>2026-09-15T12:17:16.000Z</time>
        <speed>0.000</speed>
      </trkpt>
      <trkpt lat="50.5093121" lon="-5.0210311">
        <ele>6.4</ele>
        <time>2026-09-15T12:17:21.000Z</time>
        <speed>0.000</speed>
      </trkpt>
      <trkpt lat="50.5092711" lon="-5.0210599">
        <ele>6.4</ele>
        <time>2026-09-15T12:17:26.000Z</time>
        <speed>0.280</speed>
      </trkpt>
      <trkpt lat="50.5092209" lon="-5.0211363">
        <ele>6.8</ele>
        <time>2026-09-15T12:17:31.000Z</time>
        <speed>1.568</speed>
      </trkpt>
      <trkpt lat="50.5091803" lon="-5.0212113">
        <ele>6.6</ele>
        <time>2026-09-15T12:17:36.000Z</time>
        <speed>1.437</speed>
      </trkpt>
      <trkpt lat="50.5091525" lon="-5.0212612">
        <ele>5.8</ele>
        <time>2026-09-15T12:17:41.000Z</time>
        <speed>1.372</speed>
      </trkpt>
      <trkpt lat="50.5091527" lon="-5.0212596">
        <ele>5.0</ele>
        <time>2026-09-15T12:17:46.000Z</time>
        <speed>1.222</speed>
      </trkpt>
      <trkpt lat="50.5091566" lon="-5.0212590">
        <ele>4.4</ele>
        <time>2026-09-15T12:17:51.000Z</time>
        <speed>0.000</speed>
      </trkpt>
      <trkpt lat="50.5091572" lon="-5.0212595">
        <ele>5.6</ele>
        <time>2026-09-15T12:17:56.000Z</time>
        <speed>0.000</speed>
      </trkpt>
      <trkpt lat="50.5091598" lon="-5.0212610">
        <ele>5.6</ele>
        <time>2026-09-15T12:18:01.000Z</time>
        <speed>0.000</speed>
      </trkpt>
      <trkpt lat="50.5091608" lon="-5.0212619">
        <ele>5.6</ele>
        <time>2026-09-15T12:18:06.000Z</time>
        <speed>0.000</speed>
      </trkpt>
      <trkpt lat="50.5091591" lon="-5.0212622">
        <ele>5.8</ele>
        <time>2026-09-15T12:18:11.000Z</time>
        <speed>0.000</speed>
      </trkpt>
      <trkpt lat="50.5091596" lon="-5.0212627">
        <ele>5.6</ele>
        <time>2026-09-15T12:18:16.000Z</time>
        <speed>0.000</speed>
      </trkpt>
      <trkpt lat="50.5091603" lon="-5.0212632">
        <ele>5.2</ele>
        <time>2026-09-15T12:18:21.000Z</time>
        <speed>0.000</speed>
      </trkpt>
      <trkpt lat="50.5091613" lon="-5.0212634">
        <ele>5.8</ele>
        <time>2026-09-15T12:18:26.000Z</time>
        <speed>0.000</speed>
      </trkpt>
      <trkpt lat="50.5091658" lon="-5.0212577">
        <ele>5.8</ele>
        <time>2026-09-15T12:18:31.000Z</time>
        <speed>0.000</speed>
      </trkpt>
      <trkpt lat="50.5091659" lon="-5.0212574">
        <ele>5.4</ele>
        <time>2026-09-15T12:18:36.000Z</time>
        <speed>0.000</speed>
      </trkpt>
      <trkpt lat="50.5091660" lon="-5.0212583">
        <ele>5.6</ele>
        <time>2026-09-15T12:18:41.000Z</time>
        <speed>0.000</speed>
      </trkpt>
      <trkpt lat="50.5091661" lon="-5.0212596">
        <ele>6.0</ele>
        <time>2026-09-15T12:18:46.000Z</time>
        <speed>0.000</speed>
      </trkpt>
      <trkpt lat="50.5091662" lon="-5.0212607">
        <ele>6.4</ele>
        <time>2026-09-15T12:18:51.000Z</time>
        <speed>0.000</speed>
      </trkpt>
      <trkpt lat="50.5091664" lon="-5.0212617">
        <ele>5.6</ele>
        <time>2026-09-15T12:18:56.000Z</time>
        <speed>0.000</speed>
      </trkpt>
      <trkpt lat="50.5091665" lon="-5.0212626">
        <ele>5.6</ele>
        <time>2026-09-15T12:19:01.000Z</time>
        <speed>0.000</speed>
      </trkpt>
      <trkpt lat="50.5091671" lon="-5.0212656">
        <ele>5.0</ele>
        <time>2026-09-15T12:19:06.000Z</time>
        <speed>0.000</speed>
      </trkpt>
      <trkpt lat="50.5091677" lon="-5.0212686">
        <ele>6.0</ele>
        <time>2026-09-15T12:19:11.000Z</time>
        <speed>0.000</speed>
      </trkpt>
      <trkpt lat="50.5091679" lon="-5.0212713">
        <ele>6.0</ele>
        <time>2026-09-15T12:19:16.000Z</time>
        <speed>0.000</speed>
      </trkpt>
      <trkpt lat="50.5091612" lon="-5.0212607">
        <ele>5.8</ele>
        <time>2026-09-15T12:19:21.000Z</time>
        <speed>0.000</speed>
      </trkpt>
      <trkpt lat="50.5091648" lon="-5.0212661">
        <ele>6.0</ele>
        <time>2026-09-15T12:19:26.000Z</time>
        <speed>0.000</speed>
      </trkpt>
      <trkpt lat="50.5091601" lon="-5.0212650">
        <ele>6.6</ele>
        <time>2026-09-15T12:19:31.000Z</time>
        <speed>0.000</speed>
      </trkpt>
      <trkpt lat="50.5091112" lon="-5.0212670">
        <ele>6.4</ele>
        <time>2026-09-15T12:19:36.000Z</time>
        <speed>0.476</speed>
      </trkpt>
      <trkpt lat="50.5090958" lon="-5.0212794">
        <ele>6.0</ele>
        <time>2026-09-15T12:19:41.000Z</time>
        <speed>0.690</speed>
      </trkpt>
      <trkpt lat="50.5090990" lon="-5.0212646">
        <ele>6.0</ele>
        <time>2026-09-15T12:19:46.000Z</time>
        <speed>0.000</speed>
      </trkpt>
      <trkpt lat="50.5091076" lon="-5.0212586">
        <ele>5.8</ele>
        <time>2026-09-15T12:19:51.000Z</time>
        <speed>0.000</speed>
      </trkpt>
      <trkpt lat="50.5091524" lon="-5.0212622">
        <ele>6.0</ele>
        <time>2026-09-15T12:19:56.000Z</time>
        <speed>0.000</speed>
      </trkpt>
      <trkpt lat="50.5091824" lon="-5.0213084">
        <ele>6.0</ele>
        <time>2026-09-15T12:20:01.000Z</time>
        <speed>0.429</speed>
      </trkpt>
      <trkpt lat="50.5092066" lon="-5.0214016">
        <ele>5.4</ele>
        <time>2026-09-15T12:20:06.000Z</time>
        <speed>1.446</speed>
      </trkpt>
      <trkpt lat="50.5092203" lon="-5.0214886">
        <ele>4.8</ele>
        <time>2026-09-15T12:20:11.000Z</time>
        <speed>1.400</speed>
      </trkpt>
      <trkpt lat="50.5092232" lon="-5.0215689">
        <ele>5.2</ele>
        <time>2026-09-15T12:20:16.000Z</time>
        <speed>1.353</speed>
      </trkpt>
      <trkpt lat="50.5092203" lon="-5.0216501">
        <ele>5.2</ele>
        <time>2026-09-15T12:20:21.000Z</time>
        <speed>1.297</speed>
      </trkpt>
      <trkpt lat="50.5092326" lon="-5.0217170">
        <ele>4.6</ele>
        <time>2026-09-15T12:20:26.000Z</time>
        <speed>1.250</speed>
      </trkpt>
      <trkpt lat="50.5092384" lon="-5.0217792">
        <ele>4.0</ele>
        <time>2026-09-15T12:20:31.000Z</time>
        <speed>0.942</speed>
      </trkpt>
      <trkpt lat="50.5092285" lon="-5.0218366">
        <ele>4.4</ele>
        <time>2026-09-15T12:20:36.000Z</time>
        <speed>0.896</speed>
      </trkpt>
      <trkpt lat="50.5092227" lon="-5.0219144">
        <ele>5.8</ele>
        <time>2026-09-15T12:20:41.000Z</time>
        <speed>0.961</speed>
      </trkpt>
      <trkpt lat="50.5092184" lon="-5.0219987">
        <ele>5.0</ele>
        <time>2026-09-15T12:20:46.000Z</time>
        <speed>1.120</speed>
      </trkpt>
      <trkpt lat="50.5092163" lon="-5.0220459">
        <ele>5.2</ele>
        <time>2026-09-15T12:20:51.000Z</time>
        <speed>1.054</speed>
      </trkpt>
      <trkpt lat="50.5092140" lon="-5.0220984">
        <ele>5.2</ele>
        <time>2026-09-15T12:20:56.000Z</time>
        <speed>0.942</speed>
      </trkpt>
      <trkpt lat="50.5092056" lon="-5.0221684">
        <ele>5.6</ele>
        <time>2026-09-15T12:21:01.000Z</time>
        <speed>0.924</speed>
      </trkpt>
      <trkpt lat="50.5091949" lon="-5.0222361">
        <ele>5.2</ele>
        <time>2026-09-15T12:21:06.000Z</time>
        <speed>1.073</speed>
      </trkpt>
      <trkpt lat="50.5091812" lon="-5.0223038">
        <ele>5.6</ele>
        <time>2026-09-15T12:21:11.000Z</time>
        <speed>1.166</speed>
      </trkpt>
      <trkpt lat="50.5091713" lon="-5.0223756">
        <ele>5.4</ele>
        <time>2026-09-15T12:21:16.000Z</time>
        <speed>1.148</speed>
      </trkpt>
      <trkpt lat="50.5091621" lon="-5.0224533">
        <ele>5.6</ele>
        <time>2026-09-15T12:21:21.000Z</time>
        <speed>1.092</speed>
      </trkpt>
      <trkpt lat="50.5091472" lon="-5.0225263">
        <ele>5.6</ele>
        <time>2026-09-15T12:21:26.000Z</time>
        <speed>1.092</speed>
      </trkpt>
      <trkpt lat="50.5091255" lon="-5.0225962">
        <ele>5.4</ele>
        <time>2026-09-15T12:21:31.000Z</time>
        <speed>1.054</speed>
      </trkpt>
      <trkpt lat="50.5091016" lon="-5.0226649">
        <ele>5.2</ele>
        <time>2026-09-15T12:21:36.000Z</time>
        <speed>1.082</speed>
      </trkpt>
      <trkpt lat="50.5090780" lon="-5.0227334">
        <ele>5.6</ele>
        <time>2026-09-15T12:21:41.000Z</time>
        <speed>1.101</speed>
      </trkpt>
      <trkpt lat="50.5090598" lon="-5.0227942">
        <ele>5.2</ele>
        <time>2026-09-15T12:21:46.000Z</time>
        <speed>1.082</speed>
      </trkpt>
      <trkpt lat="50.5090365" lon="-5.0228423">
        <ele>5.0</ele>
        <time>2026-09-15T12:21:51.000Z</time>
        <speed>1.054</speed>
      </trkpt>
      <trkpt lat="50.5090051" lon="-5.0228986">
        <ele>5.4</ele>
        <time>2026-09-15T12:21:56.000Z</time>
        <speed>1.036</speed>
      </trkpt>
      <trkpt lat="50.5089769" lon="-5.0229475">
        <ele>5.6</ele>
        <time>2026-09-15T12:22:01.000Z</time>
        <speed>1.026</speed>
      </trkpt>
      <trkpt lat="50.5089402" lon="-5.0229934">
        <ele>5.4</ele>
        <time>2026-09-15T12:22:06.000Z</time>
        <speed>1.008</speed>
      </trkpt>
      <trkpt lat="50.5089071" lon="-5.0230462">
        <ele>5.4</ele>
        <time>2026-09-15T12:22:11.000Z</time>
        <speed>0.998</speed>
      </trkpt>
      <trkpt lat="50.5088743" lon="-5.0231024">
        <ele>5.6</ele>
        <time>2026-09-15T12:22:16.000Z</time>
        <speed>1.017</speed>
      </trkpt>
      <trkpt lat="50.5088473" lon="-5.0231682">
        <ele>6.2</ele>
        <time>2026-09-15T12:22:21.000Z</time>
        <speed>1.036</speed>
      </trkpt>
      <trkpt lat="50.5088067" lon="-5.0232067">
        <ele>5.6</ele>
        <time>2026-09-15T12:22:26.000Z</time>
        <speed>1.026</speed>
      </trkpt>
      <trkpt lat="50.5087700" lon="-5.0232376">
        <ele>7.0</ele>
        <time>2026-09-15T12:22:31.000Z</time>
        <speed>1.036</speed>
      </trkpt>
      <trkpt lat="50.5087400" lon="-5.0232409">
        <ele>6.6</ele>
        <time>2026-09-15T12:22:36.000Z</time>
        <speed>0.998</speed>
      </trkpt>
      <trkpt lat="50.5087135" lon="-5.0232084">
        <ele>8.0</ele>
        <time>2026-09-15T12:22:41.000Z</time>
        <speed>0.914</speed>
      </trkpt>
      <trkpt lat="50.5086836" lon="-5.0231621">
        <ele>9.6</ele>
        <time>2026-09-15T12:22:46.000Z</time>
        <speed>0.896</speed>
      </trkpt>
      <trkpt lat="50.5086613" lon="-5.0231080">
        <ele>10.8</ele>
        <time>2026-09-15T12:22:51.000Z</time>
        <speed>0.933</speed>
      </trkpt>
      <trkpt lat="50.5086249" lon="-5.0230761">
        <ele>11.0</ele>
        <time>2026-09-15T12:22:56.000Z</time>
        <speed>0.914</speed>
      </trkpt>
      <trkpt lat="50.5085950" lon="-5.0230260">
        <ele>11.2</ele>
        <time>2026-09-15T12:23:01.000Z</time>
        <speed>0.924</speed>
      </trkpt>
      <trkpt lat="50.5085710" lon="-5.0229734">
        <ele>10.8</ele>
        <time>2026-09-15T12:23:06.000Z</time>
        <speed>0.952</speed>
      </trkpt>
      <trkpt lat="50.5085379" lon="-5.0229354">
        <ele>9.8</ele>
        <time>2026-09-15T12:23:11.000Z</time>
        <speed>0.970</speed>
      </trkpt>
      <trkpt lat="50.5085126" lon="-5.0229169">
        <ele>9.2</ele>
        <time>2026-09-15T12:23:16.000Z</time>
        <speed>0.905</speed>
      </trkpt>
      <trkpt lat="50.5085083" lon="-5.0229162">
        <ele>8.6</ele>
        <time>2026-09-15T12:23:21.000Z</time>
        <speed>0.000</speed>
      </trkpt>
      <trkpt lat="50.5085091" lon="-5.0229176">
        <ele>8.8</ele>
        <time>2026-09-15T12:23:26.000Z</time>
        <speed>0.000</speed>
      </trkpt>
      <trkpt lat="50.5085104" lon="-5.0229213">
        <ele>8.8</ele>
        <time>2026-09-15T12:23:31.000Z</time>
        <speed>0.000</speed>
      </trkpt>
      <trkpt lat="50.5085132" lon="-5.0229261">
        <ele>8.8</ele>
        <time>2026-09-15T12:23:36.000Z</time>
        <speed>0.000</speed>
      </trkpt>
      <trkpt lat="50.5085114" lon="-5.0229249">
        <ele>8.8</ele>
        <time>2026-09-15T12:23:41.000Z</time>
        <speed>0.000</speed>
      </trkpt>
      <trkpt lat="50.5084797" lon="-5.0228870">
        <ele>8.2</ele>
        <time>2026-09-15T12:23:46.000Z</time>
        <speed>0.551</speed>
      </trkpt>
      <trkpt lat="50.5084557" lon="-5.0228132">
        <ele>7.8</ele>
        <time>2026-09-15T12:23:51.000Z</time>
        <speed>0.737</speed>
      </trkpt>
      <trkpt lat="50.5084410" lon="-5.0227200">
        <ele>6.8</ele>
        <time>2026-09-15T12:23:56.000Z</time>
        <speed>1.148</speed>
      </trkpt>
      <trkpt lat="50.5084237" lon="-5.0226409">
        <ele>6.8</ele>
        <time>2026-09-15T12:24:01.000Z</time>
        <speed>1.204</speed>
      </trkpt>
      <trkpt lat="50.5084054" lon="-5.0225869">
        <ele>6.6</ele>
        <time>2026-09-15T12:24:06.000Z</time>
        <speed>1.157</speed>
      </trkpt>
      <trkpt lat="50.5083850" lon="-5.0225129">
        <ele>7.4</ele>
        <time>2026-09-15T12:24:11.000Z</time>
        <speed>1.045</speed>
      </trkpt>
      <trkpt lat="50.5083533" lon="-5.0224350">
        <ele>7.6</ele>
        <time>2026-09-15T12:24:16.000Z</time>
        <speed>1.288</speed>
      </trkpt>
      <trkpt lat="50.5083178" lon="-5.0223796">
        <ele>8.0</ele>
        <time>2026-09-15T12:24:21.000Z</time>
        <speed>1.213</speed>
      </trkpt>
      <trkpt lat="50.5082716" lon="-5.0223116">
        <ele>8.6</ele>
        <time>2026-09-15T12:24:26.000Z</time>
        <speed>1.166</speed>
      </trkpt>
      <trkpt lat="50.5082301" lon="-5.0222630">
        <ele>8.6</ele>
        <time>2026-09-15T12:24:31.000Z</time>
        <speed>1.222</speed>
      </trkpt>
      <trkpt lat="50.5081993" lon="-5.0222083">
        <ele>8.6</ele>
        <time>2026-09-15T12:24:36.000Z</time>
        <speed>1.166</speed>
      </trkpt>
      <trkpt lat="50.5081578" lon="-5.0221485">
        <ele>8.4</ele>
        <time>2026-09-15T12:24:41.000Z</time>
        <speed>1.138</speed>
      </trkpt>
      <trkpt lat="50.5081235" lon="-5.0221131">
        <ele>9.2</ele>
        <time>2026-09-15T12:24:46.000Z</time>
        <speed>1.110</speed>
      </trkpt>
      <trkpt lat="50.5081060" lon="-5.0220374">
        <ele>9.4</ele>
        <time>2026-09-15T12:24:51.000Z</time>
        <speed>1.092</speed>
      </trkpt>
      <trkpt lat="50.5080952" lon="-5.0219435">
        <ele>9.6</ele>
        <time>2026-09-15T12:24:56.000Z</time>
        <speed>1.185</speed>
      </trkpt>
      <trkpt lat="50.5080870" lon="-5.0218580">
        <ele>9.6</ele>
        <time>2026-09-15T12:25:01.000Z</time>
        <speed>1.213</speed>
      </trkpt>
      <trkpt lat="50.5080826" lon="-5.0217689">
        <ele>10.0</ele>
        <time>2026-09-15T12:25:06.000Z</time>
        <speed>1.204</speed>
      </trkpt>
      <trkpt lat="50.5080855" lon="-5.0216854">
        <ele>10.0</ele>
        <time>2026-09-15T12:25:11.000Z</time>
        <speed>1.213</speed>
      </trkpt>
      <trkpt lat="50.5080869" lon="-5.0215985">
        <ele>9.8</ele>
        <time>2026-09-15T12:25:16.000Z</time>
        <speed>1.213</speed>
      </trkpt>
      <trkpt lat="50.5080946" lon="-5.0215134">
        <ele>9.6</ele>
        <time>2026-09-15T12:25:21.000Z</time>
        <speed>1.194</speed>
      </trkpt>
      <trkpt lat="50.5081166" lon="-5.0214487">
        <ele>9.4</ele>
        <time>2026-09-15T12:25:26.000Z</time>
        <speed>1.176</speed>
      </trkpt>
      <trkpt lat="50.5081524" lon="-5.0214006">
        <ele>9.2</ele>
        <time>2026-09-15T12:25:31.000Z</time>
        <speed>1.148</speed>
      </trkpt>
      <trkpt lat="50.5081895" lon="-5.0213808">
        <ele>9.4</ele>
        <time>2026-09-15T12:25:36.000Z</time>
        <speed>1.138</speed>
      </trkpt>
      <trkpt lat="50.5082176" lon="-5.0213849">
        <ele>9.0</ele>
        <time>2026-09-15T12:25:41.000Z</time>
        <speed>0.942</speed>
      </trkpt>
      <trkpt lat="50.5082206" lon="-5.0213956">
        <ele>8.8</ele>
        <time>2026-09-15T12:25:46.000Z</time>
        <speed>0.756</speed>
      </trkpt>
      <trkpt lat="50.5082178" lon="-5.0213964">
        <ele>8.8</ele>
        <time>2026-09-15T12:25:51.000Z</time>
        <speed>0.000</speed>
      </trkpt>
      <trkpt lat="50.5082167" lon="-5.0213953">
        <ele>9.2</ele>
        <time>2026-09-15T12:25:56.000Z</time>
        <speed>0.000</speed>
      </trkpt>
      <trkpt lat="50.5082154" lon="-5.0213944">
        <ele>8.8</ele>
        <time>2026-09-15T12:26:01.000Z</time>
        <speed>0.000</speed>
      </trkpt>
      <trkpt lat="50.5082139" lon="-5.0213928">
        <ele>8.6</ele>
        <time>2026-09-15T12:26:06.000Z</time>
        <speed>0.000</speed>
      </trkpt>
      <trkpt lat="50.5082138" lon="-5.0213692">
        <ele>8.8</ele>
        <time>2026-09-15T12:26:11.000Z</time>
        <speed>0.000</speed>
      </trkpt>
      <trkpt lat="50.5082404" lon="-5.0213253">
        <ele>8.6</ele>
        <time>2026-09-15T12:26:16.000Z</time>
        <speed>0.345</speed>
      </trkpt>
      <trkpt lat="50.5082879" lon="-5.0213037">
        <ele>8.6</ele>
        <time>2026-09-15T12:26:21.000Z</time>
        <speed>0.000</speed>
      </trkpt>
      <trkpt lat="50.5083154" lon="-5.0213153">
        <ele>9.0</ele>
        <time>2026-09-15T12:26:26.000Z</time>
        <speed>0.924</speed>
      </trkpt>
      <trkpt lat="50.5083018" lon="-5.0213123">
        <ele>8.8</ele>
        <time>2026-09-15T12:26:31.000Z</time>
        <speed>0.756</speed>
      </trkpt>
      <trkpt lat="50.5082765" lon="-5.0212917">
        <ele>9.0</ele>
        <time>2026-09-15T12:26:36.000Z</time>
        <speed>0.840</speed>
      </trkpt>
      <trkpt lat="50.5082641" lon="-5.0212902">
        <ele>9.0</ele>
        <time>2026-09-15T12:26:41.000Z</time>
        <speed>0.653</speed>
      </trkpt>
      <trkpt lat="50.5082403" lon="-5.0212834">
        <ele>9.2</ele>
        <time>2026-09-15T12:26:46.000Z</time>
        <speed>0.551</speed>
      </trkpt>
      <trkpt lat="50.5082021" lon="-5.0212887">
        <ele>9.0</ele>
        <time>2026-09-15T12:26:51.000Z</time>
        <speed>0.700</speed>
      </trkpt>
      <trkpt lat="50.5081922" lon="-5.0212933">
        <ele>8.6</ele>
        <time>2026-09-15T12:26:56.000Z</time>
        <speed>0.616</speed>
      </trkpt>
      <trkpt lat="50.5081923" lon="-5.0212902">
        <ele>8.2</ele>
        <time>2026-09-15T12:27:01.000Z</time>
        <speed>0.000</speed>
      </trkpt>
      <trkpt lat="50.5081853" lon="-5.0212895">
        <ele>8.2</ele>
        <time>2026-09-15T12:27:06.000Z</time>
        <speed>0.000</speed>
      </trkpt>
      <trkpt lat="50.5081828" lon="-5.0212926">
        <ele>8.2</ele>
        <time>2026-09-15T12:27:11.000Z</time>
        <speed>0.000</speed>
      </trkpt>
      <trkpt lat="50.5081822" lon="-5.0212948">
        <ele>8.4</ele>
        <time>2026-09-15T12:27:16.000Z</time>
        <speed>0.000</speed>
      </trkpt>
      <trkpt lat="50.5081817" lon="-5.0212967">
        <ele>8.2</ele>
        <time>2026-09-15T12:27:21.000Z</time>
        <speed>0.000</speed>
      </trkpt>
      <trkpt lat="50.5081811" lon="-5.0212975">
        <ele>8.6</ele>
        <time>2026-09-15T12:27:26.000Z</time>
        <speed>0.000</speed>
      </trkpt>
      <trkpt lat="50.5081800" lon="-5.0212943">
        <ele>8.2</ele>
        <time>2026-09-15T12:27:31.000Z</time>
        <speed>0.000</speed>
      </trkpt>
      <trkpt lat="50.5081759" lon="-5.0212969">
        <ele>8.6</ele>
        <time>2026-09-15T12:27:36.000Z</time>
        <speed>0.000</speed>
      </trkpt>
      <trkpt lat="50.5081750" lon="-5.0212968">
        <ele>8.2</ele>
        <time>2026-09-15T12:27:41.000Z</time>
        <speed>0.000</speed>
      </trkpt>
      <trkpt lat="50.5081743" lon="-5.0212967">
        <ele>8.6</ele>
        <time>2026-09-15T12:27:46.000Z</time>
        <speed>0.000</speed>
      </trkpt>
      <trkpt lat="50.5081735" lon="-5.0212972">
        <ele>8.6</ele>
        <time>2026-09-15T12:27:51.000Z</time>
        <speed>0.000</speed>
      </trkpt>
      <trkpt lat="50.5081733" lon="-5.0213069">
        <ele>8.4</ele>
        <time>2026-09-15T12:27:56.000Z</time>
        <speed>0.000</speed>
      </trkpt>
      <trkpt lat="50.5081742" lon="-5.0213097">
        <ele>8.8</ele>
        <time>2026-09-15T12:28:01.000Z</time>
        <speed>0.000</speed>
      </trkpt>
      <trkpt lat="50.5081738" lon="-5.0213091">
        <ele>8.8</ele>
        <time>2026-09-15T12:28:06.000Z</time>
        <speed>0.000</speed>
      </trkpt>
      <trkpt lat="50.5081734" lon="-5.0213083">
        <ele>8.8</ele>
        <time>2026-09-15T12:28:11.000Z</time>
        <speed>0.000</speed>
      </trkpt>
      <trkpt lat="50.5081733" lon="-5.0213088">
        <ele>8.8</ele>
        <time>2026-09-15T12:28:16.000Z</time>
        <speed>0.000</speed>
      </trkpt>
      <trkpt lat="50.5081731" lon="-5.0213113">
        <ele>8.8</ele>
        <time>2026-09-15T12:28:21.000Z</time>
        <speed>0.000</speed>
      </trkpt>
      <trkpt lat="50.5081696" lon="-5.0213243">
        <ele>8.8</ele>
        <time>2026-09-15T12:28:26.000Z</time>
        <speed>0.000</speed>
      </trkpt>
      <trkpt lat="50.5081574" lon="-5.0213519">
        <ele>9.4</ele>
        <time>2026-09-15T12:28:31.000Z</time>
        <speed>0.000</speed>
      </trkpt>
      <trkpt lat="50.5081560" lon="-5.0213535">
        <ele>9.4</ele>
        <time>2026-09-15T12:28:36.000Z</time>
        <speed>0.000</speed>
      </trkpt>
      <trkpt lat="50.5081561" lon="-5.0213542">
        <ele>9.2</ele>
        <time>2026-09-15T12:28:41.000Z</time>
        <speed>0.000</speed>
      </trkpt>
      <trkpt lat="50.5081573" lon="-5.0213555">
        <ele>9.2</ele>
        <time>2026-09-15T12:28:46.000Z</time>
        <speed>0.000</speed>
      </trkpt>
      <trkpt lat="50.5081579" lon="-5.0213562">
        <ele>9.2</ele>
        <time>2026-09-15T12:28:51.000Z</time>
        <speed>0.000</speed>
      </trkpt>
      <trkpt lat="50.5081571" lon="-5.0213570">
        <ele>9.2</ele>
        <time>2026-09-15T12:28:56.000Z</time>
        <speed>0.000</speed>
      </trkpt>
      <trkpt lat="50.5081351" lon="-5.0213741">
        <ele>9.2</ele>
        <time>2026-09-15T12:29:01.000Z</time>
        <speed>0.000</speed>
      </trkpt>
      <trkpt lat="50.5080994" lon="-5.0214415">
        <ele>10.4</ele>
        <time>2026-09-15T12:29:06.000Z</time>
        <speed>1.316</speed>
      </trkpt>
      <trkpt lat="50.5080855" lon="-5.0215176">
        <ele>9.8</ele>
        <time>2026-09-15T12:29:11.000Z</time>
        <speed>1.222</speed>
      </trkpt>
      <trkpt lat="50.5080865" lon="-5.0216046">
        <ele>9.2</ele>
        <time>2026-09-15T12:29:16.000Z</time>
        <speed>1.232</speed>
      </trkpt>
      <trkpt lat="50.5080923" lon="-5.0216918">
        <ele>9.8</ele>
        <time>2026-09-15T12:29:21.000Z</time>
        <speed>1.241</speed>
      </trkpt>
      <trkpt lat="50.5080957" lon="-5.0217598">
        <ele>9.6</ele>
        <time>2026-09-15T12:29:26.000Z</time>
        <speed>1.241</speed>
      </trkpt>
      <trkpt lat="50.5081004" lon="-5.0218422">
        <ele>9.8</ele>
        <time>2026-09-15T12:29:31.000Z</time>
        <speed>1.213</speed>
      </trkpt>
      <trkpt lat="50.5081074" lon="-5.0219248">
        <ele>9.6</ele>
        <time>2026-09-15T12:29:36.000Z</time>
        <speed>1.232</speed>
      </trkpt>
      <trkpt lat="50.5081163" lon="-5.0220168">
        <ele>9.2</ele>
        <time>2026-09-15T12:29:41.000Z</time>
        <speed>1.250</speed>
      </trkpt>
      <trkpt lat="50.5081481" lon="-5.0220960">
        <ele>9.0</ele>
        <time>2026-09-15T12:29:46.000Z</time>
        <speed>1.250</speed>
      </trkpt>
      <trkpt lat="50.5081921" lon="-5.0221611">
        <ele>9.6</ele>
        <time>2026-09-15T12:29:51.000Z</time>
        <speed>1.278</speed>
      </trkpt>
      <trkpt lat="50.5082363" lon="-5.0222169">
        <ele>9.4</ele>
        <time>2026-09-15T12:29:56.000Z</time>
        <speed>1.288</speed>
      </trkpt>
      <trkpt lat="50.5082692" lon="-5.0222819">
        <ele>8.8</ele>
        <time>2026-09-15T12:30:01.000Z</time>
        <speed>1.288</speed>
      </trkpt>
      <trkpt lat="50.5083030" lon="-5.0223620">
        <ele>8.6</ele>
        <time>2026-09-15T12:30:06.000Z</time>
        <speed>1.269</speed>
      </trkpt>
      <trkpt lat="50.5083414" lon="-5.0224360">
        <ele>9.2</ele>
        <time>2026-09-15T12:30:11.000Z</time>
        <speed>1.278</speed>
      </trkpt>
      <trkpt lat="50.5083849" lon="-5.0225057">
        <ele>8.4</ele>
        <time>2026-09-15T12:30:16.000Z</time>
        <speed>1.297</speed>
      </trkpt>
      <trkpt lat="50.5084129" lon="-5.0225781">
        <ele>7.8</ele>
        <time>2026-09-15T12:30:21.000Z</time>
        <speed>1.288</speed>
      </trkpt>
      <trkpt lat="50.5084343" lon="-5.0226564">
        <ele>7.8</ele>
        <time>2026-09-15T12:30:26.000Z</time>
        <speed>1.269</speed>
      </trkpt>
      <trkpt lat="50.5084581" lon="-5.0227501">
        <ele>7.6</ele>
        <time>2026-09-15T12:30:31.000Z</time>
        <speed>1.297</speed>
      </trkpt>
      <trkpt lat="50.5084733" lon="-5.0228246">
        <ele>7.8</ele>
        <time>2026-09-15T12:30:36.000Z</time>
        <speed>1.288</speed>
      </trkpt>
      <trkpt lat="50.5084812" lon="-5.0228886">
        <ele>8.2</ele>
        <time>2026-09-15T12:30:41.000Z</time>
        <speed>1.241</speed>
      </trkpt>
      <trkpt lat="50.5084771" lon="-5.0229629">
        <ele>8.8</ele>
        <time>2026-09-15T12:30:46.000Z</time>
        <speed>1.148</speed>
      </trkpt>
      <trkpt lat="50.5084626" lon="-5.0230416">
        <ele>9.0</ele>
        <time>2026-09-15T12:30:51.000Z</time>
        <speed>1.157</speed>
      </trkpt>
      <trkpt lat="50.5084574" lon="-5.0231164">
        <ele>9.0</ele>
        <time>2026-09-15T12:30:56.000Z</time>
        <speed>1.176</speed>
      </trkpt>
      <trkpt lat="50.5084464" lon="-5.0231971">
        <ele>9.0</ele>
        <time>2026-09-15T12:31:01.000Z</time>
        <speed>1.110</speed>
      </trkpt>
      <trkpt lat="50.5084350" lon="-5.0232668">
        <ele>9.8</ele>
        <time>2026-09-15T12:31:06.000Z</time>
        <speed>1.129</speed>
      </trkpt>
      <trkpt lat="50.5084283" lon="-5.0233380">
        <ele>10.2</ele>
        <time>2026-09-15T12:31:11.000Z</time>
        <speed>1.082</speed>
      </trkpt>
      <trkpt lat="50.5084300" lon="-5.0233990">
        <ele>10.4</ele>
        <time>2026-09-15T12:31:16.000Z</time>
        <speed>1.064</speed>
      </trkpt>
      <trkpt lat="50.5084080" lon="-5.0234152">
        <ele>10.2</ele>
        <time>2026-09-15T12:31:21.000Z</time>
        <speed>0.942</speed>
      </trkpt>
      <trkpt lat="50.5083684" lon="-5.0234218">
        <ele>10.0</ele>
        <time>2026-09-15T12:31:26.000Z</time>
        <speed>0.896</speed>
      </trkpt>
      <trkpt lat="50.5083424" lon="-5.0234781">
        <ele>9.2</ele>
        <time>2026-09-15T12:31:31.000Z</time>
        <speed>1.036</speed>
      </trkpt>
      <trkpt lat="50.5083391" lon="-5.0235580">
        <ele>9.2</ele>
        <time>2026-09-15T12:31:36.000Z</time>
        <speed>1.101</speed>
      </trkpt>
      <trkpt lat="50.5083220" lon="-5.0236320">
        <ele>8.6</ele>
        <time>2026-09-15T12:31:41.000Z</time>
        <speed>1.138</speed>
      </trkpt>
      <trkpt lat="50.5083171" lon="-5.0237178">
        <ele>8.6</ele>
        <time>2026-09-15T12:31:46.000Z</time>
        <speed>1.101</speed>
      </trkpt>
      <trkpt lat="50.5083103" lon="-5.0237873">
        <ele>9.4</ele>
        <time>2026-09-15T12:31:51.000Z</time>
        <speed>1.101</speed>
      </trkpt>
      <trkpt lat="50.5083006" lon="-5.0238477">
        <ele>10.4</ele>
        <time>2026-09-15T12:31:56.000Z</time>
        <speed>0.924</speed>
      </trkpt>
      <trkpt lat="50.5083206" lon="-5.0239125">
        <ele>11.0</ele>
        <time>2026-09-15T12:32:01.000Z</time>
        <speed>0.849</speed>
      </trkpt>
      <trkpt lat="50.5083382" lon="-5.0239591">
        <ele>11.0</ele>
        <time>2026-09-15T12:32:06.000Z</time>
        <speed>0.886</speed>
      </trkpt>
      <trkpt lat="50.5083423" lon="-5.0240134">
        <ele>11.6</ele>
        <time>2026-09-15T12:32:11.000Z</time>
        <speed>0.924</speed>
      </trkpt>
      <trkpt lat="50.5083464" lon="-5.0240916">
        <ele>12.0</ele>
        <time>2026-09-15T12:32:16.000Z</time>
        <speed>0.914</speed>
      </trkpt>
      <trkpt lat="50.5083458" lon="-5.0241679">
        <ele>12.2</ele>
        <time>2026-09-15T12:32:21.000Z</time>
        <speed>1.008</speed>
      </trkpt>
      <trkpt lat="50.5083473" lon="-5.0242442">
        <ele>12.4</ele>
        <time>2026-09-15T12:32:26.000Z</time>
        <speed>1.045</speed>
      </trkpt>
      <trkpt lat="50.5083651" lon="-5.0243336">
        <ele>13.0</ele>
        <time>2026-09-15T12:32:31.000Z</time>
        <speed>1.054</speed>
      </trkpt>
      <trkpt lat="50.5083926" lon="-5.0244024">
        <ele>12.8</ele>
        <time>2026-09-15T12:32:36.000Z</time>
        <speed>1.138</speed>
      </trkpt>
      <trkpt lat="50.5084301" lon="-5.0244687">
        <ele>12.4</ele>
        <time>2026-09-15T12:32:41.000Z</time>
        <speed>1.166</speed>
      </trkpt>
      <trkpt lat="50.5084619" lon="-5.0245441">
        <ele>12.0</ele>
        <time>2026-09-15T12:32:46.000Z</time>
        <speed>1.204</speed>
      </trkpt>
      <trkpt lat="50.5084932" lon="-5.0246164">
        <ele>11.6</ele>
        <time>2026-09-15T12:32:51.000Z</time>
        <speed>1.222</speed>
      </trkpt>
      <trkpt lat="50.5085194" lon="-5.0246953">
        <ele>11.4</ele>
        <time>2026-09-15T12:32:56.000Z</time>
        <speed>1.241</speed>
      </trkpt>
      <trkpt lat="50.5085328" lon="-5.0247657">
        <ele>11.4</ele>
        <time>2026-09-15T12:33:01.000Z</time>
        <speed>1.204</speed>
      </trkpt>
      <trkpt lat="50.5085527" lon="-5.0248650">
        <ele>11.6</ele>
        <time>2026-09-15T12:33:06.000Z</time>
        <speed>1.250</speed>
      </trkpt>
      <trkpt lat="50.5085713" lon="-5.0249437">
        <ele>11.2</ele>
        <time>2026-09-15T12:33:11.000Z</time>
        <speed>1.260</speed>
      </trkpt>
      <trkpt lat="50.5085797" lon="-5.0250360">
        <ele>10.8</ele>
        <time>2026-09-15T12:33:16.000Z</time>
        <speed>1.204</speed>
      </trkpt>
      <trkpt lat="50.5085950" lon="-5.0251307">
        <ele>11.6</ele>
        <time>2026-09-15T12:33:21.000Z</time>
        <speed>1.204</speed>
      </trkpt>
      <trkpt lat="50.5086112" lon="-5.0252028">
        <ele>11.8</ele>
        <time>2026-09-15T12:33:26.000Z</time>
        <speed>1.269</speed>
      </trkpt>
      <trkpt lat="50.5086240" lon="-5.0252846">
        <ele>11.6</ele>
        <time>2026-09-15T12:33:31.000Z</time>
        <speed>1.232</speed>
      </trkpt>
      <trkpt lat="50.5086355" lon="-5.0253683">
        <ele>12.4</ele>
        <time>2026-09-15T12:33:36.000Z</time>
        <speed>1.213</speed>
      </trkpt>
      <trkpt lat="50.5086468" lon="-5.0254384">
        <ele>12.0</ele>
        <time>2026-09-15T12:33:41.000Z</time>
        <speed>1.204</speed>
      </trkpt>
      <trkpt lat="50.5086518" lon="-5.0255016">
        <ele>12.2</ele>
        <time>2026-09-15T12:33:46.000Z</time>
        <speed>1.120</speed>
      </trkpt>
      <trkpt lat="50.5086599" lon="-5.0255730">
        <ele>12.4</ele>
        <time>2026-09-15T12:33:51.000Z</time>
        <speed>1.082</speed>
      </trkpt>
      <trkpt lat="50.5086720" lon="-5.0256503">
        <ele>12.8</ele>
        <time>2026-09-15T12:33:56.000Z</time>
        <speed>1.082</speed>
      </trkpt>
      <trkpt lat="50.5086878" lon="-5.0257288">
        <ele>12.8</ele>
        <time>2026-09-15T12:34:01.000Z</time>
        <speed>1.092</speed>
      </trkpt>
      <trkpt lat="50.5087127" lon="-5.0257819">
        <ele>12.6</ele>
        <time>2026-09-15T12:34:06.000Z</time>
        <speed>1.064</speed>
      </trkpt>
      <trkpt lat="50.5087426" lon="-5.0258501">
        <ele>11.4</ele>
        <time>2026-09-15T12:34:11.000Z</time>
        <speed>1.026</speed>
      </trkpt>
      <trkpt lat="50.5087723" lon="-5.0259284">
        <ele>11.2</ele>
        <time>2026-09-15T12:34:16.000Z</time>
        <speed>1.194</speed>
      </trkpt>
      <trkpt lat="50.5088059" lon="-5.0260067">
        <ele>10.8</ele>
        <time>2026-09-15T12:34:21.000Z</time>
        <speed>1.157</speed>
      </trkpt>
      <trkpt lat="50.5088360" lon="-5.0260925">
        <ele>10.6</ele>
        <time>2026-09-15T12:34:26.000Z</time>
        <speed>1.232</speed>
      </trkpt>
      <trkpt lat="50.5088620" lon="-5.0261786">
        <ele>10.8</ele>
        <time>2026-09-15T12:34:31.000Z</time>
        <speed>1.278</speed>
      </trkpt>
      <trkpt lat="50.5088893" lon="-5.0262568">
        <ele>10.8</ele>
        <time>2026-09-15T12:34:36.000Z</time>
        <speed>1.250</speed>
      </trkpt>
      <trkpt lat="50.5089090" lon="-5.0263543">
        <ele>11.2</ele>
        <time>2026-09-15T12:34:41.000Z</time>
        <speed>1.269</speed>
      </trkpt>
      <trkpt lat="50.5089256" lon="-5.0264345">
        <ele>12.4</ele>
        <time>2026-09-15T12:34:46.000Z</time>
        <speed>1.288</speed>
      </trkpt>
      <trkpt lat="50.5089370" lon="-5.0265244">
        <ele>12.8</ele>
        <time>2026-09-15T12:34:51.000Z</time>
        <speed>1.288</speed>
      </trkpt>
      <trkpt lat="50.5089484" lon="-5.0265910">
        <ele>12.8</ele>
        <time>2026-09-15T12:34:56.000Z</time>
        <speed>1.250</speed>
      </trkpt>
      <trkpt lat="50.5089655" lon="-5.0266713">
        <ele>13.4</ele>
        <time>2026-09-15T12:35:01.000Z</time>
        <speed>1.232</speed>
      </trkpt>
      <trkpt lat="50.5089822" lon="-5.0267453">
        <ele>14.0</ele>
        <time>2026-09-15T12:35:06.000Z</time>
        <speed>1.138</speed>
      </trkpt>
      <trkpt lat="50.5089967" lon="-5.0268202">
        <ele>14.4</ele>
        <time>2026-09-15T12:35:11.000Z</time>
        <speed>1.157</speed>
      </trkpt>
      <trkpt lat="50.5090113" lon="-5.0269007">
        <ele>14.4</ele>
        <time>2026-09-15T12:35:16.000Z</time>
        <speed>1.120</speed>
      </trkpt>
      <trkpt lat="50.5090203" lon="-5.0269863">
        <ele>15.2</ele>
        <time>2026-09-15T12:35:21.000Z</time>
        <speed>1.129</speed>
      </trkpt>
      <trkpt lat="50.5090281" lon="-5.0270570">
        <ele>15.4</ele>
        <time>2026-09-15T12:35:26.000Z</time>
        <speed>1.148</speed>
      </trkpt>
      <trkpt lat="50.5090434" lon="-5.0271386">
        <ele>15.4</ele>
        <time>2026-09-15T12:35:31.000Z</time>
        <speed>1.148</speed>
      </trkpt>
      <trkpt lat="50.5090696" lon="-5.0272088">
        <ele>15.2</ele>
        <time>2026-09-15T12:35:36.000Z</time>
        <speed>1.157</speed>
      </trkpt>
      <trkpt lat="50.5090987" lon="-5.0272861">
        <ele>14.2</ele>
        <time>2026-09-15T12:35:41.000Z</time>
        <speed>1.166</speed>
      </trkpt>
      <trkpt lat="50.5091274" lon="-5.0273618">
        <ele>14.4</ele>
        <time>2026-09-15T12:35:46.000Z</time>
        <speed>1.176</speed>
      </trkpt>
      <trkpt lat="50.5091420" lon="-5.0274392">
        <ele>15.4</ele>
        <time>2026-09-15T12:35:51.000Z</time>
        <speed>1.176</speed>
      </trkpt>
      <trkpt lat="50.5091300" lon="-5.0275126">
        <ele>15.8</ele>
        <time>2026-09-15T12:35:56.000Z</time>
        <speed>1.129</speed>
      </trkpt>
      <trkpt lat="50.5091151" lon="-5.0276120">
        <ele>17.2</ele>
        <time>2026-09-15T12:36:01.000Z</time>
        <speed>1.194</speed>
      </trkpt>
      <trkpt lat="50.5090974" lon="-5.0277152">
        <ele>18.6</ele>
        <time>2026-09-15T12:36:06.000Z</time>
        <speed>1.269</speed>
      </trkpt>
      <trkpt lat="50.5090785" lon="-5.0278073">
        <ele>18.6</ele>
        <time>2026-09-15T12:36:11.000Z</time>
        <speed>1.297</speed>
      </trkpt>
      <trkpt lat="50.5090676" lon="-5.0279006">
        <ele>19.2</ele>
        <time>2026-09-15T12:36:16.000Z</time>
        <speed>1.344</speed>
      </trkpt>
      <trkpt lat="50.5090470" lon="-5.0279878">
        <ele>19.6</ele>
        <time>2026-09-15T12:36:21.000Z</time>
        <speed>1.316</speed>
      </trkpt>
      <trkpt lat="50.5090094" lon="-5.0280558">
        <ele>21.4</ele>
        <time>2026-09-15T12:36:26.000Z</time>
        <speed>1.325</speed>
      </trkpt>
      <trkpt lat="50.5089696" lon="-5.0281264">
        <ele>21.2</ele>
        <time>2026-09-15T12:36:31.000Z</time>
        <speed>1.325</speed>
      </trkpt>
      <trkpt lat="50.5089504" lon="-5.0282255">
        <ele>22.0</ele>
        <time>2026-09-15T12:36:36.000Z</time>
        <speed>1.334</speed>
      </trkpt>
      <trkpt lat="50.5089381" lon="-5.0283243">
        <ele>21.4</ele>
        <time>2026-09-15T12:36:41.000Z</time>
        <speed>1.344</speed>
      </trkpt>
      <trkpt lat="50.5089353" lon="-5.0284188">
        <ele>21.0</ele>
        <time>2026-09-15T12:36:46.000Z</time>
        <speed>1.353</speed>
      </trkpt>
      <trkpt lat="50.5089261" lon="-5.0285146">
        <ele>20.8</ele>
        <time>2026-09-15T12:36:51.000Z</time>
        <speed>1.372</speed>
      </trkpt>
      <trkpt lat="50.5089126" lon="-5.0286092">
        <ele>19.8</ele>
        <time>2026-09-15T12:36:56.000Z</time>
        <speed>1.353</speed>
      </trkpt>
      <trkpt lat="50.5088977" lon="-5.0287148">
        <ele>19.8</ele>
        <time>2026-09-15T12:37:01.000Z</time>
        <speed>1.362</speed>
      </trkpt>
      <trkpt lat="50.5088798" lon="-5.0288151">
        <ele>20.8</ele>
        <time>2026-09-15T12:37:06.000Z</time>
        <speed>1.362</speed>
      </trkpt>
      <trkpt lat="50.5088629" lon="-5.0289197">
        <ele>20.8</ele>
        <time>2026-09-15T12:37:11.000Z</time>
        <speed>1.400</speed>
      </trkpt>
      <trkpt lat="50.5088453" lon="-5.0290080">
        <ele>20.2</ele>
        <time>2026-09-15T12:37:16.000Z</time>
        <speed>1.400</speed>
      </trkpt>
      <trkpt lat="50.5088223" lon="-5.0290993">
        <ele>19.4</ele>
        <time>2026-09-15T12:37:21.000Z</time>
        <speed>1.400</speed>
      </trkpt>
      <trkpt lat="50.5087916" lon="-5.0291713">
        <ele>19.0</ele>
        <time>2026-09-15T12:37:26.000Z</time>
        <speed>1.409</speed>
      </trkpt>
      <trkpt lat="50.5087422" lon="-5.0292120">
        <ele>18.0</ele>
        <time>2026-09-15T12:37:31.000Z</time>
        <speed>1.400</speed>
      </trkpt>
      <trkpt lat="50.5086886" lon="-5.0292095">
        <ele>17.4</ele>
        <time>2026-09-15T12:37:36.000Z</time>
        <speed>1.400</speed>
      </trkpt>
      <trkpt lat="50.5086369" lon="-5.0291911">
        <ele>16.0</ele>
        <time>2026-09-15T12:37:41.000Z</time>
        <speed>1.381</speed>
      </trkpt>
      <trkpt lat="50.5085893" lon="-5.0291972">
        <ele>15.8</ele>
        <time>2026-09-15T12:37:46.000Z</time>
        <speed>1.362</speed>
      </trkpt>
      <trkpt lat="50.5085682" lon="-5.0292223">
        <ele>15.2</ele>
        <time>2026-09-15T12:37:51.000Z</time>
        <speed>1.278</speed>
      </trkpt>
      <trkpt lat="50.5085499" lon="-5.0292151">
        <ele>13.4</ele>
        <time>2026-09-15T12:37:56.000Z</time>
        <speed>1.110</speed>
      </trkpt>
      <trkpt lat="50.5085226" lon="-5.0291911">
        <ele>13.6</ele>
        <time>2026-09-15T12:38:01.000Z</time>
        <speed>0.000</speed>
      </trkpt>
      <trkpt lat="50.5085078" lon="-5.0291819">
        <ele>14.0</ele>
        <time>2026-09-15T12:38:06.000Z</time>
        <speed>0.000</speed>
      </trkpt>
      <trkpt lat="50.5084645" lon="-5.0291799">
        <ele>14.0</ele>
        <time>2026-09-15T12:38:11.000Z</time>
        <speed>0.299</speed>
      </trkpt>
      <trkpt lat="50.5084739" lon="-5.0292339">
        <ele>14.0</ele>
        <time>2026-09-15T12:38:16.000Z</time>
        <speed>0.989</speed>
      </trkpt>
      <trkpt lat="50.5084967" lon="-5.0292979">
        <ele>14.8</ele>
        <time>2026-09-15T12:38:21.000Z</time>
        <speed>1.017</speed>
      </trkpt>
      <trkpt lat="50.5085190" lon="-5.0293710">
        <ele>16.2</ele>
        <time>2026-09-15T12:38:26.000Z</time>
        <speed>1.148</speed>
      </trkpt>
      <trkpt lat="50.5085410" lon="-5.0294489">
        <ele>17.2</ele>
        <time>2026-09-15T12:38:31.000Z</time>
        <speed>1.166</speed>
      </trkpt>
      <trkpt lat="50.5085521" lon="-5.0295410">
        <ele>18.2</ele>
        <time>2026-09-15T12:38:36.000Z</time>
        <speed>1.241</speed>
      </trkpt>
      <trkpt lat="50.5085485" lon="-5.0296249">
        <ele>19.0</ele>
        <time>2026-09-15T12:38:41.000Z</time>
        <speed>1.250</speed>
      </trkpt>
      <trkpt lat="50.5085293" lon="-5.0297038">
        <ele>19.8</ele>
        <time>2026-09-15T12:38:46.000Z</time>
        <speed>1.194</speed>
      </trkpt>
      <trkpt lat="50.5085154" lon="-5.0297947">
        <ele>20.4</ele>
        <time>2026-09-15T12:38:51.000Z</time>
        <speed>1.269</speed>
      </trkpt>
      <trkpt lat="50.5085017" lon="-5.0298778">
        <ele>21.4</ele>
        <time>2026-09-15T12:38:56.000Z</time>
        <speed>1.278</speed>
      </trkpt>
      <trkpt lat="50.5084853" lon="-5.0299573">
        <ele>21.2</ele>
        <time>2026-09-15T12:39:01.000Z</time>
        <speed>1.269</speed>
      </trkpt>
      <trkpt lat="50.5084695" lon="-5.0300392">
        <ele>21.0</ele>
        <time>2026-09-15T12:39:06.000Z</time>
        <speed>1.250</speed>
      </trkpt>
      <trkpt lat="50.5084705" lon="-5.0301295">
        <ele>20.4</ele>
        <time>2026-09-15T12:39:11.000Z</time>
        <speed>1.278</speed>
      </trkpt>
      <trkpt lat="50.5084829" lon="-5.0302067">
        <ele>19.6</ele>
        <time>2026-09-15T12:39:16.000Z</time>
        <speed>1.278</speed>
      </trkpt>
      <trkpt lat="50.5085100" lon="-5.0302980">
        <ele>21.2</ele>
        <time>2026-09-15T12:39:21.000Z</time>
        <speed>1.278</speed>
      </trkpt>
      <trkpt lat="50.5085404" lon="-5.0303738">
        <ele>20.6</ele>
        <time>2026-09-15T12:39:26.000Z</time>
        <speed>1.297</speed>
      </trkpt>
      <trkpt lat="50.5085603" lon="-5.0304460">
        <ele>20.4</ele>
        <time>2026-09-15T12:39:31.000Z</time>
        <speed>1.288</speed>
      </trkpt>
      <trkpt lat="50.5085718" lon="-5.0304592">
        <ele>20.8</ele>
        <time>2026-09-15T12:39:36.000Z</time>
        <speed>1.213</speed>
      </trkpt>
      <trkpt lat="50.5085719" lon="-5.0304592">
        <ele>20.6</ele>
        <time>2026-09-15T12:39:41.000Z</time>
        <speed>0.000</speed>
      </trkpt>
      <trkpt lat="50.5085716" lon="-5.0304595">
        <ele>20.6</ele>
        <time>2026-09-15T12:39:46.000Z</time>
        <speed>0.000</speed>
      </trkpt>
      <trkpt lat="50.5085711" lon="-5.0304598">
        <ele>20.4</ele>
        <time>2026-09-15T12:39:51.000Z</time>
        <speed>0.000</speed>
      </trkpt>
      <trkpt lat="50.5085733" lon="-5.0304600">
        <ele>20.6</ele>
        <time>2026-09-15T12:39:56.000Z</time>
        <speed>0.000</speed>
      </trkpt>
      <trkpt lat="50.5085746" lon="-5.0304535">
        <ele>20.6</ele>
        <time>2026-09-15T12:40:01.000Z</time>
        <speed>0.000</speed>
      </trkpt>
      <trkpt lat="50.5085727" lon="-5.0304535">
        <ele>20.8</ele>
        <time>2026-09-15T12:40:06.000Z</time>
        <speed>0.000</speed>
      </trkpt>
      <trkpt lat="50.5085707" lon="-5.0304570">
        <ele>21.4</ele>
        <time>2026-09-15T12:40:11.000Z</time>
        <speed>0.000</speed>
      </trkpt>
      <trkpt lat="50.5085678" lon="-5.0304609">
        <ele>20.6</ele>
        <time>2026-09-15T12:40:16.000Z</time>
        <speed>0.000</speed>
      </trkpt>
      <trkpt lat="50.5085661" lon="-5.0304611">
        <ele>20.4</ele>
        <time>2026-09-15T12:40:21.000Z</time>
        <speed>0.000</speed>
      </trkpt>
      <trkpt lat="50.5085681" lon="-5.0304584">
        <ele>20.6</ele>
        <time>2026-09-15T12:40:26.000Z</time>
        <speed>0.000</speed>
      </trkpt>
      <trkpt lat="50.5085719" lon="-5.0304556">
        <ele>20.6</ele>
        <time>2026-09-15T12:40:31.000Z</time>
        <speed>0.000</speed>
      </trkpt>
      <trkpt lat="50.5085753" lon="-5.0304527">
        <ele>20.0</ele>
        <time>2026-09-15T12:40:36.000Z</time>
        <speed>0.000</speed>
      </trkpt>
      <trkpt lat="50.5085758" lon="-5.0304522">
        <ele>20.4</ele>
        <time>2026-09-15T12:40:41.000Z</time>
        <speed>0.000</speed>
      </trkpt>
      <trkpt lat="50.5085842" lon="-5.0304734">
        <ele>20.2</ele>
        <time>2026-09-15T12:40:46.000Z</time>
        <speed>0.000</speed>
      </trkpt>
      <trkpt lat="50.5085931" lon="-5.0304678">
        <ele>20.8</ele>
        <time>2026-09-15T12:40:51.000Z</time>
        <speed>0.000</speed>
      </trkpt>
      <trkpt lat="50.5085952" lon="-5.0304657">
        <ele>21.0</ele>
        <time>2026-09-15T12:40:56.000Z</time>
        <speed>0.000</speed>
      </trkpt>
      <trkpt lat="50.5085953" lon="-5.0304659">
        <ele>19.8</ele>
        <time>2026-09-15T12:41:01.000Z</time>
        <speed>0.000</speed>
      </trkpt>
      <trkpt lat="50.5085951" lon="-5.0304683">
        <ele>20.0</ele>
        <time>2026-09-15T12:41:06.000Z</time>
        <speed>0.000</speed>
      </trkpt>
      <trkpt lat="50.5086083" lon="-5.0304510">
        <ele>20.8</ele>
        <time>2026-09-15T12:41:11.000Z</time>
        <speed>0.000</speed>
      </trkpt>
      <trkpt lat="50.5086132" lon="-5.0304449">
        <ele>21.0</ele>
        <time>2026-09-15T12:41:16.000Z</time>
        <speed>0.000</speed>
      </trkpt>
      <trkpt lat="50.5086120" lon="-5.0304485">
        <ele>20.6</ele>
        <time>2026-09-15T12:41:21.000Z</time>
        <speed>0.000</speed>
      </trkpt>
      <trkpt lat="50.5085973" lon="-5.0305039">
        <ele>20.4</ele>
        <time>2026-09-15T12:41:26.000Z</time>
        <speed>0.000</speed>
      </trkpt>
      <trkpt lat="50.5085902" lon="-5.0305807">
        <ele>21.2</ele>
        <time>2026-09-15T12:41:31.000Z</time>
        <speed>1.418</speed>
      </trkpt>
      <trkpt lat="50.5085975" lon="-5.0306679">
        <ele>21.6</ele>
        <time>2026-09-15T12:41:36.000Z</time>
        <speed>1.288</speed>
      </trkpt>
      <trkpt lat="50.5085997" lon="-5.0307638">
        <ele>21.4</ele>
        <time>2026-09-15T12:41:41.000Z</time>
        <speed>1.344</speed>
      </trkpt>
      <trkpt lat="50.5085922" lon="-5.0308706">
        <ele>21.4</ele>
        <time>2026-09-15T12:41:46.000Z</time>
        <speed>1.409</speed>
      </trkpt>
      <trkpt lat="50.5085837" lon="-5.0309672">
        <ele>22.6</ele>
        <time>2026-09-15T12:41:51.000Z</time>
        <speed>1.437</speed>
      </trkpt>
      <trkpt lat="50.5085795" lon="-5.0310687">
        <ele>22.6</ele>
        <time>2026-09-15T12:41:56.000Z</time>
        <speed>1.512</speed>
      </trkpt>
      <trkpt lat="50.5085698" lon="-5.0311616">
        <ele>22.0</ele>
        <time>2026-09-15T12:42:01.000Z</time>
        <speed>1.456</speed>
      </trkpt>
      <trkpt lat="50.5085672" lon="-5.0312660">
        <ele>23.0</ele>
        <time>2026-09-15T12:42:06.000Z</time>
        <speed>1.484</speed>
      </trkpt>
      <trkpt lat="50.5085614" lon="-5.0313579">
        <ele>23.2</ele>
        <time>2026-09-15T12:42:11.000Z</time>
        <speed>1.465</speed>
      </trkpt>
      <trkpt lat="50.5085571" lon="-5.0314514">
        <ele>23.2</ele>
        <time>2026-09-15T12:42:16.000Z</time>
        <speed>1.456</speed>
      </trkpt>
      <trkpt lat="50.5085614" lon="-5.0315585">
        <ele>23.2</ele>
        <time>2026-09-15T12:42:21.000Z</time>
        <speed>1.456</speed>
      </trkpt>
      <trkpt lat="50.5085710" lon="-5.0316603">
        <ele>23.0</ele>
        <time>2026-09-15T12:42:26.000Z</time>
        <speed>1.456</speed>
      </trkpt>
      <trkpt lat="50.5085743" lon="-5.0317599">
        <ele>22.4</ele>
        <time>2026-09-15T12:42:31.000Z</time>
        <speed>1.474</speed>
      </trkpt>
      <trkpt lat="50.5085742" lon="-5.0318605">
        <ele>21.4</ele>
        <time>2026-09-15T12:42:36.000Z</time>
        <speed>1.456</speed>
      </trkpt>
      <trkpt lat="50.5085566" lon="-5.0319403">
        <ele>21.2</ele>
        <time>2026-09-15T12:42:41.000Z</time>
        <speed>1.437</speed>
      </trkpt>
      <trkpt lat="50.5085284" lon="-5.0320245">
        <ele>22.4</ele>
        <time>2026-09-15T12:42:46.000Z</time>
        <speed>1.456</speed>
      </trkpt>
      <trkpt lat="50.5084931" lon="-5.0321023">
        <ele>22.4</ele>
        <time>2026-09-15T12:42:51.000Z</time>
        <speed>1.437</speed>
      </trkpt>
      <trkpt lat="50.5084611" lon="-5.0321861">
        <ele>22.2</ele>
        <time>2026-09-15T12:42:56.000Z</time>
        <speed>1.390</speed>
      </trkpt>
      <trkpt lat="50.5084260" lon="-5.0322726">
        <ele>22.2</ele>
        <time>2026-09-15T12:43:01.000Z</time>
        <speed>1.418</speed>
      </trkpt>
      <trkpt lat="50.5083832" lon="-5.0323564">
        <ele>22.0</ele>
        <time>2026-09-15T12:43:06.000Z</time>
        <speed>1.456</speed>
      </trkpt>
      <trkpt lat="50.5083452" lon="-5.0324233">
        <ele>22.6</ele>
        <time>2026-09-15T12:43:11.000Z</time>
        <speed>1.437</speed>
      </trkpt>
      <trkpt lat="50.5083087" lon="-5.0325058">
        <ele>22.2</ele>
        <time>2026-09-15T12:43:16.000Z</time>
        <speed>1.428</speed>
      </trkpt>
      <trkpt lat="50.5082759" lon="-5.0325841">
        <ele>21.6</ele>
        <time>2026-09-15T12:43:21.000Z</time>
        <speed>1.409</speed>
      </trkpt>
      <trkpt lat="50.5082386" lon="-5.0326588">
        <ele>21.2</ele>
        <time>2026-09-15T12:43:26.000Z</time>
        <speed>1.418</speed>
      </trkpt>
      <trkpt lat="50.5081923" lon="-5.0327007">
        <ele>21.2</ele>
        <time>2026-09-15T12:43:31.000Z</time>
        <speed>1.400</speed>
      </trkpt>
      <trkpt lat="50.5081453" lon="-5.0327472">
        <ele>20.6</ele>
        <time>2026-09-15T12:43:36.000Z</time>
        <speed>1.390</speed>
      </trkpt>
      <trkpt lat="50.5080944" lon="-5.0327986">
        <ele>21.2</ele>
        <time>2026-09-15T12:43:41.000Z</time>
        <speed>1.381</speed>
      </trkpt>
      <trkpt lat="50.5080403" lon="-5.0328510">
        <ele>21.8</ele>
        <time>2026-09-15T12:43:46.000Z</time>
        <speed>1.381</speed>
      </trkpt>
      <trkpt lat="50.5079905" lon="-5.0329060">
        <ele>20.8</ele>
        <time>2026-09-15T12:43:51.000Z</time>
        <speed>1.381</speed>
      </trkpt>
      <trkpt lat="50.5079323" lon="-5.0329623">
        <ele>21.4</ele>
        <time>2026-09-15T12:43:56.000Z</time>
        <speed>1.381</speed>
      </trkpt>
      <trkpt lat="50.5078829" lon="-5.0330218">
        <ele>22.0</ele>
        <time>2026-09-15T12:44:01.000Z</time>
        <speed>1.400</speed>
      </trkpt>
      <trkpt lat="50.5078577" lon="-5.0331059">
        <ele>22.4</ele>
        <time>2026-09-15T12:44:06.000Z</time>
        <speed>1.428</speed>
      </trkpt>
      <trkpt lat="50.5078388" lon="-5.0332086">
        <ele>21.6</ele>
        <time>2026-09-15T12:44:11.000Z</time>
        <speed>1.418</speed>
      </trkpt>
      <trkpt lat="50.5078248" lon="-5.0333155">
        <ele>21.0</ele>
        <time>2026-09-15T12:44:16.000Z</time>
        <speed>1.446</speed>
      </trkpt>
      <trkpt lat="50.5078099" lon="-5.0333966">
        <ele>20.2</ele>
        <time>2026-09-15T12:44:21.000Z</time>
        <speed>1.428</speed>
      </trkpt>
      <trkpt lat="50.5078109" lon="-5.0334930">
        <ele>20.0</ele>
        <time>2026-09-15T12:44:26.000Z</time>
        <speed>1.437</speed>
      </trkpt>
      <trkpt lat="50.5078250" lon="-5.0335919">
        <ele>19.8</ele>
        <time>2026-09-15T12:44:31.000Z</time>
        <speed>1.437</speed>
      </trkpt>
      <trkpt lat="50.5078449" lon="-5.0336847">
        <ele>19.6</ele>
        <time>2026-09-15T12:44:36.000Z</time>
        <speed>1.409</speed>
      </trkpt>
      <trkpt lat="50.5078640" lon="-5.0337876">
        <ele>18.4</ele>
        <time>2026-09-15T12:44:41.000Z</time>
        <speed>1.446</speed>
      </trkpt>
      <trkpt lat="50.5078823" lon="-5.0338661">
        <ele>17.2</ele>
        <time>2026-09-15T12:44:46.000Z</time>
        <speed>1.428</speed>
      </trkpt>
      <trkpt lat="50.5078938" lon="-5.0339540">
        <ele>17.0</ele>
        <time>2026-09-15T12:44:51.000Z</time>
        <speed>1.400</speed>
      </trkpt>
      <trkpt lat="50.5078687" lon="-5.0340187">
        <ele>16.0</ele>
        <time>2026-09-15T12:44:56.000Z</time>
        <speed>1.390</speed>
      </trkpt>
      <trkpt lat="50.5078344" lon="-5.0340600">
        <ele>16.0</ele>
        <time>2026-09-15T12:45:01.000Z</time>
        <speed>1.325</speed>
      </trkpt>
      <trkpt lat="50.5078031" lon="-5.0341061">
        <ele>16.2</ele>
        <time>2026-09-15T12:45:06.000Z</time>
        <speed>1.110</speed>
      </trkpt>
      <trkpt lat="50.5077648" lon="-5.0341640">
        <ele>16.2</ele>
        <time>2026-09-15T12:45:11.000Z</time>
        <speed>1.110</speed>
      </trkpt>
      <trkpt lat="50.5077276" lon="-5.0342234">
        <ele>16.6</ele>
        <time>2026-09-15T12:45:16.000Z</time>
        <speed>1.166</speed>
      </trkpt>
      <trkpt lat="50.5076850" lon="-5.0342838">
        <ele>17.0</ele>
        <time>2026-09-15T12:45:21.000Z</time>
        <speed>1.213</speed>
      </trkpt>
      <trkpt lat="50.5076347" lon="-5.0343401">
        <ele>16.4</ele>
        <time>2026-09-15T12:45:26.000Z</time>
        <speed>1.222</speed>
      </trkpt>
      <trkpt lat="50.5075917" lon="-5.0343861">
        <ele>16.6</ele>
        <time>2026-09-15T12:45:31.000Z</time>
        <speed>1.297</speed>
      </trkpt>
      <trkpt lat="50.5075948" lon="-5.0344176">
        <ele>16.0</ele>
        <time>2026-09-15T12:45:36.000Z</time>
        <speed>1.110</speed>
      </trkpt>
      <trkpt lat="50.5075971" lon="-5.0344134">
        <ele>16.2</ele>
        <time>2026-09-15T12:45:41.000Z</time>
        <speed>0.000</speed>
      </trkpt>
      <trkpt lat="50.5075977" lon="-5.0344109">
        <ele>16.6</ele>
        <time>2026-09-15T12:45:46.000Z</time>
        <speed>0.000</speed>
      </trkpt>
      <trkpt lat="50.5075904" lon="-5.0344015">
        <ele>17.2</ele>
        <time>2026-09-15T12:45:51.000Z</time>
        <speed>0.000</speed>
      </trkpt>
      <trkpt lat="50.5075775" lon="-5.0344096">
        <ele>16.6</ele>
        <time>2026-09-15T12:45:56.000Z</time>
        <speed>0.000</speed>
      </trkpt>
      <trkpt lat="50.5075767" lon="-5.0344105">
        <ele>16.8</ele>
        <time>2026-09-15T12:46:01.000Z</time>
        <speed>0.000</speed>
      </trkpt>
      <trkpt lat="50.5075636" lon="-5.0344145">
        <ele>16.8</ele>
        <time>2026-09-15T12:46:06.000Z</time>
        <speed>0.000</speed>
      </trkpt>
      <trkpt lat="50.5075203" lon="-5.0344601">
        <ele>16.4</ele>
        <time>2026-09-15T12:46:11.000Z</time>
        <speed>0.355</speed>
      </trkpt>
      <trkpt lat="50.5074738" lon="-5.0345074">
        <ele>15.6</ele>
        <time>2026-09-15T12:46:16.000Z</time>
        <speed>1.306</speed>
      </trkpt>
      <trkpt lat="50.5074266" lon="-5.0345579">
        <ele>15.6</ele>
        <time>2026-09-15T12:46:21.000Z</time>
        <speed>1.297</speed>
      </trkpt>
      <trkpt lat="50.5073733" lon="-5.0346010">
        <ele>15.6</ele>
        <time>2026-09-15T12:46:26.000Z</time>
        <speed>1.344</speed>
      </trkpt>
      <trkpt lat="50.5073202" lon="-5.0346369">
        <ele>15.4</ele>
        <time>2026-09-15T12:46:31.000Z</time>
        <speed>1.372</speed>
      </trkpt>
      <trkpt lat="50.5072613" lon="-5.0346807">
        <ele>15.4</ele>
        <time>2026-09-15T12:46:36.000Z</time>
        <speed>1.381</speed>
      </trkpt>
      <trkpt lat="50.5072109" lon="-5.0347365">
        <ele>15.2</ele>
        <time>2026-09-15T12:46:41.000Z</time>
        <speed>1.381</speed>
      </trkpt>
      <trkpt lat="50.5071538" lon="-5.0347947">
        <ele>15.6</ele>
        <time>2026-09-15T12:46:46.000Z</time>
        <speed>1.381</speed>
      </trkpt>
      <trkpt lat="50.5070914" lon="-5.0348157">
        <ele>14.0</ele>
        <time>2026-09-15T12:46:51.000Z</time>
        <speed>1.409</speed>
      </trkpt>
      <trkpt lat="50.5070482" lon="-5.0347760">
        <ele>15.0</ele>
        <time>2026-09-15T12:46:56.000Z</time>
        <speed>1.418</speed>
      </trkpt>
      <trkpt lat="50.5070139" lon="-5.0347040">
        <ele>14.6</ele>
        <time>2026-09-15T12:47:01.000Z</time>
        <speed>1.372</speed>
      </trkpt>
      <trkpt lat="50.5069864" lon="-5.0346327">
        <ele>15.0</ele>
        <time>2026-09-15T12:47:06.000Z</time>
        <speed>1.353</speed>
      </trkpt>
      <trkpt lat="50.5069551" lon="-5.0345522">
        <ele>16.6</ele>
        <time>2026-09-15T12:47:11.000Z</time>
        <speed>1.325</speed>
      </trkpt>
      <trkpt lat="50.5069271" lon="-5.0344683">
        <ele>17.0</ele>
        <time>2026-09-15T12:47:16.000Z</time>
        <speed>1.344</speed>
      </trkpt>
      <trkpt lat="50.5069020" lon="-5.0343942">
        <ele>17.4</ele>
        <time>2026-09-15T12:47:21.000Z</time>
        <speed>1.306</speed>
      </trkpt>
      <trkpt lat="50.5068763" lon="-5.0343161">
        <ele>18.2</ele>
        <time>2026-09-15T12:47:26.000Z</time>
        <speed>1.297</speed>
      </trkpt>
      <trkpt lat="50.5068432" lon="-5.0342390">
        <ele>18.8</ele>
        <time>2026-09-15T12:47:31.000Z</time>
        <speed>1.316</speed>
      </trkpt>
      <trkpt lat="50.5068142" lon="-5.0341593">
        <ele>19.4</ele>
        <time>2026-09-15T12:47:36.000Z</time>
        <speed>1.306</speed>
      </trkpt>
      <trkpt lat="50.5067821" lon="-5.0340862">
        <ele>19.6</ele>
        <time>2026-09-15T12:47:41.000Z</time>
        <speed>1.306</speed>
      </trkpt>
      <trkpt lat="50.5067570" lon="-5.0340099">
        <ele>19.4</ele>
        <time>2026-09-15T12:47:46.000Z</time>
        <speed>1.288</speed>
      </trkpt>
      <trkpt lat="50.5067185" lon="-5.0339407">
        <ele>20.2</ele>
        <time>2026-09-15T12:47:51.000Z</time>
        <speed>1.297</speed>
      </trkpt>
      <trkpt lat="50.5066646" lon="-5.0338881">
        <ele>21.8</ele>
        <time>2026-09-15T12:47:56.000Z</time>
        <speed>1.316</speed>
      </trkpt>
      <trkpt lat="50.5066027" lon="-5.0338778">
        <ele>22.2</ele>
        <time>2026-09-15T12:48:01.000Z</time>
        <speed>1.316</speed>
      </trkpt>
      <trkpt lat="50.5065382" lon="-5.0339001">
        <ele>21.6</ele>
        <time>2026-09-15T12:48:06.000Z</time>
        <speed>1.353</speed>
      </trkpt>
      <trkpt lat="50.5064753" lon="-5.0339171">
        <ele>22.4</ele>
        <time>2026-09-15T12:48:11.000Z</time>
        <speed>1.409</speed>
      </trkpt>
      <trkpt lat="50.5064167" lon="-5.0339430">
        <ele>23.0</ele>
        <time>2026-09-15T12:48:16.000Z</time>
        <speed>1.390</speed>
      </trkpt>
      <trkpt lat="50.5063571" lon="-5.0339755">
        <ele>22.8</ele>
        <time>2026-09-15T12:48:21.000Z</time>
        <speed>1.428</speed>
      </trkpt>
      <trkpt lat="50.5062960" lon="-5.0340213">
        <ele>22.2</ele>
        <time>2026-09-15T12:48:26.000Z</time>
        <speed>1.428</speed>
      </trkpt>
      <trkpt lat="50.5062383" lon="-5.0340540">
        <ele>22.0</ele>
        <time>2026-09-15T12:48:31.000Z</time>
        <speed>1.474</speed>
      </trkpt>
      <trkpt lat="50.5061774" lon="-5.0340873">
        <ele>21.8</ele>
        <time>2026-09-15T12:48:36.000Z</time>
        <speed>1.437</speed>
      </trkpt>
      <trkpt lat="50.5061179" lon="-5.0341218">
        <ele>21.6</ele>
        <time>2026-09-15T12:48:41.000Z</time>
        <speed>1.446</speed>
      </trkpt>
      <trkpt lat="50.5060580" lon="-5.0341545">
        <ele>21.0</ele>
        <time>2026-09-15T12:48:46.000Z</time>
        <speed>1.446</speed>
      </trkpt>
      <trkpt lat="50.5060043" lon="-5.0341832">
        <ele>22.0</ele>
        <time>2026-09-15T12:48:51.000Z</time>
        <speed>1.418</speed>
      </trkpt>
      <trkpt lat="50.5059422" lon="-5.0342185">
        <ele>22.2</ele>
        <time>2026-09-15T12:48:56.000Z</time>
        <speed>1.428</speed>
      </trkpt>
      <trkpt lat="50.5058848" lon="-5.0342554">
        <ele>22.2</ele>
        <time>2026-09-15T12:49:01.000Z</time>
        <speed>1.428</speed>
      </trkpt>
      <trkpt lat="50.5058204" lon="-5.0342873">
        <ele>22.0</ele>
        <time>2026-09-15T12:49:06.000Z</time>
        <speed>1.456</speed>
      </trkpt>
      <trkpt lat="50.5057588" lon="-5.0343118">
        <ele>22.0</ele>
        <time>2026-09-15T12:49:11.000Z</time>
        <speed>1.437</speed>
      </trkpt>
      <trkpt lat="50.5056925" lon="-5.0343290">
        <ele>22.2</ele>
        <time>2026-09-15T12:49:16.000Z</time>
        <speed>1.437</speed>
      </trkpt>
      <trkpt lat="50.5056347" lon="-5.0343493">
        <ele>22.2</ele>
        <time>2026-09-15T12:49:21.000Z</time>
        <speed>1.428</speed>
      </trkpt>
      <trkpt lat="50.5055623" lon="-5.0343641">
        <ele>22.2</ele>
        <time>2026-09-15T12:49:26.000Z</time>
        <speed>1.428</speed>
      </trkpt>
      <trkpt lat="50.5055009" lon="-5.0343653">
        <ele>22.6</ele>
        <time>2026-09-15T12:49:31.000Z</time>
        <speed>1.446</speed>
      </trkpt>
      <trkpt lat="50.5054388" lon="-5.0343625">
        <ele>22.6</ele>
        <time>2026-09-15T12:49:36.000Z</time>
        <speed>1.437</speed>
      </trkpt>
      <trkpt lat="50.5053774" lon="-5.0343495">
        <ele>22.4</ele>
        <time>2026-09-15T12:49:41.000Z</time>
        <speed>1.428</speed>
      </trkpt>
      <trkpt lat="50.5053211" lon="-5.0343321">
        <ele>22.0</ele>
        <time>2026-09-15T12:49:46.000Z</time>
        <speed>1.390</speed>
      </trkpt>
      <trkpt lat="50.5052647" lon="-5.0343146">
        <ele>22.0</ele>
        <time>2026-09-15T12:49:51.000Z</time>
        <speed>1.381</speed>
      </trkpt>
      <trkpt lat="50.5052022" lon="-5.0342917">
        <ele>22.0</ele>
        <time>2026-09-15T12:49:56.000Z</time>
        <speed>1.344</speed>
      </trkpt>
      <trkpt lat="50.5051454" lon="-5.0342729">
        <ele>22.0</ele>
        <time>2026-09-15T12:50:01.000Z</time>
        <speed>1.344</speed>
      </trkpt>
      <trkpt lat="50.5050815" lon="-5.0342474">
        <ele>21.8</ele>
        <time>2026-09-15T12:50:06.000Z</time>
        <speed>1.362</speed>
      </trkpt>
      <trkpt lat="50.5050236" lon="-5.0342290">
        <ele>21.6</ele>
        <time>2026-09-15T12:50:11.000Z</time>
        <speed>1.353</speed>
      </trkpt>
      <trkpt lat="50.5049575" lon="-5.0342084">
        <ele>21.2</ele>
        <time>2026-09-15T12:50:16.000Z</time>
        <speed>1.390</speed>
      </trkpt>
      <trkpt lat="50.5048965" lon="-5.0341936">
        <ele>21.2</ele>
        <time>2026-09-15T12:50:21.000Z</time>
        <speed>1.400</speed>
      </trkpt>
      <trkpt lat="50.5048353" lon="-5.0341663">
        <ele>21.0</ele>
        <time>2026-09-15T12:50:26.000Z</time>
        <speed>1.381</speed>
      </trkpt>
      <trkpt lat="50.5047686" lon="-5.0341372">
        <ele>20.4</ele>
        <time>2026-09-15T12:50:31.000Z</time>
        <speed>1.400</speed>
      </trkpt>
      <trkpt lat="50.5047157" lon="-5.0341140">
        <ele>20.4</ele>
        <time>2026-09-15T12:50:36.000Z</time>
        <speed>1.409</speed>
      </trkpt>
      <trkpt lat="50.5046626" lon="-5.0340880">
        <ele>20.4</ele>
        <time>2026-09-15T12:50:41.000Z</time>
        <speed>1.362</speed>
      </trkpt>
      <trkpt lat="50.5045950" lon="-5.0340625">
        <ele>20.0</ele>
        <time>2026-09-15T12:50:46.000Z</time>
        <speed>1.381</speed>
      </trkpt>
      <trkpt lat="50.5045338" lon="-5.0340297">
        <ele>19.8</ele>
        <time>2026-09-15T12:50:51.000Z</time>
        <speed>1.381</speed>
      </trkpt>
      <trkpt lat="50.5044802" lon="-5.0340072">
        <ele>20.2</ele>
        <time>2026-09-15T12:50:56.000Z</time>
        <speed>1.400</speed>
      </trkpt>
      <trkpt lat="50.5044189" lon="-5.0339830">
        <ele>20.0</ele>
        <time>2026-09-15T12:51:01.000Z</time>
        <speed>1.372</speed>
      </trkpt>
      <trkpt lat="50.5043526" lon="-5.0339549">
        <ele>20.0</ele>
        <time>2026-09-15T12:51:06.000Z</time>
        <speed>1.400</speed>
      </trkpt>
      <trkpt lat="50.5042976" lon="-5.0339410">
        <ele>19.8</ele>
        <time>2026-09-15T12:51:11.000Z</time>
        <speed>1.390</speed>
      </trkpt>
      <trkpt lat="50.5042574" lon="-5.0339229">
        <ele>19.6</ele>
        <time>2026-09-15T12:51:16.000Z</time>
        <speed>1.325</speed>
      </trkpt>
      <trkpt lat="50.5042104" lon="-5.0339020">
        <ele>19.4</ele>
        <time>2026-09-15T12:51:21.000Z</time>
        <speed>1.222</speed>
      </trkpt>
      <trkpt lat="50.5041896" lon="-5.0338449">
        <ele>20.0</ele>
        <time>2026-09-15T12:51:26.000Z</time>
        <speed>1.213</speed>
      </trkpt>
      <trkpt lat="50.5041960" lon="-5.0337962">
        <ele>21.0</ele>
        <time>2026-09-15T12:51:31.000Z</time>
        <speed>1.101</speed>
      </trkpt>
      <trkpt lat="50.5041705" lon="-5.0337563">
        <ele>22.6</ele>
        <time>2026-09-15T12:51:36.000Z</time>
        <speed>1.054</speed>
      </trkpt>
      <trkpt lat="50.5041246" lon="-5.0337317">
        <ele>23.2</ele>
        <time>2026-09-15T12:51:41.000Z</time>
        <speed>0.998</speed>
      </trkpt>
      <trkpt lat="50.5040681" lon="-5.0337322">
        <ele>22.6</ele>
        <time>2026-09-15T12:51:46.000Z</time>
        <speed>1.073</speed>
      </trkpt>
      <trkpt lat="50.5040043" lon="-5.0337530">
        <ele>22.2</ele>
        <time>2026-09-15T12:51:51.000Z</time>
        <speed>1.269</speed>
      </trkpt>
      <trkpt lat="50.5039563" lon="-5.0337713">
        <ele>21.6</ele>
        <time>2026-09-15T12:51:56.000Z</time>
        <speed>1.288</speed>
      </trkpt>
      <trkpt lat="50.5039391" lon="-5.0338026">
        <ele>22.0</ele>
        <time>2026-09-15T12:52:01.000Z</time>
        <speed>1.082</speed>
      </trkpt>
      <trkpt lat="50.5039142" lon="-5.0338181">
        <ele>20.2</ele>
        <time>2026-09-15T12:52:06.000Z</time>
        <speed>0.252</speed>
      </trkpt>
      <trkpt lat="50.5039020" lon="-5.0338478">
        <ele>19.6</ele>
        <time>2026-09-15T12:52:11.000Z</time>
        <speed>0.579</speed>
      </trkpt>
      <trkpt lat="50.5038792" lon="-5.0338692">
        <ele>18.6</ele>
        <time>2026-09-15T12:52:16.000Z</time>
        <speed>0.700</speed>
      </trkpt>
      <trkpt lat="50.5038507" lon="-5.0338841">
        <ele>17.2</ele>
        <time>2026-09-15T12:52:21.000Z</time>
        <speed>0.644</speed>
      </trkpt>
      <trkpt lat="50.5038257" lon="-5.0339157">
        <ele>16.0</ele>
        <time>2026-09-15T12:52:26.000Z</time>
        <speed>0.653</speed>
      </trkpt>
      <trkpt lat="50.5038048" lon="-5.0339364">
        <ele>15.0</ele>
        <time>2026-09-15T12:52:31.000Z</time>
        <speed>0.644</speed>
      </trkpt>
      <trkpt lat="50.5037854" lon="-5.0339591">
        <ele>13.8</ele>
        <time>2026-09-15T12:52:36.000Z</time>
        <speed>0.672</speed>
      </trkpt>
      <trkpt lat="50.5037490" lon="-5.0339913">
        <ele>13.0</ele>
        <time>2026-09-15T12:52:41.000Z</time>
        <speed>0.681</speed>
      </trkpt>
      <trkpt lat="50.5037149" lon="-5.0340170">
        <ele>12.2</ele>
        <time>2026-09-15T12:52:46.000Z</time>
        <speed>0.746</speed>
      </trkpt>
      <trkpt lat="50.5036880" lon="-5.0340306">
        <ele>11.2</ele>
        <time>2026-09-15T12:52:51.000Z</time>
        <speed>0.793</speed>
      </trkpt>
      <trkpt lat="50.5036621" lon="-5.0340489">
        <ele>10.2</ele>
        <time>2026-09-15T12:52:56.000Z</time>
        <speed>0.756</speed>
      </trkpt>
      <trkpt lat="50.5036119" lon="-5.0340573">
        <ele>9.2</ele>
        <time>2026-09-15T12:53:01.000Z</time>
        <speed>0.737</speed>
      </trkpt>
      <trkpt lat="50.5035828" lon="-5.0340610">
        <ele>8.4</ele>
        <time>2026-09-15T12:53:06.000Z</time>
        <speed>1.008</speed>
      </trkpt>
      <trkpt lat="50.5035599" lon="-5.0340748">
        <ele>6.6</ele>
        <time>2026-09-15T12:53:11.000Z</time>
        <speed>0.765</speed>
      </trkpt>
      <trkpt lat="50.5035234" lon="-5.0341163">
        <ele>6.0</ele>
        <time>2026-09-15T12:53:16.000Z</time>
        <speed>0.644</speed>
      </trkpt>
      <trkpt lat="50.5034907" lon="-5.0341767">
        <ele>5.2</ele>
        <time>2026-09-15T12:53:21.000Z</time>
        <speed>0.905</speed>
      </trkpt>
      <trkpt lat="50.5034449" lon="-5.0342085">
        <ele>4.4</ele>
        <time>2026-09-15T12:53:26.000Z</time>
        <speed>1.008</speed>
      </trkpt>
      <trkpt lat="50.5033876" lon="-5.0342284">
        <ele>4.6</ele>
        <time>2026-09-15T12:53:31.000Z</time>
        <speed>1.278</speed>
      </trkpt>
      <trkpt lat="50.5033264" lon="-5.0342397">
        <ele>4.4</ele>
        <time>2026-09-15T12:53:36.000Z</time>
        <speed>1.241</speed>
      </trkpt>
      <trkpt lat="50.5032643" lon="-5.0342507">
        <ele>5.2</ele>
        <time>2026-09-15T12:53:41.000Z</time>
        <speed>1.325</speed>
      </trkpt>
      <trkpt lat="50.5032083" lon="-5.0342604">
        <ele>4.8</ele>
        <time>2026-09-15T12:53:46.000Z</time>
        <speed>1.241</speed>
      </trkpt>
      <trkpt lat="50.5031493" lon="-5.0342678">
        <ele>4.8</ele>
        <time>2026-09-15T12:53:51.000Z</time>
        <speed>1.260</speed>
      </trkpt>
      <trkpt lat="50.5030877" lon="-5.0342508">
        <ele>4.6</ele>
        <time>2026-09-15T12:53:56.000Z</time>
        <speed>1.269</speed>
      </trkpt>
      <trkpt lat="50.5030327" lon="-5.0342282">
        <ele>4.6</ele>
        <time>2026-09-15T12:54:01.000Z</time>
        <speed>1.306</speed>
      </trkpt>
      <trkpt lat="50.5029816" lon="-5.0342093">
        <ele>5.8</ele>
        <time>2026-09-15T12:54:06.000Z</time>
        <speed>1.297</speed>
      </trkpt>
      <trkpt lat="50.5029218" lon="-5.0342007">
        <ele>5.4</ele>
        <time>2026-09-15T12:54:11.000Z</time>
        <speed>1.288</speed>
      </trkpt>
      <trkpt lat="50.5028659" lon="-5.0342293">
        <ele>4.8</ele>
        <time>2026-09-15T12:54:16.000Z</time>
        <speed>1.288</speed>
      </trkpt>
      <trkpt lat="50.5028135" lon="-5.0342565">
        <ele>4.8</ele>
        <time>2026-09-15T12:54:21.000Z</time>
        <speed>1.260</speed>
      </trkpt>
      <trkpt lat="50.5027775" lon="-5.0342915">
        <ele>5.0</ele>
        <time>2026-09-15T12:54:26.000Z</time>
        <speed>1.232</speed>
      </trkpt>
      <trkpt lat="50.5027794" lon="-5.0343245">
        <ele>4.8</ele>
        <time>2026-09-15T12:54:31.000Z</time>
        <speed>0.896</speed>
      </trkpt>
      <trkpt lat="50.5027929" lon="-5.0344040">
        <ele>5.0</ele>
        <time>2026-09-15T12:54:36.000Z</time>
        <speed>1.400</speed>
      </trkpt>
      <trkpt lat="50.5028182" lon="-5.0344875">
        <ele>5.6</ele>
        <time>2026-09-15T12:54:41.000Z</time>
        <speed>1.269</speed>
      </trkpt>
      <trkpt lat="50.5028596" lon="-5.0345249">
        <ele>6.2</ele>
        <time>2026-09-15T12:54:46.000Z</time>
        <speed>1.344</speed>
      </trkpt>
      <trkpt lat="50.5028813" lon="-5.0345517">
        <ele>6.4</ele>
        <time>2026-09-15T12:54:51.000Z</time>
        <speed>0.000</speed>
      </trkpt>
      <trkpt lat="50.5029106" lon="-5.0346108">
        <ele>6.8</ele>
        <time>2026-09-15T12:54:56.000Z</time>
        <speed>0.000</speed>
      </trkpt>
      <trkpt lat="50.5029519" lon="-5.0346704">
        <ele>7.6</ele>
        <time>2026-09-15T12:55:01.000Z</time>
        <speed>1.138</speed>
      </trkpt>
      <trkpt lat="50.5030031" lon="-5.0347165">
        <ele>8.0</ele>
        <time>2026-09-15T12:55:06.000Z</time>
        <speed>1.278</speed>
      </trkpt>
      <trkpt lat="50.5030536" lon="-5.0347623">
        <ele>8.4</ele>
        <time>2026-09-15T12:55:11.000Z</time>
        <speed>1.278</speed>
      </trkpt>
      <trkpt lat="50.5030979" lon="-5.0348185">
        <ele>8.8</ele>
        <time>2026-09-15T12:55:16.000Z</time>
        <speed>1.260</speed>
      </trkpt>
      <trkpt lat="50.5031388" lon="-5.0348741">
        <ele>9.4</ele>
        <time>2026-09-15T12:55:21.000Z</time>
        <speed>1.260</speed>
      </trkpt>
      <trkpt lat="50.5031871" lon="-5.0349288">
        <ele>10.2</ele>
        <time>2026-09-15T12:55:26.000Z</time>
        <speed>1.194</speed>
      </trkpt>
      <trkpt lat="50.5032291" lon="-5.0349805">
        <ele>10.8</ele>
        <time>2026-09-15T12:55:31.000Z</time>
        <speed>1.204</speed>
      </trkpt>
      <trkpt lat="50.5032744" lon="-5.0350355">
        <ele>10.2</ele>
        <time>2026-09-15T12:55:36.000Z</time>
        <speed>1.222</speed>
      </trkpt>
      <trkpt lat="50.5033133" lon="-5.0350922">
        <ele>11.2</ele>
        <time>2026-09-15T12:55:41.000Z</time>
        <speed>1.204</speed>
      </trkpt>
      <trkpt lat="50.5033597" lon="-5.0351454">
        <ele>10.8</ele>
        <time>2026-09-15T12:55:46.000Z</time>
        <speed>1.232</speed>
      </trkpt>
      <trkpt lat="50.5033975" lon="-5.0352049">
        <ele>11.2</ele>
        <time>2026-09-15T12:55:51.000Z</time>
        <speed>1.213</speed>
      </trkpt>
      <trkpt lat="50.5034399" lon="-5.0352636">
        <ele>13.0</ele>
        <time>2026-09-15T12:55:56.000Z</time>
        <speed>1.213</speed>
      </trkpt>
      <trkpt lat="50.5034785" lon="-5.0353169">
        <ele>13.4</ele>
        <time>2026-09-15T12:56:01.000Z</time>
        <speed>1.204</speed>
      </trkpt>
      <trkpt lat="50.5035109" lon="-5.0353700">
        <ele>13.8</ele>
        <time>2026-09-15T12:56:06.000Z</time>
        <speed>1.204</speed>
      </trkpt>
      <trkpt lat="50.5035242" lon="-5.0353951">
        <ele>14.0</ele>
        <time>2026-09-15T12:56:11.000Z</time>
        <speed>1.120</speed>
      </trkpt>
      <trkpt lat="50.5035289" lon="-5.0353939">
        <ele>14.2</ele>
        <time>2026-09-15T12:56:16.000Z</time>
        <speed>0.000</speed>
      </trkpt>
      <trkpt lat="50.5035261" lon="-5.0353787">
        <ele>13.6</ele>
        <time>2026-09-15T12:56:21.000Z</time>
        <speed>0.000</speed>
      </trkpt>
      <trkpt lat="50.5035360" lon="-5.0354183">
        <ele>13.6</ele>
        <time>2026-09-15T12:56:26.000Z</time>
        <speed>0.000</speed>
      </trkpt>
      <trkpt lat="50.5035702" lon="-5.0354598">
        <ele>15.0</ele>
        <time>2026-09-15T12:56:31.000Z</time>
        <speed>0.289</speed>
      </trkpt>
      <trkpt lat="50.5036098" lon="-5.0354976">
        <ele>15.8</ele>
        <time>2026-09-15T12:56:36.000Z</time>
        <speed>1.101</speed>
      </trkpt>
      <trkpt lat="50.5036429" lon="-5.0355335">
        <ele>16.4</ele>
        <time>2026-09-15T12:56:41.000Z</time>
        <speed>0.980</speed>
      </trkpt>
      <trkpt lat="50.5036753" lon="-5.0355717">
        <ele>17.0</ele>
        <time>2026-09-15T12:56:46.000Z</time>
        <speed>0.961</speed>
      </trkpt>
      <trkpt lat="50.5037087" lon="-5.0356157">
        <ele>17.8</ele>
        <time>2026-09-15T12:56:51.000Z</time>
        <speed>0.952</speed>
      </trkpt>
      <trkpt lat="50.5037425" lon="-5.0356584">
        <ele>18.2</ele>
        <time>2026-09-15T12:56:56.000Z</time>
        <speed>0.970</speed>
      </trkpt>
      <trkpt lat="50.5037769" lon="-5.0357104">
        <ele>19.0</ele>
        <time>2026-09-15T12:57:01.000Z</time>
        <speed>0.905</speed>
      </trkpt>
      <trkpt lat="50.5038145" lon="-5.0357518">
        <ele>20.2</ele>
        <time>2026-09-15T12:57:06.000Z</time>
        <speed>1.054</speed>
      </trkpt>
      <trkpt lat="50.5038598" lon="-5.0357833">
        <ele>20.6</ele>
        <time>2026-09-15T12:57:11.000Z</time>
        <speed>1.129</speed>
      </trkpt>
      <trkpt lat="50.5039005" lon="-5.0358193">
        <ele>21.8</ele>
        <time>2026-09-15T12:57:16.000Z</time>
        <speed>1.092</speed>
      </trkpt>
      <trkpt lat="50.5039429" lon="-5.0358618">
        <ele>22.4</ele>
        <time>2026-09-15T12:57:21.000Z</time>
        <speed>1.092</speed>
      </trkpt>
      <trkpt lat="50.5039866" lon="-5.0358939">
        <ele>22.6</ele>
        <time>2026-09-15T12:57:26.000Z</time>
        <speed>1.092</speed>
      </trkpt>
      <trkpt lat="50.5040270" lon="-5.0359030">
        <ele>23.2</ele>
        <time>2026-09-15T12:57:31.000Z</time>
        <speed>1.064</speed>
      </trkpt>
      <trkpt lat="50.5040682" lon="-5.0359163">
        <ele>25.4</ele>
        <time>2026-09-15T12:57:36.000Z</time>
        <speed>1.054</speed>
      </trkpt>
      <trkpt lat="50.5040970" lon="-5.0359696">
        <ele>27.6</ele>
        <time>2026-09-15T12:57:41.000Z</time>
        <speed>1.054</speed>
      </trkpt>
      <trkpt lat="50.5040895" lon="-5.0360459">
        <ele>28.2</ele>
        <time>2026-09-15T12:57:46.000Z</time>
        <speed>1.092</speed>
      </trkpt>
      <trkpt lat="50.5040557" lon="-5.0361306">
        <ele>27.4</ele>
        <time>2026-09-15T12:57:51.000Z</time>
        <speed>1.194</speed>
      </trkpt>
      <trkpt lat="50.5040157" lon="-5.0361938">
        <ele>27.8</ele>
        <time>2026-09-15T12:57:56.000Z</time>
        <speed>1.232</speed>
      </trkpt>
      <trkpt lat="50.5039729" lon="-5.0362589">
        <ele>28.6</ele>
        <time>2026-09-15T12:58:01.000Z</time>
        <speed>1.269</speed>
      </trkpt>
      <trkpt lat="50.5039331" lon="-5.0363213">
        <ele>26.4</ele>
        <time>2026-09-15T12:58:06.000Z</time>
        <speed>1.260</speed>
      </trkpt>
      <trkpt lat="50.5038873" lon="-5.0363767">
        <ele>28.4</ele>
        <time>2026-09-15T12:58:11.000Z</time>
        <speed>1.269</speed>
      </trkpt>
      <trkpt lat="50.5038413" lon="-5.0364248">
        <ele>29.6</ele>
        <time>2026-09-15T12:58:16.000Z</time>
        <speed>1.250</speed>
      </trkpt>
      <trkpt lat="50.5037836" lon="-5.0364663">
        <ele>30.6</ele>
        <time>2026-09-15T12:58:21.000Z</time>
        <speed>1.278</speed>
      </trkpt>
      <trkpt lat="50.5037301" lon="-5.0365158">
        <ele>30.2</ele>
        <time>2026-09-15T12:58:26.000Z</time>
        <speed>1.316</speed>
      </trkpt>
      <trkpt lat="50.5036874" lon="-5.0365561">
        <ele>30.2</ele>
        <time>2026-09-15T12:58:31.000Z</time>
        <speed>1.306</speed>
      </trkpt>
      <trkpt lat="50.5036437" lon="-5.0366115">
        <ele>30.4</ele>
        <time>2026-09-15T12:58:36.000Z</time>
        <speed>1.241</speed>
      </trkpt>
      <trkpt lat="50.5036010" lon="-5.0366662">
        <ele>31.0</ele>
        <time>2026-09-15T12:58:41.000Z</time>
        <speed>1.232</speed>
      </trkpt>
      <trkpt lat="50.5035597" lon="-5.0367206">
        <ele>31.6</ele>
        <time>2026-09-15T12:58:46.000Z</time>
        <speed>1.232</speed>
      </trkpt>
      <trkpt lat="50.5035211" lon="-5.0367866">
        <ele>31.8</ele>
        <time>2026-09-15T12:58:51.000Z</time>
        <speed>1.232</speed>
      </trkpt>
      <trkpt lat="50.5034826" lon="-5.0368448">
        <ele>31.8</ele>
        <time>2026-09-15T12:58:56.000Z</time>
        <speed>1.278</speed>
      </trkpt>
      <trkpt lat="50.5034484" lon="-5.0369096">
        <ele>31.8</ele>
        <time>2026-09-15T12:59:01.000Z</time>
        <speed>1.194</speed>
      </trkpt>
      <trkpt lat="50.5034179" lon="-5.0369985">
        <ele>33.0</ele>
        <time>2026-09-15T12:59:06.000Z</time>
        <speed>1.278</speed>
      </trkpt>
      <trkpt lat="50.5033847" lon="-5.0370753">
        <ele>33.4</ele>
        <time>2026-09-15T12:59:11.000Z</time>
        <speed>1.325</speed>
      </trkpt>
      <trkpt lat="50.5033497" lon="-5.0371480">
        <ele>33.6</ele>
        <time>2026-09-15T12:59:16.000Z</time>
        <speed>1.325</speed>
      </trkpt>
      <trkpt lat="50.5033178" lon="-5.0372297">
        <ele>33.0</ele>
        <time>2026-09-15T12:59:21.000Z</time>
        <speed>1.325</speed>
      </trkpt>
      <trkpt lat="50.5032873" lon="-5.0373107">
        <ele>33.4</ele>
        <time>2026-09-15T12:59:26.000Z</time>
        <speed>1.334</speed>
      </trkpt>
      <trkpt lat="50.5032588" lon="-5.0373832">
        <ele>33.4</ele>
        <time>2026-09-15T12:59:31.000Z</time>
        <speed>1.325</speed>
      </trkpt>
      <trkpt lat="50.5032405" lon="-5.0374304">
        <ele>34.2</ele>
        <time>2026-09-15T12:59:36.000Z</time>
        <speed>1.306</speed>
      </trkpt>
      <trkpt lat="50.5032094" lon="-5.0374901">
        <ele>34.4</ele>
        <time>2026-09-15T12:59:41.000Z</time>
        <speed>1.260</speed>
      </trkpt>
      <trkpt lat="50.5031902" lon="-5.0375645">
        <ele>35.0</ele>
        <time>2026-09-15T12:59:46.000Z</time>
        <speed>1.232</speed>
      </trkpt>
      <trkpt lat="50.5031647" lon="-5.0376469">
        <ele>35.4</ele>
        <time>2026-09-15T12:59:51.000Z</time>
        <speed>1.222</speed>
      </trkpt>
      <trkpt lat="50.5031341" lon="-5.0377261">
        <ele>35.8</ele>
        <time>2026-09-15T12:59:56.000Z</time>
        <speed>1.204</speed>
      </trkpt>
      <trkpt lat="50.5031032" lon="-5.0378138">
        <ele>36.6</ele>
        <time>2026-09-15T13:00:01.000Z</time>
        <speed>1.213</speed>
      </trkpt>
      <trkpt lat="50.5030716" lon="-5.0378971">
        <ele>37.2</ele>
        <time>2026-09-15T13:00:06.000Z</time>
        <speed>1.250</speed>
      </trkpt>
      <trkpt lat="50.5030509" lon="-5.0379700">
        <ele>37.2</ele>
        <time>2026-09-15T13:00:11.000Z</time>
        <speed>1.269</speed>
      </trkpt>
      <trkpt lat="50.5030353" lon="-5.0380525">
        <ele>38.2</ele>
        <time>2026-09-15T13:00:16.000Z</time>
        <speed>1.241</speed>
      </trkpt>
      <trkpt lat="50.5030146" lon="-5.0381395">
        <ele>37.2</ele>
        <time>2026-09-15T13:00:21.000Z</time>
        <speed>1.241</speed>
      </trkpt>
      <trkpt lat="50.5029983" lon="-5.0382174">
        <ele>37.8</ele>
        <time>2026-09-15T13:00:26.000Z</time>
        <speed>1.232</speed>
      </trkpt>
      <trkpt lat="50.5029850" lon="-5.0383039">
        <ele>38.6</ele>
        <time>2026-09-15T13:00:31.000Z</time>
        <speed>1.222</speed>
      </trkpt>
      <trkpt lat="50.5029647" lon="-5.0383975">
        <ele>38.6</ele>
        <time>2026-09-15T13:00:36.000Z</time>
        <speed>1.232</speed>
      </trkpt>
      <trkpt lat="50.5029511" lon="-5.0384811">
        <ele>39.0</ele>
        <time>2026-09-15T13:00:41.000Z</time>
        <speed>1.232</speed>
      </trkpt>
      <trkpt lat="50.5029438" lon="-5.0385652">
        <ele>39.2</ele>
        <time>2026-09-15T13:00:46.000Z</time>
        <speed>1.250</speed>
      </trkpt>
      <trkpt lat="50.5029431" lon="-5.0386532">
        <ele>39.8</ele>
        <time>2026-09-15T13:00:51.000Z</time>
        <speed>1.250</speed>
      </trkpt>
      <trkpt lat="50.5029385" lon="-5.0387332">
        <ele>40.0</ele>
        <time>2026-09-15T13:00:56.000Z</time>
        <speed>1.250</speed>
      </trkpt>
      <trkpt lat="50.5029363" lon="-5.0388119">
        <ele>40.2</ele>
        <time>2026-09-15T13:01:01.000Z</time>
        <speed>1.269</speed>
      </trkpt>
      <trkpt lat="50.5029378" lon="-5.0388171">
        <ele>39.8</ele>
        <time>2026-09-15T13:01:06.000Z</time>
        <speed>0.000</speed>
      </trkpt>
      <trkpt lat="50.5029399" lon="-5.0388170">
        <ele>39.8</ele>
        <time>2026-09-15T13:01:11.000Z</time>
        <speed>0.000</speed>
      </trkpt>
      <trkpt lat="50.5029401" lon="-5.0388072">
        <ele>39.0</ele>
        <time>2026-09-15T13:01:16.000Z</time>
        <speed>0.000</speed>
      </trkpt>
      <trkpt lat="50.5029410" lon="-5.0388132">
        <ele>40.4</ele>
        <time>2026-09-15T13:01:21.000Z</time>
        <speed>0.000</speed>
      </trkpt>
      <trkpt lat="50.5029421" lon="-5.0388136">
        <ele>40.0</ele>
        <time>2026-09-15T13:01:26.000Z</time>
        <speed>0.000</speed>
      </trkpt>
      <trkpt lat="50.5029411" lon="-5.0388158">
        <ele>39.4</ele>
        <time>2026-09-15T13:01:31.000Z</time>
        <speed>0.000</speed>
      </trkpt>
      <trkpt lat="50.5029400" lon="-5.0388127">
        <ele>40.2</ele>
        <time>2026-09-15T13:01:36.000Z</time>
        <speed>0.000</speed>
      </trkpt>
      <trkpt lat="50.5029387" lon="-5.0388132">
        <ele>39.4</ele>
        <time>2026-09-15T13:01:41.000Z</time>
        <speed>0.000</speed>
      </trkpt>
      <trkpt lat="50.5029357" lon="-5.0388165">
        <ele>39.4</ele>
        <time>2026-09-15T13:01:46.000Z</time>
        <speed>0.000</speed>
      </trkpt>
      <trkpt lat="50.5029352" lon="-5.0388135">
        <ele>39.4</ele>
        <time>2026-09-15T13:01:51.000Z</time>
        <speed>0.000</speed>
      </trkpt>
      <trkpt lat="50.5029374" lon="-5.0388154">
        <ele>40.2</ele>
        <time>2026-09-15T13:01:56.000Z</time>
        <speed>0.000</speed>
      </trkpt>
      <trkpt lat="50.5029391" lon="-5.0388152">
        <ele>40.0</ele>
        <time>2026-09-15T13:02:01.000Z</time>
        <speed>0.000</speed>
      </trkpt>
      <trkpt lat="50.5029400" lon="-5.0388155">
        <ele>39.8</ele>
        <time>2026-09-15T13:02:06.000Z</time>
        <speed>0.000</speed>
      </trkpt>
      <trkpt lat="50.5029442" lon="-5.0388169">
        <ele>40.2</ele>
        <time>2026-09-15T13:02:11.000Z</time>
        <speed>0.000</speed>
      </trkpt>
      <trkpt lat="50.5029449" lon="-5.0388173">
        <ele>40.0</ele>
        <time>2026-09-15T13:02:16.000Z</time>
        <speed>0.000</speed>
      </trkpt>
      <trkpt lat="50.5029451" lon="-5.0388174">
        <ele>40.0</ele>
        <time>2026-09-15T13:02:21.000Z</time>
        <speed>0.000</speed>
      </trkpt>
      <trkpt lat="50.5029452" lon="-5.0388175">
        <ele>39.4</ele>
        <time>2026-09-15T13:02:26.000Z</time>
        <speed>0.000</speed>
      </trkpt>
      <trkpt lat="50.5029454" lon="-5.0388177">
        <ele>38.0</ele>
        <time>2026-09-15T13:02:31.000Z</time>
        <speed>0.000</speed>
      </trkpt>
      <trkpt lat="50.5029456" lon="-5.0388178">
        <ele>37.4</ele>
        <time>2026-09-15T13:02:36.000Z</time>
        <speed>0.000</speed>
      </trkpt>
      <trkpt lat="50.5029462" lon="-5.0388145">
        <ele>38.0</ele>
        <time>2026-09-15T13:02:41.000Z</time>
        <speed>0.000</speed>
      </trkpt>
      <trkpt lat="50.5029462" lon="-5.0388136">
        <ele>38.0</ele>
        <time>2026-09-15T13:02:46.000Z</time>
        <speed>0.000</speed>
      </trkpt>
      <trkpt lat="50.5029462" lon="-5.0388134">
        <ele>38.6</ele>
        <time>2026-09-15T13:02:51.000Z</time>
        <speed>0.000</speed>
      </trkpt>
      <trkpt lat="50.5029462" lon="-5.0388134">
        <ele>37.6</ele>
        <time>2026-09-15T13:02:56.000Z</time>
        <speed>0.000</speed>
      </trkpt>
      <trkpt lat="50.5029462" lon="-5.0388136">
        <ele>37.8</ele>
        <time>2026-09-15T13:03:01.000Z</time>
        <speed>0.000</speed>
      </trkpt>
      <trkpt lat="50.5029462" lon="-5.0388137">
        <ele>38.0</ele>
        <time>2026-09-15T13:03:06.000Z</time>
        <speed>0.000</speed>
      </trkpt>
      <trkpt lat="50.5029462" lon="-5.0388137">
        <ele>38.8</ele>
        <time>2026-09-15T13:03:11.000Z</time>
        <speed>0.000</speed>
      </trkpt>
      <trkpt lat="50.5029461" lon="-5.0388136">
        <ele>38.6</ele>
        <time>2026-09-15T13:03:16.000Z</time>
        <speed>0.000</speed>
      </trkpt>
      <trkpt lat="50.5029461" lon="-5.0388136">
        <ele>37.8</ele>
        <time>2026-09-15T13:03:21.000Z</time>
        <speed>0.000</speed>
      </trkpt>
      <trkpt lat="50.5029461" lon="-5.0388139">
        <ele>38.0</ele>
        <time>2026-09-15T13:03:26.000Z</time>
        <speed>0.000</speed>
      </trkpt>
      <trkpt lat="50.5029462" lon="-5.0388146">
        <ele>39.0</ele>
        <time>2026-09-15T13:03:31.000Z</time>
        <speed>0.000</speed>
      </trkpt>
      <trkpt lat="50.5029462" lon="-5.0388156">
        <ele>38.0</ele>
        <time>2026-09-15T13:03:36.000Z</time>
        <speed>0.000</speed>
      </trkpt>
      <trkpt lat="50.5029462" lon="-5.0388167">
        <ele>38.0</ele>
        <time>2026-09-15T13:03:41.000Z</time>
        <speed>0.000</speed>
      </trkpt>
      <trkpt lat="50.5029462" lon="-5.0388176">
        <ele>38.8</ele>
        <time>2026-09-15T13:03:46.000Z</time>
        <speed>0.000</speed>
      </trkpt>
      <trkpt lat="50.5029462" lon="-5.0388181">
        <ele>39.2</ele>
        <time>2026-09-15T13:03:51.000Z</time>
        <speed>0.000</speed>
      </trkpt>
      <trkpt lat="50.5029462" lon="-5.0388186">
        <ele>37.4</ele>
        <time>2026-09-15T13:03:56.000Z</time>
        <speed>0.000</speed>
      </trkpt>
      <trkpt lat="50.5029461" lon="-5.0388186">
        <ele>38.2</ele>
        <time>2026-09-15T13:04:01.000Z</time>
        <speed>0.000</speed>
      </trkpt>
      <trkpt lat="50.5029461" lon="-5.0388183">
        <ele>38.2</ele>
        <time>2026-09-15T13:04:06.000Z</time>
        <speed>0.000</speed>
      </trkpt>
      <trkpt lat="50.5029460" lon="-5.0388178">
        <ele>38.4</ele>
        <time>2026-09-15T13:04:11.000Z</time>
        <speed>0.000</speed>
      </trkpt>
      <trkpt lat="50.5029460" lon="-5.0388174">
        <ele>38.6</ele>
        <time>2026-09-15T13:04:16.000Z</time>
        <speed>0.000</speed>
      </trkpt>
      <trkpt lat="50.5029459" lon="-5.0388170">
        <ele>38.8</ele>
        <time>2026-09-15T13:04:21.000Z</time>
        <speed>0.000</speed>
      </trkpt>
      <trkpt lat="50.5029459" lon="-5.0388170">
        <ele>39.6</ele>
        <time>2026-09-15T13:04:26.000Z</time>
        <speed>0.000</speed>
      </trkpt>
      <trkpt lat="50.5029459" lon="-5.0388170">
        <ele>39.0</ele>
        <time>2026-09-15T13:04:31.000Z</time>
        <speed>0.000</speed>
      </trkpt>
      <trkpt lat="50.5029459" lon="-5.0388173">
        <ele>38.8</ele>
        <time>2026-09-15T13:04:36.000Z</time>
        <speed>0.000</speed>
      </trkpt>
      <trkpt lat="50.5029459" lon="-5.0388174">
        <ele>39.2</ele>
        <time>2026-09-15T13:04:41.000Z</time>
        <speed>0.000</speed>
      </trkpt>
      <trkpt lat="50.5029459" lon="-5.0388173">
        <ele>38.4</ele>
        <time>2026-09-15T13:04:46.000Z</time>
        <speed>0.000</speed>
      </trkpt>
      <trkpt lat="50.5029459" lon="-5.0388170">
        <ele>38.0</ele>
        <time>2026-09-15T13:04:51.000Z</time>
        <speed>0.000</speed>
      </trkpt>
      <trkpt lat="50.5029459" lon="-5.0388165">
        <ele>38.4</ele>
        <time>2026-09-15T13:04:56.000Z</time>
        <speed>0.000</speed>
      </trkpt>
      <trkpt lat="50.5029459" lon="-5.0388162">
        <ele>38.8</ele>
        <time>2026-09-15T13:05:01.000Z</time>
        <speed>0.000</speed>
      </trkpt>
      <trkpt lat="50.5029460" lon="-5.0388161">
        <ele>38.2</ele>
        <time>2026-09-15T13:05:06.000Z</time>
        <speed>0.000</speed>
      </trkpt>
      <trkpt lat="50.5029460" lon="-5.0388164">
        <ele>38.2</ele>
        <time>2026-09-15T13:05:11.000Z</time>
        <speed>0.000</speed>
      </trkpt>
      <trkpt lat="50.5029458" lon="-5.0388166">
        <ele>38.4</ele>
        <time>2026-09-15T13:05:16.000Z</time>
        <speed>0.000</speed>
      </trkpt>
      <trkpt lat="50.5029441" lon="-5.0388206">
        <ele>38.2</ele>
        <time>2026-09-15T13:05:21.000Z</time>
        <speed>0.000</speed>
      </trkpt>
      <trkpt lat="50.5029426" lon="-5.0388225">
        <ele>39.8</ele>
        <time>2026-09-15T13:05:26.000Z</time>
        <speed>0.000</speed>
      </trkpt>
      <trkpt lat="50.5029426" lon="-5.0388264">
        <ele>38.8</ele>
        <time>2026-09-15T13:05:31.000Z</time>
        <speed>0.000</speed>
      </trkpt>
      <trkpt lat="50.5029426" lon="-5.0388269">
        <ele>39.0</ele>
        <time>2026-09-15T13:05:36.000Z</time>
        <speed>0.000</speed>
      </trkpt>
      <trkpt lat="50.5029442" lon="-5.0388274">
        <ele>39.6</ele>
        <time>2026-09-15T13:05:41.000Z</time>
        <speed>0.000</speed>
      </trkpt>
      <trkpt lat="50.5029446" lon="-5.0388269">
        <ele>38.8</ele>
        <time>2026-09-15T13:05:46.000Z</time>
        <speed>0.000</speed>
      </trkpt>
      <trkpt lat="50.5029446" lon="-5.0388269">
        <ele>38.4</ele>
        <time>2026-09-15T13:05:51.000Z</time>
        <speed>0.000</speed>
      </trkpt>
      <trkpt lat="50.5029445" lon="-5.0388269">
        <ele>39.0</ele>
        <time>2026-09-15T13:05:56.000Z</time>
        <speed>0.000</speed>
      </trkpt>
      <trkpt lat="50.5029443" lon="-5.0388269">
        <ele>39.0</ele>
        <time>2026-09-15T13:06:01.000Z</time>
        <speed>0.000</speed>
      </trkpt>
      <trkpt lat="50.5029442" lon="-5.0388269">
        <ele>37.8</ele>
        <time>2026-09-15T13:06:06.000Z</time>
        <speed>0.000</speed>
      </trkpt>
      <trkpt lat="50.5029441" lon="-5.0388270">
        <ele>39.8</ele>
        <time>2026-09-15T13:06:11.000Z</time>
        <speed>0.000</speed>
      </trkpt>
      <trkpt lat="50.5029440" lon="-5.0388271">
        <ele>38.8</ele>
        <time>2026-09-15T13:06:16.000Z</time>
        <speed>0.000</speed>
      </trkpt>
      <trkpt lat="50.5029440" lon="-5.0388270">
        <ele>38.4</ele>
        <time>2026-09-15T13:06:21.000Z</time>
        <speed>0.000</speed>
      </trkpt>
      <trkpt lat="50.5029441" lon="-5.0388269">
        <ele>38.8</ele>
        <time>2026-09-15T13:06:26.000Z</time>
        <speed>0.000</speed>
      </trkpt>
      <trkpt lat="50.5029442" lon="-5.0388269">
        <ele>39.0</ele>
        <time>2026-09-15T13:06:31.000Z</time>
        <speed>0.000</speed>
      </trkpt>
      <trkpt lat="50.5029443" lon="-5.0388267">
        <ele>38.6</ele>
        <time>2026-09-15T13:06:36.000Z</time>
        <speed>0.000</speed>
      </trkpt>
      <trkpt lat="50.5029444" lon="-5.0388266">
        <ele>39.2</ele>
        <time>2026-09-15T13:06:41.000Z</time>
        <speed>0.000</speed>
      </trkpt>
      <trkpt lat="50.5029444" lon="-5.0388266">
        <ele>39.2</ele>
        <time>2026-09-15T13:06:46.000Z</time>
        <speed>0.000</speed>
      </trkpt>
      <trkpt lat="50.5029445" lon="-5.0388266">
        <ele>38.6</ele>
        <time>2026-09-15T13:06:51.000Z</time>
        <speed>0.000</speed>
      </trkpt>
      <trkpt lat="50.5029445" lon="-5.0388266">
        <ele>39.2</ele>
        <time>2026-09-15T13:06:56.000Z</time>
        <speed>0.000</speed>
      </trkpt>
      <trkpt lat="50.5029445" lon="-5.0388267">
        <ele>39.2</ele>
        <time>2026-09-15T13:07:01.000Z</time>
        <speed>0.000</speed>
      </trkpt>
      <trkpt lat="50.5029445" lon="-5.0388267">
        <ele>39.0</ele>
        <time>2026-09-15T13:07:06.000Z</time>
        <speed>0.000</speed>
      </trkpt>
      <trkpt lat="50.5029444" lon="-5.0388268">
        <ele>38.8</ele>
        <time>2026-09-15T13:07:11.000Z</time>
        <speed>0.000</speed>
      </trkpt>
      <trkpt lat="50.5029443" lon="-5.0388268">
        <ele>38.8</ele>
        <time>2026-09-15T13:07:16.000Z</time>
        <speed>0.000</speed>
      </trkpt>
      <trkpt lat="50.5029442" lon="-5.0388269">
        <ele>38.8</ele>
        <time>2026-09-15T13:07:21.000Z</time>
        <speed>0.000</speed>
      </trkpt>
      <trkpt lat="50.5029441" lon="-5.0388268">
        <ele>38.8</ele>
        <time>2026-09-15T13:07:26.000Z</time>
        <speed>0.000</speed>
      </trkpt>
      <trkpt lat="50.5029441" lon="-5.0388267">
        <ele>39.0</ele>
        <time>2026-09-15T13:07:31.000Z</time>
        <speed>0.000</speed>
      </trkpt>
      <trkpt lat="50.5029442" lon="-5.0388265">
        <ele>38.8</ele>
        <time>2026-09-15T13:07:36.000Z</time>
        <speed>0.000</speed>
      </trkpt>
      <trkpt lat="50.5029442" lon="-5.0388264">
        <ele>38.8</ele>
        <time>2026-09-15T13:07:41.000Z</time>
        <speed>0.000</speed>
      </trkpt>
      <trkpt lat="50.5029443" lon="-5.0388263">
        <ele>38.8</ele>
        <time>2026-09-15T13:07:46.000Z</time>
        <speed>0.000</speed>
      </trkpt>
      <trkpt lat="50.5029445" lon="-5.0388262">
        <ele>38.4</ele>
        <time>2026-09-15T13:07:51.000Z</time>
        <speed>0.000</speed>
      </trkpt>
      <trkpt lat="50.5029447" lon="-5.0388262">
        <ele>37.8</ele>
        <time>2026-09-15T13:07:56.000Z</time>
        <speed>0.000</speed>
      </trkpt>
      <trkpt lat="50.5029448" lon="-5.0388260">
        <ele>38.6</ele>
        <time>2026-09-15T13:08:01.000Z</time>
        <speed>0.000</speed>
      </trkpt>
      <trkpt lat="50.5029451" lon="-5.0388258">
        <ele>38.8</ele>
        <time>2026-09-15T13:08:06.000Z</time>
        <speed>0.000</speed>
      </trkpt>
      <trkpt lat="50.5029452" lon="-5.0388255">
        <ele>38.8</ele>
        <time>2026-09-15T13:08:11.000Z</time>
        <speed>0.000</speed>
      </trkpt>
      <trkpt lat="50.5029451" lon="-5.0388256">
        <ele>38.8</ele>
        <time>2026-09-15T13:08:16.000Z</time>
        <speed>0.000</speed>
      </trkpt>
      <trkpt lat="50.5029451" lon="-5.0388259">
        <ele>39.8</ele>
        <time>2026-09-15T13:08:21.000Z</time>
        <speed>0.000</speed>
      </trkpt>
      <trkpt lat="50.5029464" lon="-5.0388269">
        <ele>39.8</ele>
        <time>2026-09-15T13:08:26.000Z</time>
        <speed>0.000</speed>
      </trkpt>
      <trkpt lat="50.5029453" lon="-5.0388314">
        <ele>40.0</ele>
        <time>2026-09-15T13:08:31.000Z</time>
        <speed>0.000</speed>
      </trkpt>
      <trkpt lat="50.5029456" lon="-5.0388326">
        <ele>40.0</ele>
        <time>2026-09-15T13:08:36.000Z</time>
        <speed>0.000</speed>
      </trkpt>
      <trkpt lat="50.5029455" lon="-5.0388324">
        <ele>38.8</ele>
        <time>2026-09-15T13:08:41.000Z</time>
        <speed>0.000</speed>
      </trkpt>
      <trkpt lat="50.5029455" lon="-5.0388324">
        <ele>37.8</ele>
        <time>2026-09-15T13:08:46.000Z</time>
        <speed>0.000</speed>
      </trkpt>
      <trkpt lat="50.5029456" lon="-5.0388326">
        <ele>38.6</ele>
        <time>2026-09-15T13:08:51.000Z</time>
        <speed>0.000</speed>
      </trkpt>
      <trkpt lat="50.5029456" lon="-5.0388328">
        <ele>39.2</ele>
        <time>2026-09-15T13:08:56.000Z</time>
        <speed>0.000</speed>
      </trkpt>
      <trkpt lat="50.5029456" lon="-5.0388331">
        <ele>40.0</ele>
        <time>2026-09-15T13:09:01.000Z</time>
        <speed>0.000</speed>
      </trkpt>
      <trkpt lat="50.5029457" lon="-5.0388332">
        <ele>38.4</ele>
        <time>2026-09-15T13:09:06.000Z</time>
        <speed>0.000</speed>
      </trkpt>
      <trkpt lat="50.5029457" lon="-5.0388333">
        <ele>37.8</ele>
        <time>2026-09-15T13:09:11.000Z</time>
        <speed>0.000</speed>
      </trkpt>
      <trkpt lat="50.5029457" lon="-5.0388331">
        <ele>38.2</ele>
        <time>2026-09-15T13:09:16.000Z</time>
        <speed>0.000</speed>
      </trkpt>
      <trkpt lat="50.5029457" lon="-5.0388329">
        <ele>38.0</ele>
        <time>2026-09-15T13:09:21.000Z</time>
        <speed>0.000</speed>
      </trkpt>
      <trkpt lat="50.5029457" lon="-5.0388326">
        <ele>37.4</ele>
        <time>2026-09-15T13:09:26.000Z</time>
        <speed>0.000</speed>
      </trkpt>
      <trkpt lat="50.5029458" lon="-5.0388324">
        <ele>38.4</ele>
        <time>2026-09-15T13:09:31.000Z</time>
        <speed>0.000</speed>
      </trkpt>
      <trkpt lat="50.5029460" lon="-5.0388322">
        <ele>37.8</ele>
        <time>2026-09-15T13:09:36.000Z</time>
        <speed>0.000</speed>
      </trkpt>
      <trkpt lat="50.5029463" lon="-5.0388321">
        <ele>38.6</ele>
        <time>2026-09-15T13:09:41.000Z</time>
        <speed>0.000</speed>
      </trkpt>
      <trkpt lat="50.5029467" lon="-5.0388320">
        <ele>38.8</ele>
        <time>2026-09-15T13:09:46.000Z</time>
        <speed>0.000</speed>
      </trkpt>
      <trkpt lat="50.5029470" lon="-5.0388323">
        <ele>37.6</ele>
        <time>2026-09-15T13:09:51.000Z</time>
        <speed>0.000</speed>
      </trkpt>
      <trkpt lat="50.5029477" lon="-5.0388327">
        <ele>38.0</ele>
        <time>2026-09-15T13:09:56.000Z</time>
        <speed>0.000</speed>
      </trkpt>
      <trkpt lat="50.5029504" lon="-5.0388299">
        <ele>38.2</ele>
        <time>2026-09-15T13:10:01.000Z</time>
        <speed>0.000</speed>
      </trkpt>
      <trkpt lat="50.5029519" lon="-5.0388277">
        <ele>39.6</ele>
        <time>2026-09-15T13:10:06.000Z</time>
        <speed>0.000</speed>
      </trkpt>
      <trkpt lat="50.5029528" lon="-5.0388277">
        <ele>39.8</ele>
        <time>2026-09-15T13:10:11.000Z</time>
        <speed>0.000</speed>
      </trkpt>
      <trkpt lat="50.5029531" lon="-5.0388279">
        <ele>39.4</ele>
        <time>2026-09-15T13:10:16.000Z</time>
        <speed>0.000</speed>
      </trkpt>
      <trkpt lat="50.5029525" lon="-5.0388284">
        <ele>40.2</ele>
        <time>2026-09-15T13:10:21.000Z</time>
        <speed>0.000</speed>
      </trkpt>
      <trkpt lat="50.5029447" lon="-5.0388263">
        <ele>39.6</ele>
        <time>2026-09-15T13:10:26.000Z</time>
        <speed>0.000</speed>
      </trkpt>
      <trkpt lat="50.5029446" lon="-5.0388228">
        <ele>39.0</ele>
        <time>2026-09-15T13:10:31.000Z</time>
        <speed>0.000</speed>
      </trkpt>
      <trkpt lat="50.5029442" lon="-5.0388222">
        <ele>39.2</ele>
        <time>2026-09-15T13:10:36.000Z</time>
        <speed>0.000</speed>
      </trkpt>
      <trkpt lat="50.5029438" lon="-5.0388230">
        <ele>39.8</ele>
        <time>2026-09-15T13:10:41.000Z</time>
        <speed>0.000</speed>
      </trkpt>
      <trkpt lat="50.5029428" lon="-5.0388238">
        <ele>37.8</ele>
        <time>2026-09-15T13:10:46.000Z</time>
        <speed>0.000</speed>
      </trkpt>
      <trkpt lat="50.5029436" lon="-5.0388248">
        <ele>38.0</ele>
        <time>2026-09-15T13:10:51.000Z</time>
        <speed>0.000</speed>
      </trkpt>
      <trkpt lat="50.5029419" lon="-5.0388213">
        <ele>40.0</ele>
        <time>2026-09-15T13:10:56.000Z</time>
        <speed>0.000</speed>
      </trkpt>
      <trkpt lat="50.5029436" lon="-5.0388259">
        <ele>39.4</ele>
        <time>2026-09-15T13:11:01.000Z</time>
        <speed>0.000</speed>
      </trkpt>
      <trkpt lat="50.5029441" lon="-5.0388263">
        <ele>37.6</ele>
        <time>2026-09-15T13:11:06.000Z</time>
        <speed>0.000</speed>
      </trkpt>
      <trkpt lat="50.5029442" lon="-5.0388263">
        <ele>38.4</ele>
        <time>2026-09-15T13:11:11.000Z</time>
        <speed>0.000</speed>
      </trkpt>
      <trkpt lat="50.5029442" lon="-5.0388262">
        <ele>38.6</ele>
        <time>2026-09-15T13:11:16.000Z</time>
        <speed>0.000</speed>
      </trkpt>
      <trkpt lat="50.5029441" lon="-5.0388262">
        <ele>38.8</ele>
        <time>2026-09-15T13:11:21.000Z</time>
        <speed>0.000</speed>
      </trkpt>
      <trkpt lat="50.5029441" lon="-5.0388261">
        <ele>38.6</ele>
        <time>2026-09-15T13:11:26.000Z</time>
        <speed>0.000</speed>
      </trkpt>
      <trkpt lat="50.5029442" lon="-5.0388261">
        <ele>39.4</ele>
        <time>2026-09-15T13:11:31.000Z</time>
        <speed>0.000</speed>
      </trkpt>
      <trkpt lat="50.5029444" lon="-5.0388260">
        <ele>39.0</ele>
        <time>2026-09-15T13:11:36.000Z</time>
        <speed>0.000</speed>
      </trkpt>
      <trkpt lat="50.5029447" lon="-5.0388259">
        <ele>37.8</ele>
        <time>2026-09-15T13:11:41.000Z</time>
        <speed>0.000</speed>
      </trkpt>
      <trkpt lat="50.5029450" lon="-5.0388259">
        <ele>39.0</ele>
        <time>2026-09-15T13:11:46.000Z</time>
        <speed>0.000</speed>
      </trkpt>
      <trkpt lat="50.5029452" lon="-5.0388259">
        <ele>39.0</ele>
        <time>2026-09-15T13:11:51.000Z</time>
        <speed>0.000</speed>
      </trkpt>
      <trkpt lat="50.5029454" lon="-5.0388259">
        <ele>38.6</ele>
        <time>2026-09-15T13:11:56.000Z</time>
        <speed>0.000</speed>
      </trkpt>
      <trkpt lat="50.5029454" lon="-5.0388259">
        <ele>37.6</ele>
        <time>2026-09-15T13:12:01.000Z</time>
        <speed>0.000</speed>
      </trkpt>
      <trkpt lat="50.5029448" lon="-5.0388255">
        <ele>38.0</ele>
        <time>2026-09-15T13:12:06.000Z</time>
        <speed>0.000</speed>
      </trkpt>
      <trkpt lat="50.5029418" lon="-5.0388307">
        <ele>39.2</ele>
        <time>2026-09-15T13:12:11.000Z</time>
        <speed>0.000</speed>
      </trkpt>
      <trkpt lat="50.5029426" lon="-5.0388244">
        <ele>40.2</ele>
        <time>2026-09-15T13:12:16.000Z</time>
        <speed>0.000</speed>
      </trkpt>
      <trkpt lat="50.5029425" lon="-5.0388252">
        <ele>39.0</ele>
        <time>2026-09-15T13:12:21.000Z</time>
        <speed>0.000</speed>
      </trkpt>
      <trkpt lat="50.5029426" lon="-5.0388253">
        <ele>37.8</ele>
        <time>2026-09-15T13:12:26.000Z</time>
        <speed>0.000</speed>
      </trkpt>
      <trkpt lat="50.5029421" lon="-5.0388252">
        <ele>37.4</ele>
        <time>2026-09-15T13:12:31.000Z</time>
        <speed>0.000</speed>
      </trkpt>
      <trkpt lat="50.5029417" lon="-5.0388251">
        <ele>37.6</ele>
        <time>2026-09-15T13:12:36.000Z</time>
        <speed>0.000</speed>
      </trkpt>
      <trkpt lat="50.5029415" lon="-5.0388250">
        <ele>38.8</ele>
        <time>2026-09-15T13:12:41.000Z</time>
        <speed>0.000</speed>
      </trkpt>
      <trkpt lat="50.5029410" lon="-5.0388250">
        <ele>38.2</ele>
        <time>2026-09-15T13:12:46.000Z</time>
        <speed>0.000</speed>
      </trkpt>
      <trkpt lat="50.5029406" lon="-5.0388249">
        <ele>37.2</ele>
        <time>2026-09-15T13:12:51.000Z</time>
        <speed>0.000</speed>
      </trkpt>
      <trkpt lat="50.5029402" lon="-5.0388249">
        <ele>38.4</ele>
        <time>2026-09-15T13:12:56.000Z</time>
        <speed>0.000</speed>
      </trkpt>
      <trkpt lat="50.5029398" lon="-5.0388249">
        <ele>38.0</ele>
        <time>2026-09-15T13:13:01.000Z</time>
        <speed>0.000</speed>
      </trkpt>
      <trkpt lat="50.5029396" lon="-5.0388249">
        <ele>38.0</ele>
        <time>2026-09-15T13:13:06.000Z</time>
        <speed>0.000</speed>
      </trkpt>
      <trkpt lat="50.5029395" lon="-5.0388248">
        <ele>37.6</ele>
        <time>2026-09-15T13:13:11.000Z</time>
        <speed>0.000</speed>
      </trkpt>
      <trkpt lat="50.5029394" lon="-5.0388248">
        <ele>38.8</ele>
        <time>2026-09-15T13:13:16.000Z</time>
        <speed>0.000</speed>
      </trkpt>
      <trkpt lat="50.5029394" lon="-5.0388248">
        <ele>38.8</ele>
        <time>2026-09-15T13:13:21.000Z</time>
        <speed>0.000</speed>
      </trkpt>
      <trkpt lat="50.5029393" lon="-5.0388248">
        <ele>38.0</ele>
        <time>2026-09-15T13:13:26.000Z</time>
        <speed>0.000</speed>
      </trkpt>
      <trkpt lat="50.5029392" lon="-5.0388248">
        <ele>38.6</ele>
        <time>2026-09-15T13:13:31.000Z</time>
        <speed>0.000</speed>
      </trkpt>
      <trkpt lat="50.5029391" lon="-5.0388248">
        <ele>38.4</ele>
        <time>2026-09-15T13:13:36.000Z</time>
        <speed>0.000</speed>
      </trkpt>
      <trkpt lat="50.5029392" lon="-5.0388248">
        <ele>38.8</ele>
        <time>2026-09-15T13:13:41.000Z</time>
        <speed>0.000</speed>
      </trkpt>
      <trkpt lat="50.5029393" lon="-5.0388248">
        <ele>39.0</ele>
        <time>2026-09-15T13:13:46.000Z</time>
        <speed>0.000</speed>
      </trkpt>
      <trkpt lat="50.5029395" lon="-5.0388248">
        <ele>39.2</ele>
        <time>2026-09-15T13:13:51.000Z</time>
        <speed>0.000</speed>
      </trkpt>
      <trkpt lat="50.5029399" lon="-5.0388247">
        <ele>40.8</ele>
        <time>2026-09-15T13:13:56.000Z</time>
        <speed>0.000</speed>
      </trkpt>
      <trkpt lat="50.5029400" lon="-5.0388247">
        <ele>39.4</ele>
        <time>2026-09-15T13:14:01.000Z</time>
        <speed>0.000</speed>
      </trkpt>
      <trkpt lat="50.5029400" lon="-5.0388246">
        <ele>38.0</ele>
        <time>2026-09-15T13:14:06.000Z</time>
        <speed>0.000</speed>
      </trkpt>
      <trkpt lat="50.5029400" lon="-5.0388245">
        <ele>39.0</ele>
        <time>2026-09-15T13:14:11.000Z</time>
        <speed>0.000</speed>
      </trkpt>
      <trkpt lat="50.5029400" lon="-5.0388243">
        <ele>38.6</ele>
        <time>2026-09-15T13:14:16.000Z</time>
        <speed>0.000</speed>
      </trkpt>
      <trkpt lat="50.5029402" lon="-5.0388243">
        <ele>39.2</ele>
        <time>2026-09-15T13:14:21.000Z</time>
        <speed>0.000</speed>
      </trkpt>
      <trkpt lat="50.5029405" lon="-5.0388243">
        <ele>38.8</ele>
        <time>2026-09-15T13:14:26.000Z</time>
        <speed>0.000</speed>
      </trkpt>
      <trkpt lat="50.5029408" lon="-5.0388243">
        <ele>38.4</ele>
        <time>2026-09-15T13:14:31.000Z</time>
        <speed>0.000</speed>
      </trkpt>
      <trkpt lat="50.5029410" lon="-5.0388243">
        <ele>38.4</ele>
        <time>2026-09-15T13:14:36.000Z</time>
        <speed>0.000</speed>
      </trkpt>
      <trkpt lat="50.5029412" lon="-5.0388244">
        <ele>39.0</ele>
        <time>2026-09-15T13:14:41.000Z</time>
        <speed>0.000</speed>
      </trkpt>
      <trkpt lat="50.5029414" lon="-5.0388244">
        <ele>38.8</ele>
        <time>2026-09-15T13:14:46.000Z</time>
        <speed>0.000</speed>
      </trkpt>
      <trkpt lat="50.5029415" lon="-5.0388243">
        <ele>38.8</ele>
        <time>2026-09-15T13:14:51.000Z</time>
        <speed>0.000</speed>
      </trkpt>
      <trkpt lat="50.5029416" lon="-5.0388243">
        <ele>39.6</ele>
        <time>2026-09-15T13:14:56.000Z</time>
        <speed>0.000</speed>
      </trkpt>
      <trkpt lat="50.5029417" lon="-5.0388242">
        <ele>39.6</ele>
        <time>2026-09-15T13:15:01.000Z</time>
        <speed>0.000</speed>
      </trkpt>
      <trkpt lat="50.5029418" lon="-5.0388242">
        <ele>39.8</ele>
        <time>2026-09-15T13:15:06.000Z</time>
        <speed>0.000</speed>
      </trkpt>
      <trkpt lat="50.5029418" lon="-5.0388242">
        <ele>40.2</ele>
        <time>2026-09-15T13:15:11.000Z</time>
        <speed>0.000</speed>
      </trkpt>
      <trkpt lat="50.5029418" lon="-5.0388241">
        <ele>39.4</ele>
        <time>2026-09-15T13:15:16.000Z</time>
        <speed>0.000</speed>
      </trkpt>
      <trkpt lat="50.5029419" lon="-5.0388241">
        <ele>39.8</ele>
        <time>2026-09-15T13:15:21.000Z</time>
        <speed>0.000</speed>
      </trkpt>
      <trkpt lat="50.5029419" lon="-5.0388241">
        <ele>39.6</ele>
        <time>2026-09-15T13:15:26.000Z</time>
        <speed>0.000</speed>
      </trkpt>
      <trkpt lat="50.5029419" lon="-5.0388242">
        <ele>39.2</ele>
        <time>2026-09-15T13:15:31.000Z</time>
        <speed>0.000</speed>
      </trkpt>
      <trkpt lat="50.5029419" lon="-5.0388243">
        <ele>39.2</ele>
        <time>2026-09-15T13:15:36.000Z</time>
        <speed>0.000</speed>
      </trkpt>
      <trkpt lat="50.5029419" lon="-5.0388244">
        <ele>39.0</ele>
        <time>2026-09-15T13:15:41.000Z</time>
        <speed>0.000</speed>
      </trkpt>
      <trkpt lat="50.5029419" lon="-5.0388245">
        <ele>39.0</ele>
        <time>2026-09-15T13:15:46.000Z</time>
        <speed>0.000</speed>
      </trkpt>
      <trkpt lat="50.5029418" lon="-5.0388245">
        <ele>39.4</ele>
        <time>2026-09-15T13:15:51.000Z</time>
        <speed>0.000</speed>
      </trkpt>
      <trkpt lat="50.5029419" lon="-5.0388245">
        <ele>38.8</ele>
        <time>2026-09-15T13:15:56.000Z</time>
        <speed>0.000</speed>
      </trkpt>
      <trkpt lat="50.5029421" lon="-5.0388245">
        <ele>39.0</ele>
        <time>2026-09-15T13:16:01.000Z</time>
        <speed>0.000</speed>
      </trkpt>
      <trkpt lat="50.5029423" lon="-5.0388245">
        <ele>39.4</ele>
        <time>2026-09-15T13:16:06.000Z</time>
        <speed>0.000</speed>
      </trkpt>
      <trkpt lat="50.5029425" lon="-5.0388246">
        <ele>39.0</ele>
        <time>2026-09-15T13:16:11.000Z</time>
        <speed>0.000</speed>
      </trkpt>
      <trkpt lat="50.5029426" lon="-5.0388246">
        <ele>39.0</ele>
        <time>2026-09-15T13:16:16.000Z</time>
        <speed>0.000</speed>
      </trkpt>
      <trkpt lat="50.5029431" lon="-5.0388231">
        <ele>39.2</ele>
        <time>2026-09-15T13:16:21.000Z</time>
        <speed>0.000</speed>
      </trkpt>
      <trkpt lat="50.5029440" lon="-5.0388186">
        <ele>39.8</ele>
        <time>2026-09-15T13:16:26.000Z</time>
        <speed>0.000</speed>
      </trkpt>
      <trkpt lat="50.5029438" lon="-5.0388186">
        <ele>39.4</ele>
        <time>2026-09-15T13:16:31.000Z</time>
        <speed>0.000</speed>
      </trkpt>
      <trkpt lat="50.5029435" lon="-5.0388189">
        <ele>39.4</ele>
        <time>2026-09-15T13:16:36.000Z</time>
        <speed>0.000</speed>
      </trkpt>
      <trkpt lat="50.5029431" lon="-5.0388191">
        <ele>39.4</ele>
        <time>2026-09-15T13:16:41.000Z</time>
        <speed>0.000</speed>
      </trkpt>
      <trkpt lat="50.5029427" lon="-5.0388195">
        <ele>39.2</ele>
        <time>2026-09-15T13:16:46.000Z</time>
        <speed>0.000</speed>
      </trkpt>
      <trkpt lat="50.5029423" lon="-5.0388198">
        <ele>39.6</ele>
        <time>2026-09-15T13:16:51.000Z</time>
        <speed>0.000</speed>
      </trkpt>
      <trkpt lat="50.5029421" lon="-5.0388202">
        <ele>39.2</ele>
        <time>2026-09-15T13:16:56.000Z</time>
        <speed>0.000</speed>
      </trkpt>
      <trkpt lat="50.5029416" lon="-5.0388205">
        <ele>39.0</ele>
        <time>2026-09-15T13:17:01.000Z</time>
        <speed>0.000</speed>
      </trkpt>
      <trkpt lat="50.5029410" lon="-5.0388209">
        <ele>39.2</ele>
        <time>2026-09-15T13:17:06.000Z</time>
        <speed>0.000</speed>
      </trkpt>
      <trkpt lat="50.5029405" lon="-5.0388212">
        <ele>39.4</ele>
        <time>2026-09-15T13:17:11.000Z</time>
        <speed>0.000</speed>
      </trkpt>
      <trkpt lat="50.5029399" lon="-5.0388217">
        <ele>39.4</ele>
        <time>2026-09-15T13:17:16.000Z</time>
        <speed>0.000</speed>
      </trkpt>
      <trkpt lat="50.5029394" lon="-5.0388220">
        <ele>38.8</ele>
        <time>2026-09-15T13:17:21.000Z</time>
        <speed>0.000</speed>
      </trkpt>
      <trkpt lat="50.5029389" lon="-5.0388222">
        <ele>39.2</ele>
        <time>2026-09-15T13:17:26.000Z</time>
        <speed>0.000</speed>
      </trkpt>
      <trkpt lat="50.5029386" lon="-5.0388224">
        <ele>39.0</ele>
        <time>2026-09-15T13:17:31.000Z</time>
        <speed>0.000</speed>
      </trkpt>
      <trkpt lat="50.5029385" lon="-5.0388226">
        <ele>39.6</ele>
        <time>2026-09-15T13:17:36.000Z</time>
        <speed>0.000</speed>
      </trkpt>
      <trkpt lat="50.5029392" lon="-5.0388227">
        <ele>40.2</ele>
        <time>2026-09-15T13:17:41.000Z</time>
        <speed>0.000</speed>
      </trkpt>
      <trkpt lat="50.5029435" lon="-5.0388077">
        <ele>40.6</ele>
        <time>2026-09-15T13:17:46.000Z</time>
        <speed>0.000</speed>
      </trkpt>
      <trkpt lat="50.5029481" lon="-5.0388093">
        <ele>39.6</ele>
        <time>2026-09-15T13:17:51.000Z</time>
        <speed>0.000</speed>
      </trkpt>
      <trkpt lat="50.5029527" lon="-5.0388082">
        <ele>40.6</ele>
        <time>2026-09-15T13:17:56.000Z</time>
        <speed>0.000</speed>
      </trkpt>
      <trkpt lat="50.5029411" lon="-5.0388023">
        <ele>40.6</ele>
        <time>2026-09-15T13:18:01.000Z</time>
        <speed>0.000</speed>
      </trkpt>
      <trkpt lat="50.5029038" lon="-5.0388018">
        <ele>40.4</ele>
        <time>2026-09-15T13:18:06.000Z</time>
        <speed>0.000</speed>
      </trkpt>
      <trkpt lat="50.5028606" lon="-5.0387742">
        <ele>41.4</ele>
        <time>2026-09-15T13:18:11.000Z</time>
        <speed>0.616</speed>
      </trkpt>
      <trkpt lat="50.5028148" lon="-5.0387573">
        <ele>42.0</ele>
        <time>2026-09-15T13:18:16.000Z</time>
        <speed>1.269</speed>
      </trkpt>
      <trkpt lat="50.5027630" lon="-5.0387697">
        <ele>42.6</ele>
        <time>2026-09-15T13:18:21.000Z</time>
        <speed>1.269</speed>
      </trkpt>
      <trkpt lat="50.5027051" lon="-5.0387865">
        <ele>43.0</ele>
        <time>2026-09-15T13:18:26.000Z</time>
        <speed>1.241</speed>
      </trkpt>
      <trkpt lat="50.5026561" lon="-5.0388230">
        <ele>43.0</ele>
        <time>2026-09-15T13:18:31.000Z</time>
        <speed>1.297</speed>
      </trkpt>
      <trkpt lat="50.5026138" lon="-5.0388591">
        <ele>44.4</ele>
        <time>2026-09-15T13:18:36.000Z</time>
        <speed>1.222</speed>
      </trkpt>
      <trkpt lat="50.5025666" lon="-5.0388837">
        <ele>43.2</ele>
        <time>2026-09-15T13:18:41.000Z</time>
        <speed>1.297</speed>
      </trkpt>
      <trkpt lat="50.5025206" lon="-5.0389227">
        <ele>44.4</ele>
        <time>2026-09-15T13:18:46.000Z</time>
        <speed>1.260</speed>
      </trkpt>
      <trkpt lat="50.5024811" lon="-5.0389680">
        <ele>45.6</ele>
        <time>2026-09-15T13:18:51.000Z</time>
        <speed>1.269</speed>
      </trkpt>
      <trkpt lat="50.5024477" lon="-5.0390057">
        <ele>46.2</ele>
        <time>2026-09-15T13:18:56.000Z</time>
        <speed>1.213</speed>
      </trkpt>
      <trkpt lat="50.5024212" lon="-5.0390484">
        <ele>46.0</ele>
        <time>2026-09-15T13:19:01.000Z</time>
        <speed>1.092</speed>
      </trkpt>
      <trkpt lat="50.5024137" lon="-5.0390747">
        <ele>46.6</ele>
        <time>2026-09-15T13:19:06.000Z</time>
        <speed>0.961</speed>
      </trkpt>
      <trkpt lat="50.5024135" lon="-5.0390763">
        <ele>46.4</ele>
        <time>2026-09-15T13:19:11.000Z</time>
        <speed>0.000</speed>
      </trkpt>
      <trkpt lat="50.5024139" lon="-5.0390763">
        <ele>46.4</ele>
        <time>2026-09-15T13:19:16.000Z</time>
        <speed>0.000</speed>
      </trkpt>
      <trkpt lat="50.5024146" lon="-5.0390763">
        <ele>46.8</ele>
        <time>2026-09-15T13:19:21.000Z</time>
        <speed>0.000</speed>
      </trkpt>
      <trkpt lat="50.5024155" lon="-5.0390772">
        <ele>45.8</ele>
        <time>2026-09-15T13:19:26.000Z</time>
        <speed>0.000</speed>
      </trkpt>
      <trkpt lat="50.5024104" lon="-5.0390952">
        <ele>45.8</ele>
        <time>2026-09-15T13:19:31.000Z</time>
        <speed>0.000</speed>
      </trkpt>
      <trkpt lat="50.5024089" lon="-5.0390973">
        <ele>45.8</ele>
        <time>2026-09-15T13:19:36.000Z</time>
        <speed>0.000</speed>
      </trkpt>
      <trkpt lat="50.5024088" lon="-5.0391066">
        <ele>45.8</ele>
        <time>2026-09-15T13:19:41.000Z</time>
        <speed>0.000</speed>
      </trkpt>
      <trkpt lat="50.5024106" lon="-5.0391445">
        <ele>45.8</ele>
        <time>2026-09-15T13:19:46.000Z</time>
        <speed>0.000</speed>
      </trkpt>
      <trkpt lat="50.5024110" lon="-5.0391469">
        <ele>46.2</ele>
        <time>2026-09-15T13:19:51.000Z</time>
        <speed>0.000</speed>
      </trkpt>
      <trkpt lat="50.5024147" lon="-5.0391891">
        <ele>46.0</ele>
        <time>2026-09-15T13:19:56.000Z</time>
        <speed>0.000</speed>
      </trkpt>
      <trkpt lat="50.5024118" lon="-5.0392664">
        <ele>46.2</ele>
        <time>2026-09-15T13:20:01.000Z</time>
        <speed>1.204</speed>
      </trkpt>
      <trkpt lat="50.5024037" lon="-5.0393537">
        <ele>46.2</ele>
        <time>2026-09-15T13:20:06.000Z</time>
        <speed>1.306</speed>
      </trkpt>
      <trkpt lat="50.5023893" lon="-5.0394304">
        <ele>46.4</ele>
        <time>2026-09-15T13:20:11.000Z</time>
        <speed>1.306</speed>
      </trkpt>
      <trkpt lat="50.5023654" lon="-5.0395095">
        <ele>46.4</ele>
        <time>2026-09-15T13:20:16.000Z</time>
        <speed>1.288</speed>
      </trkpt>
      <trkpt lat="50.5023374" lon="-5.0395837">
        <ele>47.0</ele>
        <time>2026-09-15T13:20:21.000Z</time>
        <speed>1.269</speed>
      </trkpt>
      <trkpt lat="50.5023070" lon="-5.0396639">
        <ele>47.4</ele>
        <time>2026-09-15T13:20:26.000Z</time>
        <speed>1.297</speed>
      </trkpt>
      <trkpt lat="50.5022727" lon="-5.0397349">
        <ele>47.8</ele>
        <time>2026-09-15T13:20:31.000Z</time>
        <speed>1.306</speed>
      </trkpt>
      <trkpt lat="50.5022445" lon="-5.0398127">
        <ele>49.0</ele>
        <time>2026-09-15T13:20:36.000Z</time>
        <speed>1.325</speed>
      </trkpt>
      <trkpt lat="50.5022170" lon="-5.0398937">
        <ele>48.4</ele>
        <time>2026-09-15T13:20:41.000Z</time>
        <speed>1.325</speed>
      </trkpt>
      <trkpt lat="50.5021917" lon="-5.0399744">
        <ele>48.0</ele>
        <time>2026-09-15T13:20:46.000Z</time>
        <speed>1.344</speed>
      </trkpt>
      <trkpt lat="50.5021801" lon="-5.0400656">
        <ele>47.6</ele>
        <time>2026-09-15T13:20:51.000Z</time>
        <speed>1.372</speed>
      </trkpt>
      <trkpt lat="50.5021660" lon="-5.0401555">
        <ele>48.2</ele>
        <time>2026-09-15T13:20:56.000Z</time>
        <speed>1.372</speed>
      </trkpt>
      <trkpt lat="50.5021631" lon="-5.0402494">
        <ele>49.6</ele>
        <time>2026-09-15T13:21:01.000Z</time>
        <speed>1.372</speed>
      </trkpt>
      <trkpt lat="50.5021710" lon="-5.0403412">
        <ele>50.4</ele>
        <time>2026-09-15T13:21:06.000Z</time>
        <speed>1.362</speed>
      </trkpt>
      <trkpt lat="50.5021821" lon="-5.0404363">
        <ele>48.8</ele>
        <time>2026-09-15T13:21:11.000Z</time>
        <speed>1.390</speed>
      </trkpt>
      <trkpt lat="50.5021900" lon="-5.0405235">
        <ele>47.4</ele>
        <time>2026-09-15T13:21:16.000Z</time>
        <speed>1.381</speed>
      </trkpt>
      <trkpt lat="50.5022075" lon="-5.0406182">
        <ele>47.6</ele>
        <time>2026-09-15T13:21:21.000Z</time>
        <speed>1.353</speed>
      </trkpt>
      <trkpt lat="50.5022231" lon="-5.0407127">
        <ele>47.0</ele>
        <time>2026-09-15T13:21:26.000Z</time>
        <speed>1.390</speed>
      </trkpt>
      <trkpt lat="50.5022413" lon="-5.0408052">
        <ele>46.4</ele>
        <time>2026-09-15T13:21:31.000Z</time>
        <speed>1.400</speed>
      </trkpt>
      <trkpt lat="50.5022511" lon="-5.0408966">
        <ele>44.6</ele>
        <time>2026-09-15T13:21:36.000Z</time>
        <speed>1.400</speed>
      </trkpt>
      <trkpt lat="50.5022591" lon="-5.0409936">
        <ele>45.0</ele>
        <time>2026-09-15T13:21:41.000Z</time>
        <speed>1.381</speed>
      </trkpt>
      <trkpt lat="50.5022696" lon="-5.0410928">
        <ele>45.4</ele>
        <time>2026-09-15T13:21:46.000Z</time>
        <speed>1.400</speed>
      </trkpt>
      <trkpt lat="50.5022778" lon="-5.0411890">
        <ele>45.8</ele>
        <time>2026-09-15T13:21:51.000Z</time>
        <speed>1.409</speed>
      </trkpt>
      <trkpt lat="50.5022809" lon="-5.0412880">
        <ele>46.2</ele>
        <time>2026-09-15T13:21:56.000Z</time>
        <speed>1.418</speed>
      </trkpt>
      <trkpt lat="50.5022838" lon="-5.0413751">
        <ele>45.6</ele>
        <time>2026-09-15T13:22:01.000Z</time>
        <speed>1.437</speed>
      </trkpt>
      <trkpt lat="50.5022951" lon="-5.0414625">
        <ele>46.6</ele>
        <time>2026-09-15T13:22:06.000Z</time>
        <speed>1.409</speed>
      </trkpt>
      <trkpt lat="50.5022928" lon="-5.0415432">
        <ele>47.4</ele>
        <time>2026-09-15T13:22:11.000Z</time>
        <speed>1.372</speed>
      </trkpt>
      <trkpt lat="50.5022725" lon="-5.0415993">
        <ele>47.8</ele>
        <time>2026-09-15T13:22:16.000Z</time>
        <speed>1.316</speed>
      </trkpt>
      <trkpt lat="50.5022327" lon="-5.0415962">
        <ele>47.8</ele>
        <time>2026-09-15T13:22:21.000Z</time>
        <speed>1.250</speed>
      </trkpt>
      <trkpt lat="50.5022009" lon="-5.0415651">
        <ele>45.6</ele>
        <time>2026-09-15T13:22:26.000Z</time>
        <speed>1.073</speed>
      </trkpt>
      <trkpt lat="50.5021473" lon="-5.0415168">
        <ele>45.8</ele>
        <time>2026-09-15T13:22:31.000Z</time>
        <speed>1.344</speed>
      </trkpt>
      <trkpt lat="50.5020889" lon="-5.0414758">
        <ele>46.6</ele>
        <time>2026-09-15T13:22:36.000Z</time>
        <speed>1.456</speed>
      </trkpt>
      <trkpt lat="50.5020344" lon="-5.0414396">
        <ele>46.4</ele>
        <time>2026-09-15T13:22:41.000Z</time>
        <speed>1.390</speed>
      </trkpt>
      <trkpt lat="50.5019801" lon="-5.0413918">
        <ele>46.2</ele>
        <time>2026-09-15T13:22:46.000Z</time>
        <speed>1.372</speed>
      </trkpt>
      <trkpt lat="50.5019340" lon="-5.0413541">
        <ele>46.8</ele>
        <time>2026-09-15T13:22:51.000Z</time>
        <speed>1.353</speed>
      </trkpt>
      <trkpt lat="50.5018853" lon="-5.0413177">
        <ele>46.8</ele>
        <time>2026-09-15T13:22:56.000Z</time>
        <speed>1.334</speed>
      </trkpt>
      <trkpt lat="50.5018370" lon="-5.0412863">
        <ele>46.8</ele>
        <time>2026-09-15T13:23:01.000Z</time>
        <speed>1.306</speed>
      </trkpt>
      <trkpt lat="50.5018005" lon="-5.0412662">
        <ele>47.0</ele>
        <time>2026-09-15T13:23:06.000Z</time>
        <speed>1.185</speed>
      </trkpt>
      <trkpt lat="50.5017539" lon="-5.0412444">
        <ele>47.6</ele>
        <time>2026-09-15T13:23:11.000Z</time>
        <speed>1.148</speed>
      </trkpt>
      <trkpt lat="50.5016956" lon="-5.0412282">
        <ele>47.0</ele>
        <time>2026-09-15T13:23:16.000Z</time>
        <speed>1.157</speed>
      </trkpt>
      <trkpt lat="50.5016610" lon="-5.0412295">
        <ele>47.8</ele>
        <time>2026-09-15T13:23:21.000Z</time>
        <speed>1.166</speed>
      </trkpt>
      <trkpt lat="50.5016258" lon="-5.0412138">
        <ele>48.4</ele>
        <time>2026-09-15T13:23:26.000Z</time>
        <speed>0.000</speed>
      </trkpt>
      <trkpt lat="50.5015686" lon="-5.0411921">
        <ele>48.2</ele>
        <time>2026-09-15T13:23:31.000Z</time>
        <speed>1.138</speed>
      </trkpt>
      <trkpt lat="50.5015170" lon="-5.0411830">
        <ele>47.8</ele>
        <time>2026-09-15T13:23:36.000Z</time>
        <speed>1.344</speed>
      </trkpt>
      <trkpt lat="50.5014647" lon="-5.0411614">
        <ele>48.0</ele>
        <time>2026-09-15T13:23:41.000Z</time>
        <speed>1.222</speed>
      </trkpt>
      <trkpt lat="50.5014198" lon="-5.0411339">
        <ele>47.6</ele>
        <time>2026-09-15T13:23:46.000Z</time>
        <speed>1.185</speed>
      </trkpt>
      <trkpt lat="50.5013779" lon="-5.0411059">
        <ele>48.0</ele>
        <time>2026-09-15T13:23:51.000Z</time>
        <speed>1.185</speed>
      </trkpt>
      <trkpt lat="50.5013308" lon="-5.0410716">
        <ele>47.0</ele>
        <time>2026-09-15T13:23:56.000Z</time>
        <speed>1.073</speed>
      </trkpt>
      <trkpt lat="50.5012818" lon="-5.0410361">
        <ele>47.8</ele>
        <time>2026-09-15T13:24:01.000Z</time>
        <speed>1.166</speed>
      </trkpt>
      <trkpt lat="50.5012331" lon="-5.0410222">
        <ele>47.2</ele>
        <time>2026-09-15T13:24:06.000Z</time>
        <speed>1.185</speed>
      </trkpt>
      <trkpt lat="50.5011886" lon="-5.0410743">
        <ele>48.0</ele>
        <time>2026-09-15T13:24:11.000Z</time>
        <speed>1.204</speed>
      </trkpt>
      <trkpt lat="50.5011418" lon="-5.0411207">
        <ele>48.0</ele>
        <time>2026-09-15T13:24:16.000Z</time>
        <speed>1.241</speed>
      </trkpt>
      <trkpt lat="50.5010946" lon="-5.0411693">
        <ele>48.2</ele>
        <time>2026-09-15T13:24:21.000Z</time>
        <speed>1.222</speed>
      </trkpt>
      <trkpt lat="50.5010436" lon="-5.0411825">
        <ele>48.2</ele>
        <time>2026-09-15T13:24:26.000Z</time>
        <speed>1.222</speed>
      </trkpt>
      <trkpt lat="50.5010006" lon="-5.0411486">
        <ele>48.2</ele>
        <time>2026-09-15T13:24:31.000Z</time>
        <speed>1.166</speed>
      </trkpt>
      <trkpt lat="50.5009604" lon="-5.0410991">
        <ele>49.2</ele>
        <time>2026-09-15T13:24:36.000Z</time>
        <speed>1.138</speed>
      </trkpt>
      <trkpt lat="50.5009131" lon="-5.0410521">
        <ele>50.6</ele>
        <time>2026-09-15T13:24:41.000Z</time>
        <speed>1.120</speed>
      </trkpt>
      <trkpt lat="50.5008677" lon="-5.0410023">
        <ele>51.0</ele>
        <time>2026-09-15T13:24:46.000Z</time>
        <speed>1.176</speed>
      </trkpt>
      <trkpt lat="50.5008348" lon="-5.0409312">
        <ele>50.2</ele>
        <time>2026-09-15T13:24:51.000Z</time>
        <speed>1.157</speed>
      </trkpt>
      <trkpt lat="50.5007958" lon="-5.0408565">
        <ele>49.0</ele>
        <time>2026-09-15T13:24:56.000Z</time>
        <speed>1.222</speed>
      </trkpt>
      <trkpt lat="50.5007493" lon="-5.0407817">
        <ele>48.8</ele>
        <time>2026-09-15T13:25:01.000Z</time>
        <speed>1.288</speed>
      </trkpt>
      <trkpt lat="50.5007058" lon="-5.0407109">
        <ele>49.2</ele>
        <time>2026-09-15T13:25:06.000Z</time>
        <speed>1.362</speed>
      </trkpt>
      <trkpt lat="50.5006644" lon="-5.0406379">
        <ele>49.4</ele>
        <time>2026-09-15T13:25:11.000Z</time>
        <speed>1.381</speed>
      </trkpt>
      <trkpt lat="50.5006164" lon="-5.0405772">
        <ele>49.2</ele>
        <time>2026-09-15T13:25:16.000Z</time>
        <speed>1.344</speed>
      </trkpt>
      <trkpt lat="50.5005610" lon="-5.0405404">
        <ele>49.8</ele>
        <time>2026-09-15T13:25:21.000Z</time>
        <speed>1.381</speed>
      </trkpt>
      <trkpt lat="50.5005090" lon="-5.0405026">
        <ele>49.4</ele>
        <time>2026-09-15T13:25:26.000Z</time>
        <speed>1.353</speed>
      </trkpt>
      <trkpt lat="50.5004558" lon="-5.0404713">
        <ele>49.6</ele>
        <time>2026-09-15T13:25:31.000Z</time>
        <speed>1.334</speed>
      </trkpt>
      <trkpt lat="50.5004046" lon="-5.0404234">
        <ele>49.8</ele>
        <time>2026-09-15T13:25:36.000Z</time>
        <speed>1.344</speed>
      </trkpt>
      <trkpt lat="50.5003613" lon="-5.0403652">
        <ele>50.6</ele>
        <time>2026-09-15T13:25:41.000Z</time>
        <speed>1.306</speed>
      </trkpt>
      <trkpt lat="50.5003175" lon="-5.0403100">
        <ele>50.6</ele>
        <time>2026-09-15T13:25:46.000Z</time>
        <speed>1.306</speed>
      </trkpt>
      <trkpt lat="50.5002603" lon="-5.0402872">
        <ele>49.6</ele>
        <time>2026-09-15T13:25:51.000Z</time>
        <speed>1.297</speed>
      </trkpt>
      <trkpt lat="50.5002185" lon="-5.0403166">
        <ele>48.8</ele>
        <time>2026-09-15T13:25:56.000Z</time>
        <speed>1.297</speed>
      </trkpt>
      <trkpt lat="50.5002003" lon="-5.0403321">
        <ele>48.2</ele>
        <time>2026-09-15T13:26:01.000Z</time>
        <speed>1.166</speed>
      </trkpt>
      <trkpt lat="50.5002022" lon="-5.0403312">
        <ele>49.0</ele>
        <time>2026-09-15T13:26:06.000Z</time>
        <speed>0.000</speed>
      </trkpt>
      <trkpt lat="50.5002023" lon="-5.0403314">
        <ele>48.8</ele>
        <time>2026-09-15T13:26:11.000Z</time>
        <speed>0.000</speed>
      </trkpt>
      <trkpt lat="50.5001852" lon="-5.0403388">
        <ele>49.8</ele>
        <time>2026-09-15T13:26:16.000Z</time>
        <speed>0.000</speed>
      </trkpt>
      <trkpt lat="50.5001283" lon="-5.0403551">
        <ele>49.8</ele>
        <time>2026-09-15T13:26:21.000Z</time>
        <speed>0.681</speed>
      </trkpt>
      <trkpt lat="50.5000667" lon="-5.0403715">
        <ele>48.2</ele>
        <time>2026-09-15T13:26:26.000Z</time>
        <speed>1.362</speed>
      </trkpt>
      <trkpt lat="50.5000065" lon="-5.0403857">
        <ele>49.6</ele>
        <time>2026-09-15T13:26:31.000Z</time>
        <speed>1.241</speed>
      </trkpt>
      <trkpt lat="50.4999449" lon="-5.0404017">
        <ele>50.4</ele>
        <time>2026-09-15T13:26:36.000Z</time>
        <speed>1.372</speed>
      </trkpt>
      <trkpt lat="50.4998829" lon="-5.0404195">
        <ele>50.2</ele>
        <time>2026-09-15T13:26:41.000Z</time>
        <speed>1.316</speed>
      </trkpt>
      <trkpt lat="50.4998153" lon="-5.0404396">
        <ele>49.8</ele>
        <time>2026-09-15T13:26:46.000Z</time>
        <speed>1.362</speed>
      </trkpt>
      <trkpt lat="50.4997522" lon="-5.0404586">
        <ele>49.4</ele>
        <time>2026-09-15T13:26:51.000Z</time>
        <speed>1.381</speed>
      </trkpt>
      <trkpt lat="50.4996847" lon="-5.0404860">
        <ele>49.0</ele>
        <time>2026-09-15T13:26:56.000Z</time>
        <speed>1.428</speed>
      </trkpt>
      <trkpt lat="50.4996238" lon="-5.0405083">
        <ele>47.8</ele>
        <time>2026-09-15T13:27:01.000Z</time>
        <speed>1.437</speed>
      </trkpt>
      <trkpt lat="50.4995600" lon="-5.0405270">
        <ele>48.2</ele>
        <time>2026-09-15T13:27:06.000Z</time>
        <speed>1.418</speed>
      </trkpt>
      <trkpt lat="50.4994967" lon="-5.0405533">
        <ele>49.2</ele>
        <time>2026-09-15T13:27:11.000Z</time>
        <speed>1.428</speed>
      </trkpt>
      <trkpt lat="50.4994388" lon="-5.0405826">
        <ele>48.8</ele>
        <time>2026-09-15T13:27:16.000Z</time>
        <speed>1.381</speed>
      </trkpt>
      <trkpt lat="50.4993805" lon="-5.0406172">
        <ele>48.2</ele>
        <time>2026-09-15T13:27:21.000Z</time>
        <speed>1.381</speed>
      </trkpt>
      <trkpt lat="50.4993231" lon="-5.0406447">
        <ele>48.2</ele>
        <time>2026-09-15T13:27:26.000Z</time>
        <speed>1.381</speed>
      </trkpt>
      <trkpt lat="50.4992685" lon="-5.0406729">
        <ele>49.0</ele>
        <time>2026-09-15T13:27:31.000Z</time>
        <speed>1.362</speed>
      </trkpt>
      <trkpt lat="50.4992127" lon="-5.0406949">
        <ele>49.8</ele>
        <time>2026-09-15T13:27:36.000Z</time>
        <speed>1.362</speed>
      </trkpt>
      <trkpt lat="50.4991482" lon="-5.0407102">
        <ele>50.4</ele>
        <time>2026-09-15T13:27:41.000Z</time>
        <speed>1.316</speed>
      </trkpt>
      <trkpt lat="50.4990806" lon="-5.0407227">
        <ele>49.6</ele>
        <time>2026-09-15T13:27:46.000Z</time>
        <speed>1.334</speed>
      </trkpt>
      <trkpt lat="50.4990163" lon="-5.0407410">
        <ele>50.0</ele>
        <time>2026-09-15T13:27:51.000Z</time>
        <speed>1.400</speed>
      </trkpt>
      <trkpt lat="50.4989588" lon="-5.0407543">
        <ele>49.0</ele>
        <time>2026-09-15T13:27:56.000Z</time>
        <speed>1.372</speed>
      </trkpt>
      <trkpt lat="50.4988997" lon="-5.0407670">
        <ele>49.2</ele>
        <time>2026-09-15T13:28:01.000Z</time>
        <speed>1.344</speed>
      </trkpt>
      <trkpt lat="50.4988346" lon="-5.0407885">
        <ele>49.4</ele>
        <time>2026-09-15T13:28:06.000Z</time>
        <speed>1.344</speed>
      </trkpt>
      <trkpt lat="50.4987744" lon="-5.0408194">
        <ele>49.2</ele>
        <time>2026-09-15T13:28:11.000Z</time>
        <speed>1.372</speed>
      </trkpt>
      <trkpt lat="50.4987192" lon="-5.0408486">
        <ele>49.4</ele>
        <time>2026-09-15T13:28:16.000Z</time>
        <speed>1.381</speed>
      </trkpt>
      <trkpt lat="50.4986618" lon="-5.0408859">
        <ele>49.4</ele>
        <time>2026-09-15T13:28:21.000Z</time>
        <speed>1.381</speed>
      </trkpt>
      <trkpt lat="50.4986109" lon="-5.0409142">
        <ele>49.4</ele>
        <time>2026-09-15T13:28:26.000Z</time>
        <speed>1.381</speed>
      </trkpt>
      <trkpt lat="50.4985566" lon="-5.0409623">
        <ele>48.6</ele>
        <time>2026-09-15T13:28:31.000Z</time>
        <speed>1.362</speed>
      </trkpt>
      <trkpt lat="50.4985017" lon="-5.0410196">
        <ele>48.4</ele>
        <time>2026-09-15T13:28:36.000Z</time>
        <speed>1.372</speed>
      </trkpt>
      <trkpt lat="50.4984426" lon="-5.0410443">
        <ele>47.0</ele>
        <time>2026-09-15T13:28:41.000Z</time>
        <speed>1.372</speed>
      </trkpt>
      <trkpt lat="50.4983870" lon="-5.0410432">
        <ele>46.8</ele>
        <time>2026-09-15T13:28:46.000Z</time>
        <speed>1.353</speed>
      </trkpt>
      <trkpt lat="50.4983348" lon="-5.0410163">
        <ele>47.6</ele>
        <time>2026-09-15T13:28:51.000Z</time>
        <speed>1.334</speed>
      </trkpt>
      <trkpt lat="50.4982888" lon="-5.0409727">
        <ele>46.2</ele>
        <time>2026-09-15T13:28:56.000Z</time>
        <speed>1.325</speed>
      </trkpt>
      <trkpt lat="50.4982483" lon="-5.0409064">
        <ele>47.4</ele>
        <time>2026-09-15T13:29:01.000Z</time>
        <speed>1.316</speed>
      </trkpt>
      <trkpt lat="50.4982112" lon="-5.0408282">
        <ele>48.0</ele>
        <time>2026-09-15T13:29:06.000Z</time>
        <speed>1.316</speed>
      </trkpt>
      <trkpt lat="50.4981769" lon="-5.0407503">
        <ele>47.4</ele>
        <time>2026-09-15T13:29:11.000Z</time>
        <speed>1.325</speed>
      </trkpt>
      <trkpt lat="50.4981392" lon="-5.0406703">
        <ele>48.0</ele>
        <time>2026-09-15T13:29:16.000Z</time>
        <speed>1.334</speed>
      </trkpt>
      <trkpt lat="50.4980999" lon="-5.0405892">
        <ele>48.2</ele>
        <time>2026-09-15T13:29:21.000Z</time>
        <speed>1.362</speed>
      </trkpt>
      <trkpt lat="50.4980659" lon="-5.0405119">
        <ele>48.6</ele>
        <time>2026-09-15T13:29:26.000Z</time>
        <speed>1.362</speed>
      </trkpt>
      <trkpt lat="50.4980301" lon="-5.0404367">
        <ele>48.6</ele>
        <time>2026-09-15T13:29:31.000Z</time>
        <speed>1.372</speed>
      </trkpt>
      <trkpt lat="50.4979991" lon="-5.0403524">
        <ele>48.8</ele>
        <time>2026-09-15T13:29:36.000Z</time>
        <speed>1.372</speed>
      </trkpt>
      <trkpt lat="50.4979650" lon="-5.0402725">
        <ele>48.6</ele>
        <time>2026-09-15T13:29:41.000Z</time>
        <speed>1.362</speed>
      </trkpt>
      <trkpt lat="50.4979242" lon="-5.0401896">
        <ele>48.2</ele>
        <time>2026-09-15T13:29:46.000Z</time>
        <speed>1.372</speed>
      </trkpt>
      <trkpt lat="50.4978866" lon="-5.0401136">
        <ele>48.6</ele>
        <time>2026-09-15T13:29:51.000Z</time>
        <speed>1.362</speed>
      </trkpt>
      <trkpt lat="50.4978548" lon="-5.0400239">
        <ele>48.8</ele>
        <time>2026-09-15T13:29:56.000Z</time>
        <speed>1.362</speed>
      </trkpt>
      <trkpt lat="50.4978255" lon="-5.0399572">
        <ele>49.2</ele>
        <time>2026-09-15T13:30:01.000Z</time>
        <speed>1.353</speed>
      </trkpt>
      <trkpt lat="50.4977946" lon="-5.0398715">
        <ele>49.4</ele>
        <time>2026-09-15T13:30:06.000Z</time>
        <speed>1.353</speed>
      </trkpt>
      <trkpt lat="50.4977648" lon="-5.0397965">
        <ele>50.0</ele>
        <time>2026-09-15T13:30:11.000Z</time>
        <speed>1.334</speed>
      </trkpt>
      <trkpt lat="50.4977242" lon="-5.0397213">
        <ele>49.8</ele>
        <time>2026-09-15T13:30:16.000Z</time>
        <speed>1.334</speed>
      </trkpt>
      <trkpt lat="50.4976843" lon="-5.0396412">
        <ele>49.6</ele>
        <time>2026-09-15T13:30:21.000Z</time>
        <speed>1.334</speed>
      </trkpt>
      <trkpt lat="50.4976546" lon="-5.0395630">
        <ele>49.6</ele>
        <time>2026-09-15T13:30:26.000Z</time>
        <speed>1.353</speed>
      </trkpt>
      <trkpt lat="50.4976166" lon="-5.0394889">
        <ele>49.6</ele>
        <time>2026-09-15T13:30:31.000Z</time>
        <speed>1.344</speed>
      </trkpt>
      <trkpt lat="50.4975851" lon="-5.0394133">
        <ele>49.6</ele>
        <time>2026-09-15T13:30:36.000Z</time>
        <speed>1.334</speed>
      </trkpt>
      <trkpt lat="50.4975675" lon="-5.0393234">
        <ele>49.8</ele>
        <time>2026-09-15T13:30:41.000Z</time>
        <speed>1.334</speed>
      </trkpt>
      <trkpt lat="50.4975417" lon="-5.0392429">
        <ele>50.0</ele>
        <time>2026-09-15T13:30:46.000Z</time>
        <speed>1.334</speed>
      </trkpt>
      <trkpt lat="50.4974897" lon="-5.0391854">
        <ele>50.0</ele>
        <time>2026-09-15T13:30:51.000Z</time>
        <speed>1.334</speed>
      </trkpt>
      <trkpt lat="50.4974504" lon="-5.0391136">
        <ele>50.0</ele>
        <time>2026-09-15T13:30:56.000Z</time>
        <speed>1.353</speed>
      </trkpt>
      <trkpt lat="50.4974189" lon="-5.0390344">
        <ele>50.2</ele>
        <time>2026-09-15T13:31:01.000Z</time>
        <speed>1.362</speed>
      </trkpt>
      <trkpt lat="50.4973804" lon="-5.0389550">
        <ele>50.0</ele>
        <time>2026-09-15T13:31:06.000Z</time>
        <speed>1.334</speed>
      </trkpt>
      <trkpt lat="50.4973218" lon="-5.0388914">
        <ele>50.0</ele>
        <time>2026-09-15T13:31:11.000Z</time>
        <speed>1.400</speed>
      </trkpt>
      <trkpt lat="50.4972779" lon="-5.0388253">
        <ele>50.0</ele>
        <time>2026-09-15T13:31:16.000Z</time>
        <speed>1.372</speed>
      </trkpt>
      <trkpt lat="50.4972325" lon="-5.0387575">
        <ele>49.6</ele>
        <time>2026-09-15T13:31:21.000Z</time>
        <speed>1.372</speed>
      </trkpt>
      <trkpt lat="50.4971834" lon="-5.0386917">
        <ele>49.6</ele>
        <time>2026-09-15T13:31:26.000Z</time>
        <speed>1.390</speed>
      </trkpt>
      <trkpt lat="50.4971304" lon="-5.0386312">
        <ele>49.6</ele>
        <time>2026-09-15T13:31:31.000Z</time>
        <speed>1.362</speed>
      </trkpt>
      <trkpt lat="50.4970820" lon="-5.0385626">
        <ele>49.8</ele>
        <time>2026-09-15T13:31:36.000Z</time>
        <speed>1.428</speed>
      </trkpt>
      <trkpt lat="50.4970359" lon="-5.0384917">
        <ele>50.2</ele>
        <time>2026-09-15T13:31:41.000Z</time>
        <speed>1.390</speed>
      </trkpt>
      <trkpt lat="50.4969834" lon="-5.0384185">
        <ele>50.4</ele>
        <time>2026-09-15T13:31:46.000Z</time>
        <speed>1.502</speed>
      </trkpt>
      <trkpt lat="50.4969343" lon="-5.0383606">
        <ele>50.2</ele>
        <time>2026-09-15T13:31:51.000Z</time>
        <speed>1.474</speed>
      </trkpt>
      <trkpt lat="50.4968852" lon="-5.0382922">
        <ele>50.6</ele>
        <time>2026-09-15T13:31:56.000Z</time>
        <speed>1.484</speed>
      </trkpt>
      <trkpt lat="50.4968393" lon="-5.0382134">
        <ele>50.4</ele>
        <time>2026-09-15T13:32:01.000Z</time>
        <speed>1.446</speed>
      </trkpt>
      <trkpt lat="50.4967919" lon="-5.0381469">
        <ele>50.6</ele>
        <time>2026-09-15T13:32:06.000Z</time>
        <speed>1.465</speed>
      </trkpt>
      <trkpt lat="50.4967389" lon="-5.0380758">
        <ele>50.2</ele>
        <time>2026-09-15T13:32:11.000Z</time>
        <speed>1.446</speed>
      </trkpt>
      <trkpt lat="50.4966892" lon="-5.0380054">
        <ele>50.0</ele>
        <time>2026-09-15T13:32:16.000Z</time>
        <speed>1.474</speed>
      </trkpt>
      <trkpt lat="50.4966396" lon="-5.0379287">
        <ele>50.2</ele>
        <time>2026-09-15T13:32:21.000Z</time>
        <speed>1.465</speed>
      </trkpt>
      <trkpt lat="50.4966022" lon="-5.0378323">
        <ele>50.0</ele>
        <time>2026-09-15T13:32:26.000Z</time>
        <speed>1.484</speed>
      </trkpt>
      <trkpt lat="50.4965588" lon="-5.0377583">
        <ele>49.6</ele>
        <time>2026-09-15T13:32:31.000Z</time>
        <speed>1.493</speed>
      </trkpt>
      <trkpt lat="50.4965090" lon="-5.0376792">
        <ele>49.2</ele>
        <time>2026-09-15T13:32:36.000Z</time>
        <speed>1.502</speed>
      </trkpt>
      <trkpt lat="50.4964595" lon="-5.0376037">
        <ele>49.0</ele>
        <time>2026-09-15T13:32:41.000Z</time>
        <speed>1.530</speed>
      </trkpt>
      <trkpt lat="50.4964134" lon="-5.0375360">
        <ele>48.0</ele>
        <time>2026-09-15T13:32:46.000Z</time>
        <speed>1.493</speed>
      </trkpt>
      <trkpt lat="50.4963696" lon="-5.0374545">
        <ele>47.6</ele>
        <time>2026-09-15T13:32:51.000Z</time>
        <speed>1.484</speed>
      </trkpt>
      <trkpt lat="50.4963243" lon="-5.0373745">
        <ele>47.4</ele>
        <time>2026-09-15T13:32:56.000Z</time>
        <speed>1.484</speed>
      </trkpt>
      <trkpt lat="50.4962754" lon="-5.0373016">
        <ele>47.0</ele>
        <time>2026-09-15T13:33:01.000Z</time>
        <speed>1.493</speed>
      </trkpt>
      <trkpt lat="50.4962282" lon="-5.0372233">
        <ele>46.8</ele>
        <time>2026-09-15T13:33:06.000Z</time>
        <speed>1.493</speed>
      </trkpt>
      <trkpt lat="50.4961743" lon="-5.0371405">
        <ele>46.6</ele>
        <time>2026-09-15T13:33:11.000Z</time>
        <speed>1.512</speed>
      </trkpt>
      <trkpt lat="50.4961224" lon="-5.0370702">
        <ele>46.4</ele>
        <time>2026-09-15T13:33:16.000Z</time>
        <speed>1.521</speed>
      </trkpt>
      <trkpt lat="50.4960731" lon="-5.0370047">
        <ele>46.4</ele>
        <time>2026-09-15T13:33:21.000Z</time>
        <speed>1.512</speed>
      </trkpt>
      <trkpt lat="50.4960222" lon="-5.0369305">
        <ele>46.2</ele>
        <time>2026-09-15T13:33:26.000Z</time>
        <speed>1.521</speed>
      </trkpt>
      <trkpt lat="50.4959732" lon="-5.0368498">
        <ele>46.2</ele>
        <time>2026-09-15T13:33:31.000Z</time>
        <speed>1.530</speed>
      </trkpt>
      <trkpt lat="50.4959326" lon="-5.0367828">
        <ele>45.6</ele>
        <time>2026-09-15T13:33:36.000Z</time>
        <speed>1.512</speed>
      </trkpt>
      <trkpt lat="50.4958911" lon="-5.0367189">
        <ele>45.4</ele>
        <time>2026-09-15T13:33:41.000Z</time>
        <speed>1.484</speed>
      </trkpt>
      <trkpt lat="50.4958536" lon="-5.0366720">
        <ele>45.0</ele>
        <time>2026-09-15T13:33:46.000Z</time>
        <speed>1.474</speed>
      </trkpt>
      <trkpt lat="50.4958412" lon="-5.0366492">
        <ele>44.8</ele>
        <time>2026-09-15T13:33:51.000Z</time>
        <speed>0.000</speed>
      </trkpt>
      <trkpt lat="50.4958022" lon="-5.0365842">
        <ele>45.0</ele>
        <time>2026-09-15T13:33:56.000Z</time>
        <speed>1.241</speed>
      </trkpt>
      <trkpt lat="50.4957521" lon="-5.0365147">
        <ele>45.0</ele>
        <time>2026-09-15T13:34:01.000Z</time>
        <speed>1.428</speed>
      </trkpt>
      <trkpt lat="50.4957069" lon="-5.0364497">
        <ele>45.6</ele>
        <time>2026-09-15T13:34:06.000Z</time>
        <speed>1.456</speed>
      </trkpt>
      <trkpt lat="50.4956549" lon="-5.0363865">
        <ele>46.4</ele>
        <time>2026-09-15T13:34:11.000Z</time>
        <speed>1.381</speed>
      </trkpt>
      <trkpt lat="50.4956102" lon="-5.0363138">
        <ele>46.2</ele>
        <time>2026-09-15T13:34:16.000Z</time>
        <speed>1.446</speed>
      </trkpt>
      <trkpt lat="50.4955673" lon="-5.0362441">
        <ele>46.4</ele>
        <time>2026-09-15T13:34:21.000Z</time>
        <speed>1.372</speed>
      </trkpt>
      <trkpt lat="50.4955215" lon="-5.0361823">
        <ele>46.8</ele>
        <time>2026-09-15T13:34:26.000Z</time>
        <speed>1.344</speed>
      </trkpt>
      <trkpt lat="50.4954709" lon="-5.0361195">
        <ele>47.0</ele>
        <time>2026-09-15T13:34:31.000Z</time>
        <speed>1.362</speed>
      </trkpt>
      <trkpt lat="50.4954252" lon="-5.0360588">
        <ele>47.6</ele>
        <time>2026-09-15T13:34:36.000Z</time>
        <speed>1.362</speed>
      </trkpt>
      <trkpt lat="50.4953724" lon="-5.0359973">
        <ele>47.6</ele>
        <time>2026-09-15T13:34:41.000Z</time>
        <speed>1.390</speed>
      </trkpt>
      <trkpt lat="50.4953237" lon="-5.0359461">
        <ele>47.6</ele>
        <time>2026-09-15T13:34:46.000Z</time>
        <speed>1.390</speed>
      </trkpt>
      <trkpt lat="50.4952735" lon="-5.0358875">
        <ele>47.8</ele>
        <time>2026-09-15T13:34:51.000Z</time>
        <speed>1.400</speed>
      </trkpt>
      <trkpt lat="50.4952200" lon="-5.0358356">
        <ele>47.6</ele>
        <time>2026-09-15T13:34:56.000Z</time>
        <speed>1.390</speed>
      </trkpt>
      <trkpt lat="50.4951642" lon="-5.0357816">
        <ele>47.4</ele>
        <time>2026-09-15T13:35:01.000Z</time>
        <speed>1.409</speed>
      </trkpt>
      <trkpt lat="50.4951052" lon="-5.0357389">
        <ele>47.2</ele>
        <time>2026-09-15T13:35:06.000Z</time>
        <speed>1.418</speed>
      </trkpt>
      <trkpt lat="50.4950510" lon="-5.0356970">
        <ele>47.2</ele>
        <time>2026-09-15T13:35:11.000Z</time>
        <speed>1.409</speed>
      </trkpt>
      <trkpt lat="50.4949953" lon="-5.0356520">
        <ele>48.0</ele>
        <time>2026-09-15T13:35:16.000Z</time>
        <speed>1.400</speed>
      </trkpt>
      <trkpt lat="50.4949362" lon="-5.0356237">
        <ele>48.4</ele>
        <time>2026-09-15T13:35:21.000Z</time>
        <speed>1.381</speed>
      </trkpt>
      <trkpt lat="50.4948818" lon="-5.0355991">
        <ele>47.8</ele>
        <time>2026-09-15T13:35:26.000Z</time>
        <speed>1.372</speed>
      </trkpt>
      <trkpt lat="50.4948236" lon="-5.0355640">
        <ele>48.0</ele>
        <time>2026-09-15T13:35:31.000Z</time>
        <speed>1.344</speed>
      </trkpt>
      <trkpt lat="50.4947707" lon="-5.0355445">
        <ele>48.6</ele>
        <time>2026-09-15T13:35:36.000Z</time>
        <speed>1.344</speed>
      </trkpt>
      <trkpt lat="50.4947233" lon="-5.0355221">
        <ele>48.8</ele>
        <time>2026-09-15T13:35:41.000Z</time>
        <speed>1.306</speed>
      </trkpt>
      <trkpt lat="50.4946856" lon="-5.0355011">
        <ele>47.8</ele>
        <time>2026-09-15T13:35:46.000Z</time>
        <speed>1.250</speed>
      </trkpt>
      <trkpt lat="50.4946853" lon="-5.0354947">
        <ele>47.2</ele>
        <time>2026-09-15T13:35:51.000Z</time>
        <speed>0.000</speed>
      </trkpt>
      <trkpt lat="50.4946852" lon="-5.0354955">
        <ele>47.4</ele>
        <time>2026-09-15T13:35:56.000Z</time>
        <speed>0.000</speed>
      </trkpt>
      <trkpt lat="50.4946940" lon="-5.0354847">
        <ele>47.8</ele>
        <time>2026-09-15T13:36:01.000Z</time>
        <speed>0.000</speed>
      </trkpt>
      <trkpt lat="50.4947101" lon="-5.0354383">
        <ele>48.6</ele>
        <time>2026-09-15T13:36:06.000Z</time>
        <speed>0.355</speed>
      </trkpt>
      <trkpt lat="50.4947204" lon="-5.0354164">
        <ele>47.8</ele>
        <time>2026-09-15T13:36:11.000Z</time>
        <speed>0.700</speed>
      </trkpt>
      <trkpt lat="50.4947184" lon="-5.0354137">
        <ele>47.8</ele>
        <time>2026-09-15T13:36:16.000Z</time>
        <speed>0.000</speed>
      </trkpt>
      <trkpt lat="50.4947239" lon="-5.0353911">
        <ele>48.4</ele>
        <time>2026-09-15T13:36:21.000Z</time>
        <speed>0.000</speed>
      </trkpt>
      <trkpt lat="50.4947256" lon="-5.0353520">
        <ele>48.8</ele>
        <time>2026-09-15T13:36:26.000Z</time>
        <speed>0.000</speed>
      </trkpt>
      <trkpt lat="50.4947233" lon="-5.0352912">
        <ele>48.8</ele>
        <time>2026-09-15T13:36:31.000Z</time>
        <speed>0.000</speed>
      </trkpt>
      <trkpt lat="50.4947136" lon="-5.0352129">
        <ele>49.4</ele>
        <time>2026-09-15T13:36:36.000Z</time>
        <speed>0.467</speed>
      </trkpt>
      <trkpt lat="50.4946954" lon="-5.0351344">
        <ele>50.4</ele>
        <time>2026-09-15T13:36:41.000Z</time>
        <speed>1.278</speed>
      </trkpt>
      <trkpt lat="50.4946759" lon="-5.0350485">
        <ele>50.6</ele>
        <time>2026-09-15T13:36:46.000Z</time>
        <speed>1.269</speed>
      </trkpt>
      <trkpt lat="50.4946590" lon="-5.0349594">
        <ele>51.4</ele>
        <time>2026-09-15T13:36:51.000Z</time>
        <speed>1.381</speed>
      </trkpt>
      <trkpt lat="50.4946334" lon="-5.0348705">
        <ele>51.0</ele>
        <time>2026-09-15T13:36:56.000Z</time>
        <speed>1.381</speed>
      </trkpt>
      <trkpt lat="50.4946111" lon="-5.0347879">
        <ele>51.4</ele>
        <time>2026-09-15T13:37:01.000Z</time>
        <speed>1.372</speed>
      </trkpt>
      <trkpt lat="50.4945871" lon="-5.0346955">
        <ele>51.8</ele>
        <time>2026-09-15T13:37:06.000Z</time>
        <speed>1.353</speed>
      </trkpt>
      <trkpt lat="50.4945606" lon="-5.0346136">
        <ele>52.2</ele>
        <time>2026-09-15T13:37:11.000Z</time>
        <speed>1.428</speed>
      </trkpt>
      <trkpt lat="50.4945208" lon="-5.0345445">
        <ele>52.0</ele>
        <time>2026-09-15T13:37:16.000Z</time>
        <speed>1.316</speed>
      </trkpt>
      <trkpt lat="50.4944835" lon="-5.0344768">
        <ele>51.8</ele>
        <time>2026-09-15T13:37:21.000Z</time>
        <speed>1.372</speed>
      </trkpt>
      <trkpt lat="50.4944523" lon="-5.0344077">
        <ele>53.0</ele>
        <time>2026-09-15T13:37:26.000Z</time>
        <speed>1.297</speed>
      </trkpt>
      <trkpt lat="50.4944126" lon="-5.0343334">
        <ele>52.6</ele>
        <time>2026-09-15T13:37:31.000Z</time>
        <speed>1.325</speed>
      </trkpt>
      <trkpt lat="50.4943663" lon="-5.0342734">
        <ele>54.0</ele>
        <time>2026-09-15T13:37:36.000Z</time>
        <speed>1.334</speed>
      </trkpt>
      <trkpt lat="50.4943171" lon="-5.0342211">
        <ele>55.2</ele>
        <time>2026-09-15T13:37:41.000Z</time>
        <speed>1.353</speed>
      </trkpt>
      <trkpt lat="50.4942665" lon="-5.0341658">
        <ele>55.0</ele>
        <time>2026-09-15T13:37:46.000Z</time>
        <speed>1.353</speed>
      </trkpt>
      <trkpt lat="50.4942141" lon="-5.0341085">
        <ele>54.4</ele>
        <time>2026-09-15T13:37:51.000Z</time>
        <speed>1.362</speed>
      </trkpt>
      <trkpt lat="50.4941594" lon="-5.0340519">
        <ele>53.8</ele>
        <time>2026-09-15T13:37:56.000Z</time>
        <speed>1.372</speed>
      </trkpt>
      <trkpt lat="50.4941084" lon="-5.0340052">
        <ele>53.8</ele>
        <time>2026-09-15T13:38:01.000Z</time>
        <speed>1.381</speed>
      </trkpt>
      <trkpt lat="50.4940607" lon="-5.0339471">
        <ele>53.8</ele>
        <time>2026-09-15T13:38:06.000Z</time>
        <speed>1.381</speed>
      </trkpt>
      <trkpt lat="50.4940102" lon="-5.0338944">
        <ele>53.8</ele>
        <time>2026-09-15T13:38:11.000Z</time>
        <speed>1.362</speed>
      </trkpt>
      <trkpt lat="50.4939641" lon="-5.0338455">
        <ele>54.0</ele>
        <time>2026-09-15T13:38:16.000Z</time>
        <speed>1.344</speed>
      </trkpt>
      <trkpt lat="50.4939188" lon="-5.0337906">
        <ele>53.6</ele>
        <time>2026-09-15T13:38:21.000Z</time>
        <speed>1.344</speed>
      </trkpt>
      <trkpt lat="50.4938847" lon="-5.0337404">
        <ele>53.4</ele>
        <time>2026-09-15T13:38:26.000Z</time>
        <speed>1.288</speed>
      </trkpt>
      <trkpt lat="50.4938740" lon="-5.0337167">
        <ele>54.0</ele>
        <time>2026-09-15T13:38:31.000Z</time>
        <speed>1.194</speed>
      </trkpt>
      <trkpt lat="50.4938686" lon="-5.0337038">
        <ele>54.8</ele>
        <time>2026-09-15T13:38:36.000Z</time>
        <speed>0.000</speed>
      </trkpt>
      <trkpt lat="50.4938306" lon="-5.0336896">
        <ele>54.8</ele>
        <time>2026-09-15T13:38:41.000Z</time>
        <speed>0.000</speed>
      </trkpt>
      <trkpt lat="50.4937644" lon="-5.0337079">
        <ele>55.0</ele>
        <time>2026-09-15T13:38:46.000Z</time>
        <speed>1.400</speed>
      </trkpt>
      <trkpt lat="50.4937000" lon="-5.0337272">
        <ele>55.0</ele>
        <time>2026-09-15T13:38:51.000Z</time>
        <speed>1.381</speed>
      </trkpt>
      <trkpt lat="50.4936308" lon="-5.0337490">
        <ele>55.2</ele>
        <time>2026-09-15T13:38:56.000Z</time>
        <speed>1.521</speed>
      </trkpt>
      <trkpt lat="50.4935696" lon="-5.0337655">
        <ele>55.2</ele>
        <time>2026-09-15T13:39:01.000Z</time>
        <speed>1.512</speed>
      </trkpt>
      <trkpt lat="50.4935070" lon="-5.0337802">
        <ele>55.2</ele>
        <time>2026-09-15T13:39:06.000Z</time>
        <speed>1.493</speed>
      </trkpt>
      <trkpt lat="50.4934375" lon="-5.0338018">
        <ele>54.8</ele>
        <time>2026-09-15T13:39:11.000Z</time>
        <speed>1.456</speed>
      </trkpt>
      <trkpt lat="50.4933677" lon="-5.0338277">
        <ele>55.0</ele>
        <time>2026-09-15T13:39:16.000Z</time>
        <speed>1.465</speed>
      </trkpt>
      <trkpt lat="50.4933071" lon="-5.0338459">
        <ele>55.6</ele>
        <time>2026-09-15T13:39:21.000Z</time>
        <speed>1.530</speed>
      </trkpt>
      <trkpt lat="50.4932423" lon="-5.0338638">
        <ele>55.6</ele>
        <time>2026-09-15T13:39:26.000Z</time>
        <speed>1.493</speed>
      </trkpt>
      <trkpt lat="50.4931895" lon="-5.0338818">
        <ele>55.0</ele>
        <time>2026-09-15T13:39:31.000Z</time>
        <speed>1.484</speed>
      </trkpt>
      <trkpt lat="50.4931297" lon="-5.0338995">
        <ele>55.8</ele>
        <time>2026-09-15T13:39:36.000Z</time>
        <speed>1.418</speed>
      </trkpt>
      <trkpt lat="50.4930733" lon="-5.0339151">
        <ele>55.4</ele>
        <time>2026-09-15T13:39:41.000Z</time>
        <speed>1.353</speed>
      </trkpt>
      <trkpt lat="50.4930185" lon="-5.0339232">
        <ele>55.6</ele>
        <time>2026-09-15T13:39:46.000Z</time>
        <speed>1.344</speed>
      </trkpt>
      <trkpt lat="50.4929554" lon="-5.0339405">
        <ele>55.8</ele>
        <time>2026-09-15T13:39:51.000Z</time>
        <speed>1.353</speed>
      </trkpt>
      <trkpt lat="50.4928925" lon="-5.0339607">
        <ele>56.0</ele>
        <time>2026-09-15T13:39:56.000Z</time>
        <speed>1.353</speed>
      </trkpt>
      <trkpt lat="50.4928301" lon="-5.0339956">
        <ele>56.2</ele>
        <time>2026-09-15T13:40:01.000Z</time>
        <speed>1.381</speed>
      </trkpt>
      <trkpt lat="50.4927757" lon="-5.0340410">
        <ele>56.2</ele>
        <time>2026-09-15T13:40:06.000Z</time>
        <speed>1.390</speed>
      </trkpt>
      <trkpt lat="50.4927272" lon="-5.0340807">
        <ele>57.0</ele>
        <time>2026-09-15T13:40:11.000Z</time>
        <speed>1.344</speed>
      </trkpt>
      <trkpt lat="50.4926746" lon="-5.0341078">
        <ele>57.4</ele>
        <time>2026-09-15T13:40:16.000Z</time>
        <speed>1.297</speed>
      </trkpt>
      <trkpt lat="50.4926223" lon="-5.0341483">
        <ele>56.6</ele>
        <time>2026-09-15T13:40:21.000Z</time>
        <speed>1.288</speed>
      </trkpt>
      <trkpt lat="50.4925586" lon="-5.0341974">
        <ele>56.2</ele>
        <time>2026-09-15T13:40:26.000Z</time>
        <speed>1.353</speed>
      </trkpt>
      <trkpt lat="50.4924943" lon="-5.0342241">
        <ele>56.0</ele>
        <time>2026-09-15T13:40:31.000Z</time>
        <speed>1.381</speed>
      </trkpt>
      <trkpt lat="50.4924280" lon="-5.0342611">
        <ele>54.6</ele>
        <time>2026-09-15T13:40:36.000Z</time>
        <speed>1.390</speed>
      </trkpt>
      <trkpt lat="50.4923661" lon="-5.0342962">
        <ele>55.6</ele>
        <time>2026-09-15T13:40:41.000Z</time>
        <speed>1.446</speed>
      </trkpt>
      <trkpt lat="50.4923076" lon="-5.0343397">
        <ele>56.2</ele>
        <time>2026-09-15T13:40:46.000Z</time>
        <speed>1.409</speed>
      </trkpt>
      <trkpt lat="50.4922480" lon="-5.0343912">
        <ele>54.2</ele>
        <time>2026-09-15T13:40:51.000Z</time>
        <speed>1.446</speed>
      </trkpt>
      <trkpt lat="50.4921944" lon="-5.0344311">
        <ele>55.8</ele>
        <time>2026-09-15T13:40:56.000Z</time>
        <speed>1.428</speed>
      </trkpt>
      <trkpt lat="50.4921289" lon="-5.0344539">
        <ele>55.4</ele>
        <time>2026-09-15T13:41:01.000Z</time>
        <speed>1.428</speed>
      </trkpt>
      <trkpt lat="50.4920711" lon="-5.0344867">
        <ele>55.8</ele>
        <time>2026-09-15T13:41:06.000Z</time>
        <speed>1.428</speed>
      </trkpt>
      <trkpt lat="50.4920131" lon="-5.0345172">
        <ele>55.8</ele>
        <time>2026-09-15T13:41:11.000Z</time>
        <speed>1.409</speed>
      </trkpt>
      <trkpt lat="50.4919528" lon="-5.0345533">
        <ele>55.8</ele>
        <time>2026-09-15T13:41:16.000Z</time>
        <speed>1.418</speed>
      </trkpt>
      <trkpt lat="50.4918986" lon="-5.0345891">
        <ele>54.8</ele>
        <time>2026-09-15T13:41:21.000Z</time>
        <speed>1.409</speed>
      </trkpt>
      <trkpt lat="50.4918360" lon="-5.0346242">
        <ele>53.8</ele>
        <time>2026-09-15T13:41:26.000Z</time>
        <speed>1.418</speed>
      </trkpt>
      <trkpt lat="50.4917816" lon="-5.0346543">
        <ele>53.4</ele>
        <time>2026-09-15T13:41:31.000Z</time>
        <speed>1.409</speed>
      </trkpt>
      <trkpt lat="50.4917210" lon="-5.0346854">
        <ele>53.4</ele>
        <time>2026-09-15T13:41:36.000Z</time>
        <speed>1.409</speed>
      </trkpt>
      <trkpt lat="50.4916635" lon="-5.0347131">
        <ele>52.8</ele>
        <time>2026-09-15T13:41:41.000Z</time>
        <speed>1.409</speed>
      </trkpt>
      <trkpt lat="50.4916013" lon="-5.0347585">
        <ele>51.8</ele>
        <time>2026-09-15T13:41:46.000Z</time>
        <speed>1.409</speed>
      </trkpt>
      <trkpt lat="50.4915416" lon="-5.0347907">
        <ele>51.8</ele>
        <time>2026-09-15T13:41:51.000Z</time>
        <speed>1.418</speed>
      </trkpt>
      <trkpt lat="50.4914867" lon="-5.0348240">
        <ele>51.6</ele>
        <time>2026-09-15T13:41:56.000Z</time>
        <speed>1.409</speed>
      </trkpt>
      <trkpt lat="50.4914273" lon="-5.0348578">
        <ele>51.2</ele>
        <time>2026-09-15T13:42:01.000Z</time>
        <speed>1.409</speed>
      </trkpt>
      <trkpt lat="50.4913658" lon="-5.0348916">
        <ele>50.8</ele>
        <time>2026-09-15T13:42:06.000Z</time>
        <speed>1.400</speed>
      </trkpt>
      <trkpt lat="50.4913020" lon="-5.0349150">
        <ele>50.6</ele>
        <time>2026-09-15T13:42:11.000Z</time>
        <speed>1.400</speed>
      </trkpt>
      <trkpt lat="50.4912370" lon="-5.0349370">
        <ele>50.8</ele>
        <time>2026-09-15T13:42:16.000Z</time>
        <speed>1.409</speed>
      </trkpt>
      <trkpt lat="50.4911822" lon="-5.0349608">
        <ele>51.0</ele>
        <time>2026-09-15T13:42:21.000Z</time>
        <speed>1.400</speed>
      </trkpt>
      <trkpt lat="50.4911175" lon="-5.0349651">
        <ele>50.4</ele>
        <time>2026-09-15T13:42:26.000Z</time>
        <speed>1.400</speed>
      </trkpt>
      <trkpt lat="50.4910579" lon="-5.0349650">
        <ele>50.6</ele>
        <time>2026-09-15T13:42:31.000Z</time>
        <speed>1.390</speed>
      </trkpt>
      <trkpt lat="50.4909959" lon="-5.0349522">
        <ele>51.2</ele>
        <time>2026-09-15T13:42:36.000Z</time>
        <speed>1.400</speed>
      </trkpt>
      <trkpt lat="50.4909422" lon="-5.0349427">
        <ele>50.6</ele>
        <time>2026-09-15T13:42:41.000Z</time>
        <speed>1.372</speed>
      </trkpt>
      <trkpt lat="50.4908740" lon="-5.0349273">
        <ele>49.8</ele>
        <time>2026-09-15T13:42:46.000Z</time>
        <speed>1.390</speed>
      </trkpt>
      <trkpt lat="50.4908122" lon="-5.0349188">
        <ele>49.8</ele>
        <time>2026-09-15T13:42:51.000Z</time>
        <speed>1.390</speed>
      </trkpt>
      <trkpt lat="50.4907478" lon="-5.0348914">
        <ele>49.6</ele>
        <time>2026-09-15T13:42:56.000Z</time>
        <speed>1.400</speed>
      </trkpt>
      <trkpt lat="50.4906866" lon="-5.0348780">
        <ele>49.2</ele>
        <time>2026-09-15T13:43:01.000Z</time>
        <speed>1.400</speed>
      </trkpt>
      <trkpt lat="50.4906273" lon="-5.0348318">
        <ele>49.4</ele>
        <time>2026-09-15T13:43:06.000Z</time>
        <speed>1.400</speed>
      </trkpt>
      <trkpt lat="50.4905772" lon="-5.0347820">
        <ele>49.2</ele>
        <time>2026-09-15T13:43:11.000Z</time>
        <speed>1.390</speed>
      </trkpt>
      <trkpt lat="50.4905405" lon="-5.0346997">
        <ele>49.4</ele>
        <time>2026-09-15T13:43:16.000Z</time>
        <speed>1.390</speed>
      </trkpt>
      <trkpt lat="50.4905119" lon="-5.0346227">
        <ele>50.0</ele>
        <time>2026-09-15T13:43:21.000Z</time>
        <speed>1.372</speed>
      </trkpt>
      <trkpt lat="50.4904765" lon="-5.0345637">
        <ele>50.6</ele>
        <time>2026-09-15T13:43:26.000Z</time>
        <speed>1.372</speed>
      </trkpt>
      <trkpt lat="50.4904384" lon="-5.0345365">
        <ele>51.8</ele>
        <time>2026-09-15T13:43:31.000Z</time>
        <speed>1.297</speed>
      </trkpt>
      <trkpt lat="50.4904278" lon="-5.0345264">
        <ele>53.4</ele>
        <time>2026-09-15T13:43:36.000Z</time>
        <speed>0.690</speed>
      </trkpt>
      <trkpt lat="50.4904245" lon="-5.0345256">
        <ele>52.6</ele>
        <time>2026-09-15T13:43:41.000Z</time>
        <speed>0.000</speed>
      </trkpt>
      <trkpt lat="50.4904088" lon="-5.0344899">
        <ele>53.4</ele>
        <time>2026-09-15T13:43:46.000Z</time>
        <speed>0.000</speed>
      </trkpt>
      <trkpt lat="50.4903700" lon="-5.0344283">
        <ele>52.4</ele>
        <time>2026-09-15T13:43:51.000Z</time>
        <speed>1.185</speed>
      </trkpt>
      <trkpt lat="50.4903338" lon="-5.0343728">
        <ele>52.6</ele>
        <time>2026-09-15T13:43:56.000Z</time>
        <speed>1.138</speed>
      </trkpt>
      <trkpt lat="50.4903017" lon="-5.0343213">
        <ele>53.0</ele>
        <time>2026-09-15T13:44:01.000Z</time>
        <speed>1.110</speed>
      </trkpt>
      <trkpt lat="50.4902659" lon="-5.0342587">
        <ele>54.0</ele>
        <time>2026-09-15T13:44:06.000Z</time>
        <speed>1.101</speed>
      </trkpt>
      <trkpt lat="50.4902299" lon="-5.0341915">
        <ele>56.0</ele>
        <time>2026-09-15T13:44:11.000Z</time>
        <speed>1.148</speed>
      </trkpt>
      <trkpt lat="50.4901947" lon="-5.0341320">
        <ele>55.2</ele>
        <time>2026-09-15T13:44:16.000Z</time>
        <speed>1.194</speed>
      </trkpt>
      <trkpt lat="50.4901679" lon="-5.0340586">
        <ele>54.6</ele>
        <time>2026-09-15T13:44:21.000Z</time>
        <speed>1.129</speed>
      </trkpt>
      <trkpt lat="50.4901338" lon="-5.0339917">
        <ele>55.2</ele>
        <time>2026-09-15T13:44:26.000Z</time>
        <speed>1.138</speed>
      </trkpt>
      <trkpt lat="50.4900917" lon="-5.0339213">
        <ele>55.8</ele>
        <time>2026-09-15T13:44:31.000Z</time>
        <speed>1.138</speed>
      </trkpt>
      <trkpt lat="50.4900490" lon="-5.0338566">
        <ele>56.6</ele>
        <time>2026-09-15T13:44:36.000Z</time>
        <speed>1.213</speed>
      </trkpt>
      <trkpt lat="50.4900083" lon="-5.0337927">
        <ele>57.0</ele>
        <time>2026-09-15T13:44:41.000Z</time>
        <speed>1.241</speed>
      </trkpt>
      <trkpt lat="50.4899630" lon="-5.0337299">
        <ele>56.4</ele>
        <time>2026-09-15T13:44:46.000Z</time>
        <speed>1.250</speed>
      </trkpt>
      <trkpt lat="50.4899224" lon="-5.0336551">
        <ele>56.0</ele>
        <time>2026-09-15T13:44:51.000Z</time>
        <speed>1.278</speed>
      </trkpt>
      <trkpt lat="50.4898895" lon="-5.0335770">
        <ele>56.6</ele>
        <time>2026-09-15T13:44:56.000Z</time>
        <speed>1.306</speed>
      </trkpt>
      <trkpt lat="50.4898539" lon="-5.0334995">
        <ele>57.0</ele>
        <time>2026-09-15T13:45:01.000Z</time>
        <speed>1.306</speed>
      </trkpt>
      <trkpt lat="50.4898167" lon="-5.0334220">
        <ele>57.2</ele>
        <time>2026-09-15T13:45:06.000Z</time>
        <speed>1.334</speed>
      </trkpt>
      <trkpt lat="50.4897783" lon="-5.0333494">
        <ele>56.8</ele>
        <time>2026-09-15T13:45:11.000Z</time>
        <speed>1.316</speed>
      </trkpt>
      <trkpt lat="50.4897351" lon="-5.0332788">
        <ele>58.0</ele>
        <time>2026-09-15T13:45:16.000Z</time>
        <speed>1.334</speed>
      </trkpt>
      <trkpt lat="50.4896961" lon="-5.0331966">
        <ele>60.0</ele>
        <time>2026-09-15T13:45:21.000Z</time>
        <speed>1.353</speed>
      </trkpt>
      <trkpt lat="50.4896610" lon="-5.0331280">
        <ele>59.4</ele>
        <time>2026-09-15T13:45:26.000Z</time>
        <speed>1.353</speed>
      </trkpt>
      <trkpt lat="50.4896292" lon="-5.0330562">
        <ele>59.2</ele>
        <time>2026-09-15T13:45:31.000Z</time>
        <speed>1.344</speed>
      </trkpt>
      <trkpt lat="50.4895902" lon="-5.0330083">
        <ele>59.6</ele>
        <time>2026-09-15T13:45:36.000Z</time>
        <speed>1.353</speed>
      </trkpt>
      <trkpt lat="50.4895831" lon="-5.0330137">
        <ele>59.8</ele>
        <time>2026-09-15T13:45:41.000Z</time>
        <speed>1.213</speed>
      </trkpt>
      <trkpt lat="50.4895826" lon="-5.0330155">
        <ele>59.4</ele>
        <time>2026-09-15T13:45:46.000Z</time>
        <speed>0.000</speed>
      </trkpt>
      <trkpt lat="50.4895826" lon="-5.0330168">
        <ele>59.0</ele>
        <time>2026-09-15T13:45:51.000Z</time>
        <speed>0.000</speed>
      </trkpt>
      <trkpt lat="50.4895826" lon="-5.0330171">
        <ele>59.0</ele>
        <time>2026-09-15T13:45:56.000Z</time>
        <speed>0.000</speed>
      </trkpt>
      <trkpt lat="50.4895726" lon="-5.0329956">
        <ele>59.2</ele>
        <time>2026-09-15T13:46:01.000Z</time>
        <speed>0.000</speed>
      </trkpt>
      <trkpt lat="50.4895358" lon="-5.0329344">
        <ele>59.8</ele>
        <time>2026-09-15T13:46:06.000Z</time>
        <speed>0.737</speed>
      </trkpt>
      <trkpt lat="50.4894977" lon="-5.0328755">
        <ele>60.6</ele>
        <time>2026-09-15T13:46:11.000Z</time>
        <speed>1.250</speed>
      </trkpt>
      <trkpt lat="50.4894590" lon="-5.0328048">
        <ele>60.8</ele>
        <time>2026-09-15T13:46:16.000Z</time>
        <speed>1.232</speed>
      </trkpt>
      <trkpt lat="50.4894236" lon="-5.0327312">
        <ele>60.8</ele>
        <time>2026-09-15T13:46:21.000Z</time>
        <speed>1.288</speed>
      </trkpt>
      <trkpt lat="50.4893889" lon="-5.0326551">
        <ele>61.0</ele>
        <time>2026-09-15T13:46:26.000Z</time>
        <speed>1.297</speed>
      </trkpt>
      <trkpt lat="50.4893444" lon="-5.0325926">
        <ele>62.2</ele>
        <time>2026-09-15T13:46:31.000Z</time>
        <speed>1.260</speed>
      </trkpt>
      <trkpt lat="50.4892982" lon="-5.0325231">
        <ele>63.8</ele>
        <time>2026-09-15T13:46:36.000Z</time>
        <speed>1.437</speed>
      </trkpt>
      <trkpt lat="50.4892507" lon="-5.0324515">
        <ele>64.6</ele>
        <time>2026-09-15T13:46:41.000Z</time>
        <speed>1.381</speed>
      </trkpt>
      <trkpt lat="50.4891977" lon="-5.0324051">
        <ele>65.0</ele>
        <time>2026-09-15T13:46:46.000Z</time>
        <speed>1.437</speed>
      </trkpt>
      <trkpt lat="50.4891349" lon="-5.0323794">
        <ele>66.2</ele>
        <time>2026-09-15T13:46:51.000Z</time>
        <speed>1.446</speed>
      </trkpt>
      <trkpt lat="50.4890786" lon="-5.0323633">
        <ele>65.6</ele>
        <time>2026-09-15T13:46:56.000Z</time>
        <speed>1.428</speed>
      </trkpt>
      <trkpt lat="50.4890362" lon="-5.0323124">
        <ele>64.2</ele>
        <time>2026-09-15T13:47:01.000Z</time>
        <speed>1.400</speed>
      </trkpt>
      <trkpt lat="50.4889959" lon="-5.0322767">
        <ele>66.4</ele>
        <time>2026-09-15T13:47:06.000Z</time>
        <speed>1.269</speed>
      </trkpt>
      <trkpt lat="50.4889445" lon="-5.0322485">
        <ele>67.0</ele>
        <time>2026-09-15T13:47:11.000Z</time>
        <speed>1.204</speed>
      </trkpt>
      <trkpt lat="50.4888810" lon="-5.0322221">
        <ele>66.8</ele>
        <time>2026-09-15T13:47:16.000Z</time>
        <speed>1.269</speed>
      </trkpt>
      <trkpt lat="50.4888211" lon="-5.0322169">
        <ele>65.8</ele>
        <time>2026-09-15T13:47:21.000Z</time>
        <speed>1.316</speed>
      </trkpt>
      <trkpt lat="50.4887543" lon="-5.0322197">
        <ele>65.6</ele>
        <time>2026-09-15T13:47:26.000Z</time>
        <speed>1.390</speed>
      </trkpt>
      <trkpt lat="50.4886909" lon="-5.0322234">
        <ele>64.6</ele>
        <time>2026-09-15T13:47:31.000Z</time>
        <speed>1.381</speed>
      </trkpt>
      <trkpt lat="50.4886231" lon="-5.0322324">
        <ele>64.0</ele>
        <time>2026-09-15T13:47:36.000Z</time>
        <speed>1.428</speed>
      </trkpt>
      <trkpt lat="50.4885632" lon="-5.0322504">
        <ele>64.0</ele>
        <time>2026-09-15T13:47:41.000Z</time>
        <speed>1.418</speed>
      </trkpt>
      <trkpt lat="50.4885028" lon="-5.0322706">
        <ele>64.2</ele>
        <time>2026-09-15T13:47:46.000Z</time>
        <speed>1.428</speed>
      </trkpt>
      <trkpt lat="50.4884404" lon="-5.0322661">
        <ele>63.8</ele>
        <time>2026-09-15T13:47:51.000Z</time>
        <speed>1.409</speed>
      </trkpt>
      <trkpt lat="50.4883793" lon="-5.0322642">
        <ele>63.6</ele>
        <time>2026-09-15T13:47:56.000Z</time>
        <speed>1.418</speed>
      </trkpt>
      <trkpt lat="50.4883156" lon="-5.0322659">
        <ele>64.2</ele>
        <time>2026-09-15T13:48:01.000Z</time>
        <speed>1.372</speed>
      </trkpt>
      <trkpt lat="50.4882499" lon="-5.0322595">
        <ele>64.8</ele>
        <time>2026-09-15T13:48:06.000Z</time>
        <speed>1.418</speed>
      </trkpt>
      <trkpt lat="50.4881828" lon="-5.0322586">
        <ele>64.0</ele>
        <time>2026-09-15T13:48:11.000Z</time>
        <speed>1.428</speed>
      </trkpt>
      <trkpt lat="50.4881175" lon="-5.0322469">
        <ele>65.2</ele>
        <time>2026-09-15T13:48:16.000Z</time>
        <speed>1.437</speed>
      </trkpt>
      <trkpt lat="50.4880574" lon="-5.0322518">
        <ele>63.2</ele>
        <time>2026-09-15T13:48:21.000Z</time>
        <speed>1.437</speed>
      </trkpt>
      <trkpt lat="50.4879914" lon="-5.0322766">
        <ele>64.0</ele>
        <time>2026-09-15T13:48:26.000Z</time>
        <speed>1.428</speed>
      </trkpt>
      <trkpt lat="50.4879312" lon="-5.0323088">
        <ele>65.0</ele>
        <time>2026-09-15T13:48:31.000Z</time>
        <speed>1.446</speed>
      </trkpt>
      <trkpt lat="50.4879010" lon="-5.0323339">
        <ele>65.4</ele>
        <time>2026-09-15T13:48:36.000Z</time>
        <speed>1.400</speed>
      </trkpt>
      <trkpt lat="50.4878985" lon="-5.0323349">
        <ele>67.0</ele>
        <time>2026-09-15T13:48:41.000Z</time>
        <speed>0.000</speed>
      </trkpt>
      <trkpt lat="50.4878725" lon="-5.0323549">
        <ele>67.6</ele>
        <time>2026-09-15T13:48:46.000Z</time>
        <speed>0.000</speed>
      </trkpt>
      <trkpt lat="50.4878205" lon="-5.0324084">
        <ele>64.6</ele>
        <time>2026-09-15T13:48:51.000Z</time>
        <speed>1.316</speed>
      </trkpt>
      <trkpt lat="50.4877694" lon="-5.0324801">
        <ele>65.0</ele>
        <time>2026-09-15T13:48:56.000Z</time>
        <speed>1.512</speed>
      </trkpt>
      <trkpt lat="50.4877167" lon="-5.0325477">
        <ele>63.6</ele>
        <time>2026-09-15T13:49:01.000Z</time>
        <speed>1.456</speed>
      </trkpt>
      <trkpt lat="50.4876661" lon="-5.0326108">
        <ele>62.6</ele>
        <time>2026-09-15T13:49:06.000Z</time>
        <speed>1.437</speed>
      </trkpt>
      <trkpt lat="50.4876134" lon="-5.0326755">
        <ele>62.8</ele>
        <time>2026-09-15T13:49:11.000Z</time>
        <speed>1.474</speed>
      </trkpt>
      <trkpt lat="50.4875567" lon="-5.0327274">
        <ele>62.4</ele>
        <time>2026-09-15T13:49:16.000Z</time>
        <speed>1.446</speed>
      </trkpt>
      <trkpt lat="50.4875058" lon="-5.0327864">
        <ele>62.2</ele>
        <time>2026-09-15T13:49:21.000Z</time>
        <speed>1.400</speed>
      </trkpt>
      <trkpt lat="50.4874526" lon="-5.0328428">
        <ele>62.0</ele>
        <time>2026-09-15T13:49:26.000Z</time>
        <speed>1.465</speed>
      </trkpt>
      <trkpt lat="50.4874077" lon="-5.0328862">
        <ele>60.4</ele>
        <time>2026-09-15T13:49:31.000Z</time>
        <speed>1.418</speed>
      </trkpt>
      <trkpt lat="50.4873541" lon="-5.0329062">
        <ele>59.6</ele>
        <time>2026-09-15T13:49:36.000Z</time>
        <speed>1.381</speed>
      </trkpt>
      <trkpt lat="50.4872915" lon="-5.0328950">
        <ele>59.4</ele>
        <time>2026-09-15T13:49:41.000Z</time>
        <speed>1.334</speed>
      </trkpt>
      <trkpt lat="50.4872319" lon="-5.0328729">
        <ele>58.4</ele>
        <time>2026-09-15T13:49:46.000Z</time>
        <speed>1.362</speed>
      </trkpt>
      <trkpt lat="50.4871699" lon="-5.0328474">
        <ele>57.8</ele>
        <time>2026-09-15T13:49:51.000Z</time>
        <speed>1.372</speed>
      </trkpt>
      <trkpt lat="50.4871144" lon="-5.0328154">
        <ele>57.8</ele>
        <time>2026-09-15T13:49:56.000Z</time>
        <speed>1.362</speed>
      </trkpt>
      <trkpt lat="50.4870483" lon="-5.0327850">
        <ele>56.6</ele>
        <time>2026-09-15T13:50:01.000Z</time>
        <speed>1.381</speed>
      </trkpt>
      <trkpt lat="50.4869888" lon="-5.0327542">
        <ele>57.4</ele>
        <time>2026-09-15T13:50:06.000Z</time>
        <speed>1.400</speed>
      </trkpt>
      <trkpt lat="50.4869270" lon="-5.0327263">
        <ele>57.8</ele>
        <time>2026-09-15T13:50:11.000Z</time>
        <speed>1.390</speed>
      </trkpt>
      <trkpt lat="50.4868651" lon="-5.0327000">
        <ele>56.6</ele>
        <time>2026-09-15T13:50:16.000Z</time>
        <speed>1.428</speed>
      </trkpt>
      <trkpt lat="50.4868040" lon="-5.0326777">
        <ele>56.6</ele>
        <time>2026-09-15T13:50:21.000Z</time>
        <speed>1.437</speed>
      </trkpt>
      <trkpt lat="50.4867385" lon="-5.0326459">
        <ele>56.2</ele>
        <time>2026-09-15T13:50:26.000Z</time>
        <speed>1.446</speed>
      </trkpt>
      <trkpt lat="50.4866728" lon="-5.0326311">
        <ele>56.0</ele>
        <time>2026-09-15T13:50:31.000Z</time>
        <speed>1.474</speed>
      </trkpt>
      <trkpt lat="50.4866078" lon="-5.0326049">
        <ele>55.8</ele>
        <time>2026-09-15T13:50:36.000Z</time>
        <speed>1.465</speed>
      </trkpt>
      <trkpt lat="50.4865521" lon="-5.0325610">
        <ele>55.8</ele>
        <time>2026-09-15T13:50:41.000Z</time>
        <speed>1.474</speed>
      </trkpt>
      <trkpt lat="50.4864963" lon="-5.0325404">
        <ele>56.6</ele>
        <time>2026-09-15T13:50:46.000Z</time>
        <speed>1.428</speed>
      </trkpt>
      <trkpt lat="50.4864317" lon="-5.0325330">
        <ele>57.2</ele>
        <time>2026-09-15T13:50:51.000Z</time>
        <speed>1.446</speed>
      </trkpt>
      <trkpt lat="50.4863763" lon="-5.0325175">
        <ele>58.0</ele>
        <time>2026-09-15T13:50:56.000Z</time>
        <speed>1.418</speed>
      </trkpt>
      <trkpt lat="50.4863206" lon="-5.0324886">
        <ele>57.8</ele>
        <time>2026-09-15T13:51:01.000Z</time>
        <speed>1.409</speed>
      </trkpt>
      <trkpt lat="50.4862718" lon="-5.0324681">
        <ele>57.6</ele>
        <time>2026-09-15T13:51:06.000Z</time>
        <speed>1.297</speed>
      </trkpt>
      <trkpt lat="50.4862217" lon="-5.0324585">
        <ele>56.8</ele>
        <time>2026-09-15T13:51:11.000Z</time>
        <speed>1.278</speed>
      </trkpt>
      <trkpt lat="50.4861616" lon="-5.0324478">
        <ele>56.2</ele>
        <time>2026-09-15T13:51:16.000Z</time>
        <speed>1.176</speed>
      </trkpt>
      <trkpt lat="50.4861017" lon="-5.0324610">
        <ele>55.8</ele>
        <time>2026-09-15T13:51:21.000Z</time>
        <speed>1.288</speed>
      </trkpt>
      <trkpt lat="50.4860381" lon="-5.0324831">
        <ele>55.4</ele>
        <time>2026-09-15T13:51:26.000Z</time>
        <speed>1.390</speed>
      </trkpt>
      <trkpt lat="50.4859872" lon="-5.0324975">
        <ele>54.4</ele>
        <time>2026-09-15T13:51:31.000Z</time>
        <speed>1.344</speed>
      </trkpt>
      <trkpt lat="50.4859344" lon="-5.0325145">
        <ele>54.2</ele>
        <time>2026-09-15T13:51:36.000Z</time>
        <speed>1.316</speed>
      </trkpt>
      <trkpt lat="50.4858785" lon="-5.0325336">
        <ele>52.4</ele>
        <time>2026-09-15T13:51:41.000Z</time>
        <speed>1.288</speed>
      </trkpt>
      <trkpt lat="50.4858240" lon="-5.0325408">
        <ele>52.0</ele>
        <time>2026-09-15T13:51:46.000Z</time>
        <speed>1.306</speed>
      </trkpt>
      <trkpt lat="50.4857607" lon="-5.0325512">
        <ele>51.2</ele>
        <time>2026-09-15T13:51:51.000Z</time>
        <speed>1.278</speed>
      </trkpt>
      <trkpt lat="50.4856998" lon="-5.0325818">
        <ele>51.2</ele>
        <time>2026-09-15T13:51:56.000Z</time>
        <speed>1.344</speed>
      </trkpt>
      <trkpt lat="50.4856501" lon="-5.0326353">
        <ele>52.0</ele>
        <time>2026-09-15T13:52:01.000Z</time>
        <speed>1.344</speed>
      </trkpt>
      <trkpt lat="50.4856043" lon="-5.0327017">
        <ele>51.4</ele>
        <time>2026-09-15T13:52:06.000Z</time>
        <speed>1.334</speed>
      </trkpt>
      <trkpt lat="50.4855597" lon="-5.0327700">
        <ele>50.2</ele>
        <time>2026-09-15T13:52:11.000Z</time>
        <speed>1.362</speed>
      </trkpt>
      <trkpt lat="50.4855220" lon="-5.0328321">
        <ele>50.0</ele>
        <time>2026-09-15T13:52:16.000Z</time>
        <speed>1.353</speed>
      </trkpt>
      <trkpt lat="50.4854732" lon="-5.0328528">
        <ele>47.4</ele>
        <time>2026-09-15T13:52:21.000Z</time>
        <speed>1.306</speed>
      </trkpt>
      <trkpt lat="50.4854134" lon="-5.0328493">
        <ele>46.4</ele>
        <time>2026-09-15T13:52:26.000Z</time>
        <speed>1.316</speed>
      </trkpt>
      <trkpt lat="50.4853520" lon="-5.0328579">
        <ele>46.4</ele>
        <time>2026-09-15T13:52:31.000Z</time>
        <speed>1.297</speed>
      </trkpt>
      <trkpt lat="50.4853032" lon="-5.0328517">
        <ele>47.0</ele>
        <time>2026-09-15T13:52:36.000Z</time>
        <speed>1.288</speed>
      </trkpt>
      <trkpt lat="50.4852525" lon="-5.0328537">
        <ele>48.6</ele>
        <time>2026-09-15T13:52:41.000Z</time>
        <speed>1.250</speed>
      </trkpt>
      <trkpt lat="50.4851942" lon="-5.0328610">
        <ele>48.0</ele>
        <time>2026-09-15T13:52:46.000Z</time>
        <speed>1.269</speed>
      </trkpt>
      <trkpt lat="50.4851320" lon="-5.0328893">
        <ele>48.0</ele>
        <time>2026-09-15T13:52:51.000Z</time>
        <speed>1.316</speed>
      </trkpt>
      <trkpt lat="50.4851238" lon="-5.0329019">
        <ele>48.4</ele>
        <time>2026-09-15T13:52:56.000Z</time>
        <speed>1.185</speed>
      </trkpt>
      <trkpt lat="50.4851230" lon="-5.0329062">
        <ele>47.8</ele>
        <time>2026-09-15T13:53:01.000Z</time>
        <speed>0.000</speed>
      </trkpt>
      <trkpt lat="50.4851069" lon="-5.0329165">
        <ele>47.4</ele>
        <time>2026-09-15T13:53:06.000Z</time>
        <speed>0.000</speed>
      </trkpt>
      <trkpt lat="50.4850494" lon="-5.0329529">
        <ele>48.6</ele>
        <time>2026-09-15T13:53:11.000Z</time>
        <speed>1.278</speed>
      </trkpt>
      <trkpt lat="50.4849883" lon="-5.0329592">
        <ele>49.0</ele>
        <time>2026-09-15T13:53:16.000Z</time>
        <speed>1.297</speed>
      </trkpt>
      <trkpt lat="50.4849236" lon="-5.0329631">
        <ele>46.8</ele>
        <time>2026-09-15T13:53:21.000Z</time>
        <speed>1.381</speed>
      </trkpt>
      <trkpt lat="50.4848713" lon="-5.0329778">
        <ele>47.2</ele>
        <time>2026-09-15T13:53:26.000Z</time>
        <speed>1.381</speed>
      </trkpt>
      <trkpt lat="50.4848540" lon="-5.0330252">
        <ele>46.6</ele>
        <time>2026-09-15T13:53:31.000Z</time>
        <speed>1.232</speed>
      </trkpt>
      <trkpt lat="50.4848508" lon="-5.0330859">
        <ele>44.8</ele>
        <time>2026-09-15T13:53:36.000Z</time>
        <speed>1.064</speed>
      </trkpt>
      <trkpt lat="50.4848178" lon="-5.0331470">
        <ele>43.8</ele>
        <time>2026-09-15T13:53:41.000Z</time>
        <speed>1.101</speed>
      </trkpt>
      <trkpt lat="50.4847669" lon="-5.0331807">
        <ele>43.8</ele>
        <time>2026-09-15T13:53:46.000Z</time>
        <speed>1.260</speed>
      </trkpt>
      <trkpt lat="50.4847189" lon="-5.0331903">
        <ele>43.2</ele>
        <time>2026-09-15T13:53:51.000Z</time>
        <speed>1.250</speed>
      </trkpt>
      <trkpt lat="50.4846769" lon="-5.0331874">
        <ele>42.2</ele>
        <time>2026-09-15T13:53:56.000Z</time>
        <speed>1.073</speed>
      </trkpt>
      <trkpt lat="50.4846389" lon="-5.0331713">
        <ele>41.6</ele>
        <time>2026-09-15T13:54:01.000Z</time>
        <speed>0.905</speed>
      </trkpt>
      <trkpt lat="50.4846133" lon="-5.0331463">
        <ele>41.4</ele>
        <time>2026-09-15T13:54:06.000Z</time>
        <speed>0.868</speed>
      </trkpt>
      <trkpt lat="50.4845885" lon="-5.0331250">
        <ele>40.8</ele>
        <time>2026-09-15T13:54:11.000Z</time>
        <speed>0.784</speed>
      </trkpt>
      <trkpt lat="50.4845579" lon="-5.0331117">
        <ele>39.6</ele>
        <time>2026-09-15T13:54:16.000Z</time>
        <speed>0.756</speed>
      </trkpt>
      <trkpt lat="50.4845172" lon="-5.0331107">
        <ele>38.4</ele>
        <time>2026-09-15T13:54:21.000Z</time>
        <speed>0.784</speed>
      </trkpt>
      <trkpt lat="50.4845002" lon="-5.0331172">
        <ele>37.8</ele>
        <time>2026-09-15T13:54:26.000Z</time>
        <speed>0.728</speed>
      </trkpt>
      <trkpt lat="50.4844979" lon="-5.0331188">
        <ele>37.8</ele>
        <time>2026-09-15T13:54:31.000Z</time>
        <speed>0.495</speed>
      </trkpt>
      <trkpt lat="50.4844976" lon="-5.0331197">
        <ele>38.2</ele>
        <time>2026-09-15T13:54:36.000Z</time>
        <speed>0.000</speed>
      </trkpt>
      <trkpt lat="50.4844870" lon="-5.0331288">
        <ele>38.0</ele>
        <time>2026-09-15T13:54:41.000Z</time>
        <speed>0.000</speed>
      </trkpt>
      <trkpt lat="50.4844500" lon="-5.0331489">
        <ele>37.2</ele>
        <time>2026-09-15T13:54:46.000Z</time>
        <speed>0.271</speed>
      </trkpt>
      <trkpt lat="50.4843901" lon="-5.0331553">
        <ele>37.2</ele>
        <time>2026-09-15T13:54:51.000Z</time>
        <speed>1.250</speed>
      </trkpt>
      <trkpt lat="50.4843437" lon="-5.0331301">
        <ele>38.4</ele>
        <time>2026-09-15T13:54:56.000Z</time>
        <speed>1.213</speed>
      </trkpt>
      <trkpt lat="50.4843047" lon="-5.0331081">
        <ele>39.2</ele>
        <time>2026-09-15T13:55:01.000Z</time>
        <speed>1.073</speed>
      </trkpt>
      <trkpt lat="50.4842707" lon="-5.0330695">
        <ele>40.4</ele>
        <time>2026-09-15T13:55:06.000Z</time>
        <speed>1.008</speed>
      </trkpt>
      <trkpt lat="50.4842370" lon="-5.0330477">
        <ele>42.2</ele>
        <time>2026-09-15T13:55:11.000Z</time>
        <speed>0.980</speed>
      </trkpt>
      <trkpt lat="50.4842082" lon="-5.0330117">
        <ele>45.2</ele>
        <time>2026-09-15T13:55:16.000Z</time>
        <speed>0.914</speed>
      </trkpt>
      <trkpt lat="50.4841772" lon="-5.0329906">
        <ele>47.2</ele>
        <time>2026-09-15T13:55:21.000Z</time>
        <speed>0.858</speed>
      </trkpt>
      <trkpt lat="50.4841463" lon="-5.0329746">
        <ele>48.6</ele>
        <time>2026-09-15T13:55:26.000Z</time>
        <speed>0.793</speed>
      </trkpt>
      <trkpt lat="50.4841094" lon="-5.0329642">
        <ele>48.6</ele>
        <time>2026-09-15T13:55:31.000Z</time>
        <speed>0.840</speed>
      </trkpt>
      <trkpt lat="50.4840670" lon="-5.0329635">
        <ele>48.8</ele>
        <time>2026-09-15T13:55:36.000Z</time>
        <speed>0.896</speed>
      </trkpt>
      <trkpt lat="50.4840265" lon="-5.0329544">
        <ele>50.4</ele>
        <time>2026-09-15T13:55:41.000Z</time>
        <speed>0.886</speed>
      </trkpt>
      <trkpt lat="50.4839951" lon="-5.0329350">
        <ele>51.6</ele>
        <time>2026-09-15T13:55:46.000Z</time>
        <speed>0.830</speed>
      </trkpt>
      <trkpt lat="50.4839601" lon="-5.0329185">
        <ele>51.6</ele>
        <time>2026-09-15T13:55:51.000Z</time>
        <speed>0.821</speed>
      </trkpt>
      <trkpt lat="50.4839175" lon="-5.0329124">
        <ele>54.6</ele>
        <time>2026-09-15T13:55:56.000Z</time>
        <speed>0.802</speed>
      </trkpt>
      <trkpt lat="50.4838772" lon="-5.0329152">
        <ele>56.6</ele>
        <time>2026-09-15T13:56:01.000Z</time>
        <speed>0.849</speed>
      </trkpt>
      <trkpt lat="50.4838436" lon="-5.0329217">
        <ele>58.0</ele>
        <time>2026-09-15T13:56:06.000Z</time>
        <speed>0.802</speed>
      </trkpt>
      <trkpt lat="50.4838133" lon="-5.0329376">
        <ele>59.0</ele>
        <time>2026-09-15T13:56:11.000Z</time>
        <speed>0.774</speed>
      </trkpt>
      <trkpt lat="50.4837704" lon="-5.0329666">
        <ele>61.0</ele>
        <time>2026-09-15T13:56:16.000Z</time>
        <speed>0.802</speed>
      </trkpt>
      <trkpt lat="50.4837291" lon="-5.0329970">
        <ele>61.2</ele>
        <time>2026-09-15T13:56:21.000Z</time>
        <speed>0.858</speed>
      </trkpt>
      <trkpt lat="50.4837281" lon="-5.0330107">
        <ele>60.0</ele>
        <time>2026-09-15T13:56:26.000Z</time>
        <speed>0.793</speed>
      </trkpt>
      <trkpt lat="50.4837291" lon="-5.0330120">
        <ele>60.2</ele>
        <time>2026-09-15T13:56:31.000Z</time>
        <speed>0.000</speed>
      </trkpt>
      <trkpt lat="50.4837291" lon="-5.0330144">
        <ele>60.0</ele>
        <time>2026-09-15T13:56:36.000Z</time>
        <speed>0.000</speed>
      </trkpt>
      <trkpt lat="50.4837299" lon="-5.0330088">
        <ele>60.0</ele>
        <time>2026-09-15T13:56:41.000Z</time>
        <speed>0.000</speed>
      </trkpt>
      <trkpt lat="50.4837309" lon="-5.0330102">
        <ele>60.8</ele>
        <time>2026-09-15T13:56:46.000Z</time>
        <speed>0.000</speed>
      </trkpt>
      <trkpt lat="50.4837157" lon="-5.0330131">
        <ele>60.6</ele>
        <time>2026-09-15T13:56:51.000Z</time>
        <speed>0.000</speed>
      </trkpt>
      <trkpt lat="50.4837160" lon="-5.0330146">
        <ele>59.2</ele>
        <time>2026-09-15T13:56:56.000Z</time>
        <speed>0.000</speed>
      </trkpt>
      <trkpt lat="50.4837024" lon="-5.0330077">
        <ele>59.4</ele>
        <time>2026-09-15T13:57:01.000Z</time>
        <speed>0.000</speed>
      </trkpt>
      <trkpt lat="50.4836454" lon="-5.0329763">
        <ele>62.6</ele>
        <time>2026-09-15T13:57:06.000Z</time>
        <speed>1.204</speed>
      </trkpt>
      <trkpt lat="50.4835977" lon="-5.0329618">
        <ele>65.0</ele>
        <time>2026-09-15T13:57:11.000Z</time>
        <speed>1.129</speed>
      </trkpt>
      <trkpt lat="50.4835486" lon="-5.0329459">
        <ele>64.8</ele>
        <time>2026-09-15T13:57:16.000Z</time>
        <speed>1.082</speed>
      </trkpt>
      <trkpt lat="50.4834986" lon="-5.0329315">
        <ele>65.0</ele>
        <time>2026-09-15T13:57:21.000Z</time>
        <speed>1.092</speed>
      </trkpt>
      <trkpt lat="50.4834479" lon="-5.0329167">
        <ele>64.8</ele>
        <time>2026-09-15T13:57:26.000Z</time>
        <speed>1.101</speed>
      </trkpt>
      <trkpt lat="50.4833945" lon="-5.0329045">
        <ele>66.4</ele>
        <time>2026-09-15T13:57:31.000Z</time>
        <speed>1.110</speed>
      </trkpt>
      <trkpt lat="50.4833473" lon="-5.0328868">
        <ele>67.0</ele>
        <time>2026-09-15T13:57:36.000Z</time>
        <speed>1.129</speed>
      </trkpt>
      <trkpt lat="50.4832954" lon="-5.0328724">
        <ele>67.8</ele>
        <time>2026-09-15T13:57:41.000Z</time>
        <speed>1.157</speed>
      </trkpt>
      <trkpt lat="50.4832455" lon="-5.0328518">
        <ele>68.4</ele>
        <time>2026-09-15T13:57:46.000Z</time>
        <speed>1.148</speed>
      </trkpt>
      <trkpt lat="50.4831935" lon="-5.0328250">
        <ele>68.8</ele>
        <time>2026-09-15T13:57:51.000Z</time>
        <speed>1.157</speed>
      </trkpt>
      <trkpt lat="50.4831481" lon="-5.0328043">
        <ele>69.8</ele>
        <time>2026-09-15T13:57:56.000Z</time>
        <speed>1.148</speed>
      </trkpt>
      <trkpt lat="50.4831101" lon="-5.0328014">
        <ele>70.0</ele>
        <time>2026-09-15T13:58:01.000Z</time>
        <speed>1.120</speed>
      </trkpt>
      <trkpt lat="50.4831049" lon="-5.0328009">
        <ele>71.4</ele>
        <time>2026-09-15T13:58:06.000Z</time>
        <speed>0.000</speed>
      </trkpt>
      <trkpt lat="50.4831025" lon="-5.0328057">
        <ele>71.8</ele>
        <time>2026-09-15T13:58:11.000Z</time>
        <speed>0.000</speed>
      </trkpt>
      <trkpt lat="50.4830852" lon="-5.0328430">
        <ele>70.6</ele>
        <time>2026-09-15T13:58:16.000Z</time>
        <speed>0.000</speed>
      </trkpt>
      <trkpt lat="50.4830563" lon="-5.0329059">
        <ele>71.0</ele>
        <time>2026-09-15T13:58:21.000Z</time>
        <speed>0.485</speed>
      </trkpt>
      <trkpt lat="50.4830194" lon="-5.0329615">
        <ele>72.4</ele>
        <time>2026-09-15T13:58:26.000Z</time>
        <speed>1.054</speed>
      </trkpt>
      <trkpt lat="50.4829741" lon="-5.0330134">
        <ele>73.6</ele>
        <time>2026-09-15T13:58:31.000Z</time>
        <speed>1.082</speed>
      </trkpt>
      <trkpt lat="50.4829307" lon="-5.0330568">
        <ele>73.0</ele>
        <time>2026-09-15T13:58:36.000Z</time>
        <speed>1.176</speed>
      </trkpt>
      <trkpt lat="50.4828856" lon="-5.0330951">
        <ele>72.8</ele>
        <time>2026-09-15T13:58:41.000Z</time>
        <speed>1.166</speed>
      </trkpt>
      <trkpt lat="50.4828489" lon="-5.0331248">
        <ele>73.2</ele>
        <time>2026-09-15T13:58:46.000Z</time>
        <speed>1.092</speed>
      </trkpt>
      <trkpt lat="50.4828361" lon="-5.0331406">
        <ele>74.2</ele>
        <time>2026-09-15T13:58:51.000Z</time>
        <speed>0.765</speed>
      </trkpt>
      <trkpt lat="50.4828358" lon="-5.0331400">
        <ele>76.0</ele>
        <time>2026-09-15T13:58:56.000Z</time>
        <speed>0.000</speed>
      </trkpt>
      <trkpt lat="50.4828359" lon="-5.0331393">
        <ele>79.0</ele>
        <time>2026-09-15T13:59:01.000Z</time>
        <speed>0.000</speed>
      </trkpt>
      <trkpt lat="50.4828319" lon="-5.0331423">
        <ele>82.8</ele>
        <time>2026-09-15T13:59:06.000Z</time>
        <speed>0.000</speed>
      </trkpt>
      <trkpt lat="50.4827889" lon="-5.0331687">
        <ele>82.2</ele>
        <time>2026-09-15T13:59:11.000Z</time>
        <speed>0.392</speed>
      </trkpt>
      <trkpt lat="50.4827368" lon="-5.0332010">
        <ele>77.0</ele>
        <time>2026-09-15T13:59:16.000Z</time>
        <speed>1.269</speed>
      </trkpt>
      <trkpt lat="50.4826817" lon="-5.0332269">
        <ele>74.2</ele>
        <time>2026-09-15T13:59:21.000Z</time>
        <speed>1.204</speed>
      </trkpt>
      <trkpt lat="50.4826283" lon="-5.0332391">
        <ele>73.2</ele>
        <time>2026-09-15T13:59:26.000Z</time>
        <speed>1.250</speed>
      </trkpt>
      <trkpt lat="50.4825768" lon="-5.0332585">
        <ele>74.2</ele>
        <time>2026-09-15T13:59:31.000Z</time>
        <speed>1.213</speed>
      </trkpt>
      <trkpt lat="50.4825208" lon="-5.0332809">
        <ele>76.0</ele>
        <time>2026-09-15T13:59:36.000Z</time>
        <speed>1.278</speed>
      </trkpt>
      <trkpt lat="50.4824801" lon="-5.0333036">
        <ele>76.6</ele>
        <time>2026-09-15T13:59:41.000Z</time>
        <speed>1.082</speed>
      </trkpt>
      <trkpt lat="50.4824243" lon="-5.0333285">
        <ele>76.8</ele>
        <time>2026-09-15T13:59:46.000Z</time>
        <speed>1.026</speed>
      </trkpt>
      <trkpt lat="50.4823674" lon="-5.0333596">
        <ele>76.8</ele>
        <time>2026-09-15T13:59:51.000Z</time>
        <speed>1.054</speed>
      </trkpt>
      <trkpt lat="50.4823584" lon="-5.0333597">
        <ele>77.6</ele>
        <time>2026-09-15T13:59:56.000Z</time>
        <speed>0.980</speed>
      </trkpt>
      <trkpt lat="50.4823571" lon="-5.0333555">
        <ele>77.0</ele>
        <time>2026-09-15T14:00:01.000Z</time>
        <speed>0.000</speed>
      </trkpt>
      <trkpt lat="50.4823584" lon="-5.0333540">
        <ele>76.8</ele>
        <time>2026-09-15T14:00:06.000Z</time>
        <speed>0.000</speed>
      </trkpt>
      <trkpt lat="50.4823601" lon="-5.0333546">
        <ele>76.6</ele>
        <time>2026-09-15T14:00:11.000Z</time>
        <speed>0.000</speed>
      </trkpt>
      <trkpt lat="50.4823600" lon="-5.0333517">
        <ele>77.0</ele>
        <time>2026-09-15T14:00:16.000Z</time>
        <speed>0.000</speed>
      </trkpt>
      <trkpt lat="50.4823566" lon="-5.0333495">
        <ele>77.4</ele>
        <time>2026-09-15T14:00:21.000Z</time>
        <speed>0.000</speed>
      </trkpt>
      <trkpt lat="50.4823508" lon="-5.0333550">
        <ele>77.2</ele>
        <time>2026-09-15T14:00:26.000Z</time>
        <speed>0.000</speed>
      </trkpt>
      <trkpt lat="50.4822984" lon="-5.0333956">
        <ele>77.4</ele>
        <time>2026-09-15T14:00:31.000Z</time>
        <speed>0.233</speed>
      </trkpt>
      <trkpt lat="50.4822401" lon="-5.0334363">
        <ele>78.2</ele>
        <time>2026-09-15T14:00:36.000Z</time>
        <speed>1.297</speed>
      </trkpt>
      <trkpt lat="50.4821849" lon="-5.0334709">
        <ele>79.0</ele>
        <time>2026-09-15T14:00:41.000Z</time>
        <speed>1.409</speed>
      </trkpt>
      <trkpt lat="50.4821310" lon="-5.0335016">
        <ele>78.4</ele>
        <time>2026-09-15T14:00:46.000Z</time>
        <speed>1.269</speed>
      </trkpt>
      <trkpt lat="50.4820764" lon="-5.0335402">
        <ele>77.6</ele>
        <time>2026-09-15T14:00:51.000Z</time>
        <speed>1.269</speed>
      </trkpt>
      <trkpt lat="50.4820217" lon="-5.0335966">
        <ele>79.2</ele>
        <time>2026-09-15T14:00:56.000Z</time>
        <speed>1.306</speed>
      </trkpt>
      <trkpt lat="50.4819691" lon="-5.0336678">
        <ele>80.8</ele>
        <time>2026-09-15T14:01:01.000Z</time>
        <speed>1.334</speed>
      </trkpt>
      <trkpt lat="50.4819269" lon="-5.0337426">
        <ele>82.6</ele>
        <time>2026-09-15T14:01:06.000Z</time>
        <speed>1.381</speed>
      </trkpt>
      <trkpt lat="50.4818860" lon="-5.0338171">
        <ele>81.2</ele>
        <time>2026-09-15T14:01:11.000Z</time>
        <speed>1.372</speed>
      </trkpt>
      <trkpt lat="50.4818404" lon="-5.0338866">
        <ele>80.2</ele>
        <time>2026-09-15T14:01:16.000Z</time>
        <speed>1.381</speed>
      </trkpt>
      <trkpt lat="50.4817897" lon="-5.0339342">
        <ele>80.4</ele>
        <time>2026-09-15T14:01:21.000Z</time>
        <speed>1.381</speed>
      </trkpt>
      <trkpt lat="50.4817386" lon="-5.0339954">
        <ele>79.6</ele>
        <time>2026-09-15T14:01:26.000Z</time>
        <speed>1.381</speed>
      </trkpt>
      <trkpt lat="50.4816936" lon="-5.0340518">
        <ele>80.6</ele>
        <time>2026-09-15T14:01:31.000Z</time>
        <speed>1.334</speed>
      </trkpt>
      <trkpt lat="50.4816400" lon="-5.0340945">
        <ele>80.4</ele>
        <time>2026-09-15T14:01:36.000Z</time>
        <speed>1.353</speed>
      </trkpt>
      <trkpt lat="50.4815825" lon="-5.0341305">
        <ele>80.2</ele>
        <time>2026-09-15T14:01:41.000Z</time>
        <speed>1.288</speed>
      </trkpt>
      <trkpt lat="50.4815219" lon="-5.0341691">
        <ele>81.0</ele>
        <time>2026-09-15T14:01:46.000Z</time>
        <speed>1.372</speed>
      </trkpt>
      <trkpt lat="50.4814650" lon="-5.0342056">
        <ele>81.4</ele>
        <time>2026-09-15T14:01:51.000Z</time>
        <speed>1.344</speed>
      </trkpt>
      <trkpt lat="50.4814105" lon="-5.0342374">
        <ele>81.4</ele>
        <time>2026-09-15T14:01:56.000Z</time>
        <speed>1.344</speed>
      </trkpt>
      <trkpt lat="50.4813519" lon="-5.0342758">
        <ele>82.4</ele>
        <time>2026-09-15T14:02:01.000Z</time>
        <speed>1.362</speed>
      </trkpt>
      <trkpt lat="50.4812988" lon="-5.0343124">
        <ele>82.2</ele>
        <time>2026-09-15T14:02:06.000Z</time>
        <speed>1.325</speed>
      </trkpt>
      <trkpt lat="50.4812392" lon="-5.0343441">
        <ele>83.8</ele>
        <time>2026-09-15T14:02:11.000Z</time>
        <speed>1.353</speed>
      </trkpt>
      <trkpt lat="50.4811868" lon="-5.0343767">
        <ele>83.4</ele>
        <time>2026-09-15T14:02:16.000Z</time>
        <speed>1.334</speed>
      </trkpt>
      <trkpt lat="50.4811367" lon="-5.0344180">
        <ele>84.6</ele>
        <time>2026-09-15T14:02:21.000Z</time>
        <speed>1.325</speed>
      </trkpt>
      <trkpt lat="50.4810787" lon="-5.0344692">
        <ele>86.0</ele>
        <time>2026-09-15T14:02:26.000Z</time>
        <speed>1.344</speed>
      </trkpt>
      <trkpt lat="50.4810311" lon="-5.0345203">
        <ele>84.8</ele>
        <time>2026-09-15T14:02:31.000Z</time>
        <speed>1.344</speed>
      </trkpt>
      <trkpt lat="50.4809752" lon="-5.0345443">
        <ele>81.6</ele>
        <time>2026-09-15T14:02:36.000Z</time>
        <speed>1.344</speed>
      </trkpt>
      <trkpt lat="50.4809149" lon="-5.0345508">
        <ele>81.2</ele>
        <time>2026-09-15T14:02:41.000Z</time>
        <speed>1.325</speed>
      </trkpt>
      <trkpt lat="50.4808669" lon="-5.0345670">
        <ele>80.8</ele>
        <time>2026-09-15T14:02:46.000Z</time>
        <speed>1.325</speed>
      </trkpt>
      <trkpt lat="50.4808231" lon="-5.0345997">
        <ele>79.6</ele>
        <time>2026-09-15T14:02:51.000Z</time>
        <speed>1.278</speed>
      </trkpt>
      <trkpt lat="50.4807719" lon="-5.0346367">
        <ele>79.2</ele>
        <time>2026-09-15T14:02:56.000Z</time>
        <speed>1.232</speed>
      </trkpt>
      <trkpt lat="50.4807220" lon="-5.0346847">
        <ele>78.2</ele>
        <time>2026-09-15T14:03:01.000Z</time>
        <speed>1.250</speed>
      </trkpt>
      <trkpt lat="50.4806703" lon="-5.0347345">
        <ele>79.6</ele>
        <time>2026-09-15T14:03:06.000Z</time>
        <speed>1.260</speed>
      </trkpt>
      <trkpt lat="50.4806241" lon="-5.0347858">
        <ele>79.8</ele>
        <time>2026-09-15T14:03:11.000Z</time>
        <speed>1.278</speed>
      </trkpt>
      <trkpt lat="50.4805692" lon="-5.0348440">
        <ele>81.2</ele>
        <time>2026-09-15T14:03:16.000Z</time>
        <speed>1.288</speed>
      </trkpt>
      <trkpt lat="50.4805161" lon="-5.0348864">
        <ele>82.6</ele>
        <time>2026-09-15T14:03:21.000Z</time>
        <speed>1.316</speed>
      </trkpt>
      <trkpt lat="50.4804572" lon="-5.0349274">
        <ele>82.4</ele>
        <time>2026-09-15T14:03:26.000Z</time>
        <speed>1.325</speed>
      </trkpt>
      <trkpt lat="50.4804009" lon="-5.0349666">
        <ele>82.2</ele>
        <time>2026-09-15T14:03:31.000Z</time>
        <speed>1.344</speed>
      </trkpt>
      <trkpt lat="50.4803470" lon="-5.0350082">
        <ele>83.0</ele>
        <time>2026-09-15T14:03:36.000Z</time>
        <speed>1.353</speed>
      </trkpt>
      <trkpt lat="50.4802951" lon="-5.0350444">
        <ele>82.2</ele>
        <time>2026-09-15T14:03:41.000Z</time>
        <speed>1.325</speed>
      </trkpt>
      <trkpt lat="50.4802343" lon="-5.0350847">
        <ele>82.8</ele>
        <time>2026-09-15T14:03:46.000Z</time>
        <speed>1.344</speed>
      </trkpt>
      <trkpt lat="50.4801771" lon="-5.0351078">
        <ele>83.8</ele>
        <time>2026-09-15T14:03:51.000Z</time>
        <speed>1.334</speed>
      </trkpt>
      <trkpt lat="50.4801208" lon="-5.0351242">
        <ele>83.8</ele>
        <time>2026-09-15T14:03:56.000Z</time>
        <speed>1.344</speed>
      </trkpt>
      <trkpt lat="50.4800627" lon="-5.0351457">
        <ele>84.4</ele>
        <time>2026-09-15T14:04:01.000Z</time>
        <speed>1.344</speed>
      </trkpt>
      <trkpt lat="50.4800065" lon="-5.0351571">
        <ele>86.8</ele>
        <time>2026-09-15T14:04:06.000Z</time>
        <speed>1.334</speed>
      </trkpt>
      <trkpt lat="50.4799363" lon="-5.0351713">
        <ele>87.0</ele>
        <time>2026-09-15T14:04:11.000Z</time>
        <speed>1.362</speed>
      </trkpt>
      <trkpt lat="50.4798791" lon="-5.0351894">
        <ele>84.4</ele>
        <time>2026-09-15T14:04:16.000Z</time>
        <speed>1.344</speed>
      </trkpt>
      <trkpt lat="50.4798252" lon="-5.0352273">
        <ele>84.6</ele>
        <time>2026-09-15T14:04:21.000Z</time>
        <speed>1.362</speed>
      </trkpt>
      <trkpt lat="50.4797866" lon="-5.0352738">
        <ele>84.4</ele>
        <time>2026-09-15T14:04:26.000Z</time>
        <speed>1.306</speed>
      </trkpt>
      <trkpt lat="50.4797356" lon="-5.0352882">
        <ele>83.8</ele>
        <time>2026-09-15T14:04:31.000Z</time>
        <speed>1.260</speed>
      </trkpt>
      <trkpt lat="50.4796716" lon="-5.0352763">
        <ele>84.0</ele>
        <time>2026-09-15T14:04:36.000Z</time>
        <speed>1.325</speed>
      </trkpt>
      <trkpt lat="50.4796145" lon="-5.0352861">
        <ele>83.6</ele>
        <time>2026-09-15T14:04:41.000Z</time>
        <speed>1.297</speed>
      </trkpt>
      <trkpt lat="50.4795570" lon="-5.0353036">
        <ele>84.0</ele>
        <time>2026-09-15T14:04:46.000Z</time>
        <speed>1.306</speed>
      </trkpt>
      <trkpt lat="50.4794933" lon="-5.0353082">
        <ele>84.2</ele>
        <time>2026-09-15T14:04:51.000Z</time>
        <speed>1.344</speed>
      </trkpt>
      <trkpt lat="50.4794297" lon="-5.0353189">
        <ele>84.2</ele>
        <time>2026-09-15T14:04:56.000Z</time>
        <speed>1.353</speed>
      </trkpt>
      <trkpt lat="50.4793697" lon="-5.0353195">
        <ele>84.0</ele>
        <time>2026-09-15T14:05:01.000Z</time>
        <speed>1.334</speed>
      </trkpt>
      <trkpt lat="50.4792989" lon="-5.0353340">
        <ele>84.0</ele>
        <time>2026-09-15T14:05:06.000Z</time>
        <speed>1.362</speed>
      </trkpt>
      <trkpt lat="50.4792351" lon="-5.0353381">
        <ele>84.4</ele>
        <time>2026-09-15T14:05:11.000Z</time>
        <speed>1.372</speed>
      </trkpt>
      <trkpt lat="50.4791789" lon="-5.0353351">
        <ele>84.8</ele>
        <time>2026-09-15T14:05:16.000Z</time>
        <speed>1.353</speed>
      </trkpt>
      <trkpt lat="50.4791193" lon="-5.0353344">
        <ele>84.4</ele>
        <time>2026-09-15T14:05:21.000Z</time>
        <speed>1.334</speed>
      </trkpt>
      <trkpt lat="50.4790608" lon="-5.0353375">
        <ele>84.4</ele>
        <time>2026-09-15T14:05:26.000Z</time>
        <speed>1.344</speed>
      </trkpt>
      <trkpt lat="50.4790000" lon="-5.0353618">
        <ele>84.8</ele>
        <time>2026-09-15T14:05:31.000Z</time>
        <speed>1.334</speed>
      </trkpt>
      <trkpt lat="50.4789437" lon="-5.0353795">
        <ele>85.0</ele>
        <time>2026-09-15T14:05:36.000Z</time>
        <speed>1.334</speed>
      </trkpt>
      <trkpt lat="50.4788822" lon="-5.0353871">
        <ele>85.2</ele>
        <time>2026-09-15T14:05:41.000Z</time>
        <speed>1.325</speed>
      </trkpt>
      <trkpt lat="50.4788229" lon="-5.0353775">
        <ele>85.4</ele>
        <time>2026-09-15T14:05:46.000Z</time>
        <speed>1.306</speed>
      </trkpt>
      <trkpt lat="50.4787624" lon="-5.0353619">
        <ele>85.4</ele>
        <time>2026-09-15T14:05:51.000Z</time>
        <speed>1.353</speed>
      </trkpt>
      <trkpt lat="50.4787047" lon="-5.0353571">
        <ele>85.6</ele>
        <time>2026-09-15T14:05:56.000Z</time>
        <speed>1.306</speed>
      </trkpt>
      <trkpt lat="50.4786436" lon="-5.0353516">
        <ele>85.6</ele>
        <time>2026-09-15T14:06:01.000Z</time>
        <speed>1.334</speed>
      </trkpt>
      <trkpt lat="50.4785785" lon="-5.0353475">
        <ele>85.6</ele>
        <time>2026-09-15T14:06:06.000Z</time>
        <speed>1.344</speed>
      </trkpt>
      <trkpt lat="50.4785140" lon="-5.0353395">
        <ele>85.8</ele>
        <time>2026-09-15T14:06:11.000Z</time>
        <speed>1.362</speed>
      </trkpt>
      <trkpt lat="50.4784529" lon="-5.0353340">
        <ele>86.2</ele>
        <time>2026-09-15T14:06:16.000Z</time>
        <speed>1.353</speed>
      </trkpt>
      <trkpt lat="50.4783911" lon="-5.0353350">
        <ele>85.8</ele>
        <time>2026-09-15T14:06:21.000Z</time>
        <speed>1.372</speed>
      </trkpt>
      <trkpt lat="50.4783314" lon="-5.0353418">
        <ele>86.0</ele>
        <time>2026-09-15T14:06:26.000Z</time>
        <speed>1.353</speed>
      </trkpt>
      <trkpt lat="50.4782673" lon="-5.0353485">
        <ele>86.2</ele>
        <time>2026-09-15T14:06:31.000Z</time>
        <speed>1.362</speed>
      </trkpt>
      <trkpt lat="50.4782051" lon="-5.0353545">
        <ele>86.6</ele>
        <time>2026-09-15T14:06:36.000Z</time>
        <speed>1.372</speed>
      </trkpt>
      <trkpt lat="50.4781489" lon="-5.0353644">
        <ele>87.4</ele>
        <time>2026-09-15T14:06:41.000Z</time>
        <speed>1.362</speed>
      </trkpt>
      <trkpt lat="50.4780874" lon="-5.0353728">
        <ele>88.2</ele>
        <time>2026-09-15T14:06:46.000Z</time>
        <speed>1.362</speed>
      </trkpt>
      <trkpt lat="50.4780308" lon="-5.0353824">
        <ele>87.4</ele>
        <time>2026-09-15T14:06:51.000Z</time>
        <speed>1.353</speed>
      </trkpt>
      <trkpt lat="50.4779673" lon="-5.0353933">
        <ele>87.8</ele>
        <time>2026-09-15T14:06:56.000Z</time>
        <speed>1.344</speed>
      </trkpt>
      <trkpt lat="50.4778993" lon="-5.0354061">
        <ele>88.4</ele>
        <time>2026-09-15T14:07:01.000Z</time>
        <speed>1.362</speed>
      </trkpt>
      <trkpt lat="50.4778413" lon="-5.0354198">
        <ele>87.8</ele>
        <time>2026-09-15T14:07:06.000Z</time>
        <speed>1.372</speed>
      </trkpt>
      <trkpt lat="50.4777840" lon="-5.0354146">
        <ele>88.8</ele>
        <time>2026-09-15T14:07:11.000Z</time>
        <speed>1.372</speed>
      </trkpt>
      <trkpt lat="50.4777214" lon="-5.0354071">
        <ele>89.0</ele>
        <time>2026-09-15T14:07:16.000Z</time>
        <speed>1.344</speed>
      </trkpt>
      <trkpt lat="50.4776580" lon="-5.0354025">
        <ele>89.6</ele>
        <time>2026-09-15T14:07:21.000Z</time>
        <speed>1.362</speed>
      </trkpt>
      <trkpt lat="50.4775925" lon="-5.0353969">
        <ele>89.8</ele>
        <time>2026-09-15T14:07:26.000Z</time>
        <speed>1.372</speed>
      </trkpt>
      <trkpt lat="50.4775326" lon="-5.0353971">
        <ele>90.0</ele>
        <time>2026-09-15T14:07:31.000Z</time>
        <speed>1.372</speed>
      </trkpt>
      <trkpt lat="50.4774661" lon="-5.0354022">
        <ele>90.0</ele>
        <time>2026-09-15T14:07:36.000Z</time>
        <speed>1.362</speed>
      </trkpt>
      <trkpt lat="50.4774034" lon="-5.0354105">
        <ele>89.8</ele>
        <time>2026-09-15T14:07:41.000Z</time>
        <speed>1.362</speed>
      </trkpt>
      <trkpt lat="50.4773482" lon="-5.0354266">
        <ele>89.8</ele>
        <time>2026-09-15T14:07:46.000Z</time>
        <speed>1.362</speed>
      </trkpt>
      <trkpt lat="50.4772839" lon="-5.0354347">
        <ele>89.6</ele>
        <time>2026-09-15T14:07:51.000Z</time>
        <speed>1.362</speed>
      </trkpt>
      <trkpt lat="50.4772249" lon="-5.0354336">
        <ele>89.8</ele>
        <time>2026-09-15T14:07:56.000Z</time>
        <speed>1.372</speed>
      </trkpt>
      <trkpt lat="50.4771661" lon="-5.0354176">
        <ele>91.0</ele>
        <time>2026-09-15T14:08:01.000Z</time>
        <speed>1.362</speed>
      </trkpt>
      <trkpt lat="50.4771026" lon="-5.0353959">
        <ele>91.6</ele>
        <time>2026-09-15T14:08:06.000Z</time>
        <speed>1.353</speed>
      </trkpt>
      <trkpt lat="50.4770381" lon="-5.0353880">
        <ele>90.4</ele>
        <time>2026-09-15T14:08:11.000Z</time>
        <speed>1.381</speed>
      </trkpt>
      <trkpt lat="50.4769836" lon="-5.0353749">
        <ele>91.2</ele>
        <time>2026-09-15T14:08:16.000Z</time>
        <speed>1.353</speed>
      </trkpt>
      <trkpt lat="50.4769147" lon="-5.0353787">
        <ele>90.4</ele>
        <time>2026-09-15T14:08:21.000Z</time>
        <speed>1.381</speed>
      </trkpt>
      <trkpt lat="50.4768524" lon="-5.0353756">
        <ele>90.2</ele>
        <time>2026-09-15T14:08:26.000Z</time>
        <speed>1.381</speed>
      </trkpt>
      <trkpt lat="50.4767845" lon="-5.0353741">
        <ele>90.2</ele>
        <time>2026-09-15T14:08:31.000Z</time>
        <speed>1.400</speed>
      </trkpt>
      <trkpt lat="50.4767209" lon="-5.0353917">
        <ele>90.2</ele>
        <time>2026-09-15T14:08:36.000Z</time>
        <speed>1.418</speed>
      </trkpt>
      <trkpt lat="50.4766608" lon="-5.0354300">
        <ele>89.6</ele>
        <time>2026-09-15T14:08:41.000Z</time>
        <speed>1.418</speed>
      </trkpt>
      <trkpt lat="50.4766070" lon="-5.0354716">
        <ele>88.8</ele>
        <time>2026-09-15T14:08:46.000Z</time>
        <speed>1.418</speed>
      </trkpt>
      <trkpt lat="50.4765490" lon="-5.0355236">
        <ele>89.2</ele>
        <time>2026-09-15T14:08:51.000Z</time>
        <speed>1.409</speed>
      </trkpt>
      <trkpt lat="50.4764984" lon="-5.0355847">
        <ele>89.2</ele>
        <time>2026-09-15T14:08:56.000Z</time>
        <speed>1.428</speed>
      </trkpt>
      <trkpt lat="50.4764461" lon="-5.0356453">
        <ele>89.0</ele>
        <time>2026-09-15T14:09:01.000Z</time>
        <speed>1.428</speed>
      </trkpt>
      <trkpt lat="50.4763920" lon="-5.0357017">
        <ele>89.4</ele>
        <time>2026-09-15T14:09:06.000Z</time>
        <speed>1.437</speed>
      </trkpt>
      <trkpt lat="50.4763350" lon="-5.0357441">
        <ele>88.8</ele>
        <time>2026-09-15T14:09:11.000Z</time>
        <speed>1.418</speed>
      </trkpt>
      <trkpt lat="50.4762764" lon="-5.0357972">
        <ele>88.6</ele>
        <time>2026-09-15T14:09:16.000Z</time>
        <speed>1.437</speed>
      </trkpt>
      <trkpt lat="50.4762221" lon="-5.0358440">
        <ele>88.4</ele>
        <time>2026-09-15T14:09:21.000Z</time>
        <speed>1.428</speed>
      </trkpt>
      <trkpt lat="50.4761630" lon="-5.0358920">
        <ele>88.2</ele>
        <time>2026-09-15T14:09:26.000Z</time>
        <speed>1.428</speed>
      </trkpt>
      <trkpt lat="50.4761032" lon="-5.0359307">
        <ele>87.2</ele>
        <time>2026-09-15T14:09:31.000Z</time>
        <speed>1.437</speed>
      </trkpt>
      <trkpt lat="50.4760522" lon="-5.0359228">
        <ele>86.8</ele>
        <time>2026-09-15T14:09:36.000Z</time>
        <speed>1.409</speed>
      </trkpt>
      <trkpt lat="50.4759938" lon="-5.0359183">
        <ele>87.8</ele>
        <time>2026-09-15T14:09:41.000Z</time>
        <speed>1.390</speed>
      </trkpt>
      <trkpt lat="50.4759325" lon="-5.0359371">
        <ele>89.0</ele>
        <time>2026-09-15T14:09:46.000Z</time>
        <speed>1.381</speed>
      </trkpt>
      <trkpt lat="50.4758714" lon="-5.0359716">
        <ele>91.4</ele>
        <time>2026-09-15T14:09:51.000Z</time>
        <speed>1.400</speed>
      </trkpt>
      <trkpt lat="50.4758163" lon="-5.0360056">
        <ele>89.8</ele>
        <time>2026-09-15T14:09:56.000Z</time>
        <speed>1.381</speed>
      </trkpt>
      <trkpt lat="50.4757549" lon="-5.0360271">
        <ele>89.0</ele>
        <time>2026-09-15T14:10:01.000Z</time>
        <speed>1.381</speed>
      </trkpt>
      <trkpt lat="50.4756973" lon="-5.0360296">
        <ele>88.6</ele>
        <time>2026-09-15T14:10:06.000Z</time>
        <speed>1.362</speed>
      </trkpt>
      <trkpt lat="50.4756381" lon="-5.0360529">
        <ele>88.2</ele>
        <time>2026-09-15T14:10:11.000Z</time>
        <speed>1.362</speed>
      </trkpt>
      <trkpt lat="50.4755823" lon="-5.0360905">
        <ele>87.8</ele>
        <time>2026-09-15T14:10:16.000Z</time>
        <speed>1.334</speed>
      </trkpt>
      <trkpt lat="50.4755280" lon="-5.0361522">
        <ele>88.6</ele>
        <time>2026-09-15T14:10:21.000Z</time>
        <speed>1.362</speed>
      </trkpt>
      <trkpt lat="50.4754802" lon="-5.0362203">
        <ele>88.6</ele>
        <time>2026-09-15T14:10:26.000Z</time>
        <speed>1.362</speed>
      </trkpt>
      <trkpt lat="50.4754329" lon="-5.0362870">
        <ele>88.4</ele>
        <time>2026-09-15T14:10:31.000Z</time>
        <speed>1.372</speed>
      </trkpt>
      <trkpt lat="50.4753972" lon="-5.0363591">
        <ele>88.2</ele>
        <time>2026-09-15T14:10:36.000Z</time>
        <speed>1.353</speed>
      </trkpt>
      <trkpt lat="50.4753664" lon="-5.0364405">
        <ele>90.0</ele>
        <time>2026-09-15T14:10:41.000Z</time>
        <speed>1.362</speed>
      </trkpt>
      <trkpt lat="50.4753437" lon="-5.0365244">
        <ele>88.4</ele>
        <time>2026-09-15T14:10:46.000Z</time>
        <speed>1.344</speed>
      </trkpt>
      <trkpt lat="50.4753171" lon="-5.0366066">
        <ele>88.0</ele>
        <time>2026-09-15T14:10:51.000Z</time>
        <speed>1.344</speed>
      </trkpt>
      <trkpt lat="50.4752950" lon="-5.0366982">
        <ele>87.2</ele>
        <time>2026-09-15T14:10:56.000Z</time>
        <speed>1.344</speed>
      </trkpt>
      <trkpt lat="50.4752871" lon="-5.0367837">
        <ele>84.4</ele>
        <time>2026-09-15T14:11:01.000Z</time>
        <speed>1.344</speed>
      </trkpt>
      <trkpt lat="50.4752731" lon="-5.0368687">
        <ele>82.6</ele>
        <time>2026-09-15T14:11:06.000Z</time>
        <speed>1.325</speed>
      </trkpt>
      <trkpt lat="50.4752621" lon="-5.0369232">
        <ele>83.0</ele>
        <time>2026-09-15T14:11:11.000Z</time>
        <speed>1.316</speed>
      </trkpt>
      <trkpt lat="50.4752483" lon="-5.0369719">
        <ele>83.2</ele>
        <time>2026-09-15T14:11:16.000Z</time>
        <speed>1.157</speed>
      </trkpt>
      <trkpt lat="50.4752225" lon="-5.0370503">
        <ele>81.2</ele>
        <time>2026-09-15T14:11:21.000Z</time>
        <speed>1.269</speed>
      </trkpt>
      <trkpt lat="50.4751955" lon="-5.0371156">
        <ele>80.8</ele>
        <time>2026-09-15T14:11:26.000Z</time>
        <speed>1.110</speed>
      </trkpt>
      <trkpt lat="50.4751769" lon="-5.0371873">
        <ele>79.4</ele>
        <time>2026-09-15T14:11:31.000Z</time>
        <speed>1.045</speed>
      </trkpt>
      <trkpt lat="50.4751576" lon="-5.0372392">
        <ele>76.4</ele>
        <time>2026-09-15T14:11:36.000Z</time>
        <speed>0.989</speed>
      </trkpt>
      <trkpt lat="50.4751489" lon="-5.0372863">
        <ele>76.0</ele>
        <time>2026-09-15T14:11:41.000Z</time>
        <speed>0.896</speed>
      </trkpt>
      <trkpt lat="50.4751460" lon="-5.0373401">
        <ele>76.6</ele>
        <time>2026-09-15T14:11:46.000Z</time>
        <speed>0.812</speed>
      </trkpt>
      <trkpt lat="50.4751537" lon="-5.0373848">
        <ele>76.4</ele>
        <time>2026-09-15T14:11:51.000Z</time>
        <speed>0.812</speed>
      </trkpt>
      <trkpt lat="50.4751664" lon="-5.0374060">
        <ele>72.8</ele>
        <time>2026-09-15T14:11:56.000Z</time>
        <speed>0.681</speed>
      </trkpt>
      <trkpt lat="50.4751655" lon="-5.0374467">
        <ele>72.8</ele>
        <time>2026-09-15T14:12:01.000Z</time>
        <speed>0.690</speed>
      </trkpt>
      <trkpt lat="50.4751642" lon="-5.0374651">
        <ele>72.0</ele>
        <time>2026-09-15T14:12:06.000Z</time>
        <speed>0.690</speed>
      </trkpt>
      <trkpt lat="50.4751679" lon="-5.0374805">
        <ele>70.8</ele>
        <time>2026-09-15T14:12:11.000Z</time>
        <speed>0.560</speed>
      </trkpt>
      <trkpt lat="50.4751682" lon="-5.0374767">
        <ele>71.2</ele>
        <time>2026-09-15T14:12:16.000Z</time>
        <speed>0.467</speed>
      </trkpt>
      <trkpt lat="50.4751670" lon="-5.0374758">
        <ele>70.6</ele>
        <time>2026-09-15T14:12:21.000Z</time>
        <speed>0.000</speed>
      </trkpt>
      <trkpt lat="50.4751659" lon="-5.0374761">
        <ele>71.4</ele>
        <time>2026-09-15T14:12:26.000Z</time>
        <speed>0.000</speed>
      </trkpt>
      <trkpt lat="50.4751655" lon="-5.0374764">
        <ele>71.8</ele>
        <time>2026-09-15T14:12:31.000Z</time>
        <speed>0.000</speed>
      </trkpt>
      <trkpt lat="50.4751645" lon="-5.0374772">
        <ele>71.2</ele>
        <time>2026-09-15T14:12:36.000Z</time>
        <speed>0.000</speed>
      </trkpt>
      <trkpt lat="50.4751633" lon="-5.0374835">
        <ele>71.0</ele>
        <time>2026-09-15T14:12:41.000Z</time>
        <speed>0.000</speed>
      </trkpt>
      <trkpt lat="50.4751560" lon="-5.0375364">
        <ele>70.8</ele>
        <time>2026-09-15T14:12:46.000Z</time>
        <speed>0.000</speed>
      </trkpt>
      <trkpt lat="50.4751452" lon="-5.0375893">
        <ele>69.4</ele>
        <time>2026-09-15T14:12:51.000Z</time>
        <speed>0.523</speed>
      </trkpt>
      <trkpt lat="50.4751192" lon="-5.0376080">
        <ele>68.0</ele>
        <time>2026-09-15T14:12:56.000Z</time>
        <speed>0.821</speed>
      </trkpt>
      <trkpt lat="50.4751077" lon="-5.0376074">
        <ele>67.2</ele>
        <time>2026-09-15T14:13:01.000Z</time>
        <speed>0.690</speed>
      </trkpt>
      <trkpt lat="50.4751089" lon="-5.0376067">
        <ele>67.4</ele>
        <time>2026-09-15T14:13:06.000Z</time>
        <speed>0.448</speed>
      </trkpt>
      <trkpt lat="50.4750888" lon="-5.0376052">
        <ele>67.0</ele>
        <time>2026-09-15T14:13:11.000Z</time>
        <speed>0.373</speed>
      </trkpt>
      <trkpt lat="50.4750721" lon="-5.0375909">
        <ele>66.2</ele>
        <time>2026-09-15T14:13:16.000Z</time>
        <speed>0.000</speed>
      </trkpt>
      <trkpt lat="50.4750680" lon="-5.0375746">
        <ele>66.6</ele>
        <time>2026-09-15T14:13:21.000Z</time>
        <speed>0.000</speed>
      </trkpt>
      <trkpt lat="50.4750669" lon="-5.0375692">
        <ele>66.8</ele>
        <time>2026-09-15T14:13:26.000Z</time>
        <speed>0.000</speed>
      </trkpt>
      <trkpt lat="50.4750654" lon="-5.0375636">
        <ele>67.2</ele>
        <time>2026-09-15T14:13:31.000Z</time>
        <speed>0.000</speed>
      </trkpt>
      <trkpt lat="50.4750639" lon="-5.0375590">
        <ele>67.0</ele>
        <time>2026-09-15T14:13:36.000Z</time>
        <speed>0.000</speed>
      </trkpt>
      <trkpt lat="50.4750633" lon="-5.0375580">
        <ele>66.8</ele>
        <time>2026-09-15T14:13:41.000Z</time>
        <speed>0.000</speed>
      </trkpt>
      <trkpt lat="50.4750631" lon="-5.0375547">
        <ele>67.4</ele>
        <time>2026-09-15T14:13:46.000Z</time>
        <speed>0.000</speed>
      </trkpt>
      <trkpt lat="50.4750755" lon="-5.0375882">
        <ele>66.6</ele>
        <time>2026-09-15T14:13:51.000Z</time>
        <speed>0.000</speed>
      </trkpt>
      <trkpt lat="50.4750621" lon="-5.0376840">
        <ele>66.8</ele>
        <time>2026-09-15T14:13:56.000Z</time>
        <speed>1.241</speed>
      </trkpt>
      <trkpt lat="50.4750369" lon="-5.0377316">
        <ele>66.4</ele>
        <time>2026-09-15T14:14:01.000Z</time>
        <speed>1.278</speed>
      </trkpt>
      <trkpt lat="50.4750360" lon="-5.0377315">
        <ele>66.4</ele>
        <time>2026-09-15T14:14:06.000Z</time>
        <speed>0.000</speed>
      </trkpt>
      <trkpt lat="50.4750340" lon="-5.0377348">
        <ele>67.0</ele>
        <time>2026-09-15T14:14:11.000Z</time>
        <speed>0.000</speed>
      </trkpt>
      <trkpt lat="50.4750317" lon="-5.0377366">
        <ele>66.0</ele>
        <time>2026-09-15T14:14:16.000Z</time>
        <speed>0.000</speed>
      </trkpt>
      <trkpt lat="50.4750333" lon="-5.0377432">
        <ele>66.4</ele>
        <time>2026-09-15T14:14:21.000Z</time>
        <speed>0.000</speed>
      </trkpt>
      <trkpt lat="50.4750174" lon="-5.0377464">
        <ele>66.0</ele>
        <time>2026-09-15T14:14:26.000Z</time>
        <speed>0.000</speed>
      </trkpt>
      <trkpt lat="50.4750136" lon="-5.0377485">
        <ele>66.0</ele>
        <time>2026-09-15T14:14:31.000Z</time>
        <speed>0.000</speed>
      </trkpt>
      <trkpt lat="50.4750119" lon="-5.0377501">
        <ele>66.6</ele>
        <time>2026-09-15T14:14:36.000Z</time>
        <speed>0.000</speed>
      </trkpt>
      <trkpt lat="50.4750087" lon="-5.0377421">
        <ele>66.2</ele>
        <time>2026-09-15T14:14:41.000Z</time>
        <speed>0.000</speed>
      </trkpt>
      <trkpt lat="50.4750120" lon="-5.0377489">
        <ele>66.0</ele>
        <time>2026-09-15T14:14:46.000Z</time>
        <speed>0.000</speed>
      </trkpt>
      <trkpt lat="50.4750173" lon="-5.0377497">
        <ele>65.8</ele>
        <time>2026-09-15T14:14:51.000Z</time>
        <speed>0.000</speed>
      </trkpt>
      <trkpt lat="50.4750173" lon="-5.0377581">
        <ele>65.8</ele>
        <time>2026-09-15T14:14:56.000Z</time>
        <speed>0.000</speed>
      </trkpt>
      <trkpt lat="50.4750251" lon="-5.0377556">
        <ele>66.4</ele>
        <time>2026-09-15T14:15:01.000Z</time>
        <speed>0.000</speed>
      </trkpt>
      <trkpt lat="50.4750252" lon="-5.0377553">
        <ele>66.2</ele>
        <time>2026-09-15T14:15:06.000Z</time>
        <speed>0.000</speed>
      </trkpt>
      <trkpt lat="50.4750153" lon="-5.0377580">
        <ele>66.4</ele>
        <time>2026-09-15T14:15:11.000Z</time>
        <speed>0.000</speed>
      </trkpt>
      <trkpt lat="50.4750208" lon="-5.0377568">
        <ele>66.0</ele>
        <time>2026-09-15T14:15:16.000Z</time>
        <speed>0.000</speed>
      </trkpt>
      <trkpt lat="50.4750248" lon="-5.0377532">
        <ele>66.0</ele>
        <time>2026-09-15T14:15:21.000Z</time>
        <speed>0.000</speed>
      </trkpt>
      <trkpt lat="50.4750201" lon="-5.0377562">
        <ele>66.2</ele>
        <time>2026-09-15T14:15:26.000Z</time>
        <speed>0.000</speed>
      </trkpt>
      <trkpt lat="50.4750196" lon="-5.0377559">
        <ele>66.2</ele>
        <time>2026-09-15T14:15:31.000Z</time>
        <speed>0.000</speed>
      </trkpt>
      <trkpt lat="50.4750188" lon="-5.0377512">
        <ele>65.4</ele>
        <time>2026-09-15T14:15:36.000Z</time>
        <speed>0.000</speed>
      </trkpt>
      <trkpt lat="50.4750194" lon="-5.0377500">
        <ele>66.0</ele>
        <time>2026-09-15T14:15:41.000Z</time>
        <speed>0.000</speed>
      </trkpt>
      <trkpt lat="50.4750183" lon="-5.0377515">
        <ele>65.8</ele>
        <time>2026-09-15T14:15:46.000Z</time>
        <speed>0.000</speed>
      </trkpt>
      <trkpt lat="50.4750118" lon="-5.0377564">
        <ele>66.2</ele>
        <time>2026-09-15T14:15:51.000Z</time>
        <speed>0.000</speed>
      </trkpt>
      <trkpt lat="50.4749941" lon="-5.0377639">
        <ele>66.4</ele>
        <time>2026-09-15T14:15:56.000Z</time>
        <speed>0.000</speed>
      </trkpt>
      <trkpt lat="50.4749643" lon="-5.0377657">
        <ele>67.0</ele>
        <time>2026-09-15T14:16:01.000Z</time>
        <speed>0.000</speed>
      </trkpt>
      <trkpt lat="50.4749323" lon="-5.0377593">
        <ele>68.4</ele>
        <time>2026-09-15T14:16:06.000Z</time>
        <speed>0.905</speed>
      </trkpt>
      <trkpt lat="50.4749031" lon="-5.0377458">
        <ele>69.0</ele>
        <time>2026-09-15T14:16:11.000Z</time>
        <speed>0.774</speed>
      </trkpt>
      <trkpt lat="50.4748669" lon="-5.0377344">
        <ele>70.2</ele>
        <time>2026-09-15T14:16:16.000Z</time>
        <speed>0.802</speed>
      </trkpt>
      <trkpt lat="50.4748235" lon="-5.0377240">
        <ele>69.6</ele>
        <time>2026-09-15T14:16:21.000Z</time>
        <speed>0.858</speed>
      </trkpt>
      <trkpt lat="50.4748008" lon="-5.0377260">
        <ele>70.2</ele>
        <time>2026-09-15T14:16:26.000Z</time>
        <speed>0.905</speed>
      </trkpt>
      <trkpt lat="50.4747919" lon="-5.0377246">
        <ele>70.0</ele>
        <time>2026-09-15T14:16:31.000Z</time>
        <speed>0.000</speed>
      </trkpt>
      <trkpt lat="50.4747511" lon="-5.0377201">
        <ele>70.8</ele>
        <time>2026-09-15T14:16:36.000Z</time>
        <speed>0.000</speed>
      </trkpt>
      <trkpt lat="50.4747035" lon="-5.0377171">
        <ele>71.4</ele>
        <time>2026-09-15T14:16:41.000Z</time>
        <speed>1.120</speed>
      </trkpt>
      <trkpt lat="50.4746486" lon="-5.0377272">
        <ele>71.8</ele>
        <time>2026-09-15T14:16:46.000Z</time>
        <speed>1.250</speed>
      </trkpt>
      <trkpt lat="50.4745869" lon="-5.0377415">
        <ele>72.4</ele>
        <time>2026-09-15T14:16:51.000Z</time>
        <speed>1.344</speed>
      </trkpt>
      <trkpt lat="50.4745327" lon="-5.0377311">
        <ele>72.8</ele>
        <time>2026-09-15T14:16:56.000Z</time>
        <speed>1.344</speed>
      </trkpt>
      <trkpt lat="50.4744763" lon="-5.0377143">
        <ele>73.4</ele>
        <time>2026-09-15T14:17:01.000Z</time>
        <speed>1.334</speed>
      </trkpt>
      <trkpt lat="50.4744241" lon="-5.0376882">
        <ele>73.2</ele>
        <time>2026-09-15T14:17:06.000Z</time>
        <speed>1.316</speed>
      </trkpt>
      <trkpt lat="50.4743790" lon="-5.0376477">
        <ele>72.6</ele>
        <time>2026-09-15T14:17:11.000Z</time>
        <speed>1.278</speed>
      </trkpt>
      <trkpt lat="50.4743392" lon="-5.0376039">
        <ele>73.2</ele>
        <time>2026-09-15T14:17:16.000Z</time>
        <speed>1.213</speed>
      </trkpt>
      <trkpt lat="50.4743000" lon="-5.0375460">
        <ele>73.4</ele>
        <time>2026-09-15T14:17:21.000Z</time>
        <speed>1.176</speed>
      </trkpt>
      <trkpt lat="50.4742662" lon="-5.0374794">
        <ele>74.2</ele>
        <time>2026-09-15T14:17:26.000Z</time>
        <speed>1.213</speed>
      </trkpt>
      <trkpt lat="50.4742298" lon="-5.0374304">
        <ele>73.6</ele>
        <time>2026-09-15T14:17:31.000Z</time>
        <speed>1.222</speed>
      </trkpt>
      <trkpt lat="50.4741848" lon="-5.0373822">
        <ele>73.6</ele>
        <time>2026-09-15T14:17:36.000Z</time>
        <speed>1.222</speed>
      </trkpt>
      <trkpt lat="50.4741369" lon="-5.0373333">
        <ele>73.6</ele>
        <time>2026-09-15T14:17:41.000Z</time>
        <speed>1.260</speed>
      </trkpt>
      <trkpt lat="50.4740858" lon="-5.0372783">
        <ele>73.4</ele>
        <time>2026-09-15T14:17:46.000Z</time>
        <speed>1.269</speed>
      </trkpt>
      <trkpt lat="50.4740392" lon="-5.0372275">
        <ele>73.0</ele>
        <time>2026-09-15T14:17:51.000Z</time>
        <speed>1.325</speed>
      </trkpt>
      <trkpt lat="50.4739893" lon="-5.0371804">
        <ele>72.4</ele>
        <time>2026-09-15T14:17:56.000Z</time>
        <speed>1.316</speed>
      </trkpt>
      <trkpt lat="50.4739509" lon="-5.0371346">
        <ele>72.2</ele>
        <time>2026-09-15T14:18:01.000Z</time>
        <speed>1.288</speed>
      </trkpt>
      <trkpt lat="50.4739029" lon="-5.0370921">
        <ele>71.8</ele>
        <time>2026-09-15T14:18:06.000Z</time>
        <speed>1.306</speed>
      </trkpt>
      <trkpt lat="50.4738498" lon="-5.0370465">
        <ele>71.6</ele>
        <time>2026-09-15T14:18:11.000Z</time>
        <speed>1.306</speed>
      </trkpt>
      <trkpt lat="50.4738014" lon="-5.0370046">
        <ele>71.4</ele>
        <time>2026-09-15T14:18:16.000Z</time>
        <speed>1.306</speed>
      </trkpt>
      <trkpt lat="50.4737446" lon="-5.0369615">
        <ele>70.6</ele>
        <time>2026-09-15T14:18:21.000Z</time>
        <speed>1.316</speed>
      </trkpt>
      <trkpt lat="50.4736975" lon="-5.0369130">
        <ele>70.2</ele>
        <time>2026-09-15T14:18:26.000Z</time>
        <speed>1.316</speed>
      </trkpt>
      <trkpt lat="50.4736512" lon="-5.0368488">
        <ele>70.0</ele>
        <time>2026-09-15T14:18:31.000Z</time>
        <speed>1.325</speed>
      </trkpt>
      <trkpt lat="50.4736160" lon="-5.0367787">
        <ele>70.0</ele>
        <time>2026-09-15T14:18:36.000Z</time>
        <speed>1.325</speed>
      </trkpt>
      <trkpt lat="50.4735850" lon="-5.0367205">
        <ele>70.2</ele>
        <time>2026-09-15T14:18:41.000Z</time>
        <speed>1.306</speed>
      </trkpt>
      <trkpt lat="50.4735391" lon="-5.0366855">
        <ele>70.6</ele>
        <time>2026-09-15T14:18:46.000Z</time>
        <speed>1.260</speed>
      </trkpt>
      <trkpt lat="50.4734871" lon="-5.0366624">
        <ele>70.2</ele>
        <time>2026-09-15T14:18:51.000Z</time>
        <speed>1.250</speed>
      </trkpt>
      <trkpt lat="50.4734339" lon="-5.0366475">
        <ele>69.6</ele>
        <time>2026-09-15T14:18:56.000Z</time>
        <speed>1.213</speed>
      </trkpt>
      <trkpt lat="50.4733939" lon="-5.0366258">
        <ele>69.0</ele>
        <time>2026-09-15T14:19:01.000Z</time>
        <speed>1.222</speed>
      </trkpt>
      <trkpt lat="50.4733876" lon="-5.0366213">
        <ele>69.2</ele>
        <time>2026-09-15T14:19:06.000Z</time>
        <speed>1.073</speed>
      </trkpt>
      <trkpt lat="50.4733876" lon="-5.0366233">
        <ele>69.2</ele>
        <time>2026-09-15T14:19:11.000Z</time>
        <speed>0.000</speed>
      </trkpt>
      <trkpt lat="50.4733877" lon="-5.0366244">
        <ele>69.0</ele>
        <time>2026-09-15T14:19:16.000Z</time>
        <speed>0.000</speed>
      </trkpt>
      <trkpt lat="50.4733878" lon="-5.0366253">
        <ele>69.2</ele>
        <time>2026-09-15T14:19:21.000Z</time>
        <speed>0.000</speed>
      </trkpt>
      <trkpt lat="50.4733863" lon="-5.0366237">
        <ele>69.2</ele>
        <time>2026-09-15T14:19:26.000Z</time>
        <speed>0.000</speed>
      </trkpt>
      <trkpt lat="50.4733527" lon="-5.0366038">
        <ele>68.8</ele>
        <time>2026-09-15T14:19:31.000Z</time>
        <speed>0.000</speed>
      </trkpt>
      <trkpt lat="50.4733275" lon="-5.0365922">
        <ele>68.6</ele>
        <time>2026-09-15T14:19:36.000Z</time>
        <speed>0.849</speed>
      </trkpt>
      <trkpt lat="50.4733265" lon="-5.0365887">
        <ele>68.6</ele>
        <time>2026-09-15T14:19:41.000Z</time>
        <speed>0.000</speed>
      </trkpt>
      <trkpt lat="50.4733254" lon="-5.0365843">
        <ele>68.8</ele>
        <time>2026-09-15T14:19:46.000Z</time>
        <speed>0.000</speed>
      </trkpt>
      <trkpt lat="50.4733005" lon="-5.0365551">
        <ele>68.4</ele>
        <time>2026-09-15T14:19:51.000Z</time>
        <speed>0.000</speed>
      </trkpt>
      <trkpt lat="50.4732430" lon="-5.0365002">
        <ele>68.4</ele>
        <time>2026-09-15T14:19:56.000Z</time>
        <speed>1.484</speed>
      </trkpt>
      <trkpt lat="50.4731928" lon="-5.0364545">
        <ele>68.2</ele>
        <time>2026-09-15T14:20:01.000Z</time>
        <speed>1.372</speed>
      </trkpt>
      <trkpt lat="50.4731377" lon="-5.0364124">
        <ele>68.0</ele>
        <time>2026-09-15T14:20:06.000Z</time>
        <speed>1.362</speed>
      </trkpt>
      <trkpt lat="50.4730891" lon="-5.0363653">
        <ele>68.0</ele>
        <time>2026-09-15T14:20:11.000Z</time>
        <speed>1.306</speed>
      </trkpt>
      <trkpt lat="50.4730304" lon="-5.0363226">
        <ele>68.2</ele>
        <time>2026-09-15T14:20:16.000Z</time>
        <speed>1.353</speed>
      </trkpt>
      <trkpt lat="50.4729809" lon="-5.0362806">
        <ele>68.2</ele>
        <time>2026-09-15T14:20:21.000Z</time>
        <speed>1.325</speed>
      </trkpt>
      <trkpt lat="50.4729208" lon="-5.0362383">
        <ele>67.8</ele>
        <time>2026-09-15T14:20:26.000Z</time>
        <speed>1.372</speed>
      </trkpt>
      <trkpt lat="50.4728706" lon="-5.0361968">
        <ele>67.8</ele>
        <time>2026-09-15T14:20:31.000Z</time>
        <speed>1.325</speed>
      </trkpt>
      <trkpt lat="50.4728111" lon="-5.0361505">
        <ele>67.8</ele>
        <time>2026-09-15T14:20:36.000Z</time>
        <speed>1.353</speed>
      </trkpt>
      <trkpt lat="50.4727571" lon="-5.0361095">
        <ele>68.0</ele>
        <time>2026-09-15T14:20:41.000Z</time>
        <speed>1.381</speed>
      </trkpt>
      <trkpt lat="50.4727033" lon="-5.0360695">
        <ele>67.8</ele>
        <time>2026-09-15T14:20:46.000Z</time>
        <speed>1.353</speed>
      </trkpt>
      <trkpt lat="50.4726506" lon="-5.0360239">
        <ele>68.4</ele>
        <time>2026-09-15T14:20:51.000Z</time>
        <speed>1.381</speed>
      </trkpt>
      <trkpt lat="50.4725965" lon="-5.0359766">
        <ele>67.6</ele>
        <time>2026-09-15T14:20:56.000Z</time>
        <speed>1.381</speed>
      </trkpt>
      <trkpt lat="50.4725486" lon="-5.0359346">
        <ele>68.2</ele>
        <time>2026-09-15T14:21:01.000Z</time>
        <speed>1.353</speed>
      </trkpt>
      <trkpt lat="50.4724995" lon="-5.0358859">
        <ele>67.4</ele>
        <time>2026-09-15T14:21:06.000Z</time>
        <speed>1.362</speed>
      </trkpt>
      <trkpt lat="50.4724520" lon="-5.0358473">
        <ele>65.8</ele>
        <time>2026-09-15T14:21:11.000Z</time>
        <speed>1.334</speed>
      </trkpt>
      <trkpt lat="50.4724032" lon="-5.0358096">
        <ele>65.4</ele>
        <time>2026-09-15T14:21:16.000Z</time>
        <speed>1.334</speed>
      </trkpt>
      <trkpt lat="50.4723510" lon="-5.0357682">
        <ele>65.0</ele>
        <time>2026-09-15T14:21:21.000Z</time>
        <speed>1.306</speed>
      </trkpt>
      <trkpt lat="50.4723080" lon="-5.0357299">
        <ele>64.6</ele>
        <time>2026-09-15T14:21:26.000Z</time>
        <speed>1.316</speed>
      </trkpt>
      <trkpt lat="50.4722663" lon="-5.0356886">
        <ele>63.8</ele>
        <time>2026-09-15T14:21:31.000Z</time>
        <speed>1.288</speed>
      </trkpt>
      <trkpt lat="50.4722350" lon="-5.0356558">
        <ele>62.4</ele>
        <time>2026-09-15T14:21:36.000Z</time>
        <speed>1.222</speed>
      </trkpt>
      <trkpt lat="50.4722083" lon="-5.0356271">
        <ele>62.0</ele>
        <time>2026-09-15T14:21:41.000Z</time>
        <speed>1.082</speed>
      </trkpt>
      <trkpt lat="50.4721633" lon="-5.0355886">
        <ele>61.6</ele>
        <time>2026-09-15T14:21:46.000Z</time>
        <speed>1.036</speed>
      </trkpt>
      <trkpt lat="50.4721174" lon="-5.0355519">
        <ele>61.2</ele>
        <time>2026-09-15T14:21:51.000Z</time>
        <speed>1.092</speed>
      </trkpt>
      <trkpt lat="50.4720730" lon="-5.0355073">
        <ele>60.4</ele>
        <time>2026-09-15T14:21:56.000Z</time>
        <speed>1.148</speed>
      </trkpt>
      <trkpt lat="50.4720400" lon="-5.0354421">
        <ele>59.4</ele>
        <time>2026-09-15T14:22:01.000Z</time>
        <speed>1.054</speed>
      </trkpt>
      <trkpt lat="50.4720188" lon="-5.0353569">
        <ele>59.2</ele>
        <time>2026-09-15T14:22:06.000Z</time>
        <speed>1.148</speed>
      </trkpt>
      <trkpt lat="50.4720063" lon="-5.0352647">
        <ele>58.4</ele>
        <time>2026-09-15T14:22:11.000Z</time>
        <speed>1.241</speed>
      </trkpt>
      <trkpt lat="50.4720044" lon="-5.0351741">
        <ele>58.4</ele>
        <time>2026-09-15T14:22:16.000Z</time>
        <speed>1.185</speed>
      </trkpt>
      <trkpt lat="50.4719988" lon="-5.0350778">
        <ele>57.8</ele>
        <time>2026-09-15T14:22:21.000Z</time>
        <speed>1.232</speed>
      </trkpt>
      <trkpt lat="50.4719930" lon="-5.0349907">
        <ele>57.2</ele>
        <time>2026-09-15T14:22:26.000Z</time>
        <speed>1.250</speed>
      </trkpt>
      <trkpt lat="50.4719878" lon="-5.0349238">
        <ele>57.2</ele>
        <time>2026-09-15T14:22:31.000Z</time>
        <speed>1.213</speed>
      </trkpt>
      <trkpt lat="50.4719893" lon="-5.0349002">
        <ele>57.2</ele>
        <time>2026-09-15T14:22:36.000Z</time>
        <speed>0.970</speed>
      </trkpt>
      <trkpt lat="50.4719803" lon="-5.0348366">
        <ele>57.2</ele>
        <time>2026-09-15T14:22:41.000Z</time>
        <speed>0.551</speed>
      </trkpt>
      <trkpt lat="50.4719682" lon="-5.0347406">
        <ele>57.2</ele>
        <time>2026-09-15T14:22:46.000Z</time>
        <speed>1.278</speed>
      </trkpt>
      <trkpt lat="50.4719629" lon="-5.0346580">
        <ele>57.0</ele>
        <time>2026-09-15T14:22:51.000Z</time>
        <speed>1.306</speed>
      </trkpt>
      <trkpt lat="50.4719575" lon="-5.0345629">
        <ele>56.8</ele>
        <time>2026-09-15T14:22:56.000Z</time>
        <speed>1.278</speed>
      </trkpt>
      <trkpt lat="50.4719504" lon="-5.0344812">
        <ele>56.8</ele>
        <time>2026-09-15T14:23:01.000Z</time>
        <speed>1.288</speed>
      </trkpt>
      <trkpt lat="50.4719372" lon="-5.0344150">
        <ele>57.2</ele>
        <time>2026-09-15T14:23:06.000Z</time>
        <speed>1.269</speed>
      </trkpt>
      <trkpt lat="50.4719048" lon="-5.0343860">
        <ele>55.8</ele>
        <time>2026-09-15T14:23:11.000Z</time>
        <speed>1.064</speed>
      </trkpt>
      <trkpt lat="50.4718696" lon="-5.0343384">
        <ele>55.0</ele>
        <time>2026-09-15T14:23:16.000Z</time>
        <speed>1.064</speed>
      </trkpt>
      <trkpt lat="50.4718285" lon="-5.0342829">
        <ele>55.0</ele>
        <time>2026-09-15T14:23:21.000Z</time>
        <speed>1.101</speed>
      </trkpt>
      <trkpt lat="50.4717952" lon="-5.0342316">
        <ele>54.0</ele>
        <time>2026-09-15T14:23:26.000Z</time>
        <speed>1.064</speed>
      </trkpt>
      <trkpt lat="50.4717662" lon="-5.0341985">
        <ele>53.6</ele>
        <time>2026-09-15T14:23:31.000Z</time>
        <speed>1.064</speed>
      </trkpt>
      <trkpt lat="50.4717391" lon="-5.0341750">
        <ele>52.0</ele>
        <time>2026-09-15T14:23:36.000Z</time>
        <speed>0.961</speed>
      </trkpt>
      <trkpt lat="50.4717086" lon="-5.0341416">
        <ele>50.8</ele>
        <time>2026-09-15T14:23:41.000Z</time>
        <speed>0.709</speed>
      </trkpt>
      <trkpt lat="50.4716738" lon="-5.0340845">
        <ele>50.4</ele>
        <time>2026-09-15T14:23:46.000Z</time>
        <speed>0.858</speed>
      </trkpt>
      <trkpt lat="50.4716376" lon="-5.0340288">
        <ele>49.6</ele>
        <time>2026-09-15T14:23:51.000Z</time>
        <speed>1.008</speed>
      </trkpt>
      <trkpt lat="50.4716046" lon="-5.0339918">
        <ele>49.6</ele>
        <time>2026-09-15T14:23:56.000Z</time>
        <speed>0.989</speed>
      </trkpt>
      <trkpt lat="50.4715740" lon="-5.0339613">
        <ele>49.2</ele>
        <time>2026-09-15T14:24:01.000Z</time>
        <speed>0.952</speed>
      </trkpt>
      <trkpt lat="50.4715460" lon="-5.0339406">
        <ele>48.0</ele>
        <time>2026-09-15T14:24:06.000Z</time>
        <speed>0.933</speed>
      </trkpt>
      <trkpt lat="50.4715169" lon="-5.0339276">
        <ele>47.0</ele>
        <time>2026-09-15T14:24:11.000Z</time>
        <speed>0.886</speed>
      </trkpt>
      <trkpt lat="50.4714802" lon="-5.0339171">
        <ele>46.4</ele>
        <time>2026-09-15T14:24:16.000Z</time>
        <speed>0.830</speed>
      </trkpt>
      <trkpt lat="50.4714338" lon="-5.0338973">
        <ele>46.6</ele>
        <time>2026-09-15T14:24:21.000Z</time>
        <speed>0.980</speed>
      </trkpt>
      <trkpt lat="50.4713875" lon="-5.0338876">
        <ele>44.2</ele>
        <time>2026-09-15T14:24:26.000Z</time>
        <speed>1.082</speed>
      </trkpt>
      <trkpt lat="50.4713368" lon="-5.0338894">
        <ele>42.4</ele>
        <time>2026-09-15T14:24:31.000Z</time>
        <speed>1.157</speed>
      </trkpt>
      <trkpt lat="50.4712777" lon="-5.0338769">
        <ele>42.0</ele>
        <time>2026-09-15T14:24:36.000Z</time>
        <speed>1.157</speed>
      </trkpt>
      <trkpt lat="50.4712254" lon="-5.0338681">
        <ele>42.0</ele>
        <time>2026-09-15T14:24:41.000Z</time>
        <speed>1.185</speed>
      </trkpt>
      <trkpt lat="50.4711702" lon="-5.0338551">
        <ele>40.0</ele>
        <time>2026-09-15T14:24:46.000Z</time>
        <speed>1.157</speed>
      </trkpt>
      <trkpt lat="50.4711254" lon="-5.0338468">
        <ele>39.8</ele>
        <time>2026-09-15T14:24:51.000Z</time>
        <speed>1.166</speed>
      </trkpt>
      <trkpt lat="50.4710747" lon="-5.0338270">
        <ele>39.6</ele>
        <time>2026-09-15T14:24:56.000Z</time>
        <speed>1.138</speed>
      </trkpt>
      <trkpt lat="50.4710247" lon="-5.0337774">
        <ele>38.6</ele>
        <time>2026-09-15T14:25:01.000Z</time>
        <speed>1.148</speed>
      </trkpt>
      <trkpt lat="50.4709741" lon="-5.0337182">
        <ele>38.2</ele>
        <time>2026-09-15T14:25:06.000Z</time>
        <speed>1.157</speed>
      </trkpt>
      <trkpt lat="50.4709187" lon="-5.0336700">
        <ele>37.4</ele>
        <time>2026-09-15T14:25:11.000Z</time>
        <speed>1.176</speed>
      </trkpt>
      <trkpt lat="50.4708608" lon="-5.0336131">
        <ele>37.6</ele>
        <time>2026-09-15T14:25:16.000Z</time>
        <speed>1.213</speed>
      </trkpt>
      <trkpt lat="50.4708050" lon="-5.0335561">
        <ele>38.6</ele>
        <time>2026-09-15T14:25:21.000Z</time>
        <speed>1.250</speed>
      </trkpt>
      <trkpt lat="50.4707493" lon="-5.0335087">
        <ele>38.4</ele>
        <time>2026-09-15T14:25:26.000Z</time>
        <speed>1.288</speed>
      </trkpt>
      <trkpt lat="50.4706885" lon="-5.0334898">
        <ele>38.8</ele>
        <time>2026-09-15T14:25:31.000Z</time>
        <speed>1.306</speed>
      </trkpt>
      <trkpt lat="50.4706245" lon="-5.0334613">
        <ele>37.0</ele>
        <time>2026-09-15T14:25:36.000Z</time>
        <speed>1.334</speed>
      </trkpt>
      <trkpt lat="50.4705684" lon="-5.0334190">
        <ele>36.2</ele>
        <time>2026-09-15T14:25:41.000Z</time>
        <speed>1.353</speed>
      </trkpt>
      <trkpt lat="50.4705191" lon="-5.0333709">
        <ele>35.6</ele>
        <time>2026-09-15T14:25:46.000Z</time>
        <speed>1.325</speed>
      </trkpt>
      <trkpt lat="50.4704738" lon="-5.0333148">
        <ele>35.4</ele>
        <time>2026-09-15T14:25:51.000Z</time>
        <speed>1.344</speed>
      </trkpt>
      <trkpt lat="50.4704230" lon="-5.0332794">
        <ele>33.4</ele>
        <time>2026-09-15T14:25:56.000Z</time>
        <speed>1.344</speed>
      </trkpt>
      <trkpt lat="50.4703721" lon="-5.0332508">
        <ele>32.6</ele>
        <time>2026-09-15T14:26:01.000Z</time>
        <speed>1.278</speed>
      </trkpt>
      <trkpt lat="50.4703207" lon="-5.0332251">
        <ele>31.4</ele>
        <time>2026-09-15T14:26:06.000Z</time>
        <speed>1.278</speed>
      </trkpt>
      <trkpt lat="50.4702704" lon="-5.0332050">
        <ele>30.4</ele>
        <time>2026-09-15T14:26:11.000Z</time>
        <speed>1.278</speed>
      </trkpt>
      <trkpt lat="50.4702422" lon="-5.0331991">
        <ele>28.8</ele>
        <time>2026-09-15T14:26:16.000Z</time>
        <speed>1.241</speed>
      </trkpt>
      <trkpt lat="50.4702422" lon="-5.0331990">
        <ele>28.2</ele>
        <time>2026-09-15T14:26:21.000Z</time>
        <speed>0.000</speed>
      </trkpt>
      <trkpt lat="50.4702422" lon="-5.0331992">
        <ele>28.2</ele>
        <time>2026-09-15T14:26:26.000Z</time>
        <speed>0.000</speed>
      </trkpt>
      <trkpt lat="50.4702422" lon="-5.0331997">
        <ele>28.4</ele>
        <time>2026-09-15T14:26:31.000Z</time>
        <speed>0.000</speed>
      </trkpt>
      <trkpt lat="50.4702421" lon="-5.0332000">
        <ele>28.4</ele>
        <time>2026-09-15T14:26:36.000Z</time>
        <speed>0.000</speed>
      </trkpt>
      <trkpt lat="50.4702408" lon="-5.0331999">
        <ele>29.0</ele>
        <time>2026-09-15T14:26:41.000Z</time>
        <speed>0.000</speed>
      </trkpt>
      <trkpt lat="50.4702117" lon="-5.0331891">
        <ele>28.2</ele>
        <time>2026-09-15T14:26:46.000Z</time>
        <speed>0.000</speed>
      </trkpt>
      <trkpt lat="50.4701685" lon="-5.0331619">
        <ele>27.6</ele>
        <time>2026-09-15T14:26:51.000Z</time>
        <speed>1.092</speed>
      </trkpt>
      <trkpt lat="50.4701303" lon="-5.0331316">
        <ele>26.6</ele>
        <time>2026-09-15T14:26:56.000Z</time>
        <speed>0.905</speed>
      </trkpt>
      <trkpt lat="50.4700988" lon="-5.0330987">
        <ele>26.4</ele>
        <time>2026-09-15T14:27:01.000Z</time>
        <speed>0.868</speed>
      </trkpt>
      <trkpt lat="50.4700688" lon="-5.0330666">
        <ele>25.6</ele>
        <time>2026-09-15T14:27:06.000Z</time>
        <speed>0.905</speed>
      </trkpt>
      <trkpt lat="50.4700438" lon="-5.0330443">
        <ele>25.0</ele>
        <time>2026-09-15T14:27:11.000Z</time>
        <speed>0.849</speed>
      </trkpt>
      <trkpt lat="50.4700099" lon="-5.0330161">
        <ele>24.4</ele>
        <time>2026-09-15T14:27:16.000Z</time>
        <speed>0.812</speed>
      </trkpt>
      <trkpt lat="50.4699748" lon="-5.0329883">
        <ele>22.6</ele>
        <time>2026-09-15T14:27:21.000Z</time>
        <speed>0.942</speed>
      </trkpt>
      <trkpt lat="50.4699473" lon="-5.0329720">
        <ele>21.6</ele>
        <time>2026-09-15T14:27:26.000Z</time>
        <speed>0.886</speed>
      </trkpt>
      <trkpt lat="50.4699118" lon="-5.0329563">
        <ele>20.6</ele>
        <time>2026-09-15T14:27:31.000Z</time>
        <speed>0.877</speed>
      </trkpt>
      <trkpt lat="50.4698775" lon="-5.0329430">
        <ele>19.0</ele>
        <time>2026-09-15T14:27:36.000Z</time>
        <speed>0.830</speed>
      </trkpt>
      <trkpt lat="50.4698495" lon="-5.0329350">
        <ele>18.2</ele>
        <time>2026-09-15T14:27:41.000Z</time>
        <speed>0.793</speed>
      </trkpt>
      <trkpt lat="50.4698213" lon="-5.0329209">
        <ele>16.8</ele>
        <time>2026-09-15T14:27:46.000Z</time>
        <speed>0.700</speed>
      </trkpt>
      <trkpt lat="50.4697865" lon="-5.0328958">
        <ele>15.6</ele>
        <time>2026-09-15T14:27:51.000Z</time>
        <speed>0.746</speed>
      </trkpt>
      <trkpt lat="50.4697563" lon="-5.0328575">
        <ele>14.2</ele>
        <time>2026-09-15T14:27:56.000Z</time>
        <speed>0.802</speed>
      </trkpt>
      <trkpt lat="50.4697325" lon="-5.0328049">
        <ele>13.6</ele>
        <time>2026-09-15T14:28:01.000Z</time>
        <speed>0.737</speed>
      </trkpt>
      <trkpt lat="50.4697064" lon="-5.0327443">
        <ele>12.8</ele>
        <time>2026-09-15T14:28:06.000Z</time>
        <speed>0.821</speed>
      </trkpt>
      <trkpt lat="50.4696857" lon="-5.0326883">
        <ele>11.6</ele>
        <time>2026-09-15T14:28:11.000Z</time>
        <speed>0.840</speed>
      </trkpt>
      <trkpt lat="50.4696605" lon="-5.0326346">
        <ele>10.8</ele>
        <time>2026-09-15T14:28:16.000Z</time>
        <speed>0.914</speed>
      </trkpt>
      <trkpt lat="50.4696367" lon="-5.0325779">
        <ele>9.4</ele>
        <time>2026-09-15T14:28:21.000Z</time>
        <speed>0.914</speed>
      </trkpt>
      <trkpt lat="50.4696255" lon="-5.0325196">
        <ele>8.6</ele>
        <time>2026-09-15T14:28:26.000Z</time>
        <speed>0.914</speed>
      </trkpt>
      <trkpt lat="50.4696195" lon="-5.0324358">
        <ele>8.6</ele>
        <time>2026-09-15T14:28:31.000Z</time>
        <speed>0.952</speed>
      </trkpt>
      <trkpt lat="50.4696247" lon="-5.0323523">
        <ele>8.0</ele>
        <time>2026-09-15T14:28:36.000Z</time>
        <speed>0.989</speed>
      </trkpt>
      <trkpt lat="50.4696158" lon="-5.0322658">
        <ele>8.0</ele>
        <time>2026-09-15T14:28:41.000Z</time>
        <speed>1.101</speed>
      </trkpt>
      <trkpt lat="50.4696049" lon="-5.0322192">
        <ele>7.6</ele>
        <time>2026-09-15T14:28:46.000Z</time>
        <speed>1.036</speed>
      </trkpt>
      <trkpt lat="50.4696155" lon="-5.0321794">
        <ele>7.2</ele>
        <time>2026-09-15T14:28:51.000Z</time>
        <speed>0.933</speed>
      </trkpt>
      <trkpt lat="50.4696467" lon="-5.0321492">
        <ele>7.8</ele>
        <time>2026-09-15T14:28:56.000Z</time>
        <speed>0.896</speed>
      </trkpt>
      <trkpt lat="50.4696690" lon="-5.0321157">
        <ele>9.2</ele>
        <time>2026-09-15T14:29:01.000Z</time>
        <speed>0.858</speed>
      </trkpt>
      <trkpt lat="50.4696441" lon="-5.0320786">
        <ele>10.0</ele>
        <time>2026-09-15T14:29:06.000Z</time>
        <speed>0.821</speed>
      </trkpt>
      <trkpt lat="50.4695898" lon="-5.0320907">
        <ele>10.0</ele>
        <time>2026-09-15T14:29:11.000Z</time>
        <speed>0.970</speed>
      </trkpt>
      <trkpt lat="50.4695322" lon="-5.0321209">
        <ele>9.2</ele>
        <time>2026-09-15T14:29:16.000Z</time>
        <speed>1.250</speed>
      </trkpt>
      <trkpt lat="50.4694823" lon="-5.0321389">
        <ele>9.2</ele>
        <time>2026-09-15T14:29:21.000Z</time>
        <speed>1.241</speed>
      </trkpt>
      <trkpt lat="50.4694336" lon="-5.0321209">
        <ele>10.0</ele>
        <time>2026-09-15T14:29:26.000Z</time>
        <speed>1.138</speed>
      </trkpt>
      <trkpt lat="50.4693802" lon="-5.0321164">
        <ele>10.8</ele>
        <time>2026-09-15T14:29:31.000Z</time>
        <speed>1.138</speed>
      </trkpt>
      <trkpt lat="50.4693221" lon="-5.0321218">
        <ele>12.0</ele>
        <time>2026-09-15T14:29:36.000Z</time>
        <speed>1.148</speed>
      </trkpt>
      <trkpt lat="50.4692633" lon="-5.0321403">
        <ele>12.6</ele>
        <time>2026-09-15T14:29:41.000Z</time>
        <speed>1.194</speed>
      </trkpt>
      <trkpt lat="50.4692163" lon="-5.0321544">
        <ele>13.2</ele>
        <time>2026-09-15T14:29:46.000Z</time>
        <speed>1.176</speed>
      </trkpt>
      <trkpt lat="50.4691762" lon="-5.0321448">
        <ele>14.2</ele>
        <time>2026-09-15T14:29:51.000Z</time>
        <speed>1.138</speed>
      </trkpt>
      <trkpt lat="50.4691389" lon="-5.0321339">
        <ele>16.8</ele>
        <time>2026-09-15T14:29:56.000Z</time>
        <speed>0.886</speed>
      </trkpt>
      <trkpt lat="50.4690977" lon="-5.0321295">
        <ele>17.2</ele>
        <time>2026-09-15T14:30:01.000Z</time>
        <speed>0.868</speed>
      </trkpt>
      <trkpt lat="50.4690468" lon="-5.0321060">
        <ele>18.2</ele>
        <time>2026-09-15T14:30:06.000Z</time>
        <speed>1.194</speed>
      </trkpt>
      <trkpt lat="50.4689999" lon="-5.0320653">
        <ele>20.2</ele>
        <time>2026-09-15T14:30:11.000Z</time>
        <speed>1.185</speed>
      </trkpt>
      <trkpt lat="50.4689580" lon="-5.0320234">
        <ele>19.4</ele>
        <time>2026-09-15T14:30:16.000Z</time>
        <speed>1.148</speed>
      </trkpt>
      <trkpt lat="50.4689099" lon="-5.0319928">
        <ele>20.0</ele>
        <time>2026-09-15T14:30:21.000Z</time>
        <speed>1.138</speed>
      </trkpt>
      <trkpt lat="50.4688433" lon="-5.0319763">
        <ele>21.4</ele>
        <time>2026-09-15T14:30:26.000Z</time>
        <speed>1.241</speed>
      </trkpt>
      <trkpt lat="50.4687782" lon="-5.0319512">
        <ele>20.6</ele>
        <time>2026-09-15T14:30:31.000Z</time>
        <speed>1.372</speed>
      </trkpt>
      <trkpt lat="50.4687210" lon="-5.0319211">
        <ele>21.0</ele>
        <time>2026-09-15T14:30:36.000Z</time>
        <speed>1.381</speed>
      </trkpt>
      <trkpt lat="50.4686715" lon="-5.0318908">
        <ele>21.2</ele>
        <time>2026-09-15T14:30:41.000Z</time>
        <speed>1.334</speed>
      </trkpt>
      <trkpt lat="50.4686303" lon="-5.0318537">
        <ele>21.2</ele>
        <time>2026-09-15T14:30:46.000Z</time>
        <speed>1.297</speed>
      </trkpt>
      <trkpt lat="50.4685813" lon="-5.0318389">
        <ele>21.6</ele>
        <time>2026-09-15T14:30:51.000Z</time>
        <speed>1.269</speed>
      </trkpt>
      <trkpt lat="50.4685214" lon="-5.0318358">
        <ele>21.2</ele>
        <time>2026-09-15T14:30:56.000Z</time>
        <speed>1.250</speed>
      </trkpt>
      <trkpt lat="50.4684637" lon="-5.0318385">
        <ele>21.4</ele>
        <time>2026-09-15T14:31:01.000Z</time>
        <speed>1.269</speed>
      </trkpt>
      <trkpt lat="50.4684012" lon="-5.0318445">
        <ele>20.2</ele>
        <time>2026-09-15T14:31:06.000Z</time>
        <speed>1.316</speed>
      </trkpt>
      <trkpt lat="50.4683431" lon="-5.0318452">
        <ele>19.8</ele>
        <time>2026-09-15T14:31:11.000Z</time>
        <speed>1.381</speed>
      </trkpt>
      <trkpt lat="50.4682818" lon="-5.0318202">
        <ele>19.6</ele>
        <time>2026-09-15T14:31:16.000Z</time>
        <speed>1.334</speed>
      </trkpt>
      <trkpt lat="50.4682197" lon="-5.0317897">
        <ele>20.0</ele>
        <time>2026-09-15T14:31:21.000Z</time>
        <speed>1.372</speed>
      </trkpt>
      <trkpt lat="50.4681676" lon="-5.0317603">
        <ele>19.8</ele>
        <time>2026-09-15T14:31:26.000Z</time>
        <speed>1.362</speed>
      </trkpt>
      <trkpt lat="50.4681163" lon="-5.0317247">
        <ele>19.6</ele>
        <time>2026-09-15T14:31:31.000Z</time>
        <speed>1.353</speed>
      </trkpt>
      <trkpt lat="50.4680655" lon="-5.0316954">
        <ele>19.0</ele>
        <time>2026-09-15T14:31:36.000Z</time>
        <speed>1.325</speed>
      </trkpt>
      <trkpt lat="50.4680205" lon="-5.0316517">
        <ele>18.8</ele>
        <time>2026-09-15T14:31:41.000Z</time>
        <speed>1.325</speed>
      </trkpt>
      <trkpt lat="50.4679731" lon="-5.0316233">
        <ele>18.2</ele>
        <time>2026-09-15T14:31:46.000Z</time>
        <speed>1.288</speed>
      </trkpt>
      <trkpt lat="50.4679186" lon="-5.0316090">
        <ele>17.2</ele>
        <time>2026-09-15T14:31:51.000Z</time>
        <speed>1.260</speed>
      </trkpt>
      <trkpt lat="50.4678679" lon="-5.0315813">
        <ele>17.4</ele>
        <time>2026-09-15T14:31:56.000Z</time>
        <speed>1.269</speed>
      </trkpt>
      <trkpt lat="50.4678257" lon="-5.0315608">
        <ele>16.6</ele>
        <time>2026-09-15T14:32:01.000Z</time>
        <speed>1.269</speed>
      </trkpt>
      <trkpt lat="50.4677829" lon="-5.0315307">
        <ele>16.2</ele>
        <time>2026-09-15T14:32:06.000Z</time>
        <speed>1.213</speed>
      </trkpt>
      <trkpt lat="50.4677412" lon="-5.0314913">
        <ele>14.6</ele>
        <time>2026-09-15T14:32:11.000Z</time>
        <speed>1.166</speed>
      </trkpt>
      <trkpt lat="50.4676908" lon="-5.0314519">
        <ele>14.6</ele>
        <time>2026-09-15T14:32:16.000Z</time>
        <speed>1.204</speed>
      </trkpt>
      <trkpt lat="50.4676474" lon="-5.0314250">
        <ele>13.4</ele>
        <time>2026-09-15T14:32:21.000Z</time>
        <speed>1.129</speed>
      </trkpt>
      <trkpt lat="50.4675977" lon="-5.0314008">
        <ele>12.8</ele>
        <time>2026-09-15T14:32:26.000Z</time>
        <speed>1.101</speed>
      </trkpt>
      <trkpt lat="50.4675554" lon="-5.0313834">
        <ele>11.8</ele>
        <time>2026-09-15T14:32:31.000Z</time>
        <speed>1.073</speed>
      </trkpt>
      <trkpt lat="50.4675189" lon="-5.0313745">
        <ele>11.0</ele>
        <time>2026-09-15T14:32:36.000Z</time>
        <speed>0.989</speed>
      </trkpt>
      <trkpt lat="50.4674682" lon="-5.0313497">
        <ele>9.6</ele>
        <time>2026-09-15T14:32:41.000Z</time>
        <speed>0.942</speed>
      </trkpt>
      <trkpt lat="50.4674205" lon="-5.0313021">
        <ele>9.0</ele>
        <time>2026-09-15T14:32:46.000Z</time>
        <speed>1.017</speed>
      </trkpt>
      <trkpt lat="50.4673864" lon="-5.0312417">
        <ele>9.0</ele>
        <time>2026-09-15T14:32:51.000Z</time>
        <speed>1.054</speed>
      </trkpt>
      <trkpt lat="50.4673495" lon="-5.0312067">
        <ele>10.2</ele>
        <time>2026-09-15T14:32:56.000Z</time>
        <speed>1.045</speed>
      </trkpt>
      <trkpt lat="50.4673046" lon="-5.0311765">
        <ele>10.8</ele>
        <time>2026-09-15T14:33:01.000Z</time>
        <speed>1.036</speed>
      </trkpt>
      <trkpt lat="50.4672750" lon="-5.0311519">
        <ele>11.6</ele>
        <time>2026-09-15T14:33:06.000Z</time>
        <speed>0.980</speed>
      </trkpt>
      <trkpt lat="50.4672755" lon="-5.0311518">
        <ele>12.0</ele>
        <time>2026-09-15T14:33:11.000Z</time>
        <speed>0.690</speed>
      </trkpt>
      <trkpt lat="50.4672762" lon="-5.0311516">
        <ele>11.8</ele>
        <time>2026-09-15T14:33:16.000Z</time>
        <speed>0.000</speed>
      </trkpt>
      <trkpt lat="50.4672750" lon="-5.0311515">
        <ele>11.8</ele>
        <time>2026-09-15T14:33:21.000Z</time>
        <speed>0.000</speed>
      </trkpt>
      <trkpt lat="50.4672527" lon="-5.0311399">
        <ele>12.0</ele>
        <time>2026-09-15T14:33:26.000Z</time>
        <speed>0.000</speed>
      </trkpt>
      <trkpt lat="50.4672299" lon="-5.0311236">
        <ele>12.4</ele>
        <time>2026-09-15T14:33:31.000Z</time>
        <speed>0.000</speed>
      </trkpt>
      <trkpt lat="50.4672253" lon="-5.0311234">
        <ele>12.8</ele>
        <time>2026-09-15T14:33:36.000Z</time>
        <speed>0.000</speed>
      </trkpt>
      <trkpt lat="50.4672245" lon="-5.0311236">
        <ele>12.6</ele>
        <time>2026-09-15T14:33:41.000Z</time>
        <speed>0.000</speed>
      </trkpt>
      <trkpt lat="50.4672253" lon="-5.0311236">
        <ele>12.6</ele>
        <time>2026-09-15T14:33:46.000Z</time>
        <speed>0.000</speed>
      </trkpt>
      <trkpt lat="50.4672262" lon="-5.0311234">
        <ele>12.6</ele>
        <time>2026-09-15T14:33:51.000Z</time>
        <speed>0.000</speed>
      </trkpt>
      <trkpt lat="50.4672271" lon="-5.0311231">
        <ele>12.4</ele>
        <time>2026-09-15T14:33:56.000Z</time>
        <speed>0.000</speed>
      </trkpt>
      <trkpt lat="50.4672280" lon="-5.0311228">
        <ele>12.6</ele>
        <time>2026-09-15T14:34:01.000Z</time>
        <speed>0.000</speed>
      </trkpt>
      <trkpt lat="50.4672294" lon="-5.0311222">
        <ele>12.6</ele>
        <time>2026-09-15T14:34:06.000Z</time>
        <speed>0.000</speed>
      </trkpt>
      <trkpt lat="50.4672305" lon="-5.0311215">
        <ele>12.6</ele>
        <time>2026-09-15T14:34:11.000Z</time>
        <speed>0.000</speed>
      </trkpt>
      <trkpt lat="50.4672317" lon="-5.0311208">
        <ele>12.6</ele>
        <time>2026-09-15T14:34:16.000Z</time>
        <speed>0.000</speed>
      </trkpt>
      <trkpt lat="50.4672326" lon="-5.0311201">
        <ele>12.6</ele>
        <time>2026-09-15T14:34:21.000Z</time>
        <speed>0.000</speed>
      </trkpt>
      <trkpt lat="50.4672333" lon="-5.0311196">
        <ele>12.8</ele>
        <time>2026-09-15T14:34:26.000Z</time>
        <speed>0.000</speed>
      </trkpt>
      <trkpt lat="50.4672348" lon="-5.0311191">
        <ele>12.8</ele>
        <time>2026-09-15T14:34:31.000Z</time>
        <speed>0.000</speed>
      </trkpt>
      <trkpt lat="50.4672363" lon="-5.0311173">
        <ele>12.8</ele>
        <time>2026-09-15T14:34:36.000Z</time>
        <speed>0.000</speed>
      </trkpt>
      <trkpt lat="50.4672366" lon="-5.0311172">
        <ele>13.0</ele>
        <time>2026-09-15T14:34:41.000Z</time>
        <speed>0.000</speed>
      </trkpt>
      <trkpt lat="50.4672369" lon="-5.0311170">
        <ele>12.8</ele>
        <time>2026-09-15T14:34:46.000Z</time>
        <speed>0.000</speed>
      </trkpt>
      <trkpt lat="50.4672372" lon="-5.0311169">
        <ele>13.0</ele>
        <time>2026-09-15T14:34:51.000Z</time>
        <speed>0.000</speed>
      </trkpt>
      <trkpt lat="50.4672375" lon="-5.0311173">
        <ele>12.8</ele>
        <time>2026-09-15T14:34:56.000Z</time>
        <speed>0.000</speed>
      </trkpt>
      <trkpt lat="50.4672482" lon="-5.0311292">
        <ele>12.4</ele>
        <time>2026-09-15T14:35:01.000Z</time>
        <speed>0.000</speed>
      </trkpt>
      <trkpt lat="50.4673000" lon="-5.0311616">
        <ele>11.6</ele>
        <time>2026-09-15T14:35:06.000Z</time>
        <speed>0.000</speed>
      </trkpt>
      <trkpt lat="50.4673571" lon="-5.0312037">
        <ele>11.0</ele>
        <time>2026-09-15T14:35:11.000Z</time>
        <speed>1.120</speed>
      </trkpt>
      <trkpt lat="50.4673983" lon="-5.0312501">
        <ele>10.4</ele>
        <time>2026-09-15T14:35:16.000Z</time>
        <speed>1.194</speed>
      </trkpt>
      <trkpt lat="50.4674485" lon="-5.0313047">
        <ele>9.4</ele>
        <time>2026-09-15T14:35:21.000Z</time>
        <speed>1.194</speed>
      </trkpt>
      <trkpt lat="50.4674951" lon="-5.0313510">
        <ele>10.2</ele>
        <time>2026-09-15T14:35:26.000Z</time>
        <speed>1.260</speed>
      </trkpt>
      <trkpt lat="50.4675377" lon="-5.0314059">
        <ele>10.8</ele>
        <time>2026-09-15T14:35:31.000Z</time>
        <speed>1.241</speed>
      </trkpt>
      <trkpt lat="50.4675616" lon="-5.0314494">
        <ele>10.4</ele>
        <time>2026-09-15T14:35:36.000Z</time>
        <speed>0.952</speed>
      </trkpt>
      <trkpt lat="50.4675563" lon="-5.0314718">
        <ele>9.8</ele>
        <time>2026-09-15T14:35:41.000Z</time>
        <speed>0.802</speed>
      </trkpt>
      <trkpt lat="50.4675185" lon="-5.0314561">
        <ele>8.2</ele>
        <time>2026-09-15T14:35:46.000Z</time>
        <speed>0.812</speed>
      </trkpt>
      <trkpt lat="50.4674765" lon="-5.0314659">
        <ele>6.6</ele>
        <time>2026-09-15T14:35:51.000Z</time>
        <speed>0.877</speed>
      </trkpt>
      <trkpt lat="50.4674432" lon="-5.0314707">
        <ele>5.8</ele>
        <time>2026-09-15T14:35:56.000Z</time>
        <speed>0.784</speed>
      </trkpt>
      <trkpt lat="50.4674169" lon="-5.0314819">
        <ele>4.4</ele>
        <time>2026-09-15T14:36:01.000Z</time>
        <speed>0.728</speed>
      </trkpt>
      <trkpt lat="50.4673990" lon="-5.0315216">
        <ele>3.0</ele>
        <time>2026-09-15T14:36:06.000Z</time>
        <speed>0.690</speed>
      </trkpt>
      <trkpt lat="50.4673574" lon="-5.0315785">
        <ele>3.4</ele>
        <time>2026-09-15T14:36:11.000Z</time>
        <speed>0.886</speed>
      </trkpt>
      <trkpt lat="50.4673090" lon="-5.0316211">
        <ele>3.0</ele>
        <time>2026-09-15T14:36:16.000Z</time>
        <speed>1.045</speed>
      </trkpt>
      <trkpt lat="50.4672600" lon="-5.0316336">
        <ele>2.8</ele>
        <time>2026-09-15T14:36:21.000Z</time>
        <speed>1.073</speed>
      </trkpt>
      <trkpt lat="50.4672000" lon="-5.0316470">
        <ele>2.8</ele>
        <time>2026-09-15T14:36:26.000Z</time>
        <speed>1.129</speed>
      </trkpt>
      <trkpt lat="50.4671519" lon="-5.0316628">
        <ele>1.6</ele>
        <time>2026-09-15T14:36:31.000Z</time>
        <speed>1.129</speed>
      </trkpt>
      <trkpt lat="50.4671054" lon="-5.0316798">
        <ele>3.0</ele>
        <time>2026-09-15T14:36:36.000Z</time>
        <speed>1.138</speed>
      </trkpt>
      <trkpt lat="50.4670559" lon="-5.0316910">
        <ele>3.0</ele>
        <time>2026-09-15T14:36:41.000Z</time>
        <speed>1.138</speed>
      </trkpt>
      <trkpt lat="50.4670176" lon="-5.0316979">
        <ele>3.2</ele>
        <time>2026-09-15T14:36:46.000Z</time>
        <speed>1.110</speed>
      </trkpt>
      <trkpt lat="50.4669729" lon="-5.0317108">
        <ele>3.2</ele>
        <time>2026-09-15T14:36:51.000Z</time>
        <speed>1.073</speed>
      </trkpt>
      <trkpt lat="50.4669376" lon="-5.0317160">
        <ele>2.8</ele>
        <time>2026-09-15T14:36:56.000Z</time>
        <speed>1.017</speed>
      </trkpt>
      <trkpt lat="50.4669122" lon="-5.0317290">
        <ele>3.4</ele>
        <time>2026-09-15T14:37:01.000Z</time>
        <speed>0.000</speed>
      </trkpt>
      <trkpt lat="50.4668782" lon="-5.0317706">
        <ele>3.6</ele>
        <time>2026-09-15T14:37:06.000Z</time>
        <speed>0.000</speed>
      </trkpt>
      <trkpt lat="50.4668349" lon="-5.0318108">
        <ele>3.6</ele>
        <time>2026-09-15T14:37:11.000Z</time>
        <speed>0.970</speed>
      </trkpt>
      <trkpt lat="50.4667876" lon="-5.0318375">
        <ele>3.8</ele>
        <time>2026-09-15T14:37:16.000Z</time>
        <speed>1.054</speed>
      </trkpt>
      <trkpt lat="50.4667427" lon="-5.0318472">
        <ele>3.4</ele>
        <time>2026-09-15T14:37:21.000Z</time>
        <speed>1.120</speed>
      </trkpt>
      <trkpt lat="50.4666995" lon="-5.0318521">
        <ele>3.6</ele>
        <time>2026-09-15T14:37:26.000Z</time>
        <speed>1.082</speed>
      </trkpt>
      <trkpt lat="50.4666519" lon="-5.0318537">
        <ele>3.4</ele>
        <time>2026-09-15T14:37:31.000Z</time>
        <speed>1.073</speed>
      </trkpt>
      <trkpt lat="50.4666033" lon="-5.0318466">
        <ele>3.8</ele>
        <time>2026-09-15T14:37:36.000Z</time>
        <speed>1.148</speed>
      </trkpt>
      <trkpt lat="50.4665525" lon="-5.0318290">
        <ele>4.0</ele>
        <time>2026-09-15T14:37:41.000Z</time>
        <speed>1.129</speed>
      </trkpt>
      <trkpt lat="50.4665067" lon="-5.0317952">
        <ele>4.0</ele>
        <time>2026-09-15T14:37:46.000Z</time>
        <speed>1.138</speed>
      </trkpt>
      <trkpt lat="50.4664607" lon="-5.0317557">
        <ele>4.0</ele>
        <time>2026-09-15T14:37:51.000Z</time>
        <speed>1.138</speed>
      </trkpt>
      <trkpt lat="50.4664157" lon="-5.0317126">
        <ele>4.0</ele>
        <time>2026-09-15T14:37:56.000Z</time>
        <speed>1.138</speed>
      </trkpt>
      <trkpt lat="50.4663711" lon="-5.0316643">
        <ele>4.0</ele>
        <time>2026-09-15T14:38:01.000Z</time>
        <speed>1.138</speed>
      </trkpt>
      <trkpt lat="50.4663429" lon="-5.0316042">
        <ele>4.2</ele>
        <time>2026-09-15T14:38:06.000Z</time>
        <speed>1.129</speed>
      </trkpt>
      <trkpt lat="50.4663400" lon="-5.0315545">
        <ele>4.4</ele>
        <time>2026-09-15T14:38:11.000Z</time>
        <speed>1.082</speed>
      </trkpt>
      <trkpt lat="50.4663417" lon="-5.0315349">
        <ele>5.6</ele>
        <time>2026-09-15T14:38:16.000Z</time>
        <speed>0.924</speed>
      </trkpt>
      <trkpt lat="50.4663453" lon="-5.0315017">
        <ele>5.2</ele>
        <time>2026-09-15T14:38:21.000Z</time>
        <speed>0.000</speed>
      </trkpt>
      <trkpt lat="50.4663259" lon="-5.0314594">
        <ele>6.4</ele>
        <time>2026-09-15T14:38:26.000Z</time>
        <speed>0.000</speed>
      </trkpt>
      <trkpt lat="50.4663048" lon="-5.0314281">
        <ele>8.4</ele>
        <time>2026-09-15T14:38:31.000Z</time>
        <speed>0.000</speed>
      </trkpt>
      <trkpt lat="50.4662940" lon="-5.0313878">
        <ele>9.4</ele>
        <time>2026-09-15T14:38:36.000Z</time>
        <speed>0.420</speed>
      </trkpt>
      <trkpt lat="50.4662995" lon="-5.0313541">
        <ele>10.6</ele>
        <time>2026-09-15T14:38:41.000Z</time>
        <speed>0.980</speed>
      </trkpt>
      <trkpt lat="50.4662826" lon="-5.0313461">
        <ele>10.6</ele>
        <time>2026-09-15T14:38:46.000Z</time>
        <speed>0.709</speed>
      </trkpt>
      <trkpt lat="50.4662725" lon="-5.0312898">
        <ele>11.2</ele>
        <time>2026-09-15T14:38:51.000Z</time>
        <speed>0.746</speed>
      </trkpt>
      <trkpt lat="50.4662621" lon="-5.0312061">
        <ele>11.2</ele>
        <time>2026-09-15T14:38:56.000Z</time>
        <speed>0.877</speed>
      </trkpt>
      <trkpt lat="50.4662494" lon="-5.0311300">
        <ele>10.6</ele>
        <time>2026-09-15T14:39:01.000Z</time>
        <speed>0.998</speed>
      </trkpt>
      <trkpt lat="50.4662642" lon="-5.0310566">
        <ele>10.4</ele>
        <time>2026-09-15T14:39:06.000Z</time>
        <speed>1.157</speed>
      </trkpt>
      <trkpt lat="50.4662801" lon="-5.0309825">
        <ele>11.8</ele>
        <time>2026-09-15T14:39:11.000Z</time>
        <speed>1.148</speed>
      </trkpt>
      <trkpt lat="50.4662947" lon="-5.0309159">
        <ele>13.0</ele>
        <time>2026-09-15T14:39:16.000Z</time>
        <speed>1.148</speed>
      </trkpt>
      <trkpt lat="50.4662680" lon="-5.0308607">
        <ele>13.4</ele>
        <time>2026-09-15T14:39:21.000Z</time>
        <speed>1.092</speed>
      </trkpt>
      <trkpt lat="50.4662520" lon="-5.0307863">
        <ele>12.0</ele>
        <time>2026-09-15T14:39:26.000Z</time>
        <speed>1.129</speed>
      </trkpt>
      <trkpt lat="50.4662340" lon="-5.0307315">
        <ele>12.6</ele>
        <time>2026-09-15T14:39:31.000Z</time>
        <speed>1.129</speed>
      </trkpt>
      <trkpt lat="50.4661924" lon="-5.0306978">
        <ele>12.6</ele>
        <time>2026-09-15T14:39:36.000Z</time>
        <speed>1.101</speed>
      </trkpt>
      <trkpt lat="50.4661510" lon="-5.0306805">
        <ele>11.8</ele>
        <time>2026-09-15T14:39:41.000Z</time>
        <speed>1.082</speed>
      </trkpt>
      <trkpt lat="50.4661219" lon="-5.0306878">
        <ele>12.0</ele>
        <time>2026-09-15T14:39:46.000Z</time>
        <speed>0.924</speed>
      </trkpt>
      <trkpt lat="50.4660831" lon="-5.0307019">
        <ele>11.0</ele>
        <time>2026-09-15T14:39:51.000Z</time>
        <speed>0.858</speed>
      </trkpt>
      <trkpt lat="50.4660437" lon="-5.0306796">
        <ele>10.4</ele>
        <time>2026-09-15T14:39:56.000Z</time>
        <speed>0.980</speed>
      </trkpt>
      <trkpt lat="50.4660090" lon="-5.0306268">
        <ele>10.6</ele>
        <time>2026-09-15T14:40:01.000Z</time>
        <speed>0.989</speed>
      </trkpt>
      <trkpt lat="50.4659919" lon="-5.0305574">
        <ele>10.4</ele>
        <time>2026-09-15T14:40:06.000Z</time>
        <speed>1.008</speed>
      </trkpt>
      <trkpt lat="50.4659847" lon="-5.0304957">
        <ele>10.6</ele>
        <time>2026-09-15T14:40:11.000Z</time>
        <speed>1.008</speed>
      </trkpt>
      <trkpt lat="50.4659906" lon="-5.0304801">
        <ele>10.6</ele>
        <time>2026-09-15T14:40:16.000Z</time>
        <speed>0.924</speed>
      </trkpt>
      <trkpt lat="50.4659904" lon="-5.0304783">
        <ele>11.2</ele>
        <time>2026-09-15T14:40:21.000Z</time>
        <speed>0.000</speed>
      </trkpt>
      <trkpt lat="50.4659893" lon="-5.0304826">
        <ele>11.0</ele>
        <time>2026-09-15T14:40:26.000Z</time>
        <speed>0.000</speed>
      </trkpt>
      <trkpt lat="50.4659951" lon="-5.0304946">
        <ele>11.2</ele>
        <time>2026-09-15T14:40:31.000Z</time>
        <speed>0.000</speed>
      </trkpt>
      <trkpt lat="50.4660005" lon="-5.0304967">
        <ele>10.8</ele>
        <time>2026-09-15T14:40:36.000Z</time>
        <speed>0.000</speed>
      </trkpt>
      <trkpt lat="50.4659966" lon="-5.0304966">
        <ele>11.0</ele>
        <time>2026-09-15T14:40:41.000Z</time>
        <speed>0.000</speed>
      </trkpt>
      <trkpt lat="50.4659924" lon="-5.0304921">
        <ele>10.8</ele>
        <time>2026-09-15T14:40:46.000Z</time>
        <speed>0.000</speed>
      </trkpt>
      <trkpt lat="50.4659848" lon="-5.0304953">
        <ele>10.8</ele>
        <time>2026-09-15T14:40:51.000Z</time>
        <speed>0.000</speed>
      </trkpt>
      <trkpt lat="50.4659918" lon="-5.0304836">
        <ele>10.6</ele>
        <time>2026-09-15T14:40:56.000Z</time>
        <speed>0.000</speed>
      </trkpt>
      <trkpt lat="50.4659937" lon="-5.0304745">
        <ele>10.8</ele>
        <time>2026-09-15T14:41:01.000Z</time>
        <speed>0.000</speed>
      </trkpt>
      <trkpt lat="50.4659909" lon="-5.0304831">
        <ele>11.2</ele>
        <time>2026-09-15T14:41:06.000Z</time>
        <speed>0.000</speed>
      </trkpt>
      <trkpt lat="50.4659969" lon="-5.0304934">
        <ele>10.8</ele>
        <time>2026-09-15T14:41:11.000Z</time>
        <speed>0.000</speed>
      </trkpt>
      <trkpt lat="50.4660061" lon="-5.0305043">
        <ele>10.6</ele>
        <time>2026-09-15T14:41:16.000Z</time>
        <speed>0.000</speed>
      </trkpt>
      <trkpt lat="50.4660107" lon="-5.0305224">
        <ele>10.8</ele>
        <time>2026-09-15T14:41:21.000Z</time>
        <speed>0.000</speed>
      </trkpt>
      <trkpt lat="50.4660126" lon="-5.0305278">
        <ele>11.0</ele>
        <time>2026-09-15T14:41:26.000Z</time>
        <speed>0.000</speed>
      </trkpt>
      <trkpt lat="50.4660157" lon="-5.0305358">
        <ele>11.0</ele>
        <time>2026-09-15T14:41:31.000Z</time>
        <speed>0.000</speed>
      </trkpt>
      <trkpt lat="50.4660181" lon="-5.0305351">
        <ele>10.8</ele>
        <time>2026-09-15T14:41:36.000Z</time>
        <speed>0.000</speed>
      </trkpt>
      <trkpt lat="50.4660163" lon="-5.0305243">
        <ele>10.0</ele>
        <time>2026-09-15T14:41:41.000Z</time>
        <speed>0.000</speed>
      </trkpt>
      <trkpt lat="50.4660173" lon="-5.0305137">
        <ele>10.4</ele>
        <time>2026-09-15T14:41:46.000Z</time>
        <speed>0.000</speed>
      </trkpt>
      <trkpt lat="50.4660213" lon="-5.0305032">
        <ele>10.2</ele>
        <time>2026-09-15T14:41:51.000Z</time>
        <speed>0.000</speed>
      </trkpt>
      <trkpt lat="50.4660249" lon="-5.0304918">
        <ele>10.4</ele>
        <time>2026-09-15T14:41:56.000Z</time>
        <speed>0.000</speed>
      </trkpt>
      <trkpt lat="50.4660256" lon="-5.0304810">
        <ele>10.4</ele>
        <time>2026-09-15T14:42:01.000Z</time>
        <speed>0.000</speed>
      </trkpt>
      <trkpt lat="50.4660302" lon="-5.0304749">
        <ele>10.4</ele>
        <time>2026-09-15T14:42:06.000Z</time>
        <speed>0.000</speed>
      </trkpt>
      <trkpt lat="50.4660287" lon="-5.0304699">
        <ele>10.0</ele>
        <time>2026-09-15T14:42:11.000Z</time>
        <speed>0.000</speed>
      </trkpt>
      <trkpt lat="50.4660079" lon="-5.0304723">
        <ele>9.8</ele>
        <time>2026-09-15T14:42:16.000Z</time>
        <speed>0.000</speed>
      </trkpt>
      <trkpt lat="50.4659971" lon="-5.0304715">
        <ele>9.8</ele>
        <time>2026-09-15T14:42:21.000Z</time>
        <speed>0.000</speed>
      </trkpt>
      <trkpt lat="50.4659751" lon="-5.0304748">
        <ele>9.8</ele>
        <time>2026-09-15T14:42:26.000Z</time>
        <speed>0.000</speed>
      </trkpt>
      <trkpt lat="50.4659655" lon="-5.0304784">
        <ele>9.8</ele>
        <time>2026-09-15T14:42:31.000Z</time>
        <speed>0.000</speed>
      </trkpt>
      <trkpt lat="50.4659735" lon="-5.0304848">
        <ele>9.8</ele>
        <time>2026-09-15T14:42:36.000Z</time>
        <speed>0.000</speed>
      </trkpt>
      <trkpt lat="50.4659942" lon="-5.0304915">
        <ele>9.8</ele>
        <time>2026-09-15T14:42:41.000Z</time>
        <speed>0.000</speed>
      </trkpt>
      <trkpt lat="50.4659951" lon="-5.0305137">
        <ele>9.8</ele>
        <time>2026-09-15T14:42:46.000Z</time>
        <speed>0.000</speed>
      </trkpt>
      <trkpt lat="50.4659815" lon="-5.0305261">
        <ele>11.0</ele>
        <time>2026-09-15T14:42:51.000Z</time>
        <speed>0.000</speed>
      </trkpt>
      <trkpt lat="50.4659857" lon="-5.0305283">
        <ele>11.0</ele>
        <time>2026-09-15T14:42:56.000Z</time>
        <speed>0.000</speed>
      </trkpt>
      <trkpt lat="50.4659972" lon="-5.0305335">
        <ele>11.0</ele>
        <time>2026-09-15T14:43:01.000Z</time>
        <speed>0.000</speed>
      </trkpt>
      <trkpt lat="50.4660040" lon="-5.0305118">
        <ele>10.6</ele>
        <time>2026-09-15T14:43:06.000Z</time>
        <speed>0.000</speed>
      </trkpt>
      <trkpt lat="50.4660195" lon="-5.0305003">
        <ele>10.8</ele>
        <time>2026-09-15T14:43:11.000Z</time>
        <speed>0.000</speed>
      </trkpt>
      <trkpt lat="50.4660117" lon="-5.0305245">
        <ele>10.8</ele>
        <time>2026-09-15T14:43:16.000Z</time>
        <speed>0.000</speed>
      </trkpt>
      <trkpt lat="50.4660142" lon="-5.0305400">
        <ele>10.6</ele>
        <time>2026-09-15T14:43:21.000Z</time>
        <speed>0.000</speed>
      </trkpt>
      <trkpt lat="50.4660138" lon="-5.0305318">
        <ele>10.8</ele>
        <time>2026-09-15T14:43:26.000Z</time>
        <speed>0.000</speed>
      </trkpt>
      <trkpt lat="50.4660092" lon="-5.0305194">
        <ele>10.8</ele>
        <time>2026-09-15T14:43:31.000Z</time>
        <speed>0.000</speed>
      </trkpt>
      <trkpt lat="50.4660034" lon="-5.0305299">
        <ele>11.0</ele>
        <time>2026-09-15T14:43:36.000Z</time>
        <speed>0.000</speed>
      </trkpt>
      <trkpt lat="50.4660143" lon="-5.0305185">
        <ele>10.8</ele>
        <time>2026-09-15T14:43:41.000Z</time>
        <speed>0.000</speed>
      </trkpt>
    </trkseg>
  </trk>
</gpx>
