<?xml version="1.0" encoding="UTF-8"?>
<gpx xmlns="http://www.topografix.com/GPX/1/0" xmlns:xsi="http://www.w3.org/2001/XMLSchema-instance" creator="GPS Wizard - https://github.com/Logiqx/gps-wizard" version="1.0" xsi:schemaLocation="http://www.topografix.com/GPX/1/0 http://www.topografix.com/GPX/1/0/gpx.xsd">
  <trk>
    <trkseg>
      <trkpt lat="50.6968078" lon="-2.7212849">
        <ele>10</ele>
        <time>2023-03-27T11:43:44.000Z</time>
        <speed>0.000</speed>
      </trkpt>
      <trkpt lat="50.6967653" lon="-2.7212647">
        <ele>10</ele>
        <time>2023-03-27T11:43:49.000Z</time>
        <speed>0.000</speed>
      </trkpt>
      <trkpt lat="50.6967194" lon="-2.7212435">
        <ele>10</ele>
        <time>2023-03-27T11:43:54.000Z</time>
        <speed>0.000</speed>
      </trkpt>
      <trkpt lat="50.6966790" lon="-2.7212862">
        <ele>10</ele>
        <time>2023-03-27T11:44:20.000Z</time>
        <speed>0.000</speed>
      </trkpt>
      <trkpt lat="50.6966959" lon="-2.7213374">
        <ele>10</ele>
        <time>2023-03-27T11:44:25.000Z</time>
        <speed>0.000</speed>
      </trkpt>
      <trkpt lat="50.6967052" lon="-2.7213384">
        <ele>10</ele>
        <time>2023-03-27T11:44:30.000Z</time>
        <speed>0.000</speed>
      </trkpt>
      <trkpt lat="50.6966914" lon="-2.7213427">
        <ele>10</ele>
        <time>2023-03-27T11:44:35.000Z</time>
        <speed>0.922</speed>
      </trkpt>
      <trkpt lat="50.6966452" lon="-2.7213673">
        <ele>10</ele>
        <time>2023-03-27T11:44:40.000Z</time>
        <speed>1.019</speed>
      </trkpt>
      <trkpt lat="50.6965953" lon="-2.7213785">
        <ele>10</ele>
        <time>2023-03-27T11:44:45.000Z</time>
        <speed>1.025</speed>
      </trkpt>
      <trkpt lat="50.6965470" lon="-2.7213964">
        <ele>10</ele>
        <time>2023-03-27T11:44:50.000Z</time>
        <speed>1.042</speed>
      </trkpt>
      <trkpt lat="50.6964910" lon="-2.7213980">
        <ele>9</ele>
        <time>2023-03-27T11:44:55.000Z</time>
        <speed>1.069</speed>
      </trkpt>
      <trkpt lat="50.6964401" lon="-2.7213928">
        <ele>9</ele>
        <time>2023-03-27T11:45:00.000Z</time>
        <speed>1.083</speed>
      </trkpt>
      <trkpt lat="50.6963838" lon="-2.7213701">
        <ele>9</ele>
        <time>2023-03-27T11:45:05.000Z</time>
        <speed>1.103</speed>
      </trkpt>
      <trkpt lat="50.6963251" lon="-2.7213660">
        <ele>9</ele>
        <time>2023-03-27T11:45:10.000Z</time>
        <speed>1.114</speed>
      </trkpt>
      <trkpt lat="50.6962698" lon="-2.7213479">
        <ele>9</ele>
        <time>2023-03-27T11:45:15.000Z</time>
        <speed>1.133</speed>
      </trkpt>
      <trkpt lat="50.6962349" lon="-2.7212930">
        <ele>9</ele>
        <time>2023-03-27T11:45:20.000Z</time>
        <speed>1.131</speed>
      </trkpt>
      <trkpt lat="50.6962111" lon="-2.7212262">
        <ele>9</ele>
        <time>2023-03-27T11:45:25.000Z</time>
        <speed>1.097</speed>
      </trkpt>
      <trkpt lat="50.6961862" lon="-2.7211608">
        <ele>9</ele>
        <time>2023-03-27T11:45:30.000Z</time>
        <speed>1.050</speed>
      </trkpt>
      <trkpt lat="50.6961619" lon="-2.7210813">
        <ele>9</ele>
        <time>2023-03-27T11:45:35.000Z</time>
        <speed>1.019</speed>
      </trkpt>
      <trkpt lat="50.6961406" lon="-2.7209980">
        <ele>9</ele>
        <time>2023-03-27T11:45:40.000Z</time>
        <speed>1.019</speed>
      </trkpt>
      <trkpt lat="50.6961240" lon="-2.7209213">
        <ele>10</ele>
        <time>2023-03-27T11:45:45.000Z</time>
        <speed>1.036</speed>
      </trkpt>
      <trkpt lat="50.6961076" lon="-2.7208397">
        <ele>10</ele>
        <time>2023-03-27T11:45:50.000Z</time>
        <speed>1.053</speed>
      </trkpt>
      <trkpt lat="50.6960926" lon="-2.7207625">
        <ele>10</ele>
        <time>2023-03-27T11:45:55.000Z</time>
        <speed>1.064</speed>
      </trkpt>
      <trkpt lat="50.6960846" lon="-2.7206868">
        <ele>11</ele>
        <time>2023-03-27T11:46:00.000Z</time>
        <speed>1.058</speed>
      </trkpt>
      <trkpt lat="50.6960776" lon="-2.7206068">
        <ele>12</ele>
        <time>2023-03-27T11:46:05.000Z</time>
        <speed>1.044</speed>
      </trkpt>
      <trkpt lat="50.6960728" lon="-2.7205292">
        <ele>12</ele>
        <time>2023-03-27T11:46:10.000Z</time>
        <speed>1.031</speed>
      </trkpt>
      <trkpt lat="50.6960635" lon="-2.7204538">
        <ele>13</ele>
        <time>2023-03-27T11:46:15.000Z</time>
        <speed>1.031</speed>
      </trkpt>
      <trkpt lat="50.6960513" lon="-2.7203864">
        <ele>14</ele>
        <time>2023-03-27T11:46:20.000Z</time>
        <speed>1.025</speed>
      </trkpt>
      <trkpt lat="50.6960443" lon="-2.7203290">
        <ele>14</ele>
        <time>2023-03-27T11:46:25.000Z</time>
        <speed>1.006</speed>
      </trkpt>
      <trkpt lat="50.6960413" lon="-2.7202714">
        <ele>15</ele>
        <time>2023-03-27T11:46:30.000Z</time>
        <speed>0.989</speed>
      </trkpt>
      <trkpt lat="50.6960384" lon="-2.7202060">
        <ele>15</ele>
        <time>2023-03-27T11:46:35.000Z</time>
        <speed>0.975</speed>
      </trkpt>
      <trkpt lat="50.6960326" lon="-2.7201351">
        <ele>16</ele>
        <time>2023-03-27T11:46:40.000Z</time>
        <speed>0.972</speed>
      </trkpt>
      <trkpt lat="50.6960289" lon="-2.7200634">
        <ele>17</ele>
        <time>2023-03-27T11:46:45.000Z</time>
        <speed>0.981</speed>
      </trkpt>
      <trkpt lat="50.6960225" lon="-2.7199894">
        <ele>18</ele>
        <time>2023-03-27T11:46:50.000Z</time>
        <speed>1.000</speed>
      </trkpt>
      <trkpt lat="50.6960163" lon="-2.7199189">
        <ele>18</ele>
        <time>2023-03-27T11:46:55.000Z</time>
        <speed>1.028</speed>
      </trkpt>
      <trkpt lat="50.6960142" lon="-2.7198501">
        <ele>19</ele>
        <time>2023-03-27T11:47:00.000Z</time>
        <speed>1.042</speed>
      </trkpt>
      <trkpt lat="50.6960101" lon="-2.7197731">
        <ele>20</ele>
        <time>2023-03-27T11:47:05.000Z</time>
        <speed>1.039</speed>
      </trkpt>
      <trkpt lat="50.6960014" lon="-2.7196973">
        <ele>20</ele>
        <time>2023-03-27T11:47:10.000Z</time>
        <speed>1.036</speed>
      </trkpt>
      <trkpt lat="50.6959869" lon="-2.7196420">
        <ele>21</ele>
        <time>2023-03-27T11:47:15.000Z</time>
        <speed>1.036</speed>
      </trkpt>
      <trkpt lat="50.6959729" lon="-2.7195828">
        <ele>21</ele>
        <time>2023-03-27T11:47:20.000Z</time>
        <speed>1.031</speed>
      </trkpt>
      <trkpt lat="50.6959510" lon="-2.7195164">
        <ele>22</ele>
        <time>2023-03-27T11:47:25.000Z</time>
        <speed>1.014</speed>
      </trkpt>
      <trkpt lat="50.6959337" lon="-2.7194549">
        <ele>23</ele>
        <time>2023-03-27T11:47:30.000Z</time>
        <speed>1.003</speed>
      </trkpt>
      <trkpt lat="50.6959217" lon="-2.7193762">
        <ele>24</ele>
        <time>2023-03-27T11:47:35.000Z</time>
        <speed>1.011</speed>
      </trkpt>
      <trkpt lat="50.6959008" lon="-2.7193027">
        <ele>24</ele>
        <time>2023-03-27T11:47:40.000Z</time>
        <speed>1.031</speed>
      </trkpt>
      <trkpt lat="50.6958798" lon="-2.7192352">
        <ele>25</ele>
        <time>2023-03-27T11:47:45.000Z</time>
        <speed>1.042</speed>
      </trkpt>
      <trkpt lat="50.6958629" lon="-2.7191598">
        <ele>26</ele>
        <time>2023-03-27T11:47:50.000Z</time>
        <speed>1.050</speed>
      </trkpt>
      <trkpt lat="50.6958474" lon="-2.7190787">
        <ele>26</ele>
        <time>2023-03-27T11:47:55.000Z</time>
        <speed>1.064</speed>
      </trkpt>
      <trkpt lat="50.6958176" lon="-2.7190219">
        <ele>27</ele>
        <time>2023-03-27T11:48:14.000Z</time>
        <speed>0.000</speed>
      </trkpt>
      <trkpt lat="50.6958055" lon="-2.7189571">
        <ele>28</ele>
        <time>2023-03-27T11:48:19.000Z</time>
        <speed>1.011</speed>
      </trkpt>
      <trkpt lat="50.6957846" lon="-2.7188668">
        <ele>28</ele>
        <time>2023-03-27T11:48:24.000Z</time>
        <speed>1.133</speed>
      </trkpt>
      <trkpt lat="50.6957587" lon="-2.7187814">
        <ele>28</ele>
        <time>2023-03-27T11:48:29.000Z</time>
        <speed>1.147</speed>
      </trkpt>
      <trkpt lat="50.6957329" lon="-2.7186957">
        <ele>28</ele>
        <time>2023-03-27T11:48:34.000Z</time>
        <speed>1.164</speed>
      </trkpt>
      <trkpt lat="50.6956934" lon="-2.7186241">
        <ele>29</ele>
        <time>2023-03-27T11:48:39.000Z</time>
        <speed>1.156</speed>
      </trkpt>
      <trkpt lat="50.6956542" lon="-2.7185607">
        <ele>29</ele>
        <time>2023-03-27T11:48:44.000Z</time>
        <speed>1.153</speed>
      </trkpt>
      <trkpt lat="50.6956112" lon="-2.7185180">
        <ele>29</ele>
        <time>2023-03-27T11:48:49.000Z</time>
        <speed>1.153</speed>
      </trkpt>
      <trkpt lat="50.6955654" lon="-2.7184729">
        <ele>29</ele>
        <time>2023-03-27T11:48:54.000Z</time>
        <speed>1.144</speed>
      </trkpt>
      <trkpt lat="50.6955311" lon="-2.7184050">
        <ele>29</ele>
        <time>2023-03-27T11:48:59.000Z</time>
        <speed>1.144</speed>
      </trkpt>
      <trkpt lat="50.6954952" lon="-2.7183381">
        <ele>29</ele>
        <time>2023-03-27T11:49:04.000Z</time>
        <speed>1.169</speed>
      </trkpt>
      <trkpt lat="50.6954671" lon="-2.7182621">
        <ele>29</ele>
        <time>2023-03-27T11:49:09.000Z</time>
        <speed>1.206</speed>
      </trkpt>
      <trkpt lat="50.6954409" lon="-2.7181869">
        <ele>30</ele>
        <time>2023-03-27T11:49:14.000Z</time>
        <speed>1.211</speed>
      </trkpt>
      <trkpt lat="50.6954170" lon="-2.7181104">
        <ele>30</ele>
        <time>2023-03-27T11:49:19.000Z</time>
        <speed>1.189</speed>
      </trkpt>
      <trkpt lat="50.6953833" lon="-2.7180401">
        <ele>30</ele>
        <time>2023-03-27T11:49:24.000Z</time>
        <speed>1.153</speed>
      </trkpt>
      <trkpt lat="50.6953460" lon="-2.7179816">
        <ele>30</ele>
        <time>2023-03-27T11:49:29.000Z</time>
        <speed>1.114</speed>
      </trkpt>
      <trkpt lat="50.6953133" lon="-2.7179210">
        <ele>30</ele>
        <time>2023-03-27T11:49:34.000Z</time>
        <speed>1.117</speed>
      </trkpt>
      <trkpt lat="50.6952800" lon="-2.7178677">
        <ele>30</ele>
        <time>2023-03-27T11:49:39.000Z</time>
        <speed>1.136</speed>
      </trkpt>
      <trkpt lat="50.6952497" lon="-2.7178132">
        <ele>30</ele>
        <time>2023-03-27T11:49:44.000Z</time>
        <speed>1.144</speed>
      </trkpt>
      <trkpt lat="50.6952243" lon="-2.7177418">
        <ele>30</ele>
        <time>2023-03-27T11:49:49.000Z</time>
        <speed>1.122</speed>
      </trkpt>
      <trkpt lat="50.6952032" lon="-2.7176563">
        <ele>30</ele>
        <time>2023-03-27T11:49:54.000Z</time>
        <speed>1.094</speed>
      </trkpt>
      <trkpt lat="50.6951783" lon="-2.7175749">
        <ele>30</ele>
        <time>2023-03-27T11:49:59.000Z</time>
        <speed>1.089</speed>
      </trkpt>
      <trkpt lat="50.6951452" lon="-2.7174967">
        <ele>30</ele>
        <time>2023-03-27T11:50:04.000Z</time>
        <speed>1.103</speed>
      </trkpt>
      <trkpt lat="50.6951193" lon="-2.7174092">
        <ele>30</ele>
        <time>2023-03-27T11:50:09.000Z</time>
        <speed>1.133</speed>
      </trkpt>
      <trkpt lat="50.6950941" lon="-2.7173292">
        <ele>30</ele>
        <time>2023-03-27T11:50:14.000Z</time>
        <speed>1.167</speed>
      </trkpt>
      <trkpt lat="50.6950616" lon="-2.7172593">
        <ele>30</ele>
        <time>2023-03-27T11:50:19.000Z</time>
        <speed>1.186</speed>
      </trkpt>
      <trkpt lat="50.6950299" lon="-2.7171854">
        <ele>30</ele>
        <time>2023-03-27T11:50:24.000Z</time>
        <speed>1.186</speed>
      </trkpt>
      <trkpt lat="50.6949989" lon="-2.7171114">
        <ele>30</ele>
        <time>2023-03-27T11:50:29.000Z</time>
        <speed>1.186</speed>
      </trkpt>
      <trkpt lat="50.6949698" lon="-2.7170236">
        <ele>30</ele>
        <time>2023-03-27T11:50:34.000Z</time>
        <speed>1.203</speed>
      </trkpt>
      <trkpt lat="50.6949401" lon="-2.7169483">
        <ele>29</ele>
        <time>2023-03-27T11:50:39.000Z</time>
        <speed>1.231</speed>
      </trkpt>
      <trkpt lat="50.6949123" lon="-2.7168681">
        <ele>29</ele>
        <time>2023-03-27T11:50:44.000Z</time>
        <speed>1.250</speed>
      </trkpt>
      <trkpt lat="50.6948860" lon="-2.7167851">
        <ele>29</ele>
        <time>2023-03-27T11:50:49.000Z</time>
        <speed>1.261</speed>
      </trkpt>
      <trkpt lat="50.6948572" lon="-2.7167049">
        <ele>29</ele>
        <time>2023-03-27T11:50:54.000Z</time>
        <speed>1.272</speed>
      </trkpt>
      <trkpt lat="50.6948338" lon="-2.7166204">
        <ele>29</ele>
        <time>2023-03-27T11:50:59.000Z</time>
        <speed>1.283</speed>
      </trkpt>
      <trkpt lat="50.6948073" lon="-2.7165479">
        <ele>28</ele>
        <time>2023-03-27T11:51:24.000Z</time>
        <speed>0.000</speed>
      </trkpt>
      <trkpt lat="50.6947824" lon="-2.7165063">
        <ele>28</ele>
        <time>2023-03-27T11:51:29.000Z</time>
        <speed>0.739</speed>
      </trkpt>
      <trkpt lat="50.6947553" lon="-2.7164374">
        <ele>28</ele>
        <time>2023-03-27T11:51:34.000Z</time>
        <speed>0.894</speed>
      </trkpt>
      <trkpt lat="50.6947347" lon="-2.7163485">
        <ele>28</ele>
        <time>2023-03-27T11:51:39.000Z</time>
        <speed>0.967</speed>
      </trkpt>
      <trkpt lat="50.6946989" lon="-2.7162833">
        <ele>28</ele>
        <time>2023-03-27T11:51:44.000Z</time>
        <speed>1.019</speed>
      </trkpt>
      <trkpt lat="50.6946555" lon="-2.7162163">
        <ele>27</ele>
        <time>2023-03-27T11:51:49.000Z</time>
        <speed>1.139</speed>
      </trkpt>
      <trkpt lat="50.6946061" lon="-2.7161656">
        <ele>27</ele>
        <time>2023-03-27T11:51:54.000Z</time>
        <speed>1.214</speed>
      </trkpt>
      <trkpt lat="50.6945537" lon="-2.7161416">
        <ele>26</ele>
        <time>2023-03-27T11:51:59.000Z</time>
        <speed>1.228</speed>
      </trkpt>
      <trkpt lat="50.6945109" lon="-2.7161396">
        <ele>26</ele>
        <time>2023-03-27T11:52:04.000Z</time>
        <speed>1.236</speed>
      </trkpt>
      <trkpt lat="50.6944772" lon="-2.7161116">
        <ele>25</ele>
        <time>2023-03-27T11:52:09.000Z</time>
        <speed>1.231</speed>
      </trkpt>
      <trkpt lat="50.6944479" lon="-2.7160497">
        <ele>25</ele>
        <time>2023-03-27T11:52:14.000Z</time>
        <speed>1.203</speed>
      </trkpt>
      <trkpt lat="50.6944175" lon="-2.7159886">
        <ele>24</ele>
        <time>2023-03-27T11:52:19.000Z</time>
        <speed>1.178</speed>
      </trkpt>
      <trkpt lat="50.6943818" lon="-2.7159123">
        <ele>24</ele>
        <time>2023-03-27T11:52:24.000Z</time>
        <speed>1.167</speed>
      </trkpt>
      <trkpt lat="50.6943490" lon="-2.7158347">
        <ele>24</ele>
        <time>2023-03-27T11:52:29.000Z</time>
        <speed>1.178</speed>
      </trkpt>
      <trkpt lat="50.6943182" lon="-2.7157717">
        <ele>24</ele>
        <time>2023-03-27T11:52:40.000Z</time>
        <speed>0.000</speed>
      </trkpt>
      <trkpt lat="50.6942990" lon="-2.7157088">
        <ele>24</ele>
        <time>2023-03-27T11:52:45.000Z</time>
        <speed>0.000</speed>
      </trkpt>
      <trkpt lat="50.6942762" lon="-2.7156180">
        <ele>24</ele>
        <time>2023-03-27T11:52:50.000Z</time>
        <speed>1.189</speed>
      </trkpt>
      <trkpt lat="50.6942559" lon="-2.7155239">
        <ele>24</ele>
        <time>2023-03-27T11:52:55.000Z</time>
        <speed>1.203</speed>
      </trkpt>
      <trkpt lat="50.6942328" lon="-2.7154309">
        <ele>24</ele>
        <time>2023-03-27T11:53:00.000Z</time>
        <speed>1.214</speed>
      </trkpt>
      <trkpt lat="50.6942060" lon="-2.7153444">
        <ele>23</ele>
        <time>2023-03-27T11:53:05.000Z</time>
        <speed>1.217</speed>
      </trkpt>
      <trkpt lat="50.6941755" lon="-2.7152616">
        <ele>23</ele>
        <time>2023-03-27T11:53:10.000Z</time>
        <speed>1.222</speed>
      </trkpt>
      <trkpt lat="50.6941378" lon="-2.7151814">
        <ele>23</ele>
        <time>2023-03-27T11:53:15.000Z</time>
        <speed>1.242</speed>
      </trkpt>
      <trkpt lat="50.6940947" lon="-2.7151227">
        <ele>23</ele>
        <time>2023-03-27T11:53:20.000Z</time>
        <speed>1.244</speed>
      </trkpt>
      <trkpt lat="50.6940520" lon="-2.7150618">
        <ele>23</ele>
        <time>2023-03-27T11:53:25.000Z</time>
        <speed>1.247</speed>
      </trkpt>
      <trkpt lat="50.6940212" lon="-2.7149968">
        <ele>22</ele>
        <time>2023-03-27T11:53:30.000Z</time>
        <speed>1.253</speed>
      </trkpt>
      <trkpt lat="50.6939906" lon="-2.7149093">
        <ele>22</ele>
        <time>2023-03-27T11:53:35.000Z</time>
        <speed>1.253</speed>
      </trkpt>
      <trkpt lat="50.6939598" lon="-2.7148227">
        <ele>22</ele>
        <time>2023-03-27T11:53:40.000Z</time>
        <speed>1.244</speed>
      </trkpt>
      <trkpt lat="50.6939351" lon="-2.7147426">
        <ele>21</ele>
        <time>2023-03-27T11:53:45.000Z</time>
        <speed>1.244</speed>
      </trkpt>
      <trkpt lat="50.6939099" lon="-2.7146555">
        <ele>21</ele>
        <time>2023-03-27T11:53:50.000Z</time>
        <speed>1.239</speed>
      </trkpt>
      <trkpt lat="50.6938800" lon="-2.7145753">
        <ele>21</ele>
        <time>2023-03-27T11:53:55.000Z</time>
        <speed>1.239</speed>
      </trkpt>
      <trkpt lat="50.6938508" lon="-2.7144977">
        <ele>21</ele>
        <time>2023-03-27T11:54:00.000Z</time>
        <speed>1.236</speed>
      </trkpt>
      <trkpt lat="50.6938213" lon="-2.7144174">
        <ele>20</ele>
        <time>2023-03-27T11:54:05.000Z</time>
        <speed>1.236</speed>
      </trkpt>
      <trkpt lat="50.6937945" lon="-2.7143292">
        <ele>20</ele>
        <time>2023-03-27T11:54:10.000Z</time>
        <speed>1.236</speed>
      </trkpt>
      <trkpt lat="50.6937809" lon="-2.7142914">
        <ele>20</ele>
        <time>2023-03-27T11:54:15.000Z</time>
        <speed>1.236</speed>
      </trkpt>
      <trkpt lat="50.6937676" lon="-2.7142521">
        <ele>20</ele>
        <time>2023-03-27T11:54:20.000Z</time>
        <speed>0.000</speed>
      </trkpt>
      <trkpt lat="50.6937559" lon="-2.7141952">
        <ele>20</ele>
        <time>2023-03-27T11:54:25.000Z</time>
        <speed>0.786</speed>
      </trkpt>
      <trkpt lat="50.6937377" lon="-2.7141302">
        <ele>20</ele>
        <time>2023-03-27T11:54:30.000Z</time>
        <speed>0.858</speed>
      </trkpt>
      <trkpt lat="50.6937095" lon="-2.7140639">
        <ele>20</ele>
        <time>2023-03-27T11:54:35.000Z</time>
        <speed>0.950</speed>
      </trkpt>
      <trkpt lat="50.6936742" lon="-2.7139970">
        <ele>20</ele>
        <time>2023-03-27T11:54:40.000Z</time>
        <speed>1.058</speed>
      </trkpt>
      <trkpt lat="50.6936380" lon="-2.7139329">
        <ele>19</ele>
        <time>2023-03-27T11:54:45.000Z</time>
        <speed>1.144</speed>
      </trkpt>
      <trkpt lat="50.6936026" lon="-2.7138782">
        <ele>19</ele>
        <time>2023-03-27T11:54:50.000Z</time>
        <speed>1.153</speed>
      </trkpt>
      <trkpt lat="50.6935759" lon="-2.7138140">
        <ele>19</ele>
        <time>2023-03-27T11:54:55.000Z</time>
        <speed>1.153</speed>
      </trkpt>
      <trkpt lat="50.6935516" lon="-2.7137598">
        <ele>19</ele>
        <time>2023-03-27T11:55:05.000Z</time>
        <speed>0.000</speed>
      </trkpt>
      <trkpt lat="50.6935371" lon="-2.7136880">
        <ele>18</ele>
        <time>2023-03-27T11:55:10.000Z</time>
        <speed>0.989</speed>
      </trkpt>
      <trkpt lat="50.6935200" lon="-2.7136093">
        <ele>18</ele>
        <time>2023-03-27T11:55:15.000Z</time>
        <speed>1.008</speed>
      </trkpt>
      <trkpt lat="50.6935079" lon="-2.7135311">
        <ele>18</ele>
        <time>2023-03-27T11:55:20.000Z</time>
        <speed>1.022</speed>
      </trkpt>
      <trkpt lat="50.6934984" lon="-2.7134708">
        <ele>18</ele>
        <time>2023-03-27T11:55:25.000Z</time>
        <speed>1.022</speed>
      </trkpt>
      <trkpt lat="50.6934901" lon="-2.7134166">
        <ele>18</ele>
        <time>2023-03-27T11:55:30.000Z</time>
        <speed>0.964</speed>
      </trkpt>
      <trkpt lat="50.6934695" lon="-2.7133549">
        <ele>18</ele>
        <time>2023-03-27T11:55:35.000Z</time>
        <speed>0.906</speed>
      </trkpt>
      <trkpt lat="50.6934491" lon="-2.7132797">
        <ele>18</ele>
        <time>2023-03-27T11:55:40.000Z</time>
        <speed>0.886</speed>
      </trkpt>
      <trkpt lat="50.6934436" lon="-2.7132149">
        <ele>18</ele>
        <time>2023-03-27T11:55:45.000Z</time>
        <speed>0.886</speed>
      </trkpt>
      <trkpt lat="50.6934296" lon="-2.7131563">
        <ele>18</ele>
        <time>2023-03-27T11:55:50.000Z</time>
        <speed>0.886</speed>
      </trkpt>
      <trkpt lat="50.6934062" lon="-2.7130876">
        <ele>18</ele>
        <time>2023-03-27T11:55:55.000Z</time>
        <speed>0.894</speed>
      </trkpt>
      <trkpt lat="50.6933826" lon="-2.7130107">
        <ele>18</ele>
        <time>2023-03-27T11:56:00.000Z</time>
        <speed>0.908</speed>
      </trkpt>
      <trkpt lat="50.6933546" lon="-2.7129326">
        <ele>18</ele>
        <time>2023-03-27T11:56:05.000Z</time>
        <speed>0.978</speed>
      </trkpt>
      <trkpt lat="50.6933246" lon="-2.7128638">
        <ele>18</ele>
        <time>2023-03-27T11:56:10.000Z</time>
        <speed>1.000</speed>
      </trkpt>
      <trkpt lat="50.6932904" lon="-2.7128048">
        <ele>18</ele>
        <time>2023-03-27T11:56:15.000Z</time>
        <speed>1.061</speed>
      </trkpt>
      <trkpt lat="50.6932544" lon="-2.7127400">
        <ele>18</ele>
        <time>2023-03-27T11:56:20.000Z</time>
        <speed>1.069</speed>
      </trkpt>
      <trkpt lat="50.6932154" lon="-2.7126754">
        <ele>18</ele>
        <time>2023-03-27T11:56:25.000Z</time>
        <speed>1.106</speed>
      </trkpt>
      <trkpt lat="50.6931690" lon="-2.7126130">
        <ele>18</ele>
        <time>2023-03-27T11:56:30.000Z</time>
        <speed>1.125</speed>
      </trkpt>
      <trkpt lat="50.6931231" lon="-2.7125528">
        <ele>17</ele>
        <time>2023-03-27T11:56:35.000Z</time>
        <speed>1.189</speed>
      </trkpt>
      <trkpt lat="50.6930784" lon="-2.7124959">
        <ele>17</ele>
        <time>2023-03-27T11:56:40.000Z</time>
        <speed>1.203</speed>
      </trkpt>
      <trkpt lat="50.6930349" lon="-2.7124361">
        <ele>17</ele>
        <time>2023-03-27T11:56:45.000Z</time>
        <speed>1.239</speed>
      </trkpt>
      <trkpt lat="50.6929916" lon="-2.7123743">
        <ele>16</ele>
        <time>2023-03-27T11:56:50.000Z</time>
        <speed>1.239</speed>
      </trkpt>
      <trkpt lat="50.6929522" lon="-2.7123135">
        <ele>16</ele>
        <time>2023-03-27T11:56:55.000Z</time>
        <speed>1.239</speed>
      </trkpt>
      <trkpt lat="50.6929143" lon="-2.7122371">
        <ele>15</ele>
        <time>2023-03-27T11:57:00.000Z</time>
        <speed>1.242</speed>
      </trkpt>
      <trkpt lat="50.6928808" lon="-2.7121640">
        <ele>15</ele>
        <time>2023-03-27T11:57:05.000Z</time>
        <speed>1.256</speed>
      </trkpt>
      <trkpt lat="50.6928508" lon="-2.7120898">
        <ele>15</ele>
        <time>2023-03-27T11:57:10.000Z</time>
        <speed>1.253</speed>
      </trkpt>
      <trkpt lat="50.6928232" lon="-2.7120162">
        <ele>15</ele>
        <time>2023-03-27T11:57:15.000Z</time>
        <speed>1.233</speed>
      </trkpt>
      <trkpt lat="50.6928112" lon="-2.7119818">
        <ele>15</ele>
        <time>2023-03-27T11:57:20.000Z</time>
        <speed>0.000</speed>
      </trkpt>
      <trkpt lat="50.6927946" lon="-2.7119421">
        <ele>15</ele>
        <time>2023-03-27T11:57:25.000Z</time>
        <speed>1.061</speed>
      </trkpt>
      <trkpt lat="50.6927613" lon="-2.7118694">
        <ele>14</ele>
        <time>2023-03-27T11:57:30.000Z</time>
        <speed>1.144</speed>
      </trkpt>
      <trkpt lat="50.6927308" lon="-2.7117855">
        <ele>14</ele>
        <time>2023-03-27T11:57:35.000Z</time>
        <speed>1.161</speed>
      </trkpt>
      <trkpt lat="50.6927056" lon="-2.7117020">
        <ele>14</ele>
        <time>2023-03-27T11:57:40.000Z</time>
        <speed>1.150</speed>
      </trkpt>
      <trkpt lat="50.6926772" lon="-2.7116225">
        <ele>14</ele>
        <time>2023-03-27T11:57:45.000Z</time>
        <speed>1.147</speed>
      </trkpt>
      <trkpt lat="50.6926482" lon="-2.7115380">
        <ele>14</ele>
        <time>2023-03-27T11:57:50.000Z</time>
        <speed>1.153</speed>
      </trkpt>
      <trkpt lat="50.6926296" lon="-2.7114376">
        <ele>14</ele>
        <time>2023-03-27T11:57:55.000Z</time>
        <speed>1.175</speed>
      </trkpt>
      <trkpt lat="50.6926094" lon="-2.7113496">
        <ele>13</ele>
        <time>2023-03-27T11:58:00.000Z</time>
        <speed>1.189</speed>
      </trkpt>
      <trkpt lat="50.6925876" lon="-2.7112575">
        <ele>13</ele>
        <time>2023-03-27T11:58:05.000Z</time>
        <speed>1.222</speed>
      </trkpt>
      <trkpt lat="50.6925663" lon="-2.7111671">
        <ele>13</ele>
        <time>2023-03-27T11:58:10.000Z</time>
        <speed>1.239</speed>
      </trkpt>
      <trkpt lat="50.6925446" lon="-2.7110742">
        <ele>13</ele>
        <time>2023-03-27T11:58:15.000Z</time>
        <speed>1.236</speed>
      </trkpt>
      <trkpt lat="50.6925212" lon="-2.7109861">
        <ele>13</ele>
        <time>2023-03-27T11:58:20.000Z</time>
        <speed>1.231</speed>
      </trkpt>
      <trkpt lat="50.6924945" lon="-2.7109021">
        <ele>13</ele>
        <time>2023-03-27T11:58:25.000Z</time>
        <speed>1.231</speed>
      </trkpt>
      <trkpt lat="50.6924646" lon="-2.7108178">
        <ele>13</ele>
        <time>2023-03-27T11:58:30.000Z</time>
        <speed>1.244</speed>
      </trkpt>
      <trkpt lat="50.6924311" lon="-2.7107415">
        <ele>13</ele>
        <time>2023-03-27T11:58:35.000Z</time>
        <speed>1.264</speed>
      </trkpt>
      <trkpt lat="50.6923991" lon="-2.7106664">
        <ele>13</ele>
        <time>2023-03-27T11:58:40.000Z</time>
        <speed>1.281</speed>
      </trkpt>
      <trkpt lat="50.6923694" lon="-2.7105959">
        <ele>13</ele>
        <time>2023-03-27T11:58:45.000Z</time>
        <speed>1.281</speed>
      </trkpt>
      <trkpt lat="50.6923348" lon="-2.7105143">
        <ele>12</ele>
        <time>2023-03-27T11:58:50.000Z</time>
        <speed>1.281</speed>
      </trkpt>
      <trkpt lat="50.6923085" lon="-2.7104280">
        <ele>12</ele>
        <time>2023-03-27T11:58:55.000Z</time>
        <speed>1.286</speed>
      </trkpt>
      <trkpt lat="50.6922814" lon="-2.7103454">
        <ele>12</ele>
        <time>2023-03-27T11:59:00.000Z</time>
        <speed>1.289</speed>
      </trkpt>
      <trkpt lat="50.6922531" lon="-2.7102619">
        <ele>11</ele>
        <time>2023-03-27T11:59:05.000Z</time>
        <speed>1.289</speed>
      </trkpt>
      <trkpt lat="50.6922175" lon="-2.7101798">
        <ele>11</ele>
        <time>2023-03-27T11:59:10.000Z</time>
        <speed>1.292</speed>
      </trkpt>
      <trkpt lat="50.6921783" lon="-2.7101109">
        <ele>11</ele>
        <time>2023-03-27T11:59:15.000Z</time>
        <speed>1.292</speed>
      </trkpt>
      <trkpt lat="50.6921320" lon="-2.7100524">
        <ele>10</ele>
        <time>2023-03-27T11:59:20.000Z</time>
        <speed>1.283</speed>
      </trkpt>
      <trkpt lat="50.6920858" lon="-2.7100001">
        <ele>10</ele>
        <time>2023-03-27T11:59:25.000Z</time>
        <speed>1.286</speed>
      </trkpt>
      <trkpt lat="50.6920519" lon="-2.7099230">
        <ele>9</ele>
        <time>2023-03-27T11:59:30.000Z</time>
        <speed>1.294</speed>
      </trkpt>
      <trkpt lat="50.6920252" lon="-2.7098467">
        <ele>9</ele>
        <time>2023-03-27T11:59:35.000Z</time>
        <speed>1.300</speed>
      </trkpt>
      <trkpt lat="50.6920048" lon="-2.7097649">
        <ele>9</ele>
        <time>2023-03-27T11:59:40.000Z</time>
        <speed>1.292</speed>
      </trkpt>
      <trkpt lat="50.6919807" lon="-2.7096790">
        <ele>9</ele>
        <time>2023-03-27T11:59:45.000Z</time>
        <speed>1.278</speed>
      </trkpt>
      <trkpt lat="50.6919573" lon="-2.7095962">
        <ele>8</ele>
        <time>2023-03-27T11:59:50.000Z</time>
        <speed>1.258</speed>
      </trkpt>
      <trkpt lat="50.6919445" lon="-2.7095076">
        <ele>8</ele>
        <time>2023-03-27T11:59:55.000Z</time>
        <speed>1.233</speed>
      </trkpt>
      <trkpt lat="50.6919385" lon="-2.7094142">
        <ele>8</ele>
        <time>2023-03-27T12:00:00.000Z</time>
        <speed>1.217</speed>
      </trkpt>
      <trkpt lat="50.6919294" lon="-2.7093251">
        <ele>8</ele>
        <time>2023-03-27T12:00:05.000Z</time>
        <speed>1.211</speed>
      </trkpt>
      <trkpt lat="50.6919152" lon="-2.7092315">
        <ele>8</ele>
        <time>2023-03-27T12:00:10.000Z</time>
        <speed>1.217</speed>
      </trkpt>
      <trkpt lat="50.6919005" lon="-2.7091407">
        <ele>8</ele>
        <time>2023-03-27T12:00:15.000Z</time>
        <speed>1.225</speed>
      </trkpt>
      <trkpt lat="50.6918878" lon="-2.7090485">
        <ele>8</ele>
        <time>2023-03-27T12:00:20.000Z</time>
        <speed>1.233</speed>
      </trkpt>
      <trkpt lat="50.6918785" lon="-2.7089570">
        <ele>8</ele>
        <time>2023-03-27T12:00:25.000Z</time>
        <speed>1.233</speed>
      </trkpt>
      <trkpt lat="50.6918683" lon="-2.7088594">
        <ele>8</ele>
        <time>2023-03-27T12:00:30.000Z</time>
        <speed>1.236</speed>
      </trkpt>
      <trkpt lat="50.6918498" lon="-2.7087777">
        <ele>7</ele>
        <time>2023-03-27T12:00:35.000Z</time>
        <speed>1.250</speed>
      </trkpt>
      <trkpt lat="50.6918336" lon="-2.7086970">
        <ele>7</ele>
        <time>2023-03-27T12:00:40.000Z</time>
        <speed>1.267</speed>
      </trkpt>
      <trkpt lat="50.6918147" lon="-2.7086132">
        <ele>7</ele>
        <time>2023-03-27T12:00:45.000Z</time>
        <speed>1.261</speed>
      </trkpt>
      <trkpt lat="50.6917962" lon="-2.7085291">
        <ele>7</ele>
        <time>2023-03-27T12:00:50.000Z</time>
        <speed>1.244</speed>
      </trkpt>
      <trkpt lat="50.6917776" lon="-2.7084464">
        <ele>7</ele>
        <time>2023-03-27T12:00:55.000Z</time>
        <speed>1.228</speed>
      </trkpt>
      <trkpt lat="50.6917541" lon="-2.7083602">
        <ele>7</ele>
        <time>2023-03-27T12:01:00.000Z</time>
        <speed>1.222</speed>
      </trkpt>
      <trkpt lat="50.6917336" lon="-2.7082757">
        <ele>7</ele>
        <time>2023-03-27T12:01:05.000Z</time>
        <speed>1.236</speed>
      </trkpt>
      <trkpt lat="50.6917097" lon="-2.7081969">
        <ele>7</ele>
        <time>2023-03-27T12:01:10.000Z</time>
        <speed>1.253</speed>
      </trkpt>
      <trkpt lat="50.6916929" lon="-2.7081127">
        <ele>7</ele>
        <time>2023-03-27T12:01:15.000Z</time>
        <speed>1.258</speed>
      </trkpt>
      <trkpt lat="50.6916795" lon="-2.7080251">
        <ele>7</ele>
        <time>2023-03-27T12:01:20.000Z</time>
        <speed>1.253</speed>
      </trkpt>
      <trkpt lat="50.6916545" lon="-2.7079452">
        <ele>7</ele>
        <time>2023-03-27T12:01:25.000Z</time>
        <speed>1.247</speed>
      </trkpt>
      <trkpt lat="50.6916305" lon="-2.7078824">
        <ele>7</ele>
        <time>2023-03-27T12:01:30.000Z</time>
        <speed>1.233</speed>
      </trkpt>
      <trkpt lat="50.6916217" lon="-2.7078045">
        <ele>7</ele>
        <time>2023-03-27T12:01:35.000Z</time>
        <speed>1.203</speed>
      </trkpt>
      <trkpt lat="50.6916126" lon="-2.7077229">
        <ele>7</ele>
        <time>2023-03-27T12:01:40.000Z</time>
        <speed>1.183</speed>
      </trkpt>
      <trkpt lat="50.6916000" lon="-2.7076385">
        <ele>7</ele>
        <time>2023-03-27T12:01:45.000Z</time>
        <speed>1.186</speed>
      </trkpt>
      <trkpt lat="50.6915785" lon="-2.7075547">
        <ele>7</ele>
        <time>2023-03-27T12:01:50.000Z</time>
        <speed>1.214</speed>
      </trkpt>
      <trkpt lat="50.6915476" lon="-2.7074772">
        <ele>7</ele>
        <time>2023-03-27T12:01:55.000Z</time>
        <speed>1.244</speed>
      </trkpt>
      <trkpt lat="50.6915209" lon="-2.7073950">
        <ele>7</ele>
        <time>2023-03-27T12:02:00.000Z</time>
        <speed>1.261</speed>
      </trkpt>
      <trkpt lat="50.6914961" lon="-2.7073160">
        <ele>6</ele>
        <time>2023-03-27T12:02:05.000Z</time>
        <speed>1.261</speed>
      </trkpt>
      <trkpt lat="50.6914725" lon="-2.7072380">
        <ele>6</ele>
        <time>2023-03-27T12:02:10.000Z</time>
        <speed>1.256</speed>
      </trkpt>
      <trkpt lat="50.6914557" lon="-2.7071557">
        <ele>6</ele>
        <time>2023-03-27T12:02:15.000Z</time>
        <speed>1.247</speed>
      </trkpt>
      <trkpt lat="50.6914344" lon="-2.7070739">
        <ele>6</ele>
        <time>2023-03-27T12:02:20.000Z</time>
        <speed>1.239</speed>
      </trkpt>
      <trkpt lat="50.6914060" lon="-2.7069998">
        <ele>6</ele>
        <time>2023-03-27T12:02:25.000Z</time>
        <speed>1.231</speed>
      </trkpt>
      <trkpt lat="50.6913737" lon="-2.7069379">
        <ele>6</ele>
        <time>2023-03-27T12:02:30.000Z</time>
        <speed>1.222</speed>
      </trkpt>
      <trkpt lat="50.6913319" lon="-2.7068777">
        <ele>6</ele>
        <time>2023-03-27T12:02:35.000Z</time>
        <speed>1.219</speed>
      </trkpt>
      <trkpt lat="50.6912889" lon="-2.7068342">
        <ele>6</ele>
        <time>2023-03-27T12:02:40.000Z</time>
        <speed>1.228</speed>
      </trkpt>
      <trkpt lat="50.6912549" lon="-2.7067865">
        <ele>6</ele>
        <time>2023-03-27T12:02:45.000Z</time>
        <speed>1.239</speed>
      </trkpt>
      <trkpt lat="50.6912286" lon="-2.7067222">
        <ele>6</ele>
        <time>2023-03-27T12:02:50.000Z</time>
        <speed>1.233</speed>
      </trkpt>
      <trkpt lat="50.6912082" lon="-2.7066555">
        <ele>6</ele>
        <time>2023-03-27T12:02:55.000Z</time>
        <speed>1.206</speed>
      </trkpt>
      <trkpt lat="50.6911900" lon="-2.7065877">
        <ele>6</ele>
        <time>2023-03-27T12:03:00.000Z</time>
        <speed>1.178</speed>
      </trkpt>
      <trkpt lat="50.6911751" lon="-2.7065163">
        <ele>6</ele>
        <time>2023-03-27T12:03:05.000Z</time>
        <speed>1.161</speed>
      </trkpt>
      <trkpt lat="50.6911591" lon="-2.7064404">
        <ele>6</ele>
        <time>2023-03-27T12:03:10.000Z</time>
        <speed>1.156</speed>
      </trkpt>
      <trkpt lat="50.6911431" lon="-2.7063603">
        <ele>6</ele>
        <time>2023-03-27T12:03:15.000Z</time>
        <speed>1.156</speed>
      </trkpt>
      <trkpt lat="50.6911340" lon="-2.7062736">
        <ele>6</ele>
        <time>2023-03-27T12:03:20.000Z</time>
        <speed>1.158</speed>
      </trkpt>
      <trkpt lat="50.6911179" lon="-2.7061839">
        <ele>6</ele>
        <time>2023-03-27T12:03:25.000Z</time>
        <speed>1.172</speed>
      </trkpt>
      <trkpt lat="50.6910962" lon="-2.7061100">
        <ele>6</ele>
        <time>2023-03-27T12:03:30.000Z</time>
        <speed>1.192</speed>
      </trkpt>
      <trkpt lat="50.6910853" lon="-2.7060407">
        <ele>6</ele>
        <time>2023-03-27T12:03:35.000Z</time>
        <speed>1.194</speed>
      </trkpt>
      <trkpt lat="50.6910682" lon="-2.7059850">
        <ele>6</ele>
        <time>2023-03-27T12:03:40.000Z</time>
        <speed>1.167</speed>
      </trkpt>
      <trkpt lat="50.6910441" lon="-2.7059235">
        <ele>6</ele>
        <time>2023-03-27T12:03:45.000Z</time>
        <speed>1.133</speed>
      </trkpt>
      <trkpt lat="50.6910221" lon="-2.7058550">
        <ele>6</ele>
        <time>2023-03-27T12:03:50.000Z</time>
        <speed>1.119</speed>
      </trkpt>
      <trkpt lat="50.6910003" lon="-2.7057897">
        <ele>6</ele>
        <time>2023-03-27T12:03:55.000Z</time>
        <speed>1.119</speed>
      </trkpt>
      <trkpt lat="50.6909805" lon="-2.7057242">
        <ele>6</ele>
        <time>2023-03-27T12:04:00.000Z</time>
        <speed>1.125</speed>
      </trkpt>
      <trkpt lat="50.6909650" lon="-2.7056644">
        <ele>6</ele>
        <time>2023-03-27T12:04:05.000Z</time>
        <speed>1.117</speed>
      </trkpt>
      <trkpt lat="50.6909468" lon="-2.7056046">
        <ele>6</ele>
        <time>2023-03-27T12:04:10.000Z</time>
        <speed>1.100</speed>
      </trkpt>
      <trkpt lat="50.6909279" lon="-2.7055400">
        <ele>6</ele>
        <time>2023-03-27T12:04:15.000Z</time>
        <speed>1.092</speed>
      </trkpt>
      <trkpt lat="50.6909129" lon="-2.7054685">
        <ele>6</ele>
        <time>2023-03-27T12:04:20.000Z</time>
        <speed>1.100</speed>
      </trkpt>
      <trkpt lat="50.6909121" lon="-2.7053946">
        <ele>7</ele>
        <time>2023-03-27T12:04:25.000Z</time>
        <speed>1.111</speed>
      </trkpt>
      <trkpt lat="50.6909157" lon="-2.7053180">
        <ele>7</ele>
        <time>2023-03-27T12:04:30.000Z</time>
        <speed>1.119</speed>
      </trkpt>
      <trkpt lat="50.6909047" lon="-2.7052308">
        <ele>7</ele>
        <time>2023-03-27T12:04:35.000Z</time>
        <speed>1.136</speed>
      </trkpt>
      <trkpt lat="50.6908773" lon="-2.7051507">
        <ele>7</ele>
        <time>2023-03-27T12:04:40.000Z</time>
        <speed>1.161</speed>
      </trkpt>
      <trkpt lat="50.6908438" lon="-2.7050743">
        <ele>7</ele>
        <time>2023-03-27T12:04:45.000Z</time>
        <speed>1.186</speed>
      </trkpt>
      <trkpt lat="50.6908173" lon="-2.7049975">
        <ele>7</ele>
        <time>2023-03-27T12:04:50.000Z</time>
        <speed>1.208</speed>
      </trkpt>
      <trkpt lat="50.6907906" lon="-2.7049160">
        <ele>7</ele>
        <time>2023-03-27T12:04:55.000Z</time>
        <speed>1.222</speed>
      </trkpt>
      <trkpt lat="50.6907564" lon="-2.7048363">
        <ele>7</ele>
        <time>2023-03-27T12:05:00.000Z</time>
        <speed>1.228</speed>
      </trkpt>
      <trkpt lat="50.6907281" lon="-2.7047579">
        <ele>7</ele>
        <time>2023-03-27T12:05:05.000Z</time>
        <speed>1.225</speed>
      </trkpt>
      <trkpt lat="50.6906996" lon="-2.7046797">
        <ele>7</ele>
        <time>2023-03-27T12:05:10.000Z</time>
        <speed>1.225</speed>
      </trkpt>
      <trkpt lat="50.6906733" lon="-2.7045946">
        <ele>7</ele>
        <time>2023-03-27T12:05:15.000Z</time>
        <speed>1.217</speed>
      </trkpt>
      <trkpt lat="50.6906466" lon="-2.7045050">
        <ele>7</ele>
        <time>2023-03-27T12:05:20.000Z</time>
        <speed>1.214</speed>
      </trkpt>
      <trkpt lat="50.6906166" lon="-2.7044139">
        <ele>6</ele>
        <time>2023-03-27T12:05:25.000Z</time>
        <speed>1.225</speed>
      </trkpt>
      <trkpt lat="50.6905895" lon="-2.7043301">
        <ele>6</ele>
        <time>2023-03-27T12:05:30.000Z</time>
        <speed>1.244</speed>
      </trkpt>
      <trkpt lat="50.6905583" lon="-2.7042530">
        <ele>6</ele>
        <time>2023-03-27T12:05:35.000Z</time>
        <speed>1.258</speed>
      </trkpt>
      <trkpt lat="50.6905264" lon="-2.7041726">
        <ele>6</ele>
        <time>2023-03-27T12:05:40.000Z</time>
        <speed>1.261</speed>
      </trkpt>
      <trkpt lat="50.6904999" lon="-2.7040891">
        <ele>6</ele>
        <time>2023-03-27T12:05:45.000Z</time>
        <speed>1.267</speed>
      </trkpt>
      <trkpt lat="50.6904736" lon="-2.7040077">
        <ele>6</ele>
        <time>2023-03-27T12:05:50.000Z</time>
        <speed>1.278</speed>
      </trkpt>
      <trkpt lat="50.6904462" lon="-2.7039414">
        <ele>6</ele>
        <time>2023-03-27T12:06:03.000Z</time>
        <speed>0.000</speed>
      </trkpt>
      <trkpt lat="50.6904270" lon="-2.7038789">
        <ele>5</ele>
        <time>2023-03-27T12:06:08.000Z</time>
        <speed>0.508</speed>
      </trkpt>
      <trkpt lat="50.6903951" lon="-2.7038083">
        <ele>5</ele>
        <time>2023-03-27T12:06:13.000Z</time>
        <speed>1.081</speed>
      </trkpt>
      <trkpt lat="50.6903627" lon="-2.7037418">
        <ele>5</ele>
        <time>2023-03-27T12:06:18.000Z</time>
        <speed>1.081</speed>
      </trkpt>
      <trkpt lat="50.6903288" lon="-2.7036835">
        <ele>5</ele>
        <time>2023-03-27T12:06:23.000Z</time>
        <speed>1.072</speed>
      </trkpt>
      <trkpt lat="50.6902985" lon="-2.7036161">
        <ele>5</ele>
        <time>2023-03-27T12:06:28.000Z</time>
        <speed>1.083</speed>
      </trkpt>
      <trkpt lat="50.6902757" lon="-2.7035348">
        <ele>5</ele>
        <time>2023-03-27T12:06:33.000Z</time>
        <speed>1.125</speed>
      </trkpt>
      <trkpt lat="50.6902575" lon="-2.7034547">
        <ele>5</ele>
        <time>2023-03-27T12:06:38.000Z</time>
        <speed>1.133</speed>
      </trkpt>
      <trkpt lat="50.6902520" lon="-2.7033721">
        <ele>5</ele>
        <time>2023-03-27T12:06:43.000Z</time>
        <speed>1.131</speed>
      </trkpt>
      <trkpt lat="50.6902474" lon="-2.7032940">
        <ele>6</ele>
        <time>2023-03-27T12:06:48.000Z</time>
        <speed>1.122</speed>
      </trkpt>
      <trkpt lat="50.6902197" lon="-2.7032225">
        <ele>6</ele>
        <time>2023-03-27T12:06:53.000Z</time>
        <speed>1.097</speed>
      </trkpt>
      <trkpt lat="50.6901913" lon="-2.7031480">
        <ele>6</ele>
        <time>2023-03-27T12:06:58.000Z</time>
        <speed>1.094</speed>
      </trkpt>
      <trkpt lat="50.6901773" lon="-2.7030712">
        <ele>6</ele>
        <time>2023-03-27T12:07:03.000Z</time>
        <speed>1.092</speed>
      </trkpt>
      <trkpt lat="50.6901539" lon="-2.7030019">
        <ele>6</ele>
        <time>2023-03-27T12:07:08.000Z</time>
        <speed>1.083</speed>
      </trkpt>
      <trkpt lat="50.6901285" lon="-2.7029270">
        <ele>6</ele>
        <time>2023-03-27T12:07:13.000Z</time>
        <speed>1.058</speed>
      </trkpt>
      <trkpt lat="50.6901031" lon="-2.7028517">
        <ele>6</ele>
        <time>2023-03-27T12:07:18.000Z</time>
        <speed>1.056</speed>
      </trkpt>
      <trkpt lat="50.6900729" lon="-2.7027749">
        <ele>7</ele>
        <time>2023-03-27T12:07:23.000Z</time>
        <speed>1.072</speed>
      </trkpt>
      <trkpt lat="50.6900393" lon="-2.7026984">
        <ele>7</ele>
        <time>2023-03-27T12:07:28.000Z</time>
        <speed>1.089</speed>
      </trkpt>
      <trkpt lat="50.6900053" lon="-2.7026268">
        <ele>6</ele>
        <time>2023-03-27T12:07:33.000Z</time>
        <speed>1.136</speed>
      </trkpt>
      <trkpt lat="50.6899741" lon="-2.7025524">
        <ele>6</ele>
        <time>2023-03-27T12:07:38.000Z</time>
        <speed>1.144</speed>
      </trkpt>
      <trkpt lat="50.6899456" lon="-2.7024705">
        <ele>6</ele>
        <time>2023-03-27T12:07:43.000Z</time>
        <speed>1.169</speed>
      </trkpt>
      <trkpt lat="50.6899157" lon="-2.7023884">
        <ele>6</ele>
        <time>2023-03-27T12:07:48.000Z</time>
        <speed>1.175</speed>
      </trkpt>
      <trkpt lat="50.6898802" lon="-2.7023107">
        <ele>6</ele>
        <time>2023-03-27T12:07:53.000Z</time>
        <speed>1.197</speed>
      </trkpt>
      <trkpt lat="50.6898489" lon="-2.7022377">
        <ele>6</ele>
        <time>2023-03-27T12:07:58.000Z</time>
        <speed>1.203</speed>
      </trkpt>
      <trkpt lat="50.6898238" lon="-2.7021638">
        <ele>6</ele>
        <time>2023-03-27T12:08:03.000Z</time>
        <speed>1.211</speed>
      </trkpt>
      <trkpt lat="50.6897950" lon="-2.7020888">
        <ele>6</ele>
        <time>2023-03-27T12:08:08.000Z</time>
        <speed>1.206</speed>
      </trkpt>
      <trkpt lat="50.6897653" lon="-2.7020196">
        <ele>6</ele>
        <time>2023-03-27T12:08:13.000Z</time>
        <speed>1.189</speed>
      </trkpt>
      <trkpt lat="50.6897335" lon="-2.7019603">
        <ele>6</ele>
        <time>2023-03-27T12:08:18.000Z</time>
        <speed>1.186</speed>
      </trkpt>
      <trkpt lat="50.6897128" lon="-2.7019015">
        <ele>6</ele>
        <time>2023-03-27T12:08:23.000Z</time>
        <speed>1.175</speed>
      </trkpt>
      <trkpt lat="50.6897134" lon="-2.7018373">
        <ele>6</ele>
        <time>2023-03-27T12:08:28.000Z</time>
        <speed>1.158</speed>
      </trkpt>
      <trkpt lat="50.6897161" lon="-2.7017602">
        <ele>6</ele>
        <time>2023-03-27T12:08:33.000Z</time>
        <speed>1.103</speed>
      </trkpt>
      <trkpt lat="50.6896930" lon="-2.7016927">
        <ele>6</ele>
        <time>2023-03-27T12:08:38.000Z</time>
        <speed>1.089</speed>
      </trkpt>
      <trkpt lat="50.6896607" lon="-2.7016401">
        <ele>6</ele>
        <time>2023-03-27T12:08:43.000Z</time>
        <speed>1.078</speed>
      </trkpt>
      <trkpt lat="50.6896168" lon="-2.7016088">
        <ele>6</ele>
        <time>2023-03-27T12:08:48.000Z</time>
        <speed>1.078</speed>
      </trkpt>
      <trkpt lat="50.6895773" lon="-2.7015806">
        <ele>6</ele>
        <time>2023-03-27T12:08:53.000Z</time>
        <speed>1.081</speed>
      </trkpt>
      <trkpt lat="50.6895503" lon="-2.7015599">
        <ele>6</ele>
        <time>2023-03-27T12:09:08.000Z</time>
        <speed>0.000</speed>
      </trkpt>
      <trkpt lat="50.6895738" lon="-2.7015912">
        <ele>6</ele>
        <time>2023-03-27T12:09:13.000Z</time>
        <speed>0.000</speed>
      </trkpt>
      <trkpt lat="50.6896106" lon="-2.7016282">
        <ele>6</ele>
        <time>2023-03-27T12:09:18.000Z</time>
        <speed>0.000</speed>
      </trkpt>
      <trkpt lat="50.6896498" lon="-2.7016580">
        <ele>6</ele>
        <time>2023-03-27T12:09:23.000Z</time>
        <speed>1.019</speed>
      </trkpt>
      <trkpt lat="50.6896895" lon="-2.7017109">
        <ele>6</ele>
        <time>2023-03-27T12:09:28.000Z</time>
        <speed>1.106</speed>
      </trkpt>
      <trkpt lat="50.6897228" lon="-2.7017818">
        <ele>6</ele>
        <time>2023-03-27T12:09:33.000Z</time>
        <speed>1.133</speed>
      </trkpt>
      <trkpt lat="50.6897545" lon="-2.7018562">
        <ele>6</ele>
        <time>2023-03-27T12:09:38.000Z</time>
        <speed>1.153</speed>
      </trkpt>
      <trkpt lat="50.6897828" lon="-2.7019274">
        <ele>6</ele>
        <time>2023-03-27T12:09:43.000Z</time>
        <speed>1.136</speed>
      </trkpt>
      <trkpt lat="50.6898074" lon="-2.7020022">
        <ele>6</ele>
        <time>2023-03-27T12:09:48.000Z</time>
        <speed>1.117</speed>
      </trkpt>
      <trkpt lat="50.6898281" lon="-2.7020841">
        <ele>6</ele>
        <time>2023-03-27T12:09:53.000Z</time>
        <speed>1.114</speed>
      </trkpt>
      <trkpt lat="50.6898508" lon="-2.7021648">
        <ele>6</ele>
        <time>2023-03-27T12:09:58.000Z</time>
        <speed>1.125</speed>
      </trkpt>
      <trkpt lat="50.6898738" lon="-2.7022620">
        <ele>6</ele>
        <time>2023-03-27T12:10:03.000Z</time>
        <speed>1.161</speed>
      </trkpt>
      <trkpt lat="50.6899066" lon="-2.7023460">
        <ele>5</ele>
        <time>2023-03-27T12:10:08.000Z</time>
        <speed>1.197</speed>
      </trkpt>
      <trkpt lat="50.6899366" lon="-2.7024226">
        <ele>5</ele>
        <time>2023-03-27T12:10:13.000Z</time>
        <speed>1.208</speed>
      </trkpt>
      <trkpt lat="50.6899592" lon="-2.7025062">
        <ele>5</ele>
        <time>2023-03-27T12:10:18.000Z</time>
        <speed>1.203</speed>
      </trkpt>
      <trkpt lat="50.6899756" lon="-2.7025930">
        <ele>5</ele>
        <time>2023-03-27T12:10:23.000Z</time>
        <speed>1.194</speed>
      </trkpt>
      <trkpt lat="50.6899958" lon="-2.7026765">
        <ele>6</ele>
        <time>2023-03-27T12:10:28.000Z</time>
        <speed>1.183</speed>
      </trkpt>
      <trkpt lat="50.6900206" lon="-2.7027581">
        <ele>6</ele>
        <time>2023-03-27T12:10:33.000Z</time>
        <speed>1.178</speed>
      </trkpt>
      <trkpt lat="50.6900481" lon="-2.7028361">
        <ele>6</ele>
        <time>2023-03-27T12:10:38.000Z</time>
        <speed>1.189</speed>
      </trkpt>
      <trkpt lat="50.6900799" lon="-2.7029082">
        <ele>6</ele>
        <time>2023-03-27T12:10:43.000Z</time>
        <speed>1.203</speed>
      </trkpt>
      <trkpt lat="50.6901097" lon="-2.7029836">
        <ele>7</ele>
        <time>2023-03-27T12:10:48.000Z</time>
        <speed>1.200</speed>
      </trkpt>
      <trkpt lat="50.6901421" lon="-2.7030672">
        <ele>7</ele>
        <time>2023-03-27T12:10:53.000Z</time>
        <speed>1.200</speed>
      </trkpt>
      <trkpt lat="50.6901715" lon="-2.7031543">
        <ele>7</ele>
        <time>2023-03-27T12:10:58.000Z</time>
        <speed>1.217</speed>
      </trkpt>
      <trkpt lat="50.6902035" lon="-2.7032307">
        <ele>7</ele>
        <time>2023-03-27T12:11:03.000Z</time>
        <speed>1.242</speed>
      </trkpt>
      <trkpt lat="50.6902253" lon="-2.7033142">
        <ele>7</ele>
        <time>2023-03-27T12:11:08.000Z</time>
        <speed>1.258</speed>
      </trkpt>
      <trkpt lat="50.6902285" lon="-2.7034081">
        <ele>7</ele>
        <time>2023-03-27T12:11:13.000Z</time>
        <speed>1.261</speed>
      </trkpt>
      <trkpt lat="50.6902300" lon="-2.7034944">
        <ele>7</ele>
        <time>2023-03-27T12:11:18.000Z</time>
        <speed>1.258</speed>
      </trkpt>
      <trkpt lat="50.6902514" lon="-2.7035775">
        <ele>6</ele>
        <time>2023-03-27T12:11:23.000Z</time>
        <speed>1.256</speed>
      </trkpt>
      <trkpt lat="50.6902759" lon="-2.7036612">
        <ele>6</ele>
        <time>2023-03-27T12:11:28.000Z</time>
        <speed>1.258</speed>
      </trkpt>
      <trkpt lat="50.6903075" lon="-2.7037368">
        <ele>6</ele>
        <time>2023-03-27T12:11:33.000Z</time>
        <speed>1.264</speed>
      </trkpt>
      <trkpt lat="50.6903444" lon="-2.7038124">
        <ele>6</ele>
        <time>2023-03-27T12:11:38.000Z</time>
        <speed>1.267</speed>
      </trkpt>
      <trkpt lat="50.6903813" lon="-2.7038901">
        <ele>6</ele>
        <time>2023-03-27T12:11:43.000Z</time>
        <speed>1.272</speed>
      </trkpt>
      <trkpt lat="50.6904177" lon="-2.7039711">
        <ele>6</ele>
        <time>2023-03-27T12:11:48.000Z</time>
        <speed>1.292</speed>
      </trkpt>
      <trkpt lat="50.6904484" lon="-2.7040500">
        <ele>6</ele>
        <time>2023-03-27T12:11:53.000Z</time>
        <speed>1.314</speed>
      </trkpt>
      <trkpt lat="50.6904720" lon="-2.7041369">
        <ele>6</ele>
        <time>2023-03-27T12:11:58.000Z</time>
        <speed>1.319</speed>
      </trkpt>
      <trkpt lat="50.6904949" lon="-2.7042251">
        <ele>6</ele>
        <time>2023-03-27T12:12:03.000Z</time>
        <speed>1.314</speed>
      </trkpt>
      <trkpt lat="50.6905188" lon="-2.7043080">
        <ele>6</ele>
        <time>2023-03-27T12:12:08.000Z</time>
        <speed>1.300</speed>
      </trkpt>
      <trkpt lat="50.6905455" lon="-2.7043958">
        <ele>6</ele>
        <time>2023-03-27T12:12:13.000Z</time>
        <speed>1.289</speed>
      </trkpt>
      <trkpt lat="50.6905717" lon="-2.7044804">
        <ele>6</ele>
        <time>2023-03-27T12:12:18.000Z</time>
        <speed>1.292</speed>
      </trkpt>
      <trkpt lat="50.6905971" lon="-2.7045674">
        <ele>6</ele>
        <time>2023-03-27T12:12:23.000Z</time>
        <speed>1.311</speed>
      </trkpt>
      <trkpt lat="50.6906260" lon="-2.7046542">
        <ele>6</ele>
        <time>2023-03-27T12:12:28.000Z</time>
        <speed>1.325</speed>
      </trkpt>
      <trkpt lat="50.6906527" lon="-2.7047315">
        <ele>6</ele>
        <time>2023-03-27T12:12:33.000Z</time>
        <speed>1.325</speed>
      </trkpt>
      <trkpt lat="50.6906759" lon="-2.7048189">
        <ele>6</ele>
        <time>2023-03-27T12:12:38.000Z</time>
        <speed>1.325</speed>
      </trkpt>
      <trkpt lat="50.6907032" lon="-2.7049030">
        <ele>6</ele>
        <time>2023-03-27T12:12:43.000Z</time>
        <speed>1.336</speed>
      </trkpt>
      <trkpt lat="50.6907401" lon="-2.7049723">
        <ele>6</ele>
        <time>2023-03-27T12:12:48.000Z</time>
        <speed>1.353</speed>
      </trkpt>
      <trkpt lat="50.6907756" lon="-2.7050427">
        <ele>6</ele>
        <time>2023-03-27T12:12:53.000Z</time>
        <speed>1.353</speed>
      </trkpt>
      <trkpt lat="50.6908088" lon="-2.7051183">
        <ele>6</ele>
        <time>2023-03-27T12:12:58.000Z</time>
        <speed>1.331</speed>
      </trkpt>
      <trkpt lat="50.6908377" lon="-2.7051955">
        <ele>6</ele>
        <time>2023-03-27T12:13:03.000Z</time>
        <speed>1.294</speed>
      </trkpt>
      <trkpt lat="50.6908640" lon="-2.7052805">
        <ele>6</ele>
        <time>2023-03-27T12:13:08.000Z</time>
        <speed>1.275</speed>
      </trkpt>
      <trkpt lat="50.6908904" lon="-2.7053615">
        <ele>6</ele>
        <time>2023-03-27T12:13:13.000Z</time>
        <speed>1.275</speed>
      </trkpt>
      <trkpt lat="50.6909221" lon="-2.7054278">
        <ele>6</ele>
        <time>2023-03-27T12:13:18.000Z</time>
        <speed>1.272</speed>
      </trkpt>
      <trkpt lat="50.6909519" lon="-2.7055032">
        <ele>7</ele>
        <time>2023-03-27T12:13:23.000Z</time>
        <speed>1.267</speed>
      </trkpt>
      <trkpt lat="50.6909800" lon="-2.7055727">
        <ele>7</ele>
        <time>2023-03-27T12:13:28.000Z</time>
        <speed>1.256</speed>
      </trkpt>
      <trkpt lat="50.6910041" lon="-2.7056491">
        <ele>7</ele>
        <time>2023-03-27T12:13:33.000Z</time>
        <speed>1.244</speed>
      </trkpt>
      <trkpt lat="50.6910279" lon="-2.7057368">
        <ele>7</ele>
        <time>2023-03-27T12:13:38.000Z</time>
        <speed>1.244</speed>
      </trkpt>
      <trkpt lat="50.6910509" lon="-2.7058223">
        <ele>7</ele>
        <time>2023-03-27T12:13:43.000Z</time>
        <speed>1.267</speed>
      </trkpt>
      <trkpt lat="50.6910749" lon="-2.7059047">
        <ele>7</ele>
        <time>2023-03-27T12:13:48.000Z</time>
        <speed>1.297</speed>
      </trkpt>
      <trkpt lat="50.6910921" lon="-2.7059938">
        <ele>7</ele>
        <time>2023-03-27T12:13:53.000Z</time>
        <speed>1.303</speed>
      </trkpt>
      <trkpt lat="50.6911100" lon="-2.7060793">
        <ele>7</ele>
        <time>2023-03-27T12:13:58.000Z</time>
        <speed>1.289</speed>
      </trkpt>
      <trkpt lat="50.6911282" lon="-2.7061566">
        <ele>7</ele>
        <time>2023-03-27T12:14:03.000Z</time>
        <speed>1.275</speed>
      </trkpt>
      <trkpt lat="50.6911361" lon="-2.7062391">
        <ele>7</ele>
        <time>2023-03-27T12:14:08.000Z</time>
        <speed>1.261</speed>
      </trkpt>
      <trkpt lat="50.6911467" lon="-2.7063207">
        <ele>7</ele>
        <time>2023-03-27T12:14:13.000Z</time>
        <speed>1.236</speed>
      </trkpt>
      <trkpt lat="50.6911560" lon="-2.7064057">
        <ele>7</ele>
        <time>2023-03-27T12:14:18.000Z</time>
        <speed>1.208</speed>
      </trkpt>
      <trkpt lat="50.6911683" lon="-2.7064931">
        <ele>7</ele>
        <time>2023-03-27T12:14:23.000Z</time>
        <speed>1.194</speed>
      </trkpt>
      <trkpt lat="50.6911725" lon="-2.7065760">
        <ele>7</ele>
        <time>2023-03-27T12:14:28.000Z</time>
        <speed>1.206</speed>
      </trkpt>
      <trkpt lat="50.6911766" lon="-2.7066449">
        <ele>7</ele>
        <time>2023-03-27T12:14:33.000Z</time>
        <speed>1.211</speed>
      </trkpt>
      <trkpt lat="50.6911949" lon="-2.7067209">
        <ele>7</ele>
        <time>2023-03-27T12:14:38.000Z</time>
        <speed>1.214</speed>
      </trkpt>
      <trkpt lat="50.6912159" lon="-2.7067920">
        <ele>7</ele>
        <time>2023-03-27T12:14:43.000Z</time>
        <speed>1.214</speed>
      </trkpt>
      <trkpt lat="50.6912457" lon="-2.7068547">
        <ele>7</ele>
        <time>2023-03-27T12:14:48.000Z</time>
        <speed>1.222</speed>
      </trkpt>
      <trkpt lat="50.6912851" lon="-2.7069112">
        <ele>7</ele>
        <time>2023-03-27T12:14:53.000Z</time>
        <speed>1.228</speed>
      </trkpt>
      <trkpt lat="50.6913252" lon="-2.7069630">
        <ele>7</ele>
        <time>2023-03-27T12:14:58.000Z</time>
        <speed>1.228</speed>
      </trkpt>
      <trkpt lat="50.6913699" lon="-2.7070197">
        <ele>7</ele>
        <time>2023-03-27T12:15:03.000Z</time>
        <speed>1.231</speed>
      </trkpt>
      <trkpt lat="50.6914110" lon="-2.7070995">
        <ele>7</ele>
        <time>2023-03-27T12:15:08.000Z</time>
        <speed>1.239</speed>
      </trkpt>
      <trkpt lat="50.6914329" lon="-2.7071890">
        <ele>7</ele>
        <time>2023-03-27T12:15:13.000Z</time>
        <speed>1.250</speed>
      </trkpt>
      <trkpt lat="50.6914541" lon="-2.7072814">
        <ele>7</ele>
        <time>2023-03-27T12:15:18.000Z</time>
        <speed>1.272</speed>
      </trkpt>
      <trkpt lat="50.6914787" lon="-2.7073646">
        <ele>7</ele>
        <time>2023-03-27T12:15:23.000Z</time>
        <speed>1.289</speed>
      </trkpt>
      <trkpt lat="50.6915053" lon="-2.7074479">
        <ele>6</ele>
        <time>2023-03-27T12:15:28.000Z</time>
        <speed>1.306</speed>
      </trkpt>
      <trkpt lat="50.6915278" lon="-2.7075115">
        <ele>6</ele>
        <time>2023-03-27T12:15:33.000Z</time>
        <speed>1.306</speed>
      </trkpt>
      <trkpt lat="50.6915516" lon="-2.7075792">
        <ele>6</ele>
        <time>2023-03-27T12:15:38.000Z</time>
        <speed>1.292</speed>
      </trkpt>
      <trkpt lat="50.6915799" lon="-2.7076577">
        <ele>6</ele>
        <time>2023-03-27T12:15:43.000Z</time>
        <speed>1.269</speed>
      </trkpt>
      <trkpt lat="50.6916009" lon="-2.7077391">
        <ele>6</ele>
        <time>2023-03-27T12:15:48.000Z</time>
        <speed>1.250</speed>
      </trkpt>
      <trkpt lat="50.6916223" lon="-2.7078221">
        <ele>7</ele>
        <time>2023-03-27T12:15:53.000Z</time>
        <speed>1.233</speed>
      </trkpt>
      <trkpt lat="50.6916402" lon="-2.7078902">
        <ele>7</ele>
        <time>2023-03-27T12:15:58.000Z</time>
        <speed>1.217</speed>
      </trkpt>
      <trkpt lat="50.6916638" lon="-2.7079504">
        <ele>7</ele>
        <time>2023-03-27T12:16:03.000Z</time>
        <speed>1.189</speed>
      </trkpt>
      <trkpt lat="50.6916826" lon="-2.7080154">
        <ele>7</ele>
        <time>2023-03-27T12:16:08.000Z</time>
        <speed>1.153</speed>
      </trkpt>
      <trkpt lat="50.6916996" lon="-2.7080904">
        <ele>7</ele>
        <time>2023-03-27T12:16:13.000Z</time>
        <speed>1.119</speed>
      </trkpt>
      <trkpt lat="50.6917060" lon="-2.7081741">
        <ele>7</ele>
        <time>2023-03-27T12:16:18.000Z</time>
        <speed>1.114</speed>
      </trkpt>
      <trkpt lat="50.6917192" lon="-2.7082647">
        <ele>7</ele>
        <time>2023-03-27T12:16:23.000Z</time>
        <speed>1.131</speed>
      </trkpt>
      <trkpt lat="50.6917388" lon="-2.7083509">
        <ele>7</ele>
        <time>2023-03-27T12:16:28.000Z</time>
        <speed>1.147</speed>
      </trkpt>
      <trkpt lat="50.6917538" lon="-2.7084481">
        <ele>7</ele>
        <time>2023-03-27T12:16:33.000Z</time>
        <speed>1.158</speed>
      </trkpt>
      <trkpt lat="50.6917730" lon="-2.7085289">
        <ele>7</ele>
        <time>2023-03-27T12:16:38.000Z</time>
        <speed>1.167</speed>
      </trkpt>
      <trkpt lat="50.6917957" lon="-2.7086080">
        <ele>7</ele>
        <time>2023-03-27T12:16:43.000Z</time>
        <speed>1.178</speed>
      </trkpt>
      <trkpt lat="50.6918193" lon="-2.7086748">
        <ele>7</ele>
        <time>2023-03-27T12:17:02.000Z</time>
        <speed>0.000</speed>
      </trkpt>
      <trkpt lat="50.6918336" lon="-2.7087229">
        <ele>7</ele>
        <time>2023-03-27T12:17:07.000Z</time>
        <speed>0.000</speed>
      </trkpt>
      <trkpt lat="50.6918383" lon="-2.7088090">
        <ele>7</ele>
        <time>2023-03-27T12:17:12.000Z</time>
        <speed>1.050</speed>
      </trkpt>
      <trkpt lat="50.6918484" lon="-2.7089017">
        <ele>7</ele>
        <time>2023-03-27T12:17:17.000Z</time>
        <speed>1.081</speed>
      </trkpt>
      <trkpt lat="50.6918711" lon="-2.7089845">
        <ele>7</ele>
        <time>2023-03-27T12:17:22.000Z</time>
        <speed>1.117</speed>
      </trkpt>
      <trkpt lat="50.6918885" lon="-2.7090692">
        <ele>7</ele>
        <time>2023-03-27T12:17:27.000Z</time>
        <speed>1.164</speed>
      </trkpt>
      <trkpt lat="50.6919016" lon="-2.7091607">
        <ele>7</ele>
        <time>2023-03-27T12:17:32.000Z</time>
        <speed>1.206</speed>
      </trkpt>
      <trkpt lat="50.6919117" lon="-2.7092512">
        <ele>7</ele>
        <time>2023-03-27T12:17:37.000Z</time>
        <speed>1.217</speed>
      </trkpt>
      <trkpt lat="50.6919217" lon="-2.7093434">
        <ele>7</ele>
        <time>2023-03-27T12:17:42.000Z</time>
        <speed>1.217</speed>
      </trkpt>
      <trkpt lat="50.6919359" lon="-2.7094385">
        <ele>7</ele>
        <time>2023-03-27T12:17:47.000Z</time>
        <speed>1.211</speed>
      </trkpt>
      <trkpt lat="50.6919458" lon="-2.7095390">
        <ele>7</ele>
        <time>2023-03-27T12:17:52.000Z</time>
        <speed>1.214</speed>
      </trkpt>
      <trkpt lat="50.6919516" lon="-2.7096356">
        <ele>7</ele>
        <time>2023-03-27T12:17:57.000Z</time>
        <speed>1.247</speed>
      </trkpt>
      <trkpt lat="50.6919634" lon="-2.7097323">
        <ele>7</ele>
        <time>2023-03-27T12:18:02.000Z</time>
        <speed>1.258</speed>
      </trkpt>
      <trkpt lat="50.6919846" lon="-2.7098191">
        <ele>7</ele>
        <time>2023-03-27T12:18:07.000Z</time>
        <speed>1.267</speed>
      </trkpt>
      <trkpt lat="50.6920113" lon="-2.7098958">
        <ele>7</ele>
        <time>2023-03-27T12:18:12.000Z</time>
        <speed>1.261</speed>
      </trkpt>
      <trkpt lat="50.6920405" lon="-2.7099646">
        <ele>7</ele>
        <time>2023-03-27T12:18:17.000Z</time>
        <speed>1.228</speed>
      </trkpt>
      <trkpt lat="50.6920746" lon="-2.7100317">
        <ele>8</ele>
        <time>2023-03-27T12:18:22.000Z</time>
        <speed>1.214</speed>
      </trkpt>
      <trkpt lat="50.6921133" lon="-2.7100928">
        <ele>8</ele>
        <time>2023-03-27T12:18:27.000Z</time>
        <speed>1.186</speed>
      </trkpt>
      <trkpt lat="50.6921565" lon="-2.7101487">
        <ele>8</ele>
        <time>2023-03-27T12:18:32.000Z</time>
        <speed>1.183</speed>
      </trkpt>
      <trkpt lat="50.6921908" lon="-2.7102062">
        <ele>8</ele>
        <time>2023-03-27T12:18:37.000Z</time>
        <speed>1.175</speed>
      </trkpt>
      <trkpt lat="50.6922239" lon="-2.7102702">
        <ele>9</ele>
        <time>2023-03-27T12:18:42.000Z</time>
        <speed>1.167</speed>
      </trkpt>
      <trkpt lat="50.6922596" lon="-2.7103430">
        <ele>9</ele>
        <time>2023-03-27T12:18:47.000Z</time>
        <speed>1.144</speed>
      </trkpt>
      <trkpt lat="50.6922869" lon="-2.7104137">
        <ele>9</ele>
        <time>2023-03-27T12:18:52.000Z</time>
        <speed>1.139</speed>
      </trkpt>
      <trkpt lat="50.6923151" lon="-2.7104846">
        <ele>10</ele>
        <time>2023-03-27T12:18:57.000Z</time>
        <speed>1.128</speed>
      </trkpt>
      <trkpt lat="50.6923462" lon="-2.7105547">
        <ele>10</ele>
        <time>2023-03-27T12:19:02.000Z</time>
        <speed>1.125</speed>
      </trkpt>
      <trkpt lat="50.6923786" lon="-2.7106297">
        <ele>10</ele>
        <time>2023-03-27T12:19:07.000Z</time>
        <speed>1.142</speed>
      </trkpt>
      <trkpt lat="50.6924033" lon="-2.7107106">
        <ele>11</ele>
        <time>2023-03-27T12:19:12.000Z</time>
        <speed>1.153</speed>
      </trkpt>
      <trkpt lat="50.6924210" lon="-2.7107975">
        <ele>11</ele>
        <time>2023-03-27T12:19:17.000Z</time>
        <speed>1.189</speed>
      </trkpt>
      <trkpt lat="50.6924453" lon="-2.7108812">
        <ele>12</ele>
        <time>2023-03-27T12:19:22.000Z</time>
        <speed>1.194</speed>
      </trkpt>
      <trkpt lat="50.6924685" lon="-2.7109651">
        <ele>12</ele>
        <time>2023-03-27T12:19:27.000Z</time>
        <speed>1.222</speed>
      </trkpt>
      <trkpt lat="50.6924868" lon="-2.7110559">
        <ele>12</ele>
        <time>2023-03-27T12:19:32.000Z</time>
        <speed>1.225</speed>
      </trkpt>
      <trkpt lat="50.6925087" lon="-2.7111440">
        <ele>12</ele>
        <time>2023-03-27T12:19:37.000Z</time>
        <speed>1.231</speed>
      </trkpt>
      <trkpt lat="50.6925334" lon="-2.7112274">
        <ele>12</ele>
        <time>2023-03-27T12:19:42.000Z</time>
        <speed>1.236</speed>
      </trkpt>
      <trkpt lat="50.6925586" lon="-2.7113195">
        <ele>13</ele>
        <time>2023-03-27T12:19:47.000Z</time>
        <speed>1.264</speed>
      </trkpt>
      <trkpt lat="50.6925795" lon="-2.7114062">
        <ele>13</ele>
        <time>2023-03-27T12:19:52.000Z</time>
        <speed>1.272</speed>
      </trkpt>
      <trkpt lat="50.6925991" lon="-2.7114952">
        <ele>13</ele>
        <time>2023-03-27T12:19:57.000Z</time>
        <speed>1.286</speed>
      </trkpt>
      <trkpt lat="50.6926233" lon="-2.7115790">
        <ele>13</ele>
        <time>2023-03-27T12:20:02.000Z</time>
        <speed>1.286</speed>
      </trkpt>
      <trkpt lat="50.6926461" lon="-2.7116644">
        <ele>13</ele>
        <time>2023-03-27T12:20:07.000Z</time>
        <speed>1.289</speed>
      </trkpt>
      <trkpt lat="50.6926709" lon="-2.7117520">
        <ele>13</ele>
        <time>2023-03-27T12:20:12.000Z</time>
        <speed>1.289</speed>
      </trkpt>
      <trkpt lat="50.6926954" lon="-2.7118380">
        <ele>13</ele>
        <time>2023-03-27T12:20:17.000Z</time>
        <speed>1.297</speed>
      </trkpt>
      <trkpt lat="50.6927188" lon="-2.7119181">
        <ele>13</ele>
        <time>2023-03-27T12:20:22.000Z</time>
        <speed>1.294</speed>
      </trkpt>
      <trkpt lat="50.6927497" lon="-2.7119924">
        <ele>13</ele>
        <time>2023-03-27T12:20:27.000Z</time>
        <speed>1.278</speed>
      </trkpt>
      <trkpt lat="50.6927839" lon="-2.7120690">
        <ele>13</ele>
        <time>2023-03-27T12:20:32.000Z</time>
        <speed>1.267</speed>
      </trkpt>
      <trkpt lat="50.6928153" lon="-2.7121491">
        <ele>13</ele>
        <time>2023-03-27T12:20:37.000Z</time>
        <speed>1.247</speed>
      </trkpt>
      <trkpt lat="50.6928457" lon="-2.7122288">
        <ele>13</ele>
        <time>2023-03-27T12:20:42.000Z</time>
        <speed>1.256</speed>
      </trkpt>
      <trkpt lat="50.6928796" lon="-2.7123080">
        <ele>14</ele>
        <time>2023-03-27T12:20:47.000Z</time>
        <speed>1.286</speed>
      </trkpt>
      <trkpt lat="50.6929231" lon="-2.7123841">
        <ele>14</ele>
        <time>2023-03-27T12:20:52.000Z</time>
        <speed>1.294</speed>
      </trkpt>
      <trkpt lat="50.6929616" lon="-2.7124568">
        <ele>14</ele>
        <time>2023-03-27T12:20:57.000Z</time>
        <speed>1.319</speed>
      </trkpt>
      <trkpt lat="50.6930016" lon="-2.7125193">
        <ele>14</ele>
        <time>2023-03-27T12:21:02.000Z</time>
        <speed>1.322</speed>
      </trkpt>
      <trkpt lat="50.6930505" lon="-2.7125692">
        <ele>14</ele>
        <time>2023-03-27T12:21:07.000Z</time>
        <speed>1.314</speed>
      </trkpt>
      <trkpt lat="50.6930921" lon="-2.7126192">
        <ele>14</ele>
        <time>2023-03-27T12:21:12.000Z</time>
        <speed>1.300</speed>
      </trkpt>
      <trkpt lat="50.6931317" lon="-2.7126725">
        <ele>14</ele>
        <time>2023-03-27T12:21:17.000Z</time>
        <speed>1.256</speed>
      </trkpt>
      <trkpt lat="50.6931683" lon="-2.7127256">
        <ele>15</ele>
        <time>2023-03-27T12:21:22.000Z</time>
        <speed>1.239</speed>
      </trkpt>
      <trkpt lat="50.6932045" lon="-2.7127780">
        <ele>15</ele>
        <time>2023-03-27T12:21:27.000Z</time>
        <speed>1.186</speed>
      </trkpt>
      <trkpt lat="50.6932360" lon="-2.7128362">
        <ele>16</ele>
        <time>2023-03-27T12:21:32.000Z</time>
        <speed>1.167</speed>
      </trkpt>
      <trkpt lat="50.6932672" lon="-2.7129101">
        <ele>16</ele>
        <time>2023-03-27T12:21:37.000Z</time>
        <speed>1.131</speed>
      </trkpt>
      <trkpt lat="50.6932947" lon="-2.7129916">
        <ele>17</ele>
        <time>2023-03-27T12:21:42.000Z</time>
        <speed>1.142</speed>
      </trkpt>
      <trkpt lat="50.6933204" lon="-2.7130703">
        <ele>17</ele>
        <time>2023-03-27T12:21:47.000Z</time>
        <speed>1.200</speed>
      </trkpt>
      <trkpt lat="50.6933415" lon="-2.7131506">
        <ele>17</ele>
        <time>2023-03-27T12:21:52.000Z</time>
        <speed>1.219</speed>
      </trkpt>
      <trkpt lat="50.6933656" lon="-2.7132288">
        <ele>17</ele>
        <time>2023-03-27T12:21:57.000Z</time>
        <speed>1.250</speed>
      </trkpt>
      <trkpt lat="50.6933879" lon="-2.7133092">
        <ele>18</ele>
        <time>2023-03-27T12:22:02.000Z</time>
        <speed>1.253</speed>
      </trkpt>
      <trkpt lat="50.6934084" lon="-2.7133886">
        <ele>18</ele>
        <time>2023-03-27T12:22:07.000Z</time>
        <speed>1.258</speed>
      </trkpt>
      <trkpt lat="50.6934332" lon="-2.7134703">
        <ele>18</ele>
        <time>2023-03-27T12:22:12.000Z</time>
        <speed>1.256</speed>
      </trkpt>
      <trkpt lat="50.6934563" lon="-2.7135505">
        <ele>18</ele>
        <time>2023-03-27T12:22:17.000Z</time>
        <speed>1.258</speed>
      </trkpt>
      <trkpt lat="50.6934711" lon="-2.7136401">
        <ele>18</ele>
        <time>2023-03-27T12:22:22.000Z</time>
        <speed>1.267</speed>
      </trkpt>
      <trkpt lat="50.6934915" lon="-2.7137324">
        <ele>18</ele>
        <time>2023-03-27T12:22:27.000Z</time>
        <speed>1.294</speed>
      </trkpt>
      <trkpt lat="50.6935169" lon="-2.7138147">
        <ele>17</ele>
        <time>2023-03-27T12:22:32.000Z</time>
        <speed>1.303</speed>
      </trkpt>
      <trkpt lat="50.6935467" lon="-2.7138803">
        <ele>17</ele>
        <time>2023-03-27T12:22:37.000Z</time>
        <speed>1.333</speed>
      </trkpt>
      <trkpt lat="50.6935825" lon="-2.7139509">
        <ele>17</ele>
        <time>2023-03-27T12:22:42.000Z</time>
        <speed>1.344</speed>
      </trkpt>
      <trkpt lat="50.6936169" lon="-2.7140015">
        <ele>17</ele>
        <time>2023-03-27T12:22:47.000Z</time>
        <speed>1.367</speed>
      </trkpt>
      <trkpt lat="50.6936463" lon="-2.7140522">
        <ele>17</ele>
        <time>2023-03-27T12:22:52.000Z</time>
        <speed>1.361</speed>
      </trkpt>
      <trkpt lat="50.6936761" lon="-2.7141234">
        <ele>17</ele>
        <time>2023-03-27T12:22:57.000Z</time>
        <speed>1.333</speed>
      </trkpt>
      <trkpt lat="50.6936991" lon="-2.7141965">
        <ele>17</ele>
        <time>2023-03-27T12:23:02.000Z</time>
        <speed>1.319</speed>
      </trkpt>
      <trkpt lat="50.6937231" lon="-2.7142672">
        <ele>18</ele>
        <time>2023-03-27T12:23:07.000Z</time>
        <speed>1.283</speed>
      </trkpt>
      <trkpt lat="50.6937428" lon="-2.7143436">
        <ele>18</ele>
        <time>2023-03-27T12:23:12.000Z</time>
        <speed>1.272</speed>
      </trkpt>
      <trkpt lat="50.6937638" lon="-2.7144153">
        <ele>19</ele>
        <time>2023-03-27T12:23:31.000Z</time>
        <speed>1.008</speed>
      </trkpt>
      <trkpt lat="50.6937951" lon="-2.7144931">
        <ele>19</ele>
        <time>2023-03-27T12:23:36.000Z</time>
        <speed>1.133</speed>
      </trkpt>
      <trkpt lat="50.6938269" lon="-2.7145720">
        <ele>19</ele>
        <time>2023-03-27T12:23:41.000Z</time>
        <speed>1.136</speed>
      </trkpt>
      <trkpt lat="50.6938487" lon="-2.7146578">
        <ele>19</ele>
        <time>2023-03-27T12:23:46.000Z</time>
        <speed>1.133</speed>
      </trkpt>
      <trkpt lat="50.6938738" lon="-2.7147425">
        <ele>19</ele>
        <time>2023-03-27T12:23:51.000Z</time>
        <speed>1.133</speed>
      </trkpt>
      <trkpt lat="50.6938985" lon="-2.7148243">
        <ele>19</ele>
        <time>2023-03-27T12:23:56.000Z</time>
        <speed>1.164</speed>
      </trkpt>
      <trkpt lat="50.6939220" lon="-2.7149103">
        <ele>20</ele>
        <time>2023-03-27T12:24:01.000Z</time>
        <speed>1.175</speed>
      </trkpt>
      <trkpt lat="50.6939464" lon="-2.7149819">
        <ele>20</ele>
        <time>2023-03-27T12:24:06.000Z</time>
        <speed>1.181</speed>
      </trkpt>
      <trkpt lat="50.6939650" lon="-2.7150491">
        <ele>20</ele>
        <time>2023-03-27T12:24:11.000Z</time>
        <speed>1.172</speed>
      </trkpt>
      <trkpt lat="50.6939898" lon="-2.7151201">
        <ele>20</ele>
        <time>2023-03-27T12:24:16.000Z</time>
        <speed>1.150</speed>
      </trkpt>
      <trkpt lat="50.6940226" lon="-2.7151843">
        <ele>20</ele>
        <time>2023-03-27T12:24:21.000Z</time>
        <speed>1.117</speed>
      </trkpt>
      <trkpt lat="50.6940618" lon="-2.7152387">
        <ele>20</ele>
        <time>2023-03-27T12:24:26.000Z</time>
        <speed>1.094</speed>
      </trkpt>
      <trkpt lat="50.6941036" lon="-2.7152933">
        <ele>21</ele>
        <time>2023-03-27T12:24:31.000Z</time>
        <speed>1.086</speed>
      </trkpt>
      <trkpt lat="50.6941368" lon="-2.7153653">
        <ele>21</ele>
        <time>2023-03-27T12:24:36.000Z</time>
        <speed>1.075</speed>
      </trkpt>
      <trkpt lat="50.6941639" lon="-2.7154381">
        <ele>21</ele>
        <time>2023-03-27T12:24:41.000Z</time>
        <speed>1.072</speed>
      </trkpt>
      <trkpt lat="50.6941891" lon="-2.7155138">
        <ele>21</ele>
        <time>2023-03-27T12:24:46.000Z</time>
        <speed>1.072</speed>
      </trkpt>
      <trkpt lat="50.6942088" lon="-2.7156015">
        <ele>22</ele>
        <time>2023-03-27T12:24:51.000Z</time>
        <speed>1.078</speed>
      </trkpt>
      <trkpt lat="50.6942290" lon="-2.7156892">
        <ele>22</ele>
        <time>2023-03-27T12:24:56.000Z</time>
        <speed>1.100</speed>
      </trkpt>
      <trkpt lat="50.6942535" lon="-2.7157702">
        <ele>22</ele>
        <time>2023-03-27T12:25:01.000Z</time>
        <speed>1.147</speed>
      </trkpt>
      <trkpt lat="50.6942766" lon="-2.7158541">
        <ele>22</ele>
        <time>2023-03-27T12:25:06.000Z</time>
        <speed>1.194</speed>
      </trkpt>
      <trkpt lat="50.6943069" lon="-2.7159297">
        <ele>21</ele>
        <time>2023-03-27T12:25:11.000Z</time>
        <speed>1.219</speed>
      </trkpt>
      <trkpt lat="50.6943369" lon="-2.7160040">
        <ele>21</ele>
        <time>2023-03-27T12:25:16.000Z</time>
        <speed>1.228</speed>
      </trkpt>
      <trkpt lat="50.6943711" lon="-2.7160761">
        <ele>22</ele>
        <time>2023-03-27T12:25:21.000Z</time>
        <speed>1.231</speed>
      </trkpt>
      <trkpt lat="50.6944017" lon="-2.7161442">
        <ele>22</ele>
        <time>2023-03-27T12:25:26.000Z</time>
        <speed>1.233</speed>
      </trkpt>
      <trkpt lat="50.6944426" lon="-2.7162012">
        <ele>22</ele>
        <time>2023-03-27T12:25:31.000Z</time>
        <speed>1.217</speed>
      </trkpt>
      <trkpt lat="50.6944999" lon="-2.7162152">
        <ele>22</ele>
        <time>2023-03-27T12:25:36.000Z</time>
        <speed>1.194</speed>
      </trkpt>
      <trkpt lat="50.6945599" lon="-2.7162260">
        <ele>23</ele>
        <time>2023-03-27T12:25:41.000Z</time>
        <speed>1.183</speed>
      </trkpt>
      <trkpt lat="50.6946078" lon="-2.7162613">
        <ele>23</ele>
        <time>2023-03-27T12:25:46.000Z</time>
        <speed>1.186</speed>
      </trkpt>
      <trkpt lat="50.6946441" lon="-2.7163080">
        <ele>23</ele>
        <time>2023-03-27T12:25:51.000Z</time>
        <speed>1.183</speed>
      </trkpt>
      <trkpt lat="50.6946753" lon="-2.7163742">
        <ele>23</ele>
        <time>2023-03-27T12:25:56.000Z</time>
        <speed>1.167</speed>
      </trkpt>
      <trkpt lat="50.6946946" lon="-2.7164561">
        <ele>23</ele>
        <time>2023-03-27T12:26:01.000Z</time>
        <speed>1.147</speed>
      </trkpt>
      <trkpt lat="50.6947176" lon="-2.7165360">
        <ele>23</ele>
        <time>2023-03-27T12:26:06.000Z</time>
        <speed>1.142</speed>
      </trkpt>
      <trkpt lat="50.6947539" lon="-2.7166073">
        <ele>24</ele>
        <time>2023-03-27T12:26:11.000Z</time>
        <speed>1.153</speed>
      </trkpt>
      <trkpt lat="50.6947806" lon="-2.7166847">
        <ele>24</ele>
        <time>2023-03-27T12:26:16.000Z</time>
        <speed>1.167</speed>
      </trkpt>
      <trkpt lat="50.6948087" lon="-2.7167572">
        <ele>25</ele>
        <time>2023-03-27T12:26:21.000Z</time>
        <speed>1.175</speed>
      </trkpt>
      <trkpt lat="50.6948394" lon="-2.7168238">
        <ele>26</ele>
        <time>2023-03-27T12:26:26.000Z</time>
        <speed>1.175</speed>
      </trkpt>
      <trkpt lat="50.6948726" lon="-2.7168922">
        <ele>26</ele>
        <time>2023-03-27T12:26:31.000Z</time>
        <speed>1.161</speed>
      </trkpt>
      <trkpt lat="50.6949054" lon="-2.7169654">
        <ele>27</ele>
        <time>2023-03-27T12:26:36.000Z</time>
        <speed>1.150</speed>
      </trkpt>
      <trkpt lat="50.6949340" lon="-2.7170483">
        <ele>27</ele>
        <time>2023-03-27T12:26:41.000Z</time>
        <speed>1.150</speed>
      </trkpt>
      <trkpt lat="50.6949545" lon="-2.7171357">
        <ele>27</ele>
        <time>2023-03-27T12:26:46.000Z</time>
        <speed>1.167</speed>
      </trkpt>
      <trkpt lat="50.6949834" lon="-2.7172191">
        <ele>28</ele>
        <time>2023-03-27T12:26:51.000Z</time>
        <speed>1.197</speed>
      </trkpt>
      <trkpt lat="50.6950171" lon="-2.7172900">
        <ele>28</ele>
        <time>2023-03-27T12:26:56.000Z</time>
        <speed>1.233</speed>
      </trkpt>
      <trkpt lat="50.6950452" lon="-2.7173643">
        <ele>28</ele>
        <time>2023-03-27T12:27:01.000Z</time>
        <speed>1.253</speed>
      </trkpt>
      <trkpt lat="50.6950670" lon="-2.7174459">
        <ele>28</ele>
        <time>2023-03-27T12:27:06.000Z</time>
        <speed>1.250</speed>
      </trkpt>
      <trkpt lat="50.6950932" lon="-2.7175252">
        <ele>28</ele>
        <time>2023-03-27T12:27:11.000Z</time>
        <speed>1.242</speed>
      </trkpt>
      <trkpt lat="50.6950949" lon="-2.7175896">
        <ele>28</ele>
        <time>2023-03-27T12:27:32.000Z</time>
        <speed>0.000</speed>
      </trkpt>
      <trkpt lat="50.6950856" lon="-2.7176466">
        <ele>28</ele>
        <time>2023-03-27T12:27:37.000Z</time>
        <speed>1.044</speed>
      </trkpt>
      <trkpt lat="50.6950965" lon="-2.7177267">
        <ele>28</ele>
        <time>2023-03-27T12:27:42.000Z</time>
        <speed>1.125</speed>
      </trkpt>
      <trkpt lat="50.6951310" lon="-2.7178052">
        <ele>28</ele>
        <time>2023-03-27T12:27:47.000Z</time>
        <speed>1.167</speed>
      </trkpt>
      <trkpt lat="50.6951681" lon="-2.7178681">
        <ele>27</ele>
        <time>2023-03-27T12:27:52.000Z</time>
        <speed>1.142</speed>
      </trkpt>
      <trkpt lat="50.6952073" lon="-2.7179211">
        <ele>27</ele>
        <time>2023-03-27T12:27:57.000Z</time>
        <speed>1.114</speed>
      </trkpt>
      <trkpt lat="50.6952355" lon="-2.7179834">
        <ele>27</ele>
        <time>2023-03-27T12:28:02.000Z</time>
        <speed>1.103</speed>
      </trkpt>
      <trkpt lat="50.6952454" lon="-2.7180461">
        <ele>27</ele>
        <time>2023-03-27T12:28:07.000Z</time>
        <speed>1.089</speed>
      </trkpt>
      <trkpt lat="50.6952359" lon="-2.7181274">
        <ele>27</ele>
        <time>2023-03-27T12:28:12.000Z</time>
        <speed>1.089</speed>
      </trkpt>
      <trkpt lat="50.6952449" lon="-2.7182069">
        <ele>26</ele>
        <time>2023-03-27T12:28:17.000Z</time>
        <speed>1.089</speed>
      </trkpt>
      <trkpt lat="50.6952621" lon="-2.7182889">
        <ele>26</ele>
        <time>2023-03-27T12:28:22.000Z</time>
        <speed>1.106</speed>
      </trkpt>
      <trkpt lat="50.6952857" lon="-2.7183582">
        <ele>26</ele>
        <time>2023-03-27T12:28:27.000Z</time>
        <speed>1.125</speed>
      </trkpt>
      <trkpt lat="50.6953149" lon="-2.7184095">
        <ele>27</ele>
        <time>2023-03-27T12:29:11.000Z</time>
        <speed>0.000</speed>
      </trkpt>
      <trkpt lat="50.6953538" lon="-2.7184089">
        <ele>27</ele>
        <time>2023-03-27T12:29:16.000Z</time>
        <speed>0.511</speed>
      </trkpt>
      <trkpt lat="50.6954019" lon="-2.7183825">
        <ele>27</ele>
        <time>2023-03-27T12:29:21.000Z</time>
        <speed>1.047</speed>
      </trkpt>
      <trkpt lat="50.6954517" lon="-2.7183967">
        <ele>27</ele>
        <time>2023-03-27T12:29:26.000Z</time>
        <speed>1.028</speed>
      </trkpt>
      <trkpt lat="50.6954953" lon="-2.7184504">
        <ele>27</ele>
        <time>2023-03-27T12:29:31.000Z</time>
        <speed>1.053</speed>
      </trkpt>
      <trkpt lat="50.6955444" lon="-2.7185064">
        <ele>27</ele>
        <time>2023-03-27T12:29:36.000Z</time>
        <speed>1.097</speed>
      </trkpt>
      <trkpt lat="50.6955913" lon="-2.7185512">
        <ele>27</ele>
        <time>2023-03-27T12:29:41.000Z</time>
        <speed>1.117</speed>
      </trkpt>
      <trkpt lat="50.6956364" lon="-2.7186021">
        <ele>27</ele>
        <time>2023-03-27T12:29:46.000Z</time>
        <speed>1.094</speed>
      </trkpt>
      <trkpt lat="50.6956762" lon="-2.7186630">
        <ele>27</ele>
        <time>2023-03-27T12:29:51.000Z</time>
        <speed>1.092</speed>
      </trkpt>
      <trkpt lat="50.6957122" lon="-2.7187373">
        <ele>28</ele>
        <time>2023-03-27T12:29:56.000Z</time>
        <speed>1.108</speed>
      </trkpt>
      <trkpt lat="50.6957415" lon="-2.7188213">
        <ele>28</ele>
        <time>2023-03-27T12:30:01.000Z</time>
        <speed>1.161</speed>
      </trkpt>
      <trkpt lat="50.6957645" lon="-2.7189104">
        <ele>28</ele>
        <time>2023-03-27T12:30:06.000Z</time>
        <speed>1.214</speed>
      </trkpt>
      <trkpt lat="50.6957876" lon="-2.7189984">
        <ele>28</ele>
        <time>2023-03-27T12:30:11.000Z</time>
        <speed>1.253</speed>
      </trkpt>
      <trkpt lat="50.6958043" lon="-2.7190790">
        <ele>28</ele>
        <time>2023-03-27T12:30:16.000Z</time>
        <speed>1.269</speed>
      </trkpt>
      <trkpt lat="50.6958213" lon="-2.7191241">
        <ele>27</ele>
        <time>2023-03-27T12:30:57.000Z</time>
        <speed>0.000</speed>
      </trkpt>
      <trkpt lat="50.6958346" lon="-2.7191973">
        <ele>27</ele>
        <time>2023-03-27T12:31:02.000Z</time>
        <speed>0.000</speed>
      </trkpt>
      <trkpt lat="50.6958537" lon="-2.7192745">
        <ele>27</ele>
        <time>2023-03-27T12:31:07.000Z</time>
        <speed>0.000</speed>
      </trkpt>
      <trkpt lat="50.6958728" lon="-2.7193528">
        <ele>27</ele>
        <time>2023-03-27T12:31:12.000Z</time>
        <speed>1.267</speed>
      </trkpt>
      <trkpt lat="50.6958881" lon="-2.7194375">
        <ele>26</ele>
        <time>2023-03-27T12:31:17.000Z</time>
        <speed>1.169</speed>
      </trkpt>
      <trkpt lat="50.6958990" lon="-2.7195115">
        <ele>25</ele>
        <time>2023-03-27T12:31:22.000Z</time>
        <speed>1.106</speed>
      </trkpt>
      <trkpt lat="50.6959178" lon="-2.7195774">
        <ele>25</ele>
        <time>2023-03-27T12:31:27.000Z</time>
        <speed>1.044</speed>
      </trkpt>
      <trkpt lat="50.6959340" lon="-2.7196400">
        <ele>24</ele>
        <time>2023-03-27T12:31:32.000Z</time>
        <speed>1.014</speed>
      </trkpt>
      <trkpt lat="50.6959484" lon="-2.7197134">
        <ele>23</ele>
        <time>2023-03-27T12:31:37.000Z</time>
        <speed>1.019</speed>
      </trkpt>
      <trkpt lat="50.6959529" lon="-2.7197921">
        <ele>23</ele>
        <time>2023-03-27T12:31:42.000Z</time>
        <speed>1.022</speed>
      </trkpt>
      <trkpt lat="50.6959596" lon="-2.7198630">
        <ele>22</ele>
        <time>2023-03-27T12:31:47.000Z</time>
        <speed>1.025</speed>
      </trkpt>
      <trkpt lat="50.6959694" lon="-2.7199355">
        <ele>21</ele>
        <time>2023-03-27T12:31:52.000Z</time>
        <speed>1.036</speed>
      </trkpt>
      <trkpt lat="50.6959773" lon="-2.7200139">
        <ele>21</ele>
        <time>2023-03-27T12:31:57.000Z</time>
        <speed>1.044</speed>
      </trkpt>
      <trkpt lat="50.6959867" lon="-2.7200873">
        <ele>20</ele>
        <time>2023-03-27T12:32:02.000Z</time>
        <speed>1.053</speed>
      </trkpt>
      <trkpt lat="50.6959938" lon="-2.7201632">
        <ele>19</ele>
        <time>2023-03-27T12:32:07.000Z</time>
        <speed>1.058</speed>
      </trkpt>
      <trkpt lat="50.6960036" lon="-2.7202351">
        <ele>19</ele>
        <time>2023-03-27T12:32:12.000Z</time>
        <speed>1.058</speed>
      </trkpt>
      <trkpt lat="50.6960147" lon="-2.7203066">
        <ele>18</ele>
        <time>2023-03-27T12:32:17.000Z</time>
        <speed>1.053</speed>
      </trkpt>
      <trkpt lat="50.6960196" lon="-2.7203883">
        <ele>17</ele>
        <time>2023-03-27T12:32:22.000Z</time>
        <speed>1.056</speed>
      </trkpt>
      <trkpt lat="50.6960199" lon="-2.7204707">
        <ele>17</ele>
        <time>2023-03-27T12:32:27.000Z</time>
        <speed>1.072</speed>
      </trkpt>
      <trkpt lat="50.6960268" lon="-2.7205455">
        <ele>16</ele>
        <time>2023-03-27T12:32:32.000Z</time>
        <speed>1.100</speed>
      </trkpt>
      <trkpt lat="50.6960420" lon="-2.7206339">
        <ele>15</ele>
        <time>2023-03-27T12:32:37.000Z</time>
        <speed>1.125</speed>
      </trkpt>
      <trkpt lat="50.6960498" lon="-2.7207144">
        <ele>14</ele>
        <time>2023-03-27T12:32:42.000Z</time>
        <speed>1.147</speed>
      </trkpt>
      <trkpt lat="50.6960597" lon="-2.7207923">
        <ele>13</ele>
        <time>2023-03-27T12:32:47.000Z</time>
        <speed>1.167</speed>
      </trkpt>
      <trkpt lat="50.6960708" lon="-2.7208840">
        <ele>13</ele>
        <time>2023-03-27T12:32:52.000Z</time>
        <speed>1.175</speed>
      </trkpt>
      <trkpt lat="50.6960852" lon="-2.7209663">
        <ele>12</ele>
        <time>2023-03-27T12:32:57.000Z</time>
        <speed>1.172</speed>
      </trkpt>
      <trkpt lat="50.6960999" lon="-2.7210428">
        <ele>12</ele>
        <time>2023-03-27T12:33:02.000Z</time>
        <speed>1.164</speed>
      </trkpt>
      <trkpt lat="50.6961259" lon="-2.7211233">
        <ele>11</ele>
        <time>2023-03-27T12:33:07.000Z</time>
        <speed>1.156</speed>
      </trkpt>
      <trkpt lat="50.6961530" lon="-2.7212032">
        <ele>10</ele>
        <time>2023-03-27T12:33:12.000Z</time>
        <speed>1.158</speed>
      </trkpt>
      <trkpt lat="50.6961867" lon="-2.7212823">
        <ele>10</ele>
        <time>2023-03-27T12:33:17.000Z</time>
        <speed>1.175</speed>
      </trkpt>
      <trkpt lat="50.6962233" lon="-2.7213446">
        <ele>9</ele>
        <time>2023-03-27T12:33:22.000Z</time>
        <speed>1.194</speed>
      </trkpt>
      <trkpt lat="50.6962528" lon="-2.7214145">
        <ele>9</ele>
        <time>2023-03-27T12:33:27.000Z</time>
        <speed>1.203</speed>
      </trkpt>
      <trkpt lat="50.6962823" lon="-2.7214969">
        <ele>8</ele>
        <time>2023-03-27T12:33:32.000Z</time>
        <speed>1.194</speed>
      </trkpt>
      <trkpt lat="50.6963180" lon="-2.7215724">
        <ele>8</ele>
        <time>2023-03-27T12:33:37.000Z</time>
        <speed>1.183</speed>
      </trkpt>
      <trkpt lat="50.6963512" lon="-2.7216535">
        <ele>8</ele>
        <time>2023-03-27T12:33:42.000Z</time>
        <speed>1.192</speed>
      </trkpt>
      <trkpt lat="50.6963840" lon="-2.7217296">
        <ele>8</ele>
        <time>2023-03-27T12:33:47.000Z</time>
        <speed>1.211</speed>
      </trkpt>
      <trkpt lat="50.6964172" lon="-2.7218007">
        <ele>8</ele>
        <time>2023-03-27T12:33:52.000Z</time>
        <speed>1.228</speed>
      </trkpt>
      <trkpt lat="50.6964545" lon="-2.7218684">
        <ele>7</ele>
        <time>2023-03-27T12:33:57.000Z</time>
        <speed>1.231</speed>
      </trkpt>
      <trkpt lat="50.6964931" lon="-2.7219386">
        <ele>7</ele>
        <time>2023-03-27T12:34:02.000Z</time>
        <speed>1.222</speed>
      </trkpt>
      <trkpt lat="50.6965346" lon="-2.7220051">
        <ele>7</ele>
        <time>2023-03-27T12:34:07.000Z</time>
        <speed>1.231</speed>
      </trkpt>
      <trkpt lat="50.6965841" lon="-2.7220576">
        <ele>7</ele>
        <time>2023-03-27T12:34:12.000Z</time>
        <speed>1.244</speed>
      </trkpt>
      <trkpt lat="50.6966403" lon="-2.7220575">
        <ele>7</ele>
        <time>2023-03-27T12:34:17.000Z</time>
        <speed>1.261</speed>
      </trkpt>
      <trkpt lat="50.6967016" lon="-2.7220470">
        <ele>7</ele>
        <time>2023-03-27T12:34:22.000Z</time>
        <speed>1.269</speed>
      </trkpt>
      <trkpt lat="50.6967605" lon="-2.7220439">
        <ele>7</ele>
        <time>2023-03-27T12:34:27.000Z</time>
        <speed>1.275</speed>
      </trkpt>
      <trkpt lat="50.6968266" lon="-2.7220395">
        <ele>7</ele>
        <time>2023-03-27T12:34:32.000Z</time>
        <speed>1.281</speed>
      </trkpt>
      <trkpt lat="50.6968875" lon="-2.7219941">
        <ele>7</ele>
        <time>2023-03-27T12:34:37.000Z</time>
        <speed>1.297</speed>
      </trkpt>
      <trkpt lat="50.6969394" lon="-2.7219369">
        <ele>7</ele>
        <time>2023-03-27T12:34:42.000Z</time>
        <speed>1.308</speed>
      </trkpt>
      <trkpt lat="50.6969841" lon="-2.7219047">
        <ele>7</ele>
        <time>2023-03-27T12:34:47.000Z</time>
        <speed>1.306</speed>
      </trkpt>
      <trkpt lat="50.6970267" lon="-2.7219478">
        <ele>7</ele>
        <time>2023-03-27T12:34:52.000Z</time>
        <speed>1.275</speed>
      </trkpt>
      <trkpt lat="50.6970406" lon="-2.7220082">
        <ele>7</ele>
        <time>2023-03-27T12:34:57.000Z</time>
        <speed>1.231</speed>
      </trkpt>
      <trkpt lat="50.6969858" lon="-2.7220741">
        <ele>7</ele>
        <time>2023-03-27T12:35:02.000Z</time>
        <speed>1.217</speed>
      </trkpt>
      <trkpt lat="50.6968775" lon="-2.7221316">
        <ele>8</ele>
        <time>2023-03-27T12:35:07.000Z</time>
        <speed>1.242</speed>
      </trkpt>
      <trkpt lat="50.6967974" lon="-2.7221897">
        <ele>8</ele>
        <time>2023-03-27T12:35:12.000Z</time>
        <speed>0.633</speed>
      </trkpt>
      <trkpt lat="50.6967792" lon="-2.7222365">
        <ele>8</ele>
        <time>2023-03-27T12:35:17.000Z</time>
        <speed>0.000</speed>
      </trkpt>
      <trkpt lat="50.6969529" lon="-2.7219389">
        <ele>8</ele>
        <time>2023-03-27T12:35:55.000Z</time>
        <speed>0.986</speed>
      </trkpt>
      <trkpt lat="50.6969340" lon="-2.7218749">
        <ele>8</ele>
        <time>2023-03-27T12:36:00.000Z</time>
        <speed>1.028</speed>
      </trkpt>
      <trkpt lat="50.6968845" lon="-2.7218659">
        <ele>8</ele>
        <time>2023-03-27T12:36:05.000Z</time>
        <speed>1.067</speed>
      </trkpt>
      <trkpt lat="50.6968604" lon="-2.7218797">
        <ele>8</ele>
        <time>2023-03-27T12:36:15.000Z</time>
        <speed>0.000</speed>
      </trkpt>
      <trkpt lat="50.6969065" lon="-2.7218481">
        <ele>8</ele>
        <time>2023-03-27T12:36:20.000Z</time>
        <speed>1.217</speed>
      </trkpt>
      <trkpt lat="50.6969604" lon="-2.7217944">
        <ele>8</ele>
        <time>2023-03-27T12:36:25.000Z</time>
        <speed>1.172</speed>
      </trkpt>
      <trkpt lat="50.6970000" lon="-2.7217684">
        <ele>8</ele>
        <time>2023-03-27T12:36:30.000Z</time>
        <speed>1.067</speed>
      </trkpt>
      <trkpt lat="50.6970539" lon="-2.7217719">
        <ele>8</ele>
        <time>2023-03-27T12:36:35.000Z</time>
        <speed>1.061</speed>
      </trkpt>
      <trkpt lat="50.6970865" lon="-2.7218236">
        <ele>8</ele>
        <time>2023-03-27T12:36:40.000Z</time>
        <speed>1.053</speed>
      </trkpt>
      <trkpt lat="50.6971056" lon="-2.7219068">
        <ele>9</ele>
        <time>2023-03-27T12:36:45.000Z</time>
        <speed>1.058</speed>
      </trkpt>
      <trkpt lat="50.6971209" lon="-2.7219882">
        <ele>9</ele>
        <time>2023-03-27T12:36:50.000Z</time>
        <speed>1.067</speed>
      </trkpt>
      <trkpt lat="50.6971338" lon="-2.7220705">
        <ele>10</ele>
        <time>2023-03-27T12:36:55.000Z</time>
        <speed>1.069</speed>
      </trkpt>
      <trkpt lat="50.6971471" lon="-2.7221488">
        <ele>10</ele>
        <time>2023-03-27T12:37:00.000Z</time>
        <speed>1.078</speed>
      </trkpt>
      <trkpt lat="50.6971787" lon="-2.7221884">
        <ele>11</ele>
        <time>2023-03-27T12:37:05.000Z</time>
        <speed>1.064</speed>
      </trkpt>
      <trkpt lat="50.6972170" lon="-2.7222119">
        <ele>11</ele>
        <time>2023-03-27T12:37:10.000Z</time>
        <speed>1.028</speed>
      </trkpt>
      <trkpt lat="50.6972346" lon="-2.7222759">
        <ele>12</ele>
        <time>2023-03-27T12:37:15.000Z</time>
        <speed>0.975</speed>
      </trkpt>
      <trkpt lat="50.6972399" lon="-2.7223610">
        <ele>12</ele>
        <time>2023-03-27T12:37:20.000Z</time>
        <speed>0.933</speed>
      </trkpt>
      <trkpt lat="50.6972704" lon="-2.7224257">
        <ele>13</ele>
        <time>2023-03-27T12:37:25.000Z</time>
        <speed>0.925</speed>
      </trkpt>
      <trkpt lat="50.6973137" lon="-2.7224826">
        <ele>13</ele>
        <time>2023-03-27T12:37:30.000Z</time>
        <speed>0.953</speed>
      </trkpt>
      <trkpt lat="50.6973631" lon="-2.7225181">
        <ele>14</ele>
        <time>2023-03-27T12:37:35.000Z</time>
        <speed>0.989</speed>
      </trkpt>
      <trkpt lat="50.6974131" lon="-2.7225556">
        <ele>14</ele>
        <time>2023-03-27T12:37:40.000Z</time>
        <speed>1.028</speed>
      </trkpt>
      <trkpt lat="50.6974661" lon="-2.7225905">
        <ele>14</ele>
        <time>2023-03-27T12:37:45.000Z</time>
        <speed>1.067</speed>
      </trkpt>
      <trkpt lat="50.6975235" lon="-2.7226146">
        <ele>14</ele>
        <time>2023-03-27T12:37:50.000Z</time>
        <speed>1.100</speed>
      </trkpt>
      <trkpt lat="50.6975841" lon="-2.7226277">
        <ele>15</ele>
        <time>2023-03-27T12:37:55.000Z</time>
        <speed>1.139</speed>
      </trkpt>
      <trkpt lat="50.6976441" lon="-2.7226449">
        <ele>15</ele>
        <time>2023-03-27T12:38:00.000Z</time>
        <speed>1.175</speed>
      </trkpt>
      <trkpt lat="50.6977015" lon="-2.7226744">
        <ele>15</ele>
        <time>2023-03-27T12:38:05.000Z</time>
        <speed>1.206</speed>
      </trkpt>
      <trkpt lat="50.6977563" lon="-2.7227100">
        <ele>15</ele>
        <time>2023-03-27T12:38:10.000Z</time>
        <speed>1.222</speed>
      </trkpt>
      <trkpt lat="50.6978045" lon="-2.7227483">
        <ele>16</ele>
        <time>2023-03-27T12:38:15.000Z</time>
        <speed>1.225</speed>
      </trkpt>
      <trkpt lat="50.6978609" lon="-2.7227809">
        <ele>16</ele>
        <time>2023-03-27T12:38:20.000Z</time>
        <speed>1.222</speed>
      </trkpt>
      <trkpt lat="50.6979147" lon="-2.7228210">
        <ele>16</ele>
        <time>2023-03-27T12:38:25.000Z</time>
        <speed>1.225</speed>
      </trkpt>
      <trkpt lat="50.6979616" lon="-2.7228709">
        <ele>16</ele>
        <time>2023-03-27T12:38:30.000Z</time>
        <speed>1.231</speed>
      </trkpt>
      <trkpt lat="50.6980064" lon="-2.7229315">
        <ele>17</ele>
        <time>2023-03-27T12:38:35.000Z</time>
        <speed>1.236</speed>
      </trkpt>
      <trkpt lat="50.6980275" lon="-2.7229944">
        <ele>17</ele>
        <time>2023-03-27T12:38:40.000Z</time>
        <speed>1.244</speed>
      </trkpt>
      <trkpt lat="50.6980322" lon="-2.7230638">
        <ele>17</ele>
        <time>2023-03-27T12:38:52.000Z</time>
        <speed>0.000</speed>
      </trkpt>
      <trkpt lat="50.6980430" lon="-2.7231068">
        <ele>17</ele>
        <time>2023-03-27T12:38:57.000Z</time>
        <speed>1.014</speed>
      </trkpt>
      <trkpt lat="50.6980608" lon="-2.7231469">
        <ele>17</ele>
        <time>2023-03-27T12:39:02.000Z</time>
        <speed>1.006</speed>
      </trkpt>
      <trkpt lat="50.6980883" lon="-2.7231860">
        <ele>17</ele>
        <time>2023-03-27T12:39:07.000Z</time>
        <speed>1.047</speed>
      </trkpt>
      <trkpt lat="50.6981225" lon="-2.7232475">
        <ele>17</ele>
        <time>2023-03-27T12:39:12.000Z</time>
        <speed>1.094</speed>
      </trkpt>
      <trkpt lat="50.6981529" lon="-2.7233168">
        <ele>17</ele>
        <time>2023-03-27T12:39:17.000Z</time>
        <speed>1.072</speed>
      </trkpt>
      <trkpt lat="50.6981873" lon="-2.7233908">
        <ele>17</ele>
        <time>2023-03-27T12:39:22.000Z</time>
        <speed>1.056</speed>
      </trkpt>
      <trkpt lat="50.6982201" lon="-2.7234731">
        <ele>17</ele>
        <time>2023-03-27T12:39:27.000Z</time>
        <speed>1.086</speed>
      </trkpt>
      <trkpt lat="50.6982569" lon="-2.7235488">
        <ele>17</ele>
        <time>2023-03-27T12:39:32.000Z</time>
        <speed>1.097</speed>
      </trkpt>
      <trkpt lat="50.6982936" lon="-2.7236286">
        <ele>18</ele>
        <time>2023-03-27T12:39:37.000Z</time>
        <speed>1.108</speed>
      </trkpt>
      <trkpt lat="50.6983332" lon="-2.7237000">
        <ele>18</ele>
        <time>2023-03-27T12:39:42.000Z</time>
        <speed>1.133</speed>
      </trkpt>
      <trkpt lat="50.6983658" lon="-2.7237688">
        <ele>18</ele>
        <time>2023-03-27T12:39:47.000Z</time>
        <speed>1.156</speed>
      </trkpt>
      <trkpt lat="50.6983960" lon="-2.7238475">
        <ele>18</ele>
        <time>2023-03-27T12:39:52.000Z</time>
        <speed>1.164</speed>
      </trkpt>
      <trkpt lat="50.6984244" lon="-2.7239337">
        <ele>18</ele>
        <time>2023-03-27T12:39:57.000Z</time>
        <speed>1.158</speed>
      </trkpt>
      <trkpt lat="50.6984525" lon="-2.7240109">
        <ele>18</ele>
        <time>2023-03-27T12:40:02.000Z</time>
        <speed>1.156</speed>
      </trkpt>
      <trkpt lat="50.6984833" lon="-2.7240905">
        <ele>19</ele>
        <time>2023-03-27T12:40:07.000Z</time>
        <speed>1.161</speed>
      </trkpt>
      <trkpt lat="50.6985151" lon="-2.7241664">
        <ele>19</ele>
        <time>2023-03-27T12:40:12.000Z</time>
        <speed>1.172</speed>
      </trkpt>
      <trkpt lat="50.6985469" lon="-2.7242394">
        <ele>19</ele>
        <time>2023-03-27T12:40:17.000Z</time>
        <speed>1.172</speed>
      </trkpt>
      <trkpt lat="50.6985782" lon="-2.7243201">
        <ele>19</ele>
        <time>2023-03-27T12:40:28.000Z</time>
        <speed>0.000</speed>
      </trkpt>
      <trkpt lat="50.6985748" lon="-2.7243603">
        <ele>20</ele>
        <time>2023-03-27T12:40:38.000Z</time>
        <speed>0.517</speed>
      </trkpt>
      <trkpt lat="50.6985519" lon="-2.7244204">
        <ele>20</ele>
        <time>2023-03-27T12:40:43.000Z</time>
        <speed>1.203</speed>
      </trkpt>
      <trkpt lat="50.6985201" lon="-2.7245126">
        <ele>20</ele>
        <time>2023-03-27T12:40:48.000Z</time>
        <speed>1.222</speed>
      </trkpt>
      <trkpt lat="50.6984937" lon="-2.7246119">
        <ele>20</ele>
        <time>2023-03-27T12:40:53.000Z</time>
        <speed>1.247</speed>
      </trkpt>
      <trkpt lat="50.6984726" lon="-2.7247022">
        <ele>20</ele>
        <time>2023-03-27T12:40:58.000Z</time>
        <speed>1.244</speed>
      </trkpt>
      <trkpt lat="50.6984528" lon="-2.7247820">
        <ele>20</ele>
        <time>2023-03-27T12:41:03.000Z</time>
        <speed>1.217</speed>
      </trkpt>
      <trkpt lat="50.6984340" lon="-2.7248644">
        <ele>20</ele>
        <time>2023-03-27T12:41:08.000Z</time>
        <speed>1.181</speed>
      </trkpt>
      <trkpt lat="50.6984148" lon="-2.7249576">
        <ele>20</ele>
        <time>2023-03-27T12:41:13.000Z</time>
        <speed>1.172</speed>
      </trkpt>
      <trkpt lat="50.6984007" lon="-2.7250475">
        <ele>20</ele>
        <time>2023-03-27T12:41:18.000Z</time>
        <speed>1.169</speed>
      </trkpt>
      <trkpt lat="50.6983841" lon="-2.7251324">
        <ele>20</ele>
        <time>2023-03-27T12:41:23.000Z</time>
        <speed>1.169</speed>
      </trkpt>
      <trkpt lat="50.6983648" lon="-2.7252213">
        <ele>20</ele>
        <time>2023-03-27T12:41:28.000Z</time>
        <speed>1.175</speed>
      </trkpt>
      <trkpt lat="50.6983479" lon="-2.7253105">
        <ele>20</ele>
        <time>2023-03-27T12:41:33.000Z</time>
        <speed>1.192</speed>
      </trkpt>
      <trkpt lat="50.6983317" lon="-2.7254015">
        <ele>20</ele>
        <time>2023-03-27T12:41:38.000Z</time>
        <speed>1.197</speed>
      </trkpt>
      <trkpt lat="50.6983145" lon="-2.7254928">
        <ele>21</ele>
        <time>2023-03-27T12:41:43.000Z</time>
        <speed>1.217</speed>
      </trkpt>
      <trkpt lat="50.6982976" lon="-2.7255865">
        <ele>21</ele>
        <time>2023-03-27T12:41:48.000Z</time>
        <speed>1.225</speed>
      </trkpt>
      <trkpt lat="50.6982846" lon="-2.7256767">
        <ele>21</ele>
        <time>2023-03-27T12:41:53.000Z</time>
        <speed>1.244</speed>
      </trkpt>
      <trkpt lat="50.6982840" lon="-2.7257440">
        <ele>21</ele>
        <time>2023-03-27T12:41:58.000Z</time>
        <speed>1.239</speed>
      </trkpt>
      <trkpt lat="50.6982802" lon="-2.7257851">
        <ele>23</ele>
        <time>2023-03-27T12:42:40.000Z</time>
        <speed>0.000</speed>
      </trkpt>
      <trkpt lat="50.6982689" lon="-2.7258678">
        <ele>23</ele>
        <time>2023-03-27T12:42:45.000Z</time>
        <speed>1.136</speed>
      </trkpt>
      <trkpt lat="50.6982555" lon="-2.7259660">
        <ele>23</ele>
        <time>2023-03-27T12:42:50.000Z</time>
        <speed>1.172</speed>
      </trkpt>
      <trkpt lat="50.6982375" lon="-2.7260558">
        <ele>23</ele>
        <time>2023-03-27T12:42:55.000Z</time>
        <speed>1.203</speed>
      </trkpt>
      <trkpt lat="50.6982239" lon="-2.7261471">
        <ele>23</ele>
        <time>2023-03-27T12:43:00.000Z</time>
        <speed>1.228</speed>
      </trkpt>
      <trkpt lat="50.6982068" lon="-2.7262471">
        <ele>23</ele>
        <time>2023-03-27T12:43:05.000Z</time>
        <speed>1.258</speed>
      </trkpt>
      <trkpt lat="50.6981901" lon="-2.7263418">
        <ele>23</ele>
        <time>2023-03-27T12:43:10.000Z</time>
        <speed>1.267</speed>
      </trkpt>
      <trkpt lat="50.6981746" lon="-2.7264379">
        <ele>23</ele>
        <time>2023-03-27T12:43:15.000Z</time>
        <speed>1.267</speed>
      </trkpt>
      <trkpt lat="50.6981598" lon="-2.7265301">
        <ele>23</ele>
        <time>2023-03-27T12:43:20.000Z</time>
        <speed>1.261</speed>
      </trkpt>
      <trkpt lat="50.6981478" lon="-2.7266197">
        <ele>23</ele>
        <time>2023-03-27T12:43:25.000Z</time>
        <speed>1.261</speed>
      </trkpt>
      <trkpt lat="50.6981321" lon="-2.7267144">
        <ele>24</ele>
        <time>2023-03-27T12:43:30.000Z</time>
        <speed>1.253</speed>
      </trkpt>
      <trkpt lat="50.6981220" lon="-2.7268092">
        <ele>24</ele>
        <time>2023-03-27T12:43:35.000Z</time>
        <speed>1.253</speed>
      </trkpt>
      <trkpt lat="50.6981106" lon="-2.7269048">
        <ele>24</ele>
        <time>2023-03-27T12:43:40.000Z</time>
        <speed>1.253</speed>
      </trkpt>
      <trkpt lat="50.6981015" lon="-2.7269934">
        <ele>24</ele>
        <time>2023-03-27T12:43:45.000Z</time>
        <speed>1.253</speed>
      </trkpt>
      <trkpt lat="50.6981022" lon="-2.7270842">
        <ele>25</ele>
        <time>2023-03-27T12:44:05.000Z</time>
        <speed>0.000</speed>
      </trkpt>
      <trkpt lat="50.6980971" lon="-2.7271678">
        <ele>25</ele>
        <time>2023-03-27T12:44:10.000Z</time>
        <speed>1.317</speed>
      </trkpt>
      <trkpt lat="50.6980917" lon="-2.7272786">
        <ele>25</ele>
        <time>2023-03-27T12:44:15.000Z</time>
        <speed>1.353</speed>
      </trkpt>
      <trkpt lat="50.6980893" lon="-2.7273775">
        <ele>25</ele>
        <time>2023-03-27T12:44:20.000Z</time>
        <speed>1.275</speed>
      </trkpt>
      <trkpt lat="50.6980907" lon="-2.7274510">
        <ele>26</ele>
        <time>2023-03-27T12:44:25.000Z</time>
        <speed>1.194</speed>
      </trkpt>
      <trkpt lat="50.6980932" lon="-2.7274736">
        <ele>26</ele>
        <time>2023-03-27T12:44:30.000Z</time>
        <speed>1.053</speed>
      </trkpt>
      <trkpt lat="50.6980975" lon="-2.7275256">
        <ele>26</ele>
        <time>2023-03-27T12:44:35.000Z</time>
        <speed>0.931</speed>
      </trkpt>
      <trkpt lat="50.6981099" lon="-2.7276188">
        <ele>26</ele>
        <time>2023-03-27T12:44:40.000Z</time>
        <speed>0.828</speed>
      </trkpt>
      <trkpt lat="50.6981383" lon="-2.7277120">
        <ele>26</ele>
        <time>2023-03-27T12:44:45.000Z</time>
        <speed>0.817</speed>
      </trkpt>
      <trkpt lat="50.6981595" lon="-2.7277961">
        <ele>26</ele>
        <time>2023-03-27T12:44:50.000Z</time>
        <speed>0.819</speed>
      </trkpt>
      <trkpt lat="50.6981709" lon="-2.7278798">
        <ele>27</ele>
        <time>2023-03-27T12:44:55.000Z</time>
        <speed>0.861</speed>
      </trkpt>
      <trkpt lat="50.6981869" lon="-2.7279658">
        <ele>27</ele>
        <time>2023-03-27T12:45:00.000Z</time>
        <speed>0.939</speed>
      </trkpt>
      <trkpt lat="50.6982077" lon="-2.7280543">
        <ele>27</ele>
        <time>2023-03-27T12:45:05.000Z</time>
        <speed>1.028</speed>
      </trkpt>
      <trkpt lat="50.6982246" lon="-2.7281480">
        <ele>27</ele>
        <time>2023-03-27T12:45:10.000Z</time>
        <speed>1.097</speed>
      </trkpt>
      <trkpt lat="50.6982331" lon="-2.7282411">
        <ele>27</ele>
        <time>2023-03-27T12:45:15.000Z</time>
        <speed>1.158</speed>
      </trkpt>
      <trkpt lat="50.6982523" lon="-2.7283263">
        <ele>27</ele>
        <time>2023-03-27T12:45:20.000Z</time>
        <speed>1.200</speed>
      </trkpt>
      <trkpt lat="50.6982702" lon="-2.7284146">
        <ele>27</ele>
        <time>2023-03-27T12:45:25.000Z</time>
        <speed>1.228</speed>
      </trkpt>
      <trkpt lat="50.6982869" lon="-2.7285035">
        <ele>28</ele>
        <time>2023-03-27T12:45:30.000Z</time>
        <speed>1.253</speed>
      </trkpt>
      <trkpt lat="50.6983038" lon="-2.7285956">
        <ele>28</ele>
        <time>2023-03-27T12:45:35.000Z</time>
        <speed>1.269</speed>
      </trkpt>
      <trkpt lat="50.6983266" lon="-2.7286852">
        <ele>29</ele>
        <time>2023-03-27T12:45:40.000Z</time>
        <speed>1.275</speed>
      </trkpt>
      <trkpt lat="50.6983406" lon="-2.7287753">
        <ele>29</ele>
        <time>2023-03-27T12:45:45.000Z</time>
        <speed>1.286</speed>
      </trkpt>
      <trkpt lat="50.6983562" lon="-2.7288591">
        <ele>29</ele>
        <time>2023-03-27T12:45:50.000Z</time>
        <speed>1.300</speed>
      </trkpt>
      <trkpt lat="50.6983848" lon="-2.7289417">
        <ele>29</ele>
        <time>2023-03-27T12:45:55.000Z</time>
        <speed>1.311</speed>
      </trkpt>
      <trkpt lat="50.6984185" lon="-2.7290257">
        <ele>29</ele>
        <time>2023-03-27T12:46:00.000Z</time>
        <speed>1.319</speed>
      </trkpt>
      <trkpt lat="50.6984487" lon="-2.7291159">
        <ele>29</ele>
        <time>2023-03-27T12:46:05.000Z</time>
        <speed>1.325</speed>
      </trkpt>
      <trkpt lat="50.6984724" lon="-2.7292072">
        <ele>30</ele>
        <time>2023-03-27T12:46:10.000Z</time>
        <speed>1.336</speed>
      </trkpt>
      <trkpt lat="50.6985020" lon="-2.7292919">
        <ele>30</ele>
        <time>2023-03-27T12:46:15.000Z</time>
        <speed>1.344</speed>
      </trkpt>
      <trkpt lat="50.6985368" lon="-2.7293739">
        <ele>30</ele>
        <time>2023-03-27T12:46:20.000Z</time>
        <speed>1.350</speed>
      </trkpt>
      <trkpt lat="50.6985682" lon="-2.7294555">
        <ele>31</ele>
        <time>2023-03-27T12:46:25.000Z</time>
        <speed>1.347</speed>
      </trkpt>
      <trkpt lat="50.6986002" lon="-2.7295385">
        <ele>31</ele>
        <time>2023-03-27T12:46:30.000Z</time>
        <speed>1.342</speed>
      </trkpt>
      <trkpt lat="50.6986286" lon="-2.7296247">
        <ele>31</ele>
        <time>2023-03-27T12:46:35.000Z</time>
        <speed>1.336</speed>
      </trkpt>
      <trkpt lat="50.6986615" lon="-2.7297065">
        <ele>31</ele>
        <time>2023-03-27T12:46:40.000Z</time>
        <speed>1.336</speed>
      </trkpt>
      <trkpt lat="50.6987026" lon="-2.7297759">
        <ele>31</ele>
        <time>2023-03-27T12:46:45.000Z</time>
        <speed>1.344</speed>
      </trkpt>
      <trkpt lat="50.6987440" lon="-2.7298455">
        <ele>31</ele>
        <time>2023-03-27T12:46:50.000Z</time>
        <speed>1.353</speed>
      </trkpt>
      <trkpt lat="50.6987749" lon="-2.7299249">
        <ele>31</ele>
        <time>2023-03-27T12:46:55.000Z</time>
        <speed>1.361</speed>
      </trkpt>
      <trkpt lat="50.6987969" lon="-2.7300178">
        <ele>31</ele>
        <time>2023-03-27T12:47:00.000Z</time>
        <speed>1.369</speed>
      </trkpt>
      <trkpt lat="50.6988177" lon="-2.7301022">
        <ele>31</ele>
        <time>2023-03-27T12:47:05.000Z</time>
        <speed>1.375</speed>
      </trkpt>
      <trkpt lat="50.6988441" lon="-2.7301867">
        <ele>31</ele>
        <time>2023-03-27T12:47:10.000Z</time>
        <speed>1.372</speed>
      </trkpt>
      <trkpt lat="50.6988710" lon="-2.7302735">
        <ele>31</ele>
        <time>2023-03-27T12:47:15.000Z</time>
        <speed>1.367</speed>
      </trkpt>
      <trkpt lat="50.6989018" lon="-2.7303577">
        <ele>31</ele>
        <time>2023-03-27T12:47:20.000Z</time>
        <speed>1.361</speed>
      </trkpt>
      <trkpt lat="50.6989322" lon="-2.7304410">
        <ele>31</ele>
        <time>2023-03-27T12:47:25.000Z</time>
        <speed>1.361</speed>
      </trkpt>
      <trkpt lat="50.6989630" lon="-2.7305294">
        <ele>30</ele>
        <time>2023-03-27T12:47:30.000Z</time>
        <speed>1.361</speed>
      </trkpt>
      <trkpt lat="50.6989992" lon="-2.7306140">
        <ele>30</ele>
        <time>2023-03-27T12:47:35.000Z</time>
        <speed>1.364</speed>
      </trkpt>
      <trkpt lat="50.6990403" lon="-2.7306942">
        <ele>30</ele>
        <time>2023-03-27T12:47:40.000Z</time>
        <speed>1.367</speed>
      </trkpt>
      <trkpt lat="50.6990747" lon="-2.7307795">
        <ele>30</ele>
        <time>2023-03-27T12:47:45.000Z</time>
        <speed>1.375</speed>
      </trkpt>
      <trkpt lat="50.6991039" lon="-2.7308616">
        <ele>31</ele>
        <time>2023-03-27T12:47:50.000Z</time>
        <speed>1.383</speed>
      </trkpt>
      <trkpt lat="50.6991363" lon="-2.7309533">
        <ele>31</ele>
        <time>2023-03-27T12:47:55.000Z</time>
        <speed>1.389</speed>
      </trkpt>
      <trkpt lat="50.6991756" lon="-2.7310347">
        <ele>31</ele>
        <time>2023-03-27T12:48:00.000Z</time>
        <speed>1.389</speed>
      </trkpt>
      <trkpt lat="50.6992059" lon="-2.7311221">
        <ele>31</ele>
        <time>2023-03-27T12:48:05.000Z</time>
        <speed>1.386</speed>
      </trkpt>
      <trkpt lat="50.6992404" lon="-2.7312108">
        <ele>31</ele>
        <time>2023-03-27T12:48:10.000Z</time>
        <speed>1.389</speed>
      </trkpt>
      <trkpt lat="50.6992696" lon="-2.7312965">
        <ele>31</ele>
        <time>2023-03-27T12:48:15.000Z</time>
        <speed>1.389</speed>
      </trkpt>
      <trkpt lat="50.6992922" lon="-2.7313738">
        <ele>31</ele>
        <time>2023-03-27T12:48:20.000Z</time>
        <speed>1.389</speed>
      </trkpt>
      <trkpt lat="50.6993189" lon="-2.7314441">
        <ele>30</ele>
        <time>2023-03-27T12:48:25.000Z</time>
        <speed>1.375</speed>
      </trkpt>
      <trkpt lat="50.6993507" lon="-2.7315200">
        <ele>31</ele>
        <time>2023-03-27T12:48:30.000Z</time>
        <speed>1.344</speed>
      </trkpt>
      <trkpt lat="50.6993871" lon="-2.7316091">
        <ele>31</ele>
        <time>2023-03-27T12:48:35.000Z</time>
        <speed>1.314</speed>
      </trkpt>
      <trkpt lat="50.6994194" lon="-2.7316837">
        <ele>31</ele>
        <time>2023-03-27T12:48:40.000Z</time>
        <speed>1.303</speed>
      </trkpt>
      <trkpt lat="50.6994550" lon="-2.7317625">
        <ele>32</ele>
        <time>2023-03-27T12:48:45.000Z</time>
        <speed>1.300</speed>
      </trkpt>
      <trkpt lat="50.6994916" lon="-2.7318410">
        <ele>32</ele>
        <time>2023-03-27T12:48:50.000Z</time>
        <speed>1.319</speed>
      </trkpt>
      <trkpt lat="50.6995280" lon="-2.7319172">
        <ele>32</ele>
        <time>2023-03-27T12:48:55.000Z</time>
        <speed>1.333</speed>
      </trkpt>
      <trkpt lat="50.6995669" lon="-2.7320015">
        <ele>32</ele>
        <time>2023-03-27T12:49:00.000Z</time>
        <speed>1.331</speed>
      </trkpt>
      <trkpt lat="50.6996012" lon="-2.7320918">
        <ele>32</ele>
        <time>2023-03-27T12:49:05.000Z</time>
        <speed>1.336</speed>
      </trkpt>
      <trkpt lat="50.6996364" lon="-2.7321731">
        <ele>32</ele>
        <time>2023-03-27T12:49:10.000Z</time>
        <speed>1.347</speed>
      </trkpt>
      <trkpt lat="50.6996710" lon="-2.7322554">
        <ele>32</ele>
        <time>2023-03-27T12:49:15.000Z</time>
        <speed>1.358</speed>
      </trkpt>
      <trkpt lat="50.6997044" lon="-2.7323389">
        <ele>32</ele>
        <time>2023-03-27T12:49:20.000Z</time>
        <speed>1.361</speed>
      </trkpt>
      <trkpt lat="50.6997356" lon="-2.7324239">
        <ele>32</ele>
        <time>2023-03-27T12:49:25.000Z</time>
        <speed>1.350</speed>
      </trkpt>
      <trkpt lat="50.6997684" lon="-2.7325036">
        <ele>32</ele>
        <time>2023-03-27T12:49:30.000Z</time>
        <speed>1.339</speed>
      </trkpt>
      <trkpt lat="50.6998012" lon="-2.7325874">
        <ele>32</ele>
        <time>2023-03-27T12:49:35.000Z</time>
        <speed>1.328</speed>
      </trkpt>
      <trkpt lat="50.6998293" lon="-2.7326688">
        <ele>33</ele>
        <time>2023-03-27T12:49:40.000Z</time>
        <speed>1.328</speed>
      </trkpt>
      <trkpt lat="50.6998588" lon="-2.7327521">
        <ele>33</ele>
        <time>2023-03-27T12:49:45.000Z</time>
        <speed>1.328</speed>
      </trkpt>
      <trkpt lat="50.6998918" lon="-2.7328341">
        <ele>33</ele>
        <time>2023-03-27T12:49:50.000Z</time>
        <speed>1.328</speed>
      </trkpt>
      <trkpt lat="50.6999216" lon="-2.7329179">
        <ele>33</ele>
        <time>2023-03-27T12:49:55.000Z</time>
        <speed>1.331</speed>
      </trkpt>
      <trkpt lat="50.6999545" lon="-2.7330014">
        <ele>33</ele>
        <time>2023-03-27T12:50:00.000Z</time>
        <speed>1.339</speed>
      </trkpt>
      <trkpt lat="50.6999891" lon="-2.7330888">
        <ele>33</ele>
        <time>2023-03-27T12:50:05.000Z</time>
        <speed>1.342</speed>
      </trkpt>
      <trkpt lat="50.7000225" lon="-2.7331704">
        <ele>33</ele>
        <time>2023-03-27T12:50:10.000Z</time>
        <speed>1.339</speed>
      </trkpt>
      <trkpt lat="50.7000541" lon="-2.7332504">
        <ele>33</ele>
        <time>2023-03-27T12:50:15.000Z</time>
        <speed>1.336</speed>
      </trkpt>
      <trkpt lat="50.7000872" lon="-2.7333355">
        <ele>33</ele>
        <time>2023-03-27T12:50:20.000Z</time>
        <speed>1.336</speed>
      </trkpt>
      <trkpt lat="50.7001276" lon="-2.7334209">
        <ele>33</ele>
        <time>2023-03-27T12:50:25.000Z</time>
        <speed>1.336</speed>
      </trkpt>
      <trkpt lat="50.7001640" lon="-2.7334982">
        <ele>34</ele>
        <time>2023-03-27T12:50:30.000Z</time>
        <speed>1.347</speed>
      </trkpt>
      <trkpt lat="50.7001937" lon="-2.7335859">
        <ele>34</ele>
        <time>2023-03-27T12:50:35.000Z</time>
        <speed>1.378</speed>
      </trkpt>
      <trkpt lat="50.7002228" lon="-2.7336651">
        <ele>34</ele>
        <time>2023-03-27T12:50:40.000Z</time>
        <speed>1.381</speed>
      </trkpt>
      <trkpt lat="50.7002567" lon="-2.7337354">
        <ele>34</ele>
        <time>2023-03-27T12:50:45.000Z</time>
        <speed>1.353</speed>
      </trkpt>
      <trkpt lat="50.7002891" lon="-2.7338215">
        <ele>34</ele>
        <time>2023-03-27T12:50:50.000Z</time>
        <speed>1.333</speed>
      </trkpt>
      <trkpt lat="50.7003212" lon="-2.7339034">
        <ele>34</ele>
        <time>2023-03-27T12:50:55.000Z</time>
        <speed>1.333</speed>
      </trkpt>
      <trkpt lat="50.7003541" lon="-2.7339834">
        <ele>34</ele>
        <time>2023-03-27T12:51:00.000Z</time>
        <speed>1.339</speed>
      </trkpt>
      <trkpt lat="50.7003852" lon="-2.7340642">
        <ele>34</ele>
        <time>2023-03-27T12:51:05.000Z</time>
        <speed>1.331</speed>
      </trkpt>
      <trkpt lat="50.7004175" lon="-2.7341414">
        <ele>35</ele>
        <time>2023-03-27T12:51:10.000Z</time>
        <speed>1.319</speed>
      </trkpt>
      <trkpt lat="50.7004489" lon="-2.7342151">
        <ele>35</ele>
        <time>2023-03-27T12:51:15.000Z</time>
        <speed>1.311</speed>
      </trkpt>
      <trkpt lat="50.7004654" lon="-2.7342581">
        <ele>35</ele>
        <time>2023-03-27T12:51:27.000Z</time>
        <speed>0.000</speed>
      </trkpt>
      <trkpt lat="50.7004899" lon="-2.7343424">
        <ele>35</ele>
        <time>2023-03-27T12:51:32.000Z</time>
        <speed>1.206</speed>
      </trkpt>
      <trkpt lat="50.7005280" lon="-2.7344301">
        <ele>36</ele>
        <time>2023-03-27T12:51:37.000Z</time>
        <speed>1.242</speed>
      </trkpt>
      <trkpt lat="50.7005644" lon="-2.7345088">
        <ele>36</ele>
        <time>2023-03-27T12:51:42.000Z</time>
        <speed>1.239</speed>
      </trkpt>
      <trkpt lat="50.7005976" lon="-2.7345913">
        <ele>36</ele>
        <time>2023-03-27T12:51:47.000Z</time>
        <speed>1.247</speed>
      </trkpt>
      <trkpt lat="50.7006290" lon="-2.7346726">
        <ele>36</ele>
        <time>2023-03-27T12:51:52.000Z</time>
        <speed>1.247</speed>
      </trkpt>
      <trkpt lat="50.7006642" lon="-2.7347482">
        <ele>37</ele>
        <time>2023-03-27T12:51:57.000Z</time>
        <speed>1.231</speed>
      </trkpt>
      <trkpt lat="50.7006941" lon="-2.7348238">
        <ele>37</ele>
        <time>2023-03-27T12:52:02.000Z</time>
        <speed>1.225</speed>
      </trkpt>
      <trkpt lat="50.7007217" lon="-2.7348892">
        <ele>38</ele>
        <time>2023-03-27T12:52:07.000Z</time>
        <speed>1.219</speed>
      </trkpt>
      <trkpt lat="50.7007548" lon="-2.7349464">
        <ele>38</ele>
        <time>2023-03-27T12:52:12.000Z</time>
        <speed>1.175</speed>
      </trkpt>
      <trkpt lat="50.7007936" lon="-2.7349977">
        <ele>38</ele>
        <time>2023-03-27T12:52:17.000Z</time>
        <speed>1.158</speed>
      </trkpt>
      <trkpt lat="50.7008353" lon="-2.7350539">
        <ele>38</ele>
        <time>2023-03-27T12:52:22.000Z</time>
        <speed>1.114</speed>
      </trkpt>
      <trkpt lat="50.7008754" lon="-2.7351168">
        <ele>39</ele>
        <time>2023-03-27T12:52:27.000Z</time>
        <speed>1.103</speed>
      </trkpt>
      <trkpt lat="50.7009157" lon="-2.7351764">
        <ele>39</ele>
        <time>2023-03-27T12:52:32.000Z</time>
        <speed>1.092</speed>
      </trkpt>
      <trkpt lat="50.7009592" lon="-2.7352381">
        <ele>40</ele>
        <time>2023-03-27T12:52:37.000Z</time>
        <speed>1.092</speed>
      </trkpt>
      <trkpt lat="50.7010004" lon="-2.7352976">
        <ele>40</ele>
        <time>2023-03-27T12:52:42.000Z</time>
        <speed>1.097</speed>
      </trkpt>
      <trkpt lat="50.7010393" lon="-2.7353655">
        <ele>40</ele>
        <time>2023-03-27T12:52:47.000Z</time>
        <speed>1.100</speed>
      </trkpt>
      <trkpt lat="50.7010814" lon="-2.7354324">
        <ele>41</ele>
        <time>2023-03-27T12:52:52.000Z</time>
        <speed>1.117</speed>
      </trkpt>
      <trkpt lat="50.7011215" lon="-2.7354924">
        <ele>41</ele>
        <time>2023-03-27T12:52:57.000Z</time>
        <speed>1.128</speed>
      </trkpt>
      <trkpt lat="50.7011569" lon="-2.7355377">
        <ele>43</ele>
        <time>2023-03-27T12:53:20.000Z</time>
        <speed>0.000</speed>
      </trkpt>
      <trkpt lat="50.7011897" lon="-2.7355944">
        <ele>43</ele>
        <time>2023-03-27T12:53:25.000Z</time>
        <speed>0.969</speed>
      </trkpt>
      <trkpt lat="50.7012295" lon="-2.7356566">
        <ele>43</ele>
        <time>2023-03-27T12:53:30.000Z</time>
        <speed>1.033</speed>
      </trkpt>
      <trkpt lat="50.7012665" lon="-2.7357138">
        <ele>43</ele>
        <time>2023-03-27T12:53:35.000Z</time>
        <speed>1.039</speed>
      </trkpt>
      <trkpt lat="50.7013012" lon="-2.7357776">
        <ele>43</ele>
        <time>2023-03-27T12:53:40.000Z</time>
        <speed>1.050</speed>
      </trkpt>
      <trkpt lat="50.7013440" lon="-2.7358384">
        <ele>43</ele>
        <time>2023-03-27T12:53:45.000Z</time>
        <speed>1.072</speed>
      </trkpt>
      <trkpt lat="50.7013873" lon="-2.7358936">
        <ele>43</ele>
        <time>2023-03-27T12:53:50.000Z</time>
        <speed>1.108</speed>
      </trkpt>
      <trkpt lat="50.7014299" lon="-2.7359586">
        <ele>43</ele>
        <time>2023-03-27T12:53:55.000Z</time>
        <speed>1.119</speed>
      </trkpt>
      <trkpt lat="50.7014701" lon="-2.7360213">
        <ele>43</ele>
        <time>2023-03-27T12:54:00.000Z</time>
        <speed>1.142</speed>
      </trkpt>
      <trkpt lat="50.7015114" lon="-2.7360867">
        <ele>43</ele>
        <time>2023-03-27T12:54:05.000Z</time>
        <speed>1.181</speed>
      </trkpt>
      <trkpt lat="50.7015500" lon="-2.7361484">
        <ele>43</ele>
        <time>2023-03-27T12:54:10.000Z</time>
        <speed>1.219</speed>
      </trkpt>
      <trkpt lat="50.7015945" lon="-2.7362103">
        <ele>43</ele>
        <time>2023-03-27T12:54:15.000Z</time>
        <speed>1.236</speed>
      </trkpt>
      <trkpt lat="50.7016355" lon="-2.7362808">
        <ele>43</ele>
        <time>2023-03-27T12:54:20.000Z</time>
        <speed>1.244</speed>
      </trkpt>
      <trkpt lat="50.7016757" lon="-2.7363453">
        <ele>43</ele>
        <time>2023-03-27T12:54:25.000Z</time>
        <speed>1.256</speed>
      </trkpt>
      <trkpt lat="50.7017069" lon="-2.7363898">
        <ele>43</ele>
        <time>2023-03-27T12:54:30.000Z</time>
        <speed>1.269</speed>
      </trkpt>
      <trkpt lat="50.7017192" lon="-2.7364321">
        <ele>43</ele>
        <time>2023-03-27T12:54:35.000Z</time>
        <speed>1.281</speed>
      </trkpt>
      <trkpt lat="50.7017103" lon="-2.7365059">
        <ele>43</ele>
        <time>2023-03-27T12:54:40.000Z</time>
        <speed>1.272</speed>
      </trkpt>
      <trkpt lat="50.7017174" lon="-2.7365688">
        <ele>43</ele>
        <time>2023-03-27T12:55:04.000Z</time>
        <speed>0.000</speed>
      </trkpt>
      <trkpt lat="50.7017432" lon="-2.7366098">
        <ele>43</ele>
        <time>2023-03-27T12:55:09.000Z</time>
        <speed>0.733</speed>
      </trkpt>
      <trkpt lat="50.7017721" lon="-2.7366603">
        <ele>43</ele>
        <time>2023-03-27T12:55:14.000Z</time>
        <speed>0.794</speed>
      </trkpt>
      <trkpt lat="50.7018009" lon="-2.7367151">
        <ele>43</ele>
        <time>2023-03-27T12:55:19.000Z</time>
        <speed>0.819</speed>
      </trkpt>
      <trkpt lat="50.7018298" lon="-2.7367750">
        <ele>43</ele>
        <time>2023-03-27T12:55:24.000Z</time>
        <speed>0.861</speed>
      </trkpt>
      <trkpt lat="50.7018571" lon="-2.7368434">
        <ele>43</ele>
        <time>2023-03-27T12:55:29.000Z</time>
        <speed>0.911</speed>
      </trkpt>
      <trkpt lat="50.7018874" lon="-2.7368954">
        <ele>43</ele>
        <time>2023-03-27T12:55:34.000Z</time>
        <speed>0.939</speed>
      </trkpt>
      <trkpt lat="50.7018791" lon="-2.7368635">
        <ele>42</ele>
        <time>2023-03-27T12:58:35.000Z</time>
        <speed>0.000</speed>
      </trkpt>
      <trkpt lat="50.7018480" lon="-2.7368159">
        <ele>42</ele>
        <time>2023-03-27T12:58:40.000Z</time>
        <speed>0.000</speed>
      </trkpt>
      <trkpt lat="50.7018123" lon="-2.7367646">
        <ele>42</ele>
        <time>2023-03-27T12:58:45.000Z</time>
        <speed>0.000</speed>
      </trkpt>
      <trkpt lat="50.7017800" lon="-2.7367081">
        <ele>42</ele>
        <time>2023-03-27T12:58:50.000Z</time>
        <speed>1.033</speed>
      </trkpt>
      <trkpt lat="50.7017377" lon="-2.7366514">
        <ele>43</ele>
        <time>2023-03-27T12:58:55.000Z</time>
        <speed>1.047</speed>
      </trkpt>
      <trkpt lat="50.7016993" lon="-2.7365834">
        <ele>43</ele>
        <time>2023-03-27T12:59:00.000Z</time>
        <speed>1.075</speed>
      </trkpt>
      <trkpt lat="50.7016622" lon="-2.7365151">
        <ele>43</ele>
        <time>2023-03-27T12:59:05.000Z</time>
        <speed>1.097</speed>
      </trkpt>
      <trkpt lat="50.7016230" lon="-2.7364556">
        <ele>44</ele>
        <time>2023-03-27T12:59:10.000Z</time>
        <speed>1.094</speed>
      </trkpt>
      <trkpt lat="50.7015836" lon="-2.7364011">
        <ele>44</ele>
        <time>2023-03-27T12:59:15.000Z</time>
        <speed>1.100</speed>
      </trkpt>
      <trkpt lat="50.7015434" lon="-2.7363409">
        <ele>44</ele>
        <time>2023-03-27T12:59:20.000Z</time>
        <speed>1.103</speed>
      </trkpt>
      <trkpt lat="50.7014986" lon="-2.7362804">
        <ele>44</ele>
        <time>2023-03-27T12:59:25.000Z</time>
        <speed>1.111</speed>
      </trkpt>
      <trkpt lat="50.7014574" lon="-2.7362212">
        <ele>43</ele>
        <time>2023-03-27T12:59:30.000Z</time>
        <speed>1.139</speed>
      </trkpt>
      <trkpt lat="50.7014162" lon="-2.7361622">
        <ele>43</ele>
        <time>2023-03-27T12:59:35.000Z</time>
        <speed>1.169</speed>
      </trkpt>
      <trkpt lat="50.7013788" lon="-2.7360951">
        <ele>43</ele>
        <time>2023-03-27T12:59:40.000Z</time>
        <speed>1.194</speed>
      </trkpt>
      <trkpt lat="50.7013414" lon="-2.7360348">
        <ele>43</ele>
        <time>2023-03-27T12:59:45.000Z</time>
        <speed>1.208</speed>
      </trkpt>
      <trkpt lat="50.7012939" lon="-2.7359698">
        <ele>43</ele>
        <time>2023-03-27T12:59:50.000Z</time>
        <speed>1.214</speed>
      </trkpt>
      <trkpt lat="50.7012501" lon="-2.7359043">
        <ele>44</ele>
        <time>2023-03-27T12:59:55.000Z</time>
        <speed>1.222</speed>
      </trkpt>
      <trkpt lat="50.7012078" lon="-2.7358369">
        <ele>44</ele>
        <time>2023-03-27T13:00:00.000Z</time>
        <speed>1.233</speed>
      </trkpt>
      <trkpt lat="50.7011667" lon="-2.7357705">
        <ele>44</ele>
        <time>2023-03-27T13:00:05.000Z</time>
        <speed>1.247</speed>
      </trkpt>
      <trkpt lat="50.7011275" lon="-2.7357039">
        <ele>44</ele>
        <time>2023-03-27T13:00:10.000Z</time>
        <speed>1.253</speed>
      </trkpt>
      <trkpt lat="50.7010873" lon="-2.7356434">
        <ele>43</ele>
        <time>2023-03-27T13:00:15.000Z</time>
        <speed>1.258</speed>
      </trkpt>
      <trkpt lat="50.7010472" lon="-2.7355868">
        <ele>43</ele>
        <time>2023-03-27T13:00:20.000Z</time>
        <speed>1.267</speed>
      </trkpt>
      <trkpt lat="50.7010139" lon="-2.7355248">
        <ele>43</ele>
        <time>2023-03-27T13:00:25.000Z</time>
        <speed>1.261</speed>
      </trkpt>
      <trkpt lat="50.7009762" lon="-2.7354528">
        <ele>43</ele>
        <time>2023-03-27T13:00:30.000Z</time>
        <speed>1.253</speed>
      </trkpt>
      <trkpt lat="50.7009359" lon="-2.7353832">
        <ele>43</ele>
        <time>2023-03-27T13:00:35.000Z</time>
        <speed>1.250</speed>
      </trkpt>
      <trkpt lat="50.7008891" lon="-2.7353133">
        <ele>43</ele>
        <time>2023-03-27T13:00:40.000Z</time>
        <speed>1.264</speed>
      </trkpt>
      <trkpt lat="50.7008668" lon="-2.7352437">
        <ele>43</ele>
        <time>2023-03-27T13:00:45.000Z</time>
        <speed>1.289</speed>
      </trkpt>
      <trkpt lat="50.7008440" lon="-2.7351510">
        <ele>43</ele>
        <time>2023-03-27T13:00:50.000Z</time>
        <speed>1.303</speed>
      </trkpt>
      <trkpt lat="50.7008125" lon="-2.7350676">
        <ele>43</ele>
        <time>2023-03-27T13:00:55.000Z</time>
        <speed>1.311</speed>
      </trkpt>
      <trkpt lat="50.7007776" lon="-2.7349858">
        <ele>43</ele>
        <time>2023-03-27T13:01:00.000Z</time>
        <speed>1.317</speed>
      </trkpt>
      <trkpt lat="50.7007493" lon="-2.7349127">
        <ele>42</ele>
        <time>2023-03-27T13:01:05.000Z</time>
        <speed>1.322</speed>
      </trkpt>
      <trkpt lat="50.7007167" lon="-2.7348419">
        <ele>42</ele>
        <time>2023-03-27T13:01:10.000Z</time>
        <speed>1.317</speed>
      </trkpt>
      <trkpt lat="50.7006839" lon="-2.7347745">
        <ele>41</ele>
        <time>2023-03-27T13:01:15.000Z</time>
        <speed>1.297</speed>
      </trkpt>
      <trkpt lat="50.7006508" lon="-2.7346892">
        <ele>41</ele>
        <time>2023-03-27T13:01:20.000Z</time>
        <speed>1.286</speed>
      </trkpt>
      <trkpt lat="50.7006219" lon="-2.7346154">
        <ele>40</ele>
        <time>2023-03-27T13:01:25.000Z</time>
        <speed>1.289</speed>
      </trkpt>
      <trkpt lat="50.7005923" lon="-2.7345332">
        <ele>39</ele>
        <time>2023-03-27T13:01:30.000Z</time>
        <speed>1.303</speed>
      </trkpt>
      <trkpt lat="50.7005607" lon="-2.7344504">
        <ele>39</ele>
        <time>2023-03-27T13:01:35.000Z</time>
        <speed>1.306</speed>
      </trkpt>
      <trkpt lat="50.7005257" lon="-2.7343659">
        <ele>39</ele>
        <time>2023-03-27T13:01:40.000Z</time>
        <speed>1.303</speed>
      </trkpt>
      <trkpt lat="50.7004965" lon="-2.7342878">
        <ele>38</ele>
        <time>2023-03-27T13:01:45.000Z</time>
        <speed>1.308</speed>
      </trkpt>
      <trkpt lat="50.7004612" lon="-2.7342026">
        <ele>38</ele>
        <time>2023-03-27T13:01:50.000Z</time>
        <speed>1.322</speed>
      </trkpt>
      <trkpt lat="50.7004253" lon="-2.7341230">
        <ele>38</ele>
        <time>2023-03-27T13:01:55.000Z</time>
        <speed>1.344</speed>
      </trkpt>
      <trkpt lat="50.7003870" lon="-2.7340385">
        <ele>37</ele>
        <time>2023-03-27T13:02:00.000Z</time>
        <speed>1.353</speed>
      </trkpt>
      <trkpt lat="50.7003515" lon="-2.7339606">
        <ele>36</ele>
        <time>2023-03-27T13:02:05.000Z</time>
        <speed>1.347</speed>
      </trkpt>
      <trkpt lat="50.7003155" lon="-2.7338774">
        <ele>36</ele>
        <time>2023-03-27T13:02:10.000Z</time>
        <speed>1.336</speed>
      </trkpt>
      <trkpt lat="50.7002843" lon="-2.7337966">
        <ele>35</ele>
        <time>2023-03-27T13:02:15.000Z</time>
        <speed>1.333</speed>
      </trkpt>
      <trkpt lat="50.7002512" lon="-2.7337050">
        <ele>35</ele>
        <time>2023-03-27T13:02:20.000Z</time>
        <speed>1.331</speed>
      </trkpt>
      <trkpt lat="50.7002364" lon="-2.7336446">
        <ele>34</ele>
        <time>2023-03-27T13:03:05.000Z</time>
        <speed>0.000</speed>
      </trkpt>
      <trkpt lat="50.7002250" lon="-2.7335970">
        <ele>34</ele>
        <time>2023-03-27T13:03:10.000Z</time>
        <speed>1.081</speed>
      </trkpt>
      <trkpt lat="50.7001960" lon="-2.7335170">
        <ele>34</ele>
        <time>2023-03-27T13:03:15.000Z</time>
        <speed>1.172</speed>
      </trkpt>
      <trkpt lat="50.7001645" lon="-2.7334339">
        <ele>34</ele>
        <time>2023-03-27T13:03:20.000Z</time>
        <speed>1.203</speed>
      </trkpt>
      <trkpt lat="50.7001321" lon="-2.7333566">
        <ele>34</ele>
        <time>2023-03-27T13:03:25.000Z</time>
        <speed>1.194</speed>
      </trkpt>
      <trkpt lat="50.7000991" lon="-2.7332794">
        <ele>34</ele>
        <time>2023-03-27T13:03:30.000Z</time>
        <speed>1.186</speed>
      </trkpt>
      <trkpt lat="50.7000675" lon="-2.7331976">
        <ele>34</ele>
        <time>2023-03-27T13:03:35.000Z</time>
        <speed>1.183</speed>
      </trkpt>
      <trkpt lat="50.7000350" lon="-2.7331231">
        <ele>34</ele>
        <time>2023-03-27T13:03:40.000Z</time>
        <speed>1.178</speed>
      </trkpt>
      <trkpt lat="50.7000033" lon="-2.7330515">
        <ele>34</ele>
        <time>2023-03-27T13:03:45.000Z</time>
        <speed>1.181</speed>
      </trkpt>
      <trkpt lat="50.6999765" lon="-2.7329759">
        <ele>34</ele>
        <time>2023-03-27T13:03:50.000Z</time>
        <speed>1.178</speed>
      </trkpt>
      <trkpt lat="50.6999456" lon="-2.7328985">
        <ele>34</ele>
        <time>2023-03-27T13:03:55.000Z</time>
        <speed>1.172</speed>
      </trkpt>
      <trkpt lat="50.6999169" lon="-2.7328272">
        <ele>34</ele>
        <time>2023-03-27T13:04:00.000Z</time>
        <speed>1.167</speed>
      </trkpt>
      <trkpt lat="50.6998827" lon="-2.7327524">
        <ele>33</ele>
        <time>2023-03-27T13:04:05.000Z</time>
        <speed>1.167</speed>
      </trkpt>
      <trkpt lat="50.6998539" lon="-2.7326723">
        <ele>33</ele>
        <time>2023-03-27T13:04:10.000Z</time>
        <speed>1.178</speed>
      </trkpt>
      <trkpt lat="50.6998289" lon="-2.7325856">
        <ele>34</ele>
        <time>2023-03-27T13:04:15.000Z</time>
        <speed>1.189</speed>
      </trkpt>
      <trkpt lat="50.6997979" lon="-2.7325040">
        <ele>34</ele>
        <time>2023-03-27T13:04:20.000Z</time>
        <speed>1.206</speed>
      </trkpt>
      <trkpt lat="50.6997602" lon="-2.7324232">
        <ele>34</ele>
        <time>2023-03-27T13:04:25.000Z</time>
        <speed>1.217</speed>
      </trkpt>
      <trkpt lat="50.6997239" lon="-2.7323416">
        <ele>34</ele>
        <time>2023-03-27T13:04:30.000Z</time>
        <speed>1.233</speed>
      </trkpt>
      <trkpt lat="50.6996908" lon="-2.7322678">
        <ele>34</ele>
        <time>2023-03-27T13:04:35.000Z</time>
        <speed>1.250</speed>
      </trkpt>
      <trkpt lat="50.6996612" lon="-2.7322009">
        <ele>33</ele>
        <time>2023-03-27T13:04:40.000Z</time>
        <speed>1.256</speed>
      </trkpt>
      <trkpt lat="50.6996260" lon="-2.7321317">
        <ele>33</ele>
        <time>2023-03-27T13:04:45.000Z</time>
        <speed>1.247</speed>
      </trkpt>
      <trkpt lat="50.6996017" lon="-2.7320793">
        <ele>32</ele>
        <time>2023-03-27T13:05:04.000Z</time>
        <speed>0.000</speed>
      </trkpt>
      <trkpt lat="50.6995764" lon="-2.7320196">
        <ele>32</ele>
        <time>2023-03-27T13:05:09.000Z</time>
        <speed>0.925</speed>
      </trkpt>
      <trkpt lat="50.6995444" lon="-2.7319494">
        <ele>32</ele>
        <time>2023-03-27T13:05:14.000Z</time>
        <speed>0.953</speed>
      </trkpt>
      <trkpt lat="50.6995124" lon="-2.7318803">
        <ele>32</ele>
        <time>2023-03-27T13:05:19.000Z</time>
        <speed>0.983</speed>
      </trkpt>
      <trkpt lat="50.6994830" lon="-2.7318010">
        <ele>32</ele>
        <time>2023-03-27T13:05:24.000Z</time>
        <speed>1.044</speed>
      </trkpt>
      <trkpt lat="50.6994509" lon="-2.7317178">
        <ele>32</ele>
        <time>2023-03-27T13:05:29.000Z</time>
        <speed>1.125</speed>
      </trkpt>
      <trkpt lat="50.6994160" lon="-2.7316373">
        <ele>32</ele>
        <time>2023-03-27T13:05:34.000Z</time>
        <speed>1.206</speed>
      </trkpt>
      <trkpt lat="50.6993804" lon="-2.7315586">
        <ele>32</ele>
        <time>2023-03-27T13:05:39.000Z</time>
        <speed>1.217</speed>
      </trkpt>
      <trkpt lat="50.6993516" lon="-2.7314868">
        <ele>32</ele>
        <time>2023-03-27T13:05:44.000Z</time>
        <speed>1.222</speed>
      </trkpt>
      <trkpt lat="50.6993238" lon="-2.7314090">
        <ele>32</ele>
        <time>2023-03-27T13:05:49.000Z</time>
        <speed>1.222</speed>
      </trkpt>
      <trkpt lat="50.6992920" lon="-2.7313307">
        <ele>32</ele>
        <time>2023-03-27T13:05:54.000Z</time>
        <speed>1.211</speed>
      </trkpt>
      <trkpt lat="50.6992552" lon="-2.7312514">
        <ele>32</ele>
        <time>2023-03-27T13:05:59.000Z</time>
        <speed>1.206</speed>
      </trkpt>
      <trkpt lat="50.6992199" lon="-2.7311636">
        <ele>32</ele>
        <time>2023-03-27T13:06:04.000Z</time>
        <speed>1.233</speed>
      </trkpt>
      <trkpt lat="50.6991895" lon="-2.7310811">
        <ele>31</ele>
        <time>2023-03-27T13:06:09.000Z</time>
        <speed>1.281</speed>
      </trkpt>
      <trkpt lat="50.6991634" lon="-2.7310049">
        <ele>31</ele>
        <time>2023-03-27T13:06:14.000Z</time>
        <speed>1.300</speed>
      </trkpt>
      <trkpt lat="50.6991384" lon="-2.7309372">
        <ele>31</ele>
        <time>2023-03-27T13:06:19.000Z</time>
        <speed>1.292</speed>
      </trkpt>
      <trkpt lat="50.6991128" lon="-2.7308666">
        <ele>31</ele>
        <time>2023-03-27T13:06:24.000Z</time>
        <speed>1.264</speed>
      </trkpt>
      <trkpt lat="50.6990847" lon="-2.7307961">
        <ele>31</ele>
        <time>2023-03-27T13:06:29.000Z</time>
        <speed>1.225</speed>
      </trkpt>
      <trkpt lat="50.6990568" lon="-2.7307189">
        <ele>31</ele>
        <time>2023-03-27T13:06:34.000Z</time>
        <speed>1.194</speed>
      </trkpt>
      <trkpt lat="50.6990273" lon="-2.7306457">
        <ele>31</ele>
        <time>2023-03-27T13:06:39.000Z</time>
        <speed>1.175</speed>
      </trkpt>
      <trkpt lat="50.6989969" lon="-2.7305754">
        <ele>31</ele>
        <time>2023-03-27T13:06:44.000Z</time>
        <speed>1.167</speed>
      </trkpt>
      <trkpt lat="50.6989685" lon="-2.7304977">
        <ele>31</ele>
        <time>2023-03-27T13:06:49.000Z</time>
        <speed>1.167</speed>
      </trkpt>
      <trkpt lat="50.6989393" lon="-2.7304216">
        <ele>31</ele>
        <time>2023-03-27T13:06:54.000Z</time>
        <speed>1.175</speed>
      </trkpt>
      <trkpt lat="50.6989103" lon="-2.7303506">
        <ele>31</ele>
        <time>2023-03-27T13:06:59.000Z</time>
        <speed>1.181</speed>
      </trkpt>
      <trkpt lat="50.6988839" lon="-2.7302767">
        <ele>31</ele>
        <time>2023-03-27T13:07:04.000Z</time>
        <speed>1.175</speed>
      </trkpt>
      <trkpt lat="50.6988576" lon="-2.7302042">
        <ele>31</ele>
        <time>2023-03-27T13:07:09.000Z</time>
        <speed>1.169</speed>
      </trkpt>
      <trkpt lat="50.6988351" lon="-2.7301315">
        <ele>31</ele>
        <time>2023-03-27T13:07:14.000Z</time>
        <speed>1.167</speed>
      </trkpt>
      <trkpt lat="50.6988118" lon="-2.7300549">
        <ele>31</ele>
        <time>2023-03-27T13:07:19.000Z</time>
        <speed>1.169</speed>
      </trkpt>
      <trkpt lat="50.6987915" lon="-2.7299747">
        <ele>31</ele>
        <time>2023-03-27T13:07:24.000Z</time>
        <speed>1.164</speed>
      </trkpt>
      <trkpt lat="50.6987728" lon="-2.7299010">
        <ele>31</ele>
        <time>2023-03-27T13:07:29.000Z</time>
        <speed>1.161</speed>
      </trkpt>
      <trkpt lat="50.6987484" lon="-2.7298287">
        <ele>31</ele>
        <time>2023-03-27T13:07:34.000Z</time>
        <speed>1.161</speed>
      </trkpt>
      <trkpt lat="50.6987206" lon="-2.7297502">
        <ele>31</ele>
        <time>2023-03-27T13:07:39.000Z</time>
        <speed>1.161</speed>
      </trkpt>
      <trkpt lat="50.6986953" lon="-2.7296762">
        <ele>31</ele>
        <time>2023-03-27T13:07:44.000Z</time>
        <speed>1.175</speed>
      </trkpt>
      <trkpt lat="50.6986695" lon="-2.7295990">
        <ele>31</ele>
        <time>2023-03-27T13:07:49.000Z</time>
        <speed>1.208</speed>
      </trkpt>
      <trkpt lat="50.6986467" lon="-2.7295192">
        <ele>31</ele>
        <time>2023-03-27T13:07:54.000Z</time>
        <speed>1.250</speed>
      </trkpt>
      <trkpt lat="50.6986259" lon="-2.7294390">
        <ele>31</ele>
        <time>2023-03-27T13:07:59.000Z</time>
        <speed>1.264</speed>
      </trkpt>
      <trkpt lat="50.6986032" lon="-2.7293578">
        <ele>31</ele>
        <time>2023-03-27T13:08:04.000Z</time>
        <speed>1.250</speed>
      </trkpt>
      <trkpt lat="50.6985835" lon="-2.7292765">
        <ele>31</ele>
        <time>2023-03-27T13:08:09.000Z</time>
        <speed>1.228</speed>
      </trkpt>
      <trkpt lat="50.6985576" lon="-2.7291934">
        <ele>31</ele>
        <time>2023-03-27T13:08:14.000Z</time>
        <speed>1.211</speed>
      </trkpt>
      <trkpt lat="50.6985294" lon="-2.7291091">
        <ele>31</ele>
        <time>2023-03-27T13:08:19.000Z</time>
        <speed>1.214</speed>
      </trkpt>
      <trkpt lat="50.6985067" lon="-2.7290307">
        <ele>31</ele>
        <time>2023-03-27T13:08:24.000Z</time>
        <speed>1.222</speed>
      </trkpt>
      <trkpt lat="50.6984840" lon="-2.7289544">
        <ele>31</ele>
        <time>2023-03-27T13:08:29.000Z</time>
        <speed>1.231</speed>
      </trkpt>
      <trkpt lat="50.6984598" lon="-2.7288748">
        <ele>31</ele>
        <time>2023-03-27T13:08:34.000Z</time>
        <speed>1.233</speed>
      </trkpt>
      <trkpt lat="50.6984378" lon="-2.7287926">
        <ele>30</ele>
        <time>2023-03-27T13:08:39.000Z</time>
        <speed>1.233</speed>
      </trkpt>
      <trkpt lat="50.6984169" lon="-2.7287153">
        <ele>30</ele>
        <time>2023-03-27T13:08:44.000Z</time>
        <speed>1.233</speed>
      </trkpt>
      <trkpt lat="50.6983972" lon="-2.7286260">
        <ele>30</ele>
        <time>2023-03-27T13:08:49.000Z</time>
        <speed>1.236</speed>
      </trkpt>
      <trkpt lat="50.6983753" lon="-2.7285419">
        <ele>30</ele>
        <time>2023-03-27T13:08:54.000Z</time>
        <speed>1.247</speed>
      </trkpt>
      <trkpt lat="50.6983582" lon="-2.7284521">
        <ele>30</ele>
        <time>2023-03-27T13:08:59.000Z</time>
        <speed>1.256</speed>
      </trkpt>
      <trkpt lat="50.6983459" lon="-2.7283538">
        <ele>29</ele>
        <time>2023-03-27T13:09:04.000Z</time>
        <speed>1.272</speed>
      </trkpt>
      <trkpt lat="50.6983310" lon="-2.7282647">
        <ele>28</ele>
        <time>2023-03-27T13:09:09.000Z</time>
        <speed>1.294</speed>
      </trkpt>
      <trkpt lat="50.6983173" lon="-2.7281724">
        <ele>28</ele>
        <time>2023-03-27T13:09:14.000Z</time>
        <speed>1.311</speed>
      </trkpt>
      <trkpt lat="50.6983033" lon="-2.7280799">
        <ele>28</ele>
        <time>2023-03-27T13:09:19.000Z</time>
        <speed>1.319</speed>
      </trkpt>
      <trkpt lat="50.6982910" lon="-2.7279883">
        <ele>27</ele>
        <time>2023-03-27T13:09:24.000Z</time>
        <speed>1.328</speed>
      </trkpt>
      <trkpt lat="50.6982722" lon="-2.7278950">
        <ele>27</ele>
        <time>2023-03-27T13:09:29.000Z</time>
        <speed>1.339</speed>
      </trkpt>
      <trkpt lat="50.6982550" lon="-2.7278057">
        <ele>27</ele>
        <time>2023-03-27T13:09:34.000Z</time>
        <speed>1.344</speed>
      </trkpt>
      <trkpt lat="50.6982401" lon="-2.7277220">
        <ele>26</ele>
        <time>2023-03-27T13:09:39.000Z</time>
        <speed>1.342</speed>
      </trkpt>
      <trkpt lat="50.6982176" lon="-2.7276389">
        <ele>26</ele>
        <time>2023-03-27T13:09:44.000Z</time>
        <speed>1.342</speed>
      </trkpt>
      <trkpt lat="50.6981769" lon="-2.7275768">
        <ele>26</ele>
        <time>2023-03-27T13:09:49.000Z</time>
        <speed>1.339</speed>
      </trkpt>
      <trkpt lat="50.6981344" lon="-2.7275218">
        <ele>26</ele>
        <time>2023-03-27T13:09:54.000Z</time>
        <speed>1.336</speed>
      </trkpt>
      <trkpt lat="50.6981108" lon="-2.7274591">
        <ele>27</ele>
        <time>2023-03-27T13:10:08.000Z</time>
        <speed>0.000</speed>
      </trkpt>
      <trkpt lat="50.6981084" lon="-2.7273948">
        <ele>27</ele>
        <time>2023-03-27T13:10:13.000Z</time>
        <speed>0.000</speed>
      </trkpt>
      <trkpt lat="50.6981117" lon="-2.7273008">
        <ele>27</ele>
        <time>2023-03-27T13:10:18.000Z</time>
        <speed>1.231</speed>
      </trkpt>
      <trkpt lat="50.6981144" lon="-2.7272298">
        <ele>26</ele>
        <time>2023-03-27T13:10:23.000Z</time>
        <speed>1.178</speed>
      </trkpt>
      <trkpt lat="50.6981192" lon="-2.7271640">
        <ele>26</ele>
        <time>2023-03-27T13:10:28.000Z</time>
        <speed>1.000</speed>
      </trkpt>
      <trkpt lat="50.6981206" lon="-2.7270926">
        <ele>26</ele>
        <time>2023-03-27T13:10:33.000Z</time>
        <speed>0.922</speed>
      </trkpt>
      <trkpt lat="50.6981101" lon="-2.7270287">
        <ele>25</ele>
        <time>2023-03-27T13:11:16.000Z</time>
        <speed>0.000</speed>
      </trkpt>
      <trkpt lat="50.6981089" lon="-2.7269504">
        <ele>25</ele>
        <time>2023-03-27T13:11:21.000Z</time>
        <speed>0.000</speed>
      </trkpt>
      <trkpt lat="50.6981285" lon="-2.7268608">
        <ele>25</ele>
        <time>2023-03-27T13:11:26.000Z</time>
        <speed>1.100</speed>
      </trkpt>
      <trkpt lat="50.6981505" lon="-2.7267678">
        <ele>25</ele>
        <time>2023-03-27T13:11:31.000Z</time>
        <speed>1.142</speed>
      </trkpt>
      <trkpt lat="50.6981639" lon="-2.7266717">
        <ele>25</ele>
        <time>2023-03-27T13:11:36.000Z</time>
        <speed>1.178</speed>
      </trkpt>
      <trkpt lat="50.6981797" lon="-2.7265781">
        <ele>25</ele>
        <time>2023-03-27T13:11:41.000Z</time>
        <speed>1.217</speed>
      </trkpt>
      <trkpt lat="50.6981935" lon="-2.7264860">
        <ele>25</ele>
        <time>2023-03-27T13:11:46.000Z</time>
        <speed>1.242</speed>
      </trkpt>
      <trkpt lat="50.6982067" lon="-2.7263905">
        <ele>25</ele>
        <time>2023-03-27T13:11:51.000Z</time>
        <speed>1.256</speed>
      </trkpt>
      <trkpt lat="50.6982225" lon="-2.7262958">
        <ele>24</ele>
        <time>2023-03-27T13:11:56.000Z</time>
        <speed>1.258</speed>
      </trkpt>
      <trkpt lat="50.6982368" lon="-2.7261991">
        <ele>24</ele>
        <time>2023-03-27T13:12:01.000Z</time>
        <speed>1.269</speed>
      </trkpt>
      <trkpt lat="50.6982515" lon="-2.7261058">
        <ele>24</ele>
        <time>2023-03-27T13:12:06.000Z</time>
        <speed>1.272</speed>
      </trkpt>
      <trkpt lat="50.6982658" lon="-2.7260118">
        <ele>24</ele>
        <time>2023-03-27T13:12:11.000Z</time>
        <speed>1.278</speed>
      </trkpt>
      <trkpt lat="50.6982799" lon="-2.7259170">
        <ele>24</ele>
        <time>2023-03-27T13:12:16.000Z</time>
        <speed>1.275</speed>
      </trkpt>
      <trkpt lat="50.6982950" lon="-2.7258258">
        <ele>24</ele>
        <time>2023-03-27T13:12:21.000Z</time>
        <speed>1.275</speed>
      </trkpt>
      <trkpt lat="50.6983104" lon="-2.7257339">
        <ele>23</ele>
        <time>2023-03-27T13:12:26.000Z</time>
        <speed>1.275</speed>
      </trkpt>
      <trkpt lat="50.6983261" lon="-2.7256364">
        <ele>23</ele>
        <time>2023-03-27T13:12:31.000Z</time>
        <speed>1.286</speed>
      </trkpt>
      <trkpt lat="50.6983437" lon="-2.7255404">
        <ele>23</ele>
        <time>2023-03-27T13:12:36.000Z</time>
        <speed>1.289</speed>
      </trkpt>
      <trkpt lat="50.6983577" lon="-2.7254417">
        <ele>22</ele>
        <time>2023-03-27T13:12:41.000Z</time>
        <speed>1.306</speed>
      </trkpt>
      <trkpt lat="50.6983727" lon="-2.7253495">
        <ele>22</ele>
        <time>2023-03-27T13:12:46.000Z</time>
        <speed>1.308</speed>
      </trkpt>
      <trkpt lat="50.6983918" lon="-2.7252591">
        <ele>22</ele>
        <time>2023-03-27T13:12:51.000Z</time>
        <speed>1.311</speed>
      </trkpt>
      <trkpt lat="50.6984113" lon="-2.7251690">
        <ele>22</ele>
        <time>2023-03-27T13:12:56.000Z</time>
        <speed>1.308</speed>
      </trkpt>
      <trkpt lat="50.6984287" lon="-2.7250770">
        <ele>22</ele>
        <time>2023-03-27T13:13:01.000Z</time>
        <speed>1.306</speed>
      </trkpt>
      <trkpt lat="50.6984468" lon="-2.7249861">
        <ele>22</ele>
        <time>2023-03-27T13:13:06.000Z</time>
        <speed>1.306</speed>
      </trkpt>
      <trkpt lat="50.6984658" lon="-2.7248994">
        <ele>21</ele>
        <time>2023-03-27T13:13:11.000Z</time>
        <speed>1.306</speed>
      </trkpt>
      <trkpt lat="50.6984918" lon="-2.7248112">
        <ele>21</ele>
        <time>2023-03-27T13:13:16.000Z</time>
        <speed>1.306</speed>
      </trkpt>
      <trkpt lat="50.6985127" lon="-2.7247206">
        <ele>21</ele>
        <time>2023-03-27T13:13:21.000Z</time>
        <speed>1.314</speed>
      </trkpt>
      <trkpt lat="50.6985313" lon="-2.7246307">
        <ele>21</ele>
        <time>2023-03-27T13:13:26.000Z</time>
        <speed>1.314</speed>
      </trkpt>
      <trkpt lat="50.6985543" lon="-2.7245446">
        <ele>20</ele>
        <time>2023-03-27T13:13:31.000Z</time>
        <speed>1.308</speed>
      </trkpt>
      <trkpt lat="50.6985753" lon="-2.7244557">
        <ele>20</ele>
        <time>2023-03-27T13:13:36.000Z</time>
        <speed>1.306</speed>
      </trkpt>
      <trkpt lat="50.6985976" lon="-2.7243754">
        <ele>20</ele>
        <time>2023-03-27T13:13:41.000Z</time>
        <speed>1.292</speed>
      </trkpt>
      <trkpt lat="50.6986110" lon="-2.7243055">
        <ele>20</ele>
        <time>2023-03-27T13:13:55.000Z</time>
        <speed>0.000</speed>
      </trkpt>
      <trkpt lat="50.6986072" lon="-2.7242376">
        <ele>20</ele>
        <time>2023-03-27T13:14:00.000Z</time>
        <speed>0.500</speed>
      </trkpt>
      <trkpt lat="50.6985787" lon="-2.7241559">
        <ele>20</ele>
        <time>2023-03-27T13:14:05.000Z</time>
        <speed>1.061</speed>
      </trkpt>
      <trkpt lat="50.6985442" lon="-2.7240724">
        <ele>20</ele>
        <time>2023-03-27T13:14:10.000Z</time>
        <speed>1.106</speed>
      </trkpt>
      <trkpt lat="50.6985043" lon="-2.7239902">
        <ele>20</ele>
        <time>2023-03-27T13:14:15.000Z</time>
        <speed>1.169</speed>
      </trkpt>
      <trkpt lat="50.6984673" lon="-2.7239086">
        <ele>19</ele>
        <time>2023-03-27T13:14:20.000Z</time>
        <speed>1.236</speed>
      </trkpt>
      <trkpt lat="50.6984323" lon="-2.7238199">
        <ele>19</ele>
        <time>2023-03-27T13:14:25.000Z</time>
        <speed>1.283</speed>
      </trkpt>
      <trkpt lat="50.6983953" lon="-2.7237352">
        <ele>19</ele>
        <time>2023-03-27T13:14:30.000Z</time>
        <speed>1.286</speed>
      </trkpt>
      <trkpt lat="50.6983504" lon="-2.7236500">
        <ele>19</ele>
        <time>2023-03-27T13:14:35.000Z</time>
        <speed>1.286</speed>
      </trkpt>
      <trkpt lat="50.6983102" lon="-2.7235683">
        <ele>19</ele>
        <time>2023-03-27T13:14:40.000Z</time>
        <speed>1.300</speed>
      </trkpt>
      <trkpt lat="50.6982743" lon="-2.7235036">
        <ele>18</ele>
        <time>2023-03-27T13:14:45.000Z</time>
        <speed>1.308</speed>
      </trkpt>
      <trkpt lat="50.6982375" lon="-2.7234279">
        <ele>18</ele>
        <time>2023-03-27T13:14:50.000Z</time>
        <speed>1.308</speed>
      </trkpt>
      <trkpt lat="50.6982007" lon="-2.7233511">
        <ele>18</ele>
        <time>2023-03-27T13:14:55.000Z</time>
        <speed>1.300</speed>
      </trkpt>
      <trkpt lat="50.6981710" lon="-2.7232700">
        <ele>18</ele>
        <time>2023-03-27T13:15:00.000Z</time>
        <speed>1.292</speed>
      </trkpt>
      <trkpt lat="50.6981398" lon="-2.7231879">
        <ele>18</ele>
        <time>2023-03-27T13:15:05.000Z</time>
        <speed>1.289</speed>
      </trkpt>
      <trkpt lat="50.6980928" lon="-2.7231202">
        <ele>18</ele>
        <time>2023-03-27T13:15:10.000Z</time>
        <speed>1.292</speed>
      </trkpt>
      <trkpt lat="50.6980529" lon="-2.7230780">
        <ele>18</ele>
        <time>2023-03-27T13:15:15.000Z</time>
        <speed>1.303</speed>
      </trkpt>
      <trkpt lat="50.6980310" lon="-2.7230171">
        <ele>18</ele>
        <time>2023-03-27T13:15:29.000Z</time>
        <speed>1.297</speed>
      </trkpt>
      <trkpt lat="50.6980358" lon="-2.7229653">
        <ele>18</ele>
        <time>2023-03-27T13:15:34.000Z</time>
        <speed>1.272</speed>
      </trkpt>
      <trkpt lat="50.6980291" lon="-2.7229047">
        <ele>18</ele>
        <time>2023-03-27T13:15:39.000Z</time>
        <speed>1.167</speed>
      </trkpt>
      <trkpt lat="50.6979925" lon="-2.7228433">
        <ele>17</ele>
        <time>2023-03-27T13:15:44.000Z</time>
        <speed>1.131</speed>
      </trkpt>
      <trkpt lat="50.6979433" lon="-2.7227877">
        <ele>17</ele>
        <time>2023-03-27T13:15:49.000Z</time>
        <speed>1.075</speed>
      </trkpt>
      <trkpt lat="50.6978936" lon="-2.7227395">
        <ele>17</ele>
        <time>2023-03-27T13:15:54.000Z</time>
        <speed>1.089</speed>
      </trkpt>
      <trkpt lat="50.6978415" lon="-2.7226896">
        <ele>17</ele>
        <time>2023-03-27T13:15:59.000Z</time>
        <speed>1.153</speed>
      </trkpt>
      <trkpt lat="50.6977901" lon="-2.7226390">
        <ele>16</ele>
        <time>2023-03-27T13:16:04.000Z</time>
        <speed>1.169</speed>
      </trkpt>
      <trkpt lat="50.6977337" lon="-2.7225996">
        <ele>16</ele>
        <time>2023-03-27T13:16:09.000Z</time>
        <speed>1.222</speed>
      </trkpt>
      <trkpt lat="50.6976772" lon="-2.7225592">
        <ele>16</ele>
        <time>2023-03-27T13:16:14.000Z</time>
        <speed>1.233</speed>
      </trkpt>
      <trkpt lat="50.6976196" lon="-2.7225183">
        <ele>16</ele>
        <time>2023-03-27T13:16:19.000Z</time>
        <speed>1.264</speed>
      </trkpt>
      <trkpt lat="50.6975620" lon="-2.7224652">
        <ele>16</ele>
        <time>2023-03-27T13:16:24.000Z</time>
        <speed>1.275</speed>
      </trkpt>
      <trkpt lat="50.6975099" lon="-2.7224003">
        <ele>16</ele>
        <time>2023-03-27T13:16:29.000Z</time>
        <speed>1.314</speed>
      </trkpt>
      <trkpt lat="50.6974613" lon="-2.7223345">
        <ele>16</ele>
        <time>2023-03-27T13:16:34.000Z</time>
        <speed>1.325</speed>
      </trkpt>
      <trkpt lat="50.6974230" lon="-2.7222572">
        <ele>15</ele>
        <time>2023-03-27T13:16:39.000Z</time>
        <speed>1.347</speed>
      </trkpt>
      <trkpt lat="50.6973915" lon="-2.7221786">
        <ele>15</ele>
        <time>2023-03-27T13:16:44.000Z</time>
        <speed>1.344</speed>
      </trkpt>
      <trkpt lat="50.6973693" lon="-2.7220940">
        <ele>15</ele>
        <time>2023-03-27T13:16:49.000Z</time>
        <speed>1.331</speed>
      </trkpt>
      <trkpt lat="50.6973509" lon="-2.7220077">
        <ele>14</ele>
        <time>2023-03-27T13:16:54.000Z</time>
        <speed>1.325</speed>
      </trkpt>
      <trkpt lat="50.6973326" lon="-2.7219207">
        <ele>14</ele>
        <time>2023-03-27T13:16:59.000Z</time>
        <speed>1.317</speed>
      </trkpt>
      <trkpt lat="50.6973132" lon="-2.7218359">
        <ele>14</ele>
        <time>2023-03-27T13:17:04.000Z</time>
        <speed>1.314</speed>
      </trkpt>
      <trkpt lat="50.6973091" lon="-2.7217465">
        <ele>13</ele>
        <time>2023-03-27T13:17:09.000Z</time>
        <speed>1.297</speed>
      </trkpt>
      <trkpt lat="50.6973104" lon="-2.7216584">
        <ele>13</ele>
        <time>2023-03-27T13:17:14.000Z</time>
        <speed>1.289</speed>
      </trkpt>
      <trkpt lat="50.6972890" lon="-2.7215807">
        <ele>13</ele>
        <time>2023-03-27T13:17:19.000Z</time>
        <speed>1.261</speed>
      </trkpt>
      <trkpt lat="50.6972429" lon="-2.7215352">
        <ele>13</ele>
        <time>2023-03-27T13:17:24.000Z</time>
        <speed>1.247</speed>
      </trkpt>
      <trkpt lat="50.6971892" lon="-2.7215305">
        <ele>12</ele>
        <time>2023-03-27T13:17:29.000Z</time>
        <speed>1.211</speed>
      </trkpt>
      <trkpt lat="50.6971424" lon="-2.7214981">
        <ele>12</ele>
        <time>2023-03-27T13:17:34.000Z</time>
        <speed>1.203</speed>
      </trkpt>
      <trkpt lat="50.6971064" lon="-2.7214258">
        <ele>12</ele>
        <time>2023-03-27T13:17:39.000Z</time>
        <speed>1.203</speed>
      </trkpt>
      <trkpt lat="50.6970722" lon="-2.7213607">
        <ele>11</ele>
        <time>2023-03-27T13:17:44.000Z</time>
        <speed>1.211</speed>
      </trkpt>
      <trkpt lat="50.6970254" lon="-2.7213370">
        <ele>11</ele>
        <time>2023-03-27T13:17:49.000Z</time>
        <speed>1.228</speed>
      </trkpt>
      <trkpt lat="50.6969820" lon="-2.7213737">
        <ele>11</ele>
        <time>2023-03-27T13:17:54.000Z</time>
        <speed>1.228</speed>
      </trkpt>
      <trkpt lat="50.6969526" lon="-2.7214201">
        <ele>10</ele>
        <time>2023-03-27T13:18:08.000Z</time>
        <speed>1.225</speed>
      </trkpt>
      <trkpt lat="50.6969508" lon="-2.7214968">
        <ele>9</ele>
        <time>2023-03-27T13:18:13.000Z</time>
        <speed>1.164</speed>
      </trkpt>
      <trkpt lat="50.6969750" lon="-2.7215703">
        <ele>0</ele>
        <time>2023-03-27T13:18:18.000Z</time>
        <speed>1.108</speed>
      </trkpt>
    </trkseg>
  </trk>
</gpx>
