<?xml version="1.0" encoding="UTF-8"?>
<gpx xmlns="http://www.topografix.com/GPX/1/0" xmlns:xsi="http://www.w3.org/2001/XMLSchema-instance" creator="GPS Wizard - https://github.com/Logiqx/gps-wizard" version="1.0" xsi:schemaLocation="http://www.topografix.com/GPX/1/0 http://www.topografix.com/GPX/1/0/gpx.xsd">
  <trk>
    <trkseg>
      <trkpt lat="50.7045462" lon="-3.0677374">
        <ele>5</ele>
        <time>2023-08-22T10:39:11.000Z</time>
        <speed>0.000</speed>
      </trkpt>
      <trkpt lat="50.7045207" lon="-3.0677892">
        <ele>5</ele>
        <time>2023-08-22T10:39:16.000Z</time>
        <speed>0.000</speed>
      </trkpt>
      <trkpt lat="50.7044986" lon="-3.0678287">
        <ele>5</ele>
        <time>2023-08-22T10:39:21.000Z</time>
        <speed>0.000</speed>
      </trkpt>
      <trkpt lat="50.7044764" lon="-3.0678561">
        <ele>5</ele>
        <time>2023-08-22T10:39:45.000Z</time>
        <speed>0.000</speed>
      </trkpt>
      <trkpt lat="50.7044557" lon="-3.0677747">
        <ele>5</ele>
        <time>2023-08-22T10:39:50.000Z</time>
        <speed>0.506</speed>
      </trkpt>
      <trkpt lat="50.7044171" lon="-3.0677263">
        <ele>5</ele>
        <time>2023-08-22T10:39:55.000Z</time>
        <speed>0.950</speed>
      </trkpt>
      <trkpt lat="50.7043725" lon="-3.0676909">
        <ele>5</ele>
        <time>2023-08-22T10:40:00.000Z</time>
        <speed>0.953</speed>
      </trkpt>
      <trkpt lat="50.7043505" lon="-3.0676225">
        <ele>5</ele>
        <time>2023-08-22T10:40:05.000Z</time>
        <speed>0.967</speed>
      </trkpt>
      <trkpt lat="50.7043521" lon="-3.0675443">
        <ele>5</ele>
        <time>2023-08-22T10:40:10.000Z</time>
        <speed>1.011</speed>
      </trkpt>
      <trkpt lat="50.7043681" lon="-3.0674596">
        <ele>5</ele>
        <time>2023-08-22T10:40:15.000Z</time>
        <speed>1.069</speed>
      </trkpt>
      <trkpt lat="50.7043824" lon="-3.0673739">
        <ele>5</ele>
        <time>2023-08-22T10:40:20.000Z</time>
        <speed>1.092</speed>
      </trkpt>
      <trkpt lat="50.7043871" lon="-3.0672881">
        <ele>5</ele>
        <time>2023-08-22T10:40:25.000Z</time>
        <speed>1.100</speed>
      </trkpt>
      <trkpt lat="50.7043666" lon="-3.0672011">
        <ele>5</ele>
        <time>2023-08-22T10:40:36.000Z</time>
        <speed>0.000</speed>
      </trkpt>
      <trkpt lat="50.7043378" lon="-3.0671503">
        <ele>5</ele>
        <time>2023-08-22T10:40:41.000Z</time>
        <speed>1.053</speed>
      </trkpt>
      <trkpt lat="50.7043048" lon="-3.0671167">
        <ele>4</ele>
        <time>2023-08-22T10:40:46.000Z</time>
        <speed>1.083</speed>
      </trkpt>
      <trkpt lat="50.7042516" lon="-3.0671410">
        <ele>4</ele>
        <time>2023-08-22T10:40:51.000Z</time>
        <speed>1.192</speed>
      </trkpt>
      <trkpt lat="50.7041925" lon="-3.0671465">
        <ele>5</ele>
        <time>2023-08-22T10:40:56.000Z</time>
        <speed>1.208</speed>
      </trkpt>
      <trkpt lat="50.7041304" lon="-3.0671540">
        <ele>5</ele>
        <time>2023-08-22T10:41:01.000Z</time>
        <speed>1.217</speed>
      </trkpt>
      <trkpt lat="50.7040667" lon="-3.0671628">
        <ele>6</ele>
        <time>2023-08-22T10:41:06.000Z</time>
        <speed>1.231</speed>
      </trkpt>
      <trkpt lat="50.7040038" lon="-3.0671514">
        <ele>6</ele>
        <time>2023-08-22T10:41:11.000Z</time>
        <speed>1.236</speed>
      </trkpt>
      <trkpt lat="50.7039578" lon="-3.0671399">
        <ele>6</ele>
        <time>2023-08-22T10:41:16.000Z</time>
        <speed>1.236</speed>
      </trkpt>
      <trkpt lat="50.7039089" lon="-3.0671391">
        <ele>7</ele>
        <time>2023-08-22T10:41:21.000Z</time>
        <speed>1.206</speed>
      </trkpt>
      <trkpt lat="50.7038451" lon="-3.0671369">
        <ele>7</ele>
        <time>2023-08-22T10:41:26.000Z</time>
        <speed>1.150</speed>
      </trkpt>
      <trkpt lat="50.7037773" lon="-3.0671369">
        <ele>7</ele>
        <time>2023-08-22T10:41:31.000Z</time>
        <speed>1.125</speed>
      </trkpt>
      <trkpt lat="50.7037217" lon="-3.0671120">
        <ele>7</ele>
        <time>2023-08-22T10:41:36.000Z</time>
        <speed>1.161</speed>
      </trkpt>
      <trkpt lat="50.7036810" lon="-3.0670568">
        <ele>7</ele>
        <time>2023-08-22T10:41:41.000Z</time>
        <speed>1.197</speed>
      </trkpt>
      <trkpt lat="50.7036238" lon="-3.0670141">
        <ele>7</ele>
        <time>2023-08-22T10:41:46.000Z</time>
        <speed>1.211</speed>
      </trkpt>
      <trkpt lat="50.7035879" lon="-3.0669786">
        <ele>7</ele>
        <time>2023-08-22T10:41:56.000Z</time>
        <speed>0.000</speed>
      </trkpt>
      <trkpt lat="50.7035758" lon="-3.0669191">
        <ele>7</ele>
        <time>2023-08-22T10:42:01.000Z</time>
        <speed>1.053</speed>
      </trkpt>
      <trkpt lat="50.7035668" lon="-3.0668533">
        <ele>7</ele>
        <time>2023-08-22T10:42:06.000Z</time>
        <speed>1.069</speed>
      </trkpt>
      <trkpt lat="50.7035158" lon="-3.0668583">
        <ele>7</ele>
        <time>2023-08-22T10:42:46.000Z</time>
        <speed>0.000</speed>
      </trkpt>
      <trkpt lat="50.7035174" lon="-3.0668631">
        <ele>7</ele>
        <time>2023-08-22T10:43:02.000Z</time>
        <speed>0.000</speed>
      </trkpt>
      <trkpt lat="50.7035358" lon="-3.0668188">
        <ele>7</ele>
        <time>2023-08-22T10:43:07.000Z</time>
        <speed>0.000</speed>
      </trkpt>
      <trkpt lat="50.7035511" lon="-3.0667796">
        <ele>7</ele>
        <time>2023-08-22T10:43:12.000Z</time>
        <speed>0.000</speed>
      </trkpt>
      <trkpt lat="50.7035549" lon="-3.0667511">
        <ele>7</ele>
        <time>2023-08-22T10:43:17.000Z</time>
        <speed>0.000</speed>
      </trkpt>
      <trkpt lat="50.7035518" lon="-3.0666773">
        <ele>7</ele>
        <time>2023-08-22T10:43:22.000Z</time>
        <speed>0.558</speed>
      </trkpt>
      <trkpt lat="50.7035521" lon="-3.0665873">
        <ele>7</ele>
        <time>2023-08-22T10:43:27.000Z</time>
        <speed>1.103</speed>
      </trkpt>
      <trkpt lat="50.7035454" lon="-3.0664957">
        <ele>7</ele>
        <time>2023-08-22T10:43:32.000Z</time>
        <speed>1.108</speed>
      </trkpt>
      <trkpt lat="50.7035363" lon="-3.0664023">
        <ele>7</ele>
        <time>2023-08-22T10:43:37.000Z</time>
        <speed>1.144</speed>
      </trkpt>
      <trkpt lat="50.7035318" lon="-3.0663083">
        <ele>7</ele>
        <time>2023-08-22T10:43:42.000Z</time>
        <speed>1.181</speed>
      </trkpt>
      <trkpt lat="50.7035344" lon="-3.0662124">
        <ele>7</ele>
        <time>2023-08-22T10:43:47.000Z</time>
        <speed>1.208</speed>
      </trkpt>
      <trkpt lat="50.7035444" lon="-3.0661149">
        <ele>7</ele>
        <time>2023-08-22T10:43:52.000Z</time>
        <speed>1.219</speed>
      </trkpt>
      <trkpt lat="50.7035446" lon="-3.0660154">
        <ele>7</ele>
        <time>2023-08-22T10:43:57.000Z</time>
        <speed>1.225</speed>
      </trkpt>
      <trkpt lat="50.7035432" lon="-3.0659214">
        <ele>7</ele>
        <time>2023-08-22T10:44:02.000Z</time>
        <speed>1.231</speed>
      </trkpt>
      <trkpt lat="50.7035385" lon="-3.0658338">
        <ele>7</ele>
        <time>2023-08-22T10:44:07.000Z</time>
        <speed>1.236</speed>
      </trkpt>
      <trkpt lat="50.7035330" lon="-3.0657415">
        <ele>7</ele>
        <time>2023-08-22T10:44:12.000Z</time>
        <speed>1.239</speed>
      </trkpt>
      <trkpt lat="50.7035295" lon="-3.0656432">
        <ele>7</ele>
        <time>2023-08-22T10:44:17.000Z</time>
        <speed>1.242</speed>
      </trkpt>
      <trkpt lat="50.7035289" lon="-3.0655496">
        <ele>7</ele>
        <time>2023-08-22T10:44:22.000Z</time>
        <speed>1.256</speed>
      </trkpt>
      <trkpt lat="50.7035284" lon="-3.0654561">
        <ele>7</ele>
        <time>2023-08-22T10:44:27.000Z</time>
        <speed>1.269</speed>
      </trkpt>
      <trkpt lat="50.7035283" lon="-3.0653674">
        <ele>7</ele>
        <time>2023-08-22T10:44:32.000Z</time>
        <speed>1.278</speed>
      </trkpt>
      <trkpt lat="50.7035287" lon="-3.0652696">
        <ele>7</ele>
        <time>2023-08-22T10:45:46.000Z</time>
        <speed>0.711</speed>
      </trkpt>
      <trkpt lat="50.7035240" lon="-3.0651806">
        <ele>7</ele>
        <time>2023-08-22T10:45:51.000Z</time>
        <speed>0.961</speed>
      </trkpt>
      <trkpt lat="50.7035224" lon="-3.0650847">
        <ele>7</ele>
        <time>2023-08-22T10:45:56.000Z</time>
        <speed>1.042</speed>
      </trkpt>
      <trkpt lat="50.7035223" lon="-3.0649944">
        <ele>7</ele>
        <time>2023-08-22T10:46:01.000Z</time>
        <speed>1.042</speed>
      </trkpt>
      <trkpt lat="50.7035207" lon="-3.0649079">
        <ele>7</ele>
        <time>2023-08-22T10:46:06.000Z</time>
        <speed>1.069</speed>
      </trkpt>
      <trkpt lat="50.7035205" lon="-3.0648198">
        <ele>7</ele>
        <time>2023-08-22T10:46:11.000Z</time>
        <speed>1.122</speed>
      </trkpt>
      <trkpt lat="50.7035215" lon="-3.0647276">
        <ele>7</ele>
        <time>2023-08-22T10:46:16.000Z</time>
        <speed>1.136</speed>
      </trkpt>
      <trkpt lat="50.7035192" lon="-3.0646356">
        <ele>7</ele>
        <time>2023-08-22T10:46:21.000Z</time>
        <speed>1.142</speed>
      </trkpt>
      <trkpt lat="50.7035187" lon="-3.0645402">
        <ele>8</ele>
        <time>2023-08-22T10:46:26.000Z</time>
        <speed>1.169</speed>
      </trkpt>
      <trkpt lat="50.7035144" lon="-3.0644490">
        <ele>7</ele>
        <time>2023-08-22T10:46:31.000Z</time>
        <speed>1.214</speed>
      </trkpt>
      <trkpt lat="50.7035124" lon="-3.0643585">
        <ele>7</ele>
        <time>2023-08-22T10:46:36.000Z</time>
        <speed>1.244</speed>
      </trkpt>
      <trkpt lat="50.7035110" lon="-3.0642661">
        <ele>7</ele>
        <time>2023-08-22T10:46:41.000Z</time>
        <speed>1.256</speed>
      </trkpt>
      <trkpt lat="50.7035155" lon="-3.0641682">
        <ele>7</ele>
        <time>2023-08-22T10:46:46.000Z</time>
        <speed>1.253</speed>
      </trkpt>
      <trkpt lat="50.7035163" lon="-3.0640704">
        <ele>7</ele>
        <time>2023-08-22T10:46:51.000Z</time>
        <speed>1.258</speed>
      </trkpt>
      <trkpt lat="50.7035123" lon="-3.0639718">
        <ele>7</ele>
        <time>2023-08-22T10:46:56.000Z</time>
        <speed>1.269</speed>
      </trkpt>
      <trkpt lat="50.7034962" lon="-3.0638735">
        <ele>8</ele>
        <time>2023-08-22T10:47:01.000Z</time>
        <speed>1.278</speed>
      </trkpt>
      <trkpt lat="50.7034712" lon="-3.0637791">
        <ele>8</ele>
        <time>2023-08-22T10:47:06.000Z</time>
        <speed>1.286</speed>
      </trkpt>
      <trkpt lat="50.7034677" lon="-3.0636864">
        <ele>8</ele>
        <time>2023-08-22T10:47:11.000Z</time>
        <speed>1.306</speed>
      </trkpt>
      <trkpt lat="50.7034855" lon="-3.0636035">
        <ele>8</ele>
        <time>2023-08-22T10:47:16.000Z</time>
        <speed>1.317</speed>
      </trkpt>
      <trkpt lat="50.7034899" lon="-3.0635062">
        <ele>8</ele>
        <time>2023-08-22T10:47:21.000Z</time>
        <speed>1.314</speed>
      </trkpt>
      <trkpt lat="50.7034860" lon="-3.0634053">
        <ele>8</ele>
        <time>2023-08-22T10:47:26.000Z</time>
        <speed>1.311</speed>
      </trkpt>
      <trkpt lat="50.7034803" lon="-3.0633103">
        <ele>8</ele>
        <time>2023-08-22T10:47:31.000Z</time>
        <speed>1.314</speed>
      </trkpt>
      <trkpt lat="50.7034798" lon="-3.0632152">
        <ele>8</ele>
        <time>2023-08-22T10:47:36.000Z</time>
        <speed>1.317</speed>
      </trkpt>
      <trkpt lat="50.7034786" lon="-3.0631209">
        <ele>8</ele>
        <time>2023-08-22T10:47:41.000Z</time>
        <speed>1.314</speed>
      </trkpt>
      <trkpt lat="50.7034758" lon="-3.0630250">
        <ele>8</ele>
        <time>2023-08-22T10:47:46.000Z</time>
        <speed>1.308</speed>
      </trkpt>
      <trkpt lat="50.7034748" lon="-3.0629251">
        <ele>8</ele>
        <time>2023-08-22T10:47:51.000Z</time>
        <speed>1.306</speed>
      </trkpt>
      <trkpt lat="50.7034714" lon="-3.0628250">
        <ele>8</ele>
        <time>2023-08-22T10:47:56.000Z</time>
        <speed>1.308</speed>
      </trkpt>
      <trkpt lat="50.7034692" lon="-3.0627306">
        <ele>8</ele>
        <time>2023-08-22T10:48:01.000Z</time>
        <speed>1.317</speed>
      </trkpt>
      <trkpt lat="50.7034662" lon="-3.0626426">
        <ele>8</ele>
        <time>2023-08-22T10:48:06.000Z</time>
        <speed>1.336</speed>
      </trkpt>
      <trkpt lat="50.7034520" lon="-3.0625524">
        <ele>8</ele>
        <time>2023-08-22T10:48:11.000Z</time>
        <speed>1.347</speed>
      </trkpt>
      <trkpt lat="50.7034461" lon="-3.0624568">
        <ele>8</ele>
        <time>2023-08-22T10:48:16.000Z</time>
        <speed>1.342</speed>
      </trkpt>
      <trkpt lat="50.7034463" lon="-3.0623585">
        <ele>8</ele>
        <time>2023-08-22T10:48:21.000Z</time>
        <speed>1.353</speed>
      </trkpt>
      <trkpt lat="50.7034438" lon="-3.0622568">
        <ele>8</ele>
        <time>2023-08-22T10:48:26.000Z</time>
        <speed>1.372</speed>
      </trkpt>
      <trkpt lat="50.7034388" lon="-3.0621598">
        <ele>8</ele>
        <time>2023-08-22T10:48:31.000Z</time>
        <speed>1.383</speed>
      </trkpt>
      <trkpt lat="50.7034376" lon="-3.0620606">
        <ele>8</ele>
        <time>2023-08-22T10:48:36.000Z</time>
        <speed>1.381</speed>
      </trkpt>
      <trkpt lat="50.7034390" lon="-3.0619620">
        <ele>8</ele>
        <time>2023-08-22T10:48:41.000Z</time>
        <speed>1.369</speed>
      </trkpt>
      <trkpt lat="50.7034364" lon="-3.0618632">
        <ele>8</ele>
        <time>2023-08-22T10:48:46.000Z</time>
        <speed>1.358</speed>
      </trkpt>
      <trkpt lat="50.7034334" lon="-3.0617637">
        <ele>8</ele>
        <time>2023-08-22T10:48:51.000Z</time>
        <speed>1.356</speed>
      </trkpt>
      <trkpt lat="50.7034257" lon="-3.0616636">
        <ele>8</ele>
        <time>2023-08-22T10:48:56.000Z</time>
        <speed>1.356</speed>
      </trkpt>
      <trkpt lat="50.7034224" lon="-3.0615646">
        <ele>8</ele>
        <time>2023-08-22T10:49:01.000Z</time>
        <speed>1.353</speed>
      </trkpt>
      <trkpt lat="50.7034188" lon="-3.0614663">
        <ele>8</ele>
        <time>2023-08-22T10:49:06.000Z</time>
        <speed>1.333</speed>
      </trkpt>
      <trkpt lat="50.7034144" lon="-3.0613679">
        <ele>8</ele>
        <time>2023-08-22T10:49:11.000Z</time>
        <speed>1.319</speed>
      </trkpt>
      <trkpt lat="50.7034100" lon="-3.0612737">
        <ele>8</ele>
        <time>2023-08-22T10:49:16.000Z</time>
        <speed>1.328</speed>
      </trkpt>
      <trkpt lat="50.7034028" lon="-3.0611766">
        <ele>8</ele>
        <time>2023-08-22T10:49:21.000Z</time>
        <speed>1.331</speed>
      </trkpt>
      <trkpt lat="50.7033974" lon="-3.0610782">
        <ele>8</ele>
        <time>2023-08-22T10:49:26.000Z</time>
        <speed>1.333</speed>
      </trkpt>
      <trkpt lat="50.7034012" lon="-3.0609977">
        <ele>8</ele>
        <time>2023-08-22T10:49:31.000Z</time>
        <speed>1.336</speed>
      </trkpt>
      <trkpt lat="50.7034025" lon="-3.0609278">
        <ele>8</ele>
        <time>2023-08-22T10:49:45.000Z</time>
        <speed>0.000</speed>
      </trkpt>
      <trkpt lat="50.7034003" lon="-3.0609095">
        <ele>8</ele>
        <time>2023-08-22T10:49:50.000Z</time>
        <speed>0.000</speed>
      </trkpt>
      <trkpt lat="50.7034015" lon="-3.0609358">
        <ele>8</ele>
        <time>2023-08-22T10:49:55.000Z</time>
        <speed>0.953</speed>
      </trkpt>
      <trkpt lat="50.7034235" lon="-3.0609998">
        <ele>8</ele>
        <time>2023-08-22T10:50:00.000Z</time>
        <speed>1.008</speed>
      </trkpt>
      <trkpt lat="50.7034771" lon="-3.0610088">
        <ele>8</ele>
        <time>2023-08-22T10:50:05.000Z</time>
        <speed>1.033</speed>
      </trkpt>
      <trkpt lat="50.7035258" lon="-3.0609933">
        <ele>8</ele>
        <time>2023-08-22T10:50:10.000Z</time>
        <speed>1.056</speed>
      </trkpt>
      <trkpt lat="50.7035490" lon="-3.0609200">
        <ele>8</ele>
        <time>2023-08-22T10:50:15.000Z</time>
        <speed>1.075</speed>
      </trkpt>
      <trkpt lat="50.7036012" lon="-3.0608980">
        <ele>8</ele>
        <time>2023-08-22T10:50:20.000Z</time>
        <speed>1.117</speed>
      </trkpt>
      <trkpt lat="50.7036611" lon="-3.0609164">
        <ele>7</ele>
        <time>2023-08-22T10:50:25.000Z</time>
        <speed>1.136</speed>
      </trkpt>
      <trkpt lat="50.7037159" lon="-3.0609385">
        <ele>7</ele>
        <time>2023-08-22T10:50:30.000Z</time>
        <speed>1.158</speed>
      </trkpt>
      <trkpt lat="50.7037701" lon="-3.0609586">
        <ele>7</ele>
        <time>2023-08-22T10:50:35.000Z</time>
        <speed>1.222</speed>
      </trkpt>
      <trkpt lat="50.7038315" lon="-3.0609670">
        <ele>7</ele>
        <time>2023-08-22T10:50:40.000Z</time>
        <speed>1.239</speed>
      </trkpt>
      <trkpt lat="50.7038941" lon="-3.0609742">
        <ele>7</ele>
        <time>2023-08-22T10:50:45.000Z</time>
        <speed>1.272</speed>
      </trkpt>
      <trkpt lat="50.7039514" lon="-3.0609808">
        <ele>6</ele>
        <time>2023-08-22T10:50:50.000Z</time>
        <speed>1.275</speed>
      </trkpt>
      <trkpt lat="50.7040142" lon="-3.0609909">
        <ele>6</ele>
        <time>2023-08-22T10:50:55.000Z</time>
        <speed>1.278</speed>
      </trkpt>
      <trkpt lat="50.7040725" lon="-3.0610063">
        <ele>6</ele>
        <time>2023-08-22T10:51:00.000Z</time>
        <speed>1.275</speed>
      </trkpt>
      <trkpt lat="50.7041311" lon="-3.0610233">
        <ele>6</ele>
        <time>2023-08-22T10:51:05.000Z</time>
        <speed>1.269</speed>
      </trkpt>
      <trkpt lat="50.7041909" lon="-3.0610306">
        <ele>6</ele>
        <time>2023-08-22T10:51:10.000Z</time>
        <speed>1.264</speed>
      </trkpt>
      <trkpt lat="50.7042464" lon="-3.0610374">
        <ele>6</ele>
        <time>2023-08-22T10:51:15.000Z</time>
        <speed>1.239</speed>
      </trkpt>
      <trkpt lat="50.7042953" lon="-3.0610425">
        <ele>6</ele>
        <time>2023-08-22T10:51:20.000Z</time>
        <speed>0.000</speed>
      </trkpt>
      <trkpt lat="50.7043464" lon="-3.0610290">
        <ele>6</ele>
        <time>2023-08-22T10:51:35.000Z</time>
        <speed>0.000</speed>
      </trkpt>
      <trkpt lat="50.7043967" lon="-3.0609836">
        <ele>6</ele>
        <time>2023-08-22T10:51:40.000Z</time>
        <speed>1.214</speed>
      </trkpt>
      <trkpt lat="50.7044377" lon="-3.0608923">
        <ele>6</ele>
        <time>2023-08-22T10:51:45.000Z</time>
        <speed>1.197</speed>
      </trkpt>
      <trkpt lat="50.7044537" lon="-3.0607929">
        <ele>6</ele>
        <time>2023-08-22T10:51:50.000Z</time>
        <speed>1.175</speed>
      </trkpt>
      <trkpt lat="50.7044640" lon="-3.0607032">
        <ele>6</ele>
        <time>2023-08-22T10:51:55.000Z</time>
        <speed>1.175</speed>
      </trkpt>
      <trkpt lat="50.7044744" lon="-3.0606111">
        <ele>6</ele>
        <time>2023-08-22T10:52:00.000Z</time>
        <speed>1.175</speed>
      </trkpt>
      <trkpt lat="50.7044847" lon="-3.0605137">
        <ele>6</ele>
        <time>2023-08-22T10:52:05.000Z</time>
        <speed>1.192</speed>
      </trkpt>
      <trkpt lat="50.7044941" lon="-3.0604163">
        <ele>6</ele>
        <time>2023-08-22T10:52:10.000Z</time>
        <speed>1.197</speed>
      </trkpt>
      <trkpt lat="50.7044990" lon="-3.0603215">
        <ele>6</ele>
        <time>2023-08-22T10:52:15.000Z</time>
        <speed>1.203</speed>
      </trkpt>
      <trkpt lat="50.7045082" lon="-3.0602313">
        <ele>6</ele>
        <time>2023-08-22T10:52:20.000Z</time>
        <speed>1.225</speed>
      </trkpt>
      <trkpt lat="50.7045186" lon="-3.0601412">
        <ele>7</ele>
        <time>2023-08-22T10:52:41.000Z</time>
        <speed>0.000</speed>
      </trkpt>
      <trkpt lat="50.7045296" lon="-3.0600810">
        <ele>7</ele>
        <time>2023-08-22T10:52:46.000Z</time>
        <speed>0.722</speed>
      </trkpt>
      <trkpt lat="50.7045473" lon="-3.0600083">
        <ele>7</ele>
        <time>2023-08-22T10:52:51.000Z</time>
        <speed>1.617</speed>
      </trkpt>
      <trkpt lat="50.7045611" lon="-3.0599500">
        <ele>7</ele>
        <time>2023-08-22T10:52:56.000Z</time>
        <speed>1.511</speed>
      </trkpt>
      <trkpt lat="50.7045702" lon="-3.0598959">
        <ele>8</ele>
        <time>2023-08-22T10:53:01.000Z</time>
        <speed>1.247</speed>
      </trkpt>
      <trkpt lat="50.7045978" lon="-3.0598236">
        <ele>8</ele>
        <time>2023-08-22T10:53:06.000Z</time>
        <speed>1.103</speed>
      </trkpt>
      <trkpt lat="50.7046122" lon="-3.0597407">
        <ele>8</ele>
        <time>2023-08-22T10:53:11.000Z</time>
        <speed>0.992</speed>
      </trkpt>
      <trkpt lat="50.7046129" lon="-3.0596580">
        <ele>8</ele>
        <time>2023-08-22T10:53:16.000Z</time>
        <speed>0.994</speed>
      </trkpt>
      <trkpt lat="50.7046246" lon="-3.0595636">
        <ele>8</ele>
        <time>2023-08-22T10:53:21.000Z</time>
        <speed>1.011</speed>
      </trkpt>
      <trkpt lat="50.7046463" lon="-3.0594673">
        <ele>8</ele>
        <time>2023-08-22T10:53:26.000Z</time>
        <speed>1.078</speed>
      </trkpt>
      <trkpt lat="50.7046612" lon="-3.0593701">
        <ele>8</ele>
        <time>2023-08-22T10:53:31.000Z</time>
        <speed>1.156</speed>
      </trkpt>
      <trkpt lat="50.7046666" lon="-3.0592813">
        <ele>8</ele>
        <time>2023-08-22T10:53:36.000Z</time>
        <speed>1.192</speed>
      </trkpt>
      <trkpt lat="50.7046745" lon="-3.0591997">
        <ele>8</ele>
        <time>2023-08-22T10:53:41.000Z</time>
        <speed>1.167</speed>
      </trkpt>
      <trkpt lat="50.7046888" lon="-3.0591258">
        <ele>8</ele>
        <time>2023-08-22T10:53:46.000Z</time>
        <speed>1.122</speed>
      </trkpt>
      <trkpt lat="50.7047078" lon="-3.0590463">
        <ele>8</ele>
        <time>2023-08-22T10:53:51.000Z</time>
        <speed>1.086</speed>
      </trkpt>
      <trkpt lat="50.7047289" lon="-3.0589639">
        <ele>8</ele>
        <time>2023-08-22T10:53:56.000Z</time>
        <speed>1.072</speed>
      </trkpt>
      <trkpt lat="50.7047446" lon="-3.0588824">
        <ele>8</ele>
        <time>2023-08-22T10:54:01.000Z</time>
        <speed>1.092</speed>
      </trkpt>
      <trkpt lat="50.7047720" lon="-3.0588095">
        <ele>8</ele>
        <time>2023-08-22T10:54:06.000Z</time>
        <speed>1.122</speed>
      </trkpt>
      <trkpt lat="50.7048142" lon="-3.0587658">
        <ele>7</ele>
        <time>2023-08-22T10:54:11.000Z</time>
        <speed>1.139</speed>
      </trkpt>
      <trkpt lat="50.7048536" lon="-3.0587524">
        <ele>7</ele>
        <time>2023-08-22T10:54:16.000Z</time>
        <speed>1.144</speed>
      </trkpt>
      <trkpt lat="50.7049055" lon="-3.0587488">
        <ele>7</ele>
        <time>2023-08-22T10:54:21.000Z</time>
        <speed>1.144</speed>
      </trkpt>
      <trkpt lat="50.7049613" lon="-3.0587447">
        <ele>7</ele>
        <time>2023-08-22T10:54:26.000Z</time>
        <speed>1.142</speed>
      </trkpt>
      <trkpt lat="50.7050112" lon="-3.0587405">
        <ele>7</ele>
        <time>2023-08-22T10:54:31.000Z</time>
        <speed>1.128</speed>
      </trkpt>
      <trkpt lat="50.7050652" lon="-3.0587565">
        <ele>7</ele>
        <time>2023-08-22T10:54:36.000Z</time>
        <speed>1.114</speed>
      </trkpt>
      <trkpt lat="50.7051250" lon="-3.0587767">
        <ele>7</ele>
        <time>2023-08-22T10:54:41.000Z</time>
        <speed>1.119</speed>
      </trkpt>
      <trkpt lat="50.7051900" lon="-3.0587463">
        <ele>7</ele>
        <time>2023-08-22T10:54:46.000Z</time>
        <speed>1.164</speed>
      </trkpt>
      <trkpt lat="50.7052508" lon="-3.0586980">
        <ele>7</ele>
        <time>2023-08-22T10:54:51.000Z</time>
        <speed>1.233</speed>
      </trkpt>
      <trkpt lat="50.7053098" lon="-3.0586558">
        <ele>7</ele>
        <time>2023-08-22T10:54:56.000Z</time>
        <speed>1.283</speed>
      </trkpt>
      <trkpt lat="50.7053710" lon="-3.0586166">
        <ele>7</ele>
        <time>2023-08-22T10:55:01.000Z</time>
        <speed>1.308</speed>
      </trkpt>
      <trkpt lat="50.7054315" lon="-3.0585769">
        <ele>7</ele>
        <time>2023-08-22T10:55:06.000Z</time>
        <speed>1.322</speed>
      </trkpt>
      <trkpt lat="50.7054923" lon="-3.0585425">
        <ele>7</ele>
        <time>2023-08-22T10:55:11.000Z</time>
        <speed>1.333</speed>
      </trkpt>
      <trkpt lat="50.7055473" lon="-3.0585089">
        <ele>7</ele>
        <time>2023-08-22T10:55:16.000Z</time>
        <speed>0.661</speed>
      </trkpt>
      <trkpt lat="50.7055888" lon="-3.0584881">
        <ele>6</ele>
        <time>2023-08-22T10:55:28.000Z</time>
        <speed>1.122</speed>
      </trkpt>
      <trkpt lat="50.7056128" lon="-3.0585537">
        <ele>6</ele>
        <time>2023-08-22T10:55:33.000Z</time>
        <speed>1.069</speed>
      </trkpt>
      <trkpt lat="50.7056588" lon="-3.0585643">
        <ele>6</ele>
        <time>2023-08-22T10:55:38.000Z</time>
        <speed>1.083</speed>
      </trkpt>
      <trkpt lat="50.7057148" lon="-3.0585340">
        <ele>6</ele>
        <time>2023-08-22T10:55:43.000Z</time>
        <speed>1.083</speed>
      </trkpt>
      <trkpt lat="50.7057688" lon="-3.0585094">
        <ele>6</ele>
        <time>2023-08-22T10:55:48.000Z</time>
        <speed>1.094</speed>
      </trkpt>
      <trkpt lat="50.7058191" lon="-3.0584894">
        <ele>6</ele>
        <time>2023-08-22T10:55:53.000Z</time>
        <speed>1.078</speed>
      </trkpt>
      <trkpt lat="50.7058704" lon="-3.0584737">
        <ele>6</ele>
        <time>2023-08-22T10:55:58.000Z</time>
        <speed>1.075</speed>
      </trkpt>
      <trkpt lat="50.7059162" lon="-3.0584365">
        <ele>6</ele>
        <time>2023-08-22T10:56:03.000Z</time>
        <speed>1.078</speed>
      </trkpt>
      <trkpt lat="50.7059617" lon="-3.0584084">
        <ele>6</ele>
        <time>2023-08-22T10:56:08.000Z</time>
        <speed>1.086</speed>
      </trkpt>
      <trkpt lat="50.7059959" lon="-3.0584121">
        <ele>6</ele>
        <time>2023-08-22T10:56:35.000Z</time>
        <speed>0.000</speed>
      </trkpt>
      <trkpt lat="50.7059828" lon="-3.0584064">
        <ele>6</ele>
        <time>2023-08-22T10:56:40.000Z</time>
        <speed>1.178</speed>
      </trkpt>
      <trkpt lat="50.7059307" lon="-3.0584094">
        <ele>6</ele>
        <time>2023-08-22T10:56:45.000Z</time>
        <speed>1.167</speed>
      </trkpt>
      <trkpt lat="50.7058681" lon="-3.0584247">
        <ele>6</ele>
        <time>2023-08-22T10:56:50.000Z</time>
        <speed>0.567</speed>
      </trkpt>
      <trkpt lat="50.7058242" lon="-3.0583971">
        <ele>6</ele>
        <time>2023-08-22T10:57:00.000Z</time>
        <speed>1.164</speed>
      </trkpt>
      <trkpt lat="50.7057918" lon="-3.0583288">
        <ele>6</ele>
        <time>2023-08-22T10:57:05.000Z</time>
        <speed>1.058</speed>
      </trkpt>
      <trkpt lat="50.7057773" lon="-3.0582688">
        <ele>6</ele>
        <time>2023-08-22T10:57:10.000Z</time>
        <speed>1.019</speed>
      </trkpt>
      <trkpt lat="50.7057766" lon="-3.0582071">
        <ele>6</ele>
        <time>2023-08-22T10:57:15.000Z</time>
        <speed>0.989</speed>
      </trkpt>
      <trkpt lat="50.7057690" lon="-3.0581453">
        <ele>7</ele>
        <time>2023-08-22T10:57:20.000Z</time>
        <speed>0.950</speed>
      </trkpt>
      <trkpt lat="50.7057633" lon="-3.0580808">
        <ele>7</ele>
        <time>2023-08-22T10:57:25.000Z</time>
        <speed>0.931</speed>
      </trkpt>
      <trkpt lat="50.7057601" lon="-3.0580111">
        <ele>8</ele>
        <time>2023-08-22T10:57:30.000Z</time>
        <speed>0.925</speed>
      </trkpt>
      <trkpt lat="50.7057614" lon="-3.0579439">
        <ele>8</ele>
        <time>2023-08-22T10:57:35.000Z</time>
        <speed>0.925</speed>
      </trkpt>
      <trkpt lat="50.7057622" lon="-3.0578850">
        <ele>9</ele>
        <time>2023-08-22T10:57:40.000Z</time>
        <speed>0.931</speed>
      </trkpt>
      <trkpt lat="50.7057575" lon="-3.0578227">
        <ele>10</ele>
        <time>2023-08-22T10:57:45.000Z</time>
        <speed>0.928</speed>
      </trkpt>
      <trkpt lat="50.7057493" lon="-3.0577619">
        <ele>11</ele>
        <time>2023-08-22T10:57:50.000Z</time>
        <speed>0.919</speed>
      </trkpt>
      <trkpt lat="50.7057461" lon="-3.0576979">
        <ele>13</ele>
        <time>2023-08-22T10:58:03.000Z</time>
        <speed>0.906</speed>
      </trkpt>
      <trkpt lat="50.7057424" lon="-3.0576484">
        <ele>14</ele>
        <time>2023-08-22T10:58:08.000Z</time>
        <speed>0.903</speed>
      </trkpt>
      <trkpt lat="50.7057362" lon="-3.0575799">
        <ele>14</ele>
        <time>2023-08-22T10:58:13.000Z</time>
        <speed>0.903</speed>
      </trkpt>
      <trkpt lat="50.7057332" lon="-3.0575139">
        <ele>15</ele>
        <time>2023-08-22T10:58:18.000Z</time>
        <speed>0.900</speed>
      </trkpt>
      <trkpt lat="50.7057295" lon="-3.0574542">
        <ele>16</ele>
        <time>2023-08-22T10:58:23.000Z</time>
        <speed>0.889</speed>
      </trkpt>
      <trkpt lat="50.7057243" lon="-3.0573923">
        <ele>16</ele>
        <time>2023-08-22T10:58:28.000Z</time>
        <speed>0.883</speed>
      </trkpt>
      <trkpt lat="50.7057147" lon="-3.0573377">
        <ele>17</ele>
        <time>2023-08-22T10:58:33.000Z</time>
        <speed>0.875</speed>
      </trkpt>
      <trkpt lat="50.7057009" lon="-3.0572848">
        <ele>18</ele>
        <time>2023-08-22T10:58:38.000Z</time>
        <speed>0.872</speed>
      </trkpt>
      <trkpt lat="50.7056957" lon="-3.0572321">
        <ele>19</ele>
        <time>2023-08-22T10:58:43.000Z</time>
        <speed>0.861</speed>
      </trkpt>
      <trkpt lat="50.7056875" lon="-3.0571750">
        <ele>20</ele>
        <time>2023-08-22T10:58:48.000Z</time>
        <speed>0.858</speed>
      </trkpt>
      <trkpt lat="50.7056811" lon="-3.0571206">
        <ele>21</ele>
        <time>2023-08-22T10:58:53.000Z</time>
        <speed>0.847</speed>
      </trkpt>
      <trkpt lat="50.7056740" lon="-3.0570655">
        <ele>22</ele>
        <time>2023-08-22T10:58:58.000Z</time>
        <speed>0.844</speed>
      </trkpt>
      <trkpt lat="50.7056692" lon="-3.0570151">
        <ele>23</ele>
        <time>2023-08-22T10:59:03.000Z</time>
        <speed>0.842</speed>
      </trkpt>
      <trkpt lat="50.7056603" lon="-3.0569557">
        <ele>23</ele>
        <time>2023-08-22T10:59:08.000Z</time>
        <speed>0.839</speed>
      </trkpt>
      <trkpt lat="50.7056522" lon="-3.0569002">
        <ele>23</ele>
        <time>2023-08-22T10:59:13.000Z</time>
        <speed>0.833</speed>
      </trkpt>
      <trkpt lat="50.7056481" lon="-3.0568440">
        <ele>24</ele>
        <time>2023-08-22T10:59:18.000Z</time>
        <speed>0.825</speed>
      </trkpt>
      <trkpt lat="50.7056416" lon="-3.0567872">
        <ele>25</ele>
        <time>2023-08-22T10:59:23.000Z</time>
        <speed>0.817</speed>
      </trkpt>
      <trkpt lat="50.7056333" lon="-3.0567297">
        <ele>26</ele>
        <time>2023-08-22T10:59:28.000Z</time>
        <speed>0.814</speed>
      </trkpt>
      <trkpt lat="50.7056253" lon="-3.0566678">
        <ele>27</ele>
        <time>2023-08-22T10:59:33.000Z</time>
        <speed>0.811</speed>
      </trkpt>
      <trkpt lat="50.7056166" lon="-3.0565949">
        <ele>31</ele>
        <time>2023-08-22T10:59:54.000Z</time>
        <speed>0.678</speed>
      </trkpt>
      <trkpt lat="50.7056075" lon="-3.0565446">
        <ele>31</ele>
        <time>2023-08-22T10:59:59.000Z</time>
        <speed>0.686</speed>
      </trkpt>
      <trkpt lat="50.7056033" lon="-3.0564980">
        <ele>31</ele>
        <time>2023-08-22T11:00:04.000Z</time>
        <speed>0.731</speed>
      </trkpt>
      <trkpt lat="50.7056087" lon="-3.0564478">
        <ele>32</ele>
        <time>2023-08-22T11:00:09.000Z</time>
        <speed>0.825</speed>
      </trkpt>
      <trkpt lat="50.7056180" lon="-3.0563846">
        <ele>32</ele>
        <time>2023-08-22T11:00:14.000Z</time>
        <speed>0.917</speed>
      </trkpt>
      <trkpt lat="50.7056239" lon="-3.0563027">
        <ele>33</ele>
        <time>2023-08-22T11:00:19.000Z</time>
        <speed>0.992</speed>
      </trkpt>
      <trkpt lat="50.7056204" lon="-3.0562126">
        <ele>34</ele>
        <time>2023-08-22T11:00:24.000Z</time>
        <speed>1.000</speed>
      </trkpt>
      <trkpt lat="50.7056144" lon="-3.0561386">
        <ele>34</ele>
        <time>2023-08-22T11:00:29.000Z</time>
        <speed>1.014</speed>
      </trkpt>
      <trkpt lat="50.7056155" lon="-3.0560650">
        <ele>35</ele>
        <time>2023-08-22T11:00:34.000Z</time>
        <speed>1.033</speed>
      </trkpt>
      <trkpt lat="50.7056141" lon="-3.0559846">
        <ele>36</ele>
        <time>2023-08-22T11:00:39.000Z</time>
        <speed>1.047</speed>
      </trkpt>
      <trkpt lat="50.7056113" lon="-3.0559113">
        <ele>37</ele>
        <time>2023-08-22T11:00:44.000Z</time>
        <speed>1.053</speed>
      </trkpt>
      <trkpt lat="50.7056227" lon="-3.0558345">
        <ele>37</ele>
        <time>2023-08-22T11:00:49.000Z</time>
        <speed>1.053</speed>
      </trkpt>
      <trkpt lat="50.7056293" lon="-3.0557634">
        <ele>38</ele>
        <time>2023-08-22T11:00:54.000Z</time>
        <speed>1.053</speed>
      </trkpt>
      <trkpt lat="50.7056357" lon="-3.0556837">
        <ele>39</ele>
        <time>2023-08-22T11:00:59.000Z</time>
        <speed>1.056</speed>
      </trkpt>
      <trkpt lat="50.7056494" lon="-3.0556028">
        <ele>39</ele>
        <time>2023-08-22T11:01:04.000Z</time>
        <speed>1.064</speed>
      </trkpt>
      <trkpt lat="50.7056671" lon="-3.0555252">
        <ele>40</ele>
        <time>2023-08-22T11:01:09.000Z</time>
        <speed>1.069</speed>
      </trkpt>
      <trkpt lat="50.7056803" lon="-3.0554591">
        <ele>41</ele>
        <time>2023-08-22T11:01:14.000Z</time>
        <speed>1.064</speed>
      </trkpt>
      <trkpt lat="50.7056953" lon="-3.0553801">
        <ele>41</ele>
        <time>2023-08-22T11:01:19.000Z</time>
        <speed>1.058</speed>
      </trkpt>
      <trkpt lat="50.7057138" lon="-3.0552806">
        <ele>42</ele>
        <time>2023-08-22T11:01:24.000Z</time>
        <speed>1.069</speed>
      </trkpt>
      <trkpt lat="50.7057245" lon="-3.0551889">
        <ele>43</ele>
        <time>2023-08-22T11:01:29.000Z</time>
        <speed>1.083</speed>
      </trkpt>
      <trkpt lat="50.7057280" lon="-3.0551108">
        <ele>43</ele>
        <time>2023-08-22T11:01:34.000Z</time>
        <speed>1.081</speed>
      </trkpt>
      <trkpt lat="50.7057300" lon="-3.0550320">
        <ele>44</ele>
        <time>2023-08-22T11:01:39.000Z</time>
        <speed>1.064</speed>
      </trkpt>
      <trkpt lat="50.7057352" lon="-3.0549518">
        <ele>45</ele>
        <time>2023-08-22T11:01:44.000Z</time>
        <speed>1.053</speed>
      </trkpt>
      <trkpt lat="50.7057449" lon="-3.0548676">
        <ele>46</ele>
        <time>2023-08-22T11:01:49.000Z</time>
        <speed>1.056</speed>
      </trkpt>
      <trkpt lat="50.7057579" lon="-3.0547850">
        <ele>46</ele>
        <time>2023-08-22T11:01:54.000Z</time>
        <speed>1.069</speed>
      </trkpt>
      <trkpt lat="50.7057668" lon="-3.0547069">
        <ele>47</ele>
        <time>2023-08-22T11:01:59.000Z</time>
        <speed>1.092</speed>
      </trkpt>
      <trkpt lat="50.7057716" lon="-3.0546383">
        <ele>47</ele>
        <time>2023-08-22T11:02:04.000Z</time>
        <speed>1.108</speed>
      </trkpt>
      <trkpt lat="50.7057881" lon="-3.0545645">
        <ele>48</ele>
        <time>2023-08-22T11:02:09.000Z</time>
        <speed>1.125</speed>
      </trkpt>
      <trkpt lat="50.7058029" lon="-3.0544852">
        <ele>49</ele>
        <time>2023-08-22T11:02:14.000Z</time>
        <speed>1.133</speed>
      </trkpt>
      <trkpt lat="50.7058128" lon="-3.0544167">
        <ele>50</ele>
        <time>2023-08-22T11:02:19.000Z</time>
        <speed>1.131</speed>
      </trkpt>
      <trkpt lat="50.7058186" lon="-3.0543501">
        <ele>51</ele>
        <time>2023-08-22T11:02:24.000Z</time>
        <speed>1.094</speed>
      </trkpt>
      <trkpt lat="50.7058214" lon="-3.0542860">
        <ele>51</ele>
        <time>2023-08-22T11:02:29.000Z</time>
        <speed>1.050</speed>
      </trkpt>
      <trkpt lat="50.7058364" lon="-3.0542200">
        <ele>52</ele>
        <time>2023-08-22T11:02:34.000Z</time>
        <speed>1.014</speed>
      </trkpt>
      <trkpt lat="50.7058544" lon="-3.0541582">
        <ele>53</ele>
        <time>2023-08-22T11:02:39.000Z</time>
        <speed>1.000</speed>
      </trkpt>
      <trkpt lat="50.7058790" lon="-3.0540773">
        <ele>53</ele>
        <time>2023-08-22T11:02:44.000Z</time>
        <speed>1.019</speed>
      </trkpt>
      <trkpt lat="50.7059030" lon="-3.0539924">
        <ele>54</ele>
        <time>2023-08-22T11:02:49.000Z</time>
        <speed>1.047</speed>
      </trkpt>
      <trkpt lat="50.7059139" lon="-3.0539004">
        <ele>55</ele>
        <time>2023-08-22T11:02:54.000Z</time>
        <speed>1.078</speed>
      </trkpt>
      <trkpt lat="50.7059260" lon="-3.0538115">
        <ele>55</ele>
        <time>2023-08-22T11:02:59.000Z</time>
        <speed>1.097</speed>
      </trkpt>
      <trkpt lat="50.7059402" lon="-3.0537381">
        <ele>56</ele>
        <time>2023-08-22T11:03:04.000Z</time>
        <speed>1.103</speed>
      </trkpt>
      <trkpt lat="50.7059566" lon="-3.0536653">
        <ele>57</ele>
        <time>2023-08-22T11:03:09.000Z</time>
        <speed>1.092</speed>
      </trkpt>
      <trkpt lat="50.7059709" lon="-3.0535936">
        <ele>58</ele>
        <time>2023-08-22T11:03:14.000Z</time>
        <speed>1.083</speed>
      </trkpt>
      <trkpt lat="50.7059796" lon="-3.0535144">
        <ele>58</ele>
        <time>2023-08-22T11:03:19.000Z</time>
        <speed>1.083</speed>
      </trkpt>
      <trkpt lat="50.7059881" lon="-3.0534480">
        <ele>59</ele>
        <time>2023-08-22T11:03:24.000Z</time>
        <speed>1.075</speed>
      </trkpt>
      <trkpt lat="50.7060017" lon="-3.0533947">
        <ele>60</ele>
        <time>2023-08-22T11:03:29.000Z</time>
        <speed>1.053</speed>
      </trkpt>
      <trkpt lat="50.7060125" lon="-3.0533420">
        <ele>61</ele>
        <time>2023-08-22T11:03:34.000Z</time>
        <speed>1.017</speed>
      </trkpt>
      <trkpt lat="50.7060094" lon="-3.0532951">
        <ele>61</ele>
        <time>2023-08-22T11:03:39.000Z</time>
        <speed>0.969</speed>
      </trkpt>
      <trkpt lat="50.7060126" lon="-3.0532470">
        <ele>62</ele>
        <time>2023-08-22T11:03:44.000Z</time>
        <speed>0.922</speed>
      </trkpt>
      <trkpt lat="50.7060333" lon="-3.0531951">
        <ele>63</ele>
        <time>2023-08-22T11:03:49.000Z</time>
        <speed>0.900</speed>
      </trkpt>
      <trkpt lat="50.7060562" lon="-3.0531333">
        <ele>64</ele>
        <time>2023-08-22T11:03:54.000Z</time>
        <speed>0.903</speed>
      </trkpt>
      <trkpt lat="50.7060733" lon="-3.0530713">
        <ele>64</ele>
        <time>2023-08-22T11:03:59.000Z</time>
        <speed>0.919</speed>
      </trkpt>
      <trkpt lat="50.7060783" lon="-3.0530076">
        <ele>65</ele>
        <time>2023-08-22T11:04:04.000Z</time>
        <speed>0.928</speed>
      </trkpt>
      <trkpt lat="50.7060711" lon="-3.0529405">
        <ele>66</ele>
        <time>2023-08-22T11:04:09.000Z</time>
        <speed>0.925</speed>
      </trkpt>
      <trkpt lat="50.7060741" lon="-3.0528895">
        <ele>67</ele>
        <time>2023-08-22T11:04:14.000Z</time>
        <speed>0.914</speed>
      </trkpt>
      <trkpt lat="50.7060902" lon="-3.0528289">
        <ele>67</ele>
        <time>2023-08-22T11:04:19.000Z</time>
        <speed>0.911</speed>
      </trkpt>
      <trkpt lat="50.7061083" lon="-3.0527606">
        <ele>68</ele>
        <time>2023-08-22T11:04:24.000Z</time>
        <speed>0.914</speed>
      </trkpt>
      <trkpt lat="50.7061128" lon="-3.0526885">
        <ele>69</ele>
        <time>2023-08-22T11:04:29.000Z</time>
        <speed>0.936</speed>
      </trkpt>
      <trkpt lat="50.7061221" lon="-3.0526108">
        <ele>69</ele>
        <time>2023-08-22T11:04:34.000Z</time>
        <speed>0.972</speed>
      </trkpt>
      <trkpt lat="50.7061351" lon="-3.0525353">
        <ele>70</ele>
        <time>2023-08-22T11:04:39.000Z</time>
        <speed>1.003</speed>
      </trkpt>
      <trkpt lat="50.7061483" lon="-3.0524638">
        <ele>70</ele>
        <time>2023-08-22T11:04:44.000Z</time>
        <speed>1.022</speed>
      </trkpt>
      <trkpt lat="50.7061641" lon="-3.0523920">
        <ele>71</ele>
        <time>2023-08-22T11:04:49.000Z</time>
        <speed>1.028</speed>
      </trkpt>
      <trkpt lat="50.7061775" lon="-3.0523296">
        <ele>72</ele>
        <time>2023-08-22T11:04:54.000Z</time>
        <speed>0.000</speed>
      </trkpt>
      <trkpt lat="50.7061921" lon="-3.0522810">
        <ele>75</ele>
        <time>2023-08-22T11:05:26.000Z</time>
        <speed>0.558</speed>
      </trkpt>
      <trkpt lat="50.7062145" lon="-3.0522156">
        <ele>75</ele>
        <time>2023-08-22T11:05:31.000Z</time>
        <speed>1.072</speed>
      </trkpt>
      <trkpt lat="50.7062356" lon="-3.0521410">
        <ele>75</ele>
        <time>2023-08-22T11:05:36.000Z</time>
        <speed>1.050</speed>
      </trkpt>
      <trkpt lat="50.7062549" lon="-3.0520701">
        <ele>76</ele>
        <time>2023-08-22T11:05:41.000Z</time>
        <speed>1.014</speed>
      </trkpt>
      <trkpt lat="50.7062732" lon="-3.0519973">
        <ele>76</ele>
        <time>2023-08-22T11:05:46.000Z</time>
        <speed>0.981</speed>
      </trkpt>
      <trkpt lat="50.7062881" lon="-3.0519293">
        <ele>76</ele>
        <time>2023-08-22T11:05:51.000Z</time>
        <speed>0.972</speed>
      </trkpt>
      <trkpt lat="50.7063162" lon="-3.0518636">
        <ele>77</ele>
        <time>2023-08-22T11:05:56.000Z</time>
        <speed>0.989</speed>
      </trkpt>
      <trkpt lat="50.7063454" lon="-3.0517996">
        <ele>78</ele>
        <time>2023-08-22T11:06:01.000Z</time>
        <speed>1.000</speed>
      </trkpt>
      <trkpt lat="50.7063665" lon="-3.0517282">
        <ele>79</ele>
        <time>2023-08-22T11:06:06.000Z</time>
        <speed>1.008</speed>
      </trkpt>
      <trkpt lat="50.7063898" lon="-3.0516598">
        <ele>79</ele>
        <time>2023-08-22T11:06:11.000Z</time>
        <speed>1.028</speed>
      </trkpt>
      <trkpt lat="50.7064106" lon="-3.0515927">
        <ele>80</ele>
        <time>2023-08-22T11:06:16.000Z</time>
        <speed>1.028</speed>
      </trkpt>
      <trkpt lat="50.7064290" lon="-3.0515225">
        <ele>81</ele>
        <time>2023-08-22T11:06:21.000Z</time>
        <speed>1.031</speed>
      </trkpt>
      <trkpt lat="50.7064527" lon="-3.0514479">
        <ele>81</ele>
        <time>2023-08-22T11:06:26.000Z</time>
        <speed>1.036</speed>
      </trkpt>
      <trkpt lat="50.7064818" lon="-3.0513724">
        <ele>82</ele>
        <time>2023-08-22T11:06:31.000Z</time>
        <speed>1.050</speed>
      </trkpt>
      <trkpt lat="50.7065060" lon="-3.0513000">
        <ele>83</ele>
        <time>2023-08-22T11:06:36.000Z</time>
        <speed>1.050</speed>
      </trkpt>
      <trkpt lat="50.7065270" lon="-3.0512236">
        <ele>83</ele>
        <time>2023-08-22T11:06:41.000Z</time>
        <speed>1.053</speed>
      </trkpt>
      <trkpt lat="50.7065499" lon="-3.0511496">
        <ele>84</ele>
        <time>2023-08-22T11:06:46.000Z</time>
        <speed>1.061</speed>
      </trkpt>
      <trkpt lat="50.7065725" lon="-3.0510755">
        <ele>85</ele>
        <time>2023-08-22T11:06:51.000Z</time>
        <speed>1.089</speed>
      </trkpt>
      <trkpt lat="50.7065995" lon="-3.0510014">
        <ele>85</ele>
        <time>2023-08-22T11:06:56.000Z</time>
        <speed>1.092</speed>
      </trkpt>
      <trkpt lat="50.7066203" lon="-3.0509273">
        <ele>86</ele>
        <time>2023-08-22T11:07:01.000Z</time>
        <speed>1.089</speed>
      </trkpt>
      <trkpt lat="50.7066348" lon="-3.0508555">
        <ele>86</ele>
        <time>2023-08-22T11:07:06.000Z</time>
        <speed>1.078</speed>
      </trkpt>
      <trkpt lat="50.7066492" lon="-3.0507744">
        <ele>87</ele>
        <time>2023-08-22T11:07:11.000Z</time>
        <speed>1.044</speed>
      </trkpt>
      <trkpt lat="50.7066526" lon="-3.0506950">
        <ele>87</ele>
        <time>2023-08-22T11:07:16.000Z</time>
        <speed>1.044</speed>
      </trkpt>
      <trkpt lat="50.7066580" lon="-3.0506135">
        <ele>88</ele>
        <time>2023-08-22T11:07:21.000Z</time>
        <speed>1.064</speed>
      </trkpt>
      <trkpt lat="50.7066825" lon="-3.0505326">
        <ele>89</ele>
        <time>2023-08-22T11:07:26.000Z</time>
        <speed>1.078</speed>
      </trkpt>
      <trkpt lat="50.7067013" lon="-3.0504564">
        <ele>89</ele>
        <time>2023-08-22T11:07:31.000Z</time>
        <speed>1.117</speed>
      </trkpt>
      <trkpt lat="50.7067244" lon="-3.0503818">
        <ele>90</ele>
        <time>2023-08-22T11:07:36.000Z</time>
        <speed>1.122</speed>
      </trkpt>
      <trkpt lat="50.7067460" lon="-3.0503038">
        <ele>91</ele>
        <time>2023-08-22T11:07:41.000Z</time>
        <speed>1.147</speed>
      </trkpt>
      <trkpt lat="50.7067672" lon="-3.0502243">
        <ele>91</ele>
        <time>2023-08-22T11:07:46.000Z</time>
        <speed>1.153</speed>
      </trkpt>
      <trkpt lat="50.7067842" lon="-3.0501415">
        <ele>92</ele>
        <time>2023-08-22T11:07:51.000Z</time>
        <speed>1.164</speed>
      </trkpt>
      <trkpt lat="50.7068028" lon="-3.0500576">
        <ele>92</ele>
        <time>2023-08-22T11:07:56.000Z</time>
        <speed>1.164</speed>
      </trkpt>
      <trkpt lat="50.7068194" lon="-3.0499728">
        <ele>93</ele>
        <time>2023-08-22T11:08:01.000Z</time>
        <speed>1.167</speed>
      </trkpt>
      <trkpt lat="50.7068412" lon="-3.0498918">
        <ele>93</ele>
        <time>2023-08-22T11:08:06.000Z</time>
        <speed>1.158</speed>
      </trkpt>
      <trkpt lat="50.7068639" lon="-3.0498255">
        <ele>94</ele>
        <time>2023-08-22T11:08:11.000Z</time>
        <speed>1.128</speed>
      </trkpt>
      <trkpt lat="50.7068815" lon="-3.0497657">
        <ele>94</ele>
        <time>2023-08-22T11:08:16.000Z</time>
        <speed>1.075</speed>
      </trkpt>
      <trkpt lat="50.7068944" lon="-3.0497146">
        <ele>94</ele>
        <time>2023-08-22T11:08:21.000Z</time>
        <speed>1.033</speed>
      </trkpt>
      <trkpt lat="50.7069071" lon="-3.0496474">
        <ele>94</ele>
        <time>2023-08-22T11:08:26.000Z</time>
        <speed>1.033</speed>
      </trkpt>
      <trkpt lat="50.7069253" lon="-3.0495699">
        <ele>95</ele>
        <time>2023-08-22T11:08:31.000Z</time>
        <speed>1.072</speed>
      </trkpt>
      <trkpt lat="50.7069460" lon="-3.0494883">
        <ele>95</ele>
        <time>2023-08-22T11:08:36.000Z</time>
        <speed>1.119</speed>
      </trkpt>
      <trkpt lat="50.7069619" lon="-3.0494044">
        <ele>95</ele>
        <time>2023-08-22T11:08:41.000Z</time>
        <speed>1.156</speed>
      </trkpt>
      <trkpt lat="50.7069799" lon="-3.0493215">
        <ele>96</ele>
        <time>2023-08-22T11:08:46.000Z</time>
        <speed>1.178</speed>
      </trkpt>
      <trkpt lat="50.7069990" lon="-3.0492366">
        <ele>96</ele>
        <time>2023-08-22T11:08:51.000Z</time>
        <speed>1.192</speed>
      </trkpt>
      <trkpt lat="50.7070109" lon="-3.0491495">
        <ele>96</ele>
        <time>2023-08-22T11:08:56.000Z</time>
        <speed>1.194</speed>
      </trkpt>
      <trkpt lat="50.7070188" lon="-3.0490616">
        <ele>97</ele>
        <time>2023-08-22T11:09:01.000Z</time>
        <speed>1.192</speed>
      </trkpt>
      <trkpt lat="50.7070313" lon="-3.0489807">
        <ele>98</ele>
        <time>2023-08-22T11:09:06.000Z</time>
        <speed>1.178</speed>
      </trkpt>
      <trkpt lat="50.7070427" lon="-3.0489248">
        <ele>98</ele>
        <time>2023-08-22T11:09:11.000Z</time>
        <speed>1.156</speed>
      </trkpt>
      <trkpt lat="50.7070545" lon="-3.0488625">
        <ele>98</ele>
        <time>2023-08-22T11:09:16.000Z</time>
        <speed>1.131</speed>
      </trkpt>
      <trkpt lat="50.7070668" lon="-3.0487859">
        <ele>99</ele>
        <time>2023-08-22T11:09:21.000Z</time>
        <speed>1.100</speed>
      </trkpt>
      <trkpt lat="50.7070781" lon="-3.0487138">
        <ele>99</ele>
        <time>2023-08-22T11:09:26.000Z</time>
        <speed>1.064</speed>
      </trkpt>
      <trkpt lat="50.7070863" lon="-3.0486420">
        <ele>99</ele>
        <time>2023-08-22T11:09:31.000Z</time>
        <speed>1.031</speed>
      </trkpt>
      <trkpt lat="50.7070967" lon="-3.0485685">
        <ele>100</ele>
        <time>2023-08-22T11:09:36.000Z</time>
        <speed>1.017</speed>
      </trkpt>
      <trkpt lat="50.7071103" lon="-3.0484943">
        <ele>100</ele>
        <time>2023-08-22T11:09:41.000Z</time>
        <speed>1.019</speed>
      </trkpt>
      <trkpt lat="50.7071214" lon="-3.0484151">
        <ele>101</ele>
        <time>2023-08-22T11:09:46.000Z</time>
        <speed>1.036</speed>
      </trkpt>
      <trkpt lat="50.7071376" lon="-3.0483320">
        <ele>101</ele>
        <time>2023-08-22T11:09:51.000Z</time>
        <speed>1.058</speed>
      </trkpt>
      <trkpt lat="50.7071456" lon="-3.0482504">
        <ele>102</ele>
        <time>2023-08-22T11:09:56.000Z</time>
        <speed>1.075</speed>
      </trkpt>
      <trkpt lat="50.7071507" lon="-3.0481735">
        <ele>103</ele>
        <time>2023-08-22T11:10:01.000Z</time>
        <speed>1.083</speed>
      </trkpt>
      <trkpt lat="50.7071534" lon="-3.0480961">
        <ele>103</ele>
        <time>2023-08-22T11:10:06.000Z</time>
        <speed>1.081</speed>
      </trkpt>
      <trkpt lat="50.7071532" lon="-3.0480110">
        <ele>104</ele>
        <time>2023-08-22T11:10:11.000Z</time>
        <speed>1.081</speed>
      </trkpt>
      <trkpt lat="50.7071483" lon="-3.0479299">
        <ele>104</ele>
        <time>2023-08-22T11:10:16.000Z</time>
        <speed>1.089</speed>
      </trkpt>
      <trkpt lat="50.7071463" lon="-3.0478508">
        <ele>104</ele>
        <time>2023-08-22T11:10:21.000Z</time>
        <speed>1.089</speed>
      </trkpt>
      <trkpt lat="50.7071485" lon="-3.0477768">
        <ele>105</ele>
        <time>2023-08-22T11:10:26.000Z</time>
        <speed>1.086</speed>
      </trkpt>
      <trkpt lat="50.7071424" lon="-3.0477028">
        <ele>106</ele>
        <time>2023-08-22T11:10:31.000Z</time>
        <speed>1.092</speed>
      </trkpt>
      <trkpt lat="50.7071352" lon="-3.0476173">
        <ele>106</ele>
        <time>2023-08-22T11:10:36.000Z</time>
        <speed>1.100</speed>
      </trkpt>
      <trkpt lat="50.7071295" lon="-3.0475256">
        <ele>106</ele>
        <time>2023-08-22T11:10:41.000Z</time>
        <speed>1.133</speed>
      </trkpt>
      <trkpt lat="50.7071254" lon="-3.0474386">
        <ele>107</ele>
        <time>2023-08-22T11:10:46.000Z</time>
        <speed>1.150</speed>
      </trkpt>
      <trkpt lat="50.7071225" lon="-3.0473484">
        <ele>107</ele>
        <time>2023-08-22T11:10:51.000Z</time>
        <speed>1.197</speed>
      </trkpt>
      <trkpt lat="50.7071176" lon="-3.0472593">
        <ele>107</ele>
        <time>2023-08-22T11:10:56.000Z</time>
        <speed>1.206</speed>
      </trkpt>
      <trkpt lat="50.7071150" lon="-3.0471714">
        <ele>108</ele>
        <time>2023-08-22T11:11:01.000Z</time>
        <speed>1.222</speed>
      </trkpt>
      <trkpt lat="50.7071093" lon="-3.0470828">
        <ele>108</ele>
        <time>2023-08-22T11:11:06.000Z</time>
        <speed>1.222</speed>
      </trkpt>
      <trkpt lat="50.7071020" lon="-3.0469920">
        <ele>108</ele>
        <time>2023-08-22T11:11:11.000Z</time>
        <speed>1.231</speed>
      </trkpt>
      <trkpt lat="50.7070968" lon="-3.0468978">
        <ele>109</ele>
        <time>2023-08-22T11:11:16.000Z</time>
        <speed>1.231</speed>
      </trkpt>
      <trkpt lat="50.7070959" lon="-3.0468072">
        <ele>109</ele>
        <time>2023-08-22T11:11:21.000Z</time>
        <speed>1.231</speed>
      </trkpt>
      <trkpt lat="50.7070947" lon="-3.0467144">
        <ele>109</ele>
        <time>2023-08-22T11:11:26.000Z</time>
        <speed>1.233</speed>
      </trkpt>
      <trkpt lat="50.7070903" lon="-3.0466190">
        <ele>110</ele>
        <time>2023-08-22T11:11:31.000Z</time>
        <speed>1.253</speed>
      </trkpt>
      <trkpt lat="50.7070879" lon="-3.0465299">
        <ele>110</ele>
        <time>2023-08-22T11:11:36.000Z</time>
        <speed>1.256</speed>
      </trkpt>
      <trkpt lat="50.7070906" lon="-3.0464398">
        <ele>110</ele>
        <time>2023-08-22T11:11:41.000Z</time>
        <speed>1.258</speed>
      </trkpt>
      <trkpt lat="50.7070914" lon="-3.0463486">
        <ele>110</ele>
        <time>2023-08-22T11:11:46.000Z</time>
        <speed>1.261</speed>
      </trkpt>
      <trkpt lat="50.7070955" lon="-3.0462517">
        <ele>111</ele>
        <time>2023-08-22T11:11:51.000Z</time>
        <speed>1.292</speed>
      </trkpt>
      <trkpt lat="50.7071037" lon="-3.0461576">
        <ele>111</ele>
        <time>2023-08-22T11:11:56.000Z</time>
        <speed>1.303</speed>
      </trkpt>
      <trkpt lat="50.7071061" lon="-3.0460673">
        <ele>111</ele>
        <time>2023-08-22T11:12:01.000Z</time>
        <speed>1.317</speed>
      </trkpt>
      <trkpt lat="50.7071108" lon="-3.0459741">
        <ele>111</ele>
        <time>2023-08-22T11:12:06.000Z</time>
        <speed>1.314</speed>
      </trkpt>
      <trkpt lat="50.7071174" lon="-3.0458803">
        <ele>111</ele>
        <time>2023-08-22T11:12:11.000Z</time>
        <speed>1.311</speed>
      </trkpt>
      <trkpt lat="50.7071248" lon="-3.0457836">
        <ele>111</ele>
        <time>2023-08-22T11:12:16.000Z</time>
        <speed>1.317</speed>
      </trkpt>
      <trkpt lat="50.7071306" lon="-3.0456846">
        <ele>112</ele>
        <time>2023-08-22T11:12:21.000Z</time>
        <speed>1.342</speed>
      </trkpt>
      <trkpt lat="50.7071359" lon="-3.0455835">
        <ele>112</ele>
        <time>2023-08-22T11:12:26.000Z</time>
        <speed>1.347</speed>
      </trkpt>
      <trkpt lat="50.7071387" lon="-3.0454815">
        <ele>112</ele>
        <time>2023-08-22T11:12:31.000Z</time>
        <speed>1.378</speed>
      </trkpt>
      <trkpt lat="50.7071420" lon="-3.0453754">
        <ele>112</ele>
        <time>2023-08-22T11:12:36.000Z</time>
        <speed>1.389</speed>
      </trkpt>
      <trkpt lat="50.7071445" lon="-3.0452696">
        <ele>112</ele>
        <time>2023-08-22T11:12:41.000Z</time>
        <speed>1.414</speed>
      </trkpt>
      <trkpt lat="50.7071470" lon="-3.0451701">
        <ele>112</ele>
        <time>2023-08-22T11:12:46.000Z</time>
        <speed>1.414</speed>
      </trkpt>
      <trkpt lat="50.7071484" lon="-3.0450677">
        <ele>112</ele>
        <time>2023-08-22T11:12:51.000Z</time>
        <speed>1.411</speed>
      </trkpt>
      <trkpt lat="50.7071516" lon="-3.0449696">
        <ele>112</ele>
        <time>2023-08-22T11:12:56.000Z</time>
        <speed>1.406</speed>
      </trkpt>
      <trkpt lat="50.7071539" lon="-3.0448749">
        <ele>112</ele>
        <time>2023-08-22T11:13:01.000Z</time>
        <speed>1.386</speed>
      </trkpt>
      <trkpt lat="50.7071571" lon="-3.0447833">
        <ele>112</ele>
        <time>2023-08-22T11:13:06.000Z</time>
        <speed>0.692</speed>
      </trkpt>
      <trkpt lat="50.7071191" lon="-3.0447210">
        <ele>113</ele>
        <time>2023-08-22T11:14:07.000Z</time>
        <speed>1.106</speed>
      </trkpt>
      <trkpt lat="50.7070712" lon="-3.0447047">
        <ele>113</ele>
        <time>2023-08-22T11:14:12.000Z</time>
        <speed>1.144</speed>
      </trkpt>
      <trkpt lat="50.7070238" lon="-3.0446839">
        <ele>113</ele>
        <time>2023-08-22T11:14:17.000Z</time>
        <speed>1.147</speed>
      </trkpt>
      <trkpt lat="50.7069776" lon="-3.0446631">
        <ele>113</ele>
        <time>2023-08-22T11:14:22.000Z</time>
        <speed>1.144</speed>
      </trkpt>
      <trkpt lat="50.7069347" lon="-3.0446409">
        <ele>113</ele>
        <time>2023-08-22T11:14:27.000Z</time>
        <speed>1.147</speed>
      </trkpt>
      <trkpt lat="50.7068876" lon="-3.0446091">
        <ele>113</ele>
        <time>2023-08-22T11:14:32.000Z</time>
        <speed>1.111</speed>
      </trkpt>
      <trkpt lat="50.7068479" lon="-3.0445756">
        <ele>113</ele>
        <time>2023-08-22T11:14:37.000Z</time>
        <speed>1.100</speed>
      </trkpt>
      <trkpt lat="50.7068028" lon="-3.0445392">
        <ele>113</ele>
        <time>2023-08-22T11:14:42.000Z</time>
        <speed>1.086</speed>
      </trkpt>
      <trkpt lat="50.7067461" lon="-3.0444994">
        <ele>113</ele>
        <time>2023-08-22T11:14:47.000Z</time>
        <speed>1.069</speed>
      </trkpt>
      <trkpt lat="50.7066864" lon="-3.0444612">
        <ele>114</ele>
        <time>2023-08-22T11:14:52.000Z</time>
        <speed>1.075</speed>
      </trkpt>
      <trkpt lat="50.7066283" lon="-3.0444231">
        <ele>114</ele>
        <time>2023-08-22T11:14:57.000Z</time>
        <speed>1.092</speed>
      </trkpt>
      <trkpt lat="50.7065749" lon="-3.0443985">
        <ele>114</ele>
        <time>2023-08-22T11:15:02.000Z</time>
        <speed>1.108</speed>
      </trkpt>
      <trkpt lat="50.7065313" lon="-3.0443775">
        <ele>114</ele>
        <time>2023-08-22T11:15:07.000Z</time>
        <speed>1.111</speed>
      </trkpt>
      <trkpt lat="50.7064813" lon="-3.0443439">
        <ele>114</ele>
        <time>2023-08-22T11:15:12.000Z</time>
        <speed>1.108</speed>
      </trkpt>
      <trkpt lat="50.7064270" lon="-3.0443157">
        <ele>115</ele>
        <time>2023-08-22T11:15:17.000Z</time>
        <speed>1.106</speed>
      </trkpt>
      <trkpt lat="50.7063796" lon="-3.0442941">
        <ele>115</ele>
        <time>2023-08-22T11:15:22.000Z</time>
        <speed>1.100</speed>
      </trkpt>
      <trkpt lat="50.7063275" lon="-3.0442673">
        <ele>115</ele>
        <time>2023-08-22T11:15:27.000Z</time>
        <speed>1.094</speed>
      </trkpt>
      <trkpt lat="50.7062630" lon="-3.0442384">
        <ele>116</ele>
        <time>2023-08-22T11:15:32.000Z</time>
        <speed>1.100</speed>
      </trkpt>
      <trkpt lat="50.7062066" lon="-3.0442113">
        <ele>116</ele>
        <time>2023-08-22T11:15:37.000Z</time>
        <speed>1.133</speed>
      </trkpt>
      <trkpt lat="50.7061509" lon="-3.0441617">
        <ele>116</ele>
        <time>2023-08-22T11:15:42.000Z</time>
        <speed>1.153</speed>
      </trkpt>
      <trkpt lat="50.7060965" lon="-3.0441217">
        <ele>116</ele>
        <time>2023-08-22T11:15:47.000Z</time>
        <speed>1.214</speed>
      </trkpt>
      <trkpt lat="50.7060393" lon="-3.0440935">
        <ele>116</ele>
        <time>2023-08-22T11:15:52.000Z</time>
        <speed>1.225</speed>
      </trkpt>
      <trkpt lat="50.7059830" lon="-3.0440655">
        <ele>116</ele>
        <time>2023-08-22T11:15:57.000Z</time>
        <speed>1.228</speed>
      </trkpt>
      <trkpt lat="50.7059320" lon="-3.0440430">
        <ele>117</ele>
        <time>2023-08-22T11:16:02.000Z</time>
        <speed>1.219</speed>
      </trkpt>
      <trkpt lat="50.7058921" lon="-3.0440157">
        <ele>117</ele>
        <time>2023-08-22T11:16:07.000Z</time>
        <speed>1.186</speed>
      </trkpt>
      <trkpt lat="50.7058398" lon="-3.0439890">
        <ele>117</ele>
        <time>2023-08-22T11:16:12.000Z</time>
        <speed>1.181</speed>
      </trkpt>
      <trkpt lat="50.7057790" lon="-3.0439565">
        <ele>117</ele>
        <time>2023-08-22T11:16:17.000Z</time>
        <speed>1.183</speed>
      </trkpt>
      <trkpt lat="50.7057217" lon="-3.0439352">
        <ele>117</ele>
        <time>2023-08-22T11:16:22.000Z</time>
        <speed>1.192</speed>
      </trkpt>
      <trkpt lat="50.7056574" lon="-3.0439096">
        <ele>118</ele>
        <time>2023-08-22T11:16:27.000Z</time>
        <speed>1.211</speed>
      </trkpt>
      <trkpt lat="50.7056024" lon="-3.0438896">
        <ele>118</ele>
        <time>2023-08-22T11:16:32.000Z</time>
        <speed>1.206</speed>
      </trkpt>
      <trkpt lat="50.7055524" lon="-3.0438570">
        <ele>118</ele>
        <time>2023-08-22T11:16:37.000Z</time>
        <speed>1.189</speed>
      </trkpt>
      <trkpt lat="50.7054969" lon="-3.0438219">
        <ele>118</ele>
        <time>2023-08-22T11:16:42.000Z</time>
        <speed>1.189</speed>
      </trkpt>
      <trkpt lat="50.7054404" lon="-3.0437945">
        <ele>118</ele>
        <time>2023-08-22T11:16:47.000Z</time>
        <speed>1.206</speed>
      </trkpt>
      <trkpt lat="50.7053809" lon="-3.0437554">
        <ele>119</ele>
        <time>2023-08-22T11:16:52.000Z</time>
        <speed>1.214</speed>
      </trkpt>
      <trkpt lat="50.7053304" lon="-3.0436928">
        <ele>119</ele>
        <time>2023-08-22T11:16:57.000Z</time>
        <speed>1.239</speed>
      </trkpt>
      <trkpt lat="50.7052806" lon="-3.0436245">
        <ele>119</ele>
        <time>2023-08-22T11:17:02.000Z</time>
        <speed>1.244</speed>
      </trkpt>
      <trkpt lat="50.7052304" lon="-3.0435669">
        <ele>119</ele>
        <time>2023-08-22T11:17:07.000Z</time>
        <speed>1.256</speed>
      </trkpt>
      <trkpt lat="50.7051712" lon="-3.0435278">
        <ele>119</ele>
        <time>2023-08-22T11:17:12.000Z</time>
        <speed>1.258</speed>
      </trkpt>
      <trkpt lat="50.7051158" lon="-3.0434961">
        <ele>120</ele>
        <time>2023-08-22T11:17:17.000Z</time>
        <speed>1.269</speed>
      </trkpt>
      <trkpt lat="50.7050610" lon="-3.0434746">
        <ele>120</ele>
        <time>2023-08-22T11:17:22.000Z</time>
        <speed>1.272</speed>
      </trkpt>
      <trkpt lat="50.7050074" lon="-3.0434539">
        <ele>120</ele>
        <time>2023-08-22T11:17:27.000Z</time>
        <speed>1.261</speed>
      </trkpt>
      <trkpt lat="50.7049533" lon="-3.0434319">
        <ele>120</ele>
        <time>2023-08-22T11:17:32.000Z</time>
        <speed>1.256</speed>
      </trkpt>
      <trkpt lat="50.7048986" lon="-3.0434033">
        <ele>120</ele>
        <time>2023-08-22T11:17:37.000Z</time>
        <speed>1.247</speed>
      </trkpt>
      <trkpt lat="50.7048387" lon="-3.0433700">
        <ele>120</ele>
        <time>2023-08-22T11:17:42.000Z</time>
        <speed>1.256</speed>
      </trkpt>
      <trkpt lat="50.7047734" lon="-3.0433540">
        <ele>120</ele>
        <time>2023-08-22T11:17:47.000Z</time>
        <speed>1.300</speed>
      </trkpt>
      <trkpt lat="50.7047124" lon="-3.0433360">
        <ele>120</ele>
        <time>2023-08-22T11:17:52.000Z</time>
        <speed>1.319</speed>
      </trkpt>
      <trkpt lat="50.7046543" lon="-3.0433172">
        <ele>120</ele>
        <time>2023-08-22T11:17:57.000Z</time>
        <speed>1.364</speed>
      </trkpt>
      <trkpt lat="50.7045951" lon="-3.0432982">
        <ele>120</ele>
        <time>2023-08-22T11:18:02.000Z</time>
        <speed>1.369</speed>
      </trkpt>
      <trkpt lat="50.7045340" lon="-3.0432789">
        <ele>120</ele>
        <time>2023-08-22T11:18:07.000Z</time>
        <speed>1.375</speed>
      </trkpt>
      <trkpt lat="50.7044722" lon="-3.0432605">
        <ele>120</ele>
        <time>2023-08-22T11:18:12.000Z</time>
        <speed>1.389</speed>
      </trkpt>
      <trkpt lat="50.7044117" lon="-3.0432396">
        <ele>120</ele>
        <time>2023-08-22T11:18:17.000Z</time>
        <speed>1.403</speed>
      </trkpt>
      <trkpt lat="50.7043507" lon="-3.0432160">
        <ele>120</ele>
        <time>2023-08-22T11:18:22.000Z</time>
        <speed>1.411</speed>
      </trkpt>
      <trkpt lat="50.7042910" lon="-3.0432007">
        <ele>119</ele>
        <time>2023-08-22T11:18:27.000Z</time>
        <speed>1.419</speed>
      </trkpt>
      <trkpt lat="50.7042322" lon="-3.0431867">
        <ele>119</ele>
        <time>2023-08-22T11:18:32.000Z</time>
        <speed>1.422</speed>
      </trkpt>
      <trkpt lat="50.7041691" lon="-3.0431753">
        <ele>119</ele>
        <time>2023-08-22T11:18:37.000Z</time>
        <speed>1.431</speed>
      </trkpt>
      <trkpt lat="50.7041076" lon="-3.0431554">
        <ele>118</ele>
        <time>2023-08-22T11:18:42.000Z</time>
        <speed>1.431</speed>
      </trkpt>
      <trkpt lat="50.7040498" lon="-3.0431313">
        <ele>118</ele>
        <time>2023-08-22T11:18:47.000Z</time>
        <speed>1.422</speed>
      </trkpt>
      <trkpt lat="50.7039890" lon="-3.0431117">
        <ele>118</ele>
        <time>2023-08-22T11:18:52.000Z</time>
        <speed>1.408</speed>
      </trkpt>
      <trkpt lat="50.7039298" lon="-3.0430867">
        <ele>118</ele>
        <time>2023-08-22T11:18:57.000Z</time>
        <speed>1.400</speed>
      </trkpt>
      <trkpt lat="50.7038706" lon="-3.0430577">
        <ele>118</ele>
        <time>2023-08-22T11:19:02.000Z</time>
        <speed>1.394</speed>
      </trkpt>
      <trkpt lat="50.7038135" lon="-3.0430339">
        <ele>117</ele>
        <time>2023-08-22T11:19:07.000Z</time>
        <speed>1.392</speed>
      </trkpt>
      <trkpt lat="50.7037562" lon="-3.0430121">
        <ele>117</ele>
        <time>2023-08-22T11:19:12.000Z</time>
        <speed>1.386</speed>
      </trkpt>
      <trkpt lat="50.7037019" lon="-3.0429826">
        <ele>116</ele>
        <time>2023-08-22T11:19:17.000Z</time>
        <speed>1.381</speed>
      </trkpt>
      <trkpt lat="50.7036455" lon="-3.0429463">
        <ele>116</ele>
        <time>2023-08-22T11:19:22.000Z</time>
        <speed>1.369</speed>
      </trkpt>
      <trkpt lat="50.7035943" lon="-3.0429204">
        <ele>115</ele>
        <time>2023-08-22T11:19:27.000Z</time>
        <speed>1.350</speed>
      </trkpt>
      <trkpt lat="50.7035477" lon="-3.0428868">
        <ele>115</ele>
        <time>2023-08-22T11:19:32.000Z</time>
        <speed>1.319</speed>
      </trkpt>
      <trkpt lat="50.7035201" lon="-3.0428275">
        <ele>115</ele>
        <time>2023-08-22T11:19:37.000Z</time>
        <speed>1.275</speed>
      </trkpt>
      <trkpt lat="50.7035236" lon="-3.0427547">
        <ele>115</ele>
        <time>2023-08-22T11:19:42.000Z</time>
        <speed>1.225</speed>
      </trkpt>
      <trkpt lat="50.7035130" lon="-3.0426778">
        <ele>114</ele>
        <time>2023-08-22T11:19:47.000Z</time>
        <speed>1.200</speed>
      </trkpt>
      <trkpt lat="50.7034727" lon="-3.0426003">
        <ele>114</ele>
        <time>2023-08-22T11:19:52.000Z</time>
        <speed>1.228</speed>
      </trkpt>
      <trkpt lat="50.7034306" lon="-3.0425189">
        <ele>114</ele>
        <time>2023-08-22T11:19:57.000Z</time>
        <speed>1.283</speed>
      </trkpt>
      <trkpt lat="50.7033940" lon="-3.0424418">
        <ele>114</ele>
        <time>2023-08-22T11:20:02.000Z</time>
        <speed>1.325</speed>
      </trkpt>
      <trkpt lat="50.7033562" lon="-3.0423662">
        <ele>114</ele>
        <time>2023-08-22T11:20:07.000Z</time>
        <speed>1.342</speed>
      </trkpt>
      <trkpt lat="50.7033177" lon="-3.0422911">
        <ele>113</ele>
        <time>2023-08-22T11:20:12.000Z</time>
        <speed>1.350</speed>
      </trkpt>
      <trkpt lat="50.7032771" lon="-3.0422177">
        <ele>113</ele>
        <time>2023-08-22T11:20:17.000Z</time>
        <speed>1.347</speed>
      </trkpt>
      <trkpt lat="50.7032395" lon="-3.0421430">
        <ele>113</ele>
        <time>2023-08-22T11:20:22.000Z</time>
        <speed>1.333</speed>
      </trkpt>
      <trkpt lat="50.7032029" lon="-3.0420706">
        <ele>113</ele>
        <time>2023-08-22T11:20:27.000Z</time>
        <speed>1.322</speed>
      </trkpt>
      <trkpt lat="50.7031667" lon="-3.0419984">
        <ele>112</ele>
        <time>2023-08-22T11:20:32.000Z</time>
        <speed>1.325</speed>
      </trkpt>
      <trkpt lat="50.7031317" lon="-3.0419233">
        <ele>112</ele>
        <time>2023-08-22T11:20:37.000Z</time>
        <speed>1.328</speed>
      </trkpt>
      <trkpt lat="50.7030927" lon="-3.0418447">
        <ele>112</ele>
        <time>2023-08-22T11:20:42.000Z</time>
        <speed>1.342</speed>
      </trkpt>
      <trkpt lat="50.7030550" lon="-3.0417674">
        <ele>111</ele>
        <time>2023-08-22T11:20:47.000Z</time>
        <speed>1.356</speed>
      </trkpt>
      <trkpt lat="50.7030175" lon="-3.0416911">
        <ele>111</ele>
        <time>2023-08-22T11:20:52.000Z</time>
        <speed>1.361</speed>
      </trkpt>
      <trkpt lat="50.7029799" lon="-3.0416179">
        <ele>111</ele>
        <time>2023-08-22T11:20:57.000Z</time>
        <speed>1.358</speed>
      </trkpt>
      <trkpt lat="50.7029426" lon="-3.0415406">
        <ele>110</ele>
        <time>2023-08-22T11:21:02.000Z</time>
        <speed>1.353</speed>
      </trkpt>
      <trkpt lat="50.7029079" lon="-3.0414660">
        <ele>109</ele>
        <time>2023-08-22T11:21:07.000Z</time>
        <speed>1.353</speed>
      </trkpt>
      <trkpt lat="50.7028710" lon="-3.0413904">
        <ele>109</ele>
        <time>2023-08-22T11:21:12.000Z</time>
        <speed>1.347</speed>
      </trkpt>
      <trkpt lat="50.7028366" lon="-3.0413232">
        <ele>109</ele>
        <time>2023-08-22T11:21:17.000Z</time>
        <speed>1.331</speed>
      </trkpt>
      <trkpt lat="50.7028012" lon="-3.0412587">
        <ele>109</ele>
        <time>2023-08-22T11:21:22.000Z</time>
        <speed>1.311</speed>
      </trkpt>
      <trkpt lat="50.7027657" lon="-3.0411904">
        <ele>108</ele>
        <time>2023-08-22T11:21:27.000Z</time>
        <speed>1.300</speed>
      </trkpt>
      <trkpt lat="50.7027332" lon="-3.0411167">
        <ele>107</ele>
        <time>2023-08-22T11:21:32.000Z</time>
        <speed>1.297</speed>
      </trkpt>
      <trkpt lat="50.7027034" lon="-3.0410414">
        <ele>106</ele>
        <time>2023-08-22T11:21:37.000Z</time>
        <speed>1.300</speed>
      </trkpt>
      <trkpt lat="50.7026744" lon="-3.0409670">
        <ele>105</ele>
        <time>2023-08-22T11:21:52.000Z</time>
        <speed>0.567</speed>
      </trkpt>
      <trkpt lat="50.7026486" lon="-3.0409095">
        <ele>105</ele>
        <time>2023-08-22T11:21:57.000Z</time>
        <speed>1.150</speed>
      </trkpt>
      <trkpt lat="50.7026217" lon="-3.0408285">
        <ele>104</ele>
        <time>2023-08-22T11:22:02.000Z</time>
        <speed>1.128</speed>
      </trkpt>
      <trkpt lat="50.7026064" lon="-3.0407487">
        <ele>104</ele>
        <time>2023-08-22T11:22:07.000Z</time>
        <speed>1.125</speed>
      </trkpt>
      <trkpt lat="50.7025876" lon="-3.0406739">
        <ele>104</ele>
        <time>2023-08-22T11:22:12.000Z</time>
        <speed>1.133</speed>
      </trkpt>
      <trkpt lat="50.7025722" lon="-3.0405963">
        <ele>103</ele>
        <time>2023-08-22T11:22:17.000Z</time>
        <speed>1.156</speed>
      </trkpt>
      <trkpt lat="50.7025640" lon="-3.0405067">
        <ele>103</ele>
        <time>2023-08-22T11:22:22.000Z</time>
        <speed>1.147</speed>
      </trkpt>
      <trkpt lat="50.7025634" lon="-3.0404267">
        <ele>103</ele>
        <time>2023-08-22T11:22:27.000Z</time>
        <speed>1.131</speed>
      </trkpt>
      <trkpt lat="50.7025634" lon="-3.0403630">
        <ele>103</ele>
        <time>2023-08-22T11:22:32.000Z</time>
        <speed>1.092</speed>
      </trkpt>
      <trkpt lat="50.7025634" lon="-3.0403103">
        <ele>103</ele>
        <time>2023-08-22T11:22:37.000Z</time>
        <speed>1.044</speed>
      </trkpt>
      <trkpt lat="50.7025526" lon="-3.0402482">
        <ele>102</ele>
        <time>2023-08-22T11:22:42.000Z</time>
        <speed>1.008</speed>
      </trkpt>
      <trkpt lat="50.7025479" lon="-3.0401861">
        <ele>102</ele>
        <time>2023-08-22T11:22:47.000Z</time>
        <speed>0.989</speed>
      </trkpt>
      <trkpt lat="50.7025291" lon="-3.0401258">
        <ele>102</ele>
        <time>2023-08-22T11:22:52.000Z</time>
        <speed>0.994</speed>
      </trkpt>
      <trkpt lat="50.7025164" lon="-3.0400631">
        <ele>102</ele>
        <time>2023-08-22T11:22:57.000Z</time>
        <speed>1.006</speed>
      </trkpt>
      <trkpt lat="50.7025080" lon="-3.0400030">
        <ele>101</ele>
        <time>2023-08-22T11:23:02.000Z</time>
        <speed>1.022</speed>
      </trkpt>
      <trkpt lat="50.7024688" lon="-3.0399657">
        <ele>101</ele>
        <time>2023-08-22T11:23:07.000Z</time>
        <speed>1.064</speed>
      </trkpt>
      <trkpt lat="50.7024344" lon="-3.0399084">
        <ele>100</ele>
        <time>2023-08-22T11:23:12.000Z</time>
        <speed>1.103</speed>
      </trkpt>
      <trkpt lat="50.7024043" lon="-3.0398323">
        <ele>99</ele>
        <time>2023-08-22T11:23:17.000Z</time>
        <speed>1.136</speed>
      </trkpt>
      <trkpt lat="50.7023733" lon="-3.0397693">
        <ele>99</ele>
        <time>2023-08-22T11:23:22.000Z</time>
        <speed>1.169</speed>
      </trkpt>
      <trkpt lat="50.7023322" lon="-3.0397274">
        <ele>98</ele>
        <time>2023-08-22T11:23:27.000Z</time>
        <speed>1.183</speed>
      </trkpt>
      <trkpt lat="50.7023070" lon="-3.0396663">
        <ele>98</ele>
        <time>2023-08-22T11:23:32.000Z</time>
        <speed>1.181</speed>
      </trkpt>
      <trkpt lat="50.7022977" lon="-3.0396005">
        <ele>97</ele>
        <time>2023-08-22T11:23:37.000Z</time>
        <speed>1.161</speed>
      </trkpt>
      <trkpt lat="50.7022935" lon="-3.0395314">
        <ele>97</ele>
        <time>2023-08-22T11:23:42.000Z</time>
        <speed>1.139</speed>
      </trkpt>
      <trkpt lat="50.7023036" lon="-3.0394692">
        <ele>97</ele>
        <time>2023-08-22T11:23:47.000Z</time>
        <speed>1.119</speed>
      </trkpt>
      <trkpt lat="50.7023067" lon="-3.0394100">
        <ele>97</ele>
        <time>2023-08-22T11:23:52.000Z</time>
        <speed>1.103</speed>
      </trkpt>
      <trkpt lat="50.7022963" lon="-3.0393444">
        <ele>97</ele>
        <time>2023-08-22T11:23:57.000Z</time>
        <speed>1.092</speed>
      </trkpt>
      <trkpt lat="50.7022739" lon="-3.0392675">
        <ele>97</ele>
        <time>2023-08-22T11:24:02.000Z</time>
        <speed>1.092</speed>
      </trkpt>
      <trkpt lat="50.7022614" lon="-3.0391862">
        <ele>96</ele>
        <time>2023-08-22T11:24:07.000Z</time>
        <speed>1.103</speed>
      </trkpt>
      <trkpt lat="50.7022424" lon="-3.0391275">
        <ele>96</ele>
        <time>2023-08-22T11:24:28.000Z</time>
        <speed>0.000</speed>
      </trkpt>
      <trkpt lat="50.7022168" lon="-3.0390717">
        <ele>95</ele>
        <time>2023-08-22T11:24:33.000Z</time>
        <speed>1.117</speed>
      </trkpt>
      <trkpt lat="50.7021905" lon="-3.0390229">
        <ele>94</ele>
        <time>2023-08-22T11:24:38.000Z</time>
        <speed>1.100</speed>
      </trkpt>
      <trkpt lat="50.7021667" lon="-3.0389789">
        <ele>94</ele>
        <time>2023-08-22T11:24:43.000Z</time>
        <speed>1.097</speed>
      </trkpt>
      <trkpt lat="50.7021458" lon="-3.0389237">
        <ele>93</ele>
        <time>2023-08-22T11:24:48.000Z</time>
        <speed>1.094</speed>
      </trkpt>
      <trkpt lat="50.7021177" lon="-3.0388744">
        <ele>92</ele>
        <time>2023-08-22T11:24:53.000Z</time>
        <speed>1.131</speed>
      </trkpt>
      <trkpt lat="50.7020941" lon="-3.0388293">
        <ele>91</ele>
        <time>2023-08-22T11:24:58.000Z</time>
        <speed>1.119</speed>
      </trkpt>
      <trkpt lat="50.7020691" lon="-3.0387703">
        <ele>91</ele>
        <time>2023-08-22T11:25:03.000Z</time>
        <speed>1.094</speed>
      </trkpt>
      <trkpt lat="50.7020440" lon="-3.0386916">
        <ele>90</ele>
        <time>2023-08-22T11:25:08.000Z</time>
        <speed>1.083</speed>
      </trkpt>
      <trkpt lat="50.7020195" lon="-3.0386090">
        <ele>89</ele>
        <time>2023-08-22T11:25:13.000Z</time>
        <speed>1.075</speed>
      </trkpt>
      <trkpt lat="50.7019894" lon="-3.0385420">
        <ele>89</ele>
        <time>2023-08-22T11:25:18.000Z</time>
        <speed>1.078</speed>
      </trkpt>
      <trkpt lat="50.7019563" lon="-3.0384832">
        <ele>88</ele>
        <time>2023-08-22T11:25:23.000Z</time>
        <speed>1.083</speed>
      </trkpt>
      <trkpt lat="50.7019391" lon="-3.0384040">
        <ele>88</ele>
        <time>2023-08-22T11:25:28.000Z</time>
        <speed>1.100</speed>
      </trkpt>
      <trkpt lat="50.7019244" lon="-3.0383236">
        <ele>87</ele>
        <time>2023-08-22T11:25:33.000Z</time>
        <speed>1.144</speed>
      </trkpt>
      <trkpt lat="50.7019132" lon="-3.0382363">
        <ele>87</ele>
        <time>2023-08-22T11:25:38.000Z</time>
        <speed>1.186</speed>
      </trkpt>
      <trkpt lat="50.7018929" lon="-3.0381609">
        <ele>86</ele>
        <time>2023-08-22T11:25:43.000Z</time>
        <speed>1.192</speed>
      </trkpt>
      <trkpt lat="50.7018774" lon="-3.0381086">
        <ele>86</ele>
        <time>2023-08-22T11:25:48.000Z</time>
        <speed>1.175</speed>
      </trkpt>
      <trkpt lat="50.7018724" lon="-3.0380656">
        <ele>85</ele>
        <time>2023-08-22T11:25:53.000Z</time>
        <speed>1.131</speed>
      </trkpt>
      <trkpt lat="50.7018623" lon="-3.0380166">
        <ele>85</ele>
        <time>2023-08-22T11:25:58.000Z</time>
        <speed>1.089</speed>
      </trkpt>
      <trkpt lat="50.7018501" lon="-3.0379584">
        <ele>84</ele>
        <time>2023-08-22T11:26:03.000Z</time>
        <speed>1.058</speed>
      </trkpt>
      <trkpt lat="50.7018323" lon="-3.0379001">
        <ele>83</ele>
        <time>2023-08-22T11:26:08.000Z</time>
        <speed>1.006</speed>
      </trkpt>
      <trkpt lat="50.7018100" lon="-3.0378568">
        <ele>83</ele>
        <time>2023-08-22T11:26:13.000Z</time>
        <speed>0.925</speed>
      </trkpt>
      <trkpt lat="50.7017957" lon="-3.0378084">
        <ele>83</ele>
        <time>2023-08-22T11:26:18.000Z</time>
        <speed>0.839</speed>
      </trkpt>
      <trkpt lat="50.7017942" lon="-3.0377487">
        <ele>82</ele>
        <time>2023-08-22T11:26:23.000Z</time>
        <speed>0.786</speed>
      </trkpt>
      <trkpt lat="50.7017843" lon="-3.0376719">
        <ele>82</ele>
        <time>2023-08-22T11:26:28.000Z</time>
        <speed>0.778</speed>
      </trkpt>
      <trkpt lat="50.7017683" lon="-3.0376080">
        <ele>81</ele>
        <time>2023-08-22T11:26:33.000Z</time>
        <speed>0.769</speed>
      </trkpt>
      <trkpt lat="50.7017560" lon="-3.0375529">
        <ele>81</ele>
        <time>2023-08-22T11:26:38.000Z</time>
        <speed>0.803</speed>
      </trkpt>
      <trkpt lat="50.7017491" lon="-3.0374942">
        <ele>81</ele>
        <time>2023-08-22T11:26:43.000Z</time>
        <speed>0.819</speed>
      </trkpt>
      <trkpt lat="50.7017426" lon="-3.0374203">
        <ele>81</ele>
        <time>2023-08-22T11:26:48.000Z</time>
        <speed>0.847</speed>
      </trkpt>
      <trkpt lat="50.7017493" lon="-3.0373529">
        <ele>81</ele>
        <time>2023-08-22T11:26:53.000Z</time>
        <speed>0.853</speed>
      </trkpt>
      <trkpt lat="50.7017541" lon="-3.0372834">
        <ele>80</ele>
        <time>2023-08-22T11:26:58.000Z</time>
        <speed>0.856</speed>
      </trkpt>
      <trkpt lat="50.7017530" lon="-3.0372337">
        <ele>80</ele>
        <time>2023-08-22T11:27:03.000Z</time>
        <speed>0.861</speed>
      </trkpt>
      <trkpt lat="50.7017517" lon="-3.0372070">
        <ele>80</ele>
        <time>2023-08-22T11:27:08.000Z</time>
        <speed>0.867</speed>
      </trkpt>
      <trkpt lat="50.7017506" lon="-3.0371637">
        <ele>80</ele>
        <time>2023-08-22T11:27:13.000Z</time>
        <speed>0.878</speed>
      </trkpt>
      <trkpt lat="50.7017471" lon="-3.0370791">
        <ele>80</ele>
        <time>2023-08-22T11:27:18.000Z</time>
        <speed>0.917</speed>
      </trkpt>
      <trkpt lat="50.7017412" lon="-3.0369981">
        <ele>80</ele>
        <time>2023-08-22T11:27:23.000Z</time>
        <speed>0.950</speed>
      </trkpt>
      <trkpt lat="50.7017360" lon="-3.0369184">
        <ele>79</ele>
        <time>2023-08-22T11:27:28.000Z</time>
        <speed>0.981</speed>
      </trkpt>
      <trkpt lat="50.7017358" lon="-3.0368327">
        <ele>79</ele>
        <time>2023-08-22T11:27:33.000Z</time>
        <speed>0.969</speed>
      </trkpt>
      <trkpt lat="50.7017361" lon="-3.0367540">
        <ele>79</ele>
        <time>2023-08-22T11:27:38.000Z</time>
        <speed>0.936</speed>
      </trkpt>
      <trkpt lat="50.7017412" lon="-3.0366770">
        <ele>79</ele>
        <time>2023-08-22T11:27:43.000Z</time>
        <speed>0.931</speed>
      </trkpt>
      <trkpt lat="50.7017463" lon="-3.0366162">
        <ele>78</ele>
        <time>2023-08-22T11:27:48.000Z</time>
        <speed>0.933</speed>
      </trkpt>
      <trkpt lat="50.7017614" lon="-3.0365738">
        <ele>78</ele>
        <time>2023-08-22T11:27:53.000Z</time>
        <speed>0.925</speed>
      </trkpt>
      <trkpt lat="50.7017560" lon="-3.0364909">
        <ele>77</ele>
        <time>2023-08-22T11:27:58.000Z</time>
        <speed>0.911</speed>
      </trkpt>
      <trkpt lat="50.7017402" lon="-3.0364168">
        <ele>77</ele>
        <time>2023-08-22T11:28:03.000Z</time>
        <speed>0.906</speed>
      </trkpt>
      <trkpt lat="50.7017196" lon="-3.0363407">
        <ele>77</ele>
        <time>2023-08-22T11:28:08.000Z</time>
        <speed>0.933</speed>
      </trkpt>
      <trkpt lat="50.7017050" lon="-3.0362677">
        <ele>76</ele>
        <time>2023-08-22T11:28:13.000Z</time>
        <speed>0.969</speed>
      </trkpt>
      <trkpt lat="50.7016957" lon="-3.0362051">
        <ele>76</ele>
        <time>2023-08-22T11:28:18.000Z</time>
        <speed>0.989</speed>
      </trkpt>
      <trkpt lat="50.7017033" lon="-3.0361358">
        <ele>76</ele>
        <time>2023-08-22T11:28:23.000Z</time>
        <speed>0.992</speed>
      </trkpt>
      <trkpt lat="50.7017025" lon="-3.0360563">
        <ele>76</ele>
        <time>2023-08-22T11:28:28.000Z</time>
        <speed>0.994</speed>
      </trkpt>
      <trkpt lat="50.7016977" lon="-3.0359876">
        <ele>76</ele>
        <time>2023-08-22T11:28:33.000Z</time>
        <speed>0.994</speed>
      </trkpt>
      <trkpt lat="50.7016783" lon="-3.0359165">
        <ele>75</ele>
        <time>2023-08-22T11:28:38.000Z</time>
        <speed>1.011</speed>
      </trkpt>
      <trkpt lat="50.7016600" lon="-3.0358444">
        <ele>75</ele>
        <time>2023-08-22T11:28:43.000Z</time>
        <speed>1.025</speed>
      </trkpt>
      <trkpt lat="50.7016693" lon="-3.0357683">
        <ele>75</ele>
        <time>2023-08-22T11:28:48.000Z</time>
        <speed>1.022</speed>
      </trkpt>
      <trkpt lat="50.7016733" lon="-3.0356938">
        <ele>75</ele>
        <time>2023-08-22T11:28:53.000Z</time>
        <speed>1.014</speed>
      </trkpt>
      <trkpt lat="50.7016586" lon="-3.0356227">
        <ele>75</ele>
        <time>2023-08-22T11:28:58.000Z</time>
        <speed>1.000</speed>
      </trkpt>
      <trkpt lat="50.7016550" lon="-3.0355554">
        <ele>75</ele>
        <time>2023-08-22T11:29:03.000Z</time>
        <speed>0.994</speed>
      </trkpt>
      <trkpt lat="50.7016603" lon="-3.0354794">
        <ele>75</ele>
        <time>2023-08-22T11:29:08.000Z</time>
        <speed>1.008</speed>
      </trkpt>
      <trkpt lat="50.7016583" lon="-3.0354066">
        <ele>75</ele>
        <time>2023-08-22T11:29:13.000Z</time>
        <speed>1.022</speed>
      </trkpt>
      <trkpt lat="50.7016579" lon="-3.0353410">
        <ele>75</ele>
        <time>2023-08-22T11:29:18.000Z</time>
        <speed>1.011</speed>
      </trkpt>
      <trkpt lat="50.7016465" lon="-3.0352678">
        <ele>75</ele>
        <time>2023-08-22T11:29:23.000Z</time>
        <speed>0.983</speed>
      </trkpt>
      <trkpt lat="50.7016450" lon="-3.0351965">
        <ele>75</ele>
        <time>2023-08-22T11:29:28.000Z</time>
        <speed>0.969</speed>
      </trkpt>
      <trkpt lat="50.7016481" lon="-3.0351352">
        <ele>75</ele>
        <time>2023-08-22T11:29:33.000Z</time>
        <speed>0.958</speed>
      </trkpt>
      <trkpt lat="50.7016422" lon="-3.0350529">
        <ele>75</ele>
        <time>2023-08-22T11:29:38.000Z</time>
        <speed>0.944</speed>
      </trkpt>
      <trkpt lat="50.7016300" lon="-3.0349701">
        <ele>76</ele>
        <time>2023-08-22T11:29:43.000Z</time>
        <speed>0.939</speed>
      </trkpt>
      <trkpt lat="50.7016288" lon="-3.0348947">
        <ele>76</ele>
        <time>2023-08-22T11:29:48.000Z</time>
        <speed>0.953</speed>
      </trkpt>
      <trkpt lat="50.7016282" lon="-3.0348193">
        <ele>76</ele>
        <time>2023-08-22T11:29:53.000Z</time>
        <speed>0.981</speed>
      </trkpt>
      <trkpt lat="50.7016220" lon="-3.0347353">
        <ele>77</ele>
        <time>2023-08-22T11:29:58.000Z</time>
        <speed>1.000</speed>
      </trkpt>
      <trkpt lat="50.7016063" lon="-3.0346532">
        <ele>77</ele>
        <time>2023-08-22T11:30:03.000Z</time>
        <speed>1.019</speed>
      </trkpt>
      <trkpt lat="50.7015922" lon="-3.0345915">
        <ele>79</ele>
        <time>2023-08-22T11:38:14.000Z</time>
        <speed>1.161</speed>
      </trkpt>
      <trkpt lat="50.7015997" lon="-3.0345364">
        <ele>79</ele>
        <time>2023-08-22T11:38:19.000Z</time>
        <speed>1.200</speed>
      </trkpt>
      <trkpt lat="50.7016113" lon="-3.0344693">
        <ele>79</ele>
        <time>2023-08-22T11:38:24.000Z</time>
        <speed>1.075</speed>
      </trkpt>
      <trkpt lat="50.7016265" lon="-3.0344066">
        <ele>79</ele>
        <time>2023-08-22T11:38:29.000Z</time>
        <speed>0.983</speed>
      </trkpt>
      <trkpt lat="50.7016341" lon="-3.0343428">
        <ele>80</ele>
        <time>2023-08-22T11:38:34.000Z</time>
        <speed>0.958</speed>
      </trkpt>
      <trkpt lat="50.7016299" lon="-3.0342605">
        <ele>80</ele>
        <time>2023-08-22T11:38:39.000Z</time>
        <speed>0.911</speed>
      </trkpt>
      <trkpt lat="50.7016190" lon="-3.0341728">
        <ele>81</ele>
        <time>2023-08-22T11:38:44.000Z</time>
        <speed>0.906</speed>
      </trkpt>
      <trkpt lat="50.7016094" lon="-3.0340935">
        <ele>81</ele>
        <time>2023-08-22T11:38:49.000Z</time>
        <speed>0.911</speed>
      </trkpt>
      <trkpt lat="50.7015988" lon="-3.0340164">
        <ele>81</ele>
        <time>2023-08-22T11:38:54.000Z</time>
        <speed>0.939</speed>
      </trkpt>
      <trkpt lat="50.7015892" lon="-3.0339464">
        <ele>81</ele>
        <time>2023-08-22T11:38:59.000Z</time>
        <speed>0.961</speed>
      </trkpt>
      <trkpt lat="50.7015797" lon="-3.0338573">
        <ele>81</ele>
        <time>2023-08-22T11:39:04.000Z</time>
        <speed>0.986</speed>
      </trkpt>
      <trkpt lat="50.7015701" lon="-3.0337692">
        <ele>81</ele>
        <time>2023-08-22T11:39:09.000Z</time>
        <speed>1.025</speed>
      </trkpt>
      <trkpt lat="50.7015673" lon="-3.0336796">
        <ele>81</ele>
        <time>2023-08-22T11:39:14.000Z</time>
        <speed>1.064</speed>
      </trkpt>
      <trkpt lat="50.7015646" lon="-3.0335923">
        <ele>81</ele>
        <time>2023-08-22T11:39:19.000Z</time>
        <speed>1.092</speed>
      </trkpt>
      <trkpt lat="50.7015598" lon="-3.0335047">
        <ele>82</ele>
        <time>2023-08-22T11:39:24.000Z</time>
        <speed>1.108</speed>
      </trkpt>
      <trkpt lat="50.7015562" lon="-3.0334142">
        <ele>82</ele>
        <time>2023-08-22T11:39:29.000Z</time>
        <speed>1.117</speed>
      </trkpt>
      <trkpt lat="50.7015509" lon="-3.0333295">
        <ele>82</ele>
        <time>2023-08-22T11:39:34.000Z</time>
        <speed>1.128</speed>
      </trkpt>
      <trkpt lat="50.7015605" lon="-3.0332541">
        <ele>82</ele>
        <time>2023-08-22T11:39:39.000Z</time>
        <speed>1.150</speed>
      </trkpt>
      <trkpt lat="50.7015834" lon="-3.0331725">
        <ele>82</ele>
        <time>2023-08-22T11:39:44.000Z</time>
        <speed>1.158</speed>
      </trkpt>
      <trkpt lat="50.7016017" lon="-3.0330875">
        <ele>81</ele>
        <time>2023-08-22T11:39:49.000Z</time>
        <speed>1.167</speed>
      </trkpt>
      <trkpt lat="50.7016190" lon="-3.0330034">
        <ele>81</ele>
        <time>2023-08-22T11:39:54.000Z</time>
        <speed>1.181</speed>
      </trkpt>
      <trkpt lat="50.7016372" lon="-3.0329235">
        <ele>81</ele>
        <time>2023-08-22T11:39:59.000Z</time>
        <speed>1.203</speed>
      </trkpt>
      <trkpt lat="50.7016526" lon="-3.0328442">
        <ele>81</ele>
        <time>2023-08-22T11:40:04.000Z</time>
        <speed>1.203</speed>
      </trkpt>
      <trkpt lat="50.7016779" lon="-3.0327665">
        <ele>81</ele>
        <time>2023-08-22T11:40:09.000Z</time>
        <speed>1.197</speed>
      </trkpt>
      <trkpt lat="50.7017181" lon="-3.0327152">
        <ele>81</ele>
        <time>2023-08-22T11:40:14.000Z</time>
        <speed>1.192</speed>
      </trkpt>
      <trkpt lat="50.7017406" lon="-3.0326690">
        <ele>81</ele>
        <time>2023-08-22T11:40:19.000Z</time>
        <speed>1.178</speed>
      </trkpt>
      <trkpt lat="50.7017493" lon="-3.0325659">
        <ele>84</ele>
        <time>2023-08-22T11:40:37.000Z</time>
        <speed>1.644</speed>
      </trkpt>
      <trkpt lat="50.7017118" lon="-3.0325017">
        <ele>85</ele>
        <time>2023-08-22T11:40:42.000Z</time>
        <speed>1.742</speed>
      </trkpt>
      <trkpt lat="50.7016505" lon="-3.0324381">
        <ele>85</ele>
        <time>2023-08-22T11:40:47.000Z</time>
        <speed>1.669</speed>
      </trkpt>
      <trkpt lat="50.7016108" lon="-3.0323670">
        <ele>86</ele>
        <time>2023-08-22T11:40:52.000Z</time>
        <speed>1.422</speed>
      </trkpt>
      <trkpt lat="50.7016006" lon="-3.0322789">
        <ele>86</ele>
        <time>2023-08-22T11:40:57.000Z</time>
        <speed>1.206</speed>
      </trkpt>
      <trkpt lat="50.7015983" lon="-3.0321779">
        <ele>86</ele>
        <time>2023-08-22T11:41:02.000Z</time>
        <speed>1.139</speed>
      </trkpt>
      <trkpt lat="50.7016010" lon="-3.0320848">
        <ele>87</ele>
        <time>2023-08-22T11:41:07.000Z</time>
        <speed>1.131</speed>
      </trkpt>
      <trkpt lat="50.7016016" lon="-3.0319925">
        <ele>87</ele>
        <time>2023-08-22T11:41:12.000Z</time>
        <speed>1.133</speed>
      </trkpt>
      <trkpt lat="50.7015979" lon="-3.0318995">
        <ele>88</ele>
        <time>2023-08-22T11:41:17.000Z</time>
        <speed>1.153</speed>
      </trkpt>
      <trkpt lat="50.7015897" lon="-3.0318096">
        <ele>88</ele>
        <time>2023-08-22T11:41:22.000Z</time>
        <speed>1.156</speed>
      </trkpt>
      <trkpt lat="50.7015735" lon="-3.0317174">
        <ele>88</ele>
        <time>2023-08-22T11:41:27.000Z</time>
        <speed>1.158</speed>
      </trkpt>
      <trkpt lat="50.7015568" lon="-3.0316234">
        <ele>88</ele>
        <time>2023-08-22T11:41:32.000Z</time>
        <speed>1.186</speed>
      </trkpt>
      <trkpt lat="50.7015431" lon="-3.0315279">
        <ele>88</ele>
        <time>2023-08-22T11:41:37.000Z</time>
        <speed>1.197</speed>
      </trkpt>
      <trkpt lat="50.7015353" lon="-3.0314421">
        <ele>89</ele>
        <time>2023-08-22T11:41:42.000Z</time>
        <speed>1.214</speed>
      </trkpt>
      <trkpt lat="50.7015281" lon="-3.0313504">
        <ele>89</ele>
        <time>2023-08-22T11:41:47.000Z</time>
        <speed>1.214</speed>
      </trkpt>
      <trkpt lat="50.7015164" lon="-3.0312571">
        <ele>89</ele>
        <time>2023-08-22T11:41:52.000Z</time>
        <speed>1.203</speed>
      </trkpt>
      <trkpt lat="50.7015018" lon="-3.0311611">
        <ele>89</ele>
        <time>2023-08-22T11:41:57.000Z</time>
        <speed>1.200</speed>
      </trkpt>
      <trkpt lat="50.7014848" lon="-3.0310635">
        <ele>88</ele>
        <time>2023-08-22T11:42:02.000Z</time>
        <speed>1.231</speed>
      </trkpt>
      <trkpt lat="50.7014709" lon="-3.0309697">
        <ele>88</ele>
        <time>2023-08-22T11:42:07.000Z</time>
        <speed>1.250</speed>
      </trkpt>
      <trkpt lat="50.7014582" lon="-3.0308758">
        <ele>88</ele>
        <time>2023-08-22T11:42:12.000Z</time>
        <speed>1.294</speed>
      </trkpt>
      <trkpt lat="50.7014426" lon="-3.0307793">
        <ele>88</ele>
        <time>2023-08-22T11:42:17.000Z</time>
        <speed>1.303</speed>
      </trkpt>
      <trkpt lat="50.7014317" lon="-3.0306827">
        <ele>88</ele>
        <time>2023-08-22T11:42:22.000Z</time>
        <speed>1.317</speed>
      </trkpt>
      <trkpt lat="50.7014184" lon="-3.0305876">
        <ele>88</ele>
        <time>2023-08-22T11:42:27.000Z</time>
        <speed>1.322</speed>
      </trkpt>
      <trkpt lat="50.7014038" lon="-3.0304915">
        <ele>88</ele>
        <time>2023-08-22T11:42:32.000Z</time>
        <speed>1.344</speed>
      </trkpt>
      <trkpt lat="50.7013922" lon="-3.0303913">
        <ele>88</ele>
        <time>2023-08-22T11:42:37.000Z</time>
        <speed>1.353</speed>
      </trkpt>
      <trkpt lat="50.7013825" lon="-3.0302926">
        <ele>87</ele>
        <time>2023-08-22T11:42:42.000Z</time>
        <speed>1.372</speed>
      </trkpt>
      <trkpt lat="50.7013839" lon="-3.0302003">
        <ele>87</ele>
        <time>2023-08-22T11:42:47.000Z</time>
        <speed>1.375</speed>
      </trkpt>
      <trkpt lat="50.7013926" lon="-3.0301116">
        <ele>87</ele>
        <time>2023-08-22T11:42:52.000Z</time>
        <speed>1.372</speed>
      </trkpt>
      <trkpt lat="50.7014010" lon="-3.0300216">
        <ele>87</ele>
        <time>2023-08-22T11:42:57.000Z</time>
        <speed>1.369</speed>
      </trkpt>
      <trkpt lat="50.7014179" lon="-3.0299438">
        <ele>88</ele>
        <time>2023-08-22T11:43:02.000Z</time>
        <speed>1.344</speed>
      </trkpt>
      <trkpt lat="50.7014538" lon="-3.0298781">
        <ele>88</ele>
        <time>2023-08-22T11:43:07.000Z</time>
        <speed>1.333</speed>
      </trkpt>
      <trkpt lat="50.7014887" lon="-3.0298213">
        <ele>88</ele>
        <time>2023-08-22T11:43:12.000Z</time>
        <speed>1.247</speed>
      </trkpt>
      <trkpt lat="50.7015262" lon="-3.0297593">
        <ele>89</ele>
        <time>2023-08-22T11:43:17.000Z</time>
        <speed>1.217</speed>
      </trkpt>
      <trkpt lat="50.7015605" lon="-3.0296926">
        <ele>89</ele>
        <time>2023-08-22T11:43:22.000Z</time>
        <speed>1.161</speed>
      </trkpt>
      <trkpt lat="50.7015956" lon="-3.0296289">
        <ele>90</ele>
        <time>2023-08-22T11:43:27.000Z</time>
        <speed>1.147</speed>
      </trkpt>
      <trkpt lat="50.7016330" lon="-3.0295680">
        <ele>90</ele>
        <time>2023-08-22T11:43:32.000Z</time>
        <speed>1.125</speed>
      </trkpt>
      <trkpt lat="50.7016736" lon="-3.0295135">
        <ele>91</ele>
        <time>2023-08-22T11:43:37.000Z</time>
        <speed>1.119</speed>
      </trkpt>
      <trkpt lat="50.7017221" lon="-3.0294812">
        <ele>92</ele>
        <time>2023-08-22T11:43:42.000Z</time>
        <speed>1.100</speed>
      </trkpt>
      <trkpt lat="50.7017387" lon="-3.0294281">
        <ele>93</ele>
        <time>2023-08-22T11:43:54.000Z</time>
        <speed>0.000</speed>
      </trkpt>
      <trkpt lat="50.7017532" lon="-3.0294646">
        <ele>93</ele>
        <time>2023-08-22T11:43:59.000Z</time>
        <speed>1.292</speed>
      </trkpt>
      <trkpt lat="50.7017968" lon="-3.0295076">
        <ele>95</ele>
        <time>2023-08-22T11:44:44.000Z</time>
        <speed>0.000</speed>
      </trkpt>
      <trkpt lat="50.7018315" lon="-3.0295009">
        <ele>95</ele>
        <time>2023-08-22T11:44:49.000Z</time>
        <speed>1.003</speed>
      </trkpt>
      <trkpt lat="50.7018811" lon="-3.0294566">
        <ele>95</ele>
        <time>2023-08-22T11:45:06.000Z</time>
        <speed>1.064</speed>
      </trkpt>
      <trkpt lat="50.7018928" lon="-3.0293943">
        <ele>95</ele>
        <time>2023-08-22T11:45:11.000Z</time>
        <speed>1.036</speed>
      </trkpt>
      <trkpt lat="50.7018959" lon="-3.0293551">
        <ele>94</ele>
        <time>2023-08-22T11:45:16.000Z</time>
        <speed>1.200</speed>
      </trkpt>
      <trkpt lat="50.7018999" lon="-3.0293155">
        <ele>94</ele>
        <time>2023-08-22T11:45:21.000Z</time>
        <speed>1.097</speed>
      </trkpt>
      <trkpt lat="50.7019030" lon="-3.0292729">
        <ele>93</ele>
        <time>2023-08-22T11:45:26.000Z</time>
        <speed>1.086</speed>
      </trkpt>
      <trkpt lat="50.7018944" lon="-3.0292338">
        <ele>92</ele>
        <time>2023-08-22T11:45:31.000Z</time>
        <speed>1.072</speed>
      </trkpt>
      <trkpt lat="50.7018848" lon="-3.0291869">
        <ele>91</ele>
        <time>2023-08-22T11:45:36.000Z</time>
        <speed>1.086</speed>
      </trkpt>
      <trkpt lat="50.7018952" lon="-3.0291225">
        <ele>90</ele>
        <time>2023-08-22T11:45:41.000Z</time>
        <speed>1.089</speed>
      </trkpt>
      <trkpt lat="50.7019070" lon="-3.0290434">
        <ele>89</ele>
        <time>2023-08-22T11:45:46.000Z</time>
        <speed>1.086</speed>
      </trkpt>
      <trkpt lat="50.7019090" lon="-3.0290093">
        <ele>88</ele>
        <time>2023-08-22T11:45:51.000Z</time>
        <speed>1.078</speed>
      </trkpt>
      <trkpt lat="50.7018887" lon="-3.0289779">
        <ele>88</ele>
        <time>2023-08-22T11:45:56.000Z</time>
        <speed>0.961</speed>
      </trkpt>
      <trkpt lat="50.7018905" lon="-3.0289116">
        <ele>87</ele>
        <time>2023-08-22T11:46:01.000Z</time>
        <speed>0.919</speed>
      </trkpt>
      <trkpt lat="50.7019013" lon="-3.0288395">
        <ele>87</ele>
        <time>2023-08-22T11:46:06.000Z</time>
        <speed>1.075</speed>
      </trkpt>
      <trkpt lat="50.7018743" lon="-3.0286767">
        <ele>80</ele>
        <time>2023-08-22T11:46:51.000Z</time>
        <speed>0.000</speed>
      </trkpt>
      <trkpt lat="50.7018438" lon="-3.0286037">
        <ele>80</ele>
        <time>2023-08-22T11:46:56.000Z</time>
        <speed>0.544</speed>
      </trkpt>
      <trkpt lat="50.7018128" lon="-3.0285840">
        <ele>80</ele>
        <time>2023-08-22T11:47:01.000Z</time>
        <speed>1.083</speed>
      </trkpt>
      <trkpt lat="50.7017760" lon="-3.0285820">
        <ele>80</ele>
        <time>2023-08-22T11:47:06.000Z</time>
        <speed>1.122</speed>
      </trkpt>
      <trkpt lat="50.7017304" lon="-3.0285861">
        <ele>80</ele>
        <time>2023-08-22T11:47:11.000Z</time>
        <speed>1.092</speed>
      </trkpt>
      <trkpt lat="50.7016874" lon="-3.0286252">
        <ele>80</ele>
        <time>2023-08-22T11:47:16.000Z</time>
        <speed>1.056</speed>
      </trkpt>
      <trkpt lat="50.7016584" lon="-3.0286504">
        <ele>80</ele>
        <time>2023-08-22T11:47:21.000Z</time>
        <speed>1.025</speed>
      </trkpt>
      <trkpt lat="50.7016381" lon="-3.0286499">
        <ele>80</ele>
        <time>2023-08-22T11:47:26.000Z</time>
        <speed>1.008</speed>
      </trkpt>
      <trkpt lat="50.7016108" lon="-3.0286461">
        <ele>80</ele>
        <time>2023-08-22T11:47:31.000Z</time>
        <speed>1.008</speed>
      </trkpt>
      <trkpt lat="50.7015800" lon="-3.0286272">
        <ele>80</ele>
        <time>2023-08-22T11:47:36.000Z</time>
        <speed>1.008</speed>
      </trkpt>
      <trkpt lat="50.7015502" lon="-3.0286073">
        <ele>80</ele>
        <time>2023-08-22T11:47:41.000Z</time>
        <speed>1.014</speed>
      </trkpt>
      <trkpt lat="50.7015388" lon="-3.0285606">
        <ele>80</ele>
        <time>2023-08-22T11:47:46.000Z</time>
        <speed>0.992</speed>
      </trkpt>
      <trkpt lat="50.7015532" lon="-3.0285106">
        <ele>80</ele>
        <time>2023-08-22T11:47:51.000Z</time>
        <speed>0.925</speed>
      </trkpt>
      <trkpt lat="50.7015795" lon="-3.0284700">
        <ele>80</ele>
        <time>2023-08-22T11:47:56.000Z</time>
        <speed>0.861</speed>
      </trkpt>
      <trkpt lat="50.7015919" lon="-3.0284006">
        <ele>80</ele>
        <time>2023-08-22T11:48:01.000Z</time>
        <speed>0.831</speed>
      </trkpt>
      <trkpt lat="50.7015868" lon="-3.0283263">
        <ele>80</ele>
        <time>2023-08-22T11:48:06.000Z</time>
        <speed>0.825</speed>
      </trkpt>
      <trkpt lat="50.7015999" lon="-3.0282530">
        <ele>80</ele>
        <time>2023-08-22T11:48:11.000Z</time>
        <speed>0.878</speed>
      </trkpt>
      <trkpt lat="50.7016155" lon="-3.0281861">
        <ele>80</ele>
        <time>2023-08-22T11:48:16.000Z</time>
        <speed>0.936</speed>
      </trkpt>
      <trkpt lat="50.7016105" lon="-3.0281459">
        <ele>81</ele>
        <time>2023-08-22T11:48:21.000Z</time>
        <speed>0.956</speed>
      </trkpt>
      <trkpt lat="50.7015883" lon="-3.0281148">
        <ele>81</ele>
        <time>2023-08-22T11:48:26.000Z</time>
        <speed>0.917</speed>
      </trkpt>
      <trkpt lat="50.7015761" lon="-3.0280619">
        <ele>82</ele>
        <time>2023-08-22T11:48:31.000Z</time>
        <speed>0.850</speed>
      </trkpt>
      <trkpt lat="50.7015614" lon="-3.0280236">
        <ele>82</ele>
        <time>2023-08-22T11:48:36.000Z</time>
        <speed>0.786</speed>
      </trkpt>
      <trkpt lat="50.7015370" lon="-3.0279960">
        <ele>83</ele>
        <time>2023-08-22T11:48:41.000Z</time>
        <speed>1.161</speed>
      </trkpt>
      <trkpt lat="50.7015101" lon="-3.0279781">
        <ele>83</ele>
        <time>2023-08-22T11:48:46.000Z</time>
        <speed>1.231</speed>
      </trkpt>
      <trkpt lat="50.7014738" lon="-3.0279676">
        <ele>85</ele>
        <time>2023-08-22T11:48:51.000Z</time>
        <speed>1.239</speed>
      </trkpt>
      <trkpt lat="50.7014405" lon="-3.0279730">
        <ele>85</ele>
        <time>2023-08-22T11:48:56.000Z</time>
        <speed>1.225</speed>
      </trkpt>
      <trkpt lat="50.7014136" lon="-3.0279810">
        <ele>86</ele>
        <time>2023-08-22T11:49:01.000Z</time>
        <speed>1.228</speed>
      </trkpt>
      <trkpt lat="50.7013930" lon="-3.0279813">
        <ele>87</ele>
        <time>2023-08-22T11:49:06.000Z</time>
        <speed>1.228</speed>
      </trkpt>
      <trkpt lat="50.7013688" lon="-3.0279817">
        <ele>87</ele>
        <time>2023-08-22T11:49:11.000Z</time>
        <speed>1.228</speed>
      </trkpt>
      <trkpt lat="50.7013361" lon="-3.0279911">
        <ele>87</ele>
        <time>2023-08-22T11:49:16.000Z</time>
        <speed>1.172</speed>
      </trkpt>
      <trkpt lat="50.7012988" lon="-3.0279944">
        <ele>87</ele>
        <time>2023-08-22T11:49:21.000Z</time>
        <speed>1.133</speed>
      </trkpt>
      <trkpt lat="50.7012583" lon="-3.0279896">
        <ele>86</ele>
        <time>2023-08-22T11:49:26.000Z</time>
        <speed>1.117</speed>
      </trkpt>
      <trkpt lat="50.7012156" lon="-3.0279794">
        <ele>86</ele>
        <time>2023-08-22T11:49:31.000Z</time>
        <speed>1.092</speed>
      </trkpt>
      <trkpt lat="50.7011889" lon="-3.0279455">
        <ele>85</ele>
        <time>2023-08-22T11:49:36.000Z</time>
        <speed>1.050</speed>
      </trkpt>
      <trkpt lat="50.7011876" lon="-3.0278634">
        <ele>85</ele>
        <time>2023-08-22T11:50:19.000Z</time>
        <speed>0.000</speed>
      </trkpt>
      <trkpt lat="50.7011819" lon="-3.0278261">
        <ele>85</ele>
        <time>2023-08-22T11:50:24.000Z</time>
        <speed>0.497</speed>
      </trkpt>
      <trkpt lat="50.7011622" lon="-3.0277579">
        <ele>85</ele>
        <time>2023-08-22T11:50:29.000Z</time>
        <speed>1.058</speed>
      </trkpt>
      <trkpt lat="50.7011400" lon="-3.0276792">
        <ele>85</ele>
        <time>2023-08-22T11:50:34.000Z</time>
        <speed>1.081</speed>
      </trkpt>
      <trkpt lat="50.7011171" lon="-3.0275987">
        <ele>84</ele>
        <time>2023-08-22T11:50:39.000Z</time>
        <speed>1.094</speed>
      </trkpt>
      <trkpt lat="50.7010855" lon="-3.0275262">
        <ele>84</ele>
        <time>2023-08-22T11:50:44.000Z</time>
        <speed>1.094</speed>
      </trkpt>
      <trkpt lat="50.7010565" lon="-3.0274620">
        <ele>84</ele>
        <time>2023-08-22T11:50:49.000Z</time>
        <speed>1.106</speed>
      </trkpt>
      <trkpt lat="50.7010295" lon="-3.0273978">
        <ele>84</ele>
        <time>2023-08-22T11:50:54.000Z</time>
        <speed>1.100</speed>
      </trkpt>
      <trkpt lat="50.7009985" lon="-3.0273626">
        <ele>83</ele>
        <time>2023-08-22T11:51:22.000Z</time>
        <speed>0.925</speed>
      </trkpt>
      <trkpt lat="50.7009788" lon="-3.0273144">
        <ele>83</ele>
        <time>2023-08-22T11:51:55.000Z</time>
        <speed>1.114</speed>
      </trkpt>
      <trkpt lat="50.7009478" lon="-3.0272454">
        <ele>83</ele>
        <time>2023-08-22T11:52:00.000Z</time>
        <speed>1.114</speed>
      </trkpt>
      <trkpt lat="50.7009119" lon="-3.0271770">
        <ele>83</ele>
        <time>2023-08-22T11:52:05.000Z</time>
        <speed>1.119</speed>
      </trkpt>
      <trkpt lat="50.7008826" lon="-3.0271046">
        <ele>83</ele>
        <time>2023-08-22T11:52:10.000Z</time>
        <speed>1.111</speed>
      </trkpt>
      <trkpt lat="50.7008666" lon="-3.0270243">
        <ele>83</ele>
        <time>2023-08-22T11:52:15.000Z</time>
        <speed>1.111</speed>
      </trkpt>
      <trkpt lat="50.7008495" lon="-3.0269353">
        <ele>83</ele>
        <time>2023-08-22T11:52:20.000Z</time>
        <speed>1.133</speed>
      </trkpt>
      <trkpt lat="50.7008408" lon="-3.0268414">
        <ele>83</ele>
        <time>2023-08-22T11:52:25.000Z</time>
        <speed>1.164</speed>
      </trkpt>
      <trkpt lat="50.7008338" lon="-3.0267468">
        <ele>83</ele>
        <time>2023-08-22T11:52:30.000Z</time>
        <speed>1.175</speed>
      </trkpt>
      <trkpt lat="50.7008270" lon="-3.0266544">
        <ele>83</ele>
        <time>2023-08-22T11:52:35.000Z</time>
        <speed>1.192</speed>
      </trkpt>
      <trkpt lat="50.7008231" lon="-3.0265790">
        <ele>83</ele>
        <time>2023-08-22T11:52:40.000Z</time>
        <speed>0.594</speed>
      </trkpt>
      <trkpt lat="50.7008182" lon="-3.0265202">
        <ele>83</ele>
        <time>2023-08-22T11:52:51.000Z</time>
        <speed>1.033</speed>
      </trkpt>
      <trkpt lat="50.7008340" lon="-3.0264337">
        <ele>83</ele>
        <time>2023-08-22T11:52:56.000Z</time>
        <speed>1.056</speed>
      </trkpt>
      <trkpt lat="50.7008536" lon="-3.0263514">
        <ele>83</ele>
        <time>2023-08-22T11:53:01.000Z</time>
        <speed>1.050</speed>
      </trkpt>
      <trkpt lat="50.7008700" lon="-3.0262731">
        <ele>83</ele>
        <time>2023-08-22T11:53:06.000Z</time>
        <speed>1.042</speed>
      </trkpt>
      <trkpt lat="50.7008897" lon="-3.0262042">
        <ele>84</ele>
        <time>2023-08-22T11:53:11.000Z</time>
        <speed>1.031</speed>
      </trkpt>
      <trkpt lat="50.7008971" lon="-3.0261260">
        <ele>84</ele>
        <time>2023-08-22T11:53:16.000Z</time>
        <speed>1.022</speed>
      </trkpt>
      <trkpt lat="50.7009168" lon="-3.0260488">
        <ele>85</ele>
        <time>2023-08-22T11:53:21.000Z</time>
        <speed>1.025</speed>
      </trkpt>
      <trkpt lat="50.7009409" lon="-3.0259744">
        <ele>85</ele>
        <time>2023-08-22T11:53:26.000Z</time>
        <speed>1.031</speed>
      </trkpt>
      <trkpt lat="50.7009638" lon="-3.0259054">
        <ele>85</ele>
        <time>2023-08-22T11:53:31.000Z</time>
        <speed>1.050</speed>
      </trkpt>
      <trkpt lat="50.7009847" lon="-3.0258340">
        <ele>86</ele>
        <time>2023-08-22T11:53:36.000Z</time>
        <speed>1.067</speed>
      </trkpt>
      <trkpt lat="50.7009925" lon="-3.0257556">
        <ele>86</ele>
        <time>2023-08-22T11:53:41.000Z</time>
        <speed>1.064</speed>
      </trkpt>
      <trkpt lat="50.7010004" lon="-3.0256914">
        <ele>86</ele>
        <time>2023-08-22T11:53:46.000Z</time>
        <speed>1.050</speed>
      </trkpt>
      <trkpt lat="50.7010151" lon="-3.0256292">
        <ele>86</ele>
        <time>2023-08-22T11:53:51.000Z</time>
        <speed>1.028</speed>
      </trkpt>
      <trkpt lat="50.7010414" lon="-3.0255627">
        <ele>86</ele>
        <time>2023-08-22T11:53:56.000Z</time>
        <speed>0.997</speed>
      </trkpt>
      <trkpt lat="50.7010750" lon="-3.0254860">
        <ele>86</ele>
        <time>2023-08-22T11:54:01.000Z</time>
        <speed>1.003</speed>
      </trkpt>
      <trkpt lat="50.7011125" lon="-3.0254109">
        <ele>86</ele>
        <time>2023-08-22T11:54:06.000Z</time>
        <speed>1.047</speed>
      </trkpt>
      <trkpt lat="50.7011420" lon="-3.0253393">
        <ele>87</ele>
        <time>2023-08-22T11:54:11.000Z</time>
        <speed>1.097</speed>
      </trkpt>
      <trkpt lat="50.7011553" lon="-3.0252535">
        <ele>87</ele>
        <time>2023-08-22T11:54:16.000Z</time>
        <speed>1.131</speed>
      </trkpt>
      <trkpt lat="50.7011569" lon="-3.0251628">
        <ele>87</ele>
        <time>2023-08-22T11:54:21.000Z</time>
        <speed>1.128</speed>
      </trkpt>
      <trkpt lat="50.7011474" lon="-3.0250861">
        <ele>87</ele>
        <time>2023-08-22T11:54:26.000Z</time>
        <speed>1.097</speed>
      </trkpt>
      <trkpt lat="50.7011367" lon="-3.0250300">
        <ele>87</ele>
        <time>2023-08-22T11:54:31.000Z</time>
        <speed>1.064</speed>
      </trkpt>
      <trkpt lat="50.7011309" lon="-3.0249762">
        <ele>87</ele>
        <time>2023-08-22T11:54:36.000Z</time>
        <speed>1.017</speed>
      </trkpt>
      <trkpt lat="50.7011295" lon="-3.0249133">
        <ele>87</ele>
        <time>2023-08-22T11:54:41.000Z</time>
        <speed>0.972</speed>
      </trkpt>
      <trkpt lat="50.7011320" lon="-3.0248415">
        <ele>87</ele>
        <time>2023-08-22T11:54:46.000Z</time>
        <speed>0.939</speed>
      </trkpt>
      <trkpt lat="50.7011360" lon="-3.0247753">
        <ele>88</ele>
        <time>2023-08-22T11:54:51.000Z</time>
        <speed>0.931</speed>
      </trkpt>
      <trkpt lat="50.7011279" lon="-3.0247090">
        <ele>88</ele>
        <time>2023-08-22T11:54:56.000Z</time>
        <speed>0.939</speed>
      </trkpt>
      <trkpt lat="50.7010925" lon="-3.0246913">
        <ele>89</ele>
        <time>2023-08-22T11:55:01.000Z</time>
        <speed>0.944</speed>
      </trkpt>
      <trkpt lat="50.7010542" lon="-3.0246902">
        <ele>89</ele>
        <time>2023-08-22T11:55:06.000Z</time>
        <speed>0.942</speed>
      </trkpt>
      <trkpt lat="50.7010224" lon="-3.0246581">
        <ele>89</ele>
        <time>2023-08-22T11:55:11.000Z</time>
        <speed>0.939</speed>
      </trkpt>
      <trkpt lat="50.7009907" lon="-3.0246264">
        <ele>89</ele>
        <time>2023-08-22T11:55:16.000Z</time>
        <speed>0.942</speed>
      </trkpt>
      <trkpt lat="50.7009586" lon="-3.0245963">
        <ele>89</ele>
        <time>2023-08-22T11:55:21.000Z</time>
        <speed>0.950</speed>
      </trkpt>
      <trkpt lat="50.7009257" lon="-3.0245785">
        <ele>89</ele>
        <time>2023-08-22T11:55:26.000Z</time>
        <speed>0.994</speed>
      </trkpt>
      <trkpt lat="50.7008941" lon="-3.0245710">
        <ele>88</ele>
        <time>2023-08-22T11:55:31.000Z</time>
        <speed>1.039</speed>
      </trkpt>
      <trkpt lat="50.7008614" lon="-3.0245607">
        <ele>88</ele>
        <time>2023-08-22T11:55:36.000Z</time>
        <speed>1.069</speed>
      </trkpt>
      <trkpt lat="50.7008170" lon="-3.0245560">
        <ele>87</ele>
        <time>2023-08-22T11:55:41.000Z</time>
        <speed>1.097</speed>
      </trkpt>
      <trkpt lat="50.7007781" lon="-3.0245614">
        <ele>86</ele>
        <time>2023-08-22T11:55:46.000Z</time>
        <speed>1.111</speed>
      </trkpt>
      <trkpt lat="50.7007342" lon="-3.0245809">
        <ele>85</ele>
        <time>2023-08-22T11:55:51.000Z</time>
        <speed>1.119</speed>
      </trkpt>
      <trkpt lat="50.7006990" lon="-3.0246170">
        <ele>85</ele>
        <time>2023-08-22T11:55:56.000Z</time>
        <speed>1.111</speed>
      </trkpt>
      <trkpt lat="50.7006566" lon="-3.0246481">
        <ele>84</ele>
        <time>2023-08-22T11:56:01.000Z</time>
        <speed>1.081</speed>
      </trkpt>
      <trkpt lat="50.7006234" lon="-3.0246586">
        <ele>83</ele>
        <time>2023-08-22T11:56:06.000Z</time>
        <speed>1.031</speed>
      </trkpt>
      <trkpt lat="50.7005885" lon="-3.0246383">
        <ele>82</ele>
        <time>2023-08-22T11:56:11.000Z</time>
        <speed>0.975</speed>
      </trkpt>
      <trkpt lat="50.7005520" lon="-3.0246099">
        <ele>81</ele>
        <time>2023-08-22T11:56:16.000Z</time>
        <speed>2.117</speed>
      </trkpt>
      <trkpt lat="50.7005147" lon="-3.0245725">
        <ele>81</ele>
        <time>2023-08-22T11:56:21.000Z</time>
        <speed>1.897</speed>
      </trkpt>
      <trkpt lat="50.7004900" lon="-3.0245179">
        <ele>80</ele>
        <time>2023-08-22T11:56:26.000Z</time>
        <speed>1.214</speed>
      </trkpt>
      <trkpt lat="50.7004819" lon="-3.0244617">
        <ele>80</ele>
        <time>2023-08-22T11:56:31.000Z</time>
        <speed>1.025</speed>
      </trkpt>
      <trkpt lat="50.7004844" lon="-3.0243814">
        <ele>80</ele>
        <time>2023-08-22T11:56:36.000Z</time>
        <speed>0.992</speed>
      </trkpt>
      <trkpt lat="50.7004899" lon="-3.0242996">
        <ele>79</ele>
        <time>2023-08-22T11:56:41.000Z</time>
        <speed>0.961</speed>
      </trkpt>
      <trkpt lat="50.7004915" lon="-3.0242231">
        <ele>79</ele>
        <time>2023-08-22T11:56:46.000Z</time>
        <speed>0.992</speed>
      </trkpt>
      <trkpt lat="50.7004966" lon="-3.0241348">
        <ele>80</ele>
        <time>2023-08-22T11:56:51.000Z</time>
        <speed>1.028</speed>
      </trkpt>
      <trkpt lat="50.7004981" lon="-3.0240747">
        <ele>80</ele>
        <time>2023-08-22T11:56:56.000Z</time>
        <speed>1.033</speed>
      </trkpt>
      <trkpt lat="50.7004954" lon="-3.0240172">
        <ele>79</ele>
        <time>2023-08-22T11:57:01.000Z</time>
        <speed>1.000</speed>
      </trkpt>
      <trkpt lat="50.7004818" lon="-3.0239493">
        <ele>79</ele>
        <time>2023-08-22T11:57:06.000Z</time>
        <speed>0.997</speed>
      </trkpt>
      <trkpt lat="50.7004621" lon="-3.0238707">
        <ele>79</ele>
        <time>2023-08-22T11:57:11.000Z</time>
        <speed>0.994</speed>
      </trkpt>
      <trkpt lat="50.7004302" lon="-3.0238032">
        <ele>79</ele>
        <time>2023-08-22T11:57:16.000Z</time>
        <speed>1.003</speed>
      </trkpt>
      <trkpt lat="50.7003885" lon="-3.0237238">
        <ele>78</ele>
        <time>2023-08-22T11:57:21.000Z</time>
        <speed>1.008</speed>
      </trkpt>
      <trkpt lat="50.7003583" lon="-3.0236540">
        <ele>78</ele>
        <time>2023-08-22T11:57:26.000Z</time>
        <speed>1.033</speed>
      </trkpt>
      <trkpt lat="50.7003467" lon="-3.0235972">
        <ele>77</ele>
        <time>2023-08-22T11:57:31.000Z</time>
        <speed>1.042</speed>
      </trkpt>
      <trkpt lat="50.7003175" lon="-3.0235344">
        <ele>76</ele>
        <time>2023-08-22T11:57:36.000Z</time>
        <speed>1.061</speed>
      </trkpt>
      <trkpt lat="50.7002870" lon="-3.0234575">
        <ele>76</ele>
        <time>2023-08-22T11:57:41.000Z</time>
        <speed>1.069</speed>
      </trkpt>
      <trkpt lat="50.7002675" lon="-3.0233791">
        <ele>75</ele>
        <time>2023-08-22T11:57:46.000Z</time>
        <speed>1.094</speed>
      </trkpt>
      <trkpt lat="50.7002524" lon="-3.0233365">
        <ele>74</ele>
        <time>2023-08-22T11:57:51.000Z</time>
        <speed>1.100</speed>
      </trkpt>
      <trkpt lat="50.7002263" lon="-3.0233087">
        <ele>73</ele>
        <time>2023-08-22T11:57:56.000Z</time>
        <speed>1.067</speed>
      </trkpt>
      <trkpt lat="50.7001963" lon="-3.0232931">
        <ele>72</ele>
        <time>2023-08-22T11:58:01.000Z</time>
        <speed>1.050</speed>
      </trkpt>
      <trkpt lat="50.7001751" lon="-3.0232843">
        <ele>71</ele>
        <time>2023-08-22T11:58:06.000Z</time>
        <speed>0.986</speed>
      </trkpt>
      <trkpt lat="50.7001381" lon="-3.0232708">
        <ele>70</ele>
        <time>2023-08-22T11:58:11.000Z</time>
        <speed>0.972</speed>
      </trkpt>
      <trkpt lat="50.7000792" lon="-3.0232500">
        <ele>67</ele>
        <time>2023-08-22T11:59:21.000Z</time>
        <speed>0.819</speed>
      </trkpt>
      <trkpt lat="50.7000609" lon="-3.0232182">
        <ele>67</ele>
        <time>2023-08-22T11:59:26.000Z</time>
        <speed>0.708</speed>
      </trkpt>
      <trkpt lat="50.7000503" lon="-3.0231801">
        <ele>66</ele>
        <time>2023-08-22T11:59:31.000Z</time>
        <speed>0.692</speed>
      </trkpt>
      <trkpt lat="50.7000387" lon="-3.0230999">
        <ele>60</ele>
        <time>2023-08-22T11:59:58.000Z</time>
        <speed>2.028</speed>
      </trkpt>
      <trkpt lat="50.7000198" lon="-3.0230107">
        <ele>60</ele>
        <time>2023-08-22T12:00:03.000Z</time>
        <speed>1.981</speed>
      </trkpt>
      <trkpt lat="50.6999931" lon="-3.0229574">
        <ele>59</ele>
        <time>2023-08-22T12:00:08.000Z</time>
        <speed>1.975</speed>
      </trkpt>
      <trkpt lat="50.6999590" lon="-3.0229440">
        <ele>59</ele>
        <time>2023-08-22T12:00:13.000Z</time>
        <speed>1.561</speed>
      </trkpt>
      <trkpt lat="50.6999204" lon="-3.0229247">
        <ele>59</ele>
        <time>2023-08-22T12:00:18.000Z</time>
        <speed>1.081</speed>
      </trkpt>
      <trkpt lat="50.6998874" lon="-3.0228999">
        <ele>59</ele>
        <time>2023-08-22T12:00:23.000Z</time>
        <speed>0.947</speed>
      </trkpt>
      <trkpt lat="50.6998535" lon="-3.0228599">
        <ele>58</ele>
        <time>2023-08-22T12:00:28.000Z</time>
        <speed>0.939</speed>
      </trkpt>
      <trkpt lat="50.6998141" lon="-3.0228294">
        <ele>57</ele>
        <time>2023-08-22T12:00:33.000Z</time>
        <speed>0.942</speed>
      </trkpt>
      <trkpt lat="50.6997519" lon="-3.0228143">
        <ele>56</ele>
        <time>2023-08-22T12:00:44.000Z</time>
        <speed>1.236</speed>
      </trkpt>
      <trkpt lat="50.6997150" lon="-3.0228119">
        <ele>54</ele>
        <time>2023-08-22T12:00:49.000Z</time>
        <speed>1.678</speed>
      </trkpt>
      <trkpt lat="50.6996848" lon="-3.0228351">
        <ele>53</ele>
        <time>2023-08-22T12:00:54.000Z</time>
        <speed>1.850</speed>
      </trkpt>
      <trkpt lat="50.6996621" lon="-3.0228875">
        <ele>52</ele>
        <time>2023-08-22T12:01:04.000Z</time>
        <speed>1.803</speed>
      </trkpt>
      <trkpt lat="50.6996317" lon="-3.0229092">
        <ele>51</ele>
        <time>2023-08-22T12:01:09.000Z</time>
        <speed>1.781</speed>
      </trkpt>
      <trkpt lat="50.6996029" lon="-3.0229280">
        <ele>50</ele>
        <time>2023-08-22T12:01:14.000Z</time>
        <speed>1.775</speed>
      </trkpt>
      <trkpt lat="50.6995783" lon="-3.0229566">
        <ele>47</ele>
        <time>2023-08-22T12:01:30.000Z</time>
        <speed>0.000</speed>
      </trkpt>
      <trkpt lat="50.6995309" lon="-3.0229421">
        <ele>46</ele>
        <time>2023-08-22T12:01:49.000Z</time>
        <speed>0.794</speed>
      </trkpt>
      <trkpt lat="50.6995201" lon="-3.0229073">
        <ele>46</ele>
        <time>2023-08-22T12:01:54.000Z</time>
        <speed>0.992</speed>
      </trkpt>
      <trkpt lat="50.6995018" lon="-3.0228415">
        <ele>44</ele>
        <time>2023-08-22T12:02:12.000Z</time>
        <speed>0.000</speed>
      </trkpt>
      <trkpt lat="50.6994530" lon="-3.0227736">
        <ele>43</ele>
        <time>2023-08-22T12:02:24.000Z</time>
        <speed>0.997</speed>
      </trkpt>
      <trkpt lat="50.6994246" lon="-3.0227429">
        <ele>43</ele>
        <time>2023-08-22T12:02:29.000Z</time>
        <speed>0.939</speed>
      </trkpt>
      <trkpt lat="50.6994051" lon="-3.0227206">
        <ele>42</ele>
        <time>2023-08-22T12:02:34.000Z</time>
        <speed>0.883</speed>
      </trkpt>
      <trkpt lat="50.6993858" lon="-3.0226633">
        <ele>42</ele>
        <time>2023-08-22T12:03:12.000Z</time>
        <speed>0.844</speed>
      </trkpt>
      <trkpt lat="50.6993973" lon="-3.0225877">
        <ele>42</ele>
        <time>2023-08-22T12:03:27.000Z</time>
        <speed>1.022</speed>
      </trkpt>
      <trkpt lat="50.6994281" lon="-3.0225315">
        <ele>43</ele>
        <time>2023-08-22T12:03:32.000Z</time>
        <speed>0.906</speed>
      </trkpt>
      <trkpt lat="50.6994416" lon="-3.0224752">
        <ele>43</ele>
        <time>2023-08-22T12:03:37.000Z</time>
        <speed>0.858</speed>
      </trkpt>
      <trkpt lat="50.6994476" lon="-3.0224137">
        <ele>43</ele>
        <time>2023-08-22T12:03:42.000Z</time>
        <speed>0.897</speed>
      </trkpt>
      <trkpt lat="50.6994683" lon="-3.0223603">
        <ele>43</ele>
        <time>2023-08-22T12:03:47.000Z</time>
        <speed>0.956</speed>
      </trkpt>
      <trkpt lat="50.6995064" lon="-3.0223174">
        <ele>44</ele>
        <time>2023-08-22T12:03:52.000Z</time>
        <speed>0.983</speed>
      </trkpt>
      <trkpt lat="50.6995412" lon="-3.0222697">
        <ele>45</ele>
        <time>2023-08-22T12:03:57.000Z</time>
        <speed>0.994</speed>
      </trkpt>
      <trkpt lat="50.6995789" lon="-3.0222038">
        <ele>45</ele>
        <time>2023-08-22T12:04:02.000Z</time>
        <speed>1.000</speed>
      </trkpt>
      <trkpt lat="50.6996019" lon="-3.0221282">
        <ele>46</ele>
        <time>2023-08-22T12:04:07.000Z</time>
        <speed>0.994</speed>
      </trkpt>
      <trkpt lat="50.6996106" lon="-3.0220523">
        <ele>46</ele>
        <time>2023-08-22T12:04:12.000Z</time>
        <speed>0.992</speed>
      </trkpt>
      <trkpt lat="50.6996217" lon="-3.0219923">
        <ele>47</ele>
        <time>2023-08-22T12:04:17.000Z</time>
        <speed>1.000</speed>
      </trkpt>
      <trkpt lat="50.6996243" lon="-3.0219329">
        <ele>47</ele>
        <time>2023-08-22T12:04:22.000Z</time>
        <speed>1.003</speed>
      </trkpt>
      <trkpt lat="50.6996296" lon="-3.0218669">
        <ele>47</ele>
        <time>2023-08-22T12:04:27.000Z</time>
        <speed>1.003</speed>
      </trkpt>
      <trkpt lat="50.6996359" lon="-3.0218034">
        <ele>48</ele>
        <time>2023-08-22T12:04:32.000Z</time>
        <speed>0.994</speed>
      </trkpt>
      <trkpt lat="50.6996408" lon="-3.0217355">
        <ele>48</ele>
        <time>2023-08-22T12:04:37.000Z</time>
        <speed>0.956</speed>
      </trkpt>
      <trkpt lat="50.6996428" lon="-3.0216493">
        <ele>48</ele>
        <time>2023-08-22T12:04:42.000Z</time>
        <speed>0.939</speed>
      </trkpt>
      <trkpt lat="50.6996560" lon="-3.0215592">
        <ele>48</ele>
        <time>2023-08-22T12:04:47.000Z</time>
        <speed>0.944</speed>
      </trkpt>
      <trkpt lat="50.6996848" lon="-3.0214862">
        <ele>48</ele>
        <time>2023-08-22T12:04:52.000Z</time>
        <speed>0.961</speed>
      </trkpt>
      <trkpt lat="50.6997042" lon="-3.0214163">
        <ele>48</ele>
        <time>2023-08-22T12:04:57.000Z</time>
        <speed>0.972</speed>
      </trkpt>
      <trkpt lat="50.6997115" lon="-3.0213518">
        <ele>47</ele>
        <time>2023-08-22T12:05:02.000Z</time>
        <speed>1.400</speed>
      </trkpt>
      <trkpt lat="50.6997207" lon="-3.0212770">
        <ele>46</ele>
        <time>2023-08-22T12:05:07.000Z</time>
        <speed>1.525</speed>
      </trkpt>
      <trkpt lat="50.6997446" lon="-3.0212026">
        <ele>46</ele>
        <time>2023-08-22T12:05:12.000Z</time>
        <speed>1.614</speed>
      </trkpt>
      <trkpt lat="50.6997700" lon="-3.0211360">
        <ele>45</ele>
        <time>2023-08-22T12:05:17.000Z</time>
        <speed>1.664</speed>
      </trkpt>
      <trkpt lat="50.6998069" lon="-3.0210971">
        <ele>45</ele>
        <time>2023-08-22T12:05:22.000Z</time>
        <speed>1.467</speed>
      </trkpt>
      <trkpt lat="50.6998519" lon="-3.0210755">
        <ele>45</ele>
        <time>2023-08-22T12:05:27.000Z</time>
        <speed>1.108</speed>
      </trkpt>
      <trkpt lat="50.6998856" lon="-3.0210487">
        <ele>44</ele>
        <time>2023-08-22T12:05:32.000Z</time>
        <speed>1.008</speed>
      </trkpt>
      <trkpt lat="50.6999134" lon="-3.0209889">
        <ele>43</ele>
        <time>2023-08-22T12:05:37.000Z</time>
        <speed>1.019</speed>
      </trkpt>
      <trkpt lat="50.6999371" lon="-3.0209211">
        <ele>42</ele>
        <time>2023-08-22T12:05:42.000Z</time>
        <speed>1.014</speed>
      </trkpt>
      <trkpt lat="50.6999675" lon="-3.0208713">
        <ele>41</ele>
        <time>2023-08-22T12:05:47.000Z</time>
        <speed>1.047</speed>
      </trkpt>
      <trkpt lat="50.6999935" lon="-3.0208159">
        <ele>41</ele>
        <time>2023-08-22T12:05:52.000Z</time>
        <speed>1.064</speed>
      </trkpt>
      <trkpt lat="50.7000125" lon="-3.0207860">
        <ele>40</ele>
        <time>2023-08-22T12:05:57.000Z</time>
        <speed>1.072</speed>
      </trkpt>
      <trkpt lat="50.7000448" lon="-3.0207478">
        <ele>40</ele>
        <time>2023-08-22T12:06:02.000Z</time>
        <speed>1.058</speed>
      </trkpt>
      <trkpt lat="50.7000868" lon="-3.0206970">
        <ele>40</ele>
        <time>2023-08-22T12:06:07.000Z</time>
        <speed>1.044</speed>
      </trkpt>
      <trkpt lat="50.7001199" lon="-3.0206318">
        <ele>40</ele>
        <time>2023-08-22T12:06:12.000Z</time>
        <speed>1.039</speed>
      </trkpt>
      <trkpt lat="50.7001547" lon="-3.0205512">
        <ele>39</ele>
        <time>2023-08-22T12:06:17.000Z</time>
        <speed>1.056</speed>
      </trkpt>
      <trkpt lat="50.7001899" lon="-3.0204937">
        <ele>39</ele>
        <time>2023-08-22T12:06:22.000Z</time>
        <speed>1.058</speed>
      </trkpt>
      <trkpt lat="50.7002292" lon="-3.0204489">
        <ele>39</ele>
        <time>2023-08-22T12:06:27.000Z</time>
        <speed>1.047</speed>
      </trkpt>
      <trkpt lat="50.7002680" lon="-3.0203955">
        <ele>39</ele>
        <time>2023-08-22T12:06:32.000Z</time>
        <speed>1.031</speed>
      </trkpt>
      <trkpt lat="50.7002907" lon="-3.0203305">
        <ele>39</ele>
        <time>2023-08-22T12:06:37.000Z</time>
        <speed>1.028</speed>
      </trkpt>
      <trkpt lat="50.7003007" lon="-3.0202525">
        <ele>38</ele>
        <time>2023-08-22T12:06:42.000Z</time>
        <speed>1.047</speed>
      </trkpt>
      <trkpt lat="50.7003047" lon="-3.0201740">
        <ele>38</ele>
        <time>2023-08-22T12:06:47.000Z</time>
        <speed>1.064</speed>
      </trkpt>
      <trkpt lat="50.7003171" lon="-3.0200862">
        <ele>38</ele>
        <time>2023-08-22T12:06:52.000Z</time>
        <speed>1.081</speed>
      </trkpt>
      <trkpt lat="50.7003425" lon="-3.0200121">
        <ele>38</ele>
        <time>2023-08-22T12:06:57.000Z</time>
        <speed>1.103</speed>
      </trkpt>
      <trkpt lat="50.7003602" lon="-3.0199492">
        <ele>38</ele>
        <time>2023-08-22T12:07:02.000Z</time>
        <speed>1.122</speed>
      </trkpt>
      <trkpt lat="50.7003669" lon="-3.0198856">
        <ele>38</ele>
        <time>2023-08-22T12:07:07.000Z</time>
        <speed>1.111</speed>
      </trkpt>
      <trkpt lat="50.7003802" lon="-3.0198285">
        <ele>38</ele>
        <time>2023-08-22T12:07:12.000Z</time>
        <speed>1.067</speed>
      </trkpt>
      <trkpt lat="50.7003939" lon="-3.0197654">
        <ele>38</ele>
        <time>2023-08-22T12:07:17.000Z</time>
        <speed>1.000</speed>
      </trkpt>
      <trkpt lat="50.7004008" lon="-3.0197035">
        <ele>38</ele>
        <time>2023-08-22T12:07:22.000Z</time>
        <speed>0.944</speed>
      </trkpt>
      <trkpt lat="50.7004136" lon="-3.0196333">
        <ele>38</ele>
        <time>2023-08-22T12:07:27.000Z</time>
        <speed>0.925</speed>
      </trkpt>
      <trkpt lat="50.7004348" lon="-3.0195579">
        <ele>38</ele>
        <time>2023-08-22T12:07:32.000Z</time>
        <speed>0.936</speed>
      </trkpt>
      <trkpt lat="50.7004555" lon="-3.0194712">
        <ele>38</ele>
        <time>2023-08-22T12:07:37.000Z</time>
        <speed>0.967</speed>
      </trkpt>
      <trkpt lat="50.7004726" lon="-3.0193883">
        <ele>39</ele>
        <time>2023-08-22T12:07:42.000Z</time>
        <speed>1.000</speed>
      </trkpt>
      <trkpt lat="50.7004733" lon="-3.0193235">
        <ele>39</ele>
        <time>2023-08-22T12:07:47.000Z</time>
        <speed>1.017</speed>
      </trkpt>
      <trkpt lat="50.7004703" lon="-3.0192339">
        <ele>39</ele>
        <time>2023-08-22T12:07:52.000Z</time>
        <speed>1.033</speed>
      </trkpt>
      <trkpt lat="50.7004829" lon="-3.0191178">
        <ele>39</ele>
        <time>2023-08-22T12:07:57.000Z</time>
        <speed>1.064</speed>
      </trkpt>
      <trkpt lat="50.7005083" lon="-3.0190278">
        <ele>39</ele>
        <time>2023-08-22T12:08:02.000Z</time>
        <speed>1.103</speed>
      </trkpt>
      <trkpt lat="50.7005328" lon="-3.0189492">
        <ele>39</ele>
        <time>2023-08-22T12:08:07.000Z</time>
        <speed>1.131</speed>
      </trkpt>
      <trkpt lat="50.7005572" lon="-3.0188830">
        <ele>39</ele>
        <time>2023-08-22T12:08:12.000Z</time>
        <speed>1.136</speed>
      </trkpt>
      <trkpt lat="50.7005635" lon="-3.0188253">
        <ele>40</ele>
        <time>2023-08-22T12:08:57.000Z</time>
        <speed>0.000</speed>
      </trkpt>
      <trkpt lat="50.7005587" lon="-3.0187585">
        <ele>40</ele>
        <time>2023-08-22T12:09:02.000Z</time>
        <speed>0.000</speed>
      </trkpt>
      <trkpt lat="50.7005686" lon="-3.0187041">
        <ele>39</ele>
        <time>2023-08-22T12:09:16.000Z</time>
        <speed>0.450</speed>
      </trkpt>
      <trkpt lat="50.7005817" lon="-3.0186550">
        <ele>39</ele>
        <time>2023-08-22T12:09:21.000Z</time>
        <speed>0.908</speed>
      </trkpt>
      <trkpt lat="50.7005967" lon="-3.0185936">
        <ele>39</ele>
        <time>2023-08-22T12:09:26.000Z</time>
        <speed>0.894</speed>
      </trkpt>
      <trkpt lat="50.7006170" lon="-3.0185430">
        <ele>40</ele>
        <time>2023-08-22T12:09:31.000Z</time>
        <speed>0.900</speed>
      </trkpt>
      <trkpt lat="50.7006276" lon="-3.0184741">
        <ele>40</ele>
        <time>2023-08-22T12:09:36.000Z</time>
        <speed>0.911</speed>
      </trkpt>
      <trkpt lat="50.7006327" lon="-3.0184020">
        <ele>40</ele>
        <time>2023-08-22T12:09:41.000Z</time>
        <speed>0.933</speed>
      </trkpt>
      <trkpt lat="50.7006428" lon="-3.0183305">
        <ele>40</ele>
        <time>2023-08-22T12:09:46.000Z</time>
        <speed>0.964</speed>
      </trkpt>
      <trkpt lat="50.7006586" lon="-3.0182528">
        <ele>40</ele>
        <time>2023-08-22T12:09:51.000Z</time>
        <speed>0.972</speed>
      </trkpt>
      <trkpt lat="50.7006680" lon="-3.0181759">
        <ele>40</ele>
        <time>2023-08-22T12:09:56.000Z</time>
        <speed>0.978</speed>
      </trkpt>
      <trkpt lat="50.7006815" lon="-3.0181147">
        <ele>40</ele>
        <time>2023-08-22T12:10:01.000Z</time>
        <speed>1.003</speed>
      </trkpt>
      <trkpt lat="50.7006981" lon="-3.0180414">
        <ele>39</ele>
        <time>2023-08-22T12:10:06.000Z</time>
        <speed>1.011</speed>
      </trkpt>
      <trkpt lat="50.7007205" lon="-3.0179753">
        <ele>39</ele>
        <time>2023-08-22T12:10:11.000Z</time>
        <speed>1.033</speed>
      </trkpt>
      <trkpt lat="50.7007392" lon="-3.0179213">
        <ele>39</ele>
        <time>2023-08-22T12:10:16.000Z</time>
        <speed>1.033</speed>
      </trkpt>
      <trkpt lat="50.7007519" lon="-3.0178752">
        <ele>38</ele>
        <time>2023-08-22T12:10:21.000Z</time>
        <speed>1.025</speed>
      </trkpt>
      <trkpt lat="50.7007687" lon="-3.0178249">
        <ele>38</ele>
        <time>2023-08-22T12:10:26.000Z</time>
        <speed>1.017</speed>
      </trkpt>
      <trkpt lat="50.7007955" lon="-3.0177458">
        <ele>38</ele>
        <time>2023-08-22T12:10:31.000Z</time>
        <speed>0.997</speed>
      </trkpt>
      <trkpt lat="50.7008115" lon="-3.0176638">
        <ele>38</ele>
        <time>2023-08-22T12:10:36.000Z</time>
        <speed>0.989</speed>
      </trkpt>
      <trkpt lat="50.7008107" lon="-3.0175986">
        <ele>38</ele>
        <time>2023-08-22T12:10:41.000Z</time>
        <speed>0.967</speed>
      </trkpt>
      <trkpt lat="50.7007981" lon="-3.0175324">
        <ele>38</ele>
        <time>2023-08-22T12:10:46.000Z</time>
        <speed>0.964</speed>
      </trkpt>
      <trkpt lat="50.7007979" lon="-3.0174659">
        <ele>37</ele>
        <time>2023-08-22T12:10:51.000Z</time>
        <speed>0.964</speed>
      </trkpt>
      <trkpt lat="50.7007836" lon="-3.0173935">
        <ele>37</ele>
        <time>2023-08-22T12:10:56.000Z</time>
        <speed>0.969</speed>
      </trkpt>
      <trkpt lat="50.7007662" lon="-3.0173256">
        <ele>37</ele>
        <time>2023-08-22T12:11:01.000Z</time>
        <speed>0.997</speed>
      </trkpt>
      <trkpt lat="50.7007553" lon="-3.0172642">
        <ele>36</ele>
        <time>2023-08-22T12:11:06.000Z</time>
        <speed>1.011</speed>
      </trkpt>
      <trkpt lat="50.7007465" lon="-3.0172141">
        <ele>36</ele>
        <time>2023-08-22T12:11:11.000Z</time>
        <speed>1.044</speed>
      </trkpt>
      <trkpt lat="50.7007291" lon="-3.0171701">
        <ele>35</ele>
        <time>2023-08-22T12:11:16.000Z</time>
        <speed>1.050</speed>
      </trkpt>
      <trkpt lat="50.7007050" lon="-3.0170993">
        <ele>34</ele>
        <time>2023-08-22T12:11:21.000Z</time>
        <speed>1.083</speed>
      </trkpt>
      <trkpt lat="50.7006785" lon="-3.0170116">
        <ele>34</ele>
        <time>2023-08-22T12:11:26.000Z</time>
        <speed>1.103</speed>
      </trkpt>
      <trkpt lat="50.7006498" lon="-3.0169413">
        <ele>33</ele>
        <time>2023-08-22T12:11:31.000Z</time>
        <speed>1.156</speed>
      </trkpt>
      <trkpt lat="50.7006222" lon="-3.0168770">
        <ele>33</ele>
        <time>2023-08-22T12:11:36.000Z</time>
        <speed>1.156</speed>
      </trkpt>
      <trkpt lat="50.7006061" lon="-3.0168097">
        <ele>33</ele>
        <time>2023-08-22T12:11:41.000Z</time>
        <speed>1.117</speed>
      </trkpt>
      <trkpt lat="50.7005918" lon="-3.0167414">
        <ele>33</ele>
        <time>2023-08-22T12:11:46.000Z</time>
        <speed>1.092</speed>
      </trkpt>
      <trkpt lat="50.7005819" lon="-3.0166780">
        <ele>33</ele>
        <time>2023-08-22T12:11:51.000Z</time>
        <speed>1.031</speed>
      </trkpt>
      <trkpt lat="50.7005851" lon="-3.0166035">
        <ele>33</ele>
        <time>2023-08-22T12:11:56.000Z</time>
        <speed>1.014</speed>
      </trkpt>
      <trkpt lat="50.7005974" lon="-3.0165298">
        <ele>33</ele>
        <time>2023-08-22T12:12:01.000Z</time>
        <speed>0.961</speed>
      </trkpt>
      <trkpt lat="50.7006098" lon="-3.0164610">
        <ele>33</ele>
        <time>2023-08-22T12:12:06.000Z</time>
        <speed>0.944</speed>
      </trkpt>
      <trkpt lat="50.7006287" lon="-3.0163824">
        <ele>33</ele>
        <time>2023-08-22T12:12:11.000Z</time>
        <speed>0.922</speed>
      </trkpt>
      <trkpt lat="50.7006396" lon="-3.0163115">
        <ele>34</ele>
        <time>2023-08-22T12:12:16.000Z</time>
        <speed>0.928</speed>
      </trkpt>
      <trkpt lat="50.7006566" lon="-3.0162570">
        <ele>34</ele>
        <time>2023-08-22T12:12:21.000Z</time>
        <speed>0.944</speed>
      </trkpt>
      <trkpt lat="50.7006770" lon="-3.0161986">
        <ele>34</ele>
        <time>2023-08-22T12:12:26.000Z</time>
        <speed>0.939</speed>
      </trkpt>
      <trkpt lat="50.7007079" lon="-3.0161311">
        <ele>34</ele>
        <time>2023-08-22T12:12:31.000Z</time>
        <speed>0.919</speed>
      </trkpt>
      <trkpt lat="50.7007307" lon="-3.0160647">
        <ele>35</ele>
        <time>2023-08-22T12:12:36.000Z</time>
        <speed>0.917</speed>
      </trkpt>
      <trkpt lat="50.7007378" lon="-3.0159845">
        <ele>35</ele>
        <time>2023-08-22T12:12:41.000Z</time>
        <speed>0.922</speed>
      </trkpt>
      <trkpt lat="50.7007532" lon="-3.0159148">
        <ele>36</ele>
        <time>2023-08-22T12:12:46.000Z</time>
        <speed>0.919</speed>
      </trkpt>
      <trkpt lat="50.7007660" lon="-3.0158464">
        <ele>36</ele>
        <time>2023-08-22T12:12:51.000Z</time>
        <speed>0.919</speed>
      </trkpt>
      <trkpt lat="50.7007732" lon="-3.0157773">
        <ele>37</ele>
        <time>2023-08-22T12:12:56.000Z</time>
        <speed>0.917</speed>
      </trkpt>
      <trkpt lat="50.7007761" lon="-3.0157007">
        <ele>37</ele>
        <time>2023-08-22T12:13:01.000Z</time>
        <speed>0.908</speed>
      </trkpt>
      <trkpt lat="50.7007735" lon="-3.0156306">
        <ele>37</ele>
        <time>2023-08-22T12:13:06.000Z</time>
        <speed>0.914</speed>
      </trkpt>
      <trkpt lat="50.7007646" lon="-3.0155685">
        <ele>38</ele>
        <time>2023-08-22T12:13:11.000Z</time>
        <speed>0.936</speed>
      </trkpt>
      <trkpt lat="50.7007504" lon="-3.0154977">
        <ele>38</ele>
        <time>2023-08-22T12:13:16.000Z</time>
        <speed>0.942</speed>
      </trkpt>
      <trkpt lat="50.7007470" lon="-3.0154074">
        <ele>38</ele>
        <time>2023-08-22T12:13:21.000Z</time>
        <speed>0.947</speed>
      </trkpt>
      <trkpt lat="50.7007455" lon="-3.0153332">
        <ele>38</ele>
        <time>2023-08-22T12:13:26.000Z</time>
        <speed>0.964</speed>
      </trkpt>
      <trkpt lat="50.7007449" lon="-3.0152670">
        <ele>39</ele>
        <time>2023-08-22T12:13:31.000Z</time>
        <speed>0.964</speed>
      </trkpt>
      <trkpt lat="50.7007494" lon="-3.0151926">
        <ele>39</ele>
        <time>2023-08-22T12:13:36.000Z</time>
        <speed>0.953</speed>
      </trkpt>
      <trkpt lat="50.7007615" lon="-3.0151170">
        <ele>39</ele>
        <time>2023-08-22T12:13:41.000Z</time>
        <speed>0.958</speed>
      </trkpt>
      <trkpt lat="50.7007509" lon="-3.0150665">
        <ele>38</ele>
        <time>2023-08-22T12:13:53.000Z</time>
        <speed>1.047</speed>
      </trkpt>
      <trkpt lat="50.7007215" lon="-3.0150485">
        <ele>38</ele>
        <time>2023-08-22T12:13:58.000Z</time>
        <speed>1.025</speed>
      </trkpt>
      <trkpt lat="50.7006792" lon="-3.0150144">
        <ele>37</ele>
        <time>2023-08-22T12:14:03.000Z</time>
        <speed>1.000</speed>
      </trkpt>
      <trkpt lat="50.7006385" lon="-3.0149888">
        <ele>37</ele>
        <time>2023-08-22T12:14:08.000Z</time>
        <speed>0.997</speed>
      </trkpt>
      <trkpt lat="50.7006009" lon="-3.0149661">
        <ele>36</ele>
        <time>2023-08-22T12:14:13.000Z</time>
        <speed>1.008</speed>
      </trkpt>
      <trkpt lat="50.7005603" lon="-3.0149298">
        <ele>34</ele>
        <time>2023-08-22T12:14:23.000Z</time>
        <speed>1.022</speed>
      </trkpt>
      <trkpt lat="50.7005193" lon="-3.0148974">
        <ele>33</ele>
        <time>2023-08-22T12:14:28.000Z</time>
        <speed>1.028</speed>
      </trkpt>
      <trkpt lat="50.7004708" lon="-3.0148847">
        <ele>32</ele>
        <time>2023-08-22T12:14:33.000Z</time>
        <speed>1.028</speed>
      </trkpt>
      <trkpt lat="50.7004122" lon="-3.0149439">
        <ele>30</ele>
        <time>2023-08-22T12:15:29.000Z</time>
        <speed>0.000</speed>
      </trkpt>
      <trkpt lat="50.7004049" lon="-3.0149256">
        <ele>30</ele>
        <time>2023-08-22T12:15:34.000Z</time>
        <speed>0.000</speed>
      </trkpt>
      <trkpt lat="50.7004098" lon="-3.0148899">
        <ele>30</ele>
        <time>2023-08-22T12:15:39.000Z</time>
        <speed>0.000</speed>
      </trkpt>
      <trkpt lat="50.7004153" lon="-3.0148891">
        <ele>30</ele>
        <time>2023-08-22T12:15:44.000Z</time>
        <speed>0.000</speed>
      </trkpt>
      <trkpt lat="50.7004147" lon="-3.0149542">
        <ele>30</ele>
        <time>2023-08-22T12:16:12.000Z</time>
        <speed>0.000</speed>
      </trkpt>
      <trkpt lat="50.7004344" lon="-3.0149947">
        <ele>30</ele>
        <time>2023-08-22T12:16:17.000Z</time>
        <speed>2.128</speed>
      </trkpt>
      <trkpt lat="50.7004637" lon="-3.0150154">
        <ele>30</ele>
        <time>2023-08-22T12:16:22.000Z</time>
        <speed>2.128</speed>
      </trkpt>
      <trkpt lat="50.7005101" lon="-3.0150449">
        <ele>32</ele>
        <time>2023-08-22T12:16:56.000Z</time>
        <speed>1.742</speed>
      </trkpt>
      <trkpt lat="50.7005665" lon="-3.0150828">
        <ele>33</ele>
        <time>2023-08-22T12:17:01.000Z</time>
        <speed>1.467</speed>
      </trkpt>
      <trkpt lat="50.7006067" lon="-3.0150948">
        <ele>33</ele>
        <time>2023-08-22T12:17:06.000Z</time>
        <speed>1.406</speed>
      </trkpt>
      <trkpt lat="50.7006393" lon="-3.0150952">
        <ele>34</ele>
        <time>2023-08-22T12:17:11.000Z</time>
        <speed>1.350</speed>
      </trkpt>
      <trkpt lat="50.7006771" lon="-3.0151085">
        <ele>35</ele>
        <time>2023-08-22T12:17:16.000Z</time>
        <speed>1.375</speed>
      </trkpt>
      <trkpt lat="50.7007109" lon="-3.0150976">
        <ele>36</ele>
        <time>2023-08-22T12:17:21.000Z</time>
        <speed>1.464</speed>
      </trkpt>
      <trkpt lat="50.7007291" lon="-3.0150370">
        <ele>36</ele>
        <time>2023-08-22T12:17:26.000Z</time>
        <speed>1.311</speed>
      </trkpt>
      <trkpt lat="50.7007417" lon="-3.0149698">
        <ele>37</ele>
        <time>2023-08-22T12:17:31.000Z</time>
        <speed>1.236</speed>
      </trkpt>
      <trkpt lat="50.7007539" lon="-3.0148966">
        <ele>37</ele>
        <time>2023-08-22T12:17:36.000Z</time>
        <speed>0.853</speed>
      </trkpt>
      <trkpt lat="50.7007636" lon="-3.0148012">
        <ele>37</ele>
        <time>2023-08-22T12:17:41.000Z</time>
        <speed>0.822</speed>
      </trkpt>
      <trkpt lat="50.7007766" lon="-3.0147175">
        <ele>36</ele>
        <time>2023-08-22T12:17:46.000Z</time>
        <speed>0.797</speed>
      </trkpt>
      <trkpt lat="50.7007789" lon="-3.0146555">
        <ele>36</ele>
        <time>2023-08-22T12:17:51.000Z</time>
        <speed>0.797</speed>
      </trkpt>
      <trkpt lat="50.7007751" lon="-3.0145889">
        <ele>36</ele>
        <time>2023-08-22T12:17:56.000Z</time>
        <speed>0.792</speed>
      </trkpt>
      <trkpt lat="50.7007782" lon="-3.0145231">
        <ele>36</ele>
        <time>2023-08-22T12:18:01.000Z</time>
        <speed>0.794</speed>
      </trkpt>
      <trkpt lat="50.7007754" lon="-3.0144651">
        <ele>36</ele>
        <time>2023-08-22T12:18:06.000Z</time>
        <speed>0.806</speed>
      </trkpt>
      <trkpt lat="50.7007820" lon="-3.0143913">
        <ele>36</ele>
        <time>2023-08-22T12:18:11.000Z</time>
        <speed>0.817</speed>
      </trkpt>
      <trkpt lat="50.7007957" lon="-3.0143201">
        <ele>37</ele>
        <time>2023-08-22T12:18:16.000Z</time>
        <speed>0.822</speed>
      </trkpt>
      <trkpt lat="50.7008097" lon="-3.0142589">
        <ele>37</ele>
        <time>2023-08-22T12:18:21.000Z</time>
        <speed>0.822</speed>
      </trkpt>
      <trkpt lat="50.7008145" lon="-3.0142046">
        <ele>38</ele>
        <time>2023-08-22T12:18:26.000Z</time>
        <speed>0.783</speed>
      </trkpt>
      <trkpt lat="50.7008103" lon="-3.0141512">
        <ele>39</ele>
        <time>2023-08-22T12:18:31.000Z</time>
        <speed>0.764</speed>
      </trkpt>
      <trkpt lat="50.7008101" lon="-3.0140962">
        <ele>39</ele>
        <time>2023-08-22T12:18:36.000Z</time>
        <speed>0.719</speed>
      </trkpt>
      <trkpt lat="50.7008125" lon="-3.0140173">
        <ele>40</ele>
        <time>2023-08-22T12:18:41.000Z</time>
        <speed>0.711</speed>
      </trkpt>
      <trkpt lat="50.7008178" lon="-3.0139394">
        <ele>40</ele>
        <time>2023-08-22T12:18:46.000Z</time>
        <speed>0.728</speed>
      </trkpt>
      <trkpt lat="50.7008288" lon="-3.0138627">
        <ele>41</ele>
        <time>2023-08-22T12:18:51.000Z</time>
        <speed>0.739</speed>
      </trkpt>
      <trkpt lat="50.7008457" lon="-3.0137826">
        <ele>41</ele>
        <time>2023-08-22T12:18:56.000Z</time>
        <speed>0.783</speed>
      </trkpt>
      <trkpt lat="50.7008737" lon="-3.0137117">
        <ele>42</ele>
        <time>2023-08-22T12:19:01.000Z</time>
        <speed>0.800</speed>
      </trkpt>
      <trkpt lat="50.7008922" lon="-3.0136368">
        <ele>42</ele>
        <time>2023-08-22T12:19:06.000Z</time>
        <speed>0.861</speed>
      </trkpt>
      <trkpt lat="50.7008999" lon="-3.0135405">
        <ele>42</ele>
        <time>2023-08-22T12:19:11.000Z</time>
        <speed>0.883</speed>
      </trkpt>
      <trkpt lat="50.7009115" lon="-3.0134576">
        <ele>42</ele>
        <time>2023-08-22T12:19:16.000Z</time>
        <speed>0.958</speed>
      </trkpt>
      <trkpt lat="50.7009306" lon="-3.0133750">
        <ele>42</ele>
        <time>2023-08-22T12:19:21.000Z</time>
        <speed>0.986</speed>
      </trkpt>
      <trkpt lat="50.7009570" lon="-3.0132786">
        <ele>42</ele>
        <time>2023-08-22T12:19:26.000Z</time>
        <speed>1.075</speed>
      </trkpt>
      <trkpt lat="50.7009766" lon="-3.0132029">
        <ele>42</ele>
        <time>2023-08-22T12:19:31.000Z</time>
        <speed>1.100</speed>
      </trkpt>
      <trkpt lat="50.7009842" lon="-3.0131447">
        <ele>43</ele>
        <time>2023-08-22T12:19:36.000Z</time>
        <speed>1.131</speed>
      </trkpt>
      <trkpt lat="50.7009961" lon="-3.0130851">
        <ele>43</ele>
        <time>2023-08-22T12:19:41.000Z</time>
        <speed>1.133</speed>
      </trkpt>
      <trkpt lat="50.7010169" lon="-3.0130319">
        <ele>43</ele>
        <time>2023-08-22T12:19:46.000Z</time>
        <speed>1.103</speed>
      </trkpt>
      <trkpt lat="50.7010455" lon="-3.0129621">
        <ele>44</ele>
        <time>2023-08-22T12:19:51.000Z</time>
        <speed>1.092</speed>
      </trkpt>
      <trkpt lat="50.7010652" lon="-3.0128857">
        <ele>44</ele>
        <time>2023-08-22T12:19:56.000Z</time>
        <speed>1.103</speed>
      </trkpt>
      <trkpt lat="50.7010860" lon="-3.0128118">
        <ele>44</ele>
        <time>2023-08-22T12:20:01.000Z</time>
        <speed>1.117</speed>
      </trkpt>
      <trkpt lat="50.7011014" lon="-3.0127525">
        <ele>44</ele>
        <time>2023-08-22T12:20:06.000Z</time>
        <speed>1.097</speed>
      </trkpt>
      <trkpt lat="50.7011135" lon="-3.0126920">
        <ele>45</ele>
        <time>2023-08-22T12:20:11.000Z</time>
        <speed>1.075</speed>
      </trkpt>
      <trkpt lat="50.7011296" lon="-3.0126122">
        <ele>45</ele>
        <time>2023-08-22T12:20:16.000Z</time>
        <speed>0.994</speed>
      </trkpt>
      <trkpt lat="50.7011440" lon="-3.0125089">
        <ele>45</ele>
        <time>2023-08-22T12:20:21.000Z</time>
        <speed>0.978</speed>
      </trkpt>
      <trkpt lat="50.7011643" lon="-3.0124117">
        <ele>45</ele>
        <time>2023-08-22T12:20:26.000Z</time>
        <speed>1.050</speed>
      </trkpt>
      <trkpt lat="50.7011895" lon="-3.0123270">
        <ele>45</ele>
        <time>2023-08-22T12:20:31.000Z</time>
        <speed>1.092</speed>
      </trkpt>
      <trkpt lat="50.7012111" lon="-3.0122506">
        <ele>45</ele>
        <time>2023-08-22T12:20:36.000Z</time>
        <speed>1.356</speed>
      </trkpt>
      <trkpt lat="50.7012252" lon="-3.0121783">
        <ele>45</ele>
        <time>2023-08-22T12:20:41.000Z</time>
        <speed>1.567</speed>
      </trkpt>
      <trkpt lat="50.7012354" lon="-3.0121180">
        <ele>46</ele>
        <time>2023-08-22T12:20:46.000Z</time>
        <speed>1.503</speed>
      </trkpt>
      <trkpt lat="50.7012544" lon="-3.0120575">
        <ele>45</ele>
        <time>2023-08-22T12:20:59.000Z</time>
        <speed>1.203</speed>
      </trkpt>
      <trkpt lat="50.7012762" lon="-3.0119927">
        <ele>45</ele>
        <time>2023-08-22T12:21:04.000Z</time>
        <speed>1.172</speed>
      </trkpt>
      <trkpt lat="50.7012973" lon="-3.0119279">
        <ele>45</ele>
        <time>2023-08-22T12:21:09.000Z</time>
        <speed>1.158</speed>
      </trkpt>
      <trkpt lat="50.7013086" lon="-3.0118419">
        <ele>44</ele>
        <time>2023-08-22T12:21:14.000Z</time>
        <speed>1.144</speed>
      </trkpt>
      <trkpt lat="50.7013155" lon="-3.0117689">
        <ele>44</ele>
        <time>2023-08-22T12:21:19.000Z</time>
        <speed>1.119</speed>
      </trkpt>
      <trkpt lat="50.7013253" lon="-3.0117103">
        <ele>44</ele>
        <time>2023-08-22T12:21:24.000Z</time>
        <speed>1.114</speed>
      </trkpt>
      <trkpt lat="50.7013429" lon="-3.0116431">
        <ele>44</ele>
        <time>2023-08-22T12:21:29.000Z</time>
        <speed>1.111</speed>
      </trkpt>
      <trkpt lat="50.7013589" lon="-3.0115575">
        <ele>44</ele>
        <time>2023-08-22T12:21:34.000Z</time>
        <speed>1.106</speed>
      </trkpt>
      <trkpt lat="50.7013751" lon="-3.0114800">
        <ele>44</ele>
        <time>2023-08-22T12:21:39.000Z</time>
        <speed>1.089</speed>
      </trkpt>
      <trkpt lat="50.7013957" lon="-3.0114151">
        <ele>45</ele>
        <time>2023-08-22T12:21:44.000Z</time>
        <speed>1.067</speed>
      </trkpt>
      <trkpt lat="50.7014247" lon="-3.0113570">
        <ele>45</ele>
        <time>2023-08-22T12:21:54.000Z</time>
        <speed>1.028</speed>
      </trkpt>
      <trkpt lat="50.7014432" lon="-3.0112915">
        <ele>46</ele>
        <time>2023-08-22T12:21:59.000Z</time>
        <speed>1.392</speed>
      </trkpt>
      <trkpt lat="50.7014607" lon="-3.0112154">
        <ele>46</ele>
        <time>2023-08-22T12:22:04.000Z</time>
        <speed>2.025</speed>
      </trkpt>
      <trkpt lat="50.7014798" lon="-3.0111540">
        <ele>47</ele>
        <time>2023-08-22T12:22:09.000Z</time>
        <speed>2.094</speed>
      </trkpt>
      <trkpt lat="50.7015032" lon="-3.0110830">
        <ele>47</ele>
        <time>2023-08-22T12:22:14.000Z</time>
        <speed>1.925</speed>
      </trkpt>
      <trkpt lat="50.7015366" lon="-3.0110079">
        <ele>48</ele>
        <time>2023-08-22T12:22:19.000Z</time>
        <speed>1.228</speed>
      </trkpt>
      <trkpt lat="50.7015686" lon="-3.0109395">
        <ele>48</ele>
        <time>2023-08-22T12:22:24.000Z</time>
        <speed>1.036</speed>
      </trkpt>
      <trkpt lat="50.7015971" lon="-3.0108764">
        <ele>48</ele>
        <time>2023-08-22T12:22:29.000Z</time>
        <speed>1.006</speed>
      </trkpt>
      <trkpt lat="50.7016165" lon="-3.0108136">
        <ele>48</ele>
        <time>2023-08-22T12:22:34.000Z</time>
        <speed>1.019</speed>
      </trkpt>
      <trkpt lat="50.7016297" lon="-3.0107470">
        <ele>48</ele>
        <time>2023-08-22T12:22:39.000Z</time>
        <speed>1.047</speed>
      </trkpt>
      <trkpt lat="50.7016479" lon="-3.0106776">
        <ele>48</ele>
        <time>2023-08-22T12:22:44.000Z</time>
        <speed>1.042</speed>
      </trkpt>
      <trkpt lat="50.7016745" lon="-3.0106071">
        <ele>48</ele>
        <time>2023-08-22T12:22:49.000Z</time>
        <speed>1.047</speed>
      </trkpt>
      <trkpt lat="50.7017115" lon="-3.0105373">
        <ele>48</ele>
        <time>2023-08-22T12:22:54.000Z</time>
        <speed>1.053</speed>
      </trkpt>
      <trkpt lat="50.7017474" lon="-3.0104764">
        <ele>48</ele>
        <time>2023-08-22T12:22:59.000Z</time>
        <speed>1.064</speed>
      </trkpt>
      <trkpt lat="50.7017794" lon="-3.0104215">
        <ele>48</ele>
        <time>2023-08-22T12:23:04.000Z</time>
        <speed>1.047</speed>
      </trkpt>
      <trkpt lat="50.7018190" lon="-3.0103869">
        <ele>48</ele>
        <time>2023-08-22T12:23:09.000Z</time>
        <speed>1.014</speed>
      </trkpt>
      <trkpt lat="50.7018442" lon="-3.0103620">
        <ele>49</ele>
        <time>2023-08-22T12:23:14.000Z</time>
        <speed>0.981</speed>
      </trkpt>
      <trkpt lat="50.7018584" lon="-3.0103427">
        <ele>49</ele>
        <time>2023-08-22T12:23:19.000Z</time>
        <speed>0.956</speed>
      </trkpt>
      <trkpt lat="50.7018830" lon="-3.0103134">
        <ele>50</ele>
        <time>2023-08-22T12:23:24.000Z</time>
        <speed>0.933</speed>
      </trkpt>
      <trkpt lat="50.7019051" lon="-3.0102899">
        <ele>51</ele>
        <time>2023-08-22T12:23:29.000Z</time>
        <speed>0.908</speed>
      </trkpt>
      <trkpt lat="50.7019451" lon="-3.0102516">
        <ele>52</ele>
        <time>2023-08-22T12:23:34.000Z</time>
        <speed>0.883</speed>
      </trkpt>
      <trkpt lat="50.7019843" lon="-3.0102141">
        <ele>53</ele>
        <time>2023-08-22T12:23:39.000Z</time>
        <speed>0.900</speed>
      </trkpt>
      <trkpt lat="50.7020330" lon="-3.0101740">
        <ele>54</ele>
        <time>2023-08-22T12:23:44.000Z</time>
        <speed>0.939</speed>
      </trkpt>
      <trkpt lat="50.7020832" lon="-3.0101210">
        <ele>54</ele>
        <time>2023-08-22T12:23:49.000Z</time>
        <speed>0.983</speed>
      </trkpt>
      <trkpt lat="50.7021157" lon="-3.0100621">
        <ele>55</ele>
        <time>2023-08-22T12:23:54.000Z</time>
        <speed>1.022</speed>
      </trkpt>
      <trkpt lat="50.7021450" lon="-3.0099967">
        <ele>56</ele>
        <time>2023-08-22T12:23:59.000Z</time>
        <speed>1.056</speed>
      </trkpt>
      <trkpt lat="50.7021739" lon="-3.0099559">
        <ele>56</ele>
        <time>2023-08-22T12:24:04.000Z</time>
        <speed>1.056</speed>
      </trkpt>
      <trkpt lat="50.7022081" lon="-3.0099203">
        <ele>56</ele>
        <time>2023-08-22T12:24:09.000Z</time>
        <speed>1.031</speed>
      </trkpt>
      <trkpt lat="50.7022336" lon="-3.0098768">
        <ele>57</ele>
        <time>2023-08-22T12:24:14.000Z</time>
        <speed>0.975</speed>
      </trkpt>
      <trkpt lat="50.7022640" lon="-3.0098312">
        <ele>57</ele>
        <time>2023-08-22T12:24:19.000Z</time>
        <speed>0.919</speed>
      </trkpt>
      <trkpt lat="50.7022951" lon="-3.0097745">
        <ele>57</ele>
        <time>2023-08-22T12:24:24.000Z</time>
        <speed>0.892</speed>
      </trkpt>
      <trkpt lat="50.7023368" lon="-3.0097186">
        <ele>57</ele>
        <time>2023-08-22T12:24:29.000Z</time>
        <speed>0.894</speed>
      </trkpt>
      <trkpt lat="50.7023502" lon="-3.0096368">
        <ele>57</ele>
        <time>2023-08-22T12:24:34.000Z</time>
        <speed>0.953</speed>
      </trkpt>
      <trkpt lat="50.7023842" lon="-3.0095731">
        <ele>57</ele>
        <time>2023-08-22T12:24:39.000Z</time>
        <speed>1.014</speed>
      </trkpt>
      <trkpt lat="50.7024301" lon="-3.0095031">
        <ele>56</ele>
        <time>2023-08-22T12:24:44.000Z</time>
        <speed>1.047</speed>
      </trkpt>
      <trkpt lat="50.7024661" lon="-3.0094292">
        <ele>56</ele>
        <time>2023-08-22T12:24:49.000Z</time>
        <speed>1.061</speed>
      </trkpt>
      <trkpt lat="50.7024997" lon="-3.0093577">
        <ele>56</ele>
        <time>2023-08-22T12:24:54.000Z</time>
        <speed>1.075</speed>
      </trkpt>
      <trkpt lat="50.7025336" lon="-3.0092986">
        <ele>56</ele>
        <time>2023-08-22T12:24:59.000Z</time>
        <speed>1.083</speed>
      </trkpt>
      <trkpt lat="50.7025613" lon="-3.0092244">
        <ele>56</ele>
        <time>2023-08-22T12:25:04.000Z</time>
        <speed>1.092</speed>
      </trkpt>
      <trkpt lat="50.7025939" lon="-3.0091524">
        <ele>56</ele>
        <time>2023-08-22T12:25:09.000Z</time>
        <speed>1.125</speed>
      </trkpt>
      <trkpt lat="50.7026156" lon="-3.0090907">
        <ele>56</ele>
        <time>2023-08-22T12:25:14.000Z</time>
        <speed>1.161</speed>
      </trkpt>
      <trkpt lat="50.7026393" lon="-3.0090258">
        <ele>56</ele>
        <time>2023-08-22T12:25:19.000Z</time>
        <speed>1.181</speed>
      </trkpt>
      <trkpt lat="50.7026518" lon="-3.0089541">
        <ele>56</ele>
        <time>2023-08-22T12:25:24.000Z</time>
        <speed>1.181</speed>
      </trkpt>
      <trkpt lat="50.7026633" lon="-3.0088992">
        <ele>56</ele>
        <time>2023-08-22T12:25:29.000Z</time>
        <speed>1.164</speed>
      </trkpt>
      <trkpt lat="50.7026797" lon="-3.0088421">
        <ele>56</ele>
        <time>2023-08-22T12:25:34.000Z</time>
        <speed>1.117</speed>
      </trkpt>
      <trkpt lat="50.7026930" lon="-3.0087827">
        <ele>57</ele>
        <time>2023-08-22T12:25:39.000Z</time>
        <speed>1.042</speed>
      </trkpt>
      <trkpt lat="50.7027095" lon="-3.0087240">
        <ele>57</ele>
        <time>2023-08-22T12:25:44.000Z</time>
        <speed>0.972</speed>
      </trkpt>
      <trkpt lat="50.7027296" lon="-3.0086569">
        <ele>57</ele>
        <time>2023-08-22T12:25:49.000Z</time>
        <speed>0.944</speed>
      </trkpt>
      <trkpt lat="50.7027556" lon="-3.0085880">
        <ele>58</ele>
        <time>2023-08-22T12:25:54.000Z</time>
        <speed>0.967</speed>
      </trkpt>
      <trkpt lat="50.7027933" lon="-3.0085274">
        <ele>58</ele>
        <time>2023-08-22T12:25:59.000Z</time>
        <speed>1.000</speed>
      </trkpt>
      <trkpt lat="50.7028173" lon="-3.0084728">
        <ele>59</ele>
        <time>2023-08-22T12:26:04.000Z</time>
        <speed>1.031</speed>
      </trkpt>
      <trkpt lat="50.7028357" lon="-3.0084214">
        <ele>59</ele>
        <time>2023-08-22T12:26:09.000Z</time>
        <speed>1.031</speed>
      </trkpt>
      <trkpt lat="50.7028478" lon="-3.0083841">
        <ele>60</ele>
        <time>2023-08-22T12:26:14.000Z</time>
        <speed>1.339</speed>
      </trkpt>
      <trkpt lat="50.7028670" lon="-3.0083502">
        <ele>60</ele>
        <time>2023-08-22T12:26:19.000Z</time>
        <speed>1.458</speed>
      </trkpt>
      <trkpt lat="50.7028956" lon="-3.0083306">
        <ele>61</ele>
        <time>2023-08-22T12:26:24.000Z</time>
        <speed>1.550</speed>
      </trkpt>
      <trkpt lat="50.7029281" lon="-3.0082974">
        <ele>61</ele>
        <time>2023-08-22T12:26:29.000Z</time>
        <speed>1.586</speed>
      </trkpt>
      <trkpt lat="50.7029616" lon="-3.0082702">
        <ele>62</ele>
        <time>2023-08-22T12:26:34.000Z</time>
        <speed>1.592</speed>
      </trkpt>
      <trkpt lat="50.7029966" lon="-3.0082389">
        <ele>62</ele>
        <time>2023-08-22T12:26:39.000Z</time>
        <speed>1.564</speed>
      </trkpt>
      <trkpt lat="50.7030219" lon="-3.0082078">
        <ele>63</ele>
        <time>2023-08-22T12:26:44.000Z</time>
        <speed>0.844</speed>
      </trkpt>
      <trkpt lat="50.7030504" lon="-3.0081661">
        <ele>64</ele>
        <time>2023-08-22T12:26:49.000Z</time>
        <speed>0.764</speed>
      </trkpt>
      <trkpt lat="50.7030827" lon="-3.0081201">
        <ele>65</ele>
        <time>2023-08-22T12:26:54.000Z</time>
        <speed>0.700</speed>
      </trkpt>
      <trkpt lat="50.7031218" lon="-3.0080843">
        <ele>65</ele>
        <time>2023-08-22T12:26:59.000Z</time>
        <speed>0.661</speed>
      </trkpt>
      <trkpt lat="50.7031560" lon="-3.0080122">
        <ele>66</ele>
        <time>2023-08-22T12:27:04.000Z</time>
        <speed>0.656</speed>
      </trkpt>
      <trkpt lat="50.7031840" lon="-3.0079575">
        <ele>66</ele>
        <time>2023-08-22T12:27:09.000Z</time>
        <speed>0.675</speed>
      </trkpt>
      <trkpt lat="50.7032014" lon="-3.0078979">
        <ele>67</ele>
        <time>2023-08-22T12:27:14.000Z</time>
        <speed>0.689</speed>
      </trkpt>
      <trkpt lat="50.7032144" lon="-3.0078257">
        <ele>67</ele>
        <time>2023-08-22T12:27:19.000Z</time>
        <speed>0.711</speed>
      </trkpt>
      <trkpt lat="50.7032522" lon="-3.0077631">
        <ele>68</ele>
        <time>2023-08-22T12:28:52.000Z</time>
        <speed>0.000</speed>
      </trkpt>
      <trkpt lat="50.7032708" lon="-3.0076905">
        <ele>68</ele>
        <time>2023-08-22T12:28:57.000Z</time>
        <speed>1.022</speed>
      </trkpt>
      <trkpt lat="50.7032937" lon="-3.0076289">
        <ele>68</ele>
        <time>2023-08-22T12:29:02.000Z</time>
        <speed>1.008</speed>
      </trkpt>
      <trkpt lat="50.7033176" lon="-3.0075626">
        <ele>68</ele>
        <time>2023-08-22T12:29:07.000Z</time>
        <speed>1.006</speed>
      </trkpt>
      <trkpt lat="50.7033360" lon="-3.0074979">
        <ele>68</ele>
        <time>2023-08-22T12:29:12.000Z</time>
        <speed>1.000</speed>
      </trkpt>
      <trkpt lat="50.7033363" lon="-3.0074393">
        <ele>68</ele>
        <time>2023-08-22T12:29:17.000Z</time>
        <speed>0.994</speed>
      </trkpt>
      <trkpt lat="50.7033386" lon="-3.0073546">
        <ele>68</ele>
        <time>2023-08-22T12:29:22.000Z</time>
        <speed>1.044</speed>
      </trkpt>
      <trkpt lat="50.7033376" lon="-3.0072720">
        <ele>68</ele>
        <time>2023-08-22T12:29:27.000Z</time>
        <speed>1.067</speed>
      </trkpt>
      <trkpt lat="50.7033427" lon="-3.0072093">
        <ele>67</ele>
        <time>2023-08-22T12:29:32.000Z</time>
        <speed>1.103</speed>
      </trkpt>
      <trkpt lat="50.7033468" lon="-3.0071602">
        <ele>67</ele>
        <time>2023-08-22T12:29:37.000Z</time>
        <speed>1.142</speed>
      </trkpt>
      <trkpt lat="50.7033512" lon="-3.0070959">
        <ele>66</ele>
        <time>2023-08-22T12:29:42.000Z</time>
        <speed>1.131</speed>
      </trkpt>
      <trkpt lat="50.7033544" lon="-3.0070223">
        <ele>66</ele>
        <time>2023-08-22T12:29:47.000Z</time>
        <speed>1.097</speed>
      </trkpt>
      <trkpt lat="50.7033494" lon="-3.0069494">
        <ele>66</ele>
        <time>2023-08-22T12:29:52.000Z</time>
        <speed>1.086</speed>
      </trkpt>
      <trkpt lat="50.7033508" lon="-3.0068820">
        <ele>66</ele>
        <time>2023-08-22T12:29:57.000Z</time>
        <speed>1.086</speed>
      </trkpt>
      <trkpt lat="50.7033557" lon="-3.0068349">
        <ele>66</ele>
        <time>2023-08-22T12:30:02.000Z</time>
        <speed>1.083</speed>
      </trkpt>
      <trkpt lat="50.7033642" lon="-3.0067845">
        <ele>65</ele>
        <time>2023-08-22T12:30:07.000Z</time>
        <speed>1.072</speed>
      </trkpt>
      <trkpt lat="50.7033727" lon="-3.0067345">
        <ele>65</ele>
        <time>2023-08-22T12:30:12.000Z</time>
        <speed>1.022</speed>
      </trkpt>
      <trkpt lat="50.7033739" lon="-3.0066709">
        <ele>65</ele>
        <time>2023-08-22T12:30:17.000Z</time>
        <speed>0.978</speed>
      </trkpt>
      <trkpt lat="50.7033684" lon="-3.0065854">
        <ele>64</ele>
        <time>2023-08-22T12:30:22.000Z</time>
        <speed>0.950</speed>
      </trkpt>
      <trkpt lat="50.7033656" lon="-3.0065064">
        <ele>63</ele>
        <time>2023-08-22T12:30:27.000Z</time>
        <speed>0.956</speed>
      </trkpt>
      <trkpt lat="50.7033603" lon="-3.0064450">
        <ele>63</ele>
        <time>2023-08-22T12:30:32.000Z</time>
        <speed>0.994</speed>
      </trkpt>
      <trkpt lat="50.7033629" lon="-3.0063714">
        <ele>62</ele>
        <time>2023-08-22T12:30:37.000Z</time>
        <speed>1.014</speed>
      </trkpt>
      <trkpt lat="50.7033679" lon="-3.0063007">
        <ele>62</ele>
        <time>2023-08-22T12:30:42.000Z</time>
        <speed>0.997</speed>
      </trkpt>
      <trkpt lat="50.7033797" lon="-3.0062407">
        <ele>61</ele>
        <time>2023-08-22T12:30:47.000Z</time>
        <speed>0.967</speed>
      </trkpt>
      <trkpt lat="50.7033750" lon="-3.0061658">
        <ele>61</ele>
        <time>2023-08-22T12:30:52.000Z</time>
        <speed>0.956</speed>
      </trkpt>
      <trkpt lat="50.7033558" lon="-3.0060806">
        <ele>60</ele>
        <time>2023-08-22T12:30:57.000Z</time>
        <speed>0.972</speed>
      </trkpt>
      <trkpt lat="50.7033497" lon="-3.0060192">
        <ele>60</ele>
        <time>2023-08-22T12:31:02.000Z</time>
        <speed>1.003</speed>
      </trkpt>
      <trkpt lat="50.7033548" lon="-3.0059643">
        <ele>59</ele>
        <time>2023-08-22T12:31:07.000Z</time>
        <speed>1.014</speed>
      </trkpt>
      <trkpt lat="50.7033701" lon="-3.0059031">
        <ele>58</ele>
        <time>2023-08-22T12:31:12.000Z</time>
        <speed>0.997</speed>
      </trkpt>
      <trkpt lat="50.7033874" lon="-3.0058612">
        <ele>58</ele>
        <time>2023-08-22T12:31:17.000Z</time>
        <speed>0.969</speed>
      </trkpt>
      <trkpt lat="50.7034009" lon="-3.0057957">
        <ele>57</ele>
        <time>2023-08-22T12:31:22.000Z</time>
        <speed>0.953</speed>
      </trkpt>
      <trkpt lat="50.7034131" lon="-3.0057139">
        <ele>57</ele>
        <time>2023-08-22T12:31:27.000Z</time>
        <speed>0.944</speed>
      </trkpt>
      <trkpt lat="50.7034490" lon="-3.0056853">
        <ele>57</ele>
        <time>2023-08-22T12:31:32.000Z</time>
        <speed>0.950</speed>
      </trkpt>
      <trkpt lat="50.7034870" lon="-3.0056528">
        <ele>56</ele>
        <time>2023-08-22T12:31:37.000Z</time>
        <speed>0.964</speed>
      </trkpt>
      <trkpt lat="50.7035170" lon="-3.0055742">
        <ele>56</ele>
        <time>2023-08-22T12:31:42.000Z</time>
        <speed>0.992</speed>
      </trkpt>
      <trkpt lat="50.7035591" lon="-3.0054903">
        <ele>56</ele>
        <time>2023-08-22T12:31:47.000Z</time>
        <speed>1.025</speed>
      </trkpt>
      <trkpt lat="50.7035934" lon="-3.0054186">
        <ele>56</ele>
        <time>2023-08-22T12:31:52.000Z</time>
        <speed>1.072</speed>
      </trkpt>
      <trkpt lat="50.7036051" lon="-3.0053439">
        <ele>56</ele>
        <time>2023-08-22T12:31:57.000Z</time>
        <speed>1.106</speed>
      </trkpt>
      <trkpt lat="50.7036124" lon="-3.0052733">
        <ele>56</ele>
        <time>2023-08-22T12:32:02.000Z</time>
        <speed>1.067</speed>
      </trkpt>
      <trkpt lat="50.7035993" lon="-3.0052130">
        <ele>56</ele>
        <time>2023-08-22T12:32:07.000Z</time>
        <speed>0.986</speed>
      </trkpt>
      <trkpt lat="50.7035778" lon="-3.0051533">
        <ele>56</ele>
        <time>2023-08-22T12:32:12.000Z</time>
        <speed>0.972</speed>
      </trkpt>
      <trkpt lat="50.7035594" lon="-3.0050969">
        <ele>56</ele>
        <time>2023-08-22T12:32:17.000Z</time>
        <speed>0.939</speed>
      </trkpt>
      <trkpt lat="50.7035594" lon="-3.0050199">
        <ele>56</ele>
        <time>2023-08-22T12:32:27.000Z</time>
        <speed>0.914</speed>
      </trkpt>
      <trkpt lat="50.7035569" lon="-3.0049658">
        <ele>57</ele>
        <time>2023-08-22T12:32:32.000Z</time>
        <speed>0.903</speed>
      </trkpt>
      <trkpt lat="50.7035516" lon="-3.0049038">
        <ele>57</ele>
        <time>2023-08-22T12:32:37.000Z</time>
        <speed>0.889</speed>
      </trkpt>
      <trkpt lat="50.7035458" lon="-3.0048568">
        <ele>58</ele>
        <time>2023-08-22T12:32:42.000Z</time>
        <speed>0.889</speed>
      </trkpt>
      <trkpt lat="50.7035363" lon="-3.0048286">
        <ele>58</ele>
        <time>2023-08-22T12:32:47.000Z</time>
        <speed>0.906</speed>
      </trkpt>
      <trkpt lat="50.7035176" lon="-3.0047926">
        <ele>59</ele>
        <time>2023-08-22T12:32:52.000Z</time>
        <speed>0.000</speed>
      </trkpt>
      <trkpt lat="50.7035071" lon="-3.0047371">
        <ele>59</ele>
        <time>2023-08-22T12:32:57.000Z</time>
        <speed>0.986</speed>
      </trkpt>
      <trkpt lat="50.7035253" lon="-3.0046920">
        <ele>59</ele>
        <time>2023-08-22T12:33:02.000Z</time>
        <speed>0.983</speed>
      </trkpt>
      <trkpt lat="50.7035475" lon="-3.0046470">
        <ele>59</ele>
        <time>2023-08-22T12:33:07.000Z</time>
        <speed>0.956</speed>
      </trkpt>
      <trkpt lat="50.7035584" lon="-3.0045909">
        <ele>58</ele>
        <time>2023-08-22T12:33:12.000Z</time>
        <speed>1.031</speed>
      </trkpt>
      <trkpt lat="50.7035580" lon="-3.0045287">
        <ele>58</ele>
        <time>2023-08-22T12:33:17.000Z</time>
        <speed>1.208</speed>
      </trkpt>
      <trkpt lat="50.7035540" lon="-3.0044934">
        <ele>58</ele>
        <time>2023-08-22T12:33:22.000Z</time>
        <speed>1.189</speed>
      </trkpt>
      <trkpt lat="50.7035531" lon="-3.0044685">
        <ele>57</ele>
        <time>2023-08-22T12:33:27.000Z</time>
        <speed>1.156</speed>
      </trkpt>
      <trkpt lat="50.7035580" lon="-3.0044102">
        <ele>57</ele>
        <time>2023-08-22T12:33:32.000Z</time>
        <speed>1.103</speed>
      </trkpt>
      <trkpt lat="50.7035786" lon="-3.0043523">
        <ele>56</ele>
        <time>2023-08-22T12:33:37.000Z</time>
        <speed>1.108</speed>
      </trkpt>
      <trkpt lat="50.7036015" lon="-3.0043025">
        <ele>55</ele>
        <time>2023-08-22T12:33:42.000Z</time>
        <speed>1.108</speed>
      </trkpt>
      <trkpt lat="50.7036243" lon="-3.0042549">
        <ele>55</ele>
        <time>2023-08-22T12:33:47.000Z</time>
        <speed>1.100</speed>
      </trkpt>
      <trkpt lat="50.7036360" lon="-3.0042276">
        <ele>54</ele>
        <time>2023-08-22T12:35:09.000Z</time>
        <speed>1.428</speed>
      </trkpt>
      <trkpt lat="50.7036321" lon="-3.0041510">
        <ele>54</ele>
        <time>2023-08-22T12:35:14.000Z</time>
        <speed>1.825</speed>
      </trkpt>
      <trkpt lat="50.7036186" lon="-3.0040779">
        <ele>53</ele>
        <time>2023-08-22T12:35:19.000Z</time>
        <speed>1.817</speed>
      </trkpt>
      <trkpt lat="50.7036336" lon="-3.0040096">
        <ele>53</ele>
        <time>2023-08-22T12:35:24.000Z</time>
        <speed>1.203</speed>
      </trkpt>
      <trkpt lat="50.7036616" lon="-3.0039842">
        <ele>53</ele>
        <time>2023-08-22T12:35:29.000Z</time>
        <speed>1.114</speed>
      </trkpt>
      <trkpt lat="50.7036875" lon="-3.0039619">
        <ele>53</ele>
        <time>2023-08-22T12:35:34.000Z</time>
        <speed>1.114</speed>
      </trkpt>
      <trkpt lat="50.7036989" lon="-3.0038964">
        <ele>53</ele>
        <time>2023-08-22T12:35:39.000Z</time>
        <speed>1.083</speed>
      </trkpt>
      <trkpt lat="50.7037100" lon="-3.0037982">
        <ele>53</ele>
        <time>2023-08-22T12:35:44.000Z</time>
        <speed>1.461</speed>
      </trkpt>
      <trkpt lat="50.7037093" lon="-3.0037174">
        <ele>53</ele>
        <time>2023-08-22T12:35:49.000Z</time>
        <speed>1.164</speed>
      </trkpt>
      <trkpt lat="50.7037125" lon="-3.0036713">
        <ele>53</ele>
        <time>2023-08-22T12:35:54.000Z</time>
        <speed>1.083</speed>
      </trkpt>
      <trkpt lat="50.7037129" lon="-3.0036258">
        <ele>53</ele>
        <time>2023-08-22T12:35:59.000Z</time>
        <speed>0.975</speed>
      </trkpt>
      <trkpt lat="50.7036950" lon="-3.0035723">
        <ele>53</ele>
        <time>2023-08-22T12:36:04.000Z</time>
        <speed>0.972</speed>
      </trkpt>
      <trkpt lat="50.7036687" lon="-3.0035211">
        <ele>52</ele>
        <time>2023-08-22T12:36:09.000Z</time>
        <speed>0.994</speed>
      </trkpt>
      <trkpt lat="50.7036701" lon="-3.0034299">
        <ele>51</ele>
        <time>2023-08-22T12:36:14.000Z</time>
        <speed>1.044</speed>
      </trkpt>
      <trkpt lat="50.7036789" lon="-3.0033414">
        <ele>50</ele>
        <time>2023-08-22T12:36:19.000Z</time>
        <speed>1.081</speed>
      </trkpt>
      <trkpt lat="50.7036943" lon="-3.0032515">
        <ele>50</ele>
        <time>2023-08-22T12:36:24.000Z</time>
        <speed>1.136</speed>
      </trkpt>
      <trkpt lat="50.7037167" lon="-3.0032013">
        <ele>49</ele>
        <time>2023-08-22T12:36:29.000Z</time>
        <speed>1.156</speed>
      </trkpt>
      <trkpt lat="50.7037396" lon="-3.0031638">
        <ele>49</ele>
        <time>2023-08-22T12:36:34.000Z</time>
        <speed>1.161</speed>
      </trkpt>
      <trkpt lat="50.7037590" lon="-3.0031220">
        <ele>49</ele>
        <time>2023-08-22T12:36:39.000Z</time>
        <speed>1.153</speed>
      </trkpt>
      <trkpt lat="50.7037667" lon="-3.0030658">
        <ele>49</ele>
        <time>2023-08-22T12:36:44.000Z</time>
        <speed>1.142</speed>
      </trkpt>
      <trkpt lat="50.7037639" lon="-3.0029925">
        <ele>49</ele>
        <time>2023-08-22T12:36:49.000Z</time>
        <speed>1.117</speed>
      </trkpt>
      <trkpt lat="50.7037575" lon="-3.0029233">
        <ele>50</ele>
        <time>2023-08-22T12:36:54.000Z</time>
        <speed>1.117</speed>
      </trkpt>
      <trkpt lat="50.7037500" lon="-3.0028806">
        <ele>50</ele>
        <time>2023-08-22T12:36:59.000Z</time>
        <speed>1.128</speed>
      </trkpt>
      <trkpt lat="50.7037452" lon="-3.0028431">
        <ele>51</ele>
        <time>2023-08-22T12:37:04.000Z</time>
        <speed>1.117</speed>
      </trkpt>
      <trkpt lat="50.7037287" lon="-3.0027965">
        <ele>51</ele>
        <time>2023-08-22T12:37:09.000Z</time>
        <speed>1.072</speed>
      </trkpt>
      <trkpt lat="50.7037204" lon="-3.0027266">
        <ele>52</ele>
        <time>2023-08-22T12:37:19.000Z</time>
        <speed>1.078</speed>
      </trkpt>
      <trkpt lat="50.7037338" lon="-3.0026656">
        <ele>52</ele>
        <time>2023-08-22T12:37:24.000Z</time>
        <speed>1.053</speed>
      </trkpt>
      <trkpt lat="50.7037656" lon="-3.0026045">
        <ele>53</ele>
        <time>2023-08-22T12:37:29.000Z</time>
        <speed>1.019</speed>
      </trkpt>
      <trkpt lat="50.7037519" lon="-3.0025218">
        <ele>55</ele>
        <time>2023-08-22T12:37:58.000Z</time>
        <speed>1.419</speed>
      </trkpt>
      <trkpt lat="50.7037297" lon="-3.0024671">
        <ele>54</ele>
        <time>2023-08-22T12:38:03.000Z</time>
        <speed>1.300</speed>
      </trkpt>
      <trkpt lat="50.7037331" lon="-3.0024136">
        <ele>54</ele>
        <time>2023-08-22T12:38:08.000Z</time>
        <speed>1.231</speed>
      </trkpt>
      <trkpt lat="50.7037665" lon="-3.0023946">
        <ele>53</ele>
        <time>2023-08-22T12:38:13.000Z</time>
        <speed>1.197</speed>
      </trkpt>
      <trkpt lat="50.7037888" lon="-3.0023753">
        <ele>53</ele>
        <time>2023-08-22T12:38:18.000Z</time>
        <speed>1.164</speed>
      </trkpt>
      <trkpt lat="50.7038089" lon="-3.0023103">
        <ele>53</ele>
        <time>2023-08-22T12:38:23.000Z</time>
        <speed>1.161</speed>
      </trkpt>
      <trkpt lat="50.7038465" lon="-3.0022520">
        <ele>53</ele>
        <time>2023-08-22T12:38:28.000Z</time>
        <speed>1.167</speed>
      </trkpt>
      <trkpt lat="50.7038773" lon="-3.0021945">
        <ele>53</ele>
        <time>2023-08-22T12:38:33.000Z</time>
        <speed>1.167</speed>
      </trkpt>
      <trkpt lat="50.7039118" lon="-3.0021637">
        <ele>53</ele>
        <time>2023-08-22T12:38:38.000Z</time>
        <speed>1.139</speed>
      </trkpt>
      <trkpt lat="50.7039307" lon="-3.0021285">
        <ele>53</ele>
        <time>2023-08-22T12:38:43.000Z</time>
        <speed>1.053</speed>
      </trkpt>
      <trkpt lat="50.7039728" lon="-3.0020727">
        <ele>55</ele>
        <time>2023-08-22T12:39:10.000Z</time>
        <speed>0.000</speed>
      </trkpt>
      <trkpt lat="50.7040164" lon="-3.0020179">
        <ele>55</ele>
        <time>2023-08-22T12:40:17.000Z</time>
        <speed>0.000</speed>
      </trkpt>
      <trkpt lat="50.7040522" lon="-3.0020040">
        <ele>55</ele>
        <time>2023-08-22T12:40:22.000Z</time>
        <speed>0.000</speed>
      </trkpt>
      <trkpt lat="50.7040882" lon="-3.0020132">
        <ele>55</ele>
        <time>2023-08-22T12:40:27.000Z</time>
        <speed>0.869</speed>
      </trkpt>
      <trkpt lat="50.7041123" lon="-3.0020075">
        <ele>55</ele>
        <time>2023-08-22T12:40:32.000Z</time>
        <speed>0.792</speed>
      </trkpt>
      <trkpt lat="50.7041246" lon="-3.0019994">
        <ele>55</ele>
        <time>2023-08-22T12:40:37.000Z</time>
        <speed>0.894</speed>
      </trkpt>
      <trkpt lat="50.7041580" lon="-3.0019895">
        <ele>56</ele>
        <time>2023-08-22T12:40:42.000Z</time>
        <speed>0.917</speed>
      </trkpt>
      <trkpt lat="50.7041932" lon="-3.0019595">
        <ele>56</ele>
        <time>2023-08-22T12:40:47.000Z</time>
        <speed>0.944</speed>
      </trkpt>
      <trkpt lat="50.7042217" lon="-3.0019124">
        <ele>56</ele>
        <time>2023-08-22T12:40:52.000Z</time>
        <speed>0.969</speed>
      </trkpt>
      <trkpt lat="50.7042684" lon="-3.0018710">
        <ele>56</ele>
        <time>2023-08-22T12:40:57.000Z</time>
        <speed>1.044</speed>
      </trkpt>
      <trkpt lat="50.7043205" lon="-3.0018614">
        <ele>56</ele>
        <time>2023-08-22T12:41:02.000Z</time>
        <speed>1.139</speed>
      </trkpt>
      <trkpt lat="50.7043514" lon="-3.0018557">
        <ele>56</ele>
        <time>2023-08-22T12:41:07.000Z</time>
        <speed>1.189</speed>
      </trkpt>
      <trkpt lat="50.7043744" lon="-3.0018090">
        <ele>56</ele>
        <time>2023-08-22T12:41:12.000Z</time>
        <speed>1.189</speed>
      </trkpt>
      <trkpt lat="50.7044134" lon="-3.0017543">
        <ele>56</ele>
        <time>2023-08-22T12:41:17.000Z</time>
        <speed>1.183</speed>
      </trkpt>
      <trkpt lat="50.7044577" lon="-3.0016951">
        <ele>56</ele>
        <time>2023-08-22T12:41:22.000Z</time>
        <speed>1.183</speed>
      </trkpt>
      <trkpt lat="50.7044914" lon="-3.0016309">
        <ele>56</ele>
        <time>2023-08-22T12:41:27.000Z</time>
        <speed>1.189</speed>
      </trkpt>
      <trkpt lat="50.7045125" lon="-3.0015708">
        <ele>56</ele>
        <time>2023-08-22T12:41:32.000Z</time>
        <speed>1.192</speed>
      </trkpt>
      <trkpt lat="50.7045368" lon="-3.0015326">
        <ele>56</ele>
        <time>2023-08-22T12:41:37.000Z</time>
        <speed>1.175</speed>
      </trkpt>
      <trkpt lat="50.7045754" lon="-3.0014906">
        <ele>56</ele>
        <time>2023-08-22T12:41:42.000Z</time>
        <speed>1.139</speed>
      </trkpt>
      <trkpt lat="50.7046165" lon="-3.0014725">
        <ele>56</ele>
        <time>2023-08-22T12:41:47.000Z</time>
        <speed>1.108</speed>
      </trkpt>
      <trkpt lat="50.7046363" lon="-3.0014257">
        <ele>56</ele>
        <time>2023-08-22T12:41:52.000Z</time>
        <speed>1.067</speed>
      </trkpt>
      <trkpt lat="50.7046646" lon="-3.0013340">
        <ele>56</ele>
        <time>2023-08-22T12:41:57.000Z</time>
        <speed>1.050</speed>
      </trkpt>
      <trkpt lat="50.7047076" lon="-3.0012367">
        <ele>57</ele>
        <time>2023-08-22T12:42:02.000Z</time>
        <speed>1.064</speed>
      </trkpt>
      <trkpt lat="50.7047559" lon="-3.0011657">
        <ele>57</ele>
        <time>2023-08-22T12:42:07.000Z</time>
        <speed>1.108</speed>
      </trkpt>
      <trkpt lat="50.7047996" lon="-3.0011343">
        <ele>57</ele>
        <time>2023-08-22T12:42:12.000Z</time>
        <speed>1.133</speed>
      </trkpt>
      <trkpt lat="50.7048437" lon="-3.0011036">
        <ele>57</ele>
        <time>2023-08-22T12:42:17.000Z</time>
        <speed>1.119</speed>
      </trkpt>
      <trkpt lat="50.7048810" lon="-3.0010369">
        <ele>57</ele>
        <time>2023-08-22T12:42:22.000Z</time>
        <speed>1.097</speed>
      </trkpt>
      <trkpt lat="50.7048964" lon="-3.0009467">
        <ele>58</ele>
        <time>2023-08-22T12:42:27.000Z</time>
        <speed>1.078</speed>
      </trkpt>
      <trkpt lat="50.7049060" lon="-3.0008761">
        <ele>58</ele>
        <time>2023-08-22T12:42:32.000Z</time>
        <speed>1.069</speed>
      </trkpt>
      <trkpt lat="50.7049410" lon="-3.0008513">
        <ele>58</ele>
        <time>2023-08-22T12:42:37.000Z</time>
        <speed>1.050</speed>
      </trkpt>
      <trkpt lat="50.7049869" lon="-3.0008432">
        <ele>59</ele>
        <time>2023-08-22T12:42:42.000Z</time>
        <speed>1.031</speed>
      </trkpt>
      <trkpt lat="50.7050112" lon="-3.0008390">
        <ele>59</ele>
        <time>2023-08-22T12:42:47.000Z</time>
        <speed>0.992</speed>
      </trkpt>
      <trkpt lat="50.7050465" lon="-3.0008153">
        <ele>60</ele>
        <time>2023-08-22T12:42:52.000Z</time>
        <speed>0.936</speed>
      </trkpt>
      <trkpt lat="50.7050900" lon="-3.0007433">
        <ele>60</ele>
        <time>2023-08-22T12:42:57.000Z</time>
        <speed>0.892</speed>
      </trkpt>
      <trkpt lat="50.7051209" lon="-3.0006743">
        <ele>61</ele>
        <time>2023-08-22T12:43:02.000Z</time>
        <speed>0.894</speed>
      </trkpt>
      <trkpt lat="50.7051494" lon="-3.0006203">
        <ele>61</ele>
        <time>2023-08-22T12:43:07.000Z</time>
        <speed>0.931</speed>
      </trkpt>
      <trkpt lat="50.7051854" lon="-3.0005535">
        <ele>62</ele>
        <time>2023-08-22T12:43:12.000Z</time>
        <speed>0.969</speed>
      </trkpt>
      <trkpt lat="50.7052194" lon="-3.0004750">
        <ele>62</ele>
        <time>2023-08-22T12:43:17.000Z</time>
        <speed>0.986</speed>
      </trkpt>
      <trkpt lat="50.7052430" lon="-3.0004080">
        <ele>63</ele>
        <time>2023-08-22T12:43:22.000Z</time>
        <speed>0.981</speed>
      </trkpt>
      <trkpt lat="50.7052715" lon="-3.0003363">
        <ele>64</ele>
        <time>2023-08-22T12:43:27.000Z</time>
        <speed>0.972</speed>
      </trkpt>
      <trkpt lat="50.7052931" lon="-3.0002676">
        <ele>64</ele>
        <time>2023-08-22T12:43:32.000Z</time>
        <speed>0.975</speed>
      </trkpt>
      <trkpt lat="50.7053192" lon="-3.0002320">
        <ele>64</ele>
        <time>2023-08-22T12:43:37.000Z</time>
        <speed>0.978</speed>
      </trkpt>
      <trkpt lat="50.7053489" lon="-3.0002281">
        <ele>65</ele>
        <time>2023-08-22T12:43:42.000Z</time>
        <speed>0.972</speed>
      </trkpt>
      <trkpt lat="50.7053850" lon="-3.0002024">
        <ele>65</ele>
        <time>2023-08-22T12:43:47.000Z</time>
        <speed>0.961</speed>
      </trkpt>
      <trkpt lat="50.7054206" lon="-3.0001703">
        <ele>65</ele>
        <time>2023-08-22T12:43:52.000Z</time>
        <speed>0.964</speed>
      </trkpt>
      <trkpt lat="50.7054466" lon="-3.0001546">
        <ele>65</ele>
        <time>2023-08-22T12:43:57.000Z</time>
        <speed>0.992</speed>
      </trkpt>
      <trkpt lat="50.7054683" lon="-3.0001162">
        <ele>65</ele>
        <time>2023-08-22T12:44:02.000Z</time>
        <speed>1.014</speed>
      </trkpt>
      <trkpt lat="50.7055057" lon="-3.0000862">
        <ele>64</ele>
        <time>2023-08-22T12:44:07.000Z</time>
        <speed>1.028</speed>
      </trkpt>
      <trkpt lat="50.7055365" lon="-3.0000421">
        <ele>64</ele>
        <time>2023-08-22T12:44:12.000Z</time>
        <speed>1.036</speed>
      </trkpt>
      <trkpt lat="50.7055795" lon="-3.0000036">
        <ele>63</ele>
        <time>2023-08-22T12:44:17.000Z</time>
        <speed>1.053</speed>
      </trkpt>
      <trkpt lat="50.7056161" lon="-2.9999750">
        <ele>63</ele>
        <time>2023-08-22T12:44:22.000Z</time>
        <speed>1.053</speed>
      </trkpt>
      <trkpt lat="50.7056367" lon="-2.9999473">
        <ele>63</ele>
        <time>2023-08-22T12:44:27.000Z</time>
        <speed>1.014</speed>
      </trkpt>
      <trkpt lat="50.7056319" lon="-2.9998947">
        <ele>63</ele>
        <time>2023-08-22T12:44:32.000Z</time>
        <speed>0.961</speed>
      </trkpt>
      <trkpt lat="50.7056215" lon="-2.9998297">
        <ele>62</ele>
        <time>2023-08-22T12:44:37.000Z</time>
        <speed>0.978</speed>
      </trkpt>
      <trkpt lat="50.7056448" lon="-2.9997636">
        <ele>62</ele>
        <time>2023-08-22T12:44:42.000Z</time>
        <speed>1.142</speed>
      </trkpt>
      <trkpt lat="50.7056720" lon="-2.9997303">
        <ele>61</ele>
        <time>2023-08-22T12:44:47.000Z</time>
        <speed>1.250</speed>
      </trkpt>
      <trkpt lat="50.7056872" lon="-2.9996852">
        <ele>61</ele>
        <time>2023-08-22T12:44:52.000Z</time>
        <speed>1.294</speed>
      </trkpt>
      <trkpt lat="50.7057041" lon="-2.9996352">
        <ele>61</ele>
        <time>2023-08-22T12:44:57.000Z</time>
        <speed>1.303</speed>
      </trkpt>
      <trkpt lat="50.7057150" lon="-2.9995853">
        <ele>61</ele>
        <time>2023-08-22T12:45:02.000Z</time>
        <speed>1.269</speed>
      </trkpt>
      <trkpt lat="50.7057181" lon="-2.9995243">
        <ele>62</ele>
        <time>2023-08-22T12:45:07.000Z</time>
        <speed>1.211</speed>
      </trkpt>
      <trkpt lat="50.7057248" lon="-2.9994407">
        <ele>62</ele>
        <time>2023-08-22T12:45:12.000Z</time>
        <speed>1.158</speed>
      </trkpt>
      <trkpt lat="50.7057475" lon="-2.9993730">
        <ele>62</ele>
        <time>2023-08-22T12:45:17.000Z</time>
        <speed>1.119</speed>
      </trkpt>
      <trkpt lat="50.7057663" lon="-2.9993405">
        <ele>62</ele>
        <time>2023-08-22T12:45:22.000Z</time>
        <speed>1.097</speed>
      </trkpt>
      <trkpt lat="50.7057662" lon="-2.9992974">
        <ele>61</ele>
        <time>2023-08-22T12:45:27.000Z</time>
        <speed>1.061</speed>
      </trkpt>
      <trkpt lat="50.7057517" lon="-2.9992353">
        <ele>61</ele>
        <time>2023-08-22T12:45:32.000Z</time>
        <speed>1.028</speed>
      </trkpt>
      <trkpt lat="50.7057318" lon="-2.9991727">
        <ele>60</ele>
        <time>2023-08-22T12:45:37.000Z</time>
        <speed>1.011</speed>
      </trkpt>
      <trkpt lat="50.7057161" lon="-2.9991090">
        <ele>59</ele>
        <time>2023-08-22T12:45:42.000Z</time>
        <speed>1.014</speed>
      </trkpt>
      <trkpt lat="50.7057153" lon="-2.9990945">
        <ele>58</ele>
        <time>2023-08-22T12:45:47.000Z</time>
        <speed>1.025</speed>
      </trkpt>
      <trkpt lat="50.7057096" lon="-2.9990629">
        <ele>57</ele>
        <time>2023-08-22T12:45:52.000Z</time>
        <speed>2.114</speed>
      </trkpt>
      <trkpt lat="50.7056997" lon="-2.9990312">
        <ele>57</ele>
        <time>2023-08-22T12:45:57.000Z</time>
        <speed>2.372</speed>
      </trkpt>
      <trkpt lat="50.7057081" lon="-2.9989768">
        <ele>56</ele>
        <time>2023-08-22T12:46:02.000Z</time>
        <speed>2.300</speed>
      </trkpt>
      <trkpt lat="50.7057207" lon="-2.9989170">
        <ele>55</ele>
        <time>2023-08-22T12:46:07.000Z</time>
        <speed>2.278</speed>
      </trkpt>
      <trkpt lat="50.7057238" lon="-2.9988515">
        <ele>54</ele>
        <time>2023-08-22T12:46:12.000Z</time>
        <speed>1.197</speed>
      </trkpt>
      <trkpt lat="50.7057323" lon="-2.9987970">
        <ele>54</ele>
        <time>2023-08-22T12:46:17.000Z</time>
        <speed>0.853</speed>
      </trkpt>
      <trkpt lat="50.7057659" lon="-2.9987637">
        <ele>54</ele>
        <time>2023-08-22T12:46:22.000Z</time>
        <speed>0.819</speed>
      </trkpt>
      <trkpt lat="50.7057852" lon="-2.9987298">
        <ele>54</ele>
        <time>2023-08-22T12:46:27.000Z</time>
        <speed>0.608</speed>
      </trkpt>
      <trkpt lat="50.7058039" lon="-2.9986862">
        <ele>54</ele>
        <time>2023-08-22T12:46:32.000Z</time>
        <speed>0.550</speed>
      </trkpt>
      <trkpt lat="50.7058257" lon="-2.9986495">
        <ele>54</ele>
        <time>2023-08-22T12:46:37.000Z</time>
        <speed>0.561</speed>
      </trkpt>
      <trkpt lat="50.7058428" lon="-2.9986000">
        <ele>55</ele>
        <time>2023-08-22T12:46:42.000Z</time>
        <speed>0.675</speed>
      </trkpt>
      <trkpt lat="50.7058452" lon="-2.9985577">
        <ele>55</ele>
        <time>2023-08-22T12:46:47.000Z</time>
        <speed>1.164</speed>
      </trkpt>
      <trkpt lat="50.7058583" lon="-2.9985244">
        <ele>56</ele>
        <time>2023-08-22T12:46:52.000Z</time>
        <speed>1.214</speed>
      </trkpt>
      <trkpt lat="50.7058932" lon="-2.9985026">
        <ele>57</ele>
        <time>2023-08-22T12:46:57.000Z</time>
        <speed>1.242</speed>
      </trkpt>
      <trkpt lat="50.7059286" lon="-2.9984865">
        <ele>57</ele>
        <time>2023-08-22T12:47:02.000Z</time>
        <speed>1.250</speed>
      </trkpt>
      <trkpt lat="50.7059421" lon="-2.9984400">
        <ele>58</ele>
        <time>2023-08-22T12:47:07.000Z</time>
        <speed>1.244</speed>
      </trkpt>
      <trkpt lat="50.7059512" lon="-2.9983770">
        <ele>59</ele>
        <time>2023-08-22T12:47:12.000Z</time>
        <speed>1.206</speed>
      </trkpt>
      <trkpt lat="50.7059736" lon="-2.9983218">
        <ele>60</ele>
        <time>2023-08-22T12:47:17.000Z</time>
        <speed>1.219</speed>
      </trkpt>
      <trkpt lat="50.7059932" lon="-2.9982830">
        <ele>61</ele>
        <time>2023-08-22T12:47:22.000Z</time>
        <speed>1.167</speed>
      </trkpt>
      <trkpt lat="50.7060004" lon="-2.9982460">
        <ele>61</ele>
        <time>2023-08-22T12:47:27.000Z</time>
        <speed>1.086</speed>
      </trkpt>
      <trkpt lat="50.7059939" lon="-2.9981996">
        <ele>61</ele>
        <time>2023-08-22T12:47:32.000Z</time>
        <speed>1.011</speed>
      </trkpt>
      <trkpt lat="50.7059793" lon="-2.9981483">
        <ele>61</ele>
        <time>2023-08-22T12:47:37.000Z</time>
        <speed>0.972</speed>
      </trkpt>
      <trkpt lat="50.7059542" lon="-2.9980997">
        <ele>60</ele>
        <time>2023-08-22T12:47:42.000Z</time>
        <speed>0.964</speed>
      </trkpt>
      <trkpt lat="50.7059305" lon="-2.9980377">
        <ele>59</ele>
        <time>2023-08-22T12:47:47.000Z</time>
        <speed>0.983</speed>
      </trkpt>
      <trkpt lat="50.7059231" lon="-2.9979605">
        <ele>59</ele>
        <time>2023-08-22T12:47:52.000Z</time>
        <speed>1.033</speed>
      </trkpt>
      <trkpt lat="50.7059054" lon="-2.9978677">
        <ele>58</ele>
        <time>2023-08-22T12:47:57.000Z</time>
        <speed>1.125</speed>
      </trkpt>
      <trkpt lat="50.7058773" lon="-2.9977891">
        <ele>58</ele>
        <time>2023-08-22T12:48:02.000Z</time>
        <speed>1.231</speed>
      </trkpt>
      <trkpt lat="50.7058614" lon="-2.9977253">
        <ele>57</ele>
        <time>2023-08-22T12:48:07.000Z</time>
        <speed>1.314</speed>
      </trkpt>
      <trkpt lat="50.7058623" lon="-2.9976583">
        <ele>56</ele>
        <time>2023-08-22T12:48:12.000Z</time>
        <speed>1.356</speed>
      </trkpt>
      <trkpt lat="50.7058839" lon="-2.9975875">
        <ele>56</ele>
        <time>2023-08-22T12:48:17.000Z</time>
        <speed>1.347</speed>
      </trkpt>
      <trkpt lat="50.7059051" lon="-2.9975173">
        <ele>55</ele>
        <time>2023-08-22T12:48:22.000Z</time>
        <speed>1.350</speed>
      </trkpt>
      <trkpt lat="50.7059201" lon="-2.9974536">
        <ele>55</ele>
        <time>2023-08-22T12:48:27.000Z</time>
        <speed>1.333</speed>
      </trkpt>
      <trkpt lat="50.7059413" lon="-2.9973783">
        <ele>55</ele>
        <time>2023-08-22T12:48:32.000Z</time>
        <speed>1.253</speed>
      </trkpt>
      <trkpt lat="50.7059574" lon="-2.9973221">
        <ele>55</ele>
        <time>2023-08-22T12:48:37.000Z</time>
        <speed>0.000</speed>
      </trkpt>
      <trkpt lat="50.7059624" lon="-2.9972571">
        <ele>55</ele>
        <time>2023-08-22T12:48:42.000Z</time>
        <speed>0.000</speed>
      </trkpt>
      <trkpt lat="50.7059698" lon="-2.9971809">
        <ele>55</ele>
        <time>2023-08-22T12:48:47.000Z</time>
        <speed>0.983</speed>
      </trkpt>
      <trkpt lat="50.7059877" lon="-2.9971213">
        <ele>55</ele>
        <time>2023-08-22T12:48:52.000Z</time>
        <speed>0.894</speed>
      </trkpt>
      <trkpt lat="50.7060169" lon="-2.9970665">
        <ele>55</ele>
        <time>2023-08-22T12:48:57.000Z</time>
        <speed>0.889</speed>
      </trkpt>
      <trkpt lat="50.7060437" lon="-2.9970078">
        <ele>55</ele>
        <time>2023-08-22T12:49:02.000Z</time>
        <speed>0.881</speed>
      </trkpt>
      <trkpt lat="50.7060585" lon="-2.9969273">
        <ele>55</ele>
        <time>2023-08-22T12:49:07.000Z</time>
        <speed>0.906</speed>
      </trkpt>
      <trkpt lat="50.7060794" lon="-2.9968513">
        <ele>56</ele>
        <time>2023-08-22T12:49:12.000Z</time>
        <speed>0.969</speed>
      </trkpt>
      <trkpt lat="50.7061008" lon="-2.9967989">
        <ele>56</ele>
        <time>2023-08-22T12:49:17.000Z</time>
        <speed>1.008</speed>
      </trkpt>
      <trkpt lat="50.7061151" lon="-2.9967178">
        <ele>57</ele>
        <time>2023-08-22T12:49:22.000Z</time>
        <speed>1.019</speed>
      </trkpt>
      <trkpt lat="50.7061469" lon="-2.9966414">
        <ele>57</ele>
        <time>2023-08-22T12:49:27.000Z</time>
        <speed>1.022</speed>
      </trkpt>
      <trkpt lat="50.7061785" lon="-2.9965813">
        <ele>58</ele>
        <time>2023-08-22T12:49:32.000Z</time>
        <speed>1.025</speed>
      </trkpt>
      <trkpt lat="50.7062075" lon="-2.9965487">
        <ele>58</ele>
        <time>2023-08-22T12:49:37.000Z</time>
        <speed>1.025</speed>
      </trkpt>
      <trkpt lat="50.7062431" lon="-2.9965262">
        <ele>59</ele>
        <time>2023-08-22T12:49:42.000Z</time>
        <speed>1.008</speed>
      </trkpt>
      <trkpt lat="50.7062822" lon="-2.9964932">
        <ele>60</ele>
        <time>2023-08-22T12:49:47.000Z</time>
        <speed>0.981</speed>
      </trkpt>
      <trkpt lat="50.7063272" lon="-2.9964753">
        <ele>60</ele>
        <time>2023-08-22T12:49:52.000Z</time>
        <speed>0.956</speed>
      </trkpt>
      <trkpt lat="50.7063622" lon="-2.9964694">
        <ele>61</ele>
        <time>2023-08-22T12:49:57.000Z</time>
        <speed>0.942</speed>
      </trkpt>
      <trkpt lat="50.7064009" lon="-2.9964617">
        <ele>62</ele>
        <time>2023-08-22T12:50:02.000Z</time>
        <speed>0.931</speed>
      </trkpt>
      <trkpt lat="50.7064397" lon="-2.9964621">
        <ele>62</ele>
        <time>2023-08-22T12:50:07.000Z</time>
        <speed>0.914</speed>
      </trkpt>
      <trkpt lat="50.7064716" lon="-2.9964484">
        <ele>63</ele>
        <time>2023-08-22T12:50:12.000Z</time>
        <speed>0.892</speed>
      </trkpt>
      <trkpt lat="50.7065037" lon="-2.9964016">
        <ele>63</ele>
        <time>2023-08-22T12:50:17.000Z</time>
        <speed>0.897</speed>
      </trkpt>
      <trkpt lat="50.7065303" lon="-2.9963354">
        <ele>63</ele>
        <time>2023-08-22T12:50:22.000Z</time>
        <speed>0.936</speed>
      </trkpt>
      <trkpt lat="50.7065476" lon="-2.9962505">
        <ele>63</ele>
        <time>2023-08-22T12:50:27.000Z</time>
        <speed>0.997</speed>
      </trkpt>
      <trkpt lat="50.7065668" lon="-2.9961618">
        <ele>63</ele>
        <time>2023-08-22T12:50:32.000Z</time>
        <speed>1.075</speed>
      </trkpt>
      <trkpt lat="50.7065815" lon="-2.9960802">
        <ele>62</ele>
        <time>2023-08-22T12:50:37.000Z</time>
        <speed>1.144</speed>
      </trkpt>
      <trkpt lat="50.7065844" lon="-2.9960314">
        <ele>61</ele>
        <time>2023-08-22T12:51:03.000Z</time>
        <speed>0.000</speed>
      </trkpt>
      <trkpt lat="50.7066057" lon="-2.9960309">
        <ele>61</ele>
        <time>2023-08-22T12:51:31.000Z</time>
        <speed>0.000</speed>
      </trkpt>
      <trkpt lat="50.7066170" lon="-2.9959701">
        <ele>61</ele>
        <time>2023-08-22T12:51:36.000Z</time>
        <speed>0.000</speed>
      </trkpt>
      <trkpt lat="50.7066409" lon="-2.9958844">
        <ele>61</ele>
        <time>2023-08-22T12:51:41.000Z</time>
        <speed>0.967</speed>
      </trkpt>
      <trkpt lat="50.7066626" lon="-2.9958112">
        <ele>61</ele>
        <time>2023-08-22T12:51:46.000Z</time>
        <speed>0.950</speed>
      </trkpt>
      <trkpt lat="50.7066741" lon="-2.9957755">
        <ele>61</ele>
        <time>2023-08-22T12:51:51.000Z</time>
        <speed>1.531</speed>
      </trkpt>
      <trkpt lat="50.7066904" lon="-2.9957676">
        <ele>61</ele>
        <time>2023-08-22T12:51:56.000Z</time>
        <speed>1.494</speed>
      </trkpt>
      <trkpt lat="50.7067192" lon="-2.9957569">
        <ele>61</ele>
        <time>2023-08-22T12:52:01.000Z</time>
        <speed>1.333</speed>
      </trkpt>
      <trkpt lat="50.7067498" lon="-2.9957396">
        <ele>61</ele>
        <time>2023-08-22T12:52:06.000Z</time>
        <speed>0.831</speed>
      </trkpt>
      <trkpt lat="50.7067800" lon="-2.9957167">
        <ele>61</ele>
        <time>2023-08-22T12:52:11.000Z</time>
        <speed>0.706</speed>
      </trkpt>
      <trkpt lat="50.7068137" lon="-2.9957019">
        <ele>62</ele>
        <time>2023-08-22T12:52:16.000Z</time>
        <speed>0.694</speed>
      </trkpt>
      <trkpt lat="50.7068432" lon="-2.9956905">
        <ele>62</ele>
        <time>2023-08-22T12:52:21.000Z</time>
        <speed>0.694</speed>
      </trkpt>
      <trkpt lat="50.7068698" lon="-2.9956614">
        <ele>62</ele>
        <time>2023-08-22T12:52:26.000Z</time>
        <speed>0.694</speed>
      </trkpt>
      <trkpt lat="50.7068949" lon="-2.9956393">
        <ele>63</ele>
        <time>2023-08-22T12:52:31.000Z</time>
        <speed>1.186</speed>
      </trkpt>
      <trkpt lat="50.7069247" lon="-2.9956159">
        <ele>63</ele>
        <time>2023-08-22T12:52:36.000Z</time>
        <speed>1.194</speed>
      </trkpt>
      <trkpt lat="50.7069592" lon="-2.9955790">
        <ele>64</ele>
        <time>2023-08-22T12:52:41.000Z</time>
        <speed>1.219</speed>
      </trkpt>
      <trkpt lat="50.7069936" lon="-2.9955346">
        <ele>64</ele>
        <time>2023-08-22T12:52:46.000Z</time>
        <speed>1.233</speed>
      </trkpt>
      <trkpt lat="50.7070119" lon="-2.9954867">
        <ele>65</ele>
        <time>2023-08-22T12:52:51.000Z</time>
        <speed>1.239</speed>
      </trkpt>
      <trkpt lat="50.7070209" lon="-2.9954318">
        <ele>66</ele>
        <time>2023-08-22T12:52:56.000Z</time>
        <speed>1.219</speed>
      </trkpt>
      <trkpt lat="50.7070352" lon="-2.9953710">
        <ele>66</ele>
        <time>2023-08-22T12:53:01.000Z</time>
        <speed>1.203</speed>
      </trkpt>
      <trkpt lat="50.7070510" lon="-2.9953231">
        <ele>67</ele>
        <time>2023-08-22T12:53:06.000Z</time>
        <speed>1.211</speed>
      </trkpt>
      <trkpt lat="50.7070612" lon="-2.9952809">
        <ele>68</ele>
        <time>2023-08-22T12:53:11.000Z</time>
        <speed>1.217</speed>
      </trkpt>
      <trkpt lat="50.7070843" lon="-2.9952457">
        <ele>69</ele>
        <time>2023-08-22T12:53:16.000Z</time>
        <speed>1.256</speed>
      </trkpt>
      <trkpt lat="50.7071156" lon="-2.9952239">
        <ele>70</ele>
        <time>2023-08-22T12:53:21.000Z</time>
        <speed>1.303</speed>
      </trkpt>
      <trkpt lat="50.7071314" lon="-2.9952014">
        <ele>70</ele>
        <time>2023-08-22T12:53:26.000Z</time>
        <speed>1.381</speed>
      </trkpt>
      <trkpt lat="50.7071394" lon="-2.9951470">
        <ele>71</ele>
        <time>2023-08-22T12:53:31.000Z</time>
        <speed>1.406</speed>
      </trkpt>
      <trkpt lat="50.7071464" lon="-2.9950941">
        <ele>72</ele>
        <time>2023-08-22T12:53:36.000Z</time>
        <speed>1.375</speed>
      </trkpt>
      <trkpt lat="50.7071568" lon="-2.9950483">
        <ele>73</ele>
        <time>2023-08-22T12:53:41.000Z</time>
        <speed>1.344</speed>
      </trkpt>
      <trkpt lat="50.7071652" lon="-2.9950224">
        <ele>74</ele>
        <time>2023-08-22T12:53:46.000Z</time>
        <speed>1.869</speed>
      </trkpt>
      <trkpt lat="50.7071780" lon="-2.9949864">
        <ele>74</ele>
        <time>2023-08-22T12:53:51.000Z</time>
        <speed>1.503</speed>
      </trkpt>
      <trkpt lat="50.7071741" lon="-2.9949379">
        <ele>75</ele>
        <time>2023-08-22T12:53:56.000Z</time>
        <speed>1.433</speed>
      </trkpt>
      <trkpt lat="50.7071988" lon="-2.9948263">
        <ele>79</ele>
        <time>2023-08-22T12:54:17.000Z</time>
        <speed>1.319</speed>
      </trkpt>
      <trkpt lat="50.7072124" lon="-2.9947756">
        <ele>80</ele>
        <time>2023-08-22T12:54:22.000Z</time>
        <speed>1.233</speed>
      </trkpt>
      <trkpt lat="50.7072154" lon="-2.9947217">
        <ele>81</ele>
        <time>2023-08-22T12:54:27.000Z</time>
        <speed>1.203</speed>
      </trkpt>
      <trkpt lat="50.7072354" lon="-2.9946432">
        <ele>84</ele>
        <time>2023-08-22T12:54:41.000Z</time>
        <speed>1.200</speed>
      </trkpt>
      <trkpt lat="50.7072467" lon="-2.9945690">
        <ele>85</ele>
        <time>2023-08-22T12:54:54.000Z</time>
        <speed>1.367</speed>
      </trkpt>
      <trkpt lat="50.7072537" lon="-2.9945108">
        <ele>86</ele>
        <time>2023-08-22T12:54:59.000Z</time>
        <speed>1.347</speed>
      </trkpt>
      <trkpt lat="50.7072483" lon="-2.9944554">
        <ele>87</ele>
        <time>2023-08-22T12:55:04.000Z</time>
        <speed>1.261</speed>
      </trkpt>
      <trkpt lat="50.7072247" lon="-2.9944604">
        <ele>89</ele>
        <time>2023-08-22T13:03:02.000Z</time>
        <speed>0.000</speed>
      </trkpt>
      <trkpt lat="50.7072352" lon="-2.9943999">
        <ele>90</ele>
        <time>2023-08-22T13:11:46.000Z</time>
        <speed>1.092</speed>
      </trkpt>
      <trkpt lat="50.7072571" lon="-2.9943515">
        <ele>90</ele>
        <time>2023-08-22T13:11:51.000Z</time>
        <speed>2.342</speed>
      </trkpt>
      <trkpt lat="50.7072659" lon="-2.9942936">
        <ele>90</ele>
        <time>2023-08-22T13:11:56.000Z</time>
        <speed>2.353</speed>
      </trkpt>
      <trkpt lat="50.7072729" lon="-2.9942317">
        <ele>89</ele>
        <time>2023-08-22T13:12:01.000Z</time>
        <speed>2.292</speed>
      </trkpt>
      <trkpt lat="50.7072884" lon="-2.9941634">
        <ele>87</ele>
        <time>2023-08-22T13:12:23.000Z</time>
        <speed>0.000</speed>
      </trkpt>
      <trkpt lat="50.7073013" lon="-2.9941135">
        <ele>86</ele>
        <time>2023-08-22T13:12:28.000Z</time>
        <speed>0.936</speed>
      </trkpt>
      <trkpt lat="50.7073145" lon="-2.9940560">
        <ele>86</ele>
        <time>2023-08-22T13:12:33.000Z</time>
        <speed>0.883</speed>
      </trkpt>
      <trkpt lat="50.7073236" lon="-2.9939939">
        <ele>86</ele>
        <time>2023-08-22T13:12:38.000Z</time>
        <speed>0.886</speed>
      </trkpt>
      <trkpt lat="50.7073257" lon="-2.9939438">
        <ele>87</ele>
        <time>2023-08-22T13:12:43.000Z</time>
        <speed>0.886</speed>
      </trkpt>
      <trkpt lat="50.7073274" lon="-2.9939042">
        <ele>87</ele>
        <time>2023-08-22T13:12:48.000Z</time>
        <speed>0.819</speed>
      </trkpt>
      <trkpt lat="50.7073351" lon="-2.9938510">
        <ele>86</ele>
        <time>2023-08-22T13:12:53.000Z</time>
        <speed>0.789</speed>
      </trkpt>
      <trkpt lat="50.7073500" lon="-2.9937822">
        <ele>86</ele>
        <time>2023-08-22T13:12:58.000Z</time>
        <speed>0.792</speed>
      </trkpt>
      <trkpt lat="50.7073578" lon="-2.9937302">
        <ele>85</ele>
        <time>2023-08-22T13:13:03.000Z</time>
        <speed>0.797</speed>
      </trkpt>
      <trkpt lat="50.7073508" lon="-2.9936755">
        <ele>85</ele>
        <time>2023-08-22T13:13:08.000Z</time>
        <speed>0.803</speed>
      </trkpt>
      <trkpt lat="50.7073379" lon="-2.9936065">
        <ele>85</ele>
        <time>2023-08-22T13:13:13.000Z</time>
        <speed>0.836</speed>
      </trkpt>
      <trkpt lat="50.7073220" lon="-2.9935512">
        <ele>84</ele>
        <time>2023-08-22T13:13:18.000Z</time>
        <speed>0.847</speed>
      </trkpt>
      <trkpt lat="50.7073104" lon="-2.9935048">
        <ele>84</ele>
        <time>2023-08-22T13:13:23.000Z</time>
        <speed>0.881</speed>
      </trkpt>
      <trkpt lat="50.7072941" lon="-2.9934378">
        <ele>83</ele>
        <time>2023-08-22T13:13:28.000Z</time>
        <speed>0.886</speed>
      </trkpt>
      <trkpt lat="50.7072787" lon="-2.9933569">
        <ele>83</ele>
        <time>2023-08-22T13:13:33.000Z</time>
        <speed>0.922</speed>
      </trkpt>
      <trkpt lat="50.7072840" lon="-2.9932879">
        <ele>83</ele>
        <time>2023-08-22T13:13:38.000Z</time>
        <speed>0.933</speed>
      </trkpt>
      <trkpt lat="50.7072846" lon="-2.9932480">
        <ele>82</ele>
        <time>2023-08-22T13:13:43.000Z</time>
        <speed>0.947</speed>
      </trkpt>
      <trkpt lat="50.7073022" lon="-2.9931995">
        <ele>82</ele>
        <time>2023-08-22T13:13:48.000Z</time>
        <speed>0.939</speed>
      </trkpt>
      <trkpt lat="50.7073454" lon="-2.9931668">
        <ele>82</ele>
        <time>2023-08-22T13:13:53.000Z</time>
        <speed>0.919</speed>
      </trkpt>
      <trkpt lat="50.7073769" lon="-2.9931314">
        <ele>82</ele>
        <time>2023-08-22T13:13:58.000Z</time>
        <speed>0.917</speed>
      </trkpt>
      <trkpt lat="50.7074016" lon="-2.9930757">
        <ele>82</ele>
        <time>2023-08-22T13:14:03.000Z</time>
        <speed>0.922</speed>
      </trkpt>
      <trkpt lat="50.7074305" lon="-2.9930420">
        <ele>82</ele>
        <time>2023-08-22T13:14:08.000Z</time>
        <speed>0.908</speed>
      </trkpt>
      <trkpt lat="50.7074498" lon="-2.9930041">
        <ele>82</ele>
        <time>2023-08-22T13:14:13.000Z</time>
        <speed>0.847</speed>
      </trkpt>
      <trkpt lat="50.7074660" lon="-2.9929490">
        <ele>83</ele>
        <time>2023-08-22T13:14:18.000Z</time>
        <speed>0.822</speed>
      </trkpt>
      <trkpt lat="50.7074726" lon="-2.9928861">
        <ele>83</ele>
        <time>2023-08-22T13:14:23.000Z</time>
        <speed>0.872</speed>
      </trkpt>
      <trkpt lat="50.7074772" lon="-2.9928357">
        <ele>84</ele>
        <time>2023-08-22T13:14:28.000Z</time>
        <speed>1.047</speed>
      </trkpt>
      <trkpt lat="50.7074918" lon="-2.9927955">
        <ele>85</ele>
        <time>2023-08-22T13:14:33.000Z</time>
        <speed>1.267</speed>
      </trkpt>
      <trkpt lat="50.7075484" lon="-2.9927123">
        <ele>89</ele>
        <time>2023-08-22T13:14:54.000Z</time>
        <speed>1.389</speed>
      </trkpt>
      <trkpt lat="50.7075695" lon="-2.9926488">
        <ele>90</ele>
        <time>2023-08-22T13:14:59.000Z</time>
        <speed>1.325</speed>
      </trkpt>
      <trkpt lat="50.7075686" lon="-2.9925918">
        <ele>91</ele>
        <time>2023-08-22T13:15:04.000Z</time>
        <speed>1.236</speed>
      </trkpt>
      <trkpt lat="50.7075591" lon="-2.9925440">
        <ele>92</ele>
        <time>2023-08-22T13:15:09.000Z</time>
        <speed>1.181</speed>
      </trkpt>
      <trkpt lat="50.7075550" lon="-2.9924918">
        <ele>92</ele>
        <time>2023-08-22T13:15:14.000Z</time>
        <speed>1.172</speed>
      </trkpt>
      <trkpt lat="50.7075607" lon="-2.9924290">
        <ele>93</ele>
        <time>2023-08-22T13:15:19.000Z</time>
        <speed>1.117</speed>
      </trkpt>
      <trkpt lat="50.7075712" lon="-2.9923587">
        <ele>94</ele>
        <time>2023-08-22T13:15:24.000Z</time>
        <speed>1.069</speed>
      </trkpt>
      <trkpt lat="50.7076054" lon="-2.9923008">
        <ele>95</ele>
        <time>2023-08-22T13:15:29.000Z</time>
        <speed>0.972</speed>
      </trkpt>
      <trkpt lat="50.7076318" lon="-2.9922286">
        <ele>95</ele>
        <time>2023-08-22T13:15:34.000Z</time>
        <speed>0.953</speed>
      </trkpt>
      <trkpt lat="50.7076559" lon="-2.9921618">
        <ele>96</ele>
        <time>2023-08-22T13:15:39.000Z</time>
        <speed>0.872</speed>
      </trkpt>
      <trkpt lat="50.7076590" lon="-2.9921085">
        <ele>96</ele>
        <time>2023-08-22T13:15:44.000Z</time>
        <speed>0.847</speed>
      </trkpt>
      <trkpt lat="50.7076544" lon="-2.9920312">
        <ele>97</ele>
        <time>2023-08-22T13:15:49.000Z</time>
        <speed>0.806</speed>
      </trkpt>
      <trkpt lat="50.7076592" lon="-2.9919452">
        <ele>97</ele>
        <time>2023-08-22T13:15:54.000Z</time>
        <speed>0.800</speed>
      </trkpt>
      <trkpt lat="50.7076844" lon="-2.9918883">
        <ele>97</ele>
        <time>2023-08-22T13:15:59.000Z</time>
        <speed>0.803</speed>
      </trkpt>
      <trkpt lat="50.7077048" lon="-2.9918324">
        <ele>98</ele>
        <time>2023-08-22T13:16:04.000Z</time>
        <speed>0.800</speed>
      </trkpt>
      <trkpt lat="50.7077161" lon="-2.9917957">
        <ele>98</ele>
        <time>2023-08-22T13:16:09.000Z</time>
        <speed>0.783</speed>
      </trkpt>
      <trkpt lat="50.7077358" lon="-2.9917638">
        <ele>99</ele>
        <time>2023-08-22T13:16:14.000Z</time>
        <speed>0.783</speed>
      </trkpt>
      <trkpt lat="50.7077629" lon="-2.9917125">
        <ele>99</ele>
        <time>2023-08-22T13:16:19.000Z</time>
        <speed>0.792</speed>
      </trkpt>
      <trkpt lat="50.7077865" lon="-2.9916713">
        <ele>100</ele>
        <time>2023-08-22T13:16:24.000Z</time>
        <speed>0.792</speed>
      </trkpt>
      <trkpt lat="50.7077865" lon="-2.9916281">
        <ele>101</ele>
        <time>2023-08-22T13:16:29.000Z</time>
        <speed>0.794</speed>
      </trkpt>
      <trkpt lat="50.7077826" lon="-2.9915706">
        <ele>101</ele>
        <time>2023-08-22T13:16:34.000Z</time>
        <speed>0.789</speed>
      </trkpt>
      <trkpt lat="50.7077907" lon="-2.9915188">
        <ele>102</ele>
        <time>2023-08-22T13:16:39.000Z</time>
        <speed>0.775</speed>
      </trkpt>
      <trkpt lat="50.7077981" lon="-2.9914711">
        <ele>102</ele>
        <time>2023-08-22T13:16:44.000Z</time>
        <speed>0.769</speed>
      </trkpt>
      <trkpt lat="50.7077970" lon="-2.9914222">
        <ele>103</ele>
        <time>2023-08-22T13:16:49.000Z</time>
        <speed>0.758</speed>
      </trkpt>
      <trkpt lat="50.7077898" lon="-2.9913795">
        <ele>103</ele>
        <time>2023-08-22T13:16:54.000Z</time>
        <speed>0.753</speed>
      </trkpt>
      <trkpt lat="50.7077667" lon="-2.9913293">
        <ele>102</ele>
        <time>2023-08-22T13:16:59.000Z</time>
        <speed>0.781</speed>
      </trkpt>
      <trkpt lat="50.7077360" lon="-2.9912796">
        <ele>102</ele>
        <time>2023-08-22T13:17:04.000Z</time>
        <speed>0.825</speed>
      </trkpt>
      <trkpt lat="50.7077393" lon="-2.9912293">
        <ele>101</ele>
        <time>2023-08-22T13:17:09.000Z</time>
        <speed>0.989</speed>
      </trkpt>
      <trkpt lat="50.7077606" lon="-2.9911821">
        <ele>101</ele>
        <time>2023-08-22T13:17:14.000Z</time>
        <speed>1.053</speed>
      </trkpt>
      <trkpt lat="50.7077689" lon="-2.9911215">
        <ele>101</ele>
        <time>2023-08-22T13:17:19.000Z</time>
        <speed>1.128</speed>
      </trkpt>
      <trkpt lat="50.7077579" lon="-2.9911184">
        <ele>101</ele>
        <time>2023-08-22T13:17:44.000Z</time>
        <speed>0.000</speed>
      </trkpt>
      <trkpt lat="50.7077473" lon="-2.9910728">
        <ele>101</ele>
        <time>2023-08-22T13:17:49.000Z</time>
        <speed>1.178</speed>
      </trkpt>
      <trkpt lat="50.7077323" lon="-2.9910263">
        <ele>101</ele>
        <time>2023-08-22T13:17:54.000Z</time>
        <speed>1.103</speed>
      </trkpt>
      <trkpt lat="50.7077059" lon="-2.9909889">
        <ele>101</ele>
        <time>2023-08-22T13:17:59.000Z</time>
        <speed>1.044</speed>
      </trkpt>
      <trkpt lat="50.7076810" lon="-2.9909518">
        <ele>101</ele>
        <time>2023-08-22T13:18:04.000Z</time>
        <speed>1.019</speed>
      </trkpt>
      <trkpt lat="50.7076725" lon="-2.9909044">
        <ele>101</ele>
        <time>2023-08-22T13:18:09.000Z</time>
        <speed>1.019</speed>
      </trkpt>
      <trkpt lat="50.7076630" lon="-2.9908353">
        <ele>100</ele>
        <time>2023-08-22T13:18:14.000Z</time>
        <speed>0.989</speed>
      </trkpt>
      <trkpt lat="50.7076671" lon="-2.9907891">
        <ele>100</ele>
        <time>2023-08-22T13:18:19.000Z</time>
        <speed>0.975</speed>
      </trkpt>
      <trkpt lat="50.7076880" lon="-2.9907573">
        <ele>99</ele>
        <time>2023-08-22T13:18:24.000Z</time>
        <speed>0.961</speed>
      </trkpt>
      <trkpt lat="50.7077166" lon="-2.9907361">
        <ele>98</ele>
        <time>2023-08-22T13:18:29.000Z</time>
        <speed>0.939</speed>
      </trkpt>
      <trkpt lat="50.7077487" lon="-2.9907169">
        <ele>98</ele>
        <time>2023-08-22T13:18:34.000Z</time>
        <speed>0.914</speed>
      </trkpt>
      <trkpt lat="50.7077790" lon="-2.9906996">
        <ele>97</ele>
        <time>2023-08-22T13:18:39.000Z</time>
        <speed>0.903</speed>
      </trkpt>
      <trkpt lat="50.7078042" lon="-2.9906325">
        <ele>96</ele>
        <time>2023-08-22T13:18:44.000Z</time>
        <speed>0.919</speed>
      </trkpt>
      <trkpt lat="50.7078178" lon="-2.9905600">
        <ele>96</ele>
        <time>2023-08-22T13:18:49.000Z</time>
        <speed>0.933</speed>
      </trkpt>
      <trkpt lat="50.7078298" lon="-2.9905016">
        <ele>96</ele>
        <time>2023-08-22T13:18:54.000Z</time>
        <speed>0.942</speed>
      </trkpt>
      <trkpt lat="50.7078240" lon="-2.9904388">
        <ele>96</ele>
        <time>2023-08-22T13:18:59.000Z</time>
        <speed>0.953</speed>
      </trkpt>
      <trkpt lat="50.7078081" lon="-2.9903612">
        <ele>96</ele>
        <time>2023-08-22T13:19:04.000Z</time>
        <speed>0.981</speed>
      </trkpt>
      <trkpt lat="50.7078057" lon="-2.9902944">
        <ele>96</ele>
        <time>2023-08-22T13:19:09.000Z</time>
        <speed>1.008</speed>
      </trkpt>
      <trkpt lat="50.7078031" lon="-2.9902341">
        <ele>96</ele>
        <time>2023-08-22T13:19:14.000Z</time>
        <speed>1.044</speed>
      </trkpt>
      <trkpt lat="50.7078041" lon="-2.9901717">
        <ele>96</ele>
        <time>2023-08-22T13:19:19.000Z</time>
        <speed>1.078</speed>
      </trkpt>
      <trkpt lat="50.7077977" lon="-2.9901148">
        <ele>96</ele>
        <time>2023-08-22T13:19:24.000Z</time>
        <speed>1.114</speed>
      </trkpt>
      <trkpt lat="50.7077983" lon="-2.9900716">
        <ele>95</ele>
        <time>2023-08-22T13:19:29.000Z</time>
        <speed>1.119</speed>
      </trkpt>
      <trkpt lat="50.7078269" lon="-2.9900223">
        <ele>95</ele>
        <time>2023-08-22T13:19:34.000Z</time>
        <speed>1.094</speed>
      </trkpt>
      <trkpt lat="50.7078575" lon="-2.9899824">
        <ele>95</ele>
        <time>2023-08-22T13:19:39.000Z</time>
        <speed>1.017</speed>
      </trkpt>
      <trkpt lat="50.7078659" lon="-2.9899304">
        <ele>94</ele>
        <time>2023-08-22T13:19:44.000Z</time>
        <speed>0.931</speed>
      </trkpt>
      <trkpt lat="50.7078702" lon="-2.9898651">
        <ele>94</ele>
        <time>2023-08-22T13:19:49.000Z</time>
        <speed>0.850</speed>
      </trkpt>
      <trkpt lat="50.7078787" lon="-2.9897876">
        <ele>93</ele>
        <time>2023-08-22T13:19:54.000Z</time>
        <speed>0.792</speed>
      </trkpt>
      <trkpt lat="50.7078839" lon="-2.9897083">
        <ele>92</ele>
        <time>2023-08-22T13:19:59.000Z</time>
        <speed>0.772</speed>
      </trkpt>
      <trkpt lat="50.7078901" lon="-2.9896311">
        <ele>92</ele>
        <time>2023-08-22T13:20:04.000Z</time>
        <speed>0.775</speed>
      </trkpt>
      <trkpt lat="50.7079031" lon="-2.9895649">
        <ele>92</ele>
        <time>2023-08-22T13:20:09.000Z</time>
        <speed>0.797</speed>
      </trkpt>
      <trkpt lat="50.7079030" lon="-2.9894957">
        <ele>91</ele>
        <time>2023-08-22T13:20:14.000Z</time>
        <speed>0.803</speed>
      </trkpt>
      <trkpt lat="50.7079124" lon="-2.9894309">
        <ele>91</ele>
        <time>2023-08-22T13:20:19.000Z</time>
        <speed>0.797</speed>
      </trkpt>
      <trkpt lat="50.7079334" lon="-2.9893809">
        <ele>92</ele>
        <time>2023-08-22T13:20:24.000Z</time>
        <speed>0.778</speed>
      </trkpt>
      <trkpt lat="50.7079538" lon="-2.9893417">
        <ele>92</ele>
        <time>2023-08-22T13:20:29.000Z</time>
        <speed>0.747</speed>
      </trkpt>
      <trkpt lat="50.7079732" lon="-2.9892844">
        <ele>92</ele>
        <time>2023-08-22T13:20:34.000Z</time>
        <speed>0.731</speed>
      </trkpt>
      <trkpt lat="50.7079958" lon="-2.9892077">
        <ele>92</ele>
        <time>2023-08-22T13:20:39.000Z</time>
        <speed>0.744</speed>
      </trkpt>
      <trkpt lat="50.7080068" lon="-2.9891302">
        <ele>92</ele>
        <time>2023-08-22T13:20:44.000Z</time>
        <speed>0.783</speed>
      </trkpt>
      <trkpt lat="50.7080128" lon="-2.9890811">
        <ele>92</ele>
        <time>2023-08-22T13:20:49.000Z</time>
        <speed>0.861</speed>
      </trkpt>
      <trkpt lat="50.7080355" lon="-2.9890468">
        <ele>92</ele>
        <time>2023-08-22T13:20:54.000Z</time>
        <speed>0.928</speed>
      </trkpt>
      <trkpt lat="50.7080647" lon="-2.9889982">
        <ele>92</ele>
        <time>2023-08-22T13:20:59.000Z</time>
        <speed>0.964</speed>
      </trkpt>
      <trkpt lat="50.7080797" lon="-2.9889579">
        <ele>92</ele>
        <time>2023-08-22T13:21:04.000Z</time>
        <speed>0.992</speed>
      </trkpt>
      <trkpt lat="50.7080957" lon="-2.9889134">
        <ele>91</ele>
        <time>2023-08-22T13:21:09.000Z</time>
        <speed>0.992</speed>
      </trkpt>
      <trkpt lat="50.7081287" lon="-2.9888852">
        <ele>91</ele>
        <time>2023-08-22T13:21:20.000Z</time>
        <speed>0.994</speed>
      </trkpt>
      <trkpt lat="50.7081429" lon="-2.9888425">
        <ele>91</ele>
        <time>2023-08-22T13:21:25.000Z</time>
        <speed>0.989</speed>
      </trkpt>
      <trkpt lat="50.7081528" lon="-2.9887993">
        <ele>91</ele>
        <time>2023-08-22T13:21:30.000Z</time>
        <speed>0.936</speed>
      </trkpt>
      <trkpt lat="50.7081833" lon="-2.9887646">
        <ele>91</ele>
        <time>2023-08-22T13:21:35.000Z</time>
        <speed>0.922</speed>
      </trkpt>
      <trkpt lat="50.7082118" lon="-2.9887164">
        <ele>92</ele>
        <time>2023-08-22T13:21:40.000Z</time>
        <speed>0.917</speed>
      </trkpt>
      <trkpt lat="50.7082336" lon="-2.9886420">
        <ele>93</ele>
        <time>2023-08-22T13:21:45.000Z</time>
        <speed>0.917</speed>
      </trkpt>
      <trkpt lat="50.7082514" lon="-2.9885625">
        <ele>94</ele>
        <time>2023-08-22T13:21:50.000Z</time>
        <speed>0.889</speed>
      </trkpt>
      <trkpt lat="50.7082683" lon="-2.9884817">
        <ele>94</ele>
        <time>2023-08-22T13:21:55.000Z</time>
        <speed>0.881</speed>
      </trkpt>
      <trkpt lat="50.7082899" lon="-2.9884139">
        <ele>95</ele>
        <time>2023-08-22T13:22:00.000Z</time>
        <speed>0.853</speed>
      </trkpt>
      <trkpt lat="50.7083159" lon="-2.9883610">
        <ele>95</ele>
        <time>2023-08-22T13:22:05.000Z</time>
        <speed>0.847</speed>
      </trkpt>
      <trkpt lat="50.7083395" lon="-2.9883209">
        <ele>95</ele>
        <time>2023-08-22T13:22:10.000Z</time>
        <speed>0.800</speed>
      </trkpt>
      <trkpt lat="50.7083484" lon="-2.9882852">
        <ele>95</ele>
        <time>2023-08-22T13:22:15.000Z</time>
        <speed>0.778</speed>
      </trkpt>
      <trkpt lat="50.7083604" lon="-2.9882356">
        <ele>96</ele>
        <time>2023-08-22T13:22:20.000Z</time>
        <speed>0.731</speed>
      </trkpt>
      <trkpt lat="50.7083808" lon="-2.9881821">
        <ele>96</ele>
        <time>2023-08-22T13:22:25.000Z</time>
        <speed>0.719</speed>
      </trkpt>
      <trkpt lat="50.7083954" lon="-2.9881177">
        <ele>96</ele>
        <time>2023-08-22T13:22:30.000Z</time>
        <speed>0.728</speed>
      </trkpt>
      <trkpt lat="50.7084062" lon="-2.9880531">
        <ele>96</ele>
        <time>2023-08-22T13:22:35.000Z</time>
        <speed>0.742</speed>
      </trkpt>
      <trkpt lat="50.7084240" lon="-2.9879806">
        <ele>96</ele>
        <time>2023-08-22T13:22:40.000Z</time>
        <speed>0.803</speed>
      </trkpt>
      <trkpt lat="50.7084307" lon="-2.9879059">
        <ele>96</ele>
        <time>2023-08-22T13:22:45.000Z</time>
        <speed>0.825</speed>
      </trkpt>
      <trkpt lat="50.7084335" lon="-2.9878427">
        <ele>96</ele>
        <time>2023-08-22T13:22:50.000Z</time>
        <speed>0.864</speed>
      </trkpt>
      <trkpt lat="50.7084354" lon="-2.9877834">
        <ele>96</ele>
        <time>2023-08-22T13:22:55.000Z</time>
        <speed>0.872</speed>
      </trkpt>
      <trkpt lat="50.7084365" lon="-2.9877269">
        <ele>96</ele>
        <time>2023-08-22T13:23:00.000Z</time>
        <speed>0.900</speed>
      </trkpt>
      <trkpt lat="50.7084378" lon="-2.9876666">
        <ele>96</ele>
        <time>2023-08-22T13:23:05.000Z</time>
        <speed>0.914</speed>
      </trkpt>
      <trkpt lat="50.7084486" lon="-2.9876112">
        <ele>97</ele>
        <time>2023-08-22T13:23:10.000Z</time>
        <speed>0.953</speed>
      </trkpt>
      <trkpt lat="50.7084522" lon="-2.9875545">
        <ele>97</ele>
        <time>2023-08-22T13:23:15.000Z</time>
        <speed>0.947</speed>
      </trkpt>
      <trkpt lat="50.7084511" lon="-2.9874859">
        <ele>97</ele>
        <time>2023-08-22T13:23:20.000Z</time>
        <speed>0.817</speed>
      </trkpt>
      <trkpt lat="50.7084653" lon="-2.9874185">
        <ele>98</ele>
        <time>2023-08-22T13:23:25.000Z</time>
        <speed>0.789</speed>
      </trkpt>
      <trkpt lat="50.7084689" lon="-2.9873558">
        <ele>98</ele>
        <time>2023-08-22T13:23:30.000Z</time>
        <speed>0.769</speed>
      </trkpt>
      <trkpt lat="50.7084624" lon="-2.9872895">
        <ele>98</ele>
        <time>2023-08-22T13:23:35.000Z</time>
        <speed>0.767</speed>
      </trkpt>
      <trkpt lat="50.7084691" lon="-2.9872044">
        <ele>99</ele>
        <time>2023-08-22T13:23:40.000Z</time>
        <speed>0.803</speed>
      </trkpt>
      <trkpt lat="50.7084790" lon="-2.9871178">
        <ele>99</ele>
        <time>2023-08-22T13:23:45.000Z</time>
        <speed>0.828</speed>
      </trkpt>
      <trkpt lat="50.7084645" lon="-2.9870310">
        <ele>99</ele>
        <time>2023-08-22T13:23:50.000Z</time>
        <speed>0.978</speed>
      </trkpt>
      <trkpt lat="50.7084878" lon="-2.9869724">
        <ele>99</ele>
        <time>2023-08-22T13:23:55.000Z</time>
        <speed>1.025</speed>
      </trkpt>
      <trkpt lat="50.7085115" lon="-2.9869221">
        <ele>100</ele>
        <time>2023-08-22T13:24:00.000Z</time>
        <speed>1.056</speed>
      </trkpt>
      <trkpt lat="50.7085169" lon="-2.9868479">
        <ele>100</ele>
        <time>2023-08-22T13:24:05.000Z</time>
        <speed>1.050</speed>
      </trkpt>
      <trkpt lat="50.7085143" lon="-2.9867811">
        <ele>100</ele>
        <time>2023-08-22T13:24:10.000Z</time>
        <speed>1.039</speed>
      </trkpt>
      <trkpt lat="50.7085252" lon="-2.9867285">
        <ele>100</ele>
        <time>2023-08-22T13:24:15.000Z</time>
        <speed>1.042</speed>
      </trkpt>
      <trkpt lat="50.7085510" lon="-2.9866890">
        <ele>99</ele>
        <time>2023-08-22T13:24:20.000Z</time>
        <speed>1.047</speed>
      </trkpt>
      <trkpt lat="50.7085742" lon="-2.9866378">
        <ele>99</ele>
        <time>2023-08-22T13:24:25.000Z</time>
        <speed>1.042</speed>
      </trkpt>
      <trkpt lat="50.7085955" lon="-2.9865822">
        <ele>99</ele>
        <time>2023-08-22T13:24:30.000Z</time>
        <speed>1.033</speed>
      </trkpt>
      <trkpt lat="50.7086000" lon="-2.9865154">
        <ele>99</ele>
        <time>2023-08-22T13:24:35.000Z</time>
        <speed>1.031</speed>
      </trkpt>
      <trkpt lat="50.7086142" lon="-2.9864276">
        <ele>98</ele>
        <time>2023-08-22T13:24:40.000Z</time>
        <speed>1.053</speed>
      </trkpt>
      <trkpt lat="50.7086430" lon="-2.9863592">
        <ele>97</ele>
        <time>2023-08-22T13:24:45.000Z</time>
        <speed>1.092</speed>
      </trkpt>
      <trkpt lat="50.7086661" lon="-2.9862968">
        <ele>97</ele>
        <time>2023-08-22T13:24:50.000Z</time>
        <speed>1.131</speed>
      </trkpt>
      <trkpt lat="50.7086602" lon="-2.9861931">
        <ele>96</ele>
        <time>2023-08-22T13:24:55.000Z</time>
        <speed>1.158</speed>
      </trkpt>
      <trkpt lat="50.7086630" lon="-2.9861020">
        <ele>96</ele>
        <time>2023-08-22T13:25:00.000Z</time>
        <speed>1.192</speed>
      </trkpt>
      <trkpt lat="50.7086747" lon="-2.9860389">
        <ele>95</ele>
        <time>2023-08-22T13:25:05.000Z</time>
        <speed>1.200</speed>
      </trkpt>
      <trkpt lat="50.7086749" lon="-2.9859989">
        <ele>95</ele>
        <time>2023-08-22T13:25:10.000Z</time>
        <speed>1.133</speed>
      </trkpt>
      <trkpt lat="50.7086705" lon="-2.9859595">
        <ele>95</ele>
        <time>2023-08-22T13:25:15.000Z</time>
        <speed>1.108</speed>
      </trkpt>
      <trkpt lat="50.7086675" lon="-2.9859160">
        <ele>94</ele>
        <time>2023-08-22T13:25:20.000Z</time>
        <speed>1.914</speed>
      </trkpt>
      <trkpt lat="50.7086606" lon="-2.9858539">
        <ele>93</ele>
        <time>2023-08-22T13:25:25.000Z</time>
        <speed>1.964</speed>
      </trkpt>
      <trkpt lat="50.7086580" lon="-2.9857881">
        <ele>92</ele>
        <time>2023-08-22T13:25:30.000Z</time>
        <speed>1.967</speed>
      </trkpt>
      <trkpt lat="50.7086797" lon="-2.9857469">
        <ele>91</ele>
        <time>2023-08-22T13:25:35.000Z</time>
        <speed>1.967</speed>
      </trkpt>
      <trkpt lat="50.7087096" lon="-2.9856909">
        <ele>90</ele>
        <time>2023-08-22T13:25:40.000Z</time>
        <speed>1.967</speed>
      </trkpt>
      <trkpt lat="50.7087334" lon="-2.9856456">
        <ele>90</ele>
        <time>2023-08-22T13:25:45.000Z</time>
        <speed>1.967</speed>
      </trkpt>
      <trkpt lat="50.7087516" lon="-2.9855884">
        <ele>89</ele>
        <time>2023-08-22T13:25:50.000Z</time>
        <speed>1.481</speed>
      </trkpt>
      <trkpt lat="50.7087662" lon="-2.9855316">
        <ele>89</ele>
        <time>2023-08-22T13:25:55.000Z</time>
        <speed>0.917</speed>
      </trkpt>
      <trkpt lat="50.7087678" lon="-2.9854680">
        <ele>89</ele>
        <time>2023-08-22T13:26:00.000Z</time>
        <speed>0.803</speed>
      </trkpt>
      <trkpt lat="50.7087638" lon="-2.9853988">
        <ele>89</ele>
        <time>2023-08-22T13:26:05.000Z</time>
        <speed>0.808</speed>
      </trkpt>
      <trkpt lat="50.7087585" lon="-2.9853225">
        <ele>88</ele>
        <time>2023-08-22T13:26:18.000Z</time>
        <speed>0.000</speed>
      </trkpt>
      <trkpt lat="50.7087713" lon="-2.9852493">
        <ele>88</ele>
        <time>2023-08-22T13:26:23.000Z</time>
        <speed>1.147</speed>
      </trkpt>
      <trkpt lat="50.7087809" lon="-2.9851898">
        <ele>88</ele>
        <time>2023-08-22T13:26:28.000Z</time>
        <speed>1.058</speed>
      </trkpt>
      <trkpt lat="50.7087827" lon="-2.9851261">
        <ele>87</ele>
        <time>2023-08-22T13:26:33.000Z</time>
        <speed>1.058</speed>
      </trkpt>
      <trkpt lat="50.7087857" lon="-2.9851045">
        <ele>87</ele>
        <time>2023-08-22T13:26:38.000Z</time>
        <speed>0.000</speed>
      </trkpt>
      <trkpt lat="50.7087986" lon="-2.9850727">
        <ele>86</ele>
        <time>2023-08-22T13:26:43.000Z</time>
        <speed>0.000</speed>
      </trkpt>
      <trkpt lat="50.7088105" lon="-2.9850085">
        <ele>86</ele>
        <time>2023-08-22T13:26:48.000Z</time>
        <speed>0.925</speed>
      </trkpt>
      <trkpt lat="50.7088108" lon="-2.9849427">
        <ele>86</ele>
        <time>2023-08-22T13:26:53.000Z</time>
        <speed>0.869</speed>
      </trkpt>
      <trkpt lat="50.7088142" lon="-2.9848825">
        <ele>86</ele>
        <time>2023-08-22T13:26:58.000Z</time>
        <speed>0.875</speed>
      </trkpt>
      <trkpt lat="50.7088105" lon="-2.9848114">
        <ele>86</ele>
        <time>2023-08-22T13:27:03.000Z</time>
        <speed>0.886</speed>
      </trkpt>
      <trkpt lat="50.7088027" lon="-2.9847206">
        <ele>86</ele>
        <time>2023-08-22T13:27:08.000Z</time>
        <speed>0.958</speed>
      </trkpt>
      <trkpt lat="50.7088073" lon="-2.9846438">
        <ele>86</ele>
        <time>2023-08-22T13:27:13.000Z</time>
        <speed>1.031</speed>
      </trkpt>
      <trkpt lat="50.7088069" lon="-2.9845648">
        <ele>86</ele>
        <time>2023-08-22T13:27:18.000Z</time>
        <speed>1.044</speed>
      </trkpt>
      <trkpt lat="50.7088018" lon="-2.9844987">
        <ele>86</ele>
        <time>2023-08-22T13:27:23.000Z</time>
        <speed>1.056</speed>
      </trkpt>
      <trkpt lat="50.7088026" lon="-2.9844270">
        <ele>86</ele>
        <time>2023-08-22T13:27:28.000Z</time>
        <speed>1.064</speed>
      </trkpt>
      <trkpt lat="50.7087995" lon="-2.9843621">
        <ele>86</ele>
        <time>2023-08-22T13:27:33.000Z</time>
        <speed>1.061</speed>
      </trkpt>
      <trkpt lat="50.7087961" lon="-2.9843014">
        <ele>85</ele>
        <time>2023-08-22T13:27:38.000Z</time>
        <speed>1.044</speed>
      </trkpt>
      <trkpt lat="50.7088004" lon="-2.9842413">
        <ele>85</ele>
        <time>2023-08-22T13:27:43.000Z</time>
        <speed>1.025</speed>
      </trkpt>
      <trkpt lat="50.7088024" lon="-2.9841859">
        <ele>85</ele>
        <time>2023-08-22T13:27:48.000Z</time>
        <speed>1.008</speed>
      </trkpt>
      <trkpt lat="50.7088116" lon="-2.9841289">
        <ele>85</ele>
        <time>2023-08-22T13:27:53.000Z</time>
        <speed>0.994</speed>
      </trkpt>
      <trkpt lat="50.7088232" lon="-2.9840652">
        <ele>85</ele>
        <time>2023-08-22T13:27:58.000Z</time>
        <speed>0.992</speed>
      </trkpt>
      <trkpt lat="50.7088267" lon="-2.9839890">
        <ele>85</ele>
        <time>2023-08-22T13:28:03.000Z</time>
        <speed>0.992</speed>
      </trkpt>
      <trkpt lat="50.7088358" lon="-2.9839145">
        <ele>85</ele>
        <time>2023-08-22T13:28:08.000Z</time>
        <speed>0.994</speed>
      </trkpt>
      <trkpt lat="50.7088267" lon="-2.9838549">
        <ele>86</ele>
        <time>2023-08-22T13:28:13.000Z</time>
        <speed>1.003</speed>
      </trkpt>
      <trkpt lat="50.7088182" lon="-2.9837886">
        <ele>86</ele>
        <time>2023-08-22T13:28:18.000Z</time>
        <speed>1.028</speed>
      </trkpt>
      <trkpt lat="50.7088066" lon="-2.9837177">
        <ele>86</ele>
        <time>2023-08-22T13:28:23.000Z</time>
        <speed>1.064</speed>
      </trkpt>
      <trkpt lat="50.7088002" lon="-2.9836609">
        <ele>86</ele>
        <time>2023-08-22T13:28:28.000Z</time>
        <speed>1.106</speed>
      </trkpt>
      <trkpt lat="50.7087922" lon="-2.9836033">
        <ele>86</ele>
        <time>2023-08-22T13:28:33.000Z</time>
        <speed>1.097</speed>
      </trkpt>
      <trkpt lat="50.7087690" lon="-2.9835472">
        <ele>86</ele>
        <time>2023-08-22T13:28:38.000Z</time>
        <speed>1.036</speed>
      </trkpt>
      <trkpt lat="50.7087438" lon="-2.9834935">
        <ele>87</ele>
        <time>2023-08-22T13:28:43.000Z</time>
        <speed>0.986</speed>
      </trkpt>
      <trkpt lat="50.7087305" lon="-2.9834433">
        <ele>87</ele>
        <time>2023-08-22T13:28:48.000Z</time>
        <speed>0.931</speed>
      </trkpt>
      <trkpt lat="50.7087177" lon="-2.9833993">
        <ele>87</ele>
        <time>2023-08-22T13:28:53.000Z</time>
        <speed>0.869</speed>
      </trkpt>
      <trkpt lat="50.7086997" lon="-2.9833302">
        <ele>87</ele>
        <time>2023-08-22T13:29:04.000Z</time>
        <speed>0.803</speed>
      </trkpt>
      <trkpt lat="50.7087027" lon="-2.9832866">
        <ele>86</ele>
        <time>2023-08-22T13:29:09.000Z</time>
        <speed>0.797</speed>
      </trkpt>
      <trkpt lat="50.7087068" lon="-2.9832365">
        <ele>85</ele>
        <time>2023-08-22T13:29:14.000Z</time>
        <speed>0.789</speed>
      </trkpt>
      <trkpt lat="50.7087168" lon="-2.9831869">
        <ele>84</ele>
        <time>2023-08-22T13:29:19.000Z</time>
        <speed>0.786</speed>
      </trkpt>
      <trkpt lat="50.7087213" lon="-2.9831343">
        <ele>83</ele>
        <time>2023-08-22T13:29:24.000Z</time>
        <speed>0.808</speed>
      </trkpt>
      <trkpt lat="50.7087291" lon="-2.9830765">
        <ele>82</ele>
        <time>2023-08-22T13:29:29.000Z</time>
        <speed>0.819</speed>
      </trkpt>
      <trkpt lat="50.7087300" lon="-2.9830157">
        <ele>81</ele>
        <time>2023-08-22T13:29:34.000Z</time>
        <speed>0.850</speed>
      </trkpt>
      <trkpt lat="50.7087298" lon="-2.9829667">
        <ele>81</ele>
        <time>2023-08-22T13:29:39.000Z</time>
        <speed>0.861</speed>
      </trkpt>
      <trkpt lat="50.7087283" lon="-2.9829219">
        <ele>80</ele>
        <time>2023-08-22T13:29:44.000Z</time>
        <speed>0.886</speed>
      </trkpt>
      <trkpt lat="50.7087217" lon="-2.9828707">
        <ele>79</ele>
        <time>2023-08-22T13:29:49.000Z</time>
        <speed>0.889</speed>
      </trkpt>
      <trkpt lat="50.7087220" lon="-2.9828169">
        <ele>79</ele>
        <time>2023-08-22T13:29:54.000Z</time>
        <speed>0.867</speed>
      </trkpt>
      <trkpt lat="50.7087228" lon="-2.9827588">
        <ele>78</ele>
        <time>2023-08-22T13:29:59.000Z</time>
        <speed>0.856</speed>
      </trkpt>
      <trkpt lat="50.7087179" lon="-2.9826968">
        <ele>77</ele>
        <time>2023-08-22T13:30:04.000Z</time>
        <speed>0.831</speed>
      </trkpt>
      <trkpt lat="50.7087200" lon="-2.9826520">
        <ele>77</ele>
        <time>2023-08-22T13:30:09.000Z</time>
        <speed>0.828</speed>
      </trkpt>
      <trkpt lat="50.7087188" lon="-2.9825925">
        <ele>76</ele>
        <time>2023-08-22T13:30:14.000Z</time>
        <speed>0.858</speed>
      </trkpt>
      <trkpt lat="50.7087339" lon="-2.9825474">
        <ele>75</ele>
        <time>2023-08-22T13:30:19.000Z</time>
        <speed>0.869</speed>
      </trkpt>
      <trkpt lat="50.7087670" lon="-2.9825068">
        <ele>75</ele>
        <time>2023-08-22T13:30:24.000Z</time>
        <speed>0.886</speed>
      </trkpt>
      <trkpt lat="50.7087913" lon="-2.9824858">
        <ele>75</ele>
        <time>2023-08-22T13:30:29.000Z</time>
        <speed>0.892</speed>
      </trkpt>
      <trkpt lat="50.7088230" lon="-2.9824774">
        <ele>75</ele>
        <time>2023-08-22T13:30:34.000Z</time>
        <speed>0.892</speed>
      </trkpt>
      <trkpt lat="50.7088707" lon="-2.9824750">
        <ele>75</ele>
        <time>2023-08-22T13:30:39.000Z</time>
        <speed>0.889</speed>
      </trkpt>
      <trkpt lat="50.7089207" lon="-2.9824461">
        <ele>75</ele>
        <time>2023-08-22T13:30:44.000Z</time>
        <speed>0.864</speed>
      </trkpt>
      <trkpt lat="50.7089547" lon="-2.9824150">
        <ele>76</ele>
        <time>2023-08-22T13:30:49.000Z</time>
        <speed>0.856</speed>
      </trkpt>
      <trkpt lat="50.7089979" lon="-2.9823873">
        <ele>76</ele>
        <time>2023-08-22T13:30:54.000Z</time>
        <speed>0.803</speed>
      </trkpt>
      <trkpt lat="50.7090289" lon="-2.9823593">
        <ele>76</ele>
        <time>2023-08-22T13:30:59.000Z</time>
        <speed>0.781</speed>
      </trkpt>
      <trkpt lat="50.7090498" lon="-2.9823133">
        <ele>76</ele>
        <time>2023-08-22T13:31:04.000Z</time>
        <speed>0.711</speed>
      </trkpt>
      <trkpt lat="50.7090762" lon="-2.9822731">
        <ele>77</ele>
        <time>2023-08-22T13:31:09.000Z</time>
        <speed>0.694</speed>
      </trkpt>
      <trkpt lat="50.7091074" lon="-2.9822343">
        <ele>76</ele>
        <time>2023-08-22T13:31:14.000Z</time>
        <speed>0.731</speed>
      </trkpt>
      <trkpt lat="50.7091387" lon="-2.9822091">
        <ele>76</ele>
        <time>2023-08-22T13:31:19.000Z</time>
        <speed>0.786</speed>
      </trkpt>
      <trkpt lat="50.7091604" lon="-2.9822247">
        <ele>75</ele>
        <time>2023-08-22T13:31:24.000Z</time>
        <speed>1.150</speed>
      </trkpt>
      <trkpt lat="50.7091835" lon="-2.9822376">
        <ele>75</ele>
        <time>2023-08-22T13:31:29.000Z</time>
        <speed>1.375</speed>
      </trkpt>
      <trkpt lat="50.7092250" lon="-2.9822270">
        <ele>75</ele>
        <time>2023-08-22T13:31:34.000Z</time>
        <speed>1.175</speed>
      </trkpt>
      <trkpt lat="50.7092698" lon="-2.9821957">
        <ele>74</ele>
        <time>2023-08-22T13:31:39.000Z</time>
        <speed>0.981</speed>
      </trkpt>
      <trkpt lat="50.7092892" lon="-2.9821762">
        <ele>74</ele>
        <time>2023-08-22T13:31:44.000Z</time>
        <speed>0.858</speed>
      </trkpt>
      <trkpt lat="50.7093103" lon="-2.9821399">
        <ele>73</ele>
        <time>2023-08-22T13:31:49.000Z</time>
        <speed>0.825</speed>
      </trkpt>
      <trkpt lat="50.7093400" lon="-2.9821068">
        <ele>73</ele>
        <time>2023-08-22T13:31:54.000Z</time>
        <speed>0.778</speed>
      </trkpt>
      <trkpt lat="50.7093813" lon="-2.9820798">
        <ele>73</ele>
        <time>2023-08-22T13:31:59.000Z</time>
        <speed>0.767</speed>
      </trkpt>
      <trkpt lat="50.7094217" lon="-2.9820528">
        <ele>73</ele>
        <time>2023-08-22T13:32:04.000Z</time>
        <speed>0.817</speed>
      </trkpt>
      <trkpt lat="50.7094555" lon="-2.9820144">
        <ele>72</ele>
        <time>2023-08-22T13:32:55.000Z</time>
        <speed>0.000</speed>
      </trkpt>
      <trkpt lat="50.7094971" lon="-2.9819514">
        <ele>72</ele>
        <time>2023-08-22T13:33:00.000Z</time>
        <speed>1.697</speed>
      </trkpt>
      <trkpt lat="50.7095584" lon="-2.9819040">
        <ele>72</ele>
        <time>2023-08-22T13:33:05.000Z</time>
        <speed>1.614</speed>
      </trkpt>
      <trkpt lat="50.7096034" lon="-2.9818696">
        <ele>72</ele>
        <time>2023-08-22T13:33:10.000Z</time>
        <speed>1.228</speed>
      </trkpt>
      <trkpt lat="50.7096477" lon="-2.9818089">
        <ele>72</ele>
        <time>2023-08-22T13:33:15.000Z</time>
        <speed>1.075</speed>
      </trkpt>
      <trkpt lat="50.7096941" lon="-2.9817365">
        <ele>72</ele>
        <time>2023-08-22T13:33:20.000Z</time>
        <speed>1.067</speed>
      </trkpt>
      <trkpt lat="50.7096880" lon="-2.9816338">
        <ele>71</ele>
        <time>2023-08-22T13:33:25.000Z</time>
        <speed>1.061</speed>
      </trkpt>
      <trkpt lat="50.7096734" lon="-2.9815344">
        <ele>71</ele>
        <time>2023-08-22T13:33:30.000Z</time>
        <speed>1.372</speed>
      </trkpt>
      <trkpt lat="50.7096863" lon="-2.9814604">
        <ele>71</ele>
        <time>2023-08-22T13:33:35.000Z</time>
        <speed>1.456</speed>
      </trkpt>
      <trkpt lat="50.7097161" lon="-2.9814280">
        <ele>71</ele>
        <time>2023-08-22T13:33:40.000Z</time>
        <speed>1.464</speed>
      </trkpt>
      <trkpt lat="50.7097571" lon="-2.9813956">
        <ele>71</ele>
        <time>2023-08-22T13:33:45.000Z</time>
        <speed>1.444</speed>
      </trkpt>
      <trkpt lat="50.7097943" lon="-2.9813440">
        <ele>70</ele>
        <time>2023-08-22T13:33:50.000Z</time>
        <speed>1.358</speed>
      </trkpt>
      <trkpt lat="50.7098414" lon="-2.9812770">
        <ele>69</ele>
        <time>2023-08-22T13:33:55.000Z</time>
        <speed>1.267</speed>
      </trkpt>
      <trkpt lat="50.7098746" lon="-2.9812105">
        <ele>69</ele>
        <time>2023-08-22T13:34:00.000Z</time>
        <speed>1.217</speed>
      </trkpt>
      <trkpt lat="50.7098980" lon="-2.9811669">
        <ele>69</ele>
        <time>2023-08-22T13:34:05.000Z</time>
        <speed>1.164</speed>
      </trkpt>
      <trkpt lat="50.7099142" lon="-2.9810954">
        <ele>69</ele>
        <time>2023-08-22T13:34:10.000Z</time>
        <speed>1.114</speed>
      </trkpt>
      <trkpt lat="50.7099305" lon="-2.9810095">
        <ele>68</ele>
        <time>2023-08-22T13:34:15.000Z</time>
        <speed>1.089</speed>
      </trkpt>
      <trkpt lat="50.7099232" lon="-2.9809304">
        <ele>68</ele>
        <time>2023-08-22T13:34:20.000Z</time>
        <speed>1.094</speed>
      </trkpt>
      <trkpt lat="50.7098978" lon="-2.9808719">
        <ele>68</ele>
        <time>2023-08-22T13:34:25.000Z</time>
        <speed>1.111</speed>
      </trkpt>
      <trkpt lat="50.7098751" lon="-2.9808148">
        <ele>67</ele>
        <time>2023-08-22T13:34:30.000Z</time>
        <speed>1.103</speed>
      </trkpt>
      <trkpt lat="50.7098561" lon="-2.9807615">
        <ele>67</ele>
        <time>2023-08-22T13:34:35.000Z</time>
        <speed>1.097</speed>
      </trkpt>
      <trkpt lat="50.7098383" lon="-2.9806913">
        <ele>66</ele>
        <time>2023-08-22T13:34:40.000Z</time>
        <speed>1.081</speed>
      </trkpt>
      <trkpt lat="50.7098339" lon="-2.9806173">
        <ele>66</ele>
        <time>2023-08-22T13:34:45.000Z</time>
        <speed>1.050</speed>
      </trkpt>
      <trkpt lat="50.7098506" lon="-2.9805697">
        <ele>66</ele>
        <time>2023-08-22T13:34:50.000Z</time>
        <speed>1.019</speed>
      </trkpt>
      <trkpt lat="50.7098855" lon="-2.9805381">
        <ele>65</ele>
        <time>2023-08-22T13:34:55.000Z</time>
        <speed>0.997</speed>
      </trkpt>
      <trkpt lat="50.7099053" lon="-2.9805059">
        <ele>65</ele>
        <time>2023-08-22T13:35:00.000Z</time>
        <speed>0.975</speed>
      </trkpt>
      <trkpt lat="50.7098967" lon="-2.9804396">
        <ele>65</ele>
        <time>2023-08-22T13:35:05.000Z</time>
        <speed>0.950</speed>
      </trkpt>
      <trkpt lat="50.7099018" lon="-2.9803673">
        <ele>65</ele>
        <time>2023-08-22T13:35:10.000Z</time>
        <speed>0.939</speed>
      </trkpt>
      <trkpt lat="50.7099201" lon="-2.9802847">
        <ele>65</ele>
        <time>2023-08-22T13:35:15.000Z</time>
        <speed>0.936</speed>
      </trkpt>
      <trkpt lat="50.7099205" lon="-2.9801875">
        <ele>64</ele>
        <time>2023-08-22T13:35:20.000Z</time>
        <speed>0.958</speed>
      </trkpt>
      <trkpt lat="50.7099368" lon="-2.9801113">
        <ele>64</ele>
        <time>2023-08-22T13:35:25.000Z</time>
        <speed>0.992</speed>
      </trkpt>
      <trkpt lat="50.7099495" lon="-2.9800372">
        <ele>64</ele>
        <time>2023-08-22T13:35:30.000Z</time>
        <speed>1.025</speed>
      </trkpt>
      <trkpt lat="50.7099689" lon="-2.9799663">
        <ele>64</ele>
        <time>2023-08-22T13:35:35.000Z</time>
        <speed>1.042</speed>
      </trkpt>
      <trkpt lat="50.7099940" lon="-2.9799181">
        <ele>64</ele>
        <time>2023-08-22T13:35:40.000Z</time>
        <speed>1.039</speed>
      </trkpt>
      <trkpt lat="50.7100197" lon="-2.9799451">
        <ele>64</ele>
        <time>2023-08-22T13:36:07.000Z</time>
        <speed>0.000</speed>
      </trkpt>
      <trkpt lat="50.7100216" lon="-2.9799253">
        <ele>64</ele>
        <time>2023-08-22T13:36:12.000Z</time>
        <speed>0.617</speed>
      </trkpt>
      <trkpt lat="50.7100229" lon="-2.9798449">
        <ele>64</ele>
        <time>2023-08-22T13:36:17.000Z</time>
        <speed>1.247</speed>
      </trkpt>
      <trkpt lat="50.7100257" lon="-2.9797501">
        <ele>64</ele>
        <time>2023-08-22T13:36:22.000Z</time>
        <speed>1.244</speed>
      </trkpt>
      <trkpt lat="50.7100316" lon="-2.9796482">
        <ele>64</ele>
        <time>2023-08-22T13:36:27.000Z</time>
        <speed>1.244</speed>
      </trkpt>
      <trkpt lat="50.7100362" lon="-2.9795529">
        <ele>64</ele>
        <time>2023-08-22T13:36:32.000Z</time>
        <speed>1.217</speed>
      </trkpt>
      <trkpt lat="50.7100369" lon="-2.9794639">
        <ele>63</ele>
        <time>2023-08-22T13:36:37.000Z</time>
        <speed>1.208</speed>
      </trkpt>
      <trkpt lat="50.7100361" lon="-2.9793877">
        <ele>63</ele>
        <time>2023-08-22T13:36:42.000Z</time>
        <speed>1.186</speed>
      </trkpt>
      <trkpt lat="50.7100264" lon="-2.9793103">
        <ele>63</ele>
        <time>2023-08-22T13:36:47.000Z</time>
        <speed>1.167</speed>
      </trkpt>
      <trkpt lat="50.7100070" lon="-2.9792121">
        <ele>63</ele>
        <time>2023-08-22T13:36:52.000Z</time>
        <speed>1.150</speed>
      </trkpt>
      <trkpt lat="50.7099910" lon="-2.9791275">
        <ele>62</ele>
        <time>2023-08-22T13:36:57.000Z</time>
        <speed>1.153</speed>
      </trkpt>
      <trkpt lat="50.7099934" lon="-2.9790442">
        <ele>62</ele>
        <time>2023-08-22T13:37:02.000Z</time>
        <speed>1.181</speed>
      </trkpt>
      <trkpt lat="50.7100005" lon="-2.9789589">
        <ele>61</ele>
        <time>2023-08-22T13:37:07.000Z</time>
        <speed>1.211</speed>
      </trkpt>
      <trkpt lat="50.7100097" lon="-2.9788532">
        <ele>61</ele>
        <time>2023-08-22T13:37:12.000Z</time>
        <speed>1.214</speed>
      </trkpt>
      <trkpt lat="50.7100246" lon="-2.9787436">
        <ele>61</ele>
        <time>2023-08-22T13:37:17.000Z</time>
        <speed>1.211</speed>
      </trkpt>
      <trkpt lat="50.7100181" lon="-2.9786444">
        <ele>61</ele>
        <time>2023-08-22T13:37:22.000Z</time>
        <speed>1.222</speed>
      </trkpt>
      <trkpt lat="50.7100060" lon="-2.9786039">
        <ele>61</ele>
        <time>2023-08-22T13:37:27.000Z</time>
        <speed>1.253</speed>
      </trkpt>
      <trkpt lat="50.7099852" lon="-2.9785610">
        <ele>61</ele>
        <time>2023-08-22T13:37:32.000Z</time>
        <speed>1.239</speed>
      </trkpt>
      <trkpt lat="50.7099670" lon="-2.9784826">
        <ele>61</ele>
        <time>2023-08-22T13:37:37.000Z</time>
        <speed>1.208</speed>
      </trkpt>
      <trkpt lat="50.7099609" lon="-2.9783759">
        <ele>61</ele>
        <time>2023-08-22T13:37:42.000Z</time>
        <speed>1.217</speed>
      </trkpt>
      <trkpt lat="50.7099469" lon="-2.9782819">
        <ele>60</ele>
        <time>2023-08-22T13:37:47.000Z</time>
        <speed>1.286</speed>
      </trkpt>
      <trkpt lat="50.7099238" lon="-2.9782114">
        <ele>59</ele>
        <time>2023-08-22T13:37:52.000Z</time>
        <speed>1.333</speed>
      </trkpt>
      <trkpt lat="50.7098867" lon="-2.9781435">
        <ele>58</ele>
        <time>2023-08-22T13:37:57.000Z</time>
        <speed>1.347</speed>
      </trkpt>
      <trkpt lat="50.7098477" lon="-2.9780745">
        <ele>57</ele>
        <time>2023-08-22T13:38:02.000Z</time>
        <speed>1.347</speed>
      </trkpt>
      <trkpt lat="50.7098154" lon="-2.9780067">
        <ele>57</ele>
        <time>2023-08-22T13:38:07.000Z</time>
        <speed>1.339</speed>
      </trkpt>
      <trkpt lat="50.7098026" lon="-2.9779231">
        <ele>56</ele>
        <time>2023-08-22T13:38:12.000Z</time>
        <speed>1.308</speed>
      </trkpt>
      <trkpt lat="50.7097919" lon="-2.9778382">
        <ele>56</ele>
        <time>2023-08-22T13:38:17.000Z</time>
        <speed>1.278</speed>
      </trkpt>
      <trkpt lat="50.7097767" lon="-2.9777549">
        <ele>56</ele>
        <time>2023-08-22T13:38:22.000Z</time>
        <speed>1.258</speed>
      </trkpt>
      <trkpt lat="50.7097653" lon="-2.9776787">
        <ele>55</ele>
        <time>2023-08-22T13:38:27.000Z</time>
        <speed>1.253</speed>
      </trkpt>
      <trkpt lat="50.7097555" lon="-2.9775971">
        <ele>55</ele>
        <time>2023-08-22T13:38:32.000Z</time>
        <speed>1.272</speed>
      </trkpt>
      <trkpt lat="50.7097466" lon="-2.9775121">
        <ele>54</ele>
        <time>2023-08-22T13:38:37.000Z</time>
        <speed>1.322</speed>
      </trkpt>
      <trkpt lat="50.7097373" lon="-2.9774413">
        <ele>54</ele>
        <time>2023-08-22T13:38:42.000Z</time>
        <speed>1.364</speed>
      </trkpt>
      <trkpt lat="50.7097218" lon="-2.9773524">
        <ele>53</ele>
        <time>2023-08-22T13:38:47.000Z</time>
        <speed>1.358</speed>
      </trkpt>
      <trkpt lat="50.7096921" lon="-2.9772404">
        <ele>52</ele>
        <time>2023-08-22T13:38:52.000Z</time>
        <speed>1.331</speed>
      </trkpt>
      <trkpt lat="50.7096498" lon="-2.9770953">
        <ele>51</ele>
        <time>2023-08-22T13:38:57.000Z</time>
        <speed>1.336</speed>
      </trkpt>
      <trkpt lat="50.7096186" lon="-2.9769990">
        <ele>50</ele>
        <time>2023-08-22T13:39:02.000Z</time>
        <speed>1.367</speed>
      </trkpt>
      <trkpt lat="50.7096172" lon="-2.9769290">
        <ele>49</ele>
        <time>2023-08-22T13:39:07.000Z</time>
        <speed>1.361</speed>
      </trkpt>
      <trkpt lat="50.7096175" lon="-2.9768520">
        <ele>49</ele>
        <time>2023-08-22T13:39:12.000Z</time>
        <speed>1.328</speed>
      </trkpt>
      <trkpt lat="50.7096167" lon="-2.9767949">
        <ele>48</ele>
        <time>2023-08-22T13:39:17.000Z</time>
        <speed>1.311</speed>
      </trkpt>
      <trkpt lat="50.7096120" lon="-2.9767396">
        <ele>47</ele>
        <time>2023-08-22T13:39:22.000Z</time>
        <speed>1.317</speed>
      </trkpt>
      <trkpt lat="50.7096110" lon="-2.9766356">
        <ele>46</ele>
        <time>2023-08-22T13:39:27.000Z</time>
        <speed>1.317</speed>
      </trkpt>
      <trkpt lat="50.7096065" lon="-2.9765266">
        <ele>45</ele>
        <time>2023-08-22T13:39:32.000Z</time>
        <speed>1.314</speed>
      </trkpt>
      <trkpt lat="50.7095937" lon="-2.9763910">
        <ele>44</ele>
        <time>2023-08-22T13:39:37.000Z</time>
        <speed>1.342</speed>
      </trkpt>
      <trkpt lat="50.7095894" lon="-2.9762917">
        <ele>43</ele>
        <time>2023-08-22T13:39:42.000Z</time>
        <speed>1.378</speed>
      </trkpt>
      <trkpt lat="50.7096166" lon="-2.9762304">
        <ele>42</ele>
        <time>2023-08-22T13:39:47.000Z</time>
        <speed>1.403</speed>
      </trkpt>
      <trkpt lat="50.7096374" lon="-2.9761572">
        <ele>41</ele>
        <time>2023-08-22T13:39:52.000Z</time>
        <speed>1.403</speed>
      </trkpt>
      <trkpt lat="50.7096353" lon="-2.9760775">
        <ele>40</ele>
        <time>2023-08-22T13:39:57.000Z</time>
        <speed>1.367</speed>
      </trkpt>
      <trkpt lat="50.7096180" lon="-2.9759876">
        <ele>40</ele>
        <time>2023-08-22T13:40:02.000Z</time>
        <speed>1.314</speed>
      </trkpt>
      <trkpt lat="50.7096122" lon="-2.9758891">
        <ele>39</ele>
        <time>2023-08-22T13:40:07.000Z</time>
        <speed>1.292</speed>
      </trkpt>
      <trkpt lat="50.7095932" lon="-2.9757901">
        <ele>38</ele>
        <time>2023-08-22T13:40:12.000Z</time>
        <speed>1.297</speed>
      </trkpt>
      <trkpt lat="50.7095581" lon="-2.9757202">
        <ele>38</ele>
        <time>2023-08-22T13:40:17.000Z</time>
        <speed>1.300</speed>
      </trkpt>
      <trkpt lat="50.7095066" lon="-2.9756460">
        <ele>37</ele>
        <time>2023-08-22T13:40:22.000Z</time>
        <speed>1.292</speed>
      </trkpt>
      <trkpt lat="50.7094742" lon="-2.9755967">
        <ele>36</ele>
        <time>2023-08-22T13:40:27.000Z</time>
        <speed>1.269</speed>
      </trkpt>
      <trkpt lat="50.7094607" lon="-2.9755734">
        <ele>35</ele>
        <time>2023-08-22T13:40:32.000Z</time>
        <speed>1.239</speed>
      </trkpt>
      <trkpt lat="50.7094165" lon="-2.9755389">
        <ele>34</ele>
        <time>2023-08-22T13:40:37.000Z</time>
        <speed>1.192</speed>
      </trkpt>
      <trkpt lat="50.7093685" lon="-2.9754938">
        <ele>33</ele>
        <time>2023-08-22T13:40:42.000Z</time>
        <speed>1.164</speed>
      </trkpt>
      <trkpt lat="50.7093208" lon="-2.9754222">
        <ele>32</ele>
        <time>2023-08-22T13:40:47.000Z</time>
        <speed>1.164</speed>
      </trkpt>
      <trkpt lat="50.7092668" lon="-2.9753372">
        <ele>31</ele>
        <time>2023-08-22T13:40:52.000Z</time>
        <speed>1.203</speed>
      </trkpt>
      <trkpt lat="50.7092513" lon="-2.9752648">
        <ele>30</ele>
        <time>2023-08-22T13:40:57.000Z</time>
        <speed>1.242</speed>
      </trkpt>
      <trkpt lat="50.7092636" lon="-2.9752070">
        <ele>29</ele>
        <time>2023-08-22T13:41:02.000Z</time>
        <speed>1.283</speed>
      </trkpt>
      <trkpt lat="50.7092839" lon="-2.9751570">
        <ele>29</ele>
        <time>2023-08-22T13:41:07.000Z</time>
        <speed>1.256</speed>
      </trkpt>
      <trkpt lat="50.7093099" lon="-2.9750938">
        <ele>28</ele>
        <time>2023-08-22T13:41:12.000Z</time>
        <speed>1.200</speed>
      </trkpt>
      <trkpt lat="50.7093368" lon="-2.9750274">
        <ele>28</ele>
        <time>2023-08-22T13:41:17.000Z</time>
        <speed>1.147</speed>
      </trkpt>
      <trkpt lat="50.7093673" lon="-2.9749658">
        <ele>27</ele>
        <time>2023-08-22T13:41:22.000Z</time>
        <speed>1.128</speed>
      </trkpt>
      <trkpt lat="50.7093935" lon="-2.9749026">
        <ele>27</ele>
        <time>2023-08-22T13:41:27.000Z</time>
        <speed>1.117</speed>
      </trkpt>
      <trkpt lat="50.7094255" lon="-2.9748321">
        <ele>27</ele>
        <time>2023-08-22T13:41:32.000Z</time>
        <speed>1.103</speed>
      </trkpt>
      <trkpt lat="50.7094631" lon="-2.9747703">
        <ele>27</ele>
        <time>2023-08-22T13:41:37.000Z</time>
        <speed>1.086</speed>
      </trkpt>
      <trkpt lat="50.7094949" lon="-2.9747034">
        <ele>27</ele>
        <time>2023-08-22T13:41:42.000Z</time>
        <speed>1.064</speed>
      </trkpt>
      <trkpt lat="50.7095325" lon="-2.9746452">
        <ele>27</ele>
        <time>2023-08-22T13:41:47.000Z</time>
        <speed>1.039</speed>
      </trkpt>
      <trkpt lat="50.7095601" lon="-2.9745918">
        <ele>28</ele>
        <time>2023-08-22T13:41:52.000Z</time>
        <speed>1.008</speed>
      </trkpt>
      <trkpt lat="50.7095851" lon="-2.9745480">
        <ele>28</ele>
        <time>2023-08-22T13:41:57.000Z</time>
        <speed>0.978</speed>
      </trkpt>
      <trkpt lat="50.7096099" lon="-2.9744951">
        <ele>28</ele>
        <time>2023-08-22T13:42:02.000Z</time>
        <speed>0.953</speed>
      </trkpt>
      <trkpt lat="50.7096334" lon="-2.9744438">
        <ele>29</ele>
        <time>2023-08-22T13:42:07.000Z</time>
        <speed>0.925</speed>
      </trkpt>
      <trkpt lat="50.7096641" lon="-2.9743877">
        <ele>30</ele>
        <time>2023-08-22T13:42:12.000Z</time>
        <speed>0.892</speed>
      </trkpt>
      <trkpt lat="50.7096945" lon="-2.9743442">
        <ele>30</ele>
        <time>2023-08-22T13:42:17.000Z</time>
        <speed>0.864</speed>
      </trkpt>
      <trkpt lat="50.7097203" lon="-2.9742920">
        <ele>31</ele>
        <time>2023-08-22T13:42:22.000Z</time>
        <speed>0.839</speed>
      </trkpt>
      <trkpt lat="50.7097439" lon="-2.9742406">
        <ele>32</ele>
        <time>2023-08-22T13:42:27.000Z</time>
        <speed>0.822</speed>
      </trkpt>
      <trkpt lat="50.7097722" lon="-2.9741551">
        <ele>33</ele>
        <time>2023-08-22T13:42:32.000Z</time>
        <speed>0.822</speed>
      </trkpt>
      <trkpt lat="50.7098106" lon="-2.9740710">
        <ele>33</ele>
        <time>2023-08-22T13:42:37.000Z</time>
        <speed>0.850</speed>
      </trkpt>
      <trkpt lat="50.7098492" lon="-2.9740074">
        <ele>34</ele>
        <time>2023-08-22T13:42:42.000Z</time>
        <speed>0.889</speed>
      </trkpt>
      <trkpt lat="50.7098824" lon="-2.9739417">
        <ele>35</ele>
        <time>2023-08-22T13:42:47.000Z</time>
        <speed>0.933</speed>
      </trkpt>
      <trkpt lat="50.7099068" lon="-2.9738790">
        <ele>36</ele>
        <time>2023-08-22T13:42:52.000Z</time>
        <speed>0.958</speed>
      </trkpt>
      <trkpt lat="50.7099313" lon="-2.9738212">
        <ele>37</ele>
        <time>2023-08-22T13:42:57.000Z</time>
        <speed>0.969</speed>
      </trkpt>
      <trkpt lat="50.7099596" lon="-2.9737606">
        <ele>37</ele>
        <time>2023-08-22T13:43:02.000Z</time>
        <speed>0.975</speed>
      </trkpt>
      <trkpt lat="50.7099838" lon="-2.9737234">
        <ele>37</ele>
        <time>2023-08-22T13:43:07.000Z</time>
        <speed>0.969</speed>
      </trkpt>
      <trkpt lat="50.7100044" lon="-2.9736931">
        <ele>39</ele>
        <time>2023-08-22T13:43:12.000Z</time>
        <speed>0.944</speed>
      </trkpt>
      <trkpt lat="50.7100217" lon="-2.9736588">
        <ele>40</ele>
        <time>2023-08-22T13:43:17.000Z</time>
        <speed>1.336</speed>
      </trkpt>
      <trkpt lat="50.7100454" lon="-2.9736169">
        <ele>42</ele>
        <time>2023-08-22T13:43:22.000Z</time>
        <speed>1.414</speed>
      </trkpt>
      <trkpt lat="50.7100659" lon="-2.9735798">
        <ele>43</ele>
        <time>2023-08-22T13:43:27.000Z</time>
        <speed>1.592</speed>
      </trkpt>
      <trkpt lat="50.7100957" lon="-2.9735384">
        <ele>43</ele>
        <time>2023-08-22T13:43:32.000Z</time>
        <speed>1.611</speed>
      </trkpt>
      <trkpt lat="50.7101159" lon="-2.9734838">
        <ele>44</ele>
        <time>2023-08-22T13:43:37.000Z</time>
        <speed>1.592</speed>
      </trkpt>
      <trkpt lat="50.7101201" lon="-2.9734266">
        <ele>45</ele>
        <time>2023-08-22T13:43:42.000Z</time>
        <speed>1.536</speed>
      </trkpt>
      <trkpt lat="50.7101294" lon="-2.9733782">
        <ele>46</ele>
        <time>2023-08-22T13:43:47.000Z</time>
        <speed>1.319</speed>
      </trkpt>
      <trkpt lat="50.7101494" lon="-2.9733372">
        <ele>47</ele>
        <time>2023-08-22T13:43:52.000Z</time>
        <speed>1.247</speed>
      </trkpt>
      <trkpt lat="50.7101747" lon="-2.9732896">
        <ele>47</ele>
        <time>2023-08-22T13:43:57.000Z</time>
        <speed>1.100</speed>
      </trkpt>
      <trkpt lat="50.7102056" lon="-2.9732322">
        <ele>48</ele>
        <time>2023-08-22T13:44:02.000Z</time>
        <speed>1.081</speed>
      </trkpt>
      <trkpt lat="50.7102363" lon="-2.9731803">
        <ele>49</ele>
        <time>2023-08-22T13:44:07.000Z</time>
        <speed>0.983</speed>
      </trkpt>
      <trkpt lat="50.7102719" lon="-2.9731328">
        <ele>50</ele>
        <time>2023-08-22T13:44:12.000Z</time>
        <speed>0.939</speed>
      </trkpt>
      <trkpt lat="50.7103153" lon="-2.9730928">
        <ele>50</ele>
        <time>2023-08-22T13:44:17.000Z</time>
        <speed>0.825</speed>
      </trkpt>
      <trkpt lat="50.7103503" lon="-2.9730512">
        <ele>51</ele>
        <time>2023-08-22T13:44:22.000Z</time>
        <speed>0.772</speed>
      </trkpt>
      <trkpt lat="50.7103617" lon="-2.9730334">
        <ele>52</ele>
        <time>2023-08-22T13:44:27.000Z</time>
        <speed>0.650</speed>
      </trkpt>
      <trkpt lat="50.7103877" lon="-2.9730006">
        <ele>52</ele>
        <time>2023-08-22T13:44:32.000Z</time>
        <speed>0.631</speed>
      </trkpt>
      <trkpt lat="50.7104221" lon="-2.9729761">
        <ele>53</ele>
        <time>2023-08-22T13:44:37.000Z</time>
        <speed>0.594</speed>
      </trkpt>
      <trkpt lat="50.7104618" lon="-2.9729396">
        <ele>54</ele>
        <time>2023-08-22T13:44:42.000Z</time>
        <speed>0.603</speed>
      </trkpt>
      <trkpt lat="50.7105004" lon="-2.9728769">
        <ele>55</ele>
        <time>2023-08-22T13:44:47.000Z</time>
        <speed>0.675</speed>
      </trkpt>
      <trkpt lat="50.7105255" lon="-2.9727984">
        <ele>56</ele>
        <time>2023-08-22T13:44:52.000Z</time>
        <speed>0.722</speed>
      </trkpt>
      <trkpt lat="50.7105376" lon="-2.9727111">
        <ele>56</ele>
        <time>2023-08-22T13:44:57.000Z</time>
        <speed>0.878</speed>
      </trkpt>
      <trkpt lat="50.7105506" lon="-2.9726262">
        <ele>57</ele>
        <time>2023-08-22T13:45:02.000Z</time>
        <speed>0.914</speed>
      </trkpt>
      <trkpt lat="50.7105655" lon="-2.9725656">
        <ele>57</ele>
        <time>2023-08-22T13:45:07.000Z</time>
        <speed>0.967</speed>
      </trkpt>
      <trkpt lat="50.7105863" lon="-2.9725203">
        <ele>57</ele>
        <time>2023-08-22T13:45:12.000Z</time>
        <speed>0.961</speed>
      </trkpt>
      <trkpt lat="50.7106118" lon="-2.9724586">
        <ele>57</ele>
        <time>2023-08-22T13:45:17.000Z</time>
        <speed>0.953</speed>
      </trkpt>
      <trkpt lat="50.7106409" lon="-2.9723745">
        <ele>57</ele>
        <time>2023-08-22T13:45:22.000Z</time>
        <speed>0.961</speed>
      </trkpt>
      <trkpt lat="50.7106748" lon="-2.9722799">
        <ele>57</ele>
        <time>2023-08-22T13:45:27.000Z</time>
        <speed>1.003</speed>
      </trkpt>
      <trkpt lat="50.7106985" lon="-2.9721779">
        <ele>58</ele>
        <time>2023-08-22T13:45:32.000Z</time>
        <speed>1.017</speed>
      </trkpt>
      <trkpt lat="50.7107089" lon="-2.9720805">
        <ele>59</ele>
        <time>2023-08-22T13:45:37.000Z</time>
        <speed>1.033</speed>
      </trkpt>
      <trkpt lat="50.7107218" lon="-2.9719712">
        <ele>59</ele>
        <time>2023-08-22T13:45:42.000Z</time>
        <speed>1.061</speed>
      </trkpt>
      <trkpt lat="50.7107396" lon="-2.9718785">
        <ele>60</ele>
        <time>2023-08-22T13:45:47.000Z</time>
        <speed>1.081</speed>
      </trkpt>
      <trkpt lat="50.7107747" lon="-2.9718142">
        <ele>60</ele>
        <time>2023-08-22T13:45:52.000Z</time>
        <speed>1.108</speed>
      </trkpt>
      <trkpt lat="50.7108139" lon="-2.9717632">
        <ele>60</ele>
        <time>2023-08-22T13:45:57.000Z</time>
        <speed>1.147</speed>
      </trkpt>
      <trkpt lat="50.7108453" lon="-2.9717142">
        <ele>61</ele>
        <time>2023-08-22T13:46:02.000Z</time>
        <speed>1.178</speed>
      </trkpt>
      <trkpt lat="50.7108815" lon="-2.9716765">
        <ele>61</ele>
        <time>2023-08-22T13:46:07.000Z</time>
        <speed>1.158</speed>
      </trkpt>
      <trkpt lat="50.7109217" lon="-2.9716558">
        <ele>61</ele>
        <time>2023-08-22T13:46:12.000Z</time>
        <speed>1.097</speed>
      </trkpt>
      <trkpt lat="50.7109635" lon="-2.9716500">
        <ele>62</ele>
        <time>2023-08-22T13:46:17.000Z</time>
        <speed>1.036</speed>
      </trkpt>
      <trkpt lat="50.7110063" lon="-2.9716487">
        <ele>63</ele>
        <time>2023-08-22T13:46:22.000Z</time>
        <speed>0.983</speed>
      </trkpt>
      <trkpt lat="50.7110299" lon="-2.9716381">
        <ele>63</ele>
        <time>2023-08-22T13:46:27.000Z</time>
        <speed>0.933</speed>
      </trkpt>
      <trkpt lat="50.7110633" lon="-2.9716186">
        <ele>64</ele>
        <time>2023-08-22T13:46:32.000Z</time>
        <speed>0.897</speed>
      </trkpt>
      <trkpt lat="50.7111033" lon="-2.9715920">
        <ele>66</ele>
        <time>2023-08-22T13:46:37.000Z</time>
        <speed>0.883</speed>
      </trkpt>
      <trkpt lat="50.7111517" lon="-2.9715405">
        <ele>67</ele>
        <time>2023-08-22T13:46:42.000Z</time>
        <speed>0.897</speed>
      </trkpt>
      <trkpt lat="50.7112009" lon="-2.9714455">
        <ele>67</ele>
        <time>2023-08-22T13:46:47.000Z</time>
        <speed>0.969</speed>
      </trkpt>
      <trkpt lat="50.7112421" lon="-2.9713475">
        <ele>68</ele>
        <time>2023-08-22T13:46:52.000Z</time>
        <speed>1.067</speed>
      </trkpt>
      <trkpt lat="50.7112739" lon="-2.9712618">
        <ele>68</ele>
        <time>2023-08-22T13:46:57.000Z</time>
        <speed>1.139</speed>
      </trkpt>
      <trkpt lat="50.7113045" lon="-2.9711880">
        <ele>68</ele>
        <time>2023-08-22T13:47:02.000Z</time>
        <speed>1.183</speed>
      </trkpt>
      <trkpt lat="50.7113455" lon="-2.9711232">
        <ele>69</ele>
        <time>2023-08-22T13:47:07.000Z</time>
        <speed>1.211</speed>
      </trkpt>
      <trkpt lat="50.7113719" lon="-2.9710608">
        <ele>69</ele>
        <time>2023-08-22T13:47:12.000Z</time>
        <speed>1.222</speed>
      </trkpt>
      <trkpt lat="50.7114023" lon="-2.9710220">
        <ele>69</ele>
        <time>2023-08-22T13:47:17.000Z</time>
        <speed>1.203</speed>
      </trkpt>
      <trkpt lat="50.7114363" lon="-2.9709970">
        <ele>69</ele>
        <time>2023-08-22T13:47:22.000Z</time>
        <speed>1.167</speed>
      </trkpt>
      <trkpt lat="50.7114491" lon="-2.9709840">
        <ele>70</ele>
        <time>2023-08-22T13:47:27.000Z</time>
        <speed>1.136</speed>
      </trkpt>
      <trkpt lat="50.7115100" lon="-2.9709413">
        <ele>72</ele>
        <time>2023-08-22T13:50:34.000Z</time>
        <speed>0.000</speed>
      </trkpt>
      <trkpt lat="50.7115505" lon="-2.9709120">
        <ele>72</ele>
        <time>2023-08-22T13:50:39.000Z</time>
        <speed>1.061</speed>
      </trkpt>
      <trkpt lat="50.7115875" lon="-2.9708761">
        <ele>72</ele>
        <time>2023-08-22T13:50:44.000Z</time>
        <speed>1.067</speed>
      </trkpt>
      <trkpt lat="50.7116298" lon="-2.9708407">
        <ele>72</ele>
        <time>2023-08-22T13:50:49.000Z</time>
        <speed>1.100</speed>
      </trkpt>
      <trkpt lat="50.7116751" lon="-2.9707829">
        <ele>72</ele>
        <time>2023-08-22T13:50:54.000Z</time>
        <speed>1.103</speed>
      </trkpt>
      <trkpt lat="50.7117050" lon="-2.9707235">
        <ele>72</ele>
        <time>2023-08-22T13:50:59.000Z</time>
        <speed>1.092</speed>
      </trkpt>
      <trkpt lat="50.7117533" lon="-2.9706640">
        <ele>72</ele>
        <time>2023-08-22T13:51:04.000Z</time>
        <speed>1.150</speed>
      </trkpt>
      <trkpt lat="50.7118042" lon="-2.9706217">
        <ele>72</ele>
        <time>2023-08-22T13:51:09.000Z</time>
        <speed>1.172</speed>
      </trkpt>
      <trkpt lat="50.7118444" lon="-2.9705653">
        <ele>72</ele>
        <time>2023-08-22T13:51:14.000Z</time>
        <speed>1.186</speed>
      </trkpt>
      <trkpt lat="50.7118864" lon="-2.9704842">
        <ele>72</ele>
        <time>2023-08-22T13:51:19.000Z</time>
        <speed>1.217</speed>
      </trkpt>
      <trkpt lat="50.7119306" lon="-2.9704076">
        <ele>71</ele>
        <time>2023-08-22T13:51:24.000Z</time>
        <speed>1.247</speed>
      </trkpt>
      <trkpt lat="50.7119827" lon="-2.9703488">
        <ele>71</ele>
        <time>2023-08-22T13:51:29.000Z</time>
        <speed>1.272</speed>
      </trkpt>
      <trkpt lat="50.7120324" lon="-2.9702946">
        <ele>71</ele>
        <time>2023-08-22T13:51:34.000Z</time>
        <speed>1.300</speed>
      </trkpt>
      <trkpt lat="50.7120697" lon="-2.9702293">
        <ele>70</ele>
        <time>2023-08-22T13:51:39.000Z</time>
        <speed>1.306</speed>
      </trkpt>
      <trkpt lat="50.7121225" lon="-2.9701660">
        <ele>70</ele>
        <time>2023-08-22T13:51:44.000Z</time>
        <speed>1.297</speed>
      </trkpt>
      <trkpt lat="50.7121670" lon="-2.9701127">
        <ele>69</ele>
        <time>2023-08-22T13:51:49.000Z</time>
        <speed>1.283</speed>
      </trkpt>
      <trkpt lat="50.7122110" lon="-2.9700551">
        <ele>69</ele>
        <time>2023-08-22T13:51:54.000Z</time>
        <speed>1.275</speed>
      </trkpt>
      <trkpt lat="50.7122405" lon="-2.9699774">
        <ele>69</ele>
        <time>2023-08-22T13:52:04.000Z</time>
        <speed>0.000</speed>
      </trkpt>
      <trkpt lat="50.7122818" lon="-2.9699224">
        <ele>69</ele>
        <time>2023-08-22T13:52:09.000Z</time>
        <speed>1.181</speed>
      </trkpt>
      <trkpt lat="50.7123325" lon="-2.9698742">
        <ele>69</ele>
        <time>2023-08-22T13:52:14.000Z</time>
        <speed>1.225</speed>
      </trkpt>
      <trkpt lat="50.7123878" lon="-2.9698452">
        <ele>69</ele>
        <time>2023-08-22T13:52:19.000Z</time>
        <speed>1.261</speed>
      </trkpt>
      <trkpt lat="50.7124458" lon="-2.9698250">
        <ele>69</ele>
        <time>2023-08-22T13:52:24.000Z</time>
        <speed>1.261</speed>
      </trkpt>
      <trkpt lat="50.7124960" lon="-2.9697904">
        <ele>69</ele>
        <time>2023-08-22T13:52:29.000Z</time>
        <speed>1.247</speed>
      </trkpt>
      <trkpt lat="50.7125390" lon="-2.9697645">
        <ele>68</ele>
        <time>2023-08-22T13:52:34.000Z</time>
        <speed>1.231</speed>
      </trkpt>
      <trkpt lat="50.7125802" lon="-2.9697372">
        <ele>68</ele>
        <time>2023-08-22T13:52:39.000Z</time>
        <speed>1.231</speed>
      </trkpt>
      <trkpt lat="50.7126330" lon="-2.9696818">
        <ele>68</ele>
        <time>2023-08-22T13:52:44.000Z</time>
        <speed>1.211</speed>
      </trkpt>
      <trkpt lat="50.7126876" lon="-2.9696044">
        <ele>67</ele>
        <time>2023-08-22T13:52:49.000Z</time>
        <speed>1.203</speed>
      </trkpt>
      <trkpt lat="50.7127269" lon="-2.9695446">
        <ele>67</ele>
        <time>2023-08-22T13:52:54.000Z</time>
        <speed>1.194</speed>
      </trkpt>
      <trkpt lat="50.7127668" lon="-2.9695034">
        <ele>67</ele>
        <time>2023-08-22T13:52:59.000Z</time>
        <speed>1.194</speed>
      </trkpt>
      <trkpt lat="50.7128177" lon="-2.9694671">
        <ele>67</ele>
        <time>2023-08-22T13:53:04.000Z</time>
        <speed>1.194</speed>
      </trkpt>
      <trkpt lat="50.7128806" lon="-2.9694469">
        <ele>67</ele>
        <time>2023-08-22T13:53:09.000Z</time>
        <speed>1.197</speed>
      </trkpt>
      <trkpt lat="50.7129409" lon="-2.9694096">
        <ele>67</ele>
        <time>2023-08-22T13:53:14.000Z</time>
        <speed>1.214</speed>
      </trkpt>
      <trkpt lat="50.7129971" lon="-2.9693827">
        <ele>67</ele>
        <time>2023-08-22T13:53:19.000Z</time>
        <speed>1.239</speed>
      </trkpt>
      <trkpt lat="50.7130530" lon="-2.9693469">
        <ele>67</ele>
        <time>2023-08-22T13:53:24.000Z</time>
        <speed>1.256</speed>
      </trkpt>
      <trkpt lat="50.7130907" lon="-2.9692806">
        <ele>67</ele>
        <time>2023-08-22T13:53:29.000Z</time>
        <speed>1.258</speed>
      </trkpt>
      <trkpt lat="50.7131271" lon="-2.9692086">
        <ele>67</ele>
        <time>2023-08-22T13:53:34.000Z</time>
        <speed>1.253</speed>
      </trkpt>
      <trkpt lat="50.7131359" lon="-2.9691211">
        <ele>66</ele>
        <time>2023-08-22T13:53:39.000Z</time>
        <speed>1.256</speed>
      </trkpt>
      <trkpt lat="50.7131460" lon="-2.9690025">
        <ele>66</ele>
        <time>2023-08-22T13:53:44.000Z</time>
        <speed>1.253</speed>
      </trkpt>
      <trkpt lat="50.7131455" lon="-2.9688994">
        <ele>66</ele>
        <time>2023-08-22T13:53:49.000Z</time>
        <speed>1.267</speed>
      </trkpt>
      <trkpt lat="50.7131413" lon="-2.9688403">
        <ele>66</ele>
        <time>2023-08-22T13:53:54.000Z</time>
        <speed>1.261</speed>
      </trkpt>
      <trkpt lat="50.7131288" lon="-2.9687844">
        <ele>66</ele>
        <time>2023-08-22T13:53:59.000Z</time>
        <speed>1.225</speed>
      </trkpt>
      <trkpt lat="50.7131197" lon="-2.9687131">
        <ele>66</ele>
        <time>2023-08-22T13:54:04.000Z</time>
        <speed>1.161</speed>
      </trkpt>
      <trkpt lat="50.7131034" lon="-2.9687075">
        <ele>66</ele>
        <time>2023-08-22T13:54:22.000Z</time>
        <speed>0.000</speed>
      </trkpt>
      <trkpt lat="50.7131184" lon="-2.9687800">
        <ele>66</ele>
        <time>2023-08-22T13:57:14.000Z</time>
        <speed>0.000</speed>
      </trkpt>
      <trkpt lat="50.7131238" lon="-2.9688212">
        <ele>66</ele>
        <time>2023-08-22T13:57:19.000Z</time>
        <speed>0.000</speed>
      </trkpt>
      <trkpt lat="50.7131443" lon="-2.9688906">
        <ele>66</ele>
        <time>2023-08-22T13:57:24.000Z</time>
        <speed>1.164</speed>
      </trkpt>
      <trkpt lat="50.7131638" lon="-2.9689685">
        <ele>66</ele>
        <time>2023-08-22T13:57:29.000Z</time>
        <speed>1.153</speed>
      </trkpt>
      <trkpt lat="50.7131770" lon="-2.9690353">
        <ele>66</ele>
        <time>2023-08-22T13:57:34.000Z</time>
        <speed>1.106</speed>
      </trkpt>
      <trkpt lat="50.7132223" lon="-2.9690563">
        <ele>66</ele>
        <time>2023-08-22T13:57:39.000Z</time>
        <speed>1.075</speed>
      </trkpt>
      <trkpt lat="50.7132686" lon="-2.9690481">
        <ele>66</ele>
        <time>2023-08-22T13:57:44.000Z</time>
        <speed>1.078</speed>
      </trkpt>
      <trkpt lat="50.7133052" lon="-2.9690551">
        <ele>66</ele>
        <time>2023-08-22T13:57:49.000Z</time>
        <speed>1.069</speed>
      </trkpt>
      <trkpt lat="50.7133432" lon="-2.9690491">
        <ele>66</ele>
        <time>2023-08-22T13:57:54.000Z</time>
        <speed>1.050</speed>
      </trkpt>
      <trkpt lat="50.7133825" lon="-2.9690142">
        <ele>66</ele>
        <time>2023-08-22T13:57:59.000Z</time>
        <speed>1.042</speed>
      </trkpt>
      <trkpt lat="50.7134280" lon="-2.9689689">
        <ele>67</ele>
        <time>2023-08-22T13:58:04.000Z</time>
        <speed>1.025</speed>
      </trkpt>
      <trkpt lat="50.7134707" lon="-2.9689268">
        <ele>67</ele>
        <time>2023-08-22T13:58:09.000Z</time>
        <speed>0.981</speed>
      </trkpt>
      <trkpt lat="50.7135159" lon="-2.9688774">
        <ele>67</ele>
        <time>2023-08-22T13:58:14.000Z</time>
        <speed>0.972</speed>
      </trkpt>
      <trkpt lat="50.7135556" lon="-2.9688365">
        <ele>68</ele>
        <time>2023-08-22T13:58:19.000Z</time>
        <speed>0.978</speed>
      </trkpt>
      <trkpt lat="50.7136043" lon="-2.9688046">
        <ele>68</ele>
        <time>2023-08-22T13:58:24.000Z</time>
        <speed>0.983</speed>
      </trkpt>
      <trkpt lat="50.7136590" lon="-2.9687699">
        <ele>69</ele>
        <time>2023-08-22T13:58:29.000Z</time>
        <speed>1.006</speed>
      </trkpt>
      <trkpt lat="50.7137016" lon="-2.9687146">
        <ele>69</ele>
        <time>2023-08-22T13:58:34.000Z</time>
        <speed>1.019</speed>
      </trkpt>
      <trkpt lat="50.7137472" lon="-2.9686712">
        <ele>70</ele>
        <time>2023-08-22T13:58:39.000Z</time>
        <speed>1.075</speed>
      </trkpt>
      <trkpt lat="50.7137895" lon="-2.9686213">
        <ele>70</ele>
        <time>2023-08-22T13:58:44.000Z</time>
        <speed>1.089</speed>
      </trkpt>
      <trkpt lat="50.7138180" lon="-2.9685463">
        <ele>70</ele>
        <time>2023-08-22T13:58:49.000Z</time>
        <speed>1.108</speed>
      </trkpt>
      <trkpt lat="50.7138394" lon="-2.9684487">
        <ele>70</ele>
        <time>2023-08-22T13:58:54.000Z</time>
        <speed>1.111</speed>
      </trkpt>
      <trkpt lat="50.7138700" lon="-2.9683649">
        <ele>70</ele>
        <time>2023-08-22T13:58:59.000Z</time>
        <speed>1.128</speed>
      </trkpt>
      <trkpt lat="50.7138928" lon="-2.9682790">
        <ele>71</ele>
        <time>2023-08-22T13:59:04.000Z</time>
        <speed>1.133</speed>
      </trkpt>
      <trkpt lat="50.7138954" lon="-2.9681846">
        <ele>71</ele>
        <time>2023-08-22T13:59:09.000Z</time>
        <speed>1.167</speed>
      </trkpt>
      <trkpt lat="50.7139031" lon="-2.9680981">
        <ele>71</ele>
        <time>2023-08-22T13:59:14.000Z</time>
        <speed>1.186</speed>
      </trkpt>
      <trkpt lat="50.7139364" lon="-2.9680286">
        <ele>71</ele>
        <time>2023-08-22T13:59:19.000Z</time>
        <speed>1.239</speed>
      </trkpt>
      <trkpt lat="50.7139707" lon="-2.9679753">
        <ele>70</ele>
        <time>2023-08-22T13:59:24.000Z</time>
        <speed>1.233</speed>
      </trkpt>
      <trkpt lat="50.7140023" lon="-2.9679048">
        <ele>70</ele>
        <time>2023-08-22T13:59:29.000Z</time>
        <speed>1.208</speed>
      </trkpt>
      <trkpt lat="50.7140273" lon="-2.9678029">
        <ele>70</ele>
        <time>2023-08-22T13:59:34.000Z</time>
        <speed>1.208</speed>
      </trkpt>
      <trkpt lat="50.7140487" lon="-2.9677204">
        <ele>70</ele>
        <time>2023-08-22T13:59:39.000Z</time>
        <speed>1.233</speed>
      </trkpt>
      <trkpt lat="50.7140610" lon="-2.9676458">
        <ele>70</ele>
        <time>2023-08-22T13:59:44.000Z</time>
        <speed>1.239</speed>
      </trkpt>
      <trkpt lat="50.7140562" lon="-2.9675821">
        <ele>70</ele>
        <time>2023-08-22T13:59:49.000Z</time>
        <speed>1.225</speed>
      </trkpt>
      <trkpt lat="50.7140475" lon="-2.9675057">
        <ele>70</ele>
        <time>2023-08-22T13:59:54.000Z</time>
        <speed>1.206</speed>
      </trkpt>
      <trkpt lat="50.7140567" lon="-2.9674247">
        <ele>70</ele>
        <time>2023-08-22T13:59:59.000Z</time>
        <speed>1.169</speed>
      </trkpt>
      <trkpt lat="50.7140762" lon="-2.9673366">
        <ele>70</ele>
        <time>2023-08-22T14:00:04.000Z</time>
        <speed>1.169</speed>
      </trkpt>
      <trkpt lat="50.7140867" lon="-2.9672517">
        <ele>70</ele>
        <time>2023-08-22T14:00:09.000Z</time>
        <speed>1.181</speed>
      </trkpt>
      <trkpt lat="50.7140904" lon="-2.9671879">
        <ele>71</ele>
        <time>2023-08-22T14:00:14.000Z</time>
        <speed>1.178</speed>
      </trkpt>
      <trkpt lat="50.7140914" lon="-2.9671112">
        <ele>71</ele>
        <time>2023-08-22T14:00:19.000Z</time>
        <speed>1.158</speed>
      </trkpt>
      <trkpt lat="50.7140950" lon="-2.9670267">
        <ele>71</ele>
        <time>2023-08-22T14:00:24.000Z</time>
        <speed>1.144</speed>
      </trkpt>
      <trkpt lat="50.7141049" lon="-2.9669482">
        <ele>72</ele>
        <time>2023-08-22T14:00:29.000Z</time>
        <speed>1.117</speed>
      </trkpt>
      <trkpt lat="50.7141176" lon="-2.9668678">
        <ele>72</ele>
        <time>2023-08-22T14:00:34.000Z</time>
        <speed>1.114</speed>
      </trkpt>
      <trkpt lat="50.7141169" lon="-2.9667974">
        <ele>73</ele>
        <time>2023-08-22T14:00:39.000Z</time>
        <speed>1.133</speed>
      </trkpt>
      <trkpt lat="50.7141163" lon="-2.9667318">
        <ele>73</ele>
        <time>2023-08-22T14:00:44.000Z</time>
        <speed>1.147</speed>
      </trkpt>
      <trkpt lat="50.7141373" lon="-2.9666642">
        <ele>73</ele>
        <time>2023-08-22T14:00:49.000Z</time>
        <speed>1.200</speed>
      </trkpt>
      <trkpt lat="50.7141724" lon="-2.9665867">
        <ele>73</ele>
        <time>2023-08-22T14:00:54.000Z</time>
        <speed>1.208</speed>
      </trkpt>
      <trkpt lat="50.7142145" lon="-2.9664932">
        <ele>73</ele>
        <time>2023-08-22T14:00:59.000Z</time>
        <speed>1.236</speed>
      </trkpt>
      <trkpt lat="50.7142623" lon="-2.9664462">
        <ele>72</ele>
        <time>2023-08-22T14:01:04.000Z</time>
        <speed>1.250</speed>
      </trkpt>
      <trkpt lat="50.7143033" lon="-2.9664213">
        <ele>72</ele>
        <time>2023-08-22T14:01:09.000Z</time>
        <speed>1.297</speed>
      </trkpt>
      <trkpt lat="50.7143316" lon="-2.9663726">
        <ele>72</ele>
        <time>2023-08-22T14:01:14.000Z</time>
        <speed>1.303</speed>
      </trkpt>
      <trkpt lat="50.7143627" lon="-2.9663016">
        <ele>72</ele>
        <time>2023-08-22T14:01:19.000Z</time>
        <speed>1.297</speed>
      </trkpt>
      <trkpt lat="50.7143935" lon="-2.9662348">
        <ele>72</ele>
        <time>2023-08-22T14:01:24.000Z</time>
        <speed>1.303</speed>
      </trkpt>
      <trkpt lat="50.7144097" lon="-2.9661635">
        <ele>73</ele>
        <time>2023-08-22T14:01:29.000Z</time>
        <speed>1.361</speed>
      </trkpt>
      <trkpt lat="50.7144282" lon="-2.9660957">
        <ele>73</ele>
        <time>2023-08-22T14:01:34.000Z</time>
        <speed>1.386</speed>
      </trkpt>
      <trkpt lat="50.7144433" lon="-2.9660218">
        <ele>73</ele>
        <time>2023-08-22T14:01:39.000Z</time>
        <speed>1.425</speed>
      </trkpt>
      <trkpt lat="50.7144521" lon="-2.9659438">
        <ele>73</ele>
        <time>2023-08-22T14:01:44.000Z</time>
        <speed>1.425</speed>
      </trkpt>
      <trkpt lat="50.7144497" lon="-2.9658717">
        <ele>73</ele>
        <time>2023-08-22T14:01:49.000Z</time>
        <speed>1.397</speed>
      </trkpt>
      <trkpt lat="50.7144572" lon="-2.9658079">
        <ele>73</ele>
        <time>2023-08-22T14:01:54.000Z</time>
        <speed>1.347</speed>
      </trkpt>
      <trkpt lat="50.7144635" lon="-2.9657574">
        <ele>73</ele>
        <time>2023-08-22T14:01:59.000Z</time>
        <speed>1.169</speed>
      </trkpt>
      <trkpt lat="50.7144669" lon="-2.9657146">
        <ele>73</ele>
        <time>2023-08-22T14:02:04.000Z</time>
        <speed>1.131</speed>
      </trkpt>
      <trkpt lat="50.7144784" lon="-2.9656786">
        <ele>73</ele>
        <time>2023-08-22T14:02:09.000Z</time>
        <speed>1.067</speed>
      </trkpt>
      <trkpt lat="50.7144849" lon="-2.9656131">
        <ele>73</ele>
        <time>2023-08-22T14:02:19.000Z</time>
        <speed>1.011</speed>
      </trkpt>
      <trkpt lat="50.7144816" lon="-2.9655350">
        <ele>73</ele>
        <time>2023-08-22T14:02:24.000Z</time>
        <speed>0.947</speed>
      </trkpt>
      <trkpt lat="50.7144761" lon="-2.9654546">
        <ele>72</ele>
        <time>2023-08-22T14:02:29.000Z</time>
        <speed>0.897</speed>
      </trkpt>
      <trkpt lat="50.7144681" lon="-2.9654128">
        <ele>72</ele>
        <time>2023-08-22T14:02:34.000Z</time>
        <speed>0.903</speed>
      </trkpt>
      <trkpt lat="50.7144594" lon="-2.9653650">
        <ele>72</ele>
        <time>2023-08-22T14:02:39.000Z</time>
        <speed>0.953</speed>
      </trkpt>
      <trkpt lat="50.7144602" lon="-2.9653082">
        <ele>72</ele>
        <time>2023-08-22T14:02:44.000Z</time>
        <speed>0.986</speed>
      </trkpt>
      <trkpt lat="50.7144753" lon="-2.9652502">
        <ele>72</ele>
        <time>2023-08-22T14:02:54.000Z</time>
        <speed>1.025</speed>
      </trkpt>
      <trkpt lat="50.7144922" lon="-2.9651969">
        <ele>72</ele>
        <time>2023-08-22T14:02:59.000Z</time>
        <speed>1.017</speed>
      </trkpt>
      <trkpt lat="50.7145190" lon="-2.9651752">
        <ele>72</ele>
        <time>2023-08-22T14:03:04.000Z</time>
        <speed>0.997</speed>
      </trkpt>
      <trkpt lat="50.7145398" lon="-2.9651573">
        <ele>73</ele>
        <time>2023-08-22T14:03:16.000Z</time>
        <speed>0.000</speed>
      </trkpt>
      <trkpt lat="50.7145571" lon="-2.9651341">
        <ele>73</ele>
        <time>2023-08-22T14:03:21.000Z</time>
        <speed>0.756</speed>
      </trkpt>
      <trkpt lat="50.7145731" lon="-2.9650568">
        <ele>73</ele>
        <time>2023-08-22T14:03:26.000Z</time>
        <speed>0.683</speed>
      </trkpt>
      <trkpt lat="50.7145973" lon="-2.9649887">
        <ele>74</ele>
        <time>2023-08-22T14:03:31.000Z</time>
        <speed>0.658</speed>
      </trkpt>
      <trkpt lat="50.7146112" lon="-2.9649276">
        <ele>75</ele>
        <time>2023-08-22T14:03:36.000Z</time>
        <speed>0.678</speed>
      </trkpt>
      <trkpt lat="50.7146310" lon="-2.9648596">
        <ele>76</ele>
        <time>2023-08-22T14:03:41.000Z</time>
        <speed>0.722</speed>
      </trkpt>
      <trkpt lat="50.7146582" lon="-2.9647974">
        <ele>77</ele>
        <time>2023-08-22T14:03:46.000Z</time>
        <speed>0.753</speed>
      </trkpt>
      <trkpt lat="50.7146758" lon="-2.9647621">
        <ele>77</ele>
        <time>2023-08-22T14:03:51.000Z</time>
        <speed>0.772</speed>
      </trkpt>
      <trkpt lat="50.7147004" lon="-2.9647114">
        <ele>78</ele>
        <time>2023-08-22T14:03:56.000Z</time>
        <speed>0.806</speed>
      </trkpt>
      <trkpt lat="50.7147263" lon="-2.9646384">
        <ele>79</ele>
        <time>2023-08-22T14:04:01.000Z</time>
        <speed>1.175</speed>
      </trkpt>
      <trkpt lat="50.7147469" lon="-2.9645566">
        <ele>79</ele>
        <time>2023-08-22T14:04:06.000Z</time>
        <speed>1.189</speed>
      </trkpt>
      <trkpt lat="50.7147627" lon="-2.9644906">
        <ele>80</ele>
        <time>2023-08-22T14:04:11.000Z</time>
        <speed>1.144</speed>
      </trkpt>
      <trkpt lat="50.7147690" lon="-2.9644021">
        <ele>80</ele>
        <time>2023-08-22T14:04:16.000Z</time>
        <speed>1.081</speed>
      </trkpt>
      <trkpt lat="50.7147779" lon="-2.9643225">
        <ele>81</ele>
        <time>2023-08-22T14:04:21.000Z</time>
        <speed>1.036</speed>
      </trkpt>
      <trkpt lat="50.7147753" lon="-2.9642528">
        <ele>81</ele>
        <time>2023-08-22T14:04:26.000Z</time>
        <speed>1.006</speed>
      </trkpt>
      <trkpt lat="50.7147753" lon="-2.9641668">
        <ele>81</ele>
        <time>2023-08-22T14:04:31.000Z</time>
        <speed>0.975</speed>
      </trkpt>
      <trkpt lat="50.7147999" lon="-2.9640965">
        <ele>81</ele>
        <time>2023-08-22T14:04:36.000Z</time>
        <speed>0.947</speed>
      </trkpt>
      <trkpt lat="50.7148053" lon="-2.9640171">
        <ele>81</ele>
        <time>2023-08-22T14:04:41.000Z</time>
        <speed>0.933</speed>
      </trkpt>
      <trkpt lat="50.7147988" lon="-2.9639534">
        <ele>81</ele>
        <time>2023-08-22T14:04:46.000Z</time>
        <speed>0.944</speed>
      </trkpt>
      <trkpt lat="50.7148104" lon="-2.9639079">
        <ele>81</ele>
        <time>2023-08-22T14:04:51.000Z</time>
        <speed>0.992</speed>
      </trkpt>
      <trkpt lat="50.7148223" lon="-2.9638520">
        <ele>81</ele>
        <time>2023-08-22T14:04:56.000Z</time>
        <speed>1.075</speed>
      </trkpt>
      <trkpt lat="50.7148276" lon="-2.9638174">
        <ele>80</ele>
        <time>2023-08-22T14:05:01.000Z</time>
        <speed>1.133</speed>
      </trkpt>
      <trkpt lat="50.7148384" lon="-2.9637609">
        <ele>79</ele>
        <time>2023-08-22T14:05:06.000Z</time>
        <speed>1.178</speed>
      </trkpt>
      <trkpt lat="50.7148444" lon="-2.9636851">
        <ele>79</ele>
        <time>2023-08-22T14:05:11.000Z</time>
        <speed>1.103</speed>
      </trkpt>
      <trkpt lat="50.7148498" lon="-2.9635968">
        <ele>78</ele>
        <time>2023-08-22T14:05:16.000Z</time>
        <speed>1.033</speed>
      </trkpt>
      <trkpt lat="50.7148576" lon="-2.9635043">
        <ele>78</ele>
        <time>2023-08-22T14:05:21.000Z</time>
        <speed>1.017</speed>
      </trkpt>
      <trkpt lat="50.7148692" lon="-2.9634810">
        <ele>78</ele>
        <time>2023-08-22T14:05:26.000Z</time>
        <speed>1.036</speed>
      </trkpt>
      <trkpt lat="50.7148993" lon="-2.9634452">
        <ele>78</ele>
        <time>2023-08-22T14:05:31.000Z</time>
        <speed>1.033</speed>
      </trkpt>
      <trkpt lat="50.7149186" lon="-2.9633885">
        <ele>77</ele>
        <time>2023-08-22T14:05:36.000Z</time>
        <speed>1.011</speed>
      </trkpt>
      <trkpt lat="50.7149318" lon="-2.9633093">
        <ele>77</ele>
        <time>2023-08-22T14:05:41.000Z</time>
        <speed>0.950</speed>
      </trkpt>
      <trkpt lat="50.7149572" lon="-2.9632334">
        <ele>77</ele>
        <time>2023-08-22T14:05:46.000Z</time>
        <speed>0.908</speed>
      </trkpt>
      <trkpt lat="50.7149841" lon="-2.9631728">
        <ele>78</ele>
        <time>2023-08-22T14:05:51.000Z</time>
        <speed>0.903</speed>
      </trkpt>
      <trkpt lat="50.7150055" lon="-2.9631097">
        <ele>78</ele>
        <time>2023-08-22T14:05:56.000Z</time>
        <speed>0.922</speed>
      </trkpt>
      <trkpt lat="50.7150198" lon="-2.9630521">
        <ele>78</ele>
        <time>2023-08-22T14:06:01.000Z</time>
        <speed>0.936</speed>
      </trkpt>
      <trkpt lat="50.7150268" lon="-2.9630081">
        <ele>78</ele>
        <time>2023-08-22T14:06:06.000Z</time>
        <speed>0.933</speed>
      </trkpt>
      <trkpt lat="50.7150366" lon="-2.9629426">
        <ele>78</ele>
        <time>2023-08-22T14:06:11.000Z</time>
        <speed>0.922</speed>
      </trkpt>
      <trkpt lat="50.7150467" lon="-2.9628554">
        <ele>78</ele>
        <time>2023-08-22T14:06:16.000Z</time>
        <speed>0.911</speed>
      </trkpt>
      <trkpt lat="50.7150518" lon="-2.9627822">
        <ele>79</ele>
        <time>2023-08-22T14:06:21.000Z</time>
        <speed>0.908</speed>
      </trkpt>
      <trkpt lat="50.7150527" lon="-2.9627067">
        <ele>79</ele>
        <time>2023-08-22T14:06:26.000Z</time>
        <speed>0.922</speed>
      </trkpt>
      <trkpt lat="50.7150654" lon="-2.9626566">
        <ele>79</ele>
        <time>2023-08-22T14:06:31.000Z</time>
        <speed>0.933</speed>
      </trkpt>
      <trkpt lat="50.7150822" lon="-2.9626338">
        <ele>79</ele>
        <time>2023-08-22T14:06:36.000Z</time>
        <speed>1.333</speed>
      </trkpt>
      <trkpt lat="50.7151084" lon="-2.9625858">
        <ele>80</ele>
        <time>2023-08-22T14:06:41.000Z</time>
        <speed>1.444</speed>
      </trkpt>
      <trkpt lat="50.7151316" lon="-2.9625425">
        <ele>80</ele>
        <time>2023-08-22T14:06:46.000Z</time>
        <speed>1.483</speed>
      </trkpt>
      <trkpt lat="50.7151517" lon="-2.9625043">
        <ele>81</ele>
        <time>2023-08-22T14:06:51.000Z</time>
        <speed>1.481</speed>
      </trkpt>
      <trkpt lat="50.7151799" lon="-2.9624400">
        <ele>81</ele>
        <time>2023-08-22T14:06:56.000Z</time>
        <speed>1.447</speed>
      </trkpt>
      <trkpt lat="50.7152081" lon="-2.9623957">
        <ele>82</ele>
        <time>2023-08-22T14:07:01.000Z</time>
        <speed>1.403</speed>
      </trkpt>
      <trkpt lat="50.7152177" lon="-2.9623616">
        <ele>83</ele>
        <time>2023-08-22T14:07:06.000Z</time>
        <speed>1.367</speed>
      </trkpt>
      <trkpt lat="50.7152175" lon="-2.9623079">
        <ele>84</ele>
        <time>2023-08-22T14:07:11.000Z</time>
        <speed>1.353</speed>
      </trkpt>
      <trkpt lat="50.7152232" lon="-2.9622388">
        <ele>85</ele>
        <time>2023-08-22T14:07:16.000Z</time>
        <speed>0.872</speed>
      </trkpt>
      <trkpt lat="50.7152281" lon="-2.9621538">
        <ele>85</ele>
        <time>2023-08-22T14:07:21.000Z</time>
        <speed>0.761</speed>
      </trkpt>
      <trkpt lat="50.7152436" lon="-2.9620894">
        <ele>85</ele>
        <time>2023-08-22T14:07:26.000Z</time>
        <speed>0.719</speed>
      </trkpt>
      <trkpt lat="50.7152360" lon="-2.9620514">
        <ele>86</ele>
        <time>2023-08-22T14:07:31.000Z</time>
        <speed>0.706</speed>
      </trkpt>
      <trkpt lat="50.7152543" lon="-2.9619914">
        <ele>86</ele>
        <time>2023-08-22T14:07:36.000Z</time>
        <speed>0.725</speed>
      </trkpt>
      <trkpt lat="50.7152782" lon="-2.9619280">
        <ele>86</ele>
        <time>2023-08-22T14:07:41.000Z</time>
        <speed>0.736</speed>
      </trkpt>
      <trkpt lat="50.7152941" lon="-2.9618837">
        <ele>86</ele>
        <time>2023-08-22T14:07:46.000Z</time>
        <speed>0.767</speed>
      </trkpt>
      <trkpt lat="50.7153071" lon="-2.9618779">
        <ele>86</ele>
        <time>2023-08-22T14:07:51.000Z</time>
        <speed>0.789</speed>
      </trkpt>
      <trkpt lat="50.7153377" lon="-2.9618944">
        <ele>86</ele>
        <time>2023-08-22T14:07:56.000Z</time>
        <speed>0.753</speed>
      </trkpt>
      <trkpt lat="50.7153786" lon="-2.9619099">
        <ele>87</ele>
        <time>2023-08-22T14:08:06.000Z</time>
        <speed>0.675</speed>
      </trkpt>
      <trkpt lat="50.7154096" lon="-2.9618867">
        <ele>89</ele>
        <time>2023-08-22T14:08:16.000Z</time>
        <speed>0.000</speed>
      </trkpt>
      <trkpt lat="50.7154271" lon="-2.9618449">
        <ele>90</ele>
        <time>2023-08-22T14:08:21.000Z</time>
        <speed>0.000</speed>
      </trkpt>
      <trkpt lat="50.7154396" lon="-2.9617778">
        <ele>90</ele>
        <time>2023-08-22T14:08:26.000Z</time>
        <speed>0.439</speed>
      </trkpt>
      <trkpt lat="50.7154593" lon="-2.9617029">
        <ele>91</ele>
        <time>2023-08-22T14:08:31.000Z</time>
        <speed>0.956</speed>
      </trkpt>
      <trkpt lat="50.7154498" lon="-2.9616386">
        <ele>91</ele>
        <time>2023-08-22T14:08:36.000Z</time>
        <speed>0.953</speed>
      </trkpt>
      <trkpt lat="50.7154306" lon="-2.9615639">
        <ele>91</ele>
        <time>2023-08-22T14:08:41.000Z</time>
        <speed>1.019</speed>
      </trkpt>
      <trkpt lat="50.7154292" lon="-2.9614892">
        <ele>91</ele>
        <time>2023-08-22T14:08:46.000Z</time>
        <speed>1.039</speed>
      </trkpt>
      <trkpt lat="50.7154484" lon="-2.9614048">
        <ele>92</ele>
        <time>2023-08-22T14:08:51.000Z</time>
        <speed>1.042</speed>
      </trkpt>
      <trkpt lat="50.7154724" lon="-2.9613315">
        <ele>92</ele>
        <time>2023-08-22T14:08:56.000Z</time>
        <speed>1.053</speed>
      </trkpt>
      <trkpt lat="50.7154948" lon="-2.9612687">
        <ele>92</ele>
        <time>2023-08-22T14:09:01.000Z</time>
        <speed>1.053</speed>
      </trkpt>
      <trkpt lat="50.7155370" lon="-2.9611860">
        <ele>92</ele>
        <time>2023-08-22T14:09:06.000Z</time>
        <speed>1.067</speed>
      </trkpt>
      <trkpt lat="50.7155870" lon="-2.9611225">
        <ele>92</ele>
        <time>2023-08-22T14:09:11.000Z</time>
        <speed>1.103</speed>
      </trkpt>
      <trkpt lat="50.7156239" lon="-2.9610843">
        <ele>93</ele>
        <time>2023-08-22T14:09:16.000Z</time>
        <speed>1.161</speed>
      </trkpt>
      <trkpt lat="50.7156587" lon="-2.9610626">
        <ele>93</ele>
        <time>2023-08-22T14:09:21.000Z</time>
        <speed>1.197</speed>
      </trkpt>
      <trkpt lat="50.7157092" lon="-2.9610269">
        <ele>92</ele>
        <time>2023-08-22T14:09:26.000Z</time>
        <speed>1.197</speed>
      </trkpt>
      <trkpt lat="50.7157585" lon="-2.9609614">
        <ele>92</ele>
        <time>2023-08-22T14:09:31.000Z</time>
        <speed>1.192</speed>
      </trkpt>
      <trkpt lat="50.7157882" lon="-2.9608852">
        <ele>92</ele>
        <time>2023-08-22T14:09:36.000Z</time>
        <speed>1.192</speed>
      </trkpt>
      <trkpt lat="50.7158038" lon="-2.9607894">
        <ele>92</ele>
        <time>2023-08-22T14:09:41.000Z</time>
        <speed>1.200</speed>
      </trkpt>
      <trkpt lat="50.7158004" lon="-2.9606839">
        <ele>92</ele>
        <time>2023-08-22T14:09:46.000Z</time>
        <speed>1.239</speed>
      </trkpt>
      <trkpt lat="50.7157933" lon="-2.9605972">
        <ele>91</ele>
        <time>2023-08-22T14:09:51.000Z</time>
        <speed>1.292</speed>
      </trkpt>
      <trkpt lat="50.7157882" lon="-2.9605056">
        <ele>91</ele>
        <time>2023-08-22T14:09:56.000Z</time>
        <speed>1.328</speed>
      </trkpt>
      <trkpt lat="50.7158022" lon="-2.9604240">
        <ele>91</ele>
        <time>2023-08-22T14:10:01.000Z</time>
        <speed>1.339</speed>
      </trkpt>
      <trkpt lat="50.7158105" lon="-2.9603652">
        <ele>91</ele>
        <time>2023-08-22T14:10:06.000Z</time>
        <speed>1.339</speed>
      </trkpt>
      <trkpt lat="50.7158332" lon="-2.9603281">
        <ele>91</ele>
        <time>2023-08-22T14:10:11.000Z</time>
        <speed>1.328</speed>
      </trkpt>
      <trkpt lat="50.7158599" lon="-2.9602695">
        <ele>91</ele>
        <time>2023-08-22T14:10:16.000Z</time>
        <speed>1.294</speed>
      </trkpt>
      <trkpt lat="50.7158809" lon="-2.9601871">
        <ele>91</ele>
        <time>2023-08-22T14:10:21.000Z</time>
        <speed>1.264</speed>
      </trkpt>
      <trkpt lat="50.7159045" lon="-2.9600811">
        <ele>91</ele>
        <time>2023-08-22T14:10:26.000Z</time>
        <speed>1.283</speed>
      </trkpt>
      <trkpt lat="50.7159209" lon="-2.9600060">
        <ele>91</ele>
        <time>2023-08-22T14:10:31.000Z</time>
        <speed>1.331</speed>
      </trkpt>
      <trkpt lat="50.7159188" lon="-2.9599357">
        <ele>91</ele>
        <time>2023-08-22T14:10:36.000Z</time>
        <speed>1.350</speed>
      </trkpt>
      <trkpt lat="50.7159382" lon="-2.9598811">
        <ele>91</ele>
        <time>2023-08-22T14:10:46.000Z</time>
        <speed>1.225</speed>
      </trkpt>
      <trkpt lat="50.7159560" lon="-2.9598370">
        <ele>91</ele>
        <time>2023-08-22T14:10:51.000Z</time>
        <speed>1.167</speed>
      </trkpt>
      <trkpt lat="50.7159716" lon="-2.9597777">
        <ele>92</ele>
        <time>2023-08-22T14:10:56.000Z</time>
        <speed>1.039</speed>
      </trkpt>
      <trkpt lat="50.7160054" lon="-2.9597116">
        <ele>92</ele>
        <time>2023-08-22T14:11:01.000Z</time>
        <speed>0.928</speed>
      </trkpt>
      <trkpt lat="50.7160552" lon="-2.9596504">
        <ele>94</ele>
        <time>2023-08-22T14:11:15.000Z</time>
        <speed>0.836</speed>
      </trkpt>
      <trkpt lat="50.7160673" lon="-2.9595788">
        <ele>94</ele>
        <time>2023-08-22T14:11:20.000Z</time>
        <speed>0.836</speed>
      </trkpt>
      <trkpt lat="50.7160546" lon="-2.9594998">
        <ele>95</ele>
        <time>2023-08-22T14:11:25.000Z</time>
        <speed>0.908</speed>
      </trkpt>
      <trkpt lat="50.7160362" lon="-2.9594271">
        <ele>95</ele>
        <time>2023-08-22T14:11:30.000Z</time>
        <speed>0.967</speed>
      </trkpt>
      <trkpt lat="50.7160156" lon="-2.9593649">
        <ele>96</ele>
        <time>2023-08-22T14:11:35.000Z</time>
        <speed>1.139</speed>
      </trkpt>
      <trkpt lat="50.7160058" lon="-2.9592975">
        <ele>96</ele>
        <time>2023-08-22T14:11:40.000Z</time>
        <speed>1.169</speed>
      </trkpt>
      <trkpt lat="50.7160032" lon="-2.9592277">
        <ele>96</ele>
        <time>2023-08-22T14:11:45.000Z</time>
        <speed>1.222</speed>
      </trkpt>
      <trkpt lat="50.7160169" lon="-2.9591531">
        <ele>95</ele>
        <time>2023-08-22T14:11:50.000Z</time>
        <speed>1.222</speed>
      </trkpt>
      <trkpt lat="50.7160296" lon="-2.9590927">
        <ele>95</ele>
        <time>2023-08-22T14:11:55.000Z</time>
        <speed>1.264</speed>
      </trkpt>
      <trkpt lat="50.7160398" lon="-2.9590562">
        <ele>95</ele>
        <time>2023-08-22T14:12:00.000Z</time>
        <speed>1.303</speed>
      </trkpt>
      <trkpt lat="50.7160649" lon="-2.9590007">
        <ele>95</ele>
        <time>2023-08-22T14:12:05.000Z</time>
        <speed>1.344</speed>
      </trkpt>
      <trkpt lat="50.7161044" lon="-2.9589537">
        <ele>95</ele>
        <time>2023-08-22T14:12:10.000Z</time>
        <speed>1.325</speed>
      </trkpt>
      <trkpt lat="50.7161366" lon="-2.9589144">
        <ele>95</ele>
        <time>2023-08-22T14:12:15.000Z</time>
        <speed>1.239</speed>
      </trkpt>
      <trkpt lat="50.7161712" lon="-2.9589152">
        <ele>95</ele>
        <time>2023-08-22T14:12:20.000Z</time>
        <speed>1.186</speed>
      </trkpt>
      <trkpt lat="50.7162177" lon="-2.9589044">
        <ele>95</ele>
        <time>2023-08-22T14:12:25.000Z</time>
        <speed>1.042</speed>
      </trkpt>
      <trkpt lat="50.7162546" lon="-2.9588562">
        <ele>95</ele>
        <time>2023-08-22T14:12:30.000Z</time>
        <speed>1.011</speed>
      </trkpt>
      <trkpt lat="50.7162956" lon="-2.9587984">
        <ele>95</ele>
        <time>2023-08-22T14:12:35.000Z</time>
        <speed>0.942</speed>
      </trkpt>
      <trkpt lat="50.7163301" lon="-2.9587443">
        <ele>95</ele>
        <time>2023-08-22T14:12:40.000Z</time>
        <speed>0.942</speed>
      </trkpt>
      <trkpt lat="50.7163701" lon="-2.9587019">
        <ele>95</ele>
        <time>2023-08-22T14:12:45.000Z</time>
        <speed>0.942</speed>
      </trkpt>
      <trkpt lat="50.7164066" lon="-2.9586542">
        <ele>95</ele>
        <time>2023-08-22T14:12:50.000Z</time>
        <speed>0.939</speed>
      </trkpt>
      <trkpt lat="50.7164148" lon="-2.9585837">
        <ele>95</ele>
        <time>2023-08-22T14:12:55.000Z</time>
        <speed>0.931</speed>
      </trkpt>
      <trkpt lat="50.7164362" lon="-2.9585293">
        <ele>95</ele>
        <time>2023-08-22T14:13:00.000Z</time>
        <speed>0.919</speed>
      </trkpt>
      <trkpt lat="50.7164865" lon="-2.9585034">
        <ele>95</ele>
        <time>2023-08-22T14:13:05.000Z</time>
        <speed>0.908</speed>
      </trkpt>
      <trkpt lat="50.7165232" lon="-2.9584636">
        <ele>96</ele>
        <time>2023-08-22T14:13:10.000Z</time>
        <speed>0.911</speed>
      </trkpt>
      <trkpt lat="50.7165426" lon="-2.9584031">
        <ele>96</ele>
        <time>2023-08-22T14:13:15.000Z</time>
        <speed>0.944</speed>
      </trkpt>
      <trkpt lat="50.7165673" lon="-2.9583527">
        <ele>97</ele>
        <time>2023-08-22T14:13:20.000Z</time>
        <speed>0.958</speed>
      </trkpt>
      <trkpt lat="50.7166013" lon="-2.9583430">
        <ele>97</ele>
        <time>2023-08-22T14:13:25.000Z</time>
        <speed>0.983</speed>
      </trkpt>
      <trkpt lat="50.7166289" lon="-2.9583253">
        <ele>97</ele>
        <time>2023-08-22T14:13:30.000Z</time>
        <speed>0.981</speed>
      </trkpt>
      <trkpt lat="50.7166582" lon="-2.9583288">
        <ele>97</ele>
        <time>2023-08-22T14:13:35.000Z</time>
        <speed>0.961</speed>
      </trkpt>
      <trkpt lat="50.7166975" lon="-2.9583021">
        <ele>97</ele>
        <time>2023-08-22T14:13:40.000Z</time>
        <speed>0.953</speed>
      </trkpt>
      <trkpt lat="50.7167272" lon="-2.9582118">
        <ele>96</ele>
        <time>2023-08-22T14:13:45.000Z</time>
        <speed>0.981</speed>
      </trkpt>
      <trkpt lat="50.7167589" lon="-2.9581528">
        <ele>96</ele>
        <time>2023-08-22T14:13:50.000Z</time>
        <speed>1.017</speed>
      </trkpt>
      <trkpt lat="50.7167919" lon="-2.9581232">
        <ele>96</ele>
        <time>2023-08-22T14:13:55.000Z</time>
        <speed>1.103</speed>
      </trkpt>
      <trkpt lat="50.7168294" lon="-2.9580735">
        <ele>96</ele>
        <time>2023-08-22T14:14:00.000Z</time>
        <speed>1.106</speed>
      </trkpt>
      <trkpt lat="50.7168598" lon="-2.9580104">
        <ele>95</ele>
        <time>2023-08-22T14:14:05.000Z</time>
        <speed>1.064</speed>
      </trkpt>
      <trkpt lat="50.7168843" lon="-2.9579396">
        <ele>95</ele>
        <time>2023-08-22T14:14:10.000Z</time>
        <speed>1.042</speed>
      </trkpt>
      <trkpt lat="50.7169160" lon="-2.9578604">
        <ele>95</ele>
        <time>2023-08-22T14:14:15.000Z</time>
        <speed>1.008</speed>
      </trkpt>
      <trkpt lat="50.7169462" lon="-2.9578213">
        <ele>96</ele>
        <time>2023-08-22T14:14:20.000Z</time>
        <speed>1.006</speed>
      </trkpt>
      <trkpt lat="50.7169850" lon="-2.9577894">
        <ele>96</ele>
        <time>2023-08-22T14:14:25.000Z</time>
        <speed>0.975</speed>
      </trkpt>
      <trkpt lat="50.7170213" lon="-2.9577239">
        <ele>96</ele>
        <time>2023-08-22T14:14:30.000Z</time>
        <speed>0.961</speed>
      </trkpt>
      <trkpt lat="50.7170428" lon="-2.9576536">
        <ele>96</ele>
        <time>2023-08-22T14:14:35.000Z</time>
        <speed>0.939</speed>
      </trkpt>
      <trkpt lat="50.7170776" lon="-2.9576011">
        <ele>96</ele>
        <time>2023-08-22T14:14:40.000Z</time>
        <speed>0.944</speed>
      </trkpt>
      <trkpt lat="50.7171158" lon="-2.9575441">
        <ele>97</ele>
        <time>2023-08-22T14:14:45.000Z</time>
        <speed>0.989</speed>
      </trkpt>
      <trkpt lat="50.7171480" lon="-2.9574888">
        <ele>97</ele>
        <time>2023-08-22T14:14:50.000Z</time>
        <speed>1.003</speed>
      </trkpt>
      <trkpt lat="50.7171810" lon="-2.9574451">
        <ele>97</ele>
        <time>2023-08-22T14:14:55.000Z</time>
        <speed>1.028</speed>
      </trkpt>
      <trkpt lat="50.7172163" lon="-2.9573918">
        <ele>97</ele>
        <time>2023-08-22T14:15:00.000Z</time>
        <speed>1.014</speed>
      </trkpt>
      <trkpt lat="50.7172478" lon="-2.9573293">
        <ele>97</ele>
        <time>2023-08-22T14:15:05.000Z</time>
        <speed>0.967</speed>
      </trkpt>
      <trkpt lat="50.7172783" lon="-2.9572695">
        <ele>97</ele>
        <time>2023-08-22T14:15:10.000Z</time>
        <speed>0.958</speed>
      </trkpt>
      <trkpt lat="50.7173078" lon="-2.9572040">
        <ele>97</ele>
        <time>2023-08-22T14:15:15.000Z</time>
        <speed>0.950</speed>
      </trkpt>
      <trkpt lat="50.7173127" lon="-2.9571457">
        <ele>97</ele>
        <time>2023-08-22T14:15:20.000Z</time>
        <speed>0.950</speed>
      </trkpt>
      <trkpt lat="50.7173209" lon="-2.9571053">
        <ele>97</ele>
        <time>2023-08-22T14:15:25.000Z</time>
        <speed>0.950</speed>
      </trkpt>
      <trkpt lat="50.7173467" lon="-2.9570780">
        <ele>96</ele>
        <time>2023-08-22T14:15:30.000Z</time>
        <speed>0.961</speed>
      </trkpt>
      <trkpt lat="50.7173815" lon="-2.9570629">
        <ele>96</ele>
        <time>2023-08-22T14:15:35.000Z</time>
        <speed>1.028</speed>
      </trkpt>
      <trkpt lat="50.7174212" lon="-2.9570341">
        <ele>95</ele>
        <time>2023-08-22T14:15:40.000Z</time>
        <speed>1.056</speed>
      </trkpt>
      <trkpt lat="50.7174640" lon="-2.9569732">
        <ele>95</ele>
        <time>2023-08-22T14:15:45.000Z</time>
        <speed>1.119</speed>
      </trkpt>
      <trkpt lat="50.7175058" lon="-2.9569081">
        <ele>95</ele>
        <time>2023-08-22T14:15:50.000Z</time>
        <speed>1.133</speed>
      </trkpt>
      <trkpt lat="50.7175484" lon="-2.9568601">
        <ele>94</ele>
        <time>2023-08-22T14:15:55.000Z</time>
        <speed>1.169</speed>
      </trkpt>
      <trkpt lat="50.7175914" lon="-2.9568127">
        <ele>94</ele>
        <time>2023-08-22T14:16:00.000Z</time>
        <speed>1.164</speed>
      </trkpt>
      <trkpt lat="50.7176292" lon="-2.9567678">
        <ele>94</ele>
        <time>2023-08-22T14:16:05.000Z</time>
        <speed>1.150</speed>
      </trkpt>
      <trkpt lat="50.7176615" lon="-2.9567256">
        <ele>94</ele>
        <time>2023-08-22T14:16:10.000Z</time>
        <speed>1.156</speed>
      </trkpt>
      <trkpt lat="50.7176986" lon="-2.9566902">
        <ele>93</ele>
        <time>2023-08-22T14:16:21.000Z</time>
        <speed>1.244</speed>
      </trkpt>
      <trkpt lat="50.7177313" lon="-2.9566715">
        <ele>93</ele>
        <time>2023-08-22T14:16:26.000Z</time>
        <speed>1.200</speed>
      </trkpt>
      <trkpt lat="50.7177623" lon="-2.9566425">
        <ele>92</ele>
        <time>2023-08-22T14:16:31.000Z</time>
        <speed>1.128</speed>
      </trkpt>
      <trkpt lat="50.7177929" lon="-2.9565785">
        <ele>92</ele>
        <time>2023-08-22T14:16:36.000Z</time>
        <speed>1.072</speed>
      </trkpt>
      <trkpt lat="50.7178275" lon="-2.9565148">
        <ele>91</ele>
        <time>2023-08-22T14:16:41.000Z</time>
        <speed>1.036</speed>
      </trkpt>
      <trkpt lat="50.7178560" lon="-2.9564744">
        <ele>91</ele>
        <time>2023-08-22T14:16:46.000Z</time>
        <speed>1.025</speed>
      </trkpt>
      <trkpt lat="50.7178829" lon="-2.9564081">
        <ele>91</ele>
        <time>2023-08-22T14:16:51.000Z</time>
        <speed>1.025</speed>
      </trkpt>
      <trkpt lat="50.7179149" lon="-2.9563522">
        <ele>91</ele>
        <time>2023-08-22T14:16:56.000Z</time>
        <speed>1.022</speed>
      </trkpt>
      <trkpt lat="50.7179466" lon="-2.9562656">
        <ele>91</ele>
        <time>2023-08-22T14:17:01.000Z</time>
        <speed>1.033</speed>
      </trkpt>
      <trkpt lat="50.7179671" lon="-2.9561942">
        <ele>91</ele>
        <time>2023-08-22T14:17:06.000Z</time>
        <speed>1.097</speed>
      </trkpt>
      <trkpt lat="50.7179931" lon="-2.9561291">
        <ele>91</ele>
        <time>2023-08-22T14:17:11.000Z</time>
        <speed>1.161</speed>
      </trkpt>
      <trkpt lat="50.7180163" lon="-2.9560717">
        <ele>91</ele>
        <time>2023-08-22T14:17:16.000Z</time>
        <speed>1.211</speed>
      </trkpt>
      <trkpt lat="50.7180581" lon="-2.9559989">
        <ele>92</ele>
        <time>2023-08-22T14:17:21.000Z</time>
        <speed>1.278</speed>
      </trkpt>
      <trkpt lat="50.7180947" lon="-2.9559300">
        <ele>92</ele>
        <time>2023-08-22T14:17:26.000Z</time>
        <speed>1.339</speed>
      </trkpt>
      <trkpt lat="50.7181115" lon="-2.9558709">
        <ele>92</ele>
        <time>2023-08-22T14:17:31.000Z</time>
        <speed>1.353</speed>
      </trkpt>
      <trkpt lat="50.7181103" lon="-2.9558082">
        <ele>92</ele>
        <time>2023-08-22T14:17:36.000Z</time>
        <speed>1.347</speed>
      </trkpt>
      <trkpt lat="50.7181296" lon="-2.9557492">
        <ele>92</ele>
        <time>2023-08-22T14:17:41.000Z</time>
        <speed>1.358</speed>
      </trkpt>
      <trkpt lat="50.7181328" lon="-2.9556909">
        <ele>92</ele>
        <time>2023-08-22T14:17:46.000Z</time>
        <speed>1.367</speed>
      </trkpt>
      <trkpt lat="50.7181253" lon="-2.9556675">
        <ele>92</ele>
        <time>2023-08-22T14:18:13.000Z</time>
        <speed>0.000</speed>
      </trkpt>
      <trkpt lat="50.7181455" lon="-2.9556676">
        <ele>92</ele>
        <time>2023-08-22T14:18:18.000Z</time>
        <speed>0.000</speed>
      </trkpt>
      <trkpt lat="50.7181718" lon="-2.9556825">
        <ele>92</ele>
        <time>2023-08-22T14:18:23.000Z</time>
        <speed>0.847</speed>
      </trkpt>
      <trkpt lat="50.7182015" lon="-2.9556886">
        <ele>92</ele>
        <time>2023-08-22T14:18:28.000Z</time>
        <speed>0.892</speed>
      </trkpt>
      <trkpt lat="50.7182260" lon="-2.9556924">
        <ele>92</ele>
        <time>2023-08-22T14:18:33.000Z</time>
        <speed>0.908</speed>
      </trkpt>
      <trkpt lat="50.7182575" lon="-2.9556762">
        <ele>93</ele>
        <time>2023-08-22T14:18:38.000Z</time>
        <speed>0.844</speed>
      </trkpt>
      <trkpt lat="50.7182889" lon="-2.9556426">
        <ele>93</ele>
        <time>2023-08-22T14:18:43.000Z</time>
        <speed>0.883</speed>
      </trkpt>
      <trkpt lat="50.7183206" lon="-2.9555991">
        <ele>93</ele>
        <time>2023-08-22T14:18:48.000Z</time>
        <speed>0.447</speed>
      </trkpt>
      <trkpt lat="50.7183397" lon="-2.9555509">
        <ele>93</ele>
        <time>2023-08-22T14:19:08.000Z</time>
        <speed>0.000</speed>
      </trkpt>
      <trkpt lat="50.7183573" lon="-2.9554845">
        <ele>93</ele>
        <time>2023-08-22T14:19:13.000Z</time>
        <speed>0.000</speed>
      </trkpt>
      <trkpt lat="50.7183862" lon="-2.9554101">
        <ele>93</ele>
        <time>2023-08-22T14:19:18.000Z</time>
        <speed>1.128</speed>
      </trkpt>
      <trkpt lat="50.7184078" lon="-2.9553529">
        <ele>93</ele>
        <time>2023-08-22T14:19:23.000Z</time>
        <speed>1.100</speed>
      </trkpt>
      <trkpt lat="50.7184285" lon="-2.9552965">
        <ele>92</ele>
        <time>2023-08-22T14:19:28.000Z</time>
        <speed>1.125</speed>
      </trkpt>
      <trkpt lat="50.7184515" lon="-2.9552542">
        <ele>92</ele>
        <time>2023-08-22T14:19:33.000Z</time>
        <speed>1.164</speed>
      </trkpt>
      <trkpt lat="50.7184811" lon="-2.9551910">
        <ele>92</ele>
        <time>2023-08-22T14:19:38.000Z</time>
        <speed>1.203</speed>
      </trkpt>
      <trkpt lat="50.7185160" lon="-2.9551282">
        <ele>91</ele>
        <time>2023-08-22T14:19:43.000Z</time>
        <speed>1.242</speed>
      </trkpt>
      <trkpt lat="50.7185569" lon="-2.9550615">
        <ele>91</ele>
        <time>2023-08-22T14:19:48.000Z</time>
        <speed>1.239</speed>
      </trkpt>
      <trkpt lat="50.7185976" lon="-2.9549921">
        <ele>91</ele>
        <time>2023-08-22T14:19:53.000Z</time>
        <speed>1.236</speed>
      </trkpt>
      <trkpt lat="50.7186422" lon="-2.9549232">
        <ele>91</ele>
        <time>2023-08-22T14:19:58.000Z</time>
        <speed>1.222</speed>
      </trkpt>
      <trkpt lat="50.7186850" lon="-2.9548615">
        <ele>91</ele>
        <time>2023-08-22T14:20:03.000Z</time>
        <speed>1.225</speed>
      </trkpt>
      <trkpt lat="50.7187229" lon="-2.9548102">
        <ele>91</ele>
        <time>2023-08-22T14:20:08.000Z</time>
        <speed>1.217</speed>
      </trkpt>
      <trkpt lat="50.7187637" lon="-2.9547784">
        <ele>91</ele>
        <time>2023-08-22T14:20:13.000Z</time>
        <speed>1.208</speed>
      </trkpt>
      <trkpt lat="50.7188006" lon="-2.9547631">
        <ele>91</ele>
        <time>2023-08-22T14:20:18.000Z</time>
        <speed>1.158</speed>
      </trkpt>
      <trkpt lat="50.7188378" lon="-2.9547517">
        <ele>91</ele>
        <time>2023-08-22T14:20:23.000Z</time>
        <speed>1.139</speed>
      </trkpt>
      <trkpt lat="50.7188670" lon="-2.9547264">
        <ele>91</ele>
        <time>2023-08-22T14:20:28.000Z</time>
        <speed>1.086</speed>
      </trkpt>
      <trkpt lat="50.7189211" lon="-2.9546645">
        <ele>91</ele>
        <time>2023-08-22T14:20:33.000Z</time>
        <speed>1.069</speed>
      </trkpt>
      <trkpt lat="50.7189802" lon="-2.9545853">
        <ele>91</ele>
        <time>2023-08-22T14:20:38.000Z</time>
        <speed>1.072</speed>
      </trkpt>
      <trkpt lat="50.7190388" lon="-2.9545030">
        <ele>91</ele>
        <time>2023-08-22T14:20:43.000Z</time>
        <speed>1.081</speed>
      </trkpt>
      <trkpt lat="50.7190808" lon="-2.9544294">
        <ele>91</ele>
        <time>2023-08-22T14:20:48.000Z</time>
        <speed>1.122</speed>
      </trkpt>
      <trkpt lat="50.7191110" lon="-2.9543529">
        <ele>92</ele>
        <time>2023-08-22T14:20:53.000Z</time>
        <speed>1.131</speed>
      </trkpt>
      <trkpt lat="50.7191458" lon="-2.9542708">
        <ele>92</ele>
        <time>2023-08-22T14:20:58.000Z</time>
        <speed>1.103</speed>
      </trkpt>
      <trkpt lat="50.7191862" lon="-2.9541866">
        <ele>93</ele>
        <time>2023-08-22T14:21:03.000Z</time>
        <speed>1.089</speed>
      </trkpt>
      <trkpt lat="50.7192107" lon="-2.9541026">
        <ele>93</ele>
        <time>2023-08-22T14:21:08.000Z</time>
        <speed>1.086</speed>
      </trkpt>
      <trkpt lat="50.7192397" lon="-2.9540335">
        <ele>94</ele>
        <time>2023-08-22T14:21:13.000Z</time>
        <speed>1.094</speed>
      </trkpt>
      <trkpt lat="50.7192799" lon="-2.9539740">
        <ele>94</ele>
        <time>2023-08-22T14:21:18.000Z</time>
        <speed>1.128</speed>
      </trkpt>
      <trkpt lat="50.7193193" lon="-2.9539072">
        <ele>94</ele>
        <time>2023-08-22T14:21:23.000Z</time>
        <speed>1.139</speed>
      </trkpt>
      <trkpt lat="50.7193610" lon="-2.9538220">
        <ele>95</ele>
        <time>2023-08-22T14:21:28.000Z</time>
        <speed>1.178</speed>
      </trkpt>
      <trkpt lat="50.7194143" lon="-2.9537260">
        <ele>95</ele>
        <time>2023-08-22T14:21:33.000Z</time>
        <speed>1.194</speed>
      </trkpt>
      <trkpt lat="50.7194550" lon="-2.9536359">
        <ele>95</ele>
        <time>2023-08-22T14:21:38.000Z</time>
        <speed>1.267</speed>
      </trkpt>
      <trkpt lat="50.7194913" lon="-2.9535668">
        <ele>96</ele>
        <time>2023-08-22T14:21:43.000Z</time>
        <speed>1.325</speed>
      </trkpt>
      <trkpt lat="50.7195272" lon="-2.9534948">
        <ele>96</ele>
        <time>2023-08-22T14:21:48.000Z</time>
        <speed>1.325</speed>
      </trkpt>
      <trkpt lat="50.7195579" lon="-2.9534085">
        <ele>96</ele>
        <time>2023-08-22T14:21:53.000Z</time>
        <speed>1.311</speed>
      </trkpt>
      <trkpt lat="50.7195925" lon="-2.9533205">
        <ele>96</ele>
        <time>2023-08-22T14:21:58.000Z</time>
        <speed>1.319</speed>
      </trkpt>
      <trkpt lat="50.7196396" lon="-2.9532378">
        <ele>97</ele>
        <time>2023-08-22T14:22:03.000Z</time>
        <speed>1.353</speed>
      </trkpt>
      <trkpt lat="50.7196746" lon="-2.9531488">
        <ele>97</ele>
        <time>2023-08-22T14:22:08.000Z</time>
        <speed>1.375</speed>
      </trkpt>
      <trkpt lat="50.7197109" lon="-2.9530550">
        <ele>97</ele>
        <time>2023-08-22T14:22:13.000Z</time>
        <speed>1.392</speed>
      </trkpt>
      <trkpt lat="50.7197521" lon="-2.9529571">
        <ele>97</ele>
        <time>2023-08-22T14:22:18.000Z</time>
        <speed>1.403</speed>
      </trkpt>
      <trkpt lat="50.7197824" lon="-2.9528716">
        <ele>97</ele>
        <time>2023-08-22T14:22:23.000Z</time>
        <speed>1.414</speed>
      </trkpt>
      <trkpt lat="50.7198125" lon="-2.9527821">
        <ele>97</ele>
        <time>2023-08-22T14:22:28.000Z</time>
        <speed>1.422</speed>
      </trkpt>
      <trkpt lat="50.7198450" lon="-2.9526888">
        <ele>97</ele>
        <time>2023-08-22T14:22:33.000Z</time>
        <speed>1.442</speed>
      </trkpt>
      <trkpt lat="50.7198717" lon="-2.9525943">
        <ele>97</ele>
        <time>2023-08-22T14:22:38.000Z</time>
        <speed>1.453</speed>
      </trkpt>
      <trkpt lat="50.7199034" lon="-2.9525013">
        <ele>97</ele>
        <time>2023-08-22T14:22:43.000Z</time>
        <speed>1.444</speed>
      </trkpt>
      <trkpt lat="50.7199271" lon="-2.9524088">
        <ele>97</ele>
        <time>2023-08-22T14:22:48.000Z</time>
        <speed>1.433</speed>
      </trkpt>
      <trkpt lat="50.7199442" lon="-2.9523184">
        <ele>97</ele>
        <time>2023-08-22T14:22:53.000Z</time>
        <speed>1.431</speed>
      </trkpt>
      <trkpt lat="50.7199566" lon="-2.9522286">
        <ele>97</ele>
        <time>2023-08-22T14:22:58.000Z</time>
        <speed>1.428</speed>
      </trkpt>
      <trkpt lat="50.7199799" lon="-2.9521247">
        <ele>97</ele>
        <time>2023-08-22T14:23:03.000Z</time>
        <speed>1.425</speed>
      </trkpt>
      <trkpt lat="50.7200126" lon="-2.9520195">
        <ele>97</ele>
        <time>2023-08-22T14:23:08.000Z</time>
        <speed>1.444</speed>
      </trkpt>
      <trkpt lat="50.7200413" lon="-2.9519186">
        <ele>97</ele>
        <time>2023-08-22T14:23:13.000Z</time>
        <speed>1.464</speed>
      </trkpt>
      <trkpt lat="50.7200706" lon="-2.9518343">
        <ele>97</ele>
        <time>2023-08-22T14:23:18.000Z</time>
        <speed>1.461</speed>
      </trkpt>
      <trkpt lat="50.7201120" lon="-2.9517537">
        <ele>97</ele>
        <time>2023-08-22T14:23:23.000Z</time>
        <speed>1.425</speed>
      </trkpt>
      <trkpt lat="50.7201610" lon="-2.9516658">
        <ele>98</ele>
        <time>2023-08-22T14:23:28.000Z</time>
        <speed>1.408</speed>
      </trkpt>
      <trkpt lat="50.7202027" lon="-2.9515778">
        <ele>98</ele>
        <time>2023-08-22T14:23:33.000Z</time>
        <speed>1.422</speed>
      </trkpt>
      <trkpt lat="50.7202315" lon="-2.9514979">
        <ele>98</ele>
        <time>2023-08-22T14:23:38.000Z</time>
        <speed>1.447</speed>
      </trkpt>
      <trkpt lat="50.7202626" lon="-2.9514168">
        <ele>97</ele>
        <time>2023-08-22T14:23:43.000Z</time>
        <speed>1.458</speed>
      </trkpt>
      <trkpt lat="50.7202927" lon="-2.9513482">
        <ele>97</ele>
        <time>2023-08-22T14:23:48.000Z</time>
        <speed>1.456</speed>
      </trkpt>
      <trkpt lat="50.7203267" lon="-2.9512777">
        <ele>97</ele>
        <time>2023-08-22T14:23:53.000Z</time>
        <speed>1.453</speed>
      </trkpt>
      <trkpt lat="50.7203754" lon="-2.9512036">
        <ele>96</ele>
        <time>2023-08-22T14:23:58.000Z</time>
        <speed>1.453</speed>
      </trkpt>
      <trkpt lat="50.7204207" lon="-2.9511104">
        <ele>95</ele>
        <time>2023-08-22T14:24:03.000Z</time>
        <speed>1.456</speed>
      </trkpt>
      <trkpt lat="50.7204379" lon="-2.9510028">
        <ele>95</ele>
        <time>2023-08-22T14:24:08.000Z</time>
        <speed>1.469</speed>
      </trkpt>
      <trkpt lat="50.7204336" lon="-2.9508850">
        <ele>94</ele>
        <time>2023-08-22T14:24:13.000Z</time>
        <speed>1.475</speed>
      </trkpt>
      <trkpt lat="50.7204405" lon="-2.9507687">
        <ele>94</ele>
        <time>2023-08-22T14:24:18.000Z</time>
        <speed>1.475</speed>
      </trkpt>
      <trkpt lat="50.7204512" lon="-2.9506716">
        <ele>94</ele>
        <time>2023-08-22T14:24:23.000Z</time>
        <speed>1.464</speed>
      </trkpt>
      <trkpt lat="50.7204685" lon="-2.9506038">
        <ele>93</ele>
        <time>2023-08-22T14:24:37.000Z</time>
        <speed>1.203</speed>
      </trkpt>
      <trkpt lat="50.7204931" lon="-2.9505211">
        <ele>93</ele>
        <time>2023-08-22T14:24:42.000Z</time>
        <speed>1.281</speed>
      </trkpt>
      <trkpt lat="50.7205210" lon="-2.9504499">
        <ele>93</ele>
        <time>2023-08-22T14:24:47.000Z</time>
        <speed>1.231</speed>
      </trkpt>
      <trkpt lat="50.7205529" lon="-2.9503915">
        <ele>93</ele>
        <time>2023-08-22T14:24:52.000Z</time>
        <speed>1.200</speed>
      </trkpt>
      <trkpt lat="50.7205943" lon="-2.9503315">
        <ele>93</ele>
        <time>2023-08-22T14:24:57.000Z</time>
        <speed>1.164</speed>
      </trkpt>
      <trkpt lat="50.7206364" lon="-2.9502666">
        <ele>93</ele>
        <time>2023-08-22T14:25:02.000Z</time>
        <speed>1.136</speed>
      </trkpt>
      <trkpt lat="50.7206766" lon="-2.9501818">
        <ele>93</ele>
        <time>2023-08-22T14:25:07.000Z</time>
        <speed>1.136</speed>
      </trkpt>
      <trkpt lat="50.7206971" lon="-2.9500790">
        <ele>93</ele>
        <time>2023-08-22T14:25:12.000Z</time>
        <speed>1.144</speed>
      </trkpt>
      <trkpt lat="50.7206984" lon="-2.9499766">
        <ele>93</ele>
        <time>2023-08-22T14:25:17.000Z</time>
        <speed>1.164</speed>
      </trkpt>
      <trkpt lat="50.7207252" lon="-2.9498952">
        <ele>92</ele>
        <time>2023-08-22T14:25:22.000Z</time>
        <speed>1.189</speed>
      </trkpt>
      <trkpt lat="50.7207642" lon="-2.9498183">
        <ele>92</ele>
        <time>2023-08-22T14:25:27.000Z</time>
        <speed>1.208</speed>
      </trkpt>
      <trkpt lat="50.7208014" lon="-2.9497384">
        <ele>92</ele>
        <time>2023-08-22T14:25:32.000Z</time>
        <speed>1.225</speed>
      </trkpt>
      <trkpt lat="50.7208316" lon="-2.9496658">
        <ele>92</ele>
        <time>2023-08-22T14:25:37.000Z</time>
        <speed>1.239</speed>
      </trkpt>
      <trkpt lat="50.7208476" lon="-2.9495829">
        <ele>92</ele>
        <time>2023-08-22T14:25:42.000Z</time>
        <speed>1.247</speed>
      </trkpt>
      <trkpt lat="50.7208559" lon="-2.9494865">
        <ele>93</ele>
        <time>2023-08-22T14:25:47.000Z</time>
        <speed>1.247</speed>
      </trkpt>
      <trkpt lat="50.7208532" lon="-2.9493973">
        <ele>93</ele>
        <time>2023-08-22T14:25:52.000Z</time>
        <speed>1.247</speed>
      </trkpt>
      <trkpt lat="50.7208518" lon="-2.9493091">
        <ele>92</ele>
        <time>2023-08-22T14:25:57.000Z</time>
        <speed>1.253</speed>
      </trkpt>
      <trkpt lat="50.7208642" lon="-2.9492276">
        <ele>92</ele>
        <time>2023-08-22T14:26:02.000Z</time>
        <speed>1.261</speed>
      </trkpt>
      <trkpt lat="50.7208829" lon="-2.9491514">
        <ele>91</ele>
        <time>2023-08-22T14:26:07.000Z</time>
        <speed>1.267</speed>
      </trkpt>
      <trkpt lat="50.7208939" lon="-2.9490756">
        <ele>91</ele>
        <time>2023-08-22T14:26:12.000Z</time>
        <speed>1.278</speed>
      </trkpt>
      <trkpt lat="50.7209023" lon="-2.9489969">
        <ele>90</ele>
        <time>2023-08-22T14:26:17.000Z</time>
        <speed>1.289</speed>
      </trkpt>
      <trkpt lat="50.7209148" lon="-2.9489216">
        <ele>90</ele>
        <time>2023-08-22T14:26:22.000Z</time>
        <speed>1.275</speed>
      </trkpt>
      <trkpt lat="50.7209300" lon="-2.9488697">
        <ele>90</ele>
        <time>2023-08-22T14:26:27.000Z</time>
        <speed>1.222</speed>
      </trkpt>
      <trkpt lat="50.7209279" lon="-2.9488132">
        <ele>89</ele>
        <time>2023-08-22T14:26:40.000Z</time>
        <speed>0.000</speed>
      </trkpt>
      <trkpt lat="50.7208981" lon="-2.9487529">
        <ele>88</ele>
        <time>2023-08-22T14:27:49.000Z</time>
        <speed>0.939</speed>
      </trkpt>
      <trkpt lat="50.7208943" lon="-2.9487221">
        <ele>88</ele>
        <time>2023-08-22T14:28:30.000Z</time>
        <speed>0.536</speed>
      </trkpt>
      <trkpt lat="50.7208847" lon="-2.9486656">
        <ele>88</ele>
        <time>2023-08-22T14:28:35.000Z</time>
        <speed>1.064</speed>
      </trkpt>
      <trkpt lat="50.7208671" lon="-2.9485888">
        <ele>88</ele>
        <time>2023-08-22T14:28:40.000Z</time>
        <speed>1.128</speed>
      </trkpt>
      <trkpt lat="50.7208474" lon="-2.9484961">
        <ele>88</ele>
        <time>2023-08-22T14:28:45.000Z</time>
        <speed>1.172</speed>
      </trkpt>
      <trkpt lat="50.7208396" lon="-2.9483939">
        <ele>88</ele>
        <time>2023-08-22T14:28:50.000Z</time>
        <speed>1.189</speed>
      </trkpt>
      <trkpt lat="50.7208370" lon="-2.9482976">
        <ele>88</ele>
        <time>2023-08-22T14:28:55.000Z</time>
        <speed>1.208</speed>
      </trkpt>
      <trkpt lat="50.7208273" lon="-2.9482039">
        <ele>87</ele>
        <time>2023-08-22T14:29:00.000Z</time>
        <speed>1.239</speed>
      </trkpt>
      <trkpt lat="50.7208160" lon="-2.9481104">
        <ele>87</ele>
        <time>2023-08-22T14:29:05.000Z</time>
        <speed>1.242</speed>
      </trkpt>
      <trkpt lat="50.7208061" lon="-2.9480144">
        <ele>87</ele>
        <time>2023-08-22T14:29:10.000Z</time>
        <speed>1.256</speed>
      </trkpt>
      <trkpt lat="50.7207944" lon="-2.9479256">
        <ele>86</ele>
        <time>2023-08-22T14:29:15.000Z</time>
        <speed>1.264</speed>
      </trkpt>
      <trkpt lat="50.7207808" lon="-2.9478372">
        <ele>86</ele>
        <time>2023-08-22T14:29:20.000Z</time>
        <speed>1.267</speed>
      </trkpt>
      <trkpt lat="50.7207693" lon="-2.9477470">
        <ele>86</ele>
        <time>2023-08-22T14:29:25.000Z</time>
        <speed>1.264</speed>
      </trkpt>
      <trkpt lat="50.7207611" lon="-2.9476599">
        <ele>86</ele>
        <time>2023-08-22T14:29:30.000Z</time>
        <speed>1.256</speed>
      </trkpt>
      <trkpt lat="50.7207541" lon="-2.9475721">
        <ele>86</ele>
        <time>2023-08-22T14:29:35.000Z</time>
        <speed>1.261</speed>
      </trkpt>
      <trkpt lat="50.7207351" lon="-2.9474870">
        <ele>85</ele>
        <time>2023-08-22T14:29:40.000Z</time>
        <speed>1.272</speed>
      </trkpt>
      <trkpt lat="50.7207009" lon="-2.9474268">
        <ele>85</ele>
        <time>2023-08-22T14:29:45.000Z</time>
        <speed>1.269</speed>
      </trkpt>
      <trkpt lat="50.7206698" lon="-2.9473503">
        <ele>84</ele>
        <time>2023-08-22T14:29:50.000Z</time>
        <speed>1.239</speed>
      </trkpt>
      <trkpt lat="50.7206528" lon="-2.9472683">
        <ele>84</ele>
        <time>2023-08-22T14:29:55.000Z</time>
        <speed>1.231</speed>
      </trkpt>
      <trkpt lat="50.7206351" lon="-2.9471849">
        <ele>83</ele>
        <time>2023-08-22T14:30:00.000Z</time>
        <speed>1.228</speed>
      </trkpt>
      <trkpt lat="50.7206168" lon="-2.9470963">
        <ele>82</ele>
        <time>2023-08-22T14:30:05.000Z</time>
        <speed>1.236</speed>
      </trkpt>
      <trkpt lat="50.7206140" lon="-2.9470049">
        <ele>81</ele>
        <time>2023-08-22T14:30:10.000Z</time>
        <speed>1.303</speed>
      </trkpt>
      <trkpt lat="50.7206288" lon="-2.9469138">
        <ele>80</ele>
        <time>2023-08-22T14:30:15.000Z</time>
        <speed>1.331</speed>
      </trkpt>
      <trkpt lat="50.7206329" lon="-2.9468202">
        <ele>79</ele>
        <time>2023-08-22T14:30:20.000Z</time>
        <speed>1.342</speed>
      </trkpt>
      <trkpt lat="50.7206408" lon="-2.9467287">
        <ele>79</ele>
        <time>2023-08-22T14:30:25.000Z</time>
        <speed>1.339</speed>
      </trkpt>
      <trkpt lat="50.7206347" lon="-2.9466384">
        <ele>79</ele>
        <time>2023-08-22T14:30:30.000Z</time>
        <speed>1.331</speed>
      </trkpt>
      <trkpt lat="50.7206098" lon="-2.9465469">
        <ele>79</ele>
        <time>2023-08-22T14:30:35.000Z</time>
        <speed>1.328</speed>
      </trkpt>
      <trkpt lat="50.7205788" lon="-2.9464628">
        <ele>79</ele>
        <time>2023-08-22T14:30:40.000Z</time>
        <speed>1.297</speed>
      </trkpt>
      <trkpt lat="50.7205384" lon="-2.9463839">
        <ele>79</ele>
        <time>2023-08-22T14:30:45.000Z</time>
        <speed>1.289</speed>
      </trkpt>
      <trkpt lat="50.7205073" lon="-2.9463048">
        <ele>79</ele>
        <time>2023-08-22T14:30:50.000Z</time>
        <speed>1.294</speed>
      </trkpt>
      <trkpt lat="50.7204784" lon="-2.9462222">
        <ele>79</ele>
        <time>2023-08-22T14:30:55.000Z</time>
        <speed>1.303</speed>
      </trkpt>
      <trkpt lat="50.7204483" lon="-2.9461525">
        <ele>78</ele>
        <time>2023-08-22T14:31:00.000Z</time>
        <speed>1.317</speed>
      </trkpt>
      <trkpt lat="50.7204158" lon="-2.9460785">
        <ele>78</ele>
        <time>2023-08-22T14:31:05.000Z</time>
        <speed>1.317</speed>
      </trkpt>
      <trkpt lat="50.7203889" lon="-2.9459852">
        <ele>77</ele>
        <time>2023-08-22T14:31:10.000Z</time>
        <speed>1.328</speed>
      </trkpt>
      <trkpt lat="50.7203946" lon="-2.9459216">
        <ele>76</ele>
        <time>2023-08-22T14:31:15.000Z</time>
        <speed>1.339</speed>
      </trkpt>
      <trkpt lat="50.7204301" lon="-2.9458786">
        <ele>75</ele>
        <time>2023-08-22T14:31:28.000Z</time>
        <speed>0.000</speed>
      </trkpt>
      <trkpt lat="50.7204671" lon="-2.9458417">
        <ele>75</ele>
        <time>2023-08-22T14:31:33.000Z</time>
        <speed>0.000</speed>
      </trkpt>
      <trkpt lat="50.7205109" lon="-2.9457678">
        <ele>75</ele>
        <time>2023-08-22T14:31:38.000Z</time>
        <speed>1.189</speed>
      </trkpt>
      <trkpt lat="50.7205428" lon="-2.9457252">
        <ele>75</ele>
        <time>2023-08-22T14:31:43.000Z</time>
        <speed>1.089</speed>
      </trkpt>
      <trkpt lat="50.7205884" lon="-2.9457306">
        <ele>75</ele>
        <time>2023-08-22T14:31:48.000Z</time>
        <speed>1.039</speed>
      </trkpt>
      <trkpt lat="50.7206218" lon="-2.9457075">
        <ele>77</ele>
        <time>2023-08-22T14:34:42.000Z</time>
        <speed>0.936</speed>
      </trkpt>
      <trkpt lat="50.7206303" lon="-2.9456502">
        <ele>77</ele>
        <time>2023-08-22T14:34:47.000Z</time>
        <speed>1.094</speed>
      </trkpt>
      <trkpt lat="50.7206495" lon="-2.9455781">
        <ele>77</ele>
        <time>2023-08-22T14:34:52.000Z</time>
        <speed>1.456</speed>
      </trkpt>
      <trkpt lat="50.7206883" lon="-2.9455154">
        <ele>77</ele>
        <time>2023-08-22T14:34:57.000Z</time>
        <speed>1.417</speed>
      </trkpt>
      <trkpt lat="50.7207292" lon="-2.9454599">
        <ele>76</ele>
        <time>2023-08-22T14:35:02.000Z</time>
        <speed>1.300</speed>
      </trkpt>
      <trkpt lat="50.7207691" lon="-2.9454100">
        <ele>76</ele>
        <time>2023-08-22T14:35:07.000Z</time>
        <speed>1.172</speed>
      </trkpt>
      <trkpt lat="50.7208136" lon="-2.9453518">
        <ele>75</ele>
        <time>2023-08-22T14:35:12.000Z</time>
        <speed>1.169</speed>
      </trkpt>
      <trkpt lat="50.7208541" lon="-2.9452885">
        <ele>75</ele>
        <time>2023-08-22T14:35:17.000Z</time>
        <speed>1.183</speed>
      </trkpt>
      <trkpt lat="50.7208928" lon="-2.9452277">
        <ele>75</ele>
        <time>2023-08-22T14:35:22.000Z</time>
        <speed>1.192</speed>
      </trkpt>
      <trkpt lat="50.7209336" lon="-2.9451587">
        <ele>74</ele>
        <time>2023-08-22T14:35:27.000Z</time>
        <speed>1.200</speed>
      </trkpt>
      <trkpt lat="50.7209771" lon="-2.9450999">
        <ele>74</ele>
        <time>2023-08-22T14:35:32.000Z</time>
        <speed>1.203</speed>
      </trkpt>
      <trkpt lat="50.7210169" lon="-2.9450468">
        <ele>73</ele>
        <time>2023-08-22T14:35:37.000Z</time>
        <speed>1.236</speed>
      </trkpt>
      <trkpt lat="50.7210556" lon="-2.9449954">
        <ele>73</ele>
        <time>2023-08-22T14:35:42.000Z</time>
        <speed>1.239</speed>
      </trkpt>
      <trkpt lat="50.7210980" lon="-2.9449543">
        <ele>72</ele>
        <time>2023-08-22T14:35:47.000Z</time>
        <speed>1.217</speed>
      </trkpt>
      <trkpt lat="50.7211502" lon="-2.9449194">
        <ele>71</ele>
        <time>2023-08-22T14:35:52.000Z</time>
        <speed>1.206</speed>
      </trkpt>
      <trkpt lat="50.7211995" lon="-2.9448679">
        <ele>71</ele>
        <time>2023-08-22T14:35:57.000Z</time>
        <speed>1.211</speed>
      </trkpt>
      <trkpt lat="50.7212449" lon="-2.9448037">
        <ele>70</ele>
        <time>2023-08-22T14:36:02.000Z</time>
        <speed>1.222</speed>
      </trkpt>
      <trkpt lat="50.7212864" lon="-2.9447515">
        <ele>70</ele>
        <time>2023-08-22T14:36:12.000Z</time>
        <speed>0.000</speed>
      </trkpt>
      <trkpt lat="50.7213079" lon="-2.9446967">
        <ele>69</ele>
        <time>2023-08-22T14:36:17.000Z</time>
        <speed>1.242</speed>
      </trkpt>
      <trkpt lat="50.7213296" lon="-2.9446065">
        <ele>69</ele>
        <time>2023-08-22T14:36:22.000Z</time>
        <speed>1.264</speed>
      </trkpt>
      <trkpt lat="50.7213548" lon="-2.9445151">
        <ele>69</ele>
        <time>2023-08-22T14:36:27.000Z</time>
        <speed>1.261</speed>
      </trkpt>
      <trkpt lat="50.7213744" lon="-2.9444216">
        <ele>68</ele>
        <time>2023-08-22T14:36:32.000Z</time>
        <speed>1.264</speed>
      </trkpt>
      <trkpt lat="50.7213892" lon="-2.9443219">
        <ele>68</ele>
        <time>2023-08-22T14:36:37.000Z</time>
        <speed>1.283</speed>
      </trkpt>
      <trkpt lat="50.7213955" lon="-2.9442269">
        <ele>67</ele>
        <time>2023-08-22T14:36:42.000Z</time>
        <speed>1.294</speed>
      </trkpt>
      <trkpt lat="50.7214033" lon="-2.9441351">
        <ele>67</ele>
        <time>2023-08-22T14:36:47.000Z</time>
        <speed>1.297</speed>
      </trkpt>
      <trkpt lat="50.7214252" lon="-2.9440463">
        <ele>67</ele>
        <time>2023-08-22T14:36:52.000Z</time>
        <speed>1.294</speed>
      </trkpt>
      <trkpt lat="50.7214497" lon="-2.9439872">
        <ele>66</ele>
        <time>2023-08-22T14:36:57.000Z</time>
        <speed>1.289</speed>
      </trkpt>
      <trkpt lat="50.7214912" lon="-2.9439666">
        <ele>65</ele>
        <time>2023-08-22T14:37:02.000Z</time>
        <speed>1.269</speed>
      </trkpt>
      <trkpt lat="50.7215350" lon="-2.9439409">
        <ele>64</ele>
        <time>2023-08-22T14:37:07.000Z</time>
        <speed>1.250</speed>
      </trkpt>
      <trkpt lat="50.7215664" lon="-2.9438867">
        <ele>64</ele>
        <time>2023-08-22T14:37:12.000Z</time>
        <speed>1.242</speed>
      </trkpt>
      <trkpt lat="50.7215897" lon="-2.9438111">
        <ele>64</ele>
        <time>2023-08-22T14:37:17.000Z</time>
        <speed>1.242</speed>
      </trkpt>
      <trkpt lat="50.7216225" lon="-2.9437355">
        <ele>63</ele>
        <time>2023-08-22T14:37:22.000Z</time>
        <speed>1.244</speed>
      </trkpt>
      <trkpt lat="50.7216614" lon="-2.9436598">
        <ele>63</ele>
        <time>2023-08-22T14:37:27.000Z</time>
        <speed>1.258</speed>
      </trkpt>
      <trkpt lat="50.7217046" lon="-2.9435897">
        <ele>63</ele>
        <time>2023-08-22T14:37:32.000Z</time>
        <speed>1.256</speed>
      </trkpt>
      <trkpt lat="50.7217438" lon="-2.9435179">
        <ele>63</ele>
        <time>2023-08-22T14:37:37.000Z</time>
        <speed>1.244</speed>
      </trkpt>
      <trkpt lat="50.7217811" lon="-2.9434443">
        <ele>63</ele>
        <time>2023-08-22T14:37:42.000Z</time>
        <speed>1.233</speed>
      </trkpt>
      <trkpt lat="50.7218100" lon="-2.9433647">
        <ele>63</ele>
        <time>2023-08-22T14:37:47.000Z</time>
        <speed>1.239</speed>
      </trkpt>
      <trkpt lat="50.7218364" lon="-2.9432833">
        <ele>63</ele>
        <time>2023-08-22T14:37:52.000Z</time>
        <speed>1.239</speed>
      </trkpt>
      <trkpt lat="50.7218669" lon="-2.9432128">
        <ele>63</ele>
        <time>2023-08-22T14:37:57.000Z</time>
        <speed>1.242</speed>
      </trkpt>
      <trkpt lat="50.7218873" lon="-2.9431543">
        <ele>64</ele>
        <time>2023-08-22T14:38:08.000Z</time>
        <speed>0.614</speed>
      </trkpt>
      <trkpt lat="50.7218551" lon="-2.9431352">
        <ele>64</ele>
        <time>2023-08-22T14:38:13.000Z</time>
        <speed>1.311</speed>
      </trkpt>
      <trkpt lat="50.7218009" lon="-2.9431239">
        <ele>64</ele>
        <time>2023-08-22T14:38:18.000Z</time>
        <speed>1.300</speed>
      </trkpt>
      <trkpt lat="50.7217522" lon="-2.9431103">
        <ele>63</ele>
        <time>2023-08-22T14:38:23.000Z</time>
        <speed>1.317</speed>
      </trkpt>
      <trkpt lat="50.7216857" lon="-2.9431009">
        <ele>61</ele>
        <time>2023-08-22T14:38:47.000Z</time>
        <speed>0.000</speed>
      </trkpt>
      <trkpt lat="50.7216489" lon="-2.9430751">
        <ele>61</ele>
        <time>2023-08-22T14:38:52.000Z</time>
        <speed>1.494</speed>
      </trkpt>
      <trkpt lat="50.7216293" lon="-2.9430291">
        <ele>60</ele>
        <time>2023-08-22T14:38:57.000Z</time>
        <speed>1.047</speed>
      </trkpt>
      <trkpt lat="50.7216153" lon="-2.9429912">
        <ele>60</ele>
        <time>2023-08-22T14:39:02.000Z</time>
        <speed>0.953</speed>
      </trkpt>
      <trkpt lat="50.7215931" lon="-2.9429593">
        <ele>59</ele>
        <time>2023-08-22T14:39:07.000Z</time>
        <speed>0.950</speed>
      </trkpt>
      <trkpt lat="50.7215532" lon="-2.9429246">
        <ele>58</ele>
        <time>2023-08-22T14:39:12.000Z</time>
        <speed>0.956</speed>
      </trkpt>
      <trkpt lat="50.7215111" lon="-2.9428963">
        <ele>57</ele>
        <time>2023-08-22T14:39:17.000Z</time>
        <speed>0.958</speed>
      </trkpt>
      <trkpt lat="50.7214710" lon="-2.9428512">
        <ele>57</ele>
        <time>2023-08-22T14:39:22.000Z</time>
        <speed>0.956</speed>
      </trkpt>
      <trkpt lat="50.7214425" lon="-2.9427863">
        <ele>56</ele>
        <time>2023-08-22T14:39:27.000Z</time>
        <speed>0.956</speed>
      </trkpt>
      <trkpt lat="50.7214256" lon="-2.9427269">
        <ele>55</ele>
        <time>2023-08-22T14:39:32.000Z</time>
        <speed>0.958</speed>
      </trkpt>
      <trkpt lat="50.7214169" lon="-2.9426633">
        <ele>54</ele>
        <time>2023-08-22T14:39:37.000Z</time>
        <speed>0.961</speed>
      </trkpt>
      <trkpt lat="50.7214193" lon="-2.9425824">
        <ele>54</ele>
        <time>2023-08-22T14:39:42.000Z</time>
        <speed>0.994</speed>
      </trkpt>
      <trkpt lat="50.7214274" lon="-2.9424998">
        <ele>53</ele>
        <time>2023-08-22T14:39:47.000Z</time>
        <speed>1.011</speed>
      </trkpt>
      <trkpt lat="50.7214288" lon="-2.9424261">
        <ele>52</ele>
        <time>2023-08-22T14:39:52.000Z</time>
        <speed>1.072</speed>
      </trkpt>
      <trkpt lat="50.7214237" lon="-2.9423593">
        <ele>52</ele>
        <time>2023-08-22T14:39:57.000Z</time>
        <speed>1.089</speed>
      </trkpt>
      <trkpt lat="50.7214081" lon="-2.9422757">
        <ele>51</ele>
        <time>2023-08-22T14:40:02.000Z</time>
        <speed>1.125</speed>
      </trkpt>
      <trkpt lat="50.7213884" lon="-2.9421986">
        <ele>50</ele>
        <time>2023-08-22T14:40:07.000Z</time>
        <speed>1.139</speed>
      </trkpt>
      <trkpt lat="50.7213623" lon="-2.9421429">
        <ele>50</ele>
        <time>2023-08-22T14:40:12.000Z</time>
        <speed>1.178</speed>
      </trkpt>
      <trkpt lat="50.7213365" lon="-2.9421008">
        <ele>49</ele>
        <time>2023-08-22T14:40:17.000Z</time>
        <speed>1.189</speed>
      </trkpt>
      <trkpt lat="50.7213065" lon="-2.9420502">
        <ele>48</ele>
        <time>2023-08-22T14:40:22.000Z</time>
        <speed>1.122</speed>
      </trkpt>
      <trkpt lat="50.7212706" lon="-2.9420058">
        <ele>47</ele>
        <time>2023-08-22T14:40:27.000Z</time>
        <speed>1.103</speed>
      </trkpt>
      <trkpt lat="50.7212376" lon="-2.9419861">
        <ele>46</ele>
        <time>2023-08-22T14:40:32.000Z</time>
        <speed>1.078</speed>
      </trkpt>
      <trkpt lat="50.7212179" lon="-2.9419541">
        <ele>45</ele>
        <time>2023-08-22T14:40:37.000Z</time>
        <speed>1.078</speed>
      </trkpt>
      <trkpt lat="50.7212042" lon="-2.9419095">
        <ele>44</ele>
        <time>2023-08-22T14:40:42.000Z</time>
        <speed>1.086</speed>
      </trkpt>
      <trkpt lat="50.7211744" lon="-2.9418527">
        <ele>43</ele>
        <time>2023-08-22T14:40:47.000Z</time>
        <speed>1.081</speed>
      </trkpt>
      <trkpt lat="50.7211441" lon="-2.9417945">
        <ele>41</ele>
        <time>2023-08-22T14:40:52.000Z</time>
        <speed>1.044</speed>
      </trkpt>
      <trkpt lat="50.7211195" lon="-2.9417539">
        <ele>40</ele>
        <time>2023-08-22T14:40:57.000Z</time>
        <speed>1.033</speed>
      </trkpt>
      <trkpt lat="50.7210946" lon="-2.9417220">
        <ele>39</ele>
        <time>2023-08-22T14:41:02.000Z</time>
        <speed>0.983</speed>
      </trkpt>
      <trkpt lat="50.7210694" lon="-2.9416989">
        <ele>38</ele>
        <time>2023-08-22T14:41:07.000Z</time>
        <speed>0.964</speed>
      </trkpt>
      <trkpt lat="50.7210472" lon="-2.9416691">
        <ele>37</ele>
        <time>2023-08-22T14:41:12.000Z</time>
        <speed>0.908</speed>
      </trkpt>
      <trkpt lat="50.7210161" lon="-2.9416169">
        <ele>33</ele>
        <time>2023-08-22T14:41:32.000Z</time>
        <speed>0.931</speed>
      </trkpt>
      <trkpt lat="50.7209897" lon="-2.9415595">
        <ele>33</ele>
        <time>2023-08-22T14:41:37.000Z</time>
        <speed>0.925</speed>
      </trkpt>
      <trkpt lat="50.7209592" lon="-2.9415026">
        <ele>29</ele>
        <time>2023-08-22T14:41:57.000Z</time>
        <speed>0.742</speed>
      </trkpt>
      <trkpt lat="50.7209456" lon="-2.9414386">
        <ele>28</ele>
        <time>2023-08-22T14:42:02.000Z</time>
        <speed>0.689</speed>
      </trkpt>
      <trkpt lat="50.7209273" lon="-2.9414081">
        <ele>27</ele>
        <time>2023-08-22T14:42:07.000Z</time>
        <speed>0.700</speed>
      </trkpt>
      <trkpt lat="50.7209132" lon="-2.9413936">
        <ele>26</ele>
        <time>2023-08-22T14:42:12.000Z</time>
        <speed>0.733</speed>
      </trkpt>
      <trkpt lat="50.7209032" lon="-2.9413565">
        <ele>25</ele>
        <time>2023-08-22T14:42:17.000Z</time>
        <speed>0.728</speed>
      </trkpt>
      <trkpt lat="50.7208966" lon="-2.9413035">
        <ele>24</ele>
        <time>2023-08-22T14:42:22.000Z</time>
        <speed>0.728</speed>
      </trkpt>
      <trkpt lat="50.7208785" lon="-2.9412611">
        <ele>24</ele>
        <time>2023-08-22T14:42:27.000Z</time>
        <speed>0.733</speed>
      </trkpt>
      <trkpt lat="50.7208486" lon="-2.9412319">
        <ele>23</ele>
        <time>2023-08-22T14:42:32.000Z</time>
        <speed>0.761</speed>
      </trkpt>
      <trkpt lat="50.7208108" lon="-2.9412027">
        <ele>22</ele>
        <time>2023-08-22T14:42:37.000Z</time>
        <speed>0.783</speed>
      </trkpt>
      <trkpt lat="50.7207821" lon="-2.9411700">
        <ele>21</ele>
        <time>2023-08-22T14:42:42.000Z</time>
        <speed>0.797</speed>
      </trkpt>
      <trkpt lat="50.7207616" lon="-2.9411264">
        <ele>20</ele>
        <time>2023-08-22T14:42:47.000Z</time>
        <speed>0.806</speed>
      </trkpt>
      <trkpt lat="50.7207351" lon="-2.9410817">
        <ele>20</ele>
        <time>2023-08-22T14:42:52.000Z</time>
        <speed>0.803</speed>
      </trkpt>
      <trkpt lat="50.7207098" lon="-2.9410392">
        <ele>19</ele>
        <time>2023-08-22T14:42:57.000Z</time>
        <speed>0.769</speed>
      </trkpt>
      <trkpt lat="50.7206852" lon="-2.9410102">
        <ele>18</ele>
        <time>2023-08-22T14:43:02.000Z</time>
        <speed>0.717</speed>
      </trkpt>
      <trkpt lat="50.7206390" lon="-2.9409817">
        <ele>17</ele>
        <time>2023-08-22T14:43:15.000Z</time>
        <speed>0.678</speed>
      </trkpt>
      <trkpt lat="50.7205952" lon="-2.9409582">
        <ele>16</ele>
        <time>2023-08-22T14:43:20.000Z</time>
        <speed>0.686</speed>
      </trkpt>
      <trkpt lat="50.7205649" lon="-2.9409403">
        <ele>16</ele>
        <time>2023-08-22T14:43:25.000Z</time>
        <speed>0.692</speed>
      </trkpt>
      <trkpt lat="50.7205296" lon="-2.9409248">
        <ele>15</ele>
        <time>2023-08-22T14:43:30.000Z</time>
        <speed>0.694</speed>
      </trkpt>
      <trkpt lat="50.7205040" lon="-2.9409119">
        <ele>14</ele>
        <time>2023-08-22T14:43:35.000Z</time>
        <speed>0.694</speed>
      </trkpt>
      <trkpt lat="50.7204715" lon="-2.9408851">
        <ele>13</ele>
        <time>2023-08-22T14:43:40.000Z</time>
        <speed>0.681</speed>
      </trkpt>
      <trkpt lat="50.7204258" lon="-2.9408533">
        <ele>13</ele>
        <time>2023-08-22T14:43:45.000Z</time>
        <speed>0.681</speed>
      </trkpt>
      <trkpt lat="50.7203776" lon="-2.9408258">
        <ele>12</ele>
        <time>2023-08-22T14:43:50.000Z</time>
        <speed>0.744</speed>
      </trkpt>
      <trkpt lat="50.7203318" lon="-2.9407907">
        <ele>12</ele>
        <time>2023-08-22T14:43:55.000Z</time>
        <speed>0.769</speed>
      </trkpt>
      <trkpt lat="50.7202812" lon="-2.9407546">
        <ele>12</ele>
        <time>2023-08-22T14:44:00.000Z</time>
        <speed>0.817</speed>
      </trkpt>
      <trkpt lat="50.7202688" lon="-2.9407094">
        <ele>12</ele>
        <time>2023-08-22T14:44:05.000Z</time>
        <speed>0.828</speed>
      </trkpt>
      <trkpt lat="50.7202906" lon="-2.9406476">
        <ele>12</ele>
        <time>2023-08-22T14:44:10.000Z</time>
        <speed>0.814</speed>
      </trkpt>
      <trkpt lat="50.7203030" lon="-2.9405705">
        <ele>11</ele>
        <time>2023-08-22T14:44:15.000Z</time>
        <speed>0.806</speed>
      </trkpt>
      <trkpt lat="50.7203120" lon="-2.9404891">
        <ele>11</ele>
        <time>2023-08-22T14:44:20.000Z</time>
        <speed>0.797</speed>
      </trkpt>
      <trkpt lat="50.7203194" lon="-2.9404063">
        <ele>11</ele>
        <time>2023-08-22T14:44:25.000Z</time>
        <speed>0.808</speed>
      </trkpt>
      <trkpt lat="50.7203270" lon="-2.9403230">
        <ele>11</ele>
        <time>2023-08-22T14:44:30.000Z</time>
        <speed>0.886</speed>
      </trkpt>
      <trkpt lat="50.7203446" lon="-2.9402415">
        <ele>11</ele>
        <time>2023-08-22T14:44:35.000Z</time>
        <speed>0.914</speed>
      </trkpt>
      <trkpt lat="50.7203684" lon="-2.9401649">
        <ele>11</ele>
        <time>2023-08-22T14:44:40.000Z</time>
        <speed>0.969</speed>
      </trkpt>
      <trkpt lat="50.7203933" lon="-2.9400934">
        <ele>11</ele>
        <time>2023-08-22T14:44:45.000Z</time>
        <speed>0.986</speed>
      </trkpt>
      <trkpt lat="50.7203884" lon="-2.9400111">
        <ele>11</ele>
        <time>2023-08-22T14:44:56.000Z</time>
        <speed>0.956</speed>
      </trkpt>
      <trkpt lat="50.7203875" lon="-2.9399307">
        <ele>11</ele>
        <time>2023-08-22T14:45:01.000Z</time>
        <speed>0.925</speed>
      </trkpt>
      <trkpt lat="50.7203961" lon="-2.9398302">
        <ele>11</ele>
        <time>2023-08-22T14:45:06.000Z</time>
        <speed>0.933</speed>
      </trkpt>
      <trkpt lat="50.7203962" lon="-2.9397377">
        <ele>11</ele>
        <time>2023-08-22T14:45:11.000Z</time>
        <speed>1.008</speed>
      </trkpt>
      <trkpt lat="50.7203685" lon="-2.9397155">
        <ele>10</ele>
        <time>2023-08-22T14:47:48.000Z</time>
        <speed>0.000</speed>
      </trkpt>
      <trkpt lat="50.7203778" lon="-2.9396562">
        <ele>10</ele>
        <time>2023-08-22T14:47:53.000Z</time>
        <speed>1.083</speed>
      </trkpt>
      <trkpt lat="50.7203970" lon="-2.9395702">
        <ele>10</ele>
        <time>2023-08-22T14:47:58.000Z</time>
        <speed>1.111</speed>
      </trkpt>
      <trkpt lat="50.7204182" lon="-2.9394829">
        <ele>10</ele>
        <time>2023-08-22T14:48:03.000Z</time>
        <speed>1.136</speed>
      </trkpt>
      <trkpt lat="50.7204327" lon="-2.9393972">
        <ele>10</ele>
        <time>2023-08-22T14:48:08.000Z</time>
        <speed>1.125</speed>
      </trkpt>
      <trkpt lat="50.7204502" lon="-2.9393305">
        <ele>10</ele>
        <time>2023-08-22T14:48:13.000Z</time>
        <speed>1.103</speed>
      </trkpt>
      <trkpt lat="50.7204729" lon="-2.9392663">
        <ele>10</ele>
        <time>2023-08-22T14:48:18.000Z</time>
        <speed>1.089</speed>
      </trkpt>
      <trkpt lat="50.7204978" lon="-2.9391936">
        <ele>10</ele>
        <time>2023-08-22T14:48:23.000Z</time>
        <speed>1.086</speed>
      </trkpt>
      <trkpt lat="50.7205182" lon="-2.9391481">
        <ele>10</ele>
        <time>2023-08-22T14:48:28.000Z</time>
        <speed>1.083</speed>
      </trkpt>
      <trkpt lat="50.7205373" lon="-2.9391143">
        <ele>10</ele>
        <time>2023-08-22T14:48:33.000Z</time>
        <speed>1.058</speed>
      </trkpt>
      <trkpt lat="50.7205583" lon="-2.9390538">
        <ele>10</ele>
        <time>2023-08-22T14:48:38.000Z</time>
        <speed>1.028</speed>
      </trkpt>
      <trkpt lat="50.7205744" lon="-2.9390091">
        <ele>9</ele>
        <time>2023-08-22T14:48:43.000Z</time>
        <speed>0.997</speed>
      </trkpt>
      <trkpt lat="50.7205936" lon="-2.9389688">
        <ele>9</ele>
        <time>2023-08-22T14:48:48.000Z</time>
        <speed>0.964</speed>
      </trkpt>
      <trkpt lat="50.7206243" lon="-2.9389556">
        <ele>9</ele>
        <time>2023-08-22T14:48:53.000Z</time>
        <speed>0.919</speed>
      </trkpt>
      <trkpt lat="50.7206689" lon="-2.9389517">
        <ele>9</ele>
        <time>2023-08-22T14:49:04.000Z</time>
        <speed>0.867</speed>
      </trkpt>
      <trkpt lat="50.7207101" lon="-2.9389382">
        <ele>9</ele>
        <time>2023-08-22T14:49:09.000Z</time>
        <speed>0.850</speed>
      </trkpt>
      <trkpt lat="50.7207608" lon="-2.9389387">
        <ele>9</ele>
        <time>2023-08-22T14:49:14.000Z</time>
        <speed>0.872</speed>
      </trkpt>
      <trkpt lat="50.7208089" lon="-2.9389203">
        <ele>9</ele>
        <time>2023-08-22T14:49:19.000Z</time>
        <speed>0.894</speed>
      </trkpt>
      <trkpt lat="50.7208548" lon="-2.9388766">
        <ele>9</ele>
        <time>2023-08-22T14:49:24.000Z</time>
        <speed>0.978</speed>
      </trkpt>
      <trkpt lat="50.7208982" lon="-2.9388460">
        <ele>9</ele>
        <time>2023-08-22T14:49:29.000Z</time>
        <speed>0.997</speed>
      </trkpt>
      <trkpt lat="50.7209586" lon="-2.9388137">
        <ele>9</ele>
        <time>2023-08-22T14:49:34.000Z</time>
        <speed>1.025</speed>
      </trkpt>
      <trkpt lat="50.7210219" lon="-2.9387745">
        <ele>9</ele>
        <time>2023-08-22T14:49:39.000Z</time>
        <speed>1.036</speed>
      </trkpt>
      <trkpt lat="50.7210789" lon="-2.9387352">
        <ele>9</ele>
        <time>2023-08-22T14:49:44.000Z</time>
        <speed>1.100</speed>
      </trkpt>
      <trkpt lat="50.7211335" lon="-2.9387044">
        <ele>9</ele>
        <time>2023-08-22T14:49:49.000Z</time>
        <speed>1.119</speed>
      </trkpt>
      <trkpt lat="50.7211890" lon="-2.9386834">
        <ele>9</ele>
        <time>2023-08-22T14:49:54.000Z</time>
        <speed>1.150</speed>
      </trkpt>
      <trkpt lat="50.7212400" lon="-2.9386648">
        <ele>9</ele>
        <time>2023-08-22T14:49:59.000Z</time>
        <speed>1.156</speed>
      </trkpt>
      <trkpt lat="50.7212908" lon="-2.9386312">
        <ele>9</ele>
        <time>2023-08-22T14:50:04.000Z</time>
        <speed>1.153</speed>
      </trkpt>
      <trkpt lat="50.7213314" lon="-2.9385645">
        <ele>9</ele>
        <time>2023-08-22T14:50:09.000Z</time>
        <speed>1.153</speed>
      </trkpt>
      <trkpt lat="50.7213701" lon="-2.9385153">
        <ele>9</ele>
        <time>2023-08-22T14:50:14.000Z</time>
        <speed>1.150</speed>
      </trkpt>
      <trkpt lat="50.7214247" lon="-2.9384950">
        <ele>9</ele>
        <time>2023-08-22T14:50:19.000Z</time>
        <speed>1.150</speed>
      </trkpt>
      <trkpt lat="50.7214774" lon="-2.9384746">
        <ele>9</ele>
        <time>2023-08-22T14:50:24.000Z</time>
        <speed>1.156</speed>
      </trkpt>
      <trkpt lat="50.7215347" lon="-2.9384569">
        <ele>9</ele>
        <time>2023-08-22T14:50:29.000Z</time>
        <speed>1.161</speed>
      </trkpt>
      <trkpt lat="50.7215907" lon="-2.9384550">
        <ele>9</ele>
        <time>2023-08-22T14:50:34.000Z</time>
        <speed>1.167</speed>
      </trkpt>
      <trkpt lat="50.7216397" lon="-2.9384767">
        <ele>9</ele>
        <time>2023-08-22T14:50:39.000Z</time>
        <speed>1.167</speed>
      </trkpt>
      <trkpt lat="50.7216899" lon="-2.9384980">
        <ele>9</ele>
        <time>2023-08-22T14:50:44.000Z</time>
        <speed>1.156</speed>
      </trkpt>
      <trkpt lat="50.7217404" lon="-2.9385129">
        <ele>9</ele>
        <time>2023-08-22T14:50:49.000Z</time>
        <speed>1.150</speed>
      </trkpt>
      <trkpt lat="50.7217886" lon="-2.9385217">
        <ele>9</ele>
        <time>2023-08-22T14:50:54.000Z</time>
        <speed>1.125</speed>
      </trkpt>
      <trkpt lat="50.7218411" lon="-2.9385165">
        <ele>9</ele>
        <time>2023-08-22T14:50:59.000Z</time>
        <speed>1.119</speed>
      </trkpt>
      <trkpt lat="50.7218951" lon="-2.9385048">
        <ele>9</ele>
        <time>2023-08-22T14:51:04.000Z</time>
        <speed>1.114</speed>
      </trkpt>
      <trkpt lat="50.7219505" lon="-2.9384730">
        <ele>9</ele>
        <time>2023-08-22T14:51:09.000Z</time>
        <speed>1.119</speed>
      </trkpt>
      <trkpt lat="50.7220052" lon="-2.9384280">
        <ele>9</ele>
        <time>2023-08-22T14:51:14.000Z</time>
        <speed>1.164</speed>
      </trkpt>
      <trkpt lat="50.7220642" lon="-2.9383723">
        <ele>9</ele>
        <time>2023-08-22T14:51:19.000Z</time>
        <speed>1.183</speed>
      </trkpt>
      <trkpt lat="50.7221168" lon="-2.9383199">
        <ele>9</ele>
        <time>2023-08-22T14:51:24.000Z</time>
        <speed>1.233</speed>
      </trkpt>
      <trkpt lat="50.7221666" lon="-2.9382770">
        <ele>10</ele>
        <time>2023-08-22T14:51:29.000Z</time>
        <speed>1.250</speed>
      </trkpt>
      <trkpt lat="50.7222160" lon="-2.9382354">
        <ele>10</ele>
        <time>2023-08-22T14:51:34.000Z</time>
        <speed>1.261</speed>
      </trkpt>
      <trkpt lat="50.7222649" lon="-2.9381997">
        <ele>10</ele>
        <time>2023-08-22T14:51:39.000Z</time>
        <speed>1.261</speed>
      </trkpt>
      <trkpt lat="50.7223183" lon="-2.9381710">
        <ele>10</ele>
        <time>2023-08-22T14:51:44.000Z</time>
        <speed>1.250</speed>
      </trkpt>
      <trkpt lat="50.7223713" lon="-2.9381327">
        <ele>10</ele>
        <time>2023-08-22T14:51:49.000Z</time>
        <speed>1.250</speed>
      </trkpt>
      <trkpt lat="50.7224275" lon="-2.9380762">
        <ele>10</ele>
        <time>2023-08-22T14:51:54.000Z</time>
        <speed>1.283</speed>
      </trkpt>
      <trkpt lat="50.7224817" lon="-2.9380178">
        <ele>10</ele>
        <time>2023-08-22T14:51:59.000Z</time>
        <speed>1.297</speed>
      </trkpt>
      <trkpt lat="50.7225296" lon="-2.9379547">
        <ele>10</ele>
        <time>2023-08-22T14:52:04.000Z</time>
        <speed>1.333</speed>
      </trkpt>
      <trkpt lat="50.7225766" lon="-2.9378963">
        <ele>10</ele>
        <time>2023-08-22T14:52:09.000Z</time>
        <speed>1.342</speed>
      </trkpt>
      <trkpt lat="50.7226236" lon="-2.9378490">
        <ele>10</ele>
        <time>2023-08-22T14:52:14.000Z</time>
        <speed>1.325</speed>
      </trkpt>
      <trkpt lat="50.7226724" lon="-2.9378041">
        <ele>10</ele>
        <time>2023-08-22T14:52:19.000Z</time>
        <speed>1.311</speed>
      </trkpt>
      <trkpt lat="50.7227225" lon="-2.9377442">
        <ele>10</ele>
        <time>2023-08-22T14:52:24.000Z</time>
        <speed>1.297</speed>
      </trkpt>
      <trkpt lat="50.7227646" lon="-2.9376572">
        <ele>10</ele>
        <time>2023-08-22T14:52:29.000Z</time>
        <speed>1.306</speed>
      </trkpt>
      <trkpt lat="50.7227993" lon="-2.9375712">
        <ele>10</ele>
        <time>2023-08-22T14:52:34.000Z</time>
        <speed>1.344</speed>
      </trkpt>
      <trkpt lat="50.7228340" lon="-2.9374844">
        <ele>10</ele>
        <time>2023-08-22T14:52:39.000Z</time>
        <speed>1.356</speed>
      </trkpt>
      <trkpt lat="50.7228729" lon="-2.9374012">
        <ele>10</ele>
        <time>2023-08-22T14:52:44.000Z</time>
        <speed>1.361</speed>
      </trkpt>
      <trkpt lat="50.7229069" lon="-2.9373280">
        <ele>10</ele>
        <time>2023-08-22T14:52:49.000Z</time>
        <speed>1.361</speed>
      </trkpt>
      <trkpt lat="50.7229431" lon="-2.9372616">
        <ele>10</ele>
        <time>2023-08-22T14:52:54.000Z</time>
        <speed>1.339</speed>
      </trkpt>
      <trkpt lat="50.7229810" lon="-2.9372019">
        <ele>10</ele>
        <time>2023-08-22T14:52:59.000Z</time>
        <speed>1.328</speed>
      </trkpt>
      <trkpt lat="50.7230278" lon="-2.9371371">
        <ele>10</ele>
        <time>2023-08-22T14:53:04.000Z</time>
        <speed>1.325</speed>
      </trkpt>
      <trkpt lat="50.7230652" lon="-2.9370466">
        <ele>10</ele>
        <time>2023-08-22T14:53:09.000Z</time>
        <speed>1.333</speed>
      </trkpt>
      <trkpt lat="50.7231064" lon="-2.9369641">
        <ele>10</ele>
        <time>2023-08-22T14:53:14.000Z</time>
        <speed>1.408</speed>
      </trkpt>
      <trkpt lat="50.7231486" lon="-2.9368817">
        <ele>10</ele>
        <time>2023-08-22T14:53:19.000Z</time>
        <speed>1.433</speed>
      </trkpt>
      <trkpt lat="50.7231924" lon="-2.9367993">
        <ele>10</ele>
        <time>2023-08-22T14:53:24.000Z</time>
        <speed>1.453</speed>
      </trkpt>
      <trkpt lat="50.7232292" lon="-2.9367144">
        <ele>10</ele>
        <time>2023-08-22T14:53:29.000Z</time>
        <speed>1.456</speed>
      </trkpt>
      <trkpt lat="50.7232693" lon="-2.9366299">
        <ele>10</ele>
        <time>2023-08-22T14:53:34.000Z</time>
        <speed>1.450</speed>
      </trkpt>
      <trkpt lat="50.7233065" lon="-2.9365430">
        <ele>10</ele>
        <time>2023-08-22T14:53:39.000Z</time>
        <speed>1.447</speed>
      </trkpt>
      <trkpt lat="50.7233345" lon="-2.9364545">
        <ele>10</ele>
        <time>2023-08-22T14:53:44.000Z</time>
        <speed>1.433</speed>
      </trkpt>
      <trkpt lat="50.7233679" lon="-2.9363782">
        <ele>10</ele>
        <time>2023-08-22T14:53:49.000Z</time>
        <speed>1.428</speed>
      </trkpt>
      <trkpt lat="50.7234001" lon="-2.9362922">
        <ele>10</ele>
        <time>2023-08-22T14:53:54.000Z</time>
        <speed>1.403</speed>
      </trkpt>
      <trkpt lat="50.7234381" lon="-2.9362029">
        <ele>10</ele>
        <time>2023-08-22T14:53:59.000Z</time>
        <speed>1.397</speed>
      </trkpt>
      <trkpt lat="50.7234722" lon="-2.9361168">
        <ele>10</ele>
        <time>2023-08-22T14:54:04.000Z</time>
        <speed>1.406</speed>
      </trkpt>
      <trkpt lat="50.7235029" lon="-2.9360266">
        <ele>10</ele>
        <time>2023-08-22T14:54:09.000Z</time>
        <speed>1.414</speed>
      </trkpt>
      <trkpt lat="50.7235327" lon="-2.9359363">
        <ele>10</ele>
        <time>2023-08-22T14:54:14.000Z</time>
        <speed>1.425</speed>
      </trkpt>
      <trkpt lat="50.7235649" lon="-2.9358446">
        <ele>10</ele>
        <time>2023-08-22T14:54:19.000Z</time>
        <speed>1.428</speed>
      </trkpt>
      <trkpt lat="50.7235907" lon="-2.9357590">
        <ele>10</ele>
        <time>2023-08-22T14:54:29.000Z</time>
        <speed>1.533</speed>
      </trkpt>
      <trkpt lat="50.7236098" lon="-2.9356908">
        <ele>10</ele>
        <time>2023-08-22T14:54:34.000Z</time>
        <speed>1.422</speed>
      </trkpt>
      <trkpt lat="50.7236391" lon="-2.9356198">
        <ele>10</ele>
        <time>2023-08-22T14:54:39.000Z</time>
        <speed>1.328</speed>
      </trkpt>
      <trkpt lat="50.7236768" lon="-2.9355489">
        <ele>10</ele>
        <time>2023-08-22T14:54:44.000Z</time>
        <speed>1.244</speed>
      </trkpt>
      <trkpt lat="50.7237148" lon="-2.9354787">
        <ele>10</ele>
        <time>2023-08-22T14:54:49.000Z</time>
        <speed>1.222</speed>
      </trkpt>
      <trkpt lat="50.7237485" lon="-2.9353894">
        <ele>10</ele>
        <time>2023-08-22T14:54:54.000Z</time>
        <speed>1.236</speed>
      </trkpt>
      <trkpt lat="50.7237677" lon="-2.9353007">
        <ele>10</ele>
        <time>2023-08-22T14:54:59.000Z</time>
        <speed>1.256</speed>
      </trkpt>
      <trkpt lat="50.7237971" lon="-2.9352199">
        <ele>10</ele>
        <time>2023-08-22T14:55:04.000Z</time>
        <speed>1.258</speed>
      </trkpt>
      <trkpt lat="50.7238232" lon="-2.9351376">
        <ele>10</ele>
        <time>2023-08-22T14:55:09.000Z</time>
        <speed>1.250</speed>
      </trkpt>
      <trkpt lat="50.7238488" lon="-2.9350579">
        <ele>10</ele>
        <time>2023-08-22T14:55:14.000Z</time>
        <speed>1.233</speed>
      </trkpt>
      <trkpt lat="50.7238834" lon="-2.9349768">
        <ele>10</ele>
        <time>2023-08-22T14:55:19.000Z</time>
        <speed>1.225</speed>
      </trkpt>
      <trkpt lat="50.7239090" lon="-2.9348915">
        <ele>10</ele>
        <time>2023-08-22T14:55:24.000Z</time>
        <speed>1.225</speed>
      </trkpt>
      <trkpt lat="50.7239377" lon="-2.9348034">
        <ele>10</ele>
        <time>2023-08-22T14:55:29.000Z</time>
        <speed>1.233</speed>
      </trkpt>
      <trkpt lat="50.7239676" lon="-2.9347071">
        <ele>10</ele>
        <time>2023-08-22T14:55:34.000Z</time>
        <speed>1.247</speed>
      </trkpt>
      <trkpt lat="50.7239989" lon="-2.9346173">
        <ele>10</ele>
        <time>2023-08-22T14:55:39.000Z</time>
        <speed>1.272</speed>
      </trkpt>
      <trkpt lat="50.7240293" lon="-2.9345296">
        <ele>10</ele>
        <time>2023-08-22T14:55:44.000Z</time>
        <speed>1.289</speed>
      </trkpt>
      <trkpt lat="50.7240545" lon="-2.9344434">
        <ele>10</ele>
        <time>2023-08-22T14:55:49.000Z</time>
        <speed>1.297</speed>
      </trkpt>
      <trkpt lat="50.7240776" lon="-2.9343451">
        <ele>10</ele>
        <time>2023-08-22T14:55:54.000Z</time>
        <speed>1.306</speed>
      </trkpt>
      <trkpt lat="50.7240998" lon="-2.9342492">
        <ele>10</ele>
        <time>2023-08-22T14:55:59.000Z</time>
        <speed>1.322</speed>
      </trkpt>
      <trkpt lat="50.7241138" lon="-2.9341642">
        <ele>10</ele>
        <time>2023-08-22T14:56:04.000Z</time>
        <speed>1.344</speed>
      </trkpt>
      <trkpt lat="50.7241354" lon="-2.9340775">
        <ele>10</ele>
        <time>2023-08-22T14:56:09.000Z</time>
        <speed>1.344</speed>
      </trkpt>
      <trkpt lat="50.7241593" lon="-2.9339935">
        <ele>10</ele>
        <time>2023-08-22T14:56:14.000Z</time>
        <speed>1.314</speed>
      </trkpt>
      <trkpt lat="50.7241884" lon="-2.9338980">
        <ele>10</ele>
        <time>2023-08-22T14:56:19.000Z</time>
        <speed>1.300</speed>
      </trkpt>
      <trkpt lat="50.7242159" lon="-2.9338014">
        <ele>10</ele>
        <time>2023-08-22T14:56:24.000Z</time>
        <speed>1.300</speed>
      </trkpt>
      <trkpt lat="50.7242376" lon="-2.9337094">
        <ele>10</ele>
        <time>2023-08-22T14:56:29.000Z</time>
        <speed>1.314</speed>
      </trkpt>
      <trkpt lat="50.7242584" lon="-2.9336200">
        <ele>10</ele>
        <time>2023-08-22T14:56:34.000Z</time>
        <speed>1.317</speed>
      </trkpt>
      <trkpt lat="50.7242829" lon="-2.9335260">
        <ele>10</ele>
        <time>2023-08-22T14:56:39.000Z</time>
        <speed>1.319</speed>
      </trkpt>
      <trkpt lat="50.7243033" lon="-2.9334266">
        <ele>10</ele>
        <time>2023-08-22T14:56:44.000Z</time>
        <speed>1.325</speed>
      </trkpt>
      <trkpt lat="50.7243232" lon="-2.9333354">
        <ele>10</ele>
        <time>2023-08-22T14:56:49.000Z</time>
        <speed>1.328</speed>
      </trkpt>
      <trkpt lat="50.7243407" lon="-2.9332532">
        <ele>10</ele>
        <time>2023-08-22T14:56:54.000Z</time>
        <speed>1.314</speed>
      </trkpt>
      <trkpt lat="50.7243678" lon="-2.9332028">
        <ele>10</ele>
        <time>2023-08-22T14:56:59.000Z</time>
        <speed>1.286</speed>
      </trkpt>
      <trkpt lat="50.7243960" lon="-2.9331437">
        <ele>10</ele>
        <time>2023-08-22T14:57:04.000Z</time>
        <speed>1.250</speed>
      </trkpt>
      <trkpt lat="50.7244332" lon="-2.9330971">
        <ele>10</ele>
        <time>2023-08-22T14:57:09.000Z</time>
        <speed>1.211</speed>
      </trkpt>
      <trkpt lat="50.7244749" lon="-2.9330549">
        <ele>10</ele>
        <time>2023-08-22T14:57:14.000Z</time>
        <speed>1.167</speed>
      </trkpt>
      <trkpt lat="50.7245081" lon="-2.9329692">
        <ele>10</ele>
        <time>2023-08-22T14:57:19.000Z</time>
        <speed>1.150</speed>
      </trkpt>
      <trkpt lat="50.7245233" lon="-2.9328558">
        <ele>10</ele>
        <time>2023-08-22T14:57:24.000Z</time>
        <speed>1.181</speed>
      </trkpt>
      <trkpt lat="50.7245315" lon="-2.9327580">
        <ele>10</ele>
        <time>2023-08-22T14:57:29.000Z</time>
        <speed>1.239</speed>
      </trkpt>
      <trkpt lat="50.7245521" lon="-2.9326773">
        <ele>10</ele>
        <time>2023-08-22T14:57:34.000Z</time>
        <speed>0.000</speed>
      </trkpt>
      <trkpt lat="50.7245601" lon="-2.9326439">
        <ele>10</ele>
        <time>2023-08-22T14:57:50.000Z</time>
        <speed>0.861</speed>
      </trkpt>
      <trkpt lat="50.7245975" lon="-2.9325851">
        <ele>10</ele>
        <time>2023-08-22T14:57:55.000Z</time>
        <speed>1.553</speed>
      </trkpt>
      <trkpt lat="50.7246412" lon="-2.9324820">
        <ele>10</ele>
        <time>2023-08-22T14:58:00.000Z</time>
        <speed>1.506</speed>
      </trkpt>
      <trkpt lat="50.7246833" lon="-2.9323729">
        <ele>10</ele>
        <time>2023-08-22T14:58:05.000Z</time>
        <speed>1.408</speed>
      </trkpt>
      <trkpt lat="50.7247178" lon="-2.9322693">
        <ele>10</ele>
        <time>2023-08-22T14:58:10.000Z</time>
        <speed>1.311</speed>
      </trkpt>
      <trkpt lat="50.7247255" lon="-2.9321746">
        <ele>10</ele>
        <time>2023-08-22T14:58:15.000Z</time>
        <speed>1.256</speed>
      </trkpt>
      <trkpt lat="50.7247301" lon="-2.9320891">
        <ele>10</ele>
        <time>2023-08-22T14:58:20.000Z</time>
        <speed>1.214</speed>
      </trkpt>
      <trkpt lat="50.7247445" lon="-2.9320090">
        <ele>10</ele>
        <time>2023-08-22T14:58:25.000Z</time>
        <speed>1.208</speed>
      </trkpt>
      <trkpt lat="50.7247604" lon="-2.9319255">
        <ele>10</ele>
        <time>2023-08-22T14:58:30.000Z</time>
        <speed>1.208</speed>
      </trkpt>
      <trkpt lat="50.7247722" lon="-2.9318259">
        <ele>10</ele>
        <time>2023-08-22T14:58:35.000Z</time>
        <speed>1.211</speed>
      </trkpt>
      <trkpt lat="50.7247741" lon="-2.9317499">
        <ele>10</ele>
        <time>2023-08-22T14:58:40.000Z</time>
        <speed>1.197</speed>
      </trkpt>
      <trkpt lat="50.7247372" lon="-2.9317296">
        <ele>10</ele>
        <time>2023-08-22T14:58:45.000Z</time>
        <speed>1.186</speed>
      </trkpt>
      <trkpt lat="50.7246889" lon="-2.9317594">
        <ele>10</ele>
        <time>2023-08-22T14:58:50.000Z</time>
        <speed>0.000</speed>
      </trkpt>
      <trkpt lat="50.7246676" lon="-2.9317876">
        <ele>11</ele>
        <time>2023-08-22T14:59:39.000Z</time>
        <speed>0.000</speed>
      </trkpt>
      <trkpt lat="50.7247040" lon="-2.9318259">
        <ele>11</ele>
        <time>2023-08-22T15:00:16.000Z</time>
        <speed>0.000</speed>
      </trkpt>
      <trkpt lat="50.7246973" lon="-2.9318644">
        <ele>10</ele>
        <time>2023-08-22T15:01:29.000Z</time>
        <speed>0.956</speed>
      </trkpt>
      <trkpt lat="50.7246889" lon="-2.9319528">
        <ele>10</ele>
        <time>2023-08-22T15:01:34.000Z</time>
        <speed>1.014</speed>
      </trkpt>
      <trkpt lat="50.7246623" lon="-2.9320157">
        <ele>10</ele>
        <time>2023-08-22T15:01:39.000Z</time>
        <speed>1.000</speed>
      </trkpt>
      <trkpt lat="50.7246500" lon="-2.9320526">
        <ele>10</ele>
        <time>2023-08-22T15:01:44.000Z</time>
        <speed>0.953</speed>
      </trkpt>
      <trkpt lat="50.7246393" lon="-2.9321194">
        <ele>11</ele>
        <time>2023-08-22T15:01:49.000Z</time>
        <speed>1.011</speed>
      </trkpt>
      <trkpt lat="50.7246391" lon="-2.9322105">
        <ele>11</ele>
        <time>2023-08-22T15:01:54.000Z</time>
        <speed>1.067</speed>
      </trkpt>
      <trkpt lat="50.7246424" lon="-2.9323004">
        <ele>10</ele>
        <time>2023-08-22T15:01:59.000Z</time>
        <speed>1.086</speed>
      </trkpt>
      <trkpt lat="50.7246224" lon="-2.9323865">
        <ele>10</ele>
        <time>2023-08-22T15:02:04.000Z</time>
        <speed>1.100</speed>
      </trkpt>
      <trkpt lat="50.7245811" lon="-2.9324652">
        <ele>10</ele>
        <time>2023-08-22T15:02:09.000Z</time>
        <speed>1.128</speed>
      </trkpt>
      <trkpt lat="50.7245499" lon="-2.9325491">
        <ele>9</ele>
        <time>2023-08-22T15:02:14.000Z</time>
        <speed>1.161</speed>
      </trkpt>
      <trkpt lat="50.7245259" lon="-2.9326351">
        <ele>9</ele>
        <time>2023-08-22T15:02:19.000Z</time>
        <speed>1.183</speed>
      </trkpt>
      <trkpt lat="50.7245074" lon="-2.9327188">
        <ele>9</ele>
        <time>2023-08-22T15:02:24.000Z</time>
        <speed>1.189</speed>
      </trkpt>
      <trkpt lat="50.7244948" lon="-2.9328096">
        <ele>9</ele>
        <time>2023-08-22T15:02:29.000Z</time>
        <speed>1.192</speed>
      </trkpt>
      <trkpt lat="50.7244947" lon="-2.9328856">
        <ele>9</ele>
        <time>2023-08-22T15:02:34.000Z</time>
        <speed>1.167</speed>
      </trkpt>
      <trkpt lat="50.7244978" lon="-2.9329485">
        <ele>9</ele>
        <time>2023-08-22T15:02:39.000Z</time>
        <speed>1.103</speed>
      </trkpt>
      <trkpt lat="50.7244894" lon="-2.9330044">
        <ele>9</ele>
        <time>2023-08-22T15:02:44.000Z</time>
        <speed>1.067</speed>
      </trkpt>
      <trkpt lat="50.7244691" lon="-2.9330767">
        <ele>9</ele>
        <time>2023-08-22T15:02:49.000Z</time>
        <speed>1.039</speed>
      </trkpt>
      <trkpt lat="50.7244387" lon="-2.9331562">
        <ele>9</ele>
        <time>2023-08-22T15:02:54.000Z</time>
        <speed>1.033</speed>
      </trkpt>
      <trkpt lat="50.7243905" lon="-2.9331819">
        <ele>9</ele>
        <time>2023-08-22T15:02:59.000Z</time>
        <speed>1.067</speed>
      </trkpt>
      <trkpt lat="50.7243426" lon="-2.9332035">
        <ele>9</ele>
        <time>2023-08-22T15:03:04.000Z</time>
        <speed>1.094</speed>
      </trkpt>
      <trkpt lat="50.7242954" lon="-2.9332373">
        <ele>9</ele>
        <time>2023-08-22T15:03:09.000Z</time>
        <speed>1.100</speed>
      </trkpt>
      <trkpt lat="50.7242918" lon="-2.9332785">
        <ele>9</ele>
        <time>2023-08-22T15:03:14.000Z</time>
        <speed>1.081</speed>
      </trkpt>
      <trkpt lat="50.7243061" lon="-2.9332951">
        <ele>9</ele>
        <time>2023-08-22T15:03:19.000Z</time>
        <speed>1.058</speed>
      </trkpt>
      <trkpt lat="50.7243091" lon="-2.9333468">
        <ele>9</ele>
        <time>2023-08-22T15:03:24.000Z</time>
        <speed>1.017</speed>
      </trkpt>
      <trkpt lat="50.7242989" lon="-2.9334323">
        <ele>9</ele>
        <time>2023-08-22T15:03:29.000Z</time>
        <speed>0.986</speed>
      </trkpt>
      <trkpt lat="50.7242883" lon="-2.9335234">
        <ele>10</ele>
        <time>2023-08-22T15:03:34.000Z</time>
        <speed>0.992</speed>
      </trkpt>
      <trkpt lat="50.7242698" lon="-2.9336061">
        <ele>10</ele>
        <time>2023-08-22T15:03:39.000Z</time>
        <speed>1.025</speed>
      </trkpt>
      <trkpt lat="50.7242532" lon="-2.9336859">
        <ele>10</ele>
        <time>2023-08-22T15:03:44.000Z</time>
        <speed>1.069</speed>
      </trkpt>
      <trkpt lat="50.7242439" lon="-2.9337498">
        <ele>11</ele>
        <time>2023-08-22T15:03:49.000Z</time>
        <speed>1.075</speed>
      </trkpt>
      <trkpt lat="50.7242380" lon="-2.9337878">
        <ele>10</ele>
        <time>2023-08-22T15:03:54.000Z</time>
        <speed>1.042</speed>
      </trkpt>
      <trkpt lat="50.7242274" lon="-2.9338342">
        <ele>10</ele>
        <time>2023-08-22T15:03:59.000Z</time>
        <speed>0.986</speed>
      </trkpt>
      <trkpt lat="50.7242111" lon="-2.9338960">
        <ele>10</ele>
        <time>2023-08-22T15:04:04.000Z</time>
        <speed>0.936</speed>
      </trkpt>
      <trkpt lat="50.7241932" lon="-2.9339525">
        <ele>9</ele>
        <time>2023-08-22T15:04:09.000Z</time>
        <speed>0.917</speed>
      </trkpt>
      <trkpt lat="50.7241830" lon="-2.9340084">
        <ele>9</ele>
        <time>2023-08-22T15:04:14.000Z</time>
        <speed>0.922</speed>
      </trkpt>
      <trkpt lat="50.7241745" lon="-2.9340653">
        <ele>9</ele>
        <time>2023-08-22T15:04:19.000Z</time>
        <speed>0.953</speed>
      </trkpt>
      <trkpt lat="50.7241477" lon="-2.9341425">
        <ele>9</ele>
        <time>2023-08-22T15:04:24.000Z</time>
        <speed>0.992</speed>
      </trkpt>
      <trkpt lat="50.7241312" lon="-2.9342236">
        <ele>9</ele>
        <time>2023-08-22T15:04:29.000Z</time>
        <speed>1.019</speed>
      </trkpt>
      <trkpt lat="50.7241152" lon="-2.9343116">
        <ele>9</ele>
        <time>2023-08-22T15:04:34.000Z</time>
        <speed>1.044</speed>
      </trkpt>
      <trkpt lat="50.7240911" lon="-2.9343866">
        <ele>9</ele>
        <time>2023-08-22T15:04:39.000Z</time>
        <speed>1.058</speed>
      </trkpt>
      <trkpt lat="50.7240693" lon="-2.9344503">
        <ele>9</ele>
        <time>2023-08-22T15:04:44.000Z</time>
        <speed>1.067</speed>
      </trkpt>
      <trkpt lat="50.7240565" lon="-2.9345051">
        <ele>9</ele>
        <time>2023-08-22T15:04:49.000Z</time>
        <speed>1.072</speed>
      </trkpt>
      <trkpt lat="50.7240331" lon="-2.9345921">
        <ele>9</ele>
        <time>2023-08-22T15:04:54.000Z</time>
        <speed>1.086</speed>
      </trkpt>
      <trkpt lat="50.7240076" lon="-2.9346773">
        <ele>9</ele>
        <time>2023-08-22T15:04:59.000Z</time>
        <speed>1.114</speed>
      </trkpt>
      <trkpt lat="50.7239877" lon="-2.9347591">
        <ele>9</ele>
        <time>2023-08-22T15:05:04.000Z</time>
        <speed>1.136</speed>
      </trkpt>
      <trkpt lat="50.7239638" lon="-2.9348345">
        <ele>9</ele>
        <time>2023-08-22T15:05:09.000Z</time>
        <speed>1.136</speed>
      </trkpt>
      <trkpt lat="50.7239347" lon="-2.9349070">
        <ele>9</ele>
        <time>2023-08-22T15:05:14.000Z</time>
        <speed>1.117</speed>
      </trkpt>
      <trkpt lat="50.7239044" lon="-2.9349822">
        <ele>9</ele>
        <time>2023-08-22T15:05:19.000Z</time>
        <speed>1.108</speed>
      </trkpt>
      <trkpt lat="50.7238969" lon="-2.9350583">
        <ele>9</ele>
        <time>2023-08-22T15:10:10.000Z</time>
        <speed>1.006</speed>
      </trkpt>
      <trkpt lat="50.7239194" lon="-2.9350289">
        <ele>9</ele>
        <time>2023-08-22T15:10:15.000Z</time>
        <speed>1.058</speed>
      </trkpt>
      <trkpt lat="50.7239472" lon="-2.9349573">
        <ele>9</ele>
        <time>2023-08-22T15:10:20.000Z</time>
        <speed>0.508</speed>
      </trkpt>
      <trkpt lat="50.7239592" lon="-2.9348970">
        <ele>9</ele>
        <time>2023-08-22T15:10:32.000Z</time>
        <speed>0.919</speed>
      </trkpt>
      <trkpt lat="50.7239771" lon="-2.9348322">
        <ele>9</ele>
        <time>2023-08-22T15:10:37.000Z</time>
        <speed>0.997</speed>
      </trkpt>
      <trkpt lat="50.7240065" lon="-2.9347436">
        <ele>9</ele>
        <time>2023-08-22T15:10:42.000Z</time>
        <speed>1.081</speed>
      </trkpt>
      <trkpt lat="50.7240357" lon="-2.9346599">
        <ele>9</ele>
        <time>2023-08-22T15:10:47.000Z</time>
        <speed>1.122</speed>
      </trkpt>
      <trkpt lat="50.7240622" lon="-2.9345784">
        <ele>9</ele>
        <time>2023-08-22T15:10:52.000Z</time>
        <speed>1.136</speed>
      </trkpt>
      <trkpt lat="50.7240829" lon="-2.9344955">
        <ele>9</ele>
        <time>2023-08-22T15:10:57.000Z</time>
        <speed>1.147</speed>
      </trkpt>
      <trkpt lat="50.7241038" lon="-2.9344134">
        <ele>9</ele>
        <time>2023-08-22T15:11:02.000Z</time>
        <speed>1.150</speed>
      </trkpt>
      <trkpt lat="50.7241196" lon="-2.9343253">
        <ele>9</ele>
        <time>2023-08-22T15:11:07.000Z</time>
        <speed>1.156</speed>
      </trkpt>
      <trkpt lat="50.7241393" lon="-2.9342419">
        <ele>9</ele>
        <time>2023-08-22T15:11:12.000Z</time>
        <speed>1.161</speed>
      </trkpt>
      <trkpt lat="50.7241527" lon="-2.9341907">
        <ele>9</ele>
        <time>2023-08-22T15:11:17.000Z</time>
        <speed>1.144</speed>
      </trkpt>
      <trkpt lat="50.7241725" lon="-2.9341365">
        <ele>9</ele>
        <time>2023-08-22T15:11:22.000Z</time>
        <speed>1.119</speed>
      </trkpt>
      <trkpt lat="50.7241941" lon="-2.9340516">
        <ele>9</ele>
        <time>2023-08-22T15:11:27.000Z</time>
        <speed>1.100</speed>
      </trkpt>
      <trkpt lat="50.7242117" lon="-2.9339609">
        <ele>9</ele>
        <time>2023-08-22T15:11:32.000Z</time>
        <speed>1.086</speed>
      </trkpt>
      <trkpt lat="50.7242343" lon="-2.9339038">
        <ele>9</ele>
        <time>2023-08-22T15:12:35.000Z</time>
        <speed>0.000</speed>
      </trkpt>
      <trkpt lat="50.7242606" lon="-2.9338669">
        <ele>9</ele>
        <time>2023-08-22T15:12:40.000Z</time>
        <speed>0.600</speed>
      </trkpt>
      <trkpt lat="50.7242963" lon="-2.9338019">
        <ele>9</ele>
        <time>2023-08-22T15:12:45.000Z</time>
        <speed>1.017</speed>
      </trkpt>
      <trkpt lat="50.7242929" lon="-2.9337234">
        <ele>9</ele>
        <time>2023-08-22T15:20:25.000Z</time>
        <speed>1.156</speed>
      </trkpt>
      <trkpt lat="50.7242978" lon="-2.9336541">
        <ele>9</ele>
        <time>2023-08-22T15:20:30.000Z</time>
        <speed>1.142</speed>
      </trkpt>
      <trkpt lat="50.7243302" lon="-2.9335574">
        <ele>9</ele>
        <time>2023-08-22T15:20:35.000Z</time>
        <speed>1.064</speed>
      </trkpt>
      <trkpt lat="50.7243497" lon="-2.9334713">
        <ele>9</ele>
        <time>2023-08-22T15:20:40.000Z</time>
        <speed>1.025</speed>
      </trkpt>
      <trkpt lat="50.7243675" lon="-2.9334137">
        <ele>9</ele>
        <time>2023-08-22T15:20:45.000Z</time>
        <speed>1.014</speed>
      </trkpt>
      <trkpt lat="50.7244143" lon="-2.9334004">
        <ele>9</ele>
        <time>2023-08-22T15:20:50.000Z</time>
        <speed>0.969</speed>
      </trkpt>
      <trkpt lat="50.7244619" lon="-2.9333882">
        <ele>9</ele>
        <time>2023-08-22T15:20:55.000Z</time>
        <speed>0.953</speed>
      </trkpt>
      <trkpt lat="50.7244952" lon="-2.9333792">
        <ele>9</ele>
        <time>2023-08-22T15:21:00.000Z</time>
        <speed>0.933</speed>
      </trkpt>
      <trkpt lat="50.7245080" lon="-2.9333930">
        <ele>9</ele>
        <time>2023-08-22T15:21:05.000Z</time>
        <speed>0.000</speed>
      </trkpt>
      <trkpt lat="50.7245455" lon="-2.9334269">
        <ele>12</ele>
        <time>2023-08-22T15:21:26.000Z</time>
        <speed>1.008</speed>
      </trkpt>
      <trkpt lat="50.7245835" lon="-2.9334696">
        <ele>12</ele>
        <time>2023-08-22T15:21:31.000Z</time>
        <speed>1.006</speed>
      </trkpt>
      <trkpt lat="50.7246059" lon="-2.9335462">
        <ele>12</ele>
        <time>2023-08-22T15:21:36.000Z</time>
        <speed>0.983</speed>
      </trkpt>
      <trkpt lat="50.7246129" lon="-2.9336177">
        <ele>13</ele>
        <time>2023-08-22T15:21:41.000Z</time>
        <speed>0.978</speed>
      </trkpt>
      <trkpt lat="50.7246149" lon="-2.9336959">
        <ele>13</ele>
        <time>2023-08-22T15:21:46.000Z</time>
        <speed>0.967</speed>
      </trkpt>
      <trkpt lat="50.7246236" lon="-2.9337715">
        <ele>13</ele>
        <time>2023-08-22T15:21:51.000Z</time>
        <speed>0.989</speed>
      </trkpt>
      <trkpt lat="50.7246280" lon="-2.9338467">
        <ele>13</ele>
        <time>2023-08-22T15:21:56.000Z</time>
        <speed>0.994</speed>
      </trkpt>
      <trkpt lat="50.7246339" lon="-2.9339246">
        <ele>13</ele>
        <time>2023-08-22T15:22:01.000Z</time>
        <speed>1.003</speed>
      </trkpt>
      <trkpt lat="50.7246409" lon="-2.9340107">
        <ele>14</ele>
        <time>2023-08-22T15:22:06.000Z</time>
        <speed>1.028</speed>
      </trkpt>
      <trkpt lat="50.7246541" lon="-2.9340948">
        <ele>14</ele>
        <time>2023-08-22T15:22:11.000Z</time>
        <speed>1.056</speed>
      </trkpt>
      <trkpt lat="50.7246669" lon="-2.9341793">
        <ele>15</ele>
        <time>2023-08-22T15:22:16.000Z</time>
        <speed>1.075</speed>
      </trkpt>
      <trkpt lat="50.7246790" lon="-2.9342642">
        <ele>15</ele>
        <time>2023-08-22T15:22:21.000Z</time>
        <speed>1.081</speed>
      </trkpt>
      <trkpt lat="50.7246994" lon="-2.9343332">
        <ele>16</ele>
        <time>2023-08-22T15:22:26.000Z</time>
        <speed>1.089</speed>
      </trkpt>
      <trkpt lat="50.7247225" lon="-2.9344082">
        <ele>17</ele>
        <time>2023-08-22T15:22:31.000Z</time>
        <speed>1.097</speed>
      </trkpt>
      <trkpt lat="50.7247435" lon="-2.9344732">
        <ele>17</ele>
        <time>2023-08-22T15:22:36.000Z</time>
        <speed>0.542</speed>
      </trkpt>
      <trkpt lat="50.7247537" lon="-2.9345476">
        <ele>18</ele>
        <time>2023-08-22T15:22:46.000Z</time>
        <speed>1.111</speed>
      </trkpt>
      <trkpt lat="50.7247723" lon="-2.9346343">
        <ele>19</ele>
        <time>2023-08-22T15:22:51.000Z</time>
        <speed>1.050</speed>
      </trkpt>
      <trkpt lat="50.7248004" lon="-2.9347164">
        <ele>19</ele>
        <time>2023-08-22T15:22:56.000Z</time>
        <speed>1.039</speed>
      </trkpt>
      <trkpt lat="50.7248259" lon="-2.9347877">
        <ele>20</ele>
        <time>2023-08-22T15:23:01.000Z</time>
        <speed>1.039</speed>
      </trkpt>
      <trkpt lat="50.7248479" lon="-2.9348580">
        <ele>20</ele>
        <time>2023-08-22T15:23:06.000Z</time>
        <speed>1.047</speed>
      </trkpt>
      <trkpt lat="50.7248638" lon="-2.9349361">
        <ele>20</ele>
        <time>2023-08-22T15:23:11.000Z</time>
        <speed>1.053</speed>
      </trkpt>
      <trkpt lat="50.7248874" lon="-2.9350148">
        <ele>21</ele>
        <time>2023-08-22T15:23:16.000Z</time>
        <speed>1.056</speed>
      </trkpt>
      <trkpt lat="50.7249108" lon="-2.9350894">
        <ele>21</ele>
        <time>2023-08-22T15:23:21.000Z</time>
        <speed>1.064</speed>
      </trkpt>
      <trkpt lat="50.7249262" lon="-2.9351697">
        <ele>21</ele>
        <time>2023-08-22T15:23:26.000Z</time>
        <speed>1.083</speed>
      </trkpt>
      <trkpt lat="50.7249397" lon="-2.9352500">
        <ele>21</ele>
        <time>2023-08-22T15:23:31.000Z</time>
        <speed>1.106</speed>
      </trkpt>
      <trkpt lat="50.7249575" lon="-2.9353272">
        <ele>22</ele>
        <time>2023-08-22T15:23:36.000Z</time>
        <speed>1.111</speed>
      </trkpt>
      <trkpt lat="50.7249850" lon="-2.9353896">
        <ele>22</ele>
        <time>2023-08-22T15:23:41.000Z</time>
        <speed>1.103</speed>
      </trkpt>
      <trkpt lat="50.7250085" lon="-2.9354662">
        <ele>22</ele>
        <time>2023-08-22T15:23:46.000Z</time>
        <speed>1.092</speed>
      </trkpt>
      <trkpt lat="50.7250223" lon="-2.9355499">
        <ele>23</ele>
        <time>2023-08-22T15:23:51.000Z</time>
        <speed>1.081</speed>
      </trkpt>
      <trkpt lat="50.7250390" lon="-2.9356183">
        <ele>23</ele>
        <time>2023-08-22T15:23:56.000Z</time>
        <speed>1.067</speed>
      </trkpt>
      <trkpt lat="50.7250559" lon="-2.9356954">
        <ele>23</ele>
        <time>2023-08-22T15:24:01.000Z</time>
        <speed>1.069</speed>
      </trkpt>
      <trkpt lat="50.7250637" lon="-2.9357868">
        <ele>24</ele>
        <time>2023-08-22T15:24:06.000Z</time>
        <speed>1.092</speed>
      </trkpt>
      <trkpt lat="50.7250782" lon="-2.9358701">
        <ele>25</ele>
        <time>2023-08-22T15:24:11.000Z</time>
        <speed>1.114</speed>
      </trkpt>
      <trkpt lat="50.7250812" lon="-2.9359478">
        <ele>25</ele>
        <time>2023-08-22T15:24:16.000Z</time>
        <speed>1.128</speed>
      </trkpt>
      <trkpt lat="50.7250885" lon="-2.9360307">
        <ele>26</ele>
        <time>2023-08-22T15:24:21.000Z</time>
        <speed>1.139</speed>
      </trkpt>
      <trkpt lat="50.7250993" lon="-2.9361200">
        <ele>26</ele>
        <time>2023-08-22T15:24:26.000Z</time>
        <speed>0.572</speed>
      </trkpt>
      <trkpt lat="50.7251116" lon="-2.9362048">
        <ele>26</ele>
        <time>2023-08-22T15:24:31.000Z</time>
        <speed>0.000</speed>
      </trkpt>
      <trkpt lat="50.7251171" lon="-2.9362503">
        <ele>28</ele>
        <time>2023-08-22T15:24:50.000Z</time>
        <speed>1.203</speed>
      </trkpt>
      <trkpt lat="50.7251140" lon="-2.9363406">
        <ele>28</ele>
        <time>2023-08-22T15:24:55.000Z</time>
        <speed>1.111</speed>
      </trkpt>
      <trkpt lat="50.7251098" lon="-2.9364207">
        <ele>29</ele>
        <time>2023-08-22T15:25:00.000Z</time>
        <speed>1.050</speed>
      </trkpt>
      <trkpt lat="50.7250891" lon="-2.9364888">
        <ele>29</ele>
        <time>2023-08-22T15:25:05.000Z</time>
        <speed>1.031</speed>
      </trkpt>
      <trkpt lat="50.7250803" lon="-2.9365559">
        <ele>30</ele>
        <time>2023-08-22T15:25:10.000Z</time>
        <speed>1.025</speed>
      </trkpt>
      <trkpt lat="50.7250803" lon="-2.9366358">
        <ele>30</ele>
        <time>2023-08-22T15:25:15.000Z</time>
        <speed>1.022</speed>
      </trkpt>
      <trkpt lat="50.7250626" lon="-2.9367173">
        <ele>30</ele>
        <time>2023-08-22T15:25:20.000Z</time>
        <speed>1.011</speed>
      </trkpt>
      <trkpt lat="50.7250518" lon="-2.9368037">
        <ele>30</ele>
        <time>2023-08-22T15:25:25.000Z</time>
        <speed>1.006</speed>
      </trkpt>
      <trkpt lat="50.7250459" lon="-2.9368714">
        <ele>31</ele>
        <time>2023-08-22T15:25:30.000Z</time>
        <speed>0.997</speed>
      </trkpt>
      <trkpt lat="50.7250189" lon="-2.9369333">
        <ele>31</ele>
        <time>2023-08-22T15:25:35.000Z</time>
        <speed>0.994</speed>
      </trkpt>
      <trkpt lat="50.7249953" lon="-2.9369991">
        <ele>32</ele>
        <time>2023-08-22T15:25:40.000Z</time>
        <speed>0.994</speed>
      </trkpt>
      <trkpt lat="50.7249799" lon="-2.9370876">
        <ele>33</ele>
        <time>2023-08-22T15:25:45.000Z</time>
        <speed>0.997</speed>
      </trkpt>
      <trkpt lat="50.7249621" lon="-2.9371671">
        <ele>33</ele>
        <time>2023-08-22T15:25:50.000Z</time>
        <speed>1.028</speed>
      </trkpt>
      <trkpt lat="50.7249135" lon="-2.9372433">
        <ele>34</ele>
        <time>2023-08-22T15:25:55.000Z</time>
        <speed>1.042</speed>
      </trkpt>
      <trkpt lat="50.7248738" lon="-2.9373134">
        <ele>35</ele>
        <time>2023-08-22T15:26:00.000Z</time>
        <speed>1.081</speed>
      </trkpt>
      <trkpt lat="50.7248389" lon="-2.9373895">
        <ele>36</ele>
        <time>2023-08-22T15:26:05.000Z</time>
        <speed>1.094</speed>
      </trkpt>
      <trkpt lat="50.7248173" lon="-2.9374704">
        <ele>36</ele>
        <time>2023-08-22T15:26:10.000Z</time>
        <speed>1.100</speed>
      </trkpt>
      <trkpt lat="50.7248081" lon="-2.9375372">
        <ele>37</ele>
        <time>2023-08-22T15:26:15.000Z</time>
        <speed>1.100</speed>
      </trkpt>
      <trkpt lat="50.7247895" lon="-2.9375977">
        <ele>38</ele>
        <time>2023-08-22T15:26:20.000Z</time>
        <speed>1.078</speed>
      </trkpt>
      <trkpt lat="50.7247709" lon="-2.9376464">
        <ele>38</ele>
        <time>2023-08-22T15:26:25.000Z</time>
        <speed>0.000</speed>
      </trkpt>
      <trkpt lat="50.7247612" lon="-2.9377256">
        <ele>41</ele>
        <time>2023-08-22T15:26:43.000Z</time>
        <speed>1.119</speed>
      </trkpt>
      <trkpt lat="50.7247353" lon="-2.9377989">
        <ele>41</ele>
        <time>2023-08-22T15:26:48.000Z</time>
        <speed>1.050</speed>
      </trkpt>
      <trkpt lat="50.7247147" lon="-2.9378716">
        <ele>42</ele>
        <time>2023-08-22T15:26:53.000Z</time>
        <speed>1.031</speed>
      </trkpt>
      <trkpt lat="50.7246963" lon="-2.9379387">
        <ele>42</ele>
        <time>2023-08-22T15:26:58.000Z</time>
        <speed>1.014</speed>
      </trkpt>
      <trkpt lat="50.7246756" lon="-2.9380131">
        <ele>42</ele>
        <time>2023-08-22T15:27:03.000Z</time>
        <speed>1.008</speed>
      </trkpt>
      <trkpt lat="50.7246555" lon="-2.9380877">
        <ele>43</ele>
        <time>2023-08-22T15:27:08.000Z</time>
        <speed>1.017</speed>
      </trkpt>
      <trkpt lat="50.7246281" lon="-2.9381565">
        <ele>43</ele>
        <time>2023-08-22T15:27:13.000Z</time>
        <speed>1.017</speed>
      </trkpt>
      <trkpt lat="50.7246131" lon="-2.9382394">
        <ele>43</ele>
        <time>2023-08-22T15:27:18.000Z</time>
        <speed>1.033</speed>
      </trkpt>
      <trkpt lat="50.7246015" lon="-2.9383303">
        <ele>44</ele>
        <time>2023-08-22T15:27:23.000Z</time>
        <speed>1.044</speed>
      </trkpt>
      <trkpt lat="50.7245916" lon="-2.9384223">
        <ele>44</ele>
        <time>2023-08-22T15:27:28.000Z</time>
        <speed>1.086</speed>
      </trkpt>
      <trkpt lat="50.7245860" lon="-2.9385080">
        <ele>45</ele>
        <time>2023-08-22T15:27:33.000Z</time>
        <speed>1.097</speed>
      </trkpt>
      <trkpt lat="50.7245882" lon="-2.9385881">
        <ele>46</ele>
        <time>2023-08-22T15:27:38.000Z</time>
        <speed>1.097</speed>
      </trkpt>
      <trkpt lat="50.7245573" lon="-2.9386561">
        <ele>46</ele>
        <time>2023-08-22T15:27:43.000Z</time>
        <speed>1.094</speed>
      </trkpt>
      <trkpt lat="50.7245382" lon="-2.9387286">
        <ele>47</ele>
        <time>2023-08-22T15:27:48.000Z</time>
        <speed>1.083</speed>
      </trkpt>
      <trkpt lat="50.7245267" lon="-2.9388098">
        <ele>48</ele>
        <time>2023-08-22T15:27:53.000Z</time>
        <speed>1.083</speed>
      </trkpt>
      <trkpt lat="50.7245279" lon="-2.9388934">
        <ele>48</ele>
        <time>2023-08-22T15:27:58.000Z</time>
        <speed>1.086</speed>
      </trkpt>
      <trkpt lat="50.7245185" lon="-2.9389765">
        <ele>49</ele>
        <time>2023-08-22T15:28:03.000Z</time>
        <speed>1.092</speed>
      </trkpt>
      <trkpt lat="50.7244981" lon="-2.9390631">
        <ele>50</ele>
        <time>2023-08-22T15:28:08.000Z</time>
        <speed>1.114</speed>
      </trkpt>
      <trkpt lat="50.7244787" lon="-2.9391492">
        <ele>51</ele>
        <time>2023-08-22T15:28:13.000Z</time>
        <speed>1.122</speed>
      </trkpt>
      <trkpt lat="50.7244675" lon="-2.9392332">
        <ele>51</ele>
        <time>2023-08-22T15:28:18.000Z</time>
        <speed>1.128</speed>
      </trkpt>
      <trkpt lat="50.7244478" lon="-2.9393089">
        <ele>52</ele>
        <time>2023-08-22T15:28:23.000Z</time>
        <speed>1.128</speed>
      </trkpt>
      <trkpt lat="50.7244381" lon="-2.9393914">
        <ele>53</ele>
        <time>2023-08-22T15:28:28.000Z</time>
        <speed>1.122</speed>
      </trkpt>
      <trkpt lat="50.7244337" lon="-2.9394730">
        <ele>53</ele>
        <time>2023-08-22T15:28:33.000Z</time>
        <speed>1.122</speed>
      </trkpt>
      <trkpt lat="50.7244193" lon="-2.9395521">
        <ele>54</ele>
        <time>2023-08-22T15:28:38.000Z</time>
        <speed>1.117</speed>
      </trkpt>
      <trkpt lat="50.7244066" lon="-2.9396375">
        <ele>55</ele>
        <time>2023-08-22T15:28:43.000Z</time>
        <speed>1.117</speed>
      </trkpt>
      <trkpt lat="50.7243962" lon="-2.9397225">
        <ele>56</ele>
        <time>2023-08-22T15:28:48.000Z</time>
        <speed>1.131</speed>
      </trkpt>
      <trkpt lat="50.7243884" lon="-2.9398090">
        <ele>56</ele>
        <time>2023-08-22T15:28:53.000Z</time>
        <speed>1.139</speed>
      </trkpt>
      <trkpt lat="50.7243834" lon="-2.9398927">
        <ele>57</ele>
        <time>2023-08-22T15:28:58.000Z</time>
        <speed>1.150</speed>
      </trkpt>
      <trkpt lat="50.7243800" lon="-2.9399768">
        <ele>58</ele>
        <time>2023-08-22T15:29:03.000Z</time>
        <speed>1.153</speed>
      </trkpt>
      <trkpt lat="50.7243703" lon="-2.9400562">
        <ele>58</ele>
        <time>2023-08-22T15:29:08.000Z</time>
        <speed>1.153</speed>
      </trkpt>
      <trkpt lat="50.7243446" lon="-2.9401276">
        <ele>59</ele>
        <time>2023-08-22T15:29:13.000Z</time>
        <speed>1.156</speed>
      </trkpt>
      <trkpt lat="50.7243437" lon="-2.9402117">
        <ele>60</ele>
        <time>2023-08-22T15:29:18.000Z</time>
        <speed>1.158</speed>
      </trkpt>
      <trkpt lat="50.7243599" lon="-2.9402879">
        <ele>60</ele>
        <time>2023-08-22T15:29:23.000Z</time>
        <speed>1.153</speed>
      </trkpt>
      <trkpt lat="50.7243680" lon="-2.9403789">
        <ele>60</ele>
        <time>2023-08-22T15:29:28.000Z</time>
        <speed>1.153</speed>
      </trkpt>
      <trkpt lat="50.7243812" lon="-2.9404674">
        <ele>62</ele>
        <time>2023-08-22T15:29:33.000Z</time>
        <speed>1.161</speed>
      </trkpt>
      <trkpt lat="50.7243867" lon="-2.9405503">
        <ele>63</ele>
        <time>2023-08-22T15:29:38.000Z</time>
        <speed>1.169</speed>
      </trkpt>
      <trkpt lat="50.7243911" lon="-2.9406243">
        <ele>63</ele>
        <time>2023-08-22T15:29:43.000Z</time>
        <speed>1.158</speed>
      </trkpt>
      <trkpt lat="50.7243633" lon="-2.9406901">
        <ele>64</ele>
        <time>2023-08-22T15:29:48.000Z</time>
        <speed>1.142</speed>
      </trkpt>
      <trkpt lat="50.7243159" lon="-2.9407234">
        <ele>64</ele>
        <time>2023-08-22T15:29:53.000Z</time>
        <speed>1.150</speed>
      </trkpt>
      <trkpt lat="50.7242682" lon="-2.9407730">
        <ele>65</ele>
        <time>2023-08-22T15:29:58.000Z</time>
        <speed>1.208</speed>
      </trkpt>
      <trkpt lat="50.7242188" lon="-2.9408353">
        <ele>66</ele>
        <time>2023-08-22T15:30:03.000Z</time>
        <speed>1.283</speed>
      </trkpt>
      <trkpt lat="50.7241712" lon="-2.9409114">
        <ele>66</ele>
        <time>2023-08-22T15:30:08.000Z</time>
        <speed>1.342</speed>
      </trkpt>
      <trkpt lat="50.7241360" lon="-2.9409943">
        <ele>67</ele>
        <time>2023-08-22T15:30:13.000Z</time>
        <speed>1.381</speed>
      </trkpt>
      <trkpt lat="50.7240927" lon="-2.9410514">
        <ele>67</ele>
        <time>2023-08-22T15:30:18.000Z</time>
        <speed>1.403</speed>
      </trkpt>
      <trkpt lat="50.7240418" lon="-2.9410853">
        <ele>67</ele>
        <time>2023-08-22T15:30:23.000Z</time>
        <speed>1.406</speed>
      </trkpt>
      <trkpt lat="50.7239887" lon="-2.9411276">
        <ele>67</ele>
        <time>2023-08-22T15:30:28.000Z</time>
        <speed>1.403</speed>
      </trkpt>
      <trkpt lat="50.7239359" lon="-2.9411657">
        <ele>67</ele>
        <time>2023-08-22T15:30:33.000Z</time>
        <speed>1.386</speed>
      </trkpt>
      <trkpt lat="50.7238767" lon="-2.9412009">
        <ele>67</ele>
        <time>2023-08-22T15:30:38.000Z</time>
        <speed>1.369</speed>
      </trkpt>
      <trkpt lat="50.7238202" lon="-2.9412460">
        <ele>67</ele>
        <time>2023-08-22T15:30:43.000Z</time>
        <speed>1.358</speed>
      </trkpt>
      <trkpt lat="50.7237814" lon="-2.9413319">
        <ele>67</ele>
        <time>2023-08-22T15:30:48.000Z</time>
        <speed>1.356</speed>
      </trkpt>
      <trkpt lat="50.7237775" lon="-2.9414345">
        <ele>67</ele>
        <time>2023-08-22T15:30:53.000Z</time>
        <speed>0.000</speed>
      </trkpt>
    </trkseg>
  </trk>
</gpx>
