date,time,lat,lon,ele,sog
2023-08-22,10:39:11.000,50.7045462,-3.0677374,5,0.000
2023-08-22,10:39:16.000,50.7045207,-3.0677892,5,0.000
2023-08-22,10:39:21.000,50.7044986,-3.0678287,5,0.000
2023-08-22,10:39:45.000,50.7044764,-3.0678561,5,0.000
2023-08-22,10:39:50.000,50.7044557,-3.0677747,5,0.506
2023-08-22,10:39:55.000,50.7044171,-3.0677263,5,0.950
2023-08-22,10:40:00.000,50.7043725,-3.0676909,5,0.953
2023-08-22,10:40:05.000,50.7043505,-3.0676225,5,0.967
2023-08-22,10:40:10.000,50.7043521,-3.0675443,5,1.011
2023-08-22,10:40:15.000,50.7043681,-3.0674596,5,1.069
2023-08-22,10:40:20.000,50.7043824,-3.0673739,5,1.092
2023-08-22,10:40:25.000,50.7043871,-3.0672881,5,1.100
2023-08-22,10:40:36.000,50.7043666,-3.0672011,5,0.000
2023-08-22,10:40:41.000,50.7043378,-3.0671503,5,1.053
2023-08-22,10:40:46.000,50.7043048,-3.0671167,4,1.083
2023-08-22,10:40:51.000,50.7042516,-3.0671410,4,1.192
2023-08-22,10:40:56.000,50.7041925,-3.0671465,5,1.208
2023-08-22,10:41:01.000,50.7041304,-3.0671540,5,1.217
2023-08-22,10:41:06.000,50.7040667,-3.0671628,6,1.231
2023-08-22,10:41:11.000,50.7040038,-3.0671514,6,1.236
2023-08-22,10:41:16.000,50.7039578,-3.0671399,6,1.236
2023-08-22,10:41:21.000,50.7039089,-3.0671391,7,1.206
2023-08-22,10:41:26.000,50.7038451,-3.0671369,7,1.150
2023-08-22,10:41:31.000,50.7037773,-3.0671369,7,1.125
2023-08-22,10:41:36.000,50.7037217,-3.0671120,7,1.161
2023-08-22,10:41:41.000,50.7036810,-3.0670568,7,1.197
2023-08-22,10:41:46.000,50.7036238,-3.0670141,7,1.211
2023-08-22,10:41:56.000,50.7035879,-3.0669786,7,0.000
2023-08-22,10:42:01.000,50.7035758,-3.0669191,7,1.053
2023-08-22,10:42:06.000,50.7035668,-3.0668533,7,1.069
2023-08-22,10:42:46.000,50.7035158,-3.0668583,7,0.000
2023-08-22,10:43:02.000,50.7035174,-3.0668631,7,0.000
2023-08-22,10:43:07.000,50.7035358,-3.0668188,7,0.000
2023-08-22,10:43:12.000,50.7035511,-3.0667796,7,0.000
2023-08-22,10:43:17.000,50.7035549,-3.0667511,7,0.000
2023-08-22,10:43:22.000,50.7035518,-3.0666773,7,0.558
2023-08-22,10:43:27.000,50.7035521,-3.0665873,7,1.103
2023-08-22,10:43:32.000,50.7035454,-3.0664957,7,1.108
2023-08-22,10:43:37.000,50.7035363,-3.0664023,7,1.144
2023-08-22,10:43:42.000,50.7035318,-3.0663083,7,1.181
2023-08-22,10:43:47.000,50.7035344,-3.0662124,7,1.208
2023-08-22,10:43:52.000,50.7035444,-3.0661149,7,1.219
2023-08-22,10:43:57.000,50.7035446,-3.0660154,7,1.225
2023-08-22,10:44:02.000,50.7035432,-3.0659214,7,1.231
2023-08-22,10:44:07.000,50.7035385,-3.0658338,7,1.236
2023-08-22,10:44:12.000,50.7035330,-3.0657415,7,1.239
2023-08-22,10:44:17.000,50.7035295,-3.0656432,7,1.242
2023-08-22,10:44:22.000,50.7035289,-3.0655496,7,1.256
2023-08-22,10:44:27.000,50.7035284,-3.0654561,7,1.269
2023-08-22,10:44:32.000,50.7035283,-3.0653674,7,1.278
2023-08-22,10:45:46.000,50.7035287,-3.0652696,7,0.711
2023-08-22,10:45:51.000,50.7035240,-3.0651806,7,0.961
2023-08-22,10:45:56.000,50.7035224,-3.0650847,7,1.042
2023-08-22,10:46:01.000,50.7035223,-3.0649944,7,1.042
2023-08-22,10:46:06.000,50.7035207,-3.0649079,7,1.069
2023-08-22,10:46:11.000,50.7035205,-3.0648198,7,1.122
2023-08-22,10:46:16.000,50.7035215,-3.0647276,7,1.136
2023-08-22,10:46:21.000,50.7035192,-3.0646356,7,1.142
2023-08-22,10:46:26.000,50.7035187,-3.0645402,8,1.169
2023-08-22,10:46:31.000,50.7035144,-3.0644490,7,1.214
2023-08-22,10:46:36.000,50.7035124,-3.0643585,7,1.244
2023-08-22,10:46:41.000,50.7035110,-3.0642661,7,1.256
2023-08-22,10:46:46.000,50.7035155,-3.0641682,7,1.253
2023-08-22,10:46:51.000,50.7035163,-3.0640704,7,1.258
2023-08-22,10:46:56.000,50.7035123,-3.0639718,7,1.269
2023-08-22,10:47:01.000,50.7034962,-3.0638735,8,1.278
2023-08-22,10:47:06.000,50.7034712,-3.0637791,8,1.286
2023-08-22,10:47:11.000,50.7034677,-3.0636864,8,1.306
2023-08-22,10:47:16.000,50.7034855,-3.0636035,8,1.317
2023-08-22,10:47:21.000,50.7034899,-3.0635062,8,1.314
2023-08-22,10:47:26.000,50.7034860,-3.0634053,8,1.311
2023-08-22,10:47:31.000,50.7034803,-3.0633103,8,1.314
2023-08-22,10:47:36.000,50.7034798,-3.0632152,8,1.317
2023-08-22,10:47:41.000,50.7034786,-3.0631209,8,1.314
2023-08-22,10:47:46.000,50.7034758,-3.0630250,8,1.308
2023-08-22,10:47:51.000,50.7034748,-3.0629251,8,1.306
2023-08-22,10:47:56.000,50.7034714,-3.0628250,8,1.308
2023-08-22,10:48:01.000,50.7034692,-3.0627306,8,1.317
2023-08-22,10:48:06.000,50.7034662,-3.0626426,8,1.336
2023-08-22,10:48:11.000,50.7034520,-3.0625524,8,1.347
2023-08-22,10:48:16.000,50.7034461,-3.0624568,8,1.342
2023-08-22,10:48:21.000,50.7034463,-3.0623585,8,1.353
2023-08-22,10:48:26.000,50.7034438,-3.0622568,8,1.372
2023-08-22,10:48:31.000,50.7034388,-3.0621598,8,1.383
2023-08-22,10:48:36.000,50.7034376,-3.0620606,8,1.381
2023-08-22,10:48:41.000,50.7034390,-3.0619620,8,1.369
2023-08-22,10:48:46.000,50.7034364,-3.0618632,8,1.358
2023-08-22,10:48:51.000,50.7034334,-3.0617637,8,1.356
2023-08-22,10:48:56.000,50.7034257,-3.0616636,8,1.356
2023-08-22,10:49:01.000,50.7034224,-3.0615646,8,1.353
2023-08-22,10:49:06.000,50.7034188,-3.0614663,8,1.333
2023-08-22,10:49:11.000,50.7034144,-3.0613679,8,1.319
2023-08-22,10:49:16.000,50.7034100,-3.0612737,8,1.328
2023-08-22,10:49:21.000,50.7034028,-3.0611766,8,1.331
2023-08-22,10:49:26.000,50.7033974,-3.0610782,8,1.333
2023-08-22,10:49:31.000,50.7034012,-3.0609977,8,1.336
2023-08-22,10:49:45.000,50.7034025,-3.0609278,8,0.000
2023-08-22,10:49:50.000,50.7034003,-3.0609095,8,0.000
2023-08-22,10:49:55.000,50.7034015,-3.0609358,8,0.953
2023-08-22,10:50:00.000,50.7034235,-3.0609998,8,1.008
2023-08-22,10:50:05.000,50.7034771,-3.0610088,8,1.033
2023-08-22,10:50:10.000,50.7035258,-3.0609933,8,1.056
2023-08-22,10:50:15.000,50.7035490,-3.0609200,8,1.075
2023-08-22,10:50:20.000,50.7036012,-3.0608980,8,1.117
2023-08-22,10:50:25.000,50.7036611,-3.0609164,7,1.136
2023-08-22,10:50:30.000,50.7037159,-3.0609385,7,1.158
2023-08-22,10:50:35.000,50.7037701,-3.0609586,7,1.222
2023-08-22,10:50:40.000,50.7038315,-3.0609670,7,1.239
2023-08-22,10:50:45.000,50.7038941,-3.0609742,7,1.272
2023-08-22,10:50:50.000,50.7039514,-3.0609808,6,1.275
2023-08-22,10:50:55.000,50.7040142,-3.0609909,6,1.278
2023-08-22,10:51:00.000,50.7040725,-3.0610063,6,1.275
2023-08-22,10:51:05.000,50.7041311,-3.0610233,6,1.269
2023-08-22,10:51:10.000,50.7041909,-3.0610306,6,1.264
2023-08-22,10:51:15.000,50.7042464,-3.0610374,6,1.239
2023-08-22,10:51:20.000,50.7042953,-3.0610425,6,0.000
2023-08-22,10:51:35.000,50.7043464,-3.0610290,6,0.000
2023-08-22,10:51:40.000,50.7043967,-3.0609836,6,1.214
2023-08-22,10:51:45.000,50.7044377,-3.0608923,6,1.197
2023-08-22,10:51:50.000,50.7044537,-3.0607929,6,1.175
2023-08-22,10:51:55.000,50.7044640,-3.0607032,6,1.175
2023-08-22,10:52:00.000,50.7044744,-3.0606111,6,1.175
2023-08-22,10:52:05.000,50.7044847,-3.0605137,6,1.192
2023-08-22,10:52:10.000,50.7044941,-3.0604163,6,1.197
2023-08-22,10:52:15.000,50.7044990,-3.0603215,6,1.203
2023-08-22,10:52:20.000,50.7045082,-3.0602313,6,1.225
2023-08-22,10:52:41.000,50.7045186,-3.0601412,7,0.000
2023-08-22,10:52:46.000,50.7045296,-3.0600810,7,0.722
2023-08-22,10:52:51.000,50.7045473,-3.0600083,7,1.617
2023-08-22,10:52:56.000,50.7045611,-3.0599500,7,1.511
2023-08-22,10:53:01.000,50.7045702,-3.0598959,8,1.247
2023-08-22,10:53:06.000,50.7045978,-3.0598236,8,1.103
2023-08-22,10:53:11.000,50.7046122,-3.0597407,8,0.992
2023-08-22,10:53:16.000,50.7046129,-3.0596580,8,0.994
2023-08-22,10:53:21.000,50.7046246,-3.0595636,8,1.011
2023-08-22,10:53:26.000,50.7046463,-3.0594673,8,1.078
2023-08-22,10:53:31.000,50.7046612,-3.0593701,8,1.156
2023-08-22,10:53:36.000,50.7046666,-3.0592813,8,1.192
2023-08-22,10:53:41.000,50.7046745,-3.0591997,8,1.167
2023-08-22,10:53:46.000,50.7046888,-3.0591258,8,1.122
2023-08-22,10:53:51.000,50.7047078,-3.0590463,8,1.086
2023-08-22,10:53:56.000,50.7047289,-3.0589639,8,1.072
2023-08-22,10:54:01.000,50.7047446,-3.0588824,8,1.092
2023-08-22,10:54:06.000,50.7047720,-3.0588095,8,1.122
2023-08-22,10:54:11.000,50.7048142,-3.0587658,7,1.139
2023-08-22,10:54:16.000,50.7048536,-3.0587524,7,1.144
2023-08-22,10:54:21.000,50.7049055,-3.0587488,7,1.144
2023-08-22,10:54:26.000,50.7049613,-3.0587447,7,1.142
2023-08-22,10:54:31.000,50.7050112,-3.0587405,7,1.128
2023-08-22,10:54:36.000,50.7050652,-3.0587565,7,1.114
2023-08-22,10:54:41.000,50.7051250,-3.0587767,7,1.119
2023-08-22,10:54:46.000,50.7051900,-3.0587463,7,1.164
2023-08-22,10:54:51.000,50.7052508,-3.0586980,7,1.233
2023-08-22,10:54:56.000,50.7053098,-3.0586558,7,1.283
2023-08-22,10:55:01.000,50.7053710,-3.0586166,7,1.308
2023-08-22,10:55:06.000,50.7054315,-3.0585769,7,1.322
2023-08-22,10:55:11.000,50.7054923,-3.0585425,7,1.333
2023-08-22,10:55:16.000,50.7055473,-3.0585089,7,0.661
2023-08-22,10:55:28.000,50.7055888,-3.0584881,6,1.122
2023-08-22,10:55:33.000,50.7056128,-3.0585537,6,1.069
2023-08-22,10:55:38.000,50.7056588,-3.0585643,6,1.083
2023-08-22,10:55:43.000,50.7057148,-3.0585340,6,1.083
2023-08-22,10:55:48.000,50.7057688,-3.0585094,6,1.094
2023-08-22,10:55:53.000,50.7058191,-3.0584894,6,1.078
2023-08-22,10:55:58.000,50.7058704,-3.0584737,6,1.075
2023-08-22,10:56:03.000,50.7059162,-3.0584365,6,1.078
2023-08-22,10:56:08.000,50.7059617,-3.0584084,6,1.086
2023-08-22,10:56:35.000,50.7059959,-3.0584121,6,0.000
2023-08-22,10:56:40.000,50.7059828,-3.0584064,6,1.178
2023-08-22,10:56:45.000,50.7059307,-3.0584094,6,1.167
2023-08-22,10:56:50.000,50.7058681,-3.0584247,6,0.567
2023-08-22,10:57:00.000,50.7058242,-3.0583971,6,1.164
2023-08-22,10:57:05.000,50.7057918,-3.0583288,6,1.058
2023-08-22,10:57:10.000,50.7057773,-3.0582688,6,1.019
2023-08-22,10:57:15.000,50.7057766,-3.0582071,6,0.989
2023-08-22,10:57:20.000,50.7057690,-3.0581453,7,0.950
2023-08-22,10:57:25.000,50.7057633,-3.0580808,7,0.931
2023-08-22,10:57:30.000,50.7057601,-3.0580111,8,0.925
2023-08-22,10:57:35.000,50.7057614,-3.0579439,8,0.925
2023-08-22,10:57:40.000,50.7057622,-3.0578850,9,0.931
2023-08-22,10:57:45.000,50.7057575,-3.0578227,10,0.928
2023-08-22,10:57:50.000,50.7057493,-3.0577619,11,0.919
2023-08-22,10:58:03.000,50.7057461,-3.0576979,13,0.906
2023-08-22,10:58:08.000,50.7057424,-3.0576484,14,0.903
2023-08-22,10:58:13.000,50.7057362,-3.0575799,14,0.903
2023-08-22,10:58:18.000,50.7057332,-3.0575139,15,0.900
2023-08-22,10:58:23.000,50.7057295,-3.0574542,16,0.889
2023-08-22,10:58:28.000,50.7057243,-3.0573923,16,0.883
2023-08-22,10:58:33.000,50.7057147,-3.0573377,17,0.875
2023-08-22,10:58:38.000,50.7057009,-3.0572848,18,0.872
2023-08-22,10:58:43.000,50.7056957,-3.0572321,19,0.861
2023-08-22,10:58:48.000,50.7056875,-3.0571750,20,0.858
2023-08-22,10:58:53.000,50.7056811,-3.0571206,21,0.847
2023-08-22,10:58:58.000,50.7056740,-3.0570655,22,0.844
2023-08-22,10:59:03.000,50.7056692,-3.0570151,23,0.842
2023-08-22,10:59:08.000,50.7056603,-3.0569557,23,0.839
2023-08-22,10:59:13.000,50.7056522,-3.0569002,23,0.833
2023-08-22,10:59:18.000,50.7056481,-3.0568440,24,0.825
2023-08-22,10:59:23.000,50.7056416,-3.0567872,25,0.817
2023-08-22,10:59:28.000,50.7056333,-3.0567297,26,0.814
2023-08-22,10:59:33.000,50.7056253,-3.0566678,27,0.811
2023-08-22,10:59:54.000,50.7056166,-3.0565949,31,0.678
2023-08-22,10:59:59.000,50.7056075,-3.0565446,31,0.686
2023-08-22,11:00:04.000,50.7056033,-3.0564980,31,0.731
2023-08-22,11:00:09.000,50.7056087,-3.0564478,32,0.825
2023-08-22,11:00:14.000,50.7056180,-3.0563846,32,0.917
2023-08-22,11:00:19.000,50.7056239,-3.0563027,33,0.992
2023-08-22,11:00:24.000,50.7056204,-3.0562126,34,1.000
2023-08-22,11:00:29.000,50.7056144,-3.0561386,34,1.014
2023-08-22,11:00:34.000,50.7056155,-3.0560650,35,1.033
2023-08-22,11:00:39.000,50.7056141,-3.0559846,36,1.047
2023-08-22,11:00:44.000,50.7056113,-3.0559113,37,1.053
2023-08-22,11:00:49.000,50.7056227,-3.0558345,37,1.053
2023-08-22,11:00:54.000,50.7056293,-3.0557634,38,1.053
2023-08-22,11:00:59.000,50.7056357,-3.0556837,39,1.056
2023-08-22,11:01:04.000,50.7056494,-3.0556028,39,1.064
2023-08-22,11:01:09.000,50.7056671,-3.0555252,40,1.069
2023-08-22,11:01:14.000,50.7056803,-3.0554591,41,1.064
2023-08-22,11:01:19.000,50.7056953,-3.0553801,41,1.058
2023-08-22,11:01:24.000,50.7057138,-3.0552806,42,1.069
2023-08-22,11:01:29.000,50.7057245,-3.0551889,43,1.083
2023-08-22,11:01:34.000,50.7057280,-3.0551108,43,1.081
2023-08-22,11:01:39.000,50.7057300,-3.0550320,44,1.064
2023-08-22,11:01:44.000,50.7057352,-3.0549518,45,1.053
2023-08-22,11:01:49.000,50.7057449,-3.0548676,46,1.056
2023-08-22,11:01:54.000,50.7057579,-3.0547850,46,1.069
2023-08-22,11:01:59.000,50.7057668,-3.0547069,47,1.092
2023-08-22,11:02:04.000,50.7057716,-3.0546383,47,1.108
2023-08-22,11:02:09.000,50.7057881,-3.0545645,48,1.125
2023-08-22,11:02:14.000,50.7058029,-3.0544852,49,1.133
2023-08-22,11:02:19.000,50.7058128,-3.0544167,50,1.131
2023-08-22,11:02:24.000,50.7058186,-3.0543501,51,1.094
2023-08-22,11:02:29.000,50.7058214,-3.0542860,51,1.050
2023-08-22,11:02:34.000,50.7058364,-3.0542200,52,1.014
2023-08-22,11:02:39.000,50.7058544,-3.0541582,53,1.000
2023-08-22,11:02:44.000,50.7058790,-3.0540773,53,1.019
2023-08-22,11:02:49.000,50.7059030,-3.0539924,54,1.047
2023-08-22,11:02:54.000,50.7059139,-3.0539004,55,1.078
2023-08-22,11:02:59.000,50.7059260,-3.0538115,55,1.097
2023-08-22,11:03:04.000,50.7059402,-3.0537381,56,1.103
2023-08-22,11:03:09.000,50.7059566,-3.0536653,57,1.092
2023-08-22,11:03:14.000,50.7059709,-3.0535936,58,1.083
2023-08-22,11:03:19.000,50.7059796,-3.0535144,58,1.083
2023-08-22,11:03:24.000,50.7059881,-3.0534480,59,1.075
2023-08-22,11:03:29.000,50.7060017,-3.0533947,60,1.053
2023-08-22,11:03:34.000,50.7060125,-3.0533420,61,1.017
2023-08-22,11:03:39.000,50.7060094,-3.0532951,61,0.969
2023-08-22,11:03:44.000,50.7060126,-3.0532470,62,0.922
2023-08-22,11:03:49.000,50.7060333,-3.0531951,63,0.900
2023-08-22,11:03:54.000,50.7060562,-3.0531333,64,0.903
2023-08-22,11:03:59.000,50.7060733,-3.0530713,64,0.919
2023-08-22,11:04:04.000,50.7060783,-3.0530076,65,0.928
2023-08-22,11:04:09.000,50.7060711,-3.0529405,66,0.925
2023-08-22,11:04:14.000,50.7060741,-3.0528895,67,0.914
2023-08-22,11:04:19.000,50.7060902,-3.0528289,67,0.911
2023-08-22,11:04:24.000,50.7061083,-3.0527606,68,0.914
2023-08-22,11:04:29.000,50.7061128,-3.0526885,69,0.936
2023-08-22,11:04:34.000,50.7061221,-3.0526108,69,0.972
2023-08-22,11:04:39.000,50.7061351,-3.0525353,70,1.003
2023-08-22,11:04:44.000,50.7061483,-3.0524638,70,1.022
2023-08-22,11:04:49.000,50.7061641,-3.0523920,71,1.028
2023-08-22,11:04:54.000,50.7061775,-3.0523296,72,0.000
2023-08-22,11:05:26.000,50.7061921,-3.0522810,75,0.558
2023-08-22,11:05:31.000,50.7062145,-3.0522156,75,1.072
2023-08-22,11:05:36.000,50.7062356,-3.0521410,75,1.050
2023-08-22,11:05:41.000,50.7062549,-3.0520701,76,1.014
2023-08-22,11:05:46.000,50.7062732,-3.0519973,76,0.981
2023-08-22,11:05:51.000,50.7062881,-3.0519293,76,0.972
2023-08-22,11:05:56.000,50.7063162,-3.0518636,77,0.989
2023-08-22,11:06:01.000,50.7063454,-3.0517996,78,1.000
2023-08-22,11:06:06.000,50.7063665,-3.0517282,79,1.008
2023-08-22,11:06:11.000,50.7063898,-3.0516598,79,1.028
2023-08-22,11:06:16.000,50.7064106,-3.0515927,80,1.028
2023-08-22,11:06:21.000,50.7064290,-3.0515225,81,1.031
2023-08-22,11:06:26.000,50.7064527,-3.0514479,81,1.036
2023-08-22,11:06:31.000,50.7064818,-3.0513724,82,1.050
2023-08-22,11:06:36.000,50.7065060,-3.0513000,83,1.050
2023-08-22,11:06:41.000,50.7065270,-3.0512236,83,1.053
2023-08-22,11:06:46.000,50.7065499,-3.0511496,84,1.061
2023-08-22,11:06:51.000,50.7065725,-3.0510755,85,1.089
2023-08-22,11:06:56.000,50.7065995,-3.0510014,85,1.092
2023-08-22,11:07:01.000,50.7066203,-3.0509273,86,1.089
2023-08-22,11:07:06.000,50.7066348,-3.0508555,86,1.078
2023-08-22,11:07:11.000,50.7066492,-3.0507744,87,1.044
2023-08-22,11:07:16.000,50.7066526,-3.0506950,87,1.044
2023-08-22,11:07:21.000,50.7066580,-3.0506135,88,1.064
2023-08-22,11:07:26.000,50.7066825,-3.0505326,89,1.078
2023-08-22,11:07:31.000,50.7067013,-3.0504564,89,1.117
2023-08-22,11:07:36.000,50.7067244,-3.0503818,90,1.122
2023-08-22,11:07:41.000,50.7067460,-3.0503038,91,1.147
2023-08-22,11:07:46.000,50.7067672,-3.0502243,91,1.153
2023-08-22,11:07:51.000,50.7067842,-3.0501415,92,1.164
2023-08-22,11:07:56.000,50.7068028,-3.0500576,92,1.164
2023-08-22,11:08:01.000,50.7068194,-3.0499728,93,1.167
2023-08-22,11:08:06.000,50.7068412,-3.0498918,93,1.158
2023-08-22,11:08:11.000,50.7068639,-3.0498255,94,1.128
2023-08-22,11:08:16.000,50.7068815,-3.0497657,94,1.075
2023-08-22,11:08:21.000,50.7068944,-3.0497146,94,1.033
2023-08-22,11:08:26.000,50.7069071,-3.0496474,94,1.033
2023-08-22,11:08:31.000,50.7069253,-3.0495699,95,1.072
2023-08-22,11:08:36.000,50.7069460,-3.0494883,95,1.119
2023-08-22,11:08:41.000,50.7069619,-3.0494044,95,1.156
2023-08-22,11:08:46.000,50.7069799,-3.0493215,96,1.178
2023-08-22,11:08:51.000,50.7069990,-3.0492366,96,1.192
2023-08-22,11:08:56.000,50.7070109,-3.0491495,96,1.194
2023-08-22,11:09:01.000,50.7070188,-3.0490616,97,1.192
2023-08-22,11:09:06.000,50.7070313,-3.0489807,98,1.178
2023-08-22,11:09:11.000,50.7070427,-3.0489248,98,1.156
2023-08-22,11:09:16.000,50.7070545,-3.0488625,98,1.131
2023-08-22,11:09:21.000,50.7070668,-3.0487859,99,1.100
2023-08-22,11:09:26.000,50.7070781,-3.0487138,99,1.064
2023-08-22,11:09:31.000,50.7070863,-3.0486420,99,1.031
2023-08-22,11:09:36.000,50.7070967,-3.0485685,100,1.017
2023-08-22,11:09:41.000,50.7071103,-3.0484943,100,1.019
2023-08-22,11:09:46.000,50.7071214,-3.0484151,101,1.036
2023-08-22,11:09:51.000,50.7071376,-3.0483320,101,1.058
2023-08-22,11:09:56.000,50.7071456,-3.0482504,102,1.075
2023-08-22,11:10:01.000,50.7071507,-3.0481735,103,1.083
2023-08-22,11:10:06.000,50.7071534,-3.0480961,103,1.081
2023-08-22,11:10:11.000,50.7071532,-3.0480110,104,1.081
2023-08-22,11:10:16.000,50.7071483,-3.0479299,104,1.089
2023-08-22,11:10:21.000,50.7071463,-3.0478508,104,1.089
2023-08-22,11:10:26.000,50.7071485,-3.0477768,105,1.086
2023-08-22,11:10:31.000,50.7071424,-3.0477028,106,1.092
2023-08-22,11:10:36.000,50.7071352,-3.0476173,106,1.100
2023-08-22,11:10:41.000,50.7071295,-3.0475256,106,1.133
2023-08-22,11:10:46.000,50.7071254,-3.0474386,107,1.150
2023-08-22,11:10:51.000,50.7071225,-3.0473484,107,1.197
2023-08-22,11:10:56.000,50.7071176,-3.0472593,107,1.206
2023-08-22,11:11:01.000,50.7071150,-3.0471714,108,1.222
2023-08-22,11:11:06.000,50.7071093,-3.0470828,108,1.222
2023-08-22,11:11:11.000,50.7071020,-3.0469920,108,1.231
2023-08-22,11:11:16.000,50.7070968,-3.0468978,109,1.231
2023-08-22,11:11:21.000,50.7070959,-3.0468072,109,1.231
2023-08-22,11:11:26.000,50.7070947,-3.0467144,109,1.233
2023-08-22,11:11:31.000,50.7070903,-3.0466190,110,1.253
2023-08-22,11:11:36.000,50.7070879,-3.0465299,110,1.256
2023-08-22,11:11:41.000,50.7070906,-3.0464398,110,1.258
2023-08-22,11:11:46.000,50.7070914,-3.0463486,110,1.261
2023-08-22,11:11:51.000,50.7070955,-3.0462517,111,1.292
2023-08-22,11:11:56.000,50.7071037,-3.0461576,111,1.303
2023-08-22,11:12:01.000,50.7071061,-3.0460673,111,1.317
2023-08-22,11:12:06.000,50.7071108,-3.0459741,111,1.314
2023-08-22,11:12:11.000,50.7071174,-3.0458803,111,1.311
2023-08-22,11:12:16.000,50.7071248,-3.0457836,111,1.317
2023-08-22,11:12:21.000,50.7071306,-3.0456846,112,1.342
2023-08-22,11:12:26.000,50.7071359,-3.0455835,112,1.347
2023-08-22,11:12:31.000,50.7071387,-3.0454815,112,1.378
2023-08-22,11:12:36.000,50.7071420,-3.0453754,112,1.389
2023-08-22,11:12:41.000,50.7071445,-3.0452696,112,1.414
2023-08-22,11:12:46.000,50.7071470,-3.0451701,112,1.414
2023-08-22,11:12:51.000,50.7071484,-3.0450677,112,1.411
2023-08-22,11:12:56.000,50.7071516,-3.0449696,112,1.406
2023-08-22,11:13:01.000,50.7071539,-3.0448749,112,1.386
2023-08-22,11:13:06.000,50.7071571,-3.0447833,112,0.692
2023-08-22,11:14:07.000,50.7071191,-3.0447210,113,1.106
2023-08-22,11:14:12.000,50.7070712,-3.0447047,113,1.144
2023-08-22,11:14:17.000,50.7070238,-3.0446839,113,1.147
2023-08-22,11:14:22.000,50.7069776,-3.0446631,113,1.144
2023-08-22,11:14:27.000,50.7069347,-3.0446409,113,1.147
2023-08-22,11:14:32.000,50.7068876,-3.0446091,113,1.111
2023-08-22,11:14:37.000,50.7068479,-3.0445756,113,1.100
2023-08-22,11:14:42.000,50.7068028,-3.0445392,113,1.086
2023-08-22,11:14:47.000,50.7067461,-3.0444994,113,1.069
2023-08-22,11:14:52.000,50.7066864,-3.0444612,114,1.075
2023-08-22,11:14:57.000,50.7066283,-3.0444231,114,1.092
2023-08-22,11:15:02.000,50.7065749,-3.0443985,114,1.108
2023-08-22,11:15:07.000,50.7065313,-3.0443775,114,1.111
2023-08-22,11:15:12.000,50.7064813,-3.0443439,114,1.108
2023-08-22,11:15:17.000,50.7064270,-3.0443157,115,1.106
2023-08-22,11:15:22.000,50.7063796,-3.0442941,115,1.100
2023-08-22,11:15:27.000,50.7063275,-3.0442673,115,1.094
2023-08-22,11:15:32.000,50.7062630,-3.0442384,116,1.100
2023-08-22,11:15:37.000,50.7062066,-3.0442113,116,1.133
2023-08-22,11:15:42.000,50.7061509,-3.0441617,116,1.153
2023-08-22,11:15:47.000,50.7060965,-3.0441217,116,1.214
2023-08-22,11:15:52.000,50.7060393,-3.0440935,116,1.225
2023-08-22,11:15:57.000,50.7059830,-3.0440655,116,1.228
2023-08-22,11:16:02.000,50.7059320,-3.0440430,117,1.219
2023-08-22,11:16:07.000,50.7058921,-3.0440157,117,1.186
2023-08-22,11:16:12.000,50.7058398,-3.0439890,117,1.181
2023-08-22,11:16:17.000,50.7057790,-3.0439565,117,1.183
2023-08-22,11:16:22.000,50.7057217,-3.0439352,117,1.192
2023-08-22,11:16:27.000,50.7056574,-3.0439096,118,1.211
2023-08-22,11:16:32.000,50.7056024,-3.0438896,118,1.206
2023-08-22,11:16:37.000,50.7055524,-3.0438570,118,1.189
2023-08-22,11:16:42.000,50.7054969,-3.0438219,118,1.189
2023-08-22,11:16:47.000,50.7054404,-3.0437945,118,1.206
2023-08-22,11:16:52.000,50.7053809,-3.0437554,119,1.214
2023-08-22,11:16:57.000,50.7053304,-3.0436928,119,1.239
2023-08-22,11:17:02.000,50.7052806,-3.0436245,119,1.244
2023-08-22,11:17:07.000,50.7052304,-3.0435669,119,1.256
2023-08-22,11:17:12.000,50.7051712,-3.0435278,119,1.258
2023-08-22,11:17:17.000,50.7051158,-3.0434961,120,1.269
2023-08-22,11:17:22.000,50.7050610,-3.0434746,120,1.272
2023-08-22,11:17:27.000,50.7050074,-3.0434539,120,1.261
2023-08-22,11:17:32.000,50.7049533,-3.0434319,120,1.256
2023-08-22,11:17:37.000,50.7048986,-3.0434033,120,1.247
2023-08-22,11:17:42.000,50.7048387,-3.0433700,120,1.256
2023-08-22,11:17:47.000,50.7047734,-3.0433540,120,1.300
2023-08-22,11:17:52.000,50.7047124,-3.0433360,120,1.319
2023-08-22,11:17:57.000,50.7046543,-3.0433172,120,1.364
2023-08-22,11:18:02.000,50.7045951,-3.0432982,120,1.369
2023-08-22,11:18:07.000,50.7045340,-3.0432789,120,1.375
2023-08-22,11:18:12.000,50.7044722,-3.0432605,120,1.389
2023-08-22,11:18:17.000,50.7044117,-3.0432396,120,1.403
2023-08-22,11:18:22.000,50.7043507,-3.0432160,120,1.411
2023-08-22,11:18:27.000,50.7042910,-3.0432007,119,1.419
2023-08-22,11:18:32.000,50.7042322,-3.0431867,119,1.422
2023-08-22,11:18:37.000,50.7041691,-3.0431753,119,1.431
2023-08-22,11:18:42.000,50.7041076,-3.0431554,118,1.431
2023-08-22,11:18:47.000,50.7040498,-3.0431313,118,1.422
2023-08-22,11:18:52.000,50.7039890,-3.0431117,118,1.408
2023-08-22,11:18:57.000,50.7039298,-3.0430867,118,1.400
2023-08-22,11:19:02.000,50.7038706,-3.0430577,118,1.394
2023-08-22,11:19:07.000,50.7038135,-3.0430339,117,1.392
2023-08-22,11:19:12.000,50.7037562,-3.0430121,117,1.386
2023-08-22,11:19:17.000,50.7037019,-3.0429826,116,1.381
2023-08-22,11:19:22.000,50.7036455,-3.0429463,116,1.369
2023-08-22,11:19:27.000,50.7035943,-3.0429204,115,1.350
2023-08-22,11:19:32.000,50.7035477,-3.0428868,115,1.319
2023-08-22,11:19:37.000,50.7035201,-3.0428275,115,1.275
2023-08-22,11:19:42.000,50.7035236,-3.0427547,115,1.225
2023-08-22,11:19:47.000,50.7035130,-3.0426778,114,1.200
2023-08-22,11:19:52.000,50.7034727,-3.0426003,114,1.228
2023-08-22,11:19:57.000,50.7034306,-3.0425189,114,1.283
2023-08-22,11:20:02.000,50.7033940,-3.0424418,114,1.325
2023-08-22,11:20:07.000,50.7033562,-3.0423662,114,1.342
2023-08-22,11:20:12.000,50.7033177,-3.0422911,113,1.350
2023-08-22,11:20:17.000,50.7032771,-3.0422177,113,1.347
2023-08-22,11:20:22.000,50.7032395,-3.0421430,113,1.333
2023-08-22,11:20:27.000,50.7032029,-3.0420706,113,1.322
2023-08-22,11:20:32.000,50.7031667,-3.0419984,112,1.325
2023-08-22,11:20:37.000,50.7031317,-3.0419233,112,1.328
2023-08-22,11:20:42.000,50.7030927,-3.0418447,112,1.342
2023-08-22,11:20:47.000,50.7030550,-3.0417674,111,1.356
2023-08-22,11:20:52.000,50.7030175,-3.0416911,111,1.361
2023-08-22,11:20:57.000,50.7029799,-3.0416179,111,1.358
2023-08-22,11:21:02.000,50.7029426,-3.0415406,110,1.353
2023-08-22,11:21:07.000,50.7029079,-3.0414660,109,1.353
2023-08-22,11:21:12.000,50.7028710,-3.0413904,109,1.347
2023-08-22,11:21:17.000,50.7028366,-3.0413232,109,1.331
2023-08-22,11:21:22.000,50.7028012,-3.0412587,109,1.311
2023-08-22,11:21:27.000,50.7027657,-3.0411904,108,1.300
2023-08-22,11:21:32.000,50.7027332,-3.0411167,107,1.297
2023-08-22,11:21:37.000,50.7027034,-3.0410414,106,1.300
2023-08-22,11:21:52.000,50.7026744,-3.0409670,105,0.567
2023-08-22,11:21:57.000,50.7026486,-3.0409095,105,1.150
2023-08-22,11:22:02.000,50.7026217,-3.0408285,104,1.128
2023-08-22,11:22:07.000,50.7026064,-3.0407487,104,1.125
2023-08-22,11:22:12.000,50.7025876,-3.0406739,104,1.133
2023-08-22,11:22:17.000,50.7025722,-3.0405963,103,1.156
2023-08-22,11:22:22.000,50.7025640,-3.0405067,103,1.147
2023-08-22,11:22:27.000,50.7025634,-3.0404267,103,1.131
2023-08-22,11:22:32.000,50.7025634,-3.0403630,103,1.092
2023-08-22,11:22:37.000,50.7025634,-3.0403103,103,1.044
2023-08-22,11:22:42.000,50.7025526,-3.0402482,102,1.008
2023-08-22,11:22:47.000,50.7025479,-3.0401861,102,0.989
2023-08-22,11:22:52.000,50.7025291,-3.0401258,102,0.994
2023-08-22,11:22:57.000,50.7025164,-3.0400631,102,1.006
2023-08-22,11:23:02.000,50.7025080,-3.0400030,101,1.022
2023-08-22,11:23:07.000,50.7024688,-3.0399657,101,1.064
2023-08-22,11:23:12.000,50.7024344,-3.0399084,100,1.103
2023-08-22,11:23:17.000,50.7024043,-3.0398323,99,1.136
2023-08-22,11:23:22.000,50.7023733,-3.0397693,99,1.169
2023-08-22,11:23:27.000,50.7023322,-3.0397274,98,1.183
2023-08-22,11:23:32.000,50.7023070,-3.0396663,98,1.181
2023-08-22,11:23:37.000,50.7022977,-3.0396005,97,1.161
2023-08-22,11:23:42.000,50.7022935,-3.0395314,97,1.139
2023-08-22,11:23:47.000,50.7023036,-3.0394692,97,1.119
2023-08-22,11:23:52.000,50.7023067,-3.0394100,97,1.103
2023-08-22,11:23:57.000,50.7022963,-3.0393444,97,1.092
2023-08-22,11:24:02.000,50.7022739,-3.0392675,97,1.092
2023-08-22,11:24:07.000,50.7022614,-3.0391862,96,1.103
2023-08-22,11:24:28.000,50.7022424,-3.0391275,96,0.000
2023-08-22,11:24:33.000,50.7022168,-3.0390717,95,1.117
2023-08-22,11:24:38.000,50.7021905,-3.0390229,94,1.100
2023-08-22,11:24:43.000,50.7021667,-3.0389789,94,1.097
2023-08-22,11:24:48.000,50.7021458,-3.0389237,93,1.094
2023-08-22,11:24:53.000,50.7021177,-3.0388744,92,1.131
2023-08-22,11:24:58.000,50.7020941,-3.0388293,91,1.119
2023-08-22,11:25:03.000,50.7020691,-3.0387703,91,1.094
2023-08-22,11:25:08.000,50.7020440,-3.0386916,90,1.083
2023-08-22,11:25:13.000,50.7020195,-3.0386090,89,1.075
2023-08-22,11:25:18.000,50.7019894,-3.0385420,89,1.078
2023-08-22,11:25:23.000,50.7019563,-3.0384832,88,1.083
2023-08-22,11:25:28.000,50.7019391,-3.0384040,88,1.100
2023-08-22,11:25:33.000,50.7019244,-3.0383236,87,1.144
2023-08-22,11:25:38.000,50.7019132,-3.0382363,87,1.186
2023-08-22,11:25:43.000,50.7018929,-3.0381609,86,1.192
2023-08-22,11:25:48.000,50.7018774,-3.0381086,86,1.175
2023-08-22,11:25:53.000,50.7018724,-3.0380656,85,1.131
2023-08-22,11:25:58.000,50.7018623,-3.0380166,85,1.089
2023-08-22,11:26:03.000,50.7018501,-3.0379584,84,1.058
2023-08-22,11:26:08.000,50.7018323,-3.0379001,83,1.006
2023-08-22,11:26:13.000,50.7018100,-3.0378568,83,0.925
2023-08-22,11:26:18.000,50.7017957,-3.0378084,83,0.839
2023-08-22,11:26:23.000,50.7017942,-3.0377487,82,0.786
2023-08-22,11:26:28.000,50.7017843,-3.0376719,82,0.778
2023-08-22,11:26:33.000,50.7017683,-3.0376080,81,0.769
2023-08-22,11:26:38.000,50.7017560,-3.0375529,81,0.803
2023-08-22,11:26:43.000,50.7017491,-3.0374942,81,0.819
2023-08-22,11:26:48.000,50.7017426,-3.0374203,81,0.847
2023-08-22,11:26:53.000,50.7017493,-3.0373529,81,0.853
2023-08-22,11:26:58.000,50.7017541,-3.0372834,80,0.856
2023-08-22,11:27:03.000,50.7017530,-3.0372337,80,0.861
2023-08-22,11:27:08.000,50.7017517,-3.0372070,80,0.867
2023-08-22,11:27:13.000,50.7017506,-3.0371637,80,0.878
2023-08-22,11:27:18.000,50.7017471,-3.0370791,80,0.917
2023-08-22,11:27:23.000,50.7017412,-3.0369981,80,0.950
2023-08-22,11:27:28.000,50.7017360,-3.0369184,79,0.981
2023-08-22,11:27:33.000,50.7017358,-3.0368327,79,0.969
2023-08-22,11:27:38.000,50.7017361,-3.0367540,79,0.936
2023-08-22,11:27:43.000,50.7017412,-3.0366770,79,0.931
2023-08-22,11:27:48.000,50.7017463,-3.0366162,78,0.933
2023-08-22,11:27:53.000,50.7017614,-3.0365738,78,0.925
2023-08-22,11:27:58.000,50.7017560,-3.0364909,77,0.911
2023-08-22,11:28:03.000,50.7017402,-3.0364168,77,0.906
2023-08-22,11:28:08.000,50.7017196,-3.0363407,77,0.933
2023-08-22,11:28:13.000,50.7017050,-3.0362677,76,0.969
2023-08-22,11:28:18.000,50.7016957,-3.0362051,76,0.989
2023-08-22,11:28:23.000,50.7017033,-3.0361358,76,0.992
2023-08-22,11:28:28.000,50.7017025,-3.0360563,76,0.994
2023-08-22,11:28:33.000,50.7016977,-3.0359876,76,0.994
2023-08-22,11:28:38.000,50.7016783,-3.0359165,75,1.011
2023-08-22,11:28:43.000,50.7016600,-3.0358444,75,1.025
2023-08-22,11:28:48.000,50.7016693,-3.0357683,75,1.022
2023-08-22,11:28:53.000,50.7016733,-3.0356938,75,1.014
2023-08-22,11:28:58.000,50.7016586,-3.0356227,75,1.000
2023-08-22,11:29:03.000,50.7016550,-3.0355554,75,0.994
2023-08-22,11:29:08.000,50.7016603,-3.0354794,75,1.008
2023-08-22,11:29:13.000,50.7016583,-3.0354066,75,1.022
2023-08-22,11:29:18.000,50.7016579,-3.0353410,75,1.011
2023-08-22,11:29:23.000,50.7016465,-3.0352678,75,0.983
2023-08-22,11:29:28.000,50.7016450,-3.0351965,75,0.969
2023-08-22,11:29:33.000,50.7016481,-3.0351352,75,0.958
2023-08-22,11:29:38.000,50.7016422,-3.0350529,75,0.944
2023-08-22,11:29:43.000,50.7016300,-3.0349701,76,0.939
2023-08-22,11:29:48.000,50.7016288,-3.0348947,76,0.953
2023-08-22,11:29:53.000,50.7016282,-3.0348193,76,0.981
2023-08-22,11:29:58.000,50.7016220,-3.0347353,77,1.000
2023-08-22,11:30:03.000,50.7016063,-3.0346532,77,1.019
2023-08-22,11:38:14.000,50.7015922,-3.0345915,79,1.161
2023-08-22,11:38:19.000,50.7015997,-3.0345364,79,1.200
2023-08-22,11:38:24.000,50.7016113,-3.0344693,79,1.075
2023-08-22,11:38:29.000,50.7016265,-3.0344066,79,0.983
2023-08-22,11:38:34.000,50.7016341,-3.0343428,80,0.958
2023-08-22,11:38:39.000,50.7016299,-3.0342605,80,0.911
2023-08-22,11:38:44.000,50.7016190,-3.0341728,81,0.906
2023-08-22,11:38:49.000,50.7016094,-3.0340935,81,0.911
2023-08-22,11:38:54.000,50.7015988,-3.0340164,81,0.939
2023-08-22,11:38:59.000,50.7015892,-3.0339464,81,0.961
2023-08-22,11:39:04.000,50.7015797,-3.0338573,81,0.986
2023-08-22,11:39:09.000,50.7015701,-3.0337692,81,1.025
2023-08-22,11:39:14.000,50.7015673,-3.0336796,81,1.064
2023-08-22,11:39:19.000,50.7015646,-3.0335923,81,1.092
2023-08-22,11:39:24.000,50.7015598,-3.0335047,82,1.108
2023-08-22,11:39:29.000,50.7015562,-3.0334142,82,1.117
2023-08-22,11:39:34.000,50.7015509,-3.0333295,82,1.128
2023-08-22,11:39:39.000,50.7015605,-3.0332541,82,1.150
2023-08-22,11:39:44.000,50.7015834,-3.0331725,82,1.158
2023-08-22,11:39:49.000,50.7016017,-3.0330875,81,1.167
2023-08-22,11:39:54.000,50.7016190,-3.0330034,81,1.181
2023-08-22,11:39:59.000,50.7016372,-3.0329235,81,1.203
2023-08-22,11:40:04.000,50.7016526,-3.0328442,81,1.203
2023-08-22,11:40:09.000,50.7016779,-3.0327665,81,1.197
2023-08-22,11:40:14.000,50.7017181,-3.0327152,81,1.192
2023-08-22,11:40:19.000,50.7017406,-3.0326690,81,1.178
2023-08-22,11:40:37.000,50.7017493,-3.0325659,84,1.644
2023-08-22,11:40:42.000,50.7017118,-3.0325017,85,1.742
2023-08-22,11:40:47.000,50.7016505,-3.0324381,85,1.669
2023-08-22,11:40:52.000,50.7016108,-3.0323670,86,1.422
2023-08-22,11:40:57.000,50.7016006,-3.0322789,86,1.206
2023-08-22,11:41:02.000,50.7015983,-3.0321779,86,1.139
2023-08-22,11:41:07.000,50.7016010,-3.0320848,87,1.131
2023-08-22,11:41:12.000,50.7016016,-3.0319925,87,1.133
2023-08-22,11:41:17.000,50.7015979,-3.0318995,88,1.153
2023-08-22,11:41:22.000,50.7015897,-3.0318096,88,1.156
2023-08-22,11:41:27.000,50.7015735,-3.0317174,88,1.158
2023-08-22,11:41:32.000,50.7015568,-3.0316234,88,1.186
2023-08-22,11:41:37.000,50.7015431,-3.0315279,88,1.197
2023-08-22,11:41:42.000,50.7015353,-3.0314421,89,1.214
2023-08-22,11:41:47.000,50.7015281,-3.0313504,89,1.214
2023-08-22,11:41:52.000,50.7015164,-3.0312571,89,1.203
2023-08-22,11:41:57.000,50.7015018,-3.0311611,89,1.200
2023-08-22,11:42:02.000,50.7014848,-3.0310635,88,1.231
2023-08-22,11:42:07.000,50.7014709,-3.0309697,88,1.250
2023-08-22,11:42:12.000,50.7014582,-3.0308758,88,1.294
2023-08-22,11:42:17.000,50.7014426,-3.0307793,88,1.303
2023-08-22,11:42:22.000,50.7014317,-3.0306827,88,1.317
2023-08-22,11:42:27.000,50.7014184,-3.0305876,88,1.322
2023-08-22,11:42:32.000,50.7014038,-3.0304915,88,1.344
2023-08-22,11:42:37.000,50.7013922,-3.0303913,88,1.353
2023-08-22,11:42:42.000,50.7013825,-3.0302926,87,1.372
2023-08-22,11:42:47.000,50.7013839,-3.0302003,87,1.375
2023-08-22,11:42:52.000,50.7013926,-3.0301116,87,1.372
2023-08-22,11:42:57.000,50.7014010,-3.0300216,87,1.369
2023-08-22,11:43:02.000,50.7014179,-3.0299438,88,1.344
2023-08-22,11:43:07.000,50.7014538,-3.0298781,88,1.333
2023-08-22,11:43:12.000,50.7014887,-3.0298213,88,1.247
2023-08-22,11:43:17.000,50.7015262,-3.0297593,89,1.217
2023-08-22,11:43:22.000,50.7015605,-3.0296926,89,1.161
2023-08-22,11:43:27.000,50.7015956,-3.0296289,90,1.147
2023-08-22,11:43:32.000,50.7016330,-3.0295680,90,1.125
2023-08-22,11:43:37.000,50.7016736,-3.0295135,91,1.119
2023-08-22,11:43:42.000,50.7017221,-3.0294812,92,1.100
2023-08-22,11:43:54.000,50.7017387,-3.0294281,93,0.000
2023-08-22,11:43:59.000,50.7017532,-3.0294646,93,1.292
2023-08-22,11:44:44.000,50.7017968,-3.0295076,95,0.000
2023-08-22,11:44:49.000,50.7018315,-3.0295009,95,1.003
2023-08-22,11:45:06.000,50.7018811,-3.0294566,95,1.064
2023-08-22,11:45:11.000,50.7018928,-3.0293943,95,1.036
2023-08-22,11:45:16.000,50.7018959,-3.0293551,94,1.200
2023-08-22,11:45:21.000,50.7018999,-3.0293155,94,1.097
2023-08-22,11:45:26.000,50.7019030,-3.0292729,93,1.086
2023-08-22,11:45:31.000,50.7018944,-3.0292338,92,1.072
2023-08-22,11:45:36.000,50.7018848,-3.0291869,91,1.086
2023-08-22,11:45:41.000,50.7018952,-3.0291225,90,1.089
2023-08-22,11:45:46.000,50.7019070,-3.0290434,89,1.086
2023-08-22,11:45:51.000,50.7019090,-3.0290093,88,1.078
2023-08-22,11:45:56.000,50.7018887,-3.0289779,88,0.961
2023-08-22,11:46:01.000,50.7018905,-3.0289116,87,0.919
2023-08-22,11:46:06.000,50.7019013,-3.0288395,87,1.075
2023-08-22,11:46:51.000,50.7018743,-3.0286767,80,0.000
2023-08-22,11:46:56.000,50.7018438,-3.0286037,80,0.544
2023-08-22,11:47:01.000,50.7018128,-3.0285840,80,1.083
2023-08-22,11:47:06.000,50.7017760,-3.0285820,80,1.122
2023-08-22,11:47:11.000,50.7017304,-3.0285861,80,1.092
2023-08-22,11:47:16.000,50.7016874,-3.0286252,80,1.056
2023-08-22,11:47:21.000,50.7016584,-3.0286504,80,1.025
2023-08-22,11:47:26.000,50.7016381,-3.0286499,80,1.008
2023-08-22,11:47:31.000,50.7016108,-3.0286461,80,1.008
2023-08-22,11:47:36.000,50.7015800,-3.0286272,80,1.008
2023-08-22,11:47:41.000,50.7015502,-3.0286073,80,1.014
2023-08-22,11:47:46.000,50.7015388,-3.0285606,80,0.992
2023-08-22,11:47:51.000,50.7015532,-3.0285106,80,0.925
2023-08-22,11:47:56.000,50.7015795,-3.0284700,80,0.861
2023-08-22,11:48:01.000,50.7015919,-3.0284006,80,0.831
2023-08-22,11:48:06.000,50.7015868,-3.0283263,80,0.825
2023-08-22,11:48:11.000,50.7015999,-3.0282530,80,0.878
2023-08-22,11:48:16.000,50.7016155,-3.0281861,80,0.936
2023-08-22,11:48:21.000,50.7016105,-3.0281459,81,0.956
2023-08-22,11:48:26.000,50.7015883,-3.0281148,81,0.917
2023-08-22,11:48:31.000,50.7015761,-3.0280619,82,0.850
2023-08-22,11:48:36.000,50.7015614,-3.0280236,82,0.786
2023-08-22,11:48:41.000,50.7015370,-3.0279960,83,1.161
2023-08-22,11:48:46.000,50.7015101,-3.0279781,83,1.231
2023-08-22,11:48:51.000,50.7014738,-3.0279676,85,1.239
2023-08-22,11:48:56.000,50.7014405,-3.0279730,85,1.225
2023-08-22,11:49:01.000,50.7014136,-3.0279810,86,1.228
2023-08-22,11:49:06.000,50.7013930,-3.0279813,87,1.228
2023-08-22,11:49:11.000,50.7013688,-3.0279817,87,1.228
2023-08-22,11:49:16.000,50.7013361,-3.0279911,87,1.172
2023-08-22,11:49:21.000,50.7012988,-3.0279944,87,1.133
2023-08-22,11:49:26.000,50.7012583,-3.0279896,86,1.117
2023-08-22,11:49:31.000,50.7012156,-3.0279794,86,1.092
2023-08-22,11:49:36.000,50.7011889,-3.0279455,85,1.050
2023-08-22,11:50:19.000,50.7011876,-3.0278634,85,0.000
2023-08-22,11:50:24.000,50.7011819,-3.0278261,85,0.497
2023-08-22,11:50:29.000,50.7011622,-3.0277579,85,1.058
2023-08-22,11:50:34.000,50.7011400,-3.0276792,85,1.081
2023-08-22,11:50:39.000,50.7011171,-3.0275987,84,1.094
2023-08-22,11:50:44.000,50.7010855,-3.0275262,84,1.094
2023-08-22,11:50:49.000,50.7010565,-3.0274620,84,1.106
2023-08-22,11:50:54.000,50.7010295,-3.0273978,84,1.100
2023-08-22,11:51:22.000,50.7009985,-3.0273626,83,0.925
2023-08-22,11:51:55.000,50.7009788,-3.0273144,83,1.114
2023-08-22,11:52:00.000,50.7009478,-3.0272454,83,1.114
2023-08-22,11:52:05.000,50.7009119,-3.0271770,83,1.119
2023-08-22,11:52:10.000,50.7008826,-3.0271046,83,1.111
2023-08-22,11:52:15.000,50.7008666,-3.0270243,83,1.111
2023-08-22,11:52:20.000,50.7008495,-3.0269353,83,1.133
2023-08-22,11:52:25.000,50.7008408,-3.0268414,83,1.164
2023-08-22,11:52:30.000,50.7008338,-3.0267468,83,1.175
2023-08-22,11:52:35.000,50.7008270,-3.0266544,83,1.192
2023-08-22,11:52:40.000,50.7008231,-3.0265790,83,0.594
2023-08-22,11:52:51.000,50.7008182,-3.0265202,83,1.033
2023-08-22,11:52:56.000,50.7008340,-3.0264337,83,1.056
2023-08-22,11:53:01.000,50.7008536,-3.0263514,83,1.050
2023-08-22,11:53:06.000,50.7008700,-3.0262731,83,1.042
2023-08-22,11:53:11.000,50.7008897,-3.0262042,84,1.031
2023-08-22,11:53:16.000,50.7008971,-3.0261260,84,1.022
2023-08-22,11:53:21.000,50.7009168,-3.0260488,85,1.025
2023-08-22,11:53:26.000,50.7009409,-3.0259744,85,1.031
2023-08-22,11:53:31.000,50.7009638,-3.0259054,85,1.050
2023-08-22,11:53:36.000,50.7009847,-3.0258340,86,1.067
2023-08-22,11:53:41.000,50.7009925,-3.0257556,86,1.064
2023-08-22,11:53:46.000,50.7010004,-3.0256914,86,1.050
2023-08-22,11:53:51.000,50.7010151,-3.0256292,86,1.028
2023-08-22,11:53:56.000,50.7010414,-3.0255627,86,0.997
2023-08-22,11:54:01.000,50.7010750,-3.0254860,86,1.003
2023-08-22,11:54:06.000,50.7011125,-3.0254109,86,1.047
2023-08-22,11:54:11.000,50.7011420,-3.0253393,87,1.097
2023-08-22,11:54:16.000,50.7011553,-3.0252535,87,1.131
2023-08-22,11:54:21.000,50.7011569,-3.0251628,87,1.128
2023-08-22,11:54:26.000,50.7011474,-3.0250861,87,1.097
2023-08-22,11:54:31.000,50.7011367,-3.0250300,87,1.064
2023-08-22,11:54:36.000,50.7011309,-3.0249762,87,1.017
2023-08-22,11:54:41.000,50.7011295,-3.0249133,87,0.972
2023-08-22,11:54:46.000,50.7011320,-3.0248415,87,0.939
2023-08-22,11:54:51.000,50.7011360,-3.0247753,88,0.931
2023-08-22,11:54:56.000,50.7011279,-3.0247090,88,0.939
2023-08-22,11:55:01.000,50.7010925,-3.0246913,89,0.944
2023-08-22,11:55:06.000,50.7010542,-3.0246902,89,0.942
2023-08-22,11:55:11.000,50.7010224,-3.0246581,89,0.939
2023-08-22,11:55:16.000,50.7009907,-3.0246264,89,0.942
2023-08-22,11:55:21.000,50.7009586,-3.0245963,89,0.950
2023-08-22,11:55:26.000,50.7009257,-3.0245785,89,0.994
2023-08-22,11:55:31.000,50.7008941,-3.0245710,88,1.039
2023-08-22,11:55:36.000,50.7008614,-3.0245607,88,1.069
2023-08-22,11:55:41.000,50.7008170,-3.0245560,87,1.097
2023-08-22,11:55:46.000,50.7007781,-3.0245614,86,1.111
2023-08-22,11:55:51.000,50.7007342,-3.0245809,85,1.119
2023-08-22,11:55:56.000,50.7006990,-3.0246170,85,1.111
2023-08-22,11:56:01.000,50.7006566,-3.0246481,84,1.081
2023-08-22,11:56:06.000,50.7006234,-3.0246586,83,1.031
2023-08-22,11:56:11.000,50.7005885,-3.0246383,82,0.975
2023-08-22,11:56:16.000,50.7005520,-3.0246099,81,2.117
2023-08-22,11:56:21.000,50.7005147,-3.0245725,81,1.897
2023-08-22,11:56:26.000,50.7004900,-3.0245179,80,1.214
2023-08-22,11:56:31.000,50.7004819,-3.0244617,80,1.025
2023-08-22,11:56:36.000,50.7004844,-3.0243814,80,0.992
2023-08-22,11:56:41.000,50.7004899,-3.0242996,79,0.961
2023-08-22,11:56:46.000,50.7004915,-3.0242231,79,0.992
2023-08-22,11:56:51.000,50.7004966,-3.0241348,80,1.028
2023-08-22,11:56:56.000,50.7004981,-3.0240747,80,1.033
2023-08-22,11:57:01.000,50.7004954,-3.0240172,79,1.000
2023-08-22,11:57:06.000,50.7004818,-3.0239493,79,0.997
2023-08-22,11:57:11.000,50.7004621,-3.0238707,79,0.994
2023-08-22,11:57:16.000,50.7004302,-3.0238032,79,1.003
2023-08-22,11:57:21.000,50.7003885,-3.0237238,78,1.008
2023-08-22,11:57:26.000,50.7003583,-3.0236540,78,1.033
2023-08-22,11:57:31.000,50.7003467,-3.0235972,77,1.042
2023-08-22,11:57:36.000,50.7003175,-3.0235344,76,1.061
2023-08-22,11:57:41.000,50.7002870,-3.0234575,76,1.069
2023-08-22,11:57:46.000,50.7002675,-3.0233791,75,1.094
2023-08-22,11:57:51.000,50.7002524,-3.0233365,74,1.100
2023-08-22,11:57:56.000,50.7002263,-3.0233087,73,1.067
2023-08-22,11:58:01.000,50.7001963,-3.0232931,72,1.050
2023-08-22,11:58:06.000,50.7001751,-3.0232843,71,0.986
2023-08-22,11:58:11.000,50.7001381,-3.0232708,70,0.972
2023-08-22,11:59:21.000,50.7000792,-3.0232500,67,0.819
2023-08-22,11:59:26.000,50.7000609,-3.0232182,67,0.708
2023-08-22,11:59:31.000,50.7000503,-3.0231801,66,0.692
2023-08-22,11:59:58.000,50.7000387,-3.0230999,60,2.028
2023-08-22,12:00:03.000,50.7000198,-3.0230107,60,1.981
2023-08-22,12:00:08.000,50.6999931,-3.0229574,59,1.975
2023-08-22,12:00:13.000,50.6999590,-3.0229440,59,1.561
2023-08-22,12:00:18.000,50.6999204,-3.0229247,59,1.081
2023-08-22,12:00:23.000,50.6998874,-3.0228999,59,0.947
2023-08-22,12:00:28.000,50.6998535,-3.0228599,58,0.939
2023-08-22,12:00:33.000,50.6998141,-3.0228294,57,0.942
2023-08-22,12:00:44.000,50.6997519,-3.0228143,56,1.236
2023-08-22,12:00:49.000,50.6997150,-3.0228119,54,1.678
2023-08-22,12:00:54.000,50.6996848,-3.0228351,53,1.850
2023-08-22,12:01:04.000,50.6996621,-3.0228875,52,1.803
2023-08-22,12:01:09.000,50.6996317,-3.0229092,51,1.781
2023-08-22,12:01:14.000,50.6996029,-3.0229280,50,1.775
2023-08-22,12:01:30.000,50.6995783,-3.0229566,47,0.000
2023-08-22,12:01:49.000,50.6995309,-3.0229421,46,0.794
2023-08-22,12:01:54.000,50.6995201,-3.0229073,46,0.992
2023-08-22,12:02:12.000,50.6995018,-3.0228415,44,0.000
2023-08-22,12:02:24.000,50.6994530,-3.0227736,43,0.997
2023-08-22,12:02:29.000,50.6994246,-3.0227429,43,0.939
2023-08-22,12:02:34.000,50.6994051,-3.0227206,42,0.883
2023-08-22,12:03:12.000,50.6993858,-3.0226633,42,0.844
2023-08-22,12:03:27.000,50.6993973,-3.0225877,42,1.022
2023-08-22,12:03:32.000,50.6994281,-3.0225315,43,0.906
2023-08-22,12:03:37.000,50.6994416,-3.0224752,43,0.858
2023-08-22,12:03:42.000,50.6994476,-3.0224137,43,0.897
2023-08-22,12:03:47.000,50.6994683,-3.0223603,43,0.956
2023-08-22,12:03:52.000,50.6995064,-3.0223174,44,0.983
2023-08-22,12:03:57.000,50.6995412,-3.0222697,45,0.994
2023-08-22,12:04:02.000,50.6995789,-3.0222038,45,1.000
2023-08-22,12:04:07.000,50.6996019,-3.0221282,46,0.994
2023-08-22,12:04:12.000,50.6996106,-3.0220523,46,0.992
2023-08-22,12:04:17.000,50.6996217,-3.0219923,47,1.000
2023-08-22,12:04:22.000,50.6996243,-3.0219329,47,1.003
2023-08-22,12:04:27.000,50.6996296,-3.0218669,47,1.003
2023-08-22,12:04:32.000,50.6996359,-3.0218034,48,0.994
2023-08-22,12:04:37.000,50.6996408,-3.0217355,48,0.956
2023-08-22,12:04:42.000,50.6996428,-3.0216493,48,0.939
2023-08-22,12:04:47.000,50.6996560,-3.0215592,48,0.944
2023-08-22,12:04:52.000,50.6996848,-3.0214862,48,0.961
2023-08-22,12:04:57.000,50.6997042,-3.0214163,48,0.972
2023-08-22,12:05:02.000,50.6997115,-3.0213518,47,1.400
2023-08-22,12:05:07.000,50.6997207,-3.0212770,46,1.525
2023-08-22,12:05:12.000,50.6997446,-3.0212026,46,1.614
2023-08-22,12:05:17.000,50.6997700,-3.0211360,45,1.664
2023-08-22,12:05:22.000,50.6998069,-3.0210971,45,1.467
2023-08-22,12:05:27.000,50.6998519,-3.0210755,45,1.108
2023-08-22,12:05:32.000,50.6998856,-3.0210487,44,1.008
2023-08-22,12:05:37.000,50.6999134,-3.0209889,43,1.019
2023-08-22,12:05:42.000,50.6999371,-3.0209211,42,1.014
2023-08-22,12:05:47.000,50.6999675,-3.0208713,41,1.047
2023-08-22,12:05:52.000,50.6999935,-3.0208159,41,1.064
2023-08-22,12:05:57.000,50.7000125,-3.0207860,40,1.072
2023-08-22,12:06:02.000,50.7000448,-3.0207478,40,1.058
2023-08-22,12:06:07.000,50.7000868,-3.0206970,40,1.044
2023-08-22,12:06:12.000,50.7001199,-3.0206318,40,1.039
2023-08-22,12:06:17.000,50.7001547,-3.0205512,39,1.056
2023-08-22,12:06:22.000,50.7001899,-3.0204937,39,1.058
2023-08-22,12:06:27.000,50.7002292,-3.0204489,39,1.047
2023-08-22,12:06:32.000,50.7002680,-3.0203955,39,1.031
2023-08-22,12:06:37.000,50.7002907,-3.0203305,39,1.028
2023-08-22,12:06:42.000,50.7003007,-3.0202525,38,1.047
2023-08-22,12:06:47.000,50.7003047,-3.0201740,38,1.064
2023-08-22,12:06:52.000,50.7003171,-3.0200862,38,1.081
2023-08-22,12:06:57.000,50.7003425,-3.0200121,38,1.103
2023-08-22,12:07:02.000,50.7003602,-3.0199492,38,1.122
2023-08-22,12:07:07.000,50.7003669,-3.0198856,38,1.111
2023-08-22,12:07:12.000,50.7003802,-3.0198285,38,1.067
2023-08-22,12:07:17.000,50.7003939,-3.0197654,38,1.000
2023-08-22,12:07:22.000,50.7004008,-3.0197035,38,0.944
2023-08-22,12:07:27.000,50.7004136,-3.0196333,38,0.925
2023-08-22,12:07:32.000,50.7004348,-3.0195579,38,0.936
2023-08-22,12:07:37.000,50.7004555,-3.0194712,38,0.967
2023-08-22,12:07:42.000,50.7004726,-3.0193883,39,1.000
2023-08-22,12:07:47.000,50.7004733,-3.0193235,39,1.017
2023-08-22,12:07:52.000,50.7004703,-3.0192339,39,1.033
2023-08-22,12:07:57.000,50.7004829,-3.0191178,39,1.064
2023-08-22,12:08:02.000,50.7005083,-3.0190278,39,1.103
2023-08-22,12:08:07.000,50.7005328,-3.0189492,39,1.131
2023-08-22,12:08:12.000,50.7005572,-3.0188830,39,1.136
2023-08-22,12:08:57.000,50.7005635,-3.0188253,40,0.000
2023-08-22,12:09:02.000,50.7005587,-3.0187585,40,0.000
2023-08-22,12:09:16.000,50.7005686,-3.0187041,39,0.450
2023-08-22,12:09:21.000,50.7005817,-3.0186550,39,0.908
2023-08-22,12:09:26.000,50.7005967,-3.0185936,39,0.894
2023-08-22,12:09:31.000,50.7006170,-3.0185430,40,0.900
2023-08-22,12:09:36.000,50.7006276,-3.0184741,40,0.911
2023-08-22,12:09:41.000,50.7006327,-3.0184020,40,0.933
2023-08-22,12:09:46.000,50.7006428,-3.0183305,40,0.964
2023-08-22,12:09:51.000,50.7006586,-3.0182528,40,0.972
2023-08-22,12:09:56.000,50.7006680,-3.0181759,40,0.978
2023-08-22,12:10:01.000,50.7006815,-3.0181147,40,1.003
2023-08-22,12:10:06.000,50.7006981,-3.0180414,39,1.011
2023-08-22,12:10:11.000,50.7007205,-3.0179753,39,1.033
2023-08-22,12:10:16.000,50.7007392,-3.0179213,39,1.033
2023-08-22,12:10:21.000,50.7007519,-3.0178752,38,1.025
2023-08-22,12:10:26.000,50.7007687,-3.0178249,38,1.017
2023-08-22,12:10:31.000,50.7007955,-3.0177458,38,0.997
2023-08-22,12:10:36.000,50.7008115,-3.0176638,38,0.989
2023-08-22,12:10:41.000,50.7008107,-3.0175986,38,0.967
2023-08-22,12:10:46.000,50.7007981,-3.0175324,38,0.964
2023-08-22,12:10:51.000,50.7007979,-3.0174659,37,0.964
2023-08-22,12:10:56.000,50.7007836,-3.0173935,37,0.969
2023-08-22,12:11:01.000,50.7007662,-3.0173256,37,0.997
2023-08-22,12:11:06.000,50.7007553,-3.0172642,36,1.011
2023-08-22,12:11:11.000,50.7007465,-3.0172141,36,1.044
2023-08-22,12:11:16.000,50.7007291,-3.0171701,35,1.050
2023-08-22,12:11:21.000,50.7007050,-3.0170993,34,1.083
2023-08-22,12:11:26.000,50.7006785,-3.0170116,34,1.103
2023-08-22,12:11:31.000,50.7006498,-3.0169413,33,1.156
2023-08-22,12:11:36.000,50.7006222,-3.0168770,33,1.156
2023-08-22,12:11:41.000,50.7006061,-3.0168097,33,1.117
2023-08-22,12:11:46.000,50.7005918,-3.0167414,33,1.092
2023-08-22,12:11:51.000,50.7005819,-3.0166780,33,1.031
2023-08-22,12:11:56.000,50.7005851,-3.0166035,33,1.014
2023-08-22,12:12:01.000,50.7005974,-3.0165298,33,0.961
2023-08-22,12:12:06.000,50.7006098,-3.0164610,33,0.944
2023-08-22,12:12:11.000,50.7006287,-3.0163824,33,0.922
2023-08-22,12:12:16.000,50.7006396,-3.0163115,34,0.928
2023-08-22,12:12:21.000,50.7006566,-3.0162570,34,0.944
2023-08-22,12:12:26.000,50.7006770,-3.0161986,34,0.939
2023-08-22,12:12:31.000,50.7007079,-3.0161311,34,0.919
2023-08-22,12:12:36.000,50.7007307,-3.0160647,35,0.917
2023-08-22,12:12:41.000,50.7007378,-3.0159845,35,0.922
2023-08-22,12:12:46.000,50.7007532,-3.0159148,36,0.919
2023-08-22,12:12:51.000,50.7007660,-3.0158464,36,0.919
2023-08-22,12:12:56.000,50.7007732,-3.0157773,37,0.917
2023-08-22,12:13:01.000,50.7007761,-3.0157007,37,0.908
2023-08-22,12:13:06.000,50.7007735,-3.0156306,37,0.914
2023-08-22,12:13:11.000,50.7007646,-3.0155685,38,0.936
2023-08-22,12:13:16.000,50.7007504,-3.0154977,38,0.942
2023-08-22,12:13:21.000,50.7007470,-3.0154074,38,0.947
2023-08-22,12:13:26.000,50.7007455,-3.0153332,38,0.964
2023-08-22,12:13:31.000,50.7007449,-3.0152670,39,0.964
2023-08-22,12:13:36.000,50.7007494,-3.0151926,39,0.953
2023-08-22,12:13:41.000,50.7007615,-3.0151170,39,0.958
2023-08-22,12:13:53.000,50.7007509,-3.0150665,38,1.047
2023-08-22,12:13:58.000,50.7007215,-3.0150485,38,1.025
2023-08-22,12:14:03.000,50.7006792,-3.0150144,37,1.000
2023-08-22,12:14:08.000,50.7006385,-3.0149888,37,0.997
2023-08-22,12:14:13.000,50.7006009,-3.0149661,36,1.008
2023-08-22,12:14:23.000,50.7005603,-3.0149298,34,1.022
2023-08-22,12:14:28.000,50.7005193,-3.0148974,33,1.028
2023-08-22,12:14:33.000,50.7004708,-3.0148847,32,1.028
2023-08-22,12:15:29.000,50.7004122,-3.0149439,30,0.000
2023-08-22,12:15:34.000,50.7004049,-3.0149256,30,0.000
2023-08-22,12:15:39.000,50.7004098,-3.0148899,30,0.000
2023-08-22,12:15:44.000,50.7004153,-3.0148891,30,0.000
2023-08-22,12:16:12.000,50.7004147,-3.0149542,30,0.000
2023-08-22,12:16:17.000,50.7004344,-3.0149947,30,2.128
2023-08-22,12:16:22.000,50.7004637,-3.0150154,30,2.128
2023-08-22,12:16:56.000,50.7005101,-3.0150449,32,1.742
2023-08-22,12:17:01.000,50.7005665,-3.0150828,33,1.467
2023-08-22,12:17:06.000,50.7006067,-3.0150948,33,1.406
2023-08-22,12:17:11.000,50.7006393,-3.0150952,34,1.350
2023-08-22,12:17:16.000,50.7006771,-3.0151085,35,1.375
2023-08-22,12:17:21.000,50.7007109,-3.0150976,36,1.464
2023-08-22,12:17:26.000,50.7007291,-3.0150370,36,1.311
2023-08-22,12:17:31.000,50.7007417,-3.0149698,37,1.236
2023-08-22,12:17:36.000,50.7007539,-3.0148966,37,0.853
2023-08-22,12:17:41.000,50.7007636,-3.0148012,37,0.822
2023-08-22,12:17:46.000,50.7007766,-3.0147175,36,0.797
2023-08-22,12:17:51.000,50.7007789,-3.0146555,36,0.797
2023-08-22,12:17:56.000,50.7007751,-3.0145889,36,0.792
2023-08-22,12:18:01.000,50.7007782,-3.0145231,36,0.794
2023-08-22,12:18:06.000,50.7007754,-3.0144651,36,0.806
2023-08-22,12:18:11.000,50.7007820,-3.0143913,36,0.817
2023-08-22,12:18:16.000,50.7007957,-3.0143201,37,0.822
2023-08-22,12:18:21.000,50.7008097,-3.0142589,37,0.822
2023-08-22,12:18:26.000,50.7008145,-3.0142046,38,0.783
2023-08-22,12:18:31.000,50.7008103,-3.0141512,39,0.764
2023-08-22,12:18:36.000,50.7008101,-3.0140962,39,0.719
2023-08-22,12:18:41.000,50.7008125,-3.0140173,40,0.711
2023-08-22,12:18:46.000,50.7008178,-3.0139394,40,0.728
2023-08-22,12:18:51.000,50.7008288,-3.0138627,41,0.739
2023-08-22,12:18:56.000,50.7008457,-3.0137826,41,0.783
2023-08-22,12:19:01.000,50.7008737,-3.0137117,42,0.800
2023-08-22,12:19:06.000,50.7008922,-3.0136368,42,0.861
2023-08-22,12:19:11.000,50.7008999,-3.0135405,42,0.883
2023-08-22,12:19:16.000,50.7009115,-3.0134576,42,0.958
2023-08-22,12:19:21.000,50.7009306,-3.0133750,42,0.986
2023-08-22,12:19:26.000,50.7009570,-3.0132786,42,1.075
2023-08-22,12:19:31.000,50.7009766,-3.0132029,42,1.100
2023-08-22,12:19:36.000,50.7009842,-3.0131447,43,1.131
2023-08-22,12:19:41.000,50.7009961,-3.0130851,43,1.133
2023-08-22,12:19:46.000,50.7010169,-3.0130319,43,1.103
2023-08-22,12:19:51.000,50.7010455,-3.0129621,44,1.092
2023-08-22,12:19:56.000,50.7010652,-3.0128857,44,1.103
2023-08-22,12:20:01.000,50.7010860,-3.0128118,44,1.117
2023-08-22,12:20:06.000,50.7011014,-3.0127525,44,1.097
2023-08-22,12:20:11.000,50.7011135,-3.0126920,45,1.075
2023-08-22,12:20:16.000,50.7011296,-3.0126122,45,0.994
2023-08-22,12:20:21.000,50.7011440,-3.0125089,45,0.978
2023-08-22,12:20:26.000,50.7011643,-3.0124117,45,1.050
2023-08-22,12:20:31.000,50.7011895,-3.0123270,45,1.092
2023-08-22,12:20:36.000,50.7012111,-3.0122506,45,1.356
2023-08-22,12:20:41.000,50.7012252,-3.0121783,45,1.567
2023-08-22,12:20:46.000,50.7012354,-3.0121180,46,1.503
2023-08-22,12:20:59.000,50.7012544,-3.0120575,45,1.203
2023-08-22,12:21:04.000,50.7012762,-3.0119927,45,1.172
2023-08-22,12:21:09.000,50.7012973,-3.0119279,45,1.158
2023-08-22,12:21:14.000,50.7013086,-3.0118419,44,1.144
2023-08-22,12:21:19.000,50.7013155,-3.0117689,44,1.119
2023-08-22,12:21:24.000,50.7013253,-3.0117103,44,1.114
2023-08-22,12:21:29.000,50.7013429,-3.0116431,44,1.111
2023-08-22,12:21:34.000,50.7013589,-3.0115575,44,1.106
2023-08-22,12:21:39.000,50.7013751,-3.0114800,44,1.089
2023-08-22,12:21:44.000,50.7013957,-3.0114151,45,1.067
2023-08-22,12:21:54.000,50.7014247,-3.0113570,45,1.028
2023-08-22,12:21:59.000,50.7014432,-3.0112915,46,1.392
2023-08-22,12:22:04.000,50.7014607,-3.0112154,46,2.025
2023-08-22,12:22:09.000,50.7014798,-3.0111540,47,2.094
2023-08-22,12:22:14.000,50.7015032,-3.0110830,47,1.925
2023-08-22,12:22:19.000,50.7015366,-3.0110079,48,1.228
2023-08-22,12:22:24.000,50.7015686,-3.0109395,48,1.036
2023-08-22,12:22:29.000,50.7015971,-3.0108764,48,1.006
2023-08-22,12:22:34.000,50.7016165,-3.0108136,48,1.019
2023-08-22,12:22:39.000,50.7016297,-3.0107470,48,1.047
2023-08-22,12:22:44.000,50.7016479,-3.0106776,48,1.042
2023-08-22,12:22:49.000,50.7016745,-3.0106071,48,1.047
2023-08-22,12:22:54.000,50.7017115,-3.0105373,48,1.053
2023-08-22,12:22:59.000,50.7017474,-3.0104764,48,1.064
2023-08-22,12:23:04.000,50.7017794,-3.0104215,48,1.047
2023-08-22,12:23:09.000,50.7018190,-3.0103869,48,1.014
2023-08-22,12:23:14.000,50.7018442,-3.0103620,49,0.981
2023-08-22,12:23:19.000,50.7018584,-3.0103427,49,0.956
2023-08-22,12:23:24.000,50.7018830,-3.0103134,50,0.933
2023-08-22,12:23:29.000,50.7019051,-3.0102899,51,0.908
2023-08-22,12:23:34.000,50.7019451,-3.0102516,52,0.883
2023-08-22,12:23:39.000,50.7019843,-3.0102141,53,0.900
2023-08-22,12:23:44.000,50.7020330,-3.0101740,54,0.939
2023-08-22,12:23:49.000,50.7020832,-3.0101210,54,0.983
2023-08-22,12:23:54.000,50.7021157,-3.0100621,55,1.022
2023-08-22,12:23:59.000,50.7021450,-3.0099967,56,1.056
2023-08-22,12:24:04.000,50.7021739,-3.0099559,56,1.056
2023-08-22,12:24:09.000,50.7022081,-3.0099203,56,1.031
2023-08-22,12:24:14.000,50.7022336,-3.0098768,57,0.975
2023-08-22,12:24:19.000,50.7022640,-3.0098312,57,0.919
2023-08-22,12:24:24.000,50.7022951,-3.0097745,57,0.892
2023-08-22,12:24:29.000,50.7023368,-3.0097186,57,0.894
2023-08-22,12:24:34.000,50.7023502,-3.0096368,57,0.953
2023-08-22,12:24:39.000,50.7023842,-3.0095731,57,1.014
2023-08-22,12:24:44.000,50.7024301,-3.0095031,56,1.047
2023-08-22,12:24:49.000,50.7024661,-3.0094292,56,1.061
2023-08-22,12:24:54.000,50.7024997,-3.0093577,56,1.075
2023-08-22,12:24:59.000,50.7025336,-3.0092986,56,1.083
2023-08-22,12:25:04.000,50.7025613,-3.0092244,56,1.092
2023-08-22,12:25:09.000,50.7025939,-3.0091524,56,1.125
2023-08-22,12:25:14.000,50.7026156,-3.0090907,56,1.161
2023-08-22,12:25:19.000,50.7026393,-3.0090258,56,1.181
2023-08-22,12:25:24.000,50.7026518,-3.0089541,56,1.181
2023-08-22,12:25:29.000,50.7026633,-3.0088992,56,1.164
2023-08-22,12:25:34.000,50.7026797,-3.0088421,56,1.117
2023-08-22,12:25:39.000,50.7026930,-3.0087827,57,1.042
2023-08-22,12:25:44.000,50.7027095,-3.0087240,57,0.972
2023-08-22,12:25:49.000,50.7027296,-3.0086569,57,0.944
2023-08-22,12:25:54.000,50.7027556,-3.0085880,58,0.967
2023-08-22,12:25:59.000,50.7027933,-3.0085274,58,1.000
2023-08-22,12:26:04.000,50.7028173,-3.0084728,59,1.031
2023-08-22,12:26:09.000,50.7028357,-3.0084214,59,1.031
2023-08-22,12:26:14.000,50.7028478,-3.0083841,60,1.339
2023-08-22,12:26:19.000,50.7028670,-3.0083502,60,1.458
2023-08-22,12:26:24.000,50.7028956,-3.0083306,61,1.550
2023-08-22,12:26:29.000,50.7029281,-3.0082974,61,1.586
2023-08-22,12:26:34.000,50.7029616,-3.0082702,62,1.592
2023-08-22,12:26:39.000,50.7029966,-3.0082389,62,1.564
2023-08-22,12:26:44.000,50.7030219,-3.0082078,63,0.844
2023-08-22,12:26:49.000,50.7030504,-3.0081661,64,0.764
2023-08-22,12:26:54.000,50.7030827,-3.0081201,65,0.700
2023-08-22,12:26:59.000,50.7031218,-3.0080843,65,0.661
2023-08-22,12:27:04.000,50.7031560,-3.0080122,66,0.656
2023-08-22,12:27:09.000,50.7031840,-3.0079575,66,0.675
2023-08-22,12:27:14.000,50.7032014,-3.0078979,67,0.689
2023-08-22,12:27:19.000,50.7032144,-3.0078257,67,0.711
2023-08-22,12:28:52.000,50.7032522,-3.0077631,68,0.000
2023-08-22,12:28:57.000,50.7032708,-3.0076905,68,1.022
2023-08-22,12:29:02.000,50.7032937,-3.0076289,68,1.008
2023-08-22,12:29:07.000,50.7033176,-3.0075626,68,1.006
2023-08-22,12:29:12.000,50.7033360,-3.0074979,68,1.000
2023-08-22,12:29:17.000,50.7033363,-3.0074393,68,0.994
2023-08-22,12:29:22.000,50.7033386,-3.0073546,68,1.044
2023-08-22,12:29:27.000,50.7033376,-3.0072720,68,1.067
2023-08-22,12:29:32.000,50.7033427,-3.0072093,67,1.103
2023-08-22,12:29:37.000,50.7033468,-3.0071602,67,1.142
2023-08-22,12:29:42.000,50.7033512,-3.0070959,66,1.131
2023-08-22,12:29:47.000,50.7033544,-3.0070223,66,1.097
2023-08-22,12:29:52.000,50.7033494,-3.0069494,66,1.086
2023-08-22,12:29:57.000,50.7033508,-3.0068820,66,1.086
2023-08-22,12:30:02.000,50.7033557,-3.0068349,66,1.083
2023-08-22,12:30:07.000,50.7033642,-3.0067845,65,1.072
2023-08-22,12:30:12.000,50.7033727,-3.0067345,65,1.022
2023-08-22,12:30:17.000,50.7033739,-3.0066709,65,0.978
2023-08-22,12:30:22.000,50.7033684,-3.0065854,64,0.950
2023-08-22,12:30:27.000,50.7033656,-3.0065064,63,0.956
2023-08-22,12:30:32.000,50.7033603,-3.0064450,63,0.994
2023-08-22,12:30:37.000,50.7033629,-3.0063714,62,1.014
2023-08-22,12:30:42.000,50.7033679,-3.0063007,62,0.997
2023-08-22,12:30:47.000,50.7033797,-3.0062407,61,0.967
2023-08-22,12:30:52.000,50.7033750,-3.0061658,61,0.956
2023-08-22,12:30:57.000,50.7033558,-3.0060806,60,0.972
2023-08-22,12:31:02.000,50.7033497,-3.0060192,60,1.003
2023-08-22,12:31:07.000,50.7033548,-3.0059643,59,1.014
2023-08-22,12:31:12.000,50.7033701,-3.0059031,58,0.997
2023-08-22,12:31:17.000,50.7033874,-3.0058612,58,0.969
2023-08-22,12:31:22.000,50.7034009,-3.0057957,57,0.953
2023-08-22,12:31:27.000,50.7034131,-3.0057139,57,0.944
2023-08-22,12:31:32.000,50.7034490,-3.0056853,57,0.950
2023-08-22,12:31:37.000,50.7034870,-3.0056528,56,0.964
2023-08-22,12:31:42.000,50.7035170,-3.0055742,56,0.992
2023-08-22,12:31:47.000,50.7035591,-3.0054903,56,1.025
2023-08-22,12:31:52.000,50.7035934,-3.0054186,56,1.072
2023-08-22,12:31:57.000,50.7036051,-3.0053439,56,1.106
2023-08-22,12:32:02.000,50.7036124,-3.0052733,56,1.067
2023-08-22,12:32:07.000,50.7035993,-3.0052130,56,0.986
2023-08-22,12:32:12.000,50.7035778,-3.0051533,56,0.972
2023-08-22,12:32:17.000,50.7035594,-3.0050969,56,0.939
2023-08-22,12:32:27.000,50.7035594,-3.0050199,56,0.914
2023-08-22,12:32:32.000,50.7035569,-3.0049658,57,0.903
2023-08-22,12:32:37.000,50.7035516,-3.0049038,57,0.889
2023-08-22,12:32:42.000,50.7035458,-3.0048568,58,0.889
2023-08-22,12:32:47.000,50.7035363,-3.0048286,58,0.906
2023-08-22,12:32:52.000,50.7035176,-3.0047926,59,0.000
2023-08-22,12:32:57.000,50.7035071,-3.0047371,59,0.986
2023-08-22,12:33:02.000,50.7035253,-3.0046920,59,0.983
2023-08-22,12:33:07.000,50.7035475,-3.0046470,59,0.956
2023-08-22,12:33:12.000,50.7035584,-3.0045909,58,1.031
2023-08-22,12:33:17.000,50.7035580,-3.0045287,58,1.208
2023-08-22,12:33:22.000,50.7035540,-3.0044934,58,1.189
2023-08-22,12:33:27.000,50.7035531,-3.0044685,57,1.156
2023-08-22,12:33:32.000,50.7035580,-3.0044102,57,1.103
2023-08-22,12:33:37.000,50.7035786,-3.0043523,56,1.108
2023-08-22,12:33:42.000,50.7036015,-3.0043025,55,1.108
2023-08-22,12:33:47.000,50.7036243,-3.0042549,55,1.100
2023-08-22,12:35:09.000,50.7036360,-3.0042276,54,1.428
2023-08-22,12:35:14.000,50.7036321,-3.0041510,54,1.825
2023-08-22,12:35:19.000,50.7036186,-3.0040779,53,1.817
2023-08-22,12:35:24.000,50.7036336,-3.0040096,53,1.203
2023-08-22,12:35:29.000,50.7036616,-3.0039842,53,1.114
2023-08-22,12:35:34.000,50.7036875,-3.0039619,53,1.114
2023-08-22,12:35:39.000,50.7036989,-3.0038964,53,1.083
2023-08-22,12:35:44.000,50.7037100,-3.0037982,53,1.461
2023-08-22,12:35:49.000,50.7037093,-3.0037174,53,1.164
2023-08-22,12:35:54.000,50.7037125,-3.0036713,53,1.083
2023-08-22,12:35:59.000,50.7037129,-3.0036258,53,0.975
2023-08-22,12:36:04.000,50.7036950,-3.0035723,53,0.972
2023-08-22,12:36:09.000,50.7036687,-3.0035211,52,0.994
2023-08-22,12:36:14.000,50.7036701,-3.0034299,51,1.044
2023-08-22,12:36:19.000,50.7036789,-3.0033414,50,1.081
2023-08-22,12:36:24.000,50.7036943,-3.0032515,50,1.136
2023-08-22,12:36:29.000,50.7037167,-3.0032013,49,1.156
2023-08-22,12:36:34.000,50.7037396,-3.0031638,49,1.161
2023-08-22,12:36:39.000,50.7037590,-3.0031220,49,1.153
2023-08-22,12:36:44.000,50.7037667,-3.0030658,49,1.142
2023-08-22,12:36:49.000,50.7037639,-3.0029925,49,1.117
2023-08-22,12:36:54.000,50.7037575,-3.0029233,50,1.117
2023-08-22,12:36:59.000,50.7037500,-3.0028806,50,1.128
2023-08-22,12:37:04.000,50.7037452,-3.0028431,51,1.117
2023-08-22,12:37:09.000,50.7037287,-3.0027965,51,1.072
2023-08-22,12:37:19.000,50.7037204,-3.0027266,52,1.078
2023-08-22,12:37:24.000,50.7037338,-3.0026656,52,1.053
2023-08-22,12:37:29.000,50.7037656,-3.0026045,53,1.019
2023-08-22,12:37:58.000,50.7037519,-3.0025218,55,1.419
2023-08-22,12:38:03.000,50.7037297,-3.0024671,54,1.300
2023-08-22,12:38:08.000,50.7037331,-3.0024136,54,1.231
2023-08-22,12:38:13.000,50.7037665,-3.0023946,53,1.197
2023-08-22,12:38:18.000,50.7037888,-3.0023753,53,1.164
2023-08-22,12:38:23.000,50.7038089,-3.0023103,53,1.161
2023-08-22,12:38:28.000,50.7038465,-3.0022520,53,1.167
2023-08-22,12:38:33.000,50.7038773,-3.0021945,53,1.167
2023-08-22,12:38:38.000,50.7039118,-3.0021637,53,1.139
2023-08-22,12:38:43.000,50.7039307,-3.0021285,53,1.053
2023-08-22,12:39:10.000,50.7039728,-3.0020727,55,0.000
2023-08-22,12:40:17.000,50.7040164,-3.0020179,55,0.000
2023-08-22,12:40:22.000,50.7040522,-3.0020040,55,0.000
2023-08-22,12:40:27.000,50.7040882,-3.0020132,55,0.869
2023-08-22,12:40:32.000,50.7041123,-3.0020075,55,0.792
2023-08-22,12:40:37.000,50.7041246,-3.0019994,55,0.894
2023-08-22,12:40:42.000,50.7041580,-3.0019895,56,0.917
2023-08-22,12:40:47.000,50.7041932,-3.0019595,56,0.944
2023-08-22,12:40:52.000,50.7042217,-3.0019124,56,0.969
2023-08-22,12:40:57.000,50.7042684,-3.0018710,56,1.044
2023-08-22,12:41:02.000,50.7043205,-3.0018614,56,1.139
2023-08-22,12:41:07.000,50.7043514,-3.0018557,56,1.189
2023-08-22,12:41:12.000,50.7043744,-3.0018090,56,1.189
2023-08-22,12:41:17.000,50.7044134,-3.0017543,56,1.183
2023-08-22,12:41:22.000,50.7044577,-3.0016951,56,1.183
2023-08-22,12:41:27.000,50.7044914,-3.0016309,56,1.189
2023-08-22,12:41:32.000,50.7045125,-3.0015708,56,1.192
2023-08-22,12:41:37.000,50.7045368,-3.0015326,56,1.175
2023-08-22,12:41:42.000,50.7045754,-3.0014906,56,1.139
2023-08-22,12:41:47.000,50.7046165,-3.0014725,56,1.108
2023-08-22,12:41:52.000,50.7046363,-3.0014257,56,1.067
2023-08-22,12:41:57.000,50.7046646,-3.0013340,56,1.050
2023-08-22,12:42:02.000,50.7047076,-3.0012367,57,1.064
2023-08-22,12:42:07.000,50.7047559,-3.0011657,57,1.108
2023-08-22,12:42:12.000,50.7047996,-3.0011343,57,1.133
2023-08-22,12:42:17.000,50.7048437,-3.0011036,57,1.119
2023-08-22,12:42:22.000,50.7048810,-3.0010369,57,1.097
2023-08-22,12:42:27.000,50.7048964,-3.0009467,58,1.078
2023-08-22,12:42:32.000,50.7049060,-3.0008761,58,1.069
2023-08-22,12:42:37.000,50.7049410,-3.0008513,58,1.050
2023-08-22,12:42:42.000,50.7049869,-3.0008432,59,1.031
2023-08-22,12:42:47.000,50.7050112,-3.0008390,59,0.992
2023-08-22,12:42:52.000,50.7050465,-3.0008153,60,0.936
2023-08-22,12:42:57.000,50.7050900,-3.0007433,60,0.892
2023-08-22,12:43:02.000,50.7051209,-3.0006743,61,0.894
2023-08-22,12:43:07.000,50.7051494,-3.0006203,61,0.931
2023-08-22,12:43:12.000,50.7051854,-3.0005535,62,0.969
2023-08-22,12:43:17.000,50.7052194,-3.0004750,62,0.986
2023-08-22,12:43:22.000,50.7052430,-3.0004080,63,0.981
2023-08-22,12:43:27.000,50.7052715,-3.0003363,64,0.972
2023-08-22,12:43:32.000,50.7052931,-3.0002676,64,0.975
2023-08-22,12:43:37.000,50.7053192,-3.0002320,64,0.978
2023-08-22,12:43:42.000,50.7053489,-3.0002281,65,0.972
2023-08-22,12:43:47.000,50.7053850,-3.0002024,65,0.961
2023-08-22,12:43:52.000,50.7054206,-3.0001703,65,0.964
2023-08-22,12:43:57.000,50.7054466,-3.0001546,65,0.992
2023-08-22,12:44:02.000,50.7054683,-3.0001162,65,1.014
2023-08-22,12:44:07.000,50.7055057,-3.0000862,64,1.028
2023-08-22,12:44:12.000,50.7055365,-3.0000421,64,1.036
2023-08-22,12:44:17.000,50.7055795,-3.0000036,63,1.053
2023-08-22,12:44:22.000,50.7056161,-2.9999750,63,1.053
2023-08-22,12:44:27.000,50.7056367,-2.9999473,63,1.014
2023-08-22,12:44:32.000,50.7056319,-2.9998947,63,0.961
2023-08-22,12:44:37.000,50.7056215,-2.9998297,62,0.978
2023-08-22,12:44:42.000,50.7056448,-2.9997636,62,1.142
2023-08-22,12:44:47.000,50.7056720,-2.9997303,61,1.250
2023-08-22,12:44:52.000,50.7056872,-2.9996852,61,1.294
2023-08-22,12:44:57.000,50.7057041,-2.9996352,61,1.303
2023-08-22,12:45:02.000,50.7057150,-2.9995853,61,1.269
2023-08-22,12:45:07.000,50.7057181,-2.9995243,62,1.211
2023-08-22,12:45:12.000,50.7057248,-2.9994407,62,1.158
2023-08-22,12:45:17.000,50.7057475,-2.9993730,62,1.119
2023-08-22,12:45:22.000,50.7057663,-2.9993405,62,1.097
2023-08-22,12:45:27.000,50.7057662,-2.9992974,61,1.061
2023-08-22,12:45:32.000,50.7057517,-2.9992353,61,1.028
2023-08-22,12:45:37.000,50.7057318,-2.9991727,60,1.011
2023-08-22,12:45:42.000,50.7057161,-2.9991090,59,1.014
2023-08-22,12:45:47.000,50.7057153,-2.9990945,58,1.025
2023-08-22,12:45:52.000,50.7057096,-2.9990629,57,2.114
2023-08-22,12:45:57.000,50.7056997,-2.9990312,57,2.372
2023-08-22,12:46:02.000,50.7057081,-2.9989768,56,2.300
2023-08-22,12:46:07.000,50.7057207,-2.9989170,55,2.278
2023-08-22,12:46:12.000,50.7057238,-2.9988515,54,1.197
2023-08-22,12:46:17.000,50.7057323,-2.9987970,54,0.853
2023-08-22,12:46:22.000,50.7057659,-2.9987637,54,0.819
2023-08-22,12:46:27.000,50.7057852,-2.9987298,54,0.608
2023-08-22,12:46:32.000,50.7058039,-2.9986862,54,0.550
2023-08-22,12:46:37.000,50.7058257,-2.9986495,54,0.561
2023-08-22,12:46:42.000,50.7058428,-2.9986000,55,0.675
2023-08-22,12:46:47.000,50.7058452,-2.9985577,55,1.164
2023-08-22,12:46:52.000,50.7058583,-2.9985244,56,1.214
2023-08-22,12:46:57.000,50.7058932,-2.9985026,57,1.242
2023-08-22,12:47:02.000,50.7059286,-2.9984865,57,1.250
2023-08-22,12:47:07.000,50.7059421,-2.9984400,58,1.244
2023-08-22,12:47:12.000,50.7059512,-2.9983770,59,1.206
2023-08-22,12:47:17.000,50.7059736,-2.9983218,60,1.219
2023-08-22,12:47:22.000,50.7059932,-2.9982830,61,1.167
2023-08-22,12:47:27.000,50.7060004,-2.9982460,61,1.086
2023-08-22,12:47:32.000,50.7059939,-2.9981996,61,1.011
2023-08-22,12:47:37.000,50.7059793,-2.9981483,61,0.972
2023-08-22,12:47:42.000,50.7059542,-2.9980997,60,0.964
2023-08-22,12:47:47.000,50.7059305,-2.9980377,59,0.983
2023-08-22,12:47:52.000,50.7059231,-2.9979605,59,1.033
2023-08-22,12:47:57.000,50.7059054,-2.9978677,58,1.125
2023-08-22,12:48:02.000,50.7058773,-2.9977891,58,1.231
2023-08-22,12:48:07.000,50.7058614,-2.9977253,57,1.314
2023-08-22,12:48:12.000,50.7058623,-2.9976583,56,1.356
2023-08-22,12:48:17.000,50.7058839,-2.9975875,56,1.347
2023-08-22,12:48:22.000,50.7059051,-2.9975173,55,1.350
2023-08-22,12:48:27.000,50.7059201,-2.9974536,55,1.333
2023-08-22,12:48:32.000,50.7059413,-2.9973783,55,1.253
2023-08-22,12:48:37.000,50.7059574,-2.9973221,55,0.000
2023-08-22,12:48:42.000,50.7059624,-2.9972571,55,0.000
2023-08-22,12:48:47.000,50.7059698,-2.9971809,55,0.983
2023-08-22,12:48:52.000,50.7059877,-2.9971213,55,0.894
2023-08-22,12:48:57.000,50.7060169,-2.9970665,55,0.889
2023-08-22,12:49:02.000,50.7060437,-2.9970078,55,0.881
2023-08-22,12:49:07.000,50.7060585,-2.9969273,55,0.906
2023-08-22,12:49:12.000,50.7060794,-2.9968513,56,0.969
2023-08-22,12:49:17.000,50.7061008,-2.9967989,56,1.008
2023-08-22,12:49:22.000,50.7061151,-2.9967178,57,1.019
2023-08-22,12:49:27.000,50.7061469,-2.9966414,57,1.022
2023-08-22,12:49:32.000,50.7061785,-2.9965813,58,1.025
2023-08-22,12:49:37.000,50.7062075,-2.9965487,58,1.025
2023-08-22,12:49:42.000,50.7062431,-2.9965262,59,1.008
2023-08-22,12:49:47.000,50.7062822,-2.9964932,60,0.981
2023-08-22,12:49:52.000,50.7063272,-2.9964753,60,0.956
2023-08-22,12:49:57.000,50.7063622,-2.9964694,61,0.942
2023-08-22,12:50:02.000,50.7064009,-2.9964617,62,0.931
2023-08-22,12:50:07.000,50.7064397,-2.9964621,62,0.914
2023-08-22,12:50:12.000,50.7064716,-2.9964484,63,0.892
2023-08-22,12:50:17.000,50.7065037,-2.9964016,63,0.897
2023-08-22,12:50:22.000,50.7065303,-2.9963354,63,0.936
2023-08-22,12:50:27.000,50.7065476,-2.9962505,63,0.997
2023-08-22,12:50:32.000,50.7065668,-2.9961618,63,1.075
2023-08-22,12:50:37.000,50.7065815,-2.9960802,62,1.144
2023-08-22,12:51:03.000,50.7065844,-2.9960314,61,0.000
2023-08-22,12:51:31.000,50.7066057,-2.9960309,61,0.000
2023-08-22,12:51:36.000,50.7066170,-2.9959701,61,0.000
2023-08-22,12:51:41.000,50.7066409,-2.9958844,61,0.967
2023-08-22,12:51:46.000,50.7066626,-2.9958112,61,0.950
2023-08-22,12:51:51.000,50.7066741,-2.9957755,61,1.531
2023-08-22,12:51:56.000,50.7066904,-2.9957676,61,1.494
2023-08-22,12:52:01.000,50.7067192,-2.9957569,61,1.333
2023-08-22,12:52:06.000,50.7067498,-2.9957396,61,0.831
2023-08-22,12:52:11.000,50.7067800,-2.9957167,61,0.706
2023-08-22,12:52:16.000,50.7068137,-2.9957019,62,0.694
2023-08-22,12:52:21.000,50.7068432,-2.9956905,62,0.694
2023-08-22,12:52:26.000,50.7068698,-2.9956614,62,0.694
2023-08-22,12:52:31.000,50.7068949,-2.9956393,63,1.186
2023-08-22,12:52:36.000,50.7069247,-2.9956159,63,1.194
2023-08-22,12:52:41.000,50.7069592,-2.9955790,64,1.219
2023-08-22,12:52:46.000,50.7069936,-2.9955346,64,1.233
2023-08-22,12:52:51.000,50.7070119,-2.9954867,65,1.239
2023-08-22,12:52:56.000,50.7070209,-2.9954318,66,1.219
2023-08-22,12:53:01.000,50.7070352,-2.9953710,66,1.203
2023-08-22,12:53:06.000,50.7070510,-2.9953231,67,1.211
2023-08-22,12:53:11.000,50.7070612,-2.9952809,68,1.217
2023-08-22,12:53:16.000,50.7070843,-2.9952457,69,1.256
2023-08-22,12:53:21.000,50.7071156,-2.9952239,70,1.303
2023-08-22,12:53:26.000,50.7071314,-2.9952014,70,1.381
2023-08-22,12:53:31.000,50.7071394,-2.9951470,71,1.406
2023-08-22,12:53:36.000,50.7071464,-2.9950941,72,1.375
2023-08-22,12:53:41.000,50.7071568,-2.9950483,73,1.344
2023-08-22,12:53:46.000,50.7071652,-2.9950224,74,1.869
2023-08-22,12:53:51.000,50.7071780,-2.9949864,74,1.503
2023-08-22,12:53:56.000,50.7071741,-2.9949379,75,1.433
2023-08-22,12:54:17.000,50.7071988,-2.9948263,79,1.319
2023-08-22,12:54:22.000,50.7072124,-2.9947756,80,1.233
2023-08-22,12:54:27.000,50.7072154,-2.9947217,81,1.203
2023-08-22,12:54:41.000,50.7072354,-2.9946432,84,1.200
2023-08-22,12:54:54.000,50.7072467,-2.9945690,85,1.367
2023-08-22,12:54:59.000,50.7072537,-2.9945108,86,1.347
2023-08-22,12:55:04.000,50.7072483,-2.9944554,87,1.261
2023-08-22,13:03:02.000,50.7072247,-2.9944604,89,0.000
2023-08-22,13:11:46.000,50.7072352,-2.9943999,90,1.092
2023-08-22,13:11:51.000,50.7072571,-2.9943515,90,2.342
2023-08-22,13:11:56.000,50.7072659,-2.9942936,90,2.353
2023-08-22,13:12:01.000,50.7072729,-2.9942317,89,2.292
2023-08-22,13:12:23.000,50.7072884,-2.9941634,87,0.000
2023-08-22,13:12:28.000,50.7073013,-2.9941135,86,0.936
2023-08-22,13:12:33.000,50.7073145,-2.9940560,86,0.883
2023-08-22,13:12:38.000,50.7073236,-2.9939939,86,0.886
2023-08-22,13:12:43.000,50.7073257,-2.9939438,87,0.886
2023-08-22,13:12:48.000,50.7073274,-2.9939042,87,0.819
2023-08-22,13:12:53.000,50.7073351,-2.9938510,86,0.789
2023-08-22,13:12:58.000,50.7073500,-2.9937822,86,0.792
2023-08-22,13:13:03.000,50.7073578,-2.9937302,85,0.797
2023-08-22,13:13:08.000,50.7073508,-2.9936755,85,0.803
2023-08-22,13:13:13.000,50.7073379,-2.9936065,85,0.836
2023-08-22,13:13:18.000,50.7073220,-2.9935512,84,0.847
2023-08-22,13:13:23.000,50.7073104,-2.9935048,84,0.881
2023-08-22,13:13:28.000,50.7072941,-2.9934378,83,0.886
2023-08-22,13:13:33.000,50.7072787,-2.9933569,83,0.922
2023-08-22,13:13:38.000,50.7072840,-2.9932879,83,0.933
2023-08-22,13:13:43.000,50.7072846,-2.9932480,82,0.947
2023-08-22,13:13:48.000,50.7073022,-2.9931995,82,0.939
2023-08-22,13:13:53.000,50.7073454,-2.9931668,82,0.919
2023-08-22,13:13:58.000,50.7073769,-2.9931314,82,0.917
2023-08-22,13:14:03.000,50.7074016,-2.9930757,82,0.922
2023-08-22,13:14:08.000,50.7074305,-2.9930420,82,0.908
2023-08-22,13:14:13.000,50.7074498,-2.9930041,82,0.847
2023-08-22,13:14:18.000,50.7074660,-2.9929490,83,0.822
2023-08-22,13:14:23.000,50.7074726,-2.9928861,83,0.872
2023-08-22,13:14:28.000,50.7074772,-2.9928357,84,1.047
2023-08-22,13:14:33.000,50.7074918,-2.9927955,85,1.267
2023-08-22,13:14:54.000,50.7075484,-2.9927123,89,1.389
2023-08-22,13:14:59.000,50.7075695,-2.9926488,90,1.325
2023-08-22,13:15:04.000,50.7075686,-2.9925918,91,1.236
2023-08-22,13:15:09.000,50.7075591,-2.9925440,92,1.181
2023-08-22,13:15:14.000,50.7075550,-2.9924918,92,1.172
2023-08-22,13:15:19.000,50.7075607,-2.9924290,93,1.117
2023-08-22,13:15:24.000,50.7075712,-2.9923587,94,1.069
2023-08-22,13:15:29.000,50.7076054,-2.9923008,95,0.972
2023-08-22,13:15:34.000,50.7076318,-2.9922286,95,0.953
2023-08-22,13:15:39.000,50.7076559,-2.9921618,96,0.872
2023-08-22,13:15:44.000,50.7076590,-2.9921085,96,0.847
2023-08-22,13:15:49.000,50.7076544,-2.9920312,97,0.806
2023-08-22,13:15:54.000,50.7076592,-2.9919452,97,0.800
2023-08-22,13:15:59.000,50.7076844,-2.9918883,97,0.803
2023-08-22,13:16:04.000,50.7077048,-2.9918324,98,0.800
2023-08-22,13:16:09.000,50.7077161,-2.9917957,98,0.783
2023-08-22,13:16:14.000,50.7077358,-2.9917638,99,0.783
2023-08-22,13:16:19.000,50.7077629,-2.9917125,99,0.792
2023-08-22,13:16:24.000,50.7077865,-2.9916713,100,0.792
2023-08-22,13:16:29.000,50.7077865,-2.9916281,101,0.794
2023-08-22,13:16:34.000,50.7077826,-2.9915706,101,0.789
2023-08-22,13:16:39.000,50.7077907,-2.9915188,102,0.775
2023-08-22,13:16:44.000,50.7077981,-2.9914711,102,0.769
2023-08-22,13:16:49.000,50.7077970,-2.9914222,103,0.758
2023-08-22,13:16:54.000,50.7077898,-2.9913795,103,0.753
2023-08-22,13:16:59.000,50.7077667,-2.9913293,102,0.781
2023-08-22,13:17:04.000,50.7077360,-2.9912796,102,0.825
2023-08-22,13:17:09.000,50.7077393,-2.9912293,101,0.989
2023-08-22,13:17:14.000,50.7077606,-2.9911821,101,1.053
2023-08-22,13:17:19.000,50.7077689,-2.9911215,101,1.128
2023-08-22,13:17:44.000,50.7077579,-2.9911184,101,0.000
2023-08-22,13:17:49.000,50.7077473,-2.9910728,101,1.178
2023-08-22,13:17:54.000,50.7077323,-2.9910263,101,1.103
2023-08-22,13:17:59.000,50.7077059,-2.9909889,101,1.044
2023-08-22,13:18:04.000,50.7076810,-2.9909518,101,1.019
2023-08-22,13:18:09.000,50.7076725,-2.9909044,101,1.019
2023-08-22,13:18:14.000,50.7076630,-2.9908353,100,0.989
2023-08-22,13:18:19.000,50.7076671,-2.9907891,100,0.975
2023-08-22,13:18:24.000,50.7076880,-2.9907573,99,0.961
2023-08-22,13:18:29.000,50.7077166,-2.9907361,98,0.939
2023-08-22,13:18:34.000,50.7077487,-2.9907169,98,0.914
2023-08-22,13:18:39.000,50.7077790,-2.9906996,97,0.903
2023-08-22,13:18:44.000,50.7078042,-2.9906325,96,0.919
2023-08-22,13:18:49.000,50.7078178,-2.9905600,96,0.933
2023-08-22,13:18:54.000,50.7078298,-2.9905016,96,0.942
2023-08-22,13:18:59.000,50.7078240,-2.9904388,96,0.953
2023-08-22,13:19:04.000,50.7078081,-2.9903612,96,0.981
2023-08-22,13:19:09.000,50.7078057,-2.9902944,96,1.008
2023-08-22,13:19:14.000,50.7078031,-2.9902341,96,1.044
2023-08-22,13:19:19.000,50.7078041,-2.9901717,96,1.078
2023-08-22,13:19:24.000,50.7077977,-2.9901148,96,1.114
2023-08-22,13:19:29.000,50.7077983,-2.9900716,95,1.119
2023-08-22,13:19:34.000,50.7078269,-2.9900223,95,1.094
2023-08-22,13:19:39.000,50.7078575,-2.9899824,95,1.017
2023-08-22,13:19:44.000,50.7078659,-2.9899304,94,0.931
2023-08-22,13:19:49.000,50.7078702,-2.9898651,94,0.850
2023-08-22,13:19:54.000,50.7078787,-2.9897876,93,0.792
2023-08-22,13:19:59.000,50.7078839,-2.9897083,92,0.772
2023-08-22,13:20:04.000,50.7078901,-2.9896311,92,0.775
2023-08-22,13:20:09.000,50.7079031,-2.9895649,92,0.797
2023-08-22,13:20:14.000,50.7079030,-2.9894957,91,0.803
2023-08-22,13:20:19.000,50.7079124,-2.9894309,91,0.797
2023-08-22,13:20:24.000,50.7079334,-2.9893809,92,0.778
2023-08-22,13:20:29.000,50.7079538,-2.9893417,92,0.747
2023-08-22,13:20:34.000,50.7079732,-2.9892844,92,0.731
2023-08-22,13:20:39.000,50.7079958,-2.9892077,92,0.744
2023-08-22,13:20:44.000,50.7080068,-2.9891302,92,0.783
2023-08-22,13:20:49.000,50.7080128,-2.9890811,92,0.861
2023-08-22,13:20:54.000,50.7080355,-2.9890468,92,0.928
2023-08-22,13:20:59.000,50.7080647,-2.9889982,92,0.964
2023-08-22,13:21:04.000,50.7080797,-2.9889579,92,0.992
2023-08-22,13:21:09.000,50.7080957,-2.9889134,91,0.992
2023-08-22,13:21:20.000,50.7081287,-2.9888852,91,0.994
2023-08-22,13:21:25.000,50.7081429,-2.9888425,91,0.989
2023-08-22,13:21:30.000,50.7081528,-2.9887993,91,0.936
2023-08-22,13:21:35.000,50.7081833,-2.9887646,91,0.922
2023-08-22,13:21:40.000,50.7082118,-2.9887164,92,0.917
2023-08-22,13:21:45.000,50.7082336,-2.9886420,93,0.917
2023-08-22,13:21:50.000,50.7082514,-2.9885625,94,0.889
2023-08-22,13:21:55.000,50.7082683,-2.9884817,94,0.881
2023-08-22,13:22:00.000,50.7082899,-2.9884139,95,0.853
2023-08-22,13:22:05.000,50.7083159,-2.9883610,95,0.847
2023-08-22,13:22:10.000,50.7083395,-2.9883209,95,0.800
2023-08-22,13:22:15.000,50.7083484,-2.9882852,95,0.778
2023-08-22,13:22:20.000,50.7083604,-2.9882356,96,0.731
2023-08-22,13:22:25.000,50.7083808,-2.9881821,96,0.719
2023-08-22,13:22:30.000,50.7083954,-2.9881177,96,0.728
2023-08-22,13:22:35.000,50.7084062,-2.9880531,96,0.742
2023-08-22,13:22:40.000,50.7084240,-2.9879806,96,0.803
2023-08-22,13:22:45.000,50.7084307,-2.9879059,96,0.825
2023-08-22,13:22:50.000,50.7084335,-2.9878427,96,0.864
2023-08-22,13:22:55.000,50.7084354,-2.9877834,96,0.872
2023-08-22,13:23:00.000,50.7084365,-2.9877269,96,0.900
2023-08-22,13:23:05.000,50.7084378,-2.9876666,96,0.914
2023-08-22,13:23:10.000,50.7084486,-2.9876112,97,0.953
2023-08-22,13:23:15.000,50.7084522,-2.9875545,97,0.947
2023-08-22,13:23:20.000,50.7084511,-2.9874859,97,0.817
2023-08-22,13:23:25.000,50.7084653,-2.9874185,98,0.789
2023-08-22,13:23:30.000,50.7084689,-2.9873558,98,0.769
2023-08-22,13:23:35.000,50.7084624,-2.9872895,98,0.767
2023-08-22,13:23:40.000,50.7084691,-2.9872044,99,0.803
2023-08-22,13:23:45.000,50.7084790,-2.9871178,99,0.828
2023-08-22,13:23:50.000,50.7084645,-2.9870310,99,0.978
2023-08-22,13:23:55.000,50.7084878,-2.9869724,99,1.025
2023-08-22,13:24:00.000,50.7085115,-2.9869221,100,1.056
2023-08-22,13:24:05.000,50.7085169,-2.9868479,100,1.050
2023-08-22,13:24:10.000,50.7085143,-2.9867811,100,1.039
2023-08-22,13:24:15.000,50.7085252,-2.9867285,100,1.042
2023-08-22,13:24:20.000,50.7085510,-2.9866890,99,1.047
2023-08-22,13:24:25.000,50.7085742,-2.9866378,99,1.042
2023-08-22,13:24:30.000,50.7085955,-2.9865822,99,1.033
2023-08-22,13:24:35.000,50.7086000,-2.9865154,99,1.031
2023-08-22,13:24:40.000,50.7086142,-2.9864276,98,1.053
2023-08-22,13:24:45.000,50.7086430,-2.9863592,97,1.092
2023-08-22,13:24:50.000,50.7086661,-2.9862968,97,1.131
2023-08-22,13:24:55.000,50.7086602,-2.9861931,96,1.158
2023-08-22,13:25:00.000,50.7086630,-2.9861020,96,1.192
2023-08-22,13:25:05.000,50.7086747,-2.9860389,95,1.200
2023-08-22,13:25:10.000,50.7086749,-2.9859989,95,1.133
2023-08-22,13:25:15.000,50.7086705,-2.9859595,95,1.108
2023-08-22,13:25:20.000,50.7086675,-2.9859160,94,1.914
2023-08-22,13:25:25.000,50.7086606,-2.9858539,93,1.964
2023-08-22,13:25:30.000,50.7086580,-2.9857881,92,1.967
2023-08-22,13:25:35.000,50.7086797,-2.9857469,91,1.967
2023-08-22,13:25:40.000,50.7087096,-2.9856909,90,1.967
2023-08-22,13:25:45.000,50.7087334,-2.9856456,90,1.967
2023-08-22,13:25:50.000,50.7087516,-2.9855884,89,1.481
2023-08-22,13:25:55.000,50.7087662,-2.9855316,89,0.917
2023-08-22,13:26:00.000,50.7087678,-2.9854680,89,0.803
2023-08-22,13:26:05.000,50.7087638,-2.9853988,89,0.808
2023-08-22,13:26:18.000,50.7087585,-2.9853225,88,0.000
2023-08-22,13:26:23.000,50.7087713,-2.9852493,88,1.147
2023-08-22,13:26:28.000,50.7087809,-2.9851898,88,1.058
2023-08-22,13:26:33.000,50.7087827,-2.9851261,87,1.058
2023-08-22,13:26:38.000,50.7087857,-2.9851045,87,0.000
2023-08-22,13:26:43.000,50.7087986,-2.9850727,86,0.000
2023-08-22,13:26:48.000,50.7088105,-2.9850085,86,0.925
2023-08-22,13:26:53.000,50.7088108,-2.9849427,86,0.869
2023-08-22,13:26:58.000,50.7088142,-2.9848825,86,0.875
2023-08-22,13:27:03.000,50.7088105,-2.9848114,86,0.886
2023-08-22,13:27:08.000,50.7088027,-2.9847206,86,0.958
2023-08-22,13:27:13.000,50.7088073,-2.9846438,86,1.031
2023-08-22,13:27:18.000,50.7088069,-2.9845648,86,1.044
2023-08-22,13:27:23.000,50.7088018,-2.9844987,86,1.056
2023-08-22,13:27:28.000,50.7088026,-2.9844270,86,1.064
2023-08-22,13:27:33.000,50.7087995,-2.9843621,86,1.061
2023-08-22,13:27:38.000,50.7087961,-2.9843014,85,1.044
2023-08-22,13:27:43.000,50.7088004,-2.9842413,85,1.025
2023-08-22,13:27:48.000,50.7088024,-2.9841859,85,1.008
2023-08-22,13:27:53.000,50.7088116,-2.9841289,85,0.994
2023-08-22,13:27:58.000,50.7088232,-2.9840652,85,0.992
2023-08-22,13:28:03.000,50.7088267,-2.9839890,85,0.992
2023-08-22,13:28:08.000,50.7088358,-2.9839145,85,0.994
2023-08-22,13:28:13.000,50.7088267,-2.9838549,86,1.003
2023-08-22,13:28:18.000,50.7088182,-2.9837886,86,1.028
2023-08-22,13:28:23.000,50.7088066,-2.9837177,86,1.064
2023-08-22,13:28:28.000,50.7088002,-2.9836609,86,1.106
2023-08-22,13:28:33.000,50.7087922,-2.9836033,86,1.097
2023-08-22,13:28:38.000,50.7087690,-2.9835472,86,1.036
2023-08-22,13:28:43.000,50.7087438,-2.9834935,87,0.986
2023-08-22,13:28:48.000,50.7087305,-2.9834433,87,0.931
2023-08-22,13:28:53.000,50.7087177,-2.9833993,87,0.869
2023-08-22,13:29:04.000,50.7086997,-2.9833302,87,0.803
2023-08-22,13:29:09.000,50.7087027,-2.9832866,86,0.797
2023-08-22,13:29:14.000,50.7087068,-2.9832365,85,0.789
2023-08-22,13:29:19.000,50.7087168,-2.9831869,84,0.786
2023-08-22,13:29:24.000,50.7087213,-2.9831343,83,0.808
2023-08-22,13:29:29.000,50.7087291,-2.9830765,82,0.819
2023-08-22,13:29:34.000,50.7087300,-2.9830157,81,0.850
2023-08-22,13:29:39.000,50.7087298,-2.9829667,81,0.861
2023-08-22,13:29:44.000,50.7087283,-2.9829219,80,0.886
2023-08-22,13:29:49.000,50.7087217,-2.9828707,79,0.889
2023-08-22,13:29:54.000,50.7087220,-2.9828169,79,0.867
2023-08-22,13:29:59.000,50.7087228,-2.9827588,78,0.856
2023-08-22,13:30:04.000,50.7087179,-2.9826968,77,0.831
2023-08-22,13:30:09.000,50.7087200,-2.9826520,77,0.828
2023-08-22,13:30:14.000,50.7087188,-2.9825925,76,0.858
2023-08-22,13:30:19.000,50.7087339,-2.9825474,75,0.869
2023-08-22,13:30:24.000,50.7087670,-2.9825068,75,0.886
2023-08-22,13:30:29.000,50.7087913,-2.9824858,75,0.892
2023-08-22,13:30:34.000,50.7088230,-2.9824774,75,0.892
2023-08-22,13:30:39.000,50.7088707,-2.9824750,75,0.889
2023-08-22,13:30:44.000,50.7089207,-2.9824461,75,0.864
2023-08-22,13:30:49.000,50.7089547,-2.9824150,76,0.856
2023-08-22,13:30:54.000,50.7089979,-2.9823873,76,0.803
2023-08-22,13:30:59.000,50.7090289,-2.9823593,76,0.781
2023-08-22,13:31:04.000,50.7090498,-2.9823133,76,0.711
2023-08-22,13:31:09.000,50.7090762,-2.9822731,77,0.694
2023-08-22,13:31:14.000,50.7091074,-2.9822343,76,0.731
2023-08-22,13:31:19.000,50.7091387,-2.9822091,76,0.786
2023-08-22,13:31:24.000,50.7091604,-2.9822247,75,1.150
2023-08-22,13:31:29.000,50.7091835,-2.9822376,75,1.375
2023-08-22,13:31:34.000,50.7092250,-2.9822270,75,1.175
2023-08-22,13:31:39.000,50.7092698,-2.9821957,74,0.981
2023-08-22,13:31:44.000,50.7092892,-2.9821762,74,0.858
2023-08-22,13:31:49.000,50.7093103,-2.9821399,73,0.825
2023-08-22,13:31:54.000,50.7093400,-2.9821068,73,0.778
2023-08-22,13:31:59.000,50.7093813,-2.9820798,73,0.767
2023-08-22,13:32:04.000,50.7094217,-2.9820528,73,0.817
2023-08-22,13:32:55.000,50.7094555,-2.9820144,72,0.000
2023-08-22,13:33:00.000,50.7094971,-2.9819514,72,1.697
2023-08-22,13:33:05.000,50.7095584,-2.9819040,72,1.614
2023-08-22,13:33:10.000,50.7096034,-2.9818696,72,1.228
2023-08-22,13:33:15.000,50.7096477,-2.9818089,72,1.075
2023-08-22,13:33:20.000,50.7096941,-2.9817365,72,1.067
2023-08-22,13:33:25.000,50.7096880,-2.9816338,71,1.061
2023-08-22,13:33:30.000,50.7096734,-2.9815344,71,1.372
2023-08-22,13:33:35.000,50.7096863,-2.9814604,71,1.456
2023-08-22,13:33:40.000,50.7097161,-2.9814280,71,1.464
2023-08-22,13:33:45.000,50.7097571,-2.9813956,71,1.444
2023-08-22,13:33:50.000,50.7097943,-2.9813440,70,1.358
2023-08-22,13:33:55.000,50.7098414,-2.9812770,69,1.267
2023-08-22,13:34:00.000,50.7098746,-2.9812105,69,1.217
2023-08-22,13:34:05.000,50.7098980,-2.9811669,69,1.164
2023-08-22,13:34:10.000,50.7099142,-2.9810954,69,1.114
2023-08-22,13:34:15.000,50.7099305,-2.9810095,68,1.089
2023-08-22,13:34:20.000,50.7099232,-2.9809304,68,1.094
2023-08-22,13:34:25.000,50.7098978,-2.9808719,68,1.111
2023-08-22,13:34:30.000,50.7098751,-2.9808148,67,1.103
2023-08-22,13:34:35.000,50.7098561,-2.9807615,67,1.097
2023-08-22,13:34:40.000,50.7098383,-2.9806913,66,1.081
2023-08-22,13:34:45.000,50.7098339,-2.9806173,66,1.050
2023-08-22,13:34:50.000,50.7098506,-2.9805697,66,1.019
2023-08-22,13:34:55.000,50.7098855,-2.9805381,65,0.997
2023-08-22,13:35:00.000,50.7099053,-2.9805059,65,0.975
2023-08-22,13:35:05.000,50.7098967,-2.9804396,65,0.950
2023-08-22,13:35:10.000,50.7099018,-2.9803673,65,0.939
2023-08-22,13:35:15.000,50.7099201,-2.9802847,65,0.936
2023-08-22,13:35:20.000,50.7099205,-2.9801875,64,0.958
2023-08-22,13:35:25.000,50.7099368,-2.9801113,64,0.992
2023-08-22,13:35:30.000,50.7099495,-2.9800372,64,1.025
2023-08-22,13:35:35.000,50.7099689,-2.9799663,64,1.042
2023-08-22,13:35:40.000,50.7099940,-2.9799181,64,1.039
2023-08-22,13:36:07.000,50.7100197,-2.9799451,64,0.000
2023-08-22,13:36:12.000,50.7100216,-2.9799253,64,0.617
2023-08-22,13:36:17.000,50.7100229,-2.9798449,64,1.247
2023-08-22,13:36:22.000,50.7100257,-2.9797501,64,1.244
2023-08-22,13:36:27.000,50.7100316,-2.9796482,64,1.244
2023-08-22,13:36:32.000,50.7100362,-2.9795529,64,1.217
2023-08-22,13:36:37.000,50.7100369,-2.9794639,63,1.208
2023-08-22,13:36:42.000,50.7100361,-2.9793877,63,1.186
2023-08-22,13:36:47.000,50.7100264,-2.9793103,63,1.167
2023-08-22,13:36:52.000,50.7100070,-2.9792121,63,1.150
2023-08-22,13:36:57.000,50.7099910,-2.9791275,62,1.153
2023-08-22,13:37:02.000,50.7099934,-2.9790442,62,1.181
2023-08-22,13:37:07.000,50.7100005,-2.9789589,61,1.211
2023-08-22,13:37:12.000,50.7100097,-2.9788532,61,1.214
2023-08-22,13:37:17.000,50.7100246,-2.9787436,61,1.211
2023-08-22,13:37:22.000,50.7100181,-2.9786444,61,1.222
2023-08-22,13:37:27.000,50.7100060,-2.9786039,61,1.253
2023-08-22,13:37:32.000,50.7099852,-2.9785610,61,1.239
2023-08-22,13:37:37.000,50.7099670,-2.9784826,61,1.208
2023-08-22,13:37:42.000,50.7099609,-2.9783759,61,1.217
2023-08-22,13:37:47.000,50.7099469,-2.9782819,60,1.286
2023-08-22,13:37:52.000,50.7099238,-2.9782114,59,1.333
2023-08-22,13:37:57.000,50.7098867,-2.9781435,58,1.347
2023-08-22,13:38:02.000,50.7098477,-2.9780745,57,1.347
2023-08-22,13:38:07.000,50.7098154,-2.9780067,57,1.339
2023-08-22,13:38:12.000,50.7098026,-2.9779231,56,1.308
2023-08-22,13:38:17.000,50.7097919,-2.9778382,56,1.278
2023-08-22,13:38:22.000,50.7097767,-2.9777549,56,1.258
2023-08-22,13:38:27.000,50.7097653,-2.9776787,55,1.253
2023-08-22,13:38:32.000,50.7097555,-2.9775971,55,1.272
2023-08-22,13:38:37.000,50.7097466,-2.9775121,54,1.322
2023-08-22,13:38:42.000,50.7097373,-2.9774413,54,1.364
2023-08-22,13:38:47.000,50.7097218,-2.9773524,53,1.358
2023-08-22,13:38:52.000,50.7096921,-2.9772404,52,1.331
2023-08-22,13:38:57.000,50.7096498,-2.9770953,51,1.336
2023-08-22,13:39:02.000,50.7096186,-2.9769990,50,1.367
2023-08-22,13:39:07.000,50.7096172,-2.9769290,49,1.361
2023-08-22,13:39:12.000,50.7096175,-2.9768520,49,1.328
2023-08-22,13:39:17.000,50.7096167,-2.9767949,48,1.311
2023-08-22,13:39:22.000,50.7096120,-2.9767396,47,1.317
2023-08-22,13:39:27.000,50.7096110,-2.9766356,46,1.317
2023-08-22,13:39:32.000,50.7096065,-2.9765266,45,1.314
2023-08-22,13:39:37.000,50.7095937,-2.9763910,44,1.342
2023-08-22,13:39:42.000,50.7095894,-2.9762917,43,1.378
2023-08-22,13:39:47.000,50.7096166,-2.9762304,42,1.403
2023-08-22,13:39:52.000,50.7096374,-2.9761572,41,1.403
2023-08-22,13:39:57.000,50.7096353,-2.9760775,40,1.367
2023-08-22,13:40:02.000,50.7096180,-2.9759876,40,1.314
2023-08-22,13:40:07.000,50.7096122,-2.9758891,39,1.292
2023-08-22,13:40:12.000,50.7095932,-2.9757901,38,1.297
2023-08-22,13:40:17.000,50.7095581,-2.9757202,38,1.300
2023-08-22,13:40:22.000,50.7095066,-2.9756460,37,1.292
2023-08-22,13:40:27.000,50.7094742,-2.9755967,36,1.269
2023-08-22,13:40:32.000,50.7094607,-2.9755734,35,1.239
2023-08-22,13:40:37.000,50.7094165,-2.9755389,34,1.192
2023-08-22,13:40:42.000,50.7093685,-2.9754938,33,1.164
2023-08-22,13:40:47.000,50.7093208,-2.9754222,32,1.164
2023-08-22,13:40:52.000,50.7092668,-2.9753372,31,1.203
2023-08-22,13:40:57.000,50.7092513,-2.9752648,30,1.242
2023-08-22,13:41:02.000,50.7092636,-2.9752070,29,1.283
2023-08-22,13:41:07.000,50.7092839,-2.9751570,29,1.256
2023-08-22,13:41:12.000,50.7093099,-2.9750938,28,1.200
2023-08-22,13:41:17.000,50.7093368,-2.9750274,28,1.147
2023-08-22,13:41:22.000,50.7093673,-2.9749658,27,1.128
2023-08-22,13:41:27.000,50.7093935,-2.9749026,27,1.117
2023-08-22,13:41:32.000,50.7094255,-2.9748321,27,1.103
2023-08-22,13:41:37.000,50.7094631,-2.9747703,27,1.086
2023-08-22,13:41:42.000,50.7094949,-2.9747034,27,1.064
2023-08-22,13:41:47.000,50.7095325,-2.9746452,27,1.039
2023-08-22,13:41:52.000,50.7095601,-2.9745918,28,1.008
2023-08-22,13:41:57.000,50.7095851,-2.9745480,28,0.978
2023-08-22,13:42:02.000,50.7096099,-2.9744951,28,0.953
2023-08-22,13:42:07.000,50.7096334,-2.9744438,29,0.925
2023-08-22,13:42:12.000,50.7096641,-2.9743877,30,0.892
2023-08-22,13:42:17.000,50.7096945,-2.9743442,30,0.864
2023-08-22,13:42:22.000,50.7097203,-2.9742920,31,0.839
2023-08-22,13:42:27.000,50.7097439,-2.9742406,32,0.822
2023-08-22,13:42:32.000,50.7097722,-2.9741551,33,0.822
2023-08-22,13:42:37.000,50.7098106,-2.9740710,33,0.850
2023-08-22,13:42:42.000,50.7098492,-2.9740074,34,0.889
2023-08-22,13:42:47.000,50.7098824,-2.9739417,35,0.933
2023-08-22,13:42:52.000,50.7099068,-2.9738790,36,0.958
2023-08-22,13:42:57.000,50.7099313,-2.9738212,37,0.969
2023-08-22,13:43:02.000,50.7099596,-2.9737606,37,0.975
2023-08-22,13:43:07.000,50.7099838,-2.9737234,37,0.969
2023-08-22,13:43:12.000,50.7100044,-2.9736931,39,0.944
2023-08-22,13:43:17.000,50.7100217,-2.9736588,40,1.336
2023-08-22,13:43:22.000,50.7100454,-2.9736169,42,1.414
2023-08-22,13:43:27.000,50.7100659,-2.9735798,43,1.592
2023-08-22,13:43:32.000,50.7100957,-2.9735384,43,1.611
2023-08-22,13:43:37.000,50.7101159,-2.9734838,44,1.592
2023-08-22,13:43:42.000,50.7101201,-2.9734266,45,1.536
2023-08-22,13:43:47.000,50.7101294,-2.9733782,46,1.319
2023-08-22,13:43:52.000,50.7101494,-2.9733372,47,1.247
2023-08-22,13:43:57.000,50.7101747,-2.9732896,47,1.100
2023-08-22,13:44:02.000,50.7102056,-2.9732322,48,1.081
2023-08-22,13:44:07.000,50.7102363,-2.9731803,49,0.983
2023-08-22,13:44:12.000,50.7102719,-2.9731328,50,0.939
2023-08-22,13:44:17.000,50.7103153,-2.9730928,50,0.825
2023-08-22,13:44:22.000,50.7103503,-2.9730512,51,0.772
2023-08-22,13:44:27.000,50.7103617,-2.9730334,52,0.650
2023-08-22,13:44:32.000,50.7103877,-2.9730006,52,0.631
2023-08-22,13:44:37.000,50.7104221,-2.9729761,53,0.594
2023-08-22,13:44:42.000,50.7104618,-2.9729396,54,0.603
2023-08-22,13:44:47.000,50.7105004,-2.9728769,55,0.675
2023-08-22,13:44:52.000,50.7105255,-2.9727984,56,0.722
2023-08-22,13:44:57.000,50.7105376,-2.9727111,56,0.878
2023-08-22,13:45:02.000,50.7105506,-2.9726262,57,0.914
2023-08-22,13:45:07.000,50.7105655,-2.9725656,57,0.967
2023-08-22,13:45:12.000,50.7105863,-2.9725203,57,0.961
2023-08-22,13:45:17.000,50.7106118,-2.9724586,57,0.953
2023-08-22,13:45:22.000,50.7106409,-2.9723745,57,0.961
2023-08-22,13:45:27.000,50.7106748,-2.9722799,57,1.003
2023-08-22,13:45:32.000,50.7106985,-2.9721779,58,1.017
2023-08-22,13:45:37.000,50.7107089,-2.9720805,59,1.033
2023-08-22,13:45:42.000,50.7107218,-2.9719712,59,1.061
2023-08-22,13:45:47.000,50.7107396,-2.9718785,60,1.081
2023-08-22,13:45:52.000,50.7107747,-2.9718142,60,1.108
2023-08-22,13:45:57.000,50.7108139,-2.9717632,60,1.147
2023-08-22,13:46:02.000,50.7108453,-2.9717142,61,1.178
2023-08-22,13:46:07.000,50.7108815,-2.9716765,61,1.158
2023-08-22,13:46:12.000,50.7109217,-2.9716558,61,1.097
2023-08-22,13:46:17.000,50.7109635,-2.9716500,62,1.036
2023-08-22,13:46:22.000,50.7110063,-2.9716487,63,0.983
2023-08-22,13:46:27.000,50.7110299,-2.9716381,63,0.933
2023-08-22,13:46:32.000,50.7110633,-2.9716186,64,0.897
2023-08-22,13:46:37.000,50.7111033,-2.9715920,66,0.883
2023-08-22,13:46:42.000,50.7111517,-2.9715405,67,0.897
2023-08-22,13:46:47.000,50.7112009,-2.9714455,67,0.969
2023-08-22,13:46:52.000,50.7112421,-2.9713475,68,1.067
2023-08-22,13:46:57.000,50.7112739,-2.9712618,68,1.139
2023-08-22,13:47:02.000,50.7113045,-2.9711880,68,1.183
2023-08-22,13:47:07.000,50.7113455,-2.9711232,69,1.211
2023-08-22,13:47:12.000,50.7113719,-2.9710608,69,1.222
2023-08-22,13:47:17.000,50.7114023,-2.9710220,69,1.203
2023-08-22,13:47:22.000,50.7114363,-2.9709970,69,1.167
2023-08-22,13:47:27.000,50.7114491,-2.9709840,70,1.136
2023-08-22,13:50:34.000,50.7115100,-2.9709413,72,0.000
2023-08-22,13:50:39.000,50.7115505,-2.9709120,72,1.061
2023-08-22,13:50:44.000,50.7115875,-2.9708761,72,1.067
2023-08-22,13:50:49.000,50.7116298,-2.9708407,72,1.100
2023-08-22,13:50:54.000,50.7116751,-2.9707829,72,1.103
2023-08-22,13:50:59.000,50.7117050,-2.9707235,72,1.092
2023-08-22,13:51:04.000,50.7117533,-2.9706640,72,1.150
2023-08-22,13:51:09.000,50.7118042,-2.9706217,72,1.172
2023-08-22,13:51:14.000,50.7118444,-2.9705653,72,1.186
2023-08-22,13:51:19.000,50.7118864,-2.9704842,72,1.217
2023-08-22,13:51:24.000,50.7119306,-2.9704076,71,1.247
2023-08-22,13:51:29.000,50.7119827,-2.9703488,71,1.272
2023-08-22,13:51:34.000,50.7120324,-2.9702946,71,1.300
2023-08-22,13:51:39.000,50.7120697,-2.9702293,70,1.306
2023-08-22,13:51:44.000,50.7121225,-2.9701660,70,1.297
2023-08-22,13:51:49.000,50.7121670,-2.9701127,69,1.283
2023-08-22,13:51:54.000,50.7122110,-2.9700551,69,1.275
2023-08-22,13:52:04.000,50.7122405,-2.9699774,69,0.000
2023-08-22,13:52:09.000,50.7122818,-2.9699224,69,1.181
2023-08-22,13:52:14.000,50.7123325,-2.9698742,69,1.225
2023-08-22,13:52:19.000,50.7123878,-2.9698452,69,1.261
2023-08-22,13:52:24.000,50.7124458,-2.9698250,69,1.261
2023-08-22,13:52:29.000,50.7124960,-2.9697904,69,1.247
2023-08-22,13:52:34.000,50.7125390,-2.9697645,68,1.231
2023-08-22,13:52:39.000,50.7125802,-2.9697372,68,1.231
2023-08-22,13:52:44.000,50.7126330,-2.9696818,68,1.211
2023-08-22,13:52:49.000,50.7126876,-2.9696044,67,1.203
2023-08-22,13:52:54.000,50.7127269,-2.9695446,67,1.194
2023-08-22,13:52:59.000,50.7127668,-2.9695034,67,1.194
2023-08-22,13:53:04.000,50.7128177,-2.9694671,67,1.194
2023-08-22,13:53:09.000,50.7128806,-2.9694469,67,1.197
2023-08-22,13:53:14.000,50.7129409,-2.9694096,67,1.214
2023-08-22,13:53:19.000,50.7129971,-2.9693827,67,1.239
2023-08-22,13:53:24.000,50.7130530,-2.9693469,67,1.256
2023-08-22,13:53:29.000,50.7130907,-2.9692806,67,1.258
2023-08-22,13:53:34.000,50.7131271,-2.9692086,67,1.253
2023-08-22,13:53:39.000,50.7131359,-2.9691211,66,1.256
2023-08-22,13:53:44.000,50.7131460,-2.9690025,66,1.253
2023-08-22,13:53:49.000,50.7131455,-2.9688994,66,1.267
2023-08-22,13:53:54.000,50.7131413,-2.9688403,66,1.261
2023-08-22,13:53:59.000,50.7131288,-2.9687844,66,1.225
2023-08-22,13:54:04.000,50.7131197,-2.9687131,66,1.161
2023-08-22,13:54:22.000,50.7131034,-2.9687075,66,0.000
2023-08-22,13:57:14.000,50.7131184,-2.9687800,66,0.000
2023-08-22,13:57:19.000,50.7131238,-2.9688212,66,0.000
2023-08-22,13:57:24.000,50.7131443,-2.9688906,66,1.164
2023-08-22,13:57:29.000,50.7131638,-2.9689685,66,1.153
2023-08-22,13:57:34.000,50.7131770,-2.9690353,66,1.106
2023-08-22,13:57:39.000,50.7132223,-2.9690563,66,1.075
2023-08-22,13:57:44.000,50.7132686,-2.9690481,66,1.078
2023-08-22,13:57:49.000,50.7133052,-2.9690551,66,1.069
2023-08-22,13:57:54.000,50.7133432,-2.9690491,66,1.050
2023-08-22,13:57:59.000,50.7133825,-2.9690142,66,1.042
2023-08-22,13:58:04.000,50.7134280,-2.9689689,67,1.025
2023-08-22,13:58:09.000,50.7134707,-2.9689268,67,0.981
2023-08-22,13:58:14.000,50.7135159,-2.9688774,67,0.972
2023-08-22,13:58:19.000,50.7135556,-2.9688365,68,0.978
2023-08-22,13:58:24.000,50.7136043,-2.9688046,68,0.983
2023-08-22,13:58:29.000,50.7136590,-2.9687699,69,1.006
2023-08-22,13:58:34.000,50.7137016,-2.9687146,69,1.019
2023-08-22,13:58:39.000,50.7137472,-2.9686712,70,1.075
2023-08-22,13:58:44.000,50.7137895,-2.9686213,70,1.089
2023-08-22,13:58:49.000,50.7138180,-2.9685463,70,1.108
2023-08-22,13:58:54.000,50.7138394,-2.9684487,70,1.111
2023-08-22,13:58:59.000,50.7138700,-2.9683649,70,1.128
2023-08-22,13:59:04.000,50.7138928,-2.9682790,71,1.133
2023-08-22,13:59:09.000,50.7138954,-2.9681846,71,1.167
2023-08-22,13:59:14.000,50.7139031,-2.9680981,71,1.186
2023-08-22,13:59:19.000,50.7139364,-2.9680286,71,1.239
2023-08-22,13:59:24.000,50.7139707,-2.9679753,70,1.233
2023-08-22,13:59:29.000,50.7140023,-2.9679048,70,1.208
2023-08-22,13:59:34.000,50.7140273,-2.9678029,70,1.208
2023-08-22,13:59:39.000,50.7140487,-2.9677204,70,1.233
2023-08-22,13:59:44.000,50.7140610,-2.9676458,70,1.239
2023-08-22,13:59:49.000,50.7140562,-2.9675821,70,1.225
2023-08-22,13:59:54.000,50.7140475,-2.9675057,70,1.206
2023-08-22,13:59:59.000,50.7140567,-2.9674247,70,1.169
2023-08-22,14:00:04.000,50.7140762,-2.9673366,70,1.169
2023-08-22,14:00:09.000,50.7140867,-2.9672517,70,1.181
2023-08-22,14:00:14.000,50.7140904,-2.9671879,71,1.178
2023-08-22,14:00:19.000,50.7140914,-2.9671112,71,1.158
2023-08-22,14:00:24.000,50.7140950,-2.9670267,71,1.144
2023-08-22,14:00:29.000,50.7141049,-2.9669482,72,1.117
2023-08-22,14:00:34.000,50.7141176,-2.9668678,72,1.114
2023-08-22,14:00:39.000,50.7141169,-2.9667974,73,1.133
2023-08-22,14:00:44.000,50.7141163,-2.9667318,73,1.147
2023-08-22,14:00:49.000,50.7141373,-2.9666642,73,1.200
2023-08-22,14:00:54.000,50.7141724,-2.9665867,73,1.208
2023-08-22,14:00:59.000,50.7142145,-2.9664932,73,1.236
2023-08-22,14:01:04.000,50.7142623,-2.9664462,72,1.250
2023-08-22,14:01:09.000,50.7143033,-2.9664213,72,1.297
2023-08-22,14:01:14.000,50.7143316,-2.9663726,72,1.303
2023-08-22,14:01:19.000,50.7143627,-2.9663016,72,1.297
2023-08-22,14:01:24.000,50.7143935,-2.9662348,72,1.303
2023-08-22,14:01:29.000,50.7144097,-2.9661635,73,1.361
2023-08-22,14:01:34.000,50.7144282,-2.9660957,73,1.386
2023-08-22,14:01:39.000,50.7144433,-2.9660218,73,1.425
2023-08-22,14:01:44.000,50.7144521,-2.9659438,73,1.425
2023-08-22,14:01:49.000,50.7144497,-2.9658717,73,1.397
2023-08-22,14:01:54.000,50.7144572,-2.9658079,73,1.347
2023-08-22,14:01:59.000,50.7144635,-2.9657574,73,1.169
2023-08-22,14:02:04.000,50.7144669,-2.9657146,73,1.131
2023-08-22,14:02:09.000,50.7144784,-2.9656786,73,1.067
2023-08-22,14:02:19.000,50.7144849,-2.9656131,73,1.011
2023-08-22,14:02:24.000,50.7144816,-2.9655350,73,0.947
2023-08-22,14:02:29.000,50.7144761,-2.9654546,72,0.897
2023-08-22,14:02:34.000,50.7144681,-2.9654128,72,0.903
2023-08-22,14:02:39.000,50.7144594,-2.9653650,72,0.953
2023-08-22,14:02:44.000,50.7144602,-2.9653082,72,0.986
2023-08-22,14:02:54.000,50.7144753,-2.9652502,72,1.025
2023-08-22,14:02:59.000,50.7144922,-2.9651969,72,1.017
2023-08-22,14:03:04.000,50.7145190,-2.9651752,72,0.997
2023-08-22,14:03:16.000,50.7145398,-2.9651573,73,0.000
2023-08-22,14:03:21.000,50.7145571,-2.9651341,73,0.756
2023-08-22,14:03:26.000,50.7145731,-2.9650568,73,0.683
2023-08-22,14:03:31.000,50.7145973,-2.9649887,74,0.658
2023-08-22,14:03:36.000,50.7146112,-2.9649276,75,0.678
2023-08-22,14:03:41.000,50.7146310,-2.9648596,76,0.722
2023-08-22,14:03:46.000,50.7146582,-2.9647974,77,0.753
2023-08-22,14:03:51.000,50.7146758,-2.9647621,77,0.772
2023-08-22,14:03:56.000,50.7147004,-2.9647114,78,0.806
2023-08-22,14:04:01.000,50.7147263,-2.9646384,79,1.175
2023-08-22,14:04:06.000,50.7147469,-2.9645566,79,1.189
2023-08-22,14:04:11.000,50.7147627,-2.9644906,80,1.144
2023-08-22,14:04:16.000,50.7147690,-2.9644021,80,1.081
2023-08-22,14:04:21.000,50.7147779,-2.9643225,81,1.036
2023-08-22,14:04:26.000,50.7147753,-2.9642528,81,1.006
2023-08-22,14:04:31.000,50.7147753,-2.9641668,81,0.975
2023-08-22,14:04:36.000,50.7147999,-2.9640965,81,0.947
2023-08-22,14:04:41.000,50.7148053,-2.9640171,81,0.933
2023-08-22,14:04:46.000,50.7147988,-2.9639534,81,0.944
2023-08-22,14:04:51.000,50.7148104,-2.9639079,81,0.992
2023-08-22,14:04:56.000,50.7148223,-2.9638520,81,1.075
2023-08-22,14:05:01.000,50.7148276,-2.9638174,80,1.133
2023-08-22,14:05:06.000,50.7148384,-2.9637609,79,1.178
2023-08-22,14:05:11.000,50.7148444,-2.9636851,79,1.103
2023-08-22,14:05:16.000,50.7148498,-2.9635968,78,1.033
2023-08-22,14:05:21.000,50.7148576,-2.9635043,78,1.017
2023-08-22,14:05:26.000,50.7148692,-2.9634810,78,1.036
2023-08-22,14:05:31.000,50.7148993,-2.9634452,78,1.033
2023-08-22,14:05:36.000,50.7149186,-2.9633885,77,1.011
2023-08-22,14:05:41.000,50.7149318,-2.9633093,77,0.950
2023-08-22,14:05:46.000,50.7149572,-2.9632334,77,0.908
2023-08-22,14:05:51.000,50.7149841,-2.9631728,78,0.903
2023-08-22,14:05:56.000,50.7150055,-2.9631097,78,0.922
2023-08-22,14:06:01.000,50.7150198,-2.9630521,78,0.936
2023-08-22,14:06:06.000,50.7150268,-2.9630081,78,0.933
2023-08-22,14:06:11.000,50.7150366,-2.9629426,78,0.922
2023-08-22,14:06:16.000,50.7150467,-2.9628554,78,0.911
2023-08-22,14:06:21.000,50.7150518,-2.9627822,79,0.908
2023-08-22,14:06:26.000,50.7150527,-2.9627067,79,0.922
2023-08-22,14:06:31.000,50.7150654,-2.9626566,79,0.933
2023-08-22,14:06:36.000,50.7150822,-2.9626338,79,1.333
2023-08-22,14:06:41.000,50.7151084,-2.9625858,80,1.444
2023-08-22,14:06:46.000,50.7151316,-2.9625425,80,1.483
2023-08-22,14:06:51.000,50.7151517,-2.9625043,81,1.481
2023-08-22,14:06:56.000,50.7151799,-2.9624400,81,1.447
2023-08-22,14:07:01.000,50.7152081,-2.9623957,82,1.403
2023-08-22,14:07:06.000,50.7152177,-2.9623616,83,1.367
2023-08-22,14:07:11.000,50.7152175,-2.9623079,84,1.353
2023-08-22,14:07:16.000,50.7152232,-2.9622388,85,0.872
2023-08-22,14:07:21.000,50.7152281,-2.9621538,85,0.761
2023-08-22,14:07:26.000,50.7152436,-2.9620894,85,0.719
2023-08-22,14:07:31.000,50.7152360,-2.9620514,86,0.706
2023-08-22,14:07:36.000,50.7152543,-2.9619914,86,0.725
2023-08-22,14:07:41.000,50.7152782,-2.9619280,86,0.736
2023-08-22,14:07:46.000,50.7152941,-2.9618837,86,0.767
2023-08-22,14:07:51.000,50.7153071,-2.9618779,86,0.789
2023-08-22,14:07:56.000,50.7153377,-2.9618944,86,0.753
2023-08-22,14:08:06.000,50.7153786,-2.9619099,87,0.675
2023-08-22,14:08:16.000,50.7154096,-2.9618867,89,0.000
2023-08-22,14:08:21.000,50.7154271,-2.9618449,90,0.000
2023-08-22,14:08:26.000,50.7154396,-2.9617778,90,0.439
2023-08-22,14:08:31.000,50.7154593,-2.9617029,91,0.956
2023-08-22,14:08:36.000,50.7154498,-2.9616386,91,0.953
2023-08-22,14:08:41.000,50.7154306,-2.9615639,91,1.019
2023-08-22,14:08:46.000,50.7154292,-2.9614892,91,1.039
2023-08-22,14:08:51.000,50.7154484,-2.9614048,92,1.042
2023-08-22,14:08:56.000,50.7154724,-2.9613315,92,1.053
2023-08-22,14:09:01.000,50.7154948,-2.9612687,92,1.053
2023-08-22,14:09:06.000,50.7155370,-2.9611860,92,1.067
2023-08-22,14:09:11.000,50.7155870,-2.9611225,92,1.103
2023-08-22,14:09:16.000,50.7156239,-2.9610843,93,1.161
2023-08-22,14:09:21.000,50.7156587,-2.9610626,93,1.197
2023-08-22,14:09:26.000,50.7157092,-2.9610269,92,1.197
2023-08-22,14:09:31.000,50.7157585,-2.9609614,92,1.192
2023-08-22,14:09:36.000,50.7157882,-2.9608852,92,1.192
2023-08-22,14:09:41.000,50.7158038,-2.9607894,92,1.200
2023-08-22,14:09:46.000,50.7158004,-2.9606839,92,1.239
2023-08-22,14:09:51.000,50.7157933,-2.9605972,91,1.292
2023-08-22,14:09:56.000,50.7157882,-2.9605056,91,1.328
2023-08-22,14:10:01.000,50.7158022,-2.9604240,91,1.339
2023-08-22,14:10:06.000,50.7158105,-2.9603652,91,1.339
2023-08-22,14:10:11.000,50.7158332,-2.9603281,91,1.328
2023-08-22,14:10:16.000,50.7158599,-2.9602695,91,1.294
2023-08-22,14:10:21.000,50.7158809,-2.9601871,91,1.264
2023-08-22,14:10:26.000,50.7159045,-2.9600811,91,1.283
2023-08-22,14:10:31.000,50.7159209,-2.9600060,91,1.331
2023-08-22,14:10:36.000,50.7159188,-2.9599357,91,1.350
2023-08-22,14:10:46.000,50.7159382,-2.9598811,91,1.225
2023-08-22,14:10:51.000,50.7159560,-2.9598370,91,1.167
2023-08-22,14:10:56.000,50.7159716,-2.9597777,92,1.039
2023-08-22,14:11:01.000,50.7160054,-2.9597116,92,0.928
2023-08-22,14:11:15.000,50.7160552,-2.9596504,94,0.836
2023-08-22,14:11:20.000,50.7160673,-2.9595788,94,0.836
2023-08-22,14:11:25.000,50.7160546,-2.9594998,95,0.908
2023-08-22,14:11:30.000,50.7160362,-2.9594271,95,0.967
2023-08-22,14:11:35.000,50.7160156,-2.9593649,96,1.139
2023-08-22,14:11:40.000,50.7160058,-2.9592975,96,1.169
2023-08-22,14:11:45.000,50.7160032,-2.9592277,96,1.222
2023-08-22,14:11:50.000,50.7160169,-2.9591531,95,1.222
2023-08-22,14:11:55.000,50.7160296,-2.9590927,95,1.264
2023-08-22,14:12:00.000,50.7160398,-2.9590562,95,1.303
2023-08-22,14:12:05.000,50.7160649,-2.9590007,95,1.344
2023-08-22,14:12:10.000,50.7161044,-2.9589537,95,1.325
2023-08-22,14:12:15.000,50.7161366,-2.9589144,95,1.239
2023-08-22,14:12:20.000,50.7161712,-2.9589152,95,1.186
2023-08-22,14:12:25.000,50.7162177,-2.9589044,95,1.042
2023-08-22,14:12:30.000,50.7162546,-2.9588562,95,1.011
2023-08-22,14:12:35.000,50.7162956,-2.9587984,95,0.942
2023-08-22,14:12:40.000,50.7163301,-2.9587443,95,0.942
2023-08-22,14:12:45.000,50.7163701,-2.9587019,95,0.942
2023-08-22,14:12:50.000,50.7164066,-2.9586542,95,0.939
2023-08-22,14:12:55.000,50.7164148,-2.9585837,95,0.931
2023-08-22,14:13:00.000,50.7164362,-2.9585293,95,0.919
2023-08-22,14:13:05.000,50.7164865,-2.9585034,95,0.908
2023-08-22,14:13:10.000,50.7165232,-2.9584636,96,0.911
2023-08-22,14:13:15.000,50.7165426,-2.9584031,96,0.944
2023-08-22,14:13:20.000,50.7165673,-2.9583527,97,0.958
2023-08-22,14:13:25.000,50.7166013,-2.9583430,97,0.983
2023-08-22,14:13:30.000,50.7166289,-2.9583253,97,0.981
2023-08-22,14:13:35.000,50.7166582,-2.9583288,97,0.961
2023-08-22,14:13:40.000,50.7166975,-2.9583021,97,0.953
2023-08-22,14:13:45.000,50.7167272,-2.9582118,96,0.981
2023-08-22,14:13:50.000,50.7167589,-2.9581528,96,1.017
2023-08-22,14:13:55.000,50.7167919,-2.9581232,96,1.103
2023-08-22,14:14:00.000,50.7168294,-2.9580735,96,1.106
2023-08-22,14:14:05.000,50.7168598,-2.9580104,95,1.064
2023-08-22,14:14:10.000,50.7168843,-2.9579396,95,1.042
2023-08-22,14:14:15.000,50.7169160,-2.9578604,95,1.008
2023-08-22,14:14:20.000,50.7169462,-2.9578213,96,1.006
2023-08-22,14:14:25.000,50.7169850,-2.9577894,96,0.975
2023-08-22,14:14:30.000,50.7170213,-2.9577239,96,0.961
2023-08-22,14:14:35.000,50.7170428,-2.9576536,96,0.939
2023-08-22,14:14:40.000,50.7170776,-2.9576011,96,0.944
2023-08-22,14:14:45.000,50.7171158,-2.9575441,97,0.989
2023-08-22,14:14:50.000,50.7171480,-2.9574888,97,1.003
2023-08-22,14:14:55.000,50.7171810,-2.9574451,97,1.028
2023-08-22,14:15:00.000,50.7172163,-2.9573918,97,1.014
2023-08-22,14:15:05.000,50.7172478,-2.9573293,97,0.967
2023-08-22,14:15:10.000,50.7172783,-2.9572695,97,0.958
2023-08-22,14:15:15.000,50.7173078,-2.9572040,97,0.950
2023-08-22,14:15:20.000,50.7173127,-2.9571457,97,0.950
2023-08-22,14:15:25.000,50.7173209,-2.9571053,97,0.950
2023-08-22,14:15:30.000,50.7173467,-2.9570780,96,0.961
2023-08-22,14:15:35.000,50.7173815,-2.9570629,96,1.028
2023-08-22,14:15:40.000,50.7174212,-2.9570341,95,1.056
2023-08-22,14:15:45.000,50.7174640,-2.9569732,95,1.119
2023-08-22,14:15:50.000,50.7175058,-2.9569081,95,1.133
2023-08-22,14:15:55.000,50.7175484,-2.9568601,94,1.169
2023-08-22,14:16:00.000,50.7175914,-2.9568127,94,1.164
2023-08-22,14:16:05.000,50.7176292,-2.9567678,94,1.150
2023-08-22,14:16:10.000,50.7176615,-2.9567256,94,1.156
2023-08-22,14:16:21.000,50.7176986,-2.9566902,93,1.244
2023-08-22,14:16:26.000,50.7177313,-2.9566715,93,1.200
2023-08-22,14:16:31.000,50.7177623,-2.9566425,92,1.128
2023-08-22,14:16:36.000,50.7177929,-2.9565785,92,1.072
2023-08-22,14:16:41.000,50.7178275,-2.9565148,91,1.036
2023-08-22,14:16:46.000,50.7178560,-2.9564744,91,1.025
2023-08-22,14:16:51.000,50.7178829,-2.9564081,91,1.025
2023-08-22,14:16:56.000,50.7179149,-2.9563522,91,1.022
2023-08-22,14:17:01.000,50.7179466,-2.9562656,91,1.033
2023-08-22,14:17:06.000,50.7179671,-2.9561942,91,1.097
2023-08-22,14:17:11.000,50.7179931,-2.9561291,91,1.161
2023-08-22,14:17:16.000,50.7180163,-2.9560717,91,1.211
2023-08-22,14:17:21.000,50.7180581,-2.9559989,92,1.278
2023-08-22,14:17:26.000,50.7180947,-2.9559300,92,1.339
2023-08-22,14:17:31.000,50.7181115,-2.9558709,92,1.353
2023-08-22,14:17:36.000,50.7181103,-2.9558082,92,1.347
2023-08-22,14:17:41.000,50.7181296,-2.9557492,92,1.358
2023-08-22,14:17:46.000,50.7181328,-2.9556909,92,1.367
2023-08-22,14:18:13.000,50.7181253,-2.9556675,92,0.000
2023-08-22,14:18:18.000,50.7181455,-2.9556676,92,0.000
2023-08-22,14:18:23.000,50.7181718,-2.9556825,92,0.847
2023-08-22,14:18:28.000,50.7182015,-2.9556886,92,0.892
2023-08-22,14:18:33.000,50.7182260,-2.9556924,92,0.908
2023-08-22,14:18:38.000,50.7182575,-2.9556762,93,0.844
2023-08-22,14:18:43.000,50.7182889,-2.9556426,93,0.883
2023-08-22,14:18:48.000,50.7183206,-2.9555991,93,0.447
2023-08-22,14:19:08.000,50.7183397,-2.9555509,93,0.000
2023-08-22,14:19:13.000,50.7183573,-2.9554845,93,0.000
2023-08-22,14:19:18.000,50.7183862,-2.9554101,93,1.128
2023-08-22,14:19:23.000,50.7184078,-2.9553529,93,1.100
2023-08-22,14:19:28.000,50.7184285,-2.9552965,92,1.125
2023-08-22,14:19:33.000,50.7184515,-2.9552542,92,1.164
2023-08-22,14:19:38.000,50.7184811,-2.9551910,92,1.203
2023-08-22,14:19:43.000,50.7185160,-2.9551282,91,1.242
2023-08-22,14:19:48.000,50.7185569,-2.9550615,91,1.239
2023-08-22,14:19:53.000,50.7185976,-2.9549921,91,1.236
2023-08-22,14:19:58.000,50.7186422,-2.9549232,91,1.222
2023-08-22,14:20:03.000,50.7186850,-2.9548615,91,1.225
2023-08-22,14:20:08.000,50.7187229,-2.9548102,91,1.217
2023-08-22,14:20:13.000,50.7187637,-2.9547784,91,1.208
2023-08-22,14:20:18.000,50.7188006,-2.9547631,91,1.158
2023-08-22,14:20:23.000,50.7188378,-2.9547517,91,1.139
2023-08-22,14:20:28.000,50.7188670,-2.9547264,91,1.086
2023-08-22,14:20:33.000,50.7189211,-2.9546645,91,1.069
2023-08-22,14:20:38.000,50.7189802,-2.9545853,91,1.072
2023-08-22,14:20:43.000,50.7190388,-2.9545030,91,1.081
2023-08-22,14:20:48.000,50.7190808,-2.9544294,91,1.122
2023-08-22,14:20:53.000,50.7191110,-2.9543529,92,1.131
2023-08-22,14:20:58.000,50.7191458,-2.9542708,92,1.103
2023-08-22,14:21:03.000,50.7191862,-2.9541866,93,1.089
2023-08-22,14:21:08.000,50.7192107,-2.9541026,93,1.086
2023-08-22,14:21:13.000,50.7192397,-2.9540335,94,1.094
2023-08-22,14:21:18.000,50.7192799,-2.9539740,94,1.128
2023-08-22,14:21:23.000,50.7193193,-2.9539072,94,1.139
2023-08-22,14:21:28.000,50.7193610,-2.9538220,95,1.178
2023-08-22,14:21:33.000,50.7194143,-2.9537260,95,1.194
2023-08-22,14:21:38.000,50.7194550,-2.9536359,95,1.267
2023-08-22,14:21:43.000,50.7194913,-2.9535668,96,1.325
2023-08-22,14:21:48.000,50.7195272,-2.9534948,96,1.325
2023-08-22,14:21:53.000,50.7195579,-2.9534085,96,1.311
2023-08-22,14:21:58.000,50.7195925,-2.9533205,96,1.319
2023-08-22,14:22:03.000,50.7196396,-2.9532378,97,1.353
2023-08-22,14:22:08.000,50.7196746,-2.9531488,97,1.375
2023-08-22,14:22:13.000,50.7197109,-2.9530550,97,1.392
2023-08-22,14:22:18.000,50.7197521,-2.9529571,97,1.403
2023-08-22,14:22:23.000,50.7197824,-2.9528716,97,1.414
2023-08-22,14:22:28.000,50.7198125,-2.9527821,97,1.422
2023-08-22,14:22:33.000,50.7198450,-2.9526888,97,1.442
2023-08-22,14:22:38.000,50.7198717,-2.9525943,97,1.453
2023-08-22,14:22:43.000,50.7199034,-2.9525013,97,1.444
2023-08-22,14:22:48.000,50.7199271,-2.9524088,97,1.433
2023-08-22,14:22:53.000,50.7199442,-2.9523184,97,1.431
2023-08-22,14:22:58.000,50.7199566,-2.9522286,97,1.428
2023-08-22,14:23:03.000,50.7199799,-2.9521247,97,1.425
2023-08-22,14:23:08.000,50.7200126,-2.9520195,97,1.444
2023-08-22,14:23:13.000,50.7200413,-2.9519186,97,1.464
2023-08-22,14:23:18.000,50.7200706,-2.9518343,97,1.461
2023-08-22,14:23:23.000,50.7201120,-2.9517537,97,1.425
2023-08-22,14:23:28.000,50.7201610,-2.9516658,98,1.408
2023-08-22,14:23:33.000,50.7202027,-2.9515778,98,1.422
2023-08-22,14:23:38.000,50.7202315,-2.9514979,98,1.447
2023-08-22,14:23:43.000,50.7202626,-2.9514168,97,1.458
2023-08-22,14:23:48.000,50.7202927,-2.9513482,97,1.456
2023-08-22,14:23:53.000,50.7203267,-2.9512777,97,1.453
2023-08-22,14:23:58.000,50.7203754,-2.9512036,96,1.453
2023-08-22,14:24:03.000,50.7204207,-2.9511104,95,1.456
2023-08-22,14:24:08.000,50.7204379,-2.9510028,95,1.469
2023-08-22,14:24:13.000,50.7204336,-2.9508850,94,1.475
2023-08-22,14:24:18.000,50.7204405,-2.9507687,94,1.475
2023-08-22,14:24:23.000,50.7204512,-2.9506716,94,1.464
2023-08-22,14:24:37.000,50.7204685,-2.9506038,93,1.203
2023-08-22,14:24:42.000,50.7204931,-2.9505211,93,1.281
2023-08-22,14:24:47.000,50.7205210,-2.9504499,93,1.231
2023-08-22,14:24:52.000,50.7205529,-2.9503915,93,1.200
2023-08-22,14:24:57.000,50.7205943,-2.9503315,93,1.164
2023-08-22,14:25:02.000,50.7206364,-2.9502666,93,1.136
2023-08-22,14:25:07.000,50.7206766,-2.9501818,93,1.136
2023-08-22,14:25:12.000,50.7206971,-2.9500790,93,1.144
2023-08-22,14:25:17.000,50.7206984,-2.9499766,93,1.164
2023-08-22,14:25:22.000,50.7207252,-2.9498952,92,1.189
2023-08-22,14:25:27.000,50.7207642,-2.9498183,92,1.208
2023-08-22,14:25:32.000,50.7208014,-2.9497384,92,1.225
2023-08-22,14:25:37.000,50.7208316,-2.9496658,92,1.239
2023-08-22,14:25:42.000,50.7208476,-2.9495829,92,1.247
2023-08-22,14:25:47.000,50.7208559,-2.9494865,93,1.247
2023-08-22,14:25:52.000,50.7208532,-2.9493973,93,1.247
2023-08-22,14:25:57.000,50.7208518,-2.9493091,92,1.253
2023-08-22,14:26:02.000,50.7208642,-2.9492276,92,1.261
2023-08-22,14:26:07.000,50.7208829,-2.9491514,91,1.267
2023-08-22,14:26:12.000,50.7208939,-2.9490756,91,1.278
2023-08-22,14:26:17.000,50.7209023,-2.9489969,90,1.289
2023-08-22,14:26:22.000,50.7209148,-2.9489216,90,1.275
2023-08-22,14:26:27.000,50.7209300,-2.9488697,90,1.222
2023-08-22,14:26:40.000,50.7209279,-2.9488132,89,0.000
2023-08-22,14:27:49.000,50.7208981,-2.9487529,88,0.939
2023-08-22,14:28:30.000,50.7208943,-2.9487221,88,0.536
2023-08-22,14:28:35.000,50.7208847,-2.9486656,88,1.064
2023-08-22,14:28:40.000,50.7208671,-2.9485888,88,1.128
2023-08-22,14:28:45.000,50.7208474,-2.9484961,88,1.172
2023-08-22,14:28:50.000,50.7208396,-2.9483939,88,1.189
2023-08-22,14:28:55.000,50.7208370,-2.9482976,88,1.208
2023-08-22,14:29:00.000,50.7208273,-2.9482039,87,1.239
2023-08-22,14:29:05.000,50.7208160,-2.9481104,87,1.242
2023-08-22,14:29:10.000,50.7208061,-2.9480144,87,1.256
2023-08-22,14:29:15.000,50.7207944,-2.9479256,86,1.264
2023-08-22,14:29:20.000,50.7207808,-2.9478372,86,1.267
2023-08-22,14:29:25.000,50.7207693,-2.9477470,86,1.264
2023-08-22,14:29:30.000,50.7207611,-2.9476599,86,1.256
2023-08-22,14:29:35.000,50.7207541,-2.9475721,86,1.261
2023-08-22,14:29:40.000,50.7207351,-2.9474870,85,1.272
2023-08-22,14:29:45.000,50.7207009,-2.9474268,85,1.269
2023-08-22,14:29:50.000,50.7206698,-2.9473503,84,1.239
2023-08-22,14:29:55.000,50.7206528,-2.9472683,84,1.231
2023-08-22,14:30:00.000,50.7206351,-2.9471849,83,1.228
2023-08-22,14:30:05.000,50.7206168,-2.9470963,82,1.236
2023-08-22,14:30:10.000,50.7206140,-2.9470049,81,1.303
2023-08-22,14:30:15.000,50.7206288,-2.9469138,80,1.331
2023-08-22,14:30:20.000,50.7206329,-2.9468202,79,1.342
2023-08-22,14:30:25.000,50.7206408,-2.9467287,79,1.339
2023-08-22,14:30:30.000,50.7206347,-2.9466384,79,1.331
2023-08-22,14:30:35.000,50.7206098,-2.9465469,79,1.328
2023-08-22,14:30:40.000,50.7205788,-2.9464628,79,1.297
2023-08-22,14:30:45.000,50.7205384,-2.9463839,79,1.289
2023-08-22,14:30:50.000,50.7205073,-2.9463048,79,1.294
2023-08-22,14:30:55.000,50.7204784,-2.9462222,79,1.303
2023-08-22,14:31:00.000,50.7204483,-2.9461525,78,1.317
2023-08-22,14:31:05.000,50.7204158,-2.9460785,78,1.317
2023-08-22,14:31:10.000,50.7203889,-2.9459852,77,1.328
2023-08-22,14:31:15.000,50.7203946,-2.9459216,76,1.339
2023-08-22,14:31:28.000,50.7204301,-2.9458786,75,0.000
2023-08-22,14:31:33.000,50.7204671,-2.9458417,75,0.000
2023-08-22,14:31:38.000,50.7205109,-2.9457678,75,1.189
2023-08-22,14:31:43.000,50.7205428,-2.9457252,75,1.089
2023-08-22,14:31:48.000,50.7205884,-2.9457306,75,1.039
2023-08-22,14:34:42.000,50.7206218,-2.9457075,77,0.936
2023-08-22,14:34:47.000,50.7206303,-2.9456502,77,1.094
2023-08-22,14:34:52.000,50.7206495,-2.9455781,77,1.456
2023-08-22,14:34:57.000,50.7206883,-2.9455154,77,1.417
2023-08-22,14:35:02.000,50.7207292,-2.9454599,76,1.300
2023-08-22,14:35:07.000,50.7207691,-2.9454100,76,1.172
2023-08-22,14:35:12.000,50.7208136,-2.9453518,75,1.169
2023-08-22,14:35:17.000,50.7208541,-2.9452885,75,1.183
2023-08-22,14:35:22.000,50.7208928,-2.9452277,75,1.192
2023-08-22,14:35:27.000,50.7209336,-2.9451587,74,1.200
2023-08-22,14:35:32.000,50.7209771,-2.9450999,74,1.203
2023-08-22,14:35:37.000,50.7210169,-2.9450468,73,1.236
2023-08-22,14:35:42.000,50.7210556,-2.9449954,73,1.239
2023-08-22,14:35:47.000,50.7210980,-2.9449543,72,1.217
2023-08-22,14:35:52.000,50.7211502,-2.9449194,71,1.206
2023-08-22,14:35:57.000,50.7211995,-2.9448679,71,1.211
2023-08-22,14:36:02.000,50.7212449,-2.9448037,70,1.222
2023-08-22,14:36:12.000,50.7212864,-2.9447515,70,0.000
2023-08-22,14:36:17.000,50.7213079,-2.9446967,69,1.242
2023-08-22,14:36:22.000,50.7213296,-2.9446065,69,1.264
2023-08-22,14:36:27.000,50.7213548,-2.9445151,69,1.261
2023-08-22,14:36:32.000,50.7213744,-2.9444216,68,1.264
2023-08-22,14:36:37.000,50.7213892,-2.9443219,68,1.283
2023-08-22,14:36:42.000,50.7213955,-2.9442269,67,1.294
2023-08-22,14:36:47.000,50.7214033,-2.9441351,67,1.297
2023-08-22,14:36:52.000,50.7214252,-2.9440463,67,1.294
2023-08-22,14:36:57.000,50.7214497,-2.9439872,66,1.289
2023-08-22,14:37:02.000,50.7214912,-2.9439666,65,1.269
2023-08-22,14:37:07.000,50.7215350,-2.9439409,64,1.250
2023-08-22,14:37:12.000,50.7215664,-2.9438867,64,1.242
2023-08-22,14:37:17.000,50.7215897,-2.9438111,64,1.242
2023-08-22,14:37:22.000,50.7216225,-2.9437355,63,1.244
2023-08-22,14:37:27.000,50.7216614,-2.9436598,63,1.258
2023-08-22,14:37:32.000,50.7217046,-2.9435897,63,1.256
2023-08-22,14:37:37.000,50.7217438,-2.9435179,63,1.244
2023-08-22,14:37:42.000,50.7217811,-2.9434443,63,1.233
2023-08-22,14:37:47.000,50.7218100,-2.9433647,63,1.239
2023-08-22,14:37:52.000,50.7218364,-2.9432833,63,1.239
2023-08-22,14:37:57.000,50.7218669,-2.9432128,63,1.242
2023-08-22,14:38:08.000,50.7218873,-2.9431543,64,0.614
2023-08-22,14:38:13.000,50.7218551,-2.9431352,64,1.311
2023-08-22,14:38:18.000,50.7218009,-2.9431239,64,1.300
2023-08-22,14:38:23.000,50.7217522,-2.9431103,63,1.317
2023-08-22,14:38:47.000,50.7216857,-2.9431009,61,0.000
2023-08-22,14:38:52.000,50.7216489,-2.9430751,61,1.494
2023-08-22,14:38:57.000,50.7216293,-2.9430291,60,1.047
2023-08-22,14:39:02.000,50.7216153,-2.9429912,60,0.953
2023-08-22,14:39:07.000,50.7215931,-2.9429593,59,0.950
2023-08-22,14:39:12.000,50.7215532,-2.9429246,58,0.956
2023-08-22,14:39:17.000,50.7215111,-2.9428963,57,0.958
2023-08-22,14:39:22.000,50.7214710,-2.9428512,57,0.956
2023-08-22,14:39:27.000,50.7214425,-2.9427863,56,0.956
2023-08-22,14:39:32.000,50.7214256,-2.9427269,55,0.958
2023-08-22,14:39:37.000,50.7214169,-2.9426633,54,0.961
2023-08-22,14:39:42.000,50.7214193,-2.9425824,54,0.994
2023-08-22,14:39:47.000,50.7214274,-2.9424998,53,1.011
2023-08-22,14:39:52.000,50.7214288,-2.9424261,52,1.072
2023-08-22,14:39:57.000,50.7214237,-2.9423593,52,1.089
2023-08-22,14:40:02.000,50.7214081,-2.9422757,51,1.125
2023-08-22,14:40:07.000,50.7213884,-2.9421986,50,1.139
2023-08-22,14:40:12.000,50.7213623,-2.9421429,50,1.178
2023-08-22,14:40:17.000,50.7213365,-2.9421008,49,1.189
2023-08-22,14:40:22.000,50.7213065,-2.9420502,48,1.122
2023-08-22,14:40:27.000,50.7212706,-2.9420058,47,1.103
2023-08-22,14:40:32.000,50.7212376,-2.9419861,46,1.078
2023-08-22,14:40:37.000,50.7212179,-2.9419541,45,1.078
2023-08-22,14:40:42.000,50.7212042,-2.9419095,44,1.086
2023-08-22,14:40:47.000,50.7211744,-2.9418527,43,1.081
2023-08-22,14:40:52.000,50.7211441,-2.9417945,41,1.044
2023-08-22,14:40:57.000,50.7211195,-2.9417539,40,1.033
2023-08-22,14:41:02.000,50.7210946,-2.9417220,39,0.983
2023-08-22,14:41:07.000,50.7210694,-2.9416989,38,0.964
2023-08-22,14:41:12.000,50.7210472,-2.9416691,37,0.908
2023-08-22,14:41:32.000,50.7210161,-2.9416169,33,0.931
2023-08-22,14:41:37.000,50.7209897,-2.9415595,33,0.925
2023-08-22,14:41:57.000,50.7209592,-2.9415026,29,0.742
2023-08-22,14:42:02.000,50.7209456,-2.9414386,28,0.689
2023-08-22,14:42:07.000,50.7209273,-2.9414081,27,0.700
2023-08-22,14:42:12.000,50.7209132,-2.9413936,26,0.733
2023-08-22,14:42:17.000,50.7209032,-2.9413565,25,0.728
2023-08-22,14:42:22.000,50.7208966,-2.9413035,24,0.728
2023-08-22,14:42:27.000,50.7208785,-2.9412611,24,0.733
2023-08-22,14:42:32.000,50.7208486,-2.9412319,23,0.761
2023-08-22,14:42:37.000,50.7208108,-2.9412027,22,0.783
2023-08-22,14:42:42.000,50.7207821,-2.9411700,21,0.797
2023-08-22,14:42:47.000,50.7207616,-2.9411264,20,0.806
2023-08-22,14:42:52.000,50.7207351,-2.9410817,20,0.803
2023-08-22,14:42:57.000,50.7207098,-2.9410392,19,0.769
2023-08-22,14:43:02.000,50.7206852,-2.9410102,18,0.717
2023-08-22,14:43:15.000,50.7206390,-2.9409817,17,0.678
2023-08-22,14:43:20.000,50.7205952,-2.9409582,16,0.686
2023-08-22,14:43:25.000,50.7205649,-2.9409403,16,0.692
2023-08-22,14:43:30.000,50.7205296,-2.9409248,15,0.694
2023-08-22,14:43:35.000,50.7205040,-2.9409119,14,0.694
2023-08-22,14:43:40.000,50.7204715,-2.9408851,13,0.681
2023-08-22,14:43:45.000,50.7204258,-2.9408533,13,0.681
2023-08-22,14:43:50.000,50.7203776,-2.9408258,12,0.744
2023-08-22,14:43:55.000,50.7203318,-2.9407907,12,0.769
2023-08-22,14:44:00.000,50.7202812,-2.9407546,12,0.817
2023-08-22,14:44:05.000,50.7202688,-2.9407094,12,0.828
2023-08-22,14:44:10.000,50.7202906,-2.9406476,12,0.814
2023-08-22,14:44:15.000,50.7203030,-2.9405705,11,0.806
2023-08-22,14:44:20.000,50.7203120,-2.9404891,11,0.797
2023-08-22,14:44:25.000,50.7203194,-2.9404063,11,0.808
2023-08-22,14:44:30.000,50.7203270,-2.9403230,11,0.886
2023-08-22,14:44:35.000,50.7203446,-2.9402415,11,0.914
2023-08-22,14:44:40.000,50.7203684,-2.9401649,11,0.969
2023-08-22,14:44:45.000,50.7203933,-2.9400934,11,0.986
2023-08-22,14:44:56.000,50.7203884,-2.9400111,11,0.956
2023-08-22,14:45:01.000,50.7203875,-2.9399307,11,0.925
2023-08-22,14:45:06.000,50.7203961,-2.9398302,11,0.933
2023-08-22,14:45:11.000,50.7203962,-2.9397377,11,1.008
2023-08-22,14:47:48.000,50.7203685,-2.9397155,10,0.000
2023-08-22,14:47:53.000,50.7203778,-2.9396562,10,1.083
2023-08-22,14:47:58.000,50.7203970,-2.9395702,10,1.111
2023-08-22,14:48:03.000,50.7204182,-2.9394829,10,1.136
2023-08-22,14:48:08.000,50.7204327,-2.9393972,10,1.125
2023-08-22,14:48:13.000,50.7204502,-2.9393305,10,1.103
2023-08-22,14:48:18.000,50.7204729,-2.9392663,10,1.089
2023-08-22,14:48:23.000,50.7204978,-2.9391936,10,1.086
2023-08-22,14:48:28.000,50.7205182,-2.9391481,10,1.083
2023-08-22,14:48:33.000,50.7205373,-2.9391143,10,1.058
2023-08-22,14:48:38.000,50.7205583,-2.9390538,10,1.028
2023-08-22,14:48:43.000,50.7205744,-2.9390091,9,0.997
2023-08-22,14:48:48.000,50.7205936,-2.9389688,9,0.964
2023-08-22,14:48:53.000,50.7206243,-2.9389556,9,0.919
2023-08-22,14:49:04.000,50.7206689,-2.9389517,9,0.867
2023-08-22,14:49:09.000,50.7207101,-2.9389382,9,0.850
2023-08-22,14:49:14.000,50.7207608,-2.9389387,9,0.872
2023-08-22,14:49:19.000,50.7208089,-2.9389203,9,0.894
2023-08-22,14:49:24.000,50.7208548,-2.9388766,9,0.978
2023-08-22,14:49:29.000,50.7208982,-2.9388460,9,0.997
2023-08-22,14:49:34.000,50.7209586,-2.9388137,9,1.025
2023-08-22,14:49:39.000,50.7210219,-2.9387745,9,1.036
2023-08-22,14:49:44.000,50.7210789,-2.9387352,9,1.100
2023-08-22,14:49:49.000,50.7211335,-2.9387044,9,1.119
2023-08-22,14:49:54.000,50.7211890,-2.9386834,9,1.150
2023-08-22,14:49:59.000,50.7212400,-2.9386648,9,1.156
2023-08-22,14:50:04.000,50.7212908,-2.9386312,9,1.153
2023-08-22,14:50:09.000,50.7213314,-2.9385645,9,1.153
2023-08-22,14:50:14.000,50.7213701,-2.9385153,9,1.150
2023-08-22,14:50:19.000,50.7214247,-2.9384950,9,1.150
2023-08-22,14:50:24.000,50.7214774,-2.9384746,9,1.156
2023-08-22,14:50:29.000,50.7215347,-2.9384569,9,1.161
2023-08-22,14:50:34.000,50.7215907,-2.9384550,9,1.167
2023-08-22,14:50:39.000,50.7216397,-2.9384767,9,1.167
2023-08-22,14:50:44.000,50.7216899,-2.9384980,9,1.156
2023-08-22,14:50:49.000,50.7217404,-2.9385129,9,1.150
2023-08-22,14:50:54.000,50.7217886,-2.9385217,9,1.125
2023-08-22,14:50:59.000,50.7218411,-2.9385165,9,1.119
2023-08-22,14:51:04.000,50.7218951,-2.9385048,9,1.114
2023-08-22,14:51:09.000,50.7219505,-2.9384730,9,1.119
2023-08-22,14:51:14.000,50.7220052,-2.9384280,9,1.164
2023-08-22,14:51:19.000,50.7220642,-2.9383723,9,1.183
2023-08-22,14:51:24.000,50.7221168,-2.9383199,9,1.233
2023-08-22,14:51:29.000,50.7221666,-2.9382770,10,1.250
2023-08-22,14:51:34.000,50.7222160,-2.9382354,10,1.261
2023-08-22,14:51:39.000,50.7222649,-2.9381997,10,1.261
2023-08-22,14:51:44.000,50.7223183,-2.9381710,10,1.250
2023-08-22,14:51:49.000,50.7223713,-2.9381327,10,1.250
2023-08-22,14:51:54.000,50.7224275,-2.9380762,10,1.283
2023-08-22,14:51:59.000,50.7224817,-2.9380178,10,1.297
2023-08-22,14:52:04.000,50.7225296,-2.9379547,10,1.333
2023-08-22,14:52:09.000,50.7225766,-2.9378963,10,1.342
2023-08-22,14:52:14.000,50.7226236,-2.9378490,10,1.325
2023-08-22,14:52:19.000,50.7226724,-2.9378041,10,1.311
2023-08-22,14:52:24.000,50.7227225,-2.9377442,10,1.297
2023-08-22,14:52:29.000,50.7227646,-2.9376572,10,1.306
2023-08-22,14:52:34.000,50.7227993,-2.9375712,10,1.344
2023-08-22,14:52:39.000,50.7228340,-2.9374844,10,1.356
2023-08-22,14:52:44.000,50.7228729,-2.9374012,10,1.361
2023-08-22,14:52:49.000,50.7229069,-2.9373280,10,1.361
2023-08-22,14:52:54.000,50.7229431,-2.9372616,10,1.339
2023-08-22,14:52:59.000,50.7229810,-2.9372019,10,1.328
2023-08-22,14:53:04.000,50.7230278,-2.9371371,10,1.325
2023-08-22,14:53:09.000,50.7230652,-2.9370466,10,1.333
2023-08-22,14:53:14.000,50.7231064,-2.9369641,10,1.408
2023-08-22,14:53:19.000,50.7231486,-2.9368817,10,1.433
2023-08-22,14:53:24.000,50.7231924,-2.9367993,10,1.453
2023-08-22,14:53:29.000,50.7232292,-2.9367144,10,1.456
2023-08-22,14:53:34.000,50.7232693,-2.9366299,10,1.450
2023-08-22,14:53:39.000,50.7233065,-2.9365430,10,1.447
2023-08-22,14:53:44.000,50.7233345,-2.9364545,10,1.433
2023-08-22,14:53:49.000,50.7233679,-2.9363782,10,1.428
2023-08-22,14:53:54.000,50.7234001,-2.9362922,10,1.403
2023-08-22,14:53:59.000,50.7234381,-2.9362029,10,1.397
2023-08-22,14:54:04.000,50.7234722,-2.9361168,10,1.406
2023-08-22,14:54:09.000,50.7235029,-2.9360266,10,1.414
2023-08-22,14:54:14.000,50.7235327,-2.9359363,10,1.425
2023-08-22,14:54:19.000,50.7235649,-2.9358446,10,1.428
2023-08-22,14:54:29.000,50.7235907,-2.9357590,10,1.533
2023-08-22,14:54:34.000,50.7236098,-2.9356908,10,1.422
2023-08-22,14:54:39.000,50.7236391,-2.9356198,10,1.328
2023-08-22,14:54:44.000,50.7236768,-2.9355489,10,1.244
2023-08-22,14:54:49.000,50.7237148,-2.9354787,10,1.222
2023-08-22,14:54:54.000,50.7237485,-2.9353894,10,1.236
2023-08-22,14:54:59.000,50.7237677,-2.9353007,10,1.256
2023-08-22,14:55:04.000,50.7237971,-2.9352199,10,1.258
2023-08-22,14:55:09.000,50.7238232,-2.9351376,10,1.250
2023-08-22,14:55:14.000,50.7238488,-2.9350579,10,1.233
2023-08-22,14:55:19.000,50.7238834,-2.9349768,10,1.225
2023-08-22,14:55:24.000,50.7239090,-2.9348915,10,1.225
2023-08-22,14:55:29.000,50.7239377,-2.9348034,10,1.233
2023-08-22,14:55:34.000,50.7239676,-2.9347071,10,1.247
2023-08-22,14:55:39.000,50.7239989,-2.9346173,10,1.272
2023-08-22,14:55:44.000,50.7240293,-2.9345296,10,1.289
2023-08-22,14:55:49.000,50.7240545,-2.9344434,10,1.297
2023-08-22,14:55:54.000,50.7240776,-2.9343451,10,1.306
2023-08-22,14:55:59.000,50.7240998,-2.9342492,10,1.322
2023-08-22,14:56:04.000,50.7241138,-2.9341642,10,1.344
2023-08-22,14:56:09.000,50.7241354,-2.9340775,10,1.344
2023-08-22,14:56:14.000,50.7241593,-2.9339935,10,1.314
2023-08-22,14:56:19.000,50.7241884,-2.9338980,10,1.300
2023-08-22,14:56:24.000,50.7242159,-2.9338014,10,1.300
2023-08-22,14:56:29.000,50.7242376,-2.9337094,10,1.314
2023-08-22,14:56:34.000,50.7242584,-2.9336200,10,1.317
2023-08-22,14:56:39.000,50.7242829,-2.9335260,10,1.319
2023-08-22,14:56:44.000,50.7243033,-2.9334266,10,1.325
2023-08-22,14:56:49.000,50.7243232,-2.9333354,10,1.328
2023-08-22,14:56:54.000,50.7243407,-2.9332532,10,1.314
2023-08-22,14:56:59.000,50.7243678,-2.9332028,10,1.286
2023-08-22,14:57:04.000,50.7243960,-2.9331437,10,1.250
2023-08-22,14:57:09.000,50.7244332,-2.9330971,10,1.211
2023-08-22,14:57:14.000,50.7244749,-2.9330549,10,1.167
2023-08-22,14:57:19.000,50.7245081,-2.9329692,10,1.150
2023-08-22,14:57:24.000,50.7245233,-2.9328558,10,1.181
2023-08-22,14:57:29.000,50.7245315,-2.9327580,10,1.239
2023-08-22,14:57:34.000,50.7245521,-2.9326773,10,0.000
2023-08-22,14:57:50.000,50.7245601,-2.9326439,10,0.861
2023-08-22,14:57:55.000,50.7245975,-2.9325851,10,1.553
2023-08-22,14:58:00.000,50.7246412,-2.9324820,10,1.506
2023-08-22,14:58:05.000,50.7246833,-2.9323729,10,1.408
2023-08-22,14:58:10.000,50.7247178,-2.9322693,10,1.311
2023-08-22,14:58:15.000,50.7247255,-2.9321746,10,1.256
2023-08-22,14:58:20.000,50.7247301,-2.9320891,10,1.214
2023-08-22,14:58:25.000,50.7247445,-2.9320090,10,1.208
2023-08-22,14:58:30.000,50.7247604,-2.9319255,10,1.208
2023-08-22,14:58:35.000,50.7247722,-2.9318259,10,1.211
2023-08-22,14:58:40.000,50.7247741,-2.9317499,10,1.197
2023-08-22,14:58:45.000,50.7247372,-2.9317296,10,1.186
2023-08-22,14:58:50.000,50.7246889,-2.9317594,10,0.000
2023-08-22,14:59:39.000,50.7246676,-2.9317876,11,0.000
2023-08-22,15:00:16.000,50.7247040,-2.9318259,11,0.000
2023-08-22,15:01:29.000,50.7246973,-2.9318644,10,0.956
2023-08-22,15:01:34.000,50.7246889,-2.9319528,10,1.014
2023-08-22,15:01:39.000,50.7246623,-2.9320157,10,1.000
2023-08-22,15:01:44.000,50.7246500,-2.9320526,10,0.953
2023-08-22,15:01:49.000,50.7246393,-2.9321194,11,1.011
2023-08-22,15:01:54.000,50.7246391,-2.9322105,11,1.067
2023-08-22,15:01:59.000,50.7246424,-2.9323004,10,1.086
2023-08-22,15:02:04.000,50.7246224,-2.9323865,10,1.100
2023-08-22,15:02:09.000,50.7245811,-2.9324652,10,1.128
2023-08-22,15:02:14.000,50.7245499,-2.9325491,9,1.161
2023-08-22,15:02:19.000,50.7245259,-2.9326351,9,1.183
2023-08-22,15:02:24.000,50.7245074,-2.9327188,9,1.189
2023-08-22,15:02:29.000,50.7244948,-2.9328096,9,1.192
2023-08-22,15:02:34.000,50.7244947,-2.9328856,9,1.167
2023-08-22,15:02:39.000,50.7244978,-2.9329485,9,1.103
2023-08-22,15:02:44.000,50.7244894,-2.9330044,9,1.067
2023-08-22,15:02:49.000,50.7244691,-2.9330767,9,1.039
2023-08-22,15:02:54.000,50.7244387,-2.9331562,9,1.033
2023-08-22,15:02:59.000,50.7243905,-2.9331819,9,1.067
2023-08-22,15:03:04.000,50.7243426,-2.9332035,9,1.094
2023-08-22,15:03:09.000,50.7242954,-2.9332373,9,1.100
2023-08-22,15:03:14.000,50.7242918,-2.9332785,9,1.081
2023-08-22,15:03:19.000,50.7243061,-2.9332951,9,1.058
2023-08-22,15:03:24.000,50.7243091,-2.9333468,9,1.017
2023-08-22,15:03:29.000,50.7242989,-2.9334323,9,0.986
2023-08-22,15:03:34.000,50.7242883,-2.9335234,10,0.992
2023-08-22,15:03:39.000,50.7242698,-2.9336061,10,1.025
2023-08-22,15:03:44.000,50.7242532,-2.9336859,10,1.069
2023-08-22,15:03:49.000,50.7242439,-2.9337498,11,1.075
2023-08-22,15:03:54.000,50.7242380,-2.9337878,10,1.042
2023-08-22,15:03:59.000,50.7242274,-2.9338342,10,0.986
2023-08-22,15:04:04.000,50.7242111,-2.9338960,10,0.936
2023-08-22,15:04:09.000,50.7241932,-2.9339525,9,0.917
2023-08-22,15:04:14.000,50.7241830,-2.9340084,9,0.922
2023-08-22,15:04:19.000,50.7241745,-2.9340653,9,0.953
2023-08-22,15:04:24.000,50.7241477,-2.9341425,9,0.992
2023-08-22,15:04:29.000,50.7241312,-2.9342236,9,1.019
2023-08-22,15:04:34.000,50.7241152,-2.9343116,9,1.044
2023-08-22,15:04:39.000,50.7240911,-2.9343866,9,1.058
2023-08-22,15:04:44.000,50.7240693,-2.9344503,9,1.067
2023-08-22,15:04:49.000,50.7240565,-2.9345051,9,1.072
2023-08-22,15:04:54.000,50.7240331,-2.9345921,9,1.086
2023-08-22,15:04:59.000,50.7240076,-2.9346773,9,1.114
2023-08-22,15:05:04.000,50.7239877,-2.9347591,9,1.136
2023-08-22,15:05:09.000,50.7239638,-2.9348345,9,1.136
2023-08-22,15:05:14.000,50.7239347,-2.9349070,9,1.117
2023-08-22,15:05:19.000,50.7239044,-2.9349822,9,1.108
2023-08-22,15:10:10.000,50.7238969,-2.9350583,9,1.006
2023-08-22,15:10:15.000,50.7239194,-2.9350289,9,1.058
2023-08-22,15:10:20.000,50.7239472,-2.9349573,9,0.508
2023-08-22,15:10:32.000,50.7239592,-2.9348970,9,0.919
2023-08-22,15:10:37.000,50.7239771,-2.9348322,9,0.997
2023-08-22,15:10:42.000,50.7240065,-2.9347436,9,1.081
2023-08-22,15:10:47.000,50.7240357,-2.9346599,9,1.122
2023-08-22,15:10:52.000,50.7240622,-2.9345784,9,1.136
2023-08-22,15:10:57.000,50.7240829,-2.9344955,9,1.147
2023-08-22,15:11:02.000,50.7241038,-2.9344134,9,1.150
2023-08-22,15:11:07.000,50.7241196,-2.9343253,9,1.156
2023-08-22,15:11:12.000,50.7241393,-2.9342419,9,1.161
2023-08-22,15:11:17.000,50.7241527,-2.9341907,9,1.144
2023-08-22,15:11:22.000,50.7241725,-2.9341365,9,1.119
2023-08-22,15:11:27.000,50.7241941,-2.9340516,9,1.100
2023-08-22,15:11:32.000,50.7242117,-2.9339609,9,1.086
2023-08-22,15:12:35.000,50.7242343,-2.9339038,9,0.000
2023-08-22,15:12:40.000,50.7242606,-2.9338669,9,0.600
2023-08-22,15:12:45.000,50.7242963,-2.9338019,9,1.017
2023-08-22,15:20:25.000,50.7242929,-2.9337234,9,1.156
2023-08-22,15:20:30.000,50.7242978,-2.9336541,9,1.142
2023-08-22,15:20:35.000,50.7243302,-2.9335574,9,1.064
2023-08-22,15:20:40.000,50.7243497,-2.9334713,9,1.025
2023-08-22,15:20:45.000,50.7243675,-2.9334137,9,1.014
2023-08-22,15:20:50.000,50.7244143,-2.9334004,9,0.969
2023-08-22,15:20:55.000,50.7244619,-2.9333882,9,0.953
2023-08-22,15:21:00.000,50.7244952,-2.9333792,9,0.933
2023-08-22,15:21:05.000,50.7245080,-2.9333930,9,0.000
2023-08-22,15:21:26.000,50.7245455,-2.9334269,12,1.008
2023-08-22,15:21:31.000,50.7245835,-2.9334696,12,1.006
2023-08-22,15:21:36.000,50.7246059,-2.9335462,12,0.983
2023-08-22,15:21:41.000,50.7246129,-2.9336177,13,0.978
2023-08-22,15:21:46.000,50.7246149,-2.9336959,13,0.967
2023-08-22,15:21:51.000,50.7246236,-2.9337715,13,0.989
2023-08-22,15:21:56.000,50.7246280,-2.9338467,13,0.994
2023-08-22,15:22:01.000,50.7246339,-2.9339246,13,1.003
2023-08-22,15:22:06.000,50.7246409,-2.9340107,14,1.028
2023-08-22,15:22:11.000,50.7246541,-2.9340948,14,1.056
2023-08-22,15:22:16.000,50.7246669,-2.9341793,15,1.075
2023-08-22,15:22:21.000,50.7246790,-2.9342642,15,1.081
2023-08-22,15:22:26.000,50.7246994,-2.9343332,16,1.089
2023-08-22,15:22:31.000,50.7247225,-2.9344082,17,1.097
2023-08-22,15:22:36.000,50.7247435,-2.9344732,17,0.542
2023-08-22,15:22:46.000,50.7247537,-2.9345476,18,1.111
2023-08-22,15:22:51.000,50.7247723,-2.9346343,19,1.050
2023-08-22,15:22:56.000,50.7248004,-2.9347164,19,1.039
2023-08-22,15:23:01.000,50.7248259,-2.9347877,20,1.039
2023-08-22,15:23:06.000,50.7248479,-2.9348580,20,1.047
2023-08-22,15:23:11.000,50.7248638,-2.9349361,20,1.053
2023-08-22,15:23:16.000,50.7248874,-2.9350148,21,1.056
2023-08-22,15:23:21.000,50.7249108,-2.9350894,21,1.064
2023-08-22,15:23:26.000,50.7249262,-2.9351697,21,1.083
2023-08-22,15:23:31.000,50.7249397,-2.9352500,21,1.106
2023-08-22,15:23:36.000,50.7249575,-2.9353272,22,1.111
2023-08-22,15:23:41.000,50.7249850,-2.9353896,22,1.103
2023-08-22,15:23:46.000,50.7250085,-2.9354662,22,1.092
2023-08-22,15:23:51.000,50.7250223,-2.9355499,23,1.081
2023-08-22,15:23:56.000,50.7250390,-2.9356183,23,1.067
2023-08-22,15:24:01.000,50.7250559,-2.9356954,23,1.069
2023-08-22,15:24:06.000,50.7250637,-2.9357868,24,1.092
2023-08-22,15:24:11.000,50.7250782,-2.9358701,25,1.114
2023-08-22,15:24:16.000,50.7250812,-2.9359478,25,1.128
2023-08-22,15:24:21.000,50.7250885,-2.9360307,26,1.139
2023-08-22,15:24:26.000,50.7250993,-2.9361200,26,0.572
2023-08-22,15:24:31.000,50.7251116,-2.9362048,26,0.000
2023-08-22,15:24:50.000,50.7251171,-2.9362503,28,1.203
2023-08-22,15:24:55.000,50.7251140,-2.9363406,28,1.111
2023-08-22,15:25:00.000,50.7251098,-2.9364207,29,1.050
2023-08-22,15:25:05.000,50.7250891,-2.9364888,29,1.031
2023-08-22,15:25:10.000,50.7250803,-2.9365559,30,1.025
2023-08-22,15:25:15.000,50.7250803,-2.9366358,30,1.022
2023-08-22,15:25:20.000,50.7250626,-2.9367173,30,1.011
2023-08-22,15:25:25.000,50.7250518,-2.9368037,30,1.006
2023-08-22,15:25:30.000,50.7250459,-2.9368714,31,0.997
2023-08-22,15:25:35.000,50.7250189,-2.9369333,31,0.994
2023-08-22,15:25:40.000,50.7249953,-2.9369991,32,0.994
2023-08-22,15:25:45.000,50.7249799,-2.9370876,33,0.997
2023-08-22,15:25:50.000,50.7249621,-2.9371671,33,1.028
2023-08-22,15:25:55.000,50.7249135,-2.9372433,34,1.042
2023-08-22,15:26:00.000,50.7248738,-2.9373134,35,1.081
2023-08-22,15:26:05.000,50.7248389,-2.9373895,36,1.094
2023-08-22,15:26:10.000,50.7248173,-2.9374704,36,1.100
2023-08-22,15:26:15.000,50.7248081,-2.9375372,37,1.100
2023-08-22,15:26:20.000,50.7247895,-2.9375977,38,1.078
2023-08-22,15:26:25.000,50.7247709,-2.9376464,38,0.000
2023-08-22,15:26:43.000,50.7247612,-2.9377256,41,1.119
2023-08-22,15:26:48.000,50.7247353,-2.9377989,41,1.050
2023-08-22,15:26:53.000,50.7247147,-2.9378716,42,1.031
2023-08-22,15:26:58.000,50.7246963,-2.9379387,42,1.014
2023-08-22,15:27:03.000,50.7246756,-2.9380131,42,1.008
2023-08-22,15:27:08.000,50.7246555,-2.9380877,43,1.017
2023-08-22,15:27:13.000,50.7246281,-2.9381565,43,1.017
2023-08-22,15:27:18.000,50.7246131,-2.9382394,43,1.033
2023-08-22,15:27:23.000,50.7246015,-2.9383303,44,1.044
2023-08-22,15:27:28.000,50.7245916,-2.9384223,44,1.086
2023-08-22,15:27:33.000,50.7245860,-2.9385080,45,1.097
2023-08-22,15:27:38.000,50.7245882,-2.9385881,46,1.097
2023-08-22,15:27:43.000,50.7245573,-2.9386561,46,1.094
2023-08-22,15:27:48.000,50.7245382,-2.9387286,47,1.083
2023-08-22,15:27:53.000,50.7245267,-2.9388098,48,1.083
2023-08-22,15:27:58.000,50.7245279,-2.9388934,48,1.086
2023-08-22,15:28:03.000,50.7245185,-2.9389765,49,1.092
2023-08-22,15:28:08.000,50.7244981,-2.9390631,50,1.114
2023-08-22,15:28:13.000,50.7244787,-2.9391492,51,1.122
2023-08-22,15:28:18.000,50.7244675,-2.9392332,51,1.128
2023-08-22,15:28:23.000,50.7244478,-2.9393089,52,1.128
2023-08-22,15:28:28.000,50.7244381,-2.9393914,53,1.122
2023-08-22,15:28:33.000,50.7244337,-2.9394730,53,1.122
2023-08-22,15:28:38.000,50.7244193,-2.9395521,54,1.117
2023-08-22,15:28:43.000,50.7244066,-2.9396375,55,1.117
2023-08-22,15:28:48.000,50.7243962,-2.9397225,56,1.131
2023-08-22,15:28:53.000,50.7243884,-2.9398090,56,1.139
2023-08-22,15:28:58.000,50.7243834,-2.9398927,57,1.150
2023-08-22,15:29:03.000,50.7243800,-2.9399768,58,1.153
2023-08-22,15:29:08.000,50.7243703,-2.9400562,58,1.153
2023-08-22,15:29:13.000,50.7243446,-2.9401276,59,1.156
2023-08-22,15:29:18.000,50.7243437,-2.9402117,60,1.158
2023-08-22,15:29:23.000,50.7243599,-2.9402879,60,1.153
2023-08-22,15:29:28.000,50.7243680,-2.9403789,60,1.153
2023-08-22,15:29:33.000,50.7243812,-2.9404674,62,1.161
2023-08-22,15:29:38.000,50.7243867,-2.9405503,63,1.169
2023-08-22,15:29:43.000,50.7243911,-2.9406243,63,1.158
2023-08-22,15:29:48.000,50.7243633,-2.9406901,64,1.142
2023-08-22,15:29:53.000,50.7243159,-2.9407234,64,1.150
2023-08-22,15:29:58.000,50.7242682,-2.9407730,65,1.208
2023-08-22,15:30:03.000,50.7242188,-2.9408353,66,1.283
2023-08-22,15:30:08.000,50.7241712,-2.9409114,66,1.342
2023-08-22,15:30:13.000,50.7241360,-2.9409943,67,1.381
2023-08-22,15:30:18.000,50.7240927,-2.9410514,67,1.403
2023-08-22,15:30:23.000,50.7240418,-2.9410853,67,1.406
2023-08-22,15:30:28.000,50.7239887,-2.9411276,67,1.403
2023-08-22,15:30:33.000,50.7239359,-2.9411657,67,1.386
2023-08-22,15:30:38.000,50.7238767,-2.9412009,67,1.369
2023-08-22,15:30:43.000,50.7238202,-2.9412460,67,1.358
2023-08-22,15:30:48.000,50.7237814,-2.9413319,67,1.356
2023-08-22,15:30:53.000,50.7237775,-2.9414345,67,0.000
